time,futOpen,futHigh,futLow,futClose,futVolume,spotOpen,spotHigh,spotLow,spotClose,spotVolume,hiFP,loFP,fp
2024.07.07 23:00,0.67565,0.6761,0.67555,0.67585,2631,0.6745,0.675037,0.674418,0.674677,0,0.001682,0.000513,0.001173
2024.07.08 00:00,0.67585,0.67605,0.67525,0.67525,3791,0.67465,0.674992,0.674077,0.674309,0,0.001973,0.000258,0.000941
2024.07.08 01:00,0.67525,0.6763,0.6751,0.6762,3415,0.674027,0.675219,0.6739,0.675028,0,0.0024,-0.000119,0.001172
2024.07.08 02:00,0.6762,0.6764,0.67585,0.6762,2796,0.67501,0.675356,0.674709,0.675001,0,0.001691,0.000494,0.001199
2024.07.08 03:00,0.67615,0.67735,0.67595,0.67675,4132,0.675001,0.67627,0.6748,0.675589,0,0.00255,-0.00032,0.001161
2024.07.08 04:00,0.6767,0.67675,0.67635,0.67655,1404,0.675539,0.675676,0.675219,0.675347,0,0.001531,0.000674,0.001203
2024.07.08 05:00,0.6765,0.6765,0.67555,0.6756,2250,0.67532,0.675493,0.674409,0.674477,0,0.002091,5.7e-05,0.001123
2024.07.08 06:00,0.6756,0.67595,0.67525,0.6753,3780,0.674536,0.674855,0.6741,0.67415,0,0.00185,0.000395,0.00115
2024.07.08 07:00,0.6753,0.6759,0.67515,0.67565,3077,0.674159,0.674855,0.674018,0.67455,0,0.001882,0.000295,0.0011
2024.07.08 08:00,0.6757,0.6757,0.6748,0.67485,2558,0.67455,0.674809,0.673691,0.673709,0,0.002009,-9e-06,0.001141
2024.07.08 09:00,0.67485,0.67535,0.6747,0.67535,1751,0.673659,0.6744,0.673568,0.674218,0,0.001782,0.0003,0.001132
2024.07.08 10:00,0.67535,0.67555,0.67485,0.6749,1354,0.674218,0.674491,0.673641,0.67375,0,0.001909,0.000359,0.00115
2024.07.08 11:00,0.6749,0.67545,0.6749,0.6752,1826,0.67375,0.674445,0.673718,0.674068,0,0.001732,0.000455,0.001132
2024.07.08 12:00,0.67525,0.67625,0.67525,0.6761,6013,0.674159,0.675174,0.674041,0.67496,0,0.002209,7.6e-05,0.00114
2024.07.08 13:00,0.67615,0.67635,0.6755,0.67595,9438,0.67491,0.675265,0.674418,0.674768,0,0.001932,0.000235,0.001182
2024.07.08 14:00,0.6759,0.6762,0.6756,0.6759,5994,0.674819,0.675037,0.6745,0.67475,0,0.0017,0.000563,0.00115
2024.07.08 15:00,0.67595,0.676,0.67495,0.675,4068,0.674727,0.674855,0.673777,0.673809,0,0.002223,9.5e-05,0.001191
2024.07.08 16:00,0.67495,0.6755,0.67485,0.67535,3499,0.673859,0.674491,0.673718,0.6742,0,0.001782,0.000359,0.00115
2024.07.08 17:00,0.67535,0.67565,0.67505,0.67545,2782,0.674191,0.674627,0.673891,0.674268,0,0.001759,0.000423,0.001182
2024.07.08 18:00,0.67545,0.67545,0.67465,0.675,4713,0.674318,0.6744,0.673509,0.673736,0,0.001941,0.00025,0.001264
2024.07.08 19:00,0.675,0.67505,0.67445,0.67475,3414,0.673809,0.673991,0.673269,0.673627,0,0.001781,0.000459,0.001123
2024.07.08 20:00,0.6748,0.675,0.67475,0.6749,924,0.673568,0.673991,0.673568,0.673991,0,0.001432,0.000759,0.000909
2024.07.08 22:00,0.67505,0.67505,0.67475,0.6749,0,0.673927,0.673991,0.673718,0.673818,0,0.001332,0.000759,0.001082
2024.07.08 23:00,0.6749,0.6755,0.6749,0.67545,1244,0.673782,0.674536,0.673782,0.6743,0,0.001718,0.000364,0.00115
2024.07.09 00:00,0.6755,0.676,0.67475,0.67495,3427,0.67445,0.674992,0.673727,0.673809,0,0.002273,-0.000242,0.001141
2024.07.09 01:00,0.67495,0.67565,0.6747,0.6749,2921,0.673818,0.674582,0.673568,0.673777,0,0.002082,0.000118,0.001123
2024.07.09 02:00,0.67485,0.67495,0.674,0.6746,2734,0.673709,0.6739,0.672929,0.673441,0,0.002021,0.0001,0.001159
2024.07.09 03:00,0.67465,0.67515,0.6746,0.67485,0,0.673478,0.674127,0.673469,0.673659,0,0.001681,0.000473,0.001191
2024.07.09 04:00,0.67485,0.67555,0.67485,0.6754,1470,0.67365,0.674491,0.67365,0.67425,0,0.0019,0.000359,0.00115
2024.07.09 05:00,0.6754,0.67585,0.67535,0.6755,2003,0.674291,0.674764,0.674159,0.6743,0,0.001691,0.000586,0.0012
2024.07.09 06:00,0.67545,0.6758,0.67505,0.6757,3628,0.67435,0.674718,0.673909,0.674541,0,0.001891,0.000332,0.001159
2024.07.09 07:00,0.6757,0.67595,0.67535,0.6754,2669,0.674618,0.674855,0.674186,0.674277,0,0.001764,0.000495,0.001123
2024.07.09 08:00,0.6754,0.67555,0.67475,0.67485,2962,0.674277,0.674536,0.673609,0.673659,0,0.001941,0.000214,0.001191
2024.07.09 09:00,0.6748,0.6752,0.6747,0.6751,1808,0.673609,0.674172,0.673568,0.673959,0,0.001631,0.000528,0.001141
2024.07.09 10:00,0.6751,0.6756,0.6748,0.67535,1675,0.673936,0.674582,0.673659,0.67415,0,0.001941,0.000218,0.0012
2024.07.09 11:00,0.6753,0.6753,0.67435,0.6745,2370,0.674068,0.674172,0.673179,0.673369,0,0.002121,0.000178,0.001131
2024.07.09 12:00,0.6745,0.6746,0.67415,0.67445,3514,0.67336,0.673537,0.672988,0.673296,0,0.001612,0.000613,0.001154
2024.07.09 13:00,0.67445,0.67545,0.6744,0.67535,4802,0.67331,0.6744,0.673251,0.674077,0,0.002199,0.0,0.001273
2024.07.09 14:00,0.67535,0.6758,0.67385,0.6745,8884,0.674291,0.674441,0.672871,0.673296,0,0.00293,-0.000591,0.001204
2024.07.09 15:00,0.6745,0.67485,0.6736,0.6748,6660,0.673278,0.673809,0.672499,0.673677,0,0.002351,-0.000209,0.001123
2024.07.09 16:00,0.6748,0.67505,0.67465,0.675,3461,0.673668,0.673991,0.673451,0.673782,0,0.001599,0.000659,0.001218
2024.07.09 17:00,0.67505,0.6756,0.67495,0.67525,6105,0.673859,0.674582,0.673759,0.674068,0,0.001841,0.000368,0.001182
2024.07.09 18:00,0.67525,0.6754,0.67495,0.67525,4239,0.674027,0.674309,0.673809,0.674068,0,0.001591,0.000641,0.001182
2024.07.09 19:00,0.67525,0.67545,0.67505,0.67535,2892,0.674091,0.674354,0.6739,0.674177,0,0.00155,0.000696,0.001173
2024.07.09 20:00,0.67535,0.6755,0.67525,0.67525,1433,0.674191,0.674491,0.6741,0.674227,0,0.0014,0.000759,0.001023
2024.07.09 22:00,0.67545,0.67555,0.67525,0.67545,0,0.674427,0.674491,0.674159,0.674309,0,0.001391,0.000759,0.001141
2024.07.09 23:00,0.6755,0.67555,0.67535,0.67535,681,0.674309,0.674536,0.674168,0.674232,0,0.001382,0.000814,0.001118
2024.07.10 00:00,0.67535,0.6757,0.6747,0.67475,2870,0.674327,0.674673,0.673537,0.67355,0,0.002163,2.7e-05,0.0012
2024.07.10 01:00,0.67475,0.67525,0.67455,0.67515,2580,0.673759,0.674218,0.673451,0.67405,0,0.001799,0.000332,0.0011
2024.07.10 02:00,0.67515,0.6754,0.6744,0.67535,7582,0.673759,0.674354,0.673319,0.674141,0,0.002081,4.6e-05,0.001209
2024.07.10 03:00,0.67535,0.6757,0.675,0.67565,1893,0.67415,0.674673,0.673868,0.674541,0,0.001832,0.000327,0.001109
2024.07.10 04:00,0.6757,0.6759,0.67535,0.67575,1802,0.674568,0.674809,0.6742,0.674591,0,0.0017,0.000541,0.001159
2024.07.10 05:00,0.67575,0.6759,0.6753,0.6755,2353,0.674718,0.6749,0.674177,0.674359,0,0.001723,0.0004,0.001141
2024.07.10 06:00,0.6755,0.6761,0.67535,0.67595,2737,0.674359,0.675037,0.674177,0.6748,0,0.001923,0.000313,0.00115
2024.07.10 07:00,0.676,0.6763,0.67495,0.67515,3605,0.674859,0.675219,0.673809,0.674009,0,0.002491,-0.000269,0.001141
2024.07.10 08:00,0.67515,0.6753,0.6746,0.67525,3591,0.673909,0.674263,0.67346,0.67405,0,0.00184,0.000337,0.0012
2024.07.10 09:00,0.6752,0.67545,0.6751,0.6752,1425,0.674018,0.6744,0.673918,0.674009,0,0.001532,0.0007,0.001191
2024.07.10 10:00,0.6752,0.67535,0.67475,0.67525,1526,0.674041,0.674309,0.673618,0.674059,0,0.001732,0.000441,0.001191
2024.07.10 11:00,0.6752,0.67555,0.67505,0.6754,1988,0.674109,0.674536,0.673877,0.674445,0,0.001673,0.000514,0.000955
2024.07.10 12:00,0.67535,0.67585,0.6752,0.6757,2734,0.674159,0.674809,0.67405,0.6746,0,0.0018,0.000391,0.0011
2024.07.10 13:00,0.6757,0.67595,0.67535,0.67555,4351,0.674577,0.6749,0.674259,0.6744,0,0.001691,0.00045,0.00115
2024.07.10 14:00,0.67555,0.6764,0.6754,0.67545,7415,0.674386,0.675265,0.674291,0.674332,0,0.002109,0.000135,0.001118
2024.07.10 15:00,0.67545,0.67615,0.6754,0.6758,4223,0.674268,0.675083,0.674268,0.67465,0,0.001882,0.000317,0.00115
2024.07.10 16:00,0.67585,0.6761,0.6758,0.6759,2025,0.67465,0.675128,0.6746,0.674718,0,0.0015,0.000672,0.001182
2024.07.10 17:00,0.6759,0.6761,0.6753,0.6755,2578,0.67475,0.675037,0.674168,0.674327,0,0.001932,0.000263,0.001173
2024.07.10 18:00,0.6755,0.67575,0.67505,0.6757,5695,0.674309,0.674673,0.673927,0.6745,0,0.001823,0.000377,0.0012
2024.07.10 19:00,0.6757,0.67605,0.6754,0.67595,3907,0.674441,0.674946,0.674241,0.674837,0,0.001809,0.000454,0.001113
2024.07.10 20:00,0.676,0.67605,0.67585,0.676,2045,0.674759,0.674992,0.674727,0.674878,0,0.001323,0.000858,0.001122
2024.07.10 22:00,0.676,0.67635,0.6759,0.6761,0,0.674969,0.675311,0.67496,0.67511,0,0.00139,0.000589,0.00099
2024.07.10 23:00,0.67615,0.67645,0.6761,0.67635,1063,0.675028,0.675447,0.675028,0.675197,0,0.001422,0.000653,0.001153
2024.07.11 00:00,0.67635,0.67665,0.6759,0.6763,3882,0.675311,0.675721,0.6749,0.67516,0,0.00175,0.000179,0.00114
2024.07.11 01:00,0.67625,0.677,0.6761,0.67695,2209,0.675219,0.676041,0.675037,0.67584,0,0.001963,5.9e-05,0.00111
2024.07.11 02:00,0.67695,0.67755,0.6769,0.677,2871,0.675808,0.676544,0.675808,0.675918,0,0.001742,0.000356,0.001082
2024.07.11 03:00,0.677,0.67745,0.67685,0.6773,1943,0.67589,0.676407,0.675749,0.676187,0,0.001701,0.000443,0.001113
2024.07.11 04:00,0.6773,0.67735,0.6769,0.67695,1590,0.676178,0.676407,0.675799,0.675817,0,0.001551,0.000493,0.001133
2024.07.11 05:00,0.6769,0.6772,0.67675,0.6772,1761,0.675831,0.67627,0.675689,0.676224,0,0.001511,0.00048,0.000976
2024.07.11 06:00,0.6772,0.67745,0.6766,0.67675,5972,0.676101,0.676498,0.67553,0.675667,0,0.00192,0.000102,0.001083
2024.07.11 07:00,0.67675,0.67695,0.6764,0.67685,3256,0.675667,0.676041,0.67537,0.67579,0,0.00158,0.000359,0.00106
2024.07.11 08:00,0.67685,0.67715,0.6766,0.6771,2428,0.675808,0.676224,0.675557,0.67605,0,0.001593,0.000376,0.00105
2024.07.11 09:00,0.6771,0.6773,0.67665,0.677,2483,0.676037,0.676315,0.675598,0.675909,0,0.001702,0.000335,0.001091
2024.07.11 10:00,0.677,0.677,0.67645,0.6766,1284,0.675927,0.676041,0.675379,0.675507,0,0.001621,0.000409,0.001093
2024.07.11 11:00,0.6766,0.6767,0.6762,0.67665,2459,0.675571,0.675813,0.67516,0.675607,0,0.00154,0.000387,0.001043
2024.07.11 12:00,0.67665,0.68105,0.6762,0.6802,35689,0.675639,0.679888,0.675178,0.67908,0,0.005872,-0.003688,0.00112
2024.07.11 13:00,0.6802,0.681,0.67755,0.67945,25103,0.679191,0.679995,0.67654,0.678408,0,0.00446,-0.002445,0.001042
2024.07.11 14:00,0.6795,0.68015,0.67785,0.67945,20598,0.678398,0.679163,0.676837,0.678339,0,0.003313,-0.001313,0.001111
2024.07.11 15:00,0.67945,0.67955,0.678,0.67855,12758,0.678389,0.678518,0.676998,0.677461,0,0.002552,-0.000518,0.001089
2024.07.11 16:00,0.6785,0.6785,0.6773,0.6776,4094,0.677351,0.677553,0.676311,0.676508,0,0.002189,-0.000253,0.001092
2024.07.11 17:00,0.6776,0.6778,0.67665,0.67695,6118,0.67653,0.676865,0.675621,0.675858,0,0.002179,-0.000215,0.001092
2024.07.11 18:00,0.6769,0.67755,0.6767,0.6773,5883,0.675749,0.676636,0.675648,0.676251,0,0.001902,6.4e-05,0.001049
2024.07.11 19:00,0.67735,0.67735,0.6766,0.67665,5392,0.676229,0.676407,0.675571,0.675699,0,0.001779,0.000193,0.000951
2024.07.11 20:00,0.6766,0.67715,0.6766,0.67705,2415,0.675571,0.676224,0.67552,0.676059,0,0.00163,0.000376,0.000991
2024.07.11 22:00,0.67705,0.6773,0.6767,0.6771,0,0.67621,0.676361,0.67579,0.676027,0,0.00151,0.000339,0.001073
2024.07.11 23:00,0.67705,0.6784,0.677,0.6781,5730,0.676009,0.677461,0.675991,0.677057,0,0.002409,-0.000461,0.001043
2024.07.12 00:00,0.6781,0.6783,0.6769,0.67705,5506,0.676929,0.677231,0.675881,0.675918,0,0.002419,-0.000331,0.001132
2024.07.12 01:00,0.67705,0.6773,0.67655,0.6768,3422,0.675986,0.676361,0.67552,0.675904,0,0.001779,0.000189,0.000896
2024.07.12 02:00,0.6769,0.67765,0.67655,0.6775,4178,0.675858,0.676727,0.675489,0.676407,0,0.002161,-0.000177,0.001093
2024.07.12 03:00,0.6775,0.6779,0.6774,0.67785,1629,0.676421,0.676911,0.67638,0.676778,0,0.001521,0.000489,0.001072
2024.07.12 04:00,0.6778,0.67835,0.6778,0.67805,2374,0.676778,0.677323,0.67675,0.676938,0,0.0016,0.000477,0.001112
2024.07.12 05:00,0.6781,0.67845,0.6776,0.67835,2848,0.676998,0.677415,0.676567,0.67725,0,0.001883,0.000185,0.0011
2024.07.12 06:00,0.6783,0.67835,0.6771,0.67735,3128,0.677218,0.677369,0.676087,0.67627,0,0.002263,-0.000269,0.00108
2024.07.12 07:00,0.67735,0.6782,0.6771,0.6781,2731,0.67632,0.677277,0.676041,0.67708,0,0.002159,-0.000177,0.00102
2024.07.12 08:00,0.67815,0.6789,0.6781,0.67885,3907,0.677071,0.677966,0.677071,0.677727,0,0.001829,0.000134,0.001123
2024.07.12 09:00,0.67885,0.67895,0.67835,0.6786,2583,0.67775,0.678058,0.677277,0.67753,0,0.001673,0.000292,0.00107
2024.07.12 10:00,0.6786,0.6786,0.6781,0.6784,1589,0.677548,0.677736,0.677048,0.677369,0,0.001552,0.000364,0.001031
2024.07.12 11:00,0.67845,0.67875,0.67825,0.67835,1384,0.677401,0.677828,0.67719,0.677277,0,0.00156,0.000422,0.001073
2024.07.12 12:00,0.67835,0.67915,0.67715,0.6786,16612,0.67725,0.678058,0.676549,0.67753,0,0.002601,-0.000908,0.00107
2024.07.12 13:00,0.67865,0.67955,0.67835,0.6789,12021,0.677681,0.678564,0.67736,0.677778,0,0.00219,-0.000214,0.001122
2024.07.12 14:00,0.679,0.68025,0.6788,0.68015,11006,0.678168,0.679256,0.67775,0.679048,0,0.0025,-0.000456,0.001102
2024.07.12 15:00,0.6801,0.68055,0.67975,0.67985,6620,0.678928,0.679532,0.678739,0.678739,0,0.001811,0.000218,0.001111
2024.07.12 16:00,0.67985,0.68025,0.67975,0.68,3431,0.67891,0.679209,0.678739,0.67891,0,0.001511,0.000541,0.00109
2024.07.12 17:00,0.68,0.6801,0.67945,0.67985,2590,0.678919,0.679163,0.678389,0.67879,0,0.001711,0.000287,0.00106
2024.07.12 18:00,0.67985,0.68,0.6796,0.67995,2681,0.678688,0.679071,0.67855,0.6789,0,0.00145,0.000529,0.00105
2024.07.12 19:00,0.67995,0.68015,0.67955,0.67965,3983,0.678877,0.679209,0.678527,0.678578,0,0.001623,0.000341,0.001072
2024.07.12 20:00,0.6797,0.6797,0.6794,0.67955,1514,0.678592,0.678795,0.678398,0.678656,0,0.001302,0.000606,0.000894
2024.07.14 23:00,0.6778,0.6783,0.6778,0.67815,3370,0.676956,0.677369,0.67686,0.677277,0,0.00144,0.000431,0.000873
2024.07.15 00:00,0.6782,0.67825,0.6775,0.6779,4030,0.67714,0.677231,0.676521,0.677002,0,0.001729,0.000269,0.000898
2024.07.15 01:00,0.67785,0.6783,0.67735,0.67815,3772,0.676828,0.677369,0.676329,0.677108,0,0.001971,-1.9e-05,0.001042
2024.07.15 02:00,0.6782,0.67885,0.67785,0.67845,3190,0.677323,0.677966,0.676787,0.677438,0,0.002063,-0.000116,0.001012
2024.07.15 03:00,0.67845,0.67895,0.67845,0.67875,1385,0.677553,0.678058,0.677461,0.677874,0,0.001489,0.000392,0.000876
2024.07.15 04:00,0.67875,0.6788,0.6785,0.67865,1188,0.677672,0.677874,0.677438,0.677736,0,0.001362,0.000626,0.000914
2024.07.15 05:00,0.6786,0.6788,0.67845,0.6786,1162,0.677557,0.677874,0.67741,0.677539,0,0.00139,0.000576,0.001061
2024.07.15 06:00,0.67865,0.67865,0.67775,0.67825,4081,0.677736,0.677736,0.676727,0.677167,0,0.001923,1.4e-05,0.001083
2024.07.15 07:00,0.67825,0.679,0.67815,0.679,2977,0.677369,0.67815,0.67714,0.678104,0,0.00186,0.0,0.000896
2024.07.15 08:00,0.679,0.67995,0.679,0.67965,3908,0.67798,0.679071,0.67798,0.678748,0,0.00197,-7.1e-05,0.000902
2024.07.15 09:00,0.67965,0.67995,0.67905,0.67915,2139,0.678578,0.679025,0.678007,0.678242,0,0.001943,2.5e-05,0.000908
2024.07.15 10:00,0.6791,0.6793,0.67875,0.67915,2077,0.678017,0.67838,0.677736,0.678118,0,0.001564,0.00037,0.001032
2024.07.15 11:00,0.67915,0.67945,0.67865,0.6789,2102,0.678288,0.678518,0.67764,0.677837,0,0.00181,0.000132,0.001063
2024.07.15 12:00,0.6789,0.6791,0.67815,0.67865,3935,0.677828,0.678196,0.67714,0.677782,0,0.00196,-4.6e-05,0.000868
2024.07.15 13:00,0.67865,0.67935,0.67845,0.67885,5444,0.677608,0.67838,0.67747,0.677966,0,0.00188,7e-05,0.000884
2024.07.15 14:00,0.67885,0.679,0.67825,0.6787,6665,0.677828,0.678012,0.677231,0.677677,0,0.001769,0.000238,0.001023
2024.07.15 15:00,0.6787,0.67935,0.6785,0.67885,5961,0.677828,0.67838,0.67742,0.67792,0,0.00193,0.00012,0.00093
2024.07.15 16:00,0.6788,0.6793,0.6779,0.6782,9509,0.67769,0.67827,0.676888,0.677323,0,0.002412,-0.00037,0.000877
2024.07.15 17:00,0.6782,0.6782,0.6764,0.6769,7821,0.677099,0.677099,0.675338,0.675995,0,0.002862,-0.000699,0.000905
2024.07.15 18:00,0.6769,0.6776,0.67675,0.6776,3609,0.675867,0.676682,0.675717,0.676521,0,0.001883,6.8e-05,0.001079
2024.07.15 19:00,0.6776,0.6776,0.67695,0.6772,4225,0.676682,0.676682,0.675941,0.67605,0,0.001659,0.000268,0.00115
2024.07.15 20:00,0.6772,0.67725,0.67705,0.6771,1334,0.676315,0.676361,0.676009,0.676178,0,0.001241,0.000689,0.000922
2024.07.15 22:00,0.67715,0.67725,0.677,0.67715,0,0.67637,0.67637,0.676018,0.676101,0,0.001232,0.00063,0.001049
2024.07.15 23:00,0.67715,0.6775,0.67705,0.67735,1680,0.676224,0.676636,0.676068,0.676329,0,0.001432,0.000414,0.001021
2024.07.16 00:00,0.67735,0.6774,0.6762,0.6762,4992,0.676453,0.676453,0.675128,0.675311,0,0.002272,-0.000253,0.000889
2024.07.16 01:00,0.6762,0.67635,0.6756,0.67605,4712,0.675238,0.675402,0.674577,0.675219,0,0.001773,0.000198,0.000831
2024.07.16 02:00,0.67605,0.67615,0.67525,0.67555,2223,0.675078,0.675265,0.674277,0.674673,0,0.001873,-1.5e-05,0.000877
2024.07.16 03:00,0.67555,0.6762,0.6754,0.6759,0,0.674518,0.675265,0.674391,0.67485,0,0.001809,0.000135,0.00105
2024.07.16 04:00,0.6759,0.6761,0.67525,0.6753,1733,0.675037,0.675265,0.674209,0.674259,0,0.001891,-1.5e-05,0.001041
2024.07.16 05:00,0.6753,0.6753,0.6748,0.6751,3548,0.6744,0.6744,0.673786,0.674218,0,0.001514,0.0004,0.000882
2024.07.16 06:00,0.67505,0.67545,0.6745,0.67525,3452,0.673809,0.674441,0.673519,0.674354,0,0.001931,5.9e-05,0.000896
2024.07.16 07:00,0.6753,0.67575,0.6752,0.6755,3238,0.674168,0.674809,0.674168,0.67445,0,0.001582,0.000391,0.00105
2024.07.16 08:00,0.67545,0.67545,0.6744,0.67495,3401,0.674627,0.674627,0.673369,0.673936,0,0.002081,-0.000227,0.001014
2024.07.16 09:00,0.675,0.67585,0.67485,0.6758,2906,0.674082,0.6749,0.6738,0.6749,0,0.00205,-5e-05,0.0009
2024.07.16 10:00,0.67585,0.6759,0.67525,0.67535,2200,0.674727,0.674992,0.674241,0.674445,0,0.001659,0.000258,0.000905
2024.07.16 11:00,0.6754,0.6756,0.67495,0.6755,2138,0.674327,0.674627,0.673909,0.674427,0,0.001691,0.000323,0.001073
2024.07.16 12:00,0.67545,0.67565,0.6727,0.67345,23678,0.674582,0.674718,0.671939,0.672418,0,0.003711,-0.002018,0.001032
2024.07.16 13:00,0.6735,0.67365,0.6726,0.6735,8837,0.672585,0.672585,0.671587,0.672585,0,0.002063,1.5e-05,0.000915
2024.07.16 14:00,0.6735,0.6738,0.6729,0.6734,8539,0.67245,0.672748,0.671917,0.67254,0,0.001883,0.000152,0.00086
2024.07.16 15:00,0.67345,0.67375,0.67315,0.6736,5445,0.672391,0.672857,0.672111,0.672518,0,0.001639,0.000293,0.001082
2024.07.16 16:00,0.6736,0.6737,0.67335,0.67365,2744,0.672676,0.672766,0.672301,0.672617,0,0.001399,0.000584,0.001033
2024.07.16 17:00,0.67375,0.67425,0.67365,0.6742,3238,0.672812,0.673355,0.672481,0.67331,0,0.001769,0.000295,0.00089
2024.07.16 18:00,0.67425,0.6746,0.67405,0.6744,3368,0.67316,0.673673,0.672997,0.673537,0,0.001603,0.000377,0.000863
2024.07.16 19:00,0.6744,0.6748,0.6743,0.67465,4473,0.673378,0.673854,0.673251,0.673764,0,0.001549,0.000446,0.000886
2024.07.16 20:00,0.6747,0.67475,0.67445,0.67455,1234,0.673559,0.673854,0.67341,0.673478,0,0.00134,0.000596,0.001072
2024.07.16 22:00,0.6744,0.67465,0.67405,0.67465,0,0.673491,0.673764,0.673219,0.673609,0,0.001431,0.000286,0.001041
2024.07.16 23:00,0.67465,0.67465,0.67395,0.67425,4332,0.673559,0.673559,0.672938,0.673401,0,0.001712,0.000391,0.000849
2024.07.17 00:00,0.6743,0.6744,0.6736,0.67425,3055,0.673342,0.673446,0.672631,0.673169,0,0.001769,0.000154,0.001081
2024.07.17 01:00,0.6743,0.67505,0.6739,0.675,2987,0.673355,0.674172,0.672938,0.674009,0,0.002112,-0.000272,0.000991
2024.07.17 02:00,0.67505,0.67525,0.67465,0.67495,2598,0.674172,0.674309,0.6736,0.674082,0,0.00165,0.000341,0.000868
2024.07.17 03:00,0.675,0.67515,0.67465,0.67485,1944,0.67395,0.674263,0.67365,0.673991,0,0.0015,0.000387,0.000859
2024.07.17 04:00,0.6749,0.67515,0.6746,0.6748,1146,0.673859,0.674263,0.673627,0.673777,0,0.001523,0.000337,0.001023
2024.07.17 05:00,0.6748,0.67505,0.67455,0.67465,2613,0.673945,0.674082,0.673559,0.673609,0,0.001491,0.000468,0.001041
2024.07.17 06:00,0.6746,0.6749,0.674,0.67445,5474,0.673591,0.6739,0.672997,0.673582,0,0.001903,0.0001,0.000868
2024.07.17 07:00,0.6745,0.67525,0.67415,0.67455,5339,0.673437,0.674218,0.673111,0.673718,0,0.002139,-6.8e-05,0.000832
2024.07.17 08:00,0.6746,0.6765,0.67455,0.67635,8599,0.673546,0.675493,0.673541,0.675493,0,0.002959,-0.000943,0.000857
2024.07.17 09:00,0.67635,0.67655,0.6757,0.6764,5298,0.675347,0.675584,0.6747,0.67542,0,0.00185,0.000116,0.00098
2024.07.17 10:00,0.6764,0.67655,0.6752,0.6753,3288,0.675539,0.675584,0.674227,0.6744,0,0.002323,-0.000384,0.0009
2024.07.17 11:00,0.6753,0.6757,0.675,0.67515,3705,0.674241,0.674764,0.67395,0.674309,0,0.00175,0.000236,0.000841
2024.07.17 12:00,0.67515,0.67545,0.67485,0.67495,5918,0.674091,0.674582,0.673859,0.674127,0,0.001591,0.000268,0.000823
2024.07.17 13:00,0.67495,0.67545,0.67435,0.6751,7690,0.6739,0.674536,0.673428,0.674082,0,0.002022,-0.000186,0.001018
2024.07.17 14:00,0.6751,0.6751,0.67365,0.67405,10337,0.674218,0.674218,0.672739,0.673038,0,0.002361,-0.000568,0.001012
2024.07.17 15:00,0.67405,0.6743,0.6735,0.6738,5135,0.673129,0.673355,0.672531,0.672948,0,0.001769,0.000145,0.000852
2024.07.17 16:00,0.6738,0.67395,0.67315,0.6737,2781,0.672757,0.673038,0.672219,0.672812,0,0.001731,0.000112,0.000888
2024.07.17 17:00,0.67365,0.674,0.6733,0.6734,2593,0.672567,0.673129,0.67226,0.672301,0,0.00174,0.000171,0.001099
2024.07.17 18:00,0.6733,0.67415,0.6732,0.6737,2624,0.672495,0.673219,0.672219,0.67264,0,0.001931,-1.9e-05,0.00106
2024.07.17 19:00,0.6737,0.67405,0.6735,0.67375,3404,0.672812,0.673174,0.672468,0.672857,0,0.001582,0.000326,0.000893
2024.07.17 20:00,0.67375,0.6741,0.6736,0.6741,1523,0.672721,0.673219,0.672576,0.673174,0,0.001524,0.000381,0.000926
2024.07.17 22:00,0.67395,0.6741,0.6737,0.67395,0,0.673129,0.673219,0.672948,0.673006,0,0.001152,0.000481,0.000944
2024.07.17 23:00,0.67395,0.6742,0.6737,0.6741,1696,0.673174,0.67331,0.67278,0.673129,0,0.00142,0.00039,0.000971
2024.07.18 00:00,0.67415,0.67415,0.67325,0.67325,2384,0.673138,0.673265,0.67226,0.67245,0,0.00189,-1.5e-05,0.0008
2024.07.18 01:00,0.67325,0.6747,0.67255,0.6744,7994,0.672269,0.6739,0.671686,0.673582,0,0.003014,-0.00135,0.000818
2024.07.18 02:00,0.67435,0.67495,0.6739,0.67495,4093,0.67341,0.674082,0.672988,0.674027,0,0.001962,-0.000182,0.000923
2024.07.18 03:00,0.67495,0.6751,0.67435,0.67485,2106,0.674127,0.674127,0.673419,0.673818,0,0.001681,0.000223,0.001032
2024.07.18 04:00,0.67465,0.6749,0.67455,0.67475,1327,0.6739,0.674082,0.673637,0.673945,0,0.001263,0.000468,0.000805
2024.07.18 05:00,0.67475,0.6752,0.67455,0.67485,2980,0.673809,0.674354,0.673641,0.674036,0,0.001559,0.000196,0.000814
2024.07.18 06:00,0.6748,0.67515,0.6745,0.67495,2982,0.673786,0.674309,0.673627,0.674091,0,0.001523,0.000191,0.000859
2024.07.18 07:00,0.67495,0.67535,0.6743,0.6748,3096,0.674172,0.674491,0.673419,0.673818,0,0.001931,-0.000191,0.000982
2024.07.18 08:00,0.67485,0.67515,0.67445,0.67465,2592,0.674036,0.674354,0.673487,0.673854,0,0.001663,9.6e-05,0.000796
2024.07.18 09:00,0.67465,0.67475,0.67435,0.67445,2165,0.673741,0.673991,0.67341,0.673627,0,0.00134,0.000359,0.000823
2024.07.18 10:00,0.6744,0.6749,0.6743,0.6748,1832,0.673378,0.674127,0.673378,0.673841,0,0.001522,0.000173,0.000959
2024.07.18 11:00,0.6748,0.6748,0.674,0.6741,2650,0.673991,0.673991,0.673079,0.673151,0,0.001721,9e-06,0.000949
2024.07.18 12:00,0.6741,0.6752,0.67405,0.67445,6987,0.67331,0.674082,0.67307,0.673673,0,0.00213,-3.2e-05,0.000777
2024.07.18 13:00,0.6745,0.6748,0.67405,0.6743,6264,0.673541,0.673945,0.673111,0.673537,0,0.001689,0.000105,0.000763
2024.07.18 14:00,0.6743,0.6751,0.6739,0.6744,11316,0.673378,0.674127,0.672948,0.673441,0,0.002153,-0.000227,0.000959
2024.07.18 15:00,0.67445,0.67455,0.6734,0.6735,6756,0.673627,0.673718,0.67249,0.672567,0,0.00206,-0.000318,0.000933
2024.07.18 16:00,0.67345,0.6738,0.67315,0.6736,2983,0.672676,0.672902,0.672219,0.672812,0,0.001581,0.000248,0.000788
2024.07.18 17:00,0.6736,0.6736,0.6728,0.6728,1696,0.672658,0.672812,0.671858,0.672043,0,0.001742,-1.2e-05,0.000757
2024.07.18 18:00,0.67285,0.6729,0.67105,0.6715,9689,0.671808,0.671908,0.67016,0.670691,0,0.00274,-0.000858,0.000809
2024.07.18 19:00,0.6715,0.6718,0.67075,0.67135,7679,0.670497,0.671006,0.669837,0.670408,0,0.001963,-0.000256,0.000942
2024.07.18 20:00,0.67135,0.67165,0.67135,0.67155,1783,0.670556,0.670871,0.670547,0.670871,0,0.001103,0.000479,0.000679
2024.07.18 22:00,0.6717,0.6719,0.6715,0.6715,0,0.670938,0.670961,0.670578,0.670641,0,0.001322,0.000539,0.000859
2024.07.18 23:00,0.67155,0.67185,0.67135,0.67135,1778,0.670569,0.671051,0.670479,0.670488,0,0.001371,0.000299,0.000862
2024.07.19 00:00,0.67135,0.6714,0.6705,0.671,4629,0.670601,0.670601,0.669582,0.670039,0,0.001818,-0.000101,0.000961
2024.07.19 01:00,0.671,0.67125,0.67055,0.671,4905,0.670241,0.670349,0.669667,0.670286,0,0.001583,0.000201,0.000714
2024.07.19 02:00,0.671,0.6716,0.6709,0.67155,3538,0.670098,0.670826,0.669999,0.670826,0,0.001601,7.4e-05,0.000724
2024.07.19 03:00,0.67155,0.6716,0.671,0.67105,2386,0.67061,0.670826,0.67008,0.670129,0,0.00152,0.000174,0.000921
2024.07.19 04:00,0.67105,0.6713,0.67085,0.6709,1138,0.670286,0.670466,0.6699,0.669999,0,0.0014,0.000384,0.000901
2024.07.19 05:00,0.67095,0.67135,0.6707,0.67115,2684,0.670196,0.670466,0.669761,0.670376,0,0.001589,0.000234,0.000774
2024.07.19 06:00,0.6712,0.67155,0.6708,0.6712,3022,0.67016,0.670691,0.669882,0.670466,0,0.001668,0.000109,0.000734
2024.07.19 07:00,0.67115,0.67175,0.67,0.6705,6228,0.6703,0.670916,0.669089,0.669591,0,0.002661,-0.000916,0.000909
2024.07.19 08:00,0.6705,0.6706,0.66995,0.67015,2813,0.669747,0.669792,0.669089,0.669178,0,0.001511,0.000158,0.000972
2024.07.19 09:00,0.6701,0.67045,0.6699,0.66995,1987,0.669344,0.669658,0.668999,0.66921,0,0.001451,0.000242,0.00074
2024.07.19 10:00,0.66995,0.6704,0.66975,0.6701,2431,0.669039,0.669613,0.668852,0.669344,0,0.001548,0.000137,0.000756
2024.07.19 11:00,0.6701,0.67065,0.6701,0.6705,2268,0.669237,0.669927,0.669192,0.669747,0,0.001458,0.000173,0.000753
2024.07.19 12:00,0.67055,0.67055,0.6698,0.66995,4382,0.669591,0.669658,0.668941,0.669254,0,0.001609,0.000142,0.000696
2024.07.19 13:00,0.66995,0.67035,0.66935,0.6701,10795,0.669254,0.669568,0.668458,0.669389,0,0.001892,-0.000218,0.000711
2024.07.19 14:00,0.67015,0.67055,0.66995,0.67025,7323,0.669196,0.669703,0.669039,0.669523,0,0.001511,0.000247,0.000727
2024.07.19 15:00,0.6703,0.6705,0.6697,0.67025,4397,0.669492,0.669703,0.668829,0.669523,0,0.001671,-3e-06,0.000727
2024.07.19 16:00,0.67025,0.6704,0.66955,0.66975,2439,0.669299,0.669568,0.668659,0.668829,0,0.001741,-1.8e-05,0.000921
2024.07.19 17:00,0.66975,0.6698,0.66945,0.66975,2403,0.668986,0.669031,0.66853,0.668986,0,0.00127,0.000419,0.000764
2024.07.19 18:00,0.66975,0.66985,0.669,0.66935,3891,0.668869,0.669031,0.668128,0.668539,0,0.001722,-3.1e-05,0.000811
2024.07.19 19:00,0.66935,0.66955,0.66905,0.6693,3060,0.6684,0.668762,0.668168,0.668539,0,0.001382,0.000288,0.000761
2024.07.19 20:00,0.6693,0.6696,0.6692,0.6693,1117,0.668369,0.668673,0.668297,0.668561,0,0.001303,0.000527,0.000739
2024.07.21 23:00,0.671,0.6712,0.6705,0.6705,2345,0.670111,0.670466,0.669689,0.669721,0,0.001511,3.4e-05,0.000779
2024.07.22 00:00,0.6705,0.6706,0.6696,0.67,3736,0.6696,0.669613,0.668708,0.669057,0,0.001892,-1.3e-05,0.000943
2024.07.22 01:00,0.67,0.67005,0.66815,0.6683,5584,0.66908,0.669299,0.667361,0.667361,0,0.002689,-0.001149,0.000939
2024.07.22 02:00,0.6682,0.6687,0.66725,0.6682,7820,0.667249,0.668003,0.66636,0.667387,0,0.00234,-0.000753,0.000813
2024.07.22 03:00,0.66825,0.6687,0.668,0.66805,1847,0.667379,0.667958,0.667156,0.667187,0,0.001544,4.2e-05,0.000863
2024.07.22 04:00,0.66805,0.6682,0.66775,0.6678,1290,0.667187,0.667379,0.666947,0.666947,0,0.001253,0.000371,0.000853
2024.07.22 05:00,0.66775,0.6678,0.66705,0.66715,2987,0.666889,0.666978,0.6662,0.666258,0,0.0016,7.2e-05,0.000892
2024.07.22 06:00,0.6671,0.66765,0.66705,0.66745,3795,0.666218,0.666844,0.6662,0.666538,0,0.00145,0.000206,0.000912
2024.07.22 07:00,0.66745,0.6677,0.66715,0.66735,3797,0.666551,0.666978,0.666338,0.666498,0,0.001362,0.000172,0.000852
2024.07.22 08:00,0.6673,0.6678,0.6672,0.6675,2195,0.666409,0.666911,0.666298,0.666609,0,0.001502,0.000289,0.000891
2024.07.22 09:00,0.6675,0.6677,0.6672,0.66745,1695,0.666649,0.666849,0.666298,0.666538,0,0.001402,0.000351,0.000912
2024.07.22 10:00,0.6674,0.6675,0.66705,0.66715,1707,0.666489,0.666756,0.66616,0.666298,0,0.00134,0.000294,0.000852
2024.07.22 11:00,0.6672,0.6673,0.66625,0.66635,2573,0.66636,0.666578,0.665411,0.66546,0,0.001889,-0.000328,0.00089
2024.07.22 12:00,0.66635,0.6664,0.6653,0.66565,9389,0.66538,0.665602,0.664439,0.664779,0,0.001961,-0.000302,0.000871
2024.07.22 13:00,0.66565,0.66575,0.66445,0.66455,8987,0.664858,0.664982,0.66364,0.663711,0,0.00211,-0.000532,0.000839
2024.07.22 14:00,0.66455,0.665,0.6641,0.66485,11651,0.663618,0.664231,0.663218,0.663927,0,0.001782,-0.000131,0.000923
2024.07.22 15:00,0.66485,0.66525,0.66445,0.6647,6321,0.663997,0.664496,0.663689,0.66383,0,0.001561,-4.6e-05,0.00087
2024.07.22 16:00,0.6647,0.665,0.66445,0.6649,5036,0.663839,0.664231,0.663618,0.664019,0,0.001382,0.000219,0.000881
2024.07.22 17:00,0.6649,0.66535,0.6649,0.6653,3306,0.664037,0.66454,0.664037,0.664408,0,0.001313,0.00036,0.000892
2024.07.22 18:00,0.66525,0.66535,0.66495,0.66505,10291,0.664408,0.664584,0.664117,0.664138,0,0.001234,0.000366,0.000912
2024.07.22 19:00,0.6651,0.6652,0.6649,0.6652,3196,0.664178,0.664452,0.664006,0.664258,0,0.001194,0.000448,0.000942
2024.07.22 20:00,0.66515,0.66515,0.6649,0.6651,1520,0.66424,0.664452,0.66409,0.664377,0,0.00106,0.000448,0.000723
2024.07.22 22:00,0.66515,0.66535,0.66515,0.6653,0,0.66462,0.664628,0.664399,0.664492,0,0.000951,0.000522,0.000808
2024.07.22 23:00,0.6653,0.6653,0.66475,0.6648,2866,0.66447,0.664584,0.66394,0.66394,0,0.00136,0.000166,0.00086
2024.07.23 00:00,0.6648,0.6655,0.6642,0.66445,5886,0.663909,0.664673,0.663372,0.663539,0,0.002128,-0.000473,0.000911
2024.07.23 01:00,0.6644,0.66555,0.66435,0.665,4540,0.663601,0.664628,0.663508,0.664077,0,0.002042,-0.000278,0.000923
2024.07.23 02:00,0.665,0.6651,0.66445,0.6645,3612,0.664046,0.664319,0.66361,0.66364,0,0.00149,0.000131,0.000859
2024.07.23 03:00,0.6645,0.6649,0.66435,0.66475,0,0.663548,0.664187,0.663548,0.66387,0,0.001352,0.000163,0.00088
2024.07.23 04:00,0.6646,0.6646,0.66405,0.6641,1924,0.663878,0.664011,0.66324,0.66324,0,0.00136,3.9e-05,0.00086
2024.07.23 05:00,0.66405,0.66425,0.66385,0.66425,3521,0.663258,0.663526,0.66298,0.663398,0,0.00127,0.000324,0.000852
2024.07.23 06:00,0.66425,0.66425,0.66335,0.6635,4726,0.66339,0.663526,0.662568,0.662691,0,0.001682,-0.000176,0.000809
2024.07.23 07:00,0.66355,0.66395,0.66315,0.6633,3762,0.662717,0.663218,0.6623,0.66244,0,0.00165,-6.8e-05,0.00086
2024.07.23 08:00,0.6633,0.6636,0.663,0.6632,2965,0.662449,0.662954,0.662177,0.662317,0,0.001423,4.6e-05,0.000883
2024.07.23 09:00,0.66315,0.66365,0.66305,0.6635,1945,0.662309,0.66291,0.662217,0.662638,0,0.001433,0.00014,0.000862
2024.07.23 10:00,0.66345,0.6636,0.6631,0.66355,2497,0.662647,0.66291,0.66223,0.662686,0,0.00137,0.00019,0.000864
2024.07.23 11:00,0.6635,0.6638,0.663,0.6631,2391,0.662739,0.66313,0.662177,0.662247,0,0.001623,-0.00013,0.000853
2024.07.23 12:00,0.66305,0.66345,0.66275,0.66305,7543,0.662247,0.662778,0.661971,0.66237,0,0.001479,-2.8e-05,0.00068
2024.07.23 13:00,0.6631,0.6633,0.662,0.66235,9459,0.662339,0.662603,0.661227,0.661516,0,0.002073,-0.000603,0.000834
2024.07.23 14:00,0.66235,0.663,0.66225,0.66235,8045,0.661748,0.662296,0.661437,0.66152,0,0.001563,-4.6e-05,0.00083
2024.07.23 15:00,0.6624,0.6629,0.6622,0.66275,4632,0.661546,0.662164,0.661398,0.66191,0,0.001502,3.6e-05,0.00084
2024.07.23 16:00,0.6627,0.6629,0.66225,0.66245,4506,0.66187,0.662252,0.661498,0.661608,0,0.001402,-2e-06,0.000842
2024.07.23 17:00,0.6624,0.66285,0.6621,0.6622,3951,0.661559,0.661989,0.66131,0.661349,0,0.00154,0.000111,0.000851
2024.07.23 18:00,0.6622,0.6624,0.662,0.66225,3390,0.661367,0.661682,0.661227,0.661428,0,0.001173,0.000318,0.000822
2024.07.23 19:00,0.6623,0.6624,0.66215,0.66225,2856,0.661476,0.661682,0.661367,0.661476,0,0.001033,0.000468,0.000774
2024.07.23 20:00,0.66225,0.6625,0.6622,0.6624,1567,0.661459,0.661813,0.661428,0.661678,0,0.001072,0.000387,0.000722
2024.07.23 22:00,0.66235,0.66245,0.662,0.6624,0,0.661748,0.661748,0.661297,0.661629,0,0.001153,0.000252,0.000771
2024.07.23 23:00,0.6624,0.6624,0.66195,0.66205,1546,0.661577,0.661726,0.66117,0.66124,0,0.00123,0.000224,0.00081
2024.07.24 00:00,0.66205,0.6622,0.66155,0.6619,4468,0.661319,0.661507,0.66079,0.661148,0,0.00141,4.3e-05,0.000752
2024.07.24 01:00,0.6619,0.66205,0.6613,0.6615,4366,0.66117,0.661507,0.660567,0.660738,0,0.001483,-0.000207,0.000762
2024.07.24 02:00,0.66145,0.66165,0.6608,0.6609,3251,0.660659,0.66107,0.660118,0.660219,0,0.001532,-0.00027,0.000681
2024.07.24 03:00,0.6609,0.66105,0.65995,0.66025,7621,0.66024,0.660415,0.659278,0.6595,0,0.001772,-0.000465,0.00075
2024.07.24 04:00,0.66015,0.66015,0.65915,0.65935,7029,0.659609,0.659718,0.658488,0.65864,0,0.001662,-0.000568,0.00071
2024.07.24 05:00,0.6594,0.6604,0.6593,0.66025,5970,0.65864,0.659718,0.658558,0.659561,0,0.001842,-0.000418,0.000689
2024.07.24 06:00,0.6602,0.6607,0.65975,0.66035,5396,0.659517,0.659927,0.659078,0.659678,0,0.001622,-0.000177,0.000672
2024.07.24 07:00,0.6604,0.6613,0.6604,0.66065,6999,0.6597,0.660633,0.6597,0.659979,0,0.0016,-0.000233,0.000671
2024.07.24 08:00,0.6607,0.6608,0.6603,0.6604,2108,0.660049,0.66024,0.659561,0.65967,0,0.001239,6e-05,0.00073
2024.07.24 09:00,0.66035,0.66075,0.6598,0.66055,3441,0.659626,0.660153,0.659078,0.659848,0,0.001671,-0.000353,0.000702
2024.07.24 10:00,0.66055,0.6607,0.66035,0.66055,2229,0.65984,0.660066,0.659631,0.659887,0,0.001069,0.000284,0.000663
2024.07.24 11:00,0.66055,0.66145,0.6604,0.6613,5063,0.659887,0.660895,0.659718,0.660628,0,0.001732,-0.000495,0.000672
2024.07.24 12:00,0.66135,0.6617,0.6604,0.6616,10536,0.66069,0.661026,0.65977,0.660939,0,0.00193,-0.000626,0.000661
2024.07.24 13:00,0.6616,0.6618,0.6604,0.66055,11559,0.66089,0.661113,0.659709,0.65987,0,0.002091,-0.000713,0.00068
2024.07.24 14:00,0.6606,0.6616,0.66035,0.66145,10238,0.659787,0.660939,0.659639,0.660611,0,0.001961,-0.000588,0.000839
2024.07.24 15:00,0.6614,0.66155,0.66065,0.66065,6506,0.660659,0.660768,0.659918,0.659918,0,0.001632,-0.000118,0.000732
2024.07.24 16:00,0.6607,0.66095,0.66015,0.6605,2607,0.659909,0.660284,0.6595,0.659739,0,0.00145,-0.000134,0.000761
2024.07.24 17:00,0.6605,0.6608,0.65985,0.65985,2390,0.659796,0.660153,0.659118,0.659148,0,0.001682,-0.000303,0.000702
2024.07.24 18:00,0.65985,0.66225,0.6588,0.6588,7525,0.659087,0.659239,0.658038,0.658068,0,0.004212,-0.000439,0.000732
2024.07.24 19:00,0.6588,0.65945,0.6586,0.65875,5851,0.658081,0.658848,0.657877,0.65802,0,0.001573,-0.000248,0.00073
2024.07.24 20:00,0.65875,0.65905,0.6587,0.6589,1975,0.658007,0.658371,0.657977,0.658228,0,0.001073,0.000329,0.000672
2024.07.24 22:00,0.65885,0.65905,0.65865,0.65865,0,0.658389,0.658458,0.658016,0.658111,0,0.001034,0.000192,0.000539
2024.07.24 23:00,0.65875,0.65875,0.658,0.65815,2414,0.658029,0.658198,0.657358,0.657441,0,0.001392,-0.000198,0.000709
2024.07.25 00:00,0.65815,0.6582,0.6565,0.6572,10362,0.657449,0.657592,0.65585,0.656469,0,0.002351,-0.001092,0.000731
2024.07.25 01:00,0.6572,0.65765,0.6569,0.657,5830,0.656538,0.656987,0.65622,0.65634,0,0.00143,-8.7e-05,0.00066
2024.07.25 02:00,0.657,0.65715,0.65565,0.65605,5377,0.656319,0.656556,0.65505,0.65539,0,0.0021,-0.000906,0.00066
2024.07.25 03:00,0.65605,0.65625,0.6557,0.656,3211,0.65536,0.655695,0.65505,0.655299,0,0.0012,5e-06,0.000701
2024.07.25 04:00,0.65565,0.65595,0.6548,0.6549,4115,0.655248,0.655394,0.654146,0.654176,0,0.001804,-0.000594,0.000724
2024.07.25 05:00,0.6549,0.6556,0.65485,0.65545,5089,0.654168,0.655008,0.654168,0.654767,0,0.001432,-0.000158,0.000683
2024.07.25 06:00,0.6555,0.65565,0.65475,0.655,4312,0.654729,0.655008,0.654129,0.654279,0,0.001521,-0.000258,0.000721
2024.07.25 07:00,0.6549,0.65515,0.6533,0.6542,11148,0.65427,0.654493,0.652648,0.653441,0,0.002502,-0.001193,0.000759
2024.07.25 08:00,0.6542,0.655,0.654,0.65435,7281,0.653548,0.654365,0.653317,0.653629,0,0.001683,-0.000365,0.000721
2024.07.25 09:00,0.65435,0.65445,0.65315,0.6533,4901,0.653706,0.653808,0.65246,0.652567,0,0.00199,-0.000658,0.000733
2024.07.25 10:00,0.6533,0.6535,0.65265,0.6531,4770,0.652588,0.652912,0.652018,0.652388,0,0.001482,-0.000262,0.000712
2024.07.25 11:00,0.6531,0.6535,0.65275,0.65275,5131,0.652469,0.652869,0.652077,0.652077,0,0.001423,-0.000119,0.000673
2024.07.25 12:00,0.6528,0.65445,0.65195,0.65415,20476,0.652158,0.653808,0.651806,0.653407,0,0.002644,-0.001858,0.000743
2024.07.25 13:00,0.65415,0.6556,0.6538,0.6551,21655,0.653368,0.654965,0.653117,0.654399,0,0.002483,-0.001165,0.000701
2024.07.25 14:00,0.65515,0.6564,0.65445,0.6561,12149,0.654236,0.655695,0.653778,0.655407,0,0.002622,-0.001245,0.000693
2024.07.25 15:00,0.6561,0.6566,0.6555,0.6559,8169,0.65545,0.655996,0.654737,0.655128,0,0.001863,-0.000496,0.000772
2024.07.25 16:00,0.6559,0.65665,0.65575,0.65635,7754,0.655106,0.65591,0.655038,0.65566,0,0.001612,-0.00016,0.00069
2024.07.25 17:00,0.65645,0.6569,0.65545,0.6559,5528,0.655686,0.656168,0.654707,0.655119,0,0.002193,-0.000718,0.000781
2024.07.25 18:00,0.65585,0.65595,0.65505,0.65505,9758,0.655141,0.655308,0.65439,0.65439,0,0.00156,-0.000258,0.00066
2024.07.25 19:00,0.65505,0.6561,0.6548,0.65485,5324,0.654399,0.655394,0.654078,0.654078,0,0.002022,-0.000594,0.000772
2024.07.25 20:00,0.6549,0.6549,0.65415,0.6546,3105,0.654099,0.654236,0.653437,0.653928,0,0.001463,-8.6e-05,0.000672
2024.07.25 22:00,0.65455,0.65475,0.65435,0.65445,0,0.654039,0.654151,0.6538,0.653894,0,0.00095,0.000199,0.000556
2024.07.25 23:00,0.6545,0.655,0.65435,0.6548,2448,0.653817,0.654322,0.65368,0.654039,0,0.00132,2.8e-05,0.000761
2024.07.26 00:00,0.6548,0.6555,0.65475,0.65545,4829,0.654069,0.654879,0.654069,0.654737,0,0.001431,-0.000129,0.000713
2024.07.26 01:00,0.6554,0.6563,0.65505,0.6562,6857,0.654669,0.655695,0.654437,0.65548,0,0.001863,-0.000645,0.00072
2024.07.26 02:00,0.6562,0.6562,0.65545,0.65575,5361,0.65551,0.655609,0.654767,0.655068,0,0.001433,-0.000159,0.000682
2024.07.26 03:00,0.65575,0.656,0.65555,0.65585,2465,0.655068,0.655351,0.65487,0.655209,0,0.00113,0.000199,0.000641
2024.07.26 04:00,0.65605,0.65625,0.6559,0.656,3020,0.655261,0.655695,0.655166,0.655299,0,0.001084,0.000205,0.000701
2024.07.26 05:00,0.656,0.6564,0.65595,0.6562,4777,0.655308,0.655781,0.655287,0.655519,0,0.001113,0.000169,0.000681
2024.07.26 06:00,0.6562,0.65645,0.656,0.6562,10843,0.655441,0.655824,0.655308,0.655531,0,0.001142,0.000176,0.000669
2024.07.26 07:00,0.6562,0.6567,0.6559,0.65665,9339,0.655488,0.656082,0.655209,0.65597,0,0.001491,-0.000182,0.00068
2024.07.26 08:00,0.6567,0.65745,0.65615,0.6574,8064,0.655918,0.656858,0.65545,0.656698,0,0.002,-0.000708,0.000702
2024.07.26 09:00,0.65735,0.65735,0.6565,0.6565,3794,0.656638,0.656728,0.655729,0.655776,0,0.001621,-0.000228,0.000724
2024.07.26 10:00,0.65655,0.6572,0.6565,0.65695,2915,0.655841,0.656599,0.655781,0.65625,0,0.001419,-9.9e-05,0.0007
2024.07.26 11:00,0.65695,0.65695,0.6564,0.65685,3116,0.656237,0.65634,0.655708,0.656129,0,0.001242,6e-05,0.000721
2024.07.26 12:00,0.6569,0.6574,0.65595,0.657,15052,0.656267,0.656728,0.655329,0.65625,0,0.002071,-0.000778,0.00075
2024.07.26 13:00,0.65695,0.65765,0.6569,0.6571,7827,0.65634,0.65703,0.656168,0.65637,0,0.001482,-0.00013,0.00073
2024.07.26 14:00,0.65715,0.6572,0.65595,0.65615,12979,0.656319,0.656556,0.655231,0.655411,0,0.001969,-0.000606,0.000739
2024.07.26 15:00,0.65615,0.6567,0.65585,0.6565,6619,0.65542,0.656039,0.655166,0.655738,0,0.001534,-0.000189,0.000762
2024.07.26 16:00,0.6565,0.65725,0.6564,0.6572,3404,0.655751,0.656642,0.655699,0.656469,0,0.001551,-0.000242,0.000731
2024.07.26 17:00,0.6572,0.6573,0.6561,0.65645,4265,0.656508,0.656685,0.655368,0.65572,0,0.001932,-0.000585,0.00073
2024.07.26 18:00,0.65645,0.6569,0.656,0.6561,6264,0.655699,0.656254,0.655278,0.655368,0,0.001622,-0.000254,0.000732
2024.07.26 19:00,0.65615,0.6563,0.6559,0.65605,4062,0.65539,0.655695,0.655218,0.655308,0,0.001082,0.000205,0.000742
2024.07.26 20:00,0.65605,0.6562,0.65535,0.6555,2233,0.655278,0.655566,0.65469,0.654879,0,0.00151,-0.000216,0.000621
2024.07.28 23:00,0.6563,0.65685,0.65605,0.65605,2513,0.65557,0.656211,0.65539,0.65539,0,0.00146,-0.000161,0.00066
2024.07.29 00:00,0.65605,0.65765,0.65585,0.6574,5132,0.655338,0.65703,0.655149,0.656806,0,0.002501,-0.00118,0.000594
2024.07.29 01:00,0.6574,0.65755,0.65655,0.65695,3798,0.656728,0.656944,0.655819,0.656258,0,0.001731,-0.000394,0.000692
2024.07.29 02:00,0.65705,0.6573,0.6566,0.65675,2578,0.656267,0.656685,0.65588,0.656168,0,0.00142,-8.5e-05,0.000582
2024.07.29 03:00,0.65675,0.6573,0.6566,0.65725,1849,0.656022,0.656685,0.655888,0.656685,0,0.001412,-8.5e-05,0.000565
2024.07.29 04:00,0.65725,0.65725,0.65555,0.65575,2930,0.656508,0.656599,0.65484,0.654978,0,0.00241,-0.001049,0.000772
2024.07.29 05:00,0.6558,0.65635,0.6557,0.65575,2666,0.655141,0.655781,0.654999,0.655008,0,0.001351,-8.1e-05,0.000742
2024.07.29 06:00,0.65585,0.6566,0.65575,0.65635,2339,0.65508,0.655996,0.65508,0.6556,0,0.00152,-0.000246,0.00075
2024.07.29 07:00,0.6564,0.6565,0.65495,0.65515,3930,0.65563,0.655867,0.654219,0.654437,0,0.002281,-0.000917,0.000713
2024.07.29 08:00,0.65515,0.65535,0.65485,0.65515,3104,0.654407,0.654707,0.654176,0.654377,0,0.001174,0.000143,0.000773
2024.07.29 09:00,0.65515,0.6559,0.6551,0.65575,1963,0.654407,0.655351,0.654339,0.655029,0,0.001561,-0.000251,0.000721
2024.07.29 10:00,0.65575,0.6565,0.65575,0.65595,4155,0.655029,0.655867,0.655008,0.655226,0,0.001492,-0.000117,0.000724
2024.07.29 11:00,0.6559,0.65595,0.655,0.6551,2525,0.655171,0.655265,0.654279,0.654339,0,0.001671,-0.000265,0.000761
2024.07.29 12:00,0.6551,0.65545,0.6546,0.6546,5143,0.654347,0.654836,0.65383,0.653868,0,0.00162,-0.000236,0.000732
2024.07.29 13:00,0.6546,0.6548,0.65405,0.65435,8203,0.653847,0.654151,0.653347,0.653608,0,0.001453,-0.000101,0.000742
2024.07.29 14:00,0.65435,0.65455,0.6532,0.6542,13099,0.653796,0.653979,0.65255,0.653467,0,0.002,-0.00078,0.000733
2024.07.29 15:00,0.65415,0.65485,0.6541,0.6546,9651,0.653479,0.654193,0.65342,0.65392,0,0.00143,-9.3e-05,0.00068
2024.07.29 16:00,0.6546,0.65525,0.6543,0.655,3303,0.65392,0.654664,0.653659,0.654266,0,0.001591,-0.000364,0.000734
2024.07.29 17:00,0.655,0.65535,0.6547,0.65525,3046,0.654266,0.65475,0.653979,0.65451,0,0.001371,-5e-05,0.00074
2024.07.29 18:00,0.6552,0.6555,0.655,0.6554,5339,0.654467,0.654879,0.654318,0.654699,0,0.001182,0.000121,0.000701
2024.07.29 19:00,0.65545,0.6559,0.6554,0.6558,4592,0.654759,0.655308,0.654656,0.654947,0,0.001244,9.2e-05,0.000853
2024.07.29 20:00,0.6558,0.6558,0.6556,0.6557,1482,0.65505,0.655179,0.654887,0.655179,0,0.000913,0.000421,0.000521
2024.07.29 22:00,0.6557,0.6565,0.6556,0.6565,0,0.655381,0.655953,0.655158,0.65585,0,0.001342,-0.000353,0.00065
2024.07.29 23:00,0.65655,0.65655,0.6558,0.65585,1716,0.655996,0.655996,0.655166,0.655308,0,0.001384,-0.000196,0.000542
2024.07.30 00:00,0.65585,0.6559,0.65505,0.6555,3045,0.655098,0.655222,0.654399,0.654965,0,0.001501,-0.000172,0.000535
2024.07.30 01:00,0.65555,0.6557,0.6541,0.65455,4038,0.654917,0.655093,0.653501,0.653979,0,0.002199,-0.000993,0.000571
2024.07.30 02:00,0.6545,0.65565,0.6544,0.6555,2909,0.653898,0.655093,0.653787,0.654819,0,0.001863,-0.000693,0.000681
2024.07.30 03:00,0.6555,0.65615,0.65535,0.65615,0,0.654965,0.655566,0.654669,0.655566,0,0.001481,-0.000216,0.000584
2024.07.30 04:00,0.6563,0.6564,0.65605,0.6563,1817,0.655458,0.655867,0.655347,0.655781,0,0.001053,0.000183,0.000519
2024.07.30 05:00,0.6563,0.6566,0.656,0.6563,4054,0.655647,0.656039,0.65536,0.655781,0,0.00124,-3.9e-05,0.000519
2024.07.30 06:00,0.6563,0.6566,0.656,0.65655,7107,0.655561,0.656082,0.655377,0.65594,0,0.001223,-8.2e-05,0.00061
2024.07.30 07:00,0.65655,0.65695,0.65565,0.65585,6746,0.656082,0.656383,0.655016,0.655158,0,0.001934,-0.000733,0.000692
2024.07.30 08:00,0.65585,0.65645,0.6555,0.65575,3335,0.655351,0.655824,0.654849,0.655222,0,0.001601,-0.000324,0.000528
2024.07.30 09:00,0.65575,0.6558,0.6553,0.65535,2078,0.655029,0.655222,0.654647,0.654836,0,0.001153,7.8e-05,0.000514
2024.07.30 10:00,0.6553,0.65545,0.6548,0.6549,2858,0.654669,0.654922,0.654138,0.654189,0,0.001312,-0.000122,0.000711
2024.07.30 11:00,0.65485,0.65485,0.6544,0.6544,2105,0.654365,0.654365,0.65374,0.653749,0,0.00111,3.5e-05,0.000651
2024.07.30 12:00,0.6544,0.65455,0.65415,0.6542,6330,0.653894,0.654022,0.653509,0.65368,0,0.001041,0.000128,0.00052
2024.07.30 13:00,0.65425,0.6546,0.65395,0.6544,6611,0.65365,0.653979,0.653287,0.653851,0,0.001313,-3e-05,0.000549
2024.07.30 14:00,0.65435,0.65485,0.65365,0.6547,10102,0.653578,0.654236,0.652997,0.654048,0,0.001853,-0.000586,0.000652
2024.07.30 15:00,0.6547,0.65475,0.65415,0.65425,5195,0.654193,0.654193,0.653458,0.653539,0,0.001292,-4.3e-05,0.000711
2024.07.30 16:00,0.65425,0.65495,0.6541,0.6544,4318,0.653723,0.654365,0.653428,0.653851,0,0.001522,-0.000265,0.000549
2024.07.30 17:00,0.6544,0.6551,0.654,0.65465,4471,0.653719,0.65445,0.653266,0.654108,0,0.001834,-0.00045,0.000542
2024.07.30 18:00,0.65465,0.65515,0.6545,0.65475,7383,0.653958,0.654536,0.653838,0.654193,0,0.001312,-3.6e-05,0.000557
2024.07.30 19:00,0.65475,0.655,0.6545,0.65465,3911,0.654039,0.65445,0.653847,0.654039,0,0.001153,5e-05,0.000611
2024.07.30 20:00,0.6547,0.65475,0.65435,0.6545,2630,0.654193,0.654193,0.653667,0.653979,0,0.001083,0.000157,0.000521
2024.07.30 22:00,0.6545,0.6549,0.6545,0.65475,0,0.654001,0.654365,0.65392,0.654056,0,0.00098,0.000135,0.000694
2024.07.30 23:00,0.65475,0.6552,0.6546,0.65475,1792,0.654086,0.654622,0.653988,0.654078,0,0.001212,-2.2e-05,0.000672
2024.07.31 00:00,0.65475,0.65505,0.6542,0.6544,2698,0.654236,0.65445,0.653586,0.653608,0,0.001464,-0.00025,0.000792
2024.07.31 01:00,0.6544,0.6545,0.64905,0.65045,24071,0.653851,0.653979,0.648588,0.649942,0,0.005912,-0.004929,0.000508
2024.07.31 02:00,0.6505,0.6509,0.6494,0.65065,8203,0.650119,0.65028,0.64879,0.650026,0,0.00211,-0.00088,0.000624
2024.07.31 03:00,0.6506,0.6516,0.6505,0.6507,6635,0.649996,0.650957,0.649908,0.649988,0,0.001692,-0.000457,0.000712
2024.07.31 04:00,0.65055,0.6507,0.64975,0.6502,5188,0.650026,0.650326,0.649081,0.649448,0,0.001619,-0.000576,0.000752
2024.07.31 05:00,0.65025,0.6503,0.6487,0.6499,5267,0.649604,0.649604,0.648059,0.649351,0,0.002241,-0.000904,0.000549
2024.07.31 06:00,0.6499,0.65155,0.6496,0.65155,7521,0.649026,0.650957,0.649001,0.650957,0,0.002549,-0.001357,0.000593
2024.07.31 07:00,0.6515,0.6517,0.6506,0.65125,6085,0.650669,0.651042,0.64995,0.650529,0,0.00175,-0.000442,0.000721
2024.07.31 08:00,0.65125,0.6513,0.6496,0.6501,8457,0.65066,0.65066,0.648988,0.649368,0,0.002312,-0.00106,0.000732
2024.07.31 09:00,0.65005,0.6507,0.6495,0.65055,4689,0.649477,0.65011,0.648778,0.649827,0,0.001922,-0.00061,0.000723
2024.07.31 10:00,0.6505,0.65085,0.6502,0.6508,1769,0.649819,0.650237,0.649519,0.650195,0,0.001331,-3.7e-05,0.000605
2024.07.31 11:00,0.65085,0.652,0.65075,0.65145,3344,0.65011,0.651296,0.650089,0.650737,0,0.001911,-0.000546,0.000713
2024.07.31 12:00,0.65145,0.65355,0.65145,0.65335,11155,0.65083,0.652699,0.650707,0.652609,0,0.002843,-0.001249,0.000741
2024.07.31 13:00,0.65335,0.65405,0.65315,0.65395,9114,0.652742,0.653424,0.652507,0.653381,0,0.001543,-0.000274,0.000569
2024.07.31 14:00,0.65395,0.65475,0.65325,0.6539,12270,0.65327,0.654108,0.652567,0.653296,0,0.002183,-0.000858,0.000604
2024.07.31 15:00,0.65385,0.6542,0.6532,0.65415,8251,0.653159,0.653552,0.652529,0.653552,0,0.001671,-0.000352,0.000598
2024.07.31 16:00,0.65415,0.6544,0.6537,0.65395,5042,0.653411,0.653808,0.65298,0.653206,0,0.00142,-0.000108,0.000744
2024.07.31 17:00,0.65395,0.6542,0.65325,0.6539,3761,0.653339,0.653595,0.65252,0.653168,0,0.00168,-0.000345,0.000732
2024.07.31 18:00,0.65375,0.656,0.65245,0.65525,17793,0.652848,0.655222,0.651716,0.654707,0,0.004284,-0.002772,0.000543
2024.07.31 19:00,0.65525,0.6564,0.65395,0.6547,11605,0.654767,0.655652,0.653356,0.654108,0,0.003044,-0.001702,0.000592
2024.07.31 20:00,0.65475,0.65515,0.65465,0.655,5191,0.65392,0.65445,0.653911,0.654279,0,0.001239,0.0002,0.000721
2024.07.31 22:00,0.65505,0.6556,0.65495,0.6553,0,0.654664,0.65505,0.654497,0.654557,0,0.001103,-0.0001,0.000743
2024.07.31 23:00,0.65535,0.65565,0.6551,0.6556,1690,0.654699,0.655093,0.654429,0.65505,0,0.001221,7e-06,0.00055
2024.08.01 00:00,0.6556,0.65585,0.65455,0.65455,4031,0.6549,0.655136,0.653838,0.65389,0,0.002012,-0.000586,0.00066
2024.08.01 01:00,0.65455,0.65545,0.65395,0.6541,7250,0.654022,0.654879,0.653347,0.65342,0,0.002103,-0.000929,0.00068
2024.08.01 02:00,0.65405,0.655,0.65315,0.65435,7849,0.653552,0.654322,0.65249,0.653851,0,0.00251,-0.001172,0.000499
2024.08.01 03:00,0.65435,0.65435,0.6532,0.6535,2879,0.653638,0.653638,0.652537,0.652955,0,0.001813,-0.000438,0.000545
2024.08.01 04:00,0.654,0.65405,0.6534,0.6536,3091,0.65284,0.653467,0.652801,0.65298,0,0.001249,-6.7e-05,0.00062
2024.08.01 05:00,0.6536,0.6543,0.65355,0.65415,2534,0.653083,0.653723,0.652929,0.653458,0,0.001371,-0.000173,0.000692
2024.08.01 06:00,0.6541,0.6542,0.6528,0.65365,5632,0.653595,0.653595,0.652218,0.653168,0,0.001982,-0.000795,0.000482
2024.08.01 07:00,0.6537,0.65405,0.6529,0.6531,5860,0.653019,0.653509,0.65229,0.652571,0,0.00176,-0.000609,0.000529
2024.08.01 08:00,0.6531,0.6531,0.6522,0.6525,4738,0.652478,0.652486,0.651529,0.651899,0,0.001571,-0.000286,0.000601
2024.08.01 09:00,0.65255,0.65345,0.6521,0.6532,5000,0.652018,0.652912,0.651479,0.652601,0,0.001971,-0.000812,0.000599
2024.08.01 10:00,0.6532,0.65395,0.65315,0.6536,3442,0.652699,0.653339,0.65252,0.653083,0,0.00143,-0.000189,0.000517
2024.08.01 11:00,0.65355,0.6544,0.6535,0.6542,4437,0.652989,0.653851,0.652861,0.65368,0,0.001539,-0.000351,0.00052
2024.08.01 12:00,0.6542,0.65615,0.65415,0.6553,10970,0.653488,0.655467,0.653488,0.654669,0,0.002662,-0.001317,0.000631
2024.08.01 13:00,0.6553,0.65595,0.6545,0.65585,7321,0.654793,0.655394,0.653868,0.655261,0,0.002082,-0.000894,0.000589
2024.08.01 14:00,0.65595,0.65705,0.6532,0.65355,20061,0.656039,0.656168,0.65255,0.652997,0,0.0045,-0.002968,0.000553
2024.08.01 15:00,0.65355,0.65355,0.6521,0.65265,9789,0.652759,0.652912,0.6515,0.652146,0,0.00205,-0.000812,0.000504
2024.08.01 16:00,0.6527,0.65325,0.6514,0.65195,7648,0.652018,0.652656,0.650737,0.65116,0,0.002513,-0.001256,0.00079
2024.08.01 17:00,0.6519,0.65195,0.6507,0.6513,5426,0.651381,0.651381,0.650068,0.650601,0,0.001882,-0.000681,0.000699
2024.08.01 18:00,0.65125,0.6513,0.64965,0.64985,7430,0.650703,0.650745,0.649001,0.649393,0,0.002299,-0.001095,0.000457
2024.08.01 19:00,0.64985,0.6515,0.64965,0.65125,7891,0.649237,0.650915,0.648967,0.650745,0,0.002533,-0.001265,0.000505
2024.08.01 20:00,0.65125,0.6513,0.6502,0.65095,3619,0.65055,0.650588,0.649608,0.650309,0,0.001692,-0.000388,0.000641
2024.08.01 22:00,0.6507,0.65075,0.64995,0.65015,0,0.65011,0.650195,0.64933,0.649469,0,0.00142,-0.000245,0.000681
2024.08.01 23:00,0.6501,0.65085,0.65,0.6501,3063,0.64949,0.65028,0.64941,0.649562,0,0.00144,-0.00028,0.000538
2024.08.02 00:00,0.65005,0.6501,0.6494,0.6497,5682,0.649309,0.649351,0.648769,0.648959,0,0.001331,4.9e-05,0.000741
2024.08.02 01:00,0.64965,0.6519,0.64945,0.65125,5118,0.64914,0.651296,0.648828,0.65055,0,0.003072,-0.001846,0.0007
2024.08.02 02:00,0.65125,0.6515,0.64995,0.6514,4049,0.650703,0.650957,0.649405,0.650749,0,0.002095,-0.001007,0.000651
2024.08.02 03:00,0.65145,0.6518,0.6512,0.65155,3086,0.650851,0.651169,0.650588,0.650915,0,0.001212,3.1e-05,0.000635
2024.08.02 04:00,0.65175,0.65255,0.65165,0.65205,3466,0.6508,0.651933,0.650758,0.651551,0,0.001792,-0.000283,0.000499
2024.08.02 05:00,0.65205,0.6525,0.6516,0.65225,4241,0.651398,0.651933,0.651008,0.651529,0,0.001492,-0.000333,0.000721
2024.08.02 06:00,0.65225,0.65335,0.652,0.65295,6875,0.651806,0.652742,0.65133,0.652443,0,0.00202,-0.000742,0.000507
2024.08.02 07:00,0.65295,0.653,0.6515,0.6519,8388,0.652226,0.652231,0.650876,0.651381,0,0.002124,-0.000731,0.000519
2024.08.02 08:00,0.65195,0.65255,0.65165,0.6521,3132,0.651249,0.651848,0.650978,0.651551,0,0.001572,-0.000198,0.000549
2024.08.02 09:00,0.65205,0.6521,0.65145,0.6517,3431,0.651398,0.651508,0.650787,0.651037,0,0.001313,-5.8e-05,0.000663
2024.08.02 10:00,0.65175,0.6522,0.651,0.65205,3642,0.651211,0.651678,0.650347,0.651551,0,0.001853,-0.000678,0.000499
2024.08.02 11:00,0.65205,0.65255,0.65185,0.6522,4020,0.651508,0.651976,0.651211,0.651678,0,0.001339,-0.000126,0.000522
2024.08.02 12:00,0.6522,0.6551,0.6509,0.6538,27612,0.651508,0.654027,0.650364,0.653296,0,0.004736,-0.003127,0.000504
2024.08.02 13:00,0.65375,0.6555,0.6532,0.65445,17416,0.653219,0.654656,0.652567,0.653659,0,0.002933,-0.001456,0.000791
2024.08.02 14:00,0.6544,0.6545,0.6525,0.65265,16023,0.653894,0.653894,0.651848,0.652061,0,0.002652,-0.001394,0.000589
2024.08.02 15:00,0.6527,0.6534,0.65185,0.6533,12577,0.651908,0.652827,0.651228,0.652742,0,0.002172,-0.000977,0.000558
2024.08.02 16:00,0.65325,0.6533,0.652,0.6523,7024,0.65249,0.65249,0.651347,0.651763,0,0.001953,-0.00049,0.000537
2024.08.02 17:00,0.65235,0.65295,0.6516,0.6518,3865,0.65167,0.652231,0.650927,0.651059,0,0.002023,-0.000631,0.000741
2024.08.02 18:00,0.65175,0.65315,0.65165,0.6522,6379,0.651211,0.652486,0.650999,0.651678,0,0.002151,-0.000836,0.000522
2024.08.02 19:00,0.65225,0.65295,0.6519,0.6528,3049,0.651529,0.652316,0.651249,0.652273,0,0.001701,-0.000416,0.000527
2024.08.02 20:00,0.6528,0.65285,0.6515,0.65185,4492,0.652061,0.652231,0.650957,0.651211,0,0.001893,-0.000731,0.000639
2024.08.04 23:00,0.65175,0.6521,0.6502,0.6505,3861,0.651199,0.651423,0.649608,0.649827,0,0.002492,-0.001223,0.000673
2024.08.05 00:00,0.6505,0.65085,0.64895,0.64975,10033,0.64984,0.650009,0.648386,0.649207,0,0.002464,-0.001059,0.000543
2024.08.05 01:00,0.6497,0.651,0.64905,0.65075,8420,0.649009,0.650449,0.648399,0.650018,0,0.002601,-0.001399,0.000732
2024.08.05 02:00,0.65075,0.6519,0.6502,0.6509,4365,0.650127,0.651254,0.64965,0.650258,0,0.00225,-0.001054,0.000642
2024.08.05 03:00,0.65095,0.65135,0.65045,0.6509,3343,0.650309,0.650703,0.649899,0.65025,0,0.001451,-0.000253,0.00065
2024.08.05 04:00,0.6509,0.6511,0.649,0.6498,8592,0.650216,0.650419,0.64845,0.649216,0,0.00265,-0.001419,0.000584
2024.08.05 05:00,0.6498,0.6501,0.6424,0.6425,21151,0.649068,0.649448,0.641766,0.641766,0,0.008334,-0.007048,0.000734
2024.08.05 06:00,0.6425,0.6442,0.63555,0.6406,31188,0.641696,0.643559,0.635659,0.640078,0,0.008541,-0.008009,0.000522
2024.08.05 07:00,0.6405,0.6469,0.6405,0.6457,11697,0.640168,0.64617,0.640168,0.64507,0,0.006732,-0.00567,0.00063
2024.08.05 08:00,0.6457,0.64685,0.64445,0.64575,8202,0.644608,0.64612,0.64406,0.645028,0,0.00279,-0.00167,0.000722
2024.08.05 09:00,0.64575,0.64655,0.6452,0.6457,5638,0.645486,0.645995,0.6446,0.645107,0,0.00195,-0.000795,0.000593
2024.08.05 10:00,0.64575,0.6465,0.6449,0.6463,6174,0.645086,0.64582,0.644309,0.645678,0,0.002191,-0.00092,0.000622
2024.08.05 11:00,0.64625,0.6465,0.6447,0.64505,4183,0.64572,0.645911,0.644168,0.644471,0,0.002332,-0.001211,0.000579
2024.08.05 12:00,0.64505,0.64605,0.6442,0.64455,12980,0.644388,0.645536,0.643749,0.644168,0,0.002301,-0.001336,0.000382
2024.08.05 13:00,0.64455,0.65175,0.64455,0.65055,19941,0.64399,0.65066,0.64399,0.64998,0,0.00776,-0.00611,0.00057
2024.08.05 14:00,0.6503,0.65195,0.64785,0.6482,18184,0.649389,0.651139,0.64732,0.647568,0,0.00463,-0.003289,0.000632
2024.08.05 15:00,0.64825,0.6498,0.6481,0.64955,9561,0.647517,0.649207,0.64745,0.649009,0,0.00235,-0.001107,0.000541
2024.08.05 16:00,0.64945,0.65095,0.64865,0.6489,7100,0.648811,0.650322,0.647979,0.648248,0,0.002971,-0.001672,0.000652
2024.08.05 17:00,0.6488,0.65095,0.64875,0.65,3835,0.64816,0.650288,0.64816,0.649368,0,0.00279,-0.001538,0.000632
2024.08.05 18:00,0.64995,0.65085,0.6492,0.64925,6129,0.649321,0.650237,0.648698,0.648698,0,0.002152,-0.001037,0.000552
2024.08.05 19:00,0.6493,0.65025,0.64905,0.65025,2674,0.648639,0.649646,0.64842,0.649519,0,0.00183,-0.000596,0.000731
2024.08.05 20:00,0.6502,0.6507,0.65005,0.6507,1564,0.649566,0.650068,0.64946,0.649739,0,0.00124,-1.8e-05,0.000961
2024.08.05 22:00,0.6502,0.6517,0.64995,0.65145,0,0.650047,0.651059,0.649967,0.650851,0,0.001733,-0.001109,0.000599
2024.08.05 23:00,0.6515,0.65295,0.65145,0.65225,6104,0.65097,0.652358,0.650927,0.651619,0,0.002023,-0.000908,0.000631
2024.08.06 00:00,0.6523,0.6547,0.6521,0.65445,10767,0.651597,0.654018,0.651597,0.653847,0,0.003103,-0.001918,0.000603
2024.08.06 01:00,0.6545,0.65485,0.65175,0.6526,6243,0.654129,0.654129,0.651186,0.65189,0,0.003664,-0.002379,0.00071
2024.08.06 02:00,0.6526,0.6529,0.6515,0.6523,3917,0.651831,0.652273,0.65102,0.651708,0,0.00188,-0.000773,0.000592
2024.08.06 03:00,0.65235,0.6525,0.6517,0.6517,0,0.651818,0.651933,0.651029,0.651059,0,0.001471,-0.000233,0.000641
2024.08.06 04:00,0.65095,0.65235,0.6499,0.65125,6417,0.650919,0.65158,0.649228,0.650588,0,0.003122,-0.00168,0.000662
2024.08.06 05:00,0.6513,0.6535,0.65025,0.65195,7811,0.650758,0.652878,0.649768,0.651356,0,0.003732,-0.002628,0.000594
2024.08.06 06:00,0.65185,0.65325,0.6516,0.65185,5088,0.651088,0.652656,0.650999,0.6513,0,0.002251,-0.001056,0.00055
2024.08.06 07:00,0.6518,0.6518,0.6503,0.6506,5694,0.650698,0.651042,0.649659,0.64992,0,0.002141,-0.000742,0.00068
2024.08.06 08:00,0.6506,0.65145,0.65,0.65085,5131,0.649908,0.650872,0.649321,0.65017,0,0.002129,-0.000872,0.00068
2024.08.06 09:00,0.65075,0.65075,0.6486,0.6489,4291,0.64987,0.64987,0.648097,0.648231,0,0.002653,-0.00127,0.000669
2024.08.06 10:00,0.64885,0.64935,0.6481,0.6489,3245,0.648218,0.648761,0.647488,0.64821,0,0.001862,-0.000661,0.00069
2024.08.06 11:00,0.64895,0.64925,0.64795,0.64845,3180,0.64834,0.648635,0.647358,0.647811,0,0.001892,-0.000685,0.000639
2024.08.06 12:00,0.6485,0.64935,0.6482,0.64835,6799,0.647958,0.648668,0.647647,0.647857,0,0.001703,-0.000468,0.000493
2024.08.06 13:00,0.6484,0.651,0.64825,0.65095,10013,0.64779,0.650364,0.647677,0.650216,0,0.003323,-0.002114,0.000734
2024.08.06 14:00,0.65095,0.6528,0.6505,0.6514,15639,0.650018,0.652188,0.649887,0.650627,0,0.002913,-0.001688,0.000773
2024.08.06 15:00,0.6514,0.65275,0.65125,0.6526,10658,0.65072,0.652146,0.650588,0.651878,0,0.002162,-0.000896,0.000722
2024.08.06 16:00,0.65265,0.65435,0.65255,0.6543,5391,0.651988,0.653808,0.651959,0.653689,0,0.002391,-0.001258,0.000611
2024.08.06 17:00,0.6542,0.6545,0.6536,0.65415,4393,0.653599,0.653979,0.652959,0.653458,0,0.001541,-0.00038,0.000692
2024.08.06 18:00,0.65415,0.65495,0.6539,0.65395,6005,0.653479,0.654322,0.653279,0.653287,0,0.001671,-0.000422,0.000663
2024.08.06 19:00,0.65395,0.654,0.6529,0.65315,4845,0.6533,0.653339,0.652248,0.652627,0,0.001752,-0.000439,0.000524
2024.08.06 20:00,0.65315,0.6533,0.6524,0.6527,2039,0.652567,0.652656,0.651759,0.651929,0,0.001541,-0.000256,0.000771
2024.08.06 22:00,0.65255,0.6533,0.65235,0.65295,0,0.652269,0.652656,0.65178,0.65229,0,0.00152,-0.000306,0.00066
2024.08.06 23:00,0.6529,0.653,0.65165,0.65215,2604,0.652388,0.652443,0.651126,0.651479,0,0.001874,-0.000793,0.000671
2024.08.07 00:00,0.65215,0.6547,0.65185,0.6546,5080,0.651508,0.654193,0.651309,0.654039,0,0.003391,-0.002343,0.000561
2024.08.07 01:00,0.65465,0.65585,0.65375,0.65475,9533,0.653971,0.655351,0.653198,0.654168,0,0.002652,-0.001601,0.000582
2024.08.07 02:00,0.65475,0.65625,0.65405,0.65515,5411,0.653911,0.655652,0.653561,0.654617,0,0.002689,-0.001602,0.000533
2024.08.07 03:00,0.65515,0.6571,0.65515,0.65705,3302,0.654647,0.656513,0.654647,0.656379,0,0.002453,-0.001363,0.000671
2024.08.07 04:00,0.6565,0.65715,0.65615,0.6564,3303,0.656289,0.656642,0.65554,0.655798,0,0.00161,-0.000492,0.000602
2024.08.07 05:00,0.6564,0.6568,0.65555,0.65595,4021,0.655759,0.656211,0.655046,0.655239,0,0.001754,-0.000661,0.000711
2024.08.07 06:00,0.6559,0.6559,0.6544,0.65555,5668,0.655248,0.655394,0.653868,0.654849,0,0.002032,-0.000994,0.000701
2024.08.07 07:00,0.65555,0.6557,0.6542,0.65555,5329,0.654827,0.655093,0.65371,0.654879,0,0.00199,-0.000893,0.000671
2024.08.07 08:00,0.65555,0.65705,0.65515,0.6566,5129,0.655059,0.656469,0.6546,0.655897,0,0.00245,-0.001319,0.000703
2024.08.07 09:00,0.65665,0.6576,0.65605,0.6575,6205,0.65603,0.657073,0.655441,0.656931,0,0.002159,-0.001023,0.000569
2024.08.07 10:00,0.6575,0.65805,0.6571,0.6577,4368,0.65697,0.657419,0.656478,0.657069,0,0.001572,-0.000319,0.000631
2024.08.07 11:00,0.65775,0.65815,0.657,0.6572,3303,0.657056,0.657592,0.65637,0.656508,0,0.00178,-0.000592,0.000692
2024.08.07 12:00,0.65725,0.6575,0.65675,0.6571,4058,0.656668,0.656901,0.65619,0.656478,0,0.001311,-0.000151,0.000622
2024.08.07 13:00,0.6571,0.65725,0.6564,0.65705,4783,0.656379,0.656685,0.655837,0.656357,0,0.001413,-0.000285,0.000693
2024.08.07 14:00,0.657,0.65705,0.6555,0.6563,10095,0.65619,0.65634,0.654909,0.6556,0,0.002141,-0.00084,0.0007
2024.08.07 15:00,0.65635,0.657,0.65535,0.6559,6345,0.655708,0.656383,0.654729,0.655239,0,0.002271,-0.001033,0.000661
2024.08.07 16:00,0.6559,0.65595,0.6548,0.65515,4564,0.655141,0.655437,0.654159,0.654527,0,0.001791,-0.000637,0.000623
2024.08.07 17:00,0.65515,0.65525,0.65355,0.65365,6846,0.65451,0.654707,0.652929,0.652989,0,0.002321,-0.001157,0.000661
2024.08.07 18:00,0.6536,0.6539,0.65205,0.65245,11456,0.652921,0.653381,0.65147,0.651738,0,0.00243,-0.001331,0.000713
2024.08.07 19:00,0.6525,0.65325,0.6524,0.65265,2823,0.651886,0.652699,0.651759,0.652048,0,0.001491,-0.000299,0.000602
2024.08.07 20:00,0.6527,0.6529,0.6525,0.65255,1374,0.651988,0.652358,0.651878,0.652099,0,0.001022,0.000142,0.000451
2024.08.07 22:00,0.6525,0.6529,0.65205,0.6523,0,0.652218,0.652307,0.651559,0.651729,0,0.001341,-0.000257,0.000571
2024.08.07 23:00,0.65235,0.6526,0.6514,0.65245,2533,0.65167,0.652146,0.650898,0.651869,0,0.001702,-0.000745,0.000581
2024.08.08 00:00,0.6525,0.6533,0.65165,0.65245,4991,0.651967,0.652742,0.651347,0.651929,0,0.001953,-0.001092,0.000521
2024.08.08 01:00,0.65245,0.6541,0.6524,0.6538,4182,0.651886,0.653552,0.651886,0.653219,0,0.002214,-0.001152,0.000581
2024.08.08 02:00,0.6538,0.65605,0.65375,0.65595,5171,0.653206,0.655523,0.653206,0.655428,0,0.002844,-0.001773,0.000522
2024.08.08 03:00,0.65595,0.6573,0.6555,0.6566,3598,0.655458,0.656642,0.654969,0.656078,0,0.002331,-0.001142,0.000522
2024.08.08 04:00,0.6569,0.6572,0.65605,0.6563,2736,0.65619,0.656685,0.655527,0.655738,0,0.001673,-0.000635,0.000562
2024.08.08 05:00,0.6562,0.6567,0.65565,0.65585,2449,0.655639,0.656211,0.655179,0.655231,0,0.001521,-0.000561,0.000619
2024.08.08 06:00,0.65575,0.65725,0.65535,0.657,3454,0.655089,0.656685,0.65481,0.656508,0,0.00244,-0.001335,0.000492
2024.08.08 07:00,0.65705,0.65705,0.65495,0.65535,5295,0.656409,0.656513,0.654446,0.654707,0,0.002604,-0.001563,0.000643
2024.08.08 08:00,0.6553,0.6564,0.6553,0.6563,2743,0.654767,0.655953,0.654767,0.65569,0,0.001633,-0.000653,0.00061
2024.08.08 09:00,0.6563,0.6567,0.65525,0.6555,2815,0.65572,0.656211,0.654707,0.655008,0,0.001993,-0.000961,0.000492
2024.08.08 10:00,0.65565,0.6562,0.6554,0.6559,1506,0.655179,0.655738,0.654827,0.655368,0,0.001373,-0.000338,0.000532
2024.08.08 11:00,0.65585,0.6563,0.6554,0.6557,2507,0.655261,0.655824,0.654836,0.655128,0,0.001464,-0.000424,0.000572
2024.08.08 12:00,0.65575,0.65715,0.655,0.6556,9766,0.655158,0.656517,0.654819,0.655008,0,0.002331,-0.001517,0.000592
2024.08.08 13:00,0.65565,0.65655,0.65525,0.6561,7678,0.655149,0.656125,0.654647,0.655497,0,0.001903,-0.000875,0.000603
2024.08.08 14:00,0.65615,0.6587,0.65605,0.6577,13753,0.655519,0.658198,0.655519,0.657069,0,0.003181,-0.002148,0.000631
2024.08.08 15:00,0.6577,0.65865,0.6573,0.65855,5766,0.657078,0.658111,0.656758,0.658016,0,0.001892,-0.000811,0.000534
2024.08.08 16:00,0.6586,0.65925,0.6582,0.65845,3895,0.658189,0.658762,0.657609,0.657916,0,0.001641,-0.000561,0.000534
2024.08.08 17:00,0.6584,0.6596,0.6579,0.6593,4806,0.657856,0.659109,0.657337,0.658649,0,0.002263,-0.001209,0.000651
2024.08.08 18:00,0.6592,0.66,0.65915,0.65995,4001,0.658588,0.659457,0.658571,0.6593,0,0.001429,-0.000307,0.00065
2024.08.08 19:00,0.65995,0.65995,0.65915,0.65945,3972,0.65917,0.65937,0.658588,0.658818,0,0.001362,-0.00022,0.000632
2024.08.08 20:00,0.6595,0.66005,0.65945,0.6599,1922,0.658879,0.659587,0.65884,0.6595,0,0.00121,-0.000137,0.0004
2024.08.08 22:00,0.6599,0.66,0.65925,0.65955,0,0.65957,0.659687,0.6589,0.65897,0,0.0011,-0.000437,0.00058
2024.08.08 23:00,0.6596,0.6601,0.65935,0.6598,2021,0.65907,0.659544,0.65884,0.659191,0,0.00126,-0.000194,0.000609
2024.08.09 00:00,0.6597,0.65985,0.6587,0.6591,3084,0.6592,0.659283,0.658168,0.658519,0,0.001682,-0.000583,0.000581
2024.08.09 01:00,0.6591,0.66015,0.65905,0.65975,2655,0.658497,0.659674,0.658497,0.659118,0,0.001653,-0.000624,0.000632
2024.08.09 02:00,0.65975,0.661,0.65955,0.66055,2986,0.659131,0.660546,0.659026,0.660009,0,0.001974,-0.000996,0.000541
2024.08.09 03:00,0.6605,0.66075,0.66025,0.66075,1464,0.659918,0.660371,0.659687,0.660219,0,0.001063,-0.000121,0.000531
2024.08.09 04:00,0.6608,0.66115,0.6595,0.6595,2637,0.66021,0.660633,0.659018,0.659039,0,0.002132,-0.001133,0.000461
2024.08.09 05:00,0.65955,0.66045,0.6589,0.65995,2850,0.658987,0.659979,0.658397,0.659422,0,0.002053,-0.001079,0.000528
2024.08.09 06:00,0.65985,0.6612,0.65955,0.6611,3459,0.6592,0.660677,0.659018,0.660541,0,0.002182,-0.001127,0.000559
2024.08.09 07:00,0.66105,0.6611,0.6599,0.65995,2672,0.660428,0.660546,0.6593,0.659378,0,0.0018,-0.000646,0.000572
2024.08.09 08:00,0.65995,0.66025,0.65945,0.65975,2232,0.659378,0.659674,0.658857,0.659118,0,0.001393,-0.000224,0.000632
2024.08.09 09:00,0.65975,0.65985,0.6588,0.65905,1527,0.659157,0.65937,0.65822,0.658488,0,0.00163,-0.00057,0.000562
2024.08.09 10:00,0.65905,0.6591,0.6582,0.65825,2003,0.658471,0.658631,0.657601,0.657648,0,0.001499,-0.000431,0.000602
2024.08.09 11:00,0.65825,0.6585,0.6577,0.65825,2572,0.657618,0.658025,0.65713,0.6577,0,0.00137,-0.000325,0.00055
2024.08.09 12:00,0.6583,0.6584,0.6573,0.65795,7878,0.657748,0.657808,0.656789,0.657389,0,0.001611,-0.000508,0.000561
2024.08.09 13:00,0.65795,0.659,0.6577,0.6579,6673,0.657289,0.658358,0.65713,0.657328,0,0.00187,-0.000658,0.000572
2024.08.09 14:00,0.6579,0.65935,0.65785,0.6589,8094,0.657397,0.658892,0.657307,0.658276,0,0.002043,-0.001042,0.000624
2024.08.09 15:00,0.6589,0.65905,0.6581,0.65815,3319,0.658337,0.658501,0.657549,0.657579,0,0.001501,-0.000401,0.000571
2024.08.09 16:00,0.65815,0.6582,0.6575,0.6581,2178,0.65748,0.657635,0.656948,0.65754,0,0.001252,-0.000135,0.00056
2024.08.09 17:00,0.65815,0.6587,0.65785,0.658,2435,0.657549,0.658198,0.657311,0.657441,0,0.001389,-0.000348,0.000559
2024.08.09 18:00,0.658,0.6581,0.6576,0.65805,2893,0.657441,0.657592,0.657048,0.65748,0,0.001052,8e-06,0.00057
2024.08.09 19:00,0.65805,0.65835,0.6579,0.65825,2553,0.657471,0.657808,0.657307,0.65773,0,0.001043,9.2e-05,0.00052
2024.08.09 20:00,0.65825,0.6583,0.6578,0.65785,1775,0.657609,0.657851,0.657328,0.657358,0,0.000972,-5.1e-05,0.000492
2024.08.11 23:00,0.65805,0.65815,0.6574,0.65755,1035,0.657419,0.657722,0.65684,0.65697,0,0.00131,-0.000322,0.00058
2024.08.12 00:00,0.6575,0.65905,0.65745,0.65845,2143,0.657117,0.658501,0.656987,0.657899,0,0.002063,-0.001051,0.000551
2024.08.12 01:00,0.6584,0.65945,0.6584,0.65905,2079,0.657981,0.658979,0.657869,0.658588,0,0.001581,-0.000579,0.000462
2024.08.12 02:00,0.65905,0.6595,0.6589,0.65905,1551,0.658467,0.658935,0.658319,0.658675,0,0.001181,-3.5e-05,0.000375
2024.08.12 03:00,0.6591,0.65935,0.6588,0.6588,834,0.658579,0.658892,0.658297,0.658441,0,0.001052,-9.2e-05,0.000359
2024.08.12 04:00,0.65905,0.6592,0.65875,0.659,854,0.658545,0.658675,0.658198,0.658488,0,0.001002,7.5e-05,0.000512
2024.08.12 05:00,0.659,0.6593,0.6584,0.65885,1599,0.658488,0.658762,0.657908,0.658415,0,0.001392,-0.000362,0.000435
2024.08.12 06:00,0.6588,0.6596,0.65875,0.65915,2821,0.658258,0.659022,0.658198,0.658718,0,0.001402,-0.000272,0.000432
2024.08.12 07:00,0.65915,0.6607,0.6587,0.66065,3171,0.658597,0.66024,0.65815,0.66014,0,0.00255,-0.00154,0.00051
2024.08.12 08:00,0.6606,0.66085,0.65995,0.6603,2183,0.660197,0.660415,0.65937,0.659709,0,0.00148,-0.000465,0.000591
2024.08.12 09:00,0.6603,0.66055,0.6599,0.66055,1324,0.659848,0.66011,0.659409,0.66011,0,0.001141,-0.00021,0.00044
2024.08.12 10:00,0.6606,0.6609,0.66045,0.6606,1808,0.660049,0.660458,0.659887,0.660153,0,0.001013,-8e-06,0.000447
2024.08.12 11:00,0.66055,0.6609,0.6603,0.66035,3156,0.65994,0.660502,0.6597,0.65977,0,0.0012,-0.000202,0.00058
2024.08.12 12:00,0.6604,0.6607,0.6597,0.65995,4311,0.659935,0.660153,0.659118,0.659417,0,0.001582,-0.000453,0.000533
2024.08.12 13:00,0.66,0.6609,0.65985,0.66,5058,0.659544,0.660415,0.659339,0.659631,0,0.001561,-0.000565,0.000369
2024.08.12 14:00,0.66,0.6612,0.6598,0.6608,7721,0.659339,0.660502,0.659339,0.660327,0,0.001861,-0.000702,0.000472
2024.08.12 15:00,0.66075,0.66115,0.6593,0.6601,7606,0.660201,0.660633,0.658788,0.659478,0,0.002362,-0.001333,0.000622
2024.08.12 16:00,0.6601,0.6601,0.65905,0.6592,3297,0.659674,0.659674,0.658458,0.658597,0,0.001642,-0.000624,0.000603
2024.08.12 17:00,0.65915,0.65985,0.65875,0.6594,5403,0.658675,0.65937,0.658319,0.658935,0,0.001531,-0.00062,0.000465
2024.08.12 18:00,0.6594,0.6596,0.65905,0.6595,2984,0.658848,0.659109,0.65851,0.659022,0,0.00109,-5.9e-05,0.000478
2024.08.12 19:00,0.65945,0.65965,0.65905,0.6593,2213,0.658909,0.659109,0.65848,0.658848,0,0.00117,-5.9e-05,0.000452
2024.08.12 20:00,0.65925,0.65935,0.659,0.65925,1614,0.65861,0.658848,0.658558,0.658709,0,0.000792,0.000152,0.000541
2024.08.12 22:00,0.65945,0.65945,0.6591,0.65945,0,0.65897,0.65907,0.658657,0.658879,0,0.000793,3e-05,0.000571
2024.08.12 23:00,0.6594,0.65945,0.65905,0.65915,712,0.658892,0.658979,0.65851,0.658718,0,0.00094,7.1e-05,0.000432
2024.08.13 00:00,0.6591,0.65935,0.65855,0.65905,1979,0.658688,0.658848,0.658029,0.658527,0,0.001321,-0.000298,0.000523
2024.08.13 01:00,0.65905,0.65995,0.6587,0.65975,2894,0.658519,0.659413,0.658415,0.659187,0,0.001535,-0.000713,0.000563
2024.08.13 02:00,0.6597,0.65995,0.6592,0.65975,1266,0.659139,0.6595,0.658666,0.659283,0,0.001284,-0.0003,0.000467
2024.08.13 03:00,0.65975,0.66045,0.65955,0.6598,0,0.65917,0.659979,0.659039,0.659457,0,0.001411,-0.000429,0.000343
2024.08.13 04:00,0.66015,0.6607,0.6601,0.66015,2137,0.659339,0.66024,0.659339,0.659609,0,0.001361,-0.00014,0.000541
2024.08.13 05:00,0.6601,0.6602,0.65975,0.66,1266,0.659718,0.659718,0.659161,0.659448,0,0.001039,3.2e-05,0.000552
2024.08.13 06:00,0.66,0.6606,0.65925,0.66035,2295,0.659631,0.660197,0.658727,0.659892,0,0.001873,-0.000947,0.000458
2024.08.13 07:00,0.6603,0.66145,0.6603,0.66135,3451,0.659766,0.661026,0.659766,0.660939,0,0.001684,-0.000726,0.000412
2024.08.13 08:00,0.66135,0.6615,0.6608,0.6609,1920,0.66086,0.66107,0.660267,0.660397,0,0.001233,-0.00027,0.000503
2024.08.13 09:00,0.6609,0.66105,0.66015,0.661,2869,0.660546,0.660633,0.6596,0.660471,0,0.00145,-0.000483,0.000529
2024.08.13 10:00,0.661,0.6611,0.6599,0.6601,1812,0.660589,0.660677,0.659378,0.659674,0,0.001722,-0.000777,0.000426
2024.08.13 11:00,0.66005,0.66055,0.6598,0.66,2414,0.6594,0.660153,0.659309,0.659587,0,0.001241,-0.000353,0.000413
2024.08.13 12:00,0.66,0.66175,0.6597,0.6614,10851,0.659417,0.66107,0.6592,0.660939,0,0.00255,-0.00137,0.000462
2024.08.13 13:00,0.6614,0.66245,0.66,0.66195,11343,0.660821,0.66177,0.659487,0.661463,0,0.002963,-0.00177,0.000487
2024.08.13 14:00,0.6619,0.662,0.66075,0.66155,7237,0.661349,0.661551,0.66021,0.661113,0,0.00179,-0.000801,0.000437
2024.08.13 15:00,0.6615,0.66185,0.661,0.66175,3447,0.66103,0.661332,0.660437,0.661179,0,0.001413,-0.000332,0.000571
2024.08.13 16:00,0.6617,0.66325,0.6616,0.6631,5248,0.661288,0.662734,0.66107,0.662647,0,0.00218,-0.001134,0.000453
2024.08.13 17:00,0.6631,0.6633,0.6625,0.6629,4430,0.662449,0.662822,0.661989,0.662427,0,0.001311,-0.000322,0.000473
2024.08.13 18:00,0.6629,0.6643,0.6629,0.6643,5070,0.662339,0.663834,0.662326,0.663834,0,0.001974,-0.000934,0.000466
2024.08.13 19:00,0.66425,0.66445,0.664,0.66425,3376,0.663671,0.663967,0.663429,0.663667,0,0.001021,3.3e-05,0.000583
2024.08.13 20:00,0.6643,0.6643,0.66395,0.66405,1860,0.663834,0.663834,0.663412,0.663658,0,0.000888,0.000116,0.000392
2024.08.13 22:00,0.6639,0.66425,0.66375,0.6642,0,0.663337,0.66379,0.663319,0.663627,0,0.000931,-4e-05,0.000573
2024.08.13 23:00,0.6642,0.6646,0.664,0.6644,1657,0.663649,0.664099,0.66342,0.663839,0,0.00118,-9.9e-05,0.000561
2024.08.14 00:00,0.6644,0.66485,0.664,0.66475,3873,0.663967,0.664408,0.663469,0.664218,0,0.001381,-0.000408,0.000532
2024.08.14 01:00,0.6647,0.66495,0.6641,0.6645,3069,0.664275,0.664408,0.66357,0.664099,0,0.00138,-0.000308,0.000401
2024.08.14 02:00,0.66445,0.66445,0.66255,0.66345,10269,0.662849,0.663834,0.66241,0.662954,0,0.00204,-0.001284,0.000496
2024.08.14 03:00,0.6634,0.6635,0.66245,0.6632,4763,0.662888,0.662998,0.661919,0.662537,0,0.001581,-0.000548,0.000663
2024.08.14 04:00,0.66315,0.6635,0.66295,0.6631,1258,0.662603,0.662954,0.662401,0.66259,0,0.001099,-4e-06,0.00051
2024.08.14 05:00,0.6631,0.66445,0.6629,0.6639,2677,0.662691,0.663759,0.662388,0.663482,0,0.002062,-0.000859,0.000418
2024.08.14 06:00,0.6639,0.6642,0.6633,0.6641,4172,0.663412,0.663746,0.662778,0.663746,0,0.001422,-0.000446,0.000354
2024.08.14 07:00,0.6641,0.66485,0.66395,0.664,4969,0.663491,0.664408,0.663398,0.66357,0,0.001452,-0.000458,0.00043
2024.08.14 08:00,0.66395,0.6642,0.663,0.66365,4512,0.663429,0.663579,0.662458,0.66317,0,0.001742,-0.000579,0.00048
2024.08.14 09:00,0.66365,0.66445,0.6636,0.6642,2739,0.663306,0.664055,0.663139,0.663746,0,0.001311,-0.000455,0.000454
2024.08.14 10:00,0.66415,0.6642,0.663,0.664,3063,0.663491,0.663702,0.662489,0.663614,0,0.001711,-0.000702,0.000386
2024.08.14 11:00,0.664,0.664,0.663,0.66325,3487,0.663412,0.663438,0.66248,0.662822,0,0.00152,-0.000438,0.000428
2024.08.14 12:00,0.66325,0.66495,0.66195,0.66295,14204,0.662598,0.66306,0.661638,0.662401,0,0.003312,-0.00111,0.000549
2024.08.14 13:00,0.6629,0.66415,0.6622,0.66225,8146,0.662515,0.663482,0.661656,0.661813,0,0.002494,-0.001282,0.000437
2024.08.14 14:00,0.6622,0.66285,0.66155,0.66275,11946,0.661196,0.662471,0.661017,0.662339,0,0.001833,-0.000921,0.000411
2024.08.14 15:00,0.6627,0.6629,0.6617,0.66215,5185,0.662129,0.662471,0.661209,0.661726,0,0.001691,-0.000771,0.000424
2024.08.14 16:00,0.6621,0.66215,0.6608,0.6613,5341,0.661538,0.661638,0.660219,0.660729,0,0.001931,-0.000838,0.000571
2024.08.14 17:00,0.66125,0.6614,0.66055,0.6608,3735,0.660851,0.660851,0.66007,0.660258,0,0.00133,-0.000301,0.000542
2024.08.14 18:00,0.66075,0.6611,0.6602,0.66105,5068,0.660201,0.660589,0.65967,0.660589,0,0.00143,-0.000389,0.000461
2024.08.14 19:00,0.661,0.661,0.6602,0.6604,4543,0.66038,0.660546,0.659639,0.659979,0,0.001361,-0.000346,0.000421
2024.08.14 20:00,0.66045,0.66065,0.6602,0.6603,1406,0.659831,0.66024,0.659648,0.659757,0,0.001002,-4e-05,0.000543
2024.08.14 22:00,0.6601,0.6607,0.6598,0.66065,0,0.659587,0.660284,0.659478,0.660227,0,0.001222,-0.000484,0.000423
2024.08.14 23:00,0.6607,0.6607,0.65975,0.66035,2008,0.660179,0.66024,0.659357,0.659979,0,0.001343,-0.00049,0.000371
2024.08.15 00:00,0.66035,0.66045,0.6594,0.6595,4730,0.659918,0.660066,0.658996,0.659152,0,0.001454,-0.000666,0.000348
2024.08.15 01:00,0.65955,0.6619,0.6556,0.6616,15709,0.65897,0.661419,0.657428,0.661249,0,0.004472,-0.005819,0.000351
2024.08.15 02:00,0.66155,0.6626,0.66115,0.66245,3164,0.661244,0.662164,0.660707,0.662076,0,0.001893,-0.001014,0.000374
2024.08.15 03:00,0.6624,0.6629,0.66225,0.66245,2231,0.661949,0.662471,0.661748,0.66212,0,0.001152,-0.000221,0.00033
2024.08.15 04:00,0.6629,0.66335,0.6628,0.66305,2917,0.66198,0.662954,0.66198,0.662691,0,0.00137,-0.000154,0.000359
2024.08.15 05:00,0.66305,0.66305,0.66235,0.6625,2438,0.662511,0.662603,0.661888,0.662019,0,0.001162,-0.000253,0.000481
2024.08.15 06:00,0.66245,0.66305,0.6623,0.6626,2943,0.66212,0.662691,0.66177,0.662089,0,0.00128,-0.000391,0.000511
2024.08.15 07:00,0.66255,0.663,0.6623,0.66295,2579,0.662164,0.662603,0.661818,0.662603,0,0.001182,-0.000303,0.000347
2024.08.15 08:00,0.663,0.66305,0.6622,0.66225,2450,0.662497,0.662647,0.661708,0.661901,0,0.001342,-0.000447,0.000349
2024.08.15 09:00,0.6622,0.66305,0.6621,0.66305,1426,0.661608,0.662691,0.661608,0.662581,0,0.001442,-0.000591,0.000469
2024.08.15 10:00,0.6631,0.66365,0.66295,0.6631,2189,0.662734,0.663306,0.662511,0.662537,0,0.001139,-0.000356,0.000563
2024.08.15 11:00,0.6631,0.66395,0.66305,0.66365,2558,0.662734,0.66357,0.662616,0.663306,0,0.001334,-0.00052,0.000344
2024.08.15 12:00,0.66365,0.6638,0.66105,0.6613,14107,0.663187,0.663306,0.660598,0.660982,0,0.003202,-0.002256,0.000318
2024.08.15 13:00,0.6613,0.66265,0.6602,0.6625,9777,0.660808,0.662208,0.659718,0.66184,0,0.002932,-0.002008,0.00066
2024.08.15 14:00,0.66245,0.6635,0.6617,0.6635,9514,0.66212,0.663086,0.661279,0.662919,0,0.002221,-0.001386,0.000581
2024.08.15 15:00,0.66345,0.66405,0.66325,0.66345,7467,0.66313,0.66357,0.662827,0.663086,0,0.001223,-0.00032,0.000364
2024.08.15 16:00,0.6635,0.66395,0.6629,0.663,2196,0.66298,0.66357,0.662361,0.662603,0,0.001589,-0.00067,0.000397
2024.08.15 17:00,0.66295,0.663,0.662,0.66215,2788,0.662427,0.662603,0.66152,0.66177,0,0.00148,-0.000603,0.00038
2024.08.15 18:00,0.66215,0.66235,0.6618,0.6621,3454,0.661638,0.661989,0.661358,0.661559,0,0.000992,-0.000189,0.000541
2024.08.15 19:00,0.6621,0.6622,0.6615,0.66165,2177,0.661726,0.661813,0.661017,0.661332,0,0.001183,-0.000313,0.000318
2024.08.15 20:00,0.6617,0.6618,0.66155,0.6616,1608,0.661126,0.661419,0.661026,0.661376,0,0.000774,0.000131,0.000224
2024.08.15 22:00,0.6616,0.6617,0.6613,0.6614,0,0.661467,0.661467,0.66093,0.661017,0,0.00077,-0.000167,0.000383
2024.08.15 23:00,0.66145,0.6619,0.6614,0.66175,2011,0.661113,0.661507,0.660978,0.661258,0,0.000922,-0.000107,0.000492
2024.08.16 00:00,0.66175,0.6621,0.6616,0.66205,2047,0.661463,0.66177,0.661109,0.661682,0,0.000991,-0.00017,0.000368
2024.08.16 01:00,0.662,0.66325,0.6618,0.6632,2799,0.66145,0.66291,0.661306,0.662866,0,0.001944,-0.00111,0.000334
2024.08.16 02:00,0.6632,0.66325,0.6628,0.66315,888,0.662748,0.662822,0.662317,0.662669,0,0.000933,-2.2e-05,0.000481
2024.08.16 03:00,0.6631,0.6631,0.6627,0.66295,898,0.662822,0.662822,0.662199,0.662396,0,0.000901,-0.000122,0.000554
2024.08.16 04:00,0.6629,0.6632,0.66275,0.66315,653,0.662559,0.662866,0.6623,0.662822,0,0.0009,-0.000116,0.000328
2024.08.16 05:00,0.66315,0.6639,0.663,0.66355,1817,0.662669,0.663526,0.662519,0.663218,0,0.001381,-0.000526,0.000332
2024.08.16 06:00,0.6635,0.66425,0.6633,0.66395,2782,0.662941,0.663834,0.662879,0.663482,0,0.001371,-0.000534,0.000468
2024.08.16 07:00,0.66395,0.6641,0.66335,0.6638,2681,0.663614,0.663702,0.662879,0.663319,0,0.001221,-0.000352,0.000481
2024.08.16 08:00,0.6638,0.66395,0.6633,0.66375,1455,0.663482,0.66357,0.662818,0.663319,0,0.001132,-0.00027,0.000431
2024.08.16 09:00,0.66375,0.66465,0.66375,0.66425,2190,0.663381,0.664319,0.663337,0.663878,0,0.001313,-0.000569,0.000372
2024.08.16 10:00,0.6642,0.6645,0.6635,0.664,1907,0.663751,0.664143,0.66306,0.663658,0,0.00144,-0.000643,0.000342
2024.08.16 11:00,0.66395,0.664,0.6632,0.6638,2993,0.6635,0.663658,0.66273,0.663341,0,0.00127,-0.000458,0.000459
2024.08.16 12:00,0.66385,0.664,0.66285,0.66325,4251,0.663526,0.663614,0.66241,0.66291,0,0.00159,-0.000764,0.00034
2024.08.16 13:00,0.66325,0.6642,0.66295,0.66395,4212,0.662739,0.663834,0.662489,0.663614,0,0.001711,-0.000884,0.000336
2024.08.16 14:00,0.6639,0.66435,0.6631,0.6642,9812,0.66346,0.663922,0.662598,0.663878,0,0.001752,-0.000822,0.000322
2024.08.16 15:00,0.66425,0.6654,0.6641,0.6654,6465,0.663737,0.664982,0.663632,0.664911,0,0.001768,-0.000882,0.000489
2024.08.16 16:00,0.6654,0.6663,0.66535,0.66615,3271,0.665115,0.665868,0.664827,0.665823,0,0.001473,-0.000518,0.000327
2024.08.16 17:00,0.66615,0.6669,0.66605,0.66685,3922,0.66565,0.666489,0.66554,0.666489,0,0.00136,-0.000439,0.000361
2024.08.16 18:00,0.6668,0.66765,0.66655,0.6676,6749,0.666289,0.6672,0.66612,0.6672,0,0.00153,-0.00065,0.0004
2024.08.16 19:00,0.66755,0.6677,0.66715,0.6675,5182,0.667058,0.667334,0.666698,0.667049,0,0.001002,-0.000184,0.000451
2024.08.16 20:00,0.6675,0.66765,0.6673,0.6676,2793,0.667156,0.667245,0.666858,0.667107,0,0.000792,5.5e-05,0.000493
2024.08.18 23:00,0.6677,0.668,0.6676,0.6678,798,0.667232,0.667646,0.667169,0.667289,0,0.000831,-4.6e-05,0.000511
2024.08.19 00:00,0.66785,0.66925,0.66775,0.66855,3751,0.66745,0.668852,0.667289,0.66811,0,0.001961,-0.001102,0.00044
2024.08.19 01:00,0.6686,0.6692,0.66825,0.66885,3255,0.668012,0.668852,0.66786,0.66844,0,0.00134,-0.000602,0.00041
2024.08.19 02:00,0.6689,0.6692,0.6684,0.66895,1486,0.668427,0.668852,0.667958,0.668516,0,0.001242,-0.000452,0.000434
2024.08.19 03:00,0.66895,0.67005,0.66895,0.6695,2820,0.668539,0.669613,0.668489,0.669111,0,0.001561,-0.000663,0.000389
2024.08.19 04:00,0.66955,0.66985,0.66885,0.66925,2754,0.669017,0.669434,0.668431,0.668798,0,0.001419,-0.000584,0.000452
2024.08.19 05:00,0.6693,0.6696,0.6683,0.66895,5089,0.668919,0.669299,0.667878,0.668449,0,0.001722,-0.000999,0.000501
2024.08.19 06:00,0.66895,0.66965,0.66845,0.66935,4406,0.668458,0.669254,0.66807,0.668887,0,0.00158,-0.000804,0.000463
2024.08.19 07:00,0.6693,0.66955,0.66895,0.66945,3540,0.668869,0.66921,0.668507,0.669039,0,0.001043,-0.00026,0.00041
2024.08.19 08:00,0.66945,0.66985,0.6691,0.66935,2531,0.669008,0.669523,0.668597,0.66891,0,0.001253,-0.000423,0.00044
2024.08.19 09:00,0.66935,0.6694,0.66885,0.66925,2714,0.668838,0.669031,0.668418,0.668726,0,0.000982,-0.000181,0.000524
2024.08.19 10:00,0.66915,0.6697,0.66915,0.6695,1923,0.6687,0.669389,0.6687,0.66908,0,0.001001,-0.000239,0.00042
2024.08.19 11:00,0.6695,0.67045,0.6695,0.6704,2465,0.669071,0.670107,0.669039,0.66994,0,0.00141,-0.000607,0.00046
2024.08.19 12:00,0.67035,0.6704,0.66985,0.6702,5080,0.669918,0.670062,0.669357,0.669739,0,0.001043,-0.000212,0.000461
2024.08.19 13:00,0.67025,0.67075,0.6698,0.67065,5836,0.66981,0.670376,0.669398,0.670102,0,0.001352,-0.000576,0.000548
2024.08.19 14:00,0.6707,0.6727,0.67065,0.6722,14394,0.67025,0.67216,0.67025,0.671659,0,0.00245,-0.00151,0.000541
2024.08.19 15:00,0.6722,0.6728,0.6719,0.672,7647,0.671637,0.67245,0.67147,0.671529,0,0.00133,-0.00055,0.000471
2024.08.19 16:00,0.67195,0.67275,0.67195,0.67255,3163,0.671542,0.672314,0.671529,0.67202,0,0.001221,-0.000364,0.00053
2024.08.19 17:00,0.67255,0.67335,0.6723,0.67335,2779,0.67198,0.672948,0.671826,0.672848,0,0.001524,-0.000648,0.000502
2024.08.19 18:00,0.6733,0.6739,0.6732,0.67355,6756,0.67283,0.673582,0.672757,0.673111,0,0.001143,-0.000382,0.000439
2024.08.19 19:00,0.6736,0.6738,0.6734,0.6737,4054,0.673061,0.673446,0.672952,0.673247,0,0.000848,-4.6e-05,0.000453
2024.08.19 20:00,0.67375,0.6739,0.67355,0.6736,2113,0.67326,0.673537,0.673047,0.67336,0,0.000853,1.3e-05,0.00024
2024.08.19 22:00,0.67375,0.6739,0.6736,0.6738,0,0.673609,0.673609,0.673228,0.67346,0,0.000672,-9e-06,0.00034
2024.08.19 23:00,0.6738,0.67435,0.67375,0.67395,1803,0.673387,0.674036,0.673292,0.6735,0,0.001058,-0.000286,0.00045
2024.08.20 00:00,0.6739,0.67415,0.67295,0.6731,5639,0.673519,0.673673,0.672499,0.67268,0,0.001651,-0.000723,0.00042
2024.08.20 01:00,0.67315,0.67405,0.67295,0.6733,5443,0.672739,0.673718,0.672631,0.672807,0,0.001419,-0.000768,0.000493
2024.08.20 02:00,0.67325,0.67345,0.67215,0.6726,6493,0.672771,0.673083,0.67165,0.67216,0,0.0018,-0.000933,0.00044
2024.08.20 03:00,0.67265,0.6728,0.67185,0.67235,0,0.67217,0.67245,0.67142,0.671858,0,0.00138,-0.0006,0.000492
2024.08.20 04:00,0.67205,0.67245,0.67195,0.67235,2661,0.671849,0.672088,0.671488,0.671858,0,0.000962,-0.000138,0.000492
2024.08.20 05:00,0.67235,0.67265,0.67195,0.6723,3964,0.671889,0.672224,0.671447,0.671849,0,0.001203,-0.000274,0.000451
2024.08.20 06:00,0.6723,0.67375,0.6723,0.67345,6287,0.67184,0.673446,0.67184,0.67297,0,0.00191,-0.001146,0.00048
2024.08.20 07:00,0.67345,0.6737,0.6726,0.67315,5207,0.673029,0.673265,0.672179,0.672708,0,0.001521,-0.000665,0.000442
2024.08.20 08:00,0.6732,0.6737,0.67305,0.67335,4717,0.672739,0.67331,0.672581,0.672948,0,0.001119,-0.00026,0.000402
2024.08.20 09:00,0.67335,0.6739,0.67335,0.6735,2404,0.672848,0.673491,0.672848,0.67302,0,0.001052,-0.000141,0.00048
2024.08.20 10:00,0.6735,0.67395,0.67345,0.67375,2236,0.673038,0.673582,0.672988,0.673287,0,0.000962,-0.000132,0.000463
2024.08.20 11:00,0.6738,0.674,0.6733,0.6739,2370,0.673319,0.673627,0.672848,0.67346,0,0.001152,-0.000327,0.00044
2024.08.20 12:00,0.67395,0.67475,0.6737,0.6747,8387,0.673519,0.674354,0.67326,0.674241,0,0.00149,-0.000654,0.000459
2024.08.20 13:00,0.6747,0.6747,0.674,0.67455,7653,0.674168,0.674354,0.673528,0.674068,0,0.001172,-0.000354,0.000482
2024.08.20 14:00,0.67455,0.6753,0.6741,0.675,12377,0.674032,0.674946,0.673727,0.674482,0,0.001573,-0.000846,0.000518
2024.08.20 15:00,0.67495,0.67505,0.67405,0.67455,6715,0.674627,0.674627,0.673618,0.674041,0,0.001432,-0.000577,0.000509
2024.08.20 16:00,0.67455,0.6748,0.67415,0.6742,3984,0.674082,0.674445,0.673659,0.673659,0,0.001141,-0.000295,0.000541
2024.08.20 17:00,0.67415,0.67435,0.67385,0.67435,3007,0.673668,0.673991,0.67346,0.673859,0,0.00089,-0.000141,0.000491
2024.08.20 18:00,0.67435,0.6753,0.67435,0.6752,8135,0.673909,0.674992,0.673909,0.674691,0,0.001391,-0.000642,0.000509
2024.08.20 19:00,0.67515,0.67545,0.675,0.6752,3000,0.67465,0.675037,0.674577,0.67475,0,0.000873,-3.7e-05,0.00045
2024.08.20 20:00,0.67525,0.6755,0.67515,0.67525,5478,0.674809,0.675174,0.674677,0.674828,0,0.000823,-2.4e-05,0.000422
2024.08.20 22:00,0.67505,0.6752,0.67475,0.6751,0,0.674951,0.674951,0.674541,0.674609,0,0.000659,-0.000201,0.000491
2024.08.20 23:00,0.6751,0.6754,0.6749,0.67515,1302,0.674641,0.675037,0.674527,0.674718,0,0.000873,-0.000137,0.000432
2024.08.21 00:00,0.67515,0.6758,0.67505,0.67555,2887,0.674718,0.675447,0.6746,0.675078,0,0.0012,-0.000397,0.000472
2024.08.21 01:00,0.6755,0.67565,0.6745,0.6749,3278,0.675069,0.675311,0.674077,0.674432,0,0.001573,-0.000811,0.000468
2024.08.21 02:00,0.6749,0.6752,0.67465,0.67475,2440,0.674477,0.674809,0.674218,0.674318,0,0.000982,-0.000159,0.000432
2024.08.21 03:00,0.6748,0.67535,0.67475,0.675,2676,0.674341,0.675083,0.674309,0.674568,0,0.001041,-0.000333,0.000432
2024.08.21 04:00,0.6749,0.67505,0.6745,0.67495,1510,0.674532,0.674809,0.674059,0.674518,0,0.000991,-0.000309,0.000432
2024.08.21 05:00,0.67495,0.6755,0.67465,0.6747,4837,0.674536,0.675174,0.674232,0.674268,0,0.001268,-0.000524,0.000432
2024.08.21 06:00,0.67475,0.67525,0.6744,0.6748,5633,0.674209,0.6749,0.67395,0.674318,0,0.0013,-0.000501,0.000482
2024.08.21 07:00,0.6748,0.6751,0.67375,0.674,8722,0.674441,0.674764,0.67331,0.673509,0,0.00179,-0.001014,0.000491
2024.08.21 08:00,0.674,0.67445,0.67395,0.6741,3856,0.673541,0.674127,0.673519,0.673668,0,0.000931,-0.000177,0.000432
2024.08.21 09:00,0.6741,0.6747,0.67405,0.67435,2804,0.673609,0.674354,0.673609,0.673836,0,0.001091,-0.000304,0.000514
2024.08.21 10:00,0.6743,0.67485,0.67405,0.67475,4455,0.673859,0.674536,0.673632,0.674309,0,0.001218,-0.000486,0.000441
2024.08.21 11:00,0.67475,0.67475,0.67405,0.6744,2733,0.674291,0.674445,0.6736,0.673936,0,0.00115,-0.000395,0.000464
2024.08.21 12:00,0.6744,0.675,0.67435,0.67485,5013,0.673918,0.674673,0.673882,0.674368,0,0.001118,-0.000323,0.000482
2024.08.21 13:00,0.67485,0.67495,0.6741,0.6747,6601,0.6744,0.674582,0.673718,0.674332,0,0.001232,-0.000482,0.000368
2024.08.21 14:00,0.67465,0.6752,0.6736,0.67435,20748,0.673732,0.674809,0.673351,0.673959,0,0.001849,-0.001209,0.000391
2024.08.21 15:00,0.67435,0.6762,0.6743,0.6755,9771,0.674009,0.675767,0.673859,0.675019,0,0.002341,-0.001467,0.000481
2024.08.21 16:00,0.67545,0.6755,0.67425,0.67465,5188,0.67496,0.675083,0.673818,0.674168,0,0.001682,-0.000833,0.000482
2024.08.21 17:00,0.6747,0.67535,0.67445,0.6751,2771,0.674209,0.674946,0.674018,0.674677,0,0.001332,-0.000496,0.000423
2024.08.21 18:00,0.67505,0.67665,0.67495,0.6757,11067,0.6749,0.67627,0.6749,0.67527,0,0.00175,-0.00132,0.00043
2024.08.21 19:00,0.67575,0.67575,0.67445,0.6748,4108,0.675238,0.675311,0.673991,0.674309,0,0.001759,-0.000861,0.000491
2024.08.21 20:00,0.6748,0.67495,0.67435,0.67495,1869,0.674309,0.674627,0.673859,0.674527,0,0.001091,-0.000277,0.000423
2024.08.21 22:00,0.67495,0.67555,0.67485,0.6755,0,0.674609,0.675311,0.674609,0.675265,0,0.000941,-0.000461,0.000235
2024.08.21 23:00,0.67555,0.6757,0.67535,0.67545,1079,0.675188,0.675447,0.674987,0.675037,0,0.000713,-9.7e-05,0.000413
2024.08.22 00:00,0.6754,0.67565,0.6748,0.6748,2959,0.675001,0.675356,0.674391,0.674409,0,0.001259,-0.000556,0.000391
2024.08.22 01:00,0.6749,0.67495,0.674,0.6743,3784,0.674468,0.674627,0.67365,0.673886,0,0.0013,-0.000627,0.000414
2024.08.22 02:00,0.6743,0.6744,0.6731,0.67355,4376,0.673932,0.674036,0.672839,0.673138,0,0.001561,-0.000936,0.000412
2024.08.22 03:00,0.67355,0.6739,0.6735,0.6736,2333,0.67316,0.673582,0.673088,0.67331,0,0.000812,-8.2e-05,0.00029
2024.08.22 04:00,0.67345,0.67405,0.6734,0.674,1318,0.673351,0.673809,0.672979,0.6736,0,0.001071,-0.000409,0.0004
2024.08.22 05:00,0.67405,0.6745,0.67385,0.67435,1956,0.673618,0.674218,0.673469,0.673977,0,0.001031,-0.000368,0.000373
2024.08.22 06:00,0.6743,0.67505,0.6742,0.6745,4627,0.673991,0.674718,0.673868,0.67415,0,0.001182,-0.000518,0.00035
2024.08.22 07:00,0.67455,0.67555,0.67455,0.67535,5776,0.674209,0.675174,0.674209,0.674941,0,0.001341,-0.000624,0.000409
2024.08.22 08:00,0.6753,0.67575,0.67505,0.67505,2823,0.674928,0.675493,0.6746,0.674609,0,0.00115,-0.000443,0.000441
2024.08.22 09:00,0.67505,0.6751,0.67455,0.67455,2268,0.674659,0.674809,0.674109,0.674109,0,0.000991,-0.000259,0.000441
2024.08.22 10:00,0.6744,0.67445,0.67405,0.6741,3079,0.674009,0.674172,0.673659,0.673736,0,0.000791,-0.000122,0.000364
2024.08.22 11:00,0.6741,0.6742,0.673,0.67355,4111,0.673627,0.673945,0.672608,0.673147,0,0.001592,-0.000945,0.000403
2024.08.22 12:00,0.67355,0.674,0.67275,0.6739,9039,0.673129,0.673764,0.672509,0.673487,0,0.001491,-0.001014,0.000413
2024.08.22 13:00,0.6739,0.67395,0.6717,0.6722,8455,0.673428,0.673627,0.671538,0.671822,0,0.002412,-0.001927,0.000378
2024.08.22 14:00,0.67225,0.67225,0.67035,0.6719,12400,0.67156,0.671772,0.67008,0.67152,0,0.00217,-0.001422,0.00038
2024.08.22 15:00,0.6719,0.672,0.67075,0.6712,5021,0.67156,0.671637,0.670381,0.670821,0,0.001619,-0.000887,0.000379
2024.08.22 16:00,0.67115,0.6719,0.6708,0.67105,2846,0.670817,0.671682,0.670479,0.67074,0,0.00142,-0.000882,0.00031
2024.08.22 17:00,0.6711,0.6712,0.67015,0.6702,2315,0.670718,0.670916,0.669828,0.669882,0,0.001372,-0.000766,0.000318
2024.08.22 18:00,0.6702,0.6713,0.6702,0.67105,4741,0.669909,0.670961,0.669842,0.670596,0,0.001458,-0.000761,0.000454
2024.08.22 19:00,0.67105,0.6714,0.6706,0.6709,3732,0.67065,0.671186,0.670268,0.670408,0,0.001132,-0.000586,0.000492
2024.08.22 20:00,0.67085,0.67115,0.6708,0.6709,1227,0.670479,0.670871,0.670439,0.670659,0,0.000711,-7.1e-05,0.000241
2024.08.22 22:00,0.6709,0.67105,0.67075,0.6709,0,0.670659,0.670781,0.670461,0.670547,0,0.000589,-3.1e-05,0.000353
2024.08.22 23:00,0.6709,0.67135,0.67075,0.6711,1527,0.670529,0.671096,0.670417,0.670781,0,0.000933,-0.000346,0.000319
2024.08.23 00:00,0.67115,0.6717,0.67095,0.67135,2344,0.670749,0.671411,0.670601,0.67101,0,0.001099,-0.000461,0.00034
2024.08.23 01:00,0.67135,0.67215,0.67125,0.67205,3210,0.67097,0.671908,0.67097,0.671646,0,0.00118,-0.000658,0.000404
2024.08.23 02:00,0.67205,0.6721,0.67135,0.6717,3028,0.671668,0.671908,0.67101,0.671371,0,0.00109,-0.000558,0.000329
2024.08.23 03:00,0.6717,0.6724,0.67165,0.6722,1427,0.671299,0.672133,0.671299,0.671831,0,0.001101,-0.000483,0.000369
2024.08.23 04:00,0.6724,0.67285,0.67235,0.6728,1797,0.671768,0.672585,0.671768,0.67245,0,0.001082,-0.000235,0.00035
2024.08.23 05:00,0.6728,0.67285,0.67225,0.6725,2102,0.672337,0.672585,0.671948,0.672102,0,0.000902,-0.000335,0.000398
2024.08.23 06:00,0.6725,0.6733,0.6722,0.673,3395,0.672111,0.673083,0.67184,0.672708,0,0.00146,-0.000883,0.000292
2024.08.23 07:00,0.67305,0.6732,0.67215,0.67275,4946,0.67264,0.672993,0.671817,0.672391,0,0.001383,-0.000843,0.000359
2024.08.23 08:00,0.67275,0.673,0.67245,0.6729,2722,0.67254,0.672812,0.672079,0.672549,0,0.000921,-0.000362,0.000351
2024.08.23 09:00,0.67285,0.6736,0.67285,0.67325,2729,0.672549,0.673401,0.672499,0.672857,0,0.001101,-0.000551,0.000393
2024.08.23 10:00,0.67325,0.67355,0.67285,0.6733,1813,0.672898,0.67331,0.67245,0.672938,0,0.0011,-0.00046,0.000362
2024.08.23 11:00,0.67335,0.67385,0.67325,0.6736,1774,0.673002,0.673627,0.67292,0.673287,0,0.00093,-0.000377,0.000313
2024.08.23 12:00,0.6736,0.6738,0.6732,0.6736,3219,0.673219,0.673582,0.672816,0.673219,0,0.000984,-0.000382,0.000381
2024.08.23 13:00,0.67355,0.6736,0.67275,0.6735,4559,0.673147,0.67331,0.672409,0.673201,0,0.001191,-0.00056,0.000299
2024.08.23 14:00,0.67355,0.67895,0.6734,0.6776,35610,0.6737,0.678748,0.6737,0.677241,0,0.00525,-0.005348,0.000359
2024.08.23 15:00,0.67755,0.67965,0.67745,0.67805,14451,0.677121,0.679394,0.677121,0.677801,0,0.002529,-0.001944,0.000249
2024.08.23 16:00,0.6781,0.6788,0.67745,0.6787,6649,0.67787,0.678518,0.677131,0.678357,0,0.001669,-0.001068,0.000343
2024.08.23 17:00,0.67865,0.6801,0.67855,0.67985,9079,0.678329,0.67981,0.67826,0.679459,0,0.00184,-0.00126,0.000391
2024.08.23 18:00,0.6798,0.68025,0.6795,0.6796,5404,0.679362,0.680041,0.679177,0.679237,0,0.001073,-0.000541,0.000363
2024.08.23 19:00,0.6796,0.6802,0.67925,0.68,4522,0.679191,0.679995,0.678951,0.679717,0,0.001249,-0.000745,0.000283
2024.08.23 20:00,0.68005,0.6803,0.6799,0.68015,3758,0.679602,0.680041,0.67956,0.679777,0,0.00074,-0.000141,0.000373
2024.08.25 23:00,0.6792,0.6795,0.67895,0.67915,3043,0.678721,0.679256,0.678679,0.678979,0,0.000821,-0.000306,0.000171
2024.08.26 00:00,0.6792,0.67985,0.67895,0.67945,3951,0.678841,0.679579,0.678679,0.679099,0,0.001171,-0.000629,0.000351
2024.08.26 01:00,0.67945,0.68005,0.67895,0.6792,4322,0.679256,0.679763,0.678647,0.678841,0,0.001403,-0.000813,0.000359
2024.08.26 02:00,0.6792,0.6796,0.6788,0.6788,1952,0.679025,0.679394,0.678449,0.67861,0,0.001151,-0.000594,0.00019
2024.08.26 03:00,0.6788,0.679,0.6781,0.6783,3273,0.678426,0.678702,0.677801,0.67815,0,0.001199,-0.000602,0.00015
2024.08.26 04:00,0.67835,0.6786,0.67795,0.67795,1936,0.677966,0.678334,0.677617,0.67764,0,0.000983,-0.000384,0.00031
2024.08.26 05:00,0.678,0.6781,0.6778,0.67785,2274,0.677782,0.677874,0.677461,0.677502,0,0.000639,-7.4e-05,0.000348
2024.08.26 06:00,0.67785,0.6785,0.67765,0.67795,4429,0.67769,0.678196,0.677319,0.67769,0,0.001181,-0.000546,0.00026
2024.08.26 07:00,0.6779,0.6781,0.67745,0.67785,3825,0.677479,0.677874,0.677158,0.677644,0,0.000942,-0.000424,0.000206
2024.08.26 08:00,0.6779,0.6785,0.6777,0.6779,2512,0.677479,0.678288,0.67741,0.677521,0,0.00109,-0.000588,0.00038
2024.08.26 09:00,0.67785,0.67805,0.67765,0.67775,1085,0.67769,0.677828,0.677342,0.677378,0,0.000708,-0.000178,0.000372
2024.08.26 10:00,0.67775,0.6781,0.67765,0.6781,1739,0.67742,0.677874,0.677259,0.677874,0,0.000841,-0.000224,0.000226
2024.08.26 11:00,0.6781,0.67815,0.6771,0.67735,2377,0.677787,0.67792,0.676769,0.67714,0,0.001381,-0.00082,0.00021
2024.08.26 12:00,0.67735,0.67815,0.67715,0.67795,9762,0.676956,0.677782,0.67675,0.677617,0,0.0014,-0.000632,0.000333
2024.08.26 13:00,0.67795,0.6785,0.67745,0.6782,6189,0.677782,0.678242,0.677181,0.677939,0,0.001319,-0.000792,0.000261
2024.08.26 14:00,0.67815,0.67915,0.67775,0.67855,8854,0.67792,0.678841,0.677452,0.678426,0,0.001698,-0.001091,0.000124
2024.08.26 15:00,0.6786,0.67865,0.67745,0.67755,4521,0.678237,0.67838,0.677131,0.677369,0,0.001519,-0.00093,0.000181
2024.08.26 16:00,0.67755,0.67865,0.67745,0.67865,2241,0.677158,0.678472,0.677117,0.678426,0,0.001533,-0.001022,0.000224
2024.08.26 17:00,0.6786,0.679,0.67795,0.6782,4214,0.67826,0.678748,0.67764,0.677897,0,0.00136,-0.000798,0.000303
2024.08.26 18:00,0.6782,0.67835,0.6778,0.67815,3164,0.678012,0.678104,0.677498,0.677966,0,0.000852,-0.000304,0.000184
2024.08.26 19:00,0.6781,0.6783,0.6775,0.67775,3298,0.677828,0.678104,0.677218,0.677507,0,0.001082,-0.000604,0.000243
2024.08.26 20:00,0.67775,0.67775,0.6774,0.6776,920,0.67741,0.677461,0.677089,0.677415,0,0.000661,-6.1e-05,0.000185
2024.08.26 22:00,0.67755,0.6777,0.6774,0.67755,0,0.677323,0.677461,0.677158,0.677218,0,0.000542,-6.1e-05,0.000332
2024.08.26 23:00,0.67755,0.678,0.67755,0.6777,1728,0.677369,0.677782,0.677227,0.677507,0,0.000773,-0.000232,0.000193
2024.08.27 00:00,0.67765,0.67785,0.6766,0.6767,3435,0.677259,0.677599,0.676251,0.676498,0,0.001599,-0.000999,0.000202
2024.08.27 01:00,0.6767,0.67845,0.6767,0.6782,3511,0.676521,0.678196,0.676389,0.677897,0,0.002061,-0.001496,0.000303
2024.08.27 02:00,0.67825,0.6784,0.6777,0.67825,1909,0.678058,0.678196,0.677498,0.677957,0,0.000902,-0.000496,0.000293
2024.08.27 03:00,0.67825,0.6789,0.6782,0.6789,0,0.678058,0.678702,0.67786,0.678468,0,0.00104,-0.000502,0.000432
2024.08.27 04:00,0.67875,0.67895,0.67845,0.6788,1325,0.678477,0.678702,0.678132,0.678656,0,0.000818,-0.000252,0.000144
2024.08.27 05:00,0.6788,0.67935,0.6788,0.6791,2219,0.678481,0.679117,0.678477,0.678748,0,0.000873,-0.000317,0.000352
2024.08.27 06:00,0.67905,0.67955,0.67835,0.67835,3229,0.678933,0.679302,0.678058,0.678058,0,0.001492,-0.000952,0.000292
2024.08.27 07:00,0.6783,0.6788,0.6776,0.6777,4233,0.67815,0.67861,0.677319,0.677507,0,0.001481,-0.00101,0.000193
2024.08.27 08:00,0.67765,0.67855,0.6776,0.6781,2420,0.677309,0.678334,0.677309,0.67792,0,0.001241,-0.000734,0.00018
2024.08.27 09:00,0.67805,0.6789,0.678,0.67865,2813,0.677727,0.678702,0.677649,0.67827,0,0.001251,-0.000702,0.00038
2024.08.27 10:00,0.6786,0.67875,0.6783,0.6785,1427,0.678472,0.678656,0.677989,0.678178,0,0.000761,-0.000356,0.000322
2024.08.27 11:00,0.6785,0.6791,0.6785,0.67865,2339,0.678334,0.678841,0.678159,0.678426,0,0.000941,-0.000341,0.000224
2024.08.27 12:00,0.6786,0.67865,0.6776,0.6777,5706,0.678219,0.678472,0.677209,0.677507,0,0.001441,-0.000872,0.000193
2024.08.27 13:00,0.67775,0.67825,0.67745,0.67795,7196,0.677521,0.67792,0.677209,0.677589,0,0.001041,-0.00047,0.000361
2024.08.27 14:00,0.67785,0.67875,0.6774,0.67845,6423,0.677644,0.678518,0.677131,0.678099,0,0.001619,-0.001118,0.000351
2024.08.27 15:00,0.67845,0.6788,0.6778,0.67825,4896,0.678288,0.678564,0.677488,0.678058,0,0.001312,-0.000764,0.000192
2024.08.27 16:00,0.67825,0.67845,0.678,0.6781,2278,0.677929,0.678242,0.67769,0.67792,0,0.00076,-0.000242,0.00018
2024.08.27 17:00,0.6781,0.6793,0.67805,0.67925,3504,0.677787,0.679117,0.677741,0.679025,0,0.001559,-0.001067,0.000225
2024.08.27 18:00,0.6792,0.68,0.6792,0.6796,4288,0.67885,0.679763,0.67885,0.679297,0,0.00115,-0.000563,0.000303
2024.08.27 19:00,0.6796,0.67975,0.67925,0.6797,2762,0.679394,0.679532,0.67891,0.679532,0,0.00084,-0.000282,0.000168
2024.08.27 20:00,0.6797,0.67975,0.6795,0.6797,1130,0.67926,0.679579,0.679191,0.679532,0,0.000559,-7.9e-05,0.000168
2024.08.27 22:00,0.6797,0.67985,0.67925,0.67925,0,0.679639,0.679639,0.678997,0.678997,0,0.000853,-0.000389,0.000253
2024.08.27 23:00,0.6793,0.67955,0.67905,0.6791,1425,0.679071,0.679348,0.67879,0.67879,0,0.00076,-0.000298,0.00031
2024.08.28 00:00,0.67915,0.67995,0.67905,0.67935,2867,0.678979,0.679717,0.678822,0.679163,0,0.001128,-0.000667,0.000187
2024.08.28 01:00,0.6793,0.6817,0.67875,0.6803,14157,0.679002,0.681199,0.678458,0.68018,0,0.003242,-0.002449,0.00012
2024.08.28 02:00,0.6803,0.6809,0.6801,0.6803,4130,0.679999,0.680689,0.67987,0.680133,0,0.00103,-0.000589,0.000167
2024.08.28 03:00,0.6803,0.68055,0.67985,0.6804,2551,0.680032,0.680318,0.679611,0.680138,0,0.000939,-0.000468,0.000262
2024.08.28 04:00,0.6804,0.6805,0.6797,0.67985,1963,0.680318,0.680365,0.679417,0.679717,0,0.001083,-0.000665,0.000133
2024.08.28 05:00,0.67985,0.68,0.6787,0.6792,3551,0.679579,0.67981,0.678389,0.679025,0,0.001611,-0.00111,0.000175
2024.08.28 06:00,0.67915,0.6802,0.67855,0.6798,3899,0.678891,0.679995,0.67826,0.679579,0,0.00194,-0.001445,0.000221
2024.08.28 07:00,0.67975,0.6801,0.67945,0.6799,2303,0.679389,0.679856,0.679117,0.679611,0,0.000983,-0.000406,0.000289
2024.08.28 08:00,0.6799,0.6803,0.67955,0.6801,2178,0.679763,0.679995,0.67926,0.67974,0,0.00104,-0.000445,0.00036
2024.08.28 09:00,0.6801,0.6802,0.67945,0.6797,4246,0.679948,0.679948,0.679149,0.679532,0,0.001051,-0.000498,0.000168
2024.08.28 10:00,0.6797,0.6798,0.67895,0.67915,4652,0.679389,0.679532,0.67867,0.678933,0,0.00113,-0.000582,0.000217
2024.08.28 11:00,0.6791,0.6795,0.6781,0.67825,4544,0.678781,0.679302,0.677769,0.677957,0,0.001731,-0.001202,0.000293
2024.08.28 12:00,0.6783,0.6783,0.6774,0.6779,7347,0.678104,0.678104,0.677131,0.677649,0,0.001169,-0.000704,0.000251
2024.08.28 13:00,0.6779,0.6785,0.67765,0.6781,5447,0.677736,0.678334,0.67747,0.67792,0,0.00103,-0.000684,0.00018
2024.08.28 14:00,0.67815,0.6799,0.67805,0.6795,9775,0.677727,0.679671,0.677727,0.679302,0,0.002173,-0.001621,0.000198
2024.08.28 15:00,0.6795,0.67955,0.67845,0.6785,7018,0.67914,0.679209,0.678141,0.678178,0,0.001409,-0.000759,0.000322
2024.08.28 16:00,0.67845,0.67845,0.6771,0.67795,3838,0.678288,0.678288,0.67681,0.677658,0,0.00164,-0.001188,0.000292
2024.08.28 17:00,0.67795,0.6782,0.67695,0.677,3382,0.677782,0.678058,0.67664,0.676819,0,0.00156,-0.001108,0.000181
2024.08.28 18:00,0.677,0.6782,0.6768,0.6781,5088,0.67664,0.677966,0.67654,0.677966,0,0.00166,-0.001166,0.000134
2024.08.28 19:00,0.67815,0.67855,0.6781,0.6784,4255,0.677819,0.678426,0.67781,0.678076,0,0.00074,-0.000326,0.000324
2024.08.28 20:00,0.6784,0.6789,0.67815,0.67815,3651,0.678196,0.678748,0.678081,0.678629,0,0.000819,-0.000598,-0.000479
2024.08.28 22:00,0.67885,0.67895,0.6786,0.67875,0,0.67885,0.67896,0.678408,0.678569,0,0.000542,-0.00036,0.000181
2024.08.28 23:00,0.67875,0.679,0.6784,0.6786,1577,0.678569,0.678841,0.678219,0.678518,0,0.000781,-0.000441,8.2e-05
2024.08.29 00:00,0.6786,0.6803,0.6786,0.6802,3973,0.67838,0.68018,0.67838,0.680008,0,0.00192,-0.00158,0.000192
2024.08.29 01:00,0.68025,0.68065,0.67925,0.6793,5785,0.68018,0.680504,0.679099,0.679256,0,0.001551,-0.001254,4.4e-05
2024.08.29 02:00,0.6793,0.67985,0.6792,0.67945,1841,0.679117,0.679671,0.678951,0.679394,0,0.000899,-0.000471,5.6e-05
2024.08.29 03:00,0.6794,0.68005,0.67905,0.68,2386,0.679228,0.679948,0.678859,0.679902,0,0.001191,-0.000898,9.8e-05
2024.08.29 04:00,0.68055,0.681,0.68035,0.6807,3204,0.679851,0.680735,0.679828,0.680457,0,0.001172,-0.000385,0.000243
2024.08.29 05:00,0.68065,0.68115,0.6804,0.6809,2188,0.680596,0.680921,0.680189,0.680661,0,0.000961,-0.000521,0.000239
2024.08.29 06:00,0.68085,0.68145,0.68055,0.6812,3588,0.680689,0.681338,0.680351,0.681153,0,0.001099,-0.000788,4.8e-05
2024.08.29 07:00,0.68125,0.68155,0.68065,0.6815,3093,0.680921,0.681477,0.680388,0.681477,0,0.001162,-0.000827,2.3e-05
2024.08.29 08:00,0.6815,0.6815,0.68005,0.681,5741,0.681129,0.681129,0.679847,0.680758,0,0.001653,-0.001079,0.000242
2024.08.29 09:00,0.681,0.68275,0.681,0.6824,6054,0.680921,0.682547,0.680837,0.682217,0,0.001913,-0.001547,0.000183
2024.08.29 10:00,0.68245,0.6826,0.68205,0.68245,3676,0.682408,0.682594,0.681831,0.682314,0,0.000769,-0.000544,0.000136
2024.08.29 11:00,0.6824,0.68265,0.6818,0.6821,2096,0.682138,0.682454,0.681668,0.681989,0,0.000982,-0.000654,0.000111
2024.08.29 12:00,0.682,0.6834,0.6803,0.68055,10426,0.681761,0.681896,0.680092,0.680457,0,0.003308,-0.001596,9.3e-05
2024.08.29 13:00,0.6806,0.6806,0.67875,0.6792,9685,0.680189,0.680318,0.67861,0.67896,0,0.00199,-0.001568,0.00024
2024.08.29 14:00,0.67925,0.6799,0.67875,0.67945,7478,0.679256,0.67981,0.678578,0.679348,0,0.001322,-0.00106,0.000102
2024.08.29 15:00,0.67945,0.68085,0.6793,0.6808,3801,0.679297,0.680735,0.679071,0.680735,0,0.001779,-0.001435,6.5e-05
2024.08.29 16:00,0.6808,0.68135,0.6805,0.6807,5350,0.68061,0.681245,0.6803,0.68055,0,0.00105,-0.000745,0.00015
2024.08.29 17:00,0.68065,0.6814,0.68055,0.68125,2497,0.680328,0.681199,0.680328,0.680999,0,0.001072,-0.000649,0.000251
2024.08.29 18:00,0.6813,0.6813,0.6796,0.6801,4238,0.68099,0.681199,0.679449,0.680087,0,0.001851,-0.001599,1.3e-05
2024.08.29 19:00,0.68015,0.68055,0.67985,0.68005,5628,0.679888,0.680457,0.679629,0.679995,0,0.000921,-0.000607,5.5e-05
2024.08.29 20:00,0.68,0.68025,0.68,0.6802,1003,0.67986,0.680133,0.679828,0.680041,0,0.000422,-0.000133,0.000159
2024.08.29 22:00,0.6801,0.68025,0.67995,0.68005,0,0.679948,0.680138,0.679819,0.679879,0,0.000431,-0.000188,0.000171
2024.08.29 23:00,0.68005,0.68025,0.6798,0.67985,1336,0.679995,0.680133,0.679579,0.67981,0,0.000671,-0.000333,4e-05
2024.08.30 00:00,0.67985,0.68025,0.6796,0.6802,2903,0.679639,0.68018,0.679459,0.680133,0,0.000791,-0.00058,6.7e-05
2024.08.30 01:00,0.6802,0.6805,0.67945,0.6796,3460,0.679999,0.680411,0.679311,0.679431,0,0.001189,-0.000961,0.000169
2024.08.30 02:00,0.6796,0.6803,0.6793,0.68025,2178,0.679579,0.680087,0.679108,0.68005,0,0.001192,-0.000787,0.0002
2024.08.30 03:00,0.68025,0.68115,0.68015,0.68095,2947,0.680226,0.681013,0.67993,0.680782,0,0.00122,-0.000863,0.000168
2024.08.30 04:00,0.6805,0.68085,0.68025,0.6803,1641,0.680582,0.680782,0.680008,0.680226,0,0.000842,-0.000532,7.4e-05
2024.08.30 05:00,0.68035,0.68095,0.68015,0.68075,1163,0.680119,0.680874,0.679939,0.680559,0,0.001011,-0.000724,0.000191
2024.08.30 06:00,0.6808,0.68095,0.68025,0.6807,2607,0.680689,0.680782,0.680059,0.680471,0,0.000891,-0.000532,0.000229
2024.08.30 07:00,0.68065,0.68135,0.6803,0.68115,2428,0.680596,0.681292,0.680129,0.68106,0,0.001221,-0.000992,9e-05
2024.08.30 08:00,0.6811,0.68195,0.681,0.68105,1979,0.68087,0.681849,0.680819,0.680967,0,0.001131,-0.000849,8.3e-05
2024.08.30 09:00,0.681,0.68125,0.68085,0.68095,1881,0.6808,0.681106,0.680592,0.680874,0,0.000658,-0.000256,7.6e-05
2024.08.30 10:00,0.68095,0.68095,0.6801,0.6802,1936,0.680731,0.680921,0.67986,0.679911,0,0.00109,-0.000821,0.000289
2024.08.30 11:00,0.6802,0.68045,0.6799,0.68015,2468,0.679948,0.680272,0.679639,0.679888,0,0.000811,-0.000372,0.000262
2024.08.30 12:00,0.68015,0.68065,0.6781,0.6788,10543,0.679911,0.680504,0.67798,0.678702,0,0.00267,-0.002404,9.8e-05
2024.08.30 13:00,0.6788,0.67885,0.6778,0.67835,9240,0.678569,0.678656,0.67758,0.678288,0,0.00127,-0.000856,6.2e-05
2024.08.30 14:00,0.67835,0.6795,0.6783,0.6787,11095,0.678468,0.679251,0.678127,0.67849,0,0.001373,-0.000951,0.00021
2024.08.30 15:00,0.6787,0.6789,0.67615,0.6768,11618,0.67861,0.678748,0.676,0.67665,0,0.0029,-0.002598,0.000151
2024.08.30 16:00,0.67675,0.6768,0.67545,0.6761,4302,0.676682,0.676682,0.675288,0.676041,0,0.001512,-0.001231,5.9e-05
2024.08.30 17:00,0.6761,0.67655,0.67595,0.6763,2985,0.675799,0.676361,0.675749,0.67627,0,0.000801,-0.000411,3e-05
2024.08.30 18:00,0.6763,0.67705,0.67625,0.67695,3500,0.67611,0.676956,0.67611,0.676718,0,0.00094,-0.000706,0.000232
2024.08.30 19:00,0.6769,0.67725,0.6767,0.67705,3535,0.676865,0.677048,0.676466,0.676947,0,0.000784,-0.000348,0.000103
2024.08.30 20:00,0.6771,0.6774,0.67675,0.67685,1244,0.676865,0.677277,0.676631,0.676727,0,0.000769,-0.000527,0.000123
2024.09.01 23:00,0.67735,0.6776,0.67695,0.6771,1197,0.677209,0.677507,0.676791,0.677048,0,0.000809,-0.000557,5.2e-05
2024.09.02 00:00,0.6771,0.67815,0.67695,0.67775,2326,0.676869,0.678012,0.676741,0.67769,0,0.001409,-0.001062,6e-05
2024.09.02 01:00,0.67775,0.6781,0.6771,0.6772,2319,0.677557,0.67792,0.676929,0.677007,0,0.001171,-0.00082,0.000193
2024.09.02 02:00,0.67715,0.67715,0.67605,0.67675,2800,0.677048,0.677048,0.675849,0.676682,0,0.001301,-0.000998,6.8e-05
2024.09.02 03:00,0.67675,0.67695,0.6763,0.6767,1436,0.676572,0.676911,0.676128,0.676636,0,0.000822,-0.000611,6.4e-05
2024.09.03 04:00,0.6747,0.67475,0.6734,0.67445,6631,0.674718,0.674718,0.67336,0.674291,0,0.00139,-0.001318,0.000159
2024.09.03 05:00,0.67445,0.67485,0.674,0.6743,4252,0.674445,0.674718,0.673882,0.674263,0,0.000968,-0.000718,3.7e-05
2024.09.03 06:00,0.6743,0.67445,0.67325,0.67435,5831,0.674,0.6744,0.673111,0.674309,0,0.001339,-0.00115,4.1e-05
2024.09.03 07:00,0.67435,0.67555,0.67435,0.6751,6605,0.674259,0.675447,0.674259,0.67491,0,0.001291,-0.001097,0.00019
2024.09.03 08:00,0.6751,0.6754,0.6748,0.67495,2974,0.675037,0.675311,0.674659,0.674759,0,0.000741,-0.000511,0.000191
2024.09.03 09:00,0.6749,0.675,0.6737,0.6737,2702,0.674855,0.674855,0.673578,0.673578,0,0.001422,-0.001155,0.000122
2024.09.03 10:00,0.6737,0.6739,0.67315,0.67335,15617,0.673537,0.673809,0.673061,0.673355,0,0.000839,-0.000659,-5e-06
2024.09.03 11:00,0.67335,0.6738,0.6733,0.67335,2089,0.673169,0.673764,0.67307,0.673169,0,0.00073,-0.000464,0.00018
2024.09.03 12:00,0.67335,0.6746,0.6732,0.6741,8588,0.67316,0.674536,0.673029,0.67385,0,0.001571,-0.001336,0.00025
2024.09.03 13:00,0.67415,0.675,0.67315,0.67365,14937,0.674082,0.674946,0.672979,0.673627,0,0.002021,-0.001796,2.3e-05
2024.09.03 14:00,0.67375,0.67495,0.67145,0.67175,22889,0.674127,0.674127,0.671348,0.671682,0,0.003602,-0.002677,6.8e-05
2024.09.03 15:00,0.6717,0.6724,0.67155,0.67225,7360,0.671497,0.672314,0.671317,0.67212,0,0.001083,-0.000764,0.00013
2024.09.03 16:00,0.6722,0.67275,0.67185,0.67195,2733,0.672224,0.672585,0.671668,0.671822,0,0.001082,-0.000735,0.000128
2024.09.03 17:00,0.67195,0.6722,0.67125,0.6713,2324,0.671908,0.672179,0.671118,0.671321,0,0.001082,-0.000929,-2.1e-05
2024.09.03 18:00,0.67135,0.67185,0.671,0.67165,5116,0.671132,0.671772,0.670857,0.671682,0,0.000993,-0.000772,-3.2e-05
2024.09.03 19:00,0.6717,0.672,0.6711,0.6715,7243,0.671497,0.671953,0.670938,0.671501,0,0.001062,-0.000853,-1e-06
2024.09.03 20:00,0.67155,0.67175,0.67105,0.67135,2928,0.671371,0.671637,0.670889,0.671281,0,0.000861,-0.000587,6.9e-05
2024.09.03 22:00,0.6715,0.6718,0.67095,0.6715,0,0.671429,0.671772,0.670929,0.671398,0,0.000871,-0.000822,0.000102
2024.09.03 23:00,0.67145,0.67185,0.6712,0.67155,2533,0.671339,0.671772,0.671127,0.671547,0,0.000723,-0.000572,3e-06
2024.09.04 00:00,0.6715,0.6718,0.6688,0.66905,9984,0.671479,0.671727,0.668758,0.669039,0,0.003042,-0.002927,1e-05
2024.09.04 01:00,0.66905,0.67085,0.66905,0.6704,5931,0.668986,0.670736,0.668986,0.67034,0,0.001864,-0.001686,6e-05
2024.09.04 02:00,0.6705,0.67085,0.6698,0.67035,3376,0.670466,0.670736,0.669671,0.670376,0,0.001179,-0.000936,-2.6e-05
2024.09.04 03:00,0.6704,0.6707,0.66985,0.67025,2172,0.670228,0.670691,0.669779,0.670196,0,0.000921,-0.000841,5.4e-05
2024.09.04 04:00,0.6705,0.6709,0.67045,0.6706,1647,0.670138,0.670826,0.670089,0.67047,0,0.000811,-0.000376,0.00013
2024.09.04 05:00,0.6706,0.6708,0.6702,0.6706,2236,0.670601,0.670781,0.670071,0.670408,0,0.000729,-0.000581,0.000192
2024.09.04 06:00,0.67065,0.6715,0.6699,0.67125,6805,0.670601,0.671501,0.669761,0.6711,0,0.001739,-0.001601,0.00015
2024.09.04 07:00,0.6713,0.67185,0.67075,0.671,4106,0.6712,0.671637,0.67061,0.670857,0,0.00124,-0.000887,0.000143
2024.09.04 08:00,0.671,0.67185,0.67045,0.67055,4051,0.670961,0.671732,0.670358,0.670408,0,0.001492,-0.001282,0.000142
2024.09.04 09:00,0.67055,0.67185,0.67055,0.67165,1954,0.670556,0.671817,0.670408,0.671551,0,0.001442,-0.001267,9.9e-05
2024.09.04 10:00,0.67165,0.67185,0.67115,0.6717,2114,0.671637,0.671772,0.671001,0.671727,0,0.000849,-0.000622,-2.7e-05
2024.09.04 11:00,0.67175,0.6723,0.67155,0.67205,3291,0.671569,0.672269,0.671407,0.672043,0,0.000893,-0.000719,7e-06
2024.09.04 12:00,0.672,0.67265,0.6712,0.6726,4331,0.67184,0.672585,0.671091,0.672585,0,0.001559,-0.001385,1.5e-05
2024.09.04 13:00,0.6726,0.6737,0.6725,0.67355,8437,0.672441,0.673627,0.672368,0.67331,0,0.001332,-0.001127,0.00024
2024.09.04 14:00,0.67345,0.6752,0.6734,0.67375,18458,0.673537,0.674992,0.67331,0.673764,0,0.00189,-0.001592,-1.4e-05
2024.09.04 15:00,0.67375,0.6739,0.67225,0.67245,10515,0.673578,0.6739,0.672088,0.672405,0,0.001812,-0.00165,4.5e-05
2024.09.04 16:00,0.67245,0.67295,0.67205,0.6727,3186,0.672246,0.672857,0.671899,0.672721,0,0.001051,-0.000807,-2.1e-05
2024.09.04 17:00,0.6727,0.6729,0.6714,0.67155,4231,0.672576,0.672902,0.671339,0.671339,0,0.001561,-0.001502,0.000211
2024.09.04 18:00,0.67145,0.67205,0.67135,0.6718,4757,0.671501,0.671998,0.671218,0.671628,0,0.000832,-0.000648,0.000172
2024.09.04 19:00,0.6718,0.67255,0.6717,0.67235,4156,0.671772,0.67254,0.671538,0.672359,0,0.001012,-0.00084,-9e-06
2024.09.04 20:00,0.6723,0.6728,0.6722,0.6727,983,0.67216,0.672766,0.672061,0.672721,0,0.000739,-0.000566,-2.1e-05
2024.09.04 22:00,0.6727,0.6727,0.6723,0.67245,0,0.672631,0.67278,0.672269,0.672409,0,0.000431,-0.00048,4.1e-05
2024.09.04 23:00,0.6725,0.6725,0.67155,0.67175,1805,0.67254,0.67254,0.671488,0.671772,0,0.001012,-0.00099,-2.2e-05
2024.09.05 00:00,0.67175,0.67265,0.67155,0.6724,4233,0.671619,0.672631,0.671461,0.67245,0,0.001189,-0.001081,-5e-05
2024.09.05 01:00,0.67245,0.67335,0.67225,0.67275,3887,0.67245,0.673265,0.67212,0.672712,0,0.00123,-0.001015,3.8e-05
2024.09.05 02:00,0.6728,0.67315,0.6725,0.67285,2736,0.672857,0.673219,0.672477,0.672816,0,0.000673,-0.000719,3.4e-05
2024.09.05 03:00,0.67285,0.67325,0.6723,0.6724,2592,0.672948,0.673265,0.672278,0.672391,0,0.000972,-0.000965,9e-06
2024.09.05 04:00,0.67205,0.67255,0.672,0.67255,1944,0.67235,0.672585,0.671921,0.672585,0,0.000629,-0.000585,-3.5e-05
2024.09.05 05:00,0.6725,0.6728,0.6722,0.6725,2150,0.672441,0.672766,0.67221,0.67254,0,0.00059,-0.000566,-4e-05
2024.09.05 06:00,0.67255,0.6729,0.67225,0.6723,3272,0.672409,0.672902,0.672179,0.672237,0,0.000721,-0.000652,6.3e-05
2024.09.05 07:00,0.6723,0.6723,0.6715,0.67205,3778,0.672359,0.672359,0.671501,0.672088,0,0.000799,-0.000859,-3.8e-05
2024.09.05 08:00,0.67205,0.67345,0.672,0.67325,3460,0.671957,0.673446,0.671867,0.673355,0,0.001583,-0.001446,-0.000105
2024.09.05 09:00,0.6733,0.67335,0.67205,0.67225,3123,0.67321,0.673401,0.67202,0.672269,0,0.00133,-0.001351,-1.9e-05
2024.09.05 10:00,0.6722,0.6729,0.67205,0.6729,1945,0.672079,0.672757,0.671957,0.672757,0,0.000943,-0.000707,0.000143
2024.09.05 11:00,0.6729,0.6732,0.6724,0.6726,2307,0.672948,0.673219,0.672341,0.672631,0,0.000859,-0.000819,-3.1e-05
2024.09.05 12:00,0.67265,0.67385,0.67255,0.6733,7880,0.672608,0.673627,0.67249,0.673401,0,0.00136,-0.001077,-0.000101
2024.09.05 13:00,0.67335,0.6742,0.67315,0.67415,6215,0.673296,0.674263,0.673179,0.674082,0,0.001021,-0.001113,6.8e-05
2024.09.05 14:00,0.67395,0.67395,0.67225,0.6724,10119,0.673618,0.673809,0.672179,0.672292,0,0.001771,-0.001559,0.000108
2024.09.05 15:00,0.6724,0.67285,0.67205,0.6728,5221,0.67245,0.672902,0.672011,0.672812,0,0.000839,-0.000852,-1.2e-05
2024.09.05 16:00,0.67275,0.6738,0.67275,0.6734,3237,0.672712,0.673764,0.672708,0.673401,0,0.001092,-0.001014,-1e-06
2024.09.05 17:00,0.6734,0.67395,0.6731,0.6738,2799,0.673269,0.6739,0.672997,0.673854,0,0.000953,-0.0008,-5.4e-05
2024.09.05 18:00,0.67385,0.67415,0.6736,0.6737,3776,0.673759,0.674127,0.673568,0.673587,0,0.000582,-0.000527,0.000113
2024.09.05 19:00,0.67365,0.67385,0.6734,0.6737,3902,0.673718,0.6739,0.673287,0.673587,0,0.000563,-0.0005,0.000113
2024.09.05 20:00,0.67375,0.67435,0.6736,0.6742,1815,0.673809,0.6744,0.673609,0.674309,0,0.000741,-0.0008,-0.000109
2024.09.05 22:00,0.67415,0.67425,0.674,0.67405,0,0.674368,0.674368,0.673977,0.673982,0,0.000273,-0.000368,6.8e-05
2024.09.05 23:00,0.6741,0.6743,0.67405,0.6742,924,0.674172,0.6744,0.673968,0.674159,0,0.000332,-0.00035,4.1e-05
2024.09.06 00:00,0.6742,0.6745,0.67385,0.67425,2640,0.674263,0.674491,0.673786,0.674309,0,0.000714,-0.000641,-5.9e-05
2024.09.06 01:00,0.67415,0.67425,0.6733,0.67375,2123,0.674127,0.674218,0.673219,0.673809,0,0.001031,-0.000918,-5.9e-05
2024.09.06 02:00,0.6737,0.6739,0.6731,0.6732,2358,0.673627,0.673945,0.673061,0.67312,0,0.000839,-0.000845,8e-05
2024.09.06 03:00,0.6732,0.6735,0.67295,0.6731,1147,0.673265,0.673537,0.672898,0.673002,0,0.000602,-0.000587,9.8e-05
2024.09.06 04:00,0.67305,0.67355,0.673,0.6734,1567,0.673174,0.673582,0.67278,0.673446,0,0.00077,-0.000582,-4.6e-05
2024.09.06 05:00,0.67335,0.67375,0.67205,0.6726,3280,0.673278,0.673718,0.671989,0.672631,0,0.001761,-0.001668,-3.1e-05
2024.09.06 06:00,0.67265,0.67395,0.67245,0.67395,3577,0.672441,0.673991,0.672368,0.673827,0,0.001582,-0.001541,0.000123
2024.09.06 07:00,0.67385,0.67395,0.673,0.6736,3323,0.673991,0.673991,0.672929,0.67355,0,0.001021,-0.000991,5e-05
2024.09.06 08:00,0.67375,0.6739,0.6732,0.6736,1810,0.673764,0.673764,0.67312,0.673718,0,0.00078,-0.000564,-0.000118
2024.09.06 09:00,0.6736,0.67415,0.67325,0.67415,1765,0.673469,0.674218,0.673206,0.674218,0,0.000944,-0.000968,-6.8e-05
2024.09.06 10:00,0.6741,0.67425,0.67375,0.6738,2903,0.6741,0.674354,0.673659,0.673682,0,0.000591,-0.000604,0.000118
2024.09.06 11:00,0.67385,0.674,0.6735,0.67365,2291,0.673854,0.674036,0.673369,0.673578,0,0.000631,-0.000536,7.2e-05
2024.09.06 12:00,0.6737,0.6769,0.67215,0.6751,22276,0.673764,0.67675,0.672699,0.675174,0,0.004201,-0.0046,-7.4e-05
2024.09.06 13:00,0.67505,0.67535,0.6716,0.672,15047,0.675101,0.675356,0.671619,0.672088,0,0.003731,-0.003756,-8.8e-05
2024.09.06 14:00,0.67195,0.6721,0.66955,0.67005,15674,0.671768,0.672133,0.669537,0.66994,0,0.002563,-0.002583,0.00011
2024.09.06 15:00,0.67005,0.6725,0.6674,0.66765,26019,0.670107,0.67202,0.667387,0.667682,0,0.005113,-0.00462,-3.2e-05
2024.09.06 16:00,0.6676,0.66765,0.6661,0.66685,12374,0.667735,0.667735,0.666098,0.666933,0,0.001552,-0.001635,-8.3e-05
2024.09.06 17:00,0.6668,0.66805,0.66655,0.66735,5360,0.666689,0.668092,0.666578,0.667423,0,0.001472,-0.001542,-7.3e-05
2024.09.06 18:00,0.66735,0.6675,0.66675,0.6672,3812,0.667289,0.667557,0.66672,0.667147,0,0.00078,-0.000807,5.3e-05
2024.09.06 19:00,0.6672,0.66775,0.66705,0.66765,3549,0.667245,0.667824,0.667,0.667539,0,0.00075,-0.000774,0.000111
2024.09.06 20:00,0.6676,0.6677,0.6669,0.66715,2140,0.667646,0.667646,0.666849,0.667156,0,0.000851,-0.000746,-6e-06
2024.09.08 23:00,0.667,0.66755,0.6669,0.6671,1649,0.66704,0.667601,0.666858,0.667089,0,0.000692,-0.000701,1.1e-05
2024.09.09 00:00,0.6671,0.66775,0.66685,0.66695,3564,0.667,0.66778,0.666827,0.666889,0,0.000923,-0.00093,6.1e-05
2024.09.09 01:00,0.667,0.66895,0.667,0.6689,4691,0.66712,0.668941,0.66712,0.668852,0,0.00183,-0.001941,4.8e-05
2024.09.09 02:00,0.66895,0.669,0.6683,0.6685,1547,0.66882,0.669031,0.668248,0.66844,0,0.000752,-0.000731,6e-05
2024.09.09 03:00,0.6685,0.6687,0.6681,0.6682,1234,0.668409,0.668807,0.668079,0.668119,0,0.000621,-0.000707,8.1e-05
2024.09.09 04:00,0.66825,0.6686,0.66765,0.6677,1697,0.668159,0.668583,0.667637,0.66765,0,0.000963,-0.000933,5e-05
2024.09.09 05:00,0.66765,0.66765,0.66665,0.66695,2266,0.66761,0.66769,0.666618,0.66684,0,0.001032,-0.00104,0.00011
2024.09.09 06:00,0.66695,0.6675,0.66675,0.667,3163,0.666907,0.667557,0.66668,0.66704,0,0.00082,-0.000807,-4e-05
2024.09.09 07:00,0.667,0.6671,0.6662,0.66705,3215,0.666978,0.667156,0.666169,0.666987,0,0.000931,-0.000956,6.3e-05
2024.09.09 08:00,0.66705,0.66705,0.6654,0.66565,5105,0.66696,0.667067,0.665367,0.66554,0,0.001683,-0.001667,0.00011
2024.09.09 09:00,0.6656,0.66645,0.6656,0.66615,3342,0.665549,0.666489,0.665526,0.666098,0,0.000924,-0.000889,5.2e-05
2024.09.09 10:00,0.6661,0.6661,0.66495,0.6653,4954,0.666018,0.666089,0.664889,0.665221,0,0.001211,-0.001139,7.9e-05
2024.09.09 11:00,0.6653,0.6661,0.6653,0.66595,2142,0.665301,0.666089,0.665261,0.665881,0,0.000839,-0.000789,6.9e-05
2024.09.09 12:00,0.66595,0.66605,0.6652,0.6653,3307,0.665899,0.666134,0.665199,0.665199,0,0.000851,-0.000934,0.000101
2024.09.09 13:00,0.66525,0.66625,0.6652,0.66625,6986,0.66523,0.666223,0.66523,0.666209,0,0.00102,-0.001023,4.1e-05
2024.09.09 14:00,0.66625,0.6669,0.66535,0.66535,16484,0.666081,0.666889,0.665292,0.665292,0,0.001608,-0.001539,5.8e-05
2024.09.09 15:00,0.6654,0.66645,0.665,0.6663,9628,0.665287,0.666489,0.664929,0.666258,0,0.001521,-0.001489,4.2e-05
2024.09.09 16:00,0.6663,0.6672,0.66625,0.66715,3391,0.66628,0.6672,0.666209,0.667089,0,0.000991,-0.00095,6.1e-05
2024.09.09 17:00,0.66715,0.66745,0.6662,0.6662,3455,0.667089,0.667512,0.666129,0.666129,0,0.001321,-0.001312,7.1e-05
2024.09.09 18:00,0.6662,0.66655,0.66595,0.666,5054,0.666138,0.666622,0.665947,0.66597,0,0.000603,-0.000672,3e-05
2024.09.09 19:00,0.66605,0.6661,0.6658,0.66605,3419,0.665899,0.666134,0.665757,0.66585,0,0.000343,-0.000334,0.0002
2024.09.09 20:00,0.66605,0.66635,0.6659,0.6662,1431,0.665859,0.6664,0.665797,0.666209,0,0.000553,-0.0005,-9e-06
2024.09.09 22:00,0.6663,0.6667,0.6662,0.6665,0,0.66644,0.666756,0.666356,0.666622,0,0.000344,-0.000556,-0.000122
2024.09.09 23:00,0.66655,0.66655,0.6658,0.66585,1037,0.666498,0.666578,0.66577,0.665788,0,0.00078,-0.000778,6.2e-05
2024.09.10 00:00,0.6659,0.66595,0.66455,0.6651,3230,0.665881,0.666001,0.664598,0.66519,0,0.001352,-0.001451,-9e-05
2024.09.10 01:00,0.6651,0.6658,0.6651,0.66575,2478,0.665079,0.665801,0.665079,0.66573,0,0.000721,-0.000701,2e-05
2024.09.10 02:00,0.6658,0.6659,0.6649,0.6655,1743,0.665819,0.665868,0.664898,0.665478,0,0.001002,-0.000968,2.2e-05
2024.09.10 03:00,0.66555,0.66625,0.66555,0.666,0,0.665526,0.666311,0.6655,0.66593,0,0.00075,-0.000761,7e-05
2024.09.10 04:00,0.66595,0.6667,0.6658,0.6666,2171,0.665939,0.6668,0.665801,0.666551,0,0.000899,-0.001,4.9e-05
2024.09.10 05:00,0.66655,0.6672,0.66645,0.667,2083,0.666538,0.667289,0.666409,0.666969,0,0.000791,-0.000839,3.1e-05
2024.09.10 06:00,0.667,0.6674,0.6666,0.6671,9438,0.666907,0.667468,0.666578,0.667,0,0.000822,-0.000868,0.0001
2024.09.10 07:00,0.66705,0.66705,0.666,0.66605,7268,0.666849,0.667022,0.665939,0.665939,0,0.001111,-0.001022,0.000111
2024.09.10 08:00,0.66605,0.66625,0.6656,0.6659,6128,0.665996,0.666356,0.665557,0.665828,0,0.000693,-0.000756,7.2e-05
2024.09.10 09:00,0.66585,0.66705,0.66545,0.66675,16224,0.66577,0.667111,0.665429,0.666711,0,0.001621,-0.001661,3.9e-05
2024.09.10 10:00,0.6668,0.66735,0.6665,0.6673,12628,0.66676,0.667379,0.666449,0.667218,0,0.000901,-0.000879,8.2e-05
2024.09.10 11:00,0.6673,0.66775,0.66635,0.66645,5781,0.667298,0.66778,0.66632,0.666409,0,0.00143,-0.00143,4.1e-05
2024.09.10 12:00,0.66645,0.66715,0.6664,0.66655,3049,0.666489,0.667245,0.666329,0.66656,0,0.000821,-0.000845,-1e-05
2024.09.10 13:00,0.66655,0.66675,0.6649,0.66515,12512,0.666338,0.666756,0.664978,0.66511,0,0.001772,-0.001856,4e-05
2024.09.10 14:00,0.6651,0.66515,0.6642,0.66495,8606,0.665017,0.665159,0.664218,0.66492,0,0.000932,-0.000959,3e-05
2024.09.10 15:00,0.66495,0.6658,0.66485,0.66525,6139,0.664832,0.665868,0.664801,0.66515,0,0.000999,-0.001018,0.0001
2024.09.10 16:00,0.66525,0.66555,0.66465,0.6653,5733,0.665057,0.665602,0.66458,0.66527,0,0.00097,-0.000952,3e-05
2024.09.10 17:00,0.66525,0.66585,0.66515,0.6656,2629,0.665168,0.665956,0.665128,0.665549,0,0.000722,-0.000806,5.1e-05
2024.09.10 18:00,0.66565,0.6663,0.66555,0.666,3984,0.665557,0.666356,0.665509,0.665961,0,0.000791,-0.000806,3.9e-05
2024.09.10 19:00,0.666,0.6661,0.66575,0.66595,4445,0.665947,0.666223,0.665708,0.665921,0,0.000392,-0.000472,2.9e-05
2024.09.10 20:00,0.66595,0.66595,0.6653,0.6653,1052,0.66589,0.666045,0.665278,0.665358,0,0.000672,-0.000745,-5.8e-05
2024.09.10 22:00,0.6653,0.6656,0.66525,0.6655,0,0.665588,0.665646,0.665327,0.665491,0,0.000273,-0.000396,9e-06
2024.09.10 23:00,0.6655,0.6658,0.66525,0.6654,1281,0.665646,0.665912,0.665256,0.665389,0,0.000544,-0.000662,1.1e-05
2024.09.11 00:00,0.6654,0.6656,0.66455,0.6649,2741,0.66546,0.665646,0.664646,0.664858,0,0.000954,-0.001096,4.2e-05
2024.09.11 01:00,0.6649,0.666,0.66475,0.6656,2445,0.66481,0.666045,0.664801,0.665637,0,0.001199,-0.001295,-3.7e-05
2024.09.11 02:00,0.66565,0.6661,0.66535,0.66555,15723,0.665708,0.666178,0.665336,0.665597,0,0.000764,-0.000828,-4.7e-05
2024.09.11 03:00,0.6656,0.6656,0.66505,0.6652,4016,0.66558,0.665735,0.665057,0.66523,0,0.000543,-0.000685,-3e-05
2024.09.11 04:00,0.6649,0.6655,0.66475,0.6654,1918,0.665247,0.665602,0.664779,0.66542,0,0.000721,-0.000852,-2e-05
2024.09.11 05:00,0.66545,0.66605,0.6654,0.66605,6384,0.665429,0.666134,0.66542,0.665956,0,0.00063,-0.000734,9.4e-05
2024.09.11 06:00,0.666,0.6665,0.66565,0.66645,6316,0.665912,0.666622,0.665659,0.666471,0,0.000841,-0.000972,-2.1e-05
2024.09.11 07:00,0.6665,0.667,0.6661,0.66635,27594,0.666471,0.667111,0.666147,0.66632,0,0.000853,-0.001011,3e-05
2024.09.11 08:00,0.6663,0.66775,0.66605,0.6669,31253,0.666227,0.666978,0.666018,0.666018,0,0.001732,-0.000928,0.000882
2024.09.11 09:00,0.666,0.66735,0.66595,0.6669,6020,0.665987,0.666578,0.665921,0.666001,0,0.001429,-0.000628,0.000899
2024.09.11 10:00,0.666,0.66805,0.6659,0.66805,5898,0.666001,0.667129,0.66589,0.667129,0,0.00216,-0.001229,0.000921
2024.09.11 11:00,0.66805,0.6684,0.6667,0.66715,27038,0.667218,0.667601,0.666689,0.667098,0,0.001711,-0.000901,5.2e-05
2024.09.11 12:00,0.66715,0.6681,0.66375,0.6655,20981,0.667107,0.667334,0.6639,0.665588,0,0.0042,-0.003584,-8.8e-05
2024.09.11 13:00,0.66555,0.66725,0.6639,0.6639,14266,0.66569,0.666223,0.6639,0.6639,0,0.00335,-0.002322,-0.0
2024.09.11 14:00,0.66385,0.66505,0.66225,0.6636,21429,0.663486,0.664099,0.662291,0.66361,0,0.002759,-0.001849,-1e-05
2024.09.11 15:00,0.6636,0.66625,0.66325,0.66605,0,0.663438,0.665336,0.663319,0.665,0,0.002931,-0.002086,0.00105
2024.09.11 16:00,0.6651,0.667,0.66485,0.6668,2543,0.665017,0.666178,0.664858,0.66581,0,0.002142,-0.001328,0.00099
2024.09.11 17:00,0.66585,0.66795,0.66585,0.66755,3715,0.66585,0.666978,0.66581,0.666507,0,0.00214,-0.001128,0.001043
2024.09.11 18:00,0.6666,0.66845,0.6665,0.6669,74659,0.666529,0.667557,0.666449,0.666858,0,0.002001,-0.001057,4.2e-05
2024.09.11 19:00,0.6669,0.66865,0.6668,0.66845,0,0.666849,0.667735,0.666849,0.66753,0,0.001801,-0.000935,0.00092
2024.09.11 20:00,0.6685,0.6687,0.6674,0.66745,68468,0.667441,0.667824,0.66741,0.667508,0,0.00129,-0.000424,-5.8e-05
2024.09.11 22:00,0.66755,0.669,0.66745,0.66865,0,0.667878,0.668137,0.667597,0.667797,0,0.001403,-0.000687,0.000853
2024.09.11 23:00,0.6687,0.66895,0.66745,0.6685,491,0.667731,0.668137,0.667481,0.66753,0,0.001469,-0.000687,0.00097
2024.09.12 00:00,0.6685,0.66935,0.6674,0.6674,2852,0.667588,0.668405,0.667441,0.667441,0,0.001909,-0.001005,-4.1e-05
2024.09.12 01:00,0.6674,0.66925,0.66715,0.66785,2423,0.667459,0.66836,0.667227,0.66786,0,0.002023,-0.00121,-1e-05
2024.09.12 02:00,0.66885,0.669,0.6671,0.6676,1610,0.667797,0.668181,0.667249,0.667637,0,0.001751,-0.001081,-3.7e-05
2024.09.12 03:00,0.6676,0.66985,0.66755,0.66975,0,0.66769,0.668887,0.66757,0.668838,0,0.00228,-0.001337,0.000912
2024.09.12 04:00,0.67015,0.6702,0.6688,0.6701,774,0.668869,0.669344,0.668771,0.669129,0,0.001429,-0.000544,0.000971
2024.09.12 05:00,0.6691,0.6705,0.669,0.6693,7873,0.669169,0.669658,0.669031,0.669331,0,0.001469,-0.000658,-3.1e-05
2024.09.12 06:00,0.67035,0.6705,0.6684,0.6696,0,0.66929,0.669523,0.668449,0.668556,0,0.002051,-0.001123,0.001044
2024.09.12 07:00,0.6685,0.67005,0.66695,0.66805,2207,0.668561,0.669165,0.667089,0.667089,0,0.002961,-0.002215,0.000961
2024.09.12 08:00,0.668,0.66865,0.6657,0.66725,20876,0.666787,0.66778,0.665859,0.667241,0,0.002791,-0.00208,9e-06
2024.09.12 09:00,0.66825,0.66895,0.66715,0.66745,5104,0.667267,0.668092,0.667218,0.667499,0,0.001732,-0.000942,-4.9e-05
2024.09.12 10:00,0.66845,0.6694,0.6673,0.66835,3667,0.667459,0.668449,0.66737,0.66832,0,0.00203,-0.001149,3e-05
2024.09.12 11:00,0.6693,0.66965,0.6677,0.66875,0,0.668467,0.668762,0.66774,0.66774,0,0.001911,-0.001062,0.00101
2024.09.12 12:00,0.66875,0.6701,0.6677,0.66895,6977,0.66774,0.669165,0.667699,0.667878,0,0.002401,-0.001465,0.001072
2024.09.12 13:00,0.66895,0.66965,0.6672,0.66885,6169,0.667891,0.668583,0.667298,0.667762,0,0.002352,-0.001383,0.001088
2024.09.12 14:00,0.6688,0.67025,0.6675,0.6702,5096,0.667699,0.669299,0.667588,0.669187,0,0.002662,-0.001799,0.001013
2024.09.12 15:00,0.6702,0.67095,0.66885,0.67065,4581,0.669192,0.670017,0.668928,0.669586,0,0.002022,-0.001167,0.001064
2024.09.12 16:00,0.6706,0.67185,0.6695,0.67165,4870,0.669591,0.670826,0.669559,0.670637,0,0.002291,-0.001326,0.001013
2024.09.12 17:00,0.67165,0.67285,0.67045,0.67275,6848,0.670691,0.672043,0.670578,0.67184,0,0.002272,-0.001593,0.00091
2024.09.12 18:00,0.6718,0.6732,0.67125,0.67275,6632,0.671822,0.672405,0.671308,0.671908,0,0.001892,-0.001155,0.000842
2024.09.12 19:00,0.6718,0.6735,0.6718,0.6734,5396,0.671849,0.672585,0.671849,0.672377,0,0.001651,-0.000785,0.001023
2024.09.12 20:00,0.67235,0.6736,0.67215,0.6732,1702,0.67235,0.672766,0.67217,0.672409,0,0.001431,-0.000616,0.000791
2024.09.12 22:00,0.67325,0.6735,0.6722,0.67345,0,0.67249,0.672721,0.672409,0.672721,0,0.001091,-0.000521,0.000729
2024.09.12 23:00,0.67345,0.6738,0.6723,0.67265,0,0.672567,0.673083,0.6724,0.672708,0,0.0014,-0.000783,-5.8e-05
2024.09.13 00:00,0.67355,0.6741,0.67245,0.674,4791,0.672689,0.673174,0.672549,0.673097,0,0.001551,-0.000724,0.000903
2024.09.13 01:00,0.67405,0.6742,0.67215,0.67335,3637,0.673228,0.673446,0.672219,0.672518,0,0.001981,-0.001296,0.000832
2024.09.13 02:00,0.67335,0.6738,0.67215,0.6734,2935,0.672549,0.672948,0.67216,0.672518,0,0.00164,-0.000798,0.000882
2024.09.13 03:00,0.6734,0.67405,0.67235,0.67275,0,0.672531,0.67331,0.672409,0.672848,0,0.001641,-0.00096,-9.8e-05
2024.09.13 04:00,0.6737,0.6738,0.6725,0.6725,119,0.672848,0.673083,0.672581,0.67259,0,0.001219,-0.000583,-9e-05
2024.09.13 05:00,0.6734,0.6735,0.67215,0.6731,13650,0.672721,0.672766,0.672179,0.67221,0,0.001321,-0.000616,0.00089
2024.09.13 06:00,0.67305,0.67315,0.67145,0.6726,3629,0.672151,0.672405,0.671447,0.67179,0,0.001703,-0.000955,0.00081
2024.09.13 07:00,0.6717,0.6731,0.67145,0.67295,3965,0.67175,0.672405,0.671479,0.67207,0,0.001621,-0.000955,0.00088
2024.09.13 08:00,0.6721,0.673,0.67105,0.6725,3751,0.672111,0.672269,0.671159,0.671601,0,0.001841,-0.001219,0.000899
2024.09.13 09:00,0.6716,0.67365,0.6712,0.67125,0,0.67161,0.672857,0.67129,0.671411,0,0.00236,-0.001657,-0.000161
2024.09.13 10:00,0.6712,0.6722,0.66995,0.67105,31690,0.671299,0.671547,0.669999,0.670178,0,0.002201,-0.001597,0.000872
2024.09.13 11:00,0.67015,0.67115,0.66925,0.6697,0,0.670219,0.670376,0.66929,0.669788,0,0.00186,-0.001126,-8.8e-05
2024.09.13 12:00,0.66965,0.67175,0.6696,0.6717,46493,0.669739,0.670961,0.66973,0.670686,0,0.00202,-0.001361,0.001014
2024.09.13 13:00,0.6717,0.6729,0.6708,0.6728,13410,0.670857,0.672133,0.670826,0.67198,0,0.002074,-0.001333,0.00082
2024.09.13 14:00,0.6727,0.6733,0.67095,0.6725,10976,0.67207,0.672495,0.671001,0.671569,0,0.002299,-0.001545,0.000931
2024.09.13 15:00,0.6725,0.6726,0.671,0.6721,8544,0.671641,0.671862,0.67097,0.671218,0,0.00163,-0.000862,0.000883
2024.09.13 16:00,0.67115,0.6721,0.6704,0.67175,4084,0.67115,0.671366,0.670457,0.670929,0,0.001643,-0.000966,0.000821
2024.09.13 17:00,0.67175,0.672,0.6707,0.67155,4755,0.670898,0.671231,0.670718,0.670718,0,0.001282,-0.000531,0.000832
2024.09.13 18:00,0.67155,0.6718,0.6701,0.67025,0,0.670709,0.671186,0.670192,0.670399,0,0.001608,-0.001086,-0.000149
2024.09.13 19:00,0.67115,0.67165,0.67005,0.67135,88895,0.670268,0.670916,0.670129,0.670479,0,0.001521,-0.000866,0.000871
2024.09.13 20:00,0.67135,0.6715,0.67025,0.67125,2927,0.67047,0.670781,0.670448,0.67061,0,0.001052,-0.000531,0.00064
2024.09.15 23:00,0.67175,0.6723,0.67085,0.6722,2068,0.670988,0.671592,0.67088,0.671592,0,0.00142,-0.000742,0.000608
2024.09.16 00:00,0.67225,0.6724,0.67115,0.6721,1917,0.67147,0.671682,0.671078,0.671456,0,0.001322,-0.000532,0.000644
2024.09.16 01:00,0.67205,0.6722,0.67065,0.6715,2016,0.671299,0.671501,0.670691,0.670709,0,0.001509,-0.000851,0.000791
2024.09.16 02:00,0.6715,0.67225,0.6708,0.6722,832,0.670871,0.671547,0.670677,0.671371,0,0.001573,-0.000747,0.000829
2024.09.16 03:00,0.6722,0.67365,0.6716,0.6736,1973,0.671592,0.672948,0.67124,0.672902,0,0.00241,-0.001348,0.000698
2024.09.16 04:00,0.6736,0.6739,0.6726,0.6736,1433,0.67273,0.673174,0.67268,0.672993,0,0.00122,-0.000574,0.000607
2024.09.16 05:00,0.6736,0.6737,0.67255,0.6736,1194,0.672807,0.672993,0.672477,0.672748,0,0.001223,-0.000443,0.000852
2024.09.16 06:00,0.67355,0.67365,0.6725,0.67345,2262,0.672948,0.672993,0.672341,0.672689,0,0.001309,-0.000493,0.00076
2024.09.16 07:00,0.67345,0.6738,0.6724,0.6736,3154,0.672766,0.673129,0.67216,0.672993,0,0.00164,-0.000729,0.000607
2024.09.16 08:00,0.67365,0.6754,0.67345,0.67465,8640,0.672898,0.674536,0.672721,0.674036,0,0.002679,-0.001086,0.000614
2024.09.16 09:00,0.6747,0.6751,0.6738,0.67445,3130,0.673809,0.674445,0.673609,0.673668,0,0.001491,-0.000645,0.000782
2024.09.16 10:00,0.67445,0.67525,0.67385,0.675,3627,0.673854,0.674536,0.673682,0.674227,0,0.001568,-0.000686,0.000773
2024.09.16 11:00,0.675,0.67565,0.6739,0.6756,4384,0.6744,0.674992,0.673759,0.674992,0,0.001891,-0.001092,0.000608
2024.09.16 12:00,0.6756,0.6757,0.67395,0.67485,7096,0.674887,0.675083,0.673868,0.674263,0,0.001832,-0.001133,0.000587
2024.09.16 13:00,0.67485,0.67555,0.67415,0.67515,8076,0.674109,0.674855,0.673891,0.6744,0,0.001659,-0.000705,0.00075
2024.09.16 14:00,0.6752,0.6752,0.674,0.67445,9281,0.674582,0.674582,0.67326,0.673659,0,0.00194,-0.000582,0.000791
2024.09.16 15:00,0.67445,0.6748,0.6742,0.6747,8798,0.673764,0.674172,0.673401,0.674082,0,0.001399,2.8e-05,0.000618
2024.09.16 16:00,0.6747,0.6752,0.6743,0.6752,4634,0.674091,0.674582,0.673559,0.674582,0,0.001641,-0.000282,0.000618
2024.09.16 17:00,0.6752,0.6754,0.6747,0.6754,2300,0.674359,0.674718,0.673927,0.674568,0,0.001473,-1.8e-05,0.000832
2024.09.16 18:00,0.67535,0.67545,0.67495,0.6752,3944,0.674764,0.674809,0.674168,0.674377,0,0.001282,0.000141,0.000823
2024.09.16 19:00,0.6752,0.67615,0.67495,0.676,3367,0.674536,0.675356,0.674159,0.675229,0,0.001991,-0.000406,0.000771
2024.09.16 20:00,0.676,0.6762,0.67595,0.676,2353,0.675188,0.675584,0.675151,0.675447,0,0.001049,0.000366,0.000553
2024.09.16 22:00,0.676,0.6762,0.67575,0.6758,0,0.675265,0.675584,0.675069,0.675119,0,0.001131,0.000166,0.000681
2024.09.16 23:00,0.6759,0.6761,0.6756,0.676,1084,0.675265,0.675493,0.674869,0.675402,0,0.001231,0.000107,0.000598
2024.09.17 00:00,0.67605,0.67615,0.67505,0.67515,2571,0.675288,0.675402,0.674341,0.674536,0,0.001809,-0.000352,0.000614
2024.09.17 01:00,0.6752,0.6761,0.6752,0.676,1983,0.674468,0.675447,0.674459,0.675402,0,0.001641,-0.000247,0.000598
2024.09.17 02:00,0.67605,0.67625,0.67585,0.67595,1222,0.675338,0.675584,0.675087,0.675292,0,0.001163,0.000266,0.000658
2024.09.17 03:00,0.67595,0.6761,0.6755,0.67555,0,0.675311,0.675447,0.674768,0.674791,0,0.001332,5.3e-05,0.000759
2024.09.17 04:00,0.67535,0.67535,0.675,0.6751,1171,0.6749,0.6749,0.674268,0.674491,0,0.001082,0.0001,0.000609
2024.09.17 05:00,0.6751,0.6756,0.67505,0.6756,875,0.674368,0.674992,0.6743,0.674992,0,0.0013,5.8e-05,0.000608
2024.09.17 06:00,0.6756,0.67715,0.67555,0.67665,3544,0.674859,0.676498,0.67485,0.67589,0,0.0023,-0.000948,0.00076
2024.09.17 07:00,0.6767,0.67735,0.6761,0.67725,5522,0.676041,0.676727,0.675447,0.676581,0,0.001903,-0.000627,0.000669
2024.09.17 08:00,0.67725,0.67745,0.6765,0.6772,3336,0.676682,0.676773,0.675808,0.676682,0,0.001642,-0.000273,0.000519
2024.09.17 09:00,0.6772,0.6777,0.67705,0.6771,2520,0.676338,0.677048,0.676261,0.676544,0,0.001439,2e-06,0.000556
2024.09.17 10:00,0.6771,0.67725,0.67645,0.67655,1850,0.676448,0.676727,0.675689,0.675717,0,0.001561,-0.000277,0.000833
2024.09.17 11:00,0.6765,0.6774,0.6763,0.67715,2385,0.675904,0.676773,0.675539,0.676448,0,0.001861,-0.000473,0.000702
2024.09.17 12:00,0.6772,0.67735,0.67545,0.67585,7494,0.67659,0.676682,0.67475,0.675265,0,0.0026,-0.001231,0.000585
2024.09.17 13:00,0.6758,0.6764,0.67535,0.67595,6482,0.675137,0.675721,0.674668,0.675356,0,0.001732,-0.000371,0.000594
2024.09.17 14:00,0.676,0.67755,0.6759,0.6771,10673,0.675279,0.676956,0.675137,0.67627,0,0.002413,-0.001056,0.00083
2024.09.17 15:00,0.67715,0.67725,0.67605,0.67625,5200,0.676498,0.676544,0.67527,0.67542,0,0.00198,-0.000494,0.00083
2024.09.17 16:00,0.67615,0.6764,0.6757,0.6761,3576,0.675539,0.675767,0.674969,0.675447,0,0.001431,-6.7e-05,0.000653
2024.09.17 17:00,0.67605,0.67625,0.67525,0.6761,3589,0.675302,0.675584,0.674618,0.675493,0,0.001632,-0.000334,0.000607
2024.09.17 18:00,0.6761,0.67685,0.67595,0.6768,3201,0.675288,0.676087,0.675188,0.676009,0,0.001662,-0.000137,0.000791
2024.09.17 19:00,0.6768,0.6769,0.6763,0.6764,2582,0.676178,0.67627,0.675548,0.67558,0,0.001352,3e-05,0.00082
2024.09.17 20:00,0.67645,0.6766,0.6763,0.67645,1044,0.675858,0.675995,0.67558,0.675767,0,0.00102,0.000305,0.000683
2024.09.17 22:00,0.67645,0.67675,0.67645,0.67665,0,0.675991,0.676133,0.675799,0.67589,0,0.000951,0.000317,0.00076
2024.09.17 23:00,0.67665,0.67705,0.6765,0.67685,977,0.6759,0.676453,0.67579,0.676151,0,0.00126,4.7e-05,0.000699
2024.09.18 00:00,0.6769,0.67785,0.67685,0.6776,2466,0.67627,0.67714,0.676091,0.676938,0,0.001759,-0.00029,0.000662
2024.09.18 01:00,0.6776,0.6782,0.6772,0.6775,3455,0.677002,0.677461,0.676439,0.676911,0,0.001761,-0.000261,0.000589
2024.09.18 02:00,0.67755,0.6777,0.67685,0.6775,1637,0.676911,0.677002,0.676169,0.676911,0,0.001531,-0.000152,0.000589
2024.09.18 03:00,0.6775,0.67755,0.6771,0.6771,978,0.676778,0.676865,0.67632,0.67632,0,0.00123,0.000235,0.00078
2024.09.18 04:00,0.67705,0.67705,0.67575,0.67595,2001,0.676498,0.676498,0.675019,0.675169,0,0.002031,-0.000748,0.000781
2024.09.18 05:00,0.67595,0.6768,0.6759,0.6768,1504,0.675311,0.676133,0.675087,0.676133,0,0.001713,-0.000233,0.000667
2024.09.18 06:00,0.6768,0.6777,0.6768,0.67755,2576,0.676137,0.677048,0.676137,0.676911,0,0.001563,-0.000248,0.000639
2024.09.18 07:00,0.67755,0.67865,0.67755,0.6786,4444,0.676938,0.677874,0.67692,0.677759,0,0.00173,-0.000324,0.000841
2024.09.18 08:00,0.6786,0.6789,0.6783,0.6787,3697,0.678012,0.678242,0.677488,0.677948,0,0.001412,5.8e-05,0.000752
2024.09.18 09:00,0.67875,0.6794,0.6784,0.67935,2198,0.67815,0.678748,0.677677,0.678748,0,0.001723,-0.000348,0.000602
2024.09.18 10:00,0.67935,0.67975,0.67925,0.67945,2066,0.678619,0.679117,0.6785,0.678841,0,0.00125,0.000133,0.000609
2024.09.18 11:00,0.67945,0.67985,0.67925,0.67945,1977,0.678688,0.679117,0.6785,0.67867,0,0.00135,0.000133,0.00078
2024.09.18 12:00,0.6795,0.6795,0.67825,0.67855,6643,0.678841,0.678841,0.67747,0.677769,0,0.00203,-0.000591,0.000781
2024.09.18 13:00,0.67855,0.6797,0.6785,0.67875,4915,0.677787,0.678979,0.67775,0.678104,0,0.00195,-0.000479,0.000646
2024.09.18 14:00,0.6787,0.6788,0.6771,0.67775,6948,0.677957,0.678196,0.676329,0.677094,0,0.002471,-0.001096,0.000656
2024.09.18 15:00,0.6777,0.6779,0.6765,0.67665,5005,0.676952,0.677186,0.675749,0.6759,0,0.002151,-0.000686,0.00075
2024.09.18 16:00,0.67665,0.6776,0.6765,0.6775,2224,0.676041,0.676773,0.67573,0.676686,0,0.00187,-0.000273,0.000814
2024.09.18 17:00,0.67745,0.6779,0.6771,0.6777,3230,0.676773,0.677231,0.676311,0.677002,0,0.001589,-0.000131,0.000698
2024.09.18 18:00,0.67755,0.6828,0.67745,0.6794,29311,0.67981,0.682221,0.678389,0.678933,0,0.004411,-0.004771,0.000467
2024.09.18 19:00,0.67935,0.67945,0.6749,0.6755,12937,0.67838,0.678527,0.674377,0.674869,0,0.005073,-0.003627,0.000631
2024.09.18 20:00,0.6755,0.67725,0.6753,0.67725,2255,0.675083,0.676727,0.674819,0.676508,0,0.002432,-0.001427,0.000742
2024.09.18 22:00,0.6771,0.6779,0.67675,0.6776,0,0.67659,0.677415,0.676398,0.677021,0,0.001502,-0.000665,0.000579
2024.09.18 23:00,0.67765,0.67765,0.6761,0.6772,2088,0.676998,0.677186,0.675639,0.67675,0,0.002011,-0.001086,0.00045
2024.09.19 00:00,0.6773,0.6779,0.6749,0.67515,8105,0.676819,0.677323,0.6744,0.67465,0,0.0035,-0.002423,0.0005
2024.09.19 01:00,0.6751,0.6768,0.67445,0.6768,7064,0.674627,0.676407,0.673927,0.676407,0,0.002873,-0.001957,0.000393
2024.09.19 02:00,0.67685,0.6792,0.67685,0.67875,5906,0.676439,0.678656,0.676439,0.678334,0,0.002761,-0.001806,0.000416
2024.09.19 03:00,0.6787,0.68005,0.67855,0.67965,3127,0.678339,0.679532,0.678049,0.67938,0,0.002001,-0.000982,0.00027
2024.09.19 04:00,0.67965,0.6801,0.67935,0.6798,2226,0.679532,0.679625,0.678827,0.679219,0,0.001273,-0.000275,0.000581
2024.09.19 05:00,0.67985,0.6807,0.67985,0.68065,3222,0.67944,0.680272,0.679288,0.680272,0,0.001412,-0.000422,0.000378
2024.09.19 06:00,0.6806,0.68345,0.68045,0.68255,9512,0.680207,0.68292,0.679958,0.682175,0,0.003492,-0.00247,0.000375
2024.09.19 07:00,0.68255,0.68365,0.6823,0.6824,15486,0.6819,0.6832,0.681719,0.68184,0,0.001931,-0.0009,0.00056
2024.09.19 08:00,0.6827,0.6838,0.68245,0.6833,6629,0.681989,0.683293,0.681979,0.68272,0,0.001821,-0.000843,0.00058
2024.09.19 09:00,0.6833,0.6845,0.68325,0.6843,6972,0.68292,0.684041,0.682678,0.683901,0,0.001822,-0.000791,0.000399
2024.09.19 10:00,0.6843,0.6845,0.6837,0.6841,3475,0.683709,0.684041,0.683191,0.683761,0,0.001309,-0.000341,0.000339
2024.09.19 11:00,0.6841,0.6845,0.68235,0.6826,7638,0.68355,0.683995,0.681831,0.682031,0,0.002669,-0.001645,0.000569
2024.09.19 12:00,0.6826,0.68305,0.6812,0.68125,10061,0.682221,0.682547,0.680758,0.680828,0,0.002292,-0.001347,0.000422
2024.09.19 13:00,0.68125,0.68245,0.6798,0.68035,9880,0.680828,0.681989,0.679292,0.679948,0,0.003158,-0.002189,0.000402
2024.09.19 14:00,0.68025,0.6815,0.67925,0.6811,10637,0.679828,0.681013,0.678721,0.680735,0,0.002779,-0.001763,0.000365
2024.09.19 15:00,0.6811,0.6822,0.6804,0.682,6494,0.680578,0.68171,0.679879,0.681422,0,0.002321,-0.00131,0.000578
2024.09.19 16:00,0.68205,0.68295,0.682,0.6825,4354,0.681663,0.682501,0.681482,0.681961,0,0.001468,-0.000501,0.000539
2024.09.19 17:00,0.6825,0.68305,0.68215,0.6829,3422,0.682082,0.682594,0.681631,0.682501,0,0.001419,-0.000444,0.000399
2024.09.19 18:00,0.6829,0.68295,0.68215,0.68265,3748,0.682347,0.682501,0.681677,0.682268,0,0.001273,-0.000351,0.000382
2024.09.19 19:00,0.6826,0.6826,0.6817,0.68235,5411,0.682021,0.682049,0.681153,0.681858,0,0.001447,-0.000349,0.000491
2024.09.19 20:00,0.68235,0.68245,0.68175,0.682,1809,0.681989,0.681989,0.681199,0.681561,0,0.001251,-0.000239,0.000439
2024.09.19 22:00,0.6821,0.68215,0.6815,0.68165,0,0.6817,0.6817,0.68099,0.681166,0,0.00116,-0.0002,0.000484
2024.09.19 23:00,0.6817,0.6817,0.6814,0.68155,2085,0.681111,0.681292,0.680842,0.680999,0,0.000858,0.000108,0.000551
2024.09.20 00:00,0.6815,0.6819,0.68105,0.6812,2590,0.681153,0.681385,0.680578,0.680638,0,0.001322,-0.000335,0.000562
2024.09.20 01:00,0.68115,0.68135,0.68065,0.68115,3134,0.680782,0.680921,0.680147,0.680782,0,0.001203,-0.000271,0.000368
2024.09.20 02:00,0.68115,0.6823,0.681,0.68225,3970,0.680568,0.681942,0.680568,0.681942,0,0.001732,-0.000942,0.000308
2024.09.20 03:00,0.68225,0.68335,0.6821,0.6827,4268,0.681928,0.682836,0.681682,0.682408,0,0.001668,-0.000736,0.000292
2024.09.20 04:00,0.68315,0.68325,0.68215,0.68225,1577,0.68238,0.682827,0.681682,0.681728,0,0.001568,-0.000677,0.000522
2024.09.20 05:00,0.6822,0.68225,0.6814,0.6821,2121,0.681896,0.681896,0.680939,0.681756,0,0.001311,-0.000496,0.000344
2024.09.20 06:00,0.6821,0.68345,0.6821,0.6822,5349,0.681649,0.682967,0.681649,0.681849,0,0.001801,-0.000867,0.000351
2024.09.20 07:00,0.68225,0.6829,0.68165,0.68195,3827,0.681738,0.682501,0.681157,0.68157,0,0.001743,-0.000851,0.00038
2024.09.20 08:00,0.68195,0.68225,0.6811,0.6816,2933,0.681491,0.68171,0.680568,0.681088,0,0.001682,-0.00061,0.000512
2024.09.20 09:00,0.6816,0.68205,0.68105,0.68125,1699,0.681245,0.681663,0.680587,0.680707,0,0.001463,-0.000613,0.000543
2024.09.20 10:00,0.6813,0.68175,0.6811,0.68165,2768,0.680967,0.681431,0.680601,0.681292,0,0.001149,-0.000331,0.000358
2024.09.20 11:00,0.6817,0.6817,0.68085,0.6816,2315,0.681208,0.681245,0.680351,0.681245,0,0.001349,-0.000395,0.000355
2024.09.20 12:00,0.6816,0.68295,0.6816,0.68275,5145,0.681139,0.682454,0.681139,0.682231,0,0.001811,-0.000854,0.000519
2024.09.20 13:00,0.6827,0.68275,0.6797,0.6798,10448,0.682361,0.682361,0.679168,0.67944,0,0.003582,-0.002661,0.00036
2024.09.20 14:00,0.6798,0.68065,0.67895,0.67995,17376,0.679232,0.680133,0.67844,0.679579,0,0.00221,-0.001183,0.000371
2024.09.20 15:00,0.67995,0.6813,0.6789,0.6811,12471,0.679399,0.680874,0.678398,0.680782,0,0.002902,-0.001974,0.000318
2024.09.20 16:00,0.68115,0.68255,0.6809,0.68235,4694,0.680629,0.682128,0.68042,0.681858,0,0.00213,-0.001228,0.000491
2024.09.20 17:00,0.6823,0.68235,0.6813,0.68145,1974,0.681942,0.681989,0.680819,0.681106,0,0.001531,-0.000689,0.000344
2024.09.20 18:00,0.68145,0.68185,0.6809,0.6818,3510,0.68087,0.681431,0.680411,0.681431,0,0.001439,-0.000531,0.000369
2024.09.20 19:00,0.6818,0.68205,0.68135,0.6814,2369,0.681301,0.68157,0.680888,0.681013,0,0.001162,-0.00022,0.000387
2024.09.20 20:00,0.6814,0.68145,0.681,0.6812,1287,0.680972,0.68106,0.68061,0.680828,0,0.00084,-6e-05,0.000372
2024.09.22 23:00,0.68155,0.6817,0.68105,0.68155,2238,0.681106,0.681292,0.680735,0.681292,0,0.000965,-0.000242,0.000258
2024.09.23 00:00,0.68155,0.6821,0.6813,0.682,2015,0.681385,0.68171,0.681013,0.681598,0,0.001087,-0.00041,0.000402
2024.09.23 01:00,0.682,0.68275,0.6818,0.68215,3003,0.681501,0.682361,0.681329,0.681719,0,0.001421,-0.000561,0.000431
2024.09.23 02:00,0.6821,0.6828,0.6817,0.6827,2243,0.681631,0.682408,0.68119,0.682272,0,0.00161,-0.000708,0.000427
2024.09.23 03:00,0.6827,0.6837,0.68265,0.68305,1999,0.68224,0.683293,0.682189,0.682608,0,0.001511,-0.000643,0.000442
2024.09.23 04:00,0.683,0.6842,0.683,0.6839,1920,0.682571,0.683854,0.682571,0.683438,0,0.001629,-0.000854,0.000462
2024.09.23 05:00,0.6839,0.68405,0.68325,0.6833,2320,0.68341,0.683714,0.68279,0.68285,0,0.00126,-0.000464,0.00045
2024.09.23 06:00,0.6834,0.6834,0.6827,0.6827,3986,0.682808,0.683013,0.682198,0.682198,0,0.001202,-0.000313,0.000502
2024.09.23 07:00,0.68265,0.6827,0.68055,0.6812,9500,0.6821,0.682175,0.680267,0.680707,0,0.002433,-0.001625,0.000493
2024.09.23 08:00,0.6812,0.68185,0.6807,0.6817,5923,0.680837,0.681431,0.680207,0.681241,0,0.001643,-0.000731,0.000459
2024.09.23 09:00,0.68175,0.68255,0.68175,0.6823,2573,0.681241,0.682128,0.681241,0.681789,0,0.001309,-0.000378,0.000511
2024.09.23 10:00,0.68235,0.6835,0.68235,0.68305,3031,0.681798,0.68306,0.681798,0.682668,0,0.001702,-0.00071,0.000382
2024.09.23 11:00,0.68305,0.684,0.683,0.6839,3446,0.682529,0.68362,0.682482,0.68334,0,0.001518,-0.00062,0.00056
2024.09.23 12:00,0.68385,0.6846,0.68305,0.6844,9422,0.683392,0.684182,0.682571,0.683831,0,0.002029,-0.001132,0.000569
2024.09.23 13:00,0.6844,0.6856,0.68375,0.68465,10358,0.683971,0.684463,0.683471,0.684097,0,0.002129,-0.000713,0.000553
2024.09.23 14:00,0.6846,0.68565,0.6843,0.68565,12192,0.68399,0.685307,0.683798,0.685077,0,0.001852,-0.001007,0.000573
2024.09.23 15:00,0.68565,0.68595,0.68505,0.68535,7571,0.68518,0.685542,0.6845,0.684772,0,0.00145,-0.000492,0.000578
2024.09.23 16:00,0.6853,0.6853,0.68415,0.6845,6389,0.684678,0.684744,0.68363,0.683962,0,0.00167,-0.000594,0.000538
2024.09.23 17:00,0.68445,0.68555,0.6841,0.6851,5043,0.683882,0.685119,0.683588,0.68457,0,0.001962,-0.001019,0.00053
2024.09.23 18:00,0.68505,0.68545,0.68485,0.6853,3766,0.684519,0.685072,0.684369,0.684767,0,0.001081,-0.000222,0.000533
2024.09.23 19:00,0.6853,0.6853,0.6848,0.68495,3371,0.68473,0.684932,0.684402,0.684411,0,0.000898,-0.000131,0.000539
2024.09.23 20:00,0.685,0.685,0.6841,0.68435,1531,0.684388,0.68451,0.683649,0.684088,0,0.001351,-0.00041,0.000262
2024.09.23 22:00,0.68435,0.68455,0.684,0.68405,0,0.684079,0.684135,0.683578,0.683578,0,0.000972,-0.000135,0.000472
2024.09.23 23:00,0.6841,0.6842,0.68355,0.6839,1975,0.683527,0.683714,0.683018,0.683387,0,0.001182,-0.000164,0.000513
2024.09.24 00:00,0.6839,0.6841,0.68315,0.6836,3236,0.68342,0.683667,0.682687,0.683121,0,0.001413,-0.000517,0.000479
2024.09.24 01:00,0.68365,0.6855,0.68365,0.68495,7393,0.683219,0.685119,0.683191,0.684491,0,0.002309,-0.001469,0.000459
2024.09.24 02:00,0.68495,0.685,0.68415,0.68485,1619,0.684439,0.684556,0.683761,0.68436,0,0.001239,-0.000406,0.00049
2024.09.24 03:00,0.68485,0.6861,0.68485,0.68525,0,0.684411,0.68573,0.684411,0.68481,0,0.001689,-0.00088,0.00044
2024.09.24 04:00,0.6852,0.6871,0.68505,0.68675,5543,0.684777,0.686719,0.684542,0.686229,0,0.002558,-0.001669,0.000521
2024.09.24 05:00,0.6868,0.6875,0.68435,0.6844,10034,0.686318,0.687144,0.683882,0.68392,0,0.003618,-0.002794,0.00048
2024.09.24 06:00,0.6844,0.68455,0.682,0.684,12775,0.683929,0.684182,0.681589,0.683438,0,0.002961,-0.002182,0.000562
2024.09.24 07:00,0.684,0.6841,0.6826,0.683,6970,0.683438,0.683667,0.682128,0.682538,0,0.001972,-0.001067,0.000462
2024.09.24 08:00,0.68295,0.68465,0.6829,0.6842,5833,0.682431,0.684322,0.682431,0.6837,0,0.002219,-0.001422,0.0005
2024.09.24 09:00,0.6841,0.68525,0.68395,0.68505,2861,0.683649,0.684744,0.683471,0.68457,0,0.001779,-0.000794,0.00048
2024.09.24 10:00,0.6851,0.68555,0.68505,0.68525,1978,0.684688,0.685166,0.684538,0.684781,0,0.001012,-0.000116,0.000469
2024.09.24 11:00,0.68525,0.6858,0.6846,0.6857,3431,0.684739,0.685307,0.684111,0.685208,0,0.001689,-0.000707,0.000492
2024.09.24 12:00,0.68575,0.6869,0.6857,0.68635,9081,0.68534,0.686483,0.685279,0.685899,0,0.001621,-0.000783,0.000451
2024.09.24 13:00,0.6864,0.68795,0.6864,0.6876,10379,0.68589,0.687474,0.68588,0.68703,0,0.00207,-0.001074,0.00057
2024.09.24 14:00,0.6876,0.68845,0.687,0.6873,13490,0.687111,0.687994,0.686521,0.68686,0,0.001929,-0.000995,0.00044
2024.09.24 15:00,0.6873,0.68805,0.68715,0.68785,7064,0.686818,0.687616,0.686648,0.687271,0,0.001402,-0.000466,0.000579
2024.09.24 16:00,0.6878,0.68895,0.68775,0.68875,4106,0.687299,0.68861,0.687299,0.688227,0,0.001651,-0.00086,0.000524
2024.09.24 17:00,0.68865,0.6888,0.6882,0.68865,2930,0.688127,0.688421,0.687668,0.688108,0,0.001132,-0.000221,0.000542
2024.09.24 18:00,0.68865,0.68915,0.6886,0.68905,3536,0.688141,0.688705,0.68807,0.688549,0,0.00108,-0.000105,0.000501
2024.09.24 19:00,0.68905,0.68985,0.689,0.68975,4607,0.688511,0.689417,0.688478,0.689261,0,0.001372,-0.000417,0.000489
2024.09.24 20:00,0.68975,0.6899,0.6895,0.6899,1690,0.689261,0.689513,0.688999,0.689465,0,0.000901,-1.3e-05,0.000435
2024.09.24 22:00,0.6897,0.69065,0.68965,0.6905,0,0.689541,0.690226,0.689251,0.689979,0,0.001399,-0.000576,0.000521
2024.09.24 23:00,0.6905,0.6913,0.6904,0.69115,3329,0.689988,0.690799,0.689907,0.690722,0,0.001393,-0.000399,0.000428
2024.09.25 00:00,0.69115,0.69135,0.68995,0.69035,5041,0.690689,0.690894,0.68946,0.68985,0,0.00189,-0.000944,0.0005
2024.09.25 01:00,0.6904,0.6907,0.68875,0.6896,6030,0.69005,0.690322,0.688397,0.688999,0,0.002303,-0.001572,0.000601
2024.09.25 02:00,0.6895,0.69045,0.68925,0.6893,2596,0.689037,0.690036,0.688762,0.688791,0,0.001688,-0.000786,0.000509
2024.09.25 03:00,0.68925,0.6901,0.68865,0.6895,4015,0.688762,0.68975,0.688208,0.689047,0,0.001892,-0.0011,0.000453
2024.09.25 04:00,0.68935,0.68955,0.6888,0.68945,1300,0.68909,0.689322,0.688321,0.688909,0,0.001229,-0.000522,0.000541
2024.09.25 05:00,0.6894,0.6902,0.68835,0.68845,4058,0.689028,0.689798,0.687848,0.6879,0,0.002352,-0.001448,0.00055
2024.09.25 06:00,0.68845,0.68885,0.68785,0.6884,5132,0.687928,0.688516,0.687399,0.687867,0,0.001451,-0.000666,0.000533
2024.09.25 07:00,0.68845,0.68885,0.6883,0.68865,3886,0.687999,0.688468,0.687767,0.688118,0,0.001083,-0.000168,0.000532
2024.09.25 08:00,0.68865,0.6892,0.68845,0.68905,3267,0.688018,0.6888,0.687971,0.688539,0,0.001229,-0.00035,0.000511
2024.09.25 09:00,0.68905,0.68905,0.6878,0.68815,3883,0.688397,0.688563,0.687257,0.687659,0,0.001793,-0.000763,0.000491
2024.09.25 10:00,0.68815,0.6883,0.68775,0.6883,3425,0.687649,0.6879,0.68729,0.687748,0,0.00101,-0.00015,0.000552
2024.09.25 11:00,0.68835,0.6886,0.68765,0.6883,3948,0.687819,0.688279,0.687177,0.687701,0,0.001423,-0.000629,0.000599
2024.09.25 12:00,0.6883,0.6886,0.687,0.68765,7778,0.687767,0.688279,0.686521,0.687167,0,0.002079,-0.001279,0.000483
2024.09.25 13:00,0.6877,0.68895,0.68765,0.6877,8956,0.687257,0.688563,0.687111,0.687191,0,0.001839,-0.000913,0.000509
2024.09.25 14:00,0.6877,0.6881,0.68675,0.687,11661,0.687181,0.687663,0.686309,0.686427,0,0.001791,-0.000913,0.000573
2024.09.25 15:00,0.687,0.6873,0.68405,0.68425,14740,0.68646,0.686719,0.683569,0.6837,0,0.003731,-0.002669,0.00055
2024.09.25 16:00,0.68425,0.6843,0.6832,0.68325,7575,0.683639,0.683948,0.68271,0.682729,0,0.00159,-0.000748,0.000521
2024.09.25 17:00,0.68325,0.6837,0.68255,0.6836,7698,0.682771,0.68334,0.6821,0.683181,0,0.0016,-0.00079,0.000419
2024.09.25 18:00,0.68365,0.68385,0.68295,0.6831,5308,0.683228,0.683387,0.68271,0.68286,0,0.00114,-0.000437,0.00024
2024.09.25 19:00,0.68315,0.68345,0.68235,0.68255,5569,0.682561,0.683107,0.681947,0.681989,0,0.001503,-0.000757,0.000561
2024.09.25 20:00,0.68255,0.68315,0.6824,0.6829,2783,0.68204,0.682734,0.681891,0.682547,0,0.001259,-0.000334,0.000353
2024.09.25 22:00,0.68325,0.6833,0.6827,0.68285,0,0.68272,0.68278,0.682319,0.68237,0,0.000981,-8e-05,0.00048
2024.09.25 23:00,0.68285,0.683,0.68245,0.68245,1699,0.682398,0.682687,0.682049,0.682049,0,0.000951,-0.000237,0.000401
2024.09.26 00:00,0.68245,0.684,0.68245,0.68375,3420,0.682077,0.683527,0.682077,0.683359,0,0.001923,-0.001077,0.000391
2024.09.26 01:00,0.6838,0.68515,0.6834,0.68465,5712,0.68342,0.684744,0.68299,0.684261,0,0.00216,-0.001344,0.000389
2024.09.26 02:00,0.68465,0.6852,0.68415,0.68465,2617,0.684378,0.684838,0.683667,0.684191,0,0.001533,-0.000688,0.000459
2024.09.26 03:00,0.68465,0.6851,0.68445,0.6851,1124,0.684168,0.684885,0.68406,0.68473,0,0.00104,-0.000435,0.00037
2024.09.26 04:00,0.68465,0.68535,0.68465,0.685,1261,0.684561,0.685025,0.68421,0.68451,0,0.00114,-0.000375,0.00049
2024.09.26 05:00,0.6849,0.68685,0.68475,0.68675,6528,0.684467,0.686483,0.684317,0.686351,0,0.002533,-0.001733,0.000399
2024.09.26 06:00,0.6867,0.6872,0.6862,0.6869,4061,0.686271,0.6867,0.685782,0.686412,0,0.001418,-0.0005,0.000488
2024.09.26 07:00,0.68685,0.68735,0.68635,0.6865,5483,0.686408,0.687049,0.685871,0.685989,0,0.001479,-0.000699,0.000511
2024.09.26 08:00,0.6865,0.6876,0.68645,0.6867,3780,0.685989,0.687238,0.68581,0.686219,0,0.00179,-0.000788,0.000481
2024.09.26 09:00,0.68675,0.68785,0.6867,0.68735,4539,0.686299,0.687427,0.68629,0.686752,0,0.00156,-0.000727,0.000598
2024.09.26 10:00,0.68735,0.68915,0.68725,0.68915,6818,0.686898,0.6888,0.6867,0.688658,0,0.00245,-0.00155,0.000492
2024.09.26 11:00,0.68915,0.68935,0.6883,0.68855,6990,0.688719,0.688848,0.687782,0.688118,0,0.001568,-0.000548,0.000432
2024.09.26 12:00,0.68865,0.6895,0.6877,0.68915,8821,0.688108,0.688928,0.687271,0.68862,0,0.002229,-0.001228,0.00053
2024.09.26 13:00,0.68915,0.68945,0.6874,0.68795,10437,0.688729,0.689037,0.68695,0.687347,0,0.0025,-0.001637,0.000603
2024.09.26 14:00,0.68795,0.6894,0.68685,0.68925,13743,0.687389,0.688909,0.686436,0.68871,0,0.002964,-0.002059,0.00054
2024.09.26 15:00,0.6892,0.69105,0.6887,0.69055,10705,0.688757,0.690655,0.688298,0.690079,0,0.002752,-0.001955,0.000471
2024.09.26 16:00,0.69055,0.69055,0.68905,0.68925,6535,0.690031,0.690031,0.688539,0.688691,0,0.002011,-0.000981,0.000559
2024.09.26 17:00,0.6892,0.69025,0.6891,0.69005,4386,0.688629,0.689846,0.688558,0.689631,0,0.001692,-0.000745,0.000419
2024.09.26 18:00,0.6901,0.69065,0.69005,0.69055,4804,0.68966,0.690322,0.689551,0.689969,0,0.001099,-0.000272,0.000581
2024.09.26 19:00,0.69055,0.69085,0.6898,0.69015,3726,0.690007,0.690417,0.68928,0.689846,0,0.00157,-0.000617,0.000305
2024.09.26 20:00,0.6901,0.6903,0.68975,0.6903,2081,0.689617,0.689893,0.68927,0.689798,0,0.00103,-0.000143,0.000502
2024.09.26 22:00,0.69005,0.6904,0.6898,0.69035,0,0.689679,0.690036,0.68937,0.689941,0,0.00103,-0.000236,0.000409
2024.09.26 23:00,0.6904,0.69055,0.68965,0.6898,2800,0.689931,0.690226,0.689208,0.68936,0,0.001342,-0.000576,0.00044
2024.09.27 00:00,0.6898,0.69,0.68885,0.6893,4686,0.68928,0.689489,0.688369,0.688829,0,0.001631,-0.000639,0.000471
2024.09.27 01:00,0.68925,0.68965,0.6878,0.6886,5104,0.68881,0.689322,0.687318,0.688208,0,0.002332,-0.001522,0.000392
2024.09.27 02:00,0.68865,0.6887,0.6879,0.6882,2908,0.688141,0.688231,0.687441,0.687748,0,0.001259,-0.000331,0.000452
2024.09.27 03:00,0.6883,0.68885,0.68805,0.6885,1334,0.687829,0.688468,0.687592,0.688047,0,0.001258,-0.000418,0.000453
2024.09.27 04:00,0.6883,0.68845,0.6878,0.6883,1155,0.688037,0.688279,0.687299,0.6879,0,0.001151,-0.000479,0.0004
2024.09.27 05:00,0.68845,0.6888,0.6874,0.68825,4384,0.687971,0.688421,0.686931,0.687829,0,0.001869,-0.001021,0.000421
2024.09.27 06:00,0.6882,0.6893,0.68785,0.689,8455,0.687819,0.688895,0.687418,0.688539,0,0.001882,-0.001045,0.000461
2024.09.27 07:00,0.689,0.6892,0.6882,0.6887,4032,0.688558,0.6888,0.6878,0.688227,0,0.0014,-0.0006,0.000473
2024.09.27 08:00,0.6887,0.6896,0.6885,0.6892,2979,0.688227,0.689227,0.688032,0.68871,0,0.001568,-0.000727,0.00049
2024.09.27 09:00,0.68915,0.68975,0.6888,0.68935,3021,0.688639,0.689322,0.688307,0.68889,0,0.001443,-0.000522,0.00046
2024.09.27 10:00,0.6893,0.69,0.6888,0.6888,4062,0.688848,0.689655,0.688288,0.688288,0,0.001712,-0.000855,0.000512
2024.09.27 11:00,0.6888,0.69035,0.6888,0.69,4310,0.688388,0.689941,0.688388,0.689703,0,0.001962,-0.001141,0.000297
2024.09.27 12:00,0.69,0.6935,0.6899,0.693,15749,0.689498,0.693049,0.689441,0.692588,0,0.004059,-0.003149,0.000412
2024.09.27 13:00,0.69305,0.6935,0.69245,0.69295,10688,0.692319,0.693145,0.691951,0.692521,0,0.001549,-0.000695,0.000429
2024.09.27 14:00,0.69295,0.69425,0.69275,0.6937,10471,0.692612,0.69377,0.692291,0.693159,0,0.001959,-0.00102,0.000541
2024.09.27 15:00,0.6937,0.6937,0.6915,0.6917,8417,0.693121,0.693121,0.691052,0.691128,0,0.002648,-0.001621,0.000572
2024.09.27 16:00,0.6917,0.69195,0.6907,0.69155,9644,0.691061,0.691611,0.690226,0.691037,0,0.001724,-0.000911,0.000513
2024.09.27 17:00,0.69155,0.6916,0.69055,0.69135,3839,0.691047,0.691228,0.690188,0.690861,0,0.001412,-0.000678,0.000489
2024.09.27 18:00,0.69135,0.6919,0.69045,0.69185,5289,0.69088,0.691515,0.690117,0.691357,0,0.001783,-0.001065,0.000493
2024.09.27 19:00,0.6918,0.6918,0.69105,0.69115,3175,0.691267,0.691372,0.690598,0.690651,0,0.001202,-0.000322,0.000499
2024.09.27 20:00,0.6911,0.69115,0.6906,0.6908,2657,0.690608,0.690799,0.690212,0.690331,0,0.000938,-0.000199,0.000469
2024.09.29 23:00,0.69205,0.69255,0.6919,0.6924,3091,0.691592,0.692185,0.691486,0.692089,0,0.001064,-0.000285,0.000311
2024.09.30 00:00,0.69245,0.69295,0.69215,0.69275,3921,0.691998,0.692665,0.691807,0.692228,0,0.001143,-0.000515,0.000522
2024.09.30 01:00,0.6928,0.6942,0.69225,0.69275,6076,0.692473,0.69377,0.69184,0.692367,0,0.00236,-0.00152,0.000383
2024.09.30 02:00,0.6928,0.69285,0.6919,0.6928,2133,0.692377,0.692521,0.691491,0.692473,0,0.001359,-0.000621,0.000327
2024.09.30 03:00,0.69285,0.6935,0.6926,0.6934,1449,0.692439,0.693193,0.692109,0.693193,0,0.001391,-0.000593,0.000207
2024.09.30 04:00,0.6935,0.69405,0.69325,0.6937,1125,0.693068,0.693722,0.692861,0.693241,0,0.001189,-0.000472,0.000459
2024.09.30 05:00,0.69375,0.6947,0.6935,0.69365,3305,0.693481,0.694252,0.693068,0.69314,0,0.001632,-0.000752,0.00051
2024.09.30 06:00,0.69355,0.6942,0.693,0.6939,3385,0.693318,0.693866,0.692569,0.693438,0,0.001631,-0.000866,0.000462
2024.09.30 07:00,0.69395,0.6943,0.69355,0.69355,3036,0.693251,0.693914,0.693159,0.693289,0,0.001141,-0.000364,0.000261
2024.09.30 08:00,0.69355,0.69385,0.69255,0.69315,3331,0.693217,0.693481,0.692099,0.692593,0,0.001751,-0.000931,0.000557
2024.09.30 09:00,0.6932,0.69335,0.6928,0.6928,2083,0.692857,0.693001,0.69231,0.692473,0,0.00104,-0.000201,0.000327
2024.09.30 10:00,0.69285,0.693,0.6921,0.69225,2626,0.6923,0.692617,0.69163,0.691898,0,0.00137,-0.000517,0.000352
2024.09.30 11:00,0.69225,0.6932,0.6921,0.6928,3009,0.691778,0.692857,0.691592,0.692521,0,0.001608,-0.000757,0.000279
2024.09.30 12:00,0.69285,0.6935,0.6924,0.6933,3311,0.692411,0.693001,0.691951,0.692881,0,0.001549,-0.000601,0.000419
2024.09.30 13:00,0.6934,0.6946,0.6931,0.69385,7142,0.693049,0.694155,0.692679,0.693529,0,0.001921,-0.001055,0.000321
2024.09.30 14:00,0.6938,0.6947,0.6926,0.69425,13363,0.693529,0.694252,0.692118,0.693789,0,0.002582,-0.001652,0.000461
2024.09.30 15:00,0.69425,0.69455,0.69315,0.6937,6847,0.693751,0.694107,0.692732,0.693385,0,0.001818,-0.000957,0.000315
2024.09.30 16:00,0.69375,0.6945,0.6936,0.69445,4351,0.693308,0.694107,0.69314,0.693958,0,0.00136,-0.000507,0.000492
2024.09.30 17:00,0.69445,0.695,0.694,0.69415,3541,0.694107,0.694252,0.693529,0.69364,0,0.001471,-0.000252,0.00051
2024.09.30 18:00,0.6941,0.69425,0.6905,0.6925,14761,0.69377,0.693818,0.690031,0.692137,0,0.004219,-0.003318,0.000363
2024.09.30 19:00,0.6925,0.6925,0.69115,0.69205,4709,0.691759,0.69185,0.690627,0.691659,0,0.001873,-0.0007,0.000391
2024.09.30 20:00,0.69205,0.69215,0.6916,0.69185,1071,0.691338,0.691802,0.691209,0.691529,0,0.000941,-0.000202,0.000321
2024.09.30 22:00,0.692,0.69255,0.69185,0.69225,0,0.691706,0.692185,0.691687,0.69185,0,0.000863,-0.000335,0.0004
2024.09.30 23:00,0.6923,0.6926,0.692,0.6921,1303,0.69174,0.692233,0.691539,0.691754,0,0.001061,-0.000233,0.000346
2024.10.01 00:00,0.69205,0.6922,0.6914,0.6919,2805,0.691592,0.69185,0.690942,0.691319,0,0.001258,-0.00045,0.000581
2024.10.01 01:00,0.69185,0.69405,0.69175,0.69395,3977,0.691515,0.693563,0.691257,0.693428,0,0.002793,-0.001813,0.000522
2024.10.01 02:00,0.69395,0.69395,0.6925,0.69305,2912,0.693577,0.693577,0.692008,0.69253,0,0.001942,-0.001077,0.00052
2024.10.01 03:00,0.69305,0.6931,0.6919,0.69215,0,0.69254,0.692713,0.691439,0.691706,0,0.001661,-0.000813,0.000444
2024.10.01 04:00,0.69255,0.6936,0.6922,0.6935,2068,0.691563,0.693049,0.691501,0.693001,0,0.002099,-0.000849,0.000499
2024.10.01 05:00,0.69355,0.6939,0.6931,0.69335,2692,0.693193,0.693529,0.692679,0.692847,0,0.001221,-0.000429,0.000503
2024.10.01 06:00,0.69335,0.6936,0.69275,0.6933,3793,0.693049,0.693193,0.692238,0.692953,0,0.001362,-0.000443,0.000347
2024.10.01 07:00,0.6933,0.6936,0.6907,0.6913,7277,0.69278,0.69301,0.690279,0.69099,0,0.003321,-0.00231,0.00031
2024.10.01 08:00,0.6913,0.6918,0.69045,0.6913,4723,0.690899,0.691467,0.690031,0.690827,0,0.001769,-0.001017,0.000473
2024.10.01 09:00,0.69135,0.6921,0.69085,0.69155,3946,0.69099,0.691706,0.690379,0.691118,0,0.001721,-0.000856,0.000432
2024.10.01 10:00,0.69155,0.6916,0.69005,0.6907,5366,0.691181,0.691181,0.689541,0.690369,0,0.002059,-0.001131,0.000331
2024.10.01 11:00,0.69075,0.69155,0.69035,0.6913,3893,0.690307,0.691133,0.689888,0.69099,0,0.001662,-0.000783,0.00031
2024.10.01 12:00,0.69135,0.692,0.69105,0.6914,4311,0.690899,0.691515,0.690579,0.690927,0,0.001421,-0.000465,0.000473
2024.10.01 13:00,0.69145,0.6919,0.688,0.6897,20586,0.691133,0.691515,0.687649,0.68918,0,0.004251,-0.003515,0.00052
2024.10.01 14:00,0.68975,0.69075,0.6881,0.68945,29724,0.688326,0.690179,0.687971,0.689132,0,0.002779,-0.002079,0.000318
2024.10.01 15:00,0.68945,0.6895,0.6877,0.6892,12585,0.688909,0.688909,0.687238,0.688848,0,0.002262,-0.001209,0.000352
2024.10.01 16:00,0.68915,0.6893,0.68715,0.6879,10205,0.688558,0.688848,0.68679,0.687351,0,0.00251,-0.001698,0.000549
2024.10.01 17:00,0.68785,0.68905,0.6862,0.68895,8246,0.687522,0.688563,0.6858,0.688487,0,0.00325,-0.002363,0.000463
2024.10.01 18:00,0.689,0.69025,0.689,0.6898,5012,0.688705,0.689798,0.68862,0.689513,0,0.00163,-0.000798,0.000287
2024.10.01 19:00,0.6898,0.69045,0.68905,0.68925,4455,0.689417,0.690084,0.688686,0.688895,0,0.001764,-0.001033,0.000355
2024.10.01 20:00,0.68925,0.68935,0.68875,0.6889,2314,0.688719,0.68899,0.688307,0.688563,0,0.001043,-0.00024,0.000337
2024.10.01 22:00,0.68865,0.68915,0.6884,0.68875,0,0.688468,0.688658,0.688032,0.688359,0,0.001118,-0.000258,0.000391
2024.10.01 23:00,0.6888,0.68905,0.68825,0.6885,1702,0.688468,0.688705,0.687952,0.688184,0,0.001098,-0.000455,0.000316
2024.10.02 00:00,0.6885,0.68925,0.6884,0.68885,1858,0.688018,0.688848,0.68798,0.688516,0,0.00127,-0.000448,0.000334
2024.10.02 01:00,0.6889,0.6912,0.6889,0.69085,3586,0.688402,0.690713,0.688402,0.690331,0,0.002798,-0.001813,0.000519
2024.10.02 02:00,0.69095,0.69155,0.6907,0.6915,2217,0.69056,0.691181,0.690312,0.690961,0,0.001238,-0.000481,0.000539
2024.10.02 03:00,0.6915,0.69215,0.6911,0.69115,3124,0.691133,0.691659,0.69066,0.690846,0,0.00149,-0.000559,0.000304
2024.10.02 04:00,0.6913,0.69145,0.6892,0.6896,3095,0.690732,0.691085,0.688857,0.689275,0,0.002593,-0.001885,0.000325
2024.10.02 05:00,0.6895,0.69,0.6881,0.68845,4512,0.689018,0.68956,0.687682,0.687971,0,0.002318,-0.00146,0.000479
2024.10.02 06:00,0.6885,0.6901,0.6882,0.68985,3799,0.688184,0.689608,0.687739,0.689398,0,0.002361,-0.001408,0.000452
2024.10.02 07:00,0.6899,0.6906,0.6898,0.6902,4751,0.689513,0.690179,0.689289,0.689846,0,0.001311,-0.000379,0.000354
2024.10.02 08:00,0.69015,0.6911,0.68975,0.6901,6689,0.68965,0.690655,0.689327,0.689703,0,0.001773,-0.000905,0.000397
2024.10.02 09:00,0.69005,0.69035,0.68955,0.6901,1529,0.689551,0.689941,0.689052,0.689551,0,0.001298,-0.000391,0.000549
2024.10.02 10:00,0.6901,0.69095,0.68985,0.69065,2553,0.68975,0.690465,0.689351,0.690107,0,0.001599,-0.000615,0.000543
2024.10.02 11:00,0.6907,0.6909,0.69015,0.6904,3301,0.690417,0.690465,0.689631,0.689931,0,0.001269,-0.000315,0.000469
2024.10.02 12:00,0.69045,0.6909,0.68985,0.69005,4566,0.689941,0.690512,0.689379,0.689508,0,0.001521,-0.000662,0.000542
2024.10.02 13:00,0.69005,0.6907,0.68845,0.6891,7941,0.689498,0.690274,0.687919,0.688568,0,0.002781,-0.001824,0.000532
2024.10.02 14:00,0.68915,0.69,0.6884,0.68865,8787,0.688753,0.68956,0.68798,0.688118,0,0.00202,-0.00116,0.000532
2024.10.02 15:00,0.6887,0.69015,0.68855,0.69005,6684,0.688326,0.689703,0.688018,0.689703,0,0.002132,-0.001153,0.000347
2024.10.02 16:00,0.69005,0.69045,0.689,0.689,3602,0.689617,0.689988,0.68843,0.688658,0,0.00202,-0.000988,0.000342
2024.10.02 17:00,0.689,0.6895,0.6886,0.68935,2250,0.688317,0.689132,0.68807,0.688819,0,0.00143,-0.000532,0.000531
2024.10.02 18:00,0.68935,0.68955,0.68855,0.6887,4325,0.68899,0.68899,0.688047,0.688151,0,0.001503,-0.00044,0.000549
2024.10.02 19:00,0.6887,0.68945,0.6885,0.68935,1913,0.688326,0.689085,0.68799,0.688942,0,0.00146,-0.000585,0.000408
2024.10.02 20:00,0.6893,0.6894,0.689,0.6892,1545,0.688829,0.68899,0.688482,0.688753,0,0.000918,1e-05,0.000447
2024.10.02 22:00,0.6892,0.6892,0.6888,0.68895,0,0.688658,0.688871,0.68843,0.688582,0,0.00077,-7.1e-05,0.000368
2024.10.02 23:00,0.689,0.6894,0.6888,0.689,830,0.688658,0.689037,0.688378,0.688658,0,0.001022,-0.000237,0.000342
2024.10.03 00:00,0.68895,0.6892,0.6879,0.6886,2400,0.68844,0.688848,0.68746,0.688279,0,0.00174,-0.000948,0.000321
2024.10.03 01:00,0.6886,0.68895,0.6868,0.6878,5023,0.688141,0.688468,0.686328,0.687474,0,0.002622,-0.001668,0.000326
2024.10.03 02:00,0.6878,0.6881,0.6869,0.68735,1896,0.687328,0.687758,0.68645,0.686889,0,0.00165,-0.000858,0.000461
2024.10.03 03:00,0.68735,0.68775,0.6866,0.687,1604,0.687049,0.68738,0.68613,0.68654,0,0.00162,-0.00078,0.00046
2024.10.03 04:00,0.68685,0.68725,0.68655,0.68655,1037,0.686672,0.686908,0.686087,0.686248,0,0.001163,-0.000358,0.000302
2024.10.03 05:00,0.68655,0.6871,0.6861,0.6868,3031,0.686158,0.686719,0.685659,0.686483,0,0.001441,-0.000619,0.000317
2024.10.03 06:00,0.6869,0.6882,0.68675,0.6877,2955,0.686351,0.687853,0.686351,0.687271,0,0.001849,-0.001103,0.000429
2024.10.03 07:00,0.68775,0.6879,0.68655,0.68695,4430,0.687427,0.687427,0.686102,0.68645,0,0.001798,-0.000877,0.0005
2024.10.03 08:00,0.68695,0.687,0.68545,0.6856,4640,0.686625,0.686625,0.685119,0.685307,0,0.001881,-0.001175,0.000293
2024.10.03 09:00,0.6856,0.6859,0.68515,0.6853,3151,0.684932,0.685495,0.68465,0.684978,0,0.00125,-0.000345,0.000322
2024.10.03 10:00,0.6853,0.6855,0.68465,0.68515,3066,0.684861,0.685072,0.68413,0.684702,0,0.00137,-0.000422,0.000448
2024.10.03 11:00,0.68515,0.6859,0.68465,0.6857,2756,0.684838,0.685495,0.684191,0.685251,0,0.001709,-0.000845,0.000449
2024.10.03 12:00,0.6857,0.6858,0.68405,0.6844,7463,0.685401,0.685448,0.68362,0.684088,0,0.00218,-0.001398,0.000312
2024.10.03 13:00,0.68435,0.68565,0.68425,0.6854,4858,0.684018,0.685307,0.683751,0.685119,0,0.001899,-0.001057,0.000281
2024.10.03 14:00,0.6855,0.6859,0.6835,0.68455,21090,0.684552,0.685401,0.68313,0.684023,0,0.00277,-0.001901,0.000527
2024.10.03 15:00,0.68455,0.68535,0.6845,0.6848,6839,0.684009,0.684885,0.684009,0.684289,0,0.001341,-0.000385,0.000511
2024.10.03 16:00,0.6848,0.68605,0.68475,0.68555,4167,0.68451,0.68573,0.684299,0.685213,0,0.001751,-0.00098,0.000337
2024.10.03 17:00,0.68555,0.68565,0.68495,0.68515,2739,0.68511,0.685307,0.684481,0.684791,0,0.001169,-0.000357,0.000359
2024.10.03 18:00,0.68515,0.6854,0.68455,0.68455,3190,0.684641,0.685072,0.684102,0.684102,0,0.001298,-0.000522,0.000448
2024.10.03 19:00,0.6846,0.6852,0.68455,0.685,2324,0.684275,0.684838,0.684102,0.684449,0,0.001098,-0.000288,0.000551
2024.10.03 20:00,0.68495,0.685,0.6845,0.6846,1911,0.68465,0.68465,0.684051,0.684275,0,0.000949,-0.00015,0.000325
2024.10.03 22:00,0.6846,0.68515,0.6845,0.685,0,0.684411,0.684838,0.684219,0.684678,0,0.000931,-0.000338,0.000322
2024.10.03 23:00,0.68505,0.6856,0.685,0.68555,1120,0.684744,0.68526,0.684608,0.685161,0,0.000992,-0.00026,0.000389
2024.10.04 00:00,0.68555,0.68575,0.685,0.68555,2733,0.68526,0.685331,0.68457,0.685213,0,0.00118,-0.000331,0.000337
2024.10.04 01:00,0.68555,0.6856,0.6848,0.68515,3375,0.685082,0.68526,0.684332,0.684791,0,0.001268,-0.00046,0.000359
2024.10.04 02:00,0.68515,0.68575,0.685,0.68515,2633,0.684617,0.685307,0.684556,0.684885,0,0.001194,-0.000307,0.000265
2024.10.04 03:00,0.6852,0.6855,0.6848,0.68525,2027,0.68481,0.685213,0.684341,0.684828,0,0.001159,-0.000413,0.000422
2024.10.04 04:00,0.68535,0.68555,0.6845,0.6846,2395,0.684978,0.685213,0.684051,0.684149,0,0.001499,-0.000713,0.000451
2024.10.04 05:00,0.6846,0.6855,0.68455,0.6853,2850,0.684322,0.685213,0.684158,0.684978,0,0.001342,-0.000663,0.000322
2024.10.04 06:00,0.68535,0.68535,0.6845,0.68455,1553,0.6848,0.684978,0.684018,0.684275,0,0.001332,-0.000478,0.000275
2024.10.04 07:00,0.6845,0.6851,0.68435,0.68495,2398,0.684032,0.684791,0.683859,0.684421,0,0.001241,-0.000441,0.000529
2024.10.04 08:00,0.68495,0.68495,0.68425,0.6847,1722,0.684603,0.684603,0.683798,0.684219,0,0.001152,-0.000353,0.000481
2024.10.04 09:00,0.68465,0.68475,0.68415,0.68475,1464,0.684369,0.684416,0.683649,0.684416,0,0.001101,-0.000266,0.000334
2024.10.04 10:00,0.68475,0.68505,0.6846,0.6847,1186,0.684252,0.684744,0.684032,0.684369,0,0.001018,-0.000144,0.000331
2024.10.04 11:00,0.68465,0.68485,0.68435,0.68465,1394,0.684182,0.68451,0.683938,0.684191,0,0.000912,-0.00016,0.000459
2024.10.04 12:00,0.6846,0.6849,0.6798,0.6799,25040,0.684322,0.684589,0.679371,0.679537,0,0.005529,-0.004789,0.000363
2024.10.04 13:00,0.67995,0.6812,0.6796,0.68025,11189,0.679449,0.680735,0.679159,0.679902,0,0.002041,-0.001135,0.000348
2024.10.04 14:00,0.68025,0.68165,0.67995,0.68065,11062,0.679708,0.681199,0.679509,0.680272,0,0.002141,-0.001249,0.000378
2024.10.04 15:00,0.68065,0.68095,0.67925,0.68025,8084,0.680189,0.68055,0.678827,0.679639,0,0.002123,-0.0013,0.000611
2024.10.04 16:00,0.68025,0.6803,0.6792,0.6802,3979,0.679856,0.679902,0.678638,0.679717,0,0.001662,-0.000702,0.000483
2024.10.04 17:00,0.6802,0.6807,0.67995,0.68025,2206,0.67981,0.680318,0.6795,0.679948,0,0.0012,-0.000368,0.000302
2024.10.04 18:00,0.6803,0.6806,0.6798,0.6805,2028,0.67974,0.68018,0.679311,0.68018,0,0.001289,-0.00038,0.00032
2024.10.04 19:00,0.68055,0.68095,0.68045,0.68065,2699,0.680041,0.680596,0.679939,0.680078,0,0.001011,-0.000146,0.000572
2024.10.04 20:00,0.68065,0.68065,0.67995,0.68,1753,0.680272,0.680272,0.679537,0.679537,0,0.001113,-0.000322,0.000463
2024.10.06 23:00,0.68085,0.681,0.6802,0.68045,1503,0.680457,0.680596,0.67975,0.679921,0,0.00125,-0.000396,0.000529
2024.10.07 00:00,0.68035,0.68095,0.6801,0.68065,2385,0.67986,0.68055,0.679597,0.680092,0,0.001353,-0.00045,0.000558
2024.10.07 01:00,0.6806,0.6815,0.68025,0.6808,2987,0.680138,0.68106,0.67975,0.680291,0,0.00175,-0.00081,0.000509
2024.10.07 02:00,0.6808,0.6814,0.68075,0.68115,1737,0.680291,0.681013,0.680258,0.680698,0,0.001142,-0.000263,0.000452
2024.10.07 03:00,0.68115,0.68145,0.68085,0.68125,1257,0.680731,0.68106,0.680369,0.680819,0,0.001081,-0.00021,0.000431
2024.10.07 04:00,0.6813,0.68165,0.681,0.6811,763,0.680967,0.681199,0.68049,0.68067,0,0.00116,-0.000199,0.00043
2024.10.07 05:00,0.6811,0.68115,0.68035,0.6805,1246,0.680661,0.680782,0.679819,0.679967,0,0.001331,-0.000432,0.000533
2024.10.07 06:00,0.6805,0.68125,0.68015,0.68085,2440,0.679958,0.680782,0.679708,0.680309,0,0.001542,-0.000632,0.000541
2024.10.07 07:00,0.6808,0.68115,0.6795,0.67995,5304,0.680291,0.680735,0.679011,0.679357,0,0.002139,-0.001235,0.000593
2024.10.07 08:00,0.67995,0.6803,0.6791,0.6792,3833,0.679477,0.67981,0.678578,0.678587,0,0.001722,-0.00071,0.000613
2024.10.07 09:00,0.6791,0.67955,0.67835,0.67925,3794,0.678578,0.679163,0.677828,0.67873,0,0.001722,-0.000813,0.00052
2024.10.07 10:00,0.6793,0.6797,0.67895,0.67895,2128,0.678707,0.679348,0.67849,0.678509,0,0.00121,-0.000398,0.000441
2024.10.07 11:00,0.6789,0.67995,0.67865,0.67995,1874,0.67832,0.679579,0.678099,0.679366,0,0.001851,-0.000929,0.000584
2024.10.07 12:00,0.67995,0.68045,0.6791,0.67925,2851,0.679482,0.680041,0.678569,0.678712,0,0.001881,-0.000941,0.000538
2024.10.07 13:00,0.6792,0.6798,0.6786,0.6787,5093,0.678781,0.679348,0.678118,0.678178,0,0.001682,-0.000748,0.000522
2024.10.07 14:00,0.6787,0.67925,0.67645,0.6769,9125,0.67809,0.678748,0.675977,0.67648,0,0.003273,-0.002298,0.00042
2024.10.07 15:00,0.67695,0.67735,0.6764,0.6766,5377,0.676338,0.676865,0.675918,0.676009,0,0.001432,-0.000465,0.000591
2024.10.07 16:00,0.67655,0.6769,0.67625,0.6767,2287,0.675968,0.676453,0.675767,0.676219,0,0.001133,-0.000203,0.000481
2024.10.07 17:00,0.6768,0.6773,0.6766,0.6768,1890,0.676261,0.676865,0.676096,0.676329,0,0.001204,-0.000265,0.000471
2024.10.07 18:00,0.6768,0.6768,0.675,0.67505,5780,0.676279,0.676407,0.67455,0.67455,0,0.00225,-0.001407,0.0005
2024.10.07 19:00,0.67505,0.67615,0.6749,0.67615,7074,0.67455,0.675767,0.67445,0.675548,0,0.0017,-0.000867,0.000602
2024.10.07 20:00,0.67615,0.6765,0.6761,0.67625,1687,0.675639,0.676087,0.675598,0.675808,0,0.000902,1.3e-05,0.000442
2024.10.07 22:00,0.67645,0.67665,0.6756,0.6757,0,0.676338,0.676338,0.675201,0.67537,0,0.001449,-0.000738,0.00033
2024.10.07 23:00,0.6757,0.6764,0.67555,0.67615,1420,0.675338,0.676041,0.675119,0.675657,0,0.001281,-0.000491,0.000493
2024.10.08 00:00,0.67615,0.6775,0.676,0.6774,4836,0.675648,0.67714,0.67552,0.67692,0,0.00198,-0.00114,0.00048
2024.10.08 01:00,0.67735,0.6774,0.6759,0.67655,4844,0.67681,0.677002,0.67547,0.67611,0,0.00193,-0.001102,0.00044
2024.10.08 02:00,0.67655,0.6767,0.67205,0.67385,15134,0.676027,0.676224,0.67188,0.673346,0,0.00482,-0.004174,0.000504
2024.10.08 03:00,0.67385,0.675,0.67365,0.6738,0,0.67341,0.674536,0.673197,0.673319,0,0.001803,-0.000886,0.000481
2024.10.08 04:00,0.6739,0.67435,0.67345,0.6743,1453,0.673469,0.674036,0.672929,0.673827,0,0.001421,-0.000586,0.000473
2024.10.08 05:00,0.67425,0.6748,0.67285,0.67315,4271,0.673777,0.674445,0.672301,0.672558,0,0.002499,-0.001595,0.000592
2024.10.08 06:00,0.67315,0.67395,0.6728,0.6734,2965,0.672671,0.673537,0.67235,0.67288,0,0.0016,-0.000737,0.00052
2024.10.08 07:00,0.6734,0.67435,0.67245,0.67415,6082,0.672961,0.673854,0.67202,0.673677,0,0.00233,-0.001404,0.000473
2024.10.08 08:00,0.6742,0.67425,0.67305,0.6736,4078,0.673759,0.673854,0.67259,0.673111,0,0.00166,-0.000804,0.000489
2024.10.08 09:00,0.6736,0.6737,0.67265,0.67315,2390,0.673129,0.67331,0.67217,0.67273,0,0.00153,-0.00066,0.00042
2024.10.08 10:00,0.67325,0.6741,0.673,0.6739,2150,0.672748,0.673718,0.672499,0.673487,0,0.001601,-0.000718,0.000413
2024.10.08 11:00,0.6739,0.6748,0.6737,0.67465,2687,0.673419,0.6744,0.673219,0.674159,0,0.001581,-0.0007,0.000491
2024.10.08 12:00,0.6747,0.67505,0.67345,0.67385,5247,0.67425,0.674627,0.67302,0.673328,0,0.00203,-0.001177,0.000522
2024.10.08 13:00,0.67385,0.6746,0.67305,0.6736,7413,0.67346,0.674218,0.672509,0.67307,0,0.002091,-0.001168,0.00053
2024.10.08 14:00,0.67365,0.6743,0.673,0.6734,7813,0.673292,0.673854,0.67249,0.672948,0,0.00181,-0.000854,0.000452
2024.10.08 15:00,0.67345,0.67455,0.67275,0.67425,6835,0.67302,0.674218,0.67231,0.673809,0,0.00224,-0.001468,0.000441
2024.10.08 16:00,0.6743,0.6748,0.674,0.6744,4365,0.673759,0.6744,0.673559,0.673909,0,0.001241,-0.0004,0.000491
2024.10.08 17:00,0.67435,0.67485,0.67345,0.6746,4269,0.6738,0.674354,0.673047,0.674159,0,0.001803,-0.000904,0.000441
2024.10.08 18:00,0.67465,0.6749,0.67435,0.67475,4626,0.674091,0.674445,0.673859,0.674241,0,0.001041,-9.5e-05,0.000509
2024.10.08 19:00,0.6748,0.67555,0.67455,0.6754,3021,0.674268,0.675219,0.674036,0.674941,0,0.001514,-0.000669,0.000459
2024.10.08 20:00,0.67545,0.67545,0.675,0.6753,1528,0.674869,0.675083,0.674541,0.674682,0,0.000909,-8.3e-05,0.000618
2024.10.08 22:00,0.67505,0.67545,0.675,0.6752,0,0.67496,0.675001,0.674591,0.6749,0,0.000859,-1e-06,0.0003
2024.10.08 23:00,0.67525,0.67525,0.67445,0.67445,1308,0.6748,0.674855,0.674018,0.674027,0,0.001232,-0.000405,0.000423
2024.10.09 00:00,0.67445,0.6748,0.6741,0.6746,2539,0.674009,0.674445,0.673709,0.674432,0,0.001091,-0.000345,0.000168
2024.10.09 01:00,0.6746,0.6754,0.674,0.67475,6010,0.674009,0.674859,0.673687,0.674327,0,0.001714,-0.000859,0.000423
2024.10.09 02:00,0.67475,0.6748,0.6736,0.6739,2600,0.674341,0.6744,0.673269,0.673437,0,0.001531,-0.0008,0.000463
2024.10.09 03:00,0.67395,0.67415,0.6731,0.6732,2864,0.673541,0.673809,0.672757,0.673029,0,0.001393,-0.000709,0.000171
2024.10.09 04:00,0.67375,0.674,0.67285,0.67355,2560,0.673147,0.673582,0.672418,0.673056,0,0.001582,-0.000732,0.000494
2024.10.09 05:00,0.6736,0.6768,0.67355,0.675,19758,0.673219,0.676133,0.673219,0.674659,0,0.003581,-0.002583,0.000341
2024.10.09 06:00,0.67495,0.67545,0.67385,0.6739,5067,0.674418,0.675083,0.673437,0.673478,0,0.002013,-0.001233,0.000422
2024.10.09 07:00,0.6739,0.6739,0.67305,0.6736,3908,0.67341,0.673582,0.67254,0.673169,0,0.00136,-0.000532,0.000431
2024.10.09 08:00,0.6736,0.67385,0.67295,0.6735,1638,0.67312,0.673582,0.672558,0.67302,0,0.001292,-0.000632,0.00048
2024.10.09 09:00,0.67355,0.6745,0.67355,0.6742,2041,0.673201,0.674172,0.673188,0.6738,0,0.001312,-0.000622,0.0004
2024.10.09 10:00,0.67425,0.6744,0.6739,0.67395,1393,0.673677,0.674082,0.673446,0.673487,0,0.000954,-0.000182,0.000463
2024.10.09 11:00,0.67395,0.67405,0.6732,0.67335,1887,0.673496,0.673718,0.672739,0.672907,0,0.001311,-0.000518,0.000443
2024.10.09 12:00,0.67335,0.6737,0.67235,0.6727,3574,0.672929,0.67331,0.671899,0.672179,0,0.001801,-0.00096,0.000521
2024.10.09 13:00,0.6727,0.6729,0.6717,0.6728,7245,0.672188,0.67254,0.6712,0.672228,0,0.001701,-0.00084,0.000572
2024.10.09 14:00,0.67275,0.673,0.67135,0.67175,7071,0.672341,0.67254,0.670866,0.671267,0,0.002134,-0.00119,0.000483
2024.10.09 15:00,0.6718,0.6733,0.6718,0.673,5963,0.671456,0.672948,0.671456,0.67254,0,0.001844,-0.001148,0.00046
2024.10.09 16:00,0.673,0.673,0.67215,0.6722,3203,0.672328,0.672585,0.671659,0.671718,0,0.001341,-0.000435,0.000482
2024.10.09 17:00,0.67225,0.67255,0.6719,0.6722,2349,0.67175,0.672088,0.671438,0.671718,0,0.001112,-0.000188,0.000482
2024.10.09 18:00,0.67225,0.67245,0.6717,0.67175,3826,0.671727,0.672043,0.671249,0.671281,0,0.001201,-0.000343,0.000469
2024.10.09 19:00,0.6718,0.67235,0.6717,0.672,2748,0.671339,0.671908,0.671186,0.671501,0,0.001164,-0.000208,0.000499
2024.10.09 20:00,0.672,0.67255,0.6717,0.67235,1605,0.671461,0.672179,0.671227,0.67202,0,0.001323,-0.000479,0.00033
2024.10.09 22:00,0.6721,0.67225,0.6717,0.67185,0,0.671799,0.671899,0.67138,0.671592,0,0.00087,-0.000199,0.000258
2024.10.09 23:00,0.6719,0.67255,0.6718,0.67215,1662,0.671452,0.672133,0.671429,0.671668,0,0.001121,-0.000333,0.000482
2024.10.10 00:00,0.6721,0.6727,0.67185,0.67215,2915,0.671659,0.672405,0.67142,0.67193,0,0.00128,-0.000555,0.00022
2024.10.10 01:00,0.67215,0.67325,0.67205,0.67265,3304,0.671709,0.672812,0.671628,0.672319,0,0.001622,-0.000762,0.000331
2024.10.10 02:00,0.6726,0.6736,0.67205,0.6732,3165,0.672251,0.673265,0.671691,0.67273,0,0.001909,-0.001215,0.00047
2024.10.10 03:00,0.67305,0.6739,0.673,0.67365,2295,0.672599,0.673491,0.672599,0.673251,0,0.001301,-0.000491,0.000399
2024.10.10 04:00,0.6736,0.6745,0.6735,0.6744,3978,0.673451,0.674218,0.673111,0.673959,0,0.001389,-0.000718,0.000441
2024.10.10 05:00,0.67435,0.67475,0.67365,0.6737,2714,0.674036,0.6744,0.673269,0.673278,0,0.001481,-0.00075,0.000422
2024.10.10 06:00,0.67365,0.674,0.67305,0.6735,4327,0.673206,0.673627,0.672631,0.673088,0,0.001369,-0.000577,0.000412
2024.10.10 07:00,0.67345,0.67385,0.6733,0.6734,3430,0.673088,0.673537,0.672821,0.67292,0,0.001029,-0.000237,0.00048
2024.10.10 08:00,0.67335,0.67345,0.6727,0.6728,2221,0.672821,0.673129,0.67231,0.672359,0,0.00114,-0.000429,0.000441
2024.10.10 09:00,0.67285,0.6731,0.6726,0.673,1506,0.672301,0.672721,0.672129,0.67254,0,0.000971,-0.000121,0.00046
2024.10.10 10:00,0.67305,0.67325,0.67275,0.67295,1268,0.672658,0.672857,0.67231,0.672468,0,0.00094,-0.000107,0.000482
2024.10.10 11:00,0.6729,0.67295,0.6718,0.67225,2319,0.672409,0.672585,0.671429,0.671741,0,0.001521,-0.000785,0.000509
2024.10.10 12:00,0.6722,0.6745,0.6698,0.6738,18283,0.671677,0.673854,0.671538,0.673387,0,0.002962,-0.004054,0.000413
2024.10.10 13:00,0.6738,0.6745,0.6718,0.67265,12206,0.673188,0.673991,0.671447,0.67226,0,0.003053,-0.002191,0.00039
2024.10.10 14:00,0.67265,0.67335,0.67205,0.67265,9358,0.672499,0.673083,0.671569,0.672179,0,0.001781,-0.001033,0.000471
2024.10.10 15:00,0.67265,0.67385,0.67245,0.6737,4383,0.672188,0.673582,0.672052,0.673292,0,0.001798,-0.001132,0.000408
2024.10.10 16:00,0.6737,0.67425,0.6722,0.6724,5930,0.673287,0.673991,0.67175,0.671899,0,0.0025,-0.001791,0.000501
2024.10.10 17:00,0.6724,0.6739,0.67165,0.6737,5223,0.671876,0.673491,0.671321,0.673206,0,0.002579,-0.001841,0.000494
2024.10.10 18:00,0.67375,0.67385,0.67335,0.67345,2226,0.673237,0.673491,0.672898,0.672961,0,0.000952,-0.000141,0.000489
2024.10.10 19:00,0.6734,0.67445,0.67315,0.67425,3076,0.672961,0.673945,0.672689,0.673809,0,0.00176,-0.000795,0.000441
2024.10.10 20:00,0.67425,0.6748,0.67425,0.6746,1373,0.673836,0.674445,0.673836,0.674418,0,0.000964,-0.000195,0.000182
2024.10.10 22:00,0.6745,0.6747,0.67435,0.6745,0,0.674241,0.6744,0.673959,0.674236,0,0.000741,-5e-05,0.000264
2024.10.10 23:00,0.67455,0.6749,0.6744,0.6746,1248,0.674159,0.674536,0.674018,0.674159,0,0.000882,-0.000136,0.000441
2024.10.11 00:00,0.67465,0.675,0.67435,0.67465,2596,0.674259,0.674673,0.673918,0.674168,0,0.001082,-0.000323,0.000482
2024.10.11 01:00,0.6747,0.67525,0.6742,0.6746,3023,0.674232,0.6749,0.673777,0.674218,0,0.001473,-0.0007,0.000382
2024.10.11 02:00,0.6746,0.67535,0.6743,0.675,2308,0.6742,0.674992,0.673886,0.674559,0,0.001464,-0.000692,0.000441
2024.10.11 03:00,0.67505,0.6755,0.67475,0.6753,1516,0.674636,0.675083,0.674368,0.674878,0,0.001132,-0.000333,0.000422
2024.10.11 04:00,0.6754,0.67545,0.67475,0.6748,1013,0.6749,0.675174,0.674341,0.67435,0,0.001109,-0.000424,0.00045
2024.10.11 05:00,0.67475,0.67495,0.67415,0.6742,1471,0.674341,0.674627,0.673736,0.673768,0,0.001214,-0.000477,0.000432
2024.10.11 06:00,0.6742,0.67425,0.6731,0.67385,4485,0.6735,0.6739,0.672708,0.673428,0,0.001542,-0.0008,0.000422
2024.10.11 07:00,0.6738,0.6749,0.67355,0.6748,2686,0.67336,0.674582,0.673169,0.674336,0,0.001731,-0.001032,0.000464
2024.10.11 08:00,0.6749,0.675,0.6743,0.67435,1825,0.674418,0.674673,0.673859,0.673909,0,0.001141,-0.000373,0.000441
2024.10.11 09:00,0.67435,0.67495,0.6739,0.67405,1107,0.673968,0.674509,0.673428,0.673541,0,0.001522,-0.000609,0.000509
2024.10.11 10:00,0.67405,0.67415,0.67375,0.674,994,0.673609,0.673854,0.673346,0.673528,0,0.000804,-0.000104,0.000472
2024.10.11 11:00,0.67405,0.6741,0.673,0.6736,1988,0.6736,0.673854,0.672549,0.673169,0,0.001551,-0.000854,0.000431
2024.10.11 12:00,0.6736,0.6757,0.67325,0.67385,10190,0.673169,0.675037,0.672821,0.673401,0,0.002879,-0.001787,0.000449
2024.10.11 13:00,0.6738,0.67485,0.6733,0.6747,4349,0.673387,0.674491,0.672871,0.674259,0,0.001979,-0.001191,0.000441
2024.10.11 14:00,0.6747,0.67555,0.6745,0.67505,7085,0.674368,0.675265,0.674109,0.6746,0,0.001441,-0.000765,0.00045
2024.10.11 15:00,0.67505,0.67645,0.675,0.67605,3371,0.674609,0.676087,0.674527,0.675548,0,0.001923,-0.001087,0.000502
2024.10.11 16:00,0.67605,0.67645,0.67595,0.67625,1898,0.675589,0.676133,0.67552,0.67579,0,0.00093,-0.000183,0.00046
2024.10.11 17:00,0.6763,0.67645,0.67595,0.6763,2829,0.675831,0.676133,0.67553,0.67579,0,0.00092,-0.000183,0.00051
2024.10.11 18:00,0.67625,0.67645,0.67605,0.6761,2407,0.67579,0.676133,0.675598,0.675689,0,0.000852,-8.3e-05,0.000411
2024.10.11 19:00,0.67615,0.67625,0.6758,0.6759,2469,0.675689,0.67595,0.675447,0.675461,0,0.000803,-0.00015,0.000439
2024.10.11 20:00,0.6759,0.67615,0.6755,0.6757,0,0.675452,0.675721,0.675078,0.675329,0,0.001072,-0.000221,0.000371
2024.10.13 23:00,0.67395,0.6745,0.67285,0.6735,3730,0.673786,0.674132,0.672518,0.673228,0,0.001982,-0.001282,0.000272
2024.10.14 00:00,0.6735,0.67485,0.6732,0.67395,5549,0.67326,0.674582,0.67288,0.673528,0,0.00197,-0.001382,0.000422
2024.10.14 01:00,0.6739,0.67445,0.67285,0.67385,5185,0.673228,0.674036,0.672518,0.673491,0,0.001932,-0.001186,0.000359
2024.10.14 02:00,0.67385,0.6739,0.6727,0.67375,3133,0.673251,0.673582,0.672409,0.673387,0,0.001491,-0.000882,0.000363
2024.10.14 03:00,0.67385,0.67505,0.6735,0.6746,2486,0.673478,0.674673,0.67312,0.673982,0,0.00193,-0.001173,0.000618
2024.10.14 04:00,0.67445,0.6746,0.67425,0.6743,886,0.674032,0.674309,0.673777,0.673777,0,0.000823,-5.9e-05,0.000523
2024.10.14 05:00,0.67425,0.6747,0.67405,0.67435,1637,0.673809,0.674309,0.6736,0.67395,0,0.0011,-0.000259,0.0004
2024.10.14 06:00,0.67435,0.6749,0.67385,0.67395,2499,0.673977,0.674536,0.673469,0.673469,0,0.001431,-0.000686,0.000481
2024.10.14 07:00,0.67395,0.67435,0.67345,0.67365,3311,0.673509,0.6739,0.67307,0.67326,0,0.00128,-0.00045,0.00039
2024.10.14 08:00,0.67365,0.674,0.6731,0.67325,1795,0.673169,0.673673,0.672699,0.672807,0,0.001301,-0.000573,0.000443
2024.10.14 09:00,0.6733,0.67385,0.6728,0.67285,1121,0.67283,0.673582,0.672391,0.672391,0,0.001459,-0.000782,0.000459
2024.10.14 10:00,0.67285,0.6729,0.67235,0.6724,2502,0.672391,0.672585,0.67188,0.672011,0,0.00102,-0.000235,0.000389
2024.10.14 11:00,0.6724,0.6725,0.6719,0.67215,2797,0.671948,0.671998,0.671479,0.671799,0,0.001021,-9.8e-05,0.000351
2024.10.14 12:00,0.67215,0.6724,0.67095,0.671,4641,0.671759,0.672043,0.67056,0.67056,0,0.00184,-0.001093,0.00044
2024.10.14 13:00,0.671,0.67425,0.6707,0.67375,14783,0.670578,0.673945,0.670309,0.673351,0,0.003941,-0.003245,0.000399
2024.10.14 14:00,0.6737,0.6742,0.6725,0.67315,8454,0.67312,0.6739,0.672111,0.672689,0,0.002089,-0.0014,0.000461
2024.10.14 15:00,0.67315,0.67325,0.67245,0.6728,2543,0.67264,0.672948,0.672088,0.672391,0,0.001162,-0.000498,0.000409
2024.10.14 16:00,0.67285,0.673,0.67245,0.67295,2157,0.672341,0.672631,0.672029,0.672468,0,0.00097,-0.000181,0.000482
2024.10.14 17:00,0.6729,0.6729,0.6723,0.6727,890,0.672427,0.672585,0.67188,0.67231,0,0.00102,-0.000285,0.00039
2024.10.14 18:00,0.67265,0.67305,0.67225,0.6723,2984,0.67221,0.672721,0.671817,0.67188,0,0.001233,-0.000471,0.00042
2024.10.14 19:00,0.67235,0.67305,0.6718,0.67275,3380,0.671768,0.672676,0.671479,0.672328,0,0.001571,-0.000876,0.000422
2024.10.14 20:00,0.67275,0.67325,0.6727,0.67325,1326,0.672278,0.672902,0.672237,0.672771,0,0.001013,-0.000202,0.000479
2024.10.14 22:00,0.67295,0.6732,0.67255,0.67305,0,0.672898,0.672898,0.672228,0.67264,0,0.000972,-0.000348,0.00041
2024.10.14 23:00,0.6731,0.6733,0.6728,0.67295,1311,0.672699,0.672993,0.6724,0.672567,0,0.0009,-0.000193,0.000383
2024.10.15 00:00,0.67305,0.6734,0.6725,0.6733,2386,0.672441,0.673083,0.672079,0.672957,0,0.001321,-0.000583,0.000344
2024.10.15 01:00,0.67325,0.6736,0.6728,0.67335,2977,0.672839,0.673219,0.672427,0.673047,0,0.001173,-0.000419,0.000303
2024.10.15 02:00,0.6733,0.6738,0.67295,0.6733,1420,0.672889,0.673446,0.672558,0.672857,0,0.001242,-0.000496,0.000443
2024.10.15 03:00,0.6732,0.6736,0.67215,0.6723,0,0.672757,0.672948,0.671727,0.671858,0,0.001873,-0.000798,0.000442
2024.10.15 04:00,0.6721,0.67215,0.6718,0.67185,1458,0.671718,0.671817,0.671299,0.67142,0,0.000851,-1.7e-05,0.00043
2024.10.15 05:00,0.6718,0.6718,0.67075,0.67135,4073,0.671272,0.671411,0.670381,0.670929,0,0.001419,-0.000661,0.000421
2024.10.15 06:00,0.67135,0.6722,0.6711,0.67215,3827,0.670961,0.671862,0.670709,0.671691,0,0.001491,-0.000762,0.000459
2024.10.15 07:00,0.6721,0.6722,0.67065,0.6713,4585,0.671677,0.671862,0.670309,0.670781,0,0.001891,-0.001212,0.000519
2024.10.15 08:00,0.6713,0.67205,0.6709,0.67205,2031,0.670767,0.671727,0.670479,0.671587,0,0.001571,-0.000827,0.000463
2024.10.15 09:00,0.67205,0.6723,0.6715,0.6718,1695,0.671619,0.671953,0.6711,0.671281,0,0.0012,-0.000453,0.000519
2024.10.15 10:00,0.67185,0.6719,0.67125,0.6714,1228,0.67133,0.671592,0.670808,0.671019,0,0.001092,-0.000342,0.000381
2024.10.15 11:00,0.6714,0.6723,0.6714,0.672,3119,0.670997,0.671998,0.670961,0.671529,0,0.001339,-0.000598,0.000471
2024.10.15 12:00,0.672,0.67255,0.6716,0.6722,4075,0.671529,0.672179,0.671218,0.671772,0,0.001333,-0.000579,0.000428
2024.10.15 13:00,0.6722,0.6731,0.67215,0.6725,3746,0.671871,0.672766,0.671741,0.672038,0,0.001359,-0.000616,0.000462
2024.10.15 14:00,0.67245,0.6731,0.6707,0.67225,13600,0.671962,0.672766,0.670318,0.671768,0,0.002782,-0.002066,0.000482
2024.10.15 15:00,0.6722,0.67235,0.6711,0.6713,5603,0.671777,0.671908,0.670709,0.67088,0,0.001641,-0.000808,0.00042
2024.10.15 16:00,0.67135,0.6717,0.67105,0.6711,2233,0.67088,0.671321,0.670596,0.6707,0,0.001104,-0.000271,0.0004
2024.10.15 17:00,0.6711,0.6711,0.67045,0.6705,3224,0.670641,0.670781,0.670017,0.670089,0,0.001083,-0.000331,0.000411
2024.10.15 18:00,0.67055,0.67105,0.67045,0.6707,3491,0.67008,0.670736,0.67003,0.670187,0,0.00102,-0.000286,0.000513
2024.10.15 19:00,0.67065,0.67075,0.6704,0.67055,5986,0.670228,0.670421,0.670048,0.670129,0,0.000702,-2.1e-05,0.000421
2024.10.15 20:00,0.67055,0.67095,0.6703,0.6708,1524,0.670147,0.670646,0.6699,0.670601,0,0.00105,-0.000346,0.000199
2024.10.15 22:00,0.67065,0.67065,0.67,0.67025,0,0.670448,0.670448,0.669658,0.669927,0,0.000992,-0.000448,0.000323
2024.10.15 23:00,0.6703,0.67035,0.66785,0.66825,3903,0.669927,0.669972,0.66769,0.66794,0,0.00266,-0.002122,0.00031
2024.10.16 00:00,0.66825,0.66885,0.66735,0.6685,5204,0.66782,0.668494,0.66696,0.668038,0,0.00189,-0.001144,0.000462
2024.10.16 01:00,0.6685,0.6697,0.6682,0.6696,3943,0.668159,0.669434,0.667838,0.669066,0,0.001862,-0.001234,0.000534
2024.10.16 02:00,0.6697,0.67005,0.6692,0.66955,2482,0.66942,0.669703,0.668829,0.66916,0,0.001221,-0.000503,0.00039
2024.10.16 03:00,0.6696,0.67055,0.6696,0.6698,2288,0.66921,0.670201,0.66921,0.669407,0,0.00134,-0.000601,0.000393
2024.10.16 04:00,0.66995,0.67,0.66945,0.66955,1375,0.66938,0.669747,0.669071,0.66916,0,0.000929,-0.000297,0.00039
2024.10.16 05:00,0.66955,0.6704,0.66925,0.67025,2037,0.669219,0.670062,0.668838,0.669806,0,0.001562,-0.000812,0.000444
2024.10.16 06:00,0.6702,0.67025,0.66885,0.6695,4790,0.669487,0.669703,0.668467,0.669129,0,0.001783,-0.000853,0.000371
2024.10.16 07:00,0.6695,0.66985,0.669,0.6696,2398,0.669057,0.669478,0.668601,0.669178,0,0.001249,-0.000478,0.000422
2024.10.16 08:00,0.6696,0.6696,0.669,0.6694,2086,0.669147,0.66921,0.668601,0.669026,0,0.000999,-0.00021,0.000374
2024.10.16 09:00,0.6694,0.66985,0.66915,0.6693,1612,0.669048,0.669478,0.668749,0.668869,0,0.001101,-0.000328,0.000431
2024.10.16 10:00,0.6693,0.66935,0.6685,0.6686,1625,0.668919,0.66912,0.668096,0.668137,0,0.001254,-0.00062,0.000463
2024.10.16 11:00,0.66855,0.6692,0.66855,0.669,1725,0.668208,0.668896,0.668181,0.668548,0,0.001019,-0.000346,0.000453
2024.10.16 12:00,0.66905,0.6695,0.6678,0.6679,4984,0.668758,0.66921,0.667428,0.667499,0,0.002072,-0.00141,0.000401
2024.10.16 13:00,0.6679,0.66825,0.66755,0.6679,6965,0.667428,0.668003,0.667169,0.66749,0,0.001081,-0.000453,0.00041
2024.10.16 14:00,0.6679,0.668,0.66675,0.6673,13978,0.667548,0.667548,0.666409,0.666867,0,0.001591,-0.000798,0.000433
2024.10.16 15:00,0.6673,0.6674,0.6663,0.6667,6086,0.666809,0.667067,0.665921,0.666249,0,0.001479,-0.000767,0.000451
2024.10.16 16:00,0.66665,0.6672,0.6665,0.66715,2084,0.666231,0.666889,0.666081,0.666791,0,0.001119,-0.000389,0.000359
2024.10.16 17:00,0.6672,0.66725,0.6669,0.6671,1623,0.6668,0.666978,0.666467,0.66672,0,0.000783,-7.8e-05,0.00038
2024.10.16 18:00,0.6671,0.6672,0.6668,0.66695,2983,0.66672,0.666933,0.666409,0.666578,0,0.000791,-0.000133,0.000372
2024.10.16 19:00,0.6669,0.6671,0.6667,0.66705,3205,0.666529,0.666711,0.666338,0.66656,0,0.000762,-1.1e-05,0.00049
2024.10.16 20:00,0.66705,0.66725,0.66695,0.6671,1332,0.666569,0.666978,0.666569,0.666889,0,0.000681,-2.8e-05,0.000211
2024.10.16 22:00,0.667,0.66725,0.6664,0.6667,0,0.667018,0.667018,0.6662,0.666351,0,0.00105,-0.000618,0.000349
2024.10.16 23:00,0.66675,0.66705,0.66635,0.66695,1171,0.666249,0.666756,0.666067,0.666507,0,0.000983,-0.000406,0.000443
2024.10.17 00:00,0.6669,0.66995,0.66685,0.6698,7107,0.666569,0.669658,0.666511,0.669496,0,0.003439,-0.002808,0.000304
2024.10.17 01:00,0.6698,0.67095,0.66965,0.67085,4927,0.669461,0.670601,0.669357,0.67043,0,0.001593,-0.000951,0.00042
2024.10.17 02:00,0.67085,0.6715,0.6692,0.67015,6630,0.67043,0.671141,0.668829,0.669837,0,0.002671,-0.001941,0.000313
2024.10.17 03:00,0.67015,0.6702,0.6686,0.66905,2918,0.669878,0.669972,0.668271,0.668758,0,0.001929,-0.001372,0.000292
2024.10.17 04:00,0.66895,0.6697,0.6689,0.66935,1216,0.668928,0.669434,0.668548,0.669057,0,0.001153,-0.000534,0.000293
2024.10.17 05:00,0.66935,0.66995,0.66915,0.6693,1635,0.669017,0.669703,0.668838,0.668959,0,0.001112,-0.000553,0.000341
2024.10.17 06:00,0.66935,0.66945,0.6685,0.66865,4418,0.668968,0.669165,0.66823,0.668288,0,0.00122,-0.000665,0.000362
2024.10.17 07:00,0.6686,0.66865,0.6676,0.6682,2837,0.668217,0.66836,0.667338,0.66786,0,0.001311,-0.00076,0.00034
2024.10.17 08:00,0.66815,0.6686,0.668,0.6683,1646,0.668007,0.668315,0.667668,0.667931,0,0.000932,-0.000315,0.000369
2024.10.17 09:00,0.66825,0.66955,0.66825,0.66925,2369,0.66794,0.669299,0.66794,0.668928,0,0.00161,-0.001049,0.000322
2024.10.17 10:00,0.66925,0.6701,0.66925,0.67005,1896,0.668968,0.669837,0.668941,0.669721,0,0.001159,-0.000587,0.000329
2024.10.17 11:00,0.67005,0.6706,0.67,0.67,2290,0.66977,0.670286,0.669689,0.669747,0,0.000911,-0.000286,0.000253
2024.10.17 12:00,0.67005,0.6702,0.66845,0.6695,7979,0.669698,0.669882,0.668257,0.669089,0,0.001943,-0.001432,0.000411
2024.10.17 13:00,0.66945,0.67005,0.6687,0.6695,5056,0.669022,0.669703,0.668391,0.66912,0,0.001659,-0.001003,0.00038
2024.10.17 14:00,0.6695,0.67075,0.6687,0.6703,12260,0.669129,0.670241,0.668378,0.669981,0,0.002372,-0.001541,0.000319
2024.10.17 15:00,0.6703,0.6714,0.66995,0.6706,7377,0.66994,0.67101,0.669591,0.670201,0,0.001809,-0.00106,0.000399
2024.10.17 16:00,0.67055,0.67075,0.6697,0.6704,2649,0.670178,0.670466,0.669357,0.66999,0,0.001393,-0.000766,0.00041
2024.10.17 17:00,0.67045,0.6707,0.66985,0.67045,2437,0.670098,0.670466,0.669478,0.670098,0,0.001222,-0.000616,0.000352
2024.10.17 18:00,0.6705,0.6705,0.6699,0.66995,5172,0.66999,0.670107,0.669478,0.669747,0,0.001022,-0.000207,0.000203
2024.10.17 19:00,0.67,0.67015,0.6697,0.66995,2459,0.669541,0.669882,0.669371,0.669617,0,0.000779,-0.000182,0.000333
2024.10.17 20:00,0.66995,0.67015,0.6698,0.6701,1174,0.669528,0.669927,0.669456,0.669882,0,0.000694,-0.000127,0.000218
2024.10.17 22:00,0.67,0.6704,0.67,0.67005,0,0.669999,0.670196,0.669819,0.669851,0,0.000581,-0.000196,0.000199
2024.10.17 23:00,0.6701,0.6706,0.66985,0.67035,1326,0.669837,0.670376,0.66955,0.669999,0,0.00105,-0.000526,0.000351
2024.10.18 00:00,0.67035,0.67085,0.6698,0.67025,2685,0.670196,0.670556,0.66955,0.669918,0,0.0013,-0.000756,0.000332
2024.10.18 01:00,0.67025,0.6712,0.67025,0.67085,1680,0.670107,0.670961,0.670021,0.670538,0,0.001179,-0.000711,0.000312
2024.10.18 02:00,0.6709,0.67225,0.67055,0.6714,4098,0.670736,0.671899,0.670286,0.671141,0,0.001964,-0.001349,0.000259
2024.10.18 03:00,0.67135,0.67155,0.67055,0.67075,1540,0.671231,0.671321,0.670277,0.67056,0,0.001273,-0.000771,0.00019
2024.10.18 04:00,0.6709,0.67115,0.67055,0.67065,1038,0.670736,0.670871,0.670219,0.670309,0,0.000931,-0.000321,0.000341
2024.10.18 05:00,0.6707,0.6713,0.67025,0.6712,2120,0.670556,0.670947,0.669918,0.670871,0,0.001382,-0.000697,0.000329
2024.10.18 06:00,0.67115,0.672,0.67085,0.6716,4042,0.671096,0.671772,0.670538,0.67129,0,0.001462,-0.000922,0.00031
2024.10.18 07:00,0.6716,0.6722,0.67145,0.6718,2502,0.671366,0.671998,0.671109,0.671456,0,0.001091,-0.000548,0.000344
2024.10.18 08:00,0.6718,0.6721,0.6716,0.6716,2742,0.671682,0.671862,0.671249,0.671249,0,0.000851,-0.000262,0.000351
2024.10.18 09:00,0.67165,0.67195,0.6714,0.67155,1030,0.671249,0.671682,0.67106,0.671231,0,0.00089,-0.000282,0.000319
2024.10.18 10:00,0.67155,0.67185,0.6711,0.67175,1657,0.671209,0.671547,0.670727,0.671308,0,0.001123,-0.000447,0.000442
2024.10.18 11:00,0.67175,0.67185,0.6714,0.6716,1543,0.671398,0.671592,0.671051,0.671191,0,0.000799,-0.000192,0.000409
2024.10.18 12:00,0.6716,0.67205,0.67135,0.67175,2870,0.671249,0.671817,0.670988,0.671371,0,0.001062,-0.000467,0.000379
2024.10.18 13:00,0.67175,0.6724,0.67135,0.6715,4429,0.67138,0.672133,0.671001,0.671078,0,0.001399,-0.000783,0.000422
2024.10.18 14:00,0.67145,0.6716,0.6708,0.67105,4529,0.671109,0.671411,0.670448,0.670749,0,0.001152,-0.000611,0.000301
2024.10.18 15:00,0.67105,0.67115,0.67025,0.6704,3194,0.670718,0.670916,0.66994,0.669958,0,0.00121,-0.000666,0.000442
2024.10.18 16:00,0.67035,0.6715,0.67025,0.67135,1844,0.669967,0.671276,0.669891,0.67101,0,0.001609,-0.001026,0.00034
2024.10.18 17:00,0.6713,0.67135,0.67045,0.6708,1043,0.670988,0.671096,0.670089,0.670439,0,0.001261,-0.000646,0.000361
2024.10.18 18:00,0.67075,0.67105,0.67055,0.6708,1681,0.670556,0.670871,0.670228,0.67047,0,0.000822,-0.000321,0.000329
2024.10.18 19:00,0.6708,0.6709,0.6705,0.67075,2203,0.670556,0.670646,0.670228,0.670408,0,0.000672,-0.000146,0.000342
2024.10.18 20:00,0.6707,0.6711,0.67065,0.6711,1587,0.670466,0.670871,0.670318,0.670758,0,0.000782,-0.000221,0.000342
2024.10.20 23:00,0.6719,0.672,0.6712,0.6718,872,0.671628,0.671772,0.670947,0.671592,0,0.001053,-0.000572,0.000208
2024.10.21 00:00,0.6718,0.67205,0.6709,0.6712,1293,0.671497,0.671709,0.670646,0.670911,0,0.001404,-0.000809,0.000289
2024.10.21 01:00,0.6712,0.67275,0.6712,0.67185,3669,0.67088,0.672495,0.67088,0.671587,0,0.00187,-0.001295,0.000263
2024.10.21 02:00,0.67175,0.6724,0.6717,0.67185,1280,0.671488,0.672133,0.671447,0.671547,0,0.000953,-0.000433,0.000303
2024.10.21 03:00,0.67185,0.67235,0.6718,0.6721,644,0.671587,0.672043,0.67152,0.671908,0,0.00083,-0.000243,0.000192
2024.10.21 04:00,0.67205,0.67215,0.6707,0.67085,1501,0.671777,0.671953,0.670412,0.67052,0,0.001738,-0.001253,0.00033
2024.10.21 05:00,0.67085,0.671,0.66995,0.67035,1755,0.670488,0.670826,0.669649,0.670021,0,0.001351,-0.000876,0.000329
2024.10.21 06:00,0.67035,0.67035,0.66865,0.669,4839,0.669869,0.670062,0.668329,0.6687,0,0.002021,-0.001412,0.000301
2024.10.21 07:00,0.66905,0.6698,0.66895,0.66935,3152,0.668758,0.669568,0.668691,0.668999,0,0.001109,-0.000618,0.000351
2024.10.21 08:00,0.6693,0.6697,0.66915,0.66955,1422,0.668977,0.669478,0.66882,0.66925,0,0.00088,-0.000328,0.0003
2024.10.21 09:00,0.66955,0.6697,0.66865,0.6687,1300,0.669241,0.669478,0.668257,0.668329,0,0.001443,-0.000829,0.000371
2024.10.21 10:00,0.66865,0.66885,0.6684,0.6686,2102,0.668302,0.668673,0.668101,0.668262,0,0.000749,-0.000273,0.000338
2024.10.21 11:00,0.66865,0.6693,0.66865,0.6692,1743,0.668342,0.669075,0.668279,0.66882,0,0.001021,-0.000425,0.00038
2024.10.21 12:00,0.66915,0.67035,0.66895,0.66965,5075,0.66878,0.670107,0.668579,0.66934,0,0.001771,-0.001157,0.00031
2024.10.21 13:00,0.6696,0.66995,0.66905,0.66945,3055,0.669138,0.669658,0.668722,0.66916,0,0.001228,-0.000608,0.00029
2024.10.21 14:00,0.6695,0.66955,0.6676,0.6677,7376,0.669098,0.669299,0.667249,0.667289,0,0.002301,-0.001699,0.00041
2024.10.21 15:00,0.66765,0.6677,0.666,0.6663,8254,0.667241,0.667289,0.66565,0.665987,0,0.00205,-0.001289,0.000313
2024.10.21 16:00,0.66625,0.6665,0.66595,0.6664,2599,0.66589,0.666267,0.665611,0.666067,0,0.000889,-0.000317,0.000333
2024.10.21 17:00,0.66645,0.6667,0.66635,0.66655,2830,0.666147,0.666533,0.66597,0.66624,0,0.00073,-0.000183,0.00031
2024.10.21 18:00,0.66655,0.66665,0.6657,0.66585,5904,0.66628,0.666445,0.665478,0.665478,0,0.001172,-0.000745,0.000372
2024.10.21 19:00,0.66585,0.66645,0.6658,0.66625,4078,0.665531,0.666223,0.66546,0.665881,0,0.00099,-0.000423,0.000369
2024.10.21 20:00,0.66625,0.66635,0.66605,0.66625,2501,0.665828,0.666134,0.665748,0.666089,0,0.000602,-8.4e-05,0.000161
2024.10.21 22:00,0.66625,0.6663,0.66565,0.66565,0,0.666107,0.666112,0.665429,0.665429,0,0.000871,-0.000462,0.000221
2024.10.21 23:00,0.6657,0.66605,0.6656,0.6658,1089,0.66542,0.665823,0.66534,0.6655,0,0.00071,-0.000223,0.0003
2024.10.22 00:00,0.6658,0.6663,0.6655,0.6659,3089,0.665478,0.666045,0.665239,0.665642,0,0.001061,-0.000545,0.000258
2024.10.22 01:00,0.6659,0.66705,0.66585,0.6669,2855,0.665562,0.666756,0.665562,0.666489,0,0.001488,-0.000906,0.000411
2024.10.22 02:00,0.6669,0.66765,0.66685,0.66725,2073,0.666618,0.667468,0.6666,0.667009,0,0.00105,-0.000618,0.000241
2024.10.22 03:00,0.66725,0.66895,0.66725,0.6689,0,0.667031,0.668673,0.66696,0.668458,0,0.00199,-0.001423,0.000442
2024.10.22 04:00,0.6688,0.6693,0.6687,0.6691,2894,0.668489,0.669075,0.668239,0.668758,0,0.001061,-0.000375,0.000342
2024.10.22 05:00,0.66905,0.66955,0.66845,0.6685,4296,0.668861,0.669299,0.668128,0.668128,0,0.001422,-0.000849,0.000372
2024.10.22 06:00,0.6685,0.6697,0.6685,0.6688,3601,0.668168,0.669344,0.668168,0.66844,0,0.001532,-0.000844,0.00036
2024.10.22 07:00,0.66875,0.6692,0.6684,0.6686,3006,0.66836,0.668941,0.66807,0.668257,0,0.00113,-0.000541,0.000343
2024.10.22 08:00,0.66855,0.669,0.6683,0.6683,2126,0.668221,0.668762,0.667967,0.667967,0,0.001033,-0.000462,0.000333
2024.10.22 09:00,0.66825,0.6689,0.6682,0.66845,1647,0.667878,0.668583,0.667878,0.66807,0,0.001022,-0.000383,0.00038
2024.10.22 10:00,0.66845,0.6692,0.66845,0.66885,2055,0.668177,0.668941,0.668079,0.668472,0,0.001121,-0.000491,0.000378
2024.10.22 11:00,0.66885,0.6692,0.6687,0.66885,1473,0.668351,0.668986,0.668329,0.668498,0,0.000871,-0.000286,0.000352
2024.10.22 12:00,0.66885,0.6695,0.6687,0.669,6026,0.668507,0.669299,0.668369,0.66861,0,0.001131,-0.000599,0.00039
2024.10.22 13:00,0.66895,0.66995,0.66855,0.66885,6492,0.668588,0.669658,0.668248,0.668498,0,0.001702,-0.001108,0.000352
2024.10.22 14:00,0.66885,0.669,0.66835,0.6686,5906,0.66857,0.668762,0.668029,0.668248,0,0.000971,-0.000412,0.000352
2024.10.22 15:00,0.66865,0.66895,0.66815,0.6683,3672,0.668288,0.668628,0.667806,0.6679,0,0.001144,-0.000478,0.0004
2024.10.22 16:00,0.66825,0.66875,0.66805,0.66875,1920,0.667909,0.668494,0.667677,0.668342,0,0.001073,-0.000444,0.000408
2024.10.22 17:00,0.66875,0.66945,0.6686,0.66935,1781,0.668409,0.66921,0.668271,0.668968,0,0.001179,-0.00061,0.000382
2024.10.22 18:00,0.66935,0.6694,0.6685,0.6685,2606,0.668959,0.669165,0.668181,0.668181,0,0.001219,-0.000665,0.000319
2024.10.22 19:00,0.66855,0.66895,0.66835,0.6685,2143,0.668128,0.668717,0.668029,0.66823,0,0.000921,-0.000367,0.00027
2024.10.22 20:00,0.66855,0.66875,0.66825,0.66865,904,0.668038,0.668539,0.66794,0.668338,0,0.00081,-0.000289,0.000312
2024.10.22 22:00,0.6687,0.66895,0.66855,0.66865,0,0.668619,0.668762,0.668329,0.668346,0,0.000621,-0.000212,0.000304
2024.10.22 23:00,0.66875,0.66875,0.6684,0.6686,395,0.66844,0.668539,0.668128,0.668297,0,0.000622,-0.000139,0.000303
2024.10.23 00:00,0.66855,0.6694,0.66735,0.6675,2687,0.668248,0.66912,0.667049,0.667178,0,0.002351,-0.00177,0.000322
2024.10.23 01:00,0.6675,0.6683,0.66665,0.66815,3265,0.667307,0.667913,0.666409,0.667797,0,0.001891,-0.001263,0.000353
2024.10.23 02:00,0.6681,0.6692,0.6681,0.66885,2128,0.667829,0.668941,0.667829,0.668539,0,0.001371,-0.000841,0.000311
2024.10.23 03:00,0.6689,0.66955,0.6684,0.6684,1358,0.668539,0.669344,0.668096,0.668101,0,0.001454,-0.000944,0.000299
2024.10.23 04:00,0.668,0.66835,0.66785,0.668,891,0.668038,0.668315,0.667579,0.667757,0,0.000771,-0.000465,0.000243
2024.10.23 05:00,0.6681,0.66835,0.66775,0.6681,901,0.667829,0.668092,0.667459,0.667757,0,0.000891,-0.000342,0.000343
2024.10.23 06:00,0.66815,0.66815,0.66655,0.66685,2499,0.667806,0.667869,0.666271,0.666507,0,0.001879,-0.001319,0.000343
2024.10.23 07:00,0.66685,0.66725,0.6666,0.66665,1658,0.666529,0.667022,0.666271,0.666338,0,0.000979,-0.000422,0.000312
2024.10.23 08:00,0.66665,0.6668,0.66625,0.66625,1534,0.666307,0.666578,0.665912,0.665921,0,0.000888,-0.000328,0.000329
2024.10.23 09:00,0.66625,0.66635,0.66585,0.66595,1605,0.665961,0.666178,0.66558,0.665628,0,0.00077,-0.000328,0.000322
2024.10.23 10:00,0.66595,0.66605,0.66525,0.6654,2113,0.665611,0.665956,0.66504,0.665088,0,0.00101,-0.000706,0.000312
2024.10.23 11:00,0.6654,0.66555,0.6639,0.6641,4290,0.665088,0.665292,0.663627,0.663729,0,0.001923,-0.001392,0.000371
2024.10.23 12:00,0.66405,0.6641,0.6633,0.6639,6224,0.663759,0.663878,0.66302,0.66357,0,0.00108,-0.000578,0.00033
2024.10.23 13:00,0.6639,0.6647,0.6638,0.6643,6116,0.663579,0.664408,0.663548,0.664019,0,0.001152,-0.000608,0.000281
2024.10.23 14:00,0.6643,0.66445,0.66335,0.66395,7725,0.66398,0.664143,0.663068,0.663592,0,0.001382,-0.000793,0.000358
2024.10.23 15:00,0.6639,0.66405,0.6632,0.6635,6164,0.663561,0.66379,0.662879,0.663178,0,0.001171,-0.00059,0.000322
2024.10.23 16:00,0.6635,0.66355,0.6629,0.6631,3155,0.66317,0.663262,0.662598,0.662809,0,0.000952,-0.000362,0.000291
2024.10.23 17:00,0.6631,0.6631,0.66245,0.6625,2817,0.662748,0.66291,0.662129,0.662252,0,0.000971,-0.00046,0.000248
2024.10.23 18:00,0.66255,0.66305,0.6618,0.6628,7273,0.662247,0.662866,0.66152,0.662568,0,0.00153,-0.001066,0.000232
2024.10.23 19:00,0.66285,0.6638,0.66275,0.66375,5818,0.662519,0.663526,0.662497,0.663438,0,0.001303,-0.000776,0.000312
2024.10.23 20:00,0.6637,0.66395,0.6636,0.6638,2542,0.663407,0.66379,0.663297,0.663491,0,0.000653,-0.00019,0.000309
2024.10.23 22:00,0.6638,0.6641,0.66355,0.6636,0,0.663892,0.663922,0.663376,0.66339,0,0.000724,-0.000372,0.000211
2024.10.23 23:00,0.66365,0.66395,0.66345,0.6638,1387,0.663341,0.66379,0.663227,0.66357,0,0.000723,-0.00034,0.00023
2024.10.24 00:00,0.6638,0.6645,0.66325,0.66445,2426,0.66346,0.664319,0.663046,0.664209,0,0.001454,-0.001069,0.000241
2024.10.24 01:00,0.66445,0.66455,0.664,0.6642,1812,0.664218,0.664319,0.663751,0.663949,0,0.000799,-0.000319,0.000251
2024.10.24 02:00,0.6642,0.66515,0.664,0.6648,1696,0.663909,0.664907,0.663689,0.664518,0,0.001461,-0.000907,0.000282
2024.10.24 03:00,0.6648,0.6654,0.6647,0.6649,1956,0.664509,0.665247,0.664386,0.664637,0,0.001014,-0.000547,0.000263
2024.10.24 04:00,0.66495,0.66525,0.6647,0.6651,1321,0.664611,0.66507,0.6645,0.664796,0,0.00075,-0.000371,0.000304
2024.10.24 05:00,0.66505,0.6651,0.6646,0.6647,1265,0.664788,0.664938,0.66435,0.664447,0,0.00075,-0.000338,0.000253
2024.10.24 06:00,0.6647,0.6655,0.66455,0.6654,3585,0.664447,0.665336,0.664297,0.665181,0,0.001203,-0.000786,0.000219
2024.10.24 07:00,0.66545,0.6664,0.66525,0.666,5686,0.665128,0.666178,0.665048,0.665761,0,0.001352,-0.000928,0.000239
2024.10.24 08:00,0.66605,0.66625,0.66575,0.6659,2607,0.665757,0.666089,0.66542,0.665619,0,0.00083,-0.000339,0.000281
2024.10.24 09:00,0.66585,0.6662,0.66555,0.66585,2612,0.665531,0.666045,0.665261,0.665509,0,0.000939,-0.000495,0.000341
2024.10.24 10:00,0.66585,0.6665,0.6658,0.66595,1558,0.665531,0.666311,0.665478,0.665659,0,0.001022,-0.000511,0.000291
2024.10.24 11:00,0.66595,0.6663,0.6655,0.66575,2316,0.665659,0.666134,0.66523,0.665429,0,0.00107,-0.000634,0.000321
2024.10.24 12:00,0.66575,0.6662,0.6648,0.66545,8346,0.66546,0.665872,0.664849,0.66511,0,0.001351,-0.001072,0.00034
2024.10.24 13:00,0.66545,0.6657,0.66445,0.66485,6884,0.66511,0.665513,0.66424,0.664598,0,0.00146,-0.001063,0.000252
2024.10.24 14:00,0.66485,0.6652,0.66325,0.66375,8497,0.664628,0.664982,0.662976,0.663412,0,0.002224,-0.001732,0.000338
2024.10.24 15:00,0.66365,0.6638,0.6627,0.6632,6856,0.66339,0.663614,0.662401,0.662928,0,0.001399,-0.000914,0.000272
2024.10.24 16:00,0.6632,0.6637,0.6625,0.66355,4556,0.663038,0.663482,0.662208,0.66328,0,0.001492,-0.000982,0.00027
2024.10.24 17:00,0.66355,0.6648,0.66355,0.664,3036,0.663218,0.664628,0.663218,0.663698,0,0.001582,-0.001078,0.000302
2024.10.24 18:00,0.664,0.6645,0.6638,0.66425,2887,0.66357,0.664408,0.663561,0.6639,0,0.000939,-0.000608,0.00035
2024.10.24 19:00,0.66425,0.6646,0.66405,0.6644,2158,0.663918,0.664408,0.66372,0.664161,0,0.00088,-0.000358,0.000239
2024.10.24 20:00,0.66445,0.66455,0.6642,0.66435,992,0.664156,0.664364,0.6639,0.664121,0,0.00065,-0.000163,0.000229
2024.10.24 22:00,0.66435,0.6644,0.6636,0.66365,0,0.664337,0.664337,0.663381,0.66342,0,0.001019,-0.000737,0.00023
2024.10.24 23:00,0.66365,0.66385,0.66335,0.66385,1184,0.663381,0.663702,0.663117,0.663579,0,0.000733,-0.000352,0.000271
2024.10.25 00:00,0.66385,0.66395,0.6632,0.6638,1935,0.663557,0.66379,0.662937,0.663508,0,0.001014,-0.00059,0.000292
2024.10.25 01:00,0.6638,0.6641,0.6634,0.66365,1357,0.663508,0.663878,0.663148,0.663341,0,0.000952,-0.000478,0.000309
2024.10.25 02:00,0.66355,0.6642,0.66335,0.6641,1576,0.663288,0.664011,0.663148,0.663848,0,0.001052,-0.000661,0.000252
2024.10.25 03:00,0.66405,0.66405,0.6625,0.6627,1407,0.663808,0.663922,0.662309,0.662348,0,0.001741,-0.001422,0.000352
2024.10.25 04:00,0.6626,0.6627,0.66205,0.6624,1533,0.6623,0.662515,0.661862,0.662111,0,0.000838,-0.000465,0.000289
2024.10.25 05:00,0.6624,0.66305,0.6624,0.6628,987,0.66216,0.662822,0.662151,0.66255,0,0.000899,-0.000422,0.00025
2024.10.25 06:00,0.66285,0.6632,0.6626,0.6629,2074,0.662629,0.662954,0.662309,0.662576,0,0.000891,-0.000354,0.000324
2024.10.25 07:00,0.6629,0.6633,0.66275,0.66325,2321,0.66259,0.663174,0.662511,0.662937,0,0.000789,-0.000424,0.000314
2024.10.25 08:00,0.6634,0.66345,0.66285,0.66315,1595,0.663121,0.663121,0.662691,0.662827,0,0.000759,-0.000271,0.000323
2024.10.25 09:00,0.6631,0.66375,0.6631,0.66335,1395,0.662866,0.663614,0.662778,0.66309,0,0.000972,-0.000514,0.00026
2024.10.25 10:00,0.6634,0.6636,0.66315,0.6633,1259,0.663077,0.663438,0.662879,0.662998,0,0.000721,-0.000288,0.000302
2024.10.25 11:00,0.6633,0.66405,0.66305,0.6638,1440,0.663038,0.663878,0.66273,0.663548,0,0.00132,-0.000828,0.000252
2024.10.25 12:00,0.66385,0.66505,0.6635,0.6649,9347,0.663579,0.664849,0.663337,0.664558,0,0.001713,-0.001349,0.000342
2024.10.25 13:00,0.6649,0.665,0.66385,0.66405,5297,0.664518,0.664761,0.663588,0.663808,0,0.001412,-0.000911,0.000242
2024.10.25 14:00,0.6641,0.6646,0.6636,0.6643,5912,0.663878,0.664408,0.663376,0.663997,0,0.001224,-0.000808,0.000303
2024.10.25 15:00,0.66435,0.66445,0.66235,0.6624,5436,0.66398,0.664319,0.66212,0.662138,0,0.00233,-0.001969,0.000262
2024.10.25 16:00,0.6624,0.6624,0.6615,0.66165,5117,0.662098,0.662164,0.661227,0.661301,0,0.001173,-0.000664,0.000349
2024.10.25 17:00,0.6616,0.66165,0.6607,0.66085,3629,0.661288,0.661376,0.660467,0.660642,0,0.001183,-0.000676,0.000208
2024.10.25 18:00,0.6609,0.66135,0.6604,0.6611,5857,0.660628,0.661157,0.660219,0.660821,0,0.001131,-0.000757,0.000279
2024.10.25 19:00,0.66105,0.66125,0.6605,0.66065,3228,0.66079,0.660939,0.660297,0.660441,0,0.000953,-0.000439,0.000209
2024.10.25 20:00,0.66065,0.6609,0.66055,0.6608,1185,0.660458,0.660764,0.660358,0.660637,0,0.000542,-0.000214,0.000163
2024.10.28 00:00,0.66065,0.6612,0.66005,0.66015,2658,0.660327,0.660982,0.6599,0.660066,0,0.0013,-0.000932,8.4e-05
2024.10.28 01:00,0.66015,0.66065,0.6598,0.66015,3456,0.659918,0.660502,0.659548,0.65994,0,0.001102,-0.000702,0.00021
2024.10.28 02:00,0.66015,0.66045,0.6599,0.66005,1489,0.659957,0.660197,0.659692,0.65984,0,0.000758,-0.000297,0.00021
2024.10.28 03:00,0.66005,0.6602,0.65845,0.6586,2449,0.659848,0.66011,0.658228,0.658371,0,0.001972,-0.00166,0.000229
2024.10.28 04:00,0.6586,0.65945,0.6583,0.6594,1617,0.658311,0.659283,0.658068,0.659239,0,0.001382,-0.000983,0.000161
2024.10.28 05:00,0.6594,0.6595,0.659,0.65925,1647,0.659118,0.65937,0.65874,0.659152,0,0.00076,-0.00037,9.8e-05
2024.10.28 06:00,0.6593,0.66015,0.65925,0.66,2201,0.659018,0.659979,0.659,0.659848,0,0.00115,-0.000729,0.000152
2024.10.28 07:00,0.66,0.66065,0.6599,0.6602,2114,0.6597,0.660415,0.6597,0.660066,0,0.00095,-0.000515,0.000134
2024.10.28 08:00,0.66015,0.66095,0.6599,0.66085,2605,0.659918,0.66072,0.659591,0.66072,0,0.001359,-0.00082,0.00013
2024.10.28 09:00,0.66095,0.66105,0.6603,0.66045,1827,0.660559,0.660851,0.660001,0.660327,0,0.001049,-0.000551,0.000122
2024.10.28 10:00,0.66045,0.661,0.6604,0.6609,1813,0.66021,0.660851,0.660118,0.660764,0,0.000882,-0.000451,0.000136
2024.10.28 11:00,0.6609,0.6614,0.6608,0.66105,3889,0.660611,0.661201,0.660541,0.66079,0,0.000859,-0.000401,0.00026
2024.10.28 12:00,0.661,0.66125,0.66085,0.6611,4078,0.660768,0.661113,0.66055,0.660982,0,0.0007,-0.000263,0.000118
2024.10.28 13:00,0.6611,0.66135,0.6607,0.6609,3922,0.660838,0.661113,0.660419,0.660764,0,0.000931,-0.000413,0.000136
2024.10.28 14:00,0.6609,0.66105,0.6601,0.66075,5468,0.66055,0.660895,0.659831,0.660589,0,0.001219,-0.000795,0.000161
2024.10.28 15:00,0.66075,0.6608,0.65895,0.65895,7151,0.660301,0.660546,0.658627,0.658805,0,0.002173,-0.001596,0.000145
2024.10.28 16:00,0.65915,0.6595,0.6587,0.65875,6433,0.658801,0.659326,0.658419,0.658631,0,0.001081,-0.000626,0.000119
2024.10.28 17:00,0.6587,0.6591,0.65845,0.6586,3819,0.658449,0.658979,0.658176,0.658501,0,0.000924,-0.000529,9.9e-05
2024.10.28 18:00,0.65865,0.65885,0.65835,0.65845,6132,0.65825,0.658718,0.658077,0.658371,0,0.000773,-0.000368,7.9e-05
2024.10.28 19:00,0.65845,0.659,0.6584,0.6586,3541,0.658237,0.658848,0.658137,0.658545,0,0.000863,-0.000448,5.5e-05
2024.10.28 20:00,0.6586,0.6588,0.65855,0.65865,1624,0.658328,0.658631,0.658328,0.658501,0,0.000472,-8.1e-05,0.000149
2024.10.28 22:00,0.6589,0.6589,0.6583,0.65845,0,0.65867,0.65867,0.658098,0.658176,0,0.000802,-0.00037,0.000274
2024.10.28 23:00,0.6585,0.6587,0.6582,0.6587,1572,0.658181,0.658415,0.657929,0.658289,0,0.000771,-0.000215,0.000411
2024.10.29 00:00,0.65865,0.65875,0.65755,0.65795,3490,0.65822,0.658588,0.657298,0.657808,0,0.001452,-0.001038,0.000142
2024.10.29 01:00,0.65795,0.65885,0.6578,0.65825,2630,0.6577,0.658675,0.65757,0.658155,0,0.00128,-0.000875,9.5e-05
2024.10.29 02:00,0.6583,0.6588,0.65795,0.6582,1593,0.657999,0.658588,0.657657,0.658111,0,0.001143,-0.000638,8.9e-05
2024.10.29 03:00,0.6582,0.6583,0.65655,0.6567,0,0.657947,0.658068,0.656362,0.656599,0,0.001938,-0.001518,0.000101
2024.10.29 04:00,0.6567,0.657,0.65665,0.65685,1478,0.656319,0.656814,0.656237,0.656685,0,0.000763,-0.000164,0.000165
2024.10.29 05:00,0.65685,0.65715,0.65645,0.6568,1775,0.65656,0.656987,0.65619,0.656642,0,0.00096,-0.000537,0.000158
2024.10.29 06:00,0.65685,0.65745,0.65675,0.65735,2228,0.656547,0.657246,0.656487,0.657203,0,0.000963,-0.000496,0.000147
2024.10.29 07:00,0.65735,0.65745,0.6568,0.6569,1796,0.657039,0.657289,0.6565,0.656728,0,0.00095,-0.000489,0.000172
2024.10.29 08:00,0.6569,0.65845,0.6563,0.65795,10318,0.65659,0.658241,0.655979,0.657808,0,0.002471,-0.001941,0.000142
2024.10.29 09:00,0.6579,0.65835,0.65755,0.6578,2221,0.657627,0.658198,0.65725,0.657635,0,0.0011,-0.000648,0.000165
2024.10.29 10:00,0.6578,0.65785,0.65755,0.65765,1130,0.65748,0.657678,0.65725,0.657549,0,0.0006,-0.000128,0.000101
2024.10.29 11:00,0.6577,0.6577,0.65645,0.6566,4332,0.657367,0.657549,0.656146,0.656469,0,0.001554,-0.001099,0.000131
2024.10.29 12:00,0.6566,0.6566,0.6557,0.6561,7458,0.656159,0.656297,0.655458,0.655996,0,0.001142,-0.000597,0.000104
2024.10.29 13:00,0.6561,0.6565,0.6553,0.6562,6192,0.655841,0.656254,0.65502,0.656082,0,0.00148,-0.000954,0.000118
2024.10.29 14:00,0.6562,0.6577,0.65595,0.6564,11514,0.656888,0.657117,0.655759,0.656254,0,0.001941,-0.001167,0.000146
2024.10.29 15:00,0.65645,0.6565,0.65485,0.65585,8413,0.655991,0.656082,0.654587,0.655824,0,0.001913,-0.001232,2.6e-05
2024.10.29 16:00,0.656,0.6564,0.65525,0.6556,5153,0.655798,0.656168,0.655008,0.655523,0,0.001392,-0.000918,7.7e-05
2024.10.29 17:00,0.65565,0.6565,0.65555,0.65585,3631,0.65536,0.656383,0.655308,0.655738,0,0.001192,-0.000833,0.000112
2024.10.29 18:00,0.65585,0.65605,0.6556,0.6559,4059,0.65557,0.65591,0.655368,0.655824,0,0.000682,-0.00031,7.6e-05
2024.10.29 19:00,0.6559,0.6562,0.6556,0.6559,3184,0.655781,0.656039,0.655351,0.655669,0,0.000849,-0.000439,0.000231
2024.10.29 20:00,0.6559,0.6564,0.65585,0.6564,945,0.655699,0.656297,0.655639,0.656297,0,0.000761,-0.000447,0.000103
2024.10.29 22:00,0.6562,0.65645,0.6561,0.65645,0,0.656168,0.656297,0.656082,0.656297,0,0.000368,-0.000197,0.000153
2024.10.29 23:00,0.6564,0.65645,0.6561,0.65615,1279,0.656198,0.656297,0.65588,0.65603,0,0.00057,-0.000197,0.00012
2024.10.30 00:00,0.6562,0.6575,0.6557,0.65645,5179,0.655961,0.656767,0.65551,0.656383,0,0.00199,-0.001067,6.7e-05
2024.10.30 01:00,0.6564,0.6574,0.6564,0.65685,4328,0.656237,0.657203,0.656237,0.656728,0,0.001163,-0.000803,0.000122
2024.10.30 02:00,0.6568,0.65685,0.6557,0.65585,2248,0.656517,0.656728,0.65545,0.655824,0,0.0014,-0.001028,2.6e-05
2024.10.30 03:00,0.65585,0.65595,0.654,0.65435,3241,0.655561,0.655781,0.653778,0.654279,0,0.002172,-0.001781,7.1e-05
2024.10.30 04:00,0.6543,0.65485,0.6542,0.6546,1595,0.654151,0.654664,0.653847,0.654536,0,0.001003,-0.000464,6.4e-05
2024.10.30 05:00,0.6546,0.65485,0.6541,0.6544,1123,0.654326,0.654707,0.653907,0.654365,0,0.000943,-0.000607,3.5e-05
2024.10.30 06:00,0.65455,0.6561,0.6545,0.65585,3615,0.654347,0.655953,0.654318,0.655781,0,0.001782,-0.001453,6.9e-05
2024.10.30 07:00,0.6558,0.65645,0.65555,0.65625,3458,0.655647,0.65634,0.655347,0.656211,0,0.001103,-0.00079,3.9e-05
2024.10.30 08:00,0.6563,0.65865,0.6563,0.6583,7867,0.65619,0.658488,0.65619,0.658241,0,0.00246,-0.002188,5.9e-05
2024.10.30 09:00,0.6583,0.65865,0.6577,0.658,3719,0.65799,0.658501,0.657501,0.657938,0,0.001149,-0.000801,6.2e-05
2024.10.30 10:00,0.658,0.6588,0.6578,0.65805,2133,0.657808,0.658718,0.657588,0.658025,0,0.001212,-0.000918,2.5e-05
2024.10.30 11:00,0.65805,0.6583,0.65765,0.6579,3105,0.65783,0.658155,0.657497,0.657851,0,0.000803,-0.000505,4.9e-05
2024.10.30 12:00,0.6579,0.6584,0.6567,0.65765,13202,0.657778,0.658155,0.65656,0.65741,0,0.00184,-0.001455,0.00024
2024.10.30 13:00,0.6576,0.65945,0.6569,0.6591,6900,0.657436,0.659196,0.656698,0.658926,0,0.002752,-0.002296,0.000174
2024.10.30 14:00,0.6591,0.6599,0.65805,0.6582,7071,0.658809,0.659761,0.657847,0.657938,0,0.002053,-0.001711,0.000262
2024.10.30 15:00,0.6582,0.65875,0.65765,0.6585,6626,0.657938,0.658545,0.657488,0.658258,0,0.001262,-0.000895,0.000242
2024.10.30 16:00,0.65855,0.65865,0.6579,0.6582,2895,0.658181,0.658415,0.657709,0.657916,0,0.000941,-0.000515,0.000284
2024.10.30 17:00,0.65815,0.65825,0.6578,0.65815,2284,0.657977,0.658155,0.657579,0.658068,0,0.000671,-0.000355,8.2e-05
2024.10.30 18:00,0.65815,0.65875,0.65805,0.65835,4853,0.657899,0.658588,0.657869,0.658328,0,0.000881,-0.000538,2.2e-05
2024.10.30 19:00,0.6584,0.6584,0.6577,0.6578,4533,0.658107,0.658198,0.657588,0.657765,0,0.000812,-0.000498,3.5e-05
2024.10.30 20:00,0.65785,0.6581,0.6574,0.65755,1975,0.657687,0.657981,0.657168,0.657462,0,0.000932,-0.000581,8.8e-05
2024.10.30 22:00,0.6576,0.65765,0.6571,0.6574,0,0.657588,0.657588,0.657078,0.657376,0,0.000572,-0.000488,2.4e-05
2024.10.30 23:00,0.65745,0.65775,0.65735,0.6575,1353,0.65725,0.657722,0.657237,0.657328,0,0.000513,-0.000372,0.000172
2024.10.31 00:00,0.65755,0.6578,0.6567,0.65675,2135,0.657488,0.657592,0.656526,0.656728,0,0.001274,-0.000892,2.2e-05
2024.10.31 01:00,0.65675,0.6578,0.6567,0.6569,2031,0.656599,0.657592,0.656577,0.656858,0,0.001223,-0.000892,4.2e-05
2024.10.31 02:00,0.6569,0.658,0.65685,0.6577,1651,0.656771,0.657895,0.656771,0.657678,0,0.001229,-0.001045,2.2e-05
2024.10.31 03:00,0.65775,0.65775,0.6572,0.65735,1229,0.657566,0.657635,0.656996,0.657333,0,0.000754,-0.000435,1.7e-05
2024.10.31 04:00,0.65725,0.6576,0.657,0.65715,795,0.657186,0.657462,0.656849,0.657117,0,0.000751,-0.000462,3.3e-05
2024.10.31 05:00,0.65715,0.65795,0.657,0.6578,1289,0.65694,0.657895,0.65681,0.657722,0,0.00114,-0.000895,7.8e-05
2024.10.31 06:00,0.65775,0.6579,0.6575,0.65775,1499,0.657549,0.657765,0.657307,0.657722,0,0.000593,-0.000265,2.8e-05
2024.10.31 07:00,0.6577,0.6581,0.65745,0.6579,2213,0.657518,0.657981,0.65722,0.657851,0,0.00088,-0.000531,4.9e-05
2024.10.31 08:00,0.6579,0.65805,0.6573,0.6574,2589,0.657709,0.657981,0.657147,0.657376,0,0.000903,-0.000681,2.4e-05
2024.10.31 09:00,0.6574,0.6576,0.65695,0.65715,1410,0.657207,0.657462,0.656741,0.656927,0,0.000859,-0.000512,0.000223
2024.10.31 10:00,0.65715,0.65745,0.65665,0.65685,1833,0.656866,0.657289,0.656431,0.656771,0,0.001019,-0.000639,7.9e-05
2024.10.31 11:00,0.6568,0.65745,0.6564,0.65745,3370,0.65656,0.657333,0.656198,0.657181,0,0.001252,-0.000933,0.000269
2024.10.31 12:00,0.65745,0.658,0.6567,0.65785,6885,0.657151,0.657765,0.656737,0.657609,0,0.001263,-0.001065,0.000241
2024.10.31 13:00,0.6578,0.65785,0.65495,0.6552,6568,0.657441,0.657678,0.654836,0.655093,0,0.003014,-0.002728,0.000107
2024.10.31 14:00,0.6552,0.65605,0.65455,0.65495,8027,0.65487,0.65591,0.654377,0.654922,0,0.001673,-0.00136,2.8e-05
2024.10.31 15:00,0.65495,0.6555,0.65425,0.65525,9797,0.654669,0.655351,0.654078,0.655179,0,0.001422,-0.001101,7.1e-05
2024.10.31 16:00,0.65535,0.6566,0.6552,0.65635,6092,0.655016,0.656469,0.655008,0.656297,0,0.001592,-0.001269,5.3e-05
2024.10.31 17:00,0.6564,0.6571,0.65635,0.657,5255,0.656151,0.656944,0.656129,0.656944,0,0.000971,-0.000594,5.6e-05
2024.10.31 18:00,0.65705,0.6579,0.6569,0.6578,6310,0.656758,0.657765,0.656659,0.657722,0,0.001241,-0.000865,7.8e-05
2024.10.31 19:00,0.6578,0.6584,0.6576,0.65825,5891,0.657609,0.658241,0.657428,0.658241,0,0.000972,-0.000641,9e-06
2024.10.31 20:00,0.6583,0.6587,0.65825,0.65855,2108,0.65815,0.658631,0.658059,0.658415,0,0.000641,-0.000381,0.000135
2024.10.31 22:00,0.6585,0.6587,0.6581,0.6581,0,0.658358,0.658588,0.657921,0.658068,0,0.000779,-0.000488,3.2e-05
2024.10.31 23:00,0.65815,0.65855,0.6579,0.65795,1526,0.658159,0.658458,0.657817,0.657838,0,0.000733,-0.000558,0.000112
2024.11.01 00:00,0.65795,0.65815,0.6574,0.6575,2521,0.657709,0.657981,0.657298,0.657462,0,0.000852,-0.000581,3.8e-05
2024.11.01 01:00,0.6575,0.6586,0.65735,0.6579,2686,0.657289,0.658397,0.657199,0.657895,0,0.001401,-0.001047,5e-06
2024.11.01 02:00,0.6579,0.6581,0.65715,0.6581,1240,0.6577,0.658068,0.657091,0.658068,0,0.001009,-0.000918,3.2e-05
2024.11.01 03:00,0.65815,0.6585,0.658,0.65805,1687,0.657947,0.658371,0.657869,0.657981,0,0.000631,-0.000371,6.9e-05
2024.11.01 04:00,0.65795,0.65825,0.6578,0.65785,910,0.657851,0.658111,0.657579,0.657808,0,0.000671,-0.000311,4.2e-05
2024.11.01 05:00,0.6579,0.658,0.6565,0.65685,1561,0.657726,0.657808,0.656319,0.656771,0,0.001681,-0.001308,7.9e-05
2024.11.01 06:00,0.6568,0.657,0.656,0.6564,1721,0.656646,0.656944,0.655828,0.656181,0,0.001172,-0.000944,0.000219
2024.11.01 07:00,0.65635,0.6566,0.65605,0.65625,1707,0.656129,0.656469,0.655897,0.656017,0,0.000703,-0.000419,0.000233
2024.11.01 08:00,0.6562,0.6569,0.65585,0.65675,2562,0.655931,0.656771,0.65588,0.65653,0,0.00102,-0.000921,0.00022
2024.11.01 09:00,0.65675,0.6572,0.65675,0.6569,1430,0.656771,0.657117,0.656517,0.656814,0,0.000683,-0.000367,8.6e-05
2024.11.01 10:00,0.65685,0.65685,0.6564,0.65675,1246,0.656638,0.656685,0.65622,0.656685,0,0.00063,-0.000285,6.5e-05
2024.11.01 11:00,0.65675,0.65705,0.65625,0.65695,1713,0.656538,0.656944,0.65609,0.656901,0,0.00096,-0.000694,4.9e-05
2024.11.01 12:00,0.657,0.6594,0.65635,0.65875,10546,0.656789,0.659239,0.656207,0.658675,0,0.003193,-0.002889,7.5e-05
2024.11.01 13:00,0.6587,0.65915,0.65775,0.65845,5828,0.658488,0.658887,0.657566,0.658371,0,0.001584,-0.001137,7.9e-05
2024.11.01 14:00,0.65845,0.65925,0.65715,0.65795,9476,0.658371,0.658458,0.656948,0.657895,0,0.002302,-0.001308,5.5e-05
2024.11.01 15:00,0.658,0.6588,0.6574,0.65855,8710,0.6577,0.658588,0.657207,0.658545,0,0.001593,-0.001188,5e-06
2024.11.01 16:00,0.6585,0.6586,0.65755,0.65785,3347,0.658198,0.658545,0.65732,0.657851,0,0.00128,-0.000995,-1e-06
2024.11.01 17:00,0.65795,0.65795,0.6564,0.65645,4767,0.657739,0.657808,0.656237,0.656426,0,0.001713,-0.001408,2.4e-05
2024.11.01 18:00,0.65645,0.65685,0.6561,0.6562,4191,0.656241,0.656771,0.655957,0.656211,0,0.000893,-0.000671,-1.1e-05
2024.11.01 19:00,0.65625,0.6565,0.65565,0.65585,2716,0.656086,0.656426,0.655458,0.655824,0,0.001042,-0.000776,2.6e-05
2024.11.01 20:00,0.6559,0.65625,0.65575,0.65615,1974,0.655708,0.656168,0.655656,0.656168,0,0.000594,-0.000418,-1.8e-05
2024.11.04 00:00,0.6594,0.66025,0.65875,0.66025,3846,0.6593,0.660197,0.65861,0.660018,0,0.00164,-0.001447,0.000232
2024.11.04 01:00,0.66025,0.6609,0.6599,0.66055,3517,0.660018,0.660851,0.659739,0.660249,0,0.001161,-0.000951,0.000301
2024.11.04 02:00,0.66045,0.66115,0.6601,0.6605,3278,0.660227,0.661026,0.659918,0.66031,0,0.001232,-0.000926,0.00019
2024.11.04 03:00,0.66055,0.66215,0.66045,0.66165,3770,0.660419,0.661989,0.66031,0.661498,0,0.00184,-0.001539,0.000152
2024.11.04 04:00,0.66165,0.66165,0.66105,0.6611,1647,0.661467,0.661551,0.66086,0.661022,0,0.00079,-0.000501,7.8e-05
2024.11.04 05:00,0.66105,0.6614,0.6604,0.6614,1570,0.661008,0.661332,0.660236,0.661188,0,0.001164,-0.000932,0.000212
2024.11.04 06:00,0.6614,0.66145,0.66005,0.66015,1865,0.661266,0.661376,0.659879,0.659927,0,0.001571,-0.001326,0.000223
2024.11.04 07:00,0.6602,0.6602,0.6588,0.65885,1824,0.659909,0.660066,0.65864,0.658649,0,0.00156,-0.001266,0.000201
2024.11.04 08:00,0.65885,0.65965,0.65865,0.6592,2933,0.658618,0.659544,0.658597,0.658957,0,0.001053,-0.000894,0.000243
2024.11.04 09:00,0.65915,0.6597,0.6589,0.65965,1604,0.65884,0.659674,0.658709,0.659478,0,0.000991,-0.000774,0.000172
2024.11.04 10:00,0.6596,0.6598,0.659,0.6598,1758,0.659417,0.659718,0.658788,0.659587,0,0.001012,-0.000718,0.000213
2024.11.04 11:00,0.65975,0.66075,0.6596,0.66065,1529,0.6596,0.660633,0.659387,0.660511,0,0.001363,-0.001033,0.000139
2024.11.04 12:00,0.66065,0.66085,0.66,0.6603,2034,0.660498,0.660808,0.659831,0.66011,0,0.001019,-0.000808,0.00019
2024.11.04 13:00,0.6603,0.66065,0.65925,0.65985,7985,0.66014,0.660546,0.659078,0.659848,0,0.001572,-0.001296,2e-06
2024.11.04 14:00,0.6598,0.66075,0.6597,0.66055,5935,0.659674,0.660677,0.659674,0.660349,0,0.001076,-0.000977,0.000201
2024.11.04 15:00,0.66055,0.66135,0.6602,0.6602,7344,0.660519,0.661288,0.659996,0.660027,0,0.001354,-0.001088,0.000173
2024.11.04 16:00,0.6603,0.66045,0.6583,0.6586,6765,0.660188,0.66024,0.658189,0.658419,0,0.002261,-0.00194,0.000181
2024.11.04 17:00,0.65865,0.6595,0.65825,0.6595,2854,0.65848,0.659413,0.658081,0.6593,0,0.001419,-0.001163,0.0002
2024.11.04 18:00,0.6595,0.6595,0.6585,0.6594,1974,0.65933,0.659457,0.658371,0.659157,0,0.001129,-0.000957,0.000243
2024.11.04 19:00,0.6594,0.6595,0.65885,0.659,4402,0.659139,0.65937,0.658696,0.658779,0,0.000804,-0.00052,0.000221
2024.11.04 20:00,0.659,0.65925,0.65855,0.6587,3381,0.658801,0.659109,0.658419,0.658527,0,0.000831,-0.000559,0.000173
2024.11.04 21:00,0.65865,0.65885,0.65855,0.65875,1479,0.658488,0.658805,0.658406,0.658762,0,0.000444,-0.000255,-1.2e-05
2024.11.04 23:00,0.6588,0.6592,0.65855,0.6586,0,0.659065,0.659109,0.658419,0.658497,0,0.000781,-0.000559,0.000103
2024.11.05 00:00,0.6586,0.65875,0.65815,0.6586,1576,0.658428,0.658675,0.657977,0.658428,0,0.000773,-0.000525,0.000172
2024.11.05 01:00,0.65855,0.6595,0.65825,0.6593,2497,0.658488,0.659413,0.658077,0.659187,0,0.001423,-0.001163,0.000113
2024.11.05 02:00,0.65935,0.65965,0.6589,0.6591,1709,0.65917,0.659544,0.658779,0.658957,0,0.000871,-0.000644,0.000143
2024.11.05 03:00,0.65905,0.6601,0.6587,0.6587,4010,0.658879,0.659818,0.658558,0.658558,0,0.001542,-0.001118,0.000142
2024.11.05 04:00,0.6587,0.65995,0.65865,0.6596,0,0.658549,0.659892,0.65854,0.65947,0,0.00141,-0.001242,0.00013
2024.11.05 05:00,0.6598,0.66035,0.65955,0.65995,1178,0.659461,0.66024,0.659431,0.6598,0,0.000919,-0.00069,0.00015
2024.11.05 06:00,0.65995,0.66065,0.65985,0.6606,1087,0.659826,0.660633,0.6597,0.660428,0,0.00095,-0.000783,0.000172
2024.11.05 07:00,0.6606,0.66155,0.6605,0.6612,2596,0.66055,0.661463,0.660519,0.661061,0,0.001031,-0.000963,0.000139
2024.11.05 08:00,0.66125,0.66225,0.6611,0.66205,2624,0.661126,0.662089,0.66093,0.661866,0,0.00132,-0.000989,0.000184
2024.11.05 09:00,0.66205,0.6622,0.6618,0.66195,2240,0.661949,0.66212,0.661629,0.66177,0,0.000571,-0.00032,0.00018
2024.11.05 10:00,0.66195,0.6622,0.6618,0.6621,1492,0.661796,0.662164,0.661669,0.661967,0,0.000531,-0.000364,0.000133
2024.11.05 11:00,0.66215,0.66285,0.66215,0.6626,3060,0.662059,0.662822,0.662059,0.662458,0,0.000791,-0.000672,0.000142
2024.11.05 12:00,0.6626,0.6628,0.66245,0.66265,2829,0.66248,0.662734,0.662348,0.662427,0,0.000452,-0.000284,0.000223
2024.11.05 13:00,0.66265,0.66335,0.66245,0.66285,5240,0.66248,0.663262,0.662247,0.662699,0,0.001103,-0.000812,0.000151
2024.11.05 14:00,0.66285,0.66405,0.6626,0.66365,6903,0.662677,0.663922,0.662427,0.663548,0,0.001623,-0.001323,0.000102
2024.11.05 15:00,0.66365,0.6641,0.6626,0.66365,8146,0.662818,0.663967,0.662677,0.663451,0,0.001423,-0.001367,0.000199
2024.11.05 16:00,0.66365,0.66435,0.6633,0.6633,5241,0.663438,0.664231,0.66317,0.663227,0,0.00118,-0.000931,7.3e-05
2024.11.05 17:00,0.66335,0.66395,0.66315,0.66365,3218,0.66317,0.663878,0.66306,0.66342,0,0.00089,-0.000728,0.00023
2024.11.05 18:00,0.66365,0.6642,0.6636,0.6637,2772,0.663469,0.664143,0.663469,0.6635,0,0.000731,-0.000543,0.0002
2024.11.05 19:00,0.6637,0.6641,0.6634,0.66375,2733,0.66357,0.664055,0.66328,0.663632,0,0.00082,-0.000655,0.000118
2024.11.05 20:00,0.66375,0.66395,0.66345,0.66385,2286,0.663438,0.663922,0.663359,0.66361,0,0.000591,-0.000472,0.00024
2024.11.05 21:00,0.6638,0.66415,0.66365,0.664,2452,0.663658,0.664099,0.66353,0.664099,0,0.00062,-0.000449,-9.9e-05
2024.11.05 23:00,0.6637,0.6647,0.66275,0.66425,0,0.66398,0.664717,0.662739,0.664399,0,0.001961,-0.001967,-0.000149
2024.11.06 00:00,0.6642,0.66435,0.65895,0.6593,10797,0.664011,0.664231,0.659091,0.659257,0,0.005259,-0.005281,4.3e-05
2024.11.06 01:00,0.6593,0.66005,0.6582,0.6595,10225,0.658948,0.659979,0.658228,0.659439,0,0.001822,-0.001779,6.1e-05
2024.11.06 02:00,0.65945,0.6598,0.65515,0.6554,16214,0.659339,0.659674,0.655179,0.655179,0,0.004621,-0.004524,0.000221
2024.11.06 03:00,0.6554,0.65595,0.6514,0.652,15519,0.655068,0.655527,0.651568,0.651848,0,0.004382,-0.004127,0.000152
2024.11.06 04:00,0.652,0.6544,0.65175,0.6542,9351,0.652158,0.654527,0.652039,0.654497,0,0.002361,-0.002777,-0.000297
2024.11.06 05:00,0.6555,0.65665,0.65455,0.655,8834,0.654168,0.656538,0.654168,0.654909,0,0.002482,-0.001988,9.1e-05
2024.11.06 06:00,0.65505,0.6552,0.65225,0.65395,7619,0.654978,0.65505,0.652388,0.653907,0,0.002812,-0.0028,4.3e-05
2024.11.06 07:00,0.654,0.65585,0.6538,0.65505,6718,0.653868,0.65569,0.653808,0.654978,0,0.002042,-0.00189,7.2e-05
2024.11.06 08:00,0.65505,0.6597,0.6549,0.65895,10858,0.655059,0.659487,0.65493,0.65877,0,0.00477,-0.004587,0.00018
2024.11.06 09:00,0.65895,0.6591,0.65775,0.6588,6332,0.65884,0.658939,0.657609,0.65864,0,0.001491,-0.001189,0.00016
2024.11.06 10:00,0.6588,0.65985,0.6583,0.6584,3576,0.658627,0.659848,0.658168,0.65835,0,0.001682,-0.001548,5e-05
2024.11.06 11:00,0.6583,0.6584,0.6554,0.65585,5414,0.658129,0.658371,0.655329,0.655677,0,0.003071,-0.002971,0.000172
2024.11.06 12:00,0.65585,0.6571,0.6554,0.6569,4710,0.655699,0.657073,0.65539,0.656888,0,0.00171,-0.001673,1.2e-05
2024.11.06 13:00,0.6569,0.6571,0.6553,0.65585,6518,0.656646,0.656987,0.655278,0.655746,0,0.001822,-0.001687,0.000104
2024.11.06 14:00,0.65585,0.65655,0.65495,0.65545,7807,0.65569,0.656513,0.654917,0.655407,0,0.001633,-0.001563,4.3e-05
2024.11.06 15:00,0.6555,0.6582,0.6555,0.65765,10585,0.655617,0.658241,0.655617,0.657419,0,0.002583,-0.002741,0.000231
2024.11.06 16:00,0.65765,0.65805,0.65655,0.6575,5842,0.65751,0.658025,0.656508,0.657419,0,0.001542,-0.001475,8.1e-05
2024.11.06 17:00,0.6575,0.65795,0.6565,0.6571,2565,0.65735,0.657895,0.656418,0.656957,0,0.001532,-0.001395,0.000143
2024.11.06 18:00,0.6571,0.65955,0.6571,0.65915,6202,0.65697,0.65937,0.65697,0.659061,0,0.00258,-0.00227,8.9e-05
2024.11.06 19:00,0.6592,0.65925,0.6581,0.6585,5348,0.659131,0.659152,0.657999,0.658207,0,0.001251,-0.001052,0.000293
2024.11.06 20:00,0.6585,0.65885,0.65735,0.65745,4188,0.65841,0.658848,0.657259,0.657259,0,0.001591,-0.001498,0.000191
2024.11.06 21:00,0.65745,0.65745,0.6566,0.65735,3401,0.656888,0.657419,0.656586,0.657376,0,0.000864,-0.000819,-2.6e-05
2024.11.06 23:00,0.65725,0.65745,0.65685,0.6569,0,0.657397,0.657419,0.65681,0.656927,0,0.00064,-0.000569,-2.7e-05
2024.11.07 00:00,0.6569,0.65755,0.6566,0.65715,2494,0.656728,0.657505,0.656538,0.657056,0,0.001011,-0.000905,9.4e-05
2024.11.07 01:00,0.6571,0.6586,0.657,0.65835,3665,0.657099,0.658501,0.65694,0.658258,0,0.00166,-0.001501,9.1e-05
2024.11.07 02:00,0.65835,0.66165,0.65835,0.6615,7587,0.65841,0.661529,0.65841,0.661419,0,0.00324,-0.003179,8.1e-05
2024.11.07 03:00,0.6614,0.66245,0.66095,0.66225,3878,0.661398,0.662471,0.66089,0.66219,0,0.00156,-0.001521,6e-05
2024.11.07 04:00,0.66225,0.66265,0.66185,0.66225,1764,0.66226,0.662647,0.661748,0.662168,0,0.000902,-0.000797,8.2e-05
2024.11.07 05:00,0.6625,0.663,0.662,0.6625,1662,0.662238,0.66291,0.661888,0.66237,0,0.001112,-0.00091,0.00013
2024.11.07 06:00,0.6625,0.6629,0.6619,0.66275,2308,0.662379,0.662954,0.661848,0.662787,0,0.001052,-0.001054,-3.7e-05
2024.11.07 07:00,0.6627,0.66395,0.66235,0.6625,4501,0.662598,0.663834,0.662317,0.662379,0,0.001633,-0.001484,0.000121
2024.11.07 08:00,0.6625,0.66395,0.66225,0.6637,4335,0.662339,0.663967,0.662186,0.66364,0,0.001764,-0.001717,5.9e-05
2024.11.07 09:00,0.6637,0.66395,0.6631,0.66315,2916,0.663658,0.663967,0.662967,0.663007,0,0.000983,-0.000867,0.000143
2024.11.07 10:00,0.66315,0.6634,0.6627,0.6633,2410,0.663077,0.663394,0.662581,0.6632,0,0.000819,-0.000694,0.0001
2024.11.07 11:00,0.66335,0.6635,0.66265,0.6633,2426,0.663218,0.663438,0.662576,0.663187,0,0.000924,-0.000788,0.000113
2024.11.07 12:00,0.6633,0.6649,0.66315,0.6649,5676,0.663156,0.664761,0.663156,0.664708,0,0.001744,-0.001611,0.000192
2024.11.07 13:00,0.6649,0.6666,0.6649,0.6665,11441,0.664849,0.666578,0.664849,0.666391,0,0.001751,-0.001678,0.000109
2024.11.07 14:00,0.66655,0.6681,0.66595,0.6679,9921,0.666347,0.668003,0.665868,0.667748,0,0.002232,-0.002053,0.000152
2024.11.07 15:00,0.66785,0.66895,0.6676,0.66875,13173,0.667708,0.668986,0.667548,0.66865,0,0.001402,-0.001386,0.0001
2024.11.07 16:00,0.66875,0.6689,0.66675,0.667,12605,0.668668,0.668896,0.666578,0.66684,0,0.002322,-0.002146,0.00016
2024.11.07 17:00,0.667,0.66795,0.6666,0.6679,3780,0.666831,0.667958,0.666471,0.667806,0,0.001479,-0.001358,9.4e-05
2024.11.07 18:00,0.66795,0.66805,0.6669,0.6674,3565,0.667766,0.668003,0.6668,0.667241,0,0.00125,-0.001103,0.00016
2024.11.07 19:00,0.6673,0.6678,0.6655,0.66695,14429,0.666449,0.667659,0.665398,0.666827,0,0.002402,-0.002159,0.000123
2024.11.07 20:00,0.667,0.6687,0.66685,0.6679,5511,0.666809,0.668628,0.666809,0.66782,0,0.001891,-0.001778,8e-05
2024.11.07 21:00,0.6679,0.66825,0.66775,0.6682,1428,0.667677,0.668226,0.667646,0.668168,0,0.000604,-0.000476,3.2e-05
2024.11.07 23:00,0.66805,0.66825,0.66735,0.6677,0,0.66802,0.668047,0.667321,0.66774,0,0.000929,-0.000697,-4e-05
2024.11.08 00:00,0.66765,0.66775,0.6668,0.66695,3395,0.66757,0.667735,0.666711,0.666933,0,0.001039,-0.000935,1.7e-05
2024.11.08 01:00,0.66695,0.66705,0.66585,0.6663,3202,0.666818,0.666978,0.66577,0.666107,0,0.00128,-0.001128,0.000193
2024.11.08 02:00,0.6663,0.66665,0.66575,0.6658,2373,0.666191,0.666578,0.665708,0.665748,0,0.000942,-0.000828,5.2e-05
2024.11.08 03:00,0.66585,0.66615,0.66475,0.66495,2689,0.66573,0.666089,0.66473,0.66492,0,0.00142,-0.001339,3e-05
2024.11.08 04:00,0.665,0.66575,0.6647,0.66545,1808,0.664858,0.665735,0.66462,0.665557,0,0.00113,-0.001035,-0.000107
2024.11.08 05:00,0.66545,0.6659,0.66515,0.6657,1335,0.66554,0.665912,0.665066,0.665602,0,0.000834,-0.000762,9.8e-05
2024.11.08 06:00,0.66565,0.6658,0.6649,0.66575,1644,0.665566,0.665823,0.664991,0.665668,0,0.000809,-0.000923,8.2e-05
2024.11.08 07:00,0.66575,0.66595,0.66485,0.66535,2671,0.665717,0.665735,0.664761,0.665318,0,0.001189,-0.000885,3.2e-05
2024.11.08 08:00,0.6654,0.6656,0.66245,0.6647,17461,0.665438,0.665438,0.66241,0.664518,0,0.00319,-0.002988,0.000182
2024.11.08 09:00,0.66465,0.6653,0.66425,0.66445,2488,0.664447,0.665292,0.664169,0.664319,0,0.001131,-0.001042,0.000131
2024.11.08 10:00,0.66445,0.6645,0.6635,0.66405,2069,0.664319,0.664496,0.663438,0.663878,0,0.001062,-0.000996,0.000172
2024.11.08 11:00,0.66405,0.66445,0.66335,0.6635,2905,0.663918,0.664452,0.66324,0.663359,0,0.00121,-0.001102,0.000141
2024.11.08 12:00,0.66355,0.66355,0.6622,0.6627,3292,0.663359,0.663482,0.662138,0.662607,0,0.001412,-0.001282,9.3e-05
2024.11.08 13:00,0.66265,0.66275,0.6607,0.66095,8647,0.662497,0.662734,0.66062,0.660877,0,0.00213,-0.002034,7.3e-05
2024.11.08 14:00,0.66095,0.66165,0.66065,0.661,8973,0.660851,0.661638,0.660637,0.661008,0,0.001013,-0.000988,-8e-06
2024.11.08 15:00,0.661,0.6613,0.6599,0.66025,8626,0.661017,0.661201,0.659809,0.66011,0,0.001491,-0.001301,0.00014
2024.11.08 16:00,0.66025,0.66025,0.65725,0.65725,9480,0.660049,0.660153,0.657168,0.657168,0,0.003082,-0.002903,8.2e-05
2024.11.08 17:00,0.6573,0.65785,0.656,0.6578,11993,0.657086,0.657851,0.655948,0.657756,0,0.001902,-0.001851,4.4e-05
2024.11.08 18:00,0.6578,0.65865,0.65695,0.65745,6328,0.657709,0.658675,0.656879,0.65735,0,0.001771,-0.001725,0.0001
2024.11.08 19:00,0.65745,0.6582,0.65725,0.65815,4944,0.657367,0.658198,0.657168,0.658029,0,0.001032,-0.000948,0.000121
2024.11.08 20:00,0.65815,0.65845,0.65765,0.6583,3049,0.657838,0.658458,0.657557,0.658237,0,0.000893,-0.000808,6.3e-05
2024.11.08 21:00,0.65835,0.65885,0.65825,0.65845,1672,0.658319,0.658848,0.65825,0.658501,0,0.0006,-0.000598,-5.1e-05
2024.11.11 00:00,0.65855,0.6596,0.65845,0.65925,3233,0.658428,0.659631,0.658367,0.6591,0,0.001233,-0.001181,0.00015
2024.11.11 01:00,0.65925,0.66005,0.65905,0.6592,3165,0.659161,0.659979,0.65897,0.659031,0,0.00108,-0.000929,0.000169
2024.11.11 02:00,0.6592,0.65965,0.6587,0.6592,2605,0.6591,0.659587,0.658571,0.659178,0,0.001079,-0.000887,2.2e-05
2024.11.11 03:00,0.6592,0.65955,0.65905,0.65955,1609,0.659239,0.659544,0.658979,0.659409,0,0.000571,-0.000494,0.000141
2024.11.11 04:00,0.65955,0.65975,0.65885,0.65945,2088,0.659487,0.659674,0.658788,0.659391,0,0.000962,-0.000824,5.9e-05
2024.11.11 05:00,0.6595,0.6599,0.65925,0.65925,1652,0.659461,0.659892,0.6591,0.6591,0,0.0008,-0.000642,0.00015
2024.11.11 06:00,0.6592,0.6596,0.65895,0.6595,1505,0.659126,0.659631,0.658857,0.659378,0,0.000743,-0.000681,0.000122
2024.11.11 07:00,0.6595,0.65975,0.6577,0.6585,4182,0.6595,0.659674,0.657549,0.658341,0,0.002201,-0.001974,0.000159
2024.11.11 08:00,0.65845,0.65855,0.65765,0.65825,2663,0.658501,0.658501,0.65751,0.658198,0,0.00104,-0.000851,5.2e-05
2024.11.11 09:00,0.6583,0.6587,0.65775,0.6585,1989,0.658501,0.658588,0.657609,0.65838,0,0.001091,-0.000838,0.00012
2024.11.11 10:00,0.65845,0.65915,0.65835,0.6585,1437,0.658545,0.659152,0.658189,0.658397,0,0.000961,-0.000802,0.000103
2024.11.11 11:00,0.6585,0.6589,0.6581,0.6587,1965,0.658415,0.658848,0.657947,0.65861,0,0.000953,-0.000748,9e-05
2024.11.11 12:00,0.65875,0.6589,0.65825,0.6583,1572,0.658649,0.658892,0.658159,0.658176,0,0.000741,-0.000642,0.000124
2024.11.11 13:00,0.65835,0.6584,0.6568,0.6574,5558,0.65815,0.658415,0.65662,0.657307,0,0.00178,-0.001615,9.3e-05
2024.11.11 14:00,0.65745,0.6583,0.65675,0.65725,5295,0.657358,0.658285,0.656629,0.65713,0,0.001671,-0.001535,0.00012
2024.11.11 15:00,0.65725,0.65765,0.65675,0.6572,5236,0.657108,0.657592,0.656668,0.656987,0,0.000982,-0.000842,0.000213
2024.11.11 16:00,0.6572,0.65775,0.657,0.65725,4039,0.657017,0.657635,0.656901,0.657138,0,0.000849,-0.000635,0.000112
2024.11.11 17:00,0.65735,0.65755,0.65675,0.657,1672,0.65719,0.657549,0.656616,0.656879,0,0.000934,-0.000799,0.000121
2024.11.11 18:00,0.657,0.65735,0.65645,0.65725,1787,0.656858,0.657376,0.65634,0.65716,0,0.00101,-0.000926,9e-05
2024.11.11 19:00,0.65725,0.65745,0.65695,0.657,4497,0.657138,0.657462,0.656888,0.656888,0,0.000562,-0.000512,0.000112
2024.11.11 20:00,0.65705,0.65745,0.657,0.65745,2201,0.65694,0.657419,0.65694,0.657328,0,0.00051,-0.000419,0.000122
2024.11.11 21:00,0.65735,0.6577,0.6573,0.65755,956,0.657281,0.657722,0.657237,0.657557,0,0.000463,-0.000422,-7e-06
2024.11.11 23:00,0.6576,0.65805,0.6573,0.65805,0,0.657687,0.657981,0.657276,0.657908,0,0.000774,-0.000681,0.000142
2024.11.12 00:00,0.658,0.658,0.657,0.6575,2341,0.657908,0.658068,0.656948,0.657441,0,0.001052,-0.001068,5.9e-05
2024.11.12 01:00,0.6575,0.65835,0.65625,0.6569,5567,0.657497,0.658237,0.656138,0.656827,0,0.002212,-0.001987,7.3e-05
2024.11.12 02:00,0.65685,0.6569,0.6553,0.6557,3930,0.656556,0.656771,0.655269,0.655579,0,0.001631,-0.001471,0.000121
2024.11.12 03:00,0.6557,0.6565,0.65525,0.6554,2327,0.6556,0.656469,0.655106,0.655269,0,0.001394,-0.001219,0.000131
2024.11.12 04:00,0.65535,0.65565,0.65515,0.6556,0,0.655394,0.655652,0.655038,0.65554,0,0.000612,-0.000502,6e-05
2024.11.12 05:00,0.6555,0.656,0.65515,0.65525,2469,0.655566,0.65588,0.655089,0.655149,0,0.000911,-0.00073,0.000101
2024.11.12 06:00,0.6551,0.65575,0.65485,0.65565,2517,0.655179,0.655695,0.654759,0.655519,0,0.000991,-0.000845,0.000131
2024.11.12 07:00,0.6556,0.65595,0.6547,0.65525,3107,0.655695,0.65585,0.654677,0.655119,0,0.001273,-0.00115,0.000131
2024.11.12 08:00,0.6552,0.6556,0.65405,0.65515,3229,0.655141,0.65551,0.653958,0.655068,0,0.001642,-0.00146,8.2e-05
2024.11.12 09:00,0.65515,0.65515,0.6539,0.6545,2004,0.655076,0.655093,0.65383,0.654386,0,0.00132,-0.001193,0.000114
2024.11.12 10:00,0.65445,0.6546,0.6536,0.65415,2651,0.654347,0.654664,0.653578,0.654018,0,0.001022,-0.001064,0.000132
2024.11.12 11:00,0.65415,0.6547,0.65405,0.65445,2078,0.654099,0.65475,0.653979,0.654459,0,0.000721,-0.0007,-9e-06
2024.11.12 12:00,0.6545,0.6555,0.65415,0.6553,3105,0.654446,0.65548,0.654018,0.655248,0,0.001482,-0.00133,5.2e-05
2024.11.12 13:00,0.65535,0.65585,0.65455,0.65525,4728,0.655299,0.65572,0.654549,0.655136,0,0.001301,-0.00117,0.000114
2024.11.12 14:00,0.65525,0.65525,0.654,0.6542,6012,0.655059,0.655093,0.653937,0.654099,0,0.001313,-0.001093,0.000101
2024.11.12 15:00,0.6542,0.6548,0.65355,0.6544,12902,0.654168,0.654707,0.653526,0.654219,0,0.001274,-0.001157,0.000181
2024.11.12 16:00,0.65445,0.65465,0.65225,0.65235,9383,0.654219,0.654622,0.652188,0.652188,0,0.002462,-0.002372,0.000162
2024.11.12 17:00,0.65235,0.6525,0.6516,0.65185,6690,0.652158,0.652443,0.651479,0.651721,0,0.001021,-0.000843,0.000129
2024.11.12 18:00,0.6519,0.65335,0.6518,0.6533,3072,0.651789,0.653339,0.651767,0.653189,0,0.001583,-0.001539,0.000111
2024.11.12 19:00,0.65335,0.6537,0.65315,0.6533,3567,0.653198,0.653638,0.653117,0.653211,0,0.000583,-0.000488,8.9e-05
2024.11.12 20:00,0.65335,0.6541,0.65335,0.65375,4417,0.653339,0.654108,0.653211,0.653629,0,0.000889,-0.000758,0.000121
2024.11.12 21:00,0.65375,0.65415,0.65335,0.65355,1954,0.653629,0.654151,0.653279,0.653488,0,0.000871,-0.000801,6.2e-05
2024.11.12 23:00,0.65345,0.65345,0.65285,0.65315,0,0.653168,0.653296,0.652771,0.65298,0,0.000679,-0.000446,0.00017
2024.11.13 00:00,0.6531,0.65315,0.65175,0.6526,4169,0.653083,0.653083,0.652077,0.652478,0,0.001073,-0.001333,0.000122
2024.11.13 01:00,0.65255,0.65395,0.65255,0.65385,5143,0.652614,0.653851,0.652469,0.653787,0,0.001481,-0.001301,6.3e-05
2024.11.13 02:00,0.6539,0.65405,0.6533,0.654,1790,0.653979,0.654108,0.653219,0.653881,0,0.000831,-0.000808,0.000119
2024.11.13 03:00,0.654,0.6541,0.6533,0.6535,1553,0.653979,0.654108,0.653257,0.653437,0,0.000843,-0.000808,6.3e-05
2024.11.13 04:00,0.65355,0.6539,0.65345,0.65385,1058,0.653428,0.653937,0.653377,0.653659,0,0.000523,-0.000487,0.000191
2024.11.13 05:00,0.65375,0.6538,0.65305,0.65345,1187,0.653766,0.653808,0.652967,0.653326,0,0.000833,-0.000758,0.000124
2024.11.13 06:00,0.65345,0.6537,0.65245,0.6528,2302,0.653279,0.653723,0.652367,0.65269,0,0.001333,-0.001273,0.00011
2024.11.13 07:00,0.65275,0.6531,0.6522,0.6524,1904,0.65255,0.652997,0.652129,0.652311,0,0.000971,-0.000797,8.9e-05
2024.11.13 08:00,0.65235,0.65275,0.652,0.6526,2458,0.652107,0.652784,0.65195,0.65252,0,0.0008,-0.000784,8e-05
2024.11.13 09:00,0.65255,0.6537,0.6521,0.6534,3755,0.652358,0.65368,0.651971,0.653279,0,0.001729,-0.00158,0.000121
2024.11.13 10:00,0.65335,0.6534,0.6525,0.6526,1417,0.653257,0.653381,0.652397,0.652507,0,0.001003,-0.000881,9.3e-05
2024.11.13 11:00,0.6526,0.6531,0.6522,0.653,1396,0.652469,0.652921,0.65212,0.652878,0,0.00098,-0.000721,0.000122
2024.11.13 12:00,0.653,0.65325,0.6525,0.65255,1345,0.652908,0.653198,0.652409,0.652426,0,0.000841,-0.000698,0.000124
2024.11.13 13:00,0.65255,0.65485,0.652,0.65335,13694,0.652499,0.654536,0.651899,0.653236,0,0.002951,-0.002536,0.000114
2024.11.13 14:00,0.6533,0.6535,0.64995,0.6501,12848,0.652929,0.653381,0.649887,0.649996,0,0.003613,-0.003431,0.000104
2024.11.13 15:00,0.6501,0.65045,0.64815,0.6502,17064,0.65014,0.650406,0.648206,0.649988,0,0.002244,-0.002256,0.000212
2024.11.13 16:00,0.65015,0.6502,0.6484,0.6487,5509,0.650106,0.650195,0.648328,0.648546,0,0.001872,-0.001795,0.000154
2024.11.13 17:00,0.6487,0.6494,0.64845,0.64895,3120,0.648559,0.649351,0.648357,0.648879,0,0.001043,-0.000901,7.1e-05
2024.11.13 18:00,0.649,0.64925,0.64855,0.64895,2346,0.648908,0.649182,0.648458,0.648858,0,0.000792,-0.000632,9.2e-05
2024.11.13 19:00,0.64895,0.64975,0.64855,0.6486,4746,0.649014,0.649688,0.648471,0.648588,0,0.001279,-0.001138,1.2e-05
2024.11.13 20:00,0.6486,0.64905,0.6482,0.6483,8488,0.648761,0.648971,0.648197,0.64821,0,0.000853,-0.000771,9e-05
2024.11.13 21:00,0.6483,0.64885,0.64825,0.64865,2494,0.648382,0.648929,0.64829,0.64871,0,0.00056,-0.000679,-6e-05
2024.11.13 23:00,0.64965,0.64985,0.64915,0.6495,0,0.649899,0.649908,0.649148,0.649397,0,0.000702,-0.000758,0.000103
2024.11.14 00:00,0.64955,0.64975,0.6484,0.64935,3771,0.649477,0.64973,0.648639,0.6493,0,0.001111,-0.00133,5e-05
2024.11.14 01:00,0.64935,0.6494,0.64835,0.6486,3487,0.649199,0.649393,0.648256,0.648567,0,0.001144,-0.001043,3.3e-05
2024.11.14 02:00,0.64855,0.64855,0.64725,0.64745,3721,0.648529,0.648529,0.647199,0.647417,0,0.001351,-0.001279,3.3e-05
2024.11.14 03:00,0.6474,0.64845,0.64675,0.64715,3281,0.647316,0.648382,0.646718,0.64709,0,0.001732,-0.001632,6e-05
2024.11.14 04:00,0.64715,0.6475,0.6466,0.64725,2367,0.647057,0.647417,0.646479,0.647136,0,0.001021,-0.000817,0.000114
2024.11.14 05:00,0.6466,0.64675,0.646,0.64655,2741,0.647149,0.647207,0.64607,0.64645,0,0.00068,-0.001207,0.0001
2024.11.14 06:00,0.64655,0.64735,0.6465,0.6467,2657,0.6465,0.647375,0.64645,0.6466,0,0.0009,-0.000875,0.0001
2024.11.14 07:00,0.64665,0.64815,0.64635,0.6475,4275,0.64645,0.647962,0.646316,0.64735,0,0.001834,-0.001612,0.00015
2024.11.14 08:00,0.64755,0.64795,0.6472,0.64735,3772,0.647446,0.647962,0.64709,0.647216,0,0.00086,-0.000762,0.000134
2024.11.14 09:00,0.6474,0.64775,0.6465,0.64655,3118,0.647249,0.647752,0.646358,0.646467,0,0.001392,-0.001252,8.3e-05
2024.11.14 10:00,0.64655,0.6466,0.64555,0.64615,4766,0.646421,0.646621,0.645469,0.646049,0,0.001131,-0.001071,0.000101
2024.11.14 11:00,0.64615,0.6471,0.6454,0.6469,3938,0.646099,0.64704,0.645407,0.64691,0,0.001693,-0.00164,-1e-05
2024.11.14 12:00,0.64695,0.6475,0.6465,0.6468,3073,0.646818,0.647501,0.646417,0.646718,0,0.001083,-0.001001,8.2e-05
2024.11.14 13:00,0.6468,0.64795,0.6457,0.6466,9000,0.64668,0.64792,0.645578,0.64655,0,0.002372,-0.00222,5e-05
2024.11.14 14:00,0.6466,0.6485,0.64655,0.64735,9396,0.646705,0.648382,0.64658,0.647237,0,0.00192,-0.001832,0.000113
2024.11.14 15:00,0.64735,0.64885,0.647,0.64825,9505,0.647585,0.648761,0.64699,0.648118,0,0.00186,-0.001761,0.000132
2024.11.14 16:00,0.64825,0.649,0.6473,0.6474,7010,0.648298,0.648887,0.647207,0.647287,0,0.001793,-0.001587,0.000113
2024.11.14 17:00,0.6474,0.64795,0.64705,0.64795,3912,0.647459,0.647962,0.647019,0.647828,0,0.000931,-0.000912,0.000122
2024.11.14 18:00,0.64795,0.6481,0.64695,0.64695,1677,0.648088,0.648172,0.646868,0.646877,0,0.001232,-0.001222,7.3e-05
2024.11.14 19:00,0.647,0.6476,0.647,0.64715,3637,0.647124,0.647668,0.646977,0.647136,0,0.000623,-0.000668,1.4e-05
2024.11.14 20:00,0.6472,0.64735,0.64425,0.64505,15752,0.647191,0.647191,0.644239,0.644899,0,0.003111,-0.002941,0.000151
2024.11.14 21:00,0.6451,0.64575,0.6449,0.6456,1577,0.644999,0.645703,0.644808,0.64559,0,0.000942,-0.000803,1e-05
2024.11.14 23:00,0.6454,0.64575,0.6449,0.64575,0,0.645707,0.645728,0.644908,0.645599,0,0.000842,-0.000828,0.000151
2024.11.15 00:00,0.64575,0.64575,0.6447,0.6451,3103,0.645619,0.645661,0.644637,0.644991,0,0.001113,-0.000961,0.000109
2024.11.15 01:00,0.6451,0.6459,0.645,0.6456,2911,0.645157,0.645911,0.644949,0.645557,0,0.000951,-0.000911,4.3e-05
2024.11.15 02:00,0.64555,0.64665,0.64555,0.64645,2091,0.645649,0.64658,0.645649,0.646408,0,0.001001,-0.00103,4.2e-05
2024.11.15 03:00,0.6465,0.6469,0.6464,0.6464,1465,0.646438,0.646914,0.64635,0.64635,0,0.00055,-0.000514,5e-05
2024.11.15 04:00,0.6464,0.64705,0.64635,0.64675,1358,0.646337,0.64704,0.646329,0.646638,0,0.000721,-0.00069,0.000112
2024.11.15 05:00,0.64675,0.64695,0.64635,0.64645,1164,0.646567,0.64704,0.646229,0.646329,0,0.000721,-0.00069,0.000121
2024.11.15 06:00,0.6464,0.6469,0.64565,0.6467,2560,0.646258,0.64681,0.645569,0.64663,0,0.001331,-0.00116,7e-05
2024.11.15 07:00,0.64665,0.6472,0.6464,0.6466,2314,0.646596,0.647124,0.64635,0.646567,0,0.00085,-0.000724,3.3e-05
2024.11.15 08:00,0.64655,0.64715,0.6458,0.647,2625,0.646358,0.647124,0.645736,0.646969,0,0.001414,-0.001324,3.1e-05
2024.11.15 09:00,0.64695,0.64755,0.64675,0.64675,2982,0.646818,0.64771,0.646651,0.64668,0,0.000899,-0.00096,7e-05
2024.11.15 10:00,0.64675,0.64755,0.6464,0.6473,3264,0.646588,0.647543,0.646408,0.64722,0,0.001142,-0.001143,8e-05
2024.11.15 11:00,0.64725,0.64805,0.64695,0.6476,2168,0.647249,0.648046,0.646789,0.64753,0,0.001261,-0.001096,7e-05
2024.11.15 12:00,0.6476,0.64785,0.6469,0.64765,2106,0.64771,0.647878,0.646789,0.64758,0,0.001061,-0.000978,7e-05
2024.11.15 13:00,0.64765,0.64835,0.64595,0.64645,10110,0.647752,0.64813,0.645907,0.646379,0,0.002443,-0.00218,7.1e-05
2024.11.15 14:00,0.6464,0.6468,0.64445,0.6449,9654,0.646538,0.646789,0.644459,0.644937,0,0.002341,-0.002339,-3.7e-05
2024.11.15 15:00,0.6449,0.6462,0.64445,0.64615,12393,0.644849,0.646204,0.644409,0.646041,0,0.001791,-0.001754,0.000109
2024.11.15 16:00,0.6461,0.6467,0.6458,0.6462,7332,0.64607,0.646663,0.645699,0.646108,0,0.001001,-0.000863,9.2e-05
2024.11.15 17:00,0.64625,0.64695,0.64615,0.64645,3173,0.646258,0.646956,0.646149,0.646371,0,0.000801,-0.000806,7.9e-05
2024.11.15 18:00,0.64645,0.64675,0.6458,0.64645,2881,0.646387,0.646659,0.645707,0.646408,0,0.001043,-0.000859,4.2e-05
2024.11.15 19:00,0.6465,0.6466,0.64565,0.6457,3958,0.64645,0.646621,0.645569,0.645636,0,0.001031,-0.000971,6.4e-05
2024.11.15 20:00,0.6457,0.64585,0.6452,0.64575,3198,0.645619,0.645828,0.64512,0.645707,0,0.00073,-0.000628,4.3e-05
2024.11.15 21:00,0.64575,0.64655,0.64555,0.64645,1518,0.645649,0.64673,0.645511,0.64673,0,0.001039,-0.00118,-0.00028
2024.11.18 00:00,0.64665,0.6478,0.6462,0.64775,3174,0.646529,0.647752,0.64627,0.64771,0,0.00153,-0.001552,4e-05
2024.11.18 01:00,0.64775,0.648,0.647,0.6473,3499,0.64758,0.64792,0.646939,0.647308,0,0.001061,-0.00092,-8e-06
2024.11.18 02:00,0.6473,0.64805,0.647,0.6474,2155,0.647199,0.648046,0.646969,0.647379,0,0.001081,-0.001046,2.1e-05
2024.11.18 03:00,0.64745,0.6478,0.64635,0.64665,1488,0.64735,0.647878,0.646308,0.646747,0,0.001492,-0.001528,-9.7e-05
2024.11.18 04:00,0.6467,0.64755,0.6466,0.6474,1598,0.646609,0.647585,0.646467,0.647287,0,0.001083,-0.000985,0.000113
2024.11.18 05:00,0.64725,0.64735,0.6464,0.64675,1490,0.647241,0.647291,0.646329,0.646709,0,0.001021,-0.000891,4.1e-05
2024.11.18 06:00,0.6467,0.6469,0.6463,0.6466,1229,0.646617,0.646839,0.646249,0.6465,0,0.000651,-0.000539,0.0001
2024.11.18 07:00,0.6466,0.6466,0.64555,0.64585,2125,0.646308,0.646454,0.645519,0.645728,0,0.001081,-0.000904,0.000122
2024.11.18 08:00,0.64585,0.64625,0.64545,0.64565,2688,0.64572,0.646287,0.645378,0.645628,0,0.000872,-0.000837,2.2e-05
2024.11.18 09:00,0.64565,0.64655,0.64515,0.6461,2219,0.645428,0.646538,0.645157,0.64602,0,0.001393,-0.001388,8e-05
2024.11.18 10:00,0.64605,0.64605,0.6456,0.64595,1333,0.645936,0.64612,0.645528,0.645928,0,0.000522,-0.00052,2.2e-05
2024.11.18 11:00,0.64595,0.64595,0.64495,0.6454,1859,0.645891,0.645995,0.644908,0.645319,0,0.001042,-0.001045,8.1e-05
2024.11.18 12:00,0.6454,0.6456,0.645,0.64535,2088,0.645278,0.645619,0.644957,0.645257,0,0.000643,-0.000619,9.3e-05
2024.11.18 13:00,0.64535,0.6467,0.645,0.6466,3386,0.645228,0.646705,0.644978,0.646488,0,0.001722,-0.001705,0.000112
2024.11.18 14:00,0.6466,0.64745,0.64645,0.6473,4555,0.646559,0.647417,0.646358,0.647279,0,0.001092,-0.000967,2.1e-05
2024.11.18 15:00,0.64735,0.6489,0.64725,0.64855,10753,0.647287,0.648845,0.64717,0.648429,0,0.00173,-0.001595,0.000121
2024.11.18 16:00,0.64855,0.6498,0.6485,0.64975,6384,0.648517,0.649857,0.648471,0.649659,0,0.001329,-0.001357,9.1e-05
2024.11.18 17:00,0.6498,0.65075,0.64935,0.65065,4712,0.649709,0.650787,0.649228,0.650538,0,0.001522,-0.001437,0.000112
2024.11.18 18:00,0.65065,0.6511,0.65045,0.65105,3239,0.650517,0.651084,0.650356,0.650961,0,0.000744,-0.000634,8.9e-05
2024.11.18 19:00,0.65105,0.6513,0.6505,0.6506,4572,0.651037,0.651339,0.650419,0.65055,0,0.000881,-0.000839,5e-05
2024.11.18 20:00,0.65065,0.651,0.65045,0.65085,2043,0.650698,0.650957,0.650347,0.650779,0,0.000653,-0.000507,7.1e-05
2024.11.18 21:00,0.65085,0.6511,0.6508,0.65095,1238,0.650728,0.651126,0.650677,0.650889,0,0.000423,-0.000326,6.1e-05
2024.11.18 23:00,0.6508,0.651,0.6504,0.6507,0,0.650927,0.650999,0.650368,0.65069,0,0.000632,-0.000599,1e-05
2024.11.19 00:00,0.6507,0.65075,0.6498,0.64995,2892,0.650656,0.650745,0.64976,0.649899,0,0.00099,-0.000945,5.1e-05
2024.11.19 01:00,0.65,0.6512,0.64975,0.651,3078,0.64995,0.651211,0.649726,0.650999,0,0.001474,-0.001461,1e-06
2024.11.19 02:00,0.65095,0.65155,0.65065,0.651,1813,0.650948,0.651466,0.650639,0.650889,0,0.000911,-0.000816,0.000111
2024.11.19 03:00,0.65095,0.65235,0.65095,0.65225,3219,0.65094,0.652273,0.650936,0.652158,0,0.001414,-0.001323,9.2e-05
2024.11.19 04:00,0.6523,0.65255,0.65095,0.651,0,0.652209,0.652486,0.650817,0.650817,0,0.001733,-0.001536,0.000183
2024.11.19 05:00,0.6508,0.651,0.65045,0.65085,1732,0.650809,0.651042,0.65039,0.650838,0,0.00061,-0.000592,1.2e-05
2024.11.19 06:00,0.6508,0.65195,0.6508,0.65175,1453,0.650737,0.651933,0.650737,0.651678,0,0.001213,-0.001133,7.2e-05
2024.11.19 07:00,0.6517,0.65175,0.65075,0.6512,2002,0.651597,0.651763,0.650677,0.651101,0,0.001073,-0.001013,9.9e-05
2024.11.19 08:00,0.65125,0.65195,0.65,0.65035,6618,0.65108,0.651976,0.649929,0.650267,0,0.002021,-0.001976,8.3e-05
2024.11.19 09:00,0.6503,0.65065,0.64845,0.64915,7874,0.650178,0.65066,0.648378,0.649039,0,0.002272,-0.00221,0.000111
2024.11.19 10:00,0.64915,0.6503,0.64905,0.64985,2668,0.648988,0.650229,0.648959,0.649747,0,0.001341,-0.001179,0.000103
2024.11.19 11:00,0.64995,0.6501,0.6493,0.64945,1911,0.649908,0.65011,0.649228,0.649397,0,0.000872,-0.000811,5.3e-05
2024.11.19 12:00,0.64955,0.65025,0.6495,0.65025,2052,0.649418,0.650195,0.649359,0.65014,0,0.000891,-0.000695,0.00011
2024.11.19 13:00,0.65025,0.6518,0.65015,0.65045,9425,0.650288,0.651806,0.650119,0.65036,0,0.001681,-0.001656,9e-05
2024.11.19 14:00,0.6504,0.6518,0.64995,0.6508,7905,0.65033,0.651678,0.649849,0.65072,0,0.001951,-0.001728,8e-05
2024.11.19 15:00,0.6508,0.65225,0.6504,0.6522,8224,0.650639,0.652231,0.650318,0.652137,0,0.001932,-0.001831,6.3e-05
2024.11.19 16:00,0.65225,0.6529,0.6519,0.6524,5796,0.65212,0.652742,0.651856,0.65226,0,0.001043,-0.000842,0.00014
2024.11.19 17:00,0.65235,0.65295,0.6523,0.65235,2660,0.652248,0.652912,0.652099,0.652129,0,0.000851,-0.000612,0.000221
2024.11.19 18:00,0.65215,0.65325,0.65165,0.65315,2670,0.652069,0.653253,0.6515,0.653019,0,0.00175,-0.001603,0.000131
2024.11.19 19:00,0.65315,0.6534,0.6527,0.65325,4100,0.653117,0.653339,0.652639,0.653219,0,0.000761,-0.000639,3.1e-05
2024.11.19 20:00,0.65325,0.6535,0.65295,0.65325,1940,0.653108,0.653509,0.652878,0.653189,0,0.000622,-0.000559,6.1e-05
2024.11.19 21:00,0.65325,0.65355,0.65325,0.65335,1568,0.653181,0.653552,0.653181,0.653424,0,0.000369,-0.000302,-7.4e-05
2024.11.19 23:00,0.6535,0.6543,0.65335,0.6543,0,0.653428,0.654236,0.653368,0.654078,0,0.000932,-0.000886,0.000222
2024.11.20 00:00,0.65425,0.6546,0.65345,0.6537,2762,0.654228,0.654622,0.653479,0.653509,0,0.001121,-0.001172,0.000191
2024.11.20 01:00,0.65375,0.65385,0.65305,0.6537,2663,0.65368,0.653808,0.65298,0.653488,0,0.00087,-0.000758,0.000212
2024.11.20 02:00,0.65375,0.654,0.65335,0.65335,1376,0.653638,0.653979,0.653206,0.653219,0,0.000794,-0.000629,0.000131
2024.11.20 03:00,0.65335,0.65355,0.6525,0.65275,1218,0.653257,0.653552,0.65238,0.65272,0,0.00117,-0.001052,3e-05
2024.11.20 04:00,0.65275,0.65305,0.65255,0.6529,846,0.652669,0.65304,0.652499,0.652818,0,0.000551,-0.00049,8.2e-05
2024.11.20 05:00,0.6526,0.6531,0.65235,0.65245,725,0.65278,0.653125,0.652299,0.652358,0,0.000801,-0.000775,9.2e-05
2024.11.20 06:00,0.65245,0.6534,0.6523,0.6528,1914,0.652269,0.653424,0.652218,0.652699,0,0.001182,-0.001124,0.000101
2024.11.20 07:00,0.65285,0.6533,0.65215,0.6522,2925,0.652797,0.653296,0.652039,0.65212,0,0.001261,-0.001146,8e-05
2024.11.20 08:00,0.65225,0.65245,0.6516,0.6517,2411,0.652009,0.652486,0.651678,0.651763,0,0.000772,-0.000886,-6.3e-05
2024.11.20 09:00,0.6517,0.6521,0.651,0.65135,3402,0.651551,0.651976,0.650889,0.651228,0,0.001211,-0.000975,0.000122
2024.11.20 10:00,0.65135,0.6516,0.6503,0.65055,3625,0.651271,0.651636,0.650216,0.650466,0,0.001384,-0.001336,8.4e-05
2024.11.20 11:00,0.6505,0.6506,0.64995,0.6504,2353,0.650347,0.650618,0.649798,0.650258,0,0.000802,-0.000668,0.000142
2024.11.20 12:00,0.6504,0.6511,0.65025,0.65095,2276,0.65028,0.651126,0.650149,0.650809,0,0.000951,-0.000876,0.000141
2024.11.20 13:00,0.65095,0.65135,0.6503,0.65045,5467,0.650957,0.651296,0.650229,0.650326,0,0.001121,-0.000996,0.000124
2024.11.20 14:00,0.65045,0.6506,0.6487,0.6488,8889,0.650419,0.650533,0.648681,0.648681,0,0.001919,-0.001833,0.000119
2024.11.20 15:00,0.64885,0.6497,0.6487,0.64925,6292,0.648858,0.64973,0.648609,0.64906,0,0.001091,-0.00103,0.00019
2024.11.20 16:00,0.64925,0.64975,0.64865,0.64945,4954,0.649119,0.649646,0.648567,0.64941,0,0.001183,-0.000996,4e-05
2024.11.20 17:00,0.64945,0.6504,0.6492,0.65005,1773,0.649309,0.650449,0.649119,0.649937,0,0.001281,-0.001249,0.000113
2024.11.20 18:00,0.65,0.65015,0.6492,0.64975,2826,0.649908,0.650153,0.649119,0.649638,0,0.001031,-0.000953,0.000112
2024.11.20 19:00,0.6498,0.65015,0.6496,0.6498,3019,0.649709,0.650153,0.649418,0.649709,0,0.000732,-0.000553,9.1e-05
2024.11.20 20:00,0.6498,0.6505,0.6496,0.65045,2738,0.649621,0.650364,0.64949,0.65028,0,0.00101,-0.000764,0.00017
2024.11.20 21:00,0.65045,0.65085,0.6503,0.6508,1191,0.650267,0.65083,0.650229,0.650677,0,0.000621,-0.00053,0.000123
2024.11.20 23:00,0.6508,0.6514,0.6507,0.65135,0,0.650868,0.651381,0.650838,0.651339,0,0.000562,-0.000681,1.2e-05
2024.11.21 00:00,0.65135,0.6516,0.6508,0.65145,1995,0.651317,0.651636,0.650728,0.651389,0,0.000872,-0.000836,6.1e-05
2024.11.21 01:00,0.65145,0.652,0.65125,0.65165,2317,0.651597,0.652018,0.651199,0.651589,0,0.000802,-0.000768,6.1e-05
2024.11.21 02:00,0.6517,0.65195,0.6514,0.65155,1807,0.651678,0.651933,0.651288,0.651487,0,0.000662,-0.000533,6.3e-05
2024.11.21 03:00,0.65155,0.6525,0.6512,0.65245,1762,0.651508,0.652443,0.651139,0.652431,0,0.001361,-0.001243,1.9e-05
2024.11.21 04:00,0.65245,0.65255,0.6516,0.6518,1779,0.652431,0.652486,0.651568,0.651738,0,0.000982,-0.000886,6.2e-05
2024.11.21 05:00,0.65195,0.652,0.65125,0.6513,1218,0.651691,0.652018,0.651169,0.651249,0,0.000831,-0.000768,5.1e-05
2024.11.21 06:00,0.65125,0.6522,0.65125,0.6517,1573,0.65122,0.65218,0.65122,0.651627,0,0.00098,-0.00093,7.3e-05
2024.11.21 07:00,0.6517,0.652,0.65105,0.65145,2982,0.651627,0.652018,0.651029,0.651309,0,0.000971,-0.000968,0.000141
2024.11.21 08:00,0.65145,0.6523,0.65135,0.65215,2813,0.651326,0.652316,0.651326,0.652077,0,0.000974,-0.000966,7.2e-05
2024.11.21 09:00,0.6521,0.6523,0.6508,0.65105,3179,0.651988,0.652401,0.650749,0.650961,0,0.001551,-0.001601,8.9e-05
2024.11.21 10:00,0.65105,0.6518,0.65105,0.6513,1791,0.650957,0.651763,0.650957,0.651241,0,0.000843,-0.000713,5.9e-05
2024.11.21 11:00,0.65135,0.65265,0.65125,0.652,2996,0.6513,0.652571,0.651207,0.651899,0,0.001443,-0.001321,0.000101
2024.11.21 12:00,0.65195,0.65315,0.65185,0.6526,2502,0.651899,0.653083,0.651789,0.652537,0,0.001361,-0.001233,6.3e-05
2024.11.21 13:00,0.6526,0.6531,0.65175,0.65275,5346,0.652558,0.653083,0.651861,0.652627,0,0.001239,-0.001333,0.000124
2024.11.21 14:00,0.6528,0.65295,0.65185,0.6529,5556,0.652788,0.652912,0.651789,0.652729,0,0.001161,-0.001062,0.000171
2024.11.21 15:00,0.65295,0.6534,0.65155,0.6517,7082,0.652938,0.653339,0.651466,0.651606,0,0.001934,-0.001789,9.4e-05
2024.11.21 16:00,0.65165,0.6518,0.65015,0.6503,8809,0.651589,0.651806,0.65011,0.650288,0,0.001689,-0.001656,1.2e-05
2024.11.21 17:00,0.6503,0.65185,0.6499,0.65185,3713,0.650157,0.65189,0.649819,0.651738,0,0.002031,-0.00199,0.000112
2024.11.21 18:00,0.65185,0.65215,0.65145,0.65195,2391,0.65181,0.652188,0.651419,0.651801,0,0.000731,-0.000738,0.000149
2024.11.21 19:00,0.6519,0.65195,0.6511,0.65175,3042,0.65181,0.65189,0.651037,0.651627,0,0.000913,-0.00079,0.000123
2024.11.21 20:00,0.6517,0.65185,0.6513,0.6516,1866,0.65167,0.651933,0.651271,0.65147,0,0.000579,-0.000633,0.00013
2024.11.21 21:00,0.65155,0.6516,0.6511,0.6512,686,0.651449,0.651678,0.65102,0.651207,0,0.00058,-0.000578,-7e-06
2024.11.21 23:00,0.6513,0.6514,0.65095,0.65105,0,0.651377,0.651423,0.650927,0.651037,0,0.000473,-0.000473,1.3e-05
2024.11.22 00:00,0.65105,0.6518,0.651,0.65175,1435,0.651037,0.65189,0.651008,0.651716,0,0.000792,-0.00089,3.4e-05
2024.11.22 01:00,0.6518,0.65225,0.65165,0.6517,1417,0.651929,0.652273,0.651597,0.651661,0,0.000653,-0.000623,3.9e-05
2024.11.22 02:00,0.6517,0.65195,0.65125,0.65185,1424,0.651721,0.652061,0.651237,0.65181,0,0.000713,-0.000811,4e-05
2024.11.22 03:00,0.6518,0.6521,0.65125,0.65135,2100,0.65175,0.652146,0.651207,0.651309,0,0.000893,-0.000896,4.1e-05
2024.11.22 04:00,0.6513,0.65145,0.65055,0.6507,1224,0.651279,0.651508,0.650559,0.650648,0,0.000891,-0.000958,5.2e-05
2024.11.22 05:00,0.6501,0.6501,0.6488,0.6491,2716,0.650267,0.650491,0.648828,0.649039,0,0.001272,-0.001691,6.1e-05
2024.11.22 06:00,0.6491,0.64955,0.64895,0.6494,1483,0.649047,0.649604,0.648858,0.649338,0,0.000692,-0.000654,6.2e-05
2024.11.22 07:00,0.64935,0.6507,0.64905,0.65055,1840,0.64933,0.650703,0.64898,0.65044,0,0.00172,-0.001653,0.00011
2024.11.22 08:00,0.6506,0.65205,0.6506,0.65065,6678,0.6505,0.651976,0.6505,0.650728,0,0.00155,-0.001375,-7.8e-05
2024.11.22 09:00,0.65065,0.65065,0.64755,0.64895,11347,0.650529,0.650529,0.647396,0.64895,0,0.003254,-0.002979,-0.0
2024.11.22 10:00,0.649,0.6507,0.64835,0.65035,3299,0.648946,0.650631,0.64837,0.650377,0,0.00233,-0.002281,-2.7e-05
2024.11.22 11:00,0.65035,0.6505,0.6498,0.6504,2623,0.650258,0.650533,0.649777,0.650318,0,0.000723,-0.000733,8.2e-05
2024.11.22 12:00,0.65055,0.65065,0.6495,0.6499,4241,0.65061,0.65061,0.649477,0.649709,0,0.001173,-0.00111,0.000191
2024.11.22 13:00,0.64995,0.65095,0.64985,0.6505,4383,0.64987,0.650999,0.64987,0.650398,0,0.00108,-0.001149,0.000102
2024.11.22 14:00,0.6505,0.65095,0.6496,0.64995,6038,0.650449,0.650915,0.64965,0.649878,0,0.0013,-0.001315,7.2e-05
2024.11.22 15:00,0.64995,0.6507,0.64925,0.64955,7030,0.650119,0.650533,0.649249,0.649359,0,0.001451,-0.001283,0.000191
2024.11.22 16:00,0.64955,0.6496,0.64835,0.64945,8578,0.649439,0.649519,0.648336,0.649418,0,0.001264,-0.001169,3.2e-05
2024.11.22 17:00,0.6495,0.65035,0.6495,0.65025,2422,0.649469,0.650406,0.64946,0.650199,0,0.00089,-0.000906,5.1e-05
2024.11.22 18:00,0.65025,0.65075,0.6498,0.64995,3473,0.650199,0.650745,0.649827,0.649929,0,0.000923,-0.000945,2.1e-05
2024.11.22 19:00,0.64995,0.65015,0.6497,0.6499,4113,0.64987,0.65011,0.649667,0.649798,0,0.000483,-0.00041,0.000102
2024.11.22 20:00,0.6499,0.6501,0.64955,0.65,3933,0.649827,0.65011,0.649498,0.649971,0,0.000602,-0.00056,2.9e-05
2024.11.22 21:00,0.65,0.65045,0.64995,0.6503,1486,0.650018,0.650491,0.649958,0.650322,0,0.000492,-0.000541,-2.2e-05
2024.11.25 00:00,0.65405,0.6551,0.65395,0.6547,3040,0.654031,0.65505,0.654027,0.65472,0,0.001073,-0.0011,-2e-05
2024.11.25 01:00,0.6546,0.65495,0.6536,0.6537,4701,0.654647,0.654965,0.653518,0.653586,0,0.001432,-0.001365,0.000114
2024.11.25 02:00,0.65375,0.6541,0.65325,0.65325,2080,0.653778,0.654151,0.653219,0.653219,0,0.000881,-0.000901,3.1e-05
2024.11.25 03:00,0.65325,0.65375,0.65235,0.6525,1813,0.653159,0.65368,0.652299,0.652431,0,0.001451,-0.00133,6.9e-05
2024.11.25 04:00,0.6525,0.653,0.65195,0.65255,1800,0.652448,0.653125,0.65195,0.65252,0,0.00105,-0.001175,3e-05
2024.11.25 05:00,0.6526,0.6526,0.6518,0.65215,1513,0.652507,0.652699,0.65178,0.652129,0,0.00082,-0.000899,2.1e-05
2024.11.25 06:00,0.6521,0.65245,0.65145,0.6524,1773,0.652086,0.652486,0.651377,0.65238,0,0.001073,-0.001036,2e-05
2024.11.25 07:00,0.65245,0.65245,0.65065,0.65075,2605,0.652188,0.652231,0.650639,0.650707,0,0.001811,-0.001581,4.3e-05
2024.11.25 08:00,0.6508,0.65105,0.64995,0.6504,4150,0.650838,0.651084,0.64992,0.650377,0,0.00113,-0.001134,2.3e-05
2024.11.25 09:00,0.6504,0.65195,0.65035,0.65165,2172,0.6505,0.651976,0.65044,0.651589,0,0.00151,-0.001626,6.1e-05
2024.11.25 10:00,0.6516,0.65185,0.65115,0.65115,1956,0.651589,0.651933,0.651059,0.65119,0,0.000791,-0.000783,-4e-05
2024.11.25 11:00,0.6511,0.6514,0.65055,0.6506,1316,0.651067,0.651466,0.650478,0.650567,0,0.000922,-0.000916,3.3e-05
2024.11.25 12:00,0.65065,0.65115,0.64985,0.651,2759,0.65061,0.651169,0.649789,0.65097,0,0.001361,-0.001319,3e-05
2024.11.25 13:00,0.651,0.65285,0.651,0.65265,5370,0.651088,0.652912,0.651088,0.652588,0,0.001762,-0.001912,6.2e-05
2024.11.25 14:00,0.65265,0.65275,0.651,0.65125,5292,0.652699,0.652742,0.651037,0.651118,0,0.001713,-0.001742,0.000132
2024.11.25 15:00,0.65125,0.65175,0.6502,0.6503,7715,0.651101,0.651763,0.650127,0.650127,0,0.001623,-0.001563,0.000173
2024.11.25 16:00,0.65035,0.65055,0.64885,0.6492,8700,0.65025,0.650491,0.648866,0.64914,0,0.001684,-0.001641,6e-05
2024.11.25 17:00,0.64925,0.64945,0.649,0.64925,4996,0.649148,0.649519,0.648959,0.649271,0,0.000491,-0.000519,-2.1e-05
2024.11.25 18:00,0.64925,0.65045,0.64925,0.65035,3676,0.649199,0.650491,0.649199,0.650368,0,0.001251,-0.001241,-1.8e-05
2024.11.25 19:00,0.6504,0.6506,0.65025,0.65045,3790,0.650356,0.650703,0.650208,0.650428,0,0.000392,-0.000453,2.2e-05
2024.11.25 20:00,0.6505,0.6507,0.65015,0.65025,2603,0.650406,0.650787,0.650127,0.650178,0,0.000573,-0.000637,7.2e-05
2024.11.25 21:00,0.6503,0.65065,0.65015,0.6505,1244,0.650187,0.650703,0.650157,0.650538,0,0.000493,-0.000553,-3.8e-05
2024.11.25 23:00,0.6505,0.65085,0.64565,0.64645,0,0.650559,0.650872,0.645907,0.646818,0,0.004943,-0.005222,-0.000368
2024.11.26 00:00,0.6465,0.6469,0.6441,0.6443,8679,0.646517,0.646872,0.644297,0.644297,0,0.002603,-0.002772,3e-06
2024.11.26 01:00,0.64425,0.6477,0.64355,0.64685,10065,0.644529,0.647626,0.643687,0.646826,0,0.004013,-0.004076,2.4e-05
2024.11.26 02:00,0.64695,0.6479,0.64655,0.6477,2918,0.64678,0.647962,0.646609,0.647769,0,0.001291,-0.001412,-6.9e-05
2024.11.26 03:00,0.6477,0.6494,0.64765,0.64925,3096,0.64771,0.649393,0.64771,0.649249,0,0.00169,-0.001743,1e-06
2024.11.26 04:00,0.64925,0.65035,0.6488,0.64935,0,0.649368,0.650406,0.648799,0.649418,0,0.001551,-0.001606,-6.8e-05
2024.11.26 05:00,0.6495,0.64955,0.64885,0.64905,2673,0.649448,0.649688,0.648828,0.649018,0,0.000722,-0.000838,3.2e-05
2024.11.26 06:00,0.64905,0.6498,0.64835,0.64865,2892,0.649018,0.649857,0.648487,0.648601,0,0.001313,-0.001507,4.9e-05
2024.11.26 07:00,0.6487,0.6488,0.64765,0.6477,3106,0.648538,0.648845,0.647689,0.647698,0,0.001111,-0.001195,2e-06
2024.11.26 08:00,0.64765,0.64845,0.6475,0.64805,2578,0.647559,0.648508,0.647559,0.64813,0,0.000891,-0.001008,-8e-05
2024.11.26 09:00,0.6481,0.64935,0.6481,0.64865,2262,0.648029,0.649435,0.648029,0.648576,0,0.001321,-0.001335,7.4e-05
2024.11.26 10:00,0.6487,0.6497,0.64865,0.6495,1828,0.648626,0.649646,0.648626,0.649448,0,0.001074,-0.000996,5.2e-05
2024.11.26 11:00,0.64945,0.6497,0.6485,0.6494,1707,0.649389,0.64973,0.648466,0.649317,0,0.001234,-0.00123,8.3e-05
2024.11.26 12:00,0.64935,0.65085,0.64895,0.6501,6319,0.649199,0.650838,0.648908,0.650018,0,0.001942,-0.001888,8.2e-05
2024.11.26 13:00,0.6501,0.65035,0.6483,0.6484,4882,0.65017,0.650309,0.648248,0.648248,0,0.002102,-0.002009,0.000152
2024.11.26 14:00,0.64845,0.64855,0.6466,0.64695,5933,0.648399,0.648508,0.646651,0.646889,0,0.001899,-0.001908,6.1e-05
2024.11.26 15:00,0.64695,0.6475,0.6461,0.64675,10932,0.647119,0.647488,0.646149,0.646617,0,0.001351,-0.001388,0.000133
2024.11.26 16:00,0.64675,0.647,0.64545,0.646,10690,0.646747,0.646998,0.645428,0.646007,0,0.001572,-0.001548,-7e-06
2024.11.26 17:00,0.646,0.646,0.6452,0.64555,5008,0.645957,0.645995,0.645207,0.645619,0,0.000793,-0.000795,-6.9e-05
2024.11.26 18:00,0.64555,0.64575,0.6449,0.64555,3272,0.645611,0.64587,0.644899,0.645499,0,0.000851,-0.00097,5.1e-05
2024.11.26 19:00,0.6456,0.6464,0.64495,0.64605,5072,0.645499,0.646454,0.64492,0.646057,0,0.00148,-0.001504,-7e-06
2024.11.26 20:00,0.6461,0.64645,0.64595,0.64635,2914,0.64602,0.646454,0.645886,0.646287,0,0.000564,-0.000504,6.3e-05
2024.11.26 21:00,0.6463,0.6477,0.6462,0.64765,1682,0.6463,0.64771,0.646199,0.647559,0,0.001501,-0.00151,9.1e-05
2024.11.26 23:00,0.64765,0.64795,0.64745,0.64755,0,0.647878,0.648008,0.647467,0.647568,0,0.000483,-0.000558,-1.8e-05
2024.11.27 00:00,0.6475,0.64785,0.64565,0.64745,4237,0.647769,0.647878,0.646701,0.647337,0,0.001149,-0.002228,0.000113
2024.11.27 01:00,0.64745,0.64865,0.6471,0.64735,5277,0.64753,0.648635,0.647191,0.64732,0,0.001459,-0.001535,3e-05
2024.11.27 02:00,0.6473,0.64755,0.64655,0.64745,2606,0.647228,0.647585,0.646651,0.6474,0,0.000899,-0.001035,5e-05
2024.11.27 03:00,0.64745,0.6484,0.6472,0.6481,1836,0.647471,0.648466,0.64722,0.64813,0,0.00118,-0.001266,-3e-05
2024.11.27 04:00,0.6481,0.6481,0.6476,0.64765,1394,0.648118,0.648214,0.647631,0.647639,0,0.000469,-0.000614,1.1e-05
2024.11.27 05:00,0.6476,0.6479,0.6472,0.64735,1938,0.647639,0.647962,0.64722,0.647308,0,0.00068,-0.000762,4.2e-05
2024.11.27 06:00,0.64735,0.6481,0.64735,0.64785,2152,0.647371,0.648172,0.647371,0.647819,0,0.000729,-0.000822,3.1e-05
2024.11.27 07:00,0.6479,0.6493,0.6479,0.6487,3305,0.64795,0.649309,0.64795,0.648748,0,0.00135,-0.001409,-4.8e-05
2024.11.27 08:00,0.64875,0.65015,0.6484,0.64875,5247,0.648559,0.650153,0.648508,0.648757,0,0.001642,-0.001753,-7e-06
2024.11.27 09:00,0.64875,0.649,0.64845,0.6488,2124,0.648748,0.649098,0.64845,0.648778,0,0.00055,-0.000648,2.2e-05
2024.11.27 10:00,0.6488,0.6492,0.64835,0.64875,1312,0.648799,0.649224,0.64834,0.648727,0,0.00086,-0.000874,2.3e-05
2024.11.27 11:00,0.64875,0.64875,0.64745,0.6481,1773,0.648727,0.648845,0.647417,0.648059,0,0.001333,-0.001395,4.1e-05
2024.11.27 12:00,0.6481,0.64835,0.64755,0.64825,2957,0.647979,0.648466,0.647517,0.648218,0,0.000833,-0.000916,3.2e-05
2024.11.27 13:00,0.6483,0.6498,0.6479,0.6497,6791,0.648239,0.649756,0.647958,0.649756,0,0.001842,-0.001856,-5.6e-05
2024.11.27 14:00,0.64975,0.65005,0.64905,0.64955,6544,0.64976,0.650153,0.649068,0.649338,0,0.000982,-0.001103,0.000212
2024.11.27 15:00,0.6495,0.64965,0.648,0.6494,8350,0.6493,0.649608,0.648029,0.64941,0,0.001621,-0.001608,-1e-05
2024.11.27 16:00,0.64935,0.65005,0.6488,0.6492,5451,0.649346,0.650068,0.648849,0.649148,0,0.001201,-0.001268,5.2e-05
2024.11.27 17:00,0.64915,0.64995,0.64855,0.6495,3907,0.64911,0.64998,0.648588,0.64949,0,0.001362,-0.00143,1e-05
2024.11.27 18:00,0.6495,0.6501,0.6493,0.6498,1228,0.649368,0.650153,0.649368,0.649798,0,0.000732,-0.000853,2e-06
2024.11.27 19:00,0.64975,0.65005,0.6495,0.6497,2904,0.649747,0.65011,0.64954,0.649701,0,0.00051,-0.00061,-1e-06
2024.11.27 20:00,0.64975,0.65,0.64955,0.6499,2512,0.64965,0.65011,0.649528,0.649887,0,0.000472,-0.00056,1.3e-05
2024.11.27 21:00,0.6499,0.6501,0.64975,0.64975,1269,0.64984,0.650153,0.64976,0.649899,0,0.00034,-0.000403,-0.000149
2024.11.27 23:00,0.6498,0.6505,0.64965,0.64975,0,0.65017,0.650576,0.649675,0.649789,0,0.000825,-0.000926,-3.9e-05
2024.11.28 00:00,0.6498,0.65025,0.6495,0.6499,1416,0.649836,0.650322,0.649469,0.650001,0,0.000781,-0.000822,-0.000101
2024.11.28 01:00,0.64985,0.65105,0.6496,0.65045,1641,0.649811,0.650999,0.64965,0.650368,0,0.0014,-0.001399,8.2e-05
2024.11.28 02:00,0.6505,0.6508,0.64955,0.65015,854,0.650529,0.650758,0.649616,0.650098,0,0.001184,-0.001208,5.2e-05
2024.11.28 03:00,0.65015,0.65015,0.6487,0.64895,1558,0.650178,0.650195,0.648727,0.648849,0,0.001423,-0.001495,0.000101
2024.11.28 04:00,0.6489,0.6492,0.6485,0.6492,1101,0.648908,0.649309,0.648508,0.64922,0,0.000692,-0.000808,-2e-05
2024.12.02 00:00,0.65025,0.6504,0.6494,0.6497,2118,0.650208,0.650491,0.64949,0.64968,0,0.00091,-0.001091,2e-05
2024.12.02 01:00,0.64965,0.65075,0.6493,0.6503,2908,0.649629,0.650766,0.649456,0.650309,0,0.001294,-0.001466,-9e-06
2024.12.02 02:00,0.65025,0.65035,0.6491,0.6498,2414,0.65036,0.650491,0.649237,0.649789,0,0.001113,-0.001391,1.1e-05
2024.12.02 03:00,0.64975,0.6502,0.64965,0.64995,1077,0.649827,0.650322,0.649638,0.64987,0,0.000562,-0.000672,8e-05
2024.12.02 04:00,0.64985,0.6502,0.6494,0.64965,1123,0.649798,0.650237,0.649418,0.649616,0,0.000782,-0.000837,3.4e-05
2024.12.02 05:00,0.64965,0.6504,0.64915,0.64995,1233,0.649697,0.650533,0.649161,0.650039,0,0.001239,-0.001383,-8.9e-05
2024.12.02 06:00,0.6499,0.65115,0.6498,0.6509,1520,0.649937,0.651254,0.649806,0.650919,0,0.001344,-0.001454,-1.9e-05
2024.12.02 07:00,0.65085,0.65115,0.64975,0.64975,2377,0.650948,0.651254,0.649756,0.64976,0,0.001394,-0.001504,-1e-05
2024.12.02 08:00,0.6498,0.64995,0.6489,0.64965,3675,0.649709,0.650026,0.648959,0.649667,0,0.000991,-0.001126,-1.7e-05
2024.12.02 09:00,0.64975,0.6504,0.6493,0.64955,1880,0.649827,0.650406,0.649258,0.649519,0,0.001142,-0.001107,3.1e-05
2024.12.02 10:00,0.64955,0.65,0.649,0.64945,3083,0.649376,0.65011,0.648997,0.649448,0,0.001003,-0.00111,2e-06
2024.12.02 11:00,0.64945,0.64975,0.6491,0.6492,1944,0.649427,0.649815,0.649098,0.64914,0,0.000652,-0.000715,6e-05
2024.12.02 12:00,0.6492,0.64955,0.64745,0.64785,4114,0.649207,0.64949,0.64748,0.647878,0,0.00207,-0.00204,-2.8e-05
2024.12.02 13:00,0.64785,0.64825,0.64685,0.6471,5272,0.647987,0.64834,0.646818,0.647119,0,0.001432,-0.00149,-1.9e-05
2024.12.02 14:00,0.6471,0.6474,0.6451,0.6453,9260,0.647077,0.647459,0.645178,0.645299,0,0.002222,-0.002359,1e-06
2024.12.02 15:00,0.6452,0.6457,0.64455,0.6448,14918,0.645307,0.645703,0.6446,0.64477,0,0.0011,-0.001153,3e-05
2024.12.02 16:00,0.64475,0.64615,0.64435,0.6457,10847,0.644749,0.646204,0.644388,0.64577,0,0.001762,-0.001854,-7e-05
2024.12.02 17:00,0.64575,0.64645,0.6455,0.64615,3575,0.645807,0.646429,0.645578,0.646166,0,0.000872,-0.000929,-1.6e-05
2024.12.02 18:00,0.6462,0.64685,0.64595,0.6467,2633,0.646258,0.646914,0.64597,0.646759,0,0.00088,-0.000964,-5.9e-05
2024.12.02 19:00,0.64675,0.6473,0.64675,0.6472,4785,0.646759,0.647375,0.646759,0.647249,0,0.000541,-0.000625,-4.9e-05
2024.12.02 20:00,0.64725,0.6485,0.64705,0.64755,9473,0.647249,0.648508,0.646998,0.647639,0,0.001502,-0.001458,-8.9e-05
2024.12.02 21:00,0.6476,0.64785,0.64745,0.64765,1720,0.64753,0.648004,0.647408,0.647769,0,0.000442,-0.000554,-0.000119
2024.12.02 23:00,0.64765,0.6479,0.6474,0.64755,0,0.647798,0.64792,0.647547,0.64771,0,0.000353,-0.00052,-0.00016
2024.12.03 00:00,0.64755,0.64785,0.64675,0.64755,4906,0.647538,0.64784,0.646718,0.647639,0,0.001132,-0.00109,-8.9e-05
2024.12.03 01:00,0.6476,0.6482,0.64645,0.6467,4246,0.647647,0.648298,0.646467,0.646759,0,0.001733,-0.001848,-5.9e-05
2024.12.03 02:00,0.64675,0.6468,0.6456,0.6462,2689,0.646651,0.646872,0.64572,0.646241,0,0.00108,-0.001272,-4.1e-05
2024.12.03 03:00,0.6462,0.6473,0.6461,0.64695,2030,0.646229,0.647417,0.646216,0.646998,0,0.001084,-0.001317,-4.8e-05
2024.12.03 04:00,0.64695,0.64715,0.64665,0.64705,0,0.647006,0.647249,0.646709,0.647107,0,0.000441,-0.000599,-5.7e-05
2024.12.03 05:00,0.6469,0.6474,0.64685,0.64705,1259,0.647098,0.647501,0.646839,0.647061,0,0.000561,-0.000651,-1.1e-05
2024.12.03 06:00,0.647,0.64765,0.64675,0.6471,1439,0.64704,0.647752,0.646759,0.647136,0,0.000891,-0.001002,-3.6e-05
2024.12.03 07:00,0.6471,0.64875,0.64685,0.6485,3242,0.647027,0.648845,0.646877,0.648517,0,0.001873,-0.001995,-1.7e-05
2024.12.03 08:00,0.6485,0.65045,0.6484,0.6503,7755,0.6485,0.650533,0.6485,0.650309,0,0.00195,-0.002133,-9e-06
2024.12.03 09:00,0.6503,0.65055,0.6493,0.6496,5438,0.650419,0.65066,0.649389,0.649608,0,0.001161,-0.00136,-8e-06
2024.12.03 10:00,0.64965,0.6498,0.64875,0.64885,2040,0.649739,0.649857,0.648778,0.648849,0,0.001022,-0.001107,1e-06
2024.12.03 11:00,0.6488,0.64915,0.64865,0.6491,2138,0.648879,0.649266,0.64874,0.649106,0,0.00041,-0.000616,-6e-06
2024.12.03 12:00,0.6491,0.64915,0.64785,0.6481,2404,0.64906,0.649266,0.647899,0.648097,0,0.001251,-0.001416,3e-06
2024.12.03 13:00,0.64805,0.6491,0.6479,0.64875,5644,0.648038,0.649182,0.647971,0.648757,0,0.001129,-0.001282,-7e-06
2024.12.03 14:00,0.64875,0.64915,0.64815,0.64835,4666,0.648799,0.649266,0.64821,0.648466,0,0.00094,-0.001116,-0.000116
2024.12.03 15:00,0.6483,0.64835,0.64615,0.64785,16296,0.648038,0.64813,0.646208,0.647798,0,0.002142,-0.00198,5.1e-05
2024.12.03 16:00,0.64785,0.6482,0.64705,0.6482,5311,0.647777,0.648256,0.647111,0.648067,0,0.001089,-0.001206,0.000133
2024.12.03 17:00,0.6482,0.64925,0.64805,0.64915,4017,0.648189,0.649309,0.648088,0.649148,0,0.001162,-0.001258,2e-06
2024.12.03 18:00,0.64915,0.64945,0.64905,0.6493,3402,0.64914,0.649519,0.649068,0.649249,0,0.000382,-0.000469,5.1e-05
2024.12.03 19:00,0.6493,0.6493,0.648,0.64805,4073,0.649287,0.649435,0.648059,0.64808,0,0.001241,-0.001435,-3e-05
2024.12.03 20:00,0.64805,0.64855,0.6479,0.6484,2922,0.647987,0.648635,0.647958,0.648391,0,0.000592,-0.000735,9e-06
2024.12.03 21:00,0.6484,0.64875,0.64825,0.64875,1260,0.648298,0.648887,0.64829,0.648757,0,0.00046,-0.000637,-7e-06
2024.12.03 23:00,0.64875,0.64885,0.6483,0.6486,0,0.648849,0.648849,0.648416,0.648719,0,0.000434,-0.000549,-0.000119
2024.12.04 00:00,0.64855,0.6489,0.6463,0.6465,6937,0.648597,0.648971,0.646417,0.646559,0,0.002483,-0.002671,-5.9e-05
2024.12.04 01:00,0.64655,0.64715,0.64535,0.6455,5250,0.646776,0.647249,0.645428,0.645507,0,0.001722,-0.001899,-7e-06
2024.12.04 02:00,0.64545,0.64575,0.64285,0.64295,10961,0.645536,0.645911,0.642897,0.64305,0,0.002853,-0.003061,-0.0001
2024.12.04 03:00,0.64295,0.64295,0.6408,0.64155,10629,0.642979,0.642979,0.640907,0.641589,0,0.002043,-0.002179,-3.9e-05
2024.12.04 04:00,0.64155,0.6438,0.64115,0.6437,7702,0.641478,0.643874,0.641169,0.64382,0,0.002631,-0.002724,-0.00012
2024.12.04 05:00,0.6436,0.64475,0.64335,0.6443,3647,0.643869,0.64487,0.643376,0.644326,0,0.001374,-0.00152,-2.6e-05
2024.12.04 06:00,0.6443,0.6452,0.6437,0.64435,4125,0.644309,0.64512,0.64372,0.644367,0,0.00148,-0.00142,-1.7e-05
2024.12.04 07:00,0.6444,0.6444,0.64365,0.644,2716,0.644317,0.644496,0.643679,0.644039,0,0.000721,-0.000846,-3.9e-05
2024.12.04 08:00,0.644,0.64405,0.6424,0.6425,5601,0.644068,0.644164,0.642451,0.642537,0,0.001599,-0.001764,-3.7e-05
2024.12.04 09:00,0.6425,0.6426,0.6417,0.64195,4834,0.642508,0.642715,0.641766,0.641997,0,0.000834,-0.001015,-4.7e-05
2024.12.04 10:00,0.64195,0.64215,0.6409,0.64125,5088,0.641989,0.642261,0.641038,0.641289,0,0.001112,-0.001361,-3.9e-05
2024.12.04 11:00,0.64125,0.64195,0.64095,0.6414,4664,0.641297,0.64198,0.641017,0.641449,0,0.000933,-0.00103,-4.9e-05
2024.12.04 12:00,0.64135,0.6414,0.64015,0.6403,3565,0.64135,0.641519,0.640209,0.640307,0,0.001191,-0.001369,-7e-06
2024.12.04 13:00,0.6403,0.6413,0.64,0.64085,10009,0.640279,0.641355,0.640078,0.640907,0,0.001222,-0.001355,-5.7e-05
2024.12.04 14:00,0.6408,0.6417,0.6405,0.64125,6522,0.640787,0.641766,0.640537,0.641219,0,0.001163,-0.001266,3.1e-05
2024.12.04 15:00,0.6413,0.64385,0.6413,0.64345,20740,0.642901,0.643915,0.642137,0.643381,0,0.001713,-0.002615,6.9e-05
2024.12.04 16:00,0.64345,0.644,0.643,0.64355,7818,0.643439,0.644081,0.643058,0.643501,0,0.000942,-0.001081,4.9e-05
2024.12.04 17:00,0.64355,0.64415,0.6433,0.644,3121,0.643509,0.644205,0.643327,0.64399,0,0.000823,-0.000905,1e-05
2024.12.04 18:00,0.644,0.64415,0.6431,0.6431,3910,0.644027,0.644288,0.643588,0.643728,0,0.000562,-0.001188,-0.000628
2024.12.04 19:00,0.6431,0.64445,0.6429,0.64365,8475,0.643219,0.644538,0.643087,0.643629,0,0.001363,-0.001638,2.1e-05
2024.12.04 20:00,0.6436,0.64425,0.64325,0.644,3861,0.643658,0.64433,0.643298,0.644039,0,0.000952,-0.00108,-3.9e-05
2024.12.04 21:00,0.644,0.64415,0.643,0.6431,2358,0.643969,0.644247,0.64305,0.643087,0,0.0011,-0.001247,1.3e-05
2024.12.04 23:00,0.643,0.64355,0.6427,0.64315,0,0.64317,0.643666,0.642777,0.643252,0,0.000773,-0.000966,-0.000102
2024.12.05 00:00,0.6432,0.64325,0.6422,0.6423,3309,0.643376,0.643376,0.642339,0.642339,0,0.000911,-0.001176,-3.9e-05
2024.12.05 01:00,0.64235,0.6435,0.64235,0.6429,3034,0.642451,0.643501,0.642426,0.642967,0,0.001074,-0.001151,-6.7e-05
2024.12.05 02:00,0.64285,0.6437,0.64275,0.64315,2272,0.642909,0.643791,0.64288,0.643227,0,0.00082,-0.001041,-7.7e-05
2024.12.05 03:00,0.6432,0.64355,0.6431,0.6435,2302,0.643207,0.643708,0.643207,0.643608,0,0.000343,-0.000608,-0.000108
2024.12.05 04:00,0.64355,0.6436,0.6431,0.6432,2942,0.64365,0.643749,0.643198,0.64336,0,0.000401,-0.000649,-0.00016
2024.12.05 05:00,0.64325,0.6439,0.64325,0.6437,814,0.643418,0.643956,0.643306,0.643791,0,0.000594,-0.000706,-9.1e-05
2024.12.05 06:00,0.6437,0.64395,0.6434,0.6439,1081,0.643886,0.644081,0.643488,0.643878,0,0.000462,-0.000681,2.2e-05
2024.12.05 07:00,0.64385,0.6449,0.64385,0.64475,3663,0.643977,0.644912,0.643977,0.644758,0,0.000923,-0.001062,-8e-06
2024.12.05 08:00,0.64475,0.6453,0.64435,0.6445,3236,0.644745,0.645453,0.644438,0.644479,0,0.000862,-0.001103,2.1e-05
2024.12.05 09:00,0.64445,0.6447,0.64375,0.6439,2099,0.644529,0.644745,0.643828,0.643898,0,0.000872,-0.000995,2e-06
2024.12.05 10:00,0.64385,0.64425,0.64375,0.6438,1704,0.643869,0.644371,0.643737,0.643907,0,0.000513,-0.000621,-0.000107
2024.12.05 11:00,0.64375,0.6443,0.64355,0.6439,1257,0.643728,0.644413,0.643596,0.643969,0,0.000704,-0.000863,-6.9e-05
2024.12.05 12:00,0.6439,0.644,0.64285,0.6435,2685,0.643956,0.644122,0.642909,0.643501,0,0.001091,-0.001272,-1e-06
2024.12.05 13:00,0.6435,0.64475,0.6433,0.64435,6468,0.643559,0.644745,0.643389,0.644276,0,0.001361,-0.001445,7.4e-05
2024.12.05 14:00,0.64435,0.64535,0.6438,0.64455,5778,0.644409,0.645411,0.643927,0.644579,0,0.001423,-0.001611,-2.9e-05
2024.12.05 15:00,0.64455,0.64465,0.6424,0.6436,6826,0.644517,0.644787,0.642471,0.64355,0,0.002179,-0.002387,5e-05
2024.12.05 16:00,0.6436,0.6442,0.64335,0.64375,4082,0.643538,0.644288,0.64341,0.643799,0,0.00079,-0.000938,-4.9e-05
2024.12.05 17:00,0.6438,0.6441,0.6433,0.64385,2373,0.643807,0.644205,0.643285,0.643886,0,0.000815,-0.000905,-3.6e-05
2024.12.05 18:00,0.64385,0.64425,0.6427,0.6442,2484,0.643857,0.644259,0.642769,0.644259,0,0.001481,-0.001559,-5.9e-05
2024.12.05 19:00,0.6442,0.64555,0.6442,0.6453,4362,0.644417,0.645661,0.644388,0.64539,0,0.001162,-0.001461,-9e-05
2024.12.05 20:00,0.64535,0.6455,0.645,0.6451,4596,0.645278,0.645578,0.645007,0.645136,0,0.000493,-0.000578,-3.6e-05
2024.12.05 21:00,0.64515,0.64555,0.645,0.64535,1815,0.645107,0.645619,0.644991,0.64544,0,0.000559,-0.000619,-9e-05
2024.12.05 23:00,0.6453,0.64565,0.6449,0.64515,0,0.645507,0.64577,0.644949,0.645091,0,0.000701,-0.00087,5.9e-05
2024.12.06 00:00,0.64515,0.6452,0.644,0.6441,2966,0.645157,0.645245,0.644048,0.644147,0,0.001152,-0.001245,-4.7e-05
2024.12.06 01:00,0.64415,0.64445,0.64205,0.6424,4434,0.64421,0.644579,0.642166,0.642438,0,0.002284,-0.002529,-3.8e-05
2024.12.06 02:00,0.64235,0.6436,0.64225,0.64315,4144,0.642438,0.643708,0.64231,0.643186,0,0.00129,-0.001458,-3.6e-05
2024.12.06 03:00,0.6432,0.6442,0.64315,0.64365,3132,0.643306,0.644247,0.643248,0.643658,0,0.000952,-0.001097,-8e-06
2024.12.06 04:00,0.6436,0.64365,0.6427,0.64295,1472,0.643646,0.643749,0.642839,0.643037,0,0.000811,-0.001049,-8.7e-05
2024.12.06 05:00,0.6426,0.6434,0.64255,0.64325,1259,0.643066,0.643501,0.642566,0.643339,0,0.000834,-0.000951,-8.9e-05
2024.12.06 06:00,0.64325,0.64325,0.64265,0.6428,1265,0.64329,0.643376,0.642719,0.642839,0,0.000531,-0.000726,-3.9e-05
2024.12.06 07:00,0.6428,0.6431,0.64225,0.643,2715,0.642727,0.643252,0.642339,0.643066,0,0.000761,-0.001002,-6.6e-05
2024.12.06 08:00,0.64305,0.64325,0.6423,0.6426,2110,0.643079,0.643294,0.642409,0.642657,0,0.000841,-0.000994,-5.7e-05
2024.12.06 09:00,0.64265,0.643,0.64235,0.6427,1514,0.642719,0.643087,0.64243,0.642748,0,0.00057,-0.000737,-4.8e-05
2024.12.06 10:00,0.6427,0.6427,0.6417,0.6421,2650,0.642727,0.642839,0.64184,0.64224,0,0.00086,-0.001139,-0.00014
2024.12.06 11:00,0.64215,0.64245,0.64145,0.6417,2321,0.642277,0.642591,0.641527,0.641737,0,0.000923,-0.001141,-3.7e-05
2024.12.06 12:00,0.64165,0.6423,0.64145,0.64145,2437,0.641676,0.642343,0.64149,0.641507,0,0.00081,-0.000893,-5.7e-05
2024.12.06 13:00,0.6415,0.6445,0.64095,0.6435,23440,0.641478,0.644454,0.64103,0.643538,0,0.00347,-0.003504,-3.8e-05
2024.12.06 14:00,0.64345,0.6436,0.64105,0.6413,11756,0.643439,0.643791,0.641198,0.64147,0,0.002402,-0.002741,-0.00017
2024.12.06 15:00,0.6413,0.64145,0.63835,0.639,17468,0.641137,0.641137,0.638447,0.639088,0,0.003003,-0.002787,-8.8e-05
2024.12.06 16:00,0.639,0.6393,0.63815,0.63815,11629,0.639047,0.639288,0.638256,0.638256,0,0.001044,-0.001138,-0.000106
2024.12.06 17:00,0.63815,0.6382,0.6373,0.6379,5517,0.637999,0.638325,0.637377,0.63802,0,0.000823,-0.001025,-0.00012
2024.12.06 18:00,0.63785,0.63875,0.6378,0.63795,2537,0.638028,0.638896,0.637889,0.638007,0,0.000861,-0.001096,-5.7e-05
2024.12.06 19:00,0.638,0.6386,0.63745,0.6385,4699,0.638007,0.638692,0.637527,0.638598,0,0.001073,-0.001242,-9.8e-05
2024.12.06 20:00,0.63855,0.63905,0.6385,0.63905,3080,0.638606,0.639141,0.638606,0.639088,0,0.000444,-0.000641,-3.8e-05
2024.12.06 21:00,0.63895,0.6393,0.63885,0.639,1403,0.639067,0.639427,0.638949,0.639182,0,0.000351,-0.000577,-0.000182
2024.12.09 00:00,0.64,0.64,0.6389,0.6395,3128,0.639975,0.639975,0.638978,0.639566,0,0.001022,-0.001075,-6.6e-05
2024.12.09 01:00,0.63955,0.64015,0.6392,0.63965,2527,0.639627,0.640205,0.639296,0.639697,0,0.000854,-0.001005,-4.7e-05
2024.12.09 02:00,0.6397,0.6404,0.63925,0.6398,2594,0.63975,0.640451,0.639427,0.639869,0,0.000973,-0.001201,-6.9e-05
2024.12.09 03:00,0.6398,0.6398,0.6384,0.63845,2012,0.639828,0.639959,0.638529,0.638529,0,0.001271,-0.001559,-7.9e-05
2024.12.09 04:00,0.63845,0.6389,0.638,0.6382,1641,0.638488,0.639059,0.63806,0.638248,0,0.00084,-0.001059,-4.8e-05
2024.12.09 05:00,0.63815,0.6386,0.63805,0.63855,783,0.638187,0.638692,0.638117,0.638619,0,0.000483,-0.000642,-6.9e-05
2024.12.09 06:00,0.63855,0.63895,0.63845,0.63885,1751,0.638659,0.639141,0.63848,0.638888,0,0.00047,-0.000691,-3.8e-05
2024.12.09 07:00,0.63885,0.64235,0.6383,0.64235,10657,0.638908,0.642467,0.638508,0.642327,0,0.003842,-0.004167,2.3e-05
2024.12.09 08:00,0.6424,0.64375,0.64205,0.64365,8428,0.642438,0.643874,0.6421,0.643679,0,0.00165,-0.001824,-2.9e-05
2024.12.09 09:00,0.6437,0.64465,0.64355,0.644,8068,0.64382,0.644787,0.6436,0.644019,0,0.00105,-0.001237,-1.9e-05
2024.12.09 10:00,0.64405,0.645,0.644,0.64465,3118,0.644039,0.645078,0.644039,0.644629,0,0.000961,-0.001078,2.1e-05
2024.12.09 11:00,0.64455,0.64505,0.6441,0.6442,2940,0.644637,0.645203,0.64418,0.644218,0,0.00087,-0.001103,-1.8e-05
2024.12.09 12:00,0.6442,0.64495,0.64395,0.64475,3261,0.64421,0.645078,0.644019,0.644745,0,0.000931,-0.001128,5e-06
2024.12.09 13:00,0.6447,0.64675,0.64465,0.6465,10881,0.644716,0.64683,0.644708,0.646479,0,0.002042,-0.002181,2.1e-05
2024.12.09 14:00,0.6465,0.64665,0.64545,0.646,7549,0.646621,0.646621,0.645519,0.646066,0,0.001131,-0.001171,-6.6e-05
2024.12.09 15:00,0.646,0.6472,0.64585,0.6467,15102,0.646204,0.647333,0.645899,0.646747,0,0.001301,-0.001483,-4.7e-05
2024.12.09 16:00,0.64675,0.6472,0.6458,0.64605,7639,0.646914,0.647291,0.645857,0.646049,0,0.001343,-0.001491,1e-06
2024.12.09 17:00,0.646,0.64655,0.64545,0.6455,4390,0.646162,0.646621,0.645599,0.645599,0,0.000951,-0.001171,-9.9e-05
2024.12.09 18:00,0.6455,0.6456,0.64495,0.64515,4512,0.645528,0.645703,0.644999,0.645207,0,0.000601,-0.000753,-5.7e-05
2024.12.09 19:00,0.64515,0.64515,0.6441,0.64445,8110,0.645128,0.645203,0.644168,0.644488,0,0.000982,-0.001103,-3.8e-05
2024.12.09 20:00,0.64445,0.64455,0.64345,0.6438,6816,0.6445,0.644662,0.643488,0.643786,0,0.001062,-0.001212,1.4e-05
2024.12.09 21:00,0.64375,0.64415,0.6436,0.64395,1641,0.643956,0.644288,0.643679,0.644168,0,0.000471,-0.000688,-0.000218
2024.12.09 23:00,0.6441,0.6442,0.6436,0.6438,0,0.64438,0.64438,0.643757,0.64382,0,0.000443,-0.00078,-2e-05
2024.12.10 00:00,0.6438,0.6438,0.64275,0.64305,2858,0.643857,0.643915,0.642826,0.643029,0,0.000974,-0.001165,2.1e-05
2024.12.10 01:00,0.643,0.64305,0.6417,0.64245,6480,0.643037,0.643211,0.641919,0.642628,0,0.001131,-0.001511,-0.000178
2024.12.10 02:00,0.64245,0.6433,0.6416,0.6417,4634,0.6425,0.643335,0.641729,0.641729,0,0.001571,-0.001735,-2.9e-05
2024.12.10 03:00,0.6417,0.6418,0.63795,0.63935,14314,0.6417,0.641956,0.638097,0.639309,0,0.003703,-0.004006,4.1e-05
2024.12.10 04:00,0.6393,0.6405,0.63855,0.6386,0,0.639501,0.640537,0.63857,0.63857,0,0.00193,-0.001987,3e-05
2024.12.10 05:00,0.63905,0.6401,0.63835,0.63965,9245,0.638529,0.640205,0.638439,0.639718,0,0.001661,-0.001855,-6.8e-05
2024.12.10 06:00,0.63965,0.64035,0.6393,0.64,9321,0.639787,0.640533,0.639419,0.640078,0,0.000931,-0.001233,-7.8e-05
2024.12.10 07:00,0.64,0.6402,0.6382,0.6383,5151,0.640205,0.64041,0.638211,0.638211,0,0.001989,-0.00221,8.9e-05
2024.12.10 08:00,0.63835,0.6396,0.6381,0.6393,21848,0.638529,0.639632,0.638158,0.639317,0,0.001442,-0.001532,-1.7e-05
2024.12.10 09:00,0.63925,0.6399,0.6391,0.63945,20929,0.639427,0.64,0.639129,0.639509,0,0.000771,-0.0009,-5.9e-05
2024.12.10 10:00,0.6394,0.6403,0.6394,0.63985,3519,0.639754,0.640451,0.639517,0.639848,0,0.000783,-0.001051,2e-06
2024.12.10 11:00,0.63965,0.64005,0.6392,0.63985,2279,0.639795,0.640205,0.639288,0.639918,0,0.000762,-0.001005,-6.8e-05
2024.12.10 12:00,0.63985,0.64005,0.63875,0.63995,3037,0.640041,0.640164,0.6389,0.639947,0,0.00115,-0.001414,3e-06
2024.12.10 13:00,0.6399,0.6401,0.6392,0.6394,9787,0.640082,0.640164,0.639288,0.639456,0,0.000812,-0.000964,-5.6e-05
2024.12.10 14:00,0.6394,0.63995,0.6383,0.63845,10183,0.639488,0.640082,0.638309,0.638521,0,0.001641,-0.001782,-7.1e-05
2024.12.10 15:00,0.63845,0.6386,0.6367,0.637,16688,0.638549,0.638733,0.636918,0.637048,0,0.001682,-0.002033,-4.8e-05
2024.12.10 16:00,0.637,0.63765,0.6366,0.63755,6675,0.637186,0.637755,0.636679,0.637698,0,0.000971,-0.001155,-0.000148
2024.12.10 17:00,0.6376,0.6378,0.63715,0.63735,4515,0.637698,0.637959,0.637247,0.637466,0,0.000553,-0.000809,-0.000116
2024.12.10 18:00,0.63735,0.63825,0.63735,0.6381,10381,0.637397,0.638366,0.637397,0.638187,0,0.000853,-0.001016,-8.7e-05
2024.12.10 19:00,0.6381,0.63845,0.63795,0.6381,5029,0.638117,0.63857,0.637999,0.638248,0,0.000451,-0.00062,-0.000148
2024.12.10 20:00,0.63815,0.6384,0.6379,0.6379,2631,0.638276,0.63857,0.638007,0.638007,0,0.000393,-0.00067,-0.000107
2024.12.10 21:00,0.63795,0.6381,0.6377,0.6378,1782,0.63804,0.638284,0.637747,0.637889,0,0.000353,-0.000584,-8.9e-05
2024.12.10 23:00,0.63785,0.6382,0.63755,0.63755,0,0.638386,0.638386,0.637637,0.63769,0,0.000563,-0.000836,-0.00014
2024.12.11 00:00,0.63755,0.6382,0.6369,0.6374,2934,0.637666,0.638366,0.63704,0.63756,0,0.00116,-0.001466,-0.00016
2024.12.11 01:00,0.6375,0.6382,0.63745,0.6381,1705,0.637747,0.638284,0.637536,0.638187,0,0.000664,-0.000834,-8.7e-05
2024.12.11 02:00,0.6381,0.6386,0.6378,0.6382,2057,0.638158,0.638733,0.637885,0.638276,0,0.000715,-0.000933,-7.6e-05
2024.12.11 03:00,0.6382,0.63895,0.6381,0.6383,14940,0.638349,0.6391,0.638158,0.638337,0,0.000792,-0.001,-3.7e-05
2024.12.11 04:00,0.6383,0.63835,0.63705,0.6374,1247,0.638488,0.638529,0.637097,0.637458,0,0.001253,-0.001479,-5.8e-05
2024.12.11 05:00,0.63725,0.63755,0.63675,0.63715,2107,0.637552,0.637714,0.63687,0.637239,0,0.00068,-0.000964,-8.9e-05
2024.12.11 06:00,0.63715,0.63745,0.6369,0.6373,1517,0.637349,0.637674,0.636999,0.637357,0,0.00045,-0.000774,-5.7e-05
2024.12.11 07:00,0.6373,0.63745,0.63405,0.63505,18049,0.637592,0.637592,0.634639,0.635138,0,0.002811,-0.003542,-8.8e-05
2024.12.11 08:00,0.63505,0.6364,0.63475,0.6358,11488,0.635163,0.636578,0.63486,0.635898,0,0.00154,-0.001828,-9.8e-05
2024.12.11 09:00,0.6358,0.63595,0.63405,0.63475,9990,0.636011,0.636011,0.634107,0.634739,0,0.001843,-0.001961,1.1e-05
2024.12.11 10:00,0.63465,0.63495,0.63365,0.63465,5566,0.634776,0.635163,0.633758,0.634707,0,0.001192,-0.001513,-5.7e-05
2024.12.11 11:00,0.6346,0.6353,0.6343,0.6351,5201,0.634727,0.635405,0.634337,0.635227,0,0.000963,-0.001105,-0.000127
2024.12.11 12:00,0.6352,0.6364,0.63505,0.6356,9603,0.635268,0.636497,0.635167,0.635708,0,0.001233,-0.001447,-0.000108
2024.12.11 13:00,0.6356,0.6377,0.6356,0.63685,18939,0.63576,0.637718,0.635688,0.63689,0,0.002012,-0.002119,-4e-05
2024.12.11 14:00,0.6368,0.63725,0.63575,0.63635,19753,0.637101,0.6373,0.635849,0.63627,0,0.001401,-0.00155,8e-05
2024.12.11 15:00,0.63635,0.6372,0.6355,0.63655,8865,0.636468,0.637239,0.635639,0.636549,0,0.001561,-0.001739,1e-06
2024.12.11 16:00,0.63655,0.63775,0.6363,0.63765,5261,0.63657,0.637877,0.636379,0.637657,0,0.001371,-0.001577,-7e-06
2024.12.11 17:00,0.6376,0.6378,0.63635,0.63655,3584,0.637718,0.637918,0.636509,0.636557,0,0.001291,-0.001568,-7e-06
2024.12.11 18:00,0.6366,0.63765,0.63635,0.6364,3673,0.636667,0.637796,0.636408,0.636448,0,0.001242,-0.001446,-4.8e-05
2024.12.11 19:00,0.6364,0.63745,0.63635,0.63705,10410,0.636428,0.637592,0.63642,0.637077,0,0.00103,-0.001242,-2.7e-05
2024.12.11 20:00,0.63705,0.6374,0.63685,0.63715,8462,0.637178,0.637511,0.636926,0.637137,0,0.000473,-0.000661,1.3e-05
2024.12.11 21:00,0.63715,0.6374,0.6368,0.63695,0,0.637137,0.637511,0.63689,0.637077,0,0.00051,-0.000711,-0.000127
2024.12.11 23:00,0.6373,0.6384,0.63715,0.6382,1858,0.637548,0.638529,0.637267,0.638439,0,0.001133,-0.001379,-0.000239
2024.12.12 00:00,0.63825,0.6414,0.6377,0.64045,10856,0.638276,0.64161,0.637869,0.6405,0,0.003531,-0.00391,-5e-05
2024.12.12 01:00,0.6404,0.6412,0.6401,0.6411,2762,0.640738,0.641355,0.640217,0.64119,0,0.000983,-0.001254,-9e-05
2024.12.12 02:00,0.64115,0.6413,0.64035,0.64065,2145,0.641355,0.641437,0.640488,0.640726,0,0.000812,-0.001087,-7.6e-05
2024.12.12 03:00,0.64065,0.64175,0.64065,0.64165,3737,0.640861,0.641931,0.64075,0.641779,0,0.001,-0.001281,-0.000129
2024.12.12 04:00,0.64165,0.6419,0.64115,0.64155,1449,0.64189,0.642096,0.641239,0.641639,0,0.000661,-0.000946,-8.9e-05
2024.12.12 05:00,0.6413,0.64205,0.6413,0.6417,1867,0.64189,0.642108,0.641387,0.641787,0,0.000663,-0.000808,-8.7e-05
2024.12.12 06:00,0.64175,0.64215,0.64165,0.6421,1022,0.641972,0.642302,0.641746,0.642149,0,0.000404,-0.000652,-4.9e-05
2024.12.12 07:00,0.64205,0.64295,0.6414,0.64155,3637,0.642199,0.643087,0.641581,0.641667,0,0.001369,-0.001687,-0.000117
2024.12.12 08:00,0.6415,0.6418,0.6402,0.64045,4105,0.641548,0.641972,0.640258,0.640558,0,0.001542,-0.001772,-0.000108
2024.12.12 09:00,0.64045,0.6417,0.64025,0.64145,6649,0.640508,0.641849,0.64034,0.641478,0,0.00136,-0.001599,-2.8e-05
2024.12.12 10:00,0.6415,0.6419,0.6404,0.6405,2987,0.641597,0.641972,0.640508,0.64057,0,0.001392,-0.001572,-7e-05
2024.12.12 11:00,0.64045,0.64135,0.6399,0.6403,14554,0.640578,0.64128,0.639857,0.640348,0,0.001493,-0.00138,-4.8e-05
2024.12.12 12:00,0.64025,0.6404,0.6393,0.6394,3609,0.640398,0.640574,0.639398,0.639619,0,0.001002,-0.001274,-0.000219
2024.12.12 13:00,0.6394,0.6404,0.63855,0.6398,11667,0.639677,0.64041,0.639039,0.639926,0,0.001361,-0.00186,-0.000126
2024.12.12 14:00,0.6398,0.64025,0.63815,0.6397,6765,0.63984,0.64041,0.638248,0.639939,0,0.002002,-0.00226,-0.000239
2024.12.12 15:00,0.6398,0.6399,0.6368,0.63805,10911,0.639959,0.639959,0.636951,0.638227,0,0.002949,-0.003159,-0.000177
2024.12.12 16:00,0.63805,0.63875,0.6379,0.63865,5799,0.638138,0.638978,0.638077,0.638737,0,0.000673,-0.001078,-8.7e-05
2024.12.12 17:00,0.6386,0.63925,0.6376,0.638,2276,0.63861,0.639427,0.63767,0.638068,0,0.00158,-0.001827,-6.8e-05
2024.12.12 18:00,0.63805,0.63815,0.63705,0.6371,8249,0.638068,0.638244,0.637186,0.637198,0,0.000964,-0.001194,-9.8e-05
2024.12.12 19:00,0.6371,0.6374,0.6363,0.6364,3764,0.637089,0.637592,0.636387,0.636408,0,0.001013,-0.001292,-8e-06
2024.12.12 20:00,0.6364,0.6368,0.63605,0.6363,2707,0.636387,0.636983,0.636209,0.636436,0,0.000591,-0.000933,-0.000136
2024.12.12 21:00,0.6363,0.63695,0.6362,0.6369,2323,0.636497,0.637105,0.636339,0.636926,0,0.000611,-0.000905,-2.6e-05
2024.12.12 23:00,0.63675,0.6372,0.63635,0.63705,0,0.636821,0.637349,0.636578,0.637211,0,0.000622,-0.000999,-0.000161
2024.12.13 00:00,0.637,0.6372,0.6365,0.63655,863,0.637267,0.637389,0.636626,0.636858,0,0.000574,-0.000889,-0.000308
2024.12.13 01:00,0.6369,0.63705,0.63595,0.6361,864,0.637227,0.637227,0.636088,0.636327,0,0.000962,-0.001277,-0.000227
2024.12.13 02:00,0.63575,0.6363,0.6355,0.6358,773,0.636319,0.636375,0.635558,0.635898,0,0.000742,-0.000875,-9.8e-05
2024.12.13 03:00,0.6359,0.6365,0.6359,0.6361,389,0.635918,0.636699,0.635918,0.636286,0,0.000582,-0.000799,-0.000186
2024.12.13 04:00,0.6361,0.63675,0.63605,0.63675,111,0.636306,0.636943,0.636189,0.636809,0,0.000561,-0.000893,-5.9e-05
2024.12.13 05:00,0.6364,0.63645,0.636,0.6364,79,0.636809,0.636983,0.636059,0.636436,0,0.000391,-0.000983,-3.6e-05
2024.12.13 06:00,0.63655,0.63665,0.63545,0.63655,209,0.636509,0.63678,0.635558,0.636651,0,0.001092,-0.00133,-0.000101
2024.12.13 07:00,0.6365,0.637,0.63605,0.6369,208,0.63642,0.637186,0.636047,0.637036,0,0.000953,-0.001136,-0.000136
2024.12.13 08:00,0.63685,0.63715,0.63595,0.63655,1348,0.636845,0.637308,0.635877,0.636659,0,0.001273,-0.001358,-0.000109
2024.12.13 09:00,0.6367,0.63725,0.6362,0.63675,16703,0.63674,0.637267,0.63627,0.636707,0,0.00098,-0.001067,4.2e-05
2024.12.13 10:00,0.6368,0.63775,0.63655,0.63725,2952,0.636679,0.637678,0.636618,0.637198,0,0.001132,-0.001128,5.2e-05
2024.12.13 11:00,0.6372,0.63755,0.6371,0.63725,1533,0.637137,0.637633,0.637097,0.637178,0,0.000453,-0.000533,7.2e-05
2024.12.13 12:00,0.6372,0.6383,0.63685,0.6382,3078,0.637109,0.638366,0.636967,0.638158,0,0.001333,-0.001516,4.2e-05
2024.12.13 13:00,0.63825,0.6385,0.6377,0.63805,0,0.638178,0.638488,0.637828,0.638138,0,0.000672,-0.000788,-8.8e-05
2024.12.13 14:00,0.63815,0.63815,0.63645,0.63665,33129,0.637999,0.638081,0.63659,0.636626,0,0.00156,-0.001631,2.4e-05
2024.12.13 15:00,0.63665,0.63665,0.63525,0.6359,0,0.636497,0.636578,0.635308,0.636007,0,0.001342,-0.001328,-0.000107
2024.12.13 16:00,0.6359,0.6363,0.63535,0.6358,40462,0.635849,0.636335,0.635429,0.635748,0,0.000871,-0.000985,5.2e-05
2024.12.13 17:00,0.63585,0.6361,0.63535,0.6358,1869,0.63572,0.636039,0.635417,0.635817,0,0.000683,-0.000689,-1.7e-05
2024.12.13 18:00,0.63585,0.63625,0.63555,0.6359,1474,0.63597,0.636254,0.635619,0.635849,0,0.000631,-0.000704,5.1e-05
2024.12.13 19:00,0.6359,0.63625,0.6356,0.6358,2701,0.636011,0.636254,0.635607,0.635708,0,0.000643,-0.000654,9.2e-05
2024.12.13 20:00,0.63585,0.6359,0.63545,0.63565,0,0.63593,0.63597,0.635469,0.635776,0,0.000431,-0.00052,-0.000126
2024.12.13 21:00,0.6358,0.6364,0.6356,0.63635,43619,0.635849,0.636748,0.635679,0.636748,0,0.000721,-0.001148,-0.000398
2024.12.16 00:00,0.63685,0.63735,0.6365,0.6366,2303,0.636789,0.637267,0.636618,0.636659,0,0.000732,-0.000767,-5.9e-05
2024.12.16 01:00,0.63665,0.63745,0.63665,0.63735,1685,0.636557,0.637511,0.636557,0.6373,0,0.000893,-0.000861,5e-05
2024.12.16 02:00,0.6373,0.6376,0.63635,0.63665,2474,0.63732,0.637592,0.6364,0.63661,0,0.0012,-0.001242,4e-05
2024.12.16 03:00,0.6366,0.63755,0.63635,0.6375,1711,0.63657,0.637471,0.636509,0.63728,0,0.001041,-0.001121,0.00022
2024.12.16 04:00,0.6375,0.63845,0.63735,0.63785,1751,0.63758,0.638366,0.63745,0.637759,0,0.001,-0.001016,9.1e-05
2024.12.16 05:00,0.6378,0.6379,0.6373,0.6376,763,0.637698,0.637918,0.637357,0.63758,0,0.000543,-0.000618,2e-05
2024.12.16 06:00,0.6376,0.63785,0.63675,0.637,1388,0.637637,0.637959,0.636699,0.636979,0,0.001151,-0.001209,2.1e-05
2024.12.16 07:00,0.637,0.63755,0.6367,0.63715,1450,0.63689,0.637633,0.63674,0.637068,0,0.00081,-0.000933,8.2e-05
2024.12.16 08:00,0.6371,0.6377,0.63675,0.63685,2050,0.637028,0.637674,0.63672,0.636797,0,0.00098,-0.000924,5.3e-05
2024.12.16 09:00,0.63685,0.63755,0.6365,0.63665,1164,0.636768,0.637507,0.636517,0.636549,0,0.001033,-0.001007,0.000101
2024.12.16 10:00,0.63665,0.6367,0.6353,0.6354,1684,0.636537,0.63674,0.635389,0.635389,0,0.001311,-0.00144,1.1e-05
2024.12.16 11:00,0.63535,0.6356,0.63505,0.6355,2254,0.635288,0.635688,0.63507,0.635397,0,0.00053,-0.000638,0.000103
2024.12.16 12:00,0.6355,0.636,0.6353,0.63585,1861,0.635429,0.636051,0.635288,0.635817,0,0.000712,-0.000751,3.3e-05
2024.12.16 13:00,0.6359,0.63625,0.6357,0.63615,3369,0.635849,0.636294,0.635688,0.636047,0,0.000562,-0.000594,0.000103
2024.12.16 14:00,0.6362,0.6363,0.63445,0.63535,4139,0.63614,0.636375,0.634667,0.63528,0,0.001633,-0.001925,7e-05
2024.12.16 15:00,0.6354,0.63715,0.635,0.63715,8514,0.63549,0.637186,0.634977,0.637077,0,0.002173,-0.002186,7.3e-05
2024.12.16 16:00,0.63715,0.6375,0.63655,0.6372,4396,0.637028,0.637552,0.636529,0.637117,0,0.000971,-0.001002,8.3e-05
2024.12.16 17:00,0.6372,0.6378,0.637,0.63735,2674,0.637137,0.637877,0.636959,0.637288,0,0.000841,-0.000877,6.2e-05
2024.12.16 18:00,0.63735,0.63765,0.6369,0.6376,1428,0.637316,0.637714,0.636849,0.637519,0,0.000801,-0.000814,8.1e-05
2024.12.16 19:00,0.63755,0.63765,0.63655,0.637,3219,0.637576,0.637714,0.636468,0.636939,0,0.001182,-0.001164,6.1e-05
2024.12.16 20:00,0.63695,0.6371,0.6368,0.63695,1827,0.636918,0.637146,0.636801,0.636967,0,0.000299,-0.000346,-1.7e-05
2024.12.16 21:00,0.63695,0.63725,0.6368,0.6372,943,0.636947,0.637308,0.636809,0.637267,0,0.000441,-0.000508,-6.7e-05
2024.12.16 23:00,0.6372,0.6378,0.6371,0.63775,0,0.63734,0.637836,0.637206,0.637739,0,0.000593,-0.000736,1.1e-05
2024.12.17 00:00,0.6377,0.6379,0.6371,0.63725,1708,0.637759,0.637959,0.637068,0.637219,0,0.000832,-0.000859,3.1e-05
2024.12.17 01:00,0.63725,0.6376,0.6368,0.63745,1349,0.63715,0.637633,0.636809,0.63741,0,0.000791,-0.000833,4e-05
2024.12.17 02:00,0.6374,0.63765,0.6367,0.6367,1118,0.637389,0.637714,0.636679,0.636679,0,0.000971,-0.001014,2.1e-05
2024.12.17 03:00,0.63675,0.637,0.6361,0.63625,1139,0.63672,0.637024,0.63608,0.636238,0,0.00092,-0.000924,1.2e-05
2024.12.17 04:00,0.6363,0.63665,0.63575,0.63575,0,0.636258,0.636699,0.635667,0.635667,0,0.000983,-0.000949,8.3e-05
2024.12.17 05:00,0.6356,0.63575,0.63515,0.63515,1799,0.635708,0.635849,0.635146,0.635199,0,0.000604,-0.000699,-4.9e-05
2024.12.17 06:00,0.6352,0.63555,0.6345,0.6349,1897,0.635247,0.635566,0.63449,0.634896,0,0.00106,-0.001066,4e-06
2024.12.17 07:00,0.63485,0.6358,0.63485,0.63515,2119,0.634949,0.635768,0.634949,0.635086,0,0.000851,-0.000918,6.4e-05
2024.12.17 08:00,0.63515,0.6352,0.6343,0.6345,2094,0.635038,0.635163,0.634276,0.634477,0,0.000924,-0.000863,2.3e-05
2024.12.17 09:00,0.6345,0.6349,0.6341,0.6343,2027,0.63453,0.634961,0.634079,0.634256,0,0.000821,-0.000861,4.4e-05
2024.12.17 10:00,0.63435,0.63445,0.6338,0.6342,1864,0.634309,0.634558,0.633818,0.634156,0,0.000632,-0.000758,4.4e-05
2024.12.17 11:00,0.63415,0.6346,0.63385,0.63445,1430,0.634107,0.634679,0.63387,0.634437,0,0.00073,-0.000829,1.3e-05
2024.12.17 12:00,0.63445,0.6348,0.6343,0.63465,2424,0.634469,0.6348,0.6343,0.634699,0,0.0005,-0.0005,-4.9e-05
2024.12.17 13:00,0.6346,0.6353,0.63415,0.6352,5151,0.634659,0.635324,0.634127,0.635199,0,0.001172,-0.001174,1e-06
2024.12.17 14:00,0.6352,0.63555,0.634,0.63435,5515,0.635308,0.635647,0.634027,0.634417,0,0.001523,-0.001647,-6.7e-05
2024.12.17 15:00,0.63445,0.6346,0.63365,0.6342,7363,0.634309,0.634598,0.633685,0.634216,0,0.000915,-0.000948,-1.6e-05
2024.12.17 16:00,0.63425,0.6343,0.63335,0.6338,6405,0.63424,0.634397,0.633328,0.633838,0,0.000972,-0.001047,-3.8e-05
2024.12.17 17:00,0.63385,0.6344,0.63355,0.63415,3306,0.633806,0.634518,0.633589,0.634248,0,0.000811,-0.000968,-9.8e-05
2024.12.17 18:00,0.63415,0.6344,0.63385,0.63405,1934,0.634168,0.634477,0.63387,0.633979,0,0.00053,-0.000628,7.1e-05
2024.12.17 19:00,0.63405,0.6342,0.6336,0.63365,2431,0.634047,0.634317,0.633557,0.633557,0,0.000643,-0.000717,9.3e-05
2024.12.17 20:00,0.6336,0.63375,0.63325,0.6336,2779,0.633569,0.633794,0.633268,0.633517,0,0.000482,-0.000544,8.3e-05
2024.12.17 21:00,0.63355,0.6339,0.6334,0.6338,1038,0.633497,0.633995,0.633408,0.633834,0,0.000491,-0.000595,-3.4e-05
2024.12.17 23:00,0.63385,0.634,0.63355,0.634,0,0.634027,0.634087,0.633669,0.633999,0,0.000331,-0.000537,1e-06
2024.12.18 00:00,0.63395,0.63395,0.6333,0.63335,1663,0.633927,0.633995,0.63328,0.633336,0,0.00067,-0.000695,1.4e-05
2024.12.18 01:00,0.6334,0.6336,0.6326,0.63305,2382,0.633549,0.633549,0.632607,0.632987,0,0.000993,-0.000949,6.3e-05
2024.12.18 02:00,0.63305,0.6332,0.6319,0.6327,2536,0.633068,0.633152,0.631908,0.632635,0,0.001292,-0.001252,6.5e-05
2024.12.18 03:00,0.6327,0.63275,0.6318,0.63185,1072,0.632739,0.632791,0.63182,0.631848,0,0.00093,-0.000991,2e-06
2024.12.18 04:00,0.63185,0.6319,0.63145,0.63145,1541,0.63182,0.631991,0.631409,0.631417,0,0.000491,-0.000541,3.3e-05
2024.12.18 05:00,0.6312,0.63175,0.63105,0.6314,1248,0.631377,0.631752,0.631138,0.631417,0,0.000612,-0.000702,-1.7e-05
2024.12.18 06:00,0.6315,0.6324,0.63125,0.6323,1980,0.631417,0.632391,0.631249,0.632327,0,0.001151,-0.001141,-2.7e-05
2024.12.18 07:00,0.63225,0.6325,0.63155,0.6317,2467,0.632207,0.632471,0.631508,0.63158,0,0.000992,-0.000921,0.00012
2024.12.18 08:00,0.6316,0.6317,0.6311,0.63135,2104,0.631568,0.631752,0.631078,0.631309,0,0.000622,-0.000652,4.1e-05
2024.12.18 09:00,0.63135,0.63175,0.6306,0.63085,2811,0.631397,0.631712,0.630628,0.63074,0,0.001122,-0.001112,0.00011
2024.12.18 10:00,0.63085,0.63155,0.63075,0.63155,2045,0.630819,0.631552,0.630787,0.63154,0,0.000763,-0.000802,1e-05
2024.12.18 11:00,0.6315,0.6317,0.63125,0.63155,2205,0.6316,0.631792,0.631249,0.63152,0,0.000451,-0.000542,3e-05
2024.12.18 12:00,0.63155,0.63225,0.6315,0.63215,2835,0.631528,0.632311,0.631481,0.632039,0,0.000769,-0.000811,0.000111
2024.12.18 13:00,0.63215,0.6327,0.632,0.6324,4659,0.632139,0.632791,0.631939,0.632379,0,0.000761,-0.000791,2.1e-05
2024.12.18 14:00,0.63245,0.6328,0.63205,0.6326,4192,0.632459,0.632831,0.632027,0.632567,0,0.000773,-0.000781,3.3e-05
2024.12.18 15:00,0.6326,0.63265,0.63065,0.63075,7400,0.632559,0.632599,0.630636,0.630668,0,0.002014,-0.001949,8.2e-05
2024.12.18 16:00,0.6307,0.63085,0.6301,0.63015,8474,0.630648,0.630756,0.63008,0.630179,0,0.00077,-0.000656,-2.9e-05
2024.12.18 17:00,0.63015,0.6307,0.63,0.63035,2136,0.630108,0.630756,0.629997,0.630318,0,0.000703,-0.000756,3.2e-05
2024.12.18 18:00,0.6304,0.6309,0.63025,0.6305,2180,0.630366,0.630915,0.630227,0.63062,0,0.000673,-0.000665,-0.00012
2024.12.18 19:00,0.6306,0.63075,0.624,0.62415,23537,0.629489,0.629489,0.624048,0.624048,0,0.006702,-0.005489,0.000102
2024.12.18 20:00,0.6242,0.6245,0.6223,0.6226,11464,0.624208,0.624571,0.622378,0.622746,0,0.002122,-0.002271,-0.000146
2024.12.18 21:00,0.62265,0.62295,0.62155,0.62185,7078,0.622828,0.623092,0.621616,0.621929,0,0.001334,-0.001542,-7.9e-05
2024.12.18 23:00,0.62175,0.6222,0.62005,0.6206,0,0.621717,0.622278,0.620255,0.620648,0,0.001945,-0.002228,-4.8e-05
2024.12.19 00:00,0.62065,0.62225,0.62005,0.62205,7590,0.620948,0.622219,0.620105,0.622026,0,0.002145,-0.002169,2.4e-05
2024.12.19 01:00,0.6221,0.62285,0.622,0.62255,5548,0.622219,0.622859,0.622057,0.62258,0,0.000793,-0.000859,-3e-05
2024.12.19 02:00,0.6226,0.62335,0.6222,0.62325,3924,0.622688,0.623356,0.622239,0.623235,0,0.001111,-0.001156,1.5e-05
2024.12.19 03:00,0.62325,0.6235,0.62255,0.623,2349,0.623076,0.623469,0.62258,0.622979,0,0.00092,-0.000919,2.1e-05
2024.12.19 04:00,0.62295,0.6231,0.62215,0.6227,2218,0.622968,0.623169,0.622239,0.622607,0,0.000861,-0.001019,9.3e-05
2024.12.19 05:00,0.62245,0.62255,0.62155,0.6218,2570,0.622595,0.622665,0.621597,0.621809,0,0.000953,-0.001115,-9e-06
2024.12.19 06:00,0.6218,0.62335,0.62165,0.62315,3379,0.621879,0.623403,0.621628,0.623119,0,0.001722,-0.001753,3.1e-05
2024.12.19 07:00,0.6232,0.62405,0.6231,0.62375,5365,0.623119,0.624103,0.623119,0.623749,0,0.000931,-0.001003,1e-06
2024.12.19 08:00,0.6237,0.62475,0.62335,0.62425,5633,0.623589,0.624766,0.623348,0.624259,0,0.001402,-0.001416,-9e-06
2024.12.19 09:00,0.62425,0.62455,0.62375,0.6244,4912,0.62422,0.624649,0.623679,0.624337,0,0.000871,-0.000899,6.3e-05
2024.12.19 10:00,0.6244,0.625,0.624,0.62465,2590,0.624438,0.625039,0.62406,0.624637,0,0.00094,-0.001039,1.3e-05
2024.12.19 11:00,0.62465,0.6252,0.62465,0.625,2353,0.62468,0.625313,0.62468,0.625047,0,0.00052,-0.000663,-4.7e-05
2024.12.19 12:00,0.625,0.6253,0.6247,0.62505,4451,0.62502,0.625391,0.624727,0.625156,0,0.000573,-0.000691,-0.000106
2024.12.19 13:00,0.62495,0.6259,0.62465,0.6253,7900,0.624996,0.625978,0.624746,0.625367,0,0.001154,-0.001328,-6.7e-05
2024.12.19 14:00,0.6253,0.6266,0.6253,0.6262,7164,0.625465,0.626645,0.625317,0.626119,0,0.001283,-0.001345,8.1e-05
2024.12.19 15:00,0.62625,0.62655,0.62535,0.6254,7601,0.626296,0.626684,0.625379,0.62543,0,0.001171,-0.001334,-3e-05
2024.12.19 16:00,0.6254,0.62635,0.625,0.6251,6501,0.62543,0.62637,0.625047,0.625066,0,0.001303,-0.00137,3.4e-05
2024.12.19 17:00,0.6251,0.6258,0.6248,0.6248,4191,0.625008,0.6259,0.624758,0.624758,0,0.001042,-0.0011,4.2e-05
2024.12.19 18:00,0.6248,0.6254,0.62405,0.6253,3818,0.624766,0.625469,0.624056,0.625328,0,0.001344,-0.001419,-2.8e-05
2024.12.19 19:00,0.6253,0.62555,0.6243,0.62435,3873,0.625399,0.625665,0.624317,0.624317,0,0.001233,-0.001365,3.3e-05
2024.12.19 20:00,0.62435,0.62465,0.62405,0.62425,2659,0.624387,0.624727,0.624076,0.624278,0,0.000574,-0.000677,-2.8e-05
2024.12.19 21:00,0.62425,0.62425,0.62375,0.62395,1462,0.624196,0.624376,0.623776,0.624064,0,0.000474,-0.000626,-0.000114
2024.12.19 23:00,0.62375,0.6238,0.623,0.62315,0,0.623807,0.623877,0.623049,0.623247,0,0.000751,-0.000877,-9.7e-05
2024.12.20 00:00,0.6232,0.62355,0.6226,0.62265,3068,0.623189,0.623636,0.622599,0.622649,0,0.000951,-0.001036,1e-06
2024.12.20 01:00,0.6226,0.6234,0.62205,0.623,3628,0.622696,0.62348,0.622119,0.623057,0,0.001281,-0.00143,-5.7e-05
2024.12.20 02:00,0.623,0.6232,0.62235,0.62285,2098,0.623037,0.623247,0.622347,0.622847,0,0.000853,-0.000897,3e-06
2024.12.20 03:00,0.62285,0.6231,0.62155,0.62215,1874,0.62303,0.623131,0.621635,0.622247,0,0.001465,-0.001581,-9.7e-05
2024.12.20 04:00,0.6222,0.62265,0.6221,0.6226,1333,0.622328,0.622781,0.622177,0.622599,0,0.000473,-0.000681,1e-06
2024.12.20 05:00,0.6227,0.6227,0.6223,0.6225,1105,0.622618,0.622859,0.622308,0.622498,0,0.000391,-0.000559,2e-06
2024.12.20 06:00,0.6225,0.62455,0.6223,0.6243,4113,0.622506,0.624688,0.622328,0.624528,0,0.002222,-0.002388,-0.000228
2024.12.20 07:00,0.62425,0.6247,0.6234,0.6247,3794,0.624239,0.624766,0.623418,0.624668,0,0.001282,-0.001366,3.2e-05
2024.12.20 08:00,0.6247,0.625,0.62375,0.6239,3057,0.624629,0.625078,0.623819,0.623928,0,0.001181,-0.001328,-2.8e-05
2024.12.20 09:00,0.62385,0.62395,0.62305,0.62335,1537,0.623889,0.624064,0.62308,0.623348,0,0.00087,-0.001014,2e-06
2024.12.20 10:00,0.62335,0.62365,0.6228,0.62305,1957,0.623368,0.623675,0.62284,0.623146,0,0.000811,-0.000875,-9.6e-05
2024.12.20 11:00,0.62305,0.62305,0.6225,0.6227,1487,0.623057,0.623131,0.622599,0.622739,0,0.000451,-0.000631,-3.9e-05
2024.12.20 12:00,0.6227,0.6239,0.6227,0.62345,2055,0.622739,0.623986,0.622739,0.623476,0,0.001161,-0.001286,-2.6e-05
2024.12.20 13:00,0.6234,0.62485,0.62315,0.62375,6144,0.623387,0.624828,0.623177,0.623636,0,0.001673,-0.001678,0.000114
2024.12.20 14:00,0.6236,0.6242,0.623,0.6237,4901,0.6235,0.624298,0.623037,0.623877,0,0.001163,-0.001298,-0.000177
2024.12.20 15:00,0.6238,0.62565,0.62375,0.6247,10404,0.623908,0.625743,0.623838,0.624766,0,0.001812,-0.001993,-6.6e-05
2024.12.20 16:00,0.6247,0.6268,0.62445,0.6266,9266,0.624727,0.626763,0.624536,0.626598,0,0.002264,-0.002313,2e-06
2024.12.20 17:00,0.6266,0.6275,0.6265,0.6266,4871,0.626578,0.627589,0.626578,0.626578,0,0.000922,-0.001089,2.2e-05
2024.12.20 18:00,0.62655,0.6267,0.626,0.62625,2987,0.626519,0.626763,0.62599,0.626217,0,0.00071,-0.000763,3.3e-05
2024.12.20 19:00,0.6262,0.62715,0.62615,0.62675,2481,0.62619,0.627235,0.626178,0.626806,0,0.000972,-0.001085,-5.6e-05
2024.12.20 20:00,0.62675,0.6269,0.62545,0.62545,2872,0.626767,0.627038,0.625539,0.625567,0,0.001361,-0.001588,-0.000117
2024.12.20 21:00,0.62545,0.62575,0.6251,0.6252,1851,0.625508,0.625861,0.625231,0.625313,0,0.000519,-0.000761,-0.000113
2024.12.23 00:00,0.6255,0.6257,0.6248,0.62485,2608,0.625489,0.625861,0.624859,0.624859,0,0.000841,-0.001061,-9e-06
2024.12.23 01:00,0.62485,0.62585,0.62445,0.62555,3937,0.624879,0.625939,0.624547,0.625587,0,0.001303,-0.001489,-3.7e-05
2024.12.23 02:00,0.6255,0.62605,0.62545,0.6259,1290,0.625567,0.626135,0.625508,0.625927,0,0.000542,-0.000685,-2.7e-05
2024.12.23 03:00,0.6259,0.626,0.62505,0.6251,995,0.625959,0.626135,0.625129,0.625168,0,0.000871,-0.001085,-6.8e-05
2024.12.23 04:00,0.6251,0.62595,0.62485,0.6259,1350,0.625168,0.626096,0.624918,0.625986,0,0.001032,-0.001246,-8.6e-05
2024.12.23 05:00,0.62595,0.6262,0.62565,0.62605,1612,0.62599,0.62626,0.625786,0.626119,0,0.000414,-0.00061,-6.9e-05
2024.12.23 06:00,0.62605,0.6264,0.6256,0.62585,1464,0.626158,0.626527,0.625688,0.625939,0,0.000712,-0.000927,-8.9e-05
2024.12.23 07:00,0.6258,0.62585,0.62465,0.6249,2219,0.625947,0.625947,0.624777,0.625016,0,0.001073,-0.001297,-0.000116
2024.12.23 08:00,0.62495,0.62575,0.6248,0.6257,2112,0.624918,0.625939,0.624898,0.625798,0,0.000852,-0.001139,-9.8e-05
2024.12.23 09:00,0.6257,0.6265,0.6257,0.6258,1760,0.625778,0.626645,0.62572,0.625947,0,0.00078,-0.000945,-0.000147
2024.12.23 10:00,0.6258,0.62595,0.62485,0.62485,1681,0.625927,0.626056,0.624938,0.624938,0,0.001012,-0.001206,-8.8e-05
2024.12.23 11:00,0.6249,0.62545,0.6242,0.62445,2389,0.62493,0.625587,0.624267,0.624508,0,0.001184,-0.001387,-5.8e-05
2024.12.23 12:00,0.6245,0.6245,0.62355,0.62405,1980,0.624578,0.624688,0.623597,0.624146,0,0.000903,-0.001138,-9.6e-05
2024.12.23 13:00,0.62405,0.6241,0.6229,0.62295,3769,0.62415,0.624298,0.622968,0.623057,0,0.001132,-0.001398,-0.000107
2024.12.23 14:00,0.62295,0.6234,0.6227,0.62295,2770,0.622987,0.623558,0.622789,0.622968,0,0.000611,-0.000858,-1.8e-05
2024.12.23 15:00,0.62295,0.62335,0.62195,0.6231,6639,0.623057,0.623379,0.622007,0.623138,0,0.001343,-0.001429,-3.8e-05
2024.12.23 16:00,0.6231,0.6244,0.6226,0.62425,4019,0.623138,0.624493,0.622677,0.624387,0,0.001723,-0.001893,-0.000137
2024.12.23 17:00,0.6243,0.6249,0.6243,0.6245,2396,0.624407,0.625,0.624387,0.624567,0,0.000513,-0.0007,-6.7e-05
2024.12.23 18:00,0.62445,0.6251,0.62445,0.62485,2213,0.624559,0.625195,0.624559,0.62491,0,0.000541,-0.000745,-6e-05
2024.12.23 19:00,0.6248,0.625,0.6244,0.62485,3627,0.624867,0.625117,0.624477,0.624949,0,0.000523,-0.000717,-9.9e-05
2024.12.23 20:00,0.62485,0.6253,0.6245,0.62505,2044,0.625086,0.625391,0.624567,0.625059,0,0.000733,-0.000891,-9e-06
2024.12.23 21:00,0.62495,0.6252,0.62475,0.62495,561,0.625008,0.625313,0.624859,0.625039,0,0.000341,-0.000563,-8.9e-05
2024.12.23 23:00,0.62465,0.6249,0.6244,0.62445,0,0.624867,0.625039,0.624457,0.624497,0,0.000443,-0.000639,-4.6e-05
2024.12.24 00:00,0.6244,0.62465,0.6239,0.62405,1259,0.624477,0.624571,0.623959,0.624087,0,0.000691,-0.000671,-3.7e-05
2024.12.24 01:00,0.6241,0.62415,0.6233,0.62375,1535,0.624189,0.624189,0.62336,0.623776,0,0.00079,-0.000889,-2.6e-05
2024.12.24 02:00,0.62375,0.62455,0.62305,0.62315,2094,0.623788,0.624649,0.623216,0.623259,0,0.001334,-0.001599,-0.000109
2024.12.24 03:00,0.6232,0.6238,0.62255,0.6237,1630,0.62322,0.623869,0.622588,0.623795,0,0.001212,-0.001319,-9.5e-05
2024.12.24 04:00,0.6238,0.62405,0.62345,0.62405,0,0.623908,0.624181,0.623546,0.624079,0,0.000504,-0.000731,-2.9e-05
2024.12.26 05:00,0.62415,0.62465,0.6238,0.6238,580,0.624037,0.624727,0.623877,0.623896,0,0.000773,-0.000927,-9.6e-05
2024.12.26 06:00,0.6238,0.624,0.62345,0.6236,921,0.623939,0.624103,0.623507,0.623628,0,0.000493,-0.000653,-2.8e-05
2024.12.26 07:00,0.6236,0.6238,0.6231,0.62375,875,0.623647,0.623908,0.623146,0.623799,0,0.000654,-0.000808,-4.9e-05
2024.12.26 08:00,0.62375,0.62375,0.62255,0.6227,1196,0.623846,0.623947,0.622677,0.622746,0,0.001073,-0.001397,-4.6e-05
2024.12.26 09:00,0.6226,0.62285,0.62235,0.6226,1008,0.622626,0.622975,0.622417,0.622719,0,0.000433,-0.000625,-0.000119
2024.12.26 10:00,0.6226,0.62335,0.62255,0.6232,1056,0.622743,0.623519,0.622665,0.623286,0,0.000685,-0.000969,-8.6e-05
2024.12.26 11:00,0.62315,0.62355,0.623,0.6235,482,0.623247,0.623714,0.623119,0.623527,0,0.000431,-0.000714,-2.7e-05
2024.12.26 12:00,0.62345,0.62345,0.6222,0.6225,1004,0.623507,0.623597,0.622336,0.622588,0,0.001114,-0.001397,-8.7e-05
2024.12.26 13:00,0.62255,0.62325,0.6225,0.62255,1859,0.622677,0.623403,0.622576,0.622607,0,0.000674,-0.000903,-5.7e-05
2024.12.26 14:00,0.6226,0.623,0.622,0.6223,2069,0.622607,0.623014,0.622069,0.622328,0,0.000932,-0.001014,-2.8e-05
2024.12.26 15:00,0.6223,0.62235,0.6216,0.62165,2540,0.622328,0.622394,0.621697,0.621759,0,0.000653,-0.000794,-0.000109
2024.12.26 16:00,0.62175,0.62255,0.62165,0.6225,1553,0.621767,0.622665,0.621709,0.622618,0,0.000841,-0.001015,-0.000118
2024.12.26 17:00,0.6225,0.62275,0.6218,0.62205,906,0.622595,0.62282,0.621805,0.622107,0,0.000944,-0.00102,-5.7e-05
2024.12.26 18:00,0.6221,0.623,0.6221,0.62255,1420,0.622158,0.623092,0.622146,0.622618,0,0.000854,-0.000992,-6.8e-05
2024.12.26 19:00,0.6225,0.6225,0.622,0.6222,2112,0.622518,0.622626,0.622115,0.622316,0,0.000385,-0.000626,-0.000116
2024.12.26 20:00,0.6222,0.6223,0.622,0.62225,1002,0.622266,0.622394,0.622057,0.622258,0,0.000243,-0.000394,-8e-06
2024.12.26 21:00,0.6223,0.6223,0.62205,0.62215,770,0.622289,0.622432,0.622127,0.622266,0,0.000174,-0.000382,-0.000116
2024.12.26 23:00,0.6218,0.6224,0.62165,0.62235,0,0.622049,0.622549,0.621775,0.622398,0,0.000625,-0.000899,-4.8e-05
2024.12.27 00:00,0.62235,0.62255,0.622,0.6223,1464,0.622436,0.622665,0.622045,0.622398,0,0.000505,-0.000665,-9.8e-05
2024.12.27 01:00,0.62235,0.62235,0.6217,0.62205,2019,0.622367,0.622394,0.621829,0.622127,0,0.000521,-0.000694,-7.7e-05
2024.12.27 02:00,0.62205,0.6222,0.6217,0.6219,1891,0.622057,0.622316,0.621767,0.621987,0,0.000433,-0.000616,-8.7e-05
2024.12.27 03:00,0.6219,0.62195,0.6213,0.62175,1274,0.62198,0.622045,0.621408,0.621798,0,0.000542,-0.000745,-4.8e-05
2024.12.27 04:00,0.62175,0.62185,0.621,0.6211,1197,0.621809,0.621968,0.621018,0.621099,0,0.000832,-0.000968,1e-06
2024.12.27 05:00,0.6211,0.62125,0.62055,0.62065,1020,0.621106,0.62135,0.620659,0.620667,0,0.000591,-0.0008,-1.7e-05
2024.12.27 06:00,0.6206,0.62195,0.6206,0.6219,1581,0.620698,0.622045,0.620698,0.621976,0,0.001252,-0.001445,-7.6e-05
2024.12.27 07:00,0.62185,0.6223,0.6215,0.62225,2164,0.62203,0.622432,0.621566,0.622258,0,0.000734,-0.000932,-8e-06
2024.12.27 08:00,0.6222,0.62265,0.62155,0.6219,2417,0.622227,0.622743,0.621659,0.621898,0,0.000991,-0.001193,2e-06
2024.12.27 09:00,0.62185,0.6219,0.6208,0.621,2045,0.621968,0.621968,0.620848,0.621068,0,0.001052,-0.001168,-6.8e-05
2024.12.27 10:00,0.62105,0.62125,0.6206,0.6211,1826,0.621049,0.62135,0.620659,0.621168,0,0.000591,-0.00075,-6.8e-05
2024.12.27 11:00,0.62115,0.62195,0.6211,0.6219,1342,0.621245,0.622123,0.62113,0.621937,0,0.00082,-0.001023,-3.7e-05
2024.12.27 12:00,0.62185,0.62265,0.6216,0.62215,3695,0.621929,0.622743,0.621678,0.62215,0,0.000972,-0.001143,0.0
2024.12.27 13:00,0.6221,0.62225,0.62145,0.62205,2528,0.622069,0.622316,0.621539,0.62203,0,0.000711,-0.000866,2e-05
2024.12.27 14:00,0.62205,0.6222,0.62105,0.62115,3408,0.622038,0.6222,0.621118,0.621218,0,0.001082,-0.00115,-6.8e-05
2024.12.27 15:00,0.6211,0.62185,0.6201,0.62135,7630,0.621207,0.621968,0.620209,0.62135,0,0.001641,-0.001868,0.0
2024.12.27 16:00,0.6214,0.62185,0.6207,0.62075,4381,0.621438,0.621929,0.620798,0.620836,0,0.001052,-0.001229,-8.6e-05
2024.12.27 17:00,0.6207,0.62085,0.6201,0.6207,3973,0.620729,0.620964,0.620197,0.620809,0,0.000653,-0.000864,-0.000109
2024.12.27 18:00,0.6207,0.6215,0.6207,0.62145,2344,0.620829,0.62162,0.620817,0.621547,0,0.000683,-0.00092,-9.6e-05
2024.12.27 19:00,0.62145,0.62205,0.6213,0.62195,2888,0.621496,0.622123,0.6214,0.621887,0,0.00065,-0.000823,6.3e-05
2024.12.27 20:00,0.62195,0.62195,0.6212,0.62165,2682,0.621898,0.622084,0.621326,0.621678,0,0.000624,-0.000884,-2.8e-05
2024.12.27 21:00,0.6216,0.6219,0.6215,0.6217,1130,0.621678,0.622045,0.621527,0.621736,0,0.000373,-0.000545,-3.6e-05
2024.12.30 00:00,0.6226,0.623,0.6221,0.62275,2419,0.622626,0.623131,0.622138,0.622789,0,0.000862,-0.001031,-3.9e-05
2024.12.30 01:00,0.62275,0.6234,0.6223,0.6232,1869,0.622937,0.62348,0.622367,0.623235,0,0.001033,-0.00118,-3.5e-05
2024.12.30 02:00,0.62325,0.6235,0.62295,0.62345,1346,0.623325,0.623636,0.623026,0.623515,0,0.000474,-0.000686,-6.5e-05
2024.12.30 03:00,0.62345,0.6243,0.6233,0.6243,2186,0.62348,0.624415,0.623399,0.624348,0,0.000901,-0.001115,-4.8e-05
2024.12.30 04:00,0.62425,0.62435,0.6239,0.62415,1171,0.624337,0.624454,0.623939,0.624107,0,0.000411,-0.000554,4.3e-05
2024.12.30 05:00,0.62405,0.6247,0.62405,0.6243,1046,0.624138,0.624746,0.624087,0.624337,0,0.000613,-0.000696,-3.7e-05
2024.12.30 06:00,0.62435,0.62475,0.6241,0.62415,1193,0.624329,0.624844,0.62415,0.624157,0,0.0006,-0.000744,-7e-06
2024.12.30 07:00,0.62415,0.62425,0.6236,0.62385,1332,0.624138,0.624337,0.62364,0.623908,0,0.00061,-0.000737,-5.8e-05
2024.12.30 08:00,0.6238,0.6238,0.62215,0.62225,2092,0.623647,0.62383,0.622208,0.622239,0,0.001592,-0.00168,1.1e-05
2024.12.30 09:00,0.6222,0.62285,0.62215,0.62245,2023,0.622208,0.623014,0.622189,0.622518,0,0.000661,-0.000864,-6.8e-05
2024.12.30 10:00,0.62245,0.6236,0.6223,0.6234,1819,0.62246,0.623714,0.622347,0.623457,0,0.001253,-0.001414,-5.7e-05
2024.12.30 11:00,0.6234,0.62435,0.6234,0.62415,1270,0.623438,0.624454,0.623418,0.624196,0,0.000932,-0.001054,-4.6e-05
2024.12.30 12:00,0.62415,0.6243,0.6236,0.62385,1313,0.624177,0.624415,0.62364,0.623819,0,0.00066,-0.000815,3.1e-05
2024.12.30 13:00,0.6238,0.62395,0.6217,0.62175,3548,0.623788,0.623986,0.621728,0.621809,0,0.002222,-0.002286,-5.9e-05
2024.12.30 14:00,0.62175,0.6226,0.6213,0.6222,5026,0.621628,0.622665,0.621377,0.622258,0,0.001223,-0.001365,-5.8e-05
2024.12.30 15:00,0.62215,0.62235,0.62025,0.6217,7513,0.622146,0.622355,0.620428,0.621798,0,0.001922,-0.002105,-9.8e-05
2024.12.30 16:00,0.62175,0.6221,0.62135,0.62175,7580,0.621786,0.622088,0.621396,0.621798,0,0.000704,-0.000738,-4.8e-05
2024.12.30 17:00,0.6218,0.6227,0.6216,0.62265,2027,0.62186,0.622708,0.621678,0.622708,0,0.001022,-0.001108,-5.8e-05
2024.12.30 18:00,0.62265,0.6234,0.6225,0.6232,2336,0.622708,0.623441,0.622549,0.623235,0,0.000851,-0.000941,-3.5e-05
2024.12.30 19:00,0.6232,0.6233,0.6224,0.6224,3100,0.623329,0.623441,0.622448,0.622448,0,0.000852,-0.001041,-4.8e-05
2024.12.30 20:00,0.62245,0.62295,0.6221,0.62215,2043,0.622409,0.623053,0.622169,0.622169,0,0.000781,-0.000953,-1.9e-05
2024.12.30 21:00,0.6222,0.6223,0.622,0.62225,978,0.622316,0.622394,0.622038,0.622258,0,0.000262,-0.000394,-8e-06
2024.12.30 23:00,0.622,0.622,0.62135,0.6219,0,0.621852,0.622084,0.621446,0.621937,0,0.000554,-0.000734,-3.7e-05
2024.12.31 00:00,0.6219,0.62195,0.62125,0.62185,1257,0.622045,0.622045,0.62128,0.62186,0,0.00067,-0.000795,-1e-05
2024.12.31 01:00,0.6219,0.6232,0.6217,0.62295,3617,0.62196,0.623247,0.62174,0.622917,0,0.00146,-0.001547,3.3e-05
2024.12.31 02:00,0.62295,0.623,0.622,0.6222,1504,0.622948,0.623092,0.622057,0.622219,0,0.000943,-0.001092,-1.9e-05
2024.12.31 03:00,0.6222,0.6222,0.62115,0.62145,1531,0.622189,0.622316,0.621187,0.621388,0,0.001013,-0.001166,6.2e-05
2024.12.31 04:00,0.6214,0.62175,0.62135,0.6217,0,0.621419,0.621891,0.621346,0.621717,0,0.000404,-0.000541,-1.7e-05
2024.12.31 05:00,0.6218,0.622,0.6215,0.6217,503,0.621775,0.622123,0.62157,0.621736,0,0.00043,-0.000623,-3.6e-05
2024.12.31 06:00,0.62175,0.62175,0.62085,0.6213,1109,0.621786,0.621891,0.620898,0.621307,0,0.000852,-0.001041,-7e-06
2024.12.31 07:00,0.6213,0.6226,0.621,0.6222,1983,0.621307,0.622665,0.621006,0.622239,0,0.001594,-0.001665,-3.9e-05
2024.12.31 08:00,0.6222,0.6222,0.62115,0.62155,1736,0.622177,0.622278,0.621157,0.621659,0,0.001043,-0.001128,-0.000109
2024.12.31 09:00,0.62155,0.6221,0.62125,0.62195,2067,0.621659,0.622138,0.621299,0.62196,0,0.000801,-0.000888,-1e-05
2024.12.31 10:00,0.6219,0.6219,0.621,0.6214,1384,0.621887,0.622007,0.621106,0.621458,0,0.000794,-0.001007,-5.8e-05
2024.12.31 11:00,0.62145,0.62165,0.62095,0.62115,1080,0.621496,0.621736,0.62101,0.621199,0,0.00064,-0.000786,-4.9e-05
2024.12.31 12:00,0.6212,0.6212,0.6201,0.6201,2690,0.621199,0.621311,0.620117,0.620117,0,0.001083,-0.001211,-1.7e-05
2024.12.31 13:00,0.6201,0.62025,0.6192,0.6201,6507,0.620078,0.620297,0.619256,0.620128,0,0.000994,-0.001097,-2.8e-05
2024.12.31 14:00,0.6201,0.6203,0.61955,0.61995,4076,0.620167,0.62029,0.619606,0.619917,0,0.000694,-0.00074,3.3e-05
2024.12.31 15:00,0.61995,0.62075,0.6191,0.6193,15703,0.620097,0.620771,0.619138,0.619276,0,0.001612,-0.001671,2.4e-05
2024.12.31 16:00,0.61935,0.6196,0.61825,0.6184,7716,0.619398,0.619502,0.618246,0.618406,0,0.001354,-0.001252,-6e-06
2024.12.31 17:00,0.6184,0.61875,0.618,0.6186,2509,0.618429,0.618774,0.618028,0.618578,0,0.000722,-0.000774,2.2e-05
2024.12.31 18:00,0.6186,0.6191,0.6184,0.6189,1836,0.618544,0.619195,0.61841,0.618938,0,0.00069,-0.000795,-3.8e-05
2024.12.31 19:00,0.6189,0.61935,0.6187,0.619,2510,0.619042,0.619425,0.618747,0.619007,0,0.000603,-0.000725,-7e-06
2024.12.31 20:00,0.619,0.61955,0.61895,0.61905,2108,0.619195,0.619617,0.619026,0.619038,0,0.000524,-0.000667,1.2e-05
2024.12.31 21:00,0.61905,0.61915,0.61885,0.61895,1022,0.619026,0.619233,0.618965,0.619046,0,0.000185,-0.000383,-9.6e-05
