time,futOpen,futHigh,futLow,futClose,futVolume,spotOpen,spotHigh,spotLow,spotClose,spotVolume,hiFP,loFP,fp
2025.01.02 05:00,1.2525,1.2527,1.2523,1.2525,386,1.253478,1.253588,1.253023,1.253306,0,-0.000323,-0.001288,-0.000805
2025.01.02 06:00,1.2525,1.2526,1.2521,1.2523,830,1.253196,1.253321,1.252866,1.253039,0,-0.000266,-0.001221,-0.000739
2025.01.02 07:00,1.2522,1.2527,1.2514,1.2515,2948,1.25307,1.253416,1.252144,1.252144,0,0.000556,-0.002016,-0.000644
2025.01.02 08:00,1.2515,1.2517,1.2485,1.2492,9240,1.25216,1.252254,1.249032,1.249953,0,0.002668,-0.003754,-0.000753
2025.01.02 09:00,1.2491,1.2496,1.2473,1.2476,4121,1.249922,1.250234,1.248159,1.248284,0,0.001441,-0.002934,-0.000684
2025.01.02 10:00,1.2476,1.2485,1.2439,1.2441,9778,1.248471,1.249188,1.244725,1.244725,0,0.003775,-0.005288,-0.000625
2025.01.02 11:00,1.2439,1.2448,1.2428,1.2447,10241,1.244648,1.245423,1.243642,1.245237,0,0.001158,-0.002623,-0.000537
2025.01.02 12:00,1.2447,1.245,1.2409,1.2414,7338,1.245671,1.245671,1.241681,1.241928,0,0.003319,-0.004771,-0.000528
2025.01.02 13:00,1.2414,1.2415,1.2389,1.2398,15438,1.241881,1.242113,1.240079,1.240525,0,0.001421,-0.003213,-0.000726
2025.01.02 14:00,1.2397,1.2404,1.2382,1.2392,13414,1.240372,1.240972,1.239234,1.239772,0,0.001166,-0.002772,-0.000572
2025.01.02 15:00,1.2392,1.2393,1.2363,1.2368,18042,1.239956,1.239956,1.23718,1.237471,0,0.00212,-0.003656,-0.000671
2025.01.02 16:00,1.2368,1.2372,1.2346,1.2368,18066,1.237624,1.237869,1.235834,1.237532,0,0.001366,-0.003269,-0.000732
2025.01.02 17:00,1.2367,1.2373,1.2354,1.2366,5866,1.237639,1.238007,1.236293,1.237333,0,0.001007,-0.002607,-0.000733
2025.01.02 18:00,1.2366,1.2369,1.236,1.2363,3913,1.237425,1.23767,1.236751,1.23692,0,0.000149,-0.00167,-0.00062
2025.01.02 19:00,1.2363,1.2371,1.2358,1.2362,5722,1.237027,1.237716,1.236583,1.23692,0,0.000517,-0.001916,-0.00072
2025.01.02 20:00,1.2362,1.2378,1.2362,1.2373,2287,1.237134,1.238574,1.237134,1.238114,0,0.000666,-0.002374,-0.000814
2025.01.02 21:00,1.2373,1.2376,1.2371,1.2372,919,1.238007,1.238237,1.237823,1.238145,0,-0.000223,-0.001137,-0.000945
2025.01.02 23:00,1.2372,1.2374,1.2369,1.2374,0,1.238053,1.238099,1.237409,1.23793,0,-9e-06,-0.001199,-0.00053
2025.01.03 00:00,1.2373,1.2381,1.2371,1.238,892,1.237976,1.238758,1.237884,1.238758,0,0.000216,-0.001658,-0.000758
2025.01.03 01:00,1.238,1.2383,1.2376,1.2379,1236,1.238728,1.23905,1.238359,1.238544,0,-5.9e-05,-0.00145,-0.000643
2025.01.03 02:00,1.2379,1.2385,1.2377,1.2384,2730,1.238513,1.239219,1.238497,1.239142,0,3e-06,-0.001519,-0.000742
2025.01.03 03:00,1.2385,1.2389,1.2384,1.2388,1867,1.239127,1.239618,1.239127,1.23948,0,-0.000227,-0.001218,-0.00068
2025.01.03 04:00,1.2387,1.2388,1.2384,1.2387,534,1.239434,1.239495,1.239173,1.239434,0,-0.000373,-0.001095,-0.000734
2025.01.03 05:00,1.2385,1.2391,1.238,1.2389,661,1.239449,1.239757,1.238697,1.239587,0,0.000403,-0.001757,-0.000687
2025.01.03 06:00,1.2389,1.2397,1.2388,1.2397,659,1.239572,1.240449,1.239557,1.240449,0,0.000143,-0.001649,-0.000749
2025.01.03 07:00,1.2396,1.24,1.2381,1.2393,4371,1.24031,1.240649,1.238896,1.240018,0,0.001104,-0.002549,-0.000718
2025.01.03 08:00,1.2394,1.24,1.2384,1.2388,4519,1.240433,1.240556,1.239296,1.239434,0,0.000704,-0.002156,-0.000634
2025.01.03 09:00,1.2387,1.241,1.2387,1.24,4374,1.239434,1.24165,1.239434,1.240618,0,0.001566,-0.00295,-0.000618
2025.01.03 10:00,1.2399,1.2402,1.238,1.2386,4877,1.240833,1.240833,1.238804,1.239219,0,0.001396,-0.002833,-0.000619
2025.01.03 11:00,1.2386,1.241,1.2386,1.2401,3172,1.239311,1.24165,1.239311,1.240849,0,0.001689,-0.00305,-0.000749
2025.01.03 12:00,1.2401,1.2406,1.2397,1.24,3183,1.240756,1.24128,1.240402,1.240726,0,0.000198,-0.00158,-0.000726
2025.01.03 13:00,1.24,1.2406,1.2393,1.2395,4237,1.24091,1.241218,1.239972,1.239972,0,0.000628,-0.001918,-0.000472
2025.01.03 14:00,1.2395,1.2407,1.2387,1.2405,9297,1.239987,1.241357,1.239495,1.241357,0,0.001205,-0.002657,-0.000857
2025.01.03 15:00,1.2405,1.2411,1.2381,1.2399,9441,1.240156,1.241696,1.238912,1.240295,0,0.002188,-0.003596,-0.000395
2025.01.03 16:00,1.2398,1.2412,1.2396,1.2411,4518,1.24031,1.241897,1.24031,1.241897,0,0.00089,-0.002297,-0.000797
2025.01.03 17:00,1.2411,1.2423,1.2409,1.2412,3793,1.241881,1.242977,1.24165,1.241866,0,0.00065,-0.002077,-0.000666
2025.01.03 18:00,1.2412,1.242,1.241,1.2414,1933,1.241958,1.242607,1.241619,1.242082,0,0.000381,-0.001606,-0.000682
2025.01.03 19:00,1.2413,1.2428,1.2412,1.2421,3534,1.241989,1.243363,1.241943,1.242931,0,0.000857,-0.002164,-0.000831
2025.01.03 20:00,1.2421,1.2428,1.2418,1.242,2462,1.242653,1.243487,1.242514,1.242668,0,0.000286,-0.001687,-0.000668
2025.01.03 21:00,1.242,1.2423,1.2414,1.2418,1448,1.242637,1.243008,1.242221,1.242282,0,8e-05,-0.001608,-0.000482
2025.01.06 00:00,1.2419,1.2426,1.2411,1.2424,1473,1.242514,1.243147,1.241897,1.243101,0,0.000703,-0.002047,-0.000701
2025.01.06 01:00,1.2424,1.2433,1.242,1.243,1537,1.242993,1.243889,1.242699,1.243611,0,0.000601,-0.001889,-0.000611
2025.01.06 02:00,1.2428,1.2436,1.2427,1.2433,941,1.243472,1.244183,1.243348,1.244091,0,0.000252,-0.001483,-0.000791
2025.01.06 03:00,1.2433,1.2434,1.2425,1.2429,450,1.243982,1.244153,1.243271,1.243565,0,0.000129,-0.001653,-0.000665
2025.01.06 04:00,1.243,1.2433,1.2426,1.2431,498,1.243626,1.243905,1.243317,1.24375,0,-1.7e-05,-0.001305,-0.00065
2025.01.06 05:00,1.2432,1.2438,1.243,1.243,928,1.243781,1.2444,1.243719,1.243812,0,8.1e-05,-0.0014,-0.000812
2025.01.06 06:00,1.2431,1.2442,1.243,1.2437,1595,1.243766,1.244679,1.243688,1.244323,0,0.000512,-0.001679,-0.000623
2025.01.06 07:00,1.2436,1.2451,1.2432,1.2447,2713,1.244214,1.245702,1.24392,1.245407,0,0.00118,-0.002502,-0.000708
2025.01.06 08:00,1.2446,1.2477,1.2446,1.2474,6168,1.245314,1.248159,1.245314,1.248081,0,0.002385,-0.003559,-0.000681
2025.01.06 09:00,1.2474,1.2485,1.2465,1.2469,6390,1.248097,1.248876,1.247272,1.247583,0,0.001228,-0.002376,-0.000683
2025.01.06 10:00,1.2469,1.2472,1.2457,1.2458,3283,1.247645,1.247707,1.246401,1.246448,0,0.000799,-0.002007,-0.000648
2025.01.06 11:00,1.2457,1.2542,1.245,1.2537,20901,1.246261,1.254501,1.245889,1.254359,0,0.008311,-0.009501,-0.000659
2025.01.06 12:00,1.2538,1.2545,1.252,1.2529,12149,1.254611,1.25502,1.252725,1.25373,0,0.001775,-0.00302,-0.00083
2025.01.06 13:00,1.253,1.2542,1.2515,1.2528,12415,1.253636,1.254737,1.25238,1.253306,0,0.00182,-0.003237,-0.000506
2025.01.06 14:00,1.2528,1.2531,1.2462,1.2506,35227,1.253604,1.253667,1.247209,1.251251,0,0.005891,-0.007467,-0.000651
2025.01.06 15:00,1.2506,1.2512,1.2487,1.2502,12676,1.251611,1.251658,1.249594,1.25097,0,0.001606,-0.002958,-0.000769
2025.01.06 16:00,1.2499,1.2528,1.2498,1.2521,11028,1.250876,1.2534,1.250688,1.252787,0,0.002112,-0.0036,-0.000687
2025.01.06 17:00,1.252,1.2521,1.2496,1.2512,5602,1.252678,1.252678,1.250344,1.251815,0,0.001756,-0.003078,-0.000615
2025.01.06 18:00,1.2512,1.2514,1.2499,1.2502,3616,1.251987,1.251987,1.250704,1.25086,0,0.000696,-0.002087,-0.00066
2025.01.06 19:00,1.2501,1.2509,1.2497,1.2507,2828,1.250719,1.251486,1.250391,1.251173,0,0.000509,-0.001786,-0.000473
2025.01.06 20:00,1.2506,1.2515,1.2505,1.2513,2419,1.251204,1.252223,1.251204,1.251972,0,0.000296,-0.001723,-0.000672
2025.01.06 21:00,1.2513,1.2518,1.2511,1.2515,850,1.251956,1.252442,1.251815,1.25205,0,-1.5e-05,-0.001342,-0.00055
2025.01.06 23:00,1.2515,1.2515,1.2504,1.2504,0,1.252003,1.252003,1.251016,1.251063,0,0.000484,-0.001603,-0.000664
2025.01.07 00:00,1.2504,1.2509,1.2498,1.2507,823,1.251079,1.251408,1.250469,1.251236,0,0.000431,-0.001608,-0.000536
2025.01.07 01:00,1.2506,1.2517,1.25,1.2513,1547,1.251267,1.252332,1.250704,1.251987,0,0.000996,-0.002332,-0.000687
2025.01.07 02:00,1.2514,1.2519,1.251,1.2514,998,1.252035,1.252427,1.251752,1.25205,0,0.000147,-0.001427,-0.00065
2025.01.07 03:00,1.2513,1.2526,1.251,1.2526,483,1.252003,1.253211,1.251768,1.253211,0,0.000832,-0.002211,-0.000611
2025.01.07 04:00,1.2528,1.2528,1.2523,1.2525,0,1.253463,1.253541,1.252944,1.253227,0,-0.000144,-0.001241,-0.000727
2025.01.07 05:00,1.2524,1.2536,1.2524,1.2531,507,1.253196,1.25428,1.253023,1.253824,0,0.000577,-0.00188,-0.000724
2025.01.07 06:00,1.2532,1.254,1.2528,1.2532,1777,1.253871,1.254611,1.253683,1.253808,0,0.000317,-0.001811,-0.000608
2025.01.07 07:00,1.2532,1.2557,1.2531,1.2546,5001,1.253856,1.256329,1.253856,1.255367,0,0.001844,-0.003229,-0.000767
2025.01.07 08:00,1.2546,1.2555,1.2526,1.2555,3927,1.255288,1.255729,1.253368,1.255729,0,0.002132,-0.003129,-0.000229
2025.01.07 09:00,1.2555,1.257,1.2554,1.2557,4447,1.256202,1.257577,1.256108,1.256439,0,0.000892,-0.002177,-0.000739
2025.01.07 10:00,1.2557,1.2563,1.2549,1.2553,2975,1.256297,1.256866,1.255603,1.255808,0,0.000697,-0.001966,-0.000508
2025.01.07 11:00,1.2553,1.2554,1.2529,1.2534,2211,1.255934,1.255934,1.253494,1.254154,0,0.001906,-0.003034,-0.000754
2025.01.07 12:00,1.2534,1.2538,1.2518,1.2521,3823,1.254186,1.254501,1.252521,1.252521,0,0.001279,-0.002701,-0.000421
2025.01.07 13:00,1.2521,1.2542,1.2518,1.2536,6709,1.252615,1.254863,1.252615,1.253934,0,0.001585,-0.003063,-0.000334
2025.01.07 14:00,1.2537,1.2538,1.2521,1.2529,5012,1.254264,1.254296,1.252882,1.252882,0,0.000918,-0.002196,1.8e-05
2025.01.07 15:00,1.2529,1.2529,1.2474,1.2491,17784,1.251016,1.251032,1.248424,1.249625,0,0.004476,-0.003632,-0.000525
2025.01.07 16:00,1.2491,1.2499,1.2478,1.249,10266,1.249844,1.250438,1.248471,1.249407,0,0.001429,-0.002638,-0.000407
2025.01.07 17:00,1.249,1.2501,1.2483,1.2494,5319,1.249719,1.250688,1.24925,1.250234,0,0.00085,-0.002388,-0.000834
2025.01.07 18:00,1.2494,1.2498,1.2479,1.2484,2997,1.250047,1.250328,1.248471,1.248829,0,0.001329,-0.002428,-0.000429
2025.01.07 19:00,1.2482,1.2489,1.248,1.2484,2624,1.248892,1.249469,1.24872,1.24897,0,0.00018,-0.001469,-0.00057
2025.01.07 20:00,1.2484,1.2485,1.2473,1.2474,2389,1.249094,1.249094,1.247988,1.248019,0,0.000512,-0.001794,-0.000619
2025.01.07 21:00,1.2474,1.2474,1.247,1.247,715,1.248019,1.24805,1.247754,1.247754,0,-0.000354,-0.00105,-0.000754
2025.01.07 23:00,1.2471,1.2473,1.2467,1.247,0,1.247661,1.247847,1.247396,1.247754,0,-9.6e-05,-0.001147,-0.000754
2025.01.08 00:00,1.2471,1.2478,1.2471,1.2473,893,1.247661,1.248377,1.24763,1.247879,0,0.00017,-0.001277,-0.000579
2025.01.08 01:00,1.2472,1.2479,1.247,1.2479,825,1.24791,1.24858,1.247521,1.24858,0,0.000379,-0.00158,-0.00068
2025.01.08 02:00,1.248,1.2483,1.2479,1.2481,641,1.248564,1.248876,1.248455,1.248704,0,-0.000155,-0.000976,-0.000604
2025.01.08 03:00,1.248,1.2481,1.2473,1.2473,1015,1.248658,1.248767,1.247941,1.248034,0,0.000159,-0.001467,-0.000734
2025.01.08 04:00,1.2473,1.2478,1.2473,1.2476,467,1.247894,1.248471,1.247879,1.248253,0,-7.9e-05,-0.001171,-0.000653
2025.01.08 05:00,1.2474,1.2483,1.2473,1.2483,362,1.248299,1.248923,1.247972,1.248845,0,0.000328,-0.001623,-0.000545
2025.01.08 06:00,1.2484,1.2488,1.2479,1.2484,1232,1.24886,1.249375,1.24872,1.249032,0,8e-05,-0.001475,-0.000632
2025.01.08 07:00,1.2483,1.2483,1.2458,1.2463,4312,1.248876,1.248876,1.246556,1.246743,0,0.001744,-0.003076,-0.000443
2025.01.08 08:00,1.2462,1.2465,1.2436,1.2436,6730,1.246867,1.247116,1.244292,1.244385,0,0.002208,-0.003516,-0.000785
2025.01.08 09:00,1.2435,1.2449,1.2434,1.2444,3310,1.2444,1.245361,1.24423,1.244958,0,0.00067,-0.001961,-0.000558
2025.01.08 10:00,1.2445,1.2446,1.2435,1.2442,2159,1.245051,1.245191,1.24423,1.24471,0,0.00037,-0.001691,-0.00051
2025.01.08 11:00,1.2441,1.2442,1.2319,1.2366,46531,1.244756,1.244756,1.232954,1.236904,0,0.011246,-0.012856,-0.000304
2025.01.08 12:00,1.2366,1.2367,1.2315,1.2331,16878,1.237164,1.237164,1.232271,1.233837,0,0.004429,-0.005664,-0.000737
2025.01.08 13:00,1.233,1.2353,1.2317,1.2349,25383,1.234431,1.235788,1.23259,1.235743,0,0.00271,-0.004089,-0.000843
2025.01.08 14:00,1.235,1.236,1.2318,1.2321,13179,1.236048,1.23643,1.232529,1.233015,0,0.003471,-0.00463,-0.000915
2025.01.08 15:00,1.2321,1.2347,1.2321,1.2337,16241,1.232894,1.235315,1.232894,1.234111,0,0.001806,-0.003215,-0.000411
2025.01.08 16:00,1.2336,1.2362,1.2328,1.236,13190,1.234339,1.236721,1.233487,1.236675,0,0.002713,-0.003921,-0.000675
2025.01.08 17:00,1.236,1.2362,1.2332,1.234,5616,1.236614,1.236751,1.233974,1.234705,0,0.002226,-0.003551,-0.000705
2025.01.08 18:00,1.234,1.236,1.234,1.2352,3225,1.234659,1.236705,1.234659,1.235727,0,0.001341,-0.002705,-0.000527
2025.01.08 19:00,1.2352,1.2371,1.2348,1.2351,4572,1.235682,1.237762,1.235544,1.235773,0,0.001556,-0.002962,-0.000673
2025.01.08 20:00,1.2351,1.2358,1.2346,1.2356,2963,1.235788,1.236491,1.235285,1.236293,0,0.000515,-0.001891,-0.000693
2025.01.08 21:00,1.2357,1.236,1.2354,1.2356,0,1.236369,1.23666,1.236125,1.236338,0,-0.000125,-0.00126,-0.000739
2025.01.08 23:00,1.2356,1.2358,1.2352,1.2353,711,1.236231,1.236369,1.235865,1.235956,0,-6.5e-05,-0.001169,-0.000656
2025.01.09 00:00,1.2352,1.2355,1.2342,1.2351,1421,1.235956,1.236094,1.234812,1.235743,0,0.000688,-0.001894,-0.000643
2025.01.09 01:00,1.2351,1.2357,1.235,1.2354,899,1.235819,1.236308,1.235575,1.235972,0,0.000125,-0.001308,-0.000572
2025.01.09 02:00,1.2353,1.236,1.2353,1.2355,832,1.235956,1.236522,1.235895,1.236079,0,0.000105,-0.001222,-0.000579
2025.01.09 03:00,1.2354,1.2357,1.2338,1.2339,1232,1.236063,1.236262,1.234507,1.234568,0,0.001193,-0.002462,-0.000668
2025.01.09 04:00,1.2338,1.2339,1.2327,1.2329,927,1.234492,1.234522,1.233304,1.233395,0,0.000596,-0.001822,-0.000495
2025.01.09 05:00,1.2332,1.2335,1.2324,1.2326,1537,1.233456,1.234141,1.23303,1.233122,0,0.00047,-0.001741,-0.000522
2025.01.09 06:00,1.2326,1.2327,1.2287,1.229,10140,1.233167,1.233228,1.22974,1.229861,0,0.00296,-0.004528,-0.000861
2025.01.09 07:00,1.229,1.2303,1.2247,1.2253,16192,1.229362,1.230709,1.22564,1.22564,0,0.00466,-0.006009,-0.00034
2025.01.09 08:00,1.2254,1.2289,1.2234,1.2282,16080,1.225971,1.229317,1.224575,1.228562,0,0.004325,-0.005917,-0.000362
2025.01.09 09:00,1.2283,1.23,1.2272,1.2277,9939,1.22903,1.230209,1.227838,1.22826,0,0.002162,-0.003009,-0.00056
2025.01.09 10:00,1.2276,1.2286,1.2246,1.228,13227,1.228215,1.228848,1.226076,1.228501,0,0.002524,-0.004248,-0.000501
2025.01.09 11:00,1.2279,1.2295,1.2267,1.2283,7954,1.228516,1.230088,1.227416,1.228758,0,0.002084,-0.003388,-0.000458
2025.01.09 12:00,1.2283,1.2289,1.2265,1.2288,6001,1.228969,1.229453,1.22719,1.229271,0,0.00171,-0.002953,-0.000471
2025.01.09 13:00,1.2288,1.2318,1.2283,1.2295,13420,1.229332,1.232286,1.228894,1.229982,0,0.002906,-0.003986,-0.000482
2025.01.09 14:00,1.2295,1.2309,1.2289,1.2309,9262,1.230239,1.231421,1.229649,1.231421,0,0.001251,-0.002521,-0.000521
2025.01.09 15:00,1.2309,1.2311,1.229,1.2297,7695,1.231451,1.231633,1.229695,1.230285,0,0.001405,-0.002633,-0.000585
2025.01.09 16:00,1.2297,1.2298,1.2282,1.2296,7761,1.23036,1.23036,1.228999,1.230012,0,0.0008,-0.00216,-0.000412
2025.01.09 17:00,1.2296,1.2307,1.2293,1.2296,4907,1.230088,1.231224,1.229922,1.230133,0,0.000778,-0.001924,-0.000533
2025.01.09 18:00,1.2295,1.2304,1.2292,1.2301,4783,1.230027,1.230936,1.22977,1.230663,0,0.00063,-0.001736,-0.000563
2025.01.09 19:00,1.2301,1.2309,1.2297,1.2303,3408,1.2308,1.231254,1.230421,1.231239,0,0.000479,-0.001554,-0.000939
2025.01.09 20:00,1.2303,1.231,1.2303,1.2306,1217,1.230981,1.231527,1.23083,1.231163,0,0.00017,-0.001227,-0.000563
2025.01.09 21:00,1.2305,1.2306,1.2301,1.2302,1317,1.230921,1.231133,1.230739,1.2308,0,-0.000139,-0.001033,-0.0006
2025.01.09 23:00,1.2303,1.2305,1.2293,1.2294,0,1.230648,1.231118,1.229861,1.229861,0,0.000639,-0.001818,-0.000461
2025.01.10 00:00,1.2295,1.23,1.229,1.2292,2136,1.229937,1.230542,1.229483,1.229785,0,0.000517,-0.001542,-0.000585
2025.01.10 01:00,1.2292,1.2303,1.2291,1.2298,2059,1.22974,1.230815,1.229619,1.230315,0,0.000681,-0.001715,-0.000515
2025.01.10 02:00,1.2298,1.2303,1.2296,1.23,825,1.230466,1.2308,1.230118,1.230527,0,0.000182,-0.0012,-0.000527
2025.01.10 03:00,1.2299,1.23,1.2295,1.2296,791,1.230527,1.230603,1.230194,1.230194,0,-0.000194,-0.001103,-0.000594
2025.01.10 04:00,1.2297,1.2298,1.2286,1.2289,603,1.230118,1.230391,1.229226,1.229468,0,0.000574,-0.001791,-0.000568
2025.01.10 05:00,1.2286,1.2291,1.2269,1.2272,2787,1.229438,1.229634,1.227521,1.227521,0,0.001579,-0.002734,-0.000321
2025.01.10 06:00,1.2272,1.2277,1.2262,1.2264,2910,1.227732,1.228139,1.227039,1.227039,0,0.000661,-0.001939,-0.000639
2025.01.10 07:00,1.2264,1.2289,1.2263,1.2285,3991,1.227024,1.229332,1.226964,1.228999,0,0.001936,-0.003032,-0.000499
2025.01.10 08:00,1.2285,1.2299,1.2279,1.2283,5434,1.229045,1.230133,1.228531,1.228909,0,0.001369,-0.002233,-0.000609
2025.01.10 09:00,1.2283,1.2303,1.228,1.2297,8075,1.228909,1.230769,1.228516,1.230254,0,0.001784,-0.002769,-0.000554
2025.01.10 10:00,1.2298,1.2298,1.2285,1.229,4330,1.230224,1.230345,1.228999,1.229589,0,0.0008,-0.001845,-0.000589
2025.01.10 11:00,1.2289,1.2301,1.2284,1.2297,4722,1.229468,1.230618,1.228803,1.230406,0,0.001297,-0.002218,-0.000706
2025.01.10 12:00,1.2298,1.2314,1.2295,1.2311,5833,1.230376,1.231922,1.230043,1.231664,0,0.001357,-0.002421,-0.000564
2025.01.10 13:00,1.2311,1.2316,1.2187,1.2227,31996,1.23177,1.232134,1.219795,1.222838,0,0.011805,-0.013434,-0.000138
2025.01.10 14:00,1.2226,1.225,1.2215,1.2237,19554,1.223137,1.22531,1.22212,1.22438,0,0.00288,-0.00381,-0.00068
2025.01.10 15:00,1.2237,1.2258,1.2217,1.2225,16337,1.223541,1.226031,1.222628,1.223271,0,0.003172,-0.004331,-0.000772
2025.01.10 16:00,1.2225,1.2226,1.219,1.2207,17562,1.222972,1.222972,1.219676,1.22112,0,0.002924,-0.003972,-0.00042
2025.01.10 17:00,1.2207,1.2226,1.22,1.2217,5545,1.221285,1.223077,1.220524,1.222285,0,0.002076,-0.003077,-0.000585
2025.01.10 18:00,1.2217,1.2218,1.2202,1.2209,7784,1.22224,1.222315,1.220748,1.221389,0,0.001052,-0.002115,-0.000489
2025.01.10 19:00,1.2208,1.2212,1.2199,1.2205,4543,1.221285,1.221613,1.220584,1.22118,0,0.000616,-0.001713,-0.00068
2025.01.10 20:00,1.2205,1.2206,1.2197,1.2204,3011,1.221061,1.221091,1.220271,1.220852,0,0.000329,-0.001391,-0.000452
2025.01.10 21:00,1.2205,1.221,1.2201,1.2204,1536,1.220927,1.221389,1.220658,1.220912,0,0.000342,-0.001289,-0.000512
2025.01.13 00:00,1.2199,1.2202,1.2189,1.2196,2096,1.220539,1.220688,1.219393,1.220167,0,0.000807,-0.001788,-0.000567
2025.01.13 01:00,1.2196,1.2203,1.2185,1.2187,2533,1.220167,1.220733,1.218933,1.219215,0,0.001367,-0.002233,-0.000515
2025.01.13 02:00,1.2186,1.2188,1.2176,1.2177,3075,1.219111,1.219304,1.218175,1.21819,0,0.000625,-0.001704,-0.00049
2025.01.13 03:00,1.2177,1.2177,1.2133,1.214,6172,1.218131,1.218131,1.213946,1.214241,0,0.003754,-0.004831,-0.000241
2025.01.13 04:00,1.214,1.2153,1.2122,1.2134,4112,1.214565,1.215687,1.212827,1.213813,0,0.002473,-0.003487,-0.000413
2025.01.13 05:00,1.2134,1.2145,1.2126,1.2142,2272,1.21371,1.214964,1.213121,1.214742,0,0.001379,-0.002364,-0.000542
2025.01.13 06:00,1.2143,1.2156,1.2137,1.2139,3318,1.215141,1.215983,1.214226,1.214432,0,0.001374,-0.002283,-0.000532
2025.01.13 07:00,1.2138,1.215,1.2119,1.2134,8243,1.214285,1.215436,1.212547,1.213857,0,0.002453,-0.003536,-0.000457
2025.01.13 08:00,1.2133,1.2166,1.2131,1.2131,13656,1.214285,1.217123,1.21371,1.21371,0,0.00289,-0.004023,-0.00061
2025.01.13 09:00,1.2131,1.2135,1.2096,1.2102,12909,1.213828,1.214388,1.210361,1.210771,0,0.003139,-0.004788,-0.000571
2025.01.13 10:00,1.2101,1.2128,1.2101,1.2127,6039,1.210874,1.213386,1.210874,1.213342,0,0.001926,-0.003286,-0.000642
2025.01.13 11:00,1.2126,1.2131,1.2105,1.2106,7122,1.213489,1.213489,1.211152,1.211284,0,0.001948,-0.002989,-0.000684
2025.01.13 12:00,1.2105,1.2127,1.2095,1.2118,9357,1.21146,1.213209,1.210126,1.212268,0,0.002574,-0.003709,-0.000468
2025.01.13 13:00,1.2117,1.2149,1.2107,1.2137,12675,1.212239,1.215229,1.211226,1.2143,0,0.003674,-0.004529,-0.0006
2025.01.13 14:00,1.2136,1.2148,1.2127,1.2145,8739,1.214064,1.215185,1.213312,1.215111,0,0.001488,-0.002485,-0.000611
2025.01.13 15:00,1.2146,1.2155,1.2134,1.2146,10508,1.214978,1.21582,1.214005,1.215303,0,0.001495,-0.00242,-0.000703
2025.01.13 16:00,1.2146,1.2165,1.2138,1.2151,10850,1.215052,1.216811,1.214418,1.215702,0,0.002082,-0.003011,-0.000602
2025.01.13 17:00,1.2151,1.217,1.2151,1.2169,5694,1.215732,1.217478,1.215732,1.217404,0,0.001268,-0.002378,-0.000504
2025.01.13 18:00,1.2169,1.2178,1.2159,1.2174,6828,1.217537,1.218235,1.216427,1.218027,0,0.001373,-0.002335,-0.000627
2025.01.13 19:00,1.2174,1.2175,1.2159,1.2162,4730,1.217775,1.217982,1.216589,1.216797,0,0.000911,-0.002082,-0.000597
2025.01.13 20:00,1.2163,1.2174,1.2161,1.2171,3033,1.216693,1.217878,1.216693,1.217597,0,0.000707,-0.001778,-0.000497
2025.01.13 21:00,1.2172,1.2199,1.2171,1.2196,6258,1.217775,1.220569,1.2177,1.220405,0,0.0022,-0.003469,-0.000805
2025.01.13 23:00,1.2229,1.2246,1.2212,1.2226,0,1.223287,1.224785,1.221852,1.223197,0,0.002748,-0.003585,-0.000597
2025.01.14 00:00,1.2226,1.2227,1.2202,1.2206,3472,1.223092,1.223092,1.220807,1.22112,0,0.001893,-0.002892,-0.00052
2025.01.14 01:00,1.2204,1.2209,1.22,1.2206,2049,1.220867,1.221359,1.220584,1.22121,0,0.000316,-0.001359,-0.00061
2025.01.14 02:00,1.2206,1.2207,1.2187,1.2197,1665,1.22115,1.221165,1.219319,1.220301,0,0.001381,-0.002465,-0.000601
2025.01.14 03:00,1.2197,1.2213,1.2195,1.2205,1984,1.220063,1.221807,1.220063,1.220971,0,0.001237,-0.002307,-0.000471
2025.01.14 04:00,1.2204,1.2211,1.2196,1.2206,0,1.220882,1.221553,1.220167,1.221001,0,0.000933,-0.001953,-0.000401
2025.01.14 05:00,1.2199,1.2206,1.2193,1.2197,578,1.220986,1.221285,1.219884,1.220167,0,0.000716,-0.001984,-0.000467
2025.01.14 06:00,1.2198,1.2208,1.2198,1.2208,4091,1.220554,1.221314,1.220361,1.221314,0,0.00044,-0.001514,-0.000514
2025.01.14 07:00,1.2209,1.2224,1.2199,1.2205,8217,1.222046,1.222613,1.220539,1.221031,0,0.001861,-0.002713,-0.000531
2025.01.14 08:00,1.2205,1.2241,1.2202,1.2208,12562,1.220942,1.224335,1.220942,1.221255,0,0.003158,-0.004135,-0.000455
2025.01.14 09:00,1.2208,1.2208,1.2171,1.2174,7899,1.220927,1.220986,1.217849,1.218012,0,0.002951,-0.003886,-0.000612
2025.01.14 10:00,1.2173,1.2184,1.2169,1.2183,6527,1.217641,1.218992,1.217493,1.218724,0,0.000907,-0.002092,-0.000425
2025.01.14 11:00,1.2182,1.2188,1.2165,1.2172,3402,1.218591,1.219319,1.217123,1.217745,0,0.001677,-0.002819,-0.000545
2025.01.14 12:00,1.2171,1.2174,1.215,1.2159,7322,1.217908,1.217908,1.215658,1.216308,0,0.001742,-0.002908,-0.000408
2025.01.14 13:00,1.2159,1.2178,1.2133,1.2148,22910,1.216293,1.217804,1.214064,1.215421,0,0.003736,-0.004504,-0.000621
2025.01.14 14:00,1.2148,1.2172,1.2136,1.2151,11991,1.215214,1.217463,1.214432,1.215865,0,0.002768,-0.003863,-0.000765
2025.01.14 15:00,1.2151,1.2197,1.2151,1.2196,16374,1.215968,1.220137,1.215968,1.219959,0,0.003732,-0.005037,-0.000359
2025.01.14 16:00,1.2195,1.2208,1.2172,1.218,12154,1.21981,1.221165,1.217775,1.218635,0,0.003025,-0.003965,-0.000635
2025.01.14 17:00,1.218,1.2181,1.2164,1.218,3809,1.218383,1.218546,1.21696,1.218546,0,0.00114,-0.002146,-0.000546
2025.01.14 18:00,1.218,1.2204,1.2179,1.2202,3735,1.218487,1.220897,1.218487,1.220673,0,0.001913,-0.002997,-0.000473
2025.01.14 19:00,1.2201,1.2206,1.2191,1.2195,3398,1.220569,1.221061,1.219735,1.219929,0,0.000865,-0.001961,-0.000429
2025.01.14 20:00,1.2194,1.2204,1.219,1.22,2440,1.220033,1.220927,1.219631,1.220554,0,0.000769,-0.001927,-0.000554
2025.01.14 21:00,1.22,1.2212,1.22,1.2209,947,1.22051,1.221673,1.220495,1.221613,0,0.000705,-0.001673,-0.000713
2025.01.14 23:00,1.221,1.2211,1.22,1.2206,0,1.221464,1.221464,1.220599,1.221091,0,0.000501,-0.001464,-0.000491
2025.01.15 00:00,1.2206,1.2206,1.2195,1.2198,834,1.221031,1.221031,1.220063,1.220375,0,0.000537,-0.001531,-0.000575
2025.01.15 01:00,1.2198,1.2204,1.2194,1.2195,979,1.220375,1.220971,1.219973,1.220033,0,0.000427,-0.001571,-0.000533
2025.01.15 02:00,1.2196,1.2196,1.2188,1.2192,694,1.219988,1.219988,1.219363,1.219706,0,0.000237,-0.001188,-0.000506
2025.01.15 03:00,1.2191,1.2199,1.219,1.2199,303,1.219646,1.220465,1.219646,1.22045,0,0.000254,-0.001465,-0.00055
2025.01.15 04:00,1.2198,1.2199,1.2195,1.2199,354,1.220316,1.220435,1.219959,1.22042,0,-5.9e-05,-0.000935,-0.00052
2025.01.15 05:00,1.2196,1.2203,1.2194,1.2194,593,1.220316,1.220763,1.219839,1.219959,0,0.000461,-0.001363,-0.000558
2025.01.15 06:00,1.2194,1.22,1.2188,1.2193,1829,1.219914,1.220524,1.219468,1.219899,0,0.000532,-0.001724,-0.000599
2025.01.15 07:00,1.2192,1.2236,1.2156,1.2229,24973,1.221076,1.22399,1.217493,1.223301,0,0.006107,-0.00839,-0.000401
2025.01.15 08:00,1.2229,1.2236,1.2199,1.2202,8908,1.222658,1.223646,1.22045,1.220614,0,0.00315,-0.003746,-0.000414
2025.01.15 09:00,1.2201,1.2221,1.2196,1.2214,5993,1.220822,1.22227,1.220078,1.222046,0,0.002022,-0.00267,-0.000646
2025.01.15 10:00,1.2214,1.2226,1.2212,1.2223,4226,1.221837,1.222913,1.221777,1.222778,0,0.000823,-0.001713,-0.000478
2025.01.15 11:00,1.2222,1.2226,1.2216,1.222,3280,1.222927,1.223122,1.222105,1.222539,0,0.000495,-0.001522,-0.000539
2025.01.15 12:00,1.222,1.2221,1.2198,1.2209,4338,1.22224,1.222419,1.220241,1.221329,0,0.001859,-0.002619,-0.000429
2025.01.15 13:00,1.2209,1.2303,1.2207,1.2294,27475,1.221673,1.230376,1.221359,1.230103,0,0.008941,-0.009676,-0.000703
2025.01.15 14:00,1.2295,1.2302,1.2259,1.2264,21392,1.229922,1.230254,1.226828,1.226828,0,0.003372,-0.004354,-0.000428
2025.01.15 15:00,1.2263,1.2272,1.224,1.2254,13842,1.226437,1.227506,1.224605,1.225866,0,0.002595,-0.003506,-0.000466
2025.01.15 16:00,1.2253,1.2255,1.2189,1.2207,21622,1.2257,1.225806,1.220182,1.221195,0,0.005318,-0.006906,-0.000495
2025.01.15 17:00,1.2208,1.2223,1.2206,1.221,4844,1.221285,1.222793,1.22112,1.22112,0,0.00118,-0.002193,-0.000121
2025.01.15 18:00,1.2211,1.2225,1.2209,1.2224,4518,1.221568,1.222927,1.221389,1.222913,0,0.001111,-0.002027,-0.000513
2025.01.15 19:00,1.2224,1.2228,1.222,1.2226,2900,1.222972,1.223182,1.222509,1.223122,0,0.000291,-0.001182,-0.000522
2025.01.15 20:00,1.2226,1.2241,1.2225,1.2239,3670,1.223092,1.2245,1.222987,1.22435,0,0.001113,-0.002,-0.00045
2025.01.15 21:00,1.2238,1.224,1.223,1.2238,3108,1.22423,1.22447,1.223526,1.22432,0,0.000474,-0.00147,-0.00052
2025.01.15 23:00,1.2236,1.224,1.223,1.2239,0,1.224095,1.224335,1.223481,1.22432,0,0.000519,-0.001335,-0.00042
2025.01.16 00:00,1.2239,1.2245,1.2228,1.2242,1717,1.224215,1.2248,1.223346,1.224665,0,0.001154,-0.002,-0.000465
2025.01.16 01:00,1.2242,1.2243,1.2223,1.2225,1082,1.224545,1.224605,1.222823,1.222898,0,0.001477,-0.002305,-0.000398
2025.01.16 02:00,1.2226,1.223,1.2216,1.2219,1181,1.223017,1.223047,1.222105,1.222345,0,0.000895,-0.001447,-0.000445
2025.01.16 03:00,1.2219,1.2223,1.2218,1.2223,548,1.222285,1.222703,1.22224,1.222643,0,6e-05,-0.000903,-0.000343
2025.01.16 04:00,1.2223,1.2228,1.2213,1.2214,843,1.222628,1.223137,1.221673,1.221747,0,0.001127,-0.001837,-0.000347
2025.01.16 05:00,1.2214,1.2214,1.2203,1.2206,623,1.221837,1.221837,1.220807,1.220957,0,0.000593,-0.001537,-0.000357
2025.01.16 06:00,1.2206,1.2217,1.2206,1.2217,2293,1.221076,1.222225,1.220927,1.222076,0,0.000773,-0.001625,-0.000376
2025.01.16 07:00,1.2216,1.2223,1.2197,1.2215,5399,1.220331,1.222658,1.220241,1.221941,0,0.002059,-0.002958,-0.000441
2025.01.16 08:00,1.2216,1.2219,1.2193,1.2202,4535,1.222031,1.222076,1.219691,1.220569,0,0.002209,-0.002776,-0.000369
2025.01.16 09:00,1.2202,1.2205,1.2186,1.2193,6439,1.220495,1.221135,1.219096,1.21975,0,0.001404,-0.002535,-0.00045
2025.01.16 10:00,1.2193,1.2205,1.2188,1.2198,3329,1.219765,1.220852,1.219453,1.220152,0,0.001047,-0.002052,-0.000352
2025.01.16 11:00,1.2198,1.2209,1.2198,1.2206,3243,1.220286,1.22127,1.220197,1.221016,0,0.000703,-0.00147,-0.000416
2025.01.16 12:00,1.2204,1.2208,1.2188,1.2193,3760,1.220763,1.22118,1.219274,1.219691,0,0.001526,-0.00238,-0.000391
2025.01.16 13:00,1.2194,1.2203,1.2171,1.2194,12461,1.219795,1.219795,1.218249,1.219557,0,0.002051,-0.002695,-0.000157
2025.01.16 14:00,1.2194,1.2199,1.2173,1.2194,7811,1.219914,1.220197,1.217789,1.21978,0,0.002111,-0.002897,-0.00038
2025.01.16 15:00,1.2194,1.2236,1.2186,1.223,17612,1.219691,1.223631,1.219066,1.223436,0,0.004534,-0.005031,-0.000436
2025.01.16 16:00,1.223,1.2244,1.2213,1.2239,12217,1.223646,1.22462,1.22212,1.22411,0,0.00228,-0.00332,-0.00021
2025.01.16 17:00,1.2238,1.2257,1.2231,1.2233,7395,1.22417,1.226076,1.223556,1.223646,0,0.002144,-0.002976,-0.000346
2025.01.16 18:00,1.2232,1.2242,1.2223,1.2228,3335,1.223496,1.224605,1.222823,1.223331,0,0.001377,-0.002305,-0.000531
2025.01.16 19:00,1.2228,1.2237,1.2226,1.2232,3274,1.223182,1.224065,1.223167,1.223676,0,0.000533,-0.001465,-0.000476
2025.01.16 20:00,1.2231,1.2232,1.2224,1.2227,2461,1.223496,1.223571,1.222913,1.223002,0,0.000287,-0.001171,-0.000302
2025.01.16 21:00,1.2227,1.2235,1.2224,1.2235,2134,1.222942,1.223915,1.222883,1.223855,0,0.000618,-0.001515,-0.000355
2025.01.16 23:00,1.2233,1.2233,1.223,1.223,0,1.223556,1.223781,1.223301,1.223451,0,-1e-06,-0.00078,-0.000451
2025.01.17 00:00,1.223,1.2235,1.2227,1.2232,1205,1.223466,1.22402,1.223212,1.223481,0,0.000288,-0.00132,-0.000281
2025.01.17 01:00,1.2232,1.2234,1.2226,1.2229,877,1.223601,1.223781,1.223017,1.223287,0,0.000383,-0.001181,-0.000386
2025.01.17 02:00,1.2229,1.224,1.2229,1.223,1499,1.223571,1.224395,1.223361,1.223361,0,0.000639,-0.001495,-0.000361
2025.01.17 03:00,1.2229,1.2233,1.2226,1.2229,488,1.223391,1.223721,1.222972,1.223346,0,0.000328,-0.001121,-0.000446
2025.01.17 04:00,1.2229,1.223,1.2215,1.2219,510,1.223361,1.223391,1.221911,1.221911,0,0.001089,-0.001891,-1.1e-05
2025.01.17 05:00,1.2218,1.2218,1.2209,1.2214,1251,1.22212,1.222315,1.221389,1.221777,0,0.000411,-0.001415,-0.000377
2025.01.17 06:00,1.2213,1.2214,1.2202,1.2213,2443,1.221643,1.221807,1.220673,1.221702,0,0.000727,-0.001607,-0.000402
2025.01.17 07:00,1.2212,1.2212,1.2157,1.217,13290,1.219661,1.219691,1.216116,1.217345,0,0.005084,-0.003991,-0.000345
2025.01.17 08:00,1.2171,1.2193,1.2171,1.2186,6048,1.217968,1.219631,1.217968,1.219066,0,0.001333,-0.002531,-0.000466
2025.01.17 09:00,1.2186,1.2197,1.218,1.2193,3212,1.218977,1.219988,1.218428,1.219587,0,0.001272,-0.001988,-0.000287
2025.01.17 10:00,1.2193,1.2204,1.2191,1.2196,3052,1.219795,1.220733,1.219795,1.220241,0,0.000605,-0.001633,-0.000641
2025.01.17 11:00,1.2195,1.2213,1.2189,1.2192,6693,1.219765,1.221598,1.219468,1.219691,0,0.001832,-0.002698,-0.000491
2025.01.17 12:00,1.2192,1.2195,1.2178,1.2183,5086,1.21975,1.219765,1.218294,1.218739,0,0.001206,-0.001965,-0.000439
2025.01.17 13:00,1.2184,1.219,1.2172,1.2178,8790,1.218814,1.219423,1.217745,1.218042,0,0.001255,-0.002223,-0.000242
2025.01.17 14:00,1.2178,1.2194,1.2157,1.219,13764,1.21819,1.219587,1.21616,1.219378,0,0.00324,-0.003887,-0.000378
2025.01.17 15:00,1.219,1.2224,1.2186,1.2195,18529,1.219378,1.222599,1.219185,1.220048,0,0.003215,-0.003999,-0.000548
2025.01.17 16:00,1.2194,1.2195,1.2172,1.2175,7492,1.219825,1.219839,1.217938,1.218012,0,0.001562,-0.002639,-0.000512
2025.01.17 17:00,1.2175,1.2178,1.2165,1.217,3870,1.217968,1.21816,1.216945,1.217434,0,0.000855,-0.00166,-0.000434
2025.01.17 18:00,1.2169,1.2183,1.2163,1.217,3894,1.217271,1.21868,1.216708,1.217404,0,0.001592,-0.00238,-0.000404
2025.01.17 19:00,1.217,1.2175,1.2161,1.2164,3412,1.21736,1.217908,1.216634,1.216885,0,0.000866,-0.001808,-0.000485
2025.01.17 20:00,1.2164,1.217,1.2161,1.2167,3398,1.2169,1.217523,1.216634,1.217123,0,0.000366,-0.001423,-0.000423
2025.01.17 21:00,1.2166,1.2167,1.2162,1.2165,4599,1.216797,1.217048,1.216619,1.21696,0,8.1e-05,-0.000848,-0.00046
2025.01.20 00:00,1.2173,1.2182,1.2171,1.2182,866,1.217789,1.218457,1.217656,1.218457,0,0.000544,-0.001357,-0.000257
2025.01.20 01:00,1.2181,1.2191,1.2172,1.2188,862,1.218442,1.219438,1.2177,1.219215,0,0.0014,-0.002238,-0.000415
2025.01.20 02:00,1.2188,1.2192,1.2182,1.219,1379,1.21926,1.219423,1.218621,1.219304,0,0.000579,-0.001223,-0.000304
2025.01.20 03:00,1.219,1.2202,1.219,1.2202,1481,1.219304,1.220435,1.219304,1.220435,0,0.000896,-0.001435,-0.000235
2025.01.20 04:00,1.2202,1.2203,1.2197,1.2202,542,1.220539,1.220688,1.220152,1.220629,0,0.000148,-0.000988,-0.000429
2025.01.21 05:00,1.2293,1.2293,1.2269,1.2272,907,1.229922,1.230194,1.227566,1.227566,0,0.001734,-0.003294,-0.000366
2025.01.21 06:00,1.2272,1.2276,1.2255,1.226,2769,1.227476,1.227958,1.226061,1.226437,0,0.001539,-0.002458,-0.000437
2025.01.21 07:00,1.2259,1.2283,1.2249,1.2264,6638,1.22552,1.228486,1.22552,1.226858,0,0.00278,-0.003586,-0.000458
2025.01.21 08:00,1.2263,1.2265,1.2243,1.2254,7933,1.226648,1.226889,1.224815,1.22567,0,0.001685,-0.002589,-0.00027
2025.01.21 09:00,1.2254,1.2256,1.2232,1.2244,5033,1.225746,1.225851,1.223571,1.224785,0,0.002029,-0.002651,-0.000385
2025.01.21 10:00,1.2244,1.2253,1.2238,1.2246,5178,1.224665,1.225685,1.224365,1.224905,0,0.000935,-0.001886,-0.000305
2025.01.21 11:00,1.2245,1.2246,1.2226,1.2232,5823,1.22498,1.22498,1.223271,1.223526,0,0.001328,-0.00238,-0.000326
2025.01.21 12:00,1.2233,1.2247,1.2229,1.2241,4327,1.223601,1.22504,1.223361,1.22432,0,0.001339,-0.00214,-0.00022
2025.01.21 13:00,1.2241,1.2278,1.2239,1.2275,10291,1.224365,1.227973,1.224365,1.227762,0,0.003435,-0.004073,-0.000262
2025.01.21 14:00,1.2276,1.2292,1.2267,1.2277,10566,1.227822,1.229498,1.227491,1.228003,0,0.001709,-0.002798,-0.000303
2025.01.21 15:00,1.2277,1.231,1.2267,1.2296,15559,1.228079,1.231239,1.22734,1.230194,0,0.00366,-0.004539,-0.000594
2025.01.21 16:00,1.2296,1.2328,1.2294,1.2326,11582,1.229982,1.233152,1.229801,1.233061,0,0.002999,-0.003752,-0.000461
2025.01.21 17:00,1.2326,1.2332,1.2323,1.2323,5882,1.233137,1.233532,1.232772,1.232772,0,0.000428,-0.001232,-0.000472
2025.01.21 18:00,1.2323,1.2336,1.2321,1.2332,4434,1.232605,1.233822,1.232529,1.233639,0,0.001071,-0.001722,-0.000439
2025.01.21 19:00,1.2332,1.2334,1.232,1.2325,3602,1.233715,1.233745,1.232392,1.232742,0,0.001008,-0.001745,-0.000242
2025.01.21 20:00,1.2325,1.2337,1.2322,1.2337,3941,1.23262,1.233882,1.23262,1.233882,0,0.00108,-0.001682,-0.000182
2025.01.21 21:00,1.2336,1.2358,1.2335,1.2355,4384,1.233943,1.235941,1.233943,1.235224,0,0.001857,-0.002441,0.000276
2025.01.21 23:00,1.2353,1.2353,1.232,1.2335,0,1.235376,1.235376,1.232559,1.233502,0,0.002741,-0.003376,-2e-06
2025.01.22 00:00,1.2338,1.2351,1.2333,1.2348,1605,1.233928,1.2353,1.233913,1.2353,0,0.001187,-0.002,-0.0005
2025.01.22 01:00,1.2347,1.2347,1.2327,1.233,1971,1.234934,1.234934,1.233046,1.23335,0,0.001654,-0.002234,-0.00035
2025.01.22 02:00,1.2329,1.2336,1.2326,1.2333,842,1.233228,1.233913,1.232985,1.233654,0,0.000615,-0.001313,-0.000354
2025.01.22 03:00,1.2334,1.2334,1.2327,1.2328,520,1.2337,1.233761,1.233106,1.233198,0,0.000293,-0.001061,-0.000398
2025.01.22 04:00,1.2329,1.2343,1.2329,1.234,614,1.233289,1.234659,1.233289,1.234309,0,0.001011,-0.001759,-0.000309
2025.01.22 05:00,1.234,1.2344,1.2329,1.234,1022,1.234309,1.234736,1.23338,1.234339,0,0.00102,-0.001836,-0.000339
2025.01.22 06:00,1.234,1.234,1.2313,1.2318,2474,1.234248,1.234416,1.231906,1.232195,0,0.002094,-0.003116,-0.000395
2025.01.22 07:00,1.2318,1.2324,1.2309,1.2315,5881,1.232134,1.232711,1.231406,1.231785,0,0.000994,-0.001811,-0.000285
2025.01.22 08:00,1.2316,1.2335,1.2313,1.2335,4748,1.231952,1.233806,1.231724,1.23373,0,0.001776,-0.002506,-0.00023
2025.01.22 09:00,1.2336,1.2361,1.2334,1.2361,7496,1.23405,1.236476,1.234004,1.236476,0,0.002096,-0.003076,-0.000376
2025.01.22 10:00,1.2361,1.2372,1.2355,1.2364,6723,1.236491,1.237608,1.235911,1.23666,0,0.001289,-0.002108,-0.00026
2025.01.22 11:00,1.2364,1.2369,1.2349,1.2352,3611,1.236797,1.237287,1.235346,1.23559,0,0.001554,-0.002387,-0.00039
2025.01.22 12:00,1.2352,1.2356,1.2341,1.2353,3201,1.23562,1.235941,1.234553,1.235682,0,0.001047,-0.001841,-0.000382
2025.01.22 13:00,1.2353,1.2365,1.2333,1.2342,7504,1.23559,1.236828,1.233715,1.234903,0,0.002785,-0.003528,-0.000703
2025.01.22 14:00,1.2342,1.2345,1.2325,1.2332,9075,1.234537,1.234858,1.233076,1.233867,0,0.001424,-0.002358,-0.000667
2025.01.22 15:00,1.2333,1.2333,1.2308,1.2315,10071,1.233335,1.23335,1.23136,1.23183,0,0.00194,-0.00255,-0.00033
2025.01.22 16:00,1.2315,1.2322,1.2304,1.2319,8009,1.23183,1.232453,1.231057,1.232301,0,0.001143,-0.002053,-0.000401
2025.01.22 17:00,1.2318,1.2318,1.2311,1.2318,3359,1.232225,1.232225,1.231421,1.23218,0,0.000379,-0.001125,-0.00038
2025.01.22 18:00,1.2318,1.2327,1.2312,1.232,3280,1.23224,1.232909,1.231679,1.232377,0,0.001021,-0.001709,-0.000377
2025.01.22 19:00,1.232,1.2328,1.2318,1.2323,4848,1.232286,1.233106,1.232286,1.23262,0,0.000514,-0.001307,-0.00032
2025.01.22 20:00,1.2322,1.2327,1.2312,1.2313,2174,1.232529,1.232954,1.231709,1.231709,0,0.000991,-0.001754,-0.000409
2025.01.22 21:00,1.2314,1.2315,1.231,1.2312,1164,1.231709,1.23183,1.2313,1.231694,0,0.0002,-0.000831,-0.000494
2025.01.22 23:00,1.2315,1.2315,1.2305,1.231,0,1.231694,1.231694,1.2308,1.231406,0,0.0007,-0.001194,-0.000406
2025.01.23 00:00,1.2311,1.2317,1.231,1.2313,863,1.231512,1.231952,1.231254,1.231618,0,0.000446,-0.000952,-0.000318
2025.01.23 01:00,1.2313,1.2321,1.2306,1.2307,888,1.231679,1.232286,1.230951,1.231027,0,0.001149,-0.001686,-0.000327
2025.01.23 02:00,1.2308,1.2309,1.2299,1.2306,1497,1.230981,1.231194,1.230345,1.231042,0,0.000555,-0.001294,-0.000442
2025.01.23 03:00,1.2307,1.2313,1.2305,1.2312,557,1.230996,1.231603,1.230936,1.231527,0,0.000364,-0.001103,-0.000327
2025.01.23 04:00,1.2313,1.2318,1.2313,1.2317,567,1.231542,1.232104,1.231482,1.231982,0,0.000318,-0.000804,-0.000282
2025.01.23 05:00,1.2316,1.2317,1.2309,1.2309,537,1.232058,1.232073,1.231269,1.23133,0,0.000431,-0.001173,-0.00043
2025.01.23 06:00,1.2309,1.2317,1.2306,1.2306,954,1.231163,1.232104,1.230875,1.230936,0,0.000825,-0.001504,-0.000336
2025.01.23 07:00,1.2306,1.2308,1.2293,1.2302,3106,1.230648,1.231163,1.229906,1.230648,0,0.000894,-0.001863,-0.000448
2025.01.23 08:00,1.2302,1.2303,1.229,1.2293,3717,1.230406,1.230482,1.229498,1.22971,0,0.000802,-0.001482,-0.00041
2025.01.23 09:00,1.2293,1.2319,1.2293,1.2314,3499,1.229785,1.232073,1.229785,1.231648,0,0.002115,-0.002773,-0.000248
2025.01.23 10:00,1.2315,1.2327,1.2312,1.2318,4503,1.232028,1.233076,1.231618,1.232225,0,0.001082,-0.001876,-0.000425
2025.01.23 11:00,1.2319,1.2326,1.2304,1.2305,4051,1.232013,1.232818,1.230769,1.230769,0,0.001831,-0.002418,-0.000269
2025.01.23 12:00,1.2305,1.2314,1.2297,1.2313,3297,1.2308,1.231664,1.230209,1.231664,0,0.001191,-0.001964,-0.000364
2025.01.23 13:00,1.2313,1.2327,1.2305,1.2321,8914,1.231512,1.233061,1.230996,1.232225,0,0.001704,-0.002561,-0.000125
2025.01.23 14:00,1.2321,1.2333,1.2314,1.2327,8037,1.232605,1.233563,1.231906,1.233,0,0.001394,-0.002163,-0.0003
2025.01.23 15:00,1.2327,1.2328,1.2308,1.232,9187,1.232878,1.232909,1.231178,1.232377,0,0.001622,-0.002109,-0.000377
2025.01.23 16:00,1.2319,1.2358,1.2297,1.2344,26352,1.232392,1.235819,1.231209,1.234629,0,0.004591,-0.006119,-0.000229
2025.01.23 17:00,1.2343,1.2373,1.234,1.237,6085,1.234629,1.237562,1.234461,1.237302,0,0.002839,-0.003562,-0.000302
2025.01.23 18:00,1.2369,1.237,1.2353,1.2356,4161,1.237241,1.237287,1.235758,1.235865,0,0.001242,-0.001987,-0.000265
2025.01.23 19:00,1.2357,1.2362,1.2352,1.2356,2677,1.235956,1.236369,1.235605,1.236002,0,0.000595,-0.001169,-0.000402
2025.01.23 20:00,1.2356,1.2363,1.235,1.2351,3974,1.23588,1.236552,1.235376,1.235483,0,0.000924,-0.001552,-0.000383
2025.01.23 21:00,1.2351,1.2354,1.2345,1.235,1769,1.235376,1.235666,1.234766,1.235285,0,0.000634,-0.001166,-0.000285
2025.01.23 23:00,1.2352,1.2352,1.2345,1.2351,0,1.235315,1.235361,1.234888,1.235285,0,0.000312,-0.000861,-0.000185
2025.01.24 00:00,1.2352,1.2355,1.2346,1.2353,558,1.235117,1.235788,1.234919,1.235544,0,0.000581,-0.001189,-0.000244
2025.01.24 01:00,1.2354,1.2355,1.2347,1.2352,600,1.235773,1.235819,1.235071,1.235498,0,0.000429,-0.001119,-0.000298
2025.01.24 02:00,1.2352,1.2396,1.2352,1.2396,5249,1.235514,1.239787,1.235514,1.239757,0,0.004086,-0.004587,-0.000157
2025.01.24 03:00,1.2395,1.2402,1.2379,1.2391,3000,1.239926,1.240341,1.238436,1.239526,0,0.001764,-0.002441,-0.000426
2025.01.24 04:00,1.239,1.2397,1.2386,1.2391,981,1.239265,1.239972,1.238866,1.239357,0,0.000834,-0.001372,-0.000257
2025.01.24 05:00,1.2395,1.2398,1.2384,1.2397,1017,1.239465,1.239895,1.238682,1.239895,0,0.001118,-0.001495,-0.000195
2025.01.24 06:00,1.2398,1.2416,1.2395,1.2397,4039,1.239956,1.241758,1.239956,1.239987,0,0.001644,-0.002258,-0.000287
2025.01.24 07:00,1.2396,1.2398,1.2374,1.2384,4214,1.239879,1.239879,1.237777,1.238728,0,0.002023,-0.002479,-0.000328
2025.01.24 08:00,1.2384,1.2415,1.2381,1.2401,8430,1.238743,1.240957,1.238635,1.240479,0,0.002865,-0.002856,-0.000379
2025.01.24 09:00,1.2401,1.2446,1.24,1.2425,14590,1.240418,1.24454,1.240341,1.242807,0,0.004259,-0.00454,-0.000307
2025.01.24 10:00,1.2424,1.2433,1.2419,1.2428,4424,1.242885,1.243518,1.242452,1.24307,0,0.000848,-0.001618,-0.00027
2025.01.24 11:00,1.2427,1.2429,1.2408,1.2413,3679,1.243039,1.243255,1.241141,1.241542,0,0.001759,-0.002455,-0.000242
2025.01.24 12:00,1.2412,1.2419,1.2398,1.2407,3994,1.241419,1.242174,1.240233,1.240864,0,0.001667,-0.002374,-0.000164
2025.01.24 13:00,1.2407,1.2418,1.2399,1.2412,7171,1.241111,1.242082,1.240325,1.24145,0,0.001474,-0.002182,-0.00025
2025.01.24 14:00,1.2411,1.2447,1.2407,1.2436,11933,1.241372,1.244261,1.241172,1.244013,0,0.003528,-0.003561,-0.000413
2025.01.24 15:00,1.2436,1.2483,1.2433,1.2481,16955,1.243858,1.248611,1.243735,1.248611,0,0.004565,-0.005311,-0.000511
2025.01.24 16:00,1.248,1.2495,1.2478,1.2492,12767,1.248471,1.249719,1.248143,1.249407,0,0.001357,-0.001919,-0.000207
2025.01.24 17:00,1.2491,1.2499,1.2485,1.2485,5634,1.249375,1.250141,1.248923,1.248923,0,0.000977,-0.001641,-0.000423
2025.01.24 18:00,1.2485,1.2493,1.2477,1.2478,5257,1.248845,1.249453,1.24805,1.24805,0,0.00125,-0.001753,-0.00025
2025.01.24 19:00,1.2479,1.2483,1.2476,1.2481,3966,1.248159,1.248533,1.24805,1.248284,0,0.00025,-0.000933,-0.000184
2025.01.24 20:00,1.2481,1.2484,1.2475,1.2482,3269,1.248081,1.248658,1.247879,1.248658,0,0.000521,-0.001158,-0.000458
2025.01.24 21:00,1.2482,1.2486,1.2479,1.248,3299,1.248611,1.248985,1.247925,1.247925,0,0.000675,-0.001085,7.5e-05
2025.01.27 00:00,1.2456,1.2462,1.245,1.2454,1752,1.245966,1.24651,1.245377,1.245733,0,0.000823,-0.00151,-0.000333
2025.01.27 01:00,1.2454,1.2461,1.2445,1.2447,2074,1.245749,1.246479,1.244911,1.244911,0,0.001189,-0.001979,-0.000211
2025.01.27 02:00,1.2446,1.2449,1.2439,1.2448,1238,1.244973,1.245175,1.244338,1.245159,0,0.000562,-0.001275,-0.000359
2025.01.27 03:00,1.2448,1.2461,1.2444,1.2453,1968,1.245066,1.246292,1.244803,1.245594,0,0.001297,-0.001892,-0.000294
2025.01.27 04:00,1.2453,1.2455,1.2445,1.245,811,1.245578,1.245795,1.244896,1.245268,0,0.000604,-0.001295,-0.000268
2025.01.27 05:00,1.2448,1.2448,1.2441,1.2445,1183,1.24502,1.245066,1.244338,1.244725,0,0.000462,-0.000966,-0.000225
2025.01.27 06:00,1.2445,1.2458,1.2445,1.2449,2706,1.244725,1.246059,1.244725,1.245314,0,0.001075,-0.001559,-0.000414
2025.01.27 07:00,1.245,1.2453,1.2427,1.2427,4078,1.245314,1.245485,1.243225,1.243225,0,0.002076,-0.002785,-0.000525
2025.01.27 08:00,1.2427,1.2462,1.2424,1.2455,6306,1.24307,1.246417,1.242699,1.245966,0,0.003501,-0.004017,-0.000466
2025.01.27 09:00,1.2455,1.2483,1.2448,1.2483,9612,1.245826,1.248564,1.245221,1.248564,0,0.003078,-0.003764,-0.000264
2025.01.27 10:00,1.2484,1.2505,1.2483,1.2492,9683,1.248767,1.250672,1.248689,1.249641,0,0.001811,-0.002372,-0.000441
2025.01.27 11:00,1.2492,1.2512,1.2488,1.2494,7047,1.249625,1.251345,1.249172,1.249485,0,0.002028,-0.002545,-8.5e-05
2025.01.27 12:00,1.2494,1.2518,1.2492,1.251,4934,1.249875,1.251768,1.249563,1.25147,0,0.002237,-0.002568,-0.00047
2025.01.27 13:00,1.251,1.2522,1.2498,1.2501,8871,1.25111,1.252317,1.250141,1.250469,0,0.002059,-0.002517,-0.000369
2025.01.27 14:00,1.25,1.2509,1.2493,1.2498,7098,1.250422,1.25111,1.249719,1.250125,0,0.001181,-0.00181,-0.000325
2025.01.27 15:00,1.2498,1.25,1.2467,1.2472,11737,1.250125,1.250125,1.247054,1.247458,0,0.002946,-0.003425,-0.000258
2025.01.27 16:00,1.2472,1.2482,1.2465,1.2473,10020,1.247396,1.248424,1.246945,1.247645,0,0.001255,-0.001924,-0.000345
2025.01.27 17:00,1.2474,1.2482,1.2465,1.2472,4566,1.247723,1.248346,1.246867,1.247583,0,0.001333,-0.001846,-0.000383
2025.01.27 18:00,1.2471,1.2483,1.2467,1.2475,4710,1.247303,1.248439,1.247038,1.247894,0,0.001262,-0.001739,-0.000394
2025.01.27 19:00,1.2476,1.2489,1.2472,1.2487,4370,1.247894,1.249001,1.247536,1.248954,0,0.001364,-0.001801,-0.000254
2025.01.27 20:00,1.2488,1.2494,1.2482,1.2489,3852,1.248845,1.249547,1.248595,1.249032,0,0.000805,-0.001347,-0.000132
2025.01.27 21:00,1.2488,1.2499,1.2486,1.2497,2268,1.249141,1.250141,1.248876,1.250016,0,0.001024,-0.001541,-0.000316
2025.01.27 23:00,1.2497,1.2498,1.2433,1.2448,0,1.249703,1.249703,1.243766,1.246013,0,0.006034,-0.006403,-0.001213
2025.01.28 00:00,1.2449,1.2461,1.2444,1.2455,3337,1.245392,1.246292,1.244741,1.245749,0,0.001359,-0.001892,-0.000249
2025.01.28 01:00,1.2455,1.2463,1.2439,1.245,3119,1.245547,1.246572,1.244896,1.244896,0,0.001404,-0.002672,0.000104
2025.01.28 02:00,1.2447,1.2452,1.2436,1.2443,2728,1.245129,1.245516,1.244106,1.244679,0,0.001094,-0.001916,-0.000379
2025.01.28 03:00,1.2444,1.2448,1.2438,1.2439,991,1.244601,1.24502,1.244153,1.244214,0,0.000647,-0.00122,-0.000314
2025.01.28 04:00,1.2439,1.2442,1.2432,1.2442,0,1.244137,1.244493,1.24358,1.244493,0,0.00062,-0.001293,-0.000293
2025.01.28 05:00,1.2443,1.2447,1.2442,1.2442,400,1.244524,1.24502,1.244509,1.244555,0,0.000191,-0.00082,-0.000355
2025.01.28 06:00,1.2444,1.2451,1.2435,1.2439,2589,1.244524,1.245345,1.243812,1.244292,0,0.001288,-0.001845,-0.000392
2025.01.28 07:00,1.2438,1.2446,1.2423,1.2435,4069,1.244091,1.244803,1.242699,1.243797,0,0.001901,-0.002503,-0.000297
2025.01.28 08:00,1.2435,1.2441,1.2427,1.243,4667,1.243858,1.244199,1.243085,1.243317,0,0.001015,-0.001499,-0.000317
2025.01.28 09:00,1.2431,1.2453,1.2427,1.2446,5150,1.243286,1.245501,1.243085,1.244663,0,0.002215,-0.002801,-6.3e-05
2025.01.28 10:00,1.2445,1.2449,1.2434,1.2434,3156,1.24488,1.245175,1.243642,1.243642,0,0.001258,-0.001775,-0.000242
2025.01.28 11:00,1.2433,1.2439,1.2423,1.2424,4510,1.243688,1.244044,1.24273,1.242746,0,0.00117,-0.001744,-0.000345
2025.01.28 12:00,1.2425,1.2433,1.2416,1.2425,3854,1.242746,1.24341,1.242051,1.242653,0,0.001249,-0.00181,-0.000153
2025.01.28 13:00,1.2425,1.2431,1.2412,1.2422,7900,1.242838,1.243317,1.241604,1.242329,0,0.001496,-0.002117,-0.000129
2025.01.28 14:00,1.2422,1.2441,1.2422,1.2427,7659,1.24256,1.244122,1.24256,1.243008,0,0.00154,-0.001922,-0.000308
2025.01.28 15:00,1.2427,1.2446,1.2426,1.243,7530,1.243317,1.244725,1.242977,1.243255,0,0.001623,-0.002126,-0.000255
2025.01.28 16:00,1.2432,1.2443,1.242,1.2428,7059,1.243225,1.244493,1.242421,1.242823,0,0.001879,-0.002493,-2.3e-05
2025.01.28 17:00,1.2428,1.2435,1.2426,1.2427,3443,1.243039,1.243642,1.242823,1.2429,0,0.000677,-0.001042,-0.0002
2025.01.28 18:00,1.2427,1.2437,1.2423,1.2428,4588,1.242946,1.243982,1.242653,1.243008,0,0.001047,-0.001682,-0.000208
2025.01.28 19:00,1.2427,1.2444,1.242,1.2442,3635,1.242962,1.244447,1.242329,1.244323,0,0.002071,-0.002447,-0.000123
2025.01.28 20:00,1.2441,1.2443,1.2435,1.2439,2288,1.244338,1.244509,1.24375,1.24423,0,0.00055,-0.001009,-0.00033
2025.01.28 21:00,1.244,1.2441,1.2437,1.2441,843,1.244137,1.244385,1.243982,1.244354,0,0.000118,-0.000685,-0.000254
2025.01.28 23:00,1.2437,1.2441,1.2434,1.2438,0,1.243998,1.244276,1.243704,1.243982,0,0.000396,-0.000876,-0.000182
2025.01.29 00:00,1.2438,1.2446,1.2434,1.2435,1839,1.244106,1.244663,1.243642,1.243673,0,0.000958,-0.001263,-0.000173
2025.01.29 01:00,1.2436,1.244,1.2433,1.2433,473,1.24392,1.244214,1.243626,1.243704,0,0.000373,-0.000914,-0.000404
2025.01.29 02:00,1.2433,1.2447,1.2433,1.2444,755,1.243626,1.244865,1.24358,1.244741,0,0.00112,-0.001565,-0.000341
2025.01.29 03:00,1.2443,1.2448,1.2441,1.2446,432,1.244617,1.245082,1.244292,1.24488,0,0.000508,-0.000982,-0.00028
2025.01.29 04:00,1.2446,1.2451,1.2446,1.2451,341,1.244911,1.245439,1.244911,1.245314,0,0.000189,-0.000839,-0.000214
2025.01.29 05:00,1.245,1.2453,1.2446,1.2452,436,1.24533,1.245516,1.244818,1.245377,0,0.000482,-0.000916,-0.000177
2025.01.29 06:00,1.2453,1.2459,1.2451,1.2454,2033,1.245718,1.246152,1.245299,1.245407,0,0.000601,-0.001052,-8e-06
2025.01.29 07:00,1.2454,1.2461,1.2443,1.2446,4265,1.245656,1.246354,1.244772,1.244865,0,0.001328,-0.002054,-0.000265
2025.01.29 08:00,1.2447,1.2455,1.2432,1.2436,4633,1.244973,1.245687,1.243518,1.244013,0,0.001982,-0.002487,-0.000413
2025.01.29 09:00,1.2436,1.2437,1.2413,1.2419,3581,1.243889,1.243889,1.241696,1.241696,0,0.002004,-0.002589,0.000204
2025.01.29 10:00,1.2419,1.2422,1.2409,1.2413,5567,1.242221,1.242483,1.241249,1.241604,0,0.000951,-0.001583,-0.000304
2025.01.29 11:00,1.2414,1.2424,1.2411,1.2417,3852,1.241696,1.242637,1.24148,1.241943,0,0.00092,-0.001537,-0.000243
2025.01.29 12:00,1.2417,1.2425,1.2407,1.2423,3051,1.241912,1.242637,1.241188,1.242607,0,0.001312,-0.001937,-0.000306
2025.01.29 13:00,1.2423,1.2426,1.2391,1.2395,8660,1.24256,1.242684,1.239419,1.239757,0,0.003181,-0.003584,-0.000257
2025.01.29 14:00,1.2396,1.2411,1.2395,1.2405,7041,1.239803,1.241295,1.239803,1.240726,0,0.001297,-0.001795,-0.000226
2025.01.29 15:00,1.2405,1.2443,1.2399,1.2432,12601,1.240787,1.244509,1.240295,1.243456,0,0.004005,-0.004609,-0.000256
2025.01.29 16:00,1.2431,1.2441,1.2422,1.243,6529,1.243503,1.244153,1.242529,1.243379,0,0.001571,-0.001953,-0.000379
2025.01.29 17:00,1.2429,1.2447,1.2429,1.244,4636,1.243225,1.244958,1.243225,1.244199,0,0.001475,-0.002058,-0.000199
2025.01.29 18:00,1.2439,1.2448,1.243,1.2445,6627,1.244091,1.244927,1.243889,1.244849,0,0.000911,-0.001927,-0.000349
2025.01.29 19:00,1.2444,1.2455,1.241,1.2442,16717,1.244261,1.245702,1.241789,1.244493,0,0.003711,-0.004702,-0.000293
2025.01.29 20:00,1.2443,1.2453,1.2428,1.2437,5990,1.244245,1.245439,1.243766,1.244013,0,0.001534,-0.002639,-0.000313
2025.01.29 21:00,1.2436,1.2449,1.2436,1.2448,1881,1.244122,1.245237,1.243889,1.245237,0,0.001011,-0.001637,-0.000437
2025.01.29 23:00,1.2447,1.2458,1.2446,1.2453,0,1.245144,1.24592,1.244958,1.245532,0,0.000842,-0.00132,-0.000232
2025.01.30 00:00,1.2453,1.2459,1.245,1.2453,876,1.245501,1.246106,1.245237,1.245407,0,0.000663,-0.001106,-0.000107
2025.01.30 01:00,1.2452,1.2453,1.2443,1.2448,442,1.245392,1.245578,1.244601,1.24502,0,0.000699,-0.001278,-0.00022
2025.01.30 02:00,1.2449,1.2455,1.2447,1.2447,377,1.245004,1.245594,1.244865,1.244989,0,0.000635,-0.000894,-0.000289
2025.01.30 03:00,1.2448,1.2453,1.2447,1.245,662,1.244927,1.245485,1.24488,1.245191,0,0.00042,-0.000785,-0.00019
2025.01.30 04:00,1.2449,1.2452,1.2441,1.2444,293,1.245159,1.245609,1.244338,1.244586,0,0.000862,-0.001509,-0.000186
2025.01.30 05:00,1.2441,1.2446,1.244,1.2446,363,1.244478,1.244927,1.244276,1.244896,0,0.000324,-0.000927,-0.000296
2025.01.30 06:00,1.2446,1.2446,1.2433,1.2439,1065,1.24488,1.244896,1.243518,1.244091,0,0.001082,-0.001596,-0.000191
2025.01.30 07:00,1.244,1.2451,1.2429,1.245,2437,1.244091,1.245283,1.243363,1.245283,0,0.001737,-0.002383,-0.000283
2025.01.30 08:00,1.2451,1.246,1.2443,1.2452,4213,1.24533,1.246028,1.244741,1.245454,0,0.001259,-0.001728,-0.000254
2025.01.30 09:00,1.2454,1.2456,1.2432,1.2441,4037,1.245439,1.245485,1.243642,1.244261,0,0.001958,-0.002285,-0.000161
2025.01.30 10:00,1.2441,1.2444,1.2424,1.2429,2771,1.244276,1.244663,1.242776,1.243194,0,0.001624,-0.002263,-0.000293
2025.01.30 11:00,1.2428,1.2435,1.2424,1.2426,2797,1.2429,1.243673,1.242668,1.243008,0,0.000832,-0.001273,-0.000408
2025.01.30 12:00,1.2426,1.2437,1.2423,1.2436,2735,1.243008,1.243781,1.24256,1.24375,0,0.00114,-0.001481,-0.00015
2025.01.30 13:00,1.2437,1.247,1.2412,1.2465,9642,1.243967,1.247069,1.243132,1.247069,0,0.003868,-0.005869,-0.000569
2025.01.30 14:00,1.2465,1.2474,1.2454,1.2462,12551,1.247054,1.247458,1.245718,1.246308,0,0.001682,-0.002058,-0.000108
2025.01.30 15:00,1.2463,1.2475,1.2459,1.2465,10060,1.246479,1.247458,1.246339,1.246665,0,0.001161,-0.001558,-0.000165
2025.01.30 16:00,1.2465,1.247,1.2447,1.2448,6536,1.246789,1.247163,1.244942,1.244942,0,0.002058,-0.002463,-0.000142
2025.01.30 17:00,1.2448,1.245,1.2434,1.2443,5157,1.244958,1.24502,1.243781,1.2444,0,0.001219,-0.00162,-0.0001
2025.01.30 18:00,1.2444,1.2454,1.2441,1.2454,1384,1.244416,1.245609,1.244385,1.245609,0,0.001015,-0.001509,-0.000209
2025.01.30 19:00,1.2454,1.2459,1.2452,1.2458,1997,1.245547,1.24609,1.24533,1.246013,0,0.00057,-0.00089,-0.000213
2025.01.30 20:00,1.2457,1.2463,1.2406,1.2433,13674,1.245904,1.246448,1.241172,1.243379,0,0.005128,-0.005848,-7.9e-05
2025.01.30 21:00,1.2433,1.244,1.2414,1.2415,4184,1.243657,1.244091,1.241773,1.241835,0,0.002227,-0.002691,-0.000335
2025.01.30 23:00,1.2416,1.2423,1.2411,1.242,0,1.241634,1.242421,1.241295,1.242406,0,0.001005,-0.001321,-0.000406
2025.01.31 00:00,1.242,1.243,1.2412,1.2416,1629,1.242267,1.243147,1.24145,1.241696,0,0.00155,-0.001947,-9.6e-05
2025.01.31 01:00,1.2415,1.2423,1.2405,1.2418,4676,1.241573,1.242452,1.24148,1.241912,0,0.00082,-0.001952,-0.000112
2025.01.31 02:00,1.2419,1.2427,1.2416,1.2421,1408,1.242097,1.242776,1.241742,1.242375,0,0.000958,-0.001176,-0.000275
2025.01.31 03:00,1.2421,1.2426,1.2415,1.2416,511,1.242267,1.242591,1.241665,1.241712,0,0.000935,-0.001091,-0.000112
2025.01.31 04:00,1.2415,1.2422,1.2413,1.242,329,1.241665,1.242282,1.241573,1.242143,0,0.000627,-0.000982,-0.000143
2025.01.31 05:00,1.2423,1.2423,1.2416,1.242,509,1.24219,1.242576,1.241758,1.241943,0,0.000542,-0.000976,5.7e-05
2025.01.31 06:00,1.2419,1.2431,1.2417,1.2429,2321,1.242082,1.243163,1.242005,1.242946,0,0.001095,-0.001462,-4.6e-05
2025.01.31 07:00,1.2428,1.2438,1.2423,1.2434,7775,1.242931,1.243967,1.242529,1.243534,0,0.001271,-0.001667,-0.000134
2025.01.31 08:00,1.2433,1.2437,1.241,1.2412,3216,1.243425,1.243812,1.241326,1.24145,0,0.002374,-0.002812,-0.00025
2025.01.31 09:00,1.2412,1.242,1.24,1.242,5618,1.240618,1.242113,1.240233,1.242113,0,0.001767,-0.002113,-0.000113
2025.01.31 10:00,1.242,1.2425,1.2413,1.2415,3016,1.24219,1.242622,1.241573,1.24165,0,0.000927,-0.001322,-0.00015
2025.01.31 11:00,1.2414,1.2419,1.2404,1.2408,2586,1.241634,1.242113,1.240664,1.240972,0,0.001236,-0.001713,-0.000172
2025.01.31 12:00,1.2409,1.2422,1.2408,1.2419,2315,1.241126,1.242344,1.24108,1.242159,0,0.00112,-0.001544,-0.000259
2025.01.31 13:00,1.2419,1.243,1.2407,1.2412,8410,1.242298,1.243178,1.240987,1.241342,0,0.002013,-0.002478,-0.000142
2025.01.31 14:00,1.2413,1.2413,1.2386,1.2393,8794,1.241403,1.241403,1.23885,1.239495,0,0.00245,-0.002803,-0.000195
2025.01.31 15:00,1.2393,1.2426,1.2389,1.2426,13544,1.239372,1.242653,1.239142,1.242653,0,0.003458,-0.003753,-5.3e-05
2025.01.31 16:00,1.2422,1.2455,1.2413,1.2444,11011,1.24256,1.245392,1.241588,1.244509,0,0.003912,-0.004092,-0.000109
2025.01.31 17:00,1.2444,1.247,1.2428,1.2453,17011,1.244571,1.247054,1.244292,1.245563,0,0.002708,-0.004254,-0.000263
2025.01.31 18:00,1.2452,1.246,1.2389,1.2395,21226,1.245252,1.246106,1.239541,1.239541,0,0.006459,-0.007206,-4.1e-05
2025.01.31 19:00,1.2394,1.2404,1.2385,1.2399,9759,1.239541,1.240449,1.238866,1.240156,0,0.001534,-0.001949,-0.000256
2025.01.31 20:00,1.2398,1.2409,1.2386,1.2398,9225,1.239941,1.240957,1.238989,1.240018,0,0.001912,-0.002357,-0.000218
2025.01.31 21:00,1.2397,1.2409,1.2385,1.2391,5551,1.240049,1.240787,1.238835,1.239434,0,0.002065,-0.002287,-0.000334
2025.02.03 00:00,1.2287,1.2311,1.2264,1.2274,10929,1.228954,1.230966,1.226904,1.22737,0,0.004196,-0.004566,3e-05
2025.02.03 01:00,1.2275,1.2305,1.2263,1.2287,5084,1.227566,1.230406,1.226753,1.228848,0,0.003747,-0.004106,-0.000148
2025.02.03 02:00,1.2285,1.2286,1.2258,1.2261,2452,1.228758,1.228758,1.226076,1.226557,0,0.002524,-0.002958,-0.000458
2025.02.03 03:00,1.2261,1.2264,1.2248,1.2262,2397,1.226046,1.226452,1.225085,1.226347,0,0.001315,-0.001652,-0.000147
2025.02.03 04:00,1.2262,1.2282,1.2247,1.2257,4121,1.226648,1.227868,1.22498,1.225746,0,0.00322,-0.003168,-4.6e-05
2025.02.03 05:00,1.2257,1.2277,1.2254,1.2276,1358,1.22567,1.227868,1.22567,1.227672,0,0.00203,-0.002468,-7.2e-05
2025.02.03 06:00,1.2275,1.2293,1.2275,1.2287,2848,1.227762,1.229453,1.227762,1.228682,0,0.001538,-0.001953,1.8e-05
2025.02.03 07:00,1.2287,1.2299,1.2275,1.2283,6569,1.228864,1.229891,1.227762,1.228547,0,0.002138,-0.002391,-0.000247
2025.02.03 08:00,1.2282,1.2322,1.2272,1.2305,11755,1.22829,1.232271,1.227476,1.230709,0,0.004724,-0.005071,-0.000209
2025.02.03 09:00,1.2305,1.232,1.2287,1.2292,5421,1.230633,1.232043,1.229045,1.229211,0,0.002955,-0.003343,-1.1e-05
2025.02.03 10:00,1.2291,1.2314,1.2291,1.2312,3556,1.229498,1.231557,1.229377,1.231148,0,0.002023,-0.002457,5.2e-05
2025.02.03 11:00,1.2311,1.2319,1.2299,1.2318,2970,1.231163,1.232058,1.230194,1.231891,0,0.001706,-0.002158,-9.1e-05
2025.02.03 12:00,1.2318,1.2349,1.2315,1.2343,9402,1.231952,1.234797,1.23177,1.234217,0,0.00313,-0.003297,8.3e-05
2025.02.03 13:00,1.2343,1.2374,1.2343,1.2364,14468,1.234736,1.237363,1.23472,1.236598,0,0.00268,-0.003063,-0.000198
2025.02.03 14:00,1.2363,1.2368,1.2344,1.2354,9168,1.236445,1.236965,1.234797,1.235544,0,0.002003,-0.002565,-0.000144
2025.02.03 15:00,1.2351,1.2434,1.2334,1.2411,39378,1.234781,1.242885,1.233837,1.240957,0,0.009563,-0.009485,0.000143
2025.02.03 16:00,1.241,1.2434,1.2381,1.2384,23277,1.241003,1.243101,1.238497,1.238497,0,0.004903,-0.005001,-9.7e-05
2025.02.03 17:00,1.2385,1.2413,1.2381,1.2393,16571,1.238774,1.240602,1.238635,1.238789,0,0.002665,-0.002502,0.000511
2025.02.03 18:00,1.2393,1.2402,1.238,1.2391,5151,1.239265,1.240218,1.238513,1.239342,0,0.001687,-0.002218,-0.000242
2025.02.03 19:00,1.2391,1.2408,1.2391,1.2393,3672,1.239526,1.240926,1.239388,1.239388,0,0.001412,-0.001826,-8.8e-05
2025.02.03 20:00,1.2394,1.2408,1.2392,1.2401,3516,1.23948,1.240849,1.23948,1.240249,0,0.00132,-0.001649,-0.000149
2025.02.03 21:00,1.2401,1.2455,1.2396,1.245,8828,1.240295,1.245485,1.239818,1.245113,0,0.005682,-0.005885,-0.000113
2025.02.03 23:00,1.2444,1.2453,1.2429,1.2431,0,1.244369,1.245252,1.243101,1.243101,0,0.002199,-0.002352,-1e-06
2025.02.04 00:00,1.2433,1.2436,1.242,1.2422,1372,1.243549,1.243673,1.242282,1.242437,0,0.001318,-0.001673,-0.000237
2025.02.04 01:00,1.2423,1.2423,1.2409,1.242,1194,1.242282,1.24239,1.241064,1.242174,0,0.001236,-0.00149,-0.000174
2025.02.04 02:00,1.242,1.2426,1.2417,1.2424,1043,1.242205,1.242699,1.241881,1.242622,0,0.000719,-0.000999,-0.000222
2025.02.04 03:00,1.2425,1.2425,1.241,1.2413,666,1.242607,1.24273,1.241203,1.241465,0,0.001297,-0.00173,-0.000165
2025.02.04 04:00,1.2412,1.2413,1.2406,1.2408,0,1.24145,1.24145,1.240756,1.240895,0,0.000544,-0.00085,-9.5e-05
2025.02.04 05:00,1.2381,1.2402,1.2378,1.2396,4376,1.240726,1.240726,1.238313,1.239741,0,0.001887,-0.002926,-0.000141
2025.02.04 06:00,1.2398,1.2409,1.2392,1.2408,2009,1.239818,1.241018,1.239372,1.241018,0,0.001528,-0.001818,-0.000218
2025.02.04 07:00,1.2408,1.2419,1.2403,1.2414,3072,1.241003,1.242035,1.240541,1.241542,0,0.001359,-0.001735,-0.000142
2025.02.04 08:00,1.2413,1.2428,1.2404,1.2419,7385,1.241881,1.242406,1.240618,1.242082,0,0.002182,-0.002006,-0.000182
2025.02.04 09:00,1.242,1.2434,1.2419,1.2424,3857,1.242437,1.243673,1.242205,1.242622,0,0.001195,-0.001773,-0.000222
2025.02.04 10:00,1.2424,1.2433,1.2414,1.2425,2509,1.242483,1.243441,1.241619,1.242668,0,0.001681,-0.002041,-0.000168
2025.02.04 11:00,1.2424,1.2425,1.2401,1.2403,2957,1.242576,1.242622,1.240433,1.240433,0,0.002067,-0.002522,-0.000133
2025.02.04 12:00,1.2403,1.2414,1.2395,1.2413,3649,1.240325,1.241557,1.239695,1.241557,0,0.001705,-0.002057,-0.000257
2025.02.04 13:00,1.2413,1.2428,1.2412,1.2427,5304,1.241403,1.242776,1.241403,1.242715,0,0.001397,-0.001576,-1.5e-05
2025.02.04 14:00,1.2427,1.2451,1.2427,1.2449,8208,1.243132,1.245051,1.243101,1.244772,0,0.001999,-0.002351,0.000128
2025.02.04 15:00,1.2447,1.2485,1.2447,1.2476,19055,1.245718,1.248393,1.245407,1.247707,0,0.003093,-0.003693,-0.000107
2025.02.04 16:00,1.2475,1.2492,1.247,1.2482,8240,1.247676,1.249344,1.247272,1.248455,0,0.001928,-0.002344,-0.000255
2025.02.04 17:00,1.2483,1.2485,1.2471,1.2482,6403,1.248517,1.248689,1.247334,1.248346,0,0.001166,-0.001589,-0.000146
2025.02.04 18:00,1.2481,1.2489,1.2477,1.2483,2820,1.248268,1.248923,1.247894,1.248533,0,0.001006,-0.001223,-0.000233
2025.02.04 19:00,1.2483,1.2486,1.2474,1.2481,7021,1.248284,1.248704,1.247614,1.248408,0,0.000986,-0.001304,-0.000308
2025.02.04 20:00,1.248,1.2488,1.2479,1.2486,2244,1.248237,1.248876,1.248019,1.248876,0,0.000781,-0.000976,-0.000276
2025.02.04 21:00,1.2487,1.2489,1.2477,1.248,1703,1.24886,1.249048,1.247941,1.248253,0,0.000959,-0.001348,-0.000252
2025.02.04 23:00,1.2481,1.2482,1.2474,1.2474,0,1.247941,1.248253,1.247645,1.247692,0,0.000555,-0.000852,-0.000292
2025.02.05 00:00,1.2476,1.2483,1.2473,1.2481,1307,1.248019,1.248393,1.247521,1.248284,0,0.000779,-0.001093,-0.000184
2025.02.05 01:00,1.2482,1.2488,1.247,1.247,1296,1.248471,1.24886,1.247132,1.247132,0,0.001668,-0.00186,-0.000132
2025.02.05 02:00,1.2469,1.2482,1.2468,1.2478,903,1.247007,1.248237,1.247007,1.247925,0,0.001193,-0.001437,-0.000125
2025.02.05 03:00,1.2479,1.248,1.2473,1.2474,1204,1.248019,1.248143,1.247474,1.247521,0,0.000526,-0.000843,-0.000121
2025.02.05 04:00,1.2474,1.2475,1.2469,1.2471,406,1.247489,1.247676,1.247054,1.247241,0,0.000446,-0.000776,-0.000141
2025.02.05 05:00,1.2468,1.247,1.2463,1.2466,897,1.247225,1.247287,1.246479,1.246805,0,0.000521,-0.000987,-0.000205
2025.02.05 06:00,1.2466,1.2487,1.2465,1.2475,1713,1.246774,1.248751,1.246681,1.247614,0,0.002019,-0.002251,-0.000114
2025.02.05 07:00,1.2475,1.2505,1.247,1.25,5606,1.247505,1.250563,1.247225,1.250016,0,0.003275,-0.003563,-1.6e-05
2025.02.05 08:00,1.2499,1.2512,1.2488,1.2505,5377,1.250406,1.251298,1.249001,1.250672,0,0.002199,-0.002498,-0.000172
2025.02.05 09:00,1.2504,1.2526,1.2504,1.2517,6209,1.250766,1.252693,1.250766,1.252003,0,0.001834,-0.002293,-0.000303
2025.02.05 10:00,1.2516,1.2548,1.2512,1.2539,7031,1.251611,1.254957,1.251439,1.253966,0,0.003361,-0.003757,-6.6e-05
2025.02.05 11:00,1.2539,1.2544,1.253,1.253,2751,1.253919,1.254469,1.253227,1.253227,0,0.001173,-0.001469,-0.000227
2025.02.05 12:00,1.253,1.2538,1.2525,1.2536,2530,1.252897,1.253919,1.252678,1.25384,0,0.001122,-0.001418,-0.00024
2025.02.05 13:00,1.2536,1.2543,1.2511,1.2514,8770,1.253636,1.254453,1.251361,1.251658,0,0.002939,-0.003353,-0.000258
2025.02.05 14:00,1.2514,1.2525,1.2505,1.2516,9680,1.251549,1.252646,1.250766,1.251674,0,0.001734,-0.002146,-7.4e-05
2025.02.05 15:00,1.2517,1.2539,1.2501,1.2517,14345,1.253101,1.253101,1.250281,1.25169,0,0.003619,-0.003001,1e-05
2025.02.05 16:00,1.2516,1.2522,1.2506,1.251,6246,1.251862,1.252285,1.25086,1.25111,0,0.00134,-0.001686,-0.00011
2025.02.05 17:00,1.2511,1.2517,1.2502,1.2508,3094,1.251392,1.251799,1.25036,1.250797,0,0.001341,-0.001599,3e-06
2025.02.05 18:00,1.2507,1.2513,1.2504,1.2509,1774,1.25097,1.251423,1.250641,1.251204,0,0.000659,-0.001024,-0.000304
2025.02.05 19:00,1.251,1.2512,1.2502,1.2505,3407,1.251142,1.251298,1.250375,1.2505,0,0.000825,-0.001098,-0.0
2025.02.05 20:00,1.2505,1.2505,1.2497,1.25,2726,1.250516,1.250516,1.249891,1.250281,0,0.000609,-0.000816,-0.000281
2025.02.05 21:00,1.2501,1.2506,1.25,1.2505,1097,1.250297,1.250719,1.250203,1.250531,0,0.000397,-0.000719,-3.1e-05
2025.02.05 23:00,1.2505,1.2506,1.2498,1.2501,0,1.250453,1.250672,1.249969,1.250313,0,0.000631,-0.000872,-0.000213
2025.02.06 00:00,1.25,1.2507,1.2498,1.2502,742,1.250344,1.250829,1.249953,1.250297,0,0.000747,-0.001029,-9.7e-05
2025.02.06 01:00,1.2503,1.2509,1.2501,1.2507,626,1.250406,1.251016,1.250203,1.250829,0,0.000697,-0.000916,-0.000129
2025.02.06 02:00,1.2507,1.2508,1.2489,1.2493,1362,1.250766,1.250844,1.249063,1.249578,0,0.001737,-0.001944,-0.000278
2025.02.06 03:00,1.2494,1.2494,1.249,1.2494,396,1.249469,1.249547,1.249094,1.249531,0,0.000306,-0.000547,-0.000131
2025.02.06 04:00,1.2494,1.2495,1.2486,1.2488,311,1.249485,1.249766,1.248845,1.248845,0,0.000655,-0.001166,-4.5e-05
2025.02.06 05:00,1.2489,1.249,1.2483,1.2484,681,1.248892,1.249079,1.248253,1.248377,0,0.000747,-0.000779,2.3e-05
2025.02.06 06:00,1.2483,1.2491,1.2482,1.2485,646,1.248408,1.24911,1.24833,1.248611,0,0.00077,-0.00091,-0.000111
2025.02.06 07:00,1.2484,1.2485,1.247,1.2472,4797,1.248595,1.248595,1.247178,1.247303,0,0.001322,-0.001595,-0.000103
2025.02.06 08:00,1.2472,1.2474,1.244,1.2446,5164,1.247349,1.247443,1.244323,1.244756,0,0.003077,-0.003443,-0.000156
2025.02.06 09:00,1.2446,1.2454,1.2417,1.2424,5593,1.244756,1.245547,1.241789,1.242498,0,0.003611,-0.003847,-9.8e-05
2025.02.06 10:00,1.2425,1.243,1.2405,1.2416,7277,1.242776,1.243178,1.240818,1.241681,0,0.002182,-0.002678,-8.1e-05
2025.02.06 11:00,1.2416,1.2428,1.2413,1.2422,5929,1.241835,1.242946,1.241619,1.24239,0,0.001181,-0.001646,-0.00019
2025.02.06 12:00,1.2422,1.2432,1.2359,1.2374,32682,1.238835,1.23928,1.236721,1.237302,0,0.006479,-0.00338,9.8e-05
2025.02.06 13:00,1.2374,1.2397,1.2365,1.2382,16552,1.237547,1.239818,1.236751,1.238221,0,0.002949,-0.003318,-2.1e-05
2025.02.06 14:00,1.2382,1.2414,1.238,1.2391,9304,1.238375,1.241218,1.238206,1.239157,0,0.003194,-0.003218,-5.7e-05
2025.02.06 15:00,1.2391,1.242,1.2389,1.2413,12010,1.239234,1.242097,1.239234,1.241511,0,0.002766,-0.003197,-0.000211
2025.02.06 16:00,1.2414,1.2445,1.2413,1.2431,10132,1.241712,1.244493,1.241511,1.243317,0,0.002989,-0.003193,-0.000217
2025.02.06 17:00,1.243,1.2443,1.2429,1.2441,4703,1.243163,1.244276,1.243163,1.244276,0,0.001137,-0.001376,-0.000176
2025.02.06 18:00,1.2441,1.2455,1.2434,1.2448,7194,1.244292,1.245563,1.244137,1.244958,0,0.001363,-0.002163,-0.000158
2025.02.06 19:00,1.2448,1.2449,1.2433,1.2435,4664,1.24488,1.245035,1.243425,1.243688,0,0.001475,-0.001735,-0.000188
2025.02.06 20:00,1.2434,1.244,1.2432,1.2439,2649,1.243595,1.244137,1.243425,1.244137,0,0.000575,-0.000937,-0.000237
2025.02.06 21:00,1.2438,1.244,1.2431,1.2433,1355,1.243998,1.244091,1.243425,1.243503,0,0.000575,-0.000991,-0.000203
2025.02.06 23:00,1.2434,1.2437,1.2431,1.2433,0,1.243394,1.243766,1.24324,1.24358,0,0.00046,-0.000666,-0.00028
2025.02.07 00:00,1.2434,1.2442,1.2422,1.2424,1256,1.24358,1.244292,1.24239,1.242498,0,0.00181,-0.002092,-9.8e-05
2025.02.07 01:00,1.2424,1.2434,1.2422,1.243,789,1.242529,1.243549,1.242375,1.243178,0,0.001025,-0.001349,-0.000178
2025.02.07 02:00,1.2431,1.2438,1.2429,1.2438,1105,1.243255,1.243905,1.243116,1.243905,0,0.000684,-0.001005,-0.000105
2025.02.07 03:00,1.2438,1.2438,1.2425,1.2427,814,1.243858,1.244013,1.242576,1.242838,0,0.001224,-0.001513,-0.000138
2025.02.07 04:00,1.2427,1.2429,1.2421,1.2426,323,1.242931,1.242993,1.242329,1.242854,0,0.000571,-0.000893,-0.000254
2025.02.07 05:00,1.2424,1.2428,1.2419,1.242,424,1.242823,1.242915,1.242035,1.242159,0,0.000765,-0.001015,-0.000159
2025.02.07 06:00,1.242,1.2428,1.2418,1.2425,882,1.242221,1.2429,1.242035,1.242823,0,0.000765,-0.0011,-0.000323
2025.02.07 07:00,1.2425,1.2444,1.2423,1.2441,3017,1.242514,1.244571,1.242514,1.244261,0,0.001886,-0.002271,-0.000161
2025.02.07 08:00,1.244,1.2466,1.2439,1.2465,4559,1.244338,1.246681,1.244168,1.246665,0,0.002432,-0.002781,-0.000165
2025.02.07 09:00,1.2464,1.2468,1.2457,1.2458,2077,1.246867,1.246867,1.245873,1.245904,0,0.000927,-0.001167,-0.000104
2025.02.07 10:00,1.2459,1.2465,1.2445,1.2449,2470,1.246028,1.246541,1.244648,1.244958,0,0.001852,-0.002041,-5.8e-05
2025.02.07 11:00,1.2449,1.2457,1.2445,1.2452,1341,1.244973,1.245811,1.244632,1.245454,0,0.001068,-0.001311,-0.000254
2025.02.07 12:00,1.2452,1.2452,1.244,1.2446,2389,1.245268,1.245314,1.244214,1.24471,0,0.000986,-0.001315,-0.00011
2025.02.07 13:00,1.2446,1.2494,1.2419,1.243,15341,1.244865,1.245842,1.242174,1.243271,0,0.007226,-0.003942,-0.000271
2025.02.07 14:00,1.2429,1.2466,1.2427,1.246,7978,1.242915,1.246681,1.242915,1.246152,0,0.003685,-0.003981,-0.000152
2025.02.07 15:00,1.2459,1.246,1.2392,1.2423,24360,1.245485,1.245935,1.239618,1.242313,0,0.006382,-0.006735,-1.3e-05
2025.02.07 16:00,1.2423,1.243,1.2386,1.2392,22241,1.241943,1.241943,1.238943,1.239357,0,0.004058,-0.003343,-0.000157
2025.02.07 17:00,1.2391,1.242,1.2375,1.2401,14113,1.239234,1.241758,1.237716,1.240202,0,0.004284,-0.004258,-0.000102
2025.02.07 18:00,1.2401,1.2422,1.24,1.2403,3377,1.240402,1.242113,1.240172,1.240172,0,0.002028,-0.002113,0.000128
2025.02.07 19:00,1.2403,1.2416,1.2403,1.2412,3131,1.24051,1.241619,1.24051,1.241295,0,0.00109,-0.001319,-9.5e-05
2025.02.07 20:00,1.2413,1.2416,1.2398,1.2406,1838,1.241218,1.24165,1.239972,1.240664,0,0.001628,-0.00185,-6.4e-05
2025.02.07 21:00,1.2406,1.2411,1.2397,1.2401,2125,1.240895,1.241218,1.239972,1.240279,0,0.001128,-0.001518,-0.000179
2025.02.10 00:00,1.2389,1.2399,1.2389,1.2391,520,1.239019,1.240049,1.239019,1.239188,0,0.000881,-0.001149,-8.8e-05
2025.02.10 01:00,1.2391,1.2394,1.2379,1.2382,794,1.239234,1.239465,1.238053,1.238298,0,0.001347,-0.001565,-9.8e-05
2025.02.10 02:00,1.2382,1.2389,1.2379,1.2379,376,1.238344,1.238973,1.238083,1.238191,0,0.000816,-0.001073,-0.000291
2025.02.10 03:00,1.2381,1.2395,1.2381,1.2394,297,1.238206,1.239649,1.238206,1.239649,0,0.001294,-0.001549,-0.000249
2025.02.10 04:00,1.2396,1.24,1.2394,1.2397,533,1.23968,1.240156,1.239618,1.239864,0,0.000382,-0.000756,-0.000164
2025.02.10 05:00,1.2398,1.2408,1.2397,1.24,301,1.239895,1.24088,1.239864,1.23991,0,0.000936,-0.00118,9e-05
2025.02.10 06:00,1.24,1.241,1.2398,1.2408,1085,1.240156,1.241064,1.239956,1.241018,0,0.001044,-0.001264,-0.000218
2025.02.10 07:00,1.2408,1.2414,1.2401,1.2404,1873,1.241018,1.241419,1.240325,1.240418,0,0.001075,-0.001319,-1.8e-05
2025.02.10 08:00,1.2403,1.2406,1.239,1.2397,2847,1.240495,1.240679,1.239142,1.239649,0,0.001458,-0.001679,5.1e-05
2025.02.10 09:00,1.2396,1.2419,1.2396,1.2407,2848,1.239741,1.242035,1.239741,1.240772,0,0.002159,-0.002435,-7.2e-05
2025.02.10 10:00,1.2407,1.2415,1.2401,1.2411,1429,1.240803,1.241634,1.24031,1.241326,0,0.00119,-0.001534,-0.000226
2025.02.10 11:00,1.2411,1.2421,1.2397,1.24,2382,1.241218,1.24219,1.239757,1.240325,0,0.002343,-0.00249,-0.000325
2025.02.10 12:00,1.2402,1.2403,1.2378,1.2388,4455,1.240341,1.240341,1.238022,1.238804,0,0.002278,-0.002541,-4e-06
2025.02.10 13:00,1.2388,1.2399,1.2386,1.239,5193,1.23862,1.239879,1.23862,1.239004,0,0.00128,-0.001279,-4e-06
2025.02.10 14:00,1.239,1.2391,1.237,1.2378,4381,1.239111,1.239111,1.237272,1.237777,0,0.001828,-0.002111,2.3e-05
2025.02.10 15:00,1.2379,1.2394,1.2377,1.2388,5215,1.237991,1.239388,1.237976,1.238943,0,0.001424,-0.001688,-0.000142
2025.02.10 16:00,1.2388,1.2392,1.2372,1.2381,5210,1.239081,1.239188,1.237363,1.238099,0,0.001837,-0.001988,1e-06
2025.02.10 17:00,1.2381,1.2385,1.2371,1.2379,3479,1.23816,1.23859,1.23721,1.237961,0,0.00129,-0.00149,-6.1e-05
2025.02.10 18:00,1.2379,1.238,1.2365,1.2366,2457,1.238083,1.238114,1.23666,1.236797,0,0.001341,-0.001614,-0.000197
2025.02.10 19:00,1.2366,1.2372,1.2364,1.2365,2665,1.236675,1.237302,1.236507,1.236736,0,0.000693,-0.000902,-0.000236
2025.02.10 20:00,1.2365,1.2369,1.2361,1.2365,3169,1.236675,1.236965,1.236338,1.23669,0,0.000561,-0.000865,-0.00019
2025.02.10 21:00,1.2364,1.2367,1.2362,1.2366,2296,1.236552,1.236889,1.2364,1.236675,0,0.0003,-0.000689,-7.5e-05
2025.02.10 23:00,1.2366,1.2369,1.2354,1.2359,0,1.236644,1.236812,1.235529,1.236002,0,0.001371,-0.001413,-0.000102
2025.02.11 00:00,1.2358,1.2363,1.2353,1.236,1154,1.235972,1.23643,1.235437,1.236125,0,0.000863,-0.00113,-0.000125
2025.02.11 01:00,1.236,1.2364,1.2357,1.2359,815,1.236216,1.236537,1.235804,1.235987,0,0.000596,-0.000837,-8.7e-05
2025.02.11 02:00,1.2358,1.236,1.2344,1.2346,1411,1.236002,1.236125,1.234583,1.234675,0,0.001417,-0.001724,-7.5e-05
2025.02.11 03:00,1.2346,1.2355,1.2345,1.2352,317,1.234827,1.235544,1.234705,1.235391,0,0.000795,-0.001044,-0.000191
2025.02.11 04:00,1.2353,1.2359,1.2352,1.2359,0,1.235391,1.236094,1.235361,1.236063,0,0.000539,-0.000894,-0.000163
2025.02.11 05:00,1.2361,1.2363,1.2357,1.236,495,1.236079,1.236338,1.235911,1.236323,0,0.000389,-0.000638,-0.000323
2025.02.11 06:00,1.236,1.2365,1.2357,1.2357,1654,1.236216,1.236537,1.235911,1.236063,0,0.000589,-0.000837,-0.000363
2025.02.11 07:00,1.2358,1.2359,1.2338,1.2339,3348,1.235926,1.235926,1.234233,1.234233,0,0.001667,-0.002126,-0.000333
2025.02.11 08:00,1.2339,1.2359,1.2332,1.2356,5330,1.234096,1.236002,1.23338,1.235712,0,0.00252,-0.002802,-0.000112
2025.02.11 09:00,1.2356,1.2377,1.2356,1.2364,4737,1.235743,1.237884,1.235743,1.236675,0,0.001957,-0.002284,-0.000275
2025.02.11 10:00,1.2364,1.2367,1.2355,1.2359,3056,1.236583,1.236812,1.235697,1.236063,0,0.001003,-0.001312,-0.000163
2025.02.11 11:00,1.236,1.2368,1.2359,1.2365,1100,1.236125,1.23692,1.236079,1.236629,0,0.000721,-0.001019,-0.000129
2025.02.11 12:00,1.2365,1.238,1.2357,1.238,6359,1.236721,1.238145,1.236186,1.238145,0,0.001814,-0.002445,-0.000145
2025.02.11 13:00,1.238,1.2398,1.2374,1.2397,9581,1.238068,1.239864,1.237578,1.239664,0,0.002222,-0.002464,3.6e-05
2025.02.11 14:00,1.2398,1.2413,1.2396,1.2405,8974,1.239926,1.241372,1.239803,1.240895,0,0.001497,-0.001773,-0.000395
2025.02.11 15:00,1.2407,1.2416,1.2402,1.2404,5842,1.240772,1.241681,1.240449,1.240587,0,0.001151,-0.001481,-0.000187
2025.02.11 16:00,1.2404,1.2426,1.2404,1.242,6931,1.240572,1.242637,1.240572,1.242236,0,0.002028,-0.002237,-0.000236
2025.02.11 17:00,1.242,1.2425,1.2418,1.2423,3550,1.242082,1.242591,1.241958,1.242421,0,0.000542,-0.000791,-0.000121
2025.02.11 18:00,1.2423,1.2429,1.242,1.2424,1767,1.24239,1.242993,1.242205,1.242498,0,0.000695,-0.000993,-9.8e-05
2025.02.11 19:00,1.2424,1.2454,1.242,1.2438,7712,1.242514,1.244803,1.242159,1.243951,0,0.003241,-0.002803,-0.000151
2025.02.11 20:00,1.2438,1.2448,1.2435,1.2444,2809,1.244075,1.244849,1.243719,1.244648,0,0.001081,-0.001349,-0.000248
2025.02.11 21:00,1.2443,1.2448,1.2442,1.2447,1648,1.2444,1.244865,1.244354,1.244694,0,0.000446,-0.000665,5e-06
2025.02.11 23:00,1.2445,1.2451,1.2444,1.2449,0,1.244416,1.245175,1.244416,1.245129,0,0.000684,-0.000775,-0.000229
2025.02.12 00:00,1.245,1.2452,1.2439,1.2444,770,1.245206,1.245252,1.244091,1.244586,0,0.001109,-0.001353,-0.000186
2025.02.12 01:00,1.2444,1.2453,1.2437,1.2449,938,1.244478,1.245283,1.243858,1.244896,0,0.001442,-0.001583,4e-06
2025.02.12 02:00,1.245,1.2457,1.2449,1.2451,571,1.245066,1.245889,1.245066,1.245175,0,0.000634,-0.000989,-7.5e-05
2025.02.12 03:00,1.245,1.2455,1.2443,1.245,621,1.245129,1.245594,1.244524,1.24502,0,0.000976,-0.001294,-2e-05
2025.02.12 04:00,1.2449,1.2449,1.2441,1.2442,939,1.24502,1.24502,1.244214,1.244338,0,0.000686,-0.00092,-0.000138
2025.02.12 05:00,1.2443,1.2445,1.2441,1.2445,562,1.24423,1.244679,1.244106,1.244601,0,0.000394,-0.000579,-0.000101
2025.02.12 06:00,1.2445,1.2447,1.244,1.2442,1273,1.244601,1.244787,1.244168,1.244385,0,0.000532,-0.000787,-0.000185
2025.02.12 07:00,1.2443,1.2459,1.2442,1.2456,2265,1.244524,1.245982,1.244478,1.245687,0,0.001422,-0.001782,-8.7e-05
2025.02.12 08:00,1.2456,1.2464,1.2438,1.2442,3929,1.245532,1.246385,1.24406,1.24406,0,0.00234,-0.002585,0.00014
2025.02.12 09:00,1.2441,1.2446,1.2434,1.2446,2902,1.244183,1.244679,1.243657,1.244601,0,0.000943,-0.001279,-1e-06
2025.02.12 10:00,1.2446,1.2447,1.2437,1.2441,2972,1.244741,1.244787,1.243905,1.24423,0,0.000795,-0.001087,-0.00013
2025.02.12 11:00,1.2441,1.2461,1.244,1.2456,3087,1.244183,1.246184,1.244183,1.245811,0,0.001917,-0.002184,-0.000211
2025.02.12 12:00,1.2455,1.2459,1.2449,1.245,3698,1.245718,1.245935,1.245206,1.245547,0,0.000694,-0.001035,-0.000547
2025.02.12 13:00,1.2451,1.2452,1.2376,1.2387,20567,1.245268,1.245268,1.237961,1.239173,0,0.007239,-0.007668,-0.000473
2025.02.12 14:00,1.2388,1.2406,1.2377,1.2403,9726,1.238881,1.240602,1.237961,1.240187,0,0.002639,-0.002902,0.000113
2025.02.12 15:00,1.2403,1.2448,1.2388,1.2434,22377,1.240387,1.244555,1.239188,1.243348,0,0.005612,-0.005755,5.2e-05
2025.02.12 16:00,1.2433,1.2445,1.2402,1.2442,9407,1.243456,1.2444,1.240464,1.244369,0,0.004036,-0.0042,-0.000169
2025.02.12 17:00,1.2442,1.2482,1.2442,1.2477,13564,1.244354,1.248315,1.244354,1.248081,0,0.003846,-0.004115,-0.000381
2025.02.12 18:00,1.2477,1.2482,1.2442,1.2443,6672,1.247972,1.248206,1.2444,1.244462,0,0.0038,-0.004006,-0.000162
2025.02.12 19:00,1.2443,1.2449,1.2439,1.2445,2998,1.244416,1.244942,1.244168,1.244772,0,0.000732,-0.001042,-0.000272
2025.02.12 20:00,1.2446,1.2451,1.2442,1.2444,2494,1.24471,1.245206,1.2444,1.244663,0,0.0007,-0.001006,-0.000263
2025.02.12 21:00,1.2443,1.245,1.2433,1.2442,4620,1.244632,1.244632,1.243967,1.244416,0,0.001033,-0.001333,-0.000216
2025.02.12 23:00,1.2441,1.245,1.2441,1.245,0,1.244369,1.245035,1.244307,1.24502,0,0.000693,-0.000935,-2e-05
2025.02.13 00:00,1.245,1.2455,1.2443,1.2444,513,1.245159,1.245671,1.244478,1.244478,0,0.001022,-0.001371,-7.8e-05
2025.02.13 01:00,1.2445,1.2457,1.2442,1.2456,392,1.244555,1.24578,1.2444,1.245733,0,0.0013,-0.00158,-0.000133
2025.02.13 02:00,1.2456,1.2462,1.2451,1.2461,507,1.245609,1.24637,1.245299,1.246261,0,0.000901,-0.00127,-0.000161
2025.02.13 03:00,1.2462,1.248,1.2461,1.2477,907,1.246339,1.248034,1.246168,1.247661,0,0.001832,-0.001934,3.9e-05
2025.02.13 04:00,1.2476,1.2492,1.2476,1.2487,2194,1.247676,1.249204,1.247676,1.248829,0,0.001524,-0.001604,-0.000129
2025.02.13 05:00,1.2491,1.2496,1.2489,1.249,4431,1.24886,1.249578,1.24886,1.249188,0,0.00074,-0.000678,-0.000188
2025.02.13 06:00,1.2491,1.2498,1.2487,1.2488,5304,1.249235,1.249859,1.24886,1.24886,0,0.000939,-0.001159,-6e-05
2025.02.13 07:00,1.2489,1.2517,1.2487,1.2509,11272,1.250031,1.251737,1.249766,1.250938,0,0.001934,-0.003037,-3.8e-05
2025.02.13 08:00,1.2509,1.251,1.2472,1.2474,4902,1.250876,1.250876,1.247396,1.247567,0,0.003604,-0.003676,-0.000167
2025.02.13 09:00,1.2476,1.2496,1.2473,1.249,4390,1.247567,1.249938,1.247505,1.249126,0,0.002095,-0.002638,-0.000126
2025.02.13 10:00,1.249,1.2504,1.2485,1.2493,3967,1.249016,1.2505,1.248658,1.249297,0,0.001742,-0.002,3e-06
2025.02.13 11:00,1.2492,1.2503,1.2469,1.2475,7567,1.249375,1.250422,1.247209,1.247723,0,0.003091,-0.003522,-0.000223
2025.02.13 12:00,1.2474,1.2474,1.2459,1.2467,3657,1.247521,1.247521,1.246121,1.24665,0,0.001279,-0.001621,5e-05
2025.02.13 13:00,1.2468,1.2479,1.2452,1.247,10132,1.246852,1.247661,1.245516,1.247209,0,0.002384,-0.002461,-0.000209
2025.02.13 14:00,1.247,1.2483,1.2461,1.2483,6286,1.2471,1.248299,1.246261,1.24819,0,0.002039,-0.002199,0.00011
2025.02.13 15:00,1.2483,1.2525,1.248,1.2522,22504,1.248502,1.252521,1.248346,1.252317,0,0.004154,-0.004521,-0.000117
2025.02.13 16:00,1.2523,1.2541,1.2519,1.2526,8407,1.252364,1.254029,1.252254,1.252756,0,0.001846,-0.002129,-0.000156
2025.02.13 17:00,1.2525,1.2543,1.2521,1.2521,6112,1.252646,1.254453,1.252411,1.252489,0,0.001889,-0.002353,-0.000389
2025.02.13 18:00,1.2522,1.2528,1.2476,1.2508,20767,1.252207,1.252866,1.248299,1.251283,0,0.004501,-0.005266,-0.000483
2025.02.13 19:00,1.2508,1.2544,1.2507,1.2537,7515,1.250829,1.254422,1.250829,1.253746,0,0.003571,-0.003722,-4.6e-05
2025.02.13 20:00,1.2537,1.2567,1.2534,1.2559,8277,1.25373,1.256676,1.253573,1.256171,0,0.003127,-0.003276,-0.000271
2025.02.13 21:00,1.2559,1.2567,1.2556,1.2565,2630,1.256029,1.256771,1.255745,1.256692,0,0.000955,-0.001171,-0.000192
2025.02.13 23:00,1.2562,1.2569,1.2557,1.2563,0,1.256455,1.25696,1.255855,1.256329,0,0.001045,-0.00126,-2.9e-05
2025.02.14 00:00,1.2564,1.2565,1.2557,1.2561,945,1.256613,1.256613,1.25565,1.256045,0,0.00085,-0.000913,5.5e-05
2025.02.14 01:00,1.256,1.2573,1.2559,1.2563,4002,1.256013,1.257118,1.255997,1.256329,0,0.001303,-0.001218,-2.9e-05
2025.02.14 02:00,1.2563,1.2565,1.2558,1.2559,1384,1.256345,1.25655,1.255934,1.256029,0,0.000566,-0.00075,-0.000129
2025.02.14 03:00,1.2559,1.256,1.2555,1.2557,420,1.25606,1.256155,1.255619,1.255887,0,0.000381,-0.000655,-0.000187
2025.02.14 04:00,1.2558,1.2562,1.2554,1.2555,752,1.255919,1.25625,1.25554,1.255556,0,0.00066,-0.00085,-5.6e-05
2025.02.14 05:00,1.2554,1.2555,1.2549,1.2553,886,1.255619,1.255698,1.255067,1.255335,0,0.000433,-0.000798,-3.5e-05
2025.02.14 06:00,1.2553,1.2562,1.2552,1.2559,1644,1.255382,1.256313,1.255382,1.25606,0,0.000818,-0.001113,-0.00016
2025.02.14 07:00,1.256,1.2575,1.2558,1.2563,4133,1.256092,1.257482,1.25606,1.256534,0,0.00144,-0.001682,-0.000234
2025.02.14 08:00,1.2563,1.2594,1.2563,1.2584,5616,1.256644,1.259478,1.256518,1.258511,0,0.002882,-0.003178,-0.000111
2025.02.14 09:00,1.2584,1.2596,1.2582,1.2587,3560,1.258511,1.259541,1.258321,1.258748,0,0.001279,-0.001341,-4.8e-05
2025.02.14 10:00,1.2586,1.2589,1.2574,1.2578,2340,1.258748,1.259018,1.257545,1.257782,0,0.001355,-0.001618,1.8e-05
2025.02.14 11:00,1.2579,1.2586,1.2574,1.2581,2042,1.257656,1.258717,1.257434,1.258194,0,0.001166,-0.001317,-9.4e-05
2025.02.14 12:00,1.2581,1.2588,1.2571,1.2585,3626,1.258004,1.258827,1.257324,1.258463,0,0.001476,-0.001727,3.7e-05
2025.02.14 13:00,1.2585,1.2613,1.2583,1.2602,14284,1.258558,1.260954,1.258463,1.260414,0,0.002837,-0.002655,-0.000214
2025.02.14 14:00,1.2603,1.263,1.2601,1.2626,8174,1.260366,1.262977,1.260366,1.26269,0,0.002634,-0.002877,-9e-05
2025.02.14 15:00,1.2626,1.2627,1.2601,1.2616,13762,1.262722,1.262722,1.260335,1.261957,0,0.002365,-0.002622,-0.000357
2025.02.14 16:00,1.2616,1.2621,1.2604,1.2604,4632,1.261734,1.261973,1.260573,1.2607,0,0.001527,-0.001573,-0.0003
2025.02.14 17:00,1.2605,1.2611,1.2601,1.2608,3913,1.2607,1.261177,1.260255,1.261082,0,0.000845,-0.001077,-0.000282
2025.02.14 18:00,1.2609,1.2609,1.2594,1.2601,3137,1.260986,1.261002,1.259668,1.260224,0,0.001232,-0.001602,-0.000124
2025.02.14 19:00,1.2601,1.2601,1.2592,1.2594,4470,1.260319,1.260382,1.259414,1.259668,0,0.000686,-0.001182,-0.000268
2025.02.14 20:00,1.2595,1.2595,1.2584,1.2586,4510,1.259478,1.259478,1.258685,1.258685,0,0.000815,-0.001078,-8.5e-05
2025.02.14 21:00,1.2586,1.2588,1.2582,1.2582,1612,1.258653,1.258923,1.258511,1.25859,0,0.000289,-0.000723,-0.00039
2025.02.17 00:00,1.2584,1.2587,1.2581,1.2585,603,1.258495,1.258812,1.258147,1.258637,0,0.000553,-0.000712,-0.000137
2025.02.17 01:00,1.2584,1.26,1.2579,1.2599,1430,1.258511,1.260081,1.25802,1.260017,0,0.00198,-0.002181,-0.000117
2025.02.17 02:00,1.2598,1.2598,1.2589,1.2593,562,1.259922,1.259922,1.25916,1.259541,0,0.00064,-0.001022,-0.000241
2025.02.17 03:00,1.2593,1.2596,1.2587,1.259,342,1.259446,1.2597,1.258796,1.25916,0,0.000804,-0.001,-0.00016
2025.02.17 04:00,1.2591,1.2596,1.2586,1.2596,429,1.259176,1.259731,1.258827,1.259604,0,0.000773,-0.001131,-4e-06
2025.02.18 05:00,1.2594,1.2598,1.2593,1.2598,879,1.259716,1.259922,1.259367,1.259843,0,0.000433,-0.000622,-4.3e-05
2025.02.18 06:00,1.2598,1.2603,1.2592,1.2602,2953,1.259954,1.260366,1.259382,1.260224,0,0.000918,-0.001166,-2.3e-05
2025.02.18 07:00,1.2601,1.2621,1.2589,1.2613,4240,1.260954,1.262132,1.260859,1.2614,0,0.001241,-0.003232,-0.0001
2025.02.18 08:00,1.2613,1.2622,1.2607,1.2608,3583,1.261686,1.262196,1.260875,1.260986,0,0.001325,-0.001496,-0.000186
2025.02.18 09:00,1.2608,1.2614,1.2601,1.2607,2105,1.261002,1.2614,1.260255,1.260827,0,0.001145,-0.0013,-0.000127
2025.02.18 10:00,1.2607,1.2609,1.2591,1.2595,2885,1.260811,1.260939,1.259287,1.259573,0,0.001613,-0.001839,-7.3e-05
2025.02.18 11:00,1.2596,1.2604,1.2595,1.2599,2249,1.2597,1.260525,1.2597,1.260017,0,0.0007,-0.001025,-0.000117
2025.02.18 12:00,1.2599,1.2607,1.2585,1.2587,5829,1.260112,1.260764,1.258685,1.258859,0,0.002015,-0.002264,-0.000159
2025.02.18 13:00,1.2588,1.2599,1.2582,1.2592,6873,1.258954,1.259938,1.258495,1.259208,0,0.001405,-0.001738,-8e-06
2025.02.18 14:00,1.2592,1.2607,1.2589,1.2605,5474,1.259145,1.260764,1.259002,1.260573,0,0.001698,-0.001864,-7.3e-05
2025.02.18 15:00,1.2606,1.262,1.2604,1.2615,11858,1.261114,1.261925,1.260668,1.261702,0,0.001332,-0.001525,-0.000202
2025.02.18 16:00,1.2614,1.2618,1.2604,1.261,5795,1.261718,1.261814,1.260478,1.261018,0,0.001322,-0.001414,-1.8e-05
2025.02.18 17:00,1.261,1.261,1.2599,1.2599,2507,1.261066,1.261066,1.260065,1.260097,0,0.000935,-0.001166,-0.000197
2025.02.18 18:00,1.26,1.2602,1.2591,1.26,3049,1.260097,1.260382,1.259382,1.260112,0,0.000818,-0.001282,-0.000112
2025.02.18 19:00,1.26,1.2605,1.2594,1.2597,3977,1.260081,1.260541,1.259573,1.259795,0,0.000927,-0.001141,-9.5e-05
2025.02.18 20:00,1.2597,1.2607,1.2593,1.2606,2325,1.259636,1.260716,1.259636,1.260716,0,0.001064,-0.001416,-0.000116
2025.02.18 21:00,1.2605,1.2614,1.2603,1.2614,3618,1.260605,1.261448,1.260605,1.261448,0,0.000795,-0.001148,-4.8e-05
2025.02.18 23:00,1.2629,1.2633,1.2621,1.2623,0,1.263121,1.263121,1.262276,1.262515,0,0.001024,-0.001021,-0.000215
2025.02.19 00:00,1.2623,1.2627,1.2616,1.2616,1029,1.262387,1.262658,1.261686,1.261686,0,0.001014,-0.001058,-8.6e-05
2025.02.19 01:00,1.2617,1.2619,1.2607,1.2613,1319,1.261782,1.261782,1.260843,1.261352,0,0.001057,-0.001082,-5.2e-05
2025.02.19 02:00,1.2612,1.2617,1.2609,1.2615,1041,1.261336,1.261798,1.261082,1.261639,0,0.000618,-0.000898,-0.000139
2025.02.19 03:00,1.2615,1.2617,1.2608,1.2615,543,1.261543,1.261686,1.260923,1.261654,0,0.000777,-0.000886,-0.000154
2025.02.19 04:00,1.2616,1.2616,1.2609,1.2615,312,1.261654,1.261702,1.261161,1.261686,0,0.000439,-0.000802,-0.000186
2025.02.19 05:00,1.2617,1.2624,1.2614,1.2624,485,1.261654,1.262467,1.261432,1.262467,0,0.000968,-0.001067,-6.7e-05
2025.02.19 06:00,1.2623,1.2627,1.2616,1.2616,1762,1.262371,1.262786,1.26175,1.261766,0,0.00095,-0.001186,-0.000166
2025.02.19 07:00,1.2618,1.2638,1.2611,1.2617,5433,1.262005,1.263041,1.261336,1.261941,0,0.002464,-0.001941,-0.000241
2025.02.19 08:00,1.2618,1.2629,1.2608,1.2612,4122,1.261941,1.262993,1.261098,1.261273,0,0.001802,-0.002193,-7.3e-05
2025.02.19 09:00,1.2612,1.2622,1.2602,1.2604,2417,1.261257,1.26226,1.260446,1.260525,0,0.001754,-0.00206,-0.000125
2025.02.19 10:00,1.2605,1.2605,1.2584,1.2591,2926,1.260398,1.260494,1.258574,1.259192,0,0.001926,-0.002094,-9.2e-05
2025.02.19 11:00,1.2591,1.2595,1.2575,1.2584,3368,1.259129,1.2597,1.257624,1.258606,0,0.001876,-0.0022,-0.000206
2025.02.19 12:00,1.2583,1.259,1.2577,1.2586,3170,1.258242,1.259065,1.257846,1.258637,0,0.001154,-0.001365,-3.7e-05
2025.02.19 13:00,1.2586,1.2596,1.2584,1.2589,3360,1.258685,1.259811,1.258685,1.259176,0,0.000915,-0.001411,-0.000276
2025.02.19 14:00,1.2591,1.2593,1.2581,1.2591,3910,1.259145,1.25943,1.258352,1.259256,0,0.000948,-0.00133,-0.000156
2025.02.19 15:00,1.2591,1.2606,1.2585,1.2589,8963,1.259414,1.260573,1.258606,1.259081,0,0.001994,-0.002073,-0.000181
2025.02.19 16:00,1.2589,1.2589,1.2569,1.257,7145,1.258891,1.258954,1.257118,1.257245,0,0.001782,-0.002054,-0.000245
2025.02.19 17:00,1.257,1.2574,1.2563,1.2572,6472,1.257071,1.257545,1.256408,1.257356,0,0.000992,-0.001245,-0.000156
2025.02.19 18:00,1.2572,1.2579,1.2566,1.2574,2519,1.257434,1.257957,1.256724,1.257498,0,0.001176,-0.001357,-9.8e-05
2025.02.19 19:00,1.2575,1.2589,1.2572,1.2584,3578,1.257514,1.259002,1.257356,1.258368,0,0.001544,-0.001802,3.2e-05
2025.02.19 20:00,1.2583,1.2587,1.258,1.2587,1812,1.258384,1.258764,1.258178,1.258717,0,0.000522,-0.000764,-1.7e-05
2025.02.19 21:00,1.2587,1.2587,1.2583,1.2585,1215,1.258669,1.258796,1.258479,1.258574,0,0.000221,-0.000496,-7.4e-05
2025.02.19 23:00,1.2585,1.2585,1.2578,1.2582,0,1.258257,1.258685,1.257988,1.258336,0,0.000512,-0.000885,-0.000136
2025.02.20 00:00,1.2582,1.2592,1.2581,1.259,816,1.258289,1.259303,1.258147,1.259303,0,0.001053,-0.001203,-0.000303
2025.02.20 01:00,1.2592,1.2594,1.258,1.2583,834,1.259382,1.259414,1.258115,1.258352,0,0.001285,-0.001414,-5.2e-05
2025.02.20 02:00,1.2582,1.2595,1.258,1.2593,1452,1.258273,1.259557,1.258115,1.259493,0,0.001385,-0.001557,-0.000193
2025.02.20 03:00,1.2594,1.2594,1.2588,1.2592,595,1.25943,1.259509,1.258875,1.259303,0,0.000525,-0.000709,-0.000103
2025.02.20 04:00,1.2591,1.2593,1.2588,1.2593,650,1.259367,1.259525,1.258938,1.259525,0,0.000362,-0.000725,-0.000225
2025.02.20 05:00,1.2597,1.2598,1.2592,1.2593,498,1.259446,1.259954,1.259335,1.259351,0,0.000465,-0.000754,-5.1e-05
2025.02.20 06:00,1.2593,1.2602,1.2589,1.2589,1359,1.259351,1.26016,1.259097,1.259097,0,0.001103,-0.00126,-0.000197
2025.02.20 07:00,1.259,1.2601,1.2589,1.2594,2488,1.259065,1.260192,1.259065,1.259747,0,0.001035,-0.001292,-0.000347
2025.02.20 08:00,1.2594,1.2616,1.2594,1.2608,4061,1.259779,1.261495,1.259779,1.26097,0,0.001821,-0.002095,-0.00017
2025.02.20 09:00,1.2608,1.2615,1.2603,1.2614,3485,1.26105,1.261511,1.260478,1.261511,0,0.001022,-0.001211,-0.000111
2025.02.20 10:00,1.2613,1.2619,1.2609,1.2616,3839,1.261273,1.261973,1.261161,1.26175,0,0.000739,-0.001073,-0.00015
2025.02.20 11:00,1.2617,1.2617,1.26,1.2608,3275,1.261686,1.261686,1.260081,1.260891,0,0.001619,-0.001686,-9.1e-05
2025.02.20 12:00,1.2609,1.2617,1.2597,1.2599,4466,1.261129,1.261766,1.259843,1.260208,0,0.001858,-0.002066,-0.000308
2025.02.20 13:00,1.2598,1.2622,1.2598,1.2613,6068,1.260097,1.262276,1.260081,1.261241,0,0.002119,-0.002476,5.9e-05
2025.02.20 14:00,1.2612,1.2624,1.2607,1.2613,10949,1.26105,1.262339,1.260748,1.261145,0,0.001652,-0.001639,0.000155
2025.02.20 15:00,1.2612,1.2644,1.2604,1.264,11727,1.260907,1.26427,1.260668,1.264079,0,0.003732,-0.00387,-7.9e-05
2025.02.20 16:00,1.2639,1.2648,1.2632,1.2641,6274,1.263983,1.264862,1.263376,1.264159,0,0.001424,-0.001662,-5.9e-05
2025.02.20 17:00,1.264,1.266,1.2636,1.2652,4939,1.264191,1.265935,1.263807,1.265342,0,0.002193,-0.002335,-0.000142
2025.02.20 18:00,1.2651,1.2663,1.2648,1.2661,3698,1.26499,1.266352,1.26499,1.266207,0,0.00131,-0.001552,-0.000107
2025.02.20 19:00,1.266,1.267,1.2652,1.2669,6448,1.266191,1.267058,1.265454,1.266978,0,0.001546,-0.001858,-7.8e-05
2025.02.20 20:00,1.2668,1.2671,1.2663,1.2671,2921,1.266881,1.267122,1.266512,1.26709,0,0.000588,-0.000822,1e-05
2025.02.20 21:00,1.2669,1.2671,1.2666,1.2669,859,1.267042,1.267138,1.266769,1.267058,0,0.000331,-0.000538,-0.000158
2025.02.20 23:00,1.2666,1.2674,1.2665,1.2669,0,1.266897,1.267443,1.266897,1.267026,0,0.000503,-0.000943,-0.000126
2025.02.21 00:00,1.2668,1.2669,1.2658,1.2658,1128,1.267026,1.267042,1.265887,1.265983,0,0.001013,-0.001242,-0.000183
2025.02.21 01:00,1.2658,1.2661,1.2653,1.2656,1673,1.265855,1.266255,1.265422,1.265711,0,0.000678,-0.000955,-0.000111
2025.02.21 02:00,1.2656,1.2674,1.2655,1.2672,1789,1.265695,1.267363,1.265663,1.267315,0,0.001737,-0.001863,-0.000115
2025.02.21 03:00,1.2673,1.2673,1.2666,1.2669,596,1.267331,1.267331,1.266753,1.266978,0,0.000547,-0.000731,-7.8e-05
2025.02.21 04:00,1.2669,1.267,1.2663,1.2665,458,1.266897,1.267058,1.26648,1.266544,0,0.00052,-0.000758,-4.4e-05
2025.02.21 05:00,1.2659,1.2662,1.2657,1.266,834,1.266544,1.266544,1.265727,1.266063,0,0.000473,-0.000844,-6.3e-05
2025.02.21 06:00,1.2659,1.2665,1.2656,1.266,1793,1.266015,1.266496,1.265823,1.266063,0,0.000677,-0.000896,-6.3e-05
2025.02.21 07:00,1.266,1.2678,1.266,1.2669,6205,1.266817,1.267797,1.266817,1.266978,0,0.000983,-0.001797,-7.8e-05
2025.02.21 08:00,1.2669,1.267,1.2649,1.2659,6020,1.266978,1.267058,1.265054,1.265807,0,0.001946,-0.002158,9.3e-05
2025.02.21 09:00,1.266,1.2663,1.263,1.2649,6987,1.266207,1.266207,1.264414,1.265038,0,0.001886,-0.003207,-0.000138
2025.02.21 10:00,1.265,1.2656,1.2644,1.2647,3396,1.26499,1.265615,1.264542,1.26491,0,0.001058,-0.001215,-0.00021
2025.02.21 11:00,1.2646,1.2654,1.2643,1.2644,3098,1.26467,1.26563,1.264414,1.264446,0,0.000986,-0.00133,-4.6e-05
2025.02.21 12:00,1.2645,1.2647,1.2636,1.264,3006,1.264542,1.265054,1.263743,1.264063,0,0.000957,-0.001454,-6.3e-05
2025.02.21 13:00,1.2639,1.265,1.2638,1.2646,5682,1.264063,1.265166,1.264063,1.264638,0,0.000937,-0.001366,-3.8e-05
2025.02.21 14:00,1.2646,1.267,1.2639,1.2656,9814,1.264942,1.26656,1.264015,1.265502,0,0.002985,-0.00266,9.8e-05
2025.02.21 15:00,1.2655,1.266,1.2629,1.2637,11055,1.265727,1.265951,1.263073,1.263951,0,0.002927,-0.003051,-0.000251
2025.02.21 16:00,1.2638,1.2648,1.2636,1.2643,3988,1.263951,1.264846,1.263759,1.264446,0,0.001041,-0.001246,-0.000146
2025.02.21 17:00,1.2644,1.2649,1.2636,1.2644,3211,1.264478,1.264894,1.263903,1.26443,0,0.000997,-0.001294,-3e-05
2025.02.21 18:00,1.2644,1.2645,1.2624,1.2634,3963,1.264478,1.264478,1.262547,1.263472,0,0.001953,-0.002078,-7.2e-05
2025.02.21 19:00,1.2634,1.2638,1.2628,1.2631,5586,1.2636,1.263919,1.262977,1.263216,0,0.000823,-0.001119,-0.000116
2025.02.21 20:00,1.2631,1.2635,1.2627,1.2631,3116,1.263152,1.263631,1.263041,1.263041,0,0.000459,-0.000932,5.9e-05
2025.02.21 21:00,1.263,1.2634,1.2626,1.2632,1775,1.263201,1.263344,1.262722,1.262881,0,0.000678,-0.000744,0.000319
2025.02.24 00:00,1.2649,1.2673,1.2644,1.2667,2520,1.264878,1.267267,1.264574,1.266737,0,0.002726,-0.002867,-3.7e-05
2025.02.24 01:00,1.2666,1.2679,1.2661,1.2678,2532,1.266576,1.267909,1.266288,1.267877,0,0.001612,-0.001809,-7.7e-05
2025.02.24 02:00,1.2677,1.2691,1.2677,1.2685,4031,1.268006,1.269036,1.267877,1.268456,0,0.001223,-0.001336,4.4e-05
2025.02.24 03:00,1.2684,1.2688,1.2677,1.268,1164,1.268456,1.268794,1.267813,1.268183,0,0.000987,-0.001094,-0.000183
2025.02.24 04:00,1.2681,1.2681,1.2673,1.2677,510,1.268215,1.268215,1.267395,1.267813,0,0.000705,-0.000915,-0.000113
2025.02.24 05:00,1.2676,1.2677,1.267,1.2675,1013,1.267604,1.267732,1.267154,1.267491,0,0.000546,-0.000732,9e-06
2025.02.24 06:00,1.2673,1.2675,1.2658,1.2665,1448,1.267411,1.267443,1.265855,1.266624,0,0.001645,-0.001643,-0.000124
2025.02.24 07:00,1.2664,1.267,1.2637,1.2644,4229,1.266657,1.26709,1.263887,1.264478,0,0.003113,-0.00339,-7.8e-05
2025.02.24 08:00,1.2645,1.2654,1.2629,1.2647,4501,1.264558,1.265326,1.263328,1.264846,0,0.002072,-0.002426,-0.000146
2025.02.24 09:00,1.2647,1.2657,1.2626,1.2637,5451,1.264734,1.265791,1.262738,1.263983,0,0.002962,-0.003191,-0.000283
2025.02.24 10:00,1.2634,1.2644,1.2626,1.2644,2608,1.263775,1.26435,1.262738,1.26435,0,0.001662,-0.00175,5e-05
2025.02.24 11:00,1.2643,1.2645,1.2634,1.2639,1896,1.264302,1.264462,1.263647,1.264223,0,0.000853,-0.001062,-0.000322
2025.02.24 12:00,1.2639,1.2644,1.2631,1.2637,2839,1.264079,1.264478,1.263344,1.263791,0,0.001056,-0.001378,-9.1e-05
2025.02.24 13:00,1.2637,1.265,1.2635,1.2645,4329,1.263775,1.265054,1.2636,1.264622,0,0.0014,-0.001554,-0.000122
2025.02.24 14:00,1.2644,1.2649,1.2611,1.2618,7411,1.264622,1.264958,1.261273,1.261766,0,0.003627,-0.003858,3.4e-05
2025.02.24 15:00,1.2617,1.2631,1.2614,1.262,7810,1.261877,1.263169,1.261654,1.262069,0,0.001446,-0.001769,-6.9e-05
2025.02.24 16:00,1.2619,1.264,1.2617,1.2638,6070,1.262005,1.263967,1.262005,1.263919,0,0.001995,-0.002267,-0.000119
2025.02.24 17:00,1.2639,1.2648,1.263,1.2639,3629,1.264063,1.264814,1.263248,1.263951,0,0.001552,-0.001814,-5.1e-05
2025.02.24 18:00,1.2639,1.2651,1.2639,1.2643,2805,1.264079,1.265086,1.264015,1.264318,0,0.001085,-0.001186,-1.8e-05
2025.02.24 19:00,1.2642,1.2648,1.263,1.2632,4394,1.264478,1.26475,1.263169,1.263296,0,0.001631,-0.00175,-9.6e-05
2025.02.24 20:00,1.2632,1.2636,1.2621,1.2623,7040,1.263232,1.263711,1.262212,1.262212,0,0.001388,-0.001611,8.8e-05
2025.02.24 21:00,1.2621,1.2627,1.2617,1.2625,1262,1.262069,1.26277,1.261941,1.262563,0,0.000759,-0.00107,-6.2e-05
2025.02.24 23:00,1.2629,1.2629,1.2615,1.2616,0,1.262738,1.262738,1.261623,1.261734,0,0.001277,-0.001238,-0.000134
2025.02.25 00:00,1.2617,1.2621,1.2616,1.2619,597,1.261893,1.262164,1.261766,1.261877,0,0.000334,-0.000564,2.3e-05
2025.02.25 01:00,1.2619,1.2622,1.2617,1.2622,690,1.262116,1.262307,1.261798,1.262228,0,0.000402,-0.000607,-2.8e-05
2025.02.25 02:00,1.2623,1.2635,1.2621,1.2634,644,1.262387,1.263568,1.26226,1.263568,0,0.00124,-0.001468,-0.000168
2025.02.25 03:00,1.2634,1.2635,1.263,1.2632,391,1.263488,1.263663,1.263105,1.263312,0,0.000395,-0.000663,-0.000112
2025.02.25 04:00,1.2634,1.2637,1.2632,1.2633,0,1.263392,1.263823,1.263264,1.263408,0,0.000436,-0.000623,-0.000108
2025.02.25 05:00,1.2634,1.2638,1.2633,1.2637,444,1.263408,1.263871,1.263392,1.263791,0,0.000408,-0.000571,-9.1e-05
2025.02.25 06:00,1.2637,1.2639,1.2626,1.2631,1750,1.263807,1.263903,1.262754,1.263169,0,0.001146,-0.001303,-6.9e-05
2025.02.25 07:00,1.2631,1.2632,1.2611,1.2612,2714,1.26328,1.26328,1.261257,1.261257,0,0.001943,-0.00218,-5.7e-05
2025.02.25 08:00,1.2613,1.263,1.2606,1.2619,5516,1.260986,1.263073,1.260732,1.2621,0,0.002268,-0.002473,-0.0002
2025.02.25 09:00,1.262,1.263,1.2619,1.2623,3041,1.261973,1.262977,1.261973,1.262387,0,0.001027,-0.001077,-8.7e-05
2025.02.25 10:00,1.2623,1.2628,1.2615,1.2625,2441,1.262435,1.26285,1.26167,1.262594,0,0.00113,-0.00135,-9.4e-05
2025.02.25 11:00,1.2626,1.2653,1.2624,1.2652,2954,1.262658,1.265294,1.262578,1.26523,0,0.002722,-0.002894,-3e-05
2025.02.25 12:00,1.2652,1.2661,1.2647,1.2657,4551,1.265166,1.266111,1.264878,1.265807,0,0.001222,-0.001411,-0.000107
2025.02.25 13:00,1.2657,1.2678,1.2655,1.2671,6555,1.265695,1.267845,1.265679,1.267058,0,0.002121,-0.002345,4.2e-05
2025.02.25 14:00,1.2671,1.2673,1.2659,1.2663,6839,1.267283,1.267347,1.266111,1.266272,0,0.001189,-0.001447,2.8e-05
2025.02.25 15:00,1.2663,1.2677,1.265,1.2654,13140,1.266592,1.267748,1.26523,1.265438,0,0.00247,-0.002748,-3.8e-05
2025.02.25 16:00,1.2653,1.2659,1.2645,1.2649,7303,1.26539,1.265983,1.264798,1.265134,0,0.001102,-0.001483,-0.000234
2025.02.25 17:00,1.2649,1.2662,1.264,1.2662,5432,1.26507,1.266288,1.264175,1.26624,0,0.002025,-0.002288,-4e-05
2025.02.25 18:00,1.2662,1.2674,1.266,1.2665,3293,1.2664,1.26762,1.266143,1.266464,0,0.001257,-0.00162,3.6e-05
2025.02.25 19:00,1.2664,1.267,1.2659,1.2669,3129,1.266624,1.267042,1.266159,1.267042,0,0.000841,-0.001142,-0.000142
2025.02.25 20:00,1.2668,1.2677,1.2665,1.2669,2828,1.267106,1.267716,1.266769,1.26717,0,0.000931,-0.001216,-0.00027
2025.02.25 21:00,1.267,1.2672,1.2664,1.2667,997,1.267058,1.267411,1.266576,1.266705,0,0.000624,-0.001011,-5e-06
2025.02.25 23:00,1.2666,1.2675,1.2665,1.2672,0,1.266769,1.267716,1.266769,1.267331,0,0.000731,-0.001216,-0.000131
2025.02.26 00:00,1.2671,1.2677,1.267,1.2676,957,1.267138,1.267781,1.267138,1.267636,0,0.000562,-0.000781,-3.6e-05
2025.02.26 01:00,1.2675,1.2675,1.2663,1.2663,1750,1.267588,1.267588,1.266496,1.26656,0,0.001004,-0.001288,-0.00026
2025.02.26 02:00,1.2665,1.2666,1.2652,1.2655,880,1.266576,1.266721,1.26539,1.265583,0,0.00121,-0.001521,-8.3e-05
2025.02.26 03:00,1.2655,1.2657,1.2647,1.2649,883,1.26563,1.265791,1.264958,1.265006,0,0.000742,-0.001091,-0.000106
2025.02.26 04:00,1.2648,1.265,1.264,1.2641,1122,1.264926,1.26515,1.264127,1.264127,0,0.000873,-0.00115,-2.7e-05
2025.02.26 05:00,1.2638,1.2641,1.2635,1.2637,2058,1.264191,1.264286,1.263679,1.263887,0,0.000421,-0.000786,-0.000187
2025.02.26 06:00,1.2638,1.2649,1.2635,1.2648,1822,1.264175,1.265022,1.263679,1.264894,0,0.001221,-0.001522,-9.4e-05
2025.02.26 07:00,1.2648,1.2656,1.2644,1.2648,2672,1.264878,1.265775,1.264686,1.264958,0,0.000914,-0.001375,-0.000158
2025.02.26 08:00,1.2647,1.2664,1.2642,1.2651,4100,1.264862,1.26648,1.264238,1.265182,0,0.002162,-0.00228,-8.2e-05
2025.02.26 09:00,1.2651,1.2658,1.2648,1.2652,2063,1.265166,1.265903,1.264958,1.265294,0,0.000842,-0.001103,-9.4e-05
2025.02.26 10:00,1.2653,1.2657,1.264,1.2644,2457,1.265422,1.265775,1.264223,1.264494,0,0.001477,-0.001775,-9.4e-05
2025.02.26 11:00,1.2644,1.265,1.2639,1.2648,3617,1.264494,1.265246,1.264079,1.264766,0,0.000921,-0.001346,3.4e-05
2025.02.26 12:00,1.2648,1.2655,1.2641,1.2643,3023,1.265022,1.265663,1.264302,1.264382,0,0.001198,-0.001563,-8.2e-05
2025.02.26 13:00,1.2643,1.2664,1.2642,1.2653,5092,1.26451,1.266304,1.264334,1.265502,0,0.002066,-0.002104,-0.000202
2025.02.26 14:00,1.2654,1.2667,1.2651,1.2665,4506,1.26539,1.266769,1.265342,1.266432,0,0.001358,-0.001669,6.8e-05
2025.02.26 15:00,1.2665,1.2698,1.2657,1.2695,19525,1.266817,1.269745,1.265839,1.269503,0,0.003961,-0.004045,-3e-06
2025.02.26 16:00,1.2695,1.2708,1.2688,1.2693,13837,1.269519,1.270858,1.269036,1.269583,0,0.001764,-0.002058,-0.000283
2025.02.26 17:00,1.2693,1.2715,1.2677,1.2684,13783,1.269422,1.271003,1.268038,1.268601,0,0.003462,-0.003303,-0.000201
2025.02.26 18:00,1.2684,1.2695,1.2677,1.2682,4841,1.268713,1.269567,1.267941,1.268311,0,0.001559,-0.001867,-0.000111
2025.02.26 19:00,1.268,1.2688,1.2672,1.2683,4998,1.268038,1.268794,1.267299,1.268472,0,0.001501,-0.001594,-0.000172
2025.02.26 20:00,1.2683,1.2684,1.2672,1.2675,2325,1.268359,1.268408,1.267363,1.267475,0,0.001037,-0.001208,2.5e-05
2025.02.26 21:00,1.2674,1.2677,1.267,1.2673,1119,1.267588,1.267845,1.267074,1.267668,0,0.000626,-0.000845,-0.000368
2025.02.26 23:00,1.2675,1.2684,1.2674,1.268,0,1.267716,1.268617,1.267716,1.268359,0,0.000684,-0.001217,-0.000359
2025.02.27 00:00,1.268,1.268,1.2664,1.2665,1038,1.268102,1.268102,1.266544,1.266544,0,0.001456,-0.001702,-4.4e-05
2025.02.27 01:00,1.2665,1.267,1.266,1.2664,581,1.26656,1.267058,1.266111,1.266464,0,0.000889,-0.001058,-6.4e-05
2025.02.27 02:00,1.2664,1.2667,1.2659,1.266,725,1.26648,1.266689,1.266031,1.266111,0,0.000669,-0.000789,-0.000111
2025.02.27 03:00,1.2661,1.2665,1.2656,1.2656,586,1.266272,1.266592,1.265743,1.265743,0,0.000757,-0.000992,-0.000143
2025.02.27 04:00,1.2656,1.2658,1.265,1.2653,956,1.265727,1.265935,1.265086,1.265454,0,0.000714,-0.000935,-0.000154
2025.02.27 05:00,1.2655,1.2656,1.2652,1.2654,561,1.265615,1.265807,1.26531,1.265438,0,0.00029,-0.000607,-3.8e-05
2025.02.27 06:00,1.2655,1.2663,1.2654,1.2662,849,1.265599,1.266464,1.265518,1.266464,0,0.000782,-0.001064,-0.000264
2025.02.27 07:00,1.2662,1.267,1.2658,1.2666,2008,1.266159,1.267138,1.265919,1.266801,0,0.001081,-0.001338,-0.000201
2025.02.27 08:00,1.2665,1.2677,1.2663,1.2671,3176,1.266769,1.267668,1.266528,1.26725,0,0.001172,-0.001368,-0.00015
2025.02.27 09:00,1.2672,1.2679,1.2667,1.2678,2331,1.2677,1.267957,1.266833,1.267957,0,0.001067,-0.001257,-0.000157
2025.02.27 10:00,1.2678,1.2679,1.2665,1.2679,2219,1.267941,1.267941,1.266705,1.267845,0,0.001195,-0.001441,5.5e-05
2025.02.27 11:00,1.2678,1.2689,1.267,1.2673,3182,1.267957,1.268858,1.267026,1.26754,0,0.001874,-0.001858,-0.00024
2025.02.27 12:00,1.2673,1.2687,1.2666,1.2666,6196,1.267475,1.268762,1.267009,1.267042,0,0.001691,-0.002162,-0.000442
2025.02.27 13:00,1.2667,1.2689,1.2628,1.2632,20959,1.266721,1.268327,1.262929,1.263201,0,0.005971,-0.005527,-0.0
2025.02.27 14:00,1.2631,1.2644,1.2622,1.2628,14858,1.263057,1.264462,1.262451,1.262866,0,0.001949,-0.002262,-6.6e-05
2025.02.27 15:00,1.2628,1.2637,1.2621,1.2628,12024,1.262929,1.263711,1.262387,1.262738,0,0.001313,-0.001611,6.2e-05
2025.02.27 16:00,1.2627,1.2634,1.2615,1.2626,6992,1.262881,1.263456,1.261702,1.262642,0,0.001698,-0.001956,-4.2e-05
2025.02.27 17:00,1.2627,1.2629,1.2608,1.2613,4586,1.262722,1.262977,1.261066,1.261384,0,0.001834,-0.002177,-8.4e-05
2025.02.27 18:00,1.2613,1.2628,1.2612,1.2628,4283,1.26132,1.262929,1.26132,1.262929,0,0.00148,-0.001729,-0.000129
2025.02.27 19:00,1.2628,1.2629,1.2604,1.2607,6378,1.262913,1.262961,1.260653,1.260954,0,0.002247,-0.002561,-0.000255
2025.02.27 20:00,1.2607,1.2613,1.2604,1.2613,7405,1.260939,1.261225,1.260541,1.261066,0,0.000759,-0.000825,0.000234
2025.02.27 21:00,1.2613,1.2613,1.2597,1.2599,3654,1.260875,1.260907,1.259874,1.26016,0,0.001426,-0.001207,-0.00026
2025.02.27 23:00,1.2594,1.2605,1.2593,1.2596,0,1.259922,1.260716,1.259827,1.259827,0,0.000673,-0.001416,-0.000227
2025.02.28 00:00,1.2597,1.2607,1.2596,1.2606,1681,1.259747,1.260891,1.259747,1.260891,0,0.000953,-0.001291,-0.000291
2025.02.28 01:00,1.2606,1.261,1.2594,1.2594,1746,1.260716,1.261114,1.259636,1.259668,0,0.001364,-0.001714,-0.000268
2025.02.28 02:00,1.2594,1.26,1.2583,1.2583,2137,1.25962,1.260144,1.258431,1.258431,0,0.001569,-0.001844,-0.000131
2025.02.28 03:00,1.2585,1.2588,1.2581,1.2584,1527,1.258701,1.258859,1.258336,1.258447,0,0.000464,-0.000759,-4.7e-05
2025.02.28 04:00,1.2585,1.2586,1.2582,1.2582,781,1.258574,1.258637,1.258226,1.258321,0,0.000374,-0.000437,-0.000121
2025.02.28 05:00,1.2582,1.2586,1.2581,1.2585,1044,1.258321,1.258717,1.258178,1.258606,0,0.000422,-0.000617,-0.000106
2025.02.28 06:00,1.2585,1.2586,1.2572,1.2579,2110,1.258622,1.258622,1.257403,1.258099,0,0.001197,-0.001422,-0.000199
2025.02.28 07:00,1.2578,1.2595,1.2577,1.2588,7865,1.257909,1.259462,1.257877,1.259049,0,0.001623,-0.001762,-0.000249
2025.02.28 08:00,1.2588,1.2604,1.2585,1.26,4252,1.258859,1.260303,1.258701,1.260097,0,0.001699,-0.001803,-9.7e-05
2025.02.28 09:00,1.26,1.2605,1.2594,1.2595,2119,1.260097,1.260843,1.259557,1.259557,0,0.000943,-0.001443,-5.7e-05
2025.02.28 10:00,1.2595,1.2604,1.2591,1.2593,2882,1.259525,1.260382,1.259224,1.259462,0,0.001176,-0.001282,-0.000162
2025.02.28 11:00,1.2592,1.2597,1.2584,1.2595,4315,1.259303,1.259747,1.258479,1.259525,0,0.001221,-0.001347,-2.5e-05
2025.02.28 12:00,1.2595,1.2602,1.2594,1.2601,3957,1.259525,1.260192,1.259493,1.260017,0,0.000707,-0.000792,8.3e-05
2025.02.28 13:00,1.2601,1.261,1.2596,1.2602,5846,1.260097,1.261018,1.259811,1.26043,0,0.001189,-0.001418,-0.00023
2025.02.28 14:00,1.2603,1.2609,1.2593,1.2603,6487,1.260335,1.260954,1.25943,1.260446,0,0.00147,-0.001655,-0.000146
2025.02.28 15:00,1.2602,1.2622,1.2583,1.2592,19373,1.26043,1.262148,1.25897,1.259335,0,0.00323,-0.003848,-0.000135
2025.02.28 16:00,1.2592,1.2599,1.2581,1.2588,11459,1.25924,1.259874,1.25821,1.258764,0,0.00169,-0.001774,3.6e-05
2025.02.28 17:00,1.2588,1.2604,1.2586,1.259,10666,1.258875,1.260414,1.258796,1.259271,0,0.001604,-0.001814,-0.000271
2025.02.28 18:00,1.2589,1.259,1.256,1.2562,15102,1.259049,1.259065,1.256313,1.256313,0,0.002687,-0.003065,-0.000113
2025.02.28 19:00,1.2561,1.2576,1.2559,1.2572,7245,1.256297,1.257656,1.256092,1.257134,0,0.001508,-0.001756,6.6e-05
2025.02.28 20:00,1.2571,1.2584,1.2568,1.2581,4174,1.257213,1.258289,1.256897,1.25821,0,0.001503,-0.001489,-0.00011
2025.02.28 21:00,1.2581,1.2583,1.2575,1.2577,3064,1.258115,1.258321,1.257498,1.257877,0,0.000802,-0.000821,-0.000178
2025.03.03 00:00,1.2602,1.2611,1.2595,1.2603,1571,1.260128,1.261002,1.259493,1.260287,0,0.001607,-0.001502,1.3e-05
2025.03.03 01:00,1.2602,1.2614,1.2601,1.2609,1231,1.260319,1.2614,1.260319,1.261002,0,0.001081,-0.0013,-0.000102
2025.03.03 02:00,1.2609,1.2613,1.2604,1.2608,919,1.260907,1.261368,1.260716,1.260843,0,0.000584,-0.000968,-4.3e-05
2025.03.03 03:00,1.2607,1.2607,1.2597,1.2602,1754,1.260716,1.260716,1.259763,1.260271,0,0.000937,-0.001016,-7.1e-05
2025.03.03 04:00,1.2603,1.2608,1.2601,1.2604,671,1.260208,1.260748,1.260176,1.260398,0,0.000624,-0.000648,2e-06
2025.03.03 05:00,1.2603,1.2607,1.2601,1.2605,511,1.260319,1.260875,1.260097,1.260557,0,0.000603,-0.000775,-5.7e-05
2025.03.03 06:00,1.2604,1.2605,1.2595,1.2598,1092,1.260494,1.260653,1.259557,1.259795,0,0.000943,-0.001153,5e-06
2025.03.03 07:00,1.2597,1.2603,1.2591,1.2601,2767,1.259938,1.260255,1.259176,1.260176,0,0.001124,-0.001155,-7.6e-05
2025.03.03 08:00,1.2601,1.2605,1.2583,1.2591,4501,1.259969,1.260494,1.258416,1.25916,0,0.002084,-0.002194,-6e-05
2025.03.03 09:00,1.2592,1.263,1.259,1.2629,6551,1.259208,1.262945,1.259192,1.262897,0,0.003808,-0.003945,3e-06
2025.03.03 10:00,1.2629,1.2648,1.2629,1.2646,8798,1.263584,1.264958,1.263201,1.264958,0,0.001599,-0.002058,-0.000358
2025.03.03 11:00,1.2647,1.2663,1.2642,1.2661,10489,1.264814,1.26624,1.264302,1.266111,0,0.001998,-0.00204,-1.1e-05
2025.03.03 12:00,1.2661,1.2689,1.266,1.2688,9668,1.266368,1.268939,1.266368,1.268939,0,0.002532,-0.002939,-0.000139
2025.03.03 13:00,1.2688,1.2689,1.2673,1.268,12802,1.26873,1.268955,1.267475,1.268038,0,0.001425,-0.001655,-3.8e-05
2025.03.03 14:00,1.268,1.2702,1.2673,1.2691,12511,1.267909,1.270002,1.267395,1.269003,0,0.002805,-0.002702,9.7e-05
2025.03.03 15:00,1.2689,1.2715,1.2676,1.2699,18711,1.269922,1.270777,1.269261,1.26989,0,0.002239,-0.003177,1e-05
2025.03.03 16:00,1.2699,1.2711,1.2695,1.2709,7029,1.269922,1.27131,1.269648,1.270987,0,0.001452,-0.00181,-8.7e-05
2025.03.03 17:00,1.2708,1.2717,1.2704,1.2716,4546,1.270584,1.271747,1.270519,1.271747,0,0.001181,-0.001347,-0.000147
2025.03.03 18:00,1.2716,1.2725,1.2701,1.2707,10420,1.271634,1.271731,1.270616,1.270713,0,0.001884,-0.001631,-1.3e-05
2025.03.03 19:00,1.2706,1.2709,1.2687,1.269,14763,1.27089,1.271084,1.269084,1.269084,0,0.001816,-0.002384,-8.4e-05
2025.03.03 20:00,1.2691,1.2698,1.2679,1.2697,9816,1.268778,1.269954,1.268199,1.269954,0,0.001601,-0.002054,-0.000254
2025.03.03 21:00,1.2697,1.2707,1.2696,1.2703,1206,1.269954,1.270923,1.269938,1.27039,0,0.000762,-0.001323,-9e-05
2025.03.03 23:00,1.2707,1.271,1.2698,1.27,0,1.270406,1.271181,1.269986,1.270164,0,0.001014,-0.001381,-0.000164
2025.03.04 00:00,1.2702,1.2704,1.2688,1.27,1251,1.270729,1.270729,1.269036,1.270035,0,0.001364,-0.001929,-3.5e-05
2025.03.04 01:00,1.2699,1.2708,1.2692,1.2697,2028,1.270164,1.270761,1.269535,1.269728,0,0.001265,-0.001561,-2.8e-05
2025.03.04 02:00,1.2697,1.2699,1.2689,1.2689,996,1.26989,1.270019,1.268907,1.268907,0,0.000993,-0.001119,-7e-06
2025.03.04 03:00,1.2688,1.2694,1.2684,1.2687,1034,1.26881,1.269567,1.268617,1.268746,0,0.000783,-0.001167,-4.6e-05
2025.03.04 04:00,1.2687,1.2696,1.2678,1.2694,0,1.26881,1.269632,1.268006,1.269535,0,0.001594,-0.001832,-0.000135
2025.03.04 05:00,1.2696,1.2699,1.2691,1.2696,2021,1.269261,1.270035,1.268778,1.269616,0,0.001122,-0.000935,-1.6e-05
2025.03.04 06:00,1.2695,1.2702,1.2688,1.2699,2357,1.269471,1.270261,1.268955,1.269873,0,0.001245,-0.001461,2.6e-05
2025.03.04 07:00,1.2697,1.2708,1.2691,1.2704,4063,1.270132,1.270939,1.269277,1.270438,0,0.001523,-0.001839,-3.8e-05
2025.03.04 08:00,1.2703,1.2723,1.2691,1.2719,10598,1.270261,1.272443,1.269438,1.272022,0,0.002862,-0.003343,-0.000122
2025.03.04 09:00,1.2718,1.2741,1.271,1.2724,7416,1.271844,1.27408,1.2711,1.272556,0,0.003,-0.00308,-0.000156
2025.03.04 10:00,1.2725,1.2728,1.2703,1.2722,5176,1.272313,1.272831,1.270584,1.272329,0,0.002216,-0.002531,-0.000129
2025.03.04 11:00,1.2722,1.2741,1.2709,1.274,6804,1.272313,1.274145,1.271019,1.274145,0,0.00308,-0.003245,-0.000145
2025.03.04 12:00,1.2741,1.2752,1.2733,1.2746,5930,1.274048,1.275039,1.273415,1.274697,0,0.001785,-0.001739,-9.7e-05
2025.03.04 13:00,1.2746,1.2754,1.2721,1.2722,10284,1.2746,1.275331,1.272151,1.272232,0,0.003249,-0.003231,-3.2e-05
2025.03.04 14:00,1.2723,1.2731,1.2707,1.2709,10810,1.272054,1.272961,1.270793,1.270955,0,0.002307,-0.002261,-5.5e-05
2025.03.04 15:00,1.2709,1.2721,1.27,1.2716,19298,1.270551,1.272151,1.270228,1.27165,0,0.001872,-0.002151,-5e-05
2025.03.04 16:00,1.2716,1.273,1.2704,1.2724,10295,1.271698,1.272993,1.270696,1.272475,0,0.002304,-0.002593,-7.5e-05
2025.03.04 17:00,1.2725,1.2746,1.2725,1.2744,8066,1.272961,1.274632,1.272945,1.274437,0,0.001655,-0.002132,-3.7e-05
2025.03.04 18:00,1.2744,1.2776,1.2741,1.2775,10312,1.274502,1.277694,1.274226,1.277547,0,0.003374,-0.003594,-4.7e-05
2025.03.04 19:00,1.2775,1.2789,1.2775,1.2788,10028,1.27789,1.278871,1.27771,1.278871,0,0.00119,-0.001371,-7.1e-05
2025.03.04 20:00,1.2788,1.28,1.2783,1.2784,11529,1.279034,1.279935,1.278527,1.278576,0,0.001473,-0.001634,-0.000176
2025.03.04 21:00,1.2784,1.2799,1.2784,1.2795,5567,1.27856,1.279869,1.27856,1.279509,0,0.00134,-0.001469,-9e-06
2025.03.04 23:00,1.279,1.2796,1.2786,1.2796,0,1.279312,1.279689,1.278756,1.279312,0,0.000844,-0.001089,0.000288
2025.03.05 00:00,1.2795,1.2795,1.2784,1.2788,1926,1.279279,1.279427,1.278445,1.27892,0,0.001055,-0.001027,-0.00012
2025.03.05 01:00,1.2788,1.2797,1.2776,1.2777,4389,1.278969,1.279378,1.277776,1.277776,0,0.001924,-0.001778,-7.6e-05
2025.03.05 02:00,1.2777,1.2783,1.2769,1.277,1690,1.277825,1.2782,1.277041,1.27709,0,0.001259,-0.0013,-9e-05
2025.03.05 03:00,1.277,1.2787,1.2768,1.2787,1632,1.276927,1.278723,1.276927,1.278707,0,0.001773,-0.001923,-7e-06
2025.03.05 04:00,1.2787,1.2795,1.2785,1.2787,853,1.27874,1.27946,1.278593,1.278772,0,0.000907,-0.00096,-7.2e-05
2025.03.05 05:00,1.2792,1.2797,1.2789,1.2795,863,1.278838,1.279738,1.278838,1.279738,0,0.000862,-0.000838,-0.000238
2025.03.05 06:00,1.2795,1.2802,1.2787,1.2797,2824,1.279738,1.280197,1.278854,1.279721,0,0.001346,-0.001497,-2.1e-05
2025.03.05 07:00,1.2798,1.2822,1.2796,1.2821,9357,1.28041,1.282133,1.279754,1.282101,0,0.002446,-0.002533,-1e-06
2025.03.05 08:00,1.282,1.2853,1.2815,1.2844,13966,1.282002,1.285132,1.281641,1.284357,0,0.003659,-0.003632,4.3e-05
2025.03.05 09:00,1.2844,1.2855,1.2836,1.2836,12457,1.284472,1.28543,1.283598,1.283598,0,0.001902,-0.00183,2e-06
2025.03.05 10:00,1.2836,1.2841,1.2818,1.2831,7720,1.284027,1.284027,1.281854,1.283236,0,0.002246,-0.002227,-0.000136
2025.03.05 11:00,1.2832,1.2833,1.2817,1.2823,5364,1.283384,1.283615,1.281903,1.282281,0,0.001397,-0.001915,1.9e-05
2025.03.05 12:00,1.2824,1.2844,1.2811,1.2813,11319,1.282693,1.284324,1.28123,1.281361,0,0.00317,-0.003224,-6.1e-05
2025.03.05 13:00,1.2813,1.2828,1.2804,1.2823,16434,1.281443,1.282594,1.28059,1.282314,0,0.00221,-0.002194,-1.4e-05
2025.03.05 14:00,1.2822,1.287,1.282,1.2869,19867,1.282216,1.287034,1.282199,1.287034,0,0.004801,-0.005034,-0.000134
2025.03.05 15:00,1.2866,1.2873,1.2843,1.2867,16873,1.285909,1.286968,1.285529,1.286703,0,0.001771,-0.002668,-3e-06
2025.03.05 16:00,1.2866,1.2881,1.2855,1.286,15758,1.286356,1.28783,1.28581,1.286008,0,0.00229,-0.00233,-8e-06
2025.03.05 17:00,1.286,1.2882,1.2857,1.2879,8390,1.286157,1.288112,1.285975,1.288012,0,0.002225,-0.002412,-0.000112
2025.03.05 18:00,1.288,1.289,1.2864,1.2888,15372,1.28846,1.288826,1.286985,1.288826,0,0.002015,-0.002426,-2.6e-05
2025.03.05 19:00,1.2888,1.2898,1.2885,1.2897,6309,1.288909,1.28974,1.288527,1.28969,0,0.001273,-0.00124,1e-05
2025.03.05 20:00,1.2897,1.2901,1.2895,1.29,2790,1.28984,1.29009,1.289674,1.29009,0,0.000426,-0.00059,-9e-05
2025.03.05 21:00,1.29,1.29,1.2891,1.2896,2076,1.289907,1.289923,1.289241,1.289574,0,0.000759,-0.000823,2.6e-05
2025.03.05 23:00,1.2895,1.2896,1.2888,1.289,0,1.289324,1.289674,1.288776,1.289175,0,0.000824,-0.000874,-0.000175
2025.03.06 00:00,1.2889,1.29,1.2887,1.2892,1396,1.289075,1.290056,1.288809,1.289241,0,0.001191,-0.001356,-4.1e-05
2025.03.06 01:00,1.2892,1.2908,1.2889,1.2905,1603,1.289142,1.290806,1.289075,1.290506,0,0.001725,-0.001906,-6e-06
2025.03.06 02:00,1.2905,1.2908,1.2892,1.2897,1193,1.290656,1.290906,1.289275,1.289773,0,0.001525,-0.001706,-7.3e-05
2025.03.06 03:00,1.2897,1.2897,1.2886,1.2887,903,1.28959,1.28959,1.288759,1.288759,0,0.000941,-0.000991,-5.9e-05
2025.03.06 04:00,1.2887,1.2901,1.2883,1.2901,625,1.288693,1.290173,1.288378,1.290173,0,0.001722,-0.001873,-7.3e-05
2025.03.06 05:00,1.29,1.2904,1.2895,1.2902,2066,1.290073,1.290422,1.289707,1.290339,0,0.000693,-0.000922,-0.000139
2025.03.06 06:00,1.2903,1.2913,1.2896,1.2899,1953,1.290389,1.291239,1.28959,1.28999,0,0.00171,-0.001639,-9e-05
2025.03.06 07:00,1.29,1.2924,1.2891,1.2909,5564,1.290522,1.29229,1.289175,1.290856,0,0.003225,-0.00319,4.4e-05
2025.03.06 08:00,1.2909,1.2914,1.2892,1.2895,10050,1.290672,1.291406,1.289391,1.28964,0,0.002009,-0.002206,-0.00014
2025.03.06 09:00,1.2894,1.2905,1.2869,1.2877,12442,1.288909,1.290522,1.287101,1.287664,0,0.003399,-0.003622,3.6e-05
2025.03.06 10:00,1.2876,1.2883,1.2866,1.2874,34419,1.287681,1.288378,1.28672,1.287432,0,0.00158,-0.001778,-3.2e-05
2025.03.06 11:00,1.2874,1.2886,1.287,1.288,12008,1.28725,1.288394,1.28715,1.287996,0,0.00145,-0.001394,4e-06
2025.03.06 12:00,1.288,1.2897,1.2876,1.2886,8974,1.287598,1.289657,1.287598,1.288793,0,0.002102,-0.002057,-0.000193
2025.03.06 13:00,1.2886,1.2897,1.2879,1.2897,18268,1.28871,1.289757,1.287979,1.289757,0,0.001721,-0.001857,-5.7e-05
2025.03.06 14:00,1.2897,1.2906,1.288,1.2903,13392,1.289574,1.290522,1.288178,1.290289,0,0.002421,-0.002522,1.1e-05
2025.03.06 15:00,1.2902,1.2918,1.2881,1.289,15721,1.290889,1.291906,1.288295,1.289075,0,0.003505,-0.003806,-7.5e-05
2025.03.06 16:00,1.2891,1.2914,1.2888,1.2894,11093,1.289025,1.290806,1.288975,1.289507,0,0.002425,-0.002006,-0.000107
2025.03.06 17:00,1.2893,1.2901,1.2883,1.2888,6456,1.289507,1.290056,1.28846,1.288892,0,0.001639,-0.001756,-9.2e-05
2025.03.06 18:00,1.2888,1.29,1.2877,1.2885,5673,1.288826,1.28994,1.287896,1.288593,0,0.002104,-0.00224,-9.3e-05
2025.03.06 19:00,1.2886,1.2903,1.2883,1.2894,5705,1.288527,1.290306,1.288477,1.289524,0,0.001823,-0.002006,-0.000124
2025.03.06 20:00,1.2895,1.2896,1.2877,1.2878,5057,1.289424,1.289491,1.287863,1.28788,0,0.001737,-0.001791,-8e-05
2025.03.06 21:00,1.2879,1.2884,1.2871,1.2883,1657,1.28788,1.288411,1.287217,1.288212,0,0.001183,-0.001311,8.8e-05
2025.03.06 23:00,1.2882,1.289,1.2882,1.2883,0,1.288378,1.289009,1.288378,1.288411,0,0.000623,-0.000809,-0.000111
2025.03.07 00:00,1.2883,1.2889,1.2881,1.2883,660,1.288129,1.288975,1.288129,1.288278,0,0.000771,-0.000875,2.2e-05
2025.03.07 01:00,1.2882,1.2886,1.2877,1.2884,960,1.288311,1.288643,1.287714,1.288378,0,0.000886,-0.000943,2.3e-05
2025.03.07 02:00,1.2883,1.2891,1.2878,1.2886,850,1.288444,1.289075,1.287847,1.288627,0,0.001253,-0.001275,-2.7e-05
2025.03.07 03:00,1.2885,1.2892,1.2884,1.2887,1024,1.288527,1.289258,1.28846,1.288793,0,0.000739,-0.000858,-9.3e-05
2025.03.07 04:00,1.2887,1.2891,1.2884,1.2885,366,1.288759,1.289058,1.288344,1.28866,0,0.000756,-0.000658,-0.00016
2025.03.07 05:00,1.2883,1.2891,1.2882,1.2885,501,1.288627,1.289092,1.288278,1.288527,0,0.000822,-0.000892,-2.7e-05
2025.03.07 06:00,1.2885,1.2899,1.288,1.2897,1975,1.288378,1.289923,1.288095,1.28984,0,0.001805,-0.001923,-0.00014
2025.03.07 07:00,1.2896,1.2911,1.2892,1.2904,2899,1.28974,1.291122,1.289407,1.290406,0,0.001693,-0.001922,-6e-06
2025.03.07 08:00,1.2905,1.2927,1.2902,1.2921,5864,1.290489,1.292708,1.290422,1.292207,0,0.002278,-0.002508,-0.000107
2025.03.07 09:00,1.292,1.2944,1.2916,1.2939,5051,1.292023,1.294448,1.291689,1.293895,0,0.002711,-0.002848,5e-06
2025.03.07 10:00,1.2939,1.2942,1.2918,1.292,4856,1.29418,1.29418,1.291789,1.29209,0,0.002411,-0.00238,-9e-05
2025.03.07 11:00,1.2919,1.2923,1.2911,1.2919,3858,1.291823,1.292307,1.291172,1.291973,0,0.001128,-0.001207,-7.3e-05
2025.03.07 12:00,1.292,1.2921,1.2903,1.2911,4732,1.291739,1.291739,1.290556,1.291222,0,0.001544,-0.001439,-0.000122
2025.03.07 13:00,1.2911,1.2944,1.2899,1.2903,16678,1.290839,1.293812,1.290289,1.290289,0,0.004111,-0.003912,1.1e-05
2025.03.07 14:00,1.2902,1.2931,1.2902,1.292,10511,1.290506,1.293109,1.290506,1.292073,0,0.002594,-0.002909,-7.3e-05
2025.03.07 15:00,1.292,1.2937,1.29,1.2923,16735,1.292591,1.293577,1.290223,1.292441,0,0.003477,-0.003577,-0.000141
2025.03.07 16:00,1.2923,1.293,1.2906,1.2915,10114,1.292608,1.292992,1.290756,1.291606,0,0.002244,-0.002392,-0.000106
2025.03.07 17:00,1.2915,1.2921,1.2895,1.2908,7848,1.291906,1.292006,1.289773,1.290839,0,0.002327,-0.002506,-3.9e-05
2025.03.07 18:00,1.2907,1.2912,1.2897,1.2911,6012,1.290722,1.291206,1.289823,1.291156,0,0.001377,-0.001506,-5.6e-05
2025.03.07 19:00,1.2911,1.2922,1.2906,1.2921,5095,1.291139,1.292207,1.290689,1.292107,0,0.001511,-0.001607,-7e-06
2025.03.07 20:00,1.2921,1.2926,1.2919,1.2924,2599,1.29209,1.292641,1.292006,1.292507,0,0.000594,-0.000741,-0.000107
2025.03.07 21:00,1.2925,1.293,1.2921,1.2922,1181,1.292507,1.293025,1.29214,1.29214,0,0.00086,-0.000926,6e-05
2025.03.10 00:00,1.2932,1.2944,1.2931,1.2938,1236,1.293226,1.294381,1.293109,1.293946,0,0.001291,-0.001281,-0.000146
2025.03.10 01:00,1.2938,1.2946,1.2927,1.2929,912,1.29408,1.294498,1.292791,1.292975,0,0.001809,-0.001798,-7.5e-05
2025.03.10 02:00,1.2928,1.2931,1.2911,1.2912,614,1.292875,1.293092,1.291306,1.291306,0,0.001794,-0.001992,-0.000106
2025.03.10 03:00,1.2912,1.2917,1.2909,1.2911,634,1.291239,1.291706,1.291056,1.291139,0,0.000644,-0.000806,-3.9e-05
2025.03.10 04:00,1.2911,1.2915,1.2907,1.2907,246,1.291189,1.291623,1.290806,1.290839,0,0.000694,-0.000923,-0.000139
2025.03.10 05:00,1.2908,1.2913,1.2906,1.2913,518,1.290789,1.291256,1.290706,1.291172,0,0.000594,-0.000656,0.000128
2025.03.10 06:00,1.2913,1.2922,1.2912,1.2915,1326,1.291372,1.292223,1.291189,1.291489,0,0.001011,-0.001023,1.1e-05
2025.03.10 07:00,1.2915,1.292,1.2889,1.2896,4243,1.291506,1.292006,1.289142,1.289624,0,0.002859,-0.003106,-2.4e-05
2025.03.10 08:00,1.2897,1.2898,1.2874,1.2878,5908,1.289607,1.289657,1.287631,1.287863,0,0.002169,-0.002257,-6.3e-05
2025.03.10 09:00,1.2877,1.2913,1.2875,1.2909,6907,1.287797,1.291289,1.287664,1.290889,0,0.003636,-0.003789,1.1e-05
2025.03.10 10:00,1.291,1.2931,1.291,1.2921,6922,1.291005,1.293025,1.291005,1.292056,0,0.002095,-0.002025,4.4e-05
2025.03.10 11:00,1.2921,1.2934,1.2902,1.2922,9638,1.292107,1.29341,1.290456,1.292374,0,0.002944,-0.00321,-0.000174
2025.03.10 12:00,1.2923,1.2946,1.2921,1.2933,8575,1.292257,1.294482,1.292257,1.29331,0,0.002343,-0.002382,-1e-05
2025.03.10 13:00,1.2934,1.2946,1.2922,1.2926,9926,1.293126,1.294616,1.292357,1.292708,0,0.002243,-0.002416,-0.000108
2025.03.10 14:00,1.2925,1.2925,1.2907,1.2917,14020,1.292574,1.292574,1.290839,1.291472,0,0.001661,-0.001874,0.000228
2025.03.10 15:00,1.2917,1.2921,1.2899,1.2904,9186,1.291923,1.291923,1.290023,1.290422,0,0.002077,-0.002023,-2.2e-05
2025.03.10 16:00,1.2905,1.291,1.2885,1.2894,7912,1.290656,1.290772,1.28871,1.289424,0,0.00229,-0.002272,-2.4e-05
2025.03.10 17:00,1.2894,1.2894,1.2878,1.2878,4269,1.289507,1.289507,1.28788,1.28788,0,0.00152,-0.001707,-8e-05
2025.03.10 18:00,1.2877,1.2881,1.2862,1.287,12207,1.287681,1.28778,1.286306,1.286968,0,0.001794,-0.00158,3.2e-05
2025.03.10 19:00,1.2869,1.2878,1.2861,1.2877,3542,1.286935,1.287797,1.286207,1.28773,0,0.001593,-0.001697,-3e-05
2025.03.10 20:00,1.2877,1.2879,1.2865,1.2877,3728,1.28773,1.287946,1.286488,1.287764,0,0.001412,-0.001446,-6.4e-05
2025.03.10 22:00,1.2874,1.288,1.2872,1.2873,0,1.287548,1.287946,1.287366,1.287498,0,0.000634,-0.000746,-0.000198
2025.03.10 23:00,1.2874,1.2881,1.2873,1.2875,763,1.287581,1.288062,1.287316,1.287581,0,0.000784,-0.000762,-8.1e-05
2025.03.11 00:00,1.2875,1.2888,1.2875,1.2886,1712,1.287614,1.288975,1.287548,1.288759,0,0.001252,-0.001475,-0.00016
2025.03.11 01:00,1.2885,1.2891,1.2877,1.2889,952,1.288627,1.289009,1.287747,1.289009,0,0.001353,-0.001309,-0.000109
2025.03.11 02:00,1.289,1.2894,1.2883,1.289,790,1.289025,1.289341,1.288378,1.289075,0,0.001022,-0.001041,-7.5e-05
2025.03.11 03:00,1.2889,1.2895,1.2886,1.2889,0,1.289009,1.289524,1.288743,1.289009,0,0.000757,-0.000924,-0.000109
2025.03.11 04:00,1.2891,1.2899,1.289,1.2894,456,1.289025,1.28984,1.288693,1.289391,0,0.001207,-0.00084,9e-06
2025.03.11 05:00,1.2895,1.2895,1.2873,1.2876,990,1.289524,1.289524,1.287399,1.287648,0,0.002101,-0.002224,-4.8e-05
2025.03.11 06:00,1.2877,1.2903,1.2875,1.2894,3788,1.287697,1.290156,1.287548,1.289358,0,0.002752,-0.002656,4.2e-05
2025.03.11 07:00,1.2895,1.2917,1.2891,1.2909,4569,1.289441,1.291656,1.289258,1.291189,0,0.002442,-0.002556,-0.000289
2025.03.11 08:00,1.2909,1.2937,1.2906,1.293,8946,1.291122,1.293494,1.290756,1.292691,0,0.002944,-0.002894,0.000309
2025.03.11 09:00,1.293,1.2942,1.2923,1.2935,4327,1.293076,1.294096,1.292457,1.293644,0,0.001743,-0.001796,-0.000144
2025.03.11 10:00,1.2934,1.2934,1.2924,1.2927,7613,1.29346,1.29346,1.292474,1.292674,0,0.000926,-0.00106,2.6e-05
2025.03.11 11:00,1.2927,1.2936,1.2919,1.2924,4696,1.292725,1.293628,1.292123,1.292775,0,0.001477,-0.001727,-0.000375
2025.03.11 12:00,1.2924,1.2952,1.2922,1.2945,8765,1.292441,1.295135,1.29234,1.294465,0,0.00286,-0.002936,3.5e-05
2025.03.11 13:00,1.2945,1.2948,1.2929,1.2933,9720,1.294515,1.294616,1.292975,1.293109,0,0.001825,-0.001716,0.000191
2025.03.11 14:00,1.2931,1.2935,1.2917,1.2931,21744,1.293059,1.29331,1.292107,1.293159,0,0.001393,-0.00161,-5.9e-05
2025.03.11 15:00,1.2931,1.2956,1.2929,1.2946,15088,1.293159,1.295555,1.293042,1.294515,0,0.002558,-0.002655,8.5e-05
2025.03.11 16:00,1.2946,1.2946,1.2937,1.2938,8609,1.294431,1.294582,1.293778,1.293979,0,0.000822,-0.000882,-0.000179
2025.03.11 17:00,1.2937,1.295,1.2934,1.2949,11391,1.293745,1.294934,1.293527,1.294683,0,0.001473,-0.001534,0.000217
2025.03.11 18:00,1.295,1.2966,1.2948,1.2961,18209,1.295052,1.29658,1.294867,1.295824,0,0.001733,-0.00178,0.000276
2025.03.11 19:00,1.296,1.2965,1.2952,1.2953,4585,1.295991,1.296496,1.295354,1.295354,0,0.001146,-0.001296,-5.4e-05
2025.03.11 20:00,1.2953,1.2953,1.2947,1.295,1194,1.295253,1.29532,1.294716,1.295052,0,0.000584,-0.00062,-5.2e-05
2025.03.11 22:00,1.295,1.295,1.2945,1.2949,0,1.294716,1.295035,1.294549,1.294867,0,0.000451,-0.000535,3.3e-05
2025.03.11 23:00,1.2948,1.295,1.2944,1.2944,800,1.294901,1.295068,1.294482,1.294482,0,0.000518,-0.000668,-8.2e-05
2025.03.12 00:00,1.2945,1.2946,1.2932,1.2936,1168,1.294482,1.294599,1.293176,1.293611,0,0.001424,-0.001399,-1.1e-05
2025.03.12 01:00,1.2936,1.2942,1.2935,1.2937,963,1.293594,1.294348,1.293527,1.293695,0,0.000673,-0.000848,5e-06
2025.03.12 02:00,1.2937,1.2942,1.2933,1.2934,645,1.293728,1.294264,1.293343,1.293343,0,0.000857,-0.000964,5.7e-05
2025.03.12 03:00,1.2934,1.2935,1.2923,1.2923,1143,1.293393,1.293527,1.292357,1.292357,0,0.001143,-0.001227,-5.7e-05
2025.03.12 04:00,1.292,1.2926,1.292,1.2923,678,1.292374,1.292674,1.292006,1.29234,0,0.000594,-0.000674,-4e-05
2025.03.12 05:00,1.2923,1.2931,1.2921,1.293,628,1.292357,1.293076,1.292157,1.293076,0,0.000943,-0.000976,-7.6e-05
2025.03.12 06:00,1.2931,1.2933,1.2916,1.2917,1368,1.293193,1.293293,1.291573,1.291573,0,0.001727,-0.001693,0.000127
2025.03.12 07:00,1.2917,1.2932,1.2914,1.2929,3164,1.291639,1.293092,1.291489,1.293092,0,0.001711,-0.001692,-0.000192
2025.03.12 08:00,1.2928,1.2942,1.2924,1.2942,3948,1.292775,1.294013,1.292491,1.294013,0,0.001709,-0.001613,0.000187
2025.03.12 09:00,1.2942,1.2946,1.2934,1.2934,4082,1.294398,1.294482,1.29346,1.29346,0,0.00114,-0.001082,-6e-05
2025.03.12 10:00,1.2934,1.2944,1.293,1.2933,5187,1.29341,1.294331,1.293109,1.29326,0,0.001291,-0.001331,4e-05
2025.03.12 11:00,1.2934,1.2961,1.2934,1.2944,7023,1.293427,1.295908,1.293427,1.294147,0,0.002673,-0.002508,0.000253
2025.03.12 12:00,1.2944,1.3,1.2939,1.2943,24808,1.294415,1.298937,1.293979,1.294767,0,0.006021,-0.005037,-0.000467
2025.03.12 13:00,1.2944,1.2955,1.2928,1.2935,11428,1.294415,1.295505,1.292975,1.293427,0,0.002525,-0.002705,7.3e-05
2025.03.12 14:00,1.2935,1.2948,1.2925,1.2946,7987,1.293761,1.294666,1.292507,1.294666,0,0.002293,-0.002166,-6.6e-05
2025.03.12 15:00,1.2946,1.2968,1.2942,1.2968,10383,1.294649,1.296798,1.294381,1.296748,0,0.002419,-0.002598,5.2e-05
2025.03.12 16:00,1.2967,1.2983,1.2964,1.2973,11063,1.296832,1.298263,1.296563,1.297471,0,0.001737,-0.001863,-0.000171
2025.03.12 17:00,1.2973,1.298,1.2966,1.2967,9032,1.297438,1.298061,1.296647,1.296781,0,0.001353,-0.001461,-8.1e-05
2025.03.12 18:00,1.2967,1.2973,1.2964,1.2968,12328,1.296832,1.297252,1.296479,1.296563,0,0.000821,-0.000852,0.000237
2025.03.12 19:00,1.2968,1.2972,1.2963,1.2968,17664,1.296647,1.297252,1.296378,1.296832,0,0.000822,-0.000952,-3.2e-05
2025.03.12 20:00,1.2968,1.2971,1.296,1.2966,2423,1.296866,1.297118,1.296075,1.296479,0,0.001024,-0.001118,0.000121
2025.03.12 22:00,1.2966,1.2967,1.2964,1.2965,0,1.296311,1.296798,1.296311,1.296664,0,0.000389,-0.000398,-0.000164
2025.03.12 23:00,1.2967,1.2968,1.2961,1.2964,565,1.296731,1.296798,1.29616,1.296412,0,0.000641,-0.000698,-1.2e-05
2025.03.13 00:00,1.2965,1.2968,1.2961,1.2967,1657,1.296462,1.296798,1.296143,1.296714,0,0.000657,-0.000698,-1.4e-05
2025.03.13 01:00,1.2967,1.297,1.2963,1.2966,629,1.296765,1.297252,1.296378,1.296748,0,0.000622,-0.000952,-0.000148
2025.03.13 02:00,1.2967,1.2973,1.2967,1.297,457,1.296697,1.297353,1.296697,1.29705,0,0.000603,-0.000653,-5e-05
2025.03.13 03:00,1.2969,1.2969,1.2957,1.2958,1126,1.29705,1.29705,1.295824,1.29584,0,0.001076,-0.001351,-4e-05
2025.03.13 04:00,1.2957,1.2963,1.2957,1.2962,486,1.295807,1.296311,1.295505,1.296193,0,0.000795,-0.000611,7e-06
2025.03.13 05:00,1.2962,1.2963,1.2953,1.2958,563,1.296244,1.296244,1.295337,1.29579,0,0.000963,-0.000944,1e-05
2025.03.13 06:00,1.2959,1.296,1.2947,1.2951,2150,1.296025,1.296025,1.29485,1.295152,0,0.00115,-0.001325,-5.2e-05
2025.03.13 07:00,1.2951,1.2958,1.2942,1.2953,3672,1.295135,1.295908,1.294381,1.295203,0,0.001419,-0.001708,9.7e-05
2025.03.13 08:00,1.2953,1.2966,1.2941,1.2948,8894,1.295354,1.296647,1.294582,1.29485,0,0.002018,-0.002547,-5e-05
2025.03.13 09:00,1.2948,1.296,1.2945,1.2959,6100,1.294968,1.295958,1.294565,1.295958,0,0.001435,-0.001458,-5.8e-05
2025.03.13 10:00,1.296,1.2964,1.2949,1.2956,6249,1.296059,1.296277,1.295085,1.295572,0,0.001315,-0.001377,2.8e-05
2025.03.13 11:00,1.2956,1.2958,1.2926,1.2932,13381,1.29574,1.295773,1.293009,1.293009,0,0.002791,-0.003173,0.000191
2025.03.13 12:00,1.2932,1.2973,1.2928,1.2933,12026,1.29331,1.296311,1.293025,1.29326,0,0.004274,-0.003511,4e-05
2025.03.13 13:00,1.2933,1.2945,1.2921,1.2938,9468,1.29346,1.294515,1.29219,1.293778,0,0.00231,-0.002415,2.2e-05
2025.03.13 14:00,1.2937,1.296,1.2937,1.2957,9145,1.293828,1.296042,1.293828,1.295975,0,0.002172,-0.002342,-0.000275
2025.03.13 15:00,1.2957,1.2959,1.2935,1.2944,12736,1.295824,1.295824,1.293678,1.294331,0,0.002222,-0.002324,6.9e-05
2025.03.13 16:00,1.2943,1.2958,1.2937,1.2947,8458,1.294264,1.295807,1.293812,1.294767,0,0.001988,-0.002107,-6.7e-05
2025.03.13 17:00,1.2947,1.2948,1.2936,1.2941,5555,1.294448,1.29475,1.293711,1.294147,0,0.001089,-0.00115,-4.6e-05
2025.03.13 18:00,1.294,1.2953,1.294,1.2952,9654,1.294096,1.295303,1.294096,1.295169,0,0.001204,-0.001303,3.1e-05
2025.03.13 19:00,1.2952,1.2954,1.2942,1.2945,10660,1.295203,1.29527,1.294364,1.294482,0,0.001036,-0.00107,1.8e-05
2025.03.13 20:00,1.2944,1.2956,1.2943,1.2953,7072,1.294348,1.295622,1.294348,1.29527,0,0.001252,-0.001322,3e-05
2025.03.13 22:00,1.2955,1.2958,1.295,1.2951,0,1.29579,1.29579,1.294968,1.295169,0,0.000832,-0.00079,-6.9e-05
2025.03.13 23:00,1.2952,1.2956,1.295,1.2956,129,1.29527,1.29579,1.295035,1.295756,0,0.000565,-0.00079,-0.000156
2025.03.14 00:00,1.2958,1.2958,1.2946,1.2946,121,1.295706,1.295908,1.294582,1.294582,0,0.001218,-0.001308,1.8e-05
2025.03.14 01:00,1.2944,1.295,1.2942,1.2942,151,1.294565,1.294917,1.294147,1.294247,0,0.000853,-0.000718,-4.7e-05
2025.03.14 02:00,1.2942,1.2944,1.2936,1.294,104,1.294482,1.294482,1.293661,1.294029,0,0.000739,-0.000882,-2.9e-05
2025.03.14 03:00,1.294,1.2946,1.294,1.294,178,1.294096,1.2947,1.293996,1.294465,0,0.000604,-0.0007,-0.000465
2025.03.14 04:00,1.2942,1.2943,1.2937,1.2941,41,1.294565,1.294565,1.293728,1.294197,0,0.000572,-0.000865,-9.7e-05
2025.03.14 05:00,1.2942,1.295,1.294,1.295,103,1.294264,1.295001,1.294046,1.294968,0,0.000954,-0.001001,3.2e-05
2025.03.14 06:00,1.2947,1.2948,1.2939,1.2941,563,1.294733,1.294884,1.293828,1.293962,0,0.000972,-0.000984,0.000138
2025.03.14 07:00,1.293,1.2935,1.2918,1.2925,502,1.293126,1.293628,1.291873,1.292474,0,0.001627,-0.001827,2.6e-05
2025.03.14 08:00,1.2922,1.294,1.2922,1.2936,4239,1.292557,1.294046,1.292557,1.293393,0,0.001443,-0.001846,0.000207
2025.03.14 09:00,1.2933,1.2935,1.2921,1.2929,1324,1.293377,1.293561,1.29209,1.292908,0,0.00141,-0.001461,-8e-06
2025.03.14 10:00,1.2928,1.2953,1.2923,1.2941,24091,1.292758,1.29527,1.292741,1.294348,0,0.002559,-0.00297,-0.000248
2025.03.14 11:00,1.294,1.2946,1.293,1.2939,0,1.294415,1.294632,1.293444,1.293895,0,0.001156,-0.001632,5e-06
2025.03.14 12:00,1.2938,1.2952,1.2936,1.294,36760,1.294264,1.295203,1.293845,1.29423,0,0.001355,-0.001603,-0.00023
2025.03.14 13:00,1.2941,1.2944,1.2932,1.2937,14935,1.29413,1.294431,1.293477,1.29351,0,0.000923,-0.001231,0.00019
2025.03.14 14:00,1.2938,1.2946,1.2922,1.2924,14497,1.293494,1.294448,1.292441,1.292624,0,0.002159,-0.002248,-0.000224
2025.03.14 15:00,1.2925,1.2934,1.2909,1.2913,9898,1.292524,1.29351,1.291389,1.291573,0,0.002011,-0.00261,-0.000273
2025.03.14 16:00,1.2912,1.2927,1.2911,1.2924,3614,1.291472,1.292725,1.291472,1.292541,0,0.001228,-0.001625,-0.000141
2025.03.14 17:00,1.2923,1.2932,1.2923,1.2927,3344,1.292725,1.293326,1.292591,1.292842,0,0.000609,-0.001027,-0.000142
2025.03.14 18:00,1.2927,1.2933,1.2927,1.2931,3521,1.292892,1.293377,1.292892,1.293243,0,0.000408,-0.000677,-0.000143
2025.03.14 19:00,1.293,1.2937,1.2926,1.2934,1974,1.293243,1.293628,1.292691,1.293594,0,0.001009,-0.001027,-0.000194
2025.03.14 20:00,1.2933,1.2937,1.2929,1.2935,1840,1.293494,1.293845,1.293209,1.293276,0,0.000491,-0.000945,0.000224
2025.03.17 00:00,1.2926,1.2932,1.2926,1.2929,456,1.292975,1.293393,1.292791,1.293076,0,0.000409,-0.000793,-0.000176
2025.03.17 01:00,1.2927,1.2943,1.2927,1.2937,535,1.293109,1.294381,1.292942,1.293912,0,0.001358,-0.001681,-0.000212
2025.03.17 02:00,1.2936,1.2938,1.2933,1.2934,170,1.294013,1.294013,1.29351,1.293695,0,0.00029,-0.000713,-0.000295
2025.03.17 03:00,1.2934,1.2936,1.2929,1.2934,305,1.293678,1.293895,1.293159,1.293577,0,0.000441,-0.000995,-0.000177
2025.03.17 04:00,1.2934,1.2943,1.293,1.2933,567,1.293711,1.294415,1.293176,1.293611,0,0.001124,-0.001415,-0.000311
2025.03.17 05:00,1.2933,1.2934,1.2928,1.2934,211,1.293527,1.293611,1.293025,1.293527,0,0.000375,-0.000811,-0.000127
2025.03.17 06:00,1.2934,1.2936,1.2927,1.2928,761,1.293678,1.293778,1.292959,1.292975,0,0.000641,-0.001078,-0.000175
2025.03.17 07:00,1.2927,1.2939,1.2927,1.2935,1980,1.293009,1.294046,1.293009,1.293728,0,0.000891,-0.001346,-0.000228
2025.03.17 08:00,1.2934,1.2944,1.2929,1.294,3370,1.293628,1.294549,1.293209,1.29423,0,0.001191,-0.001649,-0.00023
2025.03.17 09:00,1.2941,1.2956,1.2939,1.2952,2115,1.294163,1.295773,1.29413,1.295286,0,0.00147,-0.001873,-8.6e-05
2025.03.17 10:00,1.2951,1.2972,1.2949,1.297,3803,1.295505,1.297387,1.295135,1.29737,0,0.002064,-0.002487,-0.00037
2025.03.17 11:00,1.297,1.2976,1.2964,1.297,2895,1.297236,1.297741,1.296798,1.297219,0,0.000802,-0.001341,-0.000219
2025.03.17 12:00,1.2969,1.2976,1.2958,1.297,6302,1.297067,1.297471,1.296059,1.297252,0,0.001541,-0.001671,-0.000252
2025.03.17 13:00,1.2971,1.2982,1.2967,1.2979,5367,1.297135,1.298297,1.297017,1.298027,0,0.001183,-0.001597,-0.000127
2025.03.17 14:00,1.2978,1.2982,1.2966,1.2981,4330,1.297943,1.298381,1.296714,1.298381,0,0.001486,-0.001781,-0.000281
2025.03.17 15:00,1.2981,1.2994,1.2977,1.2983,6599,1.298432,1.299545,1.29801,1.298465,0,0.00139,-0.001845,-0.000165
2025.03.17 16:00,1.2983,1.2992,1.2981,1.2989,2446,1.298448,1.299326,1.298297,1.299174,0,0.000903,-0.001226,-0.000274
2025.03.17 17:00,1.299,1.2992,1.2984,1.299,1719,1.299106,1.299376,1.298668,1.29914,0,0.000533,-0.000976,-0.00014
2025.03.17 18:00,1.2989,1.2997,1.2988,1.2995,4891,1.299191,1.299917,1.299022,1.2999,0,0.000678,-0.001117,-0.0004
2025.03.17 19:00,1.2995,1.2996,1.299,1.299,2385,1.299663,1.299714,1.299191,1.299207,0,0.000409,-0.000714,-0.000207
2025.03.17 20:00,1.2991,1.2996,1.2986,1.2988,2817,1.29914,1.299883,1.298836,1.299005,0,0.000764,-0.001283,-0.000205
2025.03.17 22:00,1.2993,1.2993,1.2985,1.2987,0,1.298971,1.299073,1.298651,1.298971,0,0.000649,-0.000573,-0.000271
2025.03.17 23:00,1.2987,1.2988,1.2983,1.2983,390,1.298819,1.29887,1.298448,1.298482,0,0.000352,-0.00057,-0.000182
2025.03.18 00:00,1.2984,1.2987,1.2981,1.2983,396,1.298516,1.298769,1.298212,1.29833,0,0.000488,-0.000669,-3e-05
2025.03.18 01:00,1.2982,1.2986,1.298,1.2981,203,1.298415,1.298718,1.298179,1.298263,0,0.000421,-0.000718,-0.000163
2025.03.18 02:00,1.2981,1.2981,1.2973,1.2973,691,1.298313,1.298313,1.297505,1.297505,0,0.000595,-0.001014,-0.000205
2025.03.18 03:00,1.2974,1.2975,1.2969,1.2973,0,1.29732,1.297623,1.297202,1.297454,0,0.000298,-0.000723,-0.000154
2025.03.18 04:00,1.2973,1.2976,1.2973,1.2975,135,1.297471,1.297791,1.297421,1.297741,0,0.000179,-0.000491,-0.000241
2025.03.18 05:00,1.2977,1.2978,1.2973,1.2973,167,1.297909,1.297976,1.297488,1.297488,0,0.000312,-0.000676,-0.000188
2025.03.18 06:00,1.2974,1.298,1.2966,1.2979,2609,1.297522,1.298078,1.296866,1.298044,0,0.001134,-0.001478,-0.000144
2025.03.18 07:00,1.2979,1.2988,1.2976,1.2986,2082,1.297909,1.298921,1.297858,1.298668,0,0.000942,-0.001321,-6.8e-05
2025.03.18 08:00,1.2985,1.3004,1.2985,1.2996,3926,1.29887,1.300492,1.29887,1.299815,0,0.00153,-0.001992,-0.000215
2025.03.18 09:00,1.2996,1.3002,1.2985,1.3001,4803,1.299714,1.300373,1.298634,1.300238,0,0.001566,-0.001873,-0.000138
2025.03.18 10:00,1.3001,1.3002,1.2987,1.2989,4621,1.300153,1.300272,1.298836,1.299039,0,0.001364,-0.001572,-0.000139
2025.03.18 11:00,1.299,1.299,1.2964,1.2964,4941,1.299106,1.299224,1.296462,1.296462,0,0.002538,-0.002824,-6.2e-05
2025.03.18 12:00,1.2965,1.2974,1.295,1.2968,7669,1.296496,1.297522,1.295286,1.296882,0,0.002114,-0.002522,-8.2e-05
2025.03.18 13:00,1.2969,1.2977,1.2953,1.2967,9064,1.297219,1.29769,1.295538,1.296798,0,0.002162,-0.00239,-9.8e-05
2025.03.18 14:00,1.2967,1.2977,1.2962,1.2968,6410,1.296563,1.297808,1.296378,1.296798,0,0.001322,-0.001608,2e-06
2025.03.18 15:00,1.2969,1.2991,1.2955,1.2983,8694,1.296798,1.299191,1.29584,1.298617,0,0.00326,-0.003691,-0.000317
2025.03.18 16:00,1.2983,1.2998,1.2976,1.2997,6269,1.298297,1.299984,1.297909,1.299984,0,0.001891,-0.002384,-0.000284
2025.03.18 17:00,1.2998,1.3006,1.2996,1.3004,6879,1.300103,1.300796,1.299782,1.300475,0,0.000818,-0.001196,-7.5e-05
2025.03.18 18:00,1.3004,1.3007,1.2998,1.3004,3990,1.300728,1.300728,1.299984,1.300458,0,0.000716,-0.000928,-5.8e-05
2025.03.18 19:00,1.3003,1.3009,1.3001,1.3005,2368,1.30039,1.300982,1.300356,1.300627,0,0.000544,-0.000882,-0.000127
2025.03.18 20:00,1.3004,1.3005,1.2999,1.2999,1100,1.300424,1.300678,1.300086,1.300221,0,0.000414,-0.000778,-0.000321
2025.03.18 22:00,1.3003,1.3003,1.2998,1.2999,0,1.300153,1.30039,1.299731,1.300103,0,0.000569,-0.00059,-0.000203
2025.03.18 23:00,1.3,1.3003,1.2998,1.2999,196,1.300238,1.30039,1.300001,1.300001,0,0.000299,-0.00059,-0.000101
2025.03.19 00:00,1.2999,1.3001,1.2994,1.2995,994,1.300069,1.300221,1.299478,1.299663,0,0.000622,-0.000821,-0.000163
2025.03.19 01:00,1.2995,1.2996,1.2991,1.2993,397,1.299646,1.299731,1.299258,1.299478,0,0.000342,-0.000631,-0.000178
2025.03.19 02:00,1.2993,1.3002,1.2992,1.2997,290,1.299528,1.300306,1.299393,1.299832,0,0.000807,-0.001106,-0.000132
2025.03.19 03:00,1.2998,1.2999,1.2988,1.2994,464,1.299951,1.30017,1.299039,1.299478,0,0.000861,-0.00137,-7.8e-05
2025.03.19 04:00,1.2991,1.2991,1.2985,1.2986,140,1.299495,1.299495,1.298651,1.298819,0,0.000449,-0.000995,-0.000219
2025.03.19 05:00,1.2987,1.299,1.2981,1.2982,693,1.298887,1.299123,1.29833,1.298499,0,0.00067,-0.001023,-0.000299
2025.03.19 06:00,1.2982,1.2986,1.2976,1.2976,956,1.298651,1.298752,1.297774,1.298078,0,0.000826,-0.001152,-0.000478
2025.03.19 07:00,1.2977,1.2978,1.2956,1.2968,6042,1.297724,1.29796,1.295874,1.297135,0,0.001926,-0.00236,-0.000335
2025.03.19 08:00,1.297,1.298,1.2965,1.2973,6292,1.29737,1.298128,1.296647,1.297454,0,0.001353,-0.001628,-0.000154
2025.03.19 09:00,1.2973,1.2978,1.2963,1.2972,3230,1.297387,1.29801,1.296563,1.297252,0,0.001237,-0.00171,-5.2e-05
2025.03.19 10:00,1.2971,1.2971,1.2957,1.2964,4035,1.297236,1.297236,1.295857,1.296596,0,0.001243,-0.001536,-0.000196
2025.03.19 11:00,1.2964,1.2981,1.296,1.2976,6289,1.296563,1.297993,1.296143,1.297791,0,0.001957,-0.001993,-0.000191
2025.03.19 12:00,1.2976,1.2981,1.2964,1.2965,4421,1.297892,1.298212,1.296546,1.296546,0,0.001554,-0.001812,-4.6e-05
2025.03.19 13:00,1.2966,1.2966,1.2954,1.2964,8179,1.296664,1.296765,1.295605,1.296647,0,0.000995,-0.001365,-0.000247
2025.03.19 14:00,1.2964,1.2973,1.2962,1.2966,5376,1.296428,1.297421,1.296428,1.296781,0,0.000872,-0.001221,-0.000181
2025.03.19 15:00,1.2966,1.2971,1.296,1.2966,4592,1.297017,1.297252,1.296344,1.296613,0,0.000756,-0.001252,-1.3e-05
2025.03.19 16:00,1.2966,1.2974,1.2965,1.2972,2915,1.296983,1.297656,1.296697,1.297454,0,0.000703,-0.001156,-0.000255
2025.03.19 17:00,1.2972,1.2973,1.2954,1.2967,6130,1.297488,1.297488,1.295639,1.296445,0,0.001661,-0.002088,0.000255
2025.03.19 18:00,1.2967,1.3009,1.2957,1.3006,9549,1.298027,1.300965,1.297522,1.300813,0,0.003378,-0.005265,-0.000213
2025.03.19 19:00,1.3005,1.301,1.2981,1.2996,6492,1.30061,1.301118,1.29833,1.299782,0,0.00267,-0.003018,-0.000182
2025.03.19 20:00,1.2997,1.3004,1.2992,1.3003,2114,1.299798,1.300593,1.299393,1.30039,0,0.001007,-0.001393,-9e-05
2025.03.19 22:00,1.3,1.301,1.3,1.3004,0,1.300356,1.301185,1.300356,1.300779,0,0.000644,-0.001185,-0.000379
2025.03.19 23:00,1.3004,1.3008,1.3001,1.3007,1142,1.300779,1.301084,1.300475,1.301084,0,0.000325,-0.000984,-0.000384
2025.03.20 00:00,1.3008,1.3013,1.2997,1.3007,1509,1.301067,1.301524,1.30017,1.300948,0,0.00113,-0.001824,-0.000248
2025.03.20 01:00,1.3007,1.3008,1.3,1.3002,606,1.300982,1.300982,1.300238,1.300306,0,0.000562,-0.000982,-0.000106
2025.03.20 02:00,1.3001,1.3011,1.3001,1.3004,693,1.300373,1.301355,1.300373,1.300661,0,0.000727,-0.001255,-0.000261
2025.03.20 03:00,1.3005,1.301,1.3003,1.3006,365,1.300559,1.301135,1.300559,1.300779,0,0.000441,-0.000835,-0.000179
2025.03.20 04:00,1.3006,1.3007,1.3,1.3001,223,1.300779,1.300847,1.300153,1.300272,0,0.000547,-0.000847,-0.000172
2025.03.20 05:00,1.3,1.3,1.299,1.2993,653,1.30012,1.30012,1.299174,1.299511,0,0.000826,-0.00112,-0.000211
2025.03.20 06:00,1.2993,1.2995,1.2983,1.2985,1703,1.299528,1.299613,1.298583,1.298718,0,0.000917,-0.001313,-0.000218
2025.03.20 07:00,1.2986,1.2992,1.2961,1.297,4833,1.29855,1.298769,1.296378,1.297168,0,0.002822,-0.002669,-0.000168
2025.03.20 08:00,1.2971,1.2978,1.2966,1.2972,3915,1.297286,1.298027,1.296832,1.297303,0,0.000968,-0.001427,-0.000103
2025.03.20 09:00,1.2969,1.2969,1.2945,1.2954,6022,1.297236,1.297236,1.294884,1.295471,0,0.002016,-0.002736,-7.1e-05
2025.03.20 10:00,1.2954,1.2956,1.2935,1.2951,6050,1.295337,1.295756,1.293828,1.29527,0,0.001772,-0.002257,-0.00017
2025.03.20 11:00,1.2952,1.2963,1.2945,1.2956,4487,1.295471,1.296412,1.29475,1.296059,0,0.00155,-0.001912,-0.000459
2025.03.20 12:00,1.2954,1.2977,1.2947,1.295,11921,1.296714,1.297774,1.295035,1.295236,0,0.002665,-0.003074,-0.000236
2025.03.20 13:00,1.2949,1.2956,1.2934,1.2952,6966,1.295203,1.295656,1.293761,1.295387,0,0.001839,-0.002256,-0.000187
2025.03.20 14:00,1.2951,1.2966,1.295,1.2964,5749,1.295555,1.296697,1.295555,1.29668,0,0.001045,-0.001697,-0.00028
2025.03.20 15:00,1.2964,1.2971,1.2951,1.2971,8078,1.296479,1.297286,1.295421,1.297219,0,0.001679,-0.002186,-0.000119
2025.03.20 16:00,1.297,1.2972,1.2961,1.2964,4308,1.297236,1.297337,1.296193,1.296815,0,0.001007,-0.001237,-0.000415
2025.03.20 17:00,1.2964,1.2968,1.2955,1.296,2270,1.29668,1.297084,1.295723,1.29621,0,0.001077,-0.001584,-0.00021
2025.03.20 18:00,1.296,1.296,1.2955,1.2959,2525,1.29616,1.296311,1.295756,1.296176,0,0.000244,-0.000811,-0.000276
2025.03.20 19:00,1.2958,1.2966,1.2958,1.2964,1833,1.296176,1.296748,1.296143,1.296748,0,0.000457,-0.000948,-0.000348
2025.03.20 20:00,1.2964,1.2968,1.2961,1.2964,0,1.29663,1.297034,1.296412,1.296832,0,0.000389,-0.000934,-0.000432
2025.03.20 22:00,1.2963,1.2968,1.2962,1.2964,568,1.296731,1.296882,1.296294,1.296697,0,0.000506,-0.000682,-0.000297
2025.03.20 23:00,1.2964,1.2968,1.2962,1.2964,343,1.296647,1.297,1.296361,1.29668,0,0.000439,-0.0008,-0.00028
2025.03.21 00:00,1.2964,1.2968,1.296,1.2963,700,1.296479,1.297084,1.296227,1.296445,0,0.000573,-0.001084,-0.000145
2025.03.21 01:00,1.2963,1.2967,1.2958,1.2962,824,1.296445,1.296781,1.295991,1.296445,0,0.000709,-0.000981,-0.000245
2025.03.21 02:00,1.2962,1.2965,1.2956,1.2958,774,1.296479,1.29663,1.295689,1.296025,0,0.000811,-0.00103,-0.000225
2025.03.21 03:00,1.2957,1.2958,1.2944,1.2945,2311,1.295941,1.295991,1.294565,1.294649,0,0.001235,-0.001591,-0.000149
2025.03.21 04:00,1.2944,1.2945,1.2937,1.2939,1033,1.294733,1.294733,1.293912,1.29408,0,0.000588,-0.001033,-0.00018
2025.03.21 05:00,1.2938,1.2938,1.2924,1.2928,2786,1.293912,1.293912,1.292641,1.293025,0,0.001159,-0.001512,-0.000226
2025.03.21 06:00,1.2929,1.2936,1.2923,1.2934,1620,1.292791,1.293594,1.292557,1.293561,0,0.001042,-0.001294,-0.000161
2025.03.21 07:00,1.2934,1.2943,1.2929,1.2934,5101,1.29346,1.294482,1.293076,1.293544,0,0.001224,-0.001582,-0.000144
2025.03.21 08:00,1.2933,1.2939,1.2921,1.2939,4017,1.293728,1.294113,1.29234,1.293962,0,0.00156,-0.002013,-6.2e-05
2025.03.21 09:00,1.2939,1.2941,1.2931,1.2932,1865,1.294113,1.294264,1.293326,1.29346,0,0.000774,-0.001164,-0.00026
2025.03.21 10:00,1.2932,1.2945,1.2931,1.2942,2025,1.293644,1.2947,1.293343,1.294498,0,0.001157,-0.0016,-0.000299
2025.03.21 11:00,1.2943,1.2946,1.2936,1.2944,2188,1.294582,1.294666,1.293862,1.294632,0,0.000738,-0.001066,-0.000232
2025.03.21 12:00,1.2944,1.2954,1.2932,1.2935,3840,1.294649,1.295521,1.293393,1.293711,0,0.002007,-0.002321,-0.000211
2025.03.21 13:00,1.2935,1.2935,1.2921,1.2935,6252,1.29351,1.293695,1.292457,1.293695,0,0.001043,-0.001595,-0.000195
2025.03.21 14:00,1.2935,1.2938,1.2925,1.2933,6992,1.293778,1.293912,1.292741,1.293544,0,0.001059,-0.001412,-0.000244
2025.03.21 15:00,1.2933,1.2937,1.2892,1.2892,18675,1.293644,1.293845,1.289757,1.289757,0,0.003943,-0.004645,-0.000557
2025.03.21 16:00,1.2892,1.2918,1.2888,1.2918,15106,1.289058,1.29209,1.289058,1.292006,0,0.002742,-0.00329,-0.000206
2025.03.21 17:00,1.2919,1.2927,1.2908,1.2921,4268,1.292023,1.292959,1.290972,1.292374,0,0.001728,-0.002159,-0.000274
2025.03.21 18:00,1.2921,1.2927,1.2912,1.2925,3841,1.292424,1.293009,1.291422,1.292674,0,0.001278,-0.001809,-0.000174
2025.03.21 19:00,1.2924,1.2928,1.2916,1.2918,1855,1.292775,1.292892,1.291856,1.291856,0,0.000944,-0.001292,-5.6e-05
2025.03.21 20:00,1.2917,1.2919,1.2909,1.2916,3005,1.291839,1.292123,1.291156,1.291656,0,0.000744,-0.001223,-5.6e-05
2025.03.24 00:00,1.2923,1.2932,1.2921,1.2932,987,1.292457,1.293477,1.292374,1.293393,0,0.000826,-0.001377,-0.000193
2025.03.24 01:00,1.2933,1.2934,1.2919,1.2923,1050,1.293527,1.293544,1.292123,1.292457,0,0.001277,-0.001644,-0.000157
2025.03.24 02:00,1.2923,1.2928,1.2921,1.2921,388,1.292474,1.293109,1.292407,1.292407,0,0.000393,-0.001009,-0.000307
2025.03.24 03:00,1.2923,1.2928,1.2912,1.2912,710,1.292557,1.292975,1.291372,1.291372,0,0.001428,-0.001775,-0.000172
2025.03.24 04:00,1.2912,1.2918,1.291,1.2915,769,1.291372,1.291939,1.291206,1.291756,0,0.000594,-0.000939,-0.000256
2025.03.24 05:00,1.2915,1.2922,1.2911,1.2922,548,1.291556,1.292441,1.291339,1.292441,0,0.000861,-0.001341,-0.000241
2025.03.24 06:00,1.2922,1.2947,1.2921,1.2941,2994,1.292407,1.294968,1.29234,1.294498,0,0.00236,-0.002868,-0.000398
2025.03.24 07:00,1.2941,1.295,1.2937,1.2945,2403,1.294398,1.295203,1.293996,1.2948,0,0.001004,-0.001503,-0.0003
2025.03.24 08:00,1.2945,1.2956,1.2942,1.2951,4750,1.295035,1.29574,1.294515,1.295387,0,0.001085,-0.00154,-0.000287
2025.03.24 09:00,1.2951,1.2964,1.2939,1.296,4828,1.29532,1.296512,1.294113,1.296143,0,0.002287,-0.002612,-0.000143
2025.03.24 10:00,1.296,1.2973,1.2957,1.2964,4241,1.29626,1.29737,1.296008,1.296697,0,0.001292,-0.00167,-0.000297
2025.03.24 11:00,1.2965,1.2966,1.2942,1.2943,5790,1.296664,1.296664,1.294415,1.294415,0,0.002185,-0.002464,-0.000115
2025.03.24 12:00,1.2943,1.2949,1.2939,1.2942,4611,1.294565,1.295068,1.294113,1.294297,0,0.000787,-0.001168,-9.7e-05
2025.03.24 13:00,1.2943,1.2943,1.2916,1.2917,7153,1.294297,1.294515,1.292023,1.292073,0,0.002277,-0.002915,-0.000373
2025.03.24 14:00,1.2916,1.2948,1.2913,1.2927,8454,1.291539,1.294968,1.291539,1.292658,0,0.003261,-0.003668,4.2e-05
2025.03.24 15:00,1.2926,1.2927,1.2906,1.291,10223,1.292775,1.292775,1.290939,1.291156,0,0.001761,-0.002175,-0.000156
2025.03.24 16:00,1.2911,1.2922,1.2895,1.2902,6576,1.291256,1.292457,1.289657,1.290606,0,0.002543,-0.002957,-0.000406
2025.03.24 17:00,1.2902,1.2911,1.2898,1.2909,8228,1.290339,1.291189,1.290256,1.290989,0,0.000844,-0.001389,-8.9e-05
2025.03.24 18:00,1.2908,1.2929,1.2904,1.2924,8970,1.291005,1.293042,1.290572,1.292808,0,0.002328,-0.002642,-0.000408
2025.03.24 19:00,1.2925,1.2927,1.2917,1.2921,3164,1.292641,1.292908,1.291956,1.292257,0,0.000744,-0.001208,-0.000157
2025.03.24 20:00,1.2919,1.2925,1.2919,1.2922,594,1.292173,1.292758,1.29204,1.292357,0,0.00046,-0.000858,-0.000157
2025.03.24 22:00,1.2922,1.2924,1.2916,1.2919,0,1.29239,1.29239,1.291739,1.292107,0,0.000661,-0.00079,-0.000206
2025.03.24 23:00,1.292,1.2922,1.2917,1.2922,145,1.292123,1.292374,1.291956,1.29234,0,0.000244,-0.000674,-0.00014
2025.03.25 00:00,1.2921,1.2921,1.2915,1.2916,1526,1.29224,1.29224,1.291673,1.291839,0,0.000427,-0.00074,-0.000239
2025.03.25 01:00,1.2915,1.2925,1.2915,1.292,441,1.291723,1.292541,1.291706,1.292107,0,0.000794,-0.001041,-0.000106
2025.03.25 02:00,1.292,1.2922,1.291,1.2912,574,1.292073,1.292424,1.291289,1.291406,0,0.000911,-0.001424,-0.000206
2025.03.25 03:00,1.2912,1.2923,1.2912,1.2923,0,1.291339,1.292424,1.291339,1.292424,0,0.000961,-0.001224,-0.000124
2025.03.25 04:00,1.2923,1.2927,1.2922,1.2922,1120,1.292641,1.292942,1.29224,1.292457,0,0.00046,-0.000742,-0.000257
2025.03.25 05:00,1.2923,1.2926,1.2921,1.2921,259,1.292324,1.292775,1.29224,1.29224,0,0.00036,-0.000675,-0.00014
2025.03.25 06:00,1.2922,1.2922,1.2913,1.2913,2269,1.29229,1.292307,1.291522,1.291522,0,0.000678,-0.001007,-0.000222
2025.03.25 07:00,1.2913,1.2921,1.2902,1.2905,2942,1.291773,1.292324,1.290539,1.290639,0,0.001561,-0.002124,-0.000139
2025.03.25 08:00,1.2905,1.2913,1.29,1.291,4322,1.290872,1.291556,1.290389,1.291289,0,0.000911,-0.001556,-0.000289
2025.03.25 09:00,1.291,1.2929,1.291,1.2929,4075,1.291106,1.293142,1.291106,1.292975,0,0.001794,-0.002142,-7.5e-05
2025.03.25 10:00,1.2928,1.295,1.2928,1.295,4673,1.293109,1.295236,1.292992,1.295152,0,0.002008,-0.002436,-0.000152
2025.03.25 11:00,1.2949,1.2956,1.294,1.2941,5237,1.295119,1.295807,1.294364,1.294364,0,0.001236,-0.001807,-0.000264
2025.03.25 12:00,1.2942,1.2959,1.2941,1.2953,6020,1.294666,1.296042,1.294331,1.295488,0,0.001569,-0.001942,-0.000188
2025.03.25 13:00,1.2953,1.296,1.2943,1.2946,7611,1.295454,1.295941,1.294582,1.294582,0,0.001418,-0.001641,1.8e-05
2025.03.25 14:00,1.2944,1.2951,1.2932,1.2946,5416,1.294968,1.295152,1.293494,1.294867,0,0.001606,-0.001952,-0.000267
2025.03.25 15:00,1.2946,1.2952,1.2943,1.2947,4818,1.29485,1.29532,1.294515,1.294666,0,0.000685,-0.00102,3.4e-05
2025.03.25 16:00,1.2946,1.2959,1.2944,1.2955,3663,1.294834,1.295958,1.294632,1.29574,0,0.001268,-0.001558,-0.00024
2025.03.25 17:00,1.2956,1.2966,1.2955,1.2958,3446,1.29584,1.296714,1.29574,1.295975,0,0.00086,-0.001214,-0.000175
2025.03.25 18:00,1.2957,1.2957,1.2943,1.2945,4445,1.295756,1.295773,1.294532,1.294599,0,0.001168,-0.001473,-9.9e-05
2025.03.25 19:00,1.2944,1.2947,1.2939,1.2946,1856,1.294498,1.294817,1.294096,1.294549,0,0.000604,-0.000917,5.1e-05
2025.03.25 20:00,1.2945,1.2947,1.294,1.2945,1066,1.29475,1.29475,1.294214,1.294465,0,0.000486,-0.00075,3.5e-05
2025.03.25 22:00,1.2945,1.2947,1.2941,1.2942,0,1.294666,1.294867,1.293862,1.294398,0,0.000838,-0.000767,-0.000198
2025.03.25 23:00,1.2942,1.2945,1.294,1.2943,281,1.294297,1.294649,1.294113,1.294448,0,0.000387,-0.000649,-0.000148
2025.03.26 00:00,1.2944,1.2944,1.2933,1.2933,1112,1.294482,1.294549,1.29351,1.29351,0,0.00089,-0.001249,-0.00021
2025.03.26 01:00,1.2933,1.2944,1.2927,1.2943,973,1.293243,1.294448,1.292842,1.294381,0,0.001558,-0.001748,-8.1e-05
2025.03.26 02:00,1.2943,1.2945,1.2938,1.2943,465,1.294448,1.294649,1.293979,1.294448,0,0.000521,-0.000849,-0.000148
2025.03.26 03:00,1.2943,1.2943,1.2932,1.2933,400,1.294515,1.294515,1.293377,1.293628,0,0.000923,-0.001315,-0.000327
2025.03.26 04:00,1.2933,1.2934,1.2929,1.2933,473,1.293745,1.293745,1.293109,1.29351,0,0.000291,-0.000845,-0.00021
2025.03.26 05:00,1.2934,1.2934,1.2929,1.2929,694,1.293427,1.293561,1.293025,1.293209,0,0.000375,-0.000661,-0.000309
2025.03.26 06:00,1.2931,1.2942,1.2927,1.2941,2770,1.292908,1.294348,1.292908,1.29418,0,0.001292,-0.001648,-8e-05
2025.03.26 07:00,1.294,1.294,1.2902,1.2911,11186,1.293812,1.293812,1.290589,1.291272,0,0.003411,-0.003612,-0.000172
2025.03.26 08:00,1.2911,1.2913,1.2885,1.2906,7770,1.291222,1.291372,1.288776,1.290556,0,0.002524,-0.002872,4.4e-05
2025.03.26 09:00,1.2906,1.2911,1.2895,1.2908,4680,1.290589,1.291272,1.289773,1.291005,0,0.001327,-0.001772,-0.000206
2025.03.26 10:00,1.2908,1.2912,1.2901,1.2906,2924,1.290806,1.291322,1.290289,1.290706,0,0.000911,-0.001222,-0.000106
2025.03.26 11:00,1.2907,1.2911,1.2896,1.2896,2819,1.290722,1.291172,1.289757,1.289907,0,0.001343,-0.001572,-0.000306
2025.03.26 12:00,1.2896,1.2907,1.2881,1.2893,10268,1.289823,1.290672,1.288494,1.289341,0,0.002206,-0.002572,-4.1e-05
2025.03.26 13:00,1.2893,1.2908,1.2874,1.2882,14461,1.289308,1.290989,1.287764,1.288527,0,0.003036,-0.003589,-0.000327
2025.03.26 14:00,1.2882,1.2901,1.2881,1.2897,7521,1.288378,1.290189,1.288344,1.28979,0,0.001756,-0.002089,-9e-05
2025.03.26 15:00,1.2896,1.2902,1.2875,1.2885,8472,1.289873,1.290323,1.287747,1.288759,0,0.002453,-0.002823,-0.00026
2025.03.26 16:00,1.2885,1.2901,1.2881,1.2894,4296,1.288627,1.290256,1.288378,1.28964,0,0.001722,-0.002156,-0.00024
2025.03.26 17:00,1.2895,1.2896,1.2879,1.2882,7689,1.289773,1.289773,1.288129,1.288278,0,0.001471,-0.001873,-7.8e-05
2025.03.26 18:00,1.2883,1.2889,1.2882,1.2883,3524,1.288593,1.288975,1.288394,1.288394,0,0.000506,-0.000775,-9.4e-05
2025.03.26 19:00,1.2883,1.2889,1.2879,1.2888,2419,1.28851,1.288975,1.287996,1.288743,0,0.000904,-0.001075,5.7e-05
2025.03.26 20:00,1.2887,1.2892,1.2886,1.289,1255,1.288859,1.289341,1.288809,1.288942,0,0.000391,-0.000741,5.8e-05
2025.03.26 22:00,1.2879,1.2881,1.2871,1.2875,0,1.287382,1.288212,1.287184,1.287631,0,0.000916,-0.001112,-0.000131
2025.03.26 23:00,1.2875,1.288,1.2871,1.2877,337,1.287697,1.288079,1.287266,1.28778,0,0.000734,-0.000979,-8e-05
2025.03.27 00:00,1.2876,1.2891,1.2876,1.2889,666,1.287764,1.289009,1.287764,1.288975,0,0.001336,-0.001409,-7.5e-05
2025.03.27 01:00,1.2889,1.2902,1.2889,1.29,1028,1.289025,1.290273,1.289025,1.29009,0,0.001175,-0.001373,-9e-05
2025.03.27 02:00,1.29,1.2916,1.29,1.2913,999,1.290139,1.291689,1.290139,1.291356,0,0.001461,-0.001689,-5.6e-05
2025.03.27 03:00,1.2911,1.2914,1.2906,1.291,1926,1.291222,1.291456,1.290689,1.291172,0,0.000711,-0.000856,-0.000172
2025.03.27 04:00,1.292,1.2926,1.2919,1.292,1146,1.291222,1.292591,1.291206,1.29209,0,0.001394,-0.000691,-9e-05
2025.03.27 05:00,1.292,1.2923,1.2908,1.2911,1169,1.29209,1.292457,1.291172,1.291339,0,0.001128,-0.001657,-0.000239
2025.03.27 06:00,1.2911,1.2929,1.2911,1.292,1765,1.291389,1.292975,1.291389,1.29209,0,0.001511,-0.001875,-9e-05
2025.03.27 07:00,1.2919,1.292,1.2903,1.2912,3495,1.291906,1.292056,1.290372,1.291256,0,0.001628,-0.001756,-5.6e-05
2025.03.27 08:00,1.2912,1.2923,1.2901,1.2923,4752,1.291306,1.29229,1.290323,1.292157,0,0.001977,-0.00219,0.000143
2025.03.27 09:00,1.2923,1.2926,1.2911,1.2919,4223,1.292557,1.292608,1.291306,1.292123,0,0.001294,-0.001508,-0.000223
2025.03.27 10:00,1.2919,1.2933,1.2914,1.2932,2627,1.291873,1.29326,1.291589,1.293092,0,0.001711,-0.00186,0.000108
2025.03.27 11:00,1.2932,1.2941,1.2927,1.293,4309,1.29331,1.294063,1.292942,1.293209,0,0.001158,-0.001363,-0.000209
2025.03.27 12:00,1.2931,1.2988,1.2927,1.2944,11464,1.293276,1.295572,1.293076,1.294616,0,0.005724,-0.002872,-0.000216
2025.03.27 13:00,1.2945,1.2951,1.2926,1.2927,6817,1.294599,1.295068,1.292908,1.292908,0,0.002192,-0.002468,-0.000208
2025.03.27 14:00,1.2928,1.2948,1.2922,1.2946,5933,1.292942,1.294834,1.292357,1.294532,0,0.002443,-0.002634,6.8e-05
2025.03.27 15:00,1.2946,1.2992,1.2943,1.2963,23499,1.294733,1.299207,1.294448,1.296143,0,0.004752,-0.004907,0.000157
2025.03.27 16:00,1.2962,1.2971,1.2952,1.2956,9543,1.296277,1.297202,1.295454,1.295756,0,0.001646,-0.002002,-0.000156
2025.03.27 17:00,1.2957,1.2966,1.2947,1.2948,4420,1.295807,1.296714,1.294917,1.294917,0,0.001683,-0.002014,-0.000117
2025.03.27 18:00,1.2948,1.2957,1.2947,1.2948,5034,1.294917,1.295773,1.294901,1.295102,0,0.000799,-0.001073,-0.000302
2025.03.27 19:00,1.2948,1.2956,1.2945,1.2948,2618,1.295001,1.295706,1.294666,1.295035,0,0.000934,-0.001206,-0.000235
2025.03.27 20:00,1.2948,1.295,1.2946,1.2946,0,1.295001,1.295152,1.294817,1.294951,0,0.000183,-0.000552,-0.000351
2025.03.27 22:00,1.2954,1.2954,1.2942,1.2945,667,1.295169,1.295169,1.294448,1.294649,0,0.000952,-0.000969,-0.000149
2025.03.27 23:00,1.2945,1.2951,1.2944,1.295,424,1.29475,1.295219,1.294632,1.295219,0,0.000468,-0.000819,-0.000219
2025.03.28 00:00,1.2949,1.2949,1.294,1.2948,1102,1.295068,1.295119,1.29418,1.294901,0,0.00072,-0.001119,-0.000101
2025.03.28 01:00,1.2947,1.2951,1.2944,1.2946,1163,1.29485,1.295219,1.294616,1.294683,0,0.000484,-0.000819,-8.3e-05
2025.03.28 02:00,1.2945,1.2951,1.2944,1.2947,867,1.294599,1.295303,1.294599,1.294767,0,0.000501,-0.000903,-6.7e-05
2025.03.28 03:00,1.2948,1.295,1.2944,1.2945,314,1.294985,1.295135,1.294565,1.294616,0,0.000435,-0.000736,-0.000116
2025.03.28 04:00,1.2942,1.2944,1.2941,1.2942,432,1.294616,1.294616,1.29413,1.29423,0,0.00027,-0.000516,-3e-05
2025.03.28 05:00,1.2941,1.2943,1.2936,1.2941,389,1.294264,1.294482,1.293828,1.294264,0,0.000471,-0.000882,-0.000164
2025.03.28 06:00,1.294,1.2945,1.2938,1.2941,1051,1.294096,1.294616,1.293912,1.29418,0,0.000588,-0.000816,-8e-05
2025.03.28 07:00,1.2941,1.2967,1.2939,1.295,7923,1.294297,1.296647,1.294297,1.294917,0,0.002403,-0.002747,8.2e-05
2025.03.28 08:00,1.295,1.2959,1.294,1.2945,4477,1.295354,1.295975,1.294247,1.294716,0,0.001653,-0.001975,-0.000216
2025.03.28 09:00,1.2947,1.2956,1.2941,1.2951,3045,1.294767,1.295689,1.294214,1.295286,0,0.001386,-0.001589,-0.000186
2025.03.28 10:00,1.2951,1.2952,1.2936,1.2936,3133,1.295169,1.295169,1.293761,1.293761,0,0.001438,-0.001569,-0.000162
2025.03.28 11:00,1.2936,1.2938,1.2922,1.293,3813,1.293695,1.293845,1.292257,1.292992,0,0.001543,-0.001645,8e-06
2025.03.28 12:00,1.2929,1.2952,1.292,1.2943,5954,1.292975,1.295236,1.292591,1.294498,0,0.002609,-0.003236,-0.000198
2025.03.28 13:00,1.2943,1.2963,1.2939,1.2955,7140,1.294247,1.296378,1.294197,1.295538,0,0.002103,-0.002478,-3.8e-05
2025.03.28 14:00,1.2955,1.2968,1.2946,1.2948,6769,1.295673,1.296866,1.294733,1.294867,0,0.002067,-0.002266,-6.7e-05
2025.03.28 15:00,1.2948,1.2963,1.2933,1.294,10295,1.295035,1.296294,1.293561,1.294096,0,0.002739,-0.002994,-9.6e-05
2025.03.28 16:00,1.294,1.2949,1.2939,1.2943,6086,1.294214,1.294901,1.294063,1.294348,0,0.000837,-0.001001,-4.8e-05
2025.03.28 17:00,1.2943,1.2944,1.2929,1.2939,4320,1.294348,1.294498,1.293059,1.293879,0,0.001341,-0.001598,2.1e-05
2025.03.28 18:00,1.2939,1.2942,1.2933,1.2939,4067,1.294096,1.294264,1.293561,1.293979,0,0.000639,-0.000964,-7.9e-05
2025.03.28 19:00,1.2938,1.2947,1.2938,1.2944,4725,1.293962,1.294733,1.293962,1.294482,0,0.000738,-0.000933,-8.2e-05
2025.03.28 20:00,1.2944,1.2947,1.294,1.294,1607,1.294565,1.294834,1.293862,1.293862,0,0.000838,-0.000834,0.000138
2025.03.30 23:00,1.2932,1.294,1.2927,1.2937,1841,1.293159,1.294046,1.293042,1.293862,0,0.000958,-0.001346,-0.000162
2025.03.31 00:00,1.2937,1.2959,1.2937,1.2959,1429,1.293912,1.295807,1.293761,1.295723,0,0.002138,-0.002107,0.000177
2025.03.31 01:00,1.2959,1.2967,1.2958,1.296,2883,1.296109,1.296714,1.295941,1.296092,0,0.000759,-0.000914,-9.2e-05
2025.03.31 02:00,1.2959,1.2971,1.2955,1.2963,1009,1.295958,1.297118,1.295622,1.296445,0,0.001478,-0.001618,-0.000145
2025.03.31 03:00,1.2963,1.2964,1.2956,1.2956,451,1.296462,1.296462,1.29574,1.29574,0,0.00066,-0.000862,-0.00014
2025.03.31 04:00,1.2956,1.296,1.2955,1.2956,436,1.29574,1.296109,1.295588,1.29574,0,0.000412,-0.000609,-0.00014
2025.03.31 05:00,1.2956,1.2961,1.2954,1.2956,864,1.29574,1.29621,1.295521,1.295689,0,0.000579,-0.00081,-8.9e-05
2025.03.31 06:00,1.2955,1.2966,1.2948,1.2965,5075,1.295639,1.296664,1.295018,1.296664,0,0.001582,-0.001864,-0.000164
2025.03.31 07:00,1.2965,1.2972,1.2955,1.2956,8086,1.296428,1.297303,1.295706,1.295706,0,0.001494,-0.001803,-0.000106
2025.03.31 08:00,1.2956,1.2961,1.2935,1.2943,4911,1.295975,1.296059,1.293678,1.294448,0,0.002422,-0.002559,-0.000148
2025.03.31 09:00,1.2943,1.2943,1.2924,1.2927,3386,1.294314,1.294415,1.292541,1.292858,0,0.001759,-0.002015,-0.000158
2025.03.31 10:00,1.2926,1.2943,1.2921,1.2938,3870,1.292725,1.294348,1.291956,1.293812,0,0.002344,-0.002248,-1.2e-05
2025.03.31 11:00,1.2937,1.2959,1.2937,1.2952,3439,1.293879,1.295891,1.293879,1.295421,0,0.002021,-0.002191,-0.000221
2025.03.31 12:00,1.2952,1.2958,1.293,1.2932,5450,1.295387,1.295807,1.293159,1.293326,0,0.002641,-0.002807,-0.000126
2025.03.31 13:00,1.2932,1.294,1.2925,1.2929,8660,1.293427,1.29413,1.292791,1.293009,0,0.001209,-0.00163,-0.000109
2025.03.31 14:00,1.293,1.2931,1.2902,1.2909,23306,1.293159,1.293159,1.290456,1.290639,0,0.002644,-0.002959,0.000261
2025.03.31 15:00,1.2909,1.292,1.2889,1.289,11748,1.291106,1.292056,1.289142,1.289142,0,0.002859,-0.003156,-0.000142
2025.03.31 16:00,1.2891,1.2914,1.2885,1.2906,7594,1.289241,1.291489,1.289009,1.290789,0,0.002391,-0.002989,-0.000189
2025.03.31 17:00,1.2907,1.2915,1.2906,1.2907,2099,1.290856,1.291522,1.290772,1.290872,0,0.000728,-0.000922,-0.000172
2025.03.31 18:00,1.2906,1.2914,1.2904,1.2911,4994,1.290872,1.291439,1.290556,1.291039,0,0.000844,-0.001039,6.1e-05
2025.03.31 19:00,1.291,1.2924,1.2908,1.2919,2970,1.291039,1.292474,1.291005,1.291923,0,0.001395,-0.001674,-2.3e-05
2025.03.31 20:00,1.2918,1.292,1.2913,1.2917,2764,1.291856,1.292123,1.291356,1.291689,0,0.000644,-0.000823,1.1e-05
2025.03.31 22:00,1.2916,1.2921,1.2915,1.2919,0,1.29189,1.292107,1.291706,1.29204,0,0.000394,-0.000607,-0.00014
2025.03.31 23:00,1.2919,1.2921,1.2916,1.2918,632,1.291973,1.292157,1.291689,1.29199,0,0.000411,-0.000557,-0.00019
2025.04.01 00:00,1.2919,1.2926,1.2918,1.2925,1363,1.292056,1.292741,1.291939,1.292691,0,0.000661,-0.000941,-0.000191
2025.04.01 01:00,1.2925,1.2926,1.2918,1.2921,821,1.292641,1.292708,1.291873,1.292274,0,0.000727,-0.000908,-0.000174
2025.04.01 02:00,1.2921,1.2934,1.292,1.293,670,1.29224,1.293427,1.292157,1.293159,0,0.001243,-0.001427,-0.000159
2025.04.01 03:00,1.293,1.2936,1.2929,1.2932,0,1.293042,1.293594,1.292908,1.29341,0,0.000692,-0.000694,-0.00021
2025.04.01 04:00,1.2937,1.294,1.2933,1.2937,514,1.29336,1.29408,1.29336,1.293778,0,0.00064,-0.00078,-7.8e-05
2025.04.01 05:00,1.2937,1.2937,1.2919,1.2919,2024,1.293661,1.293661,1.29199,1.29199,0,0.00171,-0.001761,-9e-05
2025.04.01 06:00,1.2918,1.2928,1.2913,1.2922,4426,1.291956,1.292892,1.291539,1.292274,0,0.001261,-0.001592,-7.4e-05
2025.04.01 07:00,1.2922,1.2922,1.2902,1.2908,5273,1.292173,1.292173,1.290473,1.290839,0,0.001727,-0.001973,-3.9e-05
2025.04.01 08:00,1.2907,1.293,1.2904,1.2925,2879,1.290789,1.293059,1.290789,1.292641,0,0.002211,-0.002659,-0.000141
2025.04.01 09:00,1.2925,1.2938,1.2922,1.2934,3486,1.292608,1.293845,1.292574,1.293711,0,0.001226,-0.001645,-0.000311
2025.04.01 10:00,1.2934,1.2934,1.2907,1.2907,6535,1.293494,1.293494,1.291056,1.291056,0,0.002344,-0.002794,-0.000356
2025.04.01 11:00,1.2907,1.2912,1.2889,1.289,4858,1.290972,1.291356,1.289042,1.289042,0,0.002158,-0.002456,-4.2e-05
2025.04.01 12:00,1.289,1.29,1.2885,1.2889,6951,1.289191,1.29004,1.288859,1.289075,0,0.001141,-0.00154,-0.000175
2025.04.01 13:00,1.2889,1.2899,1.2879,1.2885,5657,1.289125,1.28999,1.288129,1.288344,0,0.001771,-0.00209,0.000156
2025.04.01 14:00,1.2885,1.2924,1.2881,1.2921,12131,1.28856,1.292357,1.28856,1.292357,0,0.00384,-0.004257,-0.000257
2025.04.01 15:00,1.292,1.293,1.2918,1.2921,9172,1.29229,1.292908,1.291906,1.29229,0,0.001094,-0.001108,-0.00019
2025.04.01 16:00,1.292,1.2927,1.2917,1.2925,3073,1.292023,1.292741,1.291756,1.292741,0,0.000944,-0.001041,-0.000241
2025.04.01 17:00,1.2926,1.2933,1.292,1.2922,1882,1.292641,1.293293,1.292107,1.292223,0,0.001194,-0.001293,-2.3e-05
2025.04.01 18:00,1.2921,1.2921,1.2909,1.291,3281,1.292274,1.292274,1.291022,1.291039,0,0.001078,-0.001374,-3.9e-05
2025.04.01 19:00,1.2909,1.2921,1.2908,1.292,2046,1.291005,1.291939,1.290922,1.29189,0,0.001178,-0.00114,0.000111
2025.04.01 20:00,1.2919,1.2928,1.2918,1.2922,2084,1.291923,1.292591,1.291823,1.292374,0,0.000977,-0.000791,-0.000174
2025.04.01 22:00,1.292,1.2933,1.292,1.2927,0,1.29229,1.293276,1.29229,1.292741,0,0.00101,-0.001276,-4.1e-05
2025.04.01 23:00,1.2926,1.2927,1.292,1.292,740,1.292691,1.292741,1.29229,1.29229,0,0.00041,-0.000741,-0.00029
2025.04.02 00:00,1.2922,1.2922,1.2909,1.291,745,1.29224,1.29224,1.291056,1.291122,0,0.001144,-0.00134,-0.000122
2025.04.02 01:00,1.291,1.292,1.2905,1.2918,888,1.291156,1.292107,1.290806,1.291923,0,0.001194,-0.001606,-0.000123
2025.04.02 02:00,1.292,1.2929,1.2917,1.2921,1360,1.29204,1.293059,1.291906,1.292307,0,0.000994,-0.001359,-0.000207
2025.04.02 03:00,1.2922,1.2925,1.2919,1.292,123,1.292257,1.292591,1.292056,1.292107,0,0.000444,-0.000691,-0.000106
2025.04.02 04:00,1.292,1.2921,1.2917,1.2918,118,1.292056,1.292207,1.291806,1.291873,0,0.000294,-0.000507,-7.3e-05
2025.04.02 05:00,1.2918,1.2918,1.2912,1.2913,693,1.291723,1.291773,1.291322,1.291589,0,0.000478,-0.000573,-0.000289
2025.04.02 06:00,1.2915,1.2917,1.2909,1.2913,1436,1.291522,1.291773,1.291039,1.291372,0,0.000661,-0.000873,-7.2e-05
2025.04.02 07:00,1.2913,1.2914,1.29,1.2912,3978,1.291356,1.291489,1.290223,1.291372,0,0.001177,-0.001489,-0.000172
2025.04.02 08:00,1.2912,1.2923,1.291,1.292,3601,1.291339,1.292491,1.291106,1.292123,0,0.001194,-0.001491,-0.000123
2025.04.02 09:00,1.292,1.2948,1.292,1.2947,3185,1.292123,1.294817,1.292123,1.294733,0,0.002677,-0.002817,-3.3e-05
2025.04.02 10:00,1.2947,1.2947,1.2928,1.2936,3297,1.294817,1.294817,1.293142,1.293695,0,0.001558,-0.002017,-9.5e-05
2025.04.02 11:00,1.2935,1.2949,1.2933,1.2947,3159,1.293778,1.295001,1.293577,1.2947,0,0.001323,-0.001701,0.0
2025.04.02 12:00,1.2948,1.295,1.2934,1.2943,6341,1.294968,1.295102,1.293527,1.294297,0,0.001473,-0.001702,3e-06
2025.04.02 13:00,1.2943,1.2947,1.2938,1.2939,4837,1.294264,1.294767,1.293862,1.29423,0,0.000838,-0.000967,-0.00033
2025.04.02 14:00,1.2939,1.297,1.2934,1.2967,9432,1.293862,1.29705,1.293561,1.296664,0,0.003439,-0.00365,3.6e-05
2025.04.02 15:00,1.2966,1.2978,1.2961,1.2973,7939,1.296647,1.297858,1.296277,1.29764,0,0.001523,-0.001758,-0.00034
2025.04.02 16:00,1.2973,1.2975,1.2962,1.297,3761,1.297337,1.297471,1.296378,1.297135,0,0.001122,-0.001271,-0.000135
2025.04.02 17:00,1.297,1.2981,1.2969,1.297,2648,1.297084,1.298145,1.297034,1.297151,0,0.001066,-0.001245,-0.000151
2025.04.02 18:00,1.2971,1.2984,1.2968,1.2978,3190,1.297219,1.298347,1.296966,1.297926,0,0.001434,-0.001547,-0.000126
2025.04.02 19:00,1.2978,1.2987,1.2978,1.2982,2870,1.298094,1.298735,1.297909,1.298128,0,0.000791,-0.000935,7.2e-05
2025.04.02 20:00,1.2981,1.3025,1.2953,1.3012,21619,1.298179,1.301965,1.295706,1.300576,0,0.006794,-0.006665,0.000624
2025.04.02 22:00,1.3008,1.3011,1.2973,1.3007,0,1.299697,1.300931,1.297656,1.300593,0,0.003444,-0.003631,0.000107
2025.04.02 23:00,1.3008,1.3052,1.3006,1.3046,5249,1.300847,1.305125,1.300847,1.304649,0,0.004353,-0.004525,-4.9e-05
2025.04.03 00:00,1.3045,1.3058,1.3026,1.304,3047,1.304393,1.305722,1.302711,1.304155,0,0.003089,-0.003122,-0.000155
2025.04.03 01:00,1.304,1.307,1.3037,1.3056,3914,1.303917,1.306762,1.3039,1.305756,0,0.0031,-0.003062,-0.000156
2025.04.03 02:00,1.3055,1.3065,1.3049,1.3062,1550,1.305534,1.306626,1.304938,1.306336,0,0.001562,-0.001726,-0.000136
2025.04.03 03:00,1.3061,1.3077,1.3059,1.3069,1208,1.306387,1.307531,1.305943,1.306984,0,0.001757,-0.001631,-8.4e-05
2025.04.03 04:00,1.3065,1.3067,1.3056,1.3059,1440,1.30695,1.307172,1.305841,1.306029,0,0.000859,-0.001572,-0.000129
2025.04.03 05:00,1.3058,1.31,1.3058,1.3091,5615,1.30596,1.309912,1.305943,1.309089,0,0.004057,-0.004112,1.1e-05
2025.04.03 06:00,1.309,1.3119,1.3083,1.3119,8956,1.308918,1.311785,1.308575,1.311785,0,0.003325,-0.003485,0.000115
2025.04.03 07:00,1.3119,1.3139,1.3103,1.3136,13759,1.311682,1.313802,1.310513,1.31356,0,0.003387,-0.003502,4e-05
2025.04.03 08:00,1.3137,1.3168,1.3132,1.3162,10439,1.31425,1.316777,1.313318,1.316032,0,0.003482,-0.003577,0.000168
2025.04.03 09:00,1.3162,1.3183,1.3157,1.3169,9068,1.316205,1.318131,1.315911,1.317055,0,0.002389,-0.002431,-0.000154
2025.04.03 10:00,1.317,1.3201,1.3147,1.3149,23104,1.317037,1.321388,1.314907,1.314907,0,0.005193,-0.006688,-7e-06
2025.04.03 11:00,1.3149,1.3181,1.3139,1.3174,11174,1.31489,1.318027,1.313974,1.317454,0,0.004126,-0.004127,-5.4e-05
2025.04.03 12:00,1.3175,1.3188,1.3151,1.3158,11836,1.317818,1.318618,1.315097,1.315841,0,0.003703,-0.003518,-4.1e-05
2025.04.03 13:00,1.3158,1.3196,1.3145,1.3147,21653,1.31553,1.319644,1.314907,1.314994,0,0.004693,-0.005144,-0.000293
2025.04.03 14:00,1.3151,1.3174,1.3147,1.3168,16106,1.316534,1.317315,1.314924,1.316829,0,0.002476,-0.002615,-2.9e-05
2025.04.03 15:00,1.3168,1.3169,1.3105,1.311,11760,1.316881,1.316881,1.310719,1.311235,0,0.006181,-0.006381,-0.000235
2025.04.03 16:00,1.3111,1.3121,1.3104,1.3105,6252,1.310994,1.312164,1.310582,1.310856,0,0.001518,-0.001764,-0.000356
2025.04.03 17:00,1.3104,1.3108,1.3093,1.3099,6199,1.310547,1.310856,1.309483,1.310101,0,0.001317,-0.001557,-0.000201
2025.04.03 18:00,1.3098,1.3104,1.3089,1.3095,12058,1.309758,1.310496,1.309055,1.309552,0,0.001345,-0.001596,-5.2e-05
2025.04.03 19:00,1.3094,1.3096,1.3079,1.3082,5429,1.309397,1.309638,1.308164,1.30825,0,0.001436,-0.001738,-5e-05
2025.04.03 20:00,1.3082,1.3101,1.308,1.3098,1826,1.308164,1.310135,1.308164,1.310135,0,0.001936,-0.002135,-0.000335
2025.04.03 22:00,1.3102,1.3107,1.3096,1.3104,0,1.310393,1.310891,1.309998,1.310461,0,0.000702,-0.001291,-6.1e-05
2025.04.03 23:00,1.3105,1.3105,1.3086,1.3089,1463,1.310393,1.310393,1.308729,1.308969,0,0.001771,-0.001793,-6.9e-05
2025.04.04 00:00,1.309,1.3105,1.3084,1.3101,1591,1.309089,1.31053,1.308507,1.310221,0,0.001993,-0.00213,-0.000121
2025.04.04 01:00,1.3101,1.3109,1.3095,1.3102,1434,1.310204,1.310856,1.309586,1.310358,0,0.001314,-0.001356,-0.000158
2025.04.04 02:00,1.3102,1.3106,1.3085,1.3085,1710,1.310255,1.31053,1.308575,1.308575,0,0.002025,-0.00203,-7.5e-05
2025.04.04 03:00,1.3085,1.3106,1.3081,1.3102,1841,1.308695,1.310771,1.30825,1.310444,0,0.00235,-0.002671,-0.000244
2025.04.04 04:00,1.3105,1.3106,1.3096,1.3097,1135,1.310582,1.310771,1.309638,1.309758,0,0.000962,-0.001171,-5.8e-05
2025.04.04 05:00,1.3097,1.3113,1.3089,1.3099,3094,1.309843,1.311355,1.309072,1.309912,0,0.002228,-0.002455,-1.2e-05
2025.04.04 06:00,1.3097,1.31,1.3051,1.3054,5196,1.310049,1.310049,1.305517,1.305602,0,0.004483,-0.004949,-0.000202
2025.04.04 07:00,1.3054,1.3064,1.3004,1.3007,13896,1.305705,1.306558,1.300661,1.300661,0,0.005739,-0.006158,3.9e-05
2025.04.04 08:00,1.3007,1.3014,1.2975,1.2982,15558,1.300661,1.301202,1.297774,1.298465,0,0.003626,-0.003702,-0.000265
2025.04.04 09:00,1.2982,1.2991,1.2962,1.2988,12489,1.298347,1.299157,1.296798,1.29887,0,0.002302,-0.002957,-7e-05
2025.04.04 10:00,1.2987,1.3031,1.2976,1.3003,22008,1.299022,1.303135,1.298263,1.300492,0,0.004837,-0.005535,-0.000192
2025.04.04 11:00,1.3005,1.303,1.2989,1.302,15530,1.300695,1.302694,1.299326,1.30188,0,0.003674,-0.003794,0.00012
2025.04.04 12:00,1.3021,1.3053,1.2989,1.3001,23727,1.301998,1.304631,1.299258,1.299562,0,0.006042,-0.005731,0.000538
2025.04.04 13:00,1.3001,1.3017,1.2978,1.298,17641,1.300035,1.301575,1.298162,1.298482,0,0.003538,-0.003775,-0.000482
2025.04.04 14:00,1.2979,1.298,1.2922,1.2938,33145,1.297858,1.297976,1.29234,1.294264,0,0.00566,-0.005776,-0.000464
2025.04.04 15:00,1.2938,1.2955,1.2906,1.2926,31360,1.293895,1.295236,1.29199,1.292858,0,0.00351,-0.004636,-0.000258
2025.04.04 16:00,1.2926,1.2928,1.2887,1.2894,15188,1.292674,1.292741,1.288975,1.289441,0,0.003825,-0.004041,-4.1e-05
2025.04.04 17:00,1.2895,1.2907,1.2857,1.2903,17058,1.289624,1.290622,1.28576,1.290323,0,0.00494,-0.004922,-2.3e-05
2025.04.04 18:00,1.2903,1.2915,1.2879,1.288,12036,1.290522,1.291356,1.288112,1.288112,0,0.003388,-0.003456,-0.000112
2025.04.04 19:00,1.2881,1.2899,1.2868,1.2873,6183,1.288046,1.28989,1.286836,1.287432,0,0.003064,-0.00309,-0.000132
2025.04.04 20:00,1.2872,1.2901,1.2852,1.2891,5856,1.287399,1.290206,1.285479,1.290206,0,0.004621,-0.005006,-0.001106
2025.04.06 23:00,1.2877,1.2933,1.2876,1.2908,6954,1.287946,1.293193,1.287946,1.291322,0,0.005354,-0.005593,-0.000522
2025.04.07 00:00,1.2909,1.2917,1.2883,1.2909,4948,1.290789,1.291623,1.288693,1.291039,0,0.003007,-0.003322,-0.000139
2025.04.07 01:00,1.291,1.2916,1.2884,1.2886,2737,1.291639,1.291639,1.288544,1.288544,0,0.003056,-0.003239,5.6e-05
2025.04.07 02:00,1.2886,1.289,1.2849,1.286,1531,1.288361,1.288992,1.285314,1.285992,0,0.003686,-0.004092,8e-06
2025.04.07 03:00,1.286,1.2891,1.2855,1.2887,1377,1.285959,1.289125,1.285645,1.288793,0,0.003456,-0.003625,-9.3e-05
2025.04.07 04:00,1.2885,1.2905,1.2885,1.2902,768,1.28861,1.290522,1.28861,1.290256,0,0.00189,-0.002023,-5.6e-05
2025.04.07 05:00,1.2902,1.2926,1.2896,1.2924,2567,1.290273,1.292557,1.289907,1.292557,0,0.002694,-0.002957,-0.000157
2025.04.07 06:00,1.2924,1.2926,1.2883,1.2901,6495,1.292424,1.292608,1.28866,1.290239,0,0.00394,-0.004308,-0.000139
2025.04.07 07:00,1.2902,1.2934,1.2894,1.2894,9888,1.290389,1.293176,1.289674,1.289674,0,0.003726,-0.003776,-0.000274
2025.04.07 08:00,1.2895,1.2913,1.2865,1.2872,6303,1.28984,1.291156,1.286786,1.287515,0,0.004514,-0.004656,-0.000315
2025.04.07 09:00,1.2871,1.2876,1.2834,1.2837,7761,1.286852,1.287548,1.283417,1.28401,0,0.004183,-0.004148,-0.00031
2025.04.07 10:00,1.2838,1.2861,1.2823,1.2825,7315,1.284076,1.286091,1.282577,1.282577,0,0.003523,-0.003791,-7.7e-05
2025.04.07 11:00,1.2825,1.2833,1.2803,1.2824,9854,1.282758,1.28317,1.280524,1.282364,0,0.002776,-0.00287,3.6e-05
2025.04.07 12:00,1.2823,1.2852,1.2807,1.2837,15274,1.282298,1.285033,1.280787,1.283928,0,0.004413,-0.004333,-0.000228
2025.04.07 13:00,1.2838,1.2839,1.2786,1.28,14743,1.283516,1.283516,1.278707,1.280016,0,0.005193,-0.004916,-1.6e-05
2025.04.07 14:00,1.2801,1.2847,1.2754,1.2756,33809,1.280705,1.28345,1.275868,1.275966,0,0.008832,-0.00805,-0.000366
2025.04.07 15:00,1.2755,1.2774,1.2725,1.2725,17849,1.275445,1.277041,1.272572,1.272718,0,0.004828,-0.004541,-0.000218
2025.04.07 16:00,1.2726,1.2731,1.2711,1.273,6733,1.272313,1.273042,1.2711,1.272993,0,0.002,-0.001942,7e-06
2025.04.07 17:00,1.2731,1.2778,1.2729,1.2767,9341,1.273983,1.277743,1.273156,1.276829,0,0.004644,-0.004843,-0.000129
2025.04.07 18:00,1.2767,1.2773,1.2745,1.2746,8833,1.276601,1.277074,1.274681,1.275152,0,0.002619,-0.002574,-0.000552
2025.04.07 19:00,1.2746,1.2755,1.2714,1.2715,5663,1.274827,1.27551,1.271715,1.271715,0,0.003785,-0.00411,-0.000215
2025.04.07 20:00,1.2717,1.2727,1.2709,1.2721,2381,1.271553,1.272734,1.271246,1.272297,0,0.001454,-0.001834,-0.000197
2025.04.07 22:00,1.2718,1.2739,1.2718,1.2736,0,1.272734,1.27382,1.272426,1.273496,0,0.001474,-0.00202,0.000104
2025.04.07 23:00,1.2737,1.2741,1.2727,1.2732,1060,1.273593,1.273804,1.272767,1.273431,0,0.001333,-0.001104,-0.000231
2025.04.08 00:00,1.2734,1.2767,1.2734,1.2753,2549,1.273642,1.276585,1.273642,1.275331,0,0.003058,-0.003185,-3.1e-05
2025.04.08 01:00,1.2753,1.2779,1.2752,1.2776,1657,1.275705,1.277808,1.275478,1.277678,0,0.002422,-0.002608,-7.8e-05
2025.04.08 02:00,1.2776,1.2793,1.2775,1.2785,1705,1.277776,1.279247,1.277661,1.278527,0,0.001639,-0.001747,-2.7e-05
2025.04.08 03:00,1.2786,1.2786,1.2774,1.2778,0,1.27856,1.278593,1.27758,1.277759,0,0.00102,-0.001193,4.1e-05
2025.04.08 04:00,1.2783,1.2791,1.2781,1.2786,644,1.277759,1.279181,1.277759,1.278593,0,0.001341,-0.001081,7e-06
2025.04.08 05:00,1.2786,1.2786,1.2763,1.2782,1611,1.278527,1.278527,1.276569,1.278184,0,0.002031,-0.002227,1.6e-05
2025.04.08 06:00,1.2781,1.2798,1.2776,1.2785,5533,1.277955,1.279541,1.277955,1.278674,0,0.001845,-0.001941,-0.000174
2025.04.08 07:00,1.2786,1.2786,1.2749,1.2751,10497,1.278037,1.278429,1.275104,1.275104,0,0.003496,-0.003529,-4e-06
2025.04.08 08:00,1.2751,1.2772,1.2746,1.2753,8621,1.274925,1.276944,1.274746,1.275087,0,0.002454,-0.002344,0.000213
2025.04.08 09:00,1.2753,1.2753,1.2725,1.2746,11332,1.275185,1.275185,1.272621,1.274616,0,0.002679,-0.002685,-1.6e-05
2025.04.08 10:00,1.2745,1.277,1.2736,1.2753,7185,1.274681,1.276634,1.273674,1.275315,0,0.003326,-0.003034,-1.5e-05
2025.04.08 11:00,1.2753,1.2784,1.2751,1.2779,6560,1.275738,1.278298,1.275738,1.277955,0,0.002662,-0.003198,-5.5e-05
2025.04.08 12:00,1.278,1.2796,1.2773,1.2778,6491,1.278135,1.279541,1.27727,1.277612,0,0.00233,-0.002241,0.000188
2025.04.08 13:00,1.2777,1.2794,1.2769,1.2789,10099,1.27771,1.27923,1.277139,1.278985,0,0.002261,-0.00233,-8.5e-05
2025.04.08 14:00,1.2789,1.2792,1.2754,1.2756,10553,1.279247,1.279247,1.275429,1.275624,0,0.003771,-0.003847,-2.4e-05
2025.04.08 15:00,1.2757,1.2776,1.2744,1.2768,8400,1.275917,1.277433,1.2746,1.276585,0,0.003,-0.003033,0.000215
2025.04.08 16:00,1.2768,1.2784,1.2756,1.2773,7968,1.276569,1.2782,1.275885,1.2774,0,0.002515,-0.0026,-0.0001
2025.04.08 17:00,1.2773,1.2787,1.277,1.2782,7233,1.277368,1.278625,1.277172,1.278135,0,0.001528,-0.001625,6.5e-05
2025.04.08 18:00,1.2782,1.2813,1.2778,1.2789,7543,1.278086,1.281148,1.278004,1.278887,0,0.003296,-0.003348,1.3e-05
2025.04.08 19:00,1.2789,1.2801,1.2767,1.2773,8932,1.279116,1.280164,1.27696,1.277661,0,0.00314,-0.003464,-0.000361
2025.04.08 20:00,1.2773,1.2779,1.2755,1.2763,1135,1.277351,1.278053,1.275608,1.276585,0,0.002292,-0.002553,-0.000285
2025.04.08 22:00,1.2775,1.2786,1.2761,1.278,0,1.276927,1.278642,1.276927,1.277988,0,0.001673,-0.002542,1.2e-05
2025.04.08 23:00,1.2779,1.2791,1.2775,1.2786,955,1.277596,1.278985,1.277596,1.278576,0,0.001504,-0.001485,2.4e-05
2025.04.09 00:00,1.2786,1.2816,1.2775,1.2816,2925,1.278871,1.281591,1.277792,1.28146,0,0.003808,-0.004091,0.00014
2025.04.09 01:00,1.2815,1.2846,1.2815,1.2831,4182,1.281657,1.284588,1.281657,1.283121,0,0.002943,-0.003088,-2.1e-05
2025.04.09 02:00,1.2831,1.2841,1.2814,1.2821,2118,1.283219,1.283895,1.281411,1.282101,0,0.002689,-0.002495,-1e-06
2025.04.09 03:00,1.2822,1.2834,1.2815,1.2818,1462,1.282133,1.283384,1.281542,1.281821,0,0.001858,-0.001884,-2.1e-05
2025.04.09 04:00,1.2836,1.2857,1.283,1.2855,3803,1.28187,1.285727,1.28169,1.285628,0,0.00401,-0.002727,-0.000128
2025.04.09 05:00,1.2854,1.2854,1.2824,1.2839,2861,1.285149,1.285248,1.28261,1.283648,0,0.00279,-0.002848,0.000252
2025.04.09 06:00,1.284,1.2865,1.282,1.2841,6933,1.283862,1.286405,1.282183,1.284159,0,0.004317,-0.004405,-5.9e-05
2025.04.09 07:00,1.284,1.285,1.2793,1.2801,12800,1.284423,1.284489,1.279443,1.279705,0,0.005557,-0.005189,0.000395
2025.04.09 08:00,1.28,1.2829,1.2788,1.2826,9394,1.280033,1.282742,1.278936,1.282462,0,0.003964,-0.003942,0.000138
2025.04.09 09:00,1.2826,1.2837,1.2815,1.2822,6524,1.282429,1.283615,1.281542,1.282281,0,0.002158,-0.002115,-8.1e-05
2025.04.09 10:00,1.2822,1.2837,1.2809,1.282,7425,1.282084,1.283582,1.280967,1.282331,0,0.002733,-0.002682,-0.000331
2025.04.09 11:00,1.282,1.2826,1.2773,1.2775,14911,1.281132,1.282265,1.277433,1.277433,0,0.005167,-0.004965,6.7e-05
2025.04.09 12:00,1.2775,1.2815,1.2772,1.2805,9666,1.277694,1.281476,1.277465,1.280508,0,0.004035,-0.004276,-8e-06
2025.04.09 13:00,1.2805,1.2815,1.2772,1.2778,8925,1.279918,1.280935,1.277547,1.278315,0,0.003953,-0.003735,-0.000515
2025.04.09 14:00,1.2778,1.278,1.2752,1.2758,12587,1.276536,1.27771,1.275575,1.275575,0,0.002425,-0.00251,0.000225
2025.04.09 15:00,1.2758,1.2789,1.2753,1.277,9760,1.27564,1.278772,1.275624,1.277156,0,0.003276,-0.003472,-0.000156
2025.04.09 16:00,1.2771,1.278,1.2761,1.2766,5696,1.276911,1.277841,1.276227,1.276471,0,0.001773,-0.001741,0.000129
2025.04.09 17:00,1.2767,1.2825,1.2745,1.2791,28097,1.276064,1.281263,1.274843,1.27874,0,0.007657,-0.006763,0.00036
2025.04.09 18:00,1.2791,1.2827,1.2746,1.2804,14697,1.278723,1.282429,1.275266,1.280656,0,0.007434,-0.007829,-0.000256
2025.04.09 19:00,1.2804,1.284,1.2802,1.2806,4464,1.280262,1.283812,1.280262,1.280508,0,0.003738,-0.003612,9.2e-05
2025.04.09 20:00,1.2805,1.2834,1.2795,1.2829,2875,1.279853,1.283104,1.279509,1.282364,0,0.003891,-0.003604,0.000536
2025.04.09 22:00,1.2827,1.2834,1.2814,1.2824,0,1.281903,1.283368,1.281756,1.282331,0,0.001644,-0.001968,6.9e-05
2025.04.09 23:00,1.2826,1.2826,1.2812,1.2826,929,1.282479,1.282528,1.281214,1.282528,0,0.001387,-0.001328,7.2e-05
2025.04.10 00:00,1.2825,1.2848,1.2824,1.2845,1717,1.282495,1.284687,1.282495,1.284505,0,0.002305,-0.002287,-5e-06
2025.04.10 01:00,1.2845,1.2846,1.2824,1.2829,1282,1.284192,1.284406,1.282429,1.282939,0,0.002171,-0.002006,-3.9e-05
2025.04.10 02:00,1.2831,1.2842,1.2824,1.2839,1300,1.283219,1.28401,1.282281,1.283878,0,0.001919,-0.00161,2.2e-05
2025.04.10 03:00,1.2838,1.2854,1.2838,1.2851,1116,1.283878,1.285331,1.283878,1.284769,0,0.001522,-0.001531,0.000331
2025.04.10 04:00,1.2847,1.2862,1.2847,1.2861,856,1.284687,1.286074,1.284159,1.286025,0,0.002041,-0.001374,7.5e-05
2025.04.10 05:00,1.2861,1.2872,1.2856,1.286,1918,1.285992,1.286985,1.285562,1.285892,0,0.001638,-0.001385,0.000108
2025.04.10 06:00,1.286,1.2877,1.2849,1.2869,7209,1.285876,1.287565,1.284885,1.286918,0,0.002815,-0.002665,-1.8e-05
2025.04.10 07:00,1.2869,1.2882,1.2846,1.2878,6344,1.287084,1.288112,1.28472,1.287747,0,0.00348,-0.003512,5.3e-05
2025.04.10 08:00,1.2878,1.288,1.2862,1.2871,4121,1.287532,1.28788,1.286107,1.286985,0,0.001893,-0.00168,0.000115
2025.04.10 09:00,1.2871,1.2895,1.2863,1.2892,4124,1.287018,1.289374,1.286339,1.289208,0,0.003161,-0.003074,-8e-06
2025.04.10 10:00,1.2893,1.2926,1.2886,1.2913,8230,1.288726,1.292457,1.288577,1.291356,0,0.004023,-0.003857,-5.6e-05
2025.04.10 11:00,1.2919,1.2939,1.2916,1.2932,9182,1.291573,1.293761,1.291573,1.29341,0,0.002327,-0.002162,-0.00021
2025.04.10 12:00,1.2932,1.296,1.292,1.2926,13231,1.293293,1.295354,1.292307,1.292658,0,0.003693,-0.003353,-5.8e-05
2025.04.10 13:00,1.2927,1.2932,1.2893,1.2924,10492,1.29204,1.293092,1.28969,1.292624,0,0.00351,-0.003792,-0.000224
2025.04.10 14:00,1.2924,1.2962,1.291,1.2961,14154,1.29234,1.296042,1.290872,1.296042,0,0.005328,-0.005042,5.8e-05
2025.04.10 15:00,1.296,1.298,1.2938,1.2939,15278,1.296075,1.297741,1.293912,1.293912,0,0.004088,-0.003941,-1.2e-05
2025.04.10 16:00,1.2939,1.2961,1.2926,1.2955,9749,1.293812,1.295924,1.292658,1.295538,0,0.003442,-0.003324,-3.8e-05
2025.04.10 17:00,1.2954,1.2978,1.2933,1.2976,6903,1.295052,1.297555,1.293477,1.297555,0,0.004323,-0.004255,4.5e-05
2025.04.10 18:00,1.2976,1.2997,1.2971,1.2982,8493,1.297892,1.299478,1.297168,1.298061,0,0.002532,-0.002378,0.000139
2025.04.10 19:00,1.2982,1.2988,1.294,1.297,5784,1.298263,1.298684,1.294029,1.297236,0,0.004771,-0.004684,-0.000236
2025.04.10 20:00,1.2969,1.2975,1.2954,1.2967,1879,1.297151,1.297387,1.295354,1.296983,0,0.002146,-0.001987,-0.000283
2025.04.10 22:00,1.2975,1.2991,1.2966,1.2989,0,1.296983,1.299039,1.296899,1.2986,0,0.002201,-0.002439,0.0003
2025.04.10 23:00,1.2989,1.2999,1.2968,1.2992,2017,1.298684,1.299731,1.296866,1.299393,0,0.003034,-0.002931,-0.000193
2025.04.11 00:00,1.2991,1.3048,1.2988,1.3017,8125,1.29963,1.304631,1.299444,1.301795,0,0.005356,-0.005831,-9.5e-05
2025.04.11 01:00,1.3016,1.3029,1.2996,1.3011,4409,1.300779,1.302592,1.299731,1.301033,0,0.003169,-0.002992,6.7e-05
2025.04.11 02:00,1.3011,1.3025,1.301,1.3016,1795,1.30127,1.302507,1.300982,1.301473,0,0.001518,-0.001507,0.000127
2025.04.11 03:00,1.3017,1.3051,1.3013,1.3037,1760,1.301507,1.304512,1.301321,1.303662,0,0.003779,-0.003212,3.8e-05
2025.04.11 04:00,1.3029,1.303,1.3012,1.3022,1800,1.303373,1.303373,1.300965,1.302032,0,0.002035,-0.002173,0.000167
2025.04.11 05:00,1.3021,1.3022,1.2996,1.3005,2206,1.302066,1.302066,1.299663,1.300492,0,0.002537,-0.002466,8e-06
2025.04.11 06:00,1.3004,1.3021,1.2982,1.3018,7617,1.300018,1.301795,1.298617,1.301795,0,0.003483,-0.003595,5e-06
2025.04.11 07:00,1.3018,1.3077,1.3017,1.3069,12936,1.302321,1.307514,1.302321,1.307036,0,0.005379,-0.005814,-0.000136
2025.04.11 08:00,1.3068,1.313,1.3056,1.311,15435,1.305875,1.313353,1.305722,1.310856,0,0.007278,-0.007753,0.000144
2025.04.11 09:00,1.3109,1.3146,1.3084,1.3124,10307,1.310668,1.31451,1.308404,1.312439,0,0.006196,-0.00611,-3.9e-05
2025.04.11 10:00,1.3123,1.3123,1.3058,1.3076,10547,1.310736,1.310736,1.30579,1.307412,0,0.00651,-0.004936,0.000188
2025.04.11 11:00,1.3075,1.3099,1.3066,1.309,7640,1.307497,1.309775,1.306933,1.308421,0,0.002967,-0.003175,0.000579
2025.04.11 12:00,1.3089,1.3126,1.3085,1.3124,11025,1.308781,1.312422,1.308712,1.312078,0,0.003888,-0.003922,0.000322
2025.04.11 13:00,1.3124,1.3135,1.3062,1.3099,20023,1.312629,1.313387,1.306506,1.309278,0,0.006994,-0.007187,0.000623
2025.04.11 14:00,1.31,1.3116,1.3057,1.306,15748,1.309415,1.311166,1.305636,1.306029,0,0.005964,-0.005466,-2.9e-05
2025.04.11 15:00,1.3059,1.3063,1.3039,1.3049,10839,1.306114,1.306131,1.304121,1.304768,0,0.002179,-0.002231,0.000132
2025.04.11 16:00,1.3048,1.306,1.3031,1.3053,7437,1.304478,1.305995,1.303339,1.305244,0,0.002661,-0.002895,5.6e-05
2025.04.11 17:00,1.3052,1.3077,1.3045,1.305,5476,1.305006,1.307634,1.304614,1.30504,0,0.003086,-0.003134,-4e-05
2025.04.11 18:00,1.305,1.3071,1.3049,1.3061,6456,1.305091,1.307053,1.304955,1.305875,0,0.002145,-0.002153,0.000225
2025.04.11 19:00,1.3061,1.3086,1.3058,1.3076,3447,1.305858,1.308267,1.305858,1.307566,0,0.002742,-0.002467,3.4e-05
2025.04.11 20:00,1.3075,1.309,1.3066,1.3088,1765,1.307514,1.308096,1.306575,1.308062,0,0.002425,-0.001496,0.000738
2025.04.13 23:00,1.308,1.3091,1.3075,1.3085,534,1.30837,1.309089,1.307549,1.308524,0,0.001552,-0.001589,-2.4e-05
2025.04.14 00:00,1.3086,1.3107,1.3085,1.3098,1565,1.308746,1.310719,1.308609,1.309689,0,0.002091,-0.002219,0.000111
2025.04.14 01:00,1.3099,1.3129,1.3098,1.3109,1879,1.309895,1.31287,1.309895,1.310702,0,0.003005,-0.00307,0.000198
2025.04.14 02:00,1.3108,1.3116,1.3102,1.3107,806,1.311046,1.311389,1.310255,1.310736,0,0.001345,-0.001189,-3.6e-05
2025.04.14 03:00,1.3106,1.3113,1.3097,1.3108,645,1.310565,1.311252,1.309706,1.310753,0,0.001594,-0.001552,4.7e-05
2025.04.14 04:00,1.3109,1.3119,1.3103,1.3106,398,1.310822,1.311699,1.310376,1.310376,0,0.001524,-0.001399,0.000224
2025.04.14 05:00,1.3107,1.313,1.3098,1.3127,1181,1.311046,1.312784,1.309843,1.312663,0,0.003157,-0.002984,3.7e-05
2025.04.14 06:00,1.3127,1.3175,1.3116,1.3169,4290,1.31225,1.317263,1.311699,1.316916,0,0.005801,-0.005663,-1.6e-05
2025.04.14 07:00,1.317,1.3173,1.3157,1.3167,6029,1.31702,1.31702,1.315616,1.316604,0,0.001684,-0.00132,9.6e-05
2025.04.14 08:00,1.3167,1.3189,1.3163,1.3173,7239,1.316448,1.318722,1.316257,1.317419,0,0.002643,-0.002422,-0.000119
2025.04.14 09:00,1.3172,1.3193,1.3172,1.3179,4658,1.317471,1.318861,1.317436,1.318079,0,0.001864,-0.001661,-0.000179
2025.04.14 10:00,1.318,1.3199,1.3164,1.3199,5160,1.317801,1.319853,1.316292,1.319853,0,0.003608,-0.003453,4.7e-05
2025.04.14 11:00,1.3199,1.3203,1.3176,1.3177,6774,1.319505,1.32008,1.317558,1.317558,0,0.002742,-0.00248,0.000142
2025.04.14 12:00,1.3178,1.3179,1.3143,1.3147,8304,1.31754,1.317749,1.314302,1.314648,0,0.003598,-0.003449,5.2e-05
2025.04.14 13:00,1.3147,1.316,1.3125,1.3158,10985,1.314354,1.315824,1.312422,1.315772,0,0.003578,-0.003324,2.8e-05
2025.04.14 14:00,1.3158,1.3193,1.3153,1.3189,10050,1.315789,1.318931,1.315357,1.318722,0,0.003943,-0.003631,0.000178
2025.04.14 15:00,1.3189,1.3189,1.3173,1.3175,6271,1.318913,1.318913,1.317349,1.317419,0,0.001551,-0.001613,8.1e-05
2025.04.14 16:00,1.3174,1.3193,1.3167,1.3168,6679,1.317384,1.319226,1.316725,1.316777,0,0.002575,-0.002526,2.3e-05
2025.04.14 17:00,1.3167,1.3189,1.3167,1.3183,3019,1.317471,1.318705,1.317211,1.318183,0,0.001689,-0.002005,0.000117
2025.04.14 18:00,1.3184,1.3199,1.3182,1.3197,3238,1.318479,1.319749,1.318322,1.319749,0,0.001578,-0.001549,-4.9e-05
2025.04.14 19:00,1.3198,1.3201,1.3189,1.3191,3401,1.319731,1.319958,1.318896,1.319018,0,0.001204,-0.001058,8.2e-05
2025.04.14 20:00,1.3192,1.3192,1.3183,1.3191,2081,1.318791,1.319052,1.318305,1.318983,0,0.000895,-0.000752,0.000117
2025.04.14 22:00,1.3185,1.3199,1.3182,1.3182,0,1.319697,1.319697,1.317975,1.318148,0,0.001925,-0.001497,5.2e-05
2025.04.14 23:00,1.3184,1.3185,1.317,1.3174,525,1.318287,1.318287,1.316864,1.317367,0,0.001636,-0.001287,3.3e-05
2025.04.15 00:00,1.3174,1.3178,1.3166,1.3173,951,1.317367,1.317662,1.316586,1.317228,0,0.001214,-0.001062,7.2e-05
2025.04.15 01:00,1.3175,1.3185,1.3171,1.3179,666,1.317697,1.318426,1.31702,1.317766,0,0.00148,-0.001326,0.000134
2025.04.15 02:00,1.3179,1.3198,1.3179,1.3197,619,1.318113,1.319766,1.317922,1.319609,0,0.001878,-0.001866,9.1e-05
2025.04.15 03:00,1.3198,1.32,1.3192,1.3199,0,1.319784,1.319975,1.319174,1.319853,0,0.000826,-0.000775,4.7e-05
2025.04.15 04:00,1.3201,1.3219,1.3197,1.3213,1818,1.319853,1.321807,1.319714,1.321318,0,0.002186,-0.002107,-1.8e-05
2025.04.15 05:00,1.3213,1.3223,1.3204,1.3206,1628,1.321371,1.322104,1.320359,1.320359,0,0.001941,-0.001704,0.000241
2025.04.15 06:00,1.3205,1.3215,1.3185,1.3196,3861,1.320115,1.321458,1.318722,1.319644,0,0.002778,-0.002958,-4.4e-05
2025.04.15 07:00,1.3198,1.3229,1.3188,1.3224,5922,1.319801,1.322506,1.318965,1.322297,0,0.003935,-0.003706,0.000103
2025.04.15 08:00,1.3225,1.3239,1.322,1.3231,5318,1.322384,1.323714,1.321947,1.323049,0,0.001953,-0.001714,5.1e-05
2025.04.15 09:00,1.323,1.3249,1.3226,1.3239,3618,1.322856,1.324731,1.322856,1.324118,0,0.002044,-0.002131,-0.000218
2025.04.15 10:00,1.3238,1.3253,1.3234,1.3242,4142,1.323784,1.324942,1.323329,1.324065,0,0.001971,-0.001542,0.000135
2025.04.15 11:00,1.3242,1.3243,1.3219,1.3233,3953,1.324065,1.32417,1.321982,1.323171,0,0.002318,-0.00227,0.000129
2025.04.15 12:00,1.3233,1.3246,1.3222,1.3224,5750,1.323469,1.324486,1.322157,1.322157,0,0.002443,-0.002286,0.000243
2025.04.15 13:00,1.3225,1.3238,1.3216,1.3229,6471,1.322367,1.323206,1.321755,1.322629,0,0.002045,-0.001606,0.000271
2025.04.15 14:00,1.3228,1.3247,1.3207,1.3246,10941,1.322734,1.324468,1.320812,1.324451,0,0.003888,-0.003768,0.000149
2025.04.15 15:00,1.3246,1.3247,1.3219,1.3221,6545,1.324363,1.324363,1.321912,1.322087,0,0.002788,-0.002463,1.3e-05
2025.04.15 16:00,1.3222,1.3226,1.3206,1.3214,5042,1.322297,1.322489,1.320742,1.321336,0,0.001858,-0.001889,6.4e-05
2025.04.15 17:00,1.3213,1.3229,1.3209,1.3218,3489,1.321126,1.322769,1.320864,1.321842,0,0.002036,-0.001869,-4.2e-05
2025.04.15 18:00,1.3218,1.322,1.3207,1.3218,2522,1.321807,1.32186,1.320795,1.32186,0,0.001205,-0.00116,-6e-05
2025.04.15 19:00,1.3218,1.323,1.3214,1.3227,1828,1.321563,1.322996,1.321371,1.322576,0,0.001629,-0.001596,0.000124
2025.04.15 20:00,1.3228,1.3236,1.3227,1.3235,781,1.322751,1.323452,1.322681,1.323259,0,0.000919,-0.000752,0.000241
2025.04.15 22:00,1.3232,1.324,1.3228,1.3237,0,1.323189,1.32389,1.322874,1.323662,0,0.001126,-0.00109,3.8e-05
2025.04.15 23:00,1.3239,1.3239,1.3226,1.3231,561,1.323276,1.323452,1.322594,1.323031,0,0.001306,-0.000852,6.9e-05
2025.04.16 00:00,1.3231,1.3256,1.3231,1.3248,1489,1.323119,1.325416,1.323119,1.324767,0,0.002481,-0.002316,3.3e-05
2025.04.16 01:00,1.3248,1.3259,1.3244,1.3251,889,1.324731,1.325697,1.324503,1.324995,0,0.001397,-0.001297,0.000105
2025.04.16 02:00,1.3251,1.3258,1.3246,1.3249,901,1.325082,1.32568,1.324609,1.324854,0,0.001191,-0.00108,4.6e-05
2025.04.16 03:00,1.325,1.3262,1.3249,1.3262,550,1.325065,1.326295,1.324924,1.326295,0,0.001276,-0.001395,-9.5e-05
2025.04.16 04:00,1.3262,1.3268,1.3258,1.3265,578,1.326453,1.326647,1.325785,1.326436,0,0.001015,-0.000847,6.4e-05
2025.04.16 05:00,1.3265,1.3292,1.326,1.3286,1800,1.326277,1.328957,1.326137,1.328957,0,0.003063,-0.002957,-0.000357
2025.04.16 06:00,1.3285,1.3303,1.3258,1.3265,4370,1.32818,1.32818,1.325979,1.326418,0,0.004321,-0.00238,8.2e-05
2025.04.16 07:00,1.3264,1.3287,1.3263,1.3285,4106,1.326788,1.328498,1.326453,1.328304,0,0.002246,-0.002198,0.000196
2025.04.16 08:00,1.3286,1.3293,1.3268,1.3291,5730,1.328515,1.329045,1.326999,1.329045,0,0.002301,-0.002245,5.5e-05
2025.04.16 09:00,1.3291,1.3293,1.3263,1.3269,6118,1.328921,1.329204,1.326154,1.3267,0,0.003146,-0.002904,0.0002
2025.04.16 10:00,1.327,1.3277,1.3263,1.3266,2268,1.326999,1.327827,1.32619,1.32677,0,0.00151,-0.001527,-0.00017
2025.04.16 11:00,1.3266,1.3277,1.3261,1.3274,3905,1.326225,1.327616,1.326049,1.32714,0,0.001651,-0.001516,0.00026
2025.04.16 12:00,1.3274,1.3274,1.3253,1.3261,4640,1.32714,1.32714,1.325364,1.326049,0,0.002036,-0.00184,5.1e-05
2025.04.16 13:00,1.3261,1.3273,1.3257,1.3264,7402,1.32626,1.327158,1.32582,1.32626,0,0.00148,-0.001458,0.00014
2025.04.16 14:00,1.3264,1.3268,1.3241,1.326,11704,1.326242,1.326647,1.324118,1.325715,0,0.002682,-0.002547,0.000285
2025.04.16 15:00,1.326,1.3261,1.3229,1.3247,8469,1.32568,1.325855,1.322699,1.324591,0,0.003401,-0.002955,0.000109
2025.04.16 16:00,1.3247,1.3249,1.3232,1.3236,3110,1.324696,1.324731,1.323154,1.323452,0,0.001746,-0.001531,0.000148
2025.04.16 17:00,1.3235,1.3239,1.3214,1.3219,4556,1.323364,1.323767,1.321598,1.321807,0,0.002302,-0.002367,9.3e-05
2025.04.16 18:00,1.3219,1.3234,1.3215,1.3232,4594,1.32172,1.323206,1.321528,1.323206,0,0.001872,-0.001706,-6e-06
2025.04.16 19:00,1.3233,1.3251,1.323,1.3241,3436,1.322944,1.324837,1.322944,1.323925,0,0.002156,-0.001837,0.000175
2025.04.16 20:00,1.3241,1.3244,1.3232,1.3243,1594,1.323714,1.324345,1.323136,1.3241,0,0.001263,-0.001145,0.0002
2025.04.16 22:00,1.3243,1.3247,1.3234,1.324,0,1.32417,1.324363,1.323241,1.323784,0,0.001459,-0.000963,0.000216
2025.04.16 23:00,1.324,1.3244,1.3234,1.3234,523,1.323854,1.324205,1.323224,1.323311,0,0.001176,-0.000805,8.9e-05
2025.04.17 00:00,1.3235,1.3235,1.3213,1.3214,2064,1.323346,1.323346,1.321231,1.321231,0,0.002269,-0.002046,0.000169
2025.04.17 01:00,1.3213,1.3219,1.3205,1.3217,1241,1.321091,1.321667,1.32055,1.321493,0,0.00135,-0.001167,0.000207
2025.04.17 02:00,1.3216,1.3231,1.3216,1.3227,1129,1.32158,1.322926,1.321458,1.322506,0,0.001642,-0.001326,0.000194
2025.04.17 03:00,1.3226,1.3232,1.3217,1.3217,403,1.322681,1.322979,1.321458,1.321458,0,0.001742,-0.001279,0.000242
2025.04.17 04:00,1.3216,1.3218,1.3211,1.3211,330,1.321563,1.321598,1.321021,1.321021,0,0.000779,-0.000498,7.9e-05
2025.04.17 05:00,1.3211,1.3222,1.3207,1.3211,817,1.321021,1.322069,1.320568,1.321021,0,0.001632,-0.001369,7.9e-05
2025.04.17 06:00,1.3211,1.3235,1.3206,1.323,2205,1.321004,1.323329,1.320463,1.323049,0,0.003037,-0.002729,-4.9e-05
2025.04.17 07:00,1.3229,1.3247,1.3225,1.3244,4704,1.323294,1.324521,1.322524,1.32431,0,0.002176,-0.002021,9e-05
2025.04.17 08:00,1.3244,1.3249,1.3237,1.3242,3727,1.324451,1.324731,1.323644,1.32396,0,0.001256,-0.001032,0.00024
2025.04.17 09:00,1.3241,1.3248,1.3241,1.3243,3752,1.32431,1.324591,1.32403,1.324223,0,0.00077,-0.000491,7.7e-05
2025.04.17 10:00,1.3242,1.3248,1.3224,1.3226,3127,1.324275,1.324486,1.322297,1.322297,0,0.002503,-0.002086,0.000303
2025.04.17 11:00,1.3226,1.3239,1.3221,1.3229,2571,1.322279,1.323679,1.322279,1.322821,0,0.001621,-0.001579,7.9e-05
2025.04.17 12:00,1.3229,1.3252,1.3219,1.3251,7287,1.322734,1.324819,1.322227,1.324819,0,0.002973,-0.002919,0.000281
2025.04.17 13:00,1.3252,1.3262,1.3246,1.3259,6631,1.325223,1.325873,1.324626,1.325715,0,0.001574,-0.001273,0.000185
2025.04.17 14:00,1.3259,1.3275,1.3229,1.3235,11555,1.325557,1.327246,1.323276,1.323276,0,0.004224,-0.004346,0.000224
2025.04.17 15:00,1.3235,1.3261,1.3231,1.3259,7376,1.323469,1.325891,1.323259,1.325399,0,0.002841,-0.002791,0.000501
2025.04.17 16:00,1.326,1.327,1.3253,1.3261,4129,1.325609,1.326629,1.325293,1.325873,0,0.001707,-0.001329,0.000227
2025.04.17 17:00,1.3261,1.3261,1.3249,1.3259,2363,1.325891,1.325908,1.324749,1.325732,0,0.001351,-0.001008,0.000167
2025.04.17 18:00,1.3259,1.3274,1.3253,1.3272,2418,1.325855,1.327316,1.32517,1.327052,0,0.00223,-0.002016,0.000148
2025.04.17 19:00,1.3272,1.3272,1.3264,1.3268,2468,1.32677,1.326946,1.326277,1.326594,0,0.000923,-0.000546,0.000206
2025.04.17 20:00,1.3267,1.3273,1.3265,1.3268,1078,1.326753,1.327158,1.326453,1.326735,0,0.000847,-0.000658,6.5e-05
2025.04.20 23:00,1.3305,1.3322,1.3303,1.3317,1989,1.33046,1.331984,1.330336,1.331452,0,0.001864,-0.001684,0.000248
2025.04.21 00:00,1.3318,1.3357,1.3318,1.3348,5197,1.331948,1.335541,1.331948,1.334615,0,0.003752,-0.003742,0.000185
2025.04.21 01:00,1.3348,1.3361,1.3345,1.3354,1318,1.33481,1.335863,1.33449,1.335256,0,0.00161,-0.001363,0.000144
2025.04.21 02:00,1.3354,1.3382,1.335,1.3371,2467,1.33531,1.337846,1.334882,1.337113,0,0.003318,-0.002846,-1.3e-05
2025.04.21 03:00,1.3373,1.3389,1.3373,1.3385,1138,1.337256,1.338634,1.33722,1.338258,0,0.00168,-0.001334,0.000242
2025.04.21 04:00,1.338,1.3385,1.3368,1.3385,1429,1.337721,1.338348,1.336791,1.338348,0,0.001709,-0.001548,0.000152
2025.04.21 05:00,1.3384,1.3398,1.3383,1.3397,1413,1.338473,1.339603,1.338276,1.339603,0,0.001524,-0.001303,9.7e-05
2025.04.21 06:00,1.3395,1.3399,1.3373,1.3384,2091,1.339334,1.339585,1.337327,1.338204,0,0.002573,-0.002285,0.000196
2025.04.21 07:00,1.3383,1.3416,1.3378,1.3413,4528,1.337864,1.341328,1.337864,1.341328,0,0.003736,-0.003528,-2.8e-05
2025.04.21 08:00,1.3413,1.3418,1.3397,1.3417,3100,1.341238,1.34158,1.339639,1.341526,0,0.002161,-0.00188,0.000174
2025.04.21 09:00,1.3416,1.3425,1.3403,1.3403,2708,1.341508,1.342174,1.340195,1.340195,0,0.002305,-0.001874,0.000105
2025.04.21 10:00,1.3404,1.3407,1.3389,1.3392,2413,1.340087,1.340536,1.33867,1.338975,0,0.00203,-0.001637,0.000225
2025.04.21 11:00,1.3392,1.3402,1.3382,1.3399,2951,1.339154,1.339944,1.338151,1.339764,0,0.002049,-0.001744,0.000136
2025.04.21 12:00,1.34,1.3406,1.3384,1.3406,4327,1.33989,1.340303,1.338312,1.340303,0,0.002288,-0.001903,0.000297
2025.04.21 13:00,1.3406,1.3412,1.3389,1.3404,5898,1.340375,1.340842,1.33876,1.340303,0,0.00244,-0.001942,9.7e-05
2025.04.21 14:00,1.3404,1.341,1.3389,1.3393,4022,1.340195,1.340716,1.33876,1.33919,0,0.00224,-0.001816,0.00011
2025.04.21 15:00,1.3392,1.3396,1.3381,1.3383,4610,1.338939,1.33928,1.338007,1.338169,0,0.001593,-0.00118,0.000131
2025.04.21 16:00,1.3383,1.3385,1.3378,1.3381,3021,1.338079,1.338366,1.337632,1.337936,0,0.000868,-0.000566,0.000164
2025.04.21 17:00,1.3381,1.3381,1.3365,1.3378,2991,1.337721,1.337721,1.336541,1.337721,0,0.001559,-0.001221,7.9e-05
2025.04.21 18:00,1.3378,1.3386,1.3373,1.3382,2530,1.337632,1.338366,1.337184,1.338025,0,0.001416,-0.001066,0.000175
2025.04.21 19:00,1.3381,1.3387,1.3376,1.3377,3031,1.337811,1.338491,1.337399,1.337632,0,0.001301,-0.000891,6.8e-05
2025.04.21 20:00,1.3378,1.3383,1.3376,1.3381,1389,1.337703,1.338133,1.337471,1.338133,0,0.000829,-0.000533,-3.3e-05
2025.04.21 22:00,1.3385,1.3386,1.3375,1.3384,0,1.337632,1.338509,1.337327,1.338222,0,0.001273,-0.001009,0.000178
2025.04.21 23:00,1.3384,1.3387,1.3376,1.3382,1107,1.338348,1.338527,1.337399,1.338043,0,0.001301,-0.000927,0.000157
2025.04.22 00:00,1.3381,1.3382,1.3364,1.3372,1595,1.337882,1.337882,1.336273,1.337077,0,0.001927,-0.001482,0.000123
2025.04.22 01:00,1.3373,1.3382,1.3373,1.3377,1191,1.337202,1.338097,1.337202,1.337596,0,0.000998,-0.000797,0.000104
2025.04.22 02:00,1.3378,1.3399,1.3378,1.3399,1107,1.337614,1.339603,1.337614,1.339603,0,0.002286,-0.001803,0.000297
2025.04.22 03:00,1.3399,1.3412,1.3397,1.3406,0,1.339567,1.341022,1.339567,1.340483,0,0.001633,-0.001322,0.000117
2025.04.22 04:00,1.341,1.3412,1.3403,1.3405,727,1.340501,1.341022,1.340213,1.340339,0,0.000987,-0.000722,0.000161
2025.04.22 05:00,1.3405,1.3425,1.3395,1.3419,4656,1.340393,1.342354,1.339495,1.34176,0,0.003005,-0.002854,0.00014
2025.04.22 06:00,1.3418,1.3421,1.3389,1.3392,5137,1.341904,1.34203,1.338885,1.338939,0,0.003215,-0.00313,0.000261
2025.04.22 07:00,1.3393,1.3402,1.3374,1.338,7342,1.339172,1.340034,1.337363,1.337864,0,0.002837,-0.002634,0.000136
2025.04.22 08:00,1.338,1.3391,1.337,1.339,6761,1.337918,1.338814,1.337006,1.338778,0,0.002094,-0.001814,0.000222
2025.04.22 09:00,1.3389,1.3392,1.3366,1.3372,6239,1.338688,1.339065,1.336327,1.337041,0,0.002873,-0.002465,0.000159
2025.04.22 10:00,1.3371,1.338,1.3366,1.3369,3163,1.336791,1.337667,1.336505,1.336791,0,0.001495,-0.001068,0.000109
2025.04.22 11:00,1.3369,1.3387,1.3367,1.338,4679,1.336684,1.338384,1.336612,1.337829,0,0.002088,-0.001684,0.000172
2025.04.22 12:00,1.338,1.3384,1.3358,1.3374,7619,1.33799,1.338043,1.335648,1.337363,0,0.002752,-0.002243,3.7e-05
2025.04.22 13:00,1.3374,1.338,1.3361,1.3377,7907,1.337202,1.337614,1.33597,1.337614,0,0.00203,-0.001514,8.6e-05
2025.04.22 14:00,1.3377,1.3392,1.3373,1.3381,8376,1.337506,1.338993,1.337202,1.338061,0,0.001998,-0.001693,3.9e-05
2025.04.22 15:00,1.3384,1.3386,1.3373,1.3376,7955,1.33824,1.338384,1.337578,1.337578,0,0.001022,-0.001084,2.2e-05
2025.04.22 16:00,1.3376,1.338,1.3345,1.3349,8246,1.337471,1.337757,1.334579,1.334579,0,0.003421,-0.003257,0.000321
2025.04.22 17:00,1.3349,1.3356,1.3342,1.3347,7155,1.33449,1.33531,1.334098,1.334615,0,0.001502,-0.00111,8.5e-05
2025.04.22 18:00,1.3347,1.3348,1.3334,1.3339,4554,1.334383,1.334632,1.333351,1.333653,0,0.001449,-0.001232,0.000247
2025.04.22 19:00,1.3338,1.3344,1.3332,1.3334,3568,1.333707,1.334205,1.333102,1.333102,0,0.001298,-0.001005,0.000298
2025.04.22 20:00,1.3333,1.3341,1.3328,1.3334,1318,1.333209,1.333974,1.332765,1.333156,0,0.001335,-0.001174,0.000244
2025.04.22 22:00,1.3304,1.3304,1.3236,1.3258,0,1.328727,1.329186,1.323557,1.325645,0,0.006843,-0.005586,0.000155
2025.04.22 23:00,1.3259,1.3286,1.3256,1.3275,2566,1.325926,1.328392,1.325926,1.327316,0,0.002674,-0.002792,0.000184
2025.04.23 00:00,1.3274,1.3308,1.3273,1.3308,2873,1.327281,1.330477,1.327281,1.330477,0,0.003519,-0.003177,0.000323
2025.04.23 01:00,1.3308,1.3319,1.33,1.3313,2067,1.330973,1.331717,1.32984,1.331115,0,0.00206,-0.001717,0.000185
2025.04.23 02:00,1.3313,1.3314,1.3299,1.331,1178,1.331221,1.331221,1.32984,1.330902,0,0.00156,-0.001321,9.8e-05
2025.04.23 03:00,1.3312,1.3312,1.329,1.3298,867,1.331009,1.331079,1.328798,1.329381,0,0.002402,-0.002079,0.000419
2025.04.23 04:00,1.3292,1.3308,1.329,1.3308,468,1.329522,1.330619,1.328886,1.330548,0,0.001914,-0.001619,0.000252
2025.04.23 05:00,1.3307,1.3319,1.3298,1.3301,2522,1.330513,1.3317,1.329876,1.329964,0,0.002024,-0.0019,0.000136
2025.04.23 06:00,1.3301,1.3327,1.3299,1.3323,3231,1.329999,1.332427,1.329999,1.332214,0,0.002701,-0.002527,8.6e-05
2025.04.23 07:00,1.3324,1.333,1.3305,1.3307,6458,1.332552,1.332818,1.330371,1.33046,0,0.002629,-0.002318,0.00024
2025.04.23 08:00,1.331,1.3325,1.3282,1.3322,7146,1.331026,1.332214,1.328939,1.33209,0,0.003561,-0.004014,0.00011
2025.04.23 09:00,1.3322,1.3341,1.3321,1.3325,4452,1.332001,1.333956,1.332001,1.332463,0,0.002099,-0.001856,3.7e-05
2025.04.23 10:00,1.3324,1.3325,1.3298,1.3304,5185,1.332214,1.33225,1.329593,1.330088,0,0.002907,-0.00245,0.000312
2025.04.23 11:00,1.3304,1.3313,1.3293,1.3302,4149,1.330283,1.331079,1.329204,1.329982,0,0.002096,-0.001779,0.000218
2025.04.23 12:00,1.3301,1.3311,1.3296,1.3306,3968,1.330566,1.330849,1.32954,1.330495,0,0.00156,-0.001249,0.000105
2025.04.23 13:00,1.3306,1.3322,1.3286,1.3287,14316,1.330619,1.331824,1.328727,1.328727,0,0.003473,-0.003224,-2.7e-05
2025.04.23 14:00,1.3286,1.3302,1.3273,1.3276,14826,1.32818,1.329911,1.327263,1.327369,0,0.002937,-0.002611,0.000231
2025.04.23 15:00,1.3277,1.3286,1.3256,1.3257,13475,1.327933,1.328304,1.325592,1.325592,0,0.003008,-0.002704,0.000108
2025.04.23 16:00,1.3257,1.327,1.3252,1.3262,5465,1.325381,1.326717,1.325153,1.325926,0,0.001847,-0.001517,0.000274
2025.04.23 17:00,1.3263,1.3279,1.326,1.3274,4918,1.326207,1.327739,1.326207,1.327263,0,0.001693,-0.001739,0.000137
2025.04.23 18:00,1.3275,1.3275,1.326,1.3268,2657,1.327087,1.327122,1.325891,1.3267,0,0.001609,-0.001122,0.0001
2025.04.23 19:00,1.3267,1.3273,1.3262,1.3268,2103,1.326594,1.327087,1.326066,1.326612,0,0.001233,-0.000887,0.000188
2025.04.23 20:00,1.3267,1.3269,1.3252,1.3256,1463,1.326506,1.3267,1.325065,1.325451,0,0.001835,-0.0015,0.000149
2025.04.23 22:00,1.3253,1.3276,1.3252,1.327,0,1.325451,1.327351,1.325451,1.326788,0,0.002149,-0.002151,0.000212
2025.04.23 23:00,1.3269,1.3275,1.3266,1.3267,649,1.326911,1.327351,1.326489,1.326506,0,0.001011,-0.000751,0.000194
2025.04.24 00:00,1.3267,1.3281,1.3261,1.3279,876,1.326383,1.327915,1.326102,1.327845,0,0.001998,-0.001815,5.5e-05
2025.04.24 01:00,1.3279,1.3289,1.3278,1.3285,1280,1.328057,1.328639,1.327651,1.328392,0,0.001249,-0.000839,0.000108
2025.04.24 02:00,1.3285,1.3288,1.3281,1.3286,582,1.328321,1.328515,1.327951,1.328515,0,0.000849,-0.000415,8.5e-05
2025.04.24 03:00,1.3286,1.3288,1.327,1.3274,501,1.328409,1.328586,1.326876,1.327175,0,0.001924,-0.001586,0.000225
2025.04.24 04:00,1.3274,1.3276,1.3267,1.3272,416,1.326964,1.327316,1.326594,1.327034,0,0.001006,-0.000616,0.000166
2025.04.24 05:00,1.3271,1.3277,1.3267,1.3269,1668,1.32714,1.327545,1.326559,1.326788,0,0.001141,-0.000845,0.000112
2025.04.24 06:00,1.3269,1.3282,1.3267,1.3276,2811,1.326735,1.328109,1.326735,1.327563,0,0.001465,-0.001409,3.7e-05
2025.04.24 07:00,1.3276,1.3298,1.3276,1.3296,4391,1.327616,1.32961,1.327616,1.329434,0,0.002184,-0.00201,0.000166
2025.04.24 08:00,1.3297,1.3311,1.3293,1.3303,6364,1.329805,1.330991,1.329487,1.3303,0,0.001613,-0.001691,-0.0
2025.04.24 09:00,1.3303,1.3319,1.3301,1.3306,3856,1.330194,1.331629,1.329876,1.330389,0,0.002024,-0.001529,0.000211
2025.04.24 10:00,1.3305,1.3322,1.33,1.3302,3453,1.330566,1.332108,1.330106,1.330106,0,0.002095,-0.002108,9.4e-05
2025.04.24 11:00,1.3303,1.3324,1.3302,1.331,3851,1.33023,1.332126,1.33023,1.330831,0,0.00217,-0.001926,0.000169
2025.04.24 12:00,1.331,1.3314,1.33,1.3303,5368,1.331062,1.331097,1.329964,1.33023,0,0.001436,-0.001097,7e-05
2025.04.24 13:00,1.3304,1.3318,1.3302,1.3316,4522,1.330318,1.331611,1.330141,1.331593,0,0.001659,-0.001411,7e-06
2025.04.24 14:00,1.3316,1.3335,1.3311,1.3316,8834,1.331327,1.333084,1.331009,1.331416,0,0.002491,-0.001984,0.000184
2025.04.24 15:00,1.3317,1.3323,1.3293,1.3307,6803,1.331576,1.331842,1.329257,1.330495,0,0.003043,-0.002542,0.000205
2025.04.24 16:00,1.3308,1.3332,1.3305,1.3331,4615,1.330513,1.33296,1.330406,1.332889,0,0.002794,-0.00246,0.000211
2025.04.24 17:00,1.3331,1.3336,1.332,1.3323,2494,1.333031,1.33344,1.331877,1.332126,0,0.001723,-0.00144,0.000174
2025.04.24 18:00,1.3323,1.333,1.3317,1.3329,1579,1.331966,1.3328,1.331576,1.332782,0,0.001424,-0.0011,0.000118
2025.04.24 19:00,1.3329,1.3347,1.3327,1.3339,3708,1.332623,1.334526,1.332516,1.333778,0,0.002184,-0.001826,0.000122
2025.04.24 20:00,1.3339,1.3351,1.3337,1.3341,2271,1.333689,1.334917,1.333689,1.333974,0,0.001411,-0.001217,0.000126
2025.04.24 22:00,1.3344,1.3344,1.3333,1.3339,0,1.333582,1.334045,1.333476,1.33392,0,0.000924,-0.000745,-2e-05
2025.04.24 23:00,1.334,1.334,1.3327,1.333,644,1.33376,1.333867,1.332552,1.332818,0,0.001448,-0.001167,0.000182
2025.04.25 00:00,1.3329,1.3329,1.3309,1.3309,1335,1.332623,1.332623,1.33076,1.33076,0,0.00214,-0.001723,0.000139
2025.04.25 01:00,1.3309,1.3316,1.33,1.3301,1042,1.330548,1.331434,1.329964,1.330052,0,0.001636,-0.001434,4.8e-05
2025.04.25 02:00,1.3302,1.331,1.3302,1.3308,580,1.330088,1.330814,1.330088,1.330672,0,0.000912,-0.000614,0.000128
2025.04.25 03:00,1.3308,1.3321,1.329,1.329,1614,1.330796,1.33154,1.328886,1.328886,0,0.003214,-0.00254,0.000114
2025.04.25 04:00,1.3289,1.3294,1.3285,1.3289,1647,1.328356,1.329133,1.328162,1.328815,0,0.001238,-0.000633,8.5e-05
2025.04.25 05:00,1.3289,1.3295,1.3277,1.3282,1328,1.32878,1.329292,1.327545,1.327792,0,0.001955,-0.001592,0.000408
2025.04.25 06:00,1.328,1.3309,1.3277,1.3307,4744,1.328021,1.33069,1.327616,1.330601,0,0.003284,-0.00299,9.9e-05
2025.04.25 07:00,1.3307,1.3316,1.3298,1.3301,4861,1.330707,1.331416,1.329663,1.329964,0,0.001937,-0.001616,0.000136
2025.04.25 08:00,1.33,1.3306,1.3292,1.3304,3131,1.329911,1.330389,1.329045,1.33023,0,0.001555,-0.001189,0.00017
2025.04.25 09:00,1.3305,1.3311,1.3298,1.3301,2567,1.330477,1.330973,1.329876,1.330035,0,0.001224,-0.001173,6.5e-05
2025.04.25 10:00,1.3302,1.332,1.3289,1.3319,4558,1.330283,1.331788,1.329045,1.331788,0,0.002955,-0.002888,0.000112
2025.04.25 11:00,1.3319,1.332,1.3307,1.3309,2864,1.331682,1.331824,1.330672,1.330778,0,0.001328,-0.001124,0.000122
2025.04.25 12:00,1.3309,1.3328,1.3309,1.3326,2792,1.330902,1.33241,1.330778,1.332285,0,0.002022,-0.00151,0.000315
2025.04.25 13:00,1.3325,1.3329,1.33,1.3308,7167,1.332374,1.332694,1.330353,1.33076,0,0.002547,-0.002694,4e-05
2025.04.25 14:00,1.3309,1.3324,1.3308,1.331,5883,1.330902,1.33209,1.33076,1.33076,0,0.001639,-0.00129,0.000239
2025.04.25 15:00,1.3311,1.3333,1.3301,1.3331,4310,1.330778,1.332942,1.33007,1.332942,0,0.00323,-0.002842,0.000158
2025.04.25 16:00,1.333,1.3335,1.3321,1.3321,2246,1.332924,1.333173,1.331966,1.331966,0,0.001534,-0.001073,0.000134
2025.04.25 17:00,1.3321,1.3331,1.3318,1.3328,3208,1.33209,1.332889,1.331753,1.332676,0,0.001347,-0.001089,0.000124
2025.04.25 18:00,1.3327,1.3333,1.3321,1.3332,2559,1.332587,1.333084,1.33193,1.332996,0,0.00137,-0.000984,0.000204
2025.04.25 19:00,1.3332,1.3335,1.3321,1.3322,1656,1.332907,1.33328,1.331966,1.331966,0,0.001534,-0.00118,0.000234
2025.04.25 20:00,1.3322,1.3325,1.331,1.331,1945,1.33209,1.33225,1.330831,1.331221,0,0.001669,-0.00125,-0.000221
2025.04.27 23:00,1.3302,1.3308,1.3291,1.3293,915,1.33007,1.330495,1.32901,1.32901,0,0.00179,-0.001395,0.00029
2025.04.28 00:00,1.3292,1.3307,1.3292,1.3301,1456,1.329292,1.330477,1.329292,1.329893,0,0.001408,-0.001277,0.000207
2025.04.28 01:00,1.3303,1.3307,1.3288,1.3289,612,1.330212,1.330566,1.328745,1.32878,0,0.001955,-0.001766,0.00012
2025.04.28 02:00,1.3289,1.3294,1.3282,1.329,471,1.328656,1.329133,1.328109,1.328904,0,0.001291,-0.000933,9.6e-05
2025.04.28 03:00,1.329,1.3301,1.329,1.3299,376,1.328886,1.329893,1.328868,1.329628,0,0.001232,-0.000893,0.000272
2025.04.28 04:00,1.3297,1.3318,1.3295,1.3317,643,1.329469,1.331576,1.329381,1.331576,0,0.002419,-0.002076,0.000124
2025.04.28 05:00,1.3317,1.333,1.3317,1.3319,1467,1.331647,1.332782,1.331593,1.331717,0,0.001407,-0.001082,0.000183
2025.04.28 06:00,1.3318,1.3319,1.3291,1.3298,3714,1.331593,1.331717,1.329098,1.329575,0,0.002802,-0.002617,0.000225
2025.04.28 07:00,1.3299,1.3312,1.3297,1.3308,4905,1.329681,1.330938,1.329646,1.330637,0,0.001554,-0.001238,0.000163
2025.04.28 08:00,1.3307,1.3336,1.3307,1.3331,6601,1.330637,1.333369,1.330601,1.33296,0,0.002999,-0.002669,0.00014
2025.04.28 09:00,1.3332,1.3357,1.3332,1.3345,5891,1.333102,1.33547,1.333102,1.334365,0,0.002598,-0.00227,0.000135
2025.04.28 10:00,1.3345,1.3349,1.3337,1.3343,2323,1.334454,1.33465,1.333689,1.334169,0,0.001211,-0.00095,0.000131
2025.04.28 11:00,1.3342,1.3344,1.3334,1.3342,1720,1.333707,1.334187,1.333315,1.333902,0,0.001085,-0.000787,0.000298
2025.04.28 12:00,1.3341,1.3356,1.334,1.3345,6404,1.334009,1.335381,1.333938,1.334312,0,0.001662,-0.001381,0.000188
2025.04.28 13:00,1.3345,1.3374,1.3344,1.3369,4928,1.334383,1.337077,1.334205,1.336773,0,0.003195,-0.002677,0.000127
2025.04.28 14:00,1.3369,1.3423,1.3366,1.3396,17015,1.336648,1.341616,1.336612,1.339244,0,0.005688,-0.005016,0.000356
2025.04.28 15:00,1.3395,1.3402,1.3383,1.3395,7852,1.339244,1.339872,1.33824,1.339316,0,0.00196,-0.001572,0.000184
2025.04.28 16:00,1.3395,1.3421,1.3394,1.3415,5989,1.339477,1.341688,1.339405,1.34131,0,0.002695,-0.002288,0.00019
2025.04.28 17:00,1.3415,1.3427,1.3413,1.3414,9313,1.341256,1.342534,1.34122,1.341292,0,0.00148,-0.001234,0.000108
2025.04.28 18:00,1.3414,1.343,1.3413,1.3429,3051,1.341274,1.342642,1.341274,1.342642,0,0.001726,-0.001342,0.000258
2025.04.28 19:00,1.3428,1.3445,1.3428,1.3441,4402,1.34266,1.344303,1.34266,1.344249,0,0.00184,-0.001503,-0.000149
2025.04.28 20:00,1.3441,1.3448,1.3438,1.3448,2055,1.343833,1.344411,1.343707,1.344411,0,0.001093,-0.000611,0.000389
2025.04.28 22:00,1.3443,1.3447,1.3437,1.3438,0,1.344249,1.344393,1.34349,1.343653,0,0.00121,-0.000693,0.000147
2025.04.28 23:00,1.3439,1.3446,1.3433,1.3437,1326,1.343598,1.344213,1.343111,1.343598,0,0.001489,-0.000913,0.000102
2025.04.29 00:00,1.3437,1.3439,1.3427,1.3428,1111,1.343562,1.343707,1.342624,1.342678,0,0.001276,-0.001007,0.000122
2025.04.29 01:00,1.3428,1.3434,1.3419,1.3423,1088,1.342642,1.343238,1.341832,1.342102,0,0.001568,-0.001338,0.000198
2025.04.29 02:00,1.3424,1.3445,1.3423,1.3425,2108,1.342192,1.344231,1.342192,1.342444,0,0.002308,-0.00193,5.6e-05
2025.04.29 03:00,1.3426,1.3427,1.3411,1.3415,0,1.342372,1.342498,1.340914,1.341292,0,0.001786,-0.001398,0.000208
2025.04.29 04:00,1.3414,1.3418,1.3397,1.3397,2443,1.341328,1.341544,1.339513,1.339585,0,0.002287,-0.001844,0.000115
2025.04.29 05:00,1.3399,1.3412,1.3399,1.3411,2172,1.339818,1.340986,1.339818,1.340788,0,0.001382,-0.001086,0.000312
2025.04.29 06:00,1.3411,1.3421,1.3406,1.3413,3179,1.340968,1.341796,1.340554,1.341184,0,0.001546,-0.001196,0.000116
2025.04.29 07:00,1.3413,1.3424,1.3403,1.3424,7625,1.34086,1.34221,1.340177,1.34221,0,0.002223,-0.00191,0.00019
2025.04.29 08:00,1.3424,1.3428,1.3411,1.3413,5268,1.342156,1.342552,1.341094,1.341094,0,0.001706,-0.001452,0.000206
2025.04.29 09:00,1.3414,1.3415,1.3397,1.3397,2074,1.341058,1.341256,1.339585,1.339585,0,0.001915,-0.001556,0.000115
2025.04.29 10:00,1.3397,1.3401,1.3382,1.3384,3846,1.339621,1.339872,1.338133,1.33833,0,0.001967,-0.001672,7e-05
2025.04.29 11:00,1.3385,1.3394,1.3383,1.3386,3161,1.338401,1.339298,1.338294,1.338419,0,0.001106,-0.000998,0.000181
2025.04.29 12:00,1.3387,1.3417,1.3385,1.3412,4727,1.338401,1.341328,1.338384,1.341058,0,0.003316,-0.002828,0.000142
2025.04.29 13:00,1.3412,1.3419,1.3403,1.3411,7079,1.340932,1.34176,1.340177,1.340896,0,0.001723,-0.00146,0.000204
2025.04.29 14:00,1.341,1.3422,1.3391,1.3392,7831,1.34176,1.341886,1.338939,1.338939,0,0.003261,-0.002786,0.000261
2025.04.29 15:00,1.3391,1.3412,1.339,1.3399,8158,1.338975,1.341004,1.338975,1.339692,0,0.002225,-0.002004,0.000208
2025.04.29 16:00,1.3398,1.3422,1.3398,1.3409,4457,1.339728,1.341922,1.339728,1.340554,0,0.002472,-0.002122,0.000345
2025.04.29 17:00,1.341,1.3411,1.34,1.34,1691,1.34077,1.34086,1.3398,1.3398,0,0.0013,-0.00086,0.0002
2025.04.29 18:00,1.34,1.3406,1.3395,1.3404,2397,1.340069,1.340518,1.339405,1.340213,0,0.001195,-0.001019,0.000187
2025.04.29 19:00,1.3404,1.341,1.3399,1.3405,2872,1.340321,1.340716,1.339764,1.340231,0,0.001236,-0.000816,0.000269
2025.04.29 20:00,1.3406,1.3412,1.3405,1.341,1777,1.340393,1.341094,1.340357,1.340824,0,0.000843,-0.000594,0.000176
2025.04.29 22:00,1.3412,1.3415,1.3407,1.3413,0,1.340626,1.341184,1.340572,1.340842,0,0.000928,-0.000484,0.000458
2025.04.29 23:00,1.3412,1.3416,1.3409,1.3413,299,1.34095,1.341346,1.340608,1.341022,0,0.000992,-0.000446,0.000278
2025.04.30 00:00,1.3414,1.3417,1.3402,1.3406,814,1.340968,1.3414,1.339836,1.340285,0,0.001864,-0.0012,0.000315
2025.04.30 01:00,1.3404,1.3414,1.3393,1.3394,893,1.340285,1.34104,1.339065,1.339082,0,0.002335,-0.00174,0.000318
2025.04.30 02:00,1.3393,1.3399,1.3389,1.3392,1112,1.338814,1.33971,1.33867,1.339029,0,0.00123,-0.00081,0.000171
2025.04.30 03:00,1.3393,1.3397,1.3385,1.3385,560,1.33919,1.339477,1.338312,1.338401,0,0.001388,-0.000977,9.9e-05
2025.04.30 04:00,1.3385,1.3397,1.3385,1.3392,572,1.338401,1.339441,1.338204,1.338993,0,0.001496,-0.000941,0.000207
2025.04.30 05:00,1.3393,1.3403,1.339,1.3402,656,1.338921,1.340051,1.338742,1.33998,0,0.001558,-0.001051,0.00022
2025.04.30 06:00,1.3402,1.3408,1.3384,1.3403,2437,1.339674,1.340518,1.338187,1.33998,0,0.002614,-0.002118,0.00032
2025.04.30 07:00,1.3403,1.3403,1.3383,1.3387,4174,1.33998,1.33998,1.338097,1.338545,0,0.002203,-0.00168,0.000155
2025.04.30 08:00,1.3388,1.339,1.3365,1.337,4798,1.338258,1.338616,1.336309,1.336755,0,0.002691,-0.002116,0.000245
2025.04.30 09:00,1.337,1.3376,1.3361,1.3363,3294,1.336845,1.33722,1.335863,1.335952,0,0.001737,-0.00112,0.000348
2025.04.30 10:00,1.3363,1.3368,1.3359,1.336,3228,1.33597,1.336488,1.335666,1.335755,0,0.001134,-0.000588,0.000244
2025.04.30 11:00,1.336,1.3371,1.3357,1.3359,4853,1.335613,1.336755,1.335541,1.335666,0,0.001559,-0.001055,0.000234
2025.04.30 12:00,1.336,1.3369,1.3345,1.3354,7272,1.335541,1.336505,1.334632,1.335274,0,0.002268,-0.002005,0.000126
2025.04.30 13:00,1.3355,1.3356,1.3318,1.3326,8632,1.335149,1.335149,1.331629,1.332232,0,0.003971,-0.003349,0.000368
2025.04.30 14:00,1.3324,1.336,1.3312,1.3358,15539,1.332054,1.33572,1.330884,1.335648,0,0.005116,-0.00452,0.000152
2025.04.30 15:00,1.3358,1.3361,1.3326,1.3344,15502,1.335524,1.335738,1.332605,1.333956,0,0.003495,-0.003138,0.000444
2025.04.30 16:00,1.3345,1.3352,1.3339,1.3349,4324,1.334063,1.334828,1.333618,1.334526,0,0.001582,-0.000928,0.000374
2025.04.30 17:00,1.3349,1.3361,1.3343,1.3343,3153,1.33465,1.335738,1.334027,1.334152,0,0.002073,-0.001438,0.000148
2025.04.30 18:00,1.3344,1.3355,1.3339,1.3341,3754,1.334045,1.335096,1.333725,1.33376,0,0.001775,-0.001196,0.00034
2025.04.30 19:00,1.3341,1.3348,1.333,1.333,3966,1.334009,1.334454,1.332747,1.332747,0,0.002053,-0.001454,0.000253
2025.04.30 20:00,1.3332,1.3334,1.3322,1.333,2441,1.332765,1.333049,1.332001,1.332871,0,0.001399,-0.000849,0.000129
2025.04.30 22:00,1.333,1.333,1.3324,1.3328,0,1.332445,1.332676,1.332179,1.332516,0,0.000821,-0.000276,0.000284
2025.04.30 23:00,1.3327,1.3328,1.3322,1.3323,556,1.332285,1.33241,1.331895,1.332054,0,0.000905,-0.000209,0.000245
2025.05.01 00:00,1.3324,1.3329,1.3321,1.3321,862,1.332126,1.332516,1.331788,1.331842,0,0.001112,-0.000416,0.000258
2025.05.01 01:00,1.3321,1.3321,1.3306,1.331,801,1.331771,1.331788,1.330406,1.33076,0,0.001694,-0.001188,0.000239
2025.05.01 02:00,1.331,1.3319,1.3308,1.3317,529,1.330583,1.331611,1.330583,1.331398,0,0.001317,-0.000811,0.000302
2025.05.01 03:00,1.3316,1.3319,1.3296,1.3302,882,1.331416,1.331629,1.329398,1.329982,0,0.002502,-0.002029,0.000218
2025.05.01 04:00,1.3301,1.3303,1.3296,1.3296,1295,1.330212,1.330212,1.329328,1.329328,0,0.000972,-0.000612,0.000272
2025.05.01 05:00,1.3296,1.3297,1.3281,1.3292,1845,1.329292,1.329504,1.32788,1.328992,0,0.00182,-0.001404,0.000208
2025.05.01 06:00,1.3291,1.3303,1.3288,1.3292,3351,1.328762,1.330017,1.328551,1.328798,0,0.001749,-0.001217,0.000402
2025.05.01 07:00,1.3292,1.3309,1.3277,1.3308,4327,1.32878,1.330672,1.327598,1.330513,0,0.003302,-0.002972,0.000287
2025.05.01 08:00,1.3308,1.3335,1.3308,1.3328,3880,1.330637,1.333173,1.330601,1.332498,0,0.002899,-0.002373,0.000302
2025.05.01 09:00,1.3328,1.3334,1.3316,1.3318,2195,1.332569,1.333013,1.3317,1.3317,0,0.0017,-0.001413,0.0001
2025.05.01 10:00,1.3318,1.3342,1.3314,1.3342,2153,1.331522,1.33376,1.331168,1.333725,0,0.003032,-0.00236,0.000475
2025.05.01 11:00,1.3341,1.3348,1.3326,1.3327,3183,1.333849,1.334383,1.332356,1.332427,0,0.002444,-0.001783,0.000273
2025.05.01 12:00,1.3326,1.3342,1.3317,1.3318,6674,1.332445,1.333618,1.331416,1.331487,0,0.002784,-0.001918,0.000313
2025.05.01 13:00,1.3318,1.333,1.3314,1.3327,5372,1.331327,1.332534,1.331327,1.332463,0,0.001673,-0.001134,0.000237
2025.05.01 14:00,1.3325,1.3329,1.3288,1.3298,9519,1.331026,1.332232,1.328656,1.329469,0,0.004244,-0.003432,0.000331
2025.05.01 15:00,1.3298,1.3303,1.3268,1.3275,5860,1.329469,1.329946,1.326506,1.327263,0,0.003794,-0.003146,0.000237
2025.05.01 16:00,1.3275,1.3286,1.3264,1.3283,4327,1.327034,1.328268,1.326365,1.328127,0,0.002235,-0.001868,0.000173
2025.05.01 17:00,1.3283,1.3284,1.3267,1.3269,3444,1.327915,1.327951,1.326471,1.326629,0,0.001929,-0.001251,0.000271
2025.05.01 18:00,1.3269,1.329,1.3263,1.328,3688,1.326489,1.328639,1.326049,1.327739,0,0.002951,-0.002339,0.000261
2025.05.01 19:00,1.3281,1.3287,1.3279,1.3282,1549,1.327757,1.328427,1.327686,1.327845,0,0.001014,-0.000527,0.000355
2025.05.01 20:00,1.3281,1.3287,1.3277,1.3281,886,1.32788,1.328321,1.327422,1.327774,0,0.001278,-0.000621,0.000326
2025.05.01 22:00,1.3281,1.3289,1.3278,1.3287,0,1.328004,1.328586,1.327721,1.328251,0,0.001179,-0.000786,0.000449
2025.05.01 23:00,1.3288,1.329,1.3283,1.3288,417,1.328286,1.328586,1.328039,1.328445,0,0.000961,-0.000286,0.000355
2025.05.02 00:00,1.3289,1.3293,1.3277,1.3282,1581,1.328939,1.328939,1.327457,1.327951,0,0.001843,-0.001239,0.000249
2025.05.02 01:00,1.3283,1.3292,1.3279,1.3292,780,1.32788,1.328921,1.327598,1.328904,0,0.001602,-0.001021,0.000296
2025.05.02 02:00,1.3293,1.3302,1.3293,1.3294,867,1.328745,1.330176,1.328745,1.329222,0,0.001455,-0.000876,0.000178
2025.05.02 03:00,1.3295,1.3313,1.3293,1.3312,981,1.329098,1.330991,1.329045,1.330973,0,0.002255,-0.001691,0.000227
2025.05.02 04:00,1.3309,1.3316,1.3306,1.331,982,1.331009,1.331133,1.330406,1.330796,0,0.001194,-0.000533,0.000204
2025.05.02 05:00,1.3311,1.3324,1.3308,1.3316,1092,1.330513,1.332001,1.330513,1.331133,0,0.001887,-0.001201,0.000467
2025.05.02 06:00,1.3314,1.3324,1.331,1.3315,2284,1.331044,1.332019,1.330743,1.331026,0,0.001657,-0.001019,0.000474
2025.05.02 07:00,1.3314,1.3321,1.3302,1.3302,4186,1.330938,1.331753,1.329946,1.329946,0,0.002154,-0.001553,0.000254
2025.05.02 08:00,1.3302,1.3302,1.3285,1.3295,4603,1.329681,1.329787,1.328445,1.329186,0,0.001755,-0.001287,0.000314
2025.05.02 09:00,1.3294,1.3319,1.3289,1.3313,3147,1.329116,1.331434,1.328639,1.330938,0,0.003261,-0.002534,0.000362
2025.05.02 10:00,1.3313,1.3314,1.329,1.3292,2418,1.330778,1.330938,1.328762,1.328851,0,0.002638,-0.001938,0.000349
2025.05.02 11:00,1.3292,1.331,1.3289,1.3297,2990,1.329204,1.33053,1.328727,1.329328,0,0.002273,-0.00163,0.000372
2025.05.02 12:00,1.3297,1.3301,1.3256,1.3294,11108,1.329593,1.329593,1.327246,1.328851,0,0.002854,-0.003993,0.000549
2025.05.02 13:00,1.3294,1.3334,1.3286,1.3323,8383,1.329133,1.332853,1.328709,1.331859,0,0.004691,-0.004253,0.00044
2025.05.02 14:00,1.3323,1.3333,1.3313,1.3324,13250,1.332232,1.332924,1.331062,1.332126,0,0.002238,-0.001624,0.000274
2025.05.02 15:00,1.3323,1.3331,1.328,1.3283,8555,1.332019,1.332836,1.327774,1.328039,0,0.005326,-0.004836,0.000261
2025.05.02 16:00,1.3284,1.3301,1.328,1.3287,6263,1.328092,1.329522,1.327721,1.328374,0,0.002379,-0.001522,0.000326
2025.05.02 17:00,1.3286,1.3296,1.3275,1.328,4605,1.328109,1.32931,1.327422,1.327616,0,0.002178,-0.00181,0.000384
2025.05.02 18:00,1.3281,1.3285,1.3271,1.3276,3207,1.32788,1.328127,1.326788,1.327316,0,0.001712,-0.001027,0.000284
2025.05.02 19:00,1.3276,1.3286,1.3276,1.328,2599,1.32751,1.328339,1.32751,1.327757,0,0.00109,-0.000739,0.000243
2025.05.02 20:00,1.328,1.3282,1.3266,1.327,1325,1.327669,1.327845,1.326383,1.326506,0,0.001817,-0.001245,0.000494
2025.05.04 23:00,1.3267,1.3279,1.3264,1.3273,445,1.326559,1.327616,1.326225,1.327034,0,0.001675,-0.001216,0.000266
2025.05.05 00:00,1.3273,1.3275,1.3265,1.3274,746,1.327034,1.327193,1.32626,1.327193,0,0.00124,-0.000693,0.000207
2025.05.05 01:00,1.3275,1.33,1.3275,1.3291,1196,1.327281,1.329681,1.327281,1.328833,0,0.002719,-0.002181,0.000267
2025.05.05 02:00,1.3292,1.3303,1.3287,1.3301,1179,1.329045,1.33007,1.328374,1.329823,0,0.001926,-0.00137,0.000278
2025.05.05 03:00,1.33,1.33,1.3288,1.329,492,1.329752,1.329752,1.328586,1.328868,0,0.001414,-0.000952,0.000132
2025.05.05 04:00,1.3292,1.3298,1.329,1.3298,395,1.328974,1.329593,1.32878,1.329575,0,0.00102,-0.000593,0.000225
2025.05.05 05:00,1.3297,1.3309,1.3294,1.3297,1411,1.329522,1.33069,1.329292,1.32954,0,0.001608,-0.00129,0.00016
2025.05.05 06:00,1.3296,1.3301,1.3279,1.3284,2963,1.328921,1.329823,1.327651,1.328268,0,0.002449,-0.001922,0.000132
2025.05.05 07:00,1.3284,1.3294,1.3278,1.3284,1965,1.328304,1.329222,1.327633,1.328198,0,0.001767,-0.001422,0.000202
2025.05.05 08:00,1.3283,1.3295,1.328,1.3284,2632,1.328233,1.329204,1.32788,1.327933,0,0.00162,-0.001204,0.000467
2025.05.05 09:00,1.3286,1.3307,1.3285,1.3305,2364,1.328445,1.330336,1.328321,1.330283,0,0.002379,-0.001836,0.000217
2025.05.05 10:00,1.3306,1.3313,1.3302,1.331,2494,1.330725,1.330884,1.329628,1.330725,0,0.001672,-0.000684,0.000275
2025.05.05 11:00,1.331,1.3328,1.331,1.3319,3201,1.331026,1.332552,1.331026,1.3317,0,0.001774,-0.001552,0.0002
2025.05.05 12:00,1.332,1.3339,1.3319,1.3335,4072,1.331735,1.333547,1.331735,1.333173,0,0.002165,-0.001647,0.000327
2025.05.05 13:00,1.3334,1.334,1.3321,1.3323,5061,1.33328,1.3336,1.331984,1.332143,0,0.002016,-0.0015,0.000157
2025.05.05 14:00,1.3322,1.3322,1.3303,1.3309,7066,1.330583,1.331611,1.330247,1.33069,0,0.001953,-0.001311,0.00021
2025.05.05 15:00,1.3308,1.3312,1.3283,1.3284,3848,1.330778,1.330991,1.32818,1.328233,0,0.00302,-0.002691,0.000167
2025.05.05 16:00,1.3286,1.3286,1.3273,1.3277,3399,1.328109,1.328109,1.327122,1.327404,0,0.001478,-0.000809,0.000296
2025.05.05 17:00,1.3277,1.3287,1.3274,1.328,2454,1.327334,1.328339,1.327316,1.327774,0,0.001384,-0.000939,0.000226
2025.05.05 18:00,1.328,1.3294,1.3279,1.3292,1689,1.327757,1.329116,1.327563,1.328939,0,0.001837,-0.001216,0.000261
2025.05.05 19:00,1.3292,1.3302,1.329,1.3296,2140,1.32878,1.329893,1.32878,1.329345,0,0.00142,-0.000893,0.000255
2025.05.05 20:00,1.3296,1.3301,1.3293,1.3298,777,1.329434,1.329893,1.329098,1.329593,0,0.001002,-0.000593,0.000207
2025.05.05 22:00,1.33,1.3301,1.3293,1.3294,0,1.329734,1.329964,1.329098,1.329116,0,0.001002,-0.000664,0.000284
2025.05.05 23:00,1.3295,1.3298,1.3292,1.3294,278,1.329222,1.329593,1.328939,1.329116,0,0.000861,-0.000393,0.000284
2025.05.06 00:00,1.3294,1.3295,1.327,1.3272,1479,1.32901,1.329328,1.326788,1.326929,0,0.002712,-0.002328,0.000271
2025.05.06 01:00,1.3272,1.3278,1.3264,1.3275,1330,1.326841,1.327598,1.326207,1.327211,0,0.001593,-0.001198,0.000289
2025.05.06 02:00,1.3276,1.3295,1.3275,1.3289,1155,1.32744,1.329257,1.32744,1.328692,0,0.00206,-0.001757,0.000208
2025.05.06 03:00,1.3289,1.33,1.3285,1.3299,0,1.328745,1.329716,1.328339,1.329557,0,0.001661,-0.001216,0.000343
2025.05.06 04:00,1.33,1.3308,1.33,1.3305,723,1.329504,1.33053,1.329504,1.330336,0,0.001296,-0.00053,0.000164
2025.05.06 05:00,1.3305,1.3307,1.329,1.3293,1381,1.330318,1.330513,1.328815,1.328921,0,0.001885,-0.001513,0.000379
2025.05.06 06:00,1.3292,1.3307,1.3288,1.3304,2395,1.328851,1.330566,1.328656,1.330194,0,0.002044,-0.001766,0.000206
2025.05.06 07:00,1.3305,1.3332,1.3304,1.3322,4734,1.330566,1.332871,1.330353,1.331895,0,0.002847,-0.002471,0.000305
2025.05.06 08:00,1.3323,1.3335,1.3317,1.3318,4049,1.332037,1.333333,1.331487,1.331611,0,0.002013,-0.001633,0.000189
2025.05.06 09:00,1.3318,1.3319,1.331,1.3319,4924,1.331452,1.331717,1.330867,1.331487,0,0.001033,-0.000718,0.000413
2025.05.06 10:00,1.3319,1.3357,1.3317,1.3354,7430,1.331664,1.334846,1.33154,1.334846,0,0.00416,-0.003146,0.000554
2025.05.06 11:00,1.3353,1.3377,1.3352,1.3372,10833,1.335381,1.337435,1.334971,1.336934,0,0.002729,-0.002235,0.000266
2025.05.06 12:00,1.3373,1.3406,1.3368,1.3399,14444,1.337006,1.340249,1.33663,1.339854,0,0.00397,-0.003449,4.6e-05
2025.05.06 13:00,1.3399,1.3399,1.3383,1.3388,11215,1.339423,1.339692,1.338151,1.338401,0,0.001749,-0.001392,0.000399
2025.05.06 14:00,1.339,1.34,1.3368,1.3371,9168,1.33867,1.339692,1.33663,1.33722,0,0.00337,-0.002892,-0.00012
2025.05.06 15:00,1.3373,1.3375,1.3359,1.337,8606,1.337202,1.337256,1.33572,1.336755,0,0.00178,-0.001356,0.000245
2025.05.06 16:00,1.337,1.3373,1.3355,1.3361,4718,1.336738,1.337041,1.335238,1.335934,0,0.002062,-0.001541,0.000166
2025.05.06 17:00,1.3361,1.3381,1.3359,1.3369,3524,1.336005,1.337793,1.335738,1.336595,0,0.002362,-0.001893,0.000305
2025.05.06 18:00,1.3368,1.338,1.3363,1.3378,3782,1.336541,1.337632,1.336023,1.337578,0,0.001977,-0.001332,0.000222
2025.05.06 19:00,1.3378,1.3389,1.3374,1.3381,2503,1.337757,1.338688,1.337274,1.337936,0,0.001626,-0.001288,0.000164
2025.05.06 20:00,1.3381,1.3384,1.3361,1.3371,2964,1.337972,1.338169,1.335934,1.336863,0,0.002466,-0.002069,0.000237
2025.05.06 22:00,1.3379,1.3379,1.3347,1.3353,0,1.337918,1.337918,1.334508,1.335149,0,0.003392,-0.003218,0.000151
2025.05.06 23:00,1.3353,1.3359,1.3346,1.3355,814,1.335024,1.335702,1.334454,1.335292,0,0.001446,-0.001102,0.000208
2025.05.07 00:00,1.3355,1.3364,1.3335,1.3356,2031,1.335399,1.336112,1.333493,1.335149,0,0.002907,-0.002612,0.000451
2025.05.07 01:00,1.3355,1.3365,1.3339,1.3352,1259,1.335381,1.336095,1.333671,1.335007,0,0.002829,-0.002195,0.000193
2025.05.07 02:00,1.3353,1.3356,1.3344,1.3348,837,1.334793,1.335345,1.334258,1.334526,0,0.001342,-0.000945,0.000274
2025.05.07 03:00,1.335,1.3352,1.3341,1.3349,2044,1.334632,1.334971,1.334063,1.334757,0,0.001137,-0.000871,0.000143
2025.05.07 04:00,1.3353,1.3358,1.3344,1.3345,442,1.334561,1.335524,1.334258,1.334347,0,0.001542,-0.001124,0.000152
2025.05.07 05:00,1.3346,1.3363,1.3344,1.3359,1145,1.334294,1.336023,1.334241,1.335845,0,0.002059,-0.001623,5.5e-05
2025.05.07 06:00,1.3359,1.3369,1.3356,1.3367,2332,1.336202,1.33672,1.335452,1.33672,0,0.001448,-0.00112,-2e-05
2025.05.07 07:00,1.3366,1.3366,1.3347,1.3354,4180,1.336344,1.336344,1.334686,1.335096,0,0.001914,-0.001644,0.000304
2025.05.07 08:00,1.3355,1.336,1.3338,1.3339,5045,1.33531,1.335773,1.333849,1.333849,0,0.002151,-0.001973,5.1e-05
2025.05.07 09:00,1.3339,1.3342,1.3325,1.3336,4858,1.333902,1.333902,1.332339,1.333476,0,0.001861,-0.001402,0.000124
2025.05.07 10:00,1.3336,1.3353,1.3335,1.3349,2543,1.333351,1.335007,1.333351,1.334597,0,0.001949,-0.001507,0.000303
2025.05.07 11:00,1.3349,1.3361,1.3347,1.335,2501,1.334579,1.335791,1.334454,1.334757,0,0.001646,-0.001091,0.000243
2025.05.07 12:00,1.3351,1.337,1.3349,1.337,4558,1.334864,1.336773,1.334775,1.336612,0,0.002225,-0.001873,0.000388
2025.05.07 13:00,1.337,1.3374,1.336,1.3366,5982,1.336666,1.337041,1.335827,1.336488,0,0.001573,-0.001041,0.000112
2025.05.07 14:00,1.3366,1.338,1.336,1.3369,6993,1.33663,1.337667,1.335845,1.336755,0,0.002155,-0.001667,0.000145
2025.05.07 15:00,1.3369,1.337,1.3341,1.3346,6464,1.336738,1.336738,1.333992,1.334543,0,0.003008,-0.002638,5.7e-05
2025.05.07 16:00,1.3345,1.3354,1.3335,1.3351,2799,1.334116,1.335203,1.333369,1.335131,0,0.002031,-0.001703,-3.1e-05
2025.05.07 17:00,1.3351,1.3352,1.3332,1.3339,2306,1.334953,1.334953,1.332996,1.333529,0,0.002204,-0.001753,0.000371
2025.05.07 18:00,1.3338,1.3355,1.3302,1.3325,11832,1.33344,1.335167,1.330601,1.33209,0,0.004899,-0.004967,0.00041
2025.05.07 19:00,1.3324,1.3325,1.3292,1.3299,7043,1.33209,1.332179,1.329027,1.329699,0,0.003473,-0.002979,0.000201
2025.05.07 20:00,1.3298,1.33,1.3283,1.3294,2470,1.329716,1.329716,1.328233,1.329275,0,0.001767,-0.001416,0.000125
2025.05.07 22:00,1.3295,1.3298,1.3288,1.3289,0,1.329398,1.329557,1.328656,1.328656,0,0.001144,-0.000757,0.000244
2025.05.07 23:00,1.329,1.3298,1.329,1.3294,401,1.328815,1.32961,1.328815,1.329222,0,0.000985,-0.00061,0.000178
2025.05.08 00:00,1.3293,1.3309,1.3292,1.3299,1096,1.32908,1.330513,1.32908,1.329858,0,0.00182,-0.001313,4.2e-05
2025.05.08 01:00,1.3298,1.3347,1.3297,1.3345,7071,1.329593,1.33433,1.329593,1.33433,0,0.005107,-0.00463,0.00017
2025.05.08 02:00,1.3345,1.3354,1.3336,1.3345,2638,1.334632,1.335203,1.333458,1.334294,0,0.001942,-0.001603,0.000206
2025.05.08 03:00,1.3344,1.3358,1.3344,1.3347,865,1.334276,1.335666,1.334276,1.334508,0,0.001524,-0.001266,0.000192
2025.05.08 04:00,1.3346,1.3349,1.3334,1.3334,733,1.334597,1.334739,1.333262,1.333333,0,0.001638,-0.001339,6.7e-05
2025.05.08 05:00,1.3335,1.3336,1.3304,1.3324,3143,1.33328,1.33328,1.330424,1.332268,0,0.003176,-0.00288,0.000132
2025.05.08 06:00,1.3323,1.3325,1.3279,1.3284,7954,1.331966,1.332161,1.327915,1.328586,0,0.004585,-0.004261,-0.000186
2025.05.08 07:00,1.3285,1.3294,1.3269,1.3293,5862,1.328251,1.329133,1.326982,1.329133,0,0.002418,-0.002233,0.000167
2025.05.08 08:00,1.3293,1.3297,1.3263,1.3268,4071,1.32901,1.32954,1.326436,1.326559,0,0.003264,-0.00324,0.000241
2025.05.08 09:00,1.3269,1.3283,1.3264,1.3278,3697,1.3267,1.328127,1.326277,1.327475,0,0.002023,-0.001727,0.000325
2025.05.08 10:00,1.3277,1.3298,1.3264,1.3265,6086,1.327087,1.329575,1.326295,1.326295,0,0.003505,-0.003175,0.000205
2025.05.08 11:00,1.3266,1.3336,1.3243,1.3328,22636,1.326823,1.333244,1.325855,1.332853,0,0.007745,-0.008944,-5.3e-05
2025.05.08 12:00,1.3329,1.3345,1.3322,1.3326,7199,1.333013,1.334169,1.332197,1.332374,0,0.002303,-0.001969,0.000226
2025.05.08 13:00,1.3326,1.3348,1.3326,1.3338,4551,1.332836,1.334472,1.332836,1.333778,0,0.001964,-0.001872,2.2e-05
2025.05.08 14:00,1.3338,1.3348,1.3309,1.331,8694,1.333742,1.334472,1.330867,1.331009,0,0.003933,-0.003572,-9e-06
2025.05.08 15:00,1.3312,1.332,1.3276,1.3286,13051,1.33076,1.331753,1.327633,1.328409,0,0.004367,-0.004153,0.000191
2025.05.08 16:00,1.3287,1.3288,1.3263,1.3269,4661,1.328568,1.328568,1.326313,1.326594,0,0.002487,-0.002268,0.000306
2025.05.08 17:00,1.3268,1.327,1.3248,1.3261,3244,1.326277,1.326876,1.324679,1.325908,0,0.002321,-0.002076,0.000192
2025.05.08 18:00,1.326,1.3265,1.3251,1.3253,3261,1.325803,1.326242,1.32496,1.32517,0,0.00154,-0.001142,0.00013
2025.05.08 19:00,1.3253,1.3256,1.3238,1.3246,3577,1.325065,1.325364,1.323697,1.324626,0,0.001903,-0.001564,-2.6e-05
2025.05.08 20:00,1.3247,1.3252,1.324,1.3249,986,1.324398,1.324924,1.323802,1.324731,0,0.001398,-0.000924,0.000169
2025.05.08 22:00,1.3247,1.3253,1.3247,1.3252,0,1.324837,1.325135,1.324398,1.325082,0,0.000902,-0.000435,0.000118
2025.05.08 23:00,1.3252,1.3252,1.3235,1.3241,615,1.324995,1.324995,1.323557,1.323784,0,0.001643,-0.001495,0.000316
2025.05.09 00:00,1.3242,1.3245,1.3221,1.3241,1715,1.324118,1.324275,1.322122,1.32403,0,0.002378,-0.002175,7e-05
2025.05.09 01:00,1.3242,1.3244,1.3226,1.3228,1073,1.324012,1.324188,1.322489,1.322664,0,0.001911,-0.001588,0.000136
2025.05.09 02:00,1.3228,1.3237,1.3214,1.3236,1348,1.322611,1.323522,1.321283,1.323487,0,0.002417,-0.002122,0.000113
2025.05.09 03:00,1.3235,1.3244,1.3232,1.3232,1146,1.323714,1.324135,1.323066,1.323066,0,0.001334,-0.000935,0.000134
2025.05.09 04:00,1.3239,1.3241,1.3233,1.3239,673,1.323259,1.323925,1.323171,1.323802,0,0.000929,-0.000625,9.8e-05
2025.05.09 05:00,1.3238,1.3244,1.3226,1.3244,1110,1.323784,1.324152,1.322454,1.3241,0,0.001946,-0.001552,0.0003
2025.05.09 06:00,1.3243,1.3249,1.3237,1.3244,3026,1.324118,1.324714,1.323627,1.324381,0,0.001273,-0.001014,1.9e-05
2025.05.09 07:00,1.3244,1.3272,1.3243,1.3264,5316,1.324398,1.326964,1.32431,1.32619,0,0.00289,-0.002664,0.00021
2025.05.09 08:00,1.3265,1.3273,1.3256,1.3273,2057,1.32633,1.327087,1.325592,1.327087,0,0.001708,-0.001487,0.000213
2025.05.09 09:00,1.3272,1.328,1.3265,1.3271,2977,1.326964,1.327915,1.326277,1.327034,0,0.001722,-0.001415,6.6e-05
2025.05.09 10:00,1.3269,1.328,1.3265,1.3271,2691,1.326858,1.327792,1.326383,1.3267,0,0.001617,-0.001292,0.0004
2025.05.09 11:00,1.327,1.3288,1.3267,1.3278,4977,1.326805,1.328515,1.326682,1.327598,0,0.002118,-0.001815,0.000202
2025.05.09 12:00,1.3279,1.3289,1.3275,1.3288,3503,1.327669,1.328692,1.32744,1.328462,0,0.00146,-0.001192,0.000338
2025.05.09 13:00,1.3287,1.33,1.3286,1.329,4384,1.328515,1.329699,1.328498,1.328745,0,0.001503,-0.001099,0.000255
2025.05.09 14:00,1.3289,1.3319,1.3287,1.3306,7766,1.328639,1.331771,1.328498,1.330495,0,0.003402,-0.003071,0.000105
2025.05.09 15:00,1.3306,1.3318,1.3296,1.3318,4423,1.330513,1.331452,1.32954,1.331452,0,0.00226,-0.001852,0.000348
2025.05.09 16:00,1.3318,1.3325,1.3307,1.3309,3955,1.331647,1.332268,1.330583,1.330583,0,0.001917,-0.001567,0.000317
2025.05.09 17:00,1.3309,1.3321,1.3305,1.3317,1633,1.330654,1.331771,1.330265,1.33154,0,0.001835,-0.001271,0.00016
2025.05.09 18:00,1.3317,1.332,1.3313,1.3317,1641,1.331505,1.331717,1.331079,1.331558,0,0.000921,-0.000417,0.000142
2025.05.09 19:00,1.3317,1.3318,1.3306,1.3314,1702,1.331576,1.331576,1.330406,1.331186,0,0.001394,-0.000976,0.000214
2025.05.09 20:00,1.3314,1.3314,1.3299,1.3306,1520,1.331097,1.331097,1.329752,1.330389,0,0.001648,-0.001197,0.000211
2025.05.11 23:00,1.3288,1.3297,1.3287,1.3287,608,1.328745,1.329522,1.328498,1.328568,0,0.001202,-0.000822,0.000132
2025.05.12 00:00,1.3287,1.3293,1.3277,1.3291,1135,1.328868,1.329116,1.327616,1.328957,0,0.001684,-0.001416,0.000143
2025.05.12 01:00,1.3291,1.3297,1.3278,1.328,700,1.329292,1.329292,1.327704,1.327863,0,0.001996,-0.001492,0.000137
2025.05.12 02:00,1.3281,1.3292,1.328,1.3285,437,1.327951,1.329045,1.327951,1.328339,0,0.001249,-0.001045,0.000161
2025.05.12 03:00,1.3285,1.3294,1.3282,1.3293,401,1.328515,1.329222,1.327968,1.329116,0,0.001432,-0.001022,0.000184
2025.05.12 04:00,1.3294,1.3295,1.3285,1.3288,388,1.329169,1.329363,1.328356,1.328656,0,0.001144,-0.000863,0.000144
2025.05.12 05:00,1.3289,1.3289,1.3277,1.3284,831,1.328604,1.32878,1.327528,1.328215,0,0.001372,-0.00108,0.000185
2025.05.12 06:00,1.3284,1.3302,1.3284,1.3288,2993,1.328462,1.329929,1.328286,1.32878,0,0.001914,-0.001529,2e-05
2025.05.12 07:00,1.3288,1.3291,1.3165,1.317,23285,1.32626,1.326577,1.31643,1.316968,0,0.01267,-0.010077,3.2e-05
2025.05.12 08:00,1.3171,1.3205,1.3167,1.3197,10456,1.317176,1.320219,1.316309,1.319505,0,0.004191,-0.003519,0.000195
2025.05.12 09:00,1.3196,1.3206,1.3189,1.3199,5268,1.3194,1.320446,1.318826,1.319784,0,0.001774,-0.001546,0.000116
2025.05.12 10:00,1.3198,1.3198,1.3142,1.3143,12411,1.31947,1.31947,1.314389,1.314389,0,0.005411,-0.00527,-8.9e-05
2025.05.12 11:00,1.3143,1.3187,1.3143,1.3179,8224,1.314389,1.318374,1.314268,1.317523,0,0.004432,-0.004074,0.000377
2025.05.12 12:00,1.318,1.3203,1.3174,1.3199,7375,1.317697,1.32001,1.317419,1.319679,0,0.002881,-0.00261,0.000221
2025.05.12 13:00,1.3198,1.3216,1.3194,1.3203,8103,1.319522,1.321248,1.319279,1.320115,0,0.002321,-0.001848,0.000185
2025.05.12 14:00,1.3203,1.3215,1.3195,1.3204,8039,1.319888,1.321266,1.3194,1.320219,0,0.0021,-0.001766,0.000181
2025.05.12 15:00,1.3204,1.3217,1.3192,1.3194,8121,1.320254,1.321475,1.319139,1.319139,0,0.002561,-0.002275,0.000261
2025.05.12 16:00,1.3194,1.32,1.318,1.318,5300,1.319139,1.319697,1.317801,1.317801,0,0.002199,-0.001697,0.000199
2025.05.12 17:00,1.3181,1.3181,1.3166,1.3178,3113,1.317836,1.317836,1.3165,1.31754,0,0.0016,-0.001236,0.00026
2025.05.12 18:00,1.3178,1.3185,1.3165,1.3182,4270,1.31761,1.318322,1.316344,1.317957,0,0.002156,-0.001822,0.000243
2025.05.12 19:00,1.3183,1.3187,1.3177,1.3182,1518,1.318096,1.318461,1.317644,1.317905,0,0.001055,-0.000761,0.000295
2025.05.12 20:00,1.318,1.3183,1.3176,1.3179,1206,1.317922,1.318183,1.317506,1.317506,0,0.000794,-0.000583,0.000394
2025.05.12 22:00,1.3175,1.318,1.3172,1.3179,0,1.317245,1.317731,1.317107,1.317662,0,0.000893,-0.000531,0.000238
2025.05.12 23:00,1.3179,1.3185,1.3173,1.318,679,1.317714,1.318287,1.317263,1.317818,0,0.001237,-0.000987,0.000182
2025.05.13 00:00,1.318,1.3188,1.3176,1.3181,1250,1.318009,1.318583,1.317575,1.317975,0,0.001225,-0.000983,0.000125
2025.05.13 01:00,1.318,1.319,1.3178,1.3187,926,1.317749,1.318774,1.317593,1.318548,0,0.001408,-0.000974,0.000152
2025.05.13 02:00,1.3188,1.3194,1.3181,1.3184,536,1.318652,1.31907,1.318009,1.318252,0,0.001391,-0.00097,0.000148
2025.05.13 03:00,1.3184,1.3202,1.3181,1.3201,0,1.318374,1.319923,1.317975,1.319906,0,0.002225,-0.001823,0.000194
2025.05.13 04:00,1.3199,1.3202,1.3192,1.3202,879,1.319853,1.32001,1.319139,1.32001,0,0.001061,-0.00081,0.00019
2025.05.13 05:00,1.3203,1.3208,1.3196,1.3203,2538,1.320045,1.320568,1.319487,1.320045,0,0.001312,-0.000968,0.000255
2025.05.13 06:00,1.3203,1.3209,1.3192,1.32,3280,1.319749,1.320568,1.319087,1.319975,0,0.001813,-0.001368,2.5e-05
2025.05.13 07:00,1.32,1.3214,1.3198,1.3214,5730,1.319697,1.321231,1.319697,1.321056,0,0.001704,-0.001431,0.000344
2025.05.13 08:00,1.3213,1.3219,1.3203,1.3214,4397,1.321563,1.32165,1.320097,1.321178,0,0.001803,-0.00135,0.000222
2025.05.13 09:00,1.3214,1.3222,1.3209,1.3216,3444,1.321213,1.322017,1.320952,1.321405,0,0.001248,-0.001117,0.000195
2025.05.13 10:00,1.3216,1.3219,1.3205,1.3206,3654,1.321475,1.321702,1.320446,1.320463,0,0.001454,-0.001202,0.000137
2025.05.13 11:00,1.3205,1.3217,1.3204,1.3215,3871,1.320533,1.321493,1.320533,1.321423,0,0.001167,-0.001093,7.7e-05
2025.05.13 12:00,1.3215,1.3247,1.3214,1.3246,7547,1.321528,1.324345,1.321388,1.32417,0,0.003312,-0.002945,0.00043
2025.05.13 13:00,1.3245,1.3252,1.3223,1.3229,9822,1.324065,1.324889,1.322297,1.322804,0,0.002903,-0.002589,9.6e-05
2025.05.13 14:00,1.3229,1.3262,1.3226,1.3262,8001,1.322804,1.326049,1.322489,1.326049,0,0.003711,-0.003449,0.000151
2025.05.13 15:00,1.3261,1.3282,1.3259,1.3279,6667,1.325908,1.328021,1.325873,1.327757,0,0.002327,-0.002121,0.000143
2025.05.13 16:00,1.3279,1.3297,1.3274,1.3294,6669,1.32781,1.329487,1.327334,1.329345,0,0.002366,-0.002087,5.5e-05
2025.05.13 17:00,1.3294,1.3305,1.329,1.3302,3607,1.329469,1.330247,1.328886,1.330106,0,0.001614,-0.001247,9.4e-05
2025.05.13 18:00,1.3301,1.3304,1.3298,1.3303,2546,1.329982,1.330212,1.329681,1.330017,0,0.000719,-0.000412,0.000283
2025.05.13 19:00,1.3302,1.331,1.3301,1.3308,3135,1.33023,1.33076,1.330017,1.330707,0,0.000983,-0.00066,9.3e-05
2025.05.13 20:00,1.3307,1.3319,1.3304,1.3307,2030,1.330637,1.331416,1.3303,1.33046,0,0.0016,-0.001016,0.00024
2025.05.13 22:00,1.3308,1.3316,1.3306,1.3316,0,1.330707,1.331398,1.33046,1.331398,0,0.00114,-0.000798,0.000202
2025.05.13 23:00,1.3317,1.3317,1.3305,1.3306,372,1.331239,1.331239,1.330336,1.330477,0,0.001364,-0.000739,0.000123
2025.05.14 00:00,1.3307,1.3318,1.3302,1.3316,1304,1.330477,1.331522,1.329982,1.331434,0,0.001818,-0.001323,0.000166
2025.05.14 01:00,1.3316,1.3322,1.3308,1.3309,1241,1.331398,1.331966,1.33069,1.330814,0,0.00151,-0.001166,8.6e-05
2025.05.14 02:00,1.3311,1.3311,1.3301,1.3305,756,1.330831,1.330955,1.330088,1.330424,0,0.001012,-0.000855,7.6e-05
2025.05.14 03:00,1.3305,1.331,1.33,1.3308,490,1.330389,1.330796,1.329964,1.330796,0,0.001036,-0.000796,4e-06
2025.05.14 04:00,1.3311,1.3315,1.3305,1.3306,948,1.331274,1.331274,1.330353,1.330406,0,0.001147,-0.000774,0.000194
2025.05.14 05:00,1.3305,1.3311,1.3303,1.3303,1142,1.330389,1.330884,1.330176,1.330212,0,0.000924,-0.000584,8.8e-05
2025.05.14 06:00,1.3304,1.3313,1.3293,1.3301,3808,1.330265,1.331168,1.329204,1.329946,0,0.002096,-0.001868,0.000154
2025.05.14 07:00,1.3302,1.3334,1.3301,1.333,5216,1.33007,1.333013,1.33007,1.333013,0,0.00333,-0.002913,-1.3e-05
2025.05.14 08:00,1.3331,1.336,1.3329,1.3349,8029,1.33296,1.335738,1.332889,1.334757,0,0.003111,-0.002838,0.000143
2025.05.14 09:00,1.3348,1.3363,1.334,1.3352,5114,1.334686,1.335916,1.333902,1.335007,0,0.002398,-0.001916,0.000193
2025.05.14 10:00,1.3351,1.3354,1.3339,1.335,2482,1.335256,1.335256,1.333725,1.334882,0,0.001675,-0.001356,0.000118
2025.05.14 11:00,1.335,1.3353,1.3329,1.3336,3184,1.334846,1.33506,1.332924,1.333138,0,0.002375,-0.00216,0.000462
2025.05.14 12:00,1.3336,1.3341,1.3318,1.3327,5586,1.333476,1.333831,1.331753,1.332587,0,0.002347,-0.002031,0.000113
2025.05.14 13:00,1.3328,1.3331,1.3312,1.3319,6775,1.332126,1.332818,1.331186,1.331806,0,0.001914,-0.001618,9.4e-05
2025.05.14 14:00,1.3319,1.3319,1.329,1.3306,8810,1.331505,1.331629,1.328957,1.330389,0,0.002943,-0.002629,0.000211
2025.05.14 15:00,1.3306,1.3307,1.3292,1.3302,5620,1.330424,1.330442,1.32908,1.330017,0,0.00162,-0.001242,0.000183
2025.05.14 16:00,1.3303,1.3312,1.3273,1.3285,7190,1.329999,1.330973,1.327175,1.32848,0,0.004025,-0.003673,2e-05
2025.05.14 17:00,1.3284,1.3291,1.3277,1.3281,2130,1.328356,1.328833,1.32758,1.327915,0,0.00152,-0.001133,0.000185
2025.05.14 18:00,1.3281,1.3282,1.3262,1.3267,5005,1.327915,1.327915,1.326084,1.326489,0,0.002116,-0.001715,0.000211
2025.05.14 19:00,1.3267,1.3267,1.3256,1.3262,2788,1.32626,1.326418,1.325486,1.326084,0,0.001214,-0.000818,0.000116
2025.05.14 20:00,1.3263,1.3268,1.3258,1.3264,2259,1.326084,1.326577,1.325697,1.326137,0,0.001103,-0.000777,0.000263
2025.05.14 22:00,1.3267,1.3268,1.3264,1.3266,0,1.326418,1.326717,1.326242,1.326383,0,0.000558,-0.000317,0.000217
2025.05.14 23:00,1.3267,1.3271,1.3264,1.3265,904,1.326594,1.326999,1.326225,1.326401,0,0.000875,-0.000599,9.9e-05
2025.05.15 00:00,1.3266,1.3276,1.3262,1.3275,1039,1.326436,1.32744,1.325996,1.32744,0,0.001604,-0.00124,6e-05
2025.05.15 01:00,1.3275,1.3286,1.3275,1.3278,1543,1.327598,1.328445,1.327528,1.327598,0,0.001072,-0.000945,0.000202
2025.05.15 02:00,1.3278,1.3283,1.3274,1.3282,365,1.327669,1.328092,1.327387,1.328092,0,0.000913,-0.000692,0.000108
2025.05.15 03:00,1.3281,1.3288,1.328,1.3282,412,1.328057,1.328604,1.32781,1.328162,0,0.00099,-0.000604,3.8e-05
2025.05.15 04:00,1.3282,1.3285,1.3276,1.3276,456,1.328233,1.328356,1.327492,1.327492,0,0.001008,-0.000756,0.000108
2025.05.15 05:00,1.3275,1.328,1.3264,1.3276,1440,1.327334,1.327863,1.326383,1.327228,0,0.001617,-0.001462,0.000372
2025.05.15 06:00,1.3276,1.3307,1.3272,1.3307,3296,1.32788,1.330477,1.327211,1.330477,0,0.003489,-0.003277,0.000223
2025.05.15 07:00,1.3305,1.3306,1.327,1.327,3684,1.330442,1.330442,1.326841,1.326841,0,0.003759,-0.003442,0.000159
2025.05.15 08:00,1.327,1.3297,1.3265,1.3292,2563,1.3267,1.329469,1.326665,1.32908,0,0.003035,-0.002969,0.00012
2025.05.15 09:00,1.3291,1.3296,1.3283,1.3289,2185,1.328745,1.329487,1.328251,1.328621,0,0.001349,-0.001187,0.000279
2025.05.15 10:00,1.329,1.3301,1.3284,1.3292,2796,1.328568,1.329964,1.328498,1.329063,0,0.001603,-0.001564,0.000137
2025.05.15 11:00,1.3292,1.3295,1.3269,1.3272,4836,1.328921,1.329363,1.326841,1.326841,0,0.002659,-0.002463,0.000359
2025.05.15 12:00,1.3273,1.331,1.3273,1.3307,7043,1.327334,1.330743,1.327334,1.330743,0,0.003666,-0.003443,-4.3e-05
2025.05.15 13:00,1.3307,1.3321,1.3294,1.3294,5439,1.331079,1.331913,1.329381,1.329381,0,0.002719,-0.002513,1.9e-05
2025.05.15 14:00,1.3295,1.3305,1.3265,1.3281,7115,1.32984,1.330106,1.326559,1.328039,0,0.003941,-0.003605,6.1e-05
2025.05.15 15:00,1.3281,1.3296,1.3277,1.3291,5995,1.328057,1.329434,1.327721,1.329133,0,0.001878,-0.001734,-3.3e-05
2025.05.15 16:00,1.3292,1.3298,1.3283,1.3291,2306,1.32931,1.329681,1.328268,1.328921,0,0.001532,-0.001381,0.000179
2025.05.15 17:00,1.3292,1.3303,1.3289,1.3289,1840,1.329045,1.330052,1.328798,1.328798,0,0.001502,-0.001153,0.000102
2025.05.15 18:00,1.3289,1.3303,1.3289,1.33,3292,1.328815,1.330106,1.328815,1.329876,0,0.001485,-0.001206,0.000124
2025.05.15 19:00,1.3301,1.331,1.3295,1.3307,2303,1.329858,1.330796,1.329363,1.330654,0,0.001637,-0.001296,4.6e-05
2025.05.15 20:00,1.3307,1.3311,1.3305,1.3306,1411,1.33069,1.330938,1.330336,1.330336,0,0.000764,-0.000438,0.000264
2025.05.15 22:00,1.3307,1.3311,1.3304,1.331,0,1.330406,1.330867,1.33023,1.330867,0,0.00087,-0.000467,0.000133
2025.05.15 23:00,1.3311,1.3312,1.3305,1.3305,752,1.330955,1.331026,1.330371,1.330371,0,0.000829,-0.000526,0.000129
2025.05.16 00:00,1.3305,1.3319,1.3304,1.3316,1342,1.330318,1.331717,1.330318,1.331434,0,0.001582,-0.001318,0.000166
2025.05.16 01:00,1.3315,1.332,1.3313,1.3318,668,1.331363,1.331895,1.331115,1.33154,0,0.000885,-0.000595,0.00026
2025.05.16 02:00,1.3317,1.332,1.3309,1.3313,832,1.331505,1.331753,1.330796,1.331203,0,0.001204,-0.000853,9.7e-05
2025.05.16 03:00,1.3313,1.3321,1.3311,1.3315,975,1.331274,1.331895,1.330938,1.331274,0,0.001162,-0.000795,0.000226
2025.05.16 04:00,1.3313,1.3321,1.3311,1.332,359,1.331221,1.33193,1.330991,1.33193,0,0.001109,-0.00083,7e-05
2025.05.16 05:00,1.3319,1.333,1.3318,1.3327,912,1.3317,1.332818,1.3317,1.332729,0,0.0013,-0.001018,-2.9e-05
2025.05.16 06:00,1.3328,1.3335,1.332,1.3326,2906,1.332481,1.333209,1.331895,1.332623,0,0.001605,-0.001209,-2.3e-05
2025.05.16 07:00,1.3326,1.3331,1.3314,1.3317,3445,1.332303,1.332836,1.331434,1.331522,0,0.001666,-0.001436,0.000178
2025.05.16 08:00,1.3315,1.3318,1.3304,1.3306,2651,1.331186,1.331647,1.330318,1.330548,0,0.001482,-0.001247,5.2e-05
2025.05.16 09:00,1.3306,1.3311,1.3292,1.3294,3243,1.330318,1.330884,1.329257,1.329257,0,0.001843,-0.001684,0.000143
2025.05.16 10:00,1.3295,1.3297,1.3285,1.3293,2001,1.329328,1.329557,1.328515,1.329098,0,0.001185,-0.001057,0.000202
2025.05.16 11:00,1.3294,1.3303,1.3284,1.3284,2363,1.32931,1.330052,1.328339,1.328339,0,0.001961,-0.001652,6.1e-05
2025.05.16 12:00,1.3285,1.3289,1.3275,1.3285,4126,1.328057,1.32878,1.327492,1.328251,0,0.001408,-0.00128,0.00025
2025.05.16 13:00,1.3286,1.3301,1.328,1.3296,3819,1.328198,1.329946,1.327986,1.329363,0,0.002114,-0.001946,0.000237
2025.05.16 14:00,1.3296,1.3298,1.3255,1.3267,9768,1.32954,1.32954,1.325399,1.326524,0,0.004401,-0.00404,0.000176
2025.05.16 15:00,1.3267,1.3272,1.3257,1.3258,4240,1.326401,1.326946,1.325539,1.325645,0,0.001661,-0.001246,0.000155
2025.05.16 16:00,1.3257,1.3271,1.3252,1.327,3488,1.325891,1.326946,1.325135,1.326788,0,0.001965,-0.001746,0.000212
2025.05.16 17:00,1.3271,1.3277,1.327,1.3273,1769,1.32714,1.327457,1.326929,1.327211,0,0.000771,-0.000457,8.9e-05
2025.05.16 18:00,1.3274,1.3282,1.327,1.3281,1533,1.327175,1.327915,1.326823,1.32781,0,0.001377,-0.000915,0.00029
2025.05.16 19:00,1.3279,1.3285,1.3277,1.3279,2686,1.328162,1.328356,1.327563,1.327563,0,0.000937,-0.000656,0.000337
2025.05.16 20:00,1.3278,1.3289,1.3277,1.3282,2525,1.327633,1.328568,1.327598,1.328057,0,0.001302,-0.000868,0.000143
2025.05.18 23:00,1.3302,1.3306,1.3296,1.3306,1046,1.329964,1.330513,1.329628,1.330495,0,0.000972,-0.000913,0.000105
2025.05.19 00:00,1.3307,1.3315,1.3302,1.3314,1516,1.330654,1.331363,1.330052,1.331203,0,0.001448,-0.001163,0.000197
2025.05.19 01:00,1.3315,1.3315,1.3296,1.3298,1141,1.331274,1.331274,1.329469,1.329504,0,0.002031,-0.001674,0.000296
2025.05.19 02:00,1.3298,1.3306,1.3292,1.3299,536,1.329451,1.33046,1.329416,1.329752,0,0.001184,-0.00126,0.000148
2025.05.19 03:00,1.3298,1.3303,1.3297,1.3298,654,1.329663,1.330123,1.329628,1.329787,0,0.000672,-0.000423,1.3e-05
2025.05.19 04:00,1.3298,1.3304,1.3294,1.33,843,1.32977,1.330265,1.329381,1.329911,0,0.001019,-0.000865,8.9e-05
2025.05.19 05:00,1.33,1.3306,1.3295,1.3302,574,1.33007,1.330424,1.329434,1.330106,0,0.001166,-0.000924,9.4e-05
2025.05.19 06:00,1.3303,1.3325,1.3297,1.3322,2143,1.32984,1.332356,1.32961,1.332179,0,0.00289,-0.002656,2.1e-05
2025.05.19 07:00,1.3323,1.3374,1.3322,1.337,7598,1.332232,1.337184,1.332232,1.336755,0,0.005168,-0.004984,0.000245
2025.05.19 08:00,1.337,1.3372,1.335,1.337,8312,1.336791,1.337006,1.334953,1.336791,0,0.002247,-0.002006,0.000209
2025.05.19 09:00,1.3369,1.34,1.3365,1.3398,5654,1.336344,1.339603,1.336344,1.339603,0,0.003656,-0.003103,0.000197
2025.05.19 10:00,1.3398,1.3405,1.339,1.3392,4822,1.339585,1.340411,1.338885,1.339118,0,0.001615,-0.001411,8.2e-05
2025.05.19 11:00,1.3392,1.3392,1.3377,1.3385,5015,1.338706,1.338921,1.337578,1.338258,0,0.001622,-0.001221,0.000242
2025.05.19 12:00,1.3384,1.3385,1.337,1.3374,5177,1.33833,1.33833,1.337167,1.337167,0,0.001333,-0.00133,0.000233
2025.05.19 13:00,1.3372,1.3377,1.3363,1.3368,4971,1.337077,1.33756,1.336112,1.33663,0,0.001588,-0.00126,0.00017
2025.05.19 14:00,1.3368,1.3371,1.3356,1.3368,5862,1.336934,1.33697,1.335648,1.33672,0,0.001452,-0.00137,8e-05
2025.05.19 15:00,1.3367,1.3374,1.3356,1.3357,6134,1.33663,1.33722,1.335381,1.335381,0,0.002019,-0.00162,0.000319
2025.05.19 16:00,1.3357,1.336,1.3348,1.3356,3139,1.335399,1.335631,1.334704,1.335488,0,0.001296,-0.000831,0.000112
2025.05.19 17:00,1.3357,1.336,1.3349,1.3351,1799,1.335702,1.335755,1.334793,1.335007,0,0.001207,-0.000855,9.3e-05
2025.05.19 18:00,1.3352,1.3359,1.3346,1.3358,2176,1.334935,1.335773,1.334579,1.335613,0,0.001321,-0.001173,0.000187
2025.05.19 19:00,1.3358,1.3364,1.3352,1.3362,2788,1.335524,1.336112,1.33522,1.336077,0,0.00118,-0.000912,0.000123
2025.05.19 20:00,1.3361,1.3367,1.336,1.3361,1358,1.33597,1.336488,1.335952,1.336166,0,0.000748,-0.000488,-6.6e-05
2025.05.19 22:00,1.3365,1.3365,1.3355,1.3358,0,1.336059,1.336112,1.33547,1.33572,0,0.00103,-0.000612,8e-05
2025.05.19 23:00,1.3359,1.3363,1.3356,1.336,766,1.335791,1.336148,1.335541,1.335952,0,0.000759,-0.000548,4.8e-05
2025.05.20 00:00,1.336,1.336,1.3347,1.3357,1202,1.335845,1.335845,1.334668,1.335613,0,0.001332,-0.001145,8.7e-05
2025.05.20 01:00,1.3358,1.3375,1.3358,1.3359,1096,1.336041,1.337381,1.335648,1.335845,0,0.001852,-0.001581,5.5e-05
2025.05.20 02:00,1.336,1.3368,1.335,1.3356,597,1.335987,1.336738,1.335007,1.335363,0,0.001793,-0.001737,0.000237
2025.05.20 03:00,1.3355,1.3371,1.3353,1.337,0,1.33531,1.337041,1.335274,1.336755,0,0.001826,-0.001741,0.000245
2025.05.20 04:00,1.3367,1.3371,1.3363,1.3363,628,1.33697,1.33697,1.336327,1.336362,0,0.000773,-0.00067,-6.2e-05
2025.05.20 05:00,1.3367,1.3385,1.3367,1.3377,2009,1.336684,1.33824,1.336684,1.337649,0,0.001816,-0.00154,5.1e-05
2025.05.20 06:00,1.3377,1.3383,1.3368,1.3371,2152,1.337721,1.338204,1.336845,1.336988,0,0.001455,-0.001404,0.000112
2025.05.20 07:00,1.3371,1.3397,1.3368,1.3394,4442,1.337006,1.339513,1.336881,1.339334,0,0.002819,-0.002713,6.7e-05
2025.05.20 08:00,1.3394,1.3396,1.3374,1.3376,4386,1.339334,1.339334,1.337417,1.337453,0,0.002183,-0.001934,0.000147
2025.05.20 09:00,1.3376,1.3385,1.3371,1.3375,2585,1.337363,1.338401,1.336934,1.337274,0,0.001566,-0.001301,0.000226
2025.05.20 10:00,1.3373,1.3375,1.3355,1.3364,3086,1.337167,1.337167,1.335506,1.336309,0,0.001994,-0.001667,9.1e-05
2025.05.20 11:00,1.3365,1.3374,1.336,1.3364,3693,1.336416,1.337238,1.335987,1.336237,0,0.001413,-0.001238,0.000163
2025.05.20 12:00,1.3363,1.3365,1.3338,1.3342,6971,1.33638,1.33638,1.333796,1.334098,0,0.002704,-0.00258,0.000102
2025.05.20 13:00,1.3342,1.3362,1.3336,1.3359,5863,1.333725,1.336023,1.333653,1.335773,0,0.002547,-0.002423,0.000127
2025.05.20 14:00,1.3359,1.3377,1.3358,1.337,7620,1.336237,1.337327,1.335809,1.336952,0,0.001891,-0.001527,4.8e-05
2025.05.20 15:00,1.3371,1.3375,1.3359,1.3371,5920,1.337131,1.337345,1.335898,1.337345,0,0.001602,-0.001445,-0.000245
2025.05.20 16:00,1.337,1.3375,1.3361,1.3373,2888,1.337274,1.337327,1.336023,1.337131,0,0.001477,-0.001227,0.000169
2025.05.20 17:00,1.3373,1.3388,1.3372,1.3383,3518,1.337292,1.338509,1.337059,1.338097,0,0.001741,-0.001309,0.000203
2025.05.20 18:00,1.3383,1.3389,1.3379,1.338,3533,1.338079,1.338688,1.337882,1.337918,0,0.001018,-0.000788,8.2e-05
2025.05.20 19:00,1.338,1.3393,1.338,1.339,3893,1.3379,1.338993,1.337864,1.338849,0,0.001436,-0.000993,0.000151
2025.05.20 20:00,1.3389,1.3396,1.3388,1.3396,572,1.338688,1.339423,1.338688,1.339316,0,0.000912,-0.000623,0.000284
2025.05.20 22:00,1.3392,1.3396,1.3388,1.3393,0,1.339011,1.339423,1.339011,1.339136,0,0.000589,-0.000623,0.000164
2025.05.20 23:00,1.3394,1.34,1.3392,1.3399,1087,1.339172,1.3398,1.339136,1.339764,0,0.000864,-0.0006,0.000136
2025.05.21 00:00,1.34,1.3414,1.3397,1.3411,1733,1.339836,1.341112,1.339477,1.340896,0,0.001923,-0.001412,0.000204
2025.05.21 01:00,1.3411,1.3415,1.3401,1.3411,1043,1.341112,1.341112,1.340016,1.340986,0,0.001485,-0.001012,0.000114
2025.05.21 02:00,1.341,1.3429,1.341,1.3425,3799,1.340896,1.342588,1.340896,1.342246,0,0.002004,-0.001588,0.000254
2025.05.21 03:00,1.3426,1.3438,1.3423,1.3434,2200,1.342264,1.343472,1.342228,1.343183,0,0.001572,-0.001172,0.000217
2025.05.21 04:00,1.3431,1.3438,1.3429,1.3432,1156,1.343111,1.34358,1.342805,1.343075,0,0.000995,-0.00068,0.000125
2025.05.21 05:00,1.3432,1.3441,1.343,1.3436,2484,1.343147,1.343797,1.342877,1.34358,0,0.001223,-0.000797,2e-05
2025.05.21 06:00,1.3435,1.347,1.3425,1.3448,14246,1.344664,1.346584,1.342732,1.344737,0,0.004268,-0.004084,6.3e-05
2025.05.21 07:00,1.3447,1.3448,1.3411,1.3414,13443,1.34452,1.34452,1.341166,1.341166,0,0.003634,-0.00342,0.000234
2025.05.21 08:00,1.3415,1.3422,1.3393,1.3401,4366,1.341508,1.341922,1.339369,1.339926,0,0.002831,-0.002622,0.000174
2025.05.21 09:00,1.3401,1.3412,1.3391,1.3412,4425,1.340016,1.341022,1.339065,1.341022,0,0.002135,-0.001922,0.000178
2025.05.21 10:00,1.3413,1.3439,1.3407,1.3415,4784,1.341112,1.343779,1.340716,1.341382,0,0.003184,-0.003079,0.000118
2025.05.21 11:00,1.3414,1.3419,1.3398,1.3416,8289,1.340986,1.34158,1.339836,1.341346,0,0.002064,-0.00178,0.000254
2025.05.21 12:00,1.3416,1.3425,1.3403,1.3424,7436,1.34158,1.342246,1.340303,1.342246,0,0.002197,-0.001946,0.000154
2025.05.21 13:00,1.3425,1.3439,1.3417,1.3436,4845,1.342841,1.343743,1.341724,1.343562,0,0.002176,-0.002043,3.8e-05
2025.05.21 14:00,1.3435,1.3445,1.3426,1.3438,7359,1.343328,1.344086,1.34266,1.343598,0,0.00184,-0.001486,0.000202
2025.05.21 15:00,1.3437,1.3452,1.3432,1.3447,6919,1.343508,1.344918,1.343238,1.344592,0,0.001962,-0.001718,0.000108
2025.05.21 16:00,1.3447,1.3454,1.3445,1.3449,3905,1.344538,1.345062,1.344321,1.344719,0,0.001079,-0.000562,0.000181
2025.05.21 17:00,1.3449,1.3454,1.3435,1.3441,4963,1.344719,1.345297,1.3434,1.34396,0,0.002,-0.001797,0.00014
2025.05.21 18:00,1.344,1.3441,1.3428,1.343,5222,1.343815,1.343815,1.342823,1.342931,0,0.001277,-0.001015,6.9e-05
2025.05.21 19:00,1.343,1.3436,1.3417,1.3418,3438,1.342787,1.343292,1.341652,1.341652,0,0.001948,-0.001592,0.000148
2025.05.21 20:00,1.3418,1.3426,1.3414,1.3422,1134,1.341382,1.342336,1.341382,1.34203,0,0.001218,-0.000936,0.00017
2025.05.21 22:00,1.3421,1.3421,1.3406,1.3407,0,1.341796,1.341796,1.340501,1.340572,0,0.001599,-0.001196,0.000128
2025.05.21 23:00,1.3406,1.3423,1.3406,1.3423,717,1.34077,1.342102,1.340518,1.342102,0,0.001782,-0.001502,0.000198
2025.05.22 00:00,1.3423,1.3433,1.3422,1.3426,1665,1.34221,1.342967,1.342102,1.34248,0,0.001198,-0.000767,0.00012
2025.05.22 01:00,1.3426,1.3436,1.3417,1.3429,1039,1.34257,1.343328,1.341904,1.34266,0,0.001696,-0.001628,0.00024
2025.05.22 02:00,1.3428,1.3443,1.3421,1.3435,1224,1.342714,1.344014,1.342084,1.343346,0,0.002216,-0.001914,0.000154
2025.05.22 03:00,1.3434,1.3435,1.3425,1.3427,509,1.343201,1.34349,1.342444,1.342534,0,0.001056,-0.00099,0.000166
2025.05.22 04:00,1.3429,1.3433,1.3423,1.3431,371,1.342588,1.343039,1.34221,1.342931,0,0.00109,-0.000739,0.000169
2025.05.22 05:00,1.3429,1.3434,1.3424,1.3431,675,1.342949,1.343147,1.34239,1.343129,0,0.00101,-0.000747,-2.9e-05
2025.05.22 06:00,1.3431,1.3433,1.3418,1.342,3572,1.342769,1.343003,1.341868,1.341994,0,0.001432,-0.001203,6e-06
2025.05.22 07:00,1.3421,1.3435,1.3412,1.3433,6073,1.342048,1.343219,1.341148,1.343219,0,0.002352,-0.002019,8.1e-05
2025.05.22 08:00,1.3433,1.3442,1.3403,1.3404,6429,1.34331,1.343941,1.340375,1.340375,0,0.003825,-0.003641,2.5e-05
2025.05.22 09:00,1.3403,1.341,1.3394,1.3404,5380,1.340303,1.340824,1.339316,1.340213,0,0.001684,-0.001424,0.000187
2025.05.22 10:00,1.3405,1.3405,1.3392,1.34,2310,1.340177,1.340177,1.339226,1.339926,0,0.001274,-0.000977,7.4e-05
2025.05.22 11:00,1.3399,1.3425,1.3399,1.3422,4768,1.340034,1.342264,1.340034,1.34203,0,0.002466,-0.002364,0.00017
2025.05.22 12:00,1.3422,1.3428,1.3404,1.3414,6234,1.342012,1.342624,1.340231,1.341202,0,0.002569,-0.002224,0.000198
2025.05.22 13:00,1.3415,1.343,1.3405,1.3419,8228,1.341958,1.342805,1.341112,1.341742,0,0.001888,-0.002305,0.000158
2025.05.22 14:00,1.3418,1.3438,1.3416,1.3425,7466,1.341652,1.343562,1.341652,1.342408,0,0.002148,-0.001962,9.2e-05
2025.05.22 15:00,1.3425,1.3432,1.3408,1.3427,6485,1.342552,1.343021,1.340878,1.342516,0,0.002322,-0.002221,0.000184
2025.05.22 16:00,1.3427,1.3438,1.3418,1.342,3589,1.342318,1.34358,1.34185,1.34185,0,0.00195,-0.00178,0.00015
2025.05.22 17:00,1.3419,1.342,1.3405,1.3416,3739,1.341688,1.34185,1.340518,1.341508,0,0.001482,-0.00135,9.2e-05
2025.05.22 18:00,1.3416,1.3427,1.3416,1.3425,3021,1.341526,1.34257,1.341526,1.342336,0,0.001174,-0.00097,0.000164
2025.05.22 19:00,1.3425,1.3431,1.342,1.3421,2896,1.342444,1.342967,1.341868,1.341868,0,0.001232,-0.000967,0.000232
2025.05.22 20:00,1.342,1.3422,1.3413,1.342,2944,1.341796,1.342048,1.341472,1.341922,0,0.000728,-0.000748,7.8e-05
2025.05.22 22:00,1.3425,1.3428,1.3422,1.3425,0,1.342354,1.342642,1.342066,1.342318,0,0.000734,-0.000442,0.000182
2025.05.22 23:00,1.3426,1.3427,1.3421,1.3421,301,1.342372,1.342588,1.341904,1.341904,0,0.000796,-0.000488,0.000196
2025.05.23 00:00,1.3422,1.3437,1.342,1.3433,808,1.341958,1.34349,1.34194,1.343219,0,0.00176,-0.00149,8.1e-05
2025.05.23 01:00,1.3433,1.3448,1.3432,1.3442,1759,1.343183,1.344592,1.343003,1.344068,0,0.001797,-0.001392,0.000132
2025.05.23 02:00,1.3442,1.345,1.344,1.3447,887,1.344032,1.344737,1.343761,1.344447,0,0.001239,-0.000737,0.000252
2025.05.23 03:00,1.3448,1.345,1.3445,1.3449,350,1.344682,1.344773,1.344357,1.344719,0,0.000643,-0.000273,0.000181
2025.05.23 04:00,1.345,1.3457,1.3449,1.3453,796,1.344773,1.345479,1.344574,1.345171,0,0.001126,-0.000579,0.000129
2025.05.23 05:00,1.3454,1.3462,1.3447,1.3458,1831,1.345189,1.345913,1.344556,1.345678,0,0.001644,-0.001213,0.000122
2025.05.23 06:00,1.3459,1.3468,1.3445,1.345,3795,1.345986,1.346004,1.344357,1.344863,0,0.002443,-0.001504,0.000137
2025.05.23 07:00,1.3451,1.3487,1.3447,1.3482,6199,1.344791,1.348327,1.344791,1.347963,0,0.003909,-0.003627,0.000237
2025.05.23 08:00,1.3482,1.3493,1.3479,1.349,3719,1.347763,1.349054,1.347763,1.348909,0,0.001537,-0.001154,9.1e-05
2025.05.23 09:00,1.349,1.3503,1.3487,1.35,4742,1.348781,1.350093,1.348636,1.349965,0,0.001664,-0.001392,3.5e-05
2025.05.23 10:00,1.3501,1.3503,1.3494,1.3498,3607,1.349783,1.350129,1.349291,1.349528,0,0.001009,-0.000729,0.000272
2025.05.23 11:00,1.3498,1.3519,1.3476,1.349,14783,1.349801,1.35137,1.347763,1.349054,0,0.004137,-0.00377,-5.4e-05
2025.05.23 12:00,1.349,1.3536,1.3479,1.3519,14492,1.348872,1.353235,1.347945,1.351918,0,0.005655,-0.005335,-1.8e-05
2025.05.23 13:00,1.352,1.3525,1.3483,1.3484,7996,1.352046,1.352174,1.348272,1.348272,0,0.004228,-0.003874,0.000128
2025.05.23 14:00,1.3483,1.3502,1.3481,1.3497,7344,1.348181,1.349983,1.348181,1.349546,0,0.002019,-0.001883,0.000154
2025.05.23 15:00,1.3498,1.3517,1.3495,1.351,4342,1.349601,1.35137,1.349382,1.350767,0,0.002318,-0.00187,0.000233
2025.05.23 16:00,1.351,1.3524,1.3507,1.3523,5114,1.350785,1.35221,1.350585,1.352119,0,0.001815,-0.00151,0.000181
2025.05.23 17:00,1.3523,1.3541,1.3523,1.353,3325,1.352137,1.353876,1.352137,1.35285,0,0.001963,-0.001576,0.00015
2025.05.23 18:00,1.353,1.3539,1.3529,1.3533,3895,1.352814,1.353656,1.352722,1.353162,0,0.001178,-0.000756,0.000138
2025.05.23 19:00,1.3532,1.3538,1.3527,1.3535,2734,1.352997,1.353601,1.352612,1.353381,0,0.001188,-0.000901,0.000119
2025.05.23 20:00,1.3536,1.3542,1.3534,1.354,1724,1.353363,1.35384,1.35318,1.353766,0,0.00102,-0.00044,0.000234
2025.05.25 23:00,1.3537,1.3544,1.3534,1.3539,682,1.353528,1.354261,1.353381,1.353766,0,0.001019,-0.000861,0.000134
2025.05.26 00:00,1.3539,1.3562,1.3538,1.3562,1516,1.354096,1.356116,1.353675,1.356043,0,0.002525,-0.002316,0.000157
2025.05.26 01:00,1.3562,1.3588,1.3555,1.3587,1737,1.356061,1.358622,1.355454,1.358622,0,0.003346,-0.003122,7.8e-05
2025.05.26 02:00,1.3585,1.3594,1.358,1.3583,1806,1.358124,1.359231,1.358124,1.35829,0,0.001276,-0.001231,1e-05
2025.05.26 03:00,1.3583,1.3585,1.3578,1.358,687,1.358179,1.358493,1.357755,1.357976,0,0.000745,-0.000693,2.4e-05
2025.05.26 04:00,1.358,1.3587,1.3576,1.3585,668,1.357902,1.358585,1.357589,1.35829,0,0.001111,-0.000985,0.00021
2025.05.26 05:00,1.3583,1.3594,1.3573,1.359,1722,1.358419,1.359194,1.357294,1.358954,0,0.002106,-0.001894,4.6e-05
2025.05.26 06:00,1.3589,1.3594,1.3573,1.3575,2640,1.358917,1.359287,1.357239,1.357442,0,0.002161,-0.001987,5.8e-05
2025.05.26 07:00,1.3575,1.358,1.3567,1.3569,2986,1.357478,1.357736,1.356705,1.356742,0,0.001295,-0.001036,0.000158
2025.05.26 08:00,1.3569,1.3573,1.3559,1.3566,1214,1.356779,1.357036,1.355914,1.356521,0,0.001386,-0.001136,7.9e-05
2025.05.26 09:00,1.3566,1.3569,1.3557,1.3562,1293,1.356447,1.356797,1.355657,1.356171,0,0.001243,-0.001097,2.9e-05
2025.05.26 10:00,1.3564,1.3566,1.3556,1.3564,1427,1.356374,1.356558,1.355657,1.356263,0,0.000944,-0.000958,0.000137
2025.05.26 11:00,1.3564,1.3568,1.3556,1.3561,1052,1.35641,1.356668,1.355528,1.355969,0,0.001272,-0.001068,0.000131
2025.05.26 12:00,1.3562,1.3564,1.3553,1.3557,974,1.356079,1.356318,1.355234,1.355675,0,0.001166,-0.001018,2.5e-05
2025.05.26 13:00,1.3557,1.3569,1.3554,1.3568,2366,1.355546,1.356779,1.355418,1.356705,0,0.001482,-0.001379,9.5e-05
2025.05.26 14:00,1.3568,1.3569,1.3559,1.3564,1761,1.356631,1.356723,1.355767,1.356226,0,0.001133,-0.000823,0.000174
2025.05.26 15:00,1.3565,1.3566,1.3558,1.3565,1300,1.3563,1.356502,1.355803,1.356263,0,0.000797,-0.000702,0.000237
2025.05.26 16:00,1.3564,1.3566,1.3561,1.3565,758,1.356374,1.356502,1.356061,1.356502,0,0.000539,-0.000402,-2e-06
2025.05.26 17:00,1.3566,1.3567,1.3559,1.3563,2020,1.356539,1.356576,1.35584,1.356245,0,0.00086,-0.000676,5.5e-05
2025.05.26 18:00,1.3563,1.3566,1.3563,1.3564,233,1.356263,1.356502,1.356153,1.356226,0,0.000447,-0.000202,0.000174
2025.05.26 19:00,1.3564,1.3566,1.3563,1.3566,171,1.356245,1.356466,1.356208,1.356429,0,0.000392,-0.000166,0.000171
2025.05.26 20:00,1.3566,1.3567,1.3562,1.3564,265,1.35641,1.356521,1.356171,1.356502,0,0.000529,-0.000321,-0.000102
2025.05.26 22:00,1.3562,1.3569,1.3562,1.3566,496,1.356705,1.356871,1.356539,1.356668,0,0.000361,-0.000671,-6.8e-05
2025.05.26 23:00,1.3567,1.3568,1.3564,1.3566,424,1.356668,1.356686,1.356374,1.356558,0,0.000426,-0.000286,4.2e-05
2025.05.27 00:00,1.3567,1.3586,1.3567,1.3583,1629,1.35665,1.358382,1.35665,1.35829,0,0.00195,-0.001682,1e-05
2025.05.27 01:00,1.3584,1.3589,1.3571,1.3576,1289,1.35829,1.358733,1.357055,1.35746,0,0.001845,-0.001633,0.00014
2025.05.27 02:00,1.3575,1.3582,1.3569,1.357,798,1.357386,1.358142,1.356871,1.356999,0,0.001329,-0.001242,1e-06
2025.05.27 03:00,1.3571,1.3577,1.3569,1.3571,0,1.356963,1.357663,1.356815,1.357073,0,0.000885,-0.000763,2.7e-05
2025.05.27 04:00,1.3574,1.3576,1.3555,1.3557,1035,1.357276,1.357478,1.355583,1.355675,0,0.002017,-0.001978,2.5e-05
2025.05.27 05:00,1.3557,1.3557,1.354,1.3556,3838,1.355638,1.355638,1.35428,1.355473,0,0.00142,-0.001638,0.000127
2025.05.27 06:00,1.3556,1.3575,1.3548,1.3549,4360,1.355491,1.357349,1.354775,1.354903,0,0.002725,-0.002549,-3e-06
2025.05.27 07:00,1.3549,1.3559,1.3523,1.3526,7694,1.355307,1.355748,1.352357,1.352357,0,0.003543,-0.003448,0.000243
2025.05.27 08:00,1.3527,1.3548,1.3525,1.3538,3207,1.352795,1.354646,1.352448,1.353803,0,0.002352,-0.002146,-3e-06
2025.05.27 09:00,1.3539,1.3551,1.3537,1.3547,3889,1.353821,1.354848,1.35373,1.354701,0,0.00137,-0.001148,-1e-06
2025.05.27 10:00,1.3548,1.3548,1.3535,1.3542,3328,1.3545,1.3545,1.353455,1.354206,0,0.001345,-0.001,-6e-06
2025.05.27 11:00,1.3543,1.3556,1.3542,1.355,2653,1.3545,1.355381,1.354445,1.355032,0,0.001155,-0.001181,-3.2e-05
2025.05.27 12:00,1.3551,1.3564,1.3549,1.3563,6080,1.355032,1.3563,1.35483,1.356135,0,0.00157,-0.0014,0.000165
2025.05.27 13:00,1.3563,1.3566,1.3542,1.3544,7663,1.356171,1.356521,1.354261,1.354298,0,0.002339,-0.002321,0.000102
2025.05.27 14:00,1.3545,1.3555,1.352,1.3521,13783,1.353711,1.355326,1.351991,1.352137,0,0.003509,-0.003326,-3.7e-05
2025.05.27 15:00,1.3522,1.3523,1.3501,1.3504,7707,1.352082,1.352082,1.350165,1.350238,0,0.002135,-0.001982,0.000162
2025.05.27 16:00,1.3504,1.3513,1.3502,1.3508,3918,1.350311,1.351205,1.350202,1.350731,0,0.001098,-0.001005,6.9e-05
2025.05.27 17:00,1.3509,1.3512,1.3504,1.351,2230,1.35084,1.351078,1.35033,1.351078,0,0.00087,-0.000678,-7.8e-05
2025.05.27 18:00,1.3511,1.3516,1.3507,1.3513,2231,1.35095,1.351534,1.350658,1.351388,0,0.000942,-0.000834,-8.8e-05
2025.05.27 19:00,1.3513,1.3516,1.3505,1.3507,2646,1.351187,1.351479,1.350475,1.350475,0,0.001125,-0.000979,0.000225
2025.05.27 20:00,1.3506,1.3511,1.3504,1.3508,1299,1.350457,1.350913,1.350366,1.350858,0,0.000734,-0.000513,-5.8e-05
2025.05.27 22:00,1.3508,1.3514,1.3508,1.3513,0,1.350822,1.351388,1.350822,1.35126,0,0.000578,-0.000588,4e-05
2025.05.27 23:00,1.3514,1.3516,1.3511,1.3515,786,1.351315,1.351516,1.351004,1.35137,0,0.000596,-0.000416,0.00013
2025.05.28 00:00,1.3516,1.3523,1.3514,1.3516,1433,1.351388,1.35221,1.351388,1.35157,0,0.000912,-0.00081,3e-05
2025.05.28 01:00,1.3516,1.3517,1.3491,1.3495,1799,1.351534,1.351698,1.349218,1.3494,0,0.002482,-0.002598,0.0001
2025.05.28 02:00,1.3493,1.3502,1.3481,1.3483,2502,1.349418,1.350074,1.348,1.348254,0,0.0022,-0.001974,4.6e-05
2025.05.28 03:00,1.3484,1.349,1.3477,1.3486,813,1.348272,1.348872,1.347763,1.348381,0,0.001237,-0.001172,0.000219
2025.05.28 04:00,1.3479,1.348,1.3472,1.3473,442,1.348509,1.348509,1.347182,1.347309,0,0.000818,-0.001309,-9e-06
2025.05.28 05:00,1.3473,1.3482,1.3463,1.3481,2051,1.347201,1.348109,1.346457,1.348109,0,0.001743,-0.001809,-9e-06
2025.05.28 06:00,1.3482,1.3485,1.3472,1.3479,2995,1.34789,1.34849,1.347273,1.348363,0,0.001227,-0.00129,-0.000463
2025.05.28 07:00,1.3479,1.3506,1.3478,1.3499,6176,1.348327,1.350311,1.348327,1.349801,0,0.002273,-0.002511,9.9e-05
2025.05.28 08:00,1.35,1.3513,1.3498,1.351,4640,1.350001,1.351041,1.34971,1.350968,0,0.00159,-0.001241,3.2e-05
2025.05.28 09:00,1.351,1.3516,1.3507,1.3511,3029,1.351169,1.35157,1.350676,1.351059,0,0.000924,-0.00087,4.1e-05
2025.05.28 10:00,1.3512,1.3521,1.3491,1.3495,4220,1.351004,1.351899,1.349127,1.349127,0,0.002973,-0.002799,0.000373
2025.05.28 11:00,1.3495,1.3499,1.3477,1.3481,4967,1.349546,1.349673,1.347763,1.347945,0,0.002137,-0.001973,0.000155
2025.05.28 12:00,1.3481,1.3485,1.3467,1.3472,5009,1.347981,1.348345,1.346729,1.346928,0,0.001771,-0.001645,0.000272
2025.05.28 13:00,1.3471,1.3474,1.3451,1.3467,6740,1.346928,1.347328,1.345116,1.346584,0,0.002283,-0.002228,0.000116
2025.05.28 14:00,1.3468,1.349,1.3464,1.3472,9273,1.346965,1.348872,1.346711,1.34711,0,0.002289,-0.002472,9e-05
2025.05.28 15:00,1.3472,1.3477,1.3455,1.3461,4351,1.347128,1.347636,1.345641,1.346022,0,0.002059,-0.002136,7.8e-05
2025.05.28 16:00,1.3461,1.3477,1.346,1.3477,3258,1.346058,1.347473,1.346058,1.347473,0,0.001642,-0.001473,0.000227
2025.05.28 17:00,1.3476,1.348,1.347,1.347,2013,1.347491,1.347927,1.347001,1.347037,0,0.000999,-0.000927,-3.7e-05
2025.05.28 18:00,1.3471,1.3476,1.3463,1.3471,2359,1.346946,1.347527,1.346294,1.347146,0,0.001306,-0.001227,-4.6e-05
2025.05.28 19:00,1.347,1.3472,1.3464,1.3465,1325,1.346965,1.347128,1.346366,1.346584,0,0.000834,-0.000728,-8.4e-05
2025.05.28 20:00,1.3465,1.3473,1.3465,1.3471,764,1.346602,1.347182,1.346493,1.347146,0,0.000807,-0.000682,-4.6e-05
2025.05.28 22:00,1.3476,1.3476,1.3465,1.3467,0,1.34691,1.347128,1.346638,1.346638,0,0.000962,-0.000628,6.2e-05
2025.05.28 23:00,1.3463,1.3463,1.3417,1.3429,5512,1.34662,1.346638,1.341904,1.34275,0,0.004396,-0.004938,0.00015
2025.05.29 00:00,1.3429,1.3444,1.342,1.3429,2818,1.3423,1.344321,1.342282,1.342895,0,0.002118,-0.002321,5e-06
2025.05.29 01:00,1.3429,1.3446,1.342,1.3446,2072,1.34266,1.344538,1.342048,1.344538,0,0.002552,-0.002538,6.2e-05
2025.05.29 02:00,1.3445,1.3448,1.3434,1.3435,1286,1.344592,1.344646,1.343382,1.343544,0,0.001418,-0.001246,-4.4e-05
2025.05.29 03:00,1.3434,1.3443,1.343,1.3437,878,1.343346,1.344267,1.342985,1.34358,0,0.001315,-0.001267,0.00012
2025.05.29 04:00,1.3435,1.3447,1.3435,1.3441,655,1.343544,1.344592,1.343238,1.343996,0,0.001462,-0.001092,0.000104
2025.05.29 05:00,1.3442,1.3444,1.3427,1.3435,1342,1.344068,1.344086,1.342769,1.343292,0,0.001631,-0.001386,0.000208
2025.05.29 06:00,1.3435,1.3459,1.343,1.3458,3796,1.343562,1.345678,1.342949,1.345623,0,0.002951,-0.002678,0.000177
2025.05.29 07:00,1.3458,1.3472,1.3458,1.3466,4695,1.345931,1.347037,1.345931,1.346656,0,0.001269,-0.001237,-5.6e-05
2025.05.29 08:00,1.3467,1.3475,1.3456,1.3462,3245,1.346547,1.347473,1.345587,1.346221,0,0.001913,-0.001873,-2.1e-05
2025.05.29 09:00,1.3461,1.3478,1.346,1.347,2546,1.346203,1.347709,1.346203,1.346874,0,0.001597,-0.001709,0.000126
2025.05.29 10:00,1.3469,1.3485,1.3469,1.3474,3771,1.346892,1.348345,1.346892,1.347418,0,0.001608,-0.001445,-1.8e-05
2025.05.29 11:00,1.3474,1.3479,1.3459,1.3461,2662,1.347328,1.347782,1.345877,1.346022,0,0.002023,-0.001881,7.8e-05
2025.05.29 12:00,1.3462,1.3506,1.3462,1.3502,9546,1.346203,1.350457,1.346203,1.350293,0,0.004397,-0.004257,-9.3e-05
2025.05.29 13:00,1.3503,1.3509,1.3489,1.3493,8418,1.350585,1.350658,1.348763,1.349327,0,0.002137,-0.001758,-2.7e-05
2025.05.29 14:00,1.3494,1.3501,1.3477,1.3484,7736,1.349491,1.349673,1.3478,1.348363,0,0.0023,-0.001973,3.7e-05
2025.05.29 15:00,1.3483,1.3496,1.3481,1.3489,4373,1.348309,1.349564,1.348109,1.348781,0,0.001491,-0.001464,0.000119
2025.05.29 16:00,1.3489,1.3506,1.3488,1.3495,4009,1.348981,1.350512,1.348854,1.349437,0,0.001746,-0.001712,6.3e-05
2025.05.29 17:00,1.3495,1.3506,1.3488,1.3498,2052,1.349382,1.350439,1.348781,1.349801,0,0.001819,-0.001639,-1e-06
2025.05.29 18:00,1.3498,1.3506,1.3498,1.35,1936,1.349928,1.350439,1.349892,1.349892,0,0.000708,-0.000639,0.000108
2025.05.29 19:00,1.35,1.3502,1.3494,1.3495,2944,1.34991,1.350111,1.349382,1.349546,0,0.000818,-0.000711,-4.6e-05
2025.05.29 20:00,1.3496,1.3498,1.3492,1.3495,1328,1.349364,1.349728,1.349073,1.3492,0,0.000727,-0.000528,0.0003
2025.05.29 22:00,1.3495,1.35,1.349,1.3495,0,1.349455,1.349856,1.349073,1.349601,0,0.000927,-0.000856,-0.000101
2025.05.29 23:00,1.3496,1.3503,1.3494,1.35,331,1.349601,1.350165,1.349418,1.349965,0,0.000882,-0.000765,3.5e-05
2025.05.30 00:00,1.35,1.351,1.3491,1.3498,2130,1.349965,1.350986,1.349182,1.349673,0,0.001818,-0.001886,0.000127
2025.05.30 01:00,1.35,1.3512,1.3481,1.3483,1635,1.349928,1.351114,1.348072,1.348109,0,0.003128,-0.003014,0.000191
2025.05.30 02:00,1.3483,1.3487,1.3472,1.3472,738,1.34829,1.348527,1.347182,1.347255,0,0.001518,-0.001327,-5.5e-05
2025.05.30 03:00,1.3474,1.3481,1.3469,1.3471,570,1.347418,1.348,1.34691,1.347128,0,0.00119,-0.0011,-2.8e-05
2025.05.30 04:00,1.3472,1.3476,1.3471,1.3472,828,1.347328,1.347546,1.347055,1.347201,0,0.000545,-0.000445,-0.0
2025.05.30 05:00,1.3473,1.3484,1.347,1.348,1601,1.347019,1.348218,1.346965,1.348036,0,0.001435,-0.001218,-3.6e-05
2025.05.30 06:00,1.3481,1.3486,1.3465,1.3478,2642,1.348,1.348345,1.346547,1.34789,0,0.002053,-0.001845,-9e-05
2025.05.30 07:00,1.3479,1.3482,1.3456,1.3479,5645,1.347182,1.348109,1.345659,1.347654,0,0.00254,-0.002509,0.000246
2025.05.30 08:00,1.348,1.3486,1.3466,1.3468,3122,1.348,1.348399,1.346711,1.346711,0,0.001889,-0.001799,8.9e-05
2025.05.30 09:00,1.3467,1.3474,1.3463,1.3472,1718,1.346692,1.347273,1.346475,1.347219,0,0.000925,-0.000973,-1.9e-05
2025.05.30 10:00,1.3471,1.3482,1.347,1.3473,1831,1.347092,1.348199,1.347092,1.347291,0,0.001108,-0.001199,9e-06
2025.05.30 11:00,1.3473,1.3482,1.3468,1.3477,2332,1.347291,1.348109,1.34682,1.347636,0,0.00138,-0.001309,6.4e-05
2025.05.30 12:00,1.3477,1.35,1.3476,1.3494,6398,1.347618,1.349783,1.347618,1.349309,0,0.002382,-0.002183,9.1e-05
2025.05.30 13:00,1.3494,1.3495,1.3452,1.3452,5751,1.349473,1.349473,1.345352,1.345424,0,0.004148,-0.004273,-0.000224
2025.05.30 14:00,1.3453,1.3491,1.3449,1.3484,11143,1.345261,1.348854,1.345116,1.348709,0,0.003983,-0.003954,-0.000309
2025.05.30 15:00,1.3483,1.3485,1.3467,1.3468,8228,1.348236,1.348363,1.346692,1.346783,0,0.001808,-0.001663,1.7e-05
2025.05.30 16:00,1.3468,1.3474,1.3456,1.3461,4377,1.346892,1.347237,1.345587,1.346022,0,0.001813,-0.001637,7.8e-05
2025.05.30 17:00,1.3462,1.3477,1.3462,1.3465,2943,1.346203,1.347709,1.346203,1.346566,0,0.001497,-0.001509,-6.6e-05
2025.05.30 18:00,1.3466,1.3474,1.3466,1.3469,5503,1.346638,1.3474,1.346602,1.346856,0,0.000798,-0.0008,4.4e-05
2025.05.30 19:00,1.347,1.3477,1.3466,1.3474,3529,1.346856,1.347673,1.346529,1.347309,0,0.001171,-0.001073,9e-05
2025.05.30 20:00,1.3474,1.3476,1.3454,1.3454,1568,1.347418,1.347509,1.345424,1.345424,0,0.002176,-0.002109,-2.4e-05
2025.06.01 23:00,1.3466,1.3475,1.3465,1.3469,790,1.346421,1.3474,1.346366,1.346892,0,0.001134,-0.0009,8e-06
2025.06.02 00:00,1.3469,1.3494,1.3469,1.349,1487,1.347001,1.349109,1.347001,1.348854,0,0.002399,-0.002209,0.000146
2025.06.02 01:00,1.349,1.3506,1.3486,1.349,1364,1.348927,1.350457,1.348709,1.349091,0,0.001891,-0.001857,-9.1e-05
2025.06.02 02:00,1.349,1.3497,1.3485,1.3487,535,1.349018,1.349546,1.348509,1.348563,0,0.001191,-0.001046,0.000137
2025.06.02 03:00,1.3486,1.3488,1.3475,1.3483,335,1.348618,1.348727,1.347509,1.348272,0,0.001291,-0.001227,2.8e-05
2025.06.02 04:00,1.3484,1.3491,1.3482,1.349,305,1.348454,1.349054,1.348199,1.349,0,0.000901,-0.000854,0.0
2025.06.02 05:00,1.349,1.3504,1.349,1.3503,1315,1.349036,1.350311,1.349036,1.350111,0,0.001364,-0.001311,0.000189
2025.06.02 06:00,1.3503,1.3535,1.35,1.3533,4074,1.35022,1.353345,1.350074,1.35318,0,0.003426,-0.003345,0.00012
2025.06.02 07:00,1.3533,1.3558,1.353,1.3549,6644,1.353015,1.355675,1.353015,1.355069,0,0.002785,-0.002675,-0.000169
2025.06.02 08:00,1.355,1.3553,1.354,1.3544,7332,1.354885,1.355271,1.353986,1.354261,0,0.001314,-0.001271,0.000139
2025.06.02 09:00,1.3544,1.3556,1.3542,1.3543,3963,1.354408,1.355491,1.354151,1.354298,0,0.001449,-0.001291,2e-06
2025.06.02 10:00,1.3542,1.3546,1.3532,1.3532,4406,1.354169,1.354591,1.353125,1.353125,0,0.001475,-0.001391,7.5e-05
2025.06.02 11:00,1.3532,1.3543,1.3528,1.3537,3831,1.353107,1.354298,1.352869,1.353583,0,0.001431,-0.001498,0.000117
2025.06.02 12:00,1.3537,1.3551,1.3532,1.3544,32304,1.353693,1.355087,1.353271,1.354224,0,0.001829,-0.001887,0.000176
2025.06.02 13:00,1.3543,1.3545,1.352,1.353,5953,1.354408,1.354408,1.352009,1.353125,0,0.002491,-0.002408,-0.000125
2025.06.02 14:00,1.3531,1.3561,1.3528,1.3554,10466,1.353162,1.355951,1.353162,1.355344,0,0.002938,-0.003151,5.6e-05
2025.06.02 15:00,1.3553,1.3557,1.3546,1.355,9623,1.355234,1.355491,1.354518,1.354812,0,0.001182,-0.000891,0.000188
2025.06.02 16:00,1.3549,1.355,1.352,1.3524,7411,1.354885,1.354885,1.351954,1.352283,0,0.003046,-0.002885,0.000117
2025.06.02 17:00,1.3523,1.3528,1.3518,1.3522,2131,1.352174,1.352722,1.351845,1.352302,0,0.000955,-0.000922,-0.000102
2025.06.02 18:00,1.3522,1.3543,1.3518,1.3542,5468,1.352082,1.354224,1.35179,1.354224,0,0.00251,-0.002424,-2.4e-05
2025.06.02 19:00,1.3542,1.3549,1.3537,1.3547,2405,1.354133,1.354793,1.353693,1.354701,0,0.001207,-0.001093,-1e-06
2025.06.02 20:00,1.3547,1.3551,1.3545,1.3547,635,1.354628,1.355014,1.354481,1.354628,0,0.000619,-0.000514,7.2e-05
2025.06.02 22:00,1.3547,1.3551,1.3537,1.3549,0,1.354518,1.354812,1.353986,1.354812,0,0.001114,-0.001112,8.8e-05
2025.06.02 23:00,1.355,1.356,1.3548,1.3559,665,1.354885,1.355896,1.354775,1.355712,0,0.001225,-0.001096,0.000188
2025.06.03 00:00,1.3558,1.3558,1.3547,1.3549,561,1.35573,1.355785,1.354646,1.354848,0,0.001154,-0.001085,5.2e-05
2025.06.03 01:00,1.3548,1.3549,1.3532,1.3534,1096,1.354793,1.354793,1.353217,1.353363,0,0.001683,-0.001593,3.7e-05
2025.06.03 02:00,1.3534,1.3534,1.3519,1.3523,820,1.353381,1.353381,1.351972,1.352192,0,0.001428,-0.001481,0.000108
2025.06.03 03:00,1.3522,1.3527,1.3515,1.3518,0,1.352064,1.352484,1.35157,1.35168,0,0.00113,-0.000984,0.00012
2025.06.03 04:00,1.3518,1.3526,1.3518,1.3525,595,1.351863,1.352594,1.351662,1.352338,0,0.000938,-0.000794,0.000162
2025.06.03 05:00,1.3525,1.3527,1.3512,1.3524,1520,1.352484,1.352594,1.351351,1.352558,0,0.001349,-0.001394,-0.000158
2025.06.03 06:00,1.3526,1.3538,1.3517,1.3533,3142,1.352521,1.353693,1.351881,1.353162,0,0.001919,-0.001993,0.000138
2025.06.03 07:00,1.3532,1.3533,1.3518,1.3521,4952,1.353235,1.353345,1.351826,1.352009,0,0.001474,-0.001545,9.1e-05
2025.06.03 08:00,1.352,1.3521,1.3507,1.3516,3278,1.351826,1.351936,1.350621,1.351698,0,0.001479,-0.001236,-9.8e-05
2025.06.03 09:00,1.3516,1.3527,1.351,1.3516,10061,1.351351,1.352612,1.351041,1.351625,0,0.001659,-0.001613,-2.5e-05
2025.06.03 10:00,1.3516,1.3521,1.3504,1.3507,4760,1.351552,1.352027,1.350548,1.350731,0,0.001552,-0.001627,-3.1e-05
2025.06.03 11:00,1.3507,1.3509,1.3496,1.3504,3214,1.350713,1.350822,1.349582,1.350257,0,0.001318,-0.001222,0.000143
2025.06.03 12:00,1.3505,1.3506,1.3493,1.3505,3929,1.350475,1.35053,1.349437,1.350348,0,0.001163,-0.00123,0.000152
2025.06.03 13:00,1.3505,1.3524,1.3501,1.3513,5272,1.350421,1.352228,1.350093,1.35137,0,0.002307,-0.002128,-7e-05
2025.06.03 14:00,1.3513,1.3534,1.3497,1.353,9184,1.350275,1.353308,1.34991,1.352997,0,0.00349,-0.003608,3e-06
2025.06.03 15:00,1.353,1.3533,1.3518,1.3521,5782,1.352887,1.353125,1.35179,1.352046,0,0.00151,-0.001325,5.4e-05
2025.06.03 16:00,1.3522,1.3527,1.3511,1.3519,2840,1.352064,1.352594,1.351114,1.351881,0,0.001586,-0.001494,1.9e-05
2025.06.03 17:00,1.352,1.353,1.3518,1.3529,1436,1.351881,1.352942,1.35179,1.352905,0,0.00121,-0.001142,-5e-06
2025.06.03 18:00,1.3529,1.3529,1.352,1.3526,2743,1.352777,1.352777,1.352046,1.352466,0,0.000854,-0.000777,0.000134
2025.06.03 19:00,1.3525,1.3527,1.3515,1.3516,1401,1.352503,1.352612,1.351479,1.351497,0,0.001221,-0.001112,0.000103
2025.06.03 20:00,1.3517,1.3524,1.3515,1.3519,519,1.351607,1.352302,1.351534,1.351863,0,0.000866,-0.000802,3.7e-05
2025.06.03 22:00,1.3519,1.3524,1.3515,1.3522,0,1.351845,1.35232,1.351845,1.352228,0,0.000555,-0.00082,-2.8e-05
2025.06.03 23:00,1.3523,1.3533,1.3522,1.3532,385,1.352247,1.35318,1.352247,1.353107,0,0.001053,-0.00098,9.3e-05
2025.06.04 00:00,1.3532,1.3534,1.3527,1.3527,430,1.353271,1.353363,1.352594,1.352594,0,0.000806,-0.000663,0.000106
2025.06.04 01:00,1.3528,1.3545,1.3517,1.3536,1434,1.352594,1.35439,1.351808,1.353601,0,0.002692,-0.00269,-1e-06
2025.06.04 02:00,1.3537,1.3539,1.3521,1.3524,1013,1.353638,1.353821,1.352137,1.35243,0,0.001763,-0.001721,-3e-05
2025.06.04 03:00,1.3524,1.3529,1.3515,1.3518,422,1.35232,1.352905,1.351534,1.351771,0,0.001366,-0.001405,2.8e-05
2025.06.04 04:00,1.3526,1.3527,1.3512,1.3513,608,1.351717,1.352741,1.351151,1.351242,0,0.001549,-0.001541,5.8e-05
2025.06.04 05:00,1.3513,1.3518,1.3503,1.3511,1184,1.351315,1.35157,1.350238,1.351205,0,0.001562,-0.001271,-0.000105
2025.06.04 06:00,1.3511,1.3528,1.3505,1.3528,2420,1.351059,1.352576,1.350603,1.352576,0,0.002197,-0.002076,0.000224
2025.06.04 07:00,1.3528,1.3542,1.3524,1.353,3607,1.352704,1.354133,1.352594,1.352905,0,0.001606,-0.001733,9.5e-05
2025.06.04 08:00,1.353,1.3547,1.3526,1.3541,3929,1.352905,1.35461,1.352521,1.35428,0,0.002179,-0.00201,-0.00018
2025.06.04 09:00,1.3541,1.3544,1.3531,1.3536,3340,1.353968,1.354206,1.353125,1.35362,0,0.001275,-0.001106,-2e-05
2025.06.04 10:00,1.3537,1.3539,1.3521,1.3526,2861,1.353675,1.353858,1.352064,1.352484,0,0.001836,-0.001758,0.000116
2025.06.04 11:00,1.3526,1.3529,1.3513,1.3515,2518,1.352558,1.352722,1.351406,1.351479,0,0.001494,-0.001422,2.1e-05
2025.06.04 12:00,1.3515,1.3545,1.3512,1.3544,6462,1.351406,1.354298,1.351406,1.354169,0,0.003094,-0.003098,0.000231
2025.06.04 13:00,1.3544,1.3551,1.3533,1.354,5131,1.354408,1.354848,1.3534,1.353803,0,0.0017,-0.001548,0.000197
2025.06.04 14:00,1.3542,1.3582,1.3542,1.3578,12310,1.354481,1.357958,1.354481,1.35781,0,0.003719,-0.003758,-1e-05
2025.06.04 15:00,1.3577,1.3579,1.356,1.3568,6290,1.357773,1.35781,1.355987,1.356797,0,0.001913,-0.00181,3e-06
2025.06.04 16:00,1.3569,1.3573,1.3556,1.3572,5682,1.356852,1.357184,1.35584,1.357184,0,0.00146,-0.001584,1.6e-05
2025.06.04 17:00,1.3571,1.3575,1.356,1.3562,3019,1.357165,1.357405,1.356098,1.356098,0,0.001402,-0.001405,0.000102
2025.06.04 18:00,1.3562,1.3567,1.3559,1.356,3783,1.356153,1.35665,1.355785,1.355896,0,0.000915,-0.00075,0.000104
2025.06.04 19:00,1.356,1.3561,1.3547,1.3547,1625,1.355896,1.356024,1.354701,1.354812,0,0.001399,-0.001324,-0.000112
2025.06.04 20:00,1.3547,1.3556,1.3546,1.3555,2155,1.354683,1.355601,1.354628,1.355436,0,0.000972,-0.001001,6.4e-05
2025.06.04 22:00,1.3555,1.3559,1.355,1.3552,0,1.35505,1.355418,1.355032,1.355216,0,0.000868,-0.000418,-1.5e-05
2025.06.04 23:00,1.3552,1.356,1.3551,1.3552,317,1.355179,1.355914,1.355087,1.355105,0,0.000913,-0.000814,9.5e-05
2025.06.05 00:00,1.3552,1.3561,1.3548,1.356,994,1.355179,1.35584,1.354812,1.355803,0,0.001288,-0.00104,0.000196
2025.06.05 01:00,1.3561,1.3567,1.3543,1.3549,1266,1.356098,1.356539,1.3545,1.354738,0,0.0022,-0.002239,0.000162
2025.06.05 02:00,1.3548,1.355,1.3541,1.3549,564,1.354757,1.35494,1.354133,1.354885,0,0.000867,-0.00084,1.5e-05
2025.06.05 03:00,1.3549,1.3561,1.3545,1.3547,1444,1.354848,1.356043,1.35461,1.354683,0,0.00149,-0.001542,1.7e-05
2025.06.05 04:00,1.3549,1.355,1.3544,1.3548,401,1.3545,1.355014,1.354445,1.354683,0,0.000555,-0.000614,0.000117
2025.06.05 05:00,1.3548,1.355,1.3544,1.3545,831,1.354775,1.355032,1.354445,1.354463,0,0.000555,-0.000632,3.7e-05
2025.06.05 06:00,1.3546,1.3559,1.3545,1.3548,2683,1.3545,1.355896,1.3545,1.354812,0,0.0014,-0.001395,-1.2e-05
2025.06.05 07:00,1.3547,1.3574,1.3546,1.3561,6320,1.354665,1.357257,1.354665,1.356024,0,0.002735,-0.002657,7.6e-05
2025.06.05 08:00,1.3562,1.3574,1.3562,1.3567,6208,1.356245,1.35722,1.356245,1.356686,0,0.001155,-0.00102,1.3e-05
2025.06.05 09:00,1.3568,1.3574,1.3562,1.3566,2557,1.356852,1.357313,1.356153,1.356539,0,0.001247,-0.001113,6.1e-05
2025.06.05 10:00,1.3565,1.3586,1.3565,1.3576,1769,1.356539,1.358511,1.356539,1.357571,0,0.002061,-0.002011,2.9e-05
2025.06.05 11:00,1.3575,1.3579,1.3567,1.3572,2704,1.35746,1.357829,1.35665,1.35711,0,0.00125,-0.001129,9e-05
2025.06.05 12:00,1.3571,1.3596,1.3567,1.3579,8499,1.356981,1.359434,1.356852,1.357718,0,0.002748,-0.002735,0.000182
2025.06.05 13:00,1.3579,1.3618,1.3572,1.3604,15387,1.357718,1.361563,1.357202,1.36023,0,0.004598,-0.004363,0.00017
2025.06.05 14:00,1.3604,1.3608,1.3588,1.3592,9316,1.360322,1.360618,1.35888,1.359176,0,0.00192,-0.001818,2.4e-05
2025.06.05 15:00,1.3592,1.3599,1.3576,1.3584,6826,1.359083,1.359749,1.357644,1.358363,0,0.002256,-0.002149,3.7e-05
2025.06.05 16:00,1.3583,1.3588,1.3577,1.3587,2808,1.35816,1.358714,1.357736,1.358677,0,0.001064,-0.001014,2.3e-05
2025.06.05 17:00,1.3588,1.359,1.358,1.359,2928,1.358696,1.358843,1.357995,1.358806,0,0.001005,-0.000843,0.000193
2025.06.05 18:00,1.359,1.359,1.3571,1.3581,3390,1.358917,1.358917,1.357202,1.358124,0,0.001798,-0.001817,-2.4e-05
2025.06.05 19:00,1.3581,1.3582,1.3568,1.3575,2498,1.357976,1.358105,1.356779,1.357423,0,0.001421,-0.001305,7.7e-05
2025.06.05 20:00,1.3575,1.3577,1.357,1.3572,1131,1.357349,1.357681,1.357073,1.357165,0,0.000627,-0.000681,3.5e-05
2025.06.05 22:00,1.3575,1.3579,1.3572,1.3579,0,1.357442,1.357884,1.357257,1.357792,0,0.000643,-0.000684,0.000108
2025.06.05 23:00,1.3578,1.3581,1.3576,1.358,277,1.357902,1.358142,1.357607,1.358031,0,0.000493,-0.000542,-3.1e-05
2025.06.06 00:00,1.358,1.3585,1.358,1.3581,791,1.357939,1.35853,1.357939,1.357958,0,0.000561,-0.00053,0.000142
2025.06.06 01:00,1.3579,1.3584,1.3574,1.3574,580,1.357884,1.358382,1.357405,1.357405,0,0.000995,-0.000982,-5e-06
2025.06.06 02:00,1.3575,1.3576,1.3566,1.3571,760,1.357552,1.357552,1.356576,1.356999,0,0.001024,-0.000952,0.000101
2025.06.06 03:00,1.3571,1.3576,1.357,1.3573,342,1.357018,1.357607,1.356963,1.357257,0,0.000637,-0.000607,4.3e-05
2025.06.06 04:00,1.3573,1.3577,1.3573,1.3576,253,1.35722,1.357755,1.35722,1.357571,0,0.00048,-0.000455,2.9e-05
2025.06.06 05:00,1.3573,1.3575,1.3562,1.3567,922,1.357478,1.357478,1.356245,1.356631,0,0.001255,-0.001278,6.9e-05
2025.06.06 06:00,1.3566,1.3568,1.3545,1.355,6585,1.356723,1.356723,1.354481,1.355014,0,0.002319,-0.002223,-1.4e-05
2025.06.06 07:00,1.3551,1.3551,1.3535,1.3546,5287,1.355087,1.355179,1.353638,1.354573,0,0.001462,-0.001679,2.7e-05
2025.06.06 08:00,1.3545,1.3548,1.3535,1.3539,3446,1.354573,1.354757,1.353583,1.353913,0,0.001217,-0.001257,-1.3e-05
2025.06.06 09:00,1.3539,1.354,1.353,1.3534,2976,1.353894,1.353986,1.352997,1.353436,0,0.001003,-0.000986,-3.6e-05
2025.06.06 10:00,1.3535,1.3552,1.3535,1.355,2598,1.353418,1.355216,1.353418,1.354922,0,0.001782,-0.001716,7.8e-05
2025.06.06 11:00,1.3551,1.3556,1.3544,1.3552,2305,1.355069,1.355418,1.354335,1.355105,0,0.001265,-0.001018,9.5e-05
2025.06.06 12:00,1.3552,1.356,1.3525,1.3538,12718,1.355179,1.356226,1.352375,1.353785,0,0.003625,-0.003726,1.5e-05
2025.06.06 13:00,1.3536,1.3544,1.3508,1.3528,13508,1.35373,1.354463,1.35084,1.352686,0,0.00356,-0.003663,0.000114
2025.06.06 14:00,1.3525,1.3549,1.3519,1.3526,9472,1.3521,1.354793,1.351753,1.352722,0,0.003147,-0.002893,-0.000122
2025.06.06 15:00,1.3526,1.3535,1.3519,1.3532,6678,1.352686,1.353381,1.352064,1.353143,0,0.001436,-0.001481,5.7e-05
2025.06.06 16:00,1.3531,1.3582,1.3519,1.352,4231,1.35318,1.353528,1.351936,1.351972,0,0.006264,-0.001628,2.8e-05
2025.06.06 17:00,1.352,1.3529,1.3517,1.3527,2655,1.351954,1.352795,1.351698,1.352686,0,0.001202,-0.001096,1.4e-05
2025.06.06 18:00,1.3527,1.3534,1.3526,1.3531,4227,1.352667,1.35329,1.352667,1.352869,0,0.000733,-0.00069,0.000231
2025.06.06 19:00,1.3531,1.3536,1.3528,1.3532,2078,1.353052,1.353436,1.352741,1.353381,0,0.000859,-0.000636,-0.000181
2025.06.06 20:00,1.3533,1.3534,1.3525,1.3527,1190,1.353308,1.353308,1.352466,1.352741,0,0.000934,-0.000808,-4.1e-05
2025.06.08 23:00,1.3537,1.354,1.3535,1.3539,370,1.35373,1.354005,1.353418,1.353748,0,0.000582,-0.000504,0.000152
2025.06.09 00:00,1.3538,1.3539,1.3529,1.353,606,1.353785,1.353894,1.352924,1.353162,0,0.000976,-0.000994,-0.000162
2025.06.09 01:00,1.3532,1.3555,1.3532,1.3554,1250,1.353381,1.355491,1.353381,1.355362,0,0.002119,-0.002291,3.8e-05
2025.06.09 02:00,1.3553,1.3566,1.3552,1.3557,1136,1.355326,1.356429,1.355326,1.355657,0,0.001274,-0.001229,4.4e-05
2025.06.09 03:00,1.3557,1.3561,1.3553,1.3553,409,1.355657,1.356116,1.355234,1.355234,0,0.000866,-0.000816,6.6e-05
2025.06.09 04:00,1.3552,1.3556,1.355,1.3555,490,1.355216,1.355528,1.355032,1.355473,0,0.000568,-0.000528,2.7e-05
2025.06.09 05:00,1.3556,1.3559,1.355,1.3558,875,1.355528,1.355951,1.35494,1.35584,0,0.00096,-0.000951,-4e-05
2025.06.09 06:00,1.3559,1.3572,1.3556,1.3569,1530,1.355638,1.357239,1.355528,1.356926,0,0.001672,-0.001639,-2.6e-05
2025.06.09 07:00,1.3569,1.357,1.3559,1.3565,2622,1.356815,1.356963,1.355969,1.356484,0,0.001031,-0.001063,1.6e-05
2025.06.09 08:00,1.3566,1.3579,1.3564,1.3574,3148,1.356705,1.357736,1.356539,1.357368,0,0.001361,-0.001336,3.2e-05
2025.06.09 09:00,1.3574,1.3582,1.3571,1.3571,2906,1.357423,1.357995,1.357202,1.357202,0,0.000998,-0.000895,-0.000102
2025.06.09 10:00,1.3571,1.3576,1.3559,1.3559,2815,1.357073,1.357552,1.355877,1.355969,0,0.001723,-0.001652,-6.9e-05
2025.06.09 11:00,1.356,1.3564,1.3556,1.3563,5748,1.355859,1.356355,1.355712,1.35619,0,0.000688,-0.000755,0.00011
2025.06.09 12:00,1.3563,1.3563,1.3535,1.3537,5790,1.356006,1.356006,1.353436,1.353876,0,0.002864,-0.002506,-0.000176
2025.06.09 13:00,1.3537,1.3541,1.3526,1.3536,6436,1.353748,1.354133,1.352594,1.353271,0,0.001506,-0.001533,0.000329
2025.06.09 14:00,1.3537,1.355,1.3528,1.3545,10167,1.353565,1.354867,1.352942,1.354536,0,0.002058,-0.002067,-3.6e-05
2025.06.09 15:00,1.3546,1.3565,1.3545,1.3563,4710,1.35461,1.356355,1.354591,1.356337,0,0.001909,-0.001855,-3.7e-05
2025.06.09 16:00,1.3563,1.3563,1.3555,1.3559,3742,1.356245,1.356245,1.355528,1.355859,0,0.000772,-0.000745,4.1e-05
2025.06.09 17:00,1.3559,1.3563,1.3552,1.3559,3062,1.355914,1.356245,1.355271,1.35584,0,0.001029,-0.001045,6e-05
2025.06.09 18:00,1.3558,1.3566,1.3557,1.3563,3767,1.355712,1.356558,1.355693,1.356337,0,0.000907,-0.000858,-3.7e-05
2025.06.09 19:00,1.3563,1.3567,1.3558,1.3558,3918,1.356208,1.356594,1.35584,1.35584,0,0.00086,-0.000794,-4e-05
2025.06.09 20:00,1.3558,1.3558,1.3549,1.355,785,1.355748,1.355785,1.35494,1.355179,0,0.00086,-0.000885,-0.000179
2025.06.09 22:00,1.3548,1.3554,1.3548,1.3552,0,1.355014,1.355601,1.355014,1.355216,0,0.000386,-0.000801,-1.5e-05
2025.06.09 23:00,1.3554,1.3557,1.3551,1.3555,204,1.355326,1.355767,1.355032,1.355528,0,0.000668,-0.000667,-2.8e-05
2025.06.10 00:00,1.3554,1.3565,1.3552,1.3555,657,1.355344,1.356466,1.355252,1.355491,0,0.001248,-0.001266,9e-06
2025.06.10 01:00,1.3555,1.3561,1.3527,1.353,1536,1.355509,1.356079,1.352795,1.353162,0,0.003304,-0.003379,-0.000162
2025.06.10 02:00,1.353,1.354,1.352,1.3539,1341,1.352576,1.354005,1.352064,1.354005,0,0.001936,-0.002005,-0.000105
2025.06.10 03:00,1.3538,1.3544,1.3532,1.3543,0,1.353656,1.354426,1.353235,1.354371,0,0.001165,-0.001226,-7.1e-05
2025.06.10 04:00,1.3541,1.3542,1.3533,1.3538,386,1.35439,1.354463,1.353327,1.353894,0,0.000873,-0.001163,-9.4e-05
2025.06.10 05:00,1.3538,1.3546,1.3535,1.3541,1893,1.35384,1.354481,1.353675,1.354206,0,0.000925,-0.000981,-0.000106
2025.06.10 06:00,1.354,1.3543,1.3482,1.3483,20956,1.352887,1.353491,1.348254,1.348254,0,0.006046,-0.005291,4.6e-05
2025.06.10 07:00,1.3482,1.3486,1.3456,1.347,12459,1.348399,1.348399,1.345804,1.347309,0,0.002796,-0.002799,-0.000309
2025.06.10 08:00,1.3474,1.3497,1.3473,1.3488,14084,1.347436,1.349619,1.347436,1.348854,0,0.002264,-0.002319,-5.4e-05
2025.06.10 09:00,1.3488,1.3495,1.348,1.3492,4094,1.348472,1.349437,1.348036,1.349236,0,0.001464,-0.001437,-3.6e-05
2025.06.10 10:00,1.3494,1.3508,1.3489,1.3506,3073,1.349418,1.350658,1.349,1.350621,0,0.0018,-0.001758,-2.1e-05
2025.06.10 11:00,1.3506,1.3509,1.3495,1.3506,4169,1.350676,1.350767,1.349582,1.350548,0,0.001318,-0.001267,5.2e-05
2025.06.10 12:00,1.3506,1.3513,1.35,1.3508,5976,1.350749,1.351242,1.349983,1.35084,0,0.001317,-0.001242,-4e-05
2025.06.10 13:00,1.3507,1.3534,1.3506,1.3534,10215,1.350804,1.353436,1.350804,1.353436,0,0.002596,-0.002836,-3.6e-05
2025.06.10 14:00,1.3533,1.3538,1.3514,1.3515,14406,1.35351,1.353711,1.351497,1.35157,0,0.002303,-0.002311,-7e-05
2025.06.10 15:00,1.3514,1.3517,1.3506,1.3507,6934,1.351388,1.351388,1.350676,1.350749,0,0.001024,-0.000788,-4.9e-05
2025.06.10 16:00,1.3508,1.3509,1.3499,1.3499,3500,1.35084,1.350931,1.349965,1.349965,0,0.000935,-0.001031,-6.5e-05
2025.06.10 17:00,1.35,1.3505,1.3496,1.3501,2624,1.34991,1.350548,1.349582,1.350111,0,0.000918,-0.000948,-1.1e-05
2025.06.10 18:00,1.35,1.35,1.3491,1.3495,5145,1.349783,1.349819,1.349054,1.349491,0,0.000946,-0.000719,9e-06
2025.06.10 19:00,1.3494,1.3508,1.3492,1.3503,4808,1.349364,1.350877,1.349273,1.350129,0,0.001527,-0.001677,0.000171
2025.06.10 20:00,1.3502,1.3504,1.3497,1.3497,8714,1.350366,1.350421,1.34971,1.350001,0,0.00069,-0.000721,-0.000301
2025.06.10 22:00,1.3495,1.3508,1.3495,1.3504,0,1.349947,1.350384,1.349819,1.350238,0,0.000981,-0.000884,0.000162
2025.06.10 23:00,1.3504,1.351,1.3497,1.3508,501,1.350165,1.351023,1.349746,1.350731,0,0.001254,-0.001323,6.9e-05
2025.06.11 00:00,1.3508,1.3509,1.3493,1.3493,1037,1.350767,1.350767,1.349182,1.3492,0,0.001718,-0.001467,0.0001
2025.06.11 01:00,1.3492,1.3496,1.3476,1.3477,1023,1.349182,1.349601,1.3476,1.347654,0,0.002,-0.002001,4.6e-05
2025.06.11 02:00,1.3476,1.3484,1.3475,1.348,635,1.347618,1.348309,1.347546,1.348127,0,0.000854,-0.000809,-0.000127
2025.06.11 03:00,1.3479,1.3483,1.3476,1.3483,296,1.347854,1.348454,1.347691,1.348309,0,0.000609,-0.000854,-9e-06
2025.06.11 04:00,1.348,1.3486,1.348,1.3483,506,1.348199,1.34869,1.3478,1.348327,0,0.0008,-0.00069,-2.7e-05
2025.06.11 05:00,1.3483,1.3491,1.3482,1.349,547,1.348418,1.349018,1.348418,1.349,0,0.000682,-0.000818,0.0
2025.06.11 06:00,1.349,1.3491,1.3467,1.3468,2986,1.349182,1.349182,1.346656,1.346765,0,0.002444,-0.002482,3.5e-05
2025.06.11 07:00,1.3468,1.3489,1.3465,1.3484,5766,1.346656,1.348836,1.346493,1.348309,0,0.002407,-0.002336,9.1e-05
2025.06.11 08:00,1.3483,1.3496,1.3481,1.3494,7173,1.348199,1.349619,1.348199,1.349491,0,0.0014,-0.001519,-9.1e-05
2025.06.11 09:00,1.3495,1.3506,1.3491,1.3498,6395,1.349509,1.350512,1.349054,1.349783,0,0.001546,-0.001412,1.7e-05
2025.06.11 10:00,1.3498,1.3503,1.3495,1.3497,3194,1.350001,1.350348,1.349437,1.350093,0,0.000863,-0.000848,-0.000393
2025.06.11 11:00,1.3497,1.3497,1.3486,1.3496,3944,1.349546,1.349692,1.348654,1.349655,0,0.001046,-0.001092,-5.5e-05
2025.06.11 12:00,1.3495,1.355,1.3488,1.3519,21771,1.349601,1.354977,1.348981,1.352082,0,0.006019,-0.006177,-0.000182
2025.06.11 13:00,1.352,1.353,1.3502,1.3519,11546,1.352228,1.35307,1.350257,1.351918,0,0.002743,-0.00287,-1.8e-05
2025.06.11 14:00,1.3518,1.3545,1.3517,1.354,9241,1.352155,1.354481,1.352155,1.353986,0,0.002345,-0.002781,1.4e-05
2025.06.11 15:00,1.3539,1.3558,1.3533,1.3555,16970,1.353931,1.355748,1.353363,1.355565,0,0.002437,-0.002448,-6.5e-05
2025.06.11 16:00,1.3555,1.3558,1.3542,1.355,15654,1.355657,1.355675,1.354408,1.35505,0,0.001392,-0.001475,-5e-05
2025.06.11 17:00,1.3549,1.3564,1.3548,1.3563,3401,1.354848,1.356484,1.354848,1.3563,0,0.001552,-0.001684,0.0
2025.06.11 18:00,1.3564,1.3567,1.3547,1.3547,15022,1.356392,1.356576,1.35483,1.354848,0,0.00187,-0.001876,-0.000148
2025.06.11 19:00,1.3548,1.3548,1.3536,1.3538,5840,1.354903,1.354903,1.353656,1.353766,0,0.001144,-0.001303,3.4e-05
2025.06.11 20:00,1.3538,1.3549,1.3538,1.3548,1849,1.353968,1.354848,1.353894,1.354738,0,0.001006,-0.001048,6.2e-05
2025.06.11 22:00,1.3551,1.3569,1.3548,1.3566,0,1.354922,1.356944,1.354922,1.356944,0,0.001978,-0.002144,-0.000344
2025.06.11 23:00,1.3567,1.3573,1.3562,1.3568,662,1.356705,1.357349,1.356392,1.356797,0,0.000908,-0.001149,3e-06
2025.06.12 00:00,1.3568,1.3588,1.3563,1.3582,1152,1.356944,1.358954,1.356337,1.358603,0,0.002463,-0.002654,-0.000403
2025.06.12 01:00,1.3583,1.3593,1.358,1.3584,1150,1.358253,1.359324,1.357976,1.358345,0,0.001324,-0.001324,5.5e-05
2025.06.12 02:00,1.3584,1.3584,1.3568,1.3574,1948,1.358142,1.358197,1.356871,1.357368,0,0.001529,-0.001397,3.2e-05
2025.06.12 03:00,1.3573,1.3586,1.3573,1.3583,557,1.357313,1.358603,1.357313,1.358363,0,0.001287,-0.001303,-6.3e-05
2025.06.12 04:00,1.3578,1.3586,1.3578,1.3583,156,1.358345,1.35864,1.357773,1.358345,0,0.000827,-0.00084,-4.5e-05
2025.06.12 05:00,1.358,1.359,1.3578,1.3589,888,1.358068,1.35901,1.357921,1.358973,0,0.001079,-0.001209,-7.3e-05
2025.06.12 06:00,1.3588,1.3588,1.3557,1.3565,7026,1.357995,1.357995,1.355803,1.356392,0,0.002997,-0.002295,0.000108
2025.06.12 07:00,1.3564,1.3564,1.3523,1.3542,17276,1.356098,1.356153,1.352466,1.354555,0,0.003934,-0.003853,-0.000355
2025.06.12 08:00,1.3543,1.3567,1.3538,1.3566,7429,1.354115,1.356686,1.353858,1.356631,0,0.002842,-0.002886,-3.1e-05
2025.06.12 09:00,1.3566,1.3587,1.3561,1.3578,15050,1.356723,1.358437,1.356171,1.357958,0,0.002529,-0.002337,-0.000158
2025.06.12 10:00,1.3578,1.3598,1.3572,1.3589,10641,1.357552,1.359176,1.357128,1.359083,0,0.002672,-0.001976,-0.000183
2025.06.12 11:00,1.359,1.36,1.358,1.3593,4102,1.358991,1.359767,1.358013,1.359176,0,0.001987,-0.001767,0.000124
2025.06.12 12:00,1.3592,1.362,1.358,1.3611,11638,1.358973,1.361915,1.358142,1.361266,0,0.003858,-0.003915,-0.000167
2025.06.12 13:00,1.361,1.3624,1.3588,1.3595,13893,1.36147,1.362157,1.35901,1.359564,0,0.003391,-0.003356,-6.4e-05
2025.06.12 14:00,1.3596,1.3608,1.3593,1.3594,8765,1.359767,1.360692,1.35949,1.35949,0,0.00131,-0.001392,-9e-05
2025.06.12 15:00,1.3594,1.3596,1.3582,1.3585,7897,1.359361,1.359582,1.358345,1.358548,0,0.001255,-0.001382,-4.8e-05
2025.06.12 16:00,1.3587,1.3592,1.3582,1.3591,2409,1.358493,1.359213,1.358382,1.359047,0,0.000818,-0.001013,5.3e-05
2025.06.12 17:00,1.3591,1.3595,1.3584,1.3591,2597,1.359102,1.359398,1.358511,1.359194,0,0.000989,-0.000998,-9.4e-05
2025.06.12 18:00,1.359,1.3597,1.3586,1.3596,3943,1.358973,1.359712,1.358696,1.359582,0,0.001004,-0.001112,1.8e-05
2025.06.12 19:00,1.3596,1.3604,1.3593,1.3603,3843,1.359471,1.360452,1.359471,1.360322,0,0.000929,-0.001152,-2.2e-05
2025.06.12 20:00,1.3603,1.3617,1.3602,1.3612,6006,1.360267,1.361767,1.360156,1.361359,0,0.001544,-0.001567,-0.000159
2025.06.12 22:00,1.3616,1.3621,1.3612,1.3617,0,1.361563,1.362175,1.361359,1.361767,0,0.000741,-0.000975,-6.7e-05
2025.06.12 23:00,1.3616,1.3628,1.3613,1.3628,288,1.361507,1.362936,1.361415,1.362936,0,0.001385,-0.001636,-0.000136
2025.06.13 00:00,1.3627,1.3632,1.3561,1.3571,575,1.362955,1.363122,1.356006,1.356999,0,0.007194,-0.007022,0.000101
2025.06.13 01:00,1.3571,1.3571,1.3553,1.3563,138,1.356705,1.357128,1.355344,1.356576,0,0.001756,-0.001828,-0.000276
2025.06.13 02:00,1.3565,1.3569,1.3554,1.3558,584,1.356558,1.356852,1.355289,1.355822,0,0.001611,-0.001452,-2.2e-05
2025.06.13 03:00,1.3557,1.3557,1.3541,1.3551,79,1.355877,1.355877,1.354206,1.355289,0,0.001494,-0.001777,-0.000189
2025.06.13 04:00,1.3539,1.3539,1.3531,1.3535,58,1.355069,1.355326,1.353052,1.353638,0,0.000848,-0.002226,-0.000138
2025.06.13 05:00,1.3536,1.3543,1.3527,1.3541,191,1.353381,1.354591,1.352704,1.354188,0,0.001596,-0.001891,-8.8e-05
2025.06.13 06:00,1.3543,1.355,1.3522,1.3539,300,1.354298,1.355381,1.352393,1.35395,0,0.002607,-0.003181,-5e-05
2025.06.13 07:00,1.354,1.3569,1.354,1.356,1620,1.35373,1.357055,1.35373,1.356061,0,0.00317,-0.003055,-6.1e-05
2025.06.13 08:00,1.3558,1.3577,1.3552,1.3567,27524,1.355914,1.356944,1.355326,1.356006,0,0.002374,-0.001744,0.000694
2025.06.13 09:00,1.3567,1.3571,1.3541,1.3552,2130,1.356135,1.356318,1.354224,1.354426,0,0.002876,-0.002218,0.000774
2025.06.13 10:00,1.3552,1.356,1.3525,1.3542,4083,1.354628,1.355197,1.352704,1.353638,0,0.003296,-0.002697,0.000562
2025.06.13 11:00,1.3542,1.3555,1.3524,1.3547,4287,1.353565,1.354701,1.352448,1.353968,0,0.003052,-0.002301,0.000732
2025.06.13 12:00,1.3548,1.355,1.3524,1.3541,6724,1.354041,1.354206,1.352759,1.3534,0,0.002241,-0.001806,0.0007
2025.06.13 13:00,1.3542,1.3551,1.3518,1.3549,5221,1.353546,1.354224,1.352009,1.354224,0,0.003091,-0.002424,0.000676
2025.06.13 14:00,1.3548,1.3583,1.354,1.3582,8259,1.354261,1.357589,1.354243,1.357515,0,0.004057,-0.003589,0.000685
2025.06.13 15:00,1.3582,1.3611,1.3574,1.3599,12728,1.357755,1.360248,1.357478,1.359342,0,0.003622,-0.002848,0.000558
2025.06.13 16:00,1.3601,1.3609,1.3599,1.3602,3821,1.359342,1.360119,1.359176,1.35949,0,0.001724,-0.000219,0.00071
2025.06.13 17:00,1.3602,1.3602,1.3581,1.3591,2912,1.35912,1.359157,1.357349,1.358327,0,0.002851,-0.001057,0.000773
2025.06.13 18:00,1.3592,1.3594,1.3567,1.3571,4210,1.358567,1.358585,1.356116,1.356337,0,0.003284,-0.001885,0.000763
2025.06.13 19:00,1.357,1.3579,1.3566,1.3578,10707,1.356245,1.357147,1.35584,1.357036,0,0.00206,-0.000547,0.000764
2025.06.13 20:00,1.3577,1.3582,1.3567,1.3582,1255,1.357092,1.357423,1.355987,1.3563,0,0.002213,-0.000723,0.0019
2025.06.15 23:00,1.3565,1.3568,1.3549,1.3557,1372,1.355785,1.355877,1.354243,1.354922,0,0.002557,-0.000977,0.000778
2025.06.16 00:00,1.3556,1.3563,1.3552,1.3557,1377,1.354646,1.355565,1.354555,1.355105,0,0.001745,-0.000365,0.000595
2025.06.16 01:00,1.3557,1.3566,1.3552,1.3556,1100,1.354922,1.35584,1.35461,1.354793,0,0.00199,-0.00064,0.000807
2025.06.16 02:00,1.3554,1.356,1.355,1.355,754,1.354555,1.355252,1.35428,1.35439,0,0.00172,-0.000252,0.00061
2025.06.16 03:00,1.355,1.3554,1.3542,1.3544,288,1.354353,1.354793,1.353565,1.353656,0,0.001835,-0.000593,0.000744
2025.06.16 04:00,1.3544,1.3555,1.3544,1.3554,219,1.353785,1.35483,1.353785,1.354775,0,0.001715,-0.00043,0.000625
2025.06.16 05:00,1.3555,1.3582,1.3555,1.3579,690,1.354848,1.357405,1.354848,1.35722,0,0.003352,-0.001905,0.00068
2025.06.16 06:00,1.3579,1.3598,1.3566,1.3594,1849,1.357128,1.35888,1.356061,1.358659,0,0.003739,-0.00228,0.000741
2025.06.16 07:00,1.3593,1.36,1.3586,1.3592,4738,1.358696,1.359231,1.357921,1.3584,0,0.002079,-0.000631,0.0008
2025.06.16 08:00,1.3593,1.3597,1.3585,1.3587,2906,1.358327,1.358936,1.357736,1.357736,0,0.001964,-0.000436,0.000964
2025.06.16 09:00,1.3586,1.3598,1.3586,1.3594,2135,1.358031,1.358936,1.357939,1.358677,0,0.001861,-0.000336,0.000723
2025.06.16 10:00,1.3593,1.3596,1.3583,1.3588,1900,1.35864,1.358899,1.357755,1.35816,0,0.001845,-0.000599,0.00064
2025.06.16 11:00,1.3588,1.3599,1.3585,1.3586,2937,1.358105,1.359065,1.357755,1.357902,0,0.002145,-0.000565,0.000698
2025.06.16 12:00,1.3586,1.3592,1.3582,1.359,3190,1.357976,1.358456,1.357497,1.358456,0,0.001703,-0.000256,0.000544
2025.06.16 13:00,1.3591,1.3623,1.3591,1.362,6518,1.358714,1.361452,1.358493,1.361452,0,0.003807,-0.002352,0.000548
2025.06.16 14:00,1.3619,1.363,1.3603,1.3604,8798,1.361266,1.362101,1.359693,1.35986,0,0.003307,-0.001801,0.00054
2025.06.16 15:00,1.3605,1.3608,1.3597,1.3605,6211,1.359656,1.359989,1.358973,1.35986,0,0.001827,-0.000289,0.00064
2025.06.16 16:00,1.3606,1.3617,1.3604,1.3616,2483,1.360045,1.360859,1.359693,1.360785,0,0.002007,-0.000459,0.000815
2025.06.16 17:00,1.3617,1.3619,1.36,1.3605,3153,1.36097,1.361118,1.35949,1.359619,0,0.00241,-0.001118,0.000881
2025.06.16 18:00,1.3604,1.3608,1.3603,1.3604,1807,1.359601,1.359989,1.359545,1.35973,0,0.001255,0.000311,0.00067
2025.06.16 19:00,1.3604,1.3605,1.3582,1.3582,3306,1.359619,1.359619,1.35746,1.35746,0,0.00304,-0.001419,0.00074
2025.06.16 20:00,1.3582,1.3591,1.3581,1.3586,1876,1.357331,1.358382,1.357331,1.357847,0,0.001769,-0.000282,0.000753
2025.06.16 22:00,1.3581,1.3588,1.3576,1.3582,0,1.357792,1.35781,1.356963,1.357423,0,0.001837,-0.00021,0.000777
2025.06.16 23:00,1.3582,1.3587,1.3572,1.3576,709,1.357589,1.358031,1.356539,1.356797,0,0.002161,-0.000831,0.000803
2025.06.17 00:00,1.3575,1.3576,1.3566,1.3575,1110,1.356631,1.356742,1.355877,1.356742,0,0.001723,-0.000142,0.000758
2025.06.17 01:00,1.3575,1.3584,1.3574,1.3576,823,1.356852,1.35746,1.356742,1.356926,0,0.001658,-6e-05,0.000674
2025.06.17 02:00,1.3576,1.3578,1.3567,1.3578,916,1.356668,1.357092,1.355987,1.357092,0,0.001813,-0.000392,0.000708
2025.06.17 03:00,1.3577,1.3584,1.3576,1.3581,0,1.356907,1.357571,1.356797,1.357423,0,0.001603,2.9e-05,0.000677
2025.06.17 04:00,1.3586,1.3586,1.358,1.3581,500,1.357571,1.357939,1.357257,1.357313,0,0.001343,6.1e-05,0.000787
2025.06.17 05:00,1.3582,1.3586,1.3574,1.3576,1003,1.357478,1.357958,1.356558,1.356944,0,0.002042,-0.000558,0.000656
2025.06.17 06:00,1.3576,1.3586,1.3567,1.3571,1817,1.35665,1.357755,1.356171,1.356318,0,0.002429,-0.001055,0.000782
2025.06.17 07:00,1.357,1.3581,1.3562,1.3573,2985,1.356337,1.357368,1.355638,1.356742,0,0.002462,-0.001168,0.000558
2025.06.17 08:00,1.3572,1.3574,1.3556,1.3556,2064,1.356484,1.356631,1.354958,1.354958,0,0.002442,-0.001031,0.000642
2025.06.17 09:00,1.3556,1.3566,1.3549,1.3551,2511,1.355124,1.355822,1.354224,1.354353,0,0.002376,-0.000922,0.000747
2025.06.17 10:00,1.3551,1.357,1.355,1.3566,2841,1.354628,1.356245,1.354445,1.355932,0,0.002555,-0.001245,0.000668
2025.06.17 11:00,1.3565,1.3579,1.3564,1.3569,1586,1.355969,1.357147,1.35573,1.35619,0,0.00217,-0.000747,0.00071
2025.06.17 12:00,1.357,1.3582,1.3554,1.3554,5141,1.3563,1.357313,1.354885,1.354885,0,0.003315,-0.001913,0.000515
2025.06.17 13:00,1.3556,1.3574,1.3551,1.3552,5501,1.354812,1.356521,1.354426,1.354426,0,0.002974,-0.001421,0.000774
2025.06.17 14:00,1.3552,1.3553,1.3503,1.3519,13458,1.354298,1.354463,1.349764,1.351424,0,0.005535,-0.004163,0.000476
2025.06.17 15:00,1.3519,1.3526,1.3506,1.3522,7033,1.351297,1.351863,1.349856,1.351388,0,0.002744,-0.001263,0.000812
2025.06.17 16:00,1.3522,1.3524,1.3474,1.348,9640,1.351589,1.351662,1.346801,1.346801,0,0.005599,-0.004262,0.001199
2025.06.17 17:00,1.3479,1.3482,1.3442,1.3453,12252,1.347309,1.347382,1.34349,1.344538,0,0.00471,-0.003182,0.000762
2025.06.17 18:00,1.3452,1.3455,1.3435,1.3436,10409,1.344339,1.344809,1.342877,1.342949,0,0.002623,-0.001309,0.000651
2025.06.17 19:00,1.3435,1.3445,1.343,1.3435,8355,1.342967,1.343761,1.342426,1.342769,0,0.002074,-0.000761,0.000731
2025.06.17 20:00,1.3433,1.3439,1.3421,1.3435,3071,1.342624,1.343147,1.341562,1.342877,0,0.002338,-0.001047,0.000623
2025.06.17 22:00,1.342,1.3441,1.342,1.3432,0,1.342408,1.343382,1.342372,1.342426,0,0.001728,-0.001382,0.000774
2025.06.17 23:00,1.3432,1.3439,1.3431,1.3439,472,1.342246,1.342859,1.342246,1.342534,0,0.001654,0.000241,0.001366
2025.06.18 00:00,1.3437,1.3446,1.3436,1.3439,1665,1.3434,1.343887,1.342949,1.343183,0,0.001651,-0.000287,0.000717
2025.06.18 01:00,1.3439,1.3447,1.3435,1.3445,1069,1.343238,1.343996,1.342823,1.343779,0,0.001877,-0.000496,0.000721
2025.06.18 02:00,1.3444,1.3446,1.3437,1.3443,452,1.343472,1.343851,1.343075,1.343634,0,0.001525,-0.000151,0.000666
2025.06.18 03:00,1.3444,1.3454,1.3442,1.3445,1734,1.343671,1.344628,1.34349,1.343887,0,0.00191,-0.000428,0.000613
2025.06.18 04:00,1.3446,1.3455,1.3444,1.3451,951,1.343833,1.344773,1.343634,1.344357,0,0.001866,-0.000373,0.000743
2025.06.18 05:00,1.3451,1.3456,1.3446,1.3451,1698,1.344303,1.344899,1.343887,1.344538,0,0.001713,-0.000299,0.000562
2025.06.18 06:00,1.3451,1.3474,1.3447,1.347,6651,1.344574,1.346711,1.344574,1.346384,0,0.002826,-0.002011,0.000616
2025.06.18 07:00,1.347,1.3485,1.3462,1.3466,5714,1.346547,1.3476,1.345533,1.346004,0,0.002967,-0.0014,0.000596
2025.06.18 08:00,1.3466,1.3473,1.3456,1.346,2841,1.345913,1.346638,1.344954,1.345352,0,0.002346,-0.001038,0.000648
2025.06.18 09:00,1.346,1.3475,1.3458,1.3471,2332,1.345388,1.346801,1.345116,1.346439,0,0.002383,-0.001001,0.000661
2025.06.18 10:00,1.3471,1.3476,1.3447,1.3449,3429,1.346312,1.346711,1.344014,1.344267,0,0.003586,-0.002011,0.000633
2025.06.18 11:00,1.3449,1.3463,1.3446,1.3459,2670,1.343923,1.345479,1.343923,1.345135,0,0.002377,-0.000879,0.000765
2025.06.18 12:00,1.3459,1.3471,1.3451,1.3454,4861,1.345225,1.346457,1.344502,1.344954,0,0.002598,-0.001357,0.000446
2025.06.18 13:00,1.3455,1.3462,1.3443,1.3448,5204,1.344719,1.345442,1.343689,1.344249,0,0.002511,-0.001142,0.000551
2025.06.18 14:00,1.3448,1.348,1.3445,1.346,14192,1.344032,1.347128,1.343923,1.345207,0,0.004077,-0.002628,0.000793
2025.06.18 15:00,1.3459,1.348,1.3456,1.3476,6421,1.345207,1.3474,1.34508,1.347055,0,0.00292,-0.0018,0.000545
2025.06.18 16:00,1.3477,1.3482,1.3464,1.3464,4115,1.347074,1.347509,1.345641,1.345714,0,0.002558,-0.001109,0.000686
2025.06.18 17:00,1.3464,1.3469,1.3441,1.345,3019,1.345768,1.346203,1.343761,1.344411,0,0.003139,-0.002103,0.000589
2025.06.18 18:00,1.3453,1.3485,1.3417,1.3423,9179,1.347219,1.347219,1.341382,1.34167,0,0.007118,-0.005519,0.00063
2025.06.18 19:00,1.3422,1.3433,1.3407,1.3417,9851,1.341544,1.342372,1.340213,1.341112,0,0.003087,-0.001672,0.000588
2025.06.18 20:00,1.3416,1.343,1.3415,1.3427,1070,1.340842,1.342372,1.340842,1.342138,0,0.002158,-0.000872,0.000562
2025.06.18 22:00,1.3427,1.3435,1.3423,1.3427,0,1.342372,1.342769,1.341616,1.342174,0,0.001884,-0.000468,0.000526
2025.06.18 23:00,1.3428,1.3431,1.3418,1.3423,859,1.34203,1.3423,1.341202,1.34149,0,0.001898,-0.0005,0.000811
2025.06.19 00:00,1.3421,1.3424,1.3415,1.3422,1207,1.341472,1.341652,1.340896,1.341598,0,0.001504,-0.000152,0.000602
2025.06.19 01:00,1.3423,1.3423,1.3401,1.3401,2205,1.341562,1.341562,1.339423,1.339423,0,0.002877,-0.001462,0.000677
2025.06.19 02:00,1.3401,1.3407,1.3395,1.3403,1225,1.339674,1.339998,1.338796,1.339549,0,0.001904,-0.000498,0.000751
2025.06.19 03:00,1.3404,1.3417,1.3403,1.3416,590,1.339818,1.340968,1.339674,1.34086,0,0.002025,-0.000668,0.00074
2025.06.19 04:00,1.3415,1.3418,1.3411,1.3418,126,1.340824,1.341166,1.340536,1.341076,0,0.001263,-6.6e-05,0.000724
2025.06.19 05:00,1.3416,1.3417,1.3397,1.3402,1205,1.340986,1.340986,1.339118,1.339441,0,0.002582,-0.001286,0.000759
2025.06.19 06:00,1.3402,1.3414,1.339,1.3413,2021,1.339334,1.340824,1.338384,1.340716,0,0.003016,-0.001824,0.000584
2025.06.19 07:00,1.3413,1.3424,1.3408,1.3409,2762,1.340698,1.341724,1.340195,1.340321,0,0.002205,-0.000924,0.000579
2025.06.19 08:00,1.3409,1.3435,1.3405,1.3434,3182,1.339908,1.342805,1.339908,1.342805,0,0.003592,-0.002305,0.000595
2025.06.19 09:00,1.3435,1.3441,1.3425,1.3429,2933,1.342787,1.343201,1.341868,1.342318,0,0.002232,-0.000701,0.000582
2025.06.19 10:00,1.3428,1.3446,1.3428,1.3436,4369,1.342192,1.343833,1.342192,1.342805,0,0.002408,-0.001033,0.000795
2025.06.19 11:00,1.3433,1.3457,1.3411,1.3454,10014,1.341238,1.344737,1.340932,1.344719,0,0.004768,-0.003637,0.000681
2025.06.19 12:00,1.3454,1.3456,1.3432,1.3449,4661,1.344827,1.344845,1.342462,1.344122,0,0.003138,-0.001645,0.000778
2025.06.19 13:00,1.3448,1.3452,1.3429,1.3443,3831,1.344122,1.344411,1.342408,1.343562,0,0.002792,-0.001511,0.000738
2025.06.19 14:00,1.3442,1.3453,1.3425,1.3434,3082,1.343634,1.344447,1.34203,1.342642,0,0.00327,-0.001948,0.000758
2025.06.19 15:00,1.3433,1.3441,1.3431,1.3437,1696,1.34266,1.34331,1.342534,1.343039,0,0.001566,-0.00021,0.000661
2025.06.19 16:00,1.3436,1.3437,1.343,1.3431,906,1.342841,1.342967,1.342336,1.34257,0,0.001364,3.3e-05,0.00053
2025.06.19 17:00,1.3432,1.3466,1.3432,1.3461,1742,1.34248,1.345768,1.34248,1.345479,0,0.00412,-0.002568,0.000621
2025.06.19 18:00,1.3461,1.3468,1.346,1.3466,1216,1.345424,1.346058,1.345279,1.345913,0,0.001521,-5.8e-05,0.000687
2025.06.19 19:00,1.3465,1.3477,1.3464,1.3476,768,1.345859,1.347037,1.345786,1.347001,0,0.001914,-0.000637,0.000599
2025.06.19 20:00,1.3476,1.3478,1.3471,1.3476,371,1.346874,1.347055,1.346439,1.346765,0,0.001361,4.5e-05,0.000835
2025.06.19 22:00,1.3475,1.348,1.347,1.3476,812,1.346674,1.347237,1.346276,1.346747,0,0.001724,-0.000237,0.000853
2025.06.19 23:00,1.3475,1.3488,1.3474,1.3484,788,1.346783,1.347854,1.346711,1.347727,0,0.002089,-0.000454,0.000673
2025.06.20 00:00,1.3484,1.3498,1.3484,1.3495,914,1.347854,1.349054,1.347854,1.348854,0,0.001946,-0.000654,0.000646
2025.06.20 01:00,1.3496,1.3498,1.3487,1.3488,1184,1.3488,1.348872,1.348036,1.348036,0,0.001764,-0.000172,0.000764
2025.06.20 02:00,1.3486,1.3497,1.3485,1.3494,446,1.347782,1.348963,1.347782,1.348745,0,0.001918,-0.000463,0.000655
2025.06.20 03:00,1.3493,1.3507,1.3492,1.3506,889,1.348636,1.34991,1.348618,1.349764,0,0.002082,-0.00071,0.000836
2025.06.20 04:00,1.3507,1.3508,1.3501,1.3503,650,1.349655,1.349983,1.349473,1.349601,0,0.001327,0.000117,0.000699
2025.06.20 05:00,1.3504,1.3508,1.3499,1.3505,1221,1.349637,1.350056,1.3492,1.349601,0,0.0016,-0.000156,0.000899
2025.06.20 06:00,1.3504,1.3504,1.3474,1.3475,4115,1.348472,1.348927,1.346747,1.346983,0,0.003653,-0.001527,0.000517
2025.06.20 07:00,1.3474,1.3489,1.347,1.3483,2316,1.346692,1.34809,1.346366,1.3478,0,0.002534,-0.00109,0.0005
2025.06.20 08:00,1.3483,1.3504,1.348,1.3498,2389,1.3478,1.349582,1.347164,1.349145,0,0.003236,-0.001582,0.000655
2025.06.20 09:00,1.3499,1.3503,1.3495,1.3501,1598,1.349145,1.349619,1.348818,1.349491,0,0.001482,-0.000119,0.000609
2025.06.20 10:00,1.3502,1.3505,1.3496,1.3503,1958,1.349473,1.349783,1.348963,1.349655,0,0.001537,-0.000183,0.000645
2025.06.20 11:00,1.3503,1.3507,1.3494,1.3505,3305,1.349582,1.350001,1.348763,1.349983,0,0.001937,-0.000601,0.000517
2025.06.20 12:00,1.3504,1.3519,1.3493,1.3508,9048,1.349728,1.351004,1.348854,1.350074,0,0.003046,-0.001704,0.000726
2025.06.20 13:00,1.3509,1.3513,1.3493,1.3495,5422,1.35033,1.350603,1.348654,1.348909,0,0.002646,-0.001303,0.000591
2025.06.20 14:00,1.3495,1.3498,1.346,1.3472,8755,1.349,1.349,1.345515,1.346566,0,0.004285,-0.003,0.000634
2025.06.20 15:00,1.3471,1.3486,1.3465,1.3472,7715,1.346294,1.34809,1.345931,1.346493,0,0.002669,-0.00159,0.000707
2025.06.20 16:00,1.3471,1.3487,1.347,1.3479,4378,1.346511,1.347909,1.346402,1.347201,0,0.002298,-0.000909,0.0007
2025.06.20 17:00,1.3478,1.3483,1.3472,1.3475,2339,1.347055,1.3476,1.346547,1.346856,0,0.001753,-0.0004,0.000644
2025.06.20 18:00,1.3475,1.348,1.347,1.3473,3406,1.346874,1.347291,1.346457,1.346457,0,0.001543,-0.000291,0.000843
2025.06.20 19:00,1.3472,1.3473,1.3453,1.3454,3822,1.346511,1.346674,1.344664,1.344719,0,0.002636,-0.001374,0.000681
2025.06.20 20:00,1.3453,1.346,1.3448,1.3458,1878,1.344556,1.345297,1.344213,1.344881,0,0.001787,-0.000497,0.000919
2025.06.22 23:00,1.3436,1.3449,1.3432,1.3442,552,1.342823,1.344104,1.342552,1.343508,0,0.002348,-0.000904,0.000692
2025.06.23 00:00,1.3442,1.3446,1.3418,1.3429,1189,1.343616,1.343851,1.341256,1.342066,0,0.003344,-0.002051,0.000834
2025.06.23 01:00,1.343,1.3432,1.341,1.3429,1047,1.342354,1.342462,1.340501,1.342246,0,0.002699,-0.001462,0.000654
2025.06.23 02:00,1.343,1.3445,1.343,1.3433,557,1.34275,1.343761,1.342606,1.342642,0,0.001894,-0.000761,0.000658
2025.06.23 03:00,1.3434,1.3437,1.3423,1.3424,622,1.342895,1.343075,1.341688,1.341778,0,0.002012,-0.000775,0.000622
2025.06.23 04:00,1.3424,1.3429,1.3413,1.3417,930,1.341742,1.342156,1.340662,1.341004,0,0.002238,-0.000856,0.000696
2025.06.23 05:00,1.3417,1.3438,1.3416,1.3438,1266,1.341166,1.343057,1.341166,1.342949,0,0.002634,-0.001457,0.000851
2025.06.23 06:00,1.3439,1.3449,1.3434,1.3445,2466,1.343526,1.34405,1.342678,1.343725,0,0.002222,-0.00065,0.000775
2025.06.23 07:00,1.3445,1.3456,1.3439,1.3447,3914,1.344845,1.344845,1.343598,1.344086,0,0.002002,-0.000945,0.000614
2025.06.23 08:00,1.3446,1.3453,1.3421,1.3422,3662,1.343815,1.34405,1.341562,1.341562,0,0.003738,-0.00195,0.000638
2025.06.23 09:00,1.3421,1.3424,1.3378,1.3392,7197,1.34158,1.34158,1.337202,1.338581,0,0.005198,-0.00378,0.000619
2025.06.23 10:00,1.3391,1.34,1.3383,1.3387,3909,1.338348,1.339226,1.337596,1.338043,0,0.002404,-0.000926,0.000657
2025.06.23 11:00,1.3387,1.3403,1.3379,1.3402,4872,1.33799,1.339603,1.337381,1.339603,0,0.002919,-0.001703,0.000597
2025.06.23 12:00,1.3402,1.3404,1.3381,1.3399,4185,1.339423,1.339423,1.337632,1.339172,0,0.002768,-0.001323,0.000728
2025.06.23 13:00,1.34,1.3438,1.3395,1.3431,7789,1.339226,1.342967,1.338814,1.34257,0,0.004986,-0.003467,0.00053
2025.06.23 14:00,1.3433,1.3502,1.3433,1.3495,14396,1.343887,1.349418,1.343887,1.348745,0,0.006313,-0.006118,0.000755
2025.06.23 15:00,1.3496,1.3513,1.3494,1.3496,6850,1.348872,1.350366,1.348872,1.348945,0,0.002428,-0.000966,0.000655
2025.06.23 16:00,1.3497,1.3512,1.3477,1.35,5629,1.348981,1.350384,1.347255,1.349291,0,0.003945,-0.002684,0.000709
2025.06.23 17:00,1.3499,1.353,1.3497,1.3528,5973,1.3492,1.352247,1.3492,1.352137,0,0.0038,-0.002547,0.000663
2025.06.23 18:00,1.3528,1.3538,1.3524,1.3527,4271,1.352302,1.352979,1.35179,1.35221,0,0.00201,-0.000579,0.00049
2025.06.23 19:00,1.3527,1.3536,1.3527,1.3533,2420,1.352265,1.352887,1.352174,1.352777,0,0.001426,-0.000187,0.000523
2025.06.23 20:00,1.3535,1.3538,1.353,1.3534,1480,1.352594,1.353015,1.352448,1.352448,0,0.001352,-1.5e-05,0.000952
2025.06.23 22:00,1.3528,1.3554,1.3525,1.3545,0,1.352357,1.354665,1.352119,1.353894,0,0.003281,-0.002165,0.000606
2025.06.23 23:00,1.3546,1.3561,1.3539,1.3551,1616,1.3534,1.355473,1.353345,1.354518,0,0.002755,-0.001573,0.000582
2025.06.24 00:00,1.3552,1.356,1.3545,1.3555,1669,1.354683,1.355289,1.353986,1.35494,0,0.002014,-0.000789,0.00056
2025.06.24 01:00,1.3554,1.3564,1.3546,1.3547,1112,1.35461,1.355583,1.354005,1.354096,0,0.002396,-0.000983,0.000604
2025.06.24 02:00,1.3547,1.3563,1.3542,1.356,986,1.354169,1.355565,1.353675,1.355509,0,0.002625,-0.001365,0.000491
2025.06.24 03:00,1.3562,1.3573,1.3562,1.3571,0,1.355638,1.356576,1.355638,1.356429,0,0.001662,-0.000376,0.000671
2025.06.24 04:00,1.3566,1.3579,1.3566,1.3574,650,1.356355,1.357276,1.355896,1.356576,0,0.002005,-0.000676,0.000824
2025.06.24 05:00,1.3571,1.3578,1.3566,1.3575,1599,1.356318,1.357092,1.356079,1.356926,0,0.001721,-0.000491,0.000574
2025.06.24 06:00,1.3577,1.3601,1.3574,1.3589,5587,1.357515,1.359416,1.356668,1.358234,0,0.003432,-0.002016,0.000666
2025.06.24 07:00,1.359,1.3594,1.3569,1.3586,7358,1.358234,1.358696,1.356374,1.358105,0,0.003026,-0.001796,0.000495
2025.06.24 08:00,1.3587,1.3611,1.3586,1.3607,3569,1.358197,1.360359,1.357958,1.360082,0,0.003142,-0.001759,0.000618
2025.06.24 09:00,1.3608,1.3624,1.3608,1.3617,6344,1.360119,1.361823,1.360119,1.361007,0,0.002282,-0.001023,0.000693
2025.06.24 10:00,1.3616,1.362,1.3612,1.3615,3101,1.360896,1.361285,1.360581,1.360785,0,0.001419,-8.5e-05,0.000715
2025.06.24 11:00,1.3616,1.3633,1.3616,1.3621,5440,1.361007,1.362602,1.360859,1.361415,0,0.002441,-0.001002,0.000685
2025.06.24 12:00,1.3621,1.3622,1.3601,1.3608,7414,1.361211,1.361415,1.359767,1.360156,0,0.002433,-0.001315,0.000644
2025.06.24 13:00,1.3609,1.3614,1.3598,1.3605,7516,1.360544,1.360544,1.359324,1.359767,0,0.002076,-0.000744,0.000733
2025.06.24 14:00,1.3607,1.3656,1.3605,1.363,16400,1.359971,1.364778,1.359971,1.362249,0,0.005629,-0.004278,0.000751
2025.06.24 15:00,1.363,1.3641,1.362,1.3621,6939,1.362175,1.363364,1.36147,1.361582,0,0.00263,-0.001364,0.000518
2025.06.24 16:00,1.3621,1.3633,1.3618,1.3633,2757,1.3616,1.362751,1.361137,1.362621,0,0.002163,-0.000951,0.000679
2025.06.24 17:00,1.3632,1.3646,1.3631,1.3642,2373,1.362491,1.363903,1.362454,1.363605,0,0.002146,-0.000803,0.000595
2025.06.24 18:00,1.3643,1.3645,1.3633,1.3638,5021,1.363624,1.363754,1.362676,1.363196,0,0.001824,-0.000454,0.000604
2025.06.24 19:00,1.3638,1.364,1.3626,1.3627,2795,1.363085,1.363308,1.361971,1.361971,0,0.002029,-0.000708,0.000729
2025.06.24 20:00,1.3628,1.3632,1.3619,1.3624,1213,1.362008,1.362416,1.361359,1.361563,0,0.001841,-0.000516,0.000837
2025.06.24 22:00,1.3622,1.3624,1.3618,1.3621,0,1.361396,1.361507,1.361174,1.361415,0,0.001226,0.000293,0.000685
2025.06.24 23:00,1.3621,1.3626,1.362,1.3623,944,1.361452,1.361897,1.361452,1.361563,0,0.001148,0.000103,0.000737
2025.06.25 00:00,1.3622,1.3627,1.3622,1.3625,1286,1.361489,1.361989,1.36147,1.361804,0,0.00123,0.000211,0.000696
2025.06.25 01:00,1.3624,1.3637,1.3623,1.3637,1236,1.361767,1.362881,1.361767,1.362881,0,0.001933,-0.000581,0.000819
2025.06.25 02:00,1.3635,1.3635,1.3626,1.3627,742,1.362843,1.362843,1.361934,1.362064,0,0.001566,-0.000243,0.000636
2025.06.25 03:00,1.3627,1.3628,1.362,1.362,674,1.361989,1.362175,1.361248,1.361304,0,0.001552,-0.000175,0.000696
2025.06.25 04:00,1.362,1.3623,1.3619,1.3622,526,1.361248,1.361656,1.361155,1.361563,0,0.001145,0.000244,0.000637
2025.06.25 05:00,1.3623,1.3632,1.3621,1.363,1033,1.3616,1.362509,1.361526,1.362361,0,0.001674,-0.000409,0.000639
2025.06.25 06:00,1.3631,1.3638,1.3624,1.3633,3122,1.362435,1.363011,1.361915,1.362583,0,0.001885,-0.000611,0.000717
2025.06.25 07:00,1.3634,1.364,1.3613,1.3623,4685,1.362157,1.363382,1.360766,1.361452,0,0.003234,-0.002082,0.000848
2025.06.25 08:00,1.3622,1.3631,1.3618,1.3628,2244,1.361748,1.362398,1.361248,1.362175,0,0.001852,-0.000598,0.000625
2025.06.25 09:00,1.3629,1.3629,1.361,1.362,3788,1.362082,1.362082,1.360433,1.361322,0,0.002467,-0.001082,0.000678
2025.06.25 10:00,1.3621,1.3621,1.361,1.3613,2460,1.361248,1.361378,1.360322,1.360692,0,0.001778,-0.000378,0.000608
2025.06.25 11:00,1.3612,1.3625,1.3611,1.3615,2458,1.360563,1.361823,1.360563,1.360785,0,0.001937,-0.000723,0.000715
2025.06.25 12:00,1.3614,1.3614,1.3598,1.3604,5317,1.360655,1.360655,1.359213,1.359712,0,0.002187,-0.000855,0.000688
2025.06.25 13:00,1.3604,1.3624,1.3602,1.3615,4321,1.359693,1.361711,1.359508,1.360896,0,0.002892,-0.001511,0.000604
2025.06.25 14:00,1.3616,1.3634,1.3615,1.3631,8474,1.360952,1.362732,1.360952,1.362398,0,0.002448,-0.001232,0.000702
2025.06.25 15:00,1.363,1.3633,1.3624,1.3631,4492,1.362305,1.362639,1.361823,1.362416,0,0.001477,-0.000239,0.000684
2025.06.25 16:00,1.3632,1.365,1.3632,1.3647,3615,1.363029,1.364331,1.363029,1.364145,0,0.001971,-0.001131,0.000555
2025.06.25 17:00,1.3647,1.3658,1.3644,1.3657,3627,1.364107,1.365039,1.363736,1.36502,0,0.002064,-0.000639,0.00068
2025.06.25 18:00,1.3657,1.367,1.3654,1.367,3625,1.36502,1.366325,1.364759,1.366325,0,0.002241,-0.000926,0.000674
2025.06.25 19:00,1.367,1.3678,1.3669,1.3673,2739,1.366531,1.36711,1.366325,1.366512,0,0.001474,-0.00021,0.000788
2025.06.25 20:00,1.3672,1.3676,1.3667,1.3671,1292,1.36655,1.366848,1.366158,1.366475,0,0.001442,-0.000148,0.000625
2025.06.25 22:00,1.3671,1.3674,1.3667,1.3673,0,1.36612,1.366755,1.36612,1.36668,0,0.00128,-5.5e-05,0.00062
2025.06.25 23:00,1.3672,1.3698,1.3672,1.3697,1767,1.367073,1.369169,1.367073,1.369057,0,0.002727,-0.001969,0.000643
2025.06.26 00:00,1.3696,1.3703,1.3694,1.3697,1233,1.369094,1.369544,1.368944,1.369,0,0.001356,-0.000144,0.0007
2025.06.26 01:00,1.3696,1.3701,1.3684,1.3698,1159,1.369019,1.369544,1.367858,1.369263,0,0.002242,-0.001144,0.000537
2025.06.26 02:00,1.3699,1.3715,1.3696,1.3712,2142,1.369244,1.370858,1.369,1.370577,0,0.0025,-0.001258,0.000623
2025.06.26 03:00,1.3714,1.3732,1.3712,1.3717,2563,1.37067,1.372175,1.37067,1.371197,0,0.00253,-0.000975,0.000503
2025.06.26 04:00,1.371,1.3712,1.3706,1.3707,1076,1.371009,1.371009,1.369938,1.370013,0,0.001262,-0.000409,0.000687
2025.06.26 05:00,1.3707,1.3717,1.3704,1.3717,1199,1.369994,1.371121,1.369769,1.37099,0,0.001931,-0.000721,0.00071
2025.06.26 06:00,1.3716,1.3726,1.3706,1.3726,4297,1.371027,1.371911,1.370145,1.371911,0,0.002455,-0.001311,0.000689
2025.06.26 07:00,1.3726,1.3747,1.3726,1.3742,6306,1.372213,1.373985,1.371949,1.373513,0,0.002751,-0.001385,0.000687
2025.06.26 08:00,1.3744,1.3772,1.3741,1.3757,5519,1.373532,1.3765,1.373475,1.3751,0,0.003725,-0.0024,0.0006
2025.06.26 09:00,1.3757,1.3761,1.3742,1.3751,6145,1.374873,1.375327,1.37357,1.374419,0,0.00253,-0.001127,0.000681
2025.06.26 10:00,1.375,1.3757,1.3735,1.3735,4498,1.374552,1.375024,1.373042,1.373042,0,0.002658,-0.001524,0.000458
2025.06.26 11:00,1.3736,1.3737,1.3706,1.3714,9871,1.372872,1.372966,1.370051,1.370689,0,0.003649,-0.002366,0.000711
2025.06.26 12:00,1.3714,1.3735,1.3706,1.3724,11731,1.370558,1.372627,1.37022,1.371855,0,0.00328,-0.002027,0.000545
2025.06.26 13:00,1.3725,1.3748,1.3714,1.3747,8464,1.372307,1.374155,1.371009,1.374155,0,0.003791,-0.002755,0.000545
2025.06.26 14:00,1.3747,1.376,1.3734,1.374,12992,1.373589,1.375327,1.372872,1.373343,0,0.003128,-0.001927,0.000657
2025.06.26 15:00,1.3739,1.376,1.3731,1.376,7375,1.373306,1.375251,1.372646,1.375251,0,0.003354,-0.002151,0.000749
2025.06.26 16:00,1.3759,1.3777,1.3744,1.3762,6474,1.375213,1.377031,1.37423,1.375573,0,0.00347,-0.002631,0.000627
2025.06.26 17:00,1.3761,1.3769,1.3761,1.3764,2213,1.375554,1.376273,1.375554,1.375762,0,0.001346,-0.000173,0.000638
2025.06.26 18:00,1.3763,1.3767,1.3754,1.3755,4034,1.375705,1.376008,1.374835,1.37493,0,0.001865,-0.000608,0.00057
2025.06.26 19:00,1.3755,1.3755,1.3735,1.3738,4981,1.374835,1.374835,1.373042,1.373362,0,0.002458,-0.001335,0.000438
2025.06.26 20:00,1.3738,1.3742,1.3729,1.3734,1818,1.373551,1.37357,1.372363,1.372778,0,0.001837,-0.00067,0.000622
2025.06.26 22:00,1.3734,1.3741,1.3723,1.3727,0,1.37291,1.37291,1.37178,1.372062,0,0.00232,-0.00061,0.000638
2025.06.26 23:00,1.3727,1.3736,1.3726,1.373,868,1.372232,1.373023,1.372232,1.372552,0,0.001368,-0.000423,0.000448
2025.06.27 00:00,1.3732,1.3742,1.3732,1.3737,1404,1.37274,1.373532,1.37274,1.373117,0,0.00146,-0.000332,0.000583
2025.06.27 01:00,1.3736,1.3747,1.373,1.3744,1032,1.372966,1.374098,1.372439,1.37374,0,0.002261,-0.001098,0.00066
2025.06.27 02:00,1.3745,1.3752,1.3741,1.375,1110,1.373815,1.374514,1.37357,1.3744,0,0.00163,-0.000414,0.0006
2025.06.27 03:00,1.375,1.3756,1.3743,1.3743,993,1.374287,1.374967,1.373645,1.373664,0,0.001955,-0.000667,0.000636
2025.06.27 04:00,1.3744,1.3744,1.373,1.373,709,1.373645,1.373777,1.372401,1.372401,0,0.001999,-0.000777,0.000599
2025.06.27 05:00,1.373,1.3737,1.3727,1.3733,2681,1.372759,1.373061,1.372156,1.372665,0,0.001544,-0.000361,0.000635
2025.06.27 06:00,1.3732,1.3756,1.3728,1.3754,3519,1.372382,1.37474,1.372382,1.37474,0,0.003218,-0.00194,0.000659
2025.06.27 07:00,1.3754,1.3756,1.3742,1.3747,3916,1.374835,1.375005,1.373626,1.374004,0,0.001974,-0.000805,0.000696
2025.06.27 08:00,1.3748,1.3757,1.374,1.3751,4152,1.374344,1.375043,1.3734,1.374363,0,0.0023,-0.001043,0.000737
2025.06.27 09:00,1.3751,1.3753,1.3741,1.3747,2898,1.374514,1.374552,1.373494,1.374023,0,0.001806,-0.000452,0.000677
2025.06.27 10:00,1.3748,1.3754,1.3728,1.3731,6803,1.374287,1.374722,1.372232,1.372476,0,0.003168,-0.001922,0.000624
2025.06.27 11:00,1.3733,1.3746,1.3731,1.3745,3433,1.372646,1.373872,1.372627,1.373758,0,0.001973,-0.000772,0.000742
2025.06.27 12:00,1.3744,1.3759,1.3727,1.3748,8385,1.373513,1.3751,1.372269,1.374193,0,0.003631,-0.0024,0.000607
2025.06.27 13:00,1.3747,1.3754,1.3722,1.3728,6885,1.374287,1.374325,1.37161,1.372307,0,0.00379,-0.002125,0.000493
2025.06.27 14:00,1.3727,1.3735,1.371,1.3722,7918,1.371949,1.372759,1.370445,1.37161,0,0.003055,-0.001759,0.00059
2025.06.27 15:00,1.3722,1.3735,1.3714,1.3725,5759,1.371629,1.372721,1.370877,1.371855,0,0.002623,-0.001321,0.000645
2025.06.27 16:00,1.3724,1.3732,1.3711,1.3715,4170,1.37178,1.372439,1.370483,1.370802,0,0.002717,-0.001339,0.000698
2025.06.27 17:00,1.3716,1.3719,1.3692,1.3699,7226,1.37067,1.371178,1.368794,1.369244,0,0.003106,-0.001978,0.000656
2025.06.27 18:00,1.3699,1.3706,1.3689,1.3703,6943,1.369319,1.369938,1.368513,1.369732,0,0.002087,-0.001038,0.000568
2025.06.27 19:00,1.3704,1.3717,1.3702,1.3714,4705,1.369657,1.371046,1.369657,1.370689,0,0.002043,-0.000846,0.000711
2025.06.27 20:00,1.3713,1.373,1.3713,1.3727,1399,1.370839,1.372363,1.370821,1.372363,0,0.002179,-0.001063,0.000337
2025.06.29 23:00,1.3732,1.3735,1.3725,1.3725,986,1.372401,1.372872,1.371855,1.371855,0,0.001645,-0.000372,0.000645
2025.06.30 00:00,1.3725,1.3728,1.3714,1.372,1486,1.372043,1.372194,1.370877,1.37131,0,0.001923,-0.000794,0.00069
2025.06.30 01:00,1.372,1.3737,1.3719,1.3726,1636,1.37131,1.372966,1.371215,1.372062,0,0.002485,-0.001066,0.000538
2025.06.30 02:00,1.3729,1.3734,1.3724,1.3724,471,1.372232,1.372665,1.371704,1.371817,0,0.001696,-0.000265,0.000583
2025.06.30 03:00,1.3724,1.3728,1.3718,1.372,282,1.371723,1.372156,1.371215,1.371366,0,0.001585,-0.000356,0.000634
2025.06.30 04:00,1.3719,1.3738,1.3719,1.3736,396,1.371272,1.373042,1.371272,1.373042,0,0.002528,-0.001142,0.000558
2025.06.30 05:00,1.3736,1.3747,1.3733,1.3736,1581,1.373042,1.374061,1.372778,1.372891,0,0.001922,-0.000761,0.000709
2025.06.30 06:00,1.3736,1.3745,1.373,1.3742,2700,1.37291,1.37374,1.372363,1.373721,0,0.002137,-0.00074,0.000479
2025.06.30 07:00,1.3742,1.3742,1.371,1.371,4338,1.373325,1.373325,1.370445,1.370445,0,0.003755,-0.002324,0.000555
2025.06.30 08:00,1.3709,1.3712,1.3701,1.3707,2165,1.370445,1.370539,1.36945,1.37007,0,0.00175,-0.000439,0.00063
2025.06.30 09:00,1.3706,1.3711,1.3698,1.3701,1867,1.369957,1.37037,1.369282,1.369507,0,0.001818,-0.00057,0.000593
2025.06.30 10:00,1.3701,1.3709,1.3697,1.3708,1225,1.369188,1.37022,1.369132,1.37022,0,0.001768,-0.00052,0.00058
2025.06.30 11:00,1.3708,1.3719,1.3704,1.3712,2747,1.370276,1.371178,1.369844,1.370633,0,0.002056,-0.000778,0.000567
2025.06.30 12:00,1.3713,1.3714,1.3691,1.3699,2796,1.370633,1.370633,1.368551,1.369375,0,0.002849,-0.001533,0.000525
2025.06.30 13:00,1.37,1.3701,1.3684,1.3693,3819,1.369507,1.369507,1.367783,1.368251,0,0.002317,-0.001107,0.001049
2025.06.30 14:00,1.3693,1.3722,1.3682,1.3711,10927,1.368495,1.371121,1.367596,1.370389,0,0.004604,-0.002921,0.000711
2025.06.30 15:00,1.371,1.373,1.3703,1.3726,7856,1.369994,1.372307,1.369713,1.372043,0,0.003287,-0.002007,0.000557
2025.06.30 16:00,1.3727,1.3729,1.3706,1.3721,3224,1.372062,1.372344,1.369994,1.371422,0,0.002906,-0.001745,0.000678
2025.06.30 17:00,1.3721,1.3724,1.3711,1.3717,2536,1.371516,1.37178,1.370689,1.371009,0,0.001711,-0.00068,0.000691
2025.06.30 18:00,1.3716,1.3728,1.3715,1.3724,5773,1.371027,1.372119,1.370933,1.371911,0,0.001867,-0.000619,0.000489
2025.06.30 19:00,1.3725,1.3734,1.3722,1.3732,4636,1.371704,1.372778,1.371648,1.372778,0,0.001752,-0.000578,0.000422
2025.06.30 20:00,1.3732,1.3743,1.373,1.374,1646,1.372608,1.373664,1.372571,1.373438,0,0.001729,-0.000664,0.000562
2025.06.30 22:00,1.3739,1.3744,1.3734,1.3738,0,1.373136,1.373683,1.372759,1.373136,0,0.001641,-0.000283,0.000664
2025.06.30 23:00,1.3738,1.374,1.3736,1.3738,570,1.373249,1.373419,1.373023,1.373268,0,0.000977,0.000181,0.000532
2025.07.01 00:00,1.3739,1.3749,1.3739,1.3748,884,1.373645,1.374212,1.373268,1.374212,0,0.001632,-0.000311,0.000588
2025.07.01 01:00,1.3747,1.3756,1.3732,1.3734,1450,1.374155,1.374986,1.372702,1.372702,0,0.002898,-0.001786,0.000697
2025.07.01 02:00,1.3733,1.3744,1.3731,1.3744,515,1.372665,1.373796,1.372589,1.37374,0,0.001811,-0.000696,0.00066
2025.07.01 03:00,1.3743,1.3753,1.3743,1.3744,0,1.37374,1.374665,1.37374,1.373796,0,0.00156,-0.000365,0.000604
2025.07.01 04:00,1.375,1.3754,1.3743,1.3747,524,1.373909,1.374816,1.373702,1.374023,0,0.001698,-0.000516,0.000677
2025.07.01 05:00,1.3749,1.3756,1.3746,1.3754,998,1.374098,1.374892,1.373928,1.374665,0,0.001672,-0.000292,0.000735
2025.07.01 06:00,1.3753,1.3758,1.3744,1.3747,2873,1.374608,1.375043,1.373909,1.374098,0,0.001891,-0.000643,0.000602
2025.07.01 07:00,1.3747,1.3775,1.374,1.3774,4248,1.373853,1.376785,1.373551,1.376785,0,0.003949,-0.002785,0.000615
2025.07.01 08:00,1.3774,1.3791,1.3765,1.3781,5389,1.376709,1.378303,1.375951,1.377638,0,0.003149,-0.001803,0.000462
2025.07.01 09:00,1.3781,1.3788,1.3766,1.3782,6076,1.37724,1.378132,1.375989,1.377638,0,0.002811,-0.001532,0.000562
2025.07.01 10:00,1.3783,1.3796,1.3782,1.3783,3190,1.377809,1.378873,1.377581,1.377695,0,0.002019,-0.000673,0.000605
2025.07.01 11:00,1.3782,1.3786,1.3761,1.3761,7112,1.377486,1.377828,1.37561,1.37561,0,0.00299,-0.001728,0.000489
2025.07.01 12:00,1.3761,1.3767,1.3747,1.3747,6165,1.375535,1.37597,1.374155,1.374193,0,0.002545,-0.00127,0.000507
2025.07.01 13:00,1.3748,1.3751,1.3735,1.374,6532,1.374004,1.374174,1.373023,1.3734,0,0.002077,-0.000674,0.0006
2025.07.01 14:00,1.3742,1.3742,1.3714,1.3725,10728,1.372006,1.372947,1.370896,1.371893,0,0.003304,-0.001547,0.000607
2025.07.01 15:00,1.3726,1.3732,1.371,1.3731,4840,1.371516,1.372382,1.370501,1.372382,0,0.002699,-0.001382,0.000718
2025.07.01 16:00,1.3732,1.3732,1.3719,1.3731,4484,1.37242,1.372533,1.371385,1.372382,0,0.001815,-0.000633,0.000718
2025.07.01 17:00,1.3732,1.3745,1.3728,1.3744,1959,1.372665,1.373815,1.37225,1.37374,0,0.00225,-0.001015,0.00066
2025.07.01 18:00,1.3744,1.3746,1.3739,1.3745,2927,1.373758,1.373758,1.37323,1.373721,0,0.00137,0.000142,0.000779
2025.07.01 19:00,1.3744,1.375,1.3742,1.3747,2406,1.373834,1.374249,1.373589,1.374004,0,0.001411,-4.9e-05,0.000696
2025.07.01 20:00,1.3747,1.3757,1.3746,1.3754,1626,1.374136,1.375119,1.373985,1.374759,0,0.001715,-0.000519,0.000641
2025.07.01 22:00,1.3752,1.3757,1.3748,1.375,0,1.374797,1.374797,1.374249,1.374325,0,0.001451,3e-06,0.000675
2025.07.01 23:00,1.3751,1.3754,1.3748,1.3753,317,1.374363,1.37474,1.374174,1.374722,0,0.001226,5.9e-05,0.000578
2025.07.02 00:00,1.3753,1.3756,1.3749,1.3756,755,1.374722,1.374949,1.374325,1.374892,0,0.001275,-4.9e-05,0.000708
2025.07.02 01:00,1.3755,1.376,1.3744,1.3745,916,1.374759,1.375289,1.37374,1.373853,0,0.00226,-0.000889,0.000647
2025.07.02 02:00,1.3746,1.3755,1.374,1.3753,1029,1.373909,1.37493,1.373362,1.374646,0,0.002138,-0.00093,0.000654
2025.07.02 03:00,1.3753,1.3758,1.3747,1.3753,2235,1.374759,1.375175,1.374079,1.374608,0,0.001721,-0.000475,0.000692
2025.07.02 04:00,1.3753,1.3753,1.3751,1.3752,349,1.374627,1.374665,1.374419,1.374476,0,0.000881,0.000435,0.000724
2025.07.02 05:00,1.375,1.3752,1.3739,1.3744,1373,1.374438,1.37457,1.373325,1.373608,0,0.001876,-0.00067,0.000793
2025.07.02 06:00,1.3744,1.3747,1.3727,1.3736,2012,1.37357,1.374079,1.3721,1.373023,0,0.0026,-0.001379,0.000577
2025.07.02 07:00,1.3736,1.3736,1.3713,1.3713,4173,1.372533,1.372571,1.370689,1.370689,0,0.002911,-0.001271,0.000611
2025.07.02 08:00,1.3712,1.3718,1.3701,1.3705,3416,1.370426,1.37114,1.369525,1.369844,0,0.002275,-0.00104,0.000656
2025.07.02 09:00,1.3705,1.3707,1.3696,1.3697,4050,1.370088,1.370088,1.368963,1.369057,0,0.001737,-0.000488,0.000643
2025.07.02 10:00,1.3699,1.3716,1.3697,1.371,3070,1.369169,1.370727,1.369169,1.370351,0,0.002431,-0.001027,0.000649
2025.07.02 11:00,1.371,1.372,1.3662,1.367,14314,1.369844,1.371366,1.366195,1.366195,0,0.005805,-0.005166,0.000805
2025.07.02 12:00,1.3669,1.3675,1.3595,1.3614,49741,1.3653,1.366755,1.35901,1.360803,0,0.00849,-0.007255,0.000597
2025.07.02 13:00,1.3614,1.3629,1.3586,1.3593,18037,1.360452,1.362268,1.358124,1.358622,0,0.004776,-0.003668,0.000678
2025.07.02 14:00,1.3593,1.361,1.3569,1.3601,15123,1.358714,1.360193,1.356558,1.359305,0,0.004442,-0.003293,0.000795
2025.07.02 15:00,1.36,1.363,1.3595,1.3628,11490,1.359527,1.362175,1.359047,1.362119,0,0.003953,-0.002675,0.000681
2025.07.02 16:00,1.3628,1.3638,1.3621,1.3637,4117,1.362175,1.363252,1.361489,1.363048,0,0.002311,-0.001152,0.000652
2025.07.02 17:00,1.3638,1.3652,1.3637,1.364,3164,1.363234,1.36435,1.363178,1.363419,0,0.002022,-0.00065,0.000581
2025.07.02 18:00,1.3639,1.3647,1.3637,1.3642,3205,1.363104,1.364107,1.363104,1.363624,0,0.001596,-0.000407,0.000576
2025.07.02 19:00,1.3642,1.3644,1.3633,1.3642,3383,1.363475,1.363847,1.362769,1.363587,0,0.001631,-0.000547,0.000613
2025.07.02 20:00,1.3641,1.3641,1.3633,1.3639,2028,1.363382,1.363531,1.362769,1.363512,0,0.001331,-0.000231,0.000388
2025.07.02 22:00,1.365,1.3663,1.3648,1.3662,0,1.365374,1.365654,1.364759,1.365542,0,0.001541,-0.000854,0.000658
2025.07.02 23:00,1.3662,1.3662,1.3654,1.3656,826,1.365337,1.365337,1.364815,1.364983,0,0.001385,6.3e-05,0.000617
2025.07.03 00:00,1.3656,1.366,1.365,1.3654,1221,1.36515,1.365411,1.364443,1.364703,0,0.001557,-0.000411,0.000697
2025.07.03 01:00,1.3655,1.3661,1.365,1.3657,879,1.364722,1.365355,1.364405,1.364983,0,0.001695,-0.000355,0.000717
2025.07.03 02:00,1.3655,1.3655,1.3635,1.3641,1529,1.364778,1.364778,1.362936,1.363568,0,0.002564,-0.001278,0.000532
2025.07.03 03:00,1.364,1.3644,1.3632,1.3636,673,1.363512,1.363847,1.362602,1.362862,0,0.001798,-0.000647,0.000738
2025.07.04 04:00,1.3672,1.3681,1.367,1.368,4206,1.365784,1.367484,1.365784,1.367316,0,0.002316,-0.000484,0.000684
2025.07.04 05:00,1.3682,1.3689,1.3682,1.3683,1207,1.367577,1.368176,1.367521,1.367652,0,0.001379,2.4e-05,0.000648
2025.07.04 06:00,1.3683,1.3689,1.3674,1.3684,1181,1.367465,1.368139,1.366774,1.367746,0,0.002126,-0.000739,0.000654
2025.07.04 07:00,1.3682,1.3685,1.3665,1.3666,2228,1.367821,1.367821,1.365784,1.365952,0,0.002716,-0.001321,0.000648
2025.07.04 08:00,1.3665,1.3674,1.3665,1.3671,1670,1.365878,1.366718,1.365822,1.366419,0,0.001578,-0.000218,0.000681
2025.07.04 09:00,1.3671,1.3672,1.3659,1.3665,1396,1.366475,1.366475,1.365206,1.365803,0,0.001994,-0.000575,0.000697
2025.07.04 10:00,1.3664,1.3668,1.3654,1.3656,1655,1.365728,1.366083,1.364741,1.36489,0,0.002059,-0.000683,0.00071
2025.07.04 11:00,1.3656,1.3663,1.3649,1.3655,1757,1.364945,1.365617,1.36435,1.364834,0,0.00195,-0.000717,0.000666
2025.07.04 12:00,1.3655,1.3656,1.3642,1.3642,1474,1.364722,1.364796,1.363401,1.363587,0,0.002199,-0.000596,0.000613
2025.07.04 13:00,1.3642,1.3659,1.3642,1.3657,906,1.363754,1.365169,1.363754,1.364945,0,0.002146,-0.000969,0.000755
2025.07.04 14:00,1.366,1.3661,1.3645,1.365,2132,1.365057,1.365393,1.363866,1.36435,0,0.002234,-0.000893,0.00065
2025.07.04 15:00,1.3649,1.3654,1.3646,1.3652,1541,1.364219,1.36489,1.364089,1.364498,0,0.001311,-0.00029,0.000702
2025.07.04 16:00,1.3652,1.3659,1.3649,1.3654,771,1.364257,1.365188,1.364257,1.364648,0,0.001644,-0.000288,0.000752
2025.07.06 23:00,1.3661,1.3662,1.3654,1.3659,208,1.365374,1.365486,1.364759,1.365244,0,0.001441,-8.6e-05,0.000656
2025.07.07 00:00,1.3659,1.3665,1.3652,1.3654,604,1.365113,1.365822,1.364629,1.364852,0,0.001871,-0.000622,0.000548
2025.07.07 01:00,1.3653,1.3654,1.364,1.3641,493,1.364629,1.364629,1.363271,1.363327,0,0.002129,-0.000629,0.000773
2025.07.07 02:00,1.3642,1.3645,1.3633,1.3636,597,1.363475,1.36381,1.362676,1.362936,0,0.001824,-0.00051,0.000664
2025.07.07 03:00,1.3634,1.3641,1.3634,1.3635,235,1.362899,1.363364,1.362658,1.362881,0,0.001442,3.6e-05,0.000619
2025.07.07 04:00,1.3635,1.3637,1.3623,1.3625,630,1.362825,1.363029,1.361674,1.361786,0,0.002026,-0.000729,0.000714
2025.07.07 05:00,1.3625,1.3632,1.3619,1.3631,1000,1.361786,1.362491,1.361248,1.362398,0,0.001952,-0.000591,0.000702
2025.07.07 06:00,1.363,1.3633,1.361,1.362,1922,1.362138,1.362676,1.360415,1.361155,0,0.002885,-0.001676,0.000845
2025.07.07 07:00,1.3621,1.3631,1.361,1.3612,5799,1.361693,1.362324,1.360322,1.360915,0,0.002778,-0.001324,0.000285
2025.07.07 08:00,1.3611,1.3613,1.3587,1.3588,10738,1.360563,1.360581,1.357976,1.357976,0,0.003324,-0.001881,0.000824
2025.07.07 09:00,1.3588,1.3619,1.3582,1.3616,6854,1.358087,1.361044,1.357607,1.361044,0,0.004293,-0.002844,0.000556
2025.07.07 10:00,1.3616,1.3616,1.3602,1.361,4013,1.360729,1.360729,1.359582,1.360452,0,0.002018,-0.000529,0.000548
2025.07.07 11:00,1.3609,1.3629,1.3607,1.3623,3644,1.360193,1.362175,1.360063,1.361656,0,0.002837,-0.001475,0.000644
2025.07.07 12:00,1.3624,1.3629,1.3618,1.3625,3362,1.361711,1.362119,1.361266,1.361748,0,0.001634,-0.000319,0.000751
2025.07.07 13:00,1.3625,1.3641,1.3621,1.3636,5260,1.361786,1.363345,1.361452,1.362918,0,0.002648,-0.001245,0.000682
2025.07.07 14:00,1.3635,1.3655,1.3635,1.3643,4571,1.363029,1.364759,1.363029,1.363661,0,0.002471,-0.001259,0.000639
2025.07.07 15:00,1.3644,1.3653,1.3636,1.3644,12841,1.363717,1.364405,1.362992,1.363624,0,0.002308,-0.000805,0.000776
2025.07.07 16:00,1.3644,1.3648,1.3602,1.3603,7872,1.363698,1.363996,1.359527,1.359638,0,0.005273,-0.003796,0.000662
2025.07.07 17:00,1.3603,1.3619,1.3597,1.3612,3208,1.359638,1.360952,1.359083,1.360285,0,0.002817,-0.001252,0.000915
2025.07.07 18:00,1.3612,1.3623,1.3598,1.362,2694,1.360544,1.361526,1.359379,1.36123,0,0.002921,-0.001726,0.00077
2025.07.07 19:00,1.3619,1.3624,1.3615,1.3618,1616,1.361137,1.361656,1.360803,1.361063,0,0.001597,-0.000156,0.000737
2025.07.07 20:00,1.3617,1.3618,1.3606,1.3608,582,1.360952,1.361026,1.359897,1.360193,0,0.001903,-0.000426,0.000607
2025.07.07 22:00,1.3614,1.3627,1.3612,1.3626,0,1.360544,1.361971,1.360544,1.361971,0,0.002156,-0.000771,0.000629
2025.07.07 23:00,1.3625,1.3633,1.3623,1.3632,421,1.361841,1.362435,1.3616,1.362435,0,0.0017,-0.000135,0.000765
2025.07.08 00:00,1.3632,1.3645,1.3632,1.3636,1240,1.362491,1.363736,1.362491,1.362899,0,0.002009,-0.000536,0.000701
2025.07.08 01:00,1.3637,1.3641,1.3626,1.3633,1368,1.363048,1.363308,1.361971,1.362565,0,0.002129,-0.000708,0.000735
2025.07.08 02:00,1.3633,1.3646,1.3631,1.3639,593,1.362509,1.36381,1.362472,1.363066,0,0.002128,-0.00071,0.000834
2025.07.08 03:00,1.3639,1.3645,1.3637,1.3641,0,1.363159,1.363847,1.362955,1.363345,0,0.001545,-0.000147,0.000755
2025.07.08 04:00,1.3643,1.365,1.3638,1.3639,1594,1.363234,1.364126,1.363122,1.363234,0,0.001878,-0.000326,0.000666
2025.07.08 05:00,1.3639,1.3643,1.3632,1.3638,1177,1.363141,1.363494,1.362546,1.362936,0,0.001754,-0.000294,0.000864
2025.07.08 06:00,1.3637,1.364,1.3632,1.3635,1835,1.362936,1.363215,1.362528,1.362918,0,0.001472,-1.5e-05,0.000582
2025.07.08 07:00,1.3635,1.3654,1.3635,1.3649,3144,1.363011,1.364648,1.363011,1.364126,0,0.002389,-0.001148,0.000774
2025.07.08 08:00,1.3648,1.3648,1.3618,1.362,3481,1.36407,1.36407,1.361192,1.361304,0,0.003608,-0.00227,0.000696
2025.07.08 09:00,1.362,1.3622,1.36,1.3603,2247,1.361322,1.361433,1.359361,1.359361,0,0.002839,-0.001433,0.000939
2025.07.08 10:00,1.3603,1.3603,1.3583,1.3585,3021,1.35949,1.35949,1.3577,1.357829,0,0.0026,-0.00119,0.000671
2025.07.08 11:00,1.3585,1.3594,1.358,1.358,2640,1.3577,1.358622,1.357515,1.357515,0,0.001885,-0.000622,0.000485
2025.07.08 12:00,1.3582,1.3592,1.3571,1.3585,4697,1.357442,1.358493,1.35641,1.357884,0,0.00279,-0.001393,0.000616
2025.07.08 13:00,1.3586,1.3587,1.3547,1.356,7243,1.357865,1.357884,1.354224,1.35562,0,0.004476,-0.003184,0.00038
2025.07.08 14:00,1.356,1.3569,1.3533,1.3552,11310,1.354995,1.356098,1.352704,1.354518,0,0.004196,-0.002798,0.000682
2025.07.08 15:00,1.3552,1.3588,1.3548,1.358,7299,1.354683,1.357829,1.354169,1.357276,0,0.004631,-0.003029,0.000724
2025.07.08 16:00,1.358,1.359,1.3572,1.3586,5206,1.35722,1.358216,1.356484,1.357865,0,0.002516,-0.001016,0.000735
2025.07.08 17:00,1.3587,1.3601,1.3585,1.36,3268,1.357976,1.359342,1.35781,1.35925,0,0.00229,-0.000842,0.00075
2025.07.08 18:00,1.36,1.3605,1.3593,1.3601,3404,1.359342,1.359656,1.358659,1.359379,0,0.001841,-0.000356,0.000721
2025.07.08 19:00,1.3602,1.3606,1.3592,1.3598,1683,1.359656,1.359767,1.358603,1.358862,0,0.001997,-0.000567,0.000938
2025.07.08 20:00,1.3596,1.3603,1.3596,1.36,1747,1.358973,1.359638,1.358843,1.359268,0,0.001457,-3.8e-05,0.000732
2025.07.08 22:00,1.3598,1.3602,1.3597,1.36,0,1.359047,1.359527,1.359047,1.35949,0,0.001153,0.000173,0.00051
2025.07.08 23:00,1.3601,1.3602,1.3591,1.3592,310,1.359398,1.359416,1.358474,1.358511,0,0.001726,-0.000316,0.000689
2025.07.09 00:00,1.3593,1.3595,1.3584,1.3594,888,1.358567,1.358714,1.357773,1.358714,0,0.001727,-0.000314,0.000686
2025.07.09 01:00,1.3593,1.3599,1.3584,1.3594,1340,1.358677,1.358936,1.357792,1.358751,0,0.002108,-0.000536,0.000649
2025.07.09 02:00,1.3595,1.36,1.3573,1.3582,976,1.358585,1.359324,1.356613,1.35746,0,0.003387,-0.002024,0.00074
2025.07.09 03:00,1.3581,1.3581,1.3572,1.3577,418,1.357423,1.357423,1.356576,1.357018,0,0.001524,-0.000223,0.000682
2025.07.09 04:00,1.3578,1.3594,1.3578,1.3593,624,1.356926,1.358622,1.356815,1.358622,0,0.002585,-0.000822,0.000678
2025.07.09 05:00,1.3593,1.3604,1.3591,1.3595,992,1.358622,1.359582,1.358474,1.358788,0,0.001926,-0.000482,0.000712
2025.07.09 06:00,1.3594,1.3614,1.3589,1.361,2271,1.358733,1.360655,1.358216,1.360378,0,0.003184,-0.001755,0.000622
2025.07.09 07:00,1.3611,1.3612,1.3587,1.3594,3981,1.360396,1.360452,1.358013,1.358677,0,0.003187,-0.001752,0.000723
2025.07.09 08:00,1.3594,1.3612,1.3591,1.3609,2122,1.358622,1.360526,1.3584,1.360026,0,0.0028,-0.001426,0.000874
2025.07.09 09:00,1.3609,1.3616,1.36,1.3604,2317,1.36023,1.360674,1.359342,1.359638,0,0.002258,-0.000674,0.000762
2025.07.09 10:00,1.3605,1.3611,1.359,1.359,2246,1.359749,1.360415,1.358345,1.358511,0,0.002755,-0.001415,0.000489
2025.07.09 11:00,1.359,1.3596,1.3581,1.3584,2389,1.358363,1.358825,1.357607,1.357681,0,0.001993,-0.000725,0.000719
2025.07.09 12:00,1.3585,1.362,1.3584,1.3616,4493,1.357995,1.361211,1.357792,1.360896,0,0.004208,-0.002811,0.000704
2025.07.09 13:00,1.3617,1.3628,1.3592,1.3593,5288,1.360859,1.361823,1.358585,1.358603,0,0.004215,-0.002623,0.000697
2025.07.09 14:00,1.3594,1.3624,1.3591,1.3596,9108,1.358733,1.361507,1.358327,1.358936,0,0.004074,-0.002407,0.000664
2025.07.09 15:00,1.3596,1.3602,1.3589,1.3591,3029,1.358954,1.359434,1.358216,1.358474,0,0.001984,-0.000535,0.000626
2025.07.09 16:00,1.3591,1.3595,1.3586,1.3592,1925,1.358382,1.358751,1.358013,1.3584,0,0.001487,-0.000151,0.0008
2025.07.09 17:00,1.3591,1.36,1.3589,1.3596,2257,1.358419,1.359157,1.358142,1.35888,0,0.001858,-0.000257,0.00072
2025.07.09 18:00,1.3596,1.3606,1.3591,1.3596,4422,1.358936,1.359749,1.35864,1.35888,0,0.00196,-0.000649,0.00072
2025.07.09 19:00,1.3596,1.3608,1.3595,1.3602,2056,1.35888,1.360156,1.358806,1.359453,0,0.001994,-0.000656,0.000747
2025.07.09 20:00,1.3603,1.3603,1.3592,1.3593,734,1.359527,1.359545,1.358474,1.358603,0,0.001826,-0.000345,0.000697
2025.07.09 22:00,1.3593,1.3599,1.3593,1.3597,0,1.35888,1.35925,1.35888,1.359065,0,0.00102,5e-05,0.000635
2025.07.09 23:00,1.3597,1.3606,1.3595,1.3605,544,1.359065,1.359934,1.358862,1.359934,0,0.001738,-0.000434,0.000566
2025.07.10 00:00,1.3605,1.3621,1.3602,1.3617,972,1.359767,1.361359,1.359767,1.3611,0,0.002333,-0.001159,0.0006
2025.07.10 01:00,1.3616,1.3619,1.3611,1.3615,430,1.360878,1.361174,1.360378,1.360729,0,0.001522,-7.4e-05,0.000771
2025.07.10 02:00,1.3617,1.3619,1.3612,1.3615,370,1.360878,1.36123,1.3606,1.360803,0,0.0013,-3e-05,0.000697
2025.07.10 03:00,1.3614,1.3615,1.3611,1.3612,286,1.360766,1.360915,1.360489,1.360507,0,0.001011,0.000185,0.000693
2025.07.10 04:00,1.361,1.3612,1.3607,1.3612,216,1.360378,1.3606,1.360082,1.360563,0,0.001118,0.0001,0.000637
2025.07.10 05:00,1.3613,1.3618,1.3612,1.3616,551,1.360563,1.361063,1.36047,1.360952,0,0.00133,0.000137,0.000648
2025.07.10 06:00,1.3617,1.3625,1.3613,1.3618,1990,1.361026,1.36173,1.360729,1.361192,0,0.001771,-0.00043,0.000608
2025.07.10 07:00,1.3618,1.3627,1.3609,1.3619,3454,1.361192,1.361953,1.360322,1.36097,0,0.002378,-0.001052,0.00093
2025.07.10 08:00,1.362,1.3622,1.3611,1.3613,1284,1.361433,1.361582,1.360544,1.360692,0,0.001656,-0.000482,0.000608
2025.07.10 09:00,1.3613,1.3623,1.3612,1.3617,1195,1.360711,1.361637,1.360637,1.360896,0,0.001663,-0.000437,0.000804
2025.07.10 10:00,1.3616,1.362,1.3605,1.3607,1871,1.360878,1.361155,1.359897,1.360063,0,0.002103,-0.000655,0.000637
2025.07.10 11:00,1.3606,1.3606,1.358,1.3587,3128,1.359952,1.359989,1.357349,1.357847,0,0.003251,-0.001989,0.000853
2025.07.10 12:00,1.3588,1.3593,1.3564,1.3567,5823,1.358068,1.35853,1.355785,1.356098,0,0.003515,-0.00213,0.000602
2025.07.10 13:00,1.3568,1.3578,1.3552,1.356,5398,1.356098,1.357018,1.354812,1.355252,0,0.002988,-0.001818,0.000748
2025.07.10 14:00,1.3561,1.3565,1.3539,1.3562,9007,1.355307,1.355693,1.353436,1.355436,0,0.003064,-0.001793,0.000764
2025.07.10 15:00,1.3562,1.3578,1.3561,1.3575,5022,1.35562,1.35711,1.35562,1.356779,0,0.00218,-0.00101,0.000721
2025.07.10 16:00,1.3574,1.358,1.3568,1.3571,3655,1.356723,1.357331,1.356171,1.356466,0,0.001829,-0.000531,0.000634
2025.07.10 17:00,1.3571,1.3583,1.3568,1.3579,2340,1.356374,1.357515,1.356208,1.35722,0,0.002092,-0.000715,0.00068
2025.07.10 18:00,1.3579,1.3583,1.3577,1.3582,2474,1.357202,1.357589,1.357092,1.357552,0,0.001208,0.000111,0.000648
2025.07.10 19:00,1.3582,1.359,1.358,1.3584,1988,1.357515,1.358308,1.357405,1.357681,0,0.001595,-0.000308,0.000719
2025.07.10 20:00,1.3582,1.3591,1.3582,1.3586,843,1.357644,1.358419,1.357626,1.357995,0,0.001474,-0.000219,0.000605
2025.07.10 22:00,1.3585,1.3593,1.3584,1.3591,0,1.357884,1.35864,1.357884,1.358493,0,0.001416,-0.00024,0.000607
2025.07.10 23:00,1.3592,1.3593,1.3584,1.3588,1096,1.358456,1.358622,1.357847,1.358068,0,0.001453,-0.000222,0.000732
2025.07.11 00:00,1.3587,1.3589,1.3553,1.3562,3675,1.358013,1.358087,1.354757,1.355601,0,0.004143,-0.002787,0.000599
2025.07.11 01:00,1.3561,1.3577,1.3556,1.3566,1236,1.355454,1.356889,1.355014,1.355859,0,0.002686,-0.001289,0.000741
2025.07.11 02:00,1.3567,1.3568,1.356,1.356,363,1.356024,1.356135,1.355454,1.355473,0,0.001346,-0.000135,0.000527
2025.07.11 03:00,1.3561,1.3573,1.3561,1.3572,229,1.355436,1.356723,1.355436,1.35665,0,0.001864,-0.000623,0.00055
2025.07.11 04:00,1.3571,1.3571,1.3556,1.3562,435,1.356576,1.356613,1.355014,1.35573,0,0.002086,-0.001013,0.00047
2025.07.11 05:00,1.3563,1.3572,1.3562,1.3569,513,1.355693,1.356429,1.355546,1.356374,0,0.001654,-0.000229,0.000526
2025.07.11 06:00,1.3568,1.3571,1.354,1.3541,4857,1.35516,1.355216,1.353308,1.353363,0,0.003792,-0.001216,0.000737
2025.07.11 07:00,1.3542,1.3565,1.3542,1.3549,2637,1.353785,1.355712,1.353785,1.354371,0,0.002715,-0.001512,0.000529
2025.07.11 08:00,1.355,1.3554,1.3535,1.3542,2562,1.354261,1.354555,1.352997,1.353363,0,0.002403,-0.001055,0.000837
2025.07.11 09:00,1.3542,1.356,1.3542,1.3551,1943,1.353601,1.355307,1.35351,1.354371,0,0.00249,-0.001107,0.000729
2025.07.11 10:00,1.355,1.3557,1.3536,1.3537,2600,1.354371,1.354977,1.352979,1.353088,0,0.002721,-0.001377,0.000612
2025.07.11 11:00,1.3538,1.3545,1.3505,1.351,6313,1.352979,1.353803,1.35022,1.350439,0,0.00428,-0.003303,0.000561
2025.07.11 12:00,1.351,1.3518,1.3504,1.3512,4552,1.350257,1.351004,1.349764,1.350494,0,0.002035,-0.000604,0.000706
2025.07.11 13:00,1.3511,1.3527,1.3497,1.3502,6197,1.350585,1.351826,1.349273,1.349619,0,0.003427,-0.002126,0.000581
2025.07.11 14:00,1.3502,1.3515,1.3488,1.3511,7304,1.349692,1.350804,1.348345,1.35064,0,0.003155,-0.002004,0.00046
2025.07.11 15:00,1.3512,1.352,1.3506,1.351,6968,1.35053,1.35126,1.349856,1.350202,0,0.002144,-0.00066,0.000798
2025.07.11 16:00,1.3509,1.3522,1.3503,1.3514,3550,1.350184,1.351461,1.349673,1.350785,0,0.002527,-0.001161,0.000615
2025.07.11 17:00,1.3514,1.3523,1.3513,1.3521,2935,1.350694,1.35157,1.350694,1.351388,0,0.001606,-0.00027,0.000712
2025.07.11 18:00,1.3521,1.3525,1.3516,1.3516,3152,1.351497,1.351717,1.351059,1.351059,0,0.001441,-0.000117,0.000541
2025.07.11 19:00,1.3517,1.3517,1.3503,1.3505,3427,1.350968,1.350968,1.349783,1.349783,0,0.001917,-0.000668,0.000717
2025.07.11 20:00,1.3504,1.3505,1.3491,1.3495,2011,1.349728,1.350129,1.348509,1.349218,0,0.001991,-0.001029,0.000282
2025.07.14 04:00,1.3484,1.3487,1.3482,1.3482,0,1.347927,1.348145,1.347636,1.347636,0,0.001064,5.5e-05,0.000564
2025.07.14 05:00,1.3482,1.3486,1.3472,1.3472,781,1.347328,1.347872,1.346602,1.34662,0,0.001998,-0.000672,0.00058
2025.07.14 06:00,1.3472,1.3473,1.3458,1.3463,2074,1.34662,1.34662,1.345316,1.345623,0,0.001984,-0.00082,0.000677
2025.07.14 07:00,1.3463,1.3495,1.3463,1.3491,6417,1.345823,1.3488,1.345732,1.3486,0,0.003768,-0.0025,0.0005
2025.07.14 08:00,1.349,1.3496,1.3482,1.3483,2597,1.348472,1.348981,1.347582,1.347618,0,0.002018,-0.000782,0.000682
2025.07.14 09:00,1.3482,1.3495,1.3478,1.3491,3487,1.347436,1.348763,1.347237,1.348509,0,0.002263,-0.000963,0.000591
2025.07.14 10:00,1.349,1.3501,1.3488,1.3495,2368,1.348327,1.3494,1.348327,1.348891,0,0.001773,-0.0006,0.000609
2025.07.14 11:00,1.3495,1.3499,1.3484,1.349,2396,1.348818,1.349164,1.34789,1.348381,0,0.00201,-0.000764,0.000619
2025.07.14 12:00,1.3489,1.3499,1.3478,1.3485,2391,1.34869,1.349236,1.347128,1.347763,0,0.002772,-0.001436,0.000737
2025.07.14 13:00,1.3484,1.3492,1.3475,1.3489,3411,1.347818,1.348418,1.346892,1.348236,0,0.002308,-0.000918,0.000664
2025.07.14 14:00,1.349,1.3491,1.345,1.3455,6874,1.348163,1.348199,1.344664,1.344791,0,0.004436,-0.003199,0.000709
2025.07.14 15:00,1.3454,1.3467,1.3438,1.3441,9269,1.344701,1.345968,1.343364,1.343418,0,0.003336,-0.002168,0.000682
2025.07.14 16:00,1.344,1.345,1.3434,1.3443,6918,1.3434,1.344285,1.342895,1.34358,0,0.002105,-0.000885,0.00072
2025.07.14 17:00,1.3442,1.3448,1.3433,1.344,2686,1.343689,1.344122,1.342624,1.343328,0,0.002176,-0.000822,0.000672
2025.07.14 18:00,1.3441,1.3442,1.3433,1.3435,5002,1.343364,1.343562,1.342787,1.342949,0,0.001413,-0.000262,0.000551
2025.07.14 19:00,1.3435,1.344,1.3431,1.3433,2281,1.343057,1.34331,1.342534,1.34266,0,0.001466,-0.00021,0.00064
2025.07.14 20:00,1.3433,1.3437,1.3431,1.3433,1578,1.34275,1.343165,1.34257,1.342642,0,0.00113,-6.5e-05,0.000658
2025.07.14 22:00,1.3433,1.3436,1.3433,1.3434,0,1.343039,1.343039,1.34266,1.342714,0,0.00094,0.000261,0.000686
2025.07.14 23:00,1.3434,1.3436,1.3428,1.3434,609,1.342805,1.342877,1.342156,1.342769,0,0.001444,-7.7e-05,0.000631
2025.07.15 00:00,1.3435,1.3448,1.3433,1.3442,919,1.342787,1.344032,1.342787,1.343454,0,0.002013,-0.000732,0.000746
2025.07.15 01:00,1.3442,1.3446,1.3434,1.3439,693,1.343472,1.343869,1.342714,1.343346,0,0.001886,-0.000469,0.000554
2025.07.15 02:00,1.344,1.3442,1.3434,1.344,479,1.343328,1.343634,1.342805,1.34331,0,0.001395,-0.000234,0.00069
2025.07.15 03:00,1.344,1.3441,1.3436,1.3437,0,1.343346,1.343526,1.342949,1.342949,0,0.001151,7.4e-05,0.000751
2025.07.15 04:00,1.3439,1.344,1.3435,1.3438,141,1.343075,1.343346,1.342895,1.343201,0,0.001105,0.000154,0.000599
2025.07.15 05:00,1.3439,1.3449,1.3439,1.3446,1130,1.343201,1.344194,1.343201,1.344014,0,0.001699,-0.000294,0.000586
2025.07.15 06:00,1.3446,1.3451,1.3438,1.3442,1957,1.343634,1.344393,1.343328,1.343526,0,0.001772,-0.000593,0.000674
2025.07.15 07:00,1.3441,1.3461,1.3434,1.346,5599,1.343598,1.345316,1.342931,1.345316,0,0.003169,-0.001916,0.000684
2025.07.15 08:00,1.3459,1.346,1.3448,1.3453,3577,1.345026,1.345261,1.344194,1.344701,0,0.001806,-0.000461,0.000599
2025.07.15 09:00,1.3453,1.3465,1.3452,1.3462,3484,1.344701,1.345732,1.344646,1.345569,0,0.001854,-0.000532,0.000631
2025.07.15 10:00,1.3462,1.3467,1.3456,1.3462,1446,1.345823,1.345913,1.345008,1.345623,0,0.001692,-0.000313,0.000577
2025.07.15 11:00,1.3463,1.3464,1.345,1.3451,2466,1.345587,1.345678,1.344357,1.344393,0,0.002043,-0.000678,0.000707
2025.07.15 12:00,1.345,1.3475,1.3439,1.3455,11002,1.344194,1.34662,1.343346,1.344899,0,0.004154,-0.00272,0.000601
2025.07.15 13:00,1.3455,1.3458,1.3407,1.3411,8174,1.344827,1.344827,1.340195,1.340339,0,0.005605,-0.004127,0.000761
2025.07.15 14:00,1.3412,1.3416,1.3392,1.3402,13813,1.340213,1.341004,1.338778,1.339639,0,0.002822,-0.001804,0.000561
2025.07.15 15:00,1.3403,1.3407,1.3388,1.3403,7929,1.339692,1.340105,1.338079,1.339585,0,0.002621,-0.001305,0.000715
2025.07.15 16:00,1.3403,1.3406,1.3389,1.3394,3860,1.339944,1.339944,1.338348,1.338545,0,0.002252,-0.001044,0.000855
2025.07.15 17:00,1.3395,1.3395,1.3386,1.3393,3273,1.338634,1.338724,1.338007,1.338527,0,0.001493,-0.000124,0.000773
2025.07.15 18:00,1.3392,1.34,1.3389,1.3397,2757,1.338527,1.339334,1.338419,1.339029,0,0.001581,-0.000434,0.000671
2025.07.15 19:00,1.3396,1.3399,1.3391,1.3392,2101,1.3391,1.339172,1.338437,1.338634,0,0.001463,-7.2e-05,0.000566
2025.07.15 20:00,1.3393,1.3394,1.3388,1.3389,851,1.338598,1.338778,1.33799,1.338401,0,0.00141,2.2e-05,0.000499
2025.07.15 22:00,1.339,1.3394,1.3389,1.3392,0,1.338312,1.338598,1.338294,1.338598,0,0.001106,0.000301,0.000602
2025.07.15 23:00,1.3393,1.34,1.3391,1.3399,478,1.338581,1.339316,1.338473,1.339316,0,0.001527,-0.000216,0.000584
2025.07.16 00:00,1.34,1.3406,1.3392,1.34,847,1.339351,1.339926,1.338509,1.339477,0,0.002091,-0.000726,0.000523
2025.07.16 01:00,1.34,1.3407,1.3399,1.3404,704,1.339244,1.340069,1.339244,1.339692,0,0.001456,-0.000169,0.000708
2025.07.16 02:00,1.3403,1.3404,1.3391,1.3392,1485,1.33971,1.33971,1.338437,1.338581,0,0.001963,-0.00061,0.000619
2025.07.16 03:00,1.3394,1.3401,1.3389,1.3393,509,1.338742,1.339441,1.338527,1.338867,0,0.001573,-0.000541,0.000433
2025.07.16 04:00,1.3397,1.3403,1.3393,1.3403,653,1.338849,1.339674,1.338742,1.339674,0,0.001558,-0.000374,0.000625
2025.07.16 05:00,1.3402,1.3406,1.3398,1.3405,1126,1.339692,1.33998,1.33919,1.33998,0,0.00141,-0.00018,0.00052
2025.07.16 06:00,1.3404,1.3432,1.3398,1.3415,8815,1.341256,1.34167,1.340429,1.340914,0,0.002771,-0.00187,0.000586
2025.07.16 07:00,1.3415,1.3417,1.3395,1.34,4780,1.340932,1.34104,1.339029,1.339351,0,0.002671,-0.00154,0.000649
2025.07.16 08:00,1.34,1.3408,1.3396,1.3398,2095,1.339495,1.340141,1.339065,1.339208,0,0.001735,-0.000541,0.000592
2025.07.16 09:00,1.3398,1.3404,1.339,1.3403,2918,1.339118,1.339728,1.338563,1.339674,0,0.001837,-0.000728,0.000625
2025.07.16 10:00,1.3403,1.3413,1.3397,1.3412,3058,1.339513,1.340644,1.339118,1.340626,0,0.002182,-0.000944,0.000574
2025.07.16 11:00,1.3412,1.3419,1.3404,1.3408,3835,1.340536,1.341184,1.3398,1.339998,0,0.0021,-0.000784,0.000803
2025.07.16 12:00,1.3408,1.342,1.339,1.34,6990,1.340105,1.34122,1.338384,1.339513,0,0.003616,-0.00222,0.000487
2025.07.16 13:00,1.34,1.3405,1.3371,1.3383,6927,1.339459,1.339782,1.336702,1.337685,0,0.003798,-0.002682,0.000615
2025.07.16 14:00,1.3383,1.3409,1.3374,1.3399,17391,1.338043,1.33989,1.336827,1.339423,0,0.004073,-0.00249,0.000477
2025.07.16 15:00,1.3398,1.3492,1.3398,1.3431,49300,1.339621,1.348145,1.339423,1.34176,0,0.009777,-0.008345,0.00134
2025.07.16 16:00,1.3431,1.3453,1.3419,1.3429,5734,1.341958,1.344321,1.341346,1.342246,0,0.003954,-0.002421,0.000654
2025.07.16 17:00,1.343,1.3447,1.3427,1.3428,3165,1.342372,1.34405,1.342138,1.34221,0,0.002562,-0.00135,0.00059
2025.07.16 18:00,1.3428,1.3431,1.3412,1.3415,4953,1.34221,1.34221,1.340716,1.340914,0,0.002384,-0.00101,0.000586
2025.07.16 19:00,1.3416,1.3427,1.3411,1.3423,2433,1.341148,1.34194,1.340572,1.341796,0,0.002128,-0.00084,0.000504
2025.07.16 20:00,1.3424,1.3429,1.3421,1.3425,439,1.341688,1.342264,1.341598,1.342066,0,0.001302,-0.000164,0.000434
2025.07.16 22:00,1.3427,1.3427,1.3419,1.342,0,1.341832,1.342084,1.341382,1.341454,0,0.001318,-0.000184,0.000546
2025.07.16 23:00,1.3421,1.3423,1.3416,1.3416,531,1.341472,1.341742,1.340968,1.341094,0,0.001332,-0.000142,0.000506
2025.07.17 00:00,1.3417,1.3417,1.3402,1.3406,1014,1.341058,1.341058,1.339639,1.33998,0,0.002061,-0.000858,0.00062
2025.07.17 01:00,1.3407,1.3411,1.3399,1.3411,1105,1.340177,1.340536,1.339334,1.340536,0,0.001766,-0.000636,0.000564
2025.07.17 02:00,1.341,1.341,1.3394,1.3395,972,1.340411,1.340411,1.338742,1.338867,0,0.002258,-0.001011,0.000633
2025.07.17 03:00,1.3394,1.3399,1.339,1.3399,638,1.338832,1.339351,1.338509,1.339351,0,0.001391,-0.000351,0.000549
2025.07.17 04:00,1.3395,1.3402,1.3395,1.3402,375,1.339334,1.339603,1.338903,1.339603,0,0.001297,-0.000103,0.000597
2025.07.17 05:00,1.3401,1.3406,1.3398,1.34,1778,1.339585,1.339908,1.339298,1.339387,0,0.001302,-0.000108,0.000613
2025.07.17 06:00,1.3401,1.3409,1.338,1.339,7770,1.338222,1.340177,1.33756,1.338222,0,0.00334,-0.002177,0.000778
2025.07.17 07:00,1.339,1.3405,1.3387,1.339,6775,1.338419,1.339872,1.338204,1.338491,0,0.002296,-0.001172,0.000509
2025.07.17 08:00,1.339,1.3417,1.3387,1.3417,4011,1.338598,1.340968,1.338115,1.340968,0,0.003585,-0.002268,0.000732
2025.07.17 09:00,1.3418,1.342,1.34,1.3405,3150,1.341274,1.341274,1.339351,1.339782,0,0.002649,-0.001274,0.000718
2025.07.17 10:00,1.3405,1.3411,1.3398,1.3407,1501,1.339639,1.340429,1.339316,1.339962,0,0.001784,-0.000629,0.000738
2025.07.17 11:00,1.3407,1.3409,1.3393,1.3399,2319,1.340069,1.340213,1.338742,1.339423,0,0.002158,-0.000913,0.000477
2025.07.17 12:00,1.3399,1.3417,1.3386,1.3408,6217,1.339351,1.341076,1.338563,1.340375,0,0.003137,-0.002476,0.000425
2025.07.17 13:00,1.3408,1.3416,1.3399,1.3405,6904,1.340447,1.34086,1.339441,1.340016,0,0.002159,-0.00096,0.000484
2025.07.17 14:00,1.3406,1.3421,1.3402,1.3416,5959,1.339746,1.341418,1.339692,1.341004,0,0.002408,-0.001218,0.000596
2025.07.17 15:00,1.3416,1.3426,1.3413,1.342,3460,1.340824,1.341976,1.340716,1.341256,0,0.001884,-0.000676,0.000744
2025.07.17 16:00,1.3419,1.3428,1.3404,1.3408,2881,1.341364,1.342084,1.339836,1.340105,0,0.002964,-0.001684,0.000695
2025.07.17 17:00,1.3407,1.3415,1.3406,1.341,1569,1.340123,1.340842,1.33998,1.340393,0,0.00152,-0.000242,0.000607
2025.07.17 18:00,1.341,1.3419,1.3408,1.3416,1539,1.340411,1.341238,1.340267,1.341004,0,0.001633,-0.000438,0.000596
2025.07.17 19:00,1.3416,1.3427,1.3416,1.3426,1257,1.341148,1.34203,1.341112,1.34203,0,0.001588,-0.00043,0.00057
2025.07.17 20:00,1.3425,1.3427,1.3421,1.3422,660,1.341832,1.342084,1.341472,1.341706,0,0.001228,1.6e-05,0.000494
2025.07.17 22:00,1.3426,1.3438,1.3424,1.3436,0,1.341706,1.34331,1.341706,1.343003,0,0.002094,-0.00091,0.000597
2025.07.17 23:00,1.3437,1.3442,1.3436,1.3438,518,1.343075,1.343472,1.342859,1.343129,0,0.001341,0.000128,0.000671
2025.07.18 00:00,1.3438,1.3446,1.3435,1.3439,981,1.343219,1.343833,1.342823,1.343201,0,0.001777,-0.000333,0.000699
2025.07.18 01:00,1.3438,1.3447,1.3436,1.3441,681,1.343219,1.344014,1.343003,1.343616,0,0.001697,-0.000414,0.000484
2025.07.18 02:00,1.3442,1.3446,1.3436,1.3444,614,1.343544,1.343978,1.342967,1.343797,0,0.001633,-0.000378,0.000603
2025.07.18 03:00,1.3443,1.3445,1.3434,1.3435,501,1.343671,1.343851,1.342859,1.343039,0,0.001641,-0.000451,0.000461
2025.07.18 04:00,1.3433,1.3434,1.3431,1.3431,403,1.343003,1.343003,1.34239,1.34248,0,0.00101,9.7e-05,0.00062
2025.07.18 05:00,1.343,1.3431,1.342,1.3423,1089,1.342408,1.342444,1.341364,1.34167,0,0.001736,-0.000444,0.00063
2025.07.18 06:00,1.3423,1.3439,1.3418,1.3438,2811,1.341598,1.343274,1.34113,1.343219,0,0.00277,-0.001474,0.000581
2025.07.18 07:00,1.3439,1.3446,1.3434,1.3437,3534,1.343454,1.343923,1.342787,1.343057,0,0.001813,-0.000523,0.000643
2025.07.18 08:00,1.3437,1.3449,1.3437,1.3443,2563,1.343274,1.344285,1.343274,1.343725,0,0.001626,-0.000585,0.000575
2025.07.18 09:00,1.3444,1.3449,1.3442,1.3447,1659,1.343707,1.344339,1.343707,1.34414,0,0.001193,-0.000139,0.00056
2025.07.18 10:00,1.3448,1.346,1.3443,1.3458,2158,1.344104,1.345406,1.343797,1.345279,0,0.002203,-0.001106,0.000521
2025.07.18 11:00,1.3458,1.3464,1.3457,1.3463,3441,1.345334,1.345768,1.345026,1.345768,0,0.001374,-6.8e-05,0.000532
2025.07.18 12:00,1.3464,1.3479,1.3457,1.3464,5676,1.345732,1.347273,1.345388,1.345786,0,0.002512,-0.001573,0.000614
2025.07.18 13:00,1.3465,1.3482,1.3461,1.3473,4809,1.345949,1.347382,1.345497,1.346566,0,0.002703,-0.001282,0.000734
2025.07.18 14:00,1.3474,1.3479,1.3446,1.3449,5040,1.346638,1.347001,1.344014,1.344357,0,0.003886,-0.002401,0.000543
2025.07.18 15:00,1.3449,1.3455,1.3441,1.3443,6196,1.344321,1.344827,1.343544,1.343743,0,0.001956,-0.000727,0.000557
2025.07.18 16:00,1.3444,1.3445,1.3424,1.3425,2583,1.343616,1.343815,1.341832,1.34194,0,0.002668,-0.001415,0.00056
2025.07.18 17:00,1.3424,1.3428,1.3418,1.3426,2866,1.341814,1.342084,1.341238,1.34203,0,0.001562,-0.000284,0.00057
2025.07.18 18:00,1.3426,1.3428,1.3421,1.3423,2682,1.34221,1.34221,1.341508,1.341724,0,0.001292,-0.00011,0.000576
2025.07.18 19:00,1.3423,1.3424,1.3415,1.3421,3401,1.34176,1.341814,1.340968,1.341454,0,0.001432,-0.000314,0.000646
2025.07.18 20:00,1.3419,1.3423,1.3412,1.3416,1532,1.3414,1.341652,1.340698,1.341202,0,0.001602,-0.000452,0.000398
2025.07.20 23:00,1.342,1.3424,1.3417,1.3422,376,1.341346,1.341796,1.341148,1.341544,0,0.001252,-9.6e-05,0.000656
2025.07.21 00:00,1.3423,1.3426,1.3409,1.3411,640,1.341652,1.341958,1.340411,1.340429,0,0.002189,-0.001058,0.000671
2025.07.21 01:00,1.341,1.3422,1.3409,1.3419,1054,1.340285,1.341598,1.340285,1.341346,0,0.001915,-0.000698,0.000554
2025.07.21 02:00,1.3418,1.3423,1.3413,1.3418,432,1.341148,1.341598,1.340788,1.341274,0,0.001512,-0.000298,0.000526
2025.07.21 03:00,1.3419,1.3424,1.3418,1.3421,480,1.341274,1.341742,1.341148,1.341652,0,0.001252,5.8e-05,0.000448
2025.07.21 04:00,1.3422,1.3425,1.3421,1.3425,232,1.341598,1.341976,1.341436,1.34194,0,0.001064,0.000124,0.00056
2025.07.21 05:00,1.3425,1.3431,1.3423,1.343,831,1.341868,1.342534,1.341868,1.342408,0,0.001232,-0.000234,0.000592
2025.07.21 06:00,1.3429,1.345,1.3427,1.345,2947,1.342228,1.344357,1.342228,1.344357,0,0.002772,-0.001657,0.000643
2025.07.21 07:00,1.345,1.3453,1.3442,1.3451,2559,1.344303,1.344737,1.343653,1.344556,0,0.001647,-0.000537,0.000544
2025.07.21 08:00,1.3452,1.3472,1.3448,1.3458,3642,1.344682,1.346511,1.344194,1.345171,0,0.003006,-0.001711,0.000629
2025.07.21 09:00,1.3459,1.3465,1.3452,1.3464,2508,1.345116,1.345913,1.344628,1.345859,0,0.001872,-0.000713,0.000541
2025.07.21 10:00,1.3464,1.3466,1.3453,1.3464,3361,1.345841,1.345968,1.344719,1.34575,0,0.001881,-0.000668,0.00065
2025.07.21 11:00,1.3465,1.3486,1.3463,1.3485,4677,1.345895,1.347981,1.345786,1.347854,0,0.002814,-0.001681,0.000646
2025.07.21 12:00,1.3485,1.349,1.3481,1.3487,3603,1.348018,1.348381,1.347473,1.348018,0,0.001527,-0.000281,0.000682
2025.07.21 13:00,1.3487,1.3487,1.3474,1.3477,5316,1.347836,1.347945,1.346747,1.347019,0,0.001953,-0.000545,0.000681
2025.07.21 14:00,1.3476,1.3504,1.3475,1.35,6208,1.347055,1.349601,1.347055,1.349382,0,0.003345,-0.002101,0.000618
2025.07.21 15:00,1.3499,1.3518,1.3499,1.3503,5715,1.349473,1.351041,1.349473,1.349655,0,0.002327,-0.001141,0.000645
2025.07.21 16:00,1.3502,1.3506,1.3496,1.3501,3278,1.349473,1.35002,1.349127,1.349546,0,0.001473,-0.00042,0.000554
2025.07.21 17:00,1.3501,1.3502,1.349,1.3493,1467,1.349637,1.349637,1.348509,1.34869,0,0.001691,-0.000637,0.00061
2025.07.21 18:00,1.3493,1.3499,1.3491,1.3497,2216,1.348636,1.349273,1.348563,1.349054,0,0.001337,-0.000173,0.000646
2025.07.21 19:00,1.3496,1.3499,1.349,1.3491,1273,1.349164,1.349254,1.348436,1.348436,0,0.001464,-0.000255,0.000664
2025.07.21 20:00,1.3491,1.35,1.349,1.3498,1077,1.348418,1.3494,1.348381,1.3494,0,0.001619,-0.0004,0.0004
2025.07.21 22:00,1.35,1.35,1.3494,1.3495,0,1.349273,1.349273,1.348781,1.348963,0,0.001219,0.000127,0.000537
2025.07.21 23:00,1.3496,1.3496,1.3492,1.3496,382,1.348909,1.349018,1.348636,1.348945,0,0.000964,0.000182,0.000655
2025.07.22 00:00,1.3496,1.3496,1.3486,1.349,834,1.348854,1.348854,1.348036,1.348381,0,0.001564,-0.000254,0.000619
2025.07.22 01:00,1.3491,1.3492,1.3484,1.3487,511,1.348436,1.348472,1.347709,1.34809,0,0.001491,-7.2e-05,0.00061
2025.07.22 02:00,1.3487,1.3495,1.3486,1.3488,209,1.348145,1.3488,1.348,1.348272,0,0.0015,-0.0002,0.000528
2025.07.22 03:00,1.3488,1.3489,1.3485,1.3486,0,1.348199,1.348345,1.347872,1.347981,0,0.001028,0.000155,0.000619
2025.07.22 04:00,1.3483,1.3489,1.3482,1.3484,167,1.347945,1.348272,1.347527,1.347782,0,0.001373,-7.2e-05,0.000618
2025.07.22 05:00,1.3483,1.3486,1.3476,1.348,1138,1.347691,1.347981,1.347037,1.347455,0,0.001563,-0.000381,0.000545
2025.07.22 06:00,1.3479,1.3481,1.3473,1.3478,2079,1.347146,1.347436,1.346729,1.347182,0,0.001371,-0.000136,0.000618
2025.07.22 07:00,1.3478,1.3481,1.3469,1.3474,2911,1.347382,1.347418,1.346421,1.346747,0,0.001679,-0.000518,0.000653
2025.07.22 08:00,1.3474,1.3499,1.3471,1.3496,5419,1.346566,1.349091,1.346566,1.349,0,0.003334,-0.001991,0.0006
2025.07.22 09:00,1.3497,1.3502,1.3493,1.3501,2756,1.349236,1.349582,1.348727,1.349582,0,0.001473,-0.000282,0.000518
2025.07.22 10:00,1.3502,1.3506,1.3483,1.3485,2235,1.349655,1.349983,1.3478,1.347872,0,0.0028,-0.001683,0.000628
2025.07.22 11:00,1.3485,1.3494,1.3482,1.3493,2329,1.347945,1.348763,1.347582,1.348763,0,0.001818,-0.000563,0.000537
2025.07.22 12:00,1.3493,1.3495,1.3482,1.3488,3322,1.348781,1.348909,1.347691,1.348163,0,0.001809,-0.000709,0.000637
2025.07.22 13:00,1.3489,1.3496,1.3484,1.3491,4297,1.348563,1.348927,1.347763,1.348618,0,0.001837,-0.000527,0.000482
2025.07.22 14:00,1.3491,1.3516,1.3477,1.3508,9985,1.348199,1.350694,1.3474,1.350275,0,0.0042,-0.002994,0.000525
2025.07.22 15:00,1.3509,1.3527,1.3503,1.3526,6221,1.349983,1.351972,1.349819,1.351972,0,0.002881,-0.001673,0.000628
2025.07.22 16:00,1.3526,1.3539,1.3525,1.3536,4288,1.351826,1.353271,1.351826,1.353052,0,0.002074,-0.000772,0.000548
2025.07.22 17:00,1.3536,1.3537,1.3527,1.353,2243,1.353107,1.353107,1.352082,1.352302,0,0.001618,-0.000407,0.000698
2025.07.22 18:00,1.3529,1.3535,1.3526,1.3534,1710,1.352228,1.352777,1.352009,1.352722,0,0.001491,-0.000177,0.000678
2025.07.22 19:00,1.3534,1.354,1.3532,1.3538,1324,1.352741,1.353327,1.352667,1.35329,0,0.001333,-0.000127,0.00051
2025.07.22 20:00,1.3538,1.3541,1.3533,1.3538,937,1.353162,1.353491,1.352759,1.353491,0,0.001341,-0.000191,0.000309
2025.07.22 22:00,1.3539,1.3539,1.3531,1.3532,0,1.352777,1.352905,1.352594,1.352631,0,0.001306,0.000195,0.000569
2025.07.22 23:00,1.3533,1.3542,1.3526,1.3527,929,1.352612,1.353473,1.351954,1.3521,0,0.002246,-0.000873,0.0006
2025.07.23 00:00,1.3528,1.3534,1.3524,1.3534,706,1.352192,1.352759,1.351826,1.352759,0,0.001574,-0.000359,0.000641
2025.07.23 01:00,1.3533,1.3535,1.3523,1.353,639,1.352759,1.352869,1.351808,1.352338,0,0.001692,-0.000569,0.000662
2025.07.23 02:00,1.3531,1.3537,1.3524,1.3527,802,1.352558,1.352997,1.351808,1.351991,0,0.001892,-0.000597,0.000709
2025.07.23 03:00,1.3526,1.3542,1.3526,1.3535,556,1.352082,1.353546,1.352027,1.352777,0,0.002173,-0.000946,0.000723
2025.07.23 04:00,1.3533,1.3538,1.3529,1.3534,298,1.352814,1.353125,1.352357,1.352722,0,0.001444,-0.000225,0.000678
2025.07.23 05:00,1.3534,1.3537,1.3527,1.3529,911,1.352777,1.353052,1.352082,1.352265,0,0.001618,-0.000352,0.000635
2025.07.23 06:00,1.353,1.354,1.3522,1.354,2326,1.35243,1.353327,1.351717,1.35329,0,0.002283,-0.001127,0.00071
2025.07.23 07:00,1.3539,1.3555,1.3539,1.355,5588,1.353418,1.354867,1.3534,1.354316,0,0.0021,-0.000967,0.000684
2025.07.23 08:00,1.355,1.3556,1.3543,1.3548,2516,1.354426,1.35483,1.353748,1.354169,0,0.001852,-0.00053,0.00063
2025.07.23 09:00,1.3548,1.3555,1.3544,1.3552,2283,1.354463,1.354867,1.353748,1.354536,0,0.001752,-0.000467,0.000664
2025.07.23 10:00,1.3553,1.3553,1.3541,1.3542,2430,1.354463,1.354628,1.353638,1.353711,0,0.001662,-0.000528,0.000489
2025.07.23 11:00,1.3542,1.355,1.354,1.3546,2324,1.353381,1.35439,1.353381,1.354005,0,0.001619,-0.00039,0.000595
2025.07.23 12:00,1.3546,1.3552,1.3537,1.3552,3287,1.353931,1.354408,1.353253,1.35439,0,0.001947,-0.000708,0.000811
2025.07.23 13:00,1.3552,1.3554,1.3529,1.3551,7237,1.354628,1.354665,1.352466,1.354665,0,0.002934,-0.001765,0.000435
2025.07.23 14:00,1.3552,1.357,1.3546,1.3567,7835,1.354646,1.3563,1.354005,1.356043,0,0.002995,-0.0017,0.000657
2025.07.23 15:00,1.3566,1.3583,1.3559,1.3573,7916,1.355914,1.357552,1.355418,1.357036,0,0.002882,-0.001652,0.000264
2025.07.23 16:00,1.3572,1.3578,1.3561,1.3568,5791,1.356447,1.357073,1.355528,1.356116,0,0.002272,-0.000973,0.000684
2025.07.23 17:00,1.3569,1.358,1.3564,1.3575,5025,1.356502,1.357239,1.355932,1.356852,0,0.002068,-0.000839,0.000648
2025.07.23 18:00,1.3575,1.3587,1.3575,1.3584,2403,1.357073,1.358087,1.356944,1.357976,0,0.001756,-0.000587,0.000424
2025.07.23 19:00,1.3586,1.359,1.3583,1.3588,1623,1.358105,1.358345,1.357626,1.358234,0,0.001374,-4.5e-05,0.000566
2025.07.23 20:00,1.3588,1.3591,1.3585,1.3587,814,1.358216,1.358437,1.357958,1.358068,0,0.001142,6.3e-05,0.000632
2025.07.23 22:00,1.3587,1.3593,1.3585,1.3589,0,1.358105,1.358622,1.357976,1.358437,0,0.001324,-0.000122,0.000463
2025.07.23 23:00,1.3591,1.3594,1.3585,1.3585,968,1.358363,1.358696,1.357939,1.357958,0,0.001461,-0.000196,0.000542
2025.07.24 00:00,1.3585,1.3585,1.3578,1.358,954,1.357847,1.357902,1.357184,1.357405,0,0.001316,-0.000102,0.000595
2025.07.24 01:00,1.358,1.3595,1.358,1.3589,790,1.357515,1.358825,1.357515,1.358363,0,0.001985,-0.000825,0.000537
2025.07.24 02:00,1.3589,1.359,1.3582,1.3587,760,1.358271,1.358419,1.357626,1.358124,0,0.001374,-0.000219,0.000576
2025.07.24 03:00,1.3587,1.3592,1.3584,1.3586,343,1.358068,1.358511,1.357884,1.357902,0,0.001316,-0.000111,0.000698
2025.07.24 04:00,1.3584,1.3588,1.3584,1.3586,249,1.357736,1.358179,1.357607,1.358013,0,0.001193,0.000221,0.000587
2025.07.24 05:00,1.3585,1.3588,1.3583,1.3585,735,1.357995,1.358234,1.357681,1.357921,0,0.001119,6.6e-05,0.000579
2025.07.24 06:00,1.3584,1.3585,1.3568,1.3569,1812,1.357718,1.357755,1.356355,1.356355,0,0.002145,-0.000955,0.000545
2025.07.24 07:00,1.3569,1.3575,1.3563,1.3567,3099,1.356282,1.356723,1.355748,1.356043,0,0.001752,-0.000423,0.000657
2025.07.24 08:00,1.3568,1.3573,1.3549,1.355,3676,1.356318,1.356594,1.354371,1.35439,0,0.002929,-0.001694,0.00061
2025.07.24 09:00,1.3551,1.3554,1.3546,1.3554,2569,1.354371,1.354775,1.354078,1.354775,0,0.001322,-0.000175,0.000625
2025.07.24 10:00,1.3555,1.3558,1.3543,1.3546,1413,1.354812,1.35505,1.353656,1.353968,0,0.002144,-0.00075,0.000632
2025.07.24 11:00,1.3545,1.3558,1.3544,1.3558,2196,1.353931,1.355142,1.353858,1.355142,0,0.001942,-0.000742,0.000658
2025.07.24 12:00,1.3558,1.356,1.3538,1.3542,4074,1.355271,1.355381,1.353327,1.353675,0,0.002673,-0.001581,0.000525
2025.07.24 13:00,1.3541,1.3561,1.3539,1.3559,7344,1.353565,1.355289,1.3534,1.355252,0,0.0027,-0.001389,0.000648
2025.07.24 14:00,1.356,1.3569,1.3538,1.3548,6338,1.355399,1.356171,1.353675,1.354224,0,0.003225,-0.002371,0.000576
2025.07.24 15:00,1.3548,1.3549,1.3528,1.353,6710,1.35428,1.35428,1.352375,1.352466,0,0.002525,-0.00148,0.000534
2025.07.24 16:00,1.353,1.3533,1.351,1.3517,5136,1.352283,1.352686,1.350603,1.35095,0,0.002697,-0.001686,0.00075
2025.07.24 17:00,1.3517,1.3534,1.3517,1.3525,3138,1.351132,1.352814,1.351132,1.351881,0,0.002268,-0.001114,0.000619
2025.07.24 18:00,1.3525,1.3527,1.3521,1.3522,1647,1.351991,1.352174,1.351534,1.351753,0,0.001166,-7.4e-05,0.000447
2025.07.24 19:00,1.3523,1.3527,1.3513,1.3515,1264,1.351625,1.351991,1.350785,1.350785,0,0.001915,-0.000691,0.000715
2025.07.24 20:00,1.3514,1.3517,1.3508,1.3512,2197,1.350858,1.351114,1.350402,1.350767,0,0.001297,-0.000314,0.000433
2025.07.24 22:00,1.3518,1.3518,1.3509,1.3512,0,1.35053,1.350694,1.350384,1.350694,0,0.001416,0.000206,0.000506
2025.07.24 23:00,1.3513,1.3517,1.351,1.3515,274,1.350676,1.351078,1.350457,1.350913,0,0.001243,-7.8e-05,0.000587
2025.07.25 00:00,1.3515,1.3518,1.3509,1.3512,583,1.351078,1.351114,1.350439,1.350767,0,0.001361,-0.000214,0.000433
2025.07.25 01:00,1.3515,1.3519,1.3503,1.3507,763,1.350968,1.351297,1.349874,1.350001,0,0.002026,-0.000997,0.000699
2025.07.25 02:00,1.3507,1.3507,1.3497,1.35,851,1.350074,1.350074,1.349073,1.349364,0,0.001627,-0.000374,0.000636
2025.07.25 03:00,1.35,1.3503,1.3494,1.3501,706,1.349309,1.349764,1.348872,1.349491,0,0.001428,-0.000364,0.000609
2025.07.25 04:00,1.3504,1.3504,1.3493,1.3497,546,1.349455,1.34991,1.3488,1.349127,0,0.0016,-0.00061,0.000573
2025.07.25 05:00,1.3498,1.3511,1.3496,1.351,2032,1.349236,1.350475,1.348981,1.350439,0,0.002118,-0.000875,0.000561
2025.07.25 06:00,1.3509,1.351,1.3488,1.3496,5139,1.350001,1.350293,1.348272,1.349036,0,0.002728,-0.001493,0.000564
2025.07.25 07:00,1.3497,1.3499,1.3474,1.3475,4699,1.349127,1.349254,1.346747,1.346946,0,0.003153,-0.001855,0.000553
2025.07.25 08:00,1.3475,1.3483,1.3466,1.3469,3291,1.347055,1.347654,1.346131,1.346312,0,0.002169,-0.001054,0.000588
2025.07.25 09:00,1.3469,1.347,1.3457,1.3469,3320,1.346294,1.346457,1.345189,1.346457,0,0.001811,-0.000757,0.000443
2025.07.25 10:00,1.3468,1.3471,1.3459,1.3464,1718,1.345986,1.346384,1.345352,1.34604,0,0.001748,-0.000484,0.00036
2025.07.25 11:00,1.3463,1.3466,1.3445,1.3457,3072,1.345786,1.34604,1.34396,1.345098,0,0.00264,-0.00154,0.000602
2025.07.25 12:00,1.3457,1.3461,1.3429,1.3439,5029,1.345135,1.345442,1.342534,1.343454,0,0.003566,-0.002542,0.000446
2025.07.25 13:00,1.344,1.3446,1.3422,1.3444,15587,1.343364,1.343851,1.341688,1.343797,0,0.002912,-0.001651,0.000603
2025.07.25 14:00,1.3444,1.345,1.3435,1.3437,7047,1.343833,1.344285,1.342985,1.343183,0,0.002015,-0.000785,0.000517
2025.07.25 15:00,1.3436,1.3445,1.3424,1.3433,6282,1.342985,1.343833,1.342084,1.342787,0,0.002416,-0.001433,0.000513
2025.07.25 16:00,1.3434,1.3436,1.3423,1.3427,3480,1.342769,1.342985,1.341778,1.342066,0,0.001822,-0.000685,0.000634
2025.07.25 17:00,1.3428,1.3436,1.3426,1.3434,2618,1.342264,1.342985,1.34203,1.342985,0,0.00157,-0.000385,0.000415
2025.07.25 18:00,1.3433,1.3443,1.3432,1.3442,2021,1.342678,1.343671,1.342678,1.343671,0,0.001622,-0.000471,0.000529
2025.07.25 19:00,1.3442,1.3445,1.3439,1.3444,1848,1.34358,1.343797,1.343364,1.343779,0,0.001136,0.000103,0.000621
2025.07.25 20:00,1.3444,1.3444,1.3436,1.3443,1805,1.343616,1.343761,1.343057,1.343743,0,0.001343,-0.000161,0.000557
2025.07.28 00:00,1.3453,1.3456,1.3442,1.345,646,1.343923,1.344918,1.343634,1.344357,0,0.001966,-0.000718,0.000643
2025.07.28 01:00,1.345,1.3459,1.3438,1.3442,1050,1.34461,1.345316,1.343274,1.343707,0,0.002626,-0.001516,0.000493
2025.07.28 02:00,1.3441,1.345,1.3437,1.3445,491,1.343382,1.344339,1.343057,1.34396,0,0.001943,-0.000639,0.00054
2025.07.28 03:00,1.3445,1.3449,1.3441,1.3448,352,1.343815,1.344339,1.343544,1.344231,0,0.001356,-0.000239,0.000569
2025.07.28 04:00,1.3449,1.3451,1.344,1.3443,426,1.344357,1.344466,1.34331,1.343689,0,0.00179,-0.000466,0.000611
2025.07.28 05:00,1.3442,1.3443,1.3432,1.3433,588,1.343472,1.343689,1.342787,1.342787,0,0.001513,-0.000489,0.000513
2025.07.28 06:00,1.3432,1.3437,1.3413,1.3428,3742,1.342787,1.343003,1.340716,1.342084,0,0.002984,-0.001703,0.000716
2025.07.28 07:00,1.3427,1.3438,1.3411,1.3415,5591,1.342282,1.343111,1.340824,1.340824,0,0.002976,-0.002011,0.000676
2025.07.28 08:00,1.3415,1.3435,1.3413,1.3427,4909,1.340914,1.342769,1.340914,1.342174,0,0.002586,-0.001469,0.000526
2025.07.28 09:00,1.3427,1.3433,1.3418,1.342,2376,1.341976,1.342696,1.341238,1.341436,0,0.002062,-0.000896,0.000564
2025.07.28 10:00,1.3421,1.3427,1.3415,1.3425,2193,1.341634,1.342174,1.341076,1.342066,0,0.001624,-0.000674,0.000434
2025.07.28 11:00,1.3425,1.3435,1.3408,1.3432,3800,1.341904,1.342859,1.340644,1.342642,0,0.002856,-0.002059,0.000558
2025.07.28 12:00,1.3433,1.3445,1.3428,1.3444,4879,1.342931,1.343743,1.342336,1.343689,0,0.002164,-0.000943,0.000711
2025.07.28 13:00,1.3444,1.3446,1.3415,1.3421,7005,1.343887,1.343887,1.341364,1.34167,0,0.003236,-0.002387,0.00043
2025.07.28 14:00,1.3421,1.3432,1.3416,1.3418,4835,1.34158,1.342606,1.341112,1.341382,0,0.002088,-0.001006,0.000418
2025.07.28 15:00,1.3418,1.342,1.3397,1.3397,5498,1.34122,1.341328,1.339226,1.339226,0,0.002774,-0.001628,0.000474
2025.07.28 16:00,1.3397,1.3398,1.3382,1.3385,4933,1.33919,1.33919,1.337721,1.337972,0,0.002079,-0.00099,0.000528
2025.07.28 17:00,1.3384,1.3386,1.3363,1.3366,4671,1.337882,1.338025,1.335809,1.335952,0,0.002791,-0.001725,0.000648
2025.07.28 18:00,1.3365,1.3366,1.3357,1.336,3947,1.336023,1.336023,1.335292,1.335292,0,0.001308,-0.000323,0.000708
2025.07.28 19:00,1.3359,1.3361,1.3357,1.3361,2773,1.335434,1.335541,1.335167,1.335506,0,0.000933,0.000159,0.000594
2025.07.28 20:00,1.336,1.3365,1.3359,1.3361,1723,1.335559,1.335863,1.335345,1.335559,0,0.001155,3.7e-05,0.000541
2025.07.28 22:00,1.336,1.3368,1.336,1.3367,0,1.335577,1.33613,1.335541,1.336095,0,0.001258,-0.00013,0.000605
2025.07.28 23:00,1.3367,1.3367,1.3361,1.3365,509,1.336005,1.336166,1.335595,1.336059,0,0.001105,-6.6e-05,0.000441
2025.07.29 00:00,1.3365,1.3365,1.3351,1.3351,1400,1.33597,1.33597,1.334597,1.334632,0,0.001903,-0.00087,0.000468
2025.07.29 01:00,1.3352,1.3364,1.3352,1.3356,1189,1.334615,1.335809,1.334615,1.334882,0,0.001785,-0.000609,0.000718
2025.07.29 02:00,1.3357,1.3363,1.3355,1.3362,1028,1.335096,1.33572,1.335007,1.335684,0,0.001293,-0.00022,0.000516
2025.07.29 03:00,1.3362,1.3363,1.3347,1.3348,0,1.335613,1.335791,1.334205,1.334223,0,0.002095,-0.001091,0.000577
2025.07.29 04:00,1.3348,1.3356,1.3343,1.3355,894,1.334223,1.335042,1.333796,1.334917,0,0.001804,-0.000742,0.000583
2025.07.29 05:00,1.3355,1.336,1.335,1.3355,1214,1.334935,1.335345,1.334454,1.334935,0,0.001546,-0.000345,0.000565
2025.07.29 06:00,1.3354,1.3359,1.3329,1.3332,7233,1.334864,1.335292,1.332658,1.3328,0,0.003242,-0.002392,0.0004
2025.07.29 07:00,1.3333,1.3342,1.3322,1.3339,5341,1.332782,1.333529,1.331664,1.333209,0,0.002536,-0.001329,0.000691
2025.07.29 08:00,1.3338,1.3354,1.3335,1.3348,2786,1.333209,1.334704,1.332924,1.334294,0,0.002476,-0.001204,0.000506
2025.07.29 09:00,1.3348,1.3364,1.3348,1.3359,3573,1.334561,1.335773,1.334401,1.33522,0,0.001999,-0.000973,0.000679
2025.07.29 10:00,1.3359,1.3368,1.3356,1.3356,3278,1.335345,1.336202,1.335167,1.335256,0,0.001633,-0.000602,0.000344
2025.07.29 11:00,1.3357,1.3358,1.3333,1.3346,4007,1.335203,1.335256,1.33296,1.333992,0,0.00284,-0.001956,0.000608
2025.07.29 12:00,1.3346,1.3349,1.3321,1.3321,4779,1.333885,1.334241,1.331788,1.331788,0,0.003112,-0.002141,0.000312
2025.07.29 13:00,1.3321,1.3332,1.3313,1.3332,8600,1.331611,1.332552,1.330884,1.332552,0,0.002316,-0.001252,0.000648
2025.07.29 14:00,1.3332,1.3343,1.3316,1.3333,10545,1.3328,1.333725,1.331115,1.3328,0,0.003185,-0.002125,0.0005
2025.07.29 15:00,1.3333,1.335,1.3332,1.3344,5505,1.332836,1.334258,1.332711,1.333849,0,0.002289,-0.001058,0.000551
2025.07.29 16:00,1.3344,1.3353,1.3344,1.3345,3210,1.334009,1.334757,1.33392,1.334027,0,0.00138,-0.000357,0.000473
2025.07.29 17:00,1.3344,1.3358,1.3342,1.3346,3418,1.33376,1.33522,1.33376,1.333974,0,0.00204,-0.00102,0.000626
2025.07.29 18:00,1.3345,1.3362,1.3341,1.3361,5497,1.333956,1.33547,1.333653,1.33547,0,0.002547,-0.00137,0.00063
2025.07.29 19:00,1.3361,1.3369,1.3359,1.3362,5781,1.335613,1.336291,1.335345,1.335827,0,0.001555,-0.000391,0.000373
2025.07.29 20:00,1.3362,1.3366,1.3354,1.3358,2256,1.335791,1.336005,1.334953,1.335096,0,0.001647,-0.000605,0.000704
2025.07.29 22:00,1.3356,1.336,1.3356,1.3359,0,1.335113,1.335452,1.335113,1.335381,0,0.000887,0.000148,0.000519
2025.07.29 23:00,1.3359,1.336,1.3356,1.336,282,1.335292,1.335399,1.33506,1.335399,0,0.00094,0.000201,0.000601
2025.07.30 00:00,1.336,1.3372,1.3359,1.3372,1445,1.335417,1.336612,1.335327,1.336612,0,0.001873,-0.000713,0.000588
2025.07.30 01:00,1.3373,1.3376,1.3362,1.3363,1369,1.336809,1.336898,1.335755,1.335773,0,0.001845,-0.000698,0.000527
2025.07.30 02:00,1.3363,1.3371,1.3361,1.3364,529,1.335755,1.336541,1.335541,1.33597,0,0.001559,-0.000441,0.00043
2025.07.30 03:00,1.3365,1.3375,1.3362,1.3366,517,1.336041,1.336881,1.335738,1.33597,0,0.001762,-0.000681,0.00063
2025.07.30 04:00,1.3358,1.3363,1.3356,1.3357,306,1.335987,1.335987,1.335042,1.33506,0,0.001258,-0.000387,0.00064
2025.07.30 05:00,1.3356,1.3361,1.3353,1.3354,993,1.335042,1.335559,1.33481,1.33481,0,0.001289,-0.000259,0.000589
2025.07.30 06:00,1.3355,1.3371,1.3347,1.337,2604,1.334846,1.336505,1.334258,1.336505,0,0.002842,-0.001805,0.000495
2025.07.30 07:00,1.3369,1.3374,1.3365,1.3366,3695,1.336202,1.336863,1.336005,1.336184,0,0.001395,-0.000363,0.000416
2025.07.30 08:00,1.3367,1.3374,1.3364,1.3373,2395,1.336344,1.336934,1.336041,1.336934,0,0.001359,-0.000534,0.000366
2025.07.30 09:00,1.3373,1.3387,1.3372,1.3387,4264,1.336755,1.338222,1.336684,1.338115,0,0.002016,-0.001022,0.000585
2025.07.30 10:00,1.3387,1.3392,1.3368,1.3369,3445,1.338151,1.338437,1.336291,1.336559,0,0.002909,-0.001637,0.000341
2025.07.30 11:00,1.3369,1.3379,1.3363,1.3379,2531,1.336362,1.337327,1.335827,1.337327,0,0.002073,-0.001027,0.000573
2025.07.30 12:00,1.3379,1.3385,1.3313,1.3315,12933,1.337435,1.337918,1.330831,1.330831,0,0.007669,-0.006618,0.000669
2025.07.30 13:00,1.3315,1.332,1.328,1.3287,10446,1.331009,1.331239,1.327721,1.327739,0,0.004279,-0.003239,0.000961
2025.07.30 14:00,1.3288,1.3301,1.3285,1.3296,5642,1.328409,1.329345,1.328092,1.329222,0,0.002008,-0.000845,0.000378
2025.07.30 15:00,1.3296,1.3298,1.3277,1.3279,5280,1.32901,1.329027,1.327316,1.327334,0,0.002484,-0.001327,0.000566
2025.07.30 16:00,1.3279,1.3287,1.3275,1.3287,4253,1.327422,1.328145,1.327087,1.328109,0,0.001613,-0.000645,0.000591
2025.07.30 17:00,1.3287,1.3298,1.3286,1.3297,5462,1.328427,1.329186,1.328145,1.329186,0,0.001655,-0.000586,0.000514
2025.07.30 18:00,1.3297,1.3319,1.3244,1.3244,15722,1.329681,1.330991,1.324293,1.324293,0,0.007607,-0.006591,0.000107
2025.07.30 19:00,1.3245,1.3257,1.3234,1.3251,7615,1.323872,1.324924,1.323049,1.32431,0,0.002651,-0.001524,0.00079
2025.07.30 20:00,1.3251,1.326,1.3242,1.3243,1704,1.324644,1.325486,1.323837,1.324065,0,0.002163,-0.001286,0.000235
2025.07.30 22:00,1.3237,1.3261,1.3237,1.3259,0,1.32389,1.325486,1.32389,1.325416,0,0.00221,-0.001786,0.000484
2025.07.30 23:00,1.326,1.3264,1.3255,1.3262,891,1.325188,1.325926,1.325012,1.32575,0,0.001388,-0.000426,0.00045
2025.07.31 00:00,1.3261,1.3263,1.325,1.3257,2040,1.325574,1.325768,1.324503,1.325135,0,0.001797,-0.000768,0.000565
2025.07.31 01:00,1.3256,1.3265,1.3247,1.3264,779,1.32517,1.325838,1.324345,1.325715,0,0.002155,-0.001138,0.000685
2025.07.31 02:00,1.3264,1.3267,1.3259,1.3265,1220,1.325838,1.326137,1.325311,1.326137,0,0.001389,-0.000237,0.000363
2025.07.31 03:00,1.3267,1.3268,1.3252,1.3265,996,1.326084,1.326313,1.324837,1.326049,0,0.001963,-0.001113,0.000451
2025.07.31 04:00,1.3265,1.3275,1.3261,1.3275,991,1.326049,1.326876,1.325732,1.326876,0,0.001768,-0.000776,0.000624
2025.07.31 05:00,1.3274,1.3277,1.327,1.327,1181,1.326929,1.327246,1.326559,1.326577,0,0.001141,-0.000246,0.000423
2025.07.31 06:00,1.3269,1.3288,1.3268,1.3284,5960,1.326365,1.328198,1.326348,1.327986,0,0.002452,-0.001398,0.000414
2025.07.31 07:00,1.3283,1.3285,1.3251,1.3265,5000,1.327457,1.327845,1.324749,1.325926,0,0.003751,-0.002745,0.000574
2025.07.31 08:00,1.3266,1.3267,1.3245,1.3255,3967,1.326084,1.326084,1.324065,1.325047,0,0.002635,-0.001584,0.000453
2025.07.31 09:00,1.3255,1.3256,1.3234,1.3235,3927,1.325065,1.325065,1.323224,1.323294,0,0.002376,-0.001665,0.000206
2025.07.31 10:00,1.3235,1.324,1.3216,1.3234,5637,1.322926,1.323399,1.321021,1.322594,0,0.002979,-0.001799,0.000806
2025.07.31 11:00,1.3234,1.3247,1.3228,1.3245,5279,1.322856,1.324152,1.322297,1.324152,0,0.002403,-0.001352,0.000347
2025.07.31 12:00,1.3244,1.3247,1.3215,1.3222,6336,1.323925,1.324047,1.320934,1.321702,0,0.003766,-0.002547,0.000498
2025.07.31 13:00,1.322,1.3224,1.3193,1.3194,8830,1.32165,1.321807,1.318878,1.318878,0,0.003522,-0.002507,0.000522
2025.07.31 14:00,1.3194,1.3245,1.3191,1.3238,24791,1.318913,1.323837,1.318844,1.323346,0,0.005656,-0.004737,0.000453
2025.07.31 15:00,1.3237,1.3243,1.3224,1.3226,7919,1.323364,1.323627,1.322034,1.322227,0,0.002266,-0.001227,0.000373
2025.07.31 16:00,1.3225,1.3242,1.3224,1.3229,3764,1.321929,1.323662,1.321929,1.322384,0,0.002271,-0.001262,0.000516
2025.07.31 17:00,1.3228,1.3229,1.3209,1.3209,3209,1.322244,1.322332,1.320393,1.320393,0,0.002507,-0.001432,0.000507
2025.07.31 18:00,1.3209,1.323,1.3205,1.3224,4385,1.320324,1.322314,1.320027,1.322087,0,0.002972,-0.001814,0.000313
2025.07.31 19:00,1.3225,1.3232,1.3212,1.3212,3083,1.322069,1.322734,1.320777,1.320777,0,0.002423,-0.001534,0.000423
2025.07.31 20:00,1.3212,1.3216,1.3206,1.3212,1417,1.320585,1.321074,1.320097,1.320777,0,0.001503,-0.000474,0.000423
2025.07.31 22:00,1.3206,1.3215,1.3206,1.3212,0,1.320359,1.320952,1.320359,1.320638,0,0.001141,-0.000352,0.000562
2025.07.31 23:00,1.3211,1.3217,1.3206,1.3215,729,1.320516,1.321196,1.320062,1.320812,0,0.001638,-0.000596,0.000688
2025.08.01 00:00,1.3213,1.3219,1.3207,1.3216,755,1.320742,1.321371,1.320306,1.321056,0,0.001594,-0.000671,0.000544
2025.08.01 01:00,1.3216,1.3218,1.3198,1.3201,788,1.321039,1.321353,1.319366,1.319522,0,0.002434,-0.001553,0.000578
2025.08.01 02:00,1.3202,1.3204,1.3196,1.32,887,1.319679,1.319853,1.319035,1.319487,0,0.001365,-0.000253,0.000513
2025.08.01 03:00,1.3201,1.3211,1.3201,1.3206,473,1.319592,1.320498,1.319557,1.320045,0,0.001543,-0.000398,0.000555
2025.08.01 04:00,1.3203,1.3206,1.32,1.3205,667,1.320132,1.320184,1.319487,1.31994,0,0.001113,-0.000184,0.00056
2025.08.01 05:00,1.3204,1.3212,1.3202,1.3209,887,1.319766,1.320603,1.319697,1.320341,0,0.001503,-0.000403,0.000559
2025.08.01 06:00,1.3208,1.3218,1.3203,1.321,4028,1.320271,1.321301,1.319993,1.320428,0,0.001807,-0.001001,0.000572
2025.08.01 07:00,1.3211,1.3212,1.3192,1.32,4571,1.320481,1.320568,1.318774,1.319279,0,0.002426,-0.001368,0.000721
2025.08.01 08:00,1.32,1.32,1.3166,1.3166,5259,1.31947,1.31947,1.316153,1.316153,0,0.003847,-0.00287,0.000447
2025.08.01 09:00,1.3167,1.3172,1.3148,1.3154,4595,1.316188,1.316708,1.314199,1.314942,0,0.003001,-0.001908,0.000458
2025.08.01 10:00,1.3154,1.3172,1.3152,1.3172,3567,1.314803,1.316604,1.314803,1.316604,0,0.002397,-0.001404,0.000596
2025.08.01 11:00,1.3172,1.318,1.3163,1.3164,2210,1.316673,1.317367,1.315841,1.315841,0,0.002159,-0.001067,0.000559
2025.08.01 12:00,1.3165,1.3308,1.3147,1.329,34984,1.315807,1.329734,1.314769,1.328251,0,0.016031,-0.015034,0.000749
2025.08.01 13:00,1.329,1.3316,1.3268,1.3276,20451,1.329098,1.330495,1.326489,1.327122,0,0.005111,-0.003695,0.000478
2025.08.01 14:00,1.3277,1.3296,1.3263,1.3269,15184,1.328374,1.328886,1.325943,1.326225,0,0.003657,-0.002586,0.000675
2025.08.01 15:00,1.3269,1.3278,1.325,1.3264,11466,1.326225,1.327193,1.324644,1.326313,0,0.003156,-0.002193,8.7e-05
2025.08.01 16:00,1.3263,1.3271,1.3248,1.3251,5210,1.32568,1.326348,1.324293,1.324784,0,0.002807,-0.001548,0.000316
2025.08.01 17:00,1.3251,1.3251,1.3222,1.3235,6353,1.324609,1.324609,1.32165,1.322769,0,0.00345,-0.002409,0.000731
2025.08.01 18:00,1.3236,1.3256,1.3228,1.3231,7566,1.323101,1.325012,1.322297,1.323014,0,0.003303,-0.002212,8.6e-05
2025.08.01 19:00,1.3233,1.3282,1.323,1.3267,10932,1.322751,1.327721,1.322629,1.326313,0,0.005571,-0.004722,0.000387
2025.08.01 20:00,1.3267,1.3311,1.3232,1.3232,9250,1.32626,1.329116,1.32626,1.327986,0,0.00484,-0.005916,-0.004786
2025.08.03 23:00,1.3285,1.3297,1.3281,1.3296,748,1.327986,1.329239,1.327721,1.329133,0,0.001979,-0.001139,0.000467
2025.08.04 00:00,1.3297,1.3299,1.3264,1.3267,2098,1.329345,1.329345,1.325961,1.326154,0,0.003939,-0.002945,0.000546
2025.08.04 01:00,1.3265,1.3283,1.3259,1.3282,1174,1.326049,1.327721,1.325486,1.327721,0,0.002814,-0.001822,0.000479
2025.08.04 02:00,1.3284,1.329,1.3278,1.3287,628,1.328074,1.32848,1.327457,1.328215,0,0.001543,-0.00068,0.000485
2025.08.04 03:00,1.3288,1.3296,1.3288,1.3289,419,1.328268,1.328992,1.328268,1.328339,0,0.001332,-0.000192,0.000561
2025.08.04 04:00,1.3288,1.3294,1.3284,1.3284,299,1.328356,1.328851,1.327898,1.327898,0,0.001502,-0.000451,0.000502
2025.08.04 05:00,1.3283,1.3288,1.3276,1.3282,830,1.327721,1.328356,1.327122,1.327598,0,0.001678,-0.000756,0.000602
2025.08.04 06:00,1.3282,1.3297,1.3275,1.329,3385,1.327457,1.329045,1.32707,1.328533,0,0.00263,-0.001545,0.000467
2025.08.04 07:00,1.3289,1.3291,1.327,1.3282,3995,1.328198,1.328533,1.326436,1.327757,0,0.002664,-0.001533,0.000443
2025.08.04 08:00,1.3282,1.3285,1.3271,1.3283,2475,1.32758,1.327986,1.326665,1.32781,0,0.001835,-0.000886,0.00049
2025.08.04 09:00,1.3283,1.3312,1.3282,1.3298,4232,1.32788,1.330548,1.327669,1.329328,0,0.003531,-0.002348,0.000472
2025.08.04 10:00,1.3298,1.3304,1.3277,1.3303,3558,1.32931,1.329787,1.327175,1.329646,0,0.003225,-0.002087,0.000654
2025.08.04 11:00,1.3303,1.3319,1.3297,1.3301,5420,1.329929,1.331381,1.329133,1.329504,0,0.002767,-0.001681,0.000596
2025.08.04 12:00,1.3301,1.3317,1.3289,1.3303,5332,1.329345,1.331221,1.328462,1.32977,0,0.003238,-0.002321,0.00053
2025.08.04 13:00,1.3304,1.3319,1.3302,1.3307,4379,1.32984,1.33115,1.32984,1.33023,0,0.00206,-0.00095,0.000471
2025.08.04 14:00,1.3308,1.3336,1.3294,1.33,15441,1.330123,1.333049,1.329027,1.329345,0,0.004573,-0.003649,0.000655
2025.08.04 15:00,1.33,1.3305,1.3284,1.3293,8842,1.329116,1.329876,1.328039,1.328833,0,0.002461,-0.001476,0.000467
2025.08.04 16:00,1.3294,1.3298,1.3284,1.3291,2884,1.329222,1.329222,1.327986,1.328604,0,0.001814,-0.000822,0.000497
2025.08.04 17:00,1.3291,1.3291,1.3282,1.3287,1664,1.328427,1.328656,1.327721,1.328215,0,0.001379,-0.000456,0.000485
2025.08.04 18:00,1.3288,1.3292,1.3279,1.3281,2538,1.328268,1.328604,1.327387,1.32758,0,0.001813,-0.000703,0.00052
2025.08.04 19:00,1.3281,1.3287,1.3278,1.3282,1689,1.327898,1.328145,1.327211,1.327492,0,0.001489,-0.000345,0.000708
2025.08.04 20:00,1.3282,1.3295,1.3281,1.3291,752,1.327598,1.328921,1.327563,1.32848,0,0.001937,-0.000821,0.00062
2025.08.04 22:00,1.3292,1.33,1.3288,1.3297,0,1.328533,1.329487,1.328533,1.32931,0,0.001467,-0.000687,0.00039
2025.08.04 23:00,1.3299,1.3305,1.3298,1.3304,262,1.329381,1.330035,1.329328,1.329805,0,0.001172,-0.000235,0.000595
2025.08.05 00:00,1.3305,1.3309,1.3296,1.3305,1111,1.329876,1.330336,1.329098,1.329911,0,0.001802,-0.000736,0.000589
2025.08.05 01:00,1.3304,1.3305,1.3294,1.3295,650,1.329911,1.329946,1.328851,1.32901,0,0.001649,-0.000546,0.00049
2025.08.05 02:00,1.3295,1.3295,1.3286,1.3289,407,1.328904,1.328904,1.328145,1.328392,0,0.001355,-0.000304,0.000508
2025.08.05 03:00,1.329,1.329,1.3283,1.3283,0,1.328409,1.328551,1.327721,1.327757,0,0.001279,-0.000251,0.000543
2025.08.05 04:00,1.3284,1.3293,1.3282,1.3291,221,1.327669,1.328745,1.327616,1.328621,0,0.001684,-0.000545,0.000479
2025.08.05 05:00,1.3291,1.3291,1.3277,1.3281,1189,1.328568,1.328568,1.327228,1.327563,0,0.001872,-0.000868,0.000537
2025.08.05 06:00,1.3281,1.3298,1.3279,1.3285,1975,1.32744,1.329133,1.327369,1.328004,0,0.002431,-0.001233,0.000496
2025.08.05 07:00,1.3285,1.3301,1.3265,1.3278,3358,1.328145,1.32954,1.326365,1.327316,0,0.003735,-0.00304,0.000484
2025.08.05 08:00,1.3278,1.3294,1.3273,1.3286,3164,1.327017,1.328868,1.326788,1.32788,0,0.002612,-0.001568,0.00072
2025.08.05 09:00,1.3286,1.33,1.3283,1.3299,1935,1.327898,1.329416,1.327845,1.329133,0,0.002155,-0.001116,0.000767
2025.08.05 10:00,1.3297,1.3301,1.329,1.3292,1912,1.328974,1.329416,1.328374,1.328762,0,0.001726,-0.000416,0.000438
2025.08.05 11:00,1.3291,1.3291,1.3271,1.3287,2201,1.328462,1.32848,1.3267,1.328092,0,0.0024,-0.00138,0.000608
2025.08.05 12:00,1.3287,1.3296,1.3276,1.3288,3518,1.327986,1.328939,1.327246,1.328215,0,0.002354,-0.001339,0.000585
2025.08.05 13:00,1.3288,1.3302,1.3275,1.3282,6830,1.328321,1.329434,1.32707,1.327387,0,0.00313,-0.001934,0.000813
2025.08.05 14:00,1.3287,1.3306,1.3275,1.3296,7680,1.328904,1.329063,1.327017,1.329063,0,0.003583,-0.001563,0.000537
2025.08.05 15:00,1.3296,1.3315,1.3294,1.3313,6903,1.329063,1.330902,1.329063,1.33076,0,0.002437,-0.001502,0.00054
2025.08.05 16:00,1.3313,1.3322,1.331,1.3315,2427,1.330902,1.331629,1.330513,1.330938,0,0.001687,-0.000629,0.000562
2025.08.05 17:00,1.3315,1.3321,1.3307,1.331,2813,1.331009,1.331522,1.330283,1.330477,0,0.001817,-0.000822,0.000523
2025.08.05 18:00,1.3311,1.3312,1.3298,1.33,2761,1.330583,1.330583,1.329204,1.329557,0,0.001996,-0.000783,0.000443
2025.08.05 19:00,1.3301,1.3303,1.3295,1.3301,1415,1.329522,1.329699,1.32901,1.329628,0,0.00129,-0.000199,0.000472
2025.08.05 20:00,1.3302,1.3307,1.3298,1.3306,558,1.329699,1.330212,1.32931,1.329663,0,0.00139,-0.000412,0.000937
2025.08.05 22:00,1.3311,1.3311,1.3298,1.3303,0,1.329787,1.329805,1.329257,1.329734,0,0.001843,-5e-06,0.000566
2025.08.05 23:00,1.3304,1.3307,1.3302,1.3306,193,1.329681,1.330141,1.329593,1.329929,0,0.001107,5.9e-05,0.000671
2025.08.06 00:00,1.3304,1.3311,1.3304,1.3305,299,1.329893,1.330583,1.329893,1.330159,0,0.001207,-0.000183,0.000341
2025.08.06 01:00,1.3306,1.3307,1.33,1.3304,242,1.330052,1.330106,1.329575,1.329893,0,0.001125,-0.000106,0.000507
2025.08.06 02:00,1.3303,1.3311,1.3302,1.3306,214,1.329787,1.330442,1.329699,1.330088,0,0.001401,-0.000242,0.000512
2025.08.06 03:00,1.3308,1.3316,1.3307,1.3315,227,1.3303,1.331044,1.330141,1.330991,0,0.001459,-0.000344,0.000509
2025.08.06 04:00,1.3314,1.3319,1.3314,1.3317,338,1.330991,1.331452,1.330867,1.331221,0,0.001033,-5.1e-05,0.000479
2025.08.06 05:00,1.3316,1.3317,1.3308,1.3311,411,1.331079,1.331203,1.330283,1.330654,0,0.001417,-0.000403,0.000446
2025.08.06 06:00,1.3312,1.3314,1.3306,1.3307,1104,1.330495,1.33092,1.330159,1.330247,0,0.001241,-0.00032,0.000453
2025.08.06 07:00,1.3309,1.331,1.3296,1.3309,2307,1.330141,1.330336,1.329116,1.330336,0,0.001884,-0.000736,0.000564
2025.08.06 08:00,1.3307,1.3307,1.3287,1.329,2469,1.330141,1.330159,1.328356,1.328427,0,0.002344,-0.001459,0.000573
2025.08.06 09:00,1.329,1.3307,1.329,1.3304,1569,1.328427,1.330141,1.328427,1.329946,0,0.002273,-0.001141,0.000454
2025.08.06 10:00,1.3303,1.333,1.3301,1.3322,3975,1.329646,1.332268,1.329646,1.331859,0,0.003354,-0.002167,0.000341
2025.08.06 11:00,1.3322,1.3336,1.3317,1.3323,3543,1.331522,1.333031,1.331274,1.331859,0,0.002326,-0.001331,0.00044
2025.08.06 12:00,1.3324,1.3326,1.3314,1.3322,3419,1.331842,1.331966,1.330884,1.331753,0,0.001716,-0.000566,0.000447
2025.08.06 13:00,1.3323,1.3335,1.332,1.3331,4121,1.332197,1.332924,1.33154,1.332516,0,0.00196,-0.000924,0.000584
2025.08.06 14:00,1.333,1.3338,1.3319,1.3336,4282,1.332232,1.333227,1.331416,1.333084,0,0.002384,-0.001327,0.000516
2025.08.06 15:00,1.3336,1.3364,1.3333,1.3364,7232,1.33296,1.33588,1.33296,1.33588,0,0.00344,-0.00258,0.00052
2025.08.06 16:00,1.3364,1.3368,1.3348,1.3353,4361,1.335791,1.336273,1.334419,1.334757,0,0.002381,-0.001473,0.000543
2025.08.06 17:00,1.3354,1.3366,1.3352,1.3361,2600,1.3349,1.336041,1.334882,1.335541,0,0.001718,-0.000841,0.000558
2025.08.06 18:00,1.3361,1.3374,1.3361,1.3369,2675,1.335595,1.336845,1.335595,1.336434,0,0.001805,-0.000745,0.000466
2025.08.06 19:00,1.3369,1.337,1.3359,1.3363,1762,1.336344,1.336595,1.335648,1.33572,0,0.001352,-0.000695,0.00058
2025.08.06 20:00,1.3362,1.3366,1.3355,1.3362,1127,1.335827,1.336041,1.335417,1.335648,0,0.001183,-0.000541,0.000552
2025.08.06 22:00,1.3369,1.3369,1.336,1.3363,0,1.336059,1.336077,1.335738,1.335898,0,0.001162,-7.7e-05,0.000402
2025.08.06 23:00,1.3363,1.3365,1.3361,1.3363,293,1.335773,1.336059,1.335738,1.335791,0,0.000762,4.1e-05,0.000509
2025.08.07 00:00,1.3362,1.3363,1.3352,1.3354,872,1.335666,1.335666,1.334775,1.334828,0,0.001525,-0.000466,0.000572
2025.08.07 01:00,1.3352,1.3365,1.3352,1.336,1128,1.334757,1.335934,1.334721,1.335595,0,0.001779,-0.000734,0.000405
2025.08.07 02:00,1.336,1.3365,1.3355,1.3357,385,1.33572,1.336059,1.33506,1.335292,0,0.00144,-0.000559,0.000408
2025.08.07 03:00,1.3358,1.3365,1.3354,1.3365,216,1.335274,1.33613,1.334935,1.33613,0,0.001565,-0.00073,0.00037
2025.08.07 04:00,1.3368,1.3374,1.3368,1.3373,325,1.335898,1.336952,1.335898,1.336809,0,0.001502,-0.000152,0.000491
2025.08.07 05:00,1.3374,1.3376,1.3369,1.3375,367,1.337006,1.337095,1.336434,1.337077,0,0.001166,-0.000195,0.000423
2025.08.07 06:00,1.3376,1.3382,1.3371,1.3379,1796,1.337113,1.337739,1.336666,1.337417,0,0.001534,-0.000639,0.000483
2025.08.07 07:00,1.3379,1.3385,1.3372,1.3379,2765,1.337435,1.337972,1.336934,1.337506,0,0.001566,-0.000772,0.000394
2025.08.07 08:00,1.3379,1.3385,1.3369,1.3374,2189,1.337596,1.33799,1.336452,1.337059,0,0.002048,-0.00109,0.000341
2025.08.07 09:00,1.3375,1.3377,1.337,1.3373,1379,1.337149,1.337292,1.33663,1.337023,0,0.00107,-0.000292,0.000276
2025.08.07 10:00,1.3373,1.3385,1.3371,1.3383,2796,1.336773,1.33799,1.336595,1.33799,0,0.001905,-0.00089,0.00031
2025.08.07 11:00,1.3383,1.3438,1.3381,1.3419,18229,1.340608,1.342949,1.339764,1.341346,0,0.004036,-0.004849,0.000554
2025.08.07 12:00,1.3419,1.3443,1.3418,1.3426,7167,1.341346,1.343616,1.341346,1.342228,0,0.002954,-0.001817,0.000372
2025.08.07 13:00,1.3427,1.3436,1.342,1.3429,6233,1.3423,1.343057,1.341688,1.34248,0,0.001912,-0.001057,0.00042
2025.08.07 14:00,1.3429,1.3432,1.3402,1.3409,10889,1.342534,1.342552,1.339728,1.340411,0,0.003472,-0.002352,0.000489
2025.08.07 15:00,1.3408,1.3439,1.3396,1.3436,8026,1.340285,1.343346,1.339226,1.343183,0,0.004674,-0.003746,0.000417
2025.08.07 16:00,1.3437,1.3438,1.3429,1.3435,3243,1.343274,1.343328,1.342498,1.343039,0,0.001302,-0.000428,0.000461
2025.08.07 17:00,1.3435,1.3438,1.3424,1.3426,2605,1.342949,1.343274,1.341994,1.342066,0,0.001806,-0.000874,0.000534
2025.08.07 18:00,1.3427,1.3429,1.341,1.3415,2920,1.342156,1.342462,1.340465,1.341058,0,0.002435,-0.001462,0.000442
2025.08.07 19:00,1.3415,1.3449,1.3413,1.3449,5786,1.340968,1.344393,1.340806,1.344321,0,0.004094,-0.003093,0.000579
2025.08.07 20:00,1.3448,1.3454,1.3446,1.3451,2073,1.344447,1.344899,1.344213,1.344556,0,0.001187,-0.000299,0.000544
2025.08.07 22:00,1.345,1.3455,1.3444,1.3453,0,1.34414,1.345008,1.34405,1.344881,0,0.00145,-0.000608,0.000419
2025.08.07 23:00,1.3454,1.3458,1.3452,1.3457,300,1.344863,1.345297,1.344773,1.345116,0,0.001027,-9.8e-05,0.000584
2025.08.08 00:00,1.3457,1.3458,1.3449,1.3453,598,1.345225,1.345225,1.344429,1.344791,0,0.001371,-0.000325,0.000509
2025.08.08 01:00,1.3453,1.3456,1.344,1.3444,950,1.344881,1.34508,1.34349,1.343833,0,0.00211,-0.00108,0.000567
2025.08.08 02:00,1.3443,1.345,1.3443,1.3447,1000,1.343797,1.34452,1.343797,1.344267,0,0.001203,-0.00022,0.000433
2025.08.08 03:00,1.3447,1.3447,1.3442,1.3444,391,1.344339,1.344339,1.343707,1.343851,0,0.000993,-0.000139,0.000549
2025.08.08 04:00,1.3444,1.3445,1.344,1.3441,283,1.344068,1.344068,1.343562,1.343634,0,0.000938,-6.8e-05,0.000466
2025.08.08 05:00,1.3441,1.3442,1.3431,1.3432,1313,1.343598,1.343707,1.34266,1.34266,0,0.00154,-0.000607,0.00054
2025.08.08 06:00,1.3432,1.3438,1.343,1.3435,2341,1.342732,1.343219,1.342552,1.343021,0,0.001248,-0.000219,0.000479
2025.08.08 07:00,1.3434,1.3455,1.3434,1.3447,2982,1.342967,1.344845,1.342967,1.344285,0,0.002533,-0.001445,0.000415
2025.08.08 08:00,1.3448,1.3456,1.3432,1.344,2529,1.344339,1.34508,1.342949,1.343454,0,0.002651,-0.00188,0.000546
2025.08.08 09:00,1.344,1.3458,1.3438,1.3453,2308,1.343616,1.345279,1.34349,1.344863,0,0.00231,-0.001479,0.000437
2025.08.08 10:00,1.3452,1.3454,1.3438,1.3447,1519,1.34452,1.344845,1.343328,1.344194,0,0.002072,-0.001045,0.000506
2025.08.08 11:00,1.3447,1.3458,1.3443,1.3446,3433,1.344303,1.345153,1.343869,1.344068,0,0.001931,-0.000853,0.000532
2025.08.08 12:00,1.3446,1.3447,1.3424,1.3428,6712,1.344104,1.344104,1.341904,1.342354,0,0.002796,-0.001704,0.000446
2025.08.08 13:00,1.3429,1.3447,1.3429,1.3434,3787,1.342552,1.344213,1.342552,1.343003,0,0.002148,-0.001312,0.000397
2025.08.08 14:00,1.3433,1.3453,1.3431,1.3444,3898,1.342895,1.344682,1.342895,1.343869,0,0.002405,-0.001583,0.000531
2025.08.08 15:00,1.3443,1.3459,1.3441,1.3447,3867,1.343761,1.345533,1.343761,1.344357,0,0.002139,-0.001433,0.000343
2025.08.08 16:00,1.3448,1.3453,1.3445,1.3452,2214,1.344249,1.344791,1.343905,1.344773,0,0.001395,-0.000291,0.000427
2025.08.08 17:00,1.3452,1.3464,1.345,1.3459,2672,1.344737,1.345823,1.344556,1.345641,0,0.001844,-0.000823,0.000259
2025.08.08 18:00,1.346,1.3461,1.3451,1.3458,2853,1.345153,1.345605,1.344646,1.345406,0,0.001454,-0.000505,0.000394
2025.08.08 19:00,1.3458,1.3458,1.3449,1.3455,2260,1.345261,1.345334,1.344429,1.345135,0,0.001371,-0.000434,0.000365
2025.08.08 20:00,1.3455,1.3459,1.345,1.3456,2200,1.345116,1.345352,1.344556,1.345243,0,0.001344,-0.000352,0.000357
2025.08.10 23:00,1.3449,1.3453,1.3447,1.3448,273,1.344447,1.344773,1.344194,1.344303,0,0.001106,-7.3e-05,0.000497
2025.08.11 00:00,1.3448,1.3451,1.3442,1.3448,554,1.344375,1.344574,1.343779,1.344267,0,0.001321,-0.000374,0.000533
2025.08.11 01:00,1.3448,1.3457,1.3446,1.3456,337,1.344339,1.345135,1.344158,1.345135,0,0.001542,-0.000535,0.000465
2025.08.11 02:00,1.3457,1.3464,1.3457,1.346,453,1.34537,1.345913,1.34537,1.345641,0,0.00103,-0.000213,0.000358
2025.08.11 03:00,1.346,1.3471,1.346,1.3471,635,1.345587,1.346656,1.345551,1.346566,0,0.001549,-0.000656,0.000534
2025.08.11 04:00,1.3471,1.3473,1.3469,1.3471,284,1.346692,1.346838,1.346402,1.346656,0,0.000898,6.2e-05,0.000444
2025.08.11 05:00,1.3471,1.3475,1.3468,1.3473,742,1.346584,1.34691,1.346384,1.346856,0,0.001116,-0.00011,0.000444
2025.08.11 06:00,1.3473,1.3483,1.347,1.3474,2851,1.347164,1.347582,1.346584,1.346856,0,0.001716,-0.000582,0.000544
2025.08.11 07:00,1.3474,1.3474,1.3453,1.3459,2947,1.346711,1.346711,1.344899,1.345442,0,0.002501,-0.001411,0.000458
2025.08.11 08:00,1.3458,1.3472,1.3457,1.347,2421,1.345442,1.346692,1.345334,1.346547,0,0.001866,-0.000992,0.000453
2025.08.11 09:00,1.3469,1.3474,1.3453,1.3459,1732,1.346493,1.346801,1.344972,1.345388,0,0.002428,-0.001501,0.000512
2025.08.11 10:00,1.3459,1.3464,1.345,1.3451,2183,1.345044,1.345859,1.344628,1.344682,0,0.001772,-0.000859,0.000418
2025.08.11 11:00,1.3451,1.3453,1.3431,1.3435,3711,1.344502,1.344737,1.342642,1.343039,0,0.002658,-0.001637,0.000461
2025.08.11 12:00,1.3436,1.3438,1.3418,1.3428,5171,1.343274,1.343274,1.341382,1.342318,0,0.002418,-0.001474,0.000482
2025.08.11 13:00,1.3428,1.3432,1.3425,1.3426,3401,1.342354,1.342696,1.342048,1.34212,0,0.001152,-0.000196,0.00048
2025.08.11 14:00,1.3427,1.3427,1.3405,1.3412,6570,1.34203,1.34203,1.340159,1.34077,0,0.002541,-0.00153,0.00043
2025.08.11 15:00,1.3413,1.3422,1.3407,1.3421,3294,1.34077,1.341706,1.340285,1.341544,0,0.001915,-0.001006,0.000556
2025.08.11 16:00,1.342,1.3432,1.342,1.343,2263,1.341544,1.342606,1.341544,1.342444,0,0.001656,-0.000606,0.000556
2025.08.11 17:00,1.343,1.3437,1.3423,1.3435,1486,1.342426,1.343201,1.341832,1.343093,0,0.001868,-0.000901,0.000407
2025.08.11 18:00,1.3436,1.3442,1.3433,1.3441,1831,1.343057,1.343653,1.342895,1.343562,0,0.001305,-0.000353,0.000538
2025.08.11 19:00,1.3441,1.3441,1.3428,1.3433,1609,1.343508,1.343508,1.342408,1.342823,0,0.001692,-0.000708,0.000477
2025.08.11 20:00,1.3433,1.3441,1.3432,1.3436,714,1.342823,1.343653,1.342787,1.343093,0,0.001313,-0.000453,0.000507
2025.08.11 22:00,1.3438,1.344,1.3435,1.3438,0,1.343382,1.3434,1.342985,1.3434,0,0.001015,0.0001,0.0004
2025.08.11 23:00,1.3439,1.344,1.3438,1.3439,272,1.343436,1.343562,1.343165,1.343544,0,0.000835,0.000238,0.000356
2025.08.12 00:00,1.3438,1.3443,1.3434,1.3436,507,1.3434,1.343743,1.342931,1.343075,0,0.001369,-0.000343,0.000525
2025.08.12 01:00,1.3435,1.3444,1.3433,1.3436,504,1.343111,1.343923,1.342859,1.343183,0,0.001541,-0.000623,0.000417
2025.08.12 02:00,1.3436,1.3442,1.3435,1.3441,166,1.343183,1.343833,1.343003,1.343833,0,0.001197,-0.000333,0.000267
2025.08.12 03:00,1.3443,1.3445,1.3436,1.3437,0,1.343869,1.343941,1.343201,1.343274,0,0.001299,-0.000341,0.000426
2025.08.12 04:00,1.3436,1.3443,1.343,1.3443,300,1.343165,1.343941,1.342714,1.343941,0,0.001586,-0.000941,0.000359
2025.08.12 05:00,1.3445,1.3445,1.3426,1.3429,2018,1.344014,1.344014,1.342174,1.342552,0,0.002326,-0.001414,0.000348
2025.08.12 06:00,1.3428,1.3452,1.3427,1.344,4177,1.343508,1.344502,1.343219,1.343454,0,0.001981,-0.001802,0.000546
2025.08.12 07:00,1.344,1.3466,1.3436,1.3464,3040,1.343274,1.346022,1.343274,1.345823,0,0.003326,-0.002422,0.000577
2025.08.12 08:00,1.3465,1.3476,1.3453,1.3474,3563,1.345768,1.347037,1.344845,1.346983,0,0.002755,-0.001737,0.000417
2025.08.12 09:00,1.3473,1.3478,1.3458,1.3465,2140,1.347182,1.347182,1.345316,1.346004,0,0.002484,-0.001382,0.000496
2025.08.12 10:00,1.3465,1.3469,1.346,1.3462,1371,1.345949,1.346366,1.345678,1.345678,0,0.001222,-0.000366,0.000522
2025.08.12 11:00,1.3463,1.3464,1.3452,1.3462,2096,1.345786,1.345931,1.344737,1.345678,0,0.001663,-0.000731,0.000522
2025.08.12 12:00,1.3463,1.3516,1.3451,1.349,14991,1.345968,1.350858,1.345859,1.348581,0,0.005741,-0.005758,0.000419
2025.08.12 13:00,1.349,1.3505,1.3468,1.3493,14184,1.348563,1.349382,1.346529,1.349091,0,0.003971,-0.002582,0.000209
2025.08.12 14:00,1.3494,1.3503,1.3484,1.3493,6146,1.349164,1.349764,1.348018,1.348891,0,0.002282,-0.001364,0.000409
2025.08.12 15:00,1.3493,1.3529,1.3492,1.3511,6861,1.3488,1.352357,1.348763,1.350767,0,0.004137,-0.003157,0.000333
2025.08.12 16:00,1.3511,1.3526,1.3506,1.3521,2660,1.350822,1.352119,1.350184,1.351644,0,0.002416,-0.001519,0.000456
2025.08.12 17:00,1.3521,1.3521,1.3513,1.3513,2537,1.351516,1.351516,1.350767,1.350785,0,0.001333,-0.000216,0.000515
2025.08.12 18:00,1.3513,1.3516,1.3498,1.35,3496,1.350348,1.351151,1.349382,1.349637,0,0.002218,-0.001351,0.000363
2025.08.12 19:00,1.35,1.3502,1.3494,1.3501,2252,1.349728,1.349728,1.348927,1.349473,0,0.001273,-0.000328,0.000627
2025.08.12 20:00,1.35,1.3506,1.3497,1.3504,1243,1.349582,1.350129,1.349327,1.350074,0,0.001273,-0.000429,0.000326
2025.08.12 22:00,1.3506,1.3507,1.3504,1.3506,0,1.350093,1.350184,1.349965,1.350038,0,0.000735,0.000216,0.000562
2025.08.12 23:00,1.3506,1.3511,1.3505,1.3509,518,1.350074,1.350603,1.349947,1.350439,0,0.001153,-0.000103,0.000461
2025.08.13 00:00,1.351,1.3511,1.3503,1.3508,429,1.350658,1.350676,1.349856,1.350293,0,0.001244,-0.000376,0.000507
2025.08.13 01:00,1.3508,1.3513,1.3503,1.3504,453,1.350512,1.350785,1.349819,1.34991,0,0.001481,-0.000486,0.00049
2025.08.13 02:00,1.3504,1.351,1.3498,1.3508,379,1.349928,1.350494,1.349382,1.350384,0,0.001618,-0.000694,0.000416
2025.08.13 03:00,1.3507,1.3512,1.3506,1.3509,189,1.350257,1.350713,1.350111,1.350402,0,0.001089,-0.000113,0.000498
2025.08.13 04:00,1.3507,1.3511,1.3506,1.351,155,1.350238,1.35064,1.35022,1.35053,0,0.00088,-4e-05,0.00047
2025.08.13 05:00,1.351,1.3512,1.3505,1.3512,775,1.35053,1.350749,1.35002,1.350749,0,0.00118,-0.000249,0.000451
2025.08.13 06:00,1.3513,1.3523,1.3512,1.3521,2037,1.351114,1.351717,1.350731,1.351662,0,0.001569,-0.000517,0.000438
2025.08.13 07:00,1.3522,1.3552,1.3521,1.355,3884,1.351698,1.354812,1.351698,1.354591,0,0.003502,-0.002712,0.000409
2025.08.13 08:00,1.3549,1.3568,1.3549,1.3562,3604,1.354665,1.3563,1.354408,1.355803,0,0.002392,-0.0014,0.000396
2025.08.13 09:00,1.3563,1.3583,1.3562,1.3582,3015,1.355693,1.357736,1.355693,1.357663,0,0.002607,-0.001536,0.000537
2025.08.13 10:00,1.3581,1.3583,1.3572,1.3574,2813,1.357865,1.357865,1.356815,1.356999,0,0.001485,-0.000665,0.000401
2025.08.13 11:00,1.3573,1.3583,1.357,1.3582,3370,1.35665,1.357792,1.356539,1.357718,0,0.001761,-0.000792,0.000482
2025.08.13 12:00,1.3583,1.3584,1.3564,1.3566,4013,1.35781,1.358013,1.356024,1.356116,0,0.002376,-0.001613,0.000484
2025.08.13 13:00,1.3566,1.3582,1.3559,1.3579,5398,1.356135,1.357755,1.355785,1.357497,0,0.002415,-0.001855,0.000403
2025.08.13 14:00,1.3579,1.359,1.3574,1.3577,6271,1.357386,1.35853,1.357202,1.357313,0,0.001798,-0.00113,0.000387
2025.08.13 15:00,1.3576,1.3581,1.3567,1.3576,3881,1.357294,1.357571,1.356374,1.357184,0,0.001726,-0.000871,0.000416
2025.08.13 16:00,1.3576,1.3584,1.3574,1.3578,1743,1.357073,1.357902,1.357036,1.357405,0,0.001364,-0.000502,0.000395
2025.08.13 17:00,1.3578,1.3582,1.3573,1.3575,1667,1.357386,1.357718,1.356889,1.357092,0,0.001311,-0.000418,0.000408
2025.08.13 18:00,1.3575,1.3576,1.3569,1.3573,1808,1.357073,1.357147,1.356429,1.356742,0,0.001171,-0.000247,0.000558
2025.08.13 19:00,1.3572,1.3579,1.3569,1.3579,1760,1.356576,1.357478,1.356539,1.357478,0,0.001361,-0.000578,0.000422
2025.08.13 20:00,1.3578,1.3585,1.3578,1.3581,971,1.357497,1.358124,1.357331,1.357571,0,0.001169,-0.000324,0.00053
2025.08.13 22:00,1.3576,1.3585,1.3576,1.3584,0,1.357663,1.358068,1.357626,1.357939,0,0.000874,-0.000468,0.000461
2025.08.13 23:00,1.3584,1.359,1.3584,1.359,209,1.358013,1.358567,1.357995,1.358548,0,0.001005,-0.000167,0.000452
2025.08.14 00:00,1.3589,1.3593,1.3587,1.3591,994,1.35864,1.358659,1.35829,1.358622,0,0.00101,4.1e-05,0.000478
2025.08.14 01:00,1.3592,1.3596,1.3587,1.3588,1423,1.358788,1.359157,1.358382,1.358382,0,0.001218,-0.000457,0.000418
2025.08.14 02:00,1.3588,1.3589,1.3577,1.3582,1289,1.358197,1.358456,1.357368,1.357829,0,0.001532,-0.000756,0.000371
2025.08.14 03:00,1.3582,1.3582,1.3575,1.3578,440,1.3577,1.3577,1.357165,1.357442,0,0.001035,-0.0002,0.000358
2025.08.14 04:00,1.3577,1.3583,1.3577,1.358,362,1.357405,1.357829,1.357294,1.357644,0,0.001006,-0.000129,0.000356
2025.08.14 05:00,1.3579,1.3581,1.3573,1.3579,1214,1.357534,1.357718,1.356963,1.357405,0,0.001137,-0.000418,0.000495
2025.08.14 06:00,1.3579,1.3599,1.3575,1.3583,5218,1.358493,1.359102,1.357478,1.357884,0,0.002422,-0.001602,0.000416
2025.08.14 07:00,1.3584,1.3596,1.3574,1.3577,4952,1.358068,1.359157,1.357036,1.357368,0,0.002564,-0.001757,0.000332
2025.08.14 08:00,1.3578,1.3587,1.3568,1.3577,2800,1.357423,1.358327,1.356521,1.357276,0,0.002179,-0.001527,0.000424
2025.08.14 09:00,1.3576,1.3596,1.3574,1.3583,2040,1.357239,1.359102,1.357092,1.357939,0,0.002508,-0.001702,0.000361
2025.08.14 10:00,1.3583,1.3599,1.358,1.3585,2019,1.357718,1.359453,1.357607,1.35816,0,0.002293,-0.001453,0.00034
2025.08.14 11:00,1.3585,1.3588,1.3577,1.3579,2452,1.358013,1.358363,1.35746,1.357478,0,0.00134,-0.000663,0.000422
2025.08.14 12:00,1.3579,1.3587,1.355,1.3557,9342,1.357405,1.358216,1.354701,1.355216,0,0.003999,-0.003216,0.000484
2025.08.14 13:00,1.3558,1.3561,1.354,1.354,8313,1.355234,1.355583,1.353656,1.353656,0,0.002444,-0.001583,0.000344
2025.08.14 14:00,1.354,1.3562,1.3538,1.356,5437,1.353675,1.355675,1.353546,1.35562,0,0.002654,-0.001875,0.00038
2025.08.14 15:00,1.3561,1.3561,1.3532,1.3535,5851,1.355675,1.355675,1.35285,1.353143,0,0.00325,-0.002475,0.000357
2025.08.14 16:00,1.3535,1.3536,1.3525,1.3527,2323,1.353015,1.353162,1.352247,1.352375,0,0.001353,-0.000662,0.000325
2025.08.14 17:00,1.3528,1.3538,1.3528,1.3536,1821,1.352594,1.353363,1.352576,1.353253,0,0.001224,-0.000563,0.000347
2025.08.14 18:00,1.3536,1.3538,1.3529,1.3538,3065,1.353308,1.3534,1.352594,1.353253,0,0.001206,-0.0005,0.000547
2025.08.14 19:00,1.3538,1.3545,1.3537,1.3542,1796,1.353455,1.353986,1.353308,1.35384,0,0.001192,-0.000286,0.00036
2025.08.14 20:00,1.3541,1.3544,1.3533,1.3533,1086,1.353711,1.353858,1.353015,1.353015,0,0.001385,-0.000558,0.000285
2025.08.14 22:00,1.3533,1.3537,1.3532,1.3534,0,1.35296,1.35329,1.352795,1.352887,0,0.000905,-9e-05,0.000513
2025.08.14 23:00,1.3534,1.3536,1.353,1.3534,228,1.352741,1.353162,1.352521,1.353033,0,0.001079,-0.000162,0.000367
2025.08.15 00:00,1.3534,1.354,1.3532,1.3539,528,1.352887,1.35351,1.352814,1.353491,0,0.001186,-0.00031,0.000409
2025.08.15 01:00,1.354,1.3544,1.3536,1.3542,553,1.353363,1.354023,1.353162,1.353711,0,0.001238,-0.000423,0.000489
2025.08.15 02:00,1.3541,1.3549,1.3539,1.3548,957,1.353821,1.354463,1.353601,1.354463,0,0.001299,-0.000563,0.000337
2025.08.15 03:00,1.3548,1.3555,1.3548,1.3553,483,1.354518,1.355124,1.354353,1.354757,0,0.001147,-0.000324,0.000543
2025.08.15 04:00,1.3553,1.3553,1.355,1.3553,219,1.35483,1.35494,1.354463,1.354867,0,0.000837,6e-05,0.000433
2025.08.15 05:00,1.3552,1.3557,1.3549,1.3556,797,1.354757,1.355271,1.354481,1.355179,0,0.001219,-0.000371,0.000421
2025.08.15 06:00,1.3557,1.356,1.3547,1.3558,2155,1.35494,1.355546,1.354408,1.355362,0,0.001592,-0.000846,0.000438
2025.08.15 07:00,1.3558,1.3564,1.3553,1.356,2237,1.355418,1.356043,1.354848,1.35562,0,0.001552,-0.000743,0.00038
2025.08.15 08:00,1.3559,1.3561,1.3551,1.3551,1922,1.355601,1.355803,1.354812,1.354885,0,0.001288,-0.000703,0.000215
2025.08.15 09:00,1.355,1.3563,1.355,1.3562,1435,1.354812,1.355822,1.354665,1.355822,0,0.001635,-0.000822,0.000378
2025.08.15 10:00,1.3561,1.3567,1.3557,1.3563,1582,1.355675,1.3563,1.355252,1.355932,0,0.001448,-0.0006,0.000368
2025.08.15 11:00,1.3564,1.3569,1.356,1.3564,1995,1.356061,1.356447,1.355675,1.355951,0,0.001225,-0.000447,0.000449
2025.08.15 12:00,1.3564,1.3574,1.355,1.3565,5642,1.356061,1.35676,1.354793,1.356226,0,0.002607,-0.00176,0.000274
2025.08.15 13:00,1.3566,1.358,1.3558,1.357,3663,1.356447,1.357331,1.355491,1.356631,0,0.002509,-0.001531,0.000369
2025.08.15 14:00,1.357,1.3577,1.3563,1.3564,5013,1.356815,1.357165,1.355914,1.355932,0,0.001786,-0.000865,0.000468
2025.08.15 15:00,1.3564,1.3575,1.3563,1.3567,2782,1.356043,1.357147,1.356024,1.356263,0,0.001476,-0.000847,0.000437
2025.08.15 16:00,1.3567,1.3569,1.3559,1.3562,1569,1.356263,1.356355,1.355528,1.355785,0,0.001372,-0.000455,0.000415
2025.08.15 17:00,1.3562,1.3563,1.3556,1.356,1249,1.355748,1.355932,1.355289,1.35562,0,0.001011,-0.000332,0.00038
2025.08.15 18:00,1.356,1.3562,1.3556,1.3559,2047,1.35562,1.355767,1.355252,1.355473,0,0.000948,-0.000167,0.000427
2025.08.15 19:00,1.3559,1.3561,1.3555,1.356,1471,1.355326,1.355601,1.355087,1.355601,0,0.001013,-0.000101,0.000399
2025.08.15 20:00,1.356,1.3563,1.3558,1.3559,617,1.355546,1.355896,1.355418,1.355418,0,0.000882,-9.5e-05,0.000482
2025.08.17 23:00,1.3567,1.3567,1.3558,1.3561,492,1.356208,1.356263,1.355473,1.355785,0,0.001227,-0.000463,0.000315
2025.08.18 00:00,1.3561,1.3567,1.3557,1.3558,691,1.355748,1.356171,1.355362,1.355362,0,0.001338,-0.000471,0.000438
2025.08.18 01:00,1.3557,1.3564,1.3555,1.3563,513,1.355271,1.356061,1.355087,1.355969,0,0.001313,-0.000561,0.000331
2025.08.18 02:00,1.3564,1.3565,1.3553,1.3555,333,1.355969,1.356079,1.354977,1.35505,0,0.001523,-0.000779,0.00045
2025.08.18 03:00,1.3555,1.3561,1.3554,1.356,506,1.35505,1.355785,1.35505,1.355712,0,0.00105,-0.000385,0.000288
2025.08.18 04:00,1.3561,1.3569,1.356,1.3567,372,1.35573,1.356558,1.355638,1.356355,0,0.001262,-0.000558,0.000345
2025.08.18 05:00,1.3567,1.3569,1.3563,1.3566,637,1.3563,1.356466,1.355969,1.356263,0,0.000931,-0.000166,0.000337
2025.08.18 06:00,1.3565,1.3568,1.3545,1.355,1880,1.3563,1.3563,1.354151,1.354518,0,0.002649,-0.0018,0.000482
2025.08.18 07:00,1.355,1.3558,1.3543,1.3543,2875,1.354646,1.355454,1.353968,1.354078,0,0.001832,-0.001154,0.000222
2025.08.18 08:00,1.3543,1.3558,1.3536,1.3551,2951,1.353986,1.355436,1.353308,1.354775,0,0.002492,-0.001836,0.000325
2025.08.18 09:00,1.355,1.3554,1.3544,1.3544,1494,1.3545,1.35505,1.354078,1.354078,0,0.001322,-0.00065,0.000322
2025.08.18 10:00,1.3544,1.355,1.3541,1.3542,1426,1.354078,1.354628,1.353785,1.353785,0,0.001215,-0.000528,0.000415
2025.08.18 11:00,1.3542,1.3552,1.354,1.3542,1647,1.353968,1.354738,1.353748,1.353821,0,0.001452,-0.000738,0.000379
2025.08.18 12:00,1.3543,1.3548,1.354,1.3548,2286,1.353876,1.354408,1.353711,1.354408,0,0.001089,-0.000408,0.000392
2025.08.18 13:00,1.3548,1.355,1.3541,1.3542,2438,1.354481,1.354628,1.353766,1.35384,0,0.001234,-0.000528,0.00036
2025.08.18 14:00,1.3543,1.3549,1.3517,1.352,6164,1.353876,1.354463,1.351497,1.351771,0,0.003403,-0.002763,0.000229
2025.08.18 15:00,1.3521,1.3527,1.3516,1.3523,3879,1.35168,1.35232,1.351224,1.351936,0,0.001476,-0.00072,0.000364
2025.08.18 16:00,1.3523,1.3525,1.3511,1.3513,3484,1.351863,1.352192,1.350913,1.350913,0,0.001587,-0.001092,0.000387
2025.08.18 17:00,1.3513,1.352,1.3511,1.3514,5229,1.351096,1.35157,1.350767,1.351004,0,0.001233,-0.000471,0.000396
2025.08.18 18:00,1.3513,1.3514,1.3507,1.351,1752,1.350931,1.351041,1.350384,1.35064,0,0.001016,-0.000341,0.00036
2025.08.18 19:00,1.351,1.3517,1.351,1.3511,4571,1.350658,1.351242,1.35064,1.35064,0,0.00106,-0.000242,0.00046
2025.08.18 20:00,1.3509,1.3512,1.3505,1.3505,3171,1.350749,1.350804,1.350293,1.350293,0,0.000907,-0.000304,0.000207
2025.08.18 22:00,1.3505,1.3518,1.3505,1.3512,0,1.350475,1.351479,1.350475,1.351023,0,0.001325,-0.000979,0.000177
2025.08.18 23:00,1.3513,1.3513,1.3506,1.3512,351,1.350767,1.350877,1.35022,1.350858,0,0.00108,-0.000277,0.000342
2025.08.19 00:00,1.3511,1.3514,1.3505,1.3506,494,1.350804,1.351023,1.350184,1.35022,0,0.001216,-0.000523,0.00038
2025.08.19 01:00,1.3507,1.3508,1.3491,1.3501,2658,1.350238,1.350384,1.3488,1.34971,0,0.002,-0.001284,0.00039
2025.08.19 02:00,1.3499,1.3505,1.3498,1.3502,1488,1.349491,1.350238,1.349491,1.349819,0,0.001009,-0.000438,0.000381
2025.08.19 03:00,1.3503,1.3509,1.3501,1.3505,0,1.350056,1.350475,1.349801,1.350111,0,0.001099,-0.000375,0.000389
2025.08.19 04:00,1.3505,1.351,1.3501,1.351,456,1.350038,1.350676,1.349874,1.350567,0,0.001126,-0.000576,0.000433
2025.08.19 05:00,1.351,1.3513,1.3502,1.3503,1156,1.350621,1.351004,1.349801,1.349892,0,0.001499,-0.000804,0.000408
2025.08.19 06:00,1.3504,1.3519,1.3501,1.3519,1555,1.34991,1.351461,1.349801,1.351406,0,0.002099,-0.001361,0.000494
2025.08.19 07:00,1.3518,1.3526,1.3518,1.3526,3894,1.351607,1.352357,1.351479,1.352119,0,0.001121,-0.000557,0.000481
2025.08.19 08:00,1.3524,1.3526,1.3518,1.3524,1374,1.3521,1.35232,1.351406,1.352064,0,0.001194,-0.00052,0.000336
2025.08.19 09:00,1.3525,1.3528,1.3515,1.3522,1520,1.351991,1.352393,1.351169,1.351863,0,0.001631,-0.000893,0.000337
2025.08.19 10:00,1.3522,1.3535,1.3521,1.3526,1351,1.351771,1.353107,1.351753,1.35221,0,0.001747,-0.001007,0.00039
2025.08.19 11:00,1.3526,1.353,1.3518,1.3525,1349,1.352393,1.352612,1.351534,1.352119,0,0.001466,-0.000813,0.000381
2025.08.19 12:00,1.3526,1.353,1.3508,1.3514,4085,1.352192,1.352521,1.350512,1.351096,0,0.002488,-0.001721,0.000304
2025.08.19 13:00,1.3513,1.3516,1.35,1.3515,4910,1.351023,1.351297,1.349764,1.351041,0,0.001836,-0.001297,0.000459
2025.08.19 14:00,1.3515,1.3519,1.3499,1.3507,3692,1.351205,1.351607,1.349837,1.350366,0,0.002063,-0.001707,0.000334
2025.08.19 15:00,1.3506,1.3509,1.3494,1.3497,3712,1.350311,1.350567,1.349182,1.349182,0,0.001718,-0.001167,0.000518
2025.08.19 16:00,1.3497,1.35,1.349,1.3494,3133,1.349437,1.349546,1.34869,1.349109,0,0.00131,-0.000546,0.000291
2025.08.19 17:00,1.3493,1.3499,1.349,1.3494,2519,1.348963,1.349601,1.34869,1.349073,0,0.00121,-0.000601,0.000327
2025.08.19 18:00,1.3493,1.3494,1.3481,1.3489,3559,1.349036,1.349036,1.347818,1.34849,0,0.001582,-0.000936,0.00041
2025.08.19 19:00,1.3488,1.3494,1.3485,1.3493,1444,1.3486,1.349073,1.348254,1.348909,0,0.001146,-0.000573,0.000391
2025.08.19 20:00,1.3493,1.3497,1.3492,1.3497,1082,1.348963,1.349346,1.348836,1.349327,0,0.000864,-0.000146,0.000373
2025.08.19 22:00,1.3489,1.3496,1.3489,1.3494,0,1.349018,1.349309,1.349,1.349182,0,0.0006,-0.000409,0.000218
2025.08.19 23:00,1.3495,1.3495,1.3489,1.3489,247,1.349164,1.349164,1.348545,1.348545,0,0.000955,-0.000264,0.000355
2025.08.20 00:00,1.3489,1.3489,1.3479,1.3484,1631,1.348545,1.348581,1.347564,1.348127,0,0.001336,-0.000681,0.000273
2025.08.20 01:00,1.3484,1.3487,1.3474,1.3477,1480,1.348327,1.348345,1.34711,1.347346,0,0.00159,-0.000945,0.000354
2025.08.20 02:00,1.3476,1.3476,1.3465,1.3468,2045,1.347182,1.347219,1.346257,1.346747,0,0.001343,-0.000719,5.3e-05
2025.08.20 03:00,1.3476,1.3481,1.3473,1.3477,925,1.346747,1.347691,1.346747,1.347328,0,0.001353,-0.000391,0.000372
2025.08.20 04:00,1.348,1.3482,1.3478,1.3478,284,1.347328,1.347872,1.347328,1.347546,0,0.000872,-7.2e-05,0.000255
2025.08.20 05:00,1.3477,1.3491,1.3475,1.3488,1424,1.347546,1.3488,1.347255,1.3486,0,0.001845,-0.0013,0.0002
2025.08.20 06:00,1.349,1.3512,1.3483,1.3493,6227,1.349418,1.350877,1.348745,1.349109,0,0.002455,-0.002577,0.000191
2025.08.20 07:00,1.3493,1.3514,1.3493,1.3512,3623,1.349273,1.350694,1.349127,1.350694,0,0.002273,-0.001394,0.000506
2025.08.20 08:00,1.3512,1.3513,1.3494,1.3505,2793,1.350749,1.350804,1.349346,1.350257,0,0.001954,-0.001404,0.000243
2025.08.20 09:00,1.3505,1.351,1.3501,1.3505,1366,1.35022,1.350567,1.349783,1.350202,0,0.001217,-0.000467,0.000298
2025.08.20 10:00,1.3504,1.3507,1.3494,1.3498,2285,1.35002,1.350366,1.349109,1.349437,0,0.001591,-0.000966,0.000363
2025.08.20 11:00,1.3499,1.3499,1.3475,1.3476,3950,1.349637,1.349637,1.347382,1.347382,0,0.002518,-0.002137,0.000218
2025.08.20 12:00,1.3476,1.3499,1.3476,1.3494,6347,1.347309,1.349546,1.347309,1.348963,0,0.002591,-0.001946,0.000437
2025.08.20 13:00,1.3492,1.3496,1.3474,1.3481,4170,1.348891,1.349145,1.347182,1.347564,0,0.002418,-0.001745,0.000536
2025.08.20 14:00,1.3482,1.3487,1.3464,1.3477,8326,1.347709,1.348218,1.346185,1.347291,0,0.002515,-0.001818,0.000409
2025.08.20 15:00,1.3477,1.3477,1.345,1.3452,5062,1.347309,1.347364,1.344881,1.345062,0,0.002819,-0.002364,0.000138
2025.08.20 16:00,1.3453,1.3466,1.3453,1.3464,3533,1.345044,1.346276,1.345044,1.346076,0,0.001556,-0.000976,0.000324
2025.08.20 17:00,1.3464,1.3474,1.3462,1.3473,2750,1.346112,1.347074,1.346004,1.346874,0,0.001396,-0.000874,0.000426
2025.08.20 18:00,1.3472,1.3473,1.3454,1.3455,3642,1.346783,1.346783,1.345135,1.345261,0,0.002165,-0.001383,0.000239
2025.08.20 19:00,1.3455,1.346,1.3452,1.3457,1526,1.345135,1.345696,1.344972,1.345424,0,0.001028,-0.000496,0.000276
2025.08.20 20:00,1.3457,1.3461,1.3453,1.3458,1070,1.345442,1.345804,1.345044,1.345605,0,0.001056,-0.000504,0.000195
2025.08.20 22:00,1.3458,1.3461,1.3455,1.3458,0,1.345587,1.345841,1.345406,1.345569,0,0.000694,-0.000341,0.000231
2025.08.20 23:00,1.3459,1.3469,1.3453,1.3469,2356,1.345406,1.346547,1.345044,1.346493,0,0.001856,-0.001247,0.000407
2025.08.21 00:00,1.3468,1.3468,1.3454,1.346,579,1.346475,1.346475,1.345098,1.345605,0,0.001701,-0.001075,0.000395
2025.08.21 01:00,1.3459,1.3468,1.3455,1.3462,910,1.345804,1.34633,1.34537,1.345859,0,0.00143,-0.00083,0.000341
2025.08.21 02:00,1.3461,1.3462,1.3453,1.3453,599,1.345804,1.345931,1.345026,1.345116,0,0.001174,-0.000631,0.000183
2025.08.21 03:00,1.3455,1.3459,1.345,1.3456,425,1.34508,1.345569,1.344755,1.345316,0,0.001145,-0.000569,0.000284
2025.08.21 04:00,1.3456,1.3457,1.3454,1.3455,166,1.345388,1.34546,1.345135,1.345135,0,0.000565,-6e-05,0.000365
2025.08.21 05:00,1.3456,1.3457,1.3451,1.3457,428,1.345207,1.345352,1.344827,1.345316,0,0.000873,-0.000252,0.000384
2025.08.21 06:00,1.3456,1.3461,1.3444,1.3448,1868,1.345207,1.345786,1.344104,1.344411,0,0.001996,-0.001386,0.000389
2025.08.21 07:00,1.3448,1.3461,1.3439,1.3459,2944,1.34452,1.345714,1.343526,1.345424,0,0.002574,-0.001814,0.000476
2025.08.21 08:00,1.3458,1.3478,1.3455,1.3468,3821,1.345515,1.346946,1.345189,1.346602,0,0.002611,-0.001446,0.000198
2025.08.21 09:00,1.3469,1.3486,1.3469,1.3479,2628,1.346602,1.348199,1.346511,1.3476,0,0.002089,-0.0013,0.0003
2025.08.21 10:00,1.3478,1.3478,1.3469,1.3477,1893,1.3474,1.347509,1.346529,1.347346,0,0.001271,-0.000609,0.000354
2025.08.21 11:00,1.3477,1.3477,1.3458,1.3458,2589,1.347001,1.347436,1.345497,1.345497,0,0.002203,-0.001636,0.000303
2025.08.21 12:00,1.3458,1.3477,1.3445,1.3449,5228,1.345297,1.347201,1.344321,1.344845,0,0.003379,-0.002701,5.5e-05
2025.08.21 13:00,1.3449,1.3462,1.3427,1.3429,6242,1.344809,1.345641,1.34239,1.342606,0,0.00381,-0.002941,0.000294
2025.08.21 14:00,1.3429,1.3447,1.3427,1.3429,5148,1.342408,1.344231,1.342408,1.342678,0,0.002292,-0.001531,0.000222
2025.08.21 15:00,1.3429,1.3438,1.3412,1.3417,9505,1.342588,1.343003,1.341148,1.3414,0,0.002652,-0.001803,0.0003
2025.08.21 16:00,1.3417,1.3424,1.3409,1.3422,2285,1.34122,1.342048,1.340608,1.341976,0,0.001792,-0.001148,0.000224
2025.08.21 17:00,1.3423,1.3429,1.3421,1.3426,1726,1.341922,1.342624,1.341796,1.342318,0,0.001104,-0.000524,0.000282
2025.08.21 18:00,1.3426,1.3427,1.3421,1.3421,2379,1.342318,1.342426,1.34176,1.34194,0,0.00094,-0.000326,0.00016
2025.08.21 19:00,1.3421,1.3423,1.3415,1.3416,1553,1.341796,1.341868,1.34131,1.341328,0,0.00099,-0.000368,0.000272
2025.08.21 20:00,1.3416,1.3419,1.3414,1.3416,481,1.341202,1.34149,1.341184,1.341274,0,0.000716,-9e-05,0.000326
2025.08.21 22:00,1.3417,1.3421,1.3415,1.342,0,1.341346,1.341778,1.341328,1.341724,0,0.000772,-0.000278,0.000276
2025.08.21 23:00,1.3421,1.3422,1.3416,1.3421,658,1.341724,1.34194,1.341418,1.341778,0,0.000782,-0.00034,0.000322
2025.08.22 00:00,1.342,1.3423,1.3418,1.3423,826,1.341616,1.342012,1.34149,1.342012,0,0.000811,-0.000212,0.000288
2025.08.22 01:00,1.3423,1.3426,1.3411,1.3414,1109,1.341994,1.342192,1.340788,1.341058,0,0.001812,-0.001092,0.000342
2025.08.22 02:00,1.3413,1.342,1.3412,1.3415,955,1.340914,1.341598,1.34086,1.341148,0,0.00114,-0.000398,0.000352
2025.08.22 03:00,1.3414,1.3416,1.3403,1.3404,727,1.341112,1.341328,1.340034,1.340087,0,0.001566,-0.001028,0.000313
2025.08.22 04:00,1.3407,1.3407,1.3396,1.3397,726,1.340105,1.340429,1.339298,1.339351,0,0.001402,-0.000829,0.000349
2025.08.22 05:00,1.3396,1.34,1.3395,1.3397,867,1.339298,1.33971,1.33919,1.339387,0,0.00081,-0.00021,0.000313
2025.08.22 06:00,1.3396,1.3408,1.3393,1.3405,1855,1.339244,1.340375,1.339047,1.340249,0,0.001753,-0.001075,0.000251
2025.08.22 07:00,1.3404,1.3414,1.3404,1.3409,1761,1.340411,1.341022,1.340321,1.340644,0,0.001079,-0.000622,0.000256
2025.08.22 08:00,1.3409,1.3417,1.3408,1.3416,2443,1.340554,1.341346,1.340518,1.341346,0,0.001181,-0.000546,0.000254
2025.08.22 09:00,1.3417,1.3422,1.3414,1.3414,1562,1.34131,1.341886,1.341112,1.341202,0,0.001088,-0.000486,0.000198
2025.08.22 10:00,1.3415,1.3418,1.3411,1.3415,1018,1.341202,1.341436,1.340698,1.341022,0,0.001102,-0.000336,0.000478
2025.08.22 11:00,1.3414,1.3422,1.3413,1.3418,2321,1.341076,1.341832,1.34095,1.341508,0,0.00125,-0.000532,0.000292
2025.08.22 12:00,1.3418,1.3424,1.3415,1.3417,3089,1.341706,1.341958,1.34113,1.341436,0,0.00127,-0.000458,0.000264
2025.08.22 13:00,1.3416,1.3436,1.3416,1.3426,4476,1.341166,1.343165,1.341166,1.34221,0,0.002434,-0.001565,0.00039
2025.08.22 14:00,1.3427,1.3528,1.3427,1.3528,31798,1.346584,1.35232,1.346584,1.35232,0,0.006216,-0.00962,0.00048
2025.08.22 15:00,1.3527,1.3548,1.3525,1.3529,9244,1.352228,1.354298,1.352228,1.352631,0,0.002572,-0.001798,0.000269
2025.08.22 16:00,1.3529,1.3542,1.3524,1.3528,4729,1.352503,1.35373,1.352247,1.352521,0,0.001953,-0.00133,0.000279
2025.08.22 17:00,1.3529,1.3548,1.3529,1.354,4051,1.352594,1.354371,1.352594,1.35362,0,0.002206,-0.001471,0.00038
2025.08.22 18:00,1.354,1.3543,1.3526,1.3529,2498,1.353491,1.35384,1.352283,1.352539,0,0.002017,-0.00124,0.000361
2025.08.22 19:00,1.3529,1.353,1.352,1.3521,1991,1.35243,1.352594,1.351662,1.351771,0,0.001338,-0.000594,0.000329
2025.08.22 20:00,1.3521,1.3533,1.3521,1.3528,2225,1.351735,1.352979,1.351735,1.352667,0,0.001565,-0.000879,0.000133
2025.08.24 23:00,1.352,1.3521,1.3511,1.3512,561,1.351753,1.351753,1.350877,1.351004,0,0.001223,-0.000653,0.000196
2025.08.25 00:00,1.3512,1.3512,1.3498,1.35,1302,1.350767,1.350767,1.349601,1.349801,0,0.001599,-0.000967,0.000199
2025.08.25 01:00,1.3501,1.3505,1.3492,1.3496,892,1.349983,1.350184,1.349091,1.349455,0,0.001409,-0.000984,0.000145
2025.08.25 02:00,1.3496,1.3504,1.3494,1.3502,1297,1.349273,1.350129,1.349182,1.35002,0,0.001218,-0.000729,0.00018
2025.08.25 03:00,1.3503,1.3516,1.3503,1.3514,633,1.350202,1.351224,1.350202,1.351151,0,0.001398,-0.000924,0.00025
2025.08.25 04:00,1.3514,1.3518,1.3512,1.3516,356,1.351059,1.351497,1.350931,1.351242,0,0.000869,-0.000297,0.000358
2025.08.25 05:00,1.3514,1.3514,1.351,1.3514,276,1.351187,1.351187,1.350767,1.351059,0,0.000633,-0.000187,0.000341
2025.08.25 06:00,1.3515,1.353,1.3514,1.3523,2144,1.351333,1.352741,1.351297,1.351991,0,0.001704,-0.001341,0.000309
2025.08.25 07:00,1.3523,1.3523,1.3505,1.3506,1662,1.351845,1.351845,1.350384,1.350384,0,0.001916,-0.001345,0.000216
2025.08.25 08:00,1.3507,1.3512,1.3505,1.3506,1088,1.350512,1.350931,1.350074,1.350366,0,0.001126,-0.000431,0.000234
2025.08.25 09:00,1.3506,1.3508,1.3496,1.3498,1483,1.35033,1.35053,1.349273,1.349528,0,0.001527,-0.00093,0.000272
2025.08.25 10:00,1.3498,1.3499,1.3486,1.3494,1466,1.349601,1.349619,1.348436,1.349091,0,0.001464,-0.001019,0.000309
2025.08.25 11:00,1.3494,1.3522,1.3494,1.3522,4027,1.349145,1.351918,1.349127,1.351918,0,0.003073,-0.002518,0.000282
2025.08.25 12:00,1.3523,1.3524,1.3502,1.3508,2319,1.3521,1.3521,1.349947,1.350585,0,0.002453,-0.0019,0.000215
2025.08.25 13:00,1.3508,1.3516,1.3504,1.3512,2643,1.350585,1.351278,1.350111,1.350895,0,0.001489,-0.000878,0.000305
2025.08.25 14:00,1.3512,1.3515,1.3503,1.3506,2477,1.350749,1.351187,1.35022,1.350257,0,0.00128,-0.000887,0.000343
2025.08.25 15:00,1.3505,1.3506,1.3488,1.3492,3802,1.350184,1.350366,1.348527,1.348981,0,0.002073,-0.001566,0.000219
2025.08.25 16:00,1.3492,1.3496,1.3488,1.3491,2153,1.3488,1.349346,1.348636,1.3488,0,0.000964,-0.000546,0.0003
2025.08.25 17:00,1.3491,1.3492,1.348,1.3482,1597,1.348854,1.348927,1.347818,1.347909,0,0.001382,-0.000927,0.000291
2025.08.25 18:00,1.3482,1.3484,1.346,1.3462,3989,1.348,1.34809,1.345968,1.34604,0,0.002432,-0.00209,0.00016
2025.08.25 19:00,1.3464,1.3465,1.3449,1.3457,4153,1.346149,1.346149,1.344791,1.345406,0,0.001709,-0.001249,0.000294
2025.08.25 20:00,1.3456,1.3465,1.3454,1.3455,1825,1.345406,1.346221,1.345316,1.345388,0,0.001184,-0.000821,0.000112
2025.08.25 22:00,1.3461,1.3461,1.3455,1.3458,0,1.345678,1.345768,1.345388,1.345533,0,0.000712,-0.000268,0.000267
2025.08.25 23:00,1.3458,1.346,1.3452,1.3457,658,1.345732,1.345732,1.34508,1.34546,0,0.00092,-0.000532,0.00024
2025.08.26 00:00,1.3456,1.3493,1.345,1.3484,5313,1.345334,1.348981,1.344899,1.348109,0,0.004401,-0.003981,0.000291
2025.08.26 01:00,1.3483,1.3485,1.3471,1.3475,1084,1.348018,1.34829,1.34682,1.347346,0,0.00168,-0.00119,0.000154
2025.08.26 02:00,1.3475,1.348,1.3465,1.3467,786,1.347201,1.347727,1.346221,1.346493,0,0.001779,-0.001227,0.000207
2025.08.26 03:00,1.3465,1.3465,1.3453,1.3455,0,1.346421,1.346421,1.345189,1.345225,0,0.001311,-0.001121,0.000275
2025.08.26 04:00,1.3455,1.3461,1.3453,1.346,345,1.345207,1.345859,1.345116,1.345605,0,0.000983,-0.000559,0.000395
2025.08.26 05:00,1.346,1.347,1.3457,1.3468,1413,1.345623,1.346801,1.345406,1.346674,0,0.001594,-0.001101,0.000126
2025.08.26 06:00,1.3467,1.3468,1.3448,1.3463,3515,1.346511,1.346511,1.344719,1.345913,0,0.002081,-0.001711,0.000387
2025.08.26 07:00,1.3462,1.3466,1.3437,1.3459,5640,1.345804,1.346348,1.343544,1.345623,0,0.003056,-0.002648,0.000277
2025.08.26 08:00,1.3459,1.3472,1.3458,1.3466,3198,1.345804,1.346892,1.345641,1.34633,0,0.001559,-0.001092,0.00027
2025.08.26 09:00,1.3466,1.3485,1.3465,1.3482,2021,1.346257,1.348109,1.346203,1.348036,0,0.002297,-0.001609,0.000164
2025.08.26 10:00,1.3483,1.3485,1.3475,1.3482,1341,1.347836,1.348199,1.347291,1.347945,0,0.001209,-0.0007,0.000255
2025.08.26 11:00,1.3482,1.3496,1.348,1.3491,2345,1.347818,1.349291,1.347818,1.3488,0,0.001782,-0.001291,0.0003
2025.08.26 12:00,1.349,1.3495,1.348,1.3483,3835,1.349036,1.3492,1.347818,1.347927,0,0.001682,-0.0012,0.000373
2025.08.26 13:00,1.3481,1.3485,1.3473,1.3484,3913,1.347945,1.348218,1.347237,1.347981,0,0.001263,-0.000918,0.000419
2025.08.26 14:00,1.3482,1.3493,1.3474,1.3481,4752,1.347691,1.348945,1.347328,1.347963,0,0.001972,-0.001545,0.000137
2025.08.26 15:00,1.3481,1.3493,1.3479,1.3485,4695,1.347872,1.348891,1.347727,1.348236,0,0.001573,-0.000991,0.000264
2025.08.26 16:00,1.3485,1.3496,1.3479,1.3481,2981,1.348345,1.349218,1.347763,1.347818,0,0.001837,-0.001318,0.000282
2025.08.26 17:00,1.348,1.3483,1.3476,1.3476,2008,1.347727,1.348036,1.347455,1.347455,0,0.000845,-0.000436,0.000145
2025.08.26 18:00,1.3475,1.3485,1.3471,1.3482,1683,1.347237,1.348199,1.34691,1.348,0,0.00159,-0.001099,0.0002
2025.08.26 19:00,1.3482,1.3488,1.3481,1.3482,1489,1.348054,1.3486,1.347909,1.347927,0,0.000891,-0.0005,0.000273
2025.08.26 20:00,1.3481,1.3482,1.3476,1.3481,787,1.347818,1.347854,1.347309,1.347854,0,0.00089,-0.000254,0.000246
2025.08.26 22:00,1.3479,1.3485,1.3479,1.3483,0,1.347782,1.348327,1.347782,1.34809,0,0.000718,-0.000427,0.00021
2025.08.26 23:00,1.3482,1.3483,1.3478,1.348,446,1.347945,1.348109,1.347618,1.347709,0,0.000682,-0.000309,0.000291
2025.08.27 00:00,1.348,1.3481,1.3471,1.3474,908,1.347636,1.347836,1.346983,1.347201,0,0.001117,-0.000736,0.000199
2025.08.27 01:00,1.3475,1.3477,1.3472,1.3472,696,1.347328,1.347527,1.346983,1.347037,0,0.000717,-0.000327,0.000163
2025.08.27 02:00,1.3473,1.3473,1.3463,1.3465,379,1.347037,1.347037,1.346022,1.346312,0,0.001278,-0.000737,0.000188
2025.08.27 03:00,1.3465,1.3469,1.3459,1.346,610,1.346239,1.346711,1.345678,1.345768,0,0.001222,-0.000811,0.000232
2025.08.27 04:00,1.3458,1.3458,1.345,1.3451,526,1.345786,1.345786,1.344502,1.344863,0,0.001298,-0.000786,0.000237
2025.08.27 05:00,1.3452,1.3458,1.345,1.3458,1328,1.344936,1.345623,1.344755,1.345623,0,0.001045,-0.000623,0.000177
2025.08.27 06:00,1.3459,1.3468,1.3455,1.3466,1749,1.345641,1.34662,1.345334,1.346421,0,0.001466,-0.00112,0.00018
2025.08.27 07:00,1.3467,1.3468,1.3444,1.3456,2594,1.346566,1.346566,1.344321,1.345388,0,0.002479,-0.002166,0.000212
2025.08.27 08:00,1.3455,1.3456,1.3433,1.3448,5083,1.345352,1.345352,1.343256,1.344574,0,0.002344,-0.002052,0.000226
2025.08.27 09:00,1.3447,1.3452,1.3443,1.3445,2219,1.34452,1.344936,1.34414,1.344194,0,0.00106,-0.000636,0.000306
2025.08.27 10:00,1.3444,1.3444,1.3424,1.3425,2033,1.343905,1.344158,1.342318,1.342318,0,0.002082,-0.001758,0.000182
2025.08.27 11:00,1.3425,1.3437,1.342,1.3434,2430,1.342354,1.343364,1.341994,1.343129,0,0.001706,-0.001364,0.000271
2025.08.27 12:00,1.3434,1.3448,1.3433,1.3445,3060,1.343328,1.34452,1.343256,1.34414,0,0.001544,-0.00122,0.00036
2025.08.27 13:00,1.3445,1.3459,1.3439,1.345,4710,1.34414,1.345243,1.343634,1.344827,0,0.002266,-0.001343,0.000173
2025.08.27 14:00,1.345,1.3464,1.3447,1.3463,4386,1.344809,1.346131,1.344483,1.346094,0,0.001917,-0.001431,0.000206
2025.08.27 15:00,1.3462,1.3476,1.3462,1.347,4676,1.346203,1.347346,1.346203,1.346711,0,0.001397,-0.001146,0.000289
2025.08.27 16:00,1.3469,1.3501,1.3469,1.3499,3382,1.346729,1.349746,1.346729,1.349637,0,0.003371,-0.002846,0.000263
2025.08.27 17:00,1.3499,1.3505,1.3496,1.3505,3493,1.349655,1.350202,1.3494,1.350184,0,0.0011,-0.000602,0.000316
2025.08.27 18:00,1.3504,1.3505,1.3494,1.35,2059,1.350093,1.350111,1.349091,1.349874,0,0.001409,-0.000711,0.000126
2025.08.27 19:00,1.35,1.3503,1.3496,1.3501,1432,1.349582,1.349928,1.349382,1.349874,0,0.000918,-0.000329,0.000226
2025.08.27 20:00,1.35,1.3503,1.3497,1.3502,512,1.349983,1.350038,1.3494,1.350038,0,0.0009,-0.000338,0.000162
2025.08.27 22:00,1.3503,1.3503,1.3499,1.3501,0,1.349801,1.350093,1.34971,1.349892,0,0.00059,-0.000193,0.000208
2025.08.27 23:00,1.3502,1.3508,1.3501,1.3506,538,1.349983,1.350567,1.349892,1.350457,0,0.000908,-0.000467,0.000143
2025.08.28 00:00,1.3507,1.3508,1.35,1.3507,811,1.350494,1.350567,1.349746,1.350293,0,0.001054,-0.000567,0.000407
2025.08.28 01:00,1.3507,1.3515,1.3503,1.3505,442,1.350548,1.351078,1.350129,1.350384,0,0.001371,-0.000778,0.000116
2025.08.28 02:00,1.3507,1.352,1.3507,1.3518,1164,1.350475,1.351698,1.350475,1.351589,0,0.001525,-0.000998,0.000211
2025.08.28 03:00,1.3518,1.352,1.3511,1.3511,661,1.351589,1.351881,1.350877,1.350877,0,0.001123,-0.000781,0.000223
2025.08.28 04:00,1.351,1.3511,1.3506,1.3506,515,1.350877,1.350968,1.350421,1.350457,0,0.000679,-0.000368,0.000143
2025.08.28 05:00,1.3506,1.3508,1.3503,1.3506,438,1.350402,1.350603,1.350038,1.350475,0,0.000762,-0.000303,0.000125
2025.08.28 06:00,1.3506,1.3516,1.3504,1.3507,1200,1.350457,1.351278,1.350293,1.350621,0,0.001307,-0.000878,7.9e-05
2025.08.28 07:00,1.3507,1.3509,1.349,1.3502,3172,1.350275,1.350694,1.348891,1.349947,0,0.00201,-0.001694,0.000253
2025.08.28 08:00,1.3502,1.3504,1.3486,1.3501,2230,1.350056,1.350056,1.348436,1.350001,0,0.001964,-0.001456,9.9e-05
2025.08.28 09:00,1.3502,1.3509,1.3502,1.3505,1918,1.350056,1.350767,1.349947,1.350384,0,0.000953,-0.000567,0.000116
2025.08.28 10:00,1.3504,1.3529,1.3503,1.3524,2680,1.350275,1.352612,1.350165,1.35221,0,0.002735,-0.002313,0.00019
2025.08.28 11:00,1.3524,1.3528,1.3514,1.3517,2576,1.352283,1.352484,1.351297,1.351406,0,0.001503,-0.001084,0.000294
2025.08.28 12:00,1.3517,1.3522,1.3499,1.3506,8619,1.35157,1.351954,1.35002,1.350348,0,0.00218,-0.002054,0.000252
2025.08.28 13:00,1.3505,1.3513,1.3492,1.3509,4521,1.350093,1.351132,1.349091,1.350877,0,0.002209,-0.001932,2.3e-05
2025.08.28 14:00,1.351,1.3529,1.3505,1.3514,7361,1.350567,1.352686,1.35033,1.351187,0,0.002571,-0.002186,0.000213
2025.08.28 15:00,1.3514,1.3521,1.3507,1.3517,4309,1.351132,1.351845,1.350658,1.351406,0,0.001442,-0.001145,0.000294
2025.08.28 16:00,1.3518,1.3528,1.3516,1.3524,2535,1.351552,1.352466,1.351461,1.352137,0,0.001339,-0.000866,0.000263
2025.08.28 17:00,1.3525,1.3533,1.3521,1.3524,2293,1.352357,1.35307,1.351899,1.352119,0,0.001401,-0.00097,0.000281
2025.08.28 18:00,1.3524,1.3525,1.3516,1.3518,1939,1.352265,1.352265,1.351443,1.351644,0,0.001057,-0.000665,0.000156
2025.08.28 19:00,1.3518,1.352,1.3513,1.3515,1359,1.351771,1.351771,1.351132,1.35126,0,0.000868,-0.000471,0.00024
2025.08.28 20:00,1.3514,1.3515,1.351,1.3515,960,1.351169,1.351333,1.350767,1.351333,0,0.000733,-0.000333,0.000167
2025.08.28 22:00,1.3515,1.3518,1.3509,1.351,0,1.351059,1.351224,1.350694,1.350749,0,0.001106,-0.000324,0.000251
2025.08.28 23:00,1.351,1.3513,1.351,1.3512,1130,1.350767,1.351187,1.350767,1.35095,0,0.000533,-0.000187,0.00025
2025.08.29 00:00,1.3512,1.3513,1.3506,1.3511,3738,1.350986,1.351151,1.350402,1.350913,0,0.000898,-0.000551,0.000187
2025.08.29 01:00,1.3512,1.3515,1.3499,1.35,1341,1.350913,1.351187,1.349528,1.349837,0,0.001972,-0.001287,0.000163
2025.08.29 02:00,1.3502,1.3507,1.3502,1.3503,612,1.349983,1.350494,1.349983,1.350238,0,0.000717,-0.000294,6.2e-05
2025.08.29 03:00,1.3504,1.3504,1.3498,1.3503,578,1.350147,1.350275,1.349528,1.349874,0,0.000872,-0.000475,0.000426
2025.08.29 04:00,1.35,1.3505,1.3496,1.3505,348,1.349947,1.350348,1.349509,1.350348,0,0.000991,-0.000748,0.000152
2025.08.29 05:00,1.3505,1.3505,1.3495,1.3502,342,1.350348,1.350384,1.349327,1.35002,0,0.001173,-0.000884,0.00018
2025.08.29 06:00,1.3503,1.3504,1.3493,1.3494,2867,1.350074,1.350165,1.349054,1.349164,0,0.001346,-0.000865,0.000237
2025.08.29 07:00,1.3493,1.3498,1.3487,1.3494,3991,1.349254,1.349491,1.348563,1.349254,0,0.001237,-0.000791,0.000146
2025.08.29 08:00,1.3494,1.3497,1.3474,1.348,3137,1.348981,1.349455,1.34711,1.347763,0,0.00259,-0.002055,0.000237
2025.08.29 09:00,1.348,1.3482,1.3463,1.3463,2560,1.347836,1.347909,1.346185,1.346185,0,0.002015,-0.001609,0.000115
2025.08.29 10:00,1.3462,1.3467,1.3459,1.3464,3305,1.345732,1.346566,1.345515,1.346221,0,0.001185,-0.000666,0.000179
2025.08.29 11:00,1.3465,1.3465,1.3453,1.3455,2472,1.346094,1.346094,1.345153,1.34537,0,0.001347,-0.000794,0.00013
2025.08.29 12:00,1.3456,1.3465,1.3449,1.3463,5353,1.34546,1.346312,1.344845,1.346022,0,0.001655,-0.001412,0.000278
2025.08.29 13:00,1.3462,1.3472,1.3449,1.3471,4015,1.346185,1.34691,1.344791,1.34691,0,0.002409,-0.00201,0.00019
2025.08.29 14:00,1.3472,1.3516,1.3471,1.3512,14861,1.347019,1.351114,1.347019,1.351114,0,0.004581,-0.004014,8.6e-05
2025.08.29 15:00,1.3511,1.3519,1.3506,1.3509,9484,1.350968,1.351461,1.350384,1.350822,0,0.001516,-0.000861,7.8e-05
2025.08.29 16:00,1.351,1.3516,1.3502,1.351,5670,1.350895,1.351351,1.350129,1.350822,0,0.001471,-0.001151,0.000178
2025.08.29 17:00,1.351,1.3511,1.3504,1.3506,1192,1.35064,1.350785,1.350257,1.350348,0,0.000843,-0.000386,0.000252
2025.08.29 18:00,1.3505,1.3514,1.3502,1.3512,2646,1.350275,1.351096,1.350056,1.351096,0,0.001344,-0.000896,0.000104
2025.08.29 19:00,1.3512,1.3518,1.3508,1.3518,1839,1.351132,1.35157,1.350585,1.35157,0,0.001215,-0.00077,0.000229
2025.08.29 20:00,1.3518,1.352,1.3502,1.3513,1726,1.351698,1.351698,1.350074,1.350147,0,0.001926,-0.001498,0.001153
2025.08.31 23:00,1.3506,1.3507,1.3503,1.3506,288,1.350311,1.350567,1.350202,1.350348,0,0.000498,-0.000267,0.000252
2025.09.01 00:00,1.3506,1.3521,1.3505,1.3521,787,1.350275,1.351972,1.350275,1.351918,0,0.001825,-0.001472,0.000182
2025.09.01 01:00,1.352,1.3521,1.3508,1.3514,710,1.351972,1.351972,1.350658,1.351278,0,0.001442,-0.001172,0.000122
2025.09.01 02:00,1.3515,1.3531,1.3515,1.3529,934,1.351479,1.352905,1.351461,1.352777,0,0.001639,-0.001405,0.000123
2025.09.01 03:00,1.353,1.3532,1.3522,1.3525,355,1.35285,1.35285,1.352082,1.352375,0,0.001118,-0.00065,0.000125
2025.09.02 04:00,1.3528,1.3532,1.3525,1.353,1078,1.352631,1.353015,1.35232,1.352795,0,0.00088,-0.000515,0.000205
2025.09.02 05:00,1.353,1.3533,1.3522,1.3523,1369,1.352777,1.353125,1.352137,1.352174,0,0.001163,-0.000925,0.000126
2025.09.02 06:00,1.3523,1.3536,1.3523,1.3533,2857,1.352375,1.353381,1.352247,1.353033,0,0.001353,-0.001081,0.000267
2025.09.02 07:00,1.3534,1.3536,1.3396,1.3405,27044,1.353143,1.353143,1.339567,1.340123,0,0.014033,-0.013543,0.000377
2025.09.02 08:00,1.3405,1.3435,1.3378,1.3415,23402,1.340554,1.343129,1.337632,1.341382,0,0.005868,-0.005329,0.000118
2025.09.02 09:00,1.3415,1.342,1.3384,1.3402,7577,1.341346,1.341598,1.338563,1.340141,0,0.003437,-0.003198,5.9e-05
2025.09.02 10:00,1.3402,1.3403,1.3373,1.3381,6947,1.339208,1.340105,1.337399,1.338169,0,0.002901,-0.002805,-6.9e-05
2025.09.02 11:00,1.3381,1.3387,1.3371,1.3386,6953,1.337972,1.338419,1.337041,1.338419,0,0.001659,-0.001319,0.000181
2025.09.02 12:00,1.3385,1.3399,1.3342,1.3354,15721,1.338455,1.339549,1.334205,1.33531,0,0.005695,-0.005349,9e-05
2025.09.02 13:00,1.3354,1.3398,1.3344,1.3392,9915,1.334704,1.339567,1.334526,1.33928,0,0.005274,-0.005167,-8e-05
2025.09.02 14:00,1.3393,1.3421,1.3393,1.3399,20372,1.340123,1.341814,1.339459,1.339692,0,0.002641,-0.002514,0.000208
2025.09.02 15:00,1.3399,1.3402,1.3377,1.3392,7843,1.3398,1.339998,1.337614,1.338975,0,0.002586,-0.002298,0.000225
2025.09.02 16:00,1.3393,1.3395,1.3385,1.3394,3311,1.33919,1.339298,1.33833,1.339208,0,0.00117,-0.000798,0.000192
2025.09.02 17:00,1.3395,1.3395,1.3386,1.3386,2131,1.3391,1.339298,1.338419,1.338419,0,0.001081,-0.000698,0.000181
2025.09.02 18:00,1.3386,1.3388,1.3377,1.3382,7698,1.338598,1.338616,1.33756,1.337882,0,0.00124,-0.000916,0.000318
2025.09.02 19:00,1.3381,1.3393,1.3381,1.3392,4383,1.338169,1.33919,1.337972,1.338993,0,0.001328,-0.00109,0.000207
2025.09.02 20:00,1.3393,1.3399,1.3392,1.3398,1241,1.33928,1.339746,1.339029,1.339549,0,0.000871,-0.000546,0.000251
2025.09.02 22:00,1.3393,1.3398,1.3389,1.3389,0,1.339405,1.339621,1.338742,1.338796,0,0.001058,-0.000721,0.000104
2025.09.02 23:00,1.339,1.339,1.3384,1.3384,1041,1.338814,1.338814,1.338276,1.338294,0,0.000724,-0.000414,0.000106
2025.09.03 00:00,1.3384,1.3385,1.3375,1.3377,1533,1.338312,1.338312,1.337399,1.337614,0,0.001101,-0.000812,8.6e-05
2025.09.03 01:00,1.3378,1.338,1.3369,1.3372,1959,1.337721,1.337721,1.336845,1.337006,0,0.001155,-0.000821,0.000194
2025.09.03 02:00,1.3372,1.3378,1.3366,1.3368,1143,1.337006,1.337506,1.336452,1.336612,0,0.001348,-0.000906,0.000188
2025.09.03 03:00,1.3368,1.3373,1.3364,1.3365,388,1.336791,1.337077,1.336255,1.336255,0,0.001045,-0.000677,0.000245
2025.09.03 04:00,1.3367,1.3372,1.3366,1.3371,592,1.336166,1.337095,1.336112,1.337006,0,0.001088,-0.000495,9.4e-05
2025.09.03 05:00,1.3371,1.3375,1.3361,1.3364,1302,1.336988,1.337327,1.336005,1.336291,0,0.001495,-0.001227,0.000109
2025.09.03 06:00,1.3364,1.3392,1.3363,1.3378,4731,1.336273,1.339082,1.336273,1.337703,0,0.002927,-0.002782,9.7e-05
2025.09.03 07:00,1.3378,1.3382,1.3335,1.3368,9999,1.337811,1.337811,1.333653,1.33663,0,0.004547,-0.00431,0.00017
2025.09.03 08:00,1.3369,1.3411,1.3369,1.3409,7133,1.33722,1.340788,1.336934,1.340788,0,0.004166,-0.003888,0.000112
2025.09.03 09:00,1.3409,1.342,1.3404,1.341,5368,1.34122,1.341544,1.340321,1.340842,0,0.001679,-0.001144,0.000158
2025.09.03 10:00,1.3409,1.3413,1.3397,1.3406,3243,1.340608,1.341112,1.339639,1.340465,0,0.001661,-0.001412,0.000135
2025.09.03 11:00,1.3406,1.3415,1.3399,1.3414,2354,1.340447,1.341292,1.339908,1.341292,0,0.001592,-0.001392,0.000108
2025.09.03 12:00,1.3414,1.3433,1.3411,1.3427,5940,1.34131,1.34275,1.341094,1.342498,0,0.002206,-0.00165,0.000202
2025.09.03 13:00,1.3427,1.3439,1.3413,1.342,10486,1.342372,1.343382,1.341184,1.341886,0,0.002716,-0.002082,0.000114
2025.09.03 14:00,1.3419,1.3449,1.3419,1.3436,9824,1.34275,1.344682,1.342696,1.3434,0,0.002204,-0.002782,0.0002
2025.09.03 15:00,1.3435,1.3456,1.3433,1.3449,26801,1.343219,1.34537,1.343201,1.344791,0,0.002399,-0.00207,0.000109
2025.09.03 16:00,1.345,1.3454,1.3446,1.3452,4792,1.344791,1.345225,1.34452,1.345026,0,0.00088,-0.000625,0.000174
2025.09.03 17:00,1.3453,1.346,1.3441,1.3444,3936,1.345225,1.345823,1.344104,1.344176,0,0.001896,-0.001723,0.000224
2025.09.03 18:00,1.3443,1.345,1.344,1.3444,2705,1.343887,1.344755,1.343887,1.344213,0,0.001113,-0.000755,0.000188
2025.09.03 19:00,1.3444,1.3444,1.3437,1.344,1537,1.344122,1.344194,1.34358,1.343905,0,0.00082,-0.000494,9.5e-05
2025.09.03 20:00,1.344,1.3449,1.344,1.3446,781,1.343978,1.344664,1.343851,1.344466,0,0.001049,-0.000664,0.000134
2025.09.03 22:00,1.3444,1.3448,1.3441,1.3441,0,1.344032,1.344267,1.343941,1.34396,0,0.000859,-0.000167,0.00014
2025.09.03 23:00,1.3441,1.3445,1.3439,1.3442,485,1.344032,1.344321,1.343869,1.344158,0,0.000631,-0.000421,4.2e-05
2025.09.04 00:00,1.3443,1.3445,1.3438,1.3444,648,1.344032,1.344411,1.343671,1.344303,0,0.000829,-0.000611,9.7e-05
2025.09.04 01:00,1.3444,1.3452,1.3435,1.3439,801,1.344194,1.344881,1.343544,1.343851,0,0.001656,-0.001381,4.9e-05
2025.09.04 02:00,1.3438,1.3438,1.343,1.3432,521,1.343761,1.343761,1.343021,1.343129,0,0.000779,-0.000761,7.1e-05
2025.09.04 03:00,1.3433,1.3434,1.3428,1.3429,527,1.343093,1.343183,1.342696,1.342895,0,0.000704,-0.000383,5e-06
2025.09.04 04:00,1.343,1.3432,1.3428,1.3429,348,1.342949,1.343057,1.342534,1.342787,0,0.000666,-0.000257,0.000113
2025.09.04 05:00,1.3428,1.3432,1.3426,1.3429,855,1.34275,1.343039,1.34248,1.342859,0,0.00072,-0.000439,4.1e-05
2025.09.04 06:00,1.343,1.3442,1.343,1.3437,1360,1.343147,1.344068,1.342985,1.343562,0,0.001215,-0.001068,0.000138
2025.09.04 07:00,1.3436,1.3439,1.3419,1.3429,2595,1.343436,1.343905,1.341706,1.342714,0,0.002194,-0.002005,0.000186
2025.09.04 08:00,1.3429,1.3458,1.3429,1.3456,2988,1.342805,1.345569,1.342805,1.345424,0,0.002995,-0.002669,0.000176
2025.09.04 09:00,1.3456,1.3461,1.3436,1.3441,2680,1.345316,1.345986,1.343598,1.344086,0,0.002502,-0.002385,1.4e-05
2025.09.04 10:00,1.3442,1.3457,1.344,1.345,1734,1.343887,1.345551,1.343797,1.344936,0,0.001903,-0.001551,6.4e-05
2025.09.04 11:00,1.345,1.345,1.3426,1.3435,5679,1.344719,1.344719,1.342552,1.343292,0,0.002448,-0.002119,0.000208
2025.09.04 12:00,1.3436,1.3459,1.3424,1.3442,6996,1.34358,1.344827,1.34248,1.344158,0,0.00342,-0.002427,4.2e-05
2025.09.04 13:00,1.3443,1.3449,1.3427,1.3444,3787,1.344285,1.344646,1.34275,1.344231,0,0.00215,-0.001946,0.00017
2025.09.04 14:00,1.3442,1.3442,1.3417,1.3428,5399,1.343165,1.343797,1.341778,1.34275,0,0.002422,-0.002097,5e-05
2025.09.04 15:00,1.3428,1.3442,1.3428,1.344,4303,1.342769,1.344068,1.342732,1.343905,0,0.001468,-0.001268,9.5e-05
2025.09.04 16:00,1.344,1.3441,1.3419,1.3423,2734,1.343887,1.343887,1.34185,1.342138,0,0.00225,-0.001987,0.000162
2025.09.04 17:00,1.3423,1.3428,1.3421,1.3424,1100,1.342174,1.342624,1.342084,1.342264,0,0.000716,-0.000524,0.000136
2025.09.04 18:00,1.3424,1.3433,1.3424,1.3428,1776,1.342282,1.343183,1.342282,1.342678,0,0.001018,-0.000783,0.000122
2025.09.04 19:00,1.3428,1.3438,1.3428,1.3438,1078,1.34275,1.343671,1.342732,1.343544,0,0.001068,-0.000871,0.000256
2025.09.04 20:00,1.3437,1.3439,1.3434,1.3437,486,1.343562,1.343779,1.34331,1.343526,0,0.00059,-0.000379,0.000174
2025.09.04 22:00,1.3434,1.3438,1.3434,1.3435,0,1.343472,1.343616,1.343364,1.3434,0,0.000436,-0.000216,0.0001
2025.09.04 23:00,1.3434,1.3446,1.3434,1.3445,371,1.343508,1.344502,1.3434,1.344447,0,0.0012,-0.001102,5.2e-05
2025.09.05 00:00,1.3446,1.3452,1.3444,1.3452,1073,1.344483,1.344972,1.344285,1.344972,0,0.000915,-0.000572,0.000228
2025.09.05 01:00,1.3452,1.3456,1.3448,1.3454,815,1.345171,1.34546,1.344719,1.345261,0,0.000881,-0.00066,0.000139
2025.09.05 02:00,1.3454,1.3459,1.3452,1.3454,598,1.345153,1.345732,1.345098,1.345352,0,0.000802,-0.000532,4.8e-05
2025.09.05 03:00,1.3454,1.3457,1.3454,1.3456,405,1.345279,1.345551,1.345243,1.345424,0,0.000457,-0.000151,0.000176
2025.09.05 04:00,1.3457,1.3457,1.345,1.3451,199,1.34546,1.345497,1.344899,1.34508,0,0.000801,-0.000497,2e-05
2025.09.05 05:00,1.3452,1.3465,1.3452,1.3463,869,1.345062,1.34633,1.344972,1.346221,0,0.001528,-0.00113,7.9e-05
2025.09.05 06:00,1.3464,1.3473,1.3458,1.3458,3588,1.346004,1.347146,1.345696,1.345877,0,0.001604,-0.001346,-7.7e-05
2025.09.05 07:00,1.3457,1.3468,1.3452,1.3466,2650,1.345768,1.346584,1.345116,1.346584,0,0.001683,-0.001384,1.6e-05
2025.09.05 08:00,1.3465,1.3473,1.3463,1.3471,2314,1.346348,1.347237,1.346348,1.347092,0,0.000952,-0.000937,8e-06
2025.09.05 09:00,1.3472,1.3483,1.3469,1.3482,2919,1.346928,1.348145,1.346838,1.348145,0,0.001462,-0.001245,5.5e-05
2025.09.05 10:00,1.3483,1.3488,1.3479,1.348,7785,1.348145,1.348563,1.347927,1.347927,0,0.000873,-0.000663,7.3e-05
2025.09.05 11:00,1.3479,1.3484,1.3463,1.3464,4484,1.347818,1.348399,1.346348,1.346348,0,0.002052,-0.002099,5.2e-05
2025.09.05 12:00,1.3465,1.3542,1.346,1.3523,49263,1.345786,1.352814,1.345786,1.352027,0,0.008414,-0.006814,0.000273
2025.09.05 13:00,1.3523,1.3551,1.3516,1.355,11560,1.352448,1.35494,1.351625,1.35494,0,0.003475,-0.00334,6e-05
2025.09.05 14:00,1.3551,1.3556,1.3506,1.3521,14633,1.354646,1.355381,1.350603,1.352082,0,0.004997,-0.004781,1.8e-05
2025.09.05 15:00,1.3521,1.3545,1.352,1.3544,8372,1.352174,1.354371,1.352174,1.354243,0,0.002326,-0.002371,0.000157
2025.09.05 16:00,1.3542,1.3543,1.3527,1.3527,4004,1.354115,1.354243,1.352612,1.352612,0,0.001688,-0.001543,8.7e-05
2025.09.05 17:00,1.3528,1.3528,1.3513,1.3514,3665,1.352631,1.352631,1.351169,1.351242,0,0.001631,-0.001331,0.000158
2025.09.05 18:00,1.3514,1.3515,1.3502,1.3507,3998,1.351114,1.351479,1.350147,1.350567,0,0.001353,-0.001279,0.000133
2025.09.05 19:00,1.3507,1.3513,1.3503,1.3504,1785,1.350548,1.351205,1.350202,1.350348,0,0.001098,-0.000905,5.2e-05
2025.09.05 20:00,1.3504,1.3512,1.3503,1.3507,775,1.350311,1.351187,1.350311,1.350822,0,0.000889,-0.000887,-0.000122
2025.09.07 23:00,1.3489,1.3497,1.3487,1.3494,592,1.348963,1.349601,1.34869,1.349218,0,0.00101,-0.000901,0.000182
2025.09.08 00:00,1.3493,1.3497,1.3485,1.3497,728,1.348909,1.349637,1.348454,1.349637,0,0.001246,-0.001137,6.3e-05
2025.09.08 01:00,1.3497,1.3504,1.3492,1.3502,920,1.349892,1.350275,1.349182,1.350165,0,0.001218,-0.001075,3.5e-05
2025.09.08 02:00,1.3504,1.3506,1.3498,1.3505,562,1.35053,1.350567,1.349783,1.350421,0,0.000817,-0.000767,7.9e-05
2025.09.08 03:00,1.3505,1.3506,1.3496,1.3497,270,1.350603,1.350603,1.349546,1.349637,0,0.001054,-0.001003,6.3e-05
2025.09.08 04:00,1.3496,1.3498,1.3488,1.3498,679,1.349509,1.349801,1.348763,1.349692,0,0.001037,-0.001001,0.000108
2025.09.08 05:00,1.3498,1.3505,1.3498,1.3498,836,1.349692,1.350366,1.349673,1.349673,0,0.000827,-0.000566,0.000127
2025.09.08 06:00,1.3499,1.352,1.3499,1.352,1831,1.349819,1.351863,1.349819,1.351863,0,0.002181,-0.001963,0.000137
2025.09.08 07:00,1.3519,1.3528,1.3512,1.3517,3893,1.351461,1.352594,1.351187,1.351698,0,0.001613,-0.001394,2e-06
2025.09.08 08:00,1.3518,1.3527,1.3508,1.3513,2620,1.351552,1.352576,1.350785,1.351169,0,0.001915,-0.001776,0.000131
2025.09.08 09:00,1.3514,1.3515,1.351,1.351,1815,1.351078,1.351443,1.350895,1.35095,0,0.000605,-0.000443,5e-05
2025.09.08 10:00,1.351,1.3533,1.3504,1.3531,3970,1.35095,1.353235,1.35033,1.353235,0,0.00297,-0.002835,-0.000135
2025.09.08 11:00,1.3531,1.3538,1.3524,1.3531,2757,1.352905,1.35362,1.352338,1.353217,0,0.001462,-0.00122,-0.000117
2025.09.08 12:00,1.3531,1.3551,1.3529,1.3543,5482,1.35329,1.354812,1.352795,1.354316,0,0.002305,-0.001912,-1.6e-05
2025.09.08 13:00,1.3545,1.3557,1.3542,1.3546,4788,1.354298,1.355509,1.354133,1.354463,0,0.001567,-0.001309,0.000137
2025.09.08 14:00,1.3546,1.3547,1.3532,1.3536,5616,1.354591,1.354591,1.35318,1.353565,0,0.00152,-0.001391,3.5e-05
2025.09.08 15:00,1.3537,1.3548,1.3535,1.3547,3957,1.353528,1.354701,1.3534,1.354518,0,0.0014,-0.001201,0.000182
2025.09.08 16:00,1.3547,1.355,1.3529,1.3538,2502,1.354757,1.354757,1.353033,1.35373,0,0.001967,-0.001857,7e-05
2025.09.08 17:00,1.3538,1.3541,1.3529,1.3529,2594,1.35373,1.353913,1.352795,1.352795,0,0.001305,-0.001013,0.000105
2025.09.08 18:00,1.353,1.3555,1.3528,1.3555,8155,1.35296,1.355381,1.352942,1.355271,0,0.002558,-0.002581,0.000229
2025.09.08 19:00,1.3554,1.3556,1.3551,1.3552,14213,1.355179,1.355491,1.355014,1.355142,0,0.000586,-0.000391,5.8e-05
2025.09.08 20:00,1.3551,1.3552,1.3546,1.3548,1267,1.355142,1.355142,1.3545,1.354646,0,0.0007,-0.000542,0.000154
2025.09.08 22:00,1.3552,1.3552,1.3547,1.3549,0,1.35483,1.355032,1.354665,1.355032,0,0.000535,-0.000332,-0.000132
2025.09.08 23:00,1.3551,1.3559,1.355,1.3554,359,1.355069,1.355822,1.35505,1.355289,0,0.00085,-0.000822,0.000111
2025.09.09 00:00,1.3554,1.3563,1.3551,1.356,786,1.35516,1.35619,1.35516,1.355914,0,0.00114,-0.00109,8.6e-05
2025.09.09 01:00,1.3559,1.3572,1.3555,1.3567,2148,1.355748,1.356889,1.355362,1.356705,0,0.001838,-0.001389,-5e-06
2025.09.09 02:00,1.3569,1.3572,1.3565,1.3565,763,1.356797,1.357165,1.356392,1.356429,0,0.000808,-0.000665,7.1e-05
2025.09.09 03:00,1.3566,1.3566,1.3559,1.3559,0,1.356355,1.356484,1.355896,1.356024,0,0.000705,-0.000584,-0.000124
2025.09.09 04:00,1.3564,1.3576,1.3563,1.3575,593,1.356006,1.357552,1.355969,1.357478,0,0.001631,-0.001252,2.2e-05
2025.09.09 05:00,1.3574,1.3581,1.3571,1.358,1835,1.35746,1.358087,1.357184,1.358013,0,0.000916,-0.000987,-1.3e-05
2025.09.09 06:00,1.3581,1.3585,1.356,1.3568,3668,1.358068,1.358197,1.355914,1.356686,0,0.002586,-0.002197,0.000113
2025.09.09 07:00,1.3568,1.3578,1.356,1.3567,7376,1.356558,1.357589,1.355969,1.356539,0,0.001831,-0.001589,0.000161
2025.09.09 08:00,1.3566,1.3577,1.356,1.3574,6660,1.356576,1.357607,1.355932,1.357349,0,0.001768,-0.001607,5.1e-05
2025.09.09 09:00,1.3575,1.3591,1.3574,1.3588,7619,1.357349,1.35901,1.357349,1.358788,0,0.001751,-0.00161,1.2e-05
2025.09.09 10:00,1.3587,1.3591,1.3576,1.3578,1447,1.35864,1.358936,1.357534,1.357736,0,0.001566,-0.001336,6.4e-05
2025.09.09 11:00,1.3579,1.3579,1.3559,1.356,2623,1.357607,1.35781,1.355859,1.355877,0,0.002041,-0.00191,0.000123
2025.09.09 12:00,1.356,1.3561,1.3547,1.3554,4692,1.355712,1.355987,1.354665,1.355491,0,0.001435,-0.001287,-9.1e-05
2025.09.09 13:00,1.3555,1.3567,1.3553,1.3555,5895,1.355344,1.356392,1.355307,1.355418,0,0.001393,-0.001092,8.2e-05
2025.09.09 14:00,1.3556,1.3575,1.3533,1.3541,30357,1.356999,1.356999,1.353271,1.353931,0,0.004228,-0.003699,0.000169
2025.09.09 15:00,1.3541,1.3542,1.3524,1.3533,10907,1.353986,1.354005,1.352375,1.353271,0,0.001825,-0.001605,2.8e-05
2025.09.09 16:00,1.3532,1.3548,1.3528,1.3536,13327,1.353033,1.354591,1.352649,1.35351,0,0.002151,-0.001791,9e-05
2025.09.09 17:00,1.3535,1.354,1.3526,1.3527,2998,1.353601,1.353894,1.352631,1.352631,0,0.001369,-0.001294,6.9e-05
2025.09.09 18:00,1.3527,1.3528,1.3522,1.3523,3096,1.352558,1.352759,1.352283,1.352302,0,0.000517,-0.000559,-2e-06
2025.09.09 19:00,1.3524,1.3526,1.3519,1.3521,2216,1.35232,1.352466,1.351918,1.351936,0,0.000682,-0.000566,0.000164
2025.09.09 20:00,1.3521,1.3529,1.352,1.3529,686,1.351972,1.352795,1.351881,1.352686,0,0.001019,-0.000795,0.000214
2025.09.09 22:00,1.3526,1.3532,1.3524,1.3531,0,1.352521,1.353125,1.352503,1.353088,0,0.000697,-0.000725,1.1e-05
2025.09.09 23:00,1.3532,1.3532,1.3519,1.3522,832,1.352924,1.353033,1.351954,1.352119,0,0.001246,-0.001133,8.1e-05
2025.09.10 00:00,1.3521,1.3524,1.3518,1.3523,574,1.351881,1.352411,1.351717,1.352228,0,0.000683,-0.000611,7.2e-05
2025.09.10 01:00,1.3524,1.3529,1.3516,1.3523,763,1.352539,1.352777,1.351607,1.352283,0,0.001293,-0.001177,1.7e-05
2025.09.10 02:00,1.3524,1.3534,1.3522,1.3532,503,1.352247,1.35329,1.352247,1.353125,0,0.001153,-0.00109,7.5e-05
2025.09.10 03:00,1.3532,1.3537,1.3532,1.3534,432,1.35318,1.353711,1.35318,1.353418,0,0.00052,-0.000511,-1.8e-05
2025.09.10 04:00,1.3533,1.3543,1.3533,1.3543,540,1.353363,1.354188,1.353235,1.354169,0,0.001065,-0.000888,0.000131
2025.09.10 05:00,1.3543,1.3543,1.3534,1.3537,515,1.354188,1.354188,1.35329,1.353546,0,0.00101,-0.000788,0.000154
2025.09.10 06:00,1.3536,1.3544,1.3522,1.3528,2133,1.353766,1.35439,1.352174,1.352174,0,0.002226,-0.00219,0.000626
2025.09.10 07:00,1.3527,1.354,1.3513,1.3535,3688,1.352484,1.35384,1.35179,1.3534,0,0.00221,-0.00254,0.0001
2025.09.10 08:00,1.3535,1.3535,1.3521,1.3528,3430,1.353363,1.353363,1.352027,1.352777,0,0.001473,-0.001263,2.3e-05
2025.09.10 09:00,1.3527,1.3546,1.3527,1.3543,4508,1.352795,1.354555,1.352777,1.354298,0,0.001823,-0.001855,2e-06
2025.09.10 10:00,1.3543,1.3544,1.3532,1.354,3398,1.35428,1.354371,1.353217,1.35395,0,0.001183,-0.001171,5e-05
2025.09.10 11:00,1.3539,1.354,1.3529,1.3535,9787,1.35373,1.353913,1.352832,1.353473,0,0.001168,-0.001013,2.7e-05
2025.09.10 12:00,1.3535,1.3578,1.3524,1.3531,9240,1.353638,1.35516,1.352539,1.35318,0,0.005261,-0.002761,-8e-05
2025.09.10 13:00,1.3532,1.3558,1.3527,1.3555,42044,1.352905,1.355748,1.352777,1.355528,0,0.003023,-0.003048,-2.8e-05
2025.09.10 14:00,1.3556,1.3562,1.3548,1.3551,30211,1.355712,1.356043,1.35483,1.355105,0,0.00137,-0.001243,-5e-06
2025.09.10 15:00,1.3552,1.3556,1.3544,1.3547,11111,1.355216,1.355436,1.35439,1.354683,0,0.00121,-0.001036,1.7e-05
2025.09.10 16:00,1.3547,1.355,1.3534,1.3537,2466,1.354793,1.354922,1.353455,1.35362,0,0.001545,-0.001522,8e-05
2025.09.10 17:00,1.3537,1.3541,1.3529,1.3535,2860,1.353565,1.354041,1.352887,1.35351,0,0.001213,-0.001141,-1e-05
2025.09.10 18:00,1.3535,1.3542,1.3533,1.3536,4743,1.353436,1.354133,1.35329,1.353601,0,0.00091,-0.000833,-1e-06
2025.09.10 19:00,1.3537,1.3538,1.3523,1.3531,13562,1.353638,1.353675,1.35221,1.353125,0,0.00159,-0.001374,-2.5e-05
2025.09.10 20:00,1.3531,1.3534,1.3528,1.353,7025,1.353162,1.353327,1.352741,1.352942,0,0.000659,-0.000527,5.8e-05
2025.09.10 22:00,1.3533,1.3539,1.353,1.3539,0,1.353125,1.353858,1.353125,1.353821,0,0.000775,-0.000858,7.9e-05
2025.09.10 23:00,1.3539,1.354,1.3534,1.3534,339,1.353656,1.353968,1.353473,1.353491,0,0.000527,-0.000568,-9.1e-05
2025.09.11 00:00,1.3533,1.3533,1.3528,1.3529,410,1.353198,1.353271,1.352795,1.352832,0,0.000504,-0.000471,6.8e-05
2025.09.11 01:00,1.3528,1.3534,1.3528,1.353,606,1.352741,1.353436,1.352741,1.353033,0,0.000659,-0.000636,-3.3e-05
2025.09.11 02:00,1.353,1.353,1.3524,1.3527,349,1.352942,1.352997,1.352338,1.352667,0,0.000662,-0.000597,3.3e-05
2025.09.11 03:00,1.3526,1.353,1.3526,1.3527,111,1.352612,1.353052,1.352612,1.352814,0,0.000388,-0.000452,-0.000114
2025.09.11 04:00,1.3527,1.3528,1.3524,1.3528,171,1.352905,1.352905,1.352448,1.352741,0,0.000352,-0.000505,5.9e-05
2025.09.11 05:00,1.3527,1.3527,1.3515,1.3517,858,1.352612,1.352631,1.351662,1.351662,0,0.001038,-0.001131,3.8e-05
2025.09.11 06:00,1.3516,1.3525,1.3512,1.3516,2910,1.351644,1.352247,1.351297,1.351625,0,0.001203,-0.001047,-2.5e-05
2025.09.11 07:00,1.3517,1.3522,1.3504,1.3515,3773,1.351863,1.352155,1.35053,1.35157,0,0.00167,-0.001755,-7e-05
2025.09.11 08:00,1.3516,1.3521,1.3514,1.3516,9116,1.351625,1.352082,1.351497,1.351516,0,0.000603,-0.000682,8.4e-05
2025.09.11 09:00,1.3516,1.3517,1.3495,1.3504,4014,1.351607,1.351644,1.349764,1.350311,0,0.001935,-0.002144,8.9e-05
2025.09.11 10:00,1.3503,1.3516,1.35,1.3515,3145,1.350165,1.35157,1.350074,1.35157,0,0.001526,-0.00157,-7e-05
2025.09.11 11:00,1.3514,1.3523,1.3506,1.3508,3481,1.351552,1.352283,1.350822,1.35084,0,0.001478,-0.001683,-4e-05
2025.09.11 12:00,1.3508,1.3549,1.3493,1.3545,49842,1.351151,1.354665,1.350785,1.354335,0,0.004115,-0.005365,0.000165
2025.09.11 13:00,1.3546,1.3562,1.354,1.3554,12089,1.354885,1.356061,1.354059,1.355362,0,0.002141,-0.002061,3.8e-05
2025.09.11 14:00,1.3553,1.3568,1.3551,1.3558,5642,1.355252,1.356631,1.355252,1.355767,0,0.001548,-0.001531,3.3e-05
2025.09.11 15:00,1.3558,1.358,1.3552,1.3566,5450,1.355822,1.357902,1.355344,1.356631,0,0.002656,-0.002702,-3.1e-05
2025.09.11 16:00,1.3567,1.358,1.3567,1.3578,3490,1.356686,1.357939,1.356686,1.357773,0,0.001314,-0.001239,2.7e-05
2025.09.11 17:00,1.3578,1.3583,1.357,1.3571,10114,1.357829,1.358308,1.356981,1.357165,0,0.001319,-0.001308,-6.5e-05
2025.09.11 18:00,1.3571,1.3582,1.357,1.3579,6474,1.357147,1.358234,1.357073,1.358031,0,0.001127,-0.001234,-0.000131
2025.09.11 19:00,1.3579,1.3582,1.3577,1.3578,2322,1.357939,1.358179,1.357773,1.357884,0,0.000427,-0.000479,-8.4e-05
2025.09.11 20:00,1.3578,1.3581,1.3572,1.3572,3499,1.357829,1.358068,1.357349,1.357349,0,0.000751,-0.000868,-0.000149
2025.09.11 22:00,1.3573,1.3579,1.3573,1.3577,0,1.357663,1.358068,1.357663,1.357921,0,0.000237,-0.000768,-0.000221
2025.09.11 23:00,1.358,1.3581,1.3574,1.3575,3232,1.358031,1.358087,1.357497,1.357626,0,0.000603,-0.000687,-0.000126
2025.09.12 00:00,1.3574,1.3575,1.3569,1.3573,133,1.357368,1.357607,1.356963,1.357331,0,0.000537,-0.000707,-3.1e-05
2025.09.12 01:00,1.3572,1.3572,1.3556,1.3557,268,1.357349,1.357349,1.35573,1.355767,0,0.00147,-0.001749,-6.7e-05
2025.09.12 02:00,1.3557,1.3563,1.3556,1.3559,261,1.355748,1.356282,1.355693,1.355914,0,0.000607,-0.000682,-1.4e-05
2025.09.12 03:00,1.3557,1.3558,1.3555,1.3558,51,1.355712,1.355914,1.355473,1.355638,0,0.000327,-0.000414,0.000162
2025.09.12 04:00,1.3555,1.3556,1.3555,1.3556,64,1.355436,1.355693,1.355344,1.355638,0,0.000256,-0.000193,-3.8e-05
2025.09.12 05:00,1.3555,1.3561,1.3555,1.3559,170,1.355657,1.356079,1.355326,1.355932,0,0.000774,-0.000579,-3.2e-05
2025.09.12 06:00,1.3558,1.3559,1.354,1.3557,654,1.35584,1.35584,1.354573,1.35573,0,0.001327,-0.00184,-3e-05
2025.09.12 07:00,1.3558,1.3575,1.3558,1.3565,1142,1.356079,1.35746,1.356079,1.35641,0,0.001421,-0.00166,9e-05
2025.09.12 08:00,1.3564,1.3564,1.3532,1.3536,16142,1.356318,1.356337,1.353198,1.353436,0,0.003202,-0.003137,0.000164
2025.09.12 09:00,1.3534,1.3551,1.3531,1.3549,2897,1.353546,1.354793,1.353143,1.354683,0,0.001957,-0.001693,0.000217
2025.09.12 10:00,1.3549,1.3562,1.3546,1.3559,2301,1.354775,1.35573,1.354775,1.355712,0,0.001425,-0.00113,0.000188
2025.09.12 11:00,1.3557,1.3565,1.3548,1.3551,2110,1.355951,1.356226,1.354793,1.354977,0,0.001707,-0.001426,0.000123
2025.09.12 12:00,1.3552,1.3553,1.3524,1.3545,4118,1.35483,1.35483,1.352722,1.354445,0,0.002578,-0.00243,5.5e-05
2025.09.12 13:00,1.3545,1.3552,1.3538,1.355,4541,1.354445,1.35494,1.353913,1.354665,0,0.001287,-0.00114,0.000335
2025.09.12 14:00,1.3549,1.3572,1.3549,1.3561,8626,1.354867,1.356852,1.354867,1.356043,0,0.002333,-0.001952,5.7e-05
2025.09.12 15:00,1.3561,1.3564,1.3544,1.3548,15104,1.355932,1.356153,1.354518,1.354518,0,0.001882,-0.001753,0.000282
2025.09.12 16:00,1.3548,1.3571,1.3541,1.3562,4026,1.354646,1.356779,1.354115,1.355951,0,0.002985,-0.002679,0.000249
2025.09.12 17:00,1.3563,1.3571,1.3561,1.3561,2533,1.356116,1.356815,1.356079,1.356079,0,0.001021,-0.000715,2.1e-05
2025.09.12 18:00,1.3563,1.3574,1.3561,1.3573,1855,1.356079,1.357073,1.356079,1.357018,0,0.001321,-0.000973,0.000282
2025.09.12 19:00,1.3573,1.3573,1.3562,1.3565,2119,1.356944,1.357055,1.35619,1.356226,0,0.00111,-0.000855,0.000274
2025.09.12 20:00,1.3564,1.3573,1.3556,1.3573,4658,1.356135,1.356245,1.355712,1.356245,0,0.001588,-0.000645,0.001055
2025.09.14 23:00,1.356,1.356,1.3554,1.3555,391,1.35573,1.355877,1.355252,1.355307,0,0.000748,-0.000477,0.000193
2025.09.15 00:00,1.3556,1.3558,1.3552,1.3558,482,1.355491,1.355638,1.354977,1.355638,0,0.000823,-0.000438,0.000162
2025.09.15 01:00,1.3558,1.3562,1.3556,1.3561,497,1.355565,1.356061,1.355344,1.356061,0,0.000856,-0.000461,3.9e-05
2025.09.15 02:00,1.3562,1.3564,1.3558,1.3562,368,1.355951,1.356153,1.355638,1.356006,0,0.000762,-0.000353,0.000194
2025.09.15 03:00,1.3562,1.357,1.3562,1.3567,466,1.356043,1.35676,1.356024,1.356558,0,0.000976,-0.00056,0.000142
2025.09.15 04:00,1.3568,1.3573,1.3567,1.357,290,1.356631,1.357128,1.356539,1.356705,0,0.000761,-0.000428,0.000295
2025.09.15 05:00,1.357,1.357,1.3563,1.3563,153,1.356797,1.356852,1.356208,1.356208,0,0.000792,-0.000552,9.2e-05
2025.09.15 06:00,1.3565,1.3571,1.3554,1.3565,1496,1.356539,1.356779,1.355418,1.356429,0,0.001682,-0.001379,7.1e-05
2025.09.15 07:00,1.3563,1.3597,1.3563,1.3585,4810,1.356539,1.359471,1.356502,1.35829,0,0.003198,-0.003171,0.00021
2025.09.15 08:00,1.3584,1.3602,1.358,1.3584,3950,1.358234,1.359841,1.358013,1.358142,0,0.002187,-0.001841,0.000258
2025.09.15 09:00,1.3584,1.3603,1.3581,1.3595,3457,1.358197,1.359952,1.357976,1.359342,0,0.002324,-0.001852,0.000158
2025.09.15 10:00,1.3595,1.3617,1.3595,1.361,5440,1.359675,1.361359,1.359545,1.360822,0,0.002155,-0.001859,0.000178
2025.09.15 11:00,1.3611,1.3623,1.3608,1.3618,3492,1.360692,1.361767,1.3606,1.361656,0,0.0017,-0.000967,0.000144
2025.09.15 12:00,1.3619,1.3624,1.361,1.3618,4149,1.361767,1.361915,1.360878,1.361489,0,0.001523,-0.000915,0.000311
2025.09.15 13:00,1.3618,1.362,1.3598,1.3599,4890,1.361507,1.361619,1.359693,1.35973,0,0.002307,-0.001819,0.00017
2025.09.15 14:00,1.3599,1.3599,1.3587,1.3592,6042,1.359434,1.359471,1.358567,1.359065,0,0.001333,-0.000771,0.000135
2025.09.15 15:00,1.3593,1.361,1.359,1.361,5377,1.35888,1.360785,1.358825,1.360655,0,0.002175,-0.001785,0.000345
2025.09.15 16:00,1.3611,1.3613,1.3598,1.3602,2407,1.360803,1.360915,1.359582,1.359915,0,0.001718,-0.001115,0.000285
2025.09.15 17:00,1.3602,1.3614,1.3598,1.3612,1660,1.360008,1.361174,1.359675,1.360952,0,0.001725,-0.001374,0.000248
2025.09.15 18:00,1.3613,1.3614,1.3604,1.3609,1830,1.360989,1.361081,1.3601,1.360581,0,0.0013,-0.000681,0.000319
2025.09.15 19:00,1.3609,1.3614,1.3608,1.3612,2293,1.360729,1.361044,1.360526,1.36097,0,0.000874,-0.000244,0.00023
2025.09.15 20:00,1.3613,1.3615,1.3599,1.3602,1641,1.360896,1.3611,1.359767,1.359878,0,0.001733,-0.0012,0.000322
2025.09.15 22:00,1.3608,1.3608,1.3603,1.3608,0,1.360507,1.360507,1.3601,1.360452,0,0.0007,-0.000207,0.000348
2025.09.15 23:00,1.3607,1.3609,1.3605,1.3605,329,1.360433,1.360544,1.360174,1.360174,0,0.000726,-4.4e-05,0.000326
2025.09.16 00:00,1.3604,1.3608,1.3602,1.3605,1413,1.360378,1.36047,1.359897,1.360211,0,0.000903,-0.00027,0.000289
2025.09.16 01:00,1.3606,1.361,1.3602,1.3607,1410,1.360341,1.360637,1.359952,1.360359,0,0.001048,-0.000437,0.000341
2025.09.16 02:00,1.3607,1.3617,1.3607,1.3616,712,1.360526,1.361452,1.360526,1.361248,0,0.001174,-0.000752,0.000352
2025.09.16 03:00,1.3615,1.3629,1.3614,1.3619,0,1.361322,1.362472,1.361137,1.361786,0,0.001763,-0.001072,0.000114
2025.09.16 04:00,1.3618,1.362,1.3616,1.3619,587,1.361786,1.361786,1.361304,1.361619,0,0.000696,-0.000185,0.000281
2025.09.16 05:00,1.3619,1.3624,1.3617,1.3624,1297,1.361674,1.362082,1.361544,1.362064,0,0.000856,-0.000382,0.000336
2025.09.16 06:00,1.3625,1.3636,1.3624,1.3633,2746,1.362676,1.363289,1.362194,1.363085,0,0.001406,-0.000889,0.000215
2025.09.16 07:00,1.3633,1.3646,1.363,1.3632,3748,1.363104,1.364368,1.362713,1.362881,0,0.001886,-0.001368,0.000319
2025.09.16 08:00,1.3631,1.3641,1.3627,1.363,2259,1.362881,1.363791,1.362454,1.362713,0,0.001646,-0.001091,0.000287
2025.09.16 09:00,1.363,1.3648,1.3629,1.3645,2806,1.362769,1.364498,1.362769,1.364275,0,0.002031,-0.001598,0.000225
2025.09.16 10:00,1.3645,1.3645,1.3629,1.3629,2480,1.364163,1.364163,1.362676,1.362676,0,0.001824,-0.001263,0.000224
2025.09.16 11:00,1.363,1.3652,1.3627,1.3646,4191,1.362546,1.364945,1.362546,1.36435,0,0.002654,-0.002245,0.00025
2025.09.16 12:00,1.3647,1.3648,1.3627,1.3643,6973,1.364368,1.364629,1.362843,1.364145,0,0.001957,-0.001929,0.000155
2025.09.16 13:00,1.3643,1.3662,1.3642,1.3659,6202,1.364238,1.365915,1.364126,1.365803,0,0.002074,-0.001715,9.7e-05
2025.09.16 14:00,1.366,1.3675,1.365,1.3659,12645,1.365672,1.367035,1.365318,1.365728,0,0.002182,-0.002035,0.000172
2025.09.16 15:00,1.3659,1.3661,1.3642,1.3655,5852,1.365617,1.365617,1.36394,1.365355,0,0.00216,-0.001417,0.000144
2025.09.16 16:00,1.3655,1.3666,1.3654,1.366,2947,1.365244,1.366382,1.365169,1.365803,0,0.001431,-0.000982,0.000197
2025.09.16 17:00,1.366,1.367,1.3656,1.3661,4698,1.366046,1.366774,1.36543,1.365896,0,0.00157,-0.001174,0.000204
2025.09.16 18:00,1.3661,1.3667,1.3658,1.3662,3422,1.365859,1.3664,1.365691,1.366064,0,0.001009,-0.0006,0.000136
2025.09.16 19:00,1.3661,1.3664,1.3653,1.3654,2201,1.365803,1.366158,1.365132,1.365132,0,0.001268,-0.000857,0.000268
2025.09.16 20:00,1.3653,1.3657,1.3644,1.3648,1274,1.365169,1.365449,1.364443,1.364629,0,0.001257,-0.001049,0.000171
2025.09.16 22:00,1.3648,1.3657,1.3646,1.3652,0,1.364648,1.365486,1.364648,1.364964,0,0.001052,-0.000886,0.000236
2025.09.16 23:00,1.3653,1.3658,1.3652,1.3655,1714,1.365076,1.365579,1.365076,1.3653,0,0.000724,-0.000379,0.0002
2025.09.17 00:00,1.3656,1.3662,1.3648,1.3648,1033,1.365505,1.365934,1.364554,1.364554,0,0.001646,-0.001134,0.000246
2025.09.17 01:00,1.3648,1.3651,1.3642,1.3646,655,1.364629,1.364852,1.364052,1.364387,0,0.001048,-0.000652,0.000213
2025.09.17 02:00,1.3646,1.3648,1.3643,1.3645,382,1.36435,1.364573,1.364163,1.364424,0,0.000637,-0.000273,7.6e-05
2025.09.17 03:00,1.3646,1.3648,1.3644,1.3645,220,1.364368,1.364648,1.364163,1.36435,0,0.000637,-0.000247,0.00015
2025.09.17 04:00,1.3645,1.3646,1.3644,1.3645,224,1.364312,1.364443,1.364163,1.364257,0,0.000437,-4.3e-05,0.000244
2025.09.17 05:00,1.3645,1.3654,1.3645,1.3654,723,1.36435,1.364871,1.36435,1.364852,0,0.00105,-0.000371,0.000548
2025.09.17 06:00,1.3656,1.3672,1.3637,1.3643,3269,1.364741,1.365001,1.363717,1.364033,0,0.003483,-0.001301,0.000267
2025.09.17 07:00,1.3643,1.3645,1.3633,1.3637,3203,1.363977,1.363977,1.363159,1.363531,0,0.001341,-0.000677,0.000169
2025.09.17 08:00,1.3636,1.3655,1.3635,1.3643,2641,1.363457,1.365281,1.363401,1.36407,0,0.002099,-0.001781,0.00023
2025.09.17 09:00,1.3643,1.3658,1.3643,1.3651,2665,1.364257,1.365654,1.364257,1.364852,0,0.001544,-0.001354,0.000248
2025.09.17 10:00,1.3651,1.3654,1.364,1.3646,2403,1.364871,1.3653,1.364033,1.364368,0,0.001367,-0.0013,0.000232
2025.09.17 11:00,1.3646,1.3654,1.3642,1.3649,1436,1.364461,1.365188,1.36407,1.364741,0,0.00133,-0.000988,0.000159
2025.09.17 12:00,1.3648,1.3657,1.3646,1.3656,2155,1.364778,1.365393,1.364498,1.365393,0,0.001202,-0.000793,0.000207
2025.09.17 13:00,1.3657,1.3667,1.3651,1.3666,3818,1.365411,1.366494,1.364945,1.366344,0,0.001755,-0.001394,0.000256
2025.09.17 14:00,1.3665,1.3671,1.3661,1.3662,4082,1.366102,1.366904,1.365934,1.365952,0,0.001166,-0.000805,0.000248
2025.09.17 15:00,1.3662,1.3669,1.3658,1.3661,3677,1.365896,1.366662,1.365635,1.365878,0,0.001265,-0.000862,0.000222
2025.09.17 16:00,1.3661,1.3672,1.3659,1.3667,1816,1.366102,1.366979,1.366046,1.36655,0,0.001154,-0.001079,0.00015
2025.09.17 17:00,1.3667,1.3671,1.3662,1.3669,2061,1.366419,1.366867,1.366083,1.366774,0,0.001017,-0.000667,0.000126
2025.09.17 18:00,1.3674,1.3729,1.3626,1.3642,29501,1.369188,1.372476,1.362769,1.364107,0,0.010131,-0.009876,9.3e-05
2025.09.17 19:00,1.3641,1.3668,1.3636,1.364,8282,1.363959,1.366307,1.363587,1.363661,0,0.003213,-0.002707,0.000339
2025.09.17 20:00,1.364,1.3641,1.3622,1.3628,1780,1.363791,1.363866,1.362008,1.362788,0,0.002092,-0.001666,1.2e-05
2025.09.17 22:00,1.3627,1.3635,1.3626,1.3631,0,1.362992,1.363327,1.362491,1.362881,0,0.001009,-0.000727,0.000219
2025.09.17 23:00,1.3632,1.3638,1.3629,1.3631,470,1.363048,1.363457,1.362862,1.363011,0,0.000938,-0.000557,8.9e-05
2025.09.18 00:00,1.3632,1.3632,1.3623,1.3629,1274,1.362825,1.362936,1.362212,1.362713,0,0.000988,-0.000636,0.000187
2025.09.18 01:00,1.3629,1.3633,1.3612,1.3619,1889,1.363066,1.363066,1.361137,1.361767,0,0.002163,-0.001866,0.000133
2025.09.18 02:00,1.362,1.363,1.362,1.3629,500,1.362045,1.362843,1.361915,1.362788,0,0.001085,-0.000843,0.000112
2025.09.18 03:00,1.363,1.3633,1.3622,1.3624,321,1.362936,1.363085,1.362064,1.362119,0,0.001236,-0.000885,0.000281
2025.09.18 04:00,1.3622,1.3624,1.3607,1.3609,859,1.362101,1.362157,1.360581,1.360711,0,0.001819,-0.001456,0.000189
2025.09.18 05:00,1.3608,1.3612,1.3593,1.3599,2412,1.360692,1.361026,1.359305,1.359638,0,0.001895,-0.001726,0.000262
2025.09.18 06:00,1.36,1.3606,1.3588,1.3597,4200,1.360119,1.360507,1.358696,1.359508,0,0.001904,-0.001707,0.000192
2025.09.18 07:00,1.3597,1.3643,1.3597,1.3636,5140,1.359767,1.363959,1.359712,1.363308,0,0.004588,-0.004259,0.000292
2025.09.18 08:00,1.3635,1.3651,1.3629,1.3642,3702,1.363234,1.364796,1.362843,1.364033,0,0.002257,-0.001896,0.000167
2025.09.18 09:00,1.3642,1.3657,1.3639,1.3648,2418,1.364201,1.365561,1.363773,1.364703,0,0.001927,-0.001661,9.7e-05
2025.09.18 10:00,1.3648,1.3656,1.3644,1.3651,1771,1.364648,1.365355,1.364275,1.364945,0,0.001325,-0.000955,0.000155
2025.09.18 11:00,1.365,1.3663,1.3615,1.3624,6739,1.365505,1.365505,1.361544,1.362268,0,0.004755,-0.004005,0.000132
2025.09.18 12:00,1.3624,1.3625,1.3596,1.3597,6192,1.361934,1.362212,1.359545,1.359545,0,0.002954,-0.002612,0.000154
2025.09.18 13:00,1.3597,1.3599,1.3537,1.3553,14032,1.359453,1.359582,1.353546,1.355179,0,0.006354,-0.005882,0.000121
2025.09.18 14:00,1.3554,1.3574,1.3547,1.3555,12471,1.355014,1.357092,1.355014,1.355307,0,0.002386,-0.002392,0.000193
2025.09.18 15:00,1.3555,1.3564,1.3538,1.3551,5786,1.355271,1.35619,1.353638,1.35472,0,0.002762,-0.00239,0.00038
2025.09.18 16:00,1.355,1.356,1.3544,1.3555,3101,1.354958,1.355803,1.354261,1.355344,0,0.001739,-0.001403,0.000156
2025.09.18 17:00,1.3555,1.3565,1.3553,1.3558,2438,1.355271,1.356263,1.355271,1.355583,0,0.001229,-0.000963,0.000217
2025.09.18 18:00,1.3557,1.3559,1.3547,1.3556,3139,1.355418,1.355675,1.354591,1.355362,0,0.001309,-0.000975,0.000238
2025.09.18 19:00,1.3555,1.3559,1.355,1.355,1656,1.355289,1.355785,1.354867,1.355014,0,0.001033,-0.000785,-1.4e-05
2025.09.18 20:00,1.3551,1.3556,1.3548,1.3556,890,1.354646,1.355381,1.354646,1.355381,0,0.000954,-0.000581,0.000219
2025.09.18 22:00,1.3553,1.3557,1.3553,1.3554,0,1.355344,1.355546,1.355252,1.355252,0,0.000448,-0.000246,0.000148
2025.09.18 23:00,1.3554,1.3558,1.3554,1.3557,289,1.355271,1.355712,1.355216,1.355528,0,0.000584,-0.000312,0.000172
2025.09.19 00:00,1.3557,1.3557,1.3542,1.3551,1102,1.355546,1.355565,1.354096,1.354903,0,0.001604,-0.001365,0.000197
2025.09.19 01:00,1.3551,1.3552,1.3539,1.3541,550,1.354958,1.354958,1.353785,1.354005,0,0.001415,-0.001058,9.5e-05
2025.09.19 02:00,1.3541,1.3545,1.3533,1.3543,1175,1.353986,1.354206,1.353198,1.354151,0,0.001302,-0.000906,0.000149
2025.09.19 03:00,1.3544,1.3561,1.3543,1.3553,1223,1.354335,1.35573,1.354316,1.355179,0,0.001784,-0.00143,0.000121
2025.09.19 04:00,1.356,1.356,1.3544,1.3547,1486,1.355234,1.355932,1.354316,1.354463,0,0.001684,-0.001532,0.000237
2025.09.19 05:00,1.3547,1.3553,1.3544,1.3547,1578,1.354481,1.35516,1.354206,1.3545,0,0.001094,-0.00076,0.0002
2025.09.19 06:00,1.3548,1.3548,1.3499,1.351,9091,1.354078,1.354078,1.349892,1.350895,0,0.004908,-0.004178,0.000105
2025.09.19 07:00,1.351,1.3516,1.3487,1.3493,6234,1.350731,1.351278,1.348654,1.349164,0,0.002946,-0.002578,0.000136
2025.09.19 08:00,1.3494,1.3504,1.3485,1.3502,3741,1.349273,1.350111,1.348345,1.35002,0,0.002055,-0.001611,0.00018
2025.09.19 09:00,1.3501,1.3512,1.3498,1.3507,3754,1.349746,1.351078,1.349728,1.35053,0,0.001472,-0.001278,0.00017
2025.09.19 10:00,1.3507,1.351,1.3496,1.3499,2151,1.350512,1.350804,1.349728,1.349819,0,0.001272,-0.001204,8.1e-05
2025.09.19 11:00,1.35,1.3501,1.3475,1.348,3508,1.349601,1.349892,1.3474,1.347818,0,0.0027,-0.002392,0.000182
2025.09.19 12:00,1.348,1.3485,1.3464,1.3469,5873,1.347473,1.348309,1.346475,1.346856,0,0.002025,-0.001909,4.4e-05
2025.09.19 13:00,1.3471,1.3497,1.347,1.3492,4529,1.347092,1.349473,1.346892,1.348963,0,0.002808,-0.002473,0.000237
2025.09.19 14:00,1.3491,1.35,1.3484,1.3485,7310,1.349182,1.349819,1.348236,1.348236,0,0.001764,-0.001419,0.000264
2025.09.19 15:00,1.3484,1.3487,1.3474,1.3484,5679,1.348254,1.348509,1.347346,1.348399,0,0.001354,-0.001109,1e-06
2025.09.19 16:00,1.3485,1.3487,1.3472,1.3485,3559,1.348509,1.348509,1.347128,1.348345,0,0.001572,-0.001309,0.000155
2025.09.19 17:00,1.3485,1.3487,1.3476,1.3478,1971,1.348381,1.348527,1.347382,1.347727,0,0.001318,-0.000927,7.3e-05
2025.09.19 18:00,1.3479,1.3479,1.3469,1.3472,2365,1.347673,1.347673,1.346874,1.347001,0,0.001026,-0.000773,0.000199
2025.09.19 19:00,1.3472,1.3477,1.3469,1.3475,2990,1.346892,1.347564,1.346801,1.347237,0,0.000899,-0.000664,0.000263
2025.09.19 20:00,1.3475,1.3477,1.347,1.3471,1549,1.347219,1.347491,1.346801,1.3474,0,0.000899,-0.000491,-0.0003
2025.09.22 04:00,1.3462,1.3463,1.3455,1.3462,0,1.346076,1.346312,1.345424,1.346094,0,0.000876,-0.000812,0.000106
2025.09.22 05:00,1.3462,1.3476,1.3461,1.3472,706,1.346131,1.347382,1.346022,1.347219,0,0.001578,-0.001282,-1.9e-05
2025.09.22 06:00,1.3474,1.3485,1.3471,1.3476,2669,1.347436,1.348309,1.347219,1.347546,0,0.001281,-0.001209,5.4e-05
2025.09.22 07:00,1.3477,1.3485,1.3474,1.3481,3394,1.347727,1.348236,1.347201,1.34789,0,0.0013,-0.000836,0.000209
2025.09.22 08:00,1.348,1.3505,1.3479,1.3498,3199,1.34809,1.350311,1.34809,1.349619,0,0.00241,-0.002411,0.000181
2025.09.22 09:00,1.3499,1.3506,1.3493,1.3504,2053,1.349783,1.350348,1.3492,1.350184,0,0.0014,-0.001048,0.000216
2025.09.22 10:00,1.3504,1.3508,1.3497,1.3501,1937,1.350238,1.350621,1.349564,1.349983,0,0.001236,-0.000921,0.000117
2025.09.22 11:00,1.3501,1.3501,1.3494,1.35,1428,1.349892,1.350001,1.349364,1.349801,0,0.000736,-0.000601,0.000199
2025.09.22 12:00,1.35,1.3519,1.3492,1.351,4937,1.349783,1.35157,1.349091,1.35095,0,0.002809,-0.00237,5e-05
2025.09.22 13:00,1.351,1.3517,1.35,1.351,5177,1.350621,1.351388,1.349892,1.350713,0,0.001808,-0.001388,0.000287
2025.09.22 14:00,1.3509,1.3509,1.3494,1.3497,7177,1.350475,1.350548,1.349291,1.349564,0,0.001609,-0.001148,0.000136
2025.09.22 15:00,1.3497,1.3507,1.3494,1.3504,4352,1.349546,1.350475,1.349291,1.350275,0,0.001409,-0.001075,0.000125
2025.09.22 16:00,1.3504,1.3523,1.3502,1.3511,5255,1.350366,1.351972,1.350074,1.350858,0,0.002226,-0.001772,0.000242
2025.09.22 17:00,1.3511,1.3519,1.351,1.3519,2011,1.350877,1.351771,1.350767,1.351753,0,0.001133,-0.000772,0.000147
2025.09.22 18:00,1.3518,1.3522,1.3517,1.352,3130,1.351771,1.352009,1.35157,1.351771,0,0.00063,-0.000309,0.000229
2025.09.22 19:00,1.352,1.3521,1.3517,1.3518,1351,1.351826,1.351863,1.351552,1.351644,0,0.000548,-0.000163,0.000156
2025.09.22 20:00,1.3518,1.3519,1.3514,1.3517,1009,1.351552,1.351753,1.351333,1.351625,0,0.000567,-0.000353,7.5e-05
2025.09.22 22:00,1.3514,1.352,1.3514,1.3516,0,1.351333,1.35168,1.351333,1.351479,0,0.000667,-0.00028,0.000121
2025.09.22 23:00,1.3517,1.3518,1.3516,1.3516,183,1.351552,1.35168,1.351461,1.351461,0,0.000339,-8e-05,0.000139
2025.09.23 00:00,1.3515,1.3522,1.3513,1.3522,1026,1.35126,1.352064,1.351187,1.352064,0,0.001013,-0.000764,0.000136
2025.09.23 01:00,1.3522,1.3529,1.3518,1.3525,866,1.352192,1.352649,1.35168,1.352357,0,0.00122,-0.000849,0.000143
2025.09.23 02:00,1.3525,1.3526,1.3508,1.3511,842,1.352357,1.352466,1.350713,1.350968,0,0.001887,-0.001666,0.000132
2025.09.23 03:00,1.3511,1.3517,1.3505,1.3517,0,1.350895,1.35157,1.350439,1.35157,0,0.001261,-0.00107,0.000129
2025.09.23 04:00,1.3513,1.3514,1.3507,1.351,594,1.351662,1.35179,1.350548,1.350804,0,0.000852,-0.00109,0.000196
2025.09.23 05:00,1.3509,1.3516,1.3505,1.351,1070,1.350512,1.351461,1.350457,1.35084,0,0.001143,-0.000961,0.00016
2025.09.23 06:00,1.351,1.3524,1.3505,1.3518,1535,1.350585,1.352265,1.350366,1.351717,0,0.002034,-0.001765,8.3e-05
2025.09.23 07:00,1.3518,1.3525,1.3507,1.3522,4205,1.351424,1.352192,1.350585,1.352082,0,0.001915,-0.001492,0.000118
2025.09.23 08:00,1.3522,1.353,1.3489,1.3506,7091,1.351826,1.352704,1.348781,1.350384,0,0.004219,-0.003804,0.000216
2025.09.23 09:00,1.3506,1.3517,1.3499,1.3507,2980,1.350676,1.351205,1.349801,1.350512,0,0.001899,-0.001305,0.000188
2025.09.23 10:00,1.3508,1.3518,1.3502,1.3513,2508,1.350567,1.351625,1.35002,1.351169,0,0.00178,-0.001425,0.000131
2025.09.23 11:00,1.3512,1.3522,1.3509,1.3517,1884,1.351151,1.351972,1.350676,1.351534,0,0.001524,-0.001072,0.000166
2025.09.23 12:00,1.3517,1.3532,1.3512,1.3526,2565,1.351333,1.352924,1.351078,1.352558,0,0.002122,-0.001724,4.2e-05
2025.09.23 13:00,1.3527,1.3538,1.3508,1.352,6695,1.353271,1.353601,1.350785,1.351771,0,0.003015,-0.002801,0.000229
2025.09.23 14:00,1.352,1.3528,1.3512,1.3526,6795,1.351863,1.352521,1.351169,1.352521,0,0.001631,-0.001321,7.9e-05
2025.09.23 15:00,1.3526,1.3528,1.351,1.3519,4379,1.352503,1.352521,1.35084,1.35168,0,0.00196,-0.001521,0.00022
2025.09.23 16:00,1.3519,1.3526,1.351,1.3522,4326,1.35179,1.352375,1.350913,1.3521,0,0.001687,-0.001375,0.0001
2025.09.23 17:00,1.3523,1.3528,1.3517,1.3519,2096,1.35221,1.352539,1.35168,1.351698,0,0.00112,-0.000839,0.000202
2025.09.23 18:00,1.3518,1.3524,1.3515,1.3519,1516,1.351516,1.352174,1.351497,1.351735,0,0.000903,-0.000674,0.000165
2025.09.23 19:00,1.3519,1.3529,1.3516,1.3527,1670,1.351918,1.352667,1.351516,1.352612,0,0.001384,-0.001067,8.7e-05
2025.09.23 20:00,1.3528,1.3529,1.3522,1.3528,719,1.352612,1.352777,1.352155,1.352631,0,0.000745,-0.000577,0.000169
2025.09.23 22:00,1.3528,1.3531,1.3525,1.3526,0,1.352411,1.352832,1.352265,1.352576,0,0.000835,-0.000332,2.4e-05
2025.09.23 23:00,1.3528,1.3529,1.3525,1.3526,306,1.352594,1.352722,1.352283,1.352411,0,0.000617,-0.000222,0.000189
2025.09.24 00:00,1.3527,1.3528,1.3517,1.3517,615,1.352375,1.352375,1.351479,1.351479,0,0.001321,-0.000675,0.000221
2025.09.24 01:00,1.3518,1.3518,1.351,1.3513,594,1.351479,1.351589,1.350877,1.351169,0,0.000923,-0.000589,0.000131
2025.09.24 02:00,1.3513,1.3518,1.3511,1.3513,454,1.351078,1.351644,1.351078,1.351151,0,0.000722,-0.000544,0.000149
2025.09.24 03:00,1.3512,1.3515,1.3509,1.3509,477,1.351078,1.351461,1.350731,1.350767,0,0.000769,-0.000561,0.000133
2025.09.24 04:00,1.3509,1.3513,1.3509,1.3511,288,1.350658,1.351078,1.350658,1.35095,0,0.000642,-0.000178,0.00015
2025.09.24 05:00,1.3512,1.3514,1.3503,1.3508,663,1.351004,1.351224,1.350257,1.35064,0,0.001143,-0.000924,0.00016
2025.09.24 06:00,1.3509,1.3513,1.3495,1.3501,1873,1.350931,1.351114,1.3494,1.349892,0,0.0019,-0.001614,0.000208
2025.09.24 07:00,1.3501,1.3504,1.3484,1.3486,2889,1.34991,1.349983,1.348327,1.348563,0,0.002073,-0.001583,3.7e-05
2025.09.24 08:00,1.3486,1.3486,1.3475,1.3486,3654,1.348,1.34849,1.347473,1.348472,0,0.001127,-0.00099,0.000128
2025.09.24 09:00,1.3486,1.3489,1.3473,1.348,1750,1.34849,1.348745,1.347219,1.347818,0,0.001681,-0.001445,0.000182
2025.09.24 10:00,1.3479,1.3481,1.3466,1.3467,1795,1.347745,1.347909,1.346584,1.346584,0,0.001516,-0.001309,0.000116
2025.09.24 11:00,1.3467,1.3471,1.3457,1.346,3544,1.346276,1.346946,1.345696,1.345823,0,0.001404,-0.001246,0.000177
2025.09.24 12:00,1.3459,1.3473,1.3438,1.3448,8509,1.345804,1.346983,1.343869,1.34461,0,0.003431,-0.003183,0.00019
2025.09.24 13:00,1.3448,1.345,1.3429,1.3441,8858,1.344701,1.344791,1.342823,1.343851,0,0.002177,-0.001891,0.000249
2025.09.24 14:00,1.344,1.3459,1.3428,1.3453,7807,1.343165,1.345786,1.342877,1.345171,0,0.003023,-0.002986,0.000129
2025.09.24 15:00,1.3453,1.3459,1.3446,1.3449,5201,1.345442,1.345696,1.344466,1.344701,0,0.001434,-0.001096,0.000199
2025.09.24 16:00,1.3449,1.3451,1.3441,1.3445,3041,1.344682,1.344972,1.343978,1.344357,0,0.001122,-0.000872,0.000143
2025.09.24 17:00,1.3445,1.3458,1.3445,1.3455,3363,1.344411,1.345605,1.344411,1.345388,0,0.001389,-0.001105,0.000112
2025.09.24 18:00,1.3455,1.3457,1.3446,1.345,3768,1.345406,1.345497,1.344483,1.34499,0,0.001217,-0.000897,1e-05
2025.09.24 19:00,1.3451,1.3452,1.3445,1.3449,1683,1.344881,1.345116,1.344393,1.344719,0,0.000807,-0.000617,0.000181
2025.09.24 20:00,1.3448,1.3451,1.3445,1.3448,743,1.344809,1.344918,1.344429,1.344773,0,0.000671,-0.000418,2.7e-05
2025.09.24 22:00,1.3448,1.3454,1.3448,1.3453,0,1.344863,1.345243,1.344791,1.345135,0,0.000609,-0.000443,0.000165
2025.09.24 23:00,1.3453,1.3455,1.3451,1.3451,453,1.345153,1.34537,1.344972,1.344972,0,0.000528,-0.00027,0.000128
2025.09.25 00:00,1.3451,1.3459,1.3451,1.3458,811,1.34508,1.34575,1.345008,1.34575,0,0.000892,-0.00065,5e-05
2025.09.25 01:00,1.3459,1.3461,1.3451,1.3455,813,1.345786,1.345913,1.34499,1.345442,0,0.00111,-0.000813,5.8e-05
2025.09.25 02:00,1.3456,1.3464,1.3456,1.346,397,1.345497,1.346257,1.345424,1.345859,0,0.000976,-0.000657,0.000141
2025.09.25 03:00,1.3459,1.3464,1.3458,1.3464,222,1.345823,1.346239,1.345623,1.346239,0,0.000777,-0.000439,0.000161
2025.09.25 04:00,1.3463,1.3466,1.3461,1.3465,718,1.346276,1.346475,1.346058,1.34633,0,0.000542,-0.000375,0.00017
2025.09.25 05:00,1.3464,1.3464,1.3455,1.3456,914,1.346257,1.346312,1.345406,1.345515,0,0.000994,-0.000812,8.5e-05
2025.09.25 06:00,1.3456,1.347,1.3451,1.3467,4367,1.345316,1.346729,1.345098,1.346584,0,0.001902,-0.001629,0.000116
2025.09.25 07:00,1.3467,1.3467,1.3439,1.344,4410,1.346312,1.346348,1.343815,1.343815,0,0.002885,-0.002448,0.000185
2025.09.25 08:00,1.344,1.3456,1.3436,1.3455,2353,1.343887,1.345334,1.343598,1.345334,0,0.002002,-0.001734,0.000166
2025.09.25 09:00,1.3455,1.3461,1.3449,1.3452,1122,1.345352,1.346004,1.344755,1.345044,0,0.001345,-0.001104,0.000156
2025.09.25 10:00,1.3451,1.3458,1.3448,1.3449,1159,1.34499,1.345696,1.344701,1.344791,0,0.001099,-0.000896,0.000109
2025.09.25 11:00,1.3449,1.3449,1.342,1.3424,4683,1.344538,1.344682,1.341904,1.342246,0,0.002996,-0.002682,0.000154
2025.09.25 12:00,1.3424,1.3426,1.3375,1.3386,14424,1.342192,1.342192,1.337506,1.338455,0,0.005094,-0.004692,0.000145
2025.09.25 13:00,1.3385,1.3396,1.3366,1.3373,12621,1.338061,1.339351,1.336595,1.337167,0,0.003005,-0.002751,0.000133
2025.09.25 14:00,1.3374,1.3386,1.335,1.335,12767,1.336916,1.338455,1.33481,1.33481,0,0.00379,-0.003455,0.00019
2025.09.25 15:00,1.335,1.3354,1.3343,1.3351,9275,1.334739,1.335113,1.334276,1.334882,0,0.001124,-0.000813,0.000218
2025.09.25 16:00,1.335,1.3359,1.3338,1.3341,4809,1.334989,1.335738,1.333689,1.333956,0,0.002211,-0.001938,0.000144
2025.09.25 17:00,1.3341,1.3345,1.3328,1.3337,5335,1.333956,1.334347,1.3328,1.3336,0,0.0017,-0.001547,0.0001
2025.09.25 18:00,1.3338,1.334,1.3325,1.3335,4442,1.333707,1.333831,1.332534,1.333422,0,0.001466,-0.001331,7.8e-05
2025.09.25 19:00,1.3336,1.3343,1.3335,1.3339,5010,1.333547,1.334116,1.333458,1.333742,0,0.000842,-0.000616,0.000158
2025.09.25 20:00,1.3339,1.3349,1.3338,1.3347,1254,1.333725,1.334721,1.333707,1.334365,0,0.001193,-0.000921,0.000335
2025.09.25 22:00,1.3345,1.3348,1.3342,1.3345,0,1.334045,1.33465,1.334045,1.334365,0,0.000755,-0.00045,0.000135
2025.09.25 23:00,1.3346,1.3346,1.3334,1.3337,731,1.334347,1.334347,1.333315,1.3336,0,0.001284,-0.000947,0.0001
2025.09.26 00:00,1.3337,1.3347,1.3332,1.3347,846,1.33344,1.334561,1.333173,1.334561,0,0.001527,-0.001361,0.000139
2025.09.26 01:00,1.3347,1.335,1.3341,1.3343,1423,1.334632,1.334846,1.334027,1.334152,0,0.000973,-0.000746,0.000148
2025.09.26 02:00,1.3344,1.3358,1.3344,1.3352,824,1.334223,1.335595,1.334223,1.33506,0,0.001577,-0.001195,0.00014
2025.09.26 03:00,1.3352,1.3357,1.3351,1.3357,276,1.335042,1.335488,1.334917,1.335488,0,0.000783,-0.000388,0.000212
2025.09.26 04:00,1.3353,1.3357,1.3353,1.3356,319,1.335238,1.335577,1.335078,1.33547,0,0.000622,-0.000277,0.00013
2025.09.26 05:00,1.3356,1.3359,1.3354,1.3355,928,1.335434,1.335773,1.335345,1.335381,0,0.000555,-0.000373,0.000119
2025.09.26 06:00,1.3354,1.3365,1.3353,1.3365,3536,1.335434,1.336434,1.335256,1.336434,0,0.001244,-0.001134,6.6e-05
2025.09.26 07:00,1.3365,1.3371,1.3347,1.3355,6184,1.336237,1.336952,1.334615,1.33531,0,0.002485,-0.002252,0.00019
2025.09.26 08:00,1.3355,1.3372,1.3353,1.3367,2631,1.335292,1.337023,1.335203,1.336505,0,0.001997,-0.001724,0.000195
2025.09.26 09:00,1.3367,1.3368,1.3352,1.3355,1957,1.336559,1.336559,1.335203,1.335203,0,0.001597,-0.001359,0.000297
2025.09.26 10:00,1.3355,1.3358,1.3345,1.3348,1776,1.335149,1.335595,1.334241,1.334757,0,0.001559,-0.001095,4.3e-05
2025.09.26 11:00,1.3349,1.3359,1.3346,1.3352,2367,1.334757,1.335613,1.334454,1.335078,0,0.001446,-0.001013,0.000122
2025.09.26 12:00,1.3352,1.3379,1.3351,1.3379,7702,1.335149,1.33756,1.335149,1.337542,0,0.002751,-0.00246,0.000358
2025.09.26 13:00,1.3379,1.339,1.3377,1.3388,6407,1.337972,1.338706,1.337614,1.338527,0,0.001386,-0.001006,0.000273
2025.09.26 14:00,1.3386,1.3409,1.3386,1.3403,9397,1.338796,1.340554,1.338634,1.340231,0,0.002266,-0.001954,6.9e-05
2025.09.26 15:00,1.3403,1.3415,1.3397,1.3404,7079,1.340069,1.341238,1.339513,1.340159,0,0.001987,-0.001538,0.000241
2025.09.26 16:00,1.3403,1.3412,1.3399,1.3401,3450,1.340213,1.341022,1.339836,1.339854,0,0.001364,-0.001122,0.000246
2025.09.26 17:00,1.3401,1.341,1.34,1.3407,1720,1.340016,1.34077,1.339962,1.340518,0,0.001038,-0.00077,0.000182
2025.09.26 18:00,1.3407,1.3414,1.3403,1.3412,2398,1.340572,1.341112,1.340321,1.340986,0,0.001079,-0.000812,0.000214
2025.09.26 19:00,1.3412,1.3412,1.3406,1.341,1768,1.340932,1.341076,1.340483,1.34086,0,0.000717,-0.000476,0.00014
2025.09.26 20:00,1.3409,1.3411,1.3401,1.3411,1487,1.340878,1.341022,1.339908,1.340123,0,0.001192,-0.000922,0.000977
2025.09.28 23:00,1.3407,1.3413,1.3406,1.341,475,1.340483,1.341166,1.340483,1.340788,0,0.000817,-0.000566,0.000212
2025.09.29 00:00,1.3409,1.3426,1.3409,1.3425,1084,1.340968,1.342516,1.340968,1.342426,0,0.001632,-0.001616,7.4e-05
2025.09.29 01:00,1.3425,1.343,1.3419,1.3429,1272,1.342318,1.342805,1.341706,1.342696,0,0.001294,-0.000905,0.000204
2025.09.29 02:00,1.3428,1.3436,1.3428,1.3431,1123,1.342678,1.3434,1.342678,1.343039,0,0.000922,-0.0006,6.1e-05
2025.09.29 03:00,1.3432,1.3436,1.3431,1.3434,644,1.343093,1.343436,1.342985,1.343238,0,0.000615,-0.000336,0.000162
2025.09.29 04:00,1.3433,1.3443,1.3431,1.344,1319,1.343093,1.344194,1.342877,1.343851,0,0.001423,-0.001094,0.000149
2025.09.29 05:00,1.344,1.3445,1.3437,1.3444,1832,1.343725,1.344213,1.343562,1.344213,0,0.000938,-0.000512,0.000188
2025.09.29 06:00,1.3444,1.3445,1.3437,1.344,2417,1.344068,1.344194,1.343526,1.343923,0,0.000974,-0.000494,7.7e-05
2025.09.29 07:00,1.344,1.3452,1.3438,1.3448,3279,1.343851,1.344954,1.343851,1.344682,0,0.001349,-0.001154,0.000118
2025.09.29 08:00,1.3448,1.3452,1.3434,1.3438,2340,1.34452,1.344972,1.343256,1.343671,0,0.001944,-0.001572,0.000129
2025.09.29 09:00,1.3438,1.3444,1.3433,1.3434,2249,1.343707,1.344213,1.343093,1.343219,0,0.001307,-0.000913,0.000181
2025.09.29 10:00,1.3434,1.3435,1.3427,1.343,1492,1.343147,1.343328,1.342624,1.342823,0,0.000876,-0.000628,0.000178
2025.09.29 11:00,1.3431,1.3449,1.3427,1.3449,2684,1.342877,1.344809,1.342624,1.344809,0,0.002276,-0.002109,9.1e-05
2025.09.29 12:00,1.345,1.3459,1.3436,1.3453,4605,1.344737,1.345659,1.343508,1.345225,0,0.002392,-0.002059,7.5e-05
2025.09.29 13:00,1.3454,1.3454,1.344,1.344,4342,1.345207,1.345207,1.343941,1.34396,0,0.001459,-0.001207,4e-05
2025.09.29 14:00,1.344,1.3442,1.3418,1.3421,5598,1.343887,1.343887,1.34185,1.34185,0,0.00235,-0.002087,0.00025
2025.09.29 15:00,1.342,1.3438,1.3419,1.3434,4238,1.341868,1.343616,1.341868,1.343219,0,0.001932,-0.001716,0.000181
2025.09.29 16:00,1.3433,1.3437,1.3428,1.3433,1862,1.343219,1.343562,1.342696,1.343129,0,0.001004,-0.000762,0.000171
2025.09.29 17:00,1.3433,1.3435,1.3425,1.3427,1146,1.343256,1.343382,1.342498,1.342552,0,0.001002,-0.000882,0.000148
2025.09.29 18:00,1.3427,1.344,1.3425,1.3439,2636,1.342552,1.343905,1.342498,1.343851,0,0.001502,-0.001405,4.9e-05
2025.09.29 19:00,1.3439,1.344,1.3436,1.3438,1732,1.343815,1.343851,1.343508,1.343616,0,0.000492,-0.000251,0.000183
2025.09.29 20:00,1.3437,1.3438,1.3431,1.3432,1058,1.343544,1.343544,1.343003,1.343057,0,0.000797,-0.000444,0.000143
2025.09.29 22:00,1.3434,1.3436,1.3429,1.3435,0,1.343274,1.343436,1.343111,1.343418,0,0.000489,-0.000536,8.2e-05
2025.09.29 23:00,1.3436,1.344,1.3435,1.3437,234,1.343436,1.343815,1.3434,1.343526,0,0.0006,-0.000315,0.000174
2025.09.30 00:00,1.3436,1.3437,1.3422,1.3426,1414,1.343111,1.343653,1.342102,1.342534,0,0.001598,-0.001453,6.6e-05
2025.09.30 01:00,1.3428,1.3437,1.3424,1.3424,828,1.342823,1.343418,1.34239,1.342426,0,0.00131,-0.001018,-2.6e-05
2025.09.30 02:00,1.3424,1.3434,1.3423,1.3433,451,1.342138,1.343219,1.34212,1.343129,0,0.00128,-0.000919,0.000171
2025.09.30 03:00,1.3433,1.344,1.343,1.3437,0,1.343021,1.343833,1.342895,1.343598,0,0.001105,-0.000833,0.000102
2025.09.30 04:00,1.3437,1.344,1.343,1.344,740,1.343616,1.343869,1.342913,1.343869,0,0.001087,-0.000869,0.000131
2025.09.30 05:00,1.344,1.3448,1.3435,1.3436,1755,1.34414,1.34461,1.3434,1.3434,0,0.0014,-0.00111,0.0002
2025.09.30 06:00,1.3437,1.3453,1.343,1.3443,2593,1.343508,1.345135,1.342967,1.344122,0,0.002333,-0.002135,0.000178
2025.09.30 07:00,1.3442,1.3453,1.3434,1.3449,3547,1.343923,1.345135,1.34331,1.344791,0,0.00199,-0.001735,0.000109
2025.09.30 08:00,1.3449,1.3454,1.3443,1.3448,2465,1.344719,1.345225,1.34414,1.344592,0,0.00126,-0.000925,0.000208
2025.09.30 09:00,1.3447,1.3451,1.3443,1.3446,1926,1.344502,1.34499,1.34405,1.344502,0,0.00105,-0.00069,9.8e-05
2025.09.30 10:00,1.3446,1.3452,1.3439,1.3439,1700,1.34461,1.345026,1.343743,1.343797,0,0.001457,-0.001126,0.000103
2025.09.30 11:00,1.344,1.3445,1.3427,1.3439,2201,1.343905,1.344447,1.34257,1.343707,0,0.00193,-0.001747,0.000193
2025.09.30 12:00,1.3439,1.3454,1.3439,1.3443,3419,1.343815,1.345044,1.343725,1.344267,0,0.001675,-0.001144,3.3e-05
2025.09.30 13:00,1.3444,1.3452,1.3416,1.3445,8315,1.344411,1.344936,1.341616,1.344466,0,0.003584,-0.003336,3.4e-05
2025.09.30 14:00,1.3446,1.347,1.3437,1.3464,17791,1.344231,1.346711,1.343779,1.346221,0,0.003221,-0.003011,0.000179
2025.09.30 15:00,1.3463,1.3465,1.3438,1.3444,6359,1.346239,1.346239,1.343725,1.344321,0,0.002775,-0.002439,7.9e-05
2025.09.30 16:00,1.3445,1.3464,1.3442,1.3461,3387,1.34452,1.346239,1.344104,1.345949,0,0.002296,-0.002039,0.000151
2025.09.30 17:00,1.3461,1.3465,1.3452,1.3453,2909,1.346022,1.346312,1.345044,1.345135,0,0.001456,-0.001112,0.000165
2025.09.30 18:00,1.3453,1.3455,1.3443,1.345,2702,1.345225,1.345352,1.344231,1.345008,0,0.001269,-0.001052,-8e-06
2025.09.30 19:00,1.3451,1.3454,1.3446,1.345,1533,1.344556,1.345171,1.344556,1.344899,0,0.000844,-0.000571,0.000101
2025.09.30 20:00,1.3451,1.3451,1.3441,1.3446,1487,1.344719,1.344719,1.344032,1.344628,0,0.001068,-0.000619,-2.8e-05
2025.09.30 22:00,1.3448,1.3453,1.3443,1.3445,0,1.344357,1.345044,1.344321,1.344375,0,0.000979,-0.000744,0.000125
2025.09.30 23:00,1.3447,1.3452,1.3444,1.3445,465,1.344357,1.345026,1.344285,1.344339,0,0.000915,-0.000626,0.000161
2025.10.01 00:00,1.3443,1.3445,1.3438,1.3443,1167,1.344122,1.344411,1.343671,1.344122,0,0.000829,-0.000611,0.000178
2025.10.01 01:00,1.3442,1.3444,1.3437,1.3443,571,1.344249,1.344249,1.343562,1.344213,0,0.000838,-0.000549,8.7e-05
2025.10.01 02:00,1.3444,1.3445,1.3436,1.3443,762,1.344231,1.344339,1.343598,1.344176,0,0.000902,-0.000739,0.000124
2025.10.01 03:00,1.3443,1.3444,1.3438,1.3444,484,1.344249,1.344267,1.343707,1.34414,0,0.000693,-0.000467,0.00026
2025.10.01 04:00,1.3446,1.3465,1.3446,1.3464,1293,1.344231,1.346348,1.344213,1.346348,0,0.002288,-0.001748,5.2e-05
2025.10.01 05:00,1.3465,1.3474,1.3457,1.3458,1358,1.347055,1.347146,1.345605,1.345605,0,0.001795,-0.001446,0.000195
2025.10.01 06:00,1.3458,1.348,1.3457,1.3468,2855,1.345968,1.347727,1.345732,1.346783,0,0.002268,-0.002027,1.7e-05
2025.10.01 07:00,1.3469,1.3479,1.3456,1.3469,4314,1.346928,1.347745,1.345497,1.346783,0,0.002403,-0.002145,0.000117
2025.10.01 08:00,1.3469,1.3482,1.3469,1.3469,2736,1.346892,1.348018,1.346783,1.346783,0,0.001417,-0.001118,0.000117
2025.10.01 09:00,1.347,1.3477,1.3465,1.3466,2269,1.34682,1.347527,1.346366,1.346493,0,0.001334,-0.001027,0.000107
2025.10.01 10:00,1.3466,1.3478,1.346,1.3473,2942,1.346366,1.347546,1.345968,1.347128,0,0.001832,-0.001546,0.000172
2025.10.01 11:00,1.3473,1.3491,1.3473,1.3484,4027,1.347237,1.3488,1.347201,1.348145,0,0.001899,-0.0015,0.000255
2025.10.01 12:00,1.3484,1.3523,1.3472,1.3514,22474,1.348072,1.35221,1.34711,1.35126,0,0.00519,-0.00501,0.00014
2025.10.01 13:00,1.3514,1.3529,1.3508,1.3519,6724,1.351424,1.352722,1.350822,1.351771,0,0.002078,-0.001922,0.000129
2025.10.01 14:00,1.352,1.3526,1.3494,1.3509,23252,1.351771,1.352046,1.349418,1.350676,0,0.003182,-0.002646,0.000224
2025.10.01 15:00,1.3508,1.351,1.3473,1.3473,7963,1.350731,1.350731,1.347219,1.347219,0,0.003781,-0.003431,8.1e-05
2025.10.01 16:00,1.3473,1.3478,1.3467,1.3476,2424,1.346638,1.347654,1.346638,1.347436,0,0.001162,-0.000954,0.000164
2025.10.01 17:00,1.3476,1.348,1.3474,1.3474,1880,1.347509,1.347872,1.347273,1.347309,0,0.000727,-0.000472,9e-05
2025.10.01 18:00,1.3475,1.3491,1.347,1.3487,4654,1.347219,1.348945,1.347001,1.348672,0,0.002099,-0.001945,2.8e-05
2025.10.01 19:00,1.3488,1.349,1.348,1.348,1542,1.348818,1.348872,1.347963,1.348,0,0.001037,-0.000872,0.0
2025.10.01 20:00,1.3481,1.3482,1.3473,1.3477,654,1.347945,1.347945,1.347273,1.347782,0,0.000927,-0.000645,-8.2e-05
2025.10.01 22:00,1.3478,1.3482,1.3478,1.348,0,1.347872,1.348163,1.347782,1.347963,0,0.000418,-0.000363,3.7e-05
2025.10.01 23:00,1.3481,1.3484,1.348,1.348,424,1.348054,1.348381,1.347927,1.347927,0,0.000473,-0.000381,7.3e-05
2025.10.02 00:00,1.3479,1.348,1.3471,1.3471,973,1.347691,1.3478,1.347001,1.347001,0,0.000999,-0.0007,9.9e-05
2025.10.02 01:00,1.3471,1.3486,1.3469,1.3485,949,1.346965,1.348472,1.34682,1.348472,0,0.001781,-0.001572,2.8e-05
2025.10.02 02:00,1.3486,1.3489,1.3481,1.3483,410,1.348781,1.348781,1.348054,1.348145,0,0.000846,-0.000681,0.000155
2025.10.02 03:00,1.3482,1.3482,1.3477,1.3479,397,1.348109,1.348145,1.347654,1.347854,0,0.000546,-0.000445,4.6e-05
2025.10.02 04:00,1.348,1.348,1.3475,1.3477,298,1.347854,1.347945,1.347455,1.3476,0,0.000545,-0.000445,0.0001
2025.10.02 05:00,1.3479,1.348,1.3471,1.3477,1514,1.347854,1.347854,1.346983,1.347636,0,0.001017,-0.000754,6.4e-05
2025.10.02 06:00,1.3477,1.3491,1.3475,1.3491,2919,1.347945,1.348963,1.347436,1.348963,0,0.001664,-0.001463,0.000137
2025.10.02 07:00,1.3491,1.3502,1.3489,1.3495,3098,1.349036,1.350056,1.348981,1.349455,0,0.001219,-0.001156,4.5e-05
2025.10.02 08:00,1.3496,1.3511,1.3494,1.3506,2490,1.349437,1.351041,1.349218,1.350567,0,0.001882,-0.001641,3.3e-05
2025.10.02 09:00,1.3506,1.351,1.3498,1.35,1976,1.350421,1.350822,1.349728,1.34991,0,0.001272,-0.001022,9e-05
2025.10.02 10:00,1.3499,1.3499,1.3482,1.3482,1956,1.349801,1.349801,1.347981,1.347981,0,0.001919,-0.001601,0.000219
2025.10.02 11:00,1.3482,1.3485,1.3472,1.3478,3937,1.348254,1.348254,1.347128,1.347691,0,0.001372,-0.001054,0.000109
2025.10.02 12:00,1.3478,1.3484,1.3465,1.3467,5412,1.347854,1.348236,1.346511,1.346511,0,0.001889,-0.001736,0.000189
2025.10.02 13:00,1.3468,1.347,1.3428,1.3433,9283,1.346729,1.346856,1.342967,1.343129,0,0.004033,-0.004056,0.000171
2025.10.02 14:00,1.3431,1.3432,1.3414,1.3422,13122,1.343057,1.343075,1.341616,1.34212,0,0.001584,-0.001675,8e-05
2025.10.02 15:00,1.3423,1.3429,1.3403,1.3422,8927,1.34212,1.342678,1.340213,1.342138,0,0.002687,-0.002378,6.2e-05
2025.10.02 16:00,1.3422,1.3441,1.3422,1.344,4598,1.342156,1.34396,1.342156,1.34396,0,0.001944,-0.00176,4e-05
2025.10.02 17:00,1.3441,1.3447,1.3438,1.344,2095,1.34405,1.344556,1.343653,1.343833,0,0.001047,-0.000756,0.000167
2025.10.02 18:00,1.3439,1.345,1.3438,1.3448,2279,1.343851,1.344845,1.343851,1.344755,0,0.001149,-0.001045,4.5e-05
2025.10.02 19:00,1.3449,1.3453,1.3444,1.3445,1601,1.344845,1.345171,1.344375,1.344393,0,0.000925,-0.000771,0.000107
2025.10.02 20:00,1.3444,1.3451,1.344,1.344,1064,1.344285,1.345008,1.343923,1.344086,0,0.001177,-0.001008,-8.6e-05
2025.10.02 22:00,1.3437,1.3456,1.3437,1.3443,0,1.344176,1.345098,1.344068,1.344122,0,0.001532,-0.001398,0.000178
2025.10.02 23:00,1.3442,1.3448,1.3442,1.3448,283,1.344194,1.344701,1.344158,1.344682,0,0.000642,-0.000501,0.000118
2025.10.03 00:00,1.3447,1.3449,1.3441,1.3446,776,1.344664,1.344664,1.343996,1.344556,0,0.000904,-0.000564,4.4e-05
2025.10.03 01:00,1.3447,1.3452,1.3435,1.3447,1015,1.344646,1.344972,1.3434,1.344592,0,0.0018,-0.001472,0.000108
2025.10.03 02:00,1.3447,1.3447,1.3438,1.3441,454,1.344574,1.344574,1.343653,1.344014,0,0.001047,-0.000774,8.6e-05
2025.10.03 03:00,1.344,1.3447,1.3437,1.3447,469,1.34396,1.344574,1.343634,1.344574,0,0.001065,-0.000874,0.000126
2025.10.03 04:00,1.3446,1.3446,1.3437,1.3437,420,1.344538,1.344664,1.343598,1.343598,0,0.001002,-0.000964,0.000102
2025.10.03 05:00,1.3437,1.3438,1.3433,1.3434,1107,1.343562,1.343743,1.343238,1.343274,0,0.000562,-0.000443,0.000126
2025.10.03 06:00,1.3435,1.3445,1.343,1.3435,2292,1.343238,1.344357,1.343075,1.343454,0,0.001425,-0.001357,4.6e-05
2025.10.03 07:00,1.3436,1.3463,1.3436,1.3462,3633,1.343689,1.346058,1.343689,1.345986,0,0.002611,-0.002458,0.000214
2025.10.03 08:00,1.3462,1.3468,1.3455,1.346,4028,1.346439,1.346638,1.345406,1.345841,0,0.001394,-0.001138,0.000159
2025.10.03 09:00,1.3459,1.346,1.3444,1.3455,2963,1.345877,1.345877,1.344429,1.345424,0,0.001571,-0.001477,7.6e-05
2025.10.03 10:00,1.3456,1.3458,1.3451,1.3454,1361,1.34546,1.345659,1.344918,1.345334,0,0.000883,-0.000559,6.6e-05
2025.10.03 11:00,1.3455,1.3457,1.3447,1.345,2450,1.345261,1.345659,1.344574,1.344918,0,0.001126,-0.00096,8.2e-05
2025.10.03 12:00,1.3451,1.3461,1.3439,1.346,3545,1.345135,1.345931,1.343887,1.345931,0,0.002213,-0.002031,6.9e-05
2025.10.03 13:00,1.346,1.3471,1.3453,1.3466,7794,1.345768,1.346874,1.345243,1.346584,0,0.001857,-0.001574,1.6e-05
2025.10.03 14:00,1.3467,1.3481,1.3459,1.3474,9312,1.346856,1.3478,1.345895,1.347237,0,0.002205,-0.0019,0.000163
2025.10.03 15:00,1.3473,1.3487,1.3467,1.3482,4007,1.34711,1.34849,1.34662,1.348018,0,0.00208,-0.00179,0.000182
2025.10.03 16:00,1.3481,1.3486,1.3475,1.3479,2452,1.348127,1.348436,1.3474,1.3478,0,0.0012,-0.000936,0.0001
2025.10.03 17:00,1.3479,1.3484,1.3468,1.3473,2351,1.347546,1.348254,1.346838,1.347146,0,0.001562,-0.001454,0.000154
2025.10.03 18:00,1.3473,1.3483,1.3465,1.3482,2199,1.347037,1.34809,1.346421,1.348054,0,0.001879,-0.00159,0.000146
2025.10.03 19:00,1.3482,1.3486,1.3479,1.3485,1478,1.348145,1.348436,1.347854,1.348327,0,0.000746,-0.000536,0.000173
2025.10.03 20:00,1.3484,1.3488,1.3478,1.3483,1597,1.348454,1.348636,1.347763,1.348181,0,0.001037,-0.000836,0.000119
2025.10.06 04:00,1.3482,1.3482,1.3448,1.3448,0,1.345334,1.345497,1.344664,1.344755,0,0.003536,-0.000697,4.5e-05
2025.10.06 05:00,1.3448,1.3454,1.3442,1.3445,1013,1.344827,1.345225,1.344104,1.344357,0,0.001296,-0.001025,0.000143
2025.10.06 06:00,1.3446,1.345,1.3432,1.3444,3472,1.344701,1.344809,1.34331,1.344213,0,0.00169,-0.001609,0.000188
2025.10.06 07:00,1.3443,1.3466,1.3439,1.3445,8061,1.34405,1.346421,1.343887,1.344556,0,0.002713,-0.002521,-5.6e-05
2025.10.06 08:00,1.3445,1.3447,1.3419,1.3438,4208,1.344483,1.344483,1.341994,1.343743,0,0.002706,-0.002584,5.7e-05
2025.10.06 09:00,1.3437,1.344,1.3426,1.3439,2215,1.343436,1.343833,1.342516,1.343743,0,0.001484,-0.001233,0.000157
2025.10.06 10:00,1.3438,1.3439,1.3424,1.3424,3683,1.343634,1.343761,1.342408,1.342642,0,0.001492,-0.001361,-0.000242
2025.10.06 11:00,1.3424,1.3433,1.3418,1.3427,3820,1.342318,1.343129,1.341724,1.342444,0,0.001576,-0.001329,0.000256
2025.10.06 12:00,1.3426,1.3442,1.3426,1.344,5895,1.342372,1.343996,1.342372,1.343707,0,0.001828,-0.001396,0.000293
2025.10.06 13:00,1.344,1.3466,1.344,1.3463,6123,1.343833,1.346457,1.343779,1.346294,0,0.002821,-0.002457,6e-06
2025.10.06 14:00,1.3464,1.3486,1.3461,1.3482,6367,1.346167,1.348399,1.346058,1.348054,0,0.002542,-0.002299,0.000146
2025.10.06 15:00,1.3481,1.3486,1.347,1.3477,7012,1.34809,1.348345,1.347019,1.347436,0,0.001581,-0.001345,0.000264
2025.10.06 16:00,1.3477,1.3478,1.3467,1.3477,1785,1.347673,1.347691,1.346692,1.347546,0,0.001108,-0.000991,0.000154
2025.10.06 17:00,1.3477,1.3485,1.3477,1.3485,2759,1.347636,1.348399,1.347636,1.348399,0,0.000864,-0.000699,0.000101
2025.10.06 18:00,1.3485,1.3489,1.3481,1.3484,1973,1.348381,1.348727,1.348018,1.348309,0,0.000882,-0.000627,9.1e-05
2025.10.06 19:00,1.3484,1.3492,1.3482,1.3483,1449,1.348309,1.349036,1.348236,1.348236,0,0.000964,-0.000836,6.4e-05
2025.10.06 20:00,1.3483,1.3488,1.3482,1.3486,1491,1.348181,1.348727,1.348109,1.348527,0,0.000691,-0.000527,7.3e-05
2025.10.06 22:00,1.3481,1.3489,1.3481,1.3483,0,1.348272,1.348727,1.348199,1.348254,0,0.0007,-0.000627,4.6e-05
2025.10.06 23:00,1.3483,1.3489,1.3482,1.3486,357,1.348254,1.348745,1.34809,1.348472,0,0.00081,-0.000545,0.000128
2025.10.07 00:00,1.3486,1.3486,1.3479,1.3483,866,1.348418,1.348436,1.347854,1.348236,0,0.000746,-0.000536,6.4e-05
2025.10.07 01:00,1.3482,1.3482,1.3475,1.3476,590,1.348254,1.348254,1.347364,1.347455,0,0.000836,-0.000754,0.000145
2025.10.07 02:00,1.3477,1.3481,1.3474,1.3477,601,1.3474,1.348054,1.3474,1.347636,0,0.0007,-0.000654,6.4e-05
2025.10.07 03:00,1.3478,1.3483,1.3476,1.3478,0,1.347654,1.348181,1.347546,1.347673,0,0.000754,-0.000581,0.000127
2025.10.07 04:00,1.3479,1.3482,1.347,1.3472,383,1.347527,1.34809,1.346928,1.347074,0,0.001272,-0.00109,0.000126
2025.10.07 05:00,1.3471,1.3472,1.3457,1.3461,1397,1.346983,1.347164,1.345641,1.345968,0,0.001559,-0.001464,0.000132
2025.10.07 06:00,1.3462,1.3462,1.3447,1.3454,3238,1.346167,1.346167,1.344556,1.345261,0,0.001644,-0.001467,0.000139
2025.10.07 07:00,1.3455,1.3456,1.3431,1.3438,4447,1.345388,1.345388,1.343346,1.343526,0,0.002254,-0.002288,0.000274
2025.10.07 08:00,1.3438,1.3446,1.3434,1.3438,2693,1.343725,1.344502,1.343382,1.343671,0,0.001218,-0.001102,0.000129
2025.10.07 09:00,1.3438,1.3445,1.3434,1.3445,1738,1.343869,1.344267,1.343346,1.344249,0,0.001154,-0.000867,0.000251
2025.10.07 10:00,1.3445,1.3446,1.3426,1.3428,4685,1.344502,1.344502,1.34275,1.34275,0,0.00185,-0.001902,5e-05
2025.10.07 11:00,1.3428,1.3429,1.3394,1.3403,7818,1.34275,1.342805,1.339351,1.340321,0,0.003549,-0.003404,-2.1e-05
2025.10.07 12:00,1.3402,1.3417,1.3394,1.3416,6742,1.340195,1.34158,1.339513,1.34158,0,0.002187,-0.00218,2e-05
2025.10.07 13:00,1.3416,1.3429,1.3411,1.342,7262,1.341454,1.342787,1.34131,1.34194,0,0.00159,-0.001687,6e-05
2025.10.07 14:00,1.3419,1.3434,1.3416,1.3433,7207,1.34167,1.343328,1.341634,1.343238,0,0.001766,-0.001728,6.2e-05
2025.10.07 15:00,1.3432,1.3456,1.3432,1.3442,9784,1.343165,1.345352,1.343165,1.344213,0,0.002435,-0.002152,-1.3e-05
2025.10.07 16:00,1.3442,1.3451,1.3441,1.3444,3898,1.34414,1.344918,1.344068,1.344411,0,0.001032,-0.000818,-1.1e-05
2025.10.07 17:00,1.3444,1.3453,1.3442,1.3442,2624,1.344466,1.345189,1.344194,1.344194,0,0.001106,-0.000989,6e-06
2025.10.07 18:00,1.3442,1.3443,1.3431,1.3432,2580,1.344104,1.344104,1.343039,1.343057,0,0.001261,-0.001004,0.000143
2025.10.07 19:00,1.3431,1.3433,1.3418,1.3422,3340,1.343057,1.343057,1.341706,1.342138,0,0.001594,-0.001257,6.2e-05
2025.10.07 20:00,1.3422,1.3428,1.342,1.3425,1018,1.342102,1.342678,1.34194,1.34248,0,0.00086,-0.000678,2e-05
2025.10.07 22:00,1.3427,1.3432,1.3426,1.3427,0,1.342696,1.342859,1.34257,1.34257,0,0.00063,-0.000259,0.00013
2025.10.07 23:00,1.3427,1.3428,1.3421,1.3421,463,1.342624,1.34266,1.342066,1.342066,0,0.000734,-0.00056,3.4e-05
2025.10.08 00:00,1.3421,1.3423,1.3413,1.3417,1606,1.342102,1.342102,1.341256,1.341652,0,0.001044,-0.000802,4.8e-05
2025.10.08 01:00,1.3416,1.3417,1.3398,1.3399,3037,1.340986,1.341544,1.339674,1.339782,0,0.002025,-0.001744,0.000118
2025.10.08 02:00,1.34,1.3403,1.3393,1.3398,1489,1.33989,1.340285,1.339298,1.33971,0,0.001002,-0.000985,9e-05
2025.10.08 03:00,1.3398,1.34,1.3392,1.3399,444,1.339764,1.33998,1.339154,1.33998,0,0.000846,-0.00078,-8e-05
2025.10.08 04:00,1.3396,1.3396,1.3391,1.3394,386,1.340016,1.340087,1.339082,1.339351,0,0.000517,-0.000987,4.9e-05
2025.10.08 05:00,1.3394,1.3394,1.3386,1.3392,1722,1.339369,1.339369,1.338563,1.339065,0,0.000837,-0.000769,0.000135
2025.10.08 06:00,1.3393,1.3398,1.3385,1.3397,3319,1.33928,1.33971,1.338509,1.33971,0,0.001291,-0.00121,-1e-05
2025.10.08 07:00,1.3398,1.3419,1.3396,1.3418,3738,1.339818,1.341724,1.339567,1.341652,0,0.002333,-0.002124,0.000148
2025.10.08 08:00,1.3418,1.3427,1.3407,1.3409,3307,1.341724,1.342606,1.340644,1.340788,0,0.002056,-0.001906,0.000112
2025.10.08 09:00,1.341,1.3415,1.3402,1.3404,2225,1.340806,1.34131,1.340195,1.340267,0,0.001305,-0.00111,0.000133
2025.10.08 10:00,1.3404,1.3428,1.3403,1.3414,3869,1.340321,1.342714,1.340321,1.341274,0,0.002479,-0.002414,0.000126
2025.10.08 11:00,1.3414,1.3418,1.3402,1.3408,5931,1.341346,1.341562,1.340249,1.340572,0,0.001551,-0.001362,0.000228
2025.10.08 12:00,1.3409,1.3422,1.3409,1.3421,3664,1.340806,1.342102,1.340806,1.341886,0,0.001394,-0.001202,0.000214
2025.10.08 13:00,1.3421,1.3431,1.3418,1.3426,4210,1.342084,1.342985,1.341796,1.342913,0,0.001304,-0.001185,-0.000313
2025.10.08 14:00,1.3426,1.344,1.342,1.3422,5371,1.342246,1.343815,1.342102,1.342282,0,0.001898,-0.001815,-8.2e-05
2025.10.08 15:00,1.3422,1.3424,1.3387,1.3389,6259,1.342174,1.342264,1.338832,1.339172,0,0.003568,-0.003564,-0.000272
2025.10.08 16:00,1.339,1.3391,1.3374,1.3388,3802,1.338903,1.338993,1.337238,1.338724,0,0.001862,-0.001593,7.6e-05
2025.10.08 17:00,1.3388,1.3389,1.338,1.3381,2192,1.338706,1.338724,1.338007,1.338115,0,0.000893,-0.000724,-1.5e-05
2025.10.08 18:00,1.3382,1.3391,1.3372,1.3391,4204,1.338043,1.339047,1.33722,1.339047,0,0.00188,-0.001847,5.3e-05
2025.10.08 19:00,1.3391,1.3402,1.3391,1.3401,2414,1.339172,1.340087,1.339172,1.340087,0,0.001028,-0.000987,1.3e-05
2025.10.08 20:00,1.34,1.3407,1.3399,1.3405,1435,1.340016,1.34059,1.339818,1.340285,0,0.000882,-0.00069,0.000215
2025.10.08 22:00,1.34,1.3408,1.34,1.3407,0,1.340285,1.340806,1.340213,1.34068,0,0.000587,-0.000806,2e-05
2025.10.08 23:00,1.3408,1.3408,1.34,1.3401,410,1.340572,1.340572,1.33998,1.340141,0,0.00082,-0.000572,-4.1e-05
2025.10.09 00:00,1.3401,1.3414,1.3401,1.3411,1067,1.340051,1.341382,1.340051,1.341076,0,0.001349,-0.001281,2.4e-05
2025.10.09 01:00,1.3411,1.342,1.3409,1.341,1911,1.341148,1.341922,1.34086,1.34086,0,0.00114,-0.001022,0.00014
2025.10.09 02:00,1.3411,1.3419,1.3408,1.3417,558,1.341022,1.341922,1.340734,1.341598,0,0.001166,-0.001122,0.000102
2025.10.09 03:00,1.3417,1.3419,1.341,1.3415,444,1.34167,1.341886,1.340914,1.341526,0,0.000986,-0.000886,-2.6e-05
2025.10.09 04:00,1.3416,1.3417,1.3409,1.3414,621,1.34158,1.341598,1.340986,1.341328,0,0.000714,-0.000698,7.2e-05
2025.10.09 05:00,1.3414,1.3418,1.3407,1.3407,673,1.341328,1.341706,1.340644,1.340644,0,0.001156,-0.001006,5.6e-05
2025.10.09 06:00,1.3407,1.3408,1.3359,1.3364,4467,1.340608,1.340608,1.336077,1.336523,0,0.004723,-0.004708,-0.000123
2025.10.09 07:00,1.3365,1.3373,1.3351,1.3353,4902,1.336434,1.337202,1.335167,1.335292,0,0.002133,-0.002102,8e-06
2025.10.09 08:00,1.3354,1.3364,1.3344,1.3362,4262,1.335452,1.336309,1.334419,1.336202,0,0.001981,-0.001909,-2e-06
2025.10.09 09:00,1.3362,1.3389,1.336,1.3388,4389,1.336255,1.338832,1.336148,1.338634,0,0.002752,-0.002832,0.000166
2025.10.09 10:00,1.3388,1.339,1.337,1.3371,5515,1.338796,1.339011,1.33731,1.33731,0,0.00169,-0.002011,-0.00021
2025.10.09 11:00,1.3371,1.3382,1.336,1.3376,4458,1.336881,1.338151,1.336237,1.337614,0,0.001963,-0.002151,-1.4e-05
2025.10.09 12:00,1.3376,1.339,1.3368,1.3385,4663,1.337739,1.338796,1.336952,1.338437,0,0.002048,-0.001996,6.3e-05
2025.10.09 13:00,1.3386,1.3396,1.3356,1.3369,13138,1.338527,1.339262,1.335648,1.336809,0,0.003952,-0.003662,9.1e-05
2025.10.09 14:00,1.3369,1.3369,1.3326,1.3332,12289,1.336523,1.336523,1.332711,1.333173,0,0.004189,-0.003923,2.7e-05
2025.10.09 15:00,1.3332,1.3335,1.3291,1.3309,18985,1.333369,1.333369,1.329275,1.330902,0,0.004225,-0.004269,-2e-06
2025.10.09 16:00,1.331,1.3315,1.329,1.3294,6930,1.331097,1.331487,1.329292,1.329398,0,0.002208,-0.002487,2e-06
2025.10.09 17:00,1.3295,1.3305,1.3289,1.3298,5922,1.329469,1.330212,1.32901,1.329787,0,0.00149,-0.001312,1.3e-05
2025.10.09 18:00,1.3298,1.3298,1.3279,1.3282,3497,1.329858,1.329858,1.328092,1.32818,0,0.001708,-0.001958,2e-05
2025.10.09 19:00,1.3281,1.3298,1.3281,1.3297,3632,1.328233,1.329805,1.328233,1.329699,0,0.001567,-0.001705,1e-06
2025.10.09 20:00,1.3296,1.3307,1.3295,1.3304,2611,1.329805,1.330619,1.329805,1.330442,0,0.000895,-0.001119,-4.2e-05
2025.10.09 22:00,1.3306,1.3308,1.3299,1.33,0,1.330672,1.330707,1.329911,1.330106,0,0.000889,-0.000807,-0.000106
2025.10.09 23:00,1.3301,1.3305,1.3293,1.3304,508,1.329999,1.33046,1.329398,1.330353,0,0.001102,-0.00116,4.7e-05
2025.10.10 00:00,1.3303,1.3306,1.3297,1.3306,1093,1.330371,1.33053,1.329699,1.33053,0,0.000901,-0.00083,7e-05
2025.10.10 01:00,1.3306,1.3309,1.3301,1.3303,1932,1.330601,1.330778,1.329999,1.330247,0,0.000901,-0.000678,5.3e-05
2025.10.10 02:00,1.3302,1.3311,1.3302,1.3309,703,1.330141,1.331097,1.330141,1.330902,0,0.000959,-0.000897,-2e-06
2025.10.10 03:00,1.3309,1.3315,1.3307,1.3312,786,1.330849,1.331416,1.330778,1.331239,0,0.000722,-0.000716,-3.9e-05
2025.10.10 04:00,1.3311,1.3311,1.3305,1.3309,347,1.331274,1.331345,1.330601,1.330831,0,0.000499,-0.000845,6.9e-05
2025.10.10 05:00,1.3309,1.3315,1.3307,1.3307,756,1.330938,1.331469,1.330743,1.330743,0,0.000757,-0.000769,-4.3e-05
2025.10.10 06:00,1.3308,1.3311,1.3289,1.3297,4725,1.330601,1.331044,1.328939,1.32984,0,0.002161,-0.002144,-0.00014
2025.10.10 07:00,1.3296,1.3306,1.328,1.3304,7422,1.329628,1.330442,1.328092,1.330265,0,0.002508,-0.002442,0.000135
2025.10.10 08:00,1.3303,1.3313,1.3299,1.3309,3003,1.330247,1.331257,1.329876,1.330902,0,0.001424,-0.001357,-2e-06
2025.10.10 09:00,1.3309,1.331,1.3288,1.3291,2670,1.33092,1.33092,1.328815,1.329133,0,0.002185,-0.00212,-3.3e-05
2025.10.10 10:00,1.3292,1.3299,1.3262,1.3263,7808,1.329133,1.329876,1.326682,1.326682,0,0.003218,-0.003676,-0.000382
2025.10.10 11:00,1.3263,1.3278,1.3262,1.3272,4429,1.326735,1.327774,1.326735,1.327334,0,0.001065,-0.001574,-0.000134
2025.10.10 12:00,1.3273,1.3289,1.3273,1.328,5349,1.327651,1.328833,1.327246,1.328127,0,0.001654,-0.001533,-0.000127
2025.10.10 13:00,1.328,1.3282,1.3269,1.3278,5495,1.327933,1.328162,1.327017,1.327774,0,0.001183,-0.001262,2.6e-05
2025.10.10 14:00,1.3277,1.331,1.3273,1.3303,13131,1.327475,1.330513,1.327475,1.330283,0,0.003525,-0.003213,1.7e-05
2025.10.10 15:00,1.3303,1.3371,1.3302,1.3343,32306,1.330477,1.335987,1.330477,1.333885,0,0.006623,-0.005787,0.000415
2025.10.10 16:00,1.3342,1.3358,1.3339,1.3345,7901,1.33465,1.335702,1.33408,1.334401,0,0.00172,-0.001802,9.9e-05
2025.10.10 17:00,1.3345,1.3347,1.3332,1.3345,3213,1.334543,1.334686,1.333209,1.334615,0,0.001491,-0.001486,-0.000115
2025.10.10 18:00,1.3345,1.3354,1.3343,1.3346,2630,1.334579,1.335363,1.334401,1.334846,0,0.000999,-0.001063,-0.000246
2025.10.10 19:00,1.3346,1.3356,1.3343,1.3351,1544,1.334561,1.33547,1.33433,1.335185,0,0.00127,-0.00117,-8.5e-05
2025.10.10 20:00,1.335,1.336,1.3335,1.3347,3107,1.334971,1.335863,1.333778,1.335863,0,0.002222,-0.002363,-0.001163
2025.10.12 23:00,1.3343,1.3348,1.3336,1.3336,687,1.334258,1.334757,1.333618,1.333653,0,0.001182,-0.001157,-5.3e-05
2025.10.13 00:00,1.3336,1.3351,1.3336,1.3351,1707,1.333725,1.335042,1.333671,1.335024,0,0.001429,-0.001442,7.6e-05
2025.10.13 01:00,1.3352,1.3358,1.3345,1.3355,1472,1.335434,1.335702,1.334615,1.335452,0,0.001185,-0.001202,4.8e-05
2025.10.13 02:00,1.3355,1.3363,1.3351,1.3352,1004,1.33547,1.336327,1.335131,1.335149,0,0.001169,-0.001227,5.1e-05
2025.10.13 03:00,1.3352,1.3355,1.3348,1.3354,704,1.335238,1.335577,1.334953,1.335417,0,0.000547,-0.000777,-1.7e-05
2025.10.13 04:00,1.3353,1.336,1.3353,1.3357,480,1.335452,1.33597,1.335345,1.335648,0,0.000655,-0.00067,5.2e-05
2025.10.13 05:00,1.3357,1.3362,1.3348,1.3348,1334,1.33572,1.336166,1.334775,1.33481,0,0.001425,-0.001366,-1e-05
2025.10.13 06:00,1.3348,1.3366,1.3347,1.3349,3606,1.335024,1.336595,1.334793,1.334917,0,0.001807,-0.001895,-1.7e-05
2025.10.13 07:00,1.3349,1.3351,1.333,1.3335,5348,1.334935,1.334935,1.333067,1.333689,0,0.002033,-0.001935,-0.000189
2025.10.13 08:00,1.3335,1.3339,1.3315,1.3327,3782,1.333493,1.333725,1.331611,1.332711,0,0.002289,-0.002225,-1.1e-05
2025.10.13 09:00,1.3327,1.3343,1.3325,1.3338,2845,1.33264,1.33433,1.332587,1.333814,0,0.001713,-0.00183,-1.4e-05
2025.10.13 10:00,1.3338,1.3343,1.3329,1.3337,2233,1.333814,1.334223,1.332942,1.333689,0,0.001358,-0.001323,1.1e-05
2025.10.13 11:00,1.3336,1.3352,1.3327,1.3331,4436,1.333778,1.335149,1.332853,1.333067,0,0.002347,-0.002449,3.3e-05
2025.10.13 12:00,1.3332,1.334,1.3325,1.3334,3282,1.333156,1.334045,1.332676,1.333262,0,0.001324,-0.001545,0.000138
2025.10.13 13:00,1.3333,1.3339,1.3326,1.3333,4261,1.333404,1.333867,1.332853,1.333422,0,0.001047,-0.001267,-0.000122
2025.10.13 14:00,1.3334,1.3334,1.332,1.3327,4810,1.333315,1.333315,1.332108,1.332711,0,0.001292,-0.001315,-1.1e-05
2025.10.13 15:00,1.3328,1.3335,1.3324,1.3329,5187,1.332747,1.333511,1.332463,1.332942,0,0.001037,-0.001111,-4.2e-05
2025.10.13 16:00,1.3329,1.3338,1.3327,1.3331,2933,1.333049,1.333725,1.332605,1.332978,0,0.001195,-0.001025,0.000122
2025.10.13 17:00,1.3331,1.3334,1.3327,1.3333,1651,1.333084,1.333476,1.332729,1.333298,0,0.000671,-0.000776,2e-06
2025.10.13 18:00,1.3333,1.334,1.3332,1.3334,2616,1.333262,1.334045,1.333173,1.333369,0,0.000827,-0.000845,3.1e-05
2025.10.13 19:00,1.3335,1.334,1.3331,1.3331,1620,1.333547,1.333938,1.333067,1.333067,0,0.000933,-0.000838,3.3e-05
2025.10.13 20:00,1.3331,1.3335,1.333,1.3332,657,1.333138,1.333476,1.333013,1.333404,0,0.000487,-0.000476,-0.000204
2025.10.13 22:00,1.3337,1.3338,1.3331,1.3332,0,1.333333,1.333742,1.333173,1.333173,0,0.000627,-0.000642,2.7e-05
2025.10.13 23:00,1.3332,1.3335,1.3327,1.3333,847,1.333191,1.333493,1.332694,1.333244,0,0.000806,-0.000793,5.6e-05
2025.10.14 00:00,1.3332,1.3339,1.3327,1.3338,1384,1.333315,1.333849,1.332729,1.33376,0,0.001171,-0.001149,4e-05
2025.10.14 01:00,1.3336,1.3347,1.3336,1.3344,2744,1.333742,1.334775,1.333742,1.334383,0,0.000958,-0.001175,1.7e-05
2025.10.14 02:00,1.3344,1.3346,1.334,1.3344,384,1.334472,1.334526,1.334045,1.334419,0,0.000555,-0.000526,-1.9e-05
2025.10.14 03:00,1.3344,1.335,1.3341,1.3347,0,1.334347,1.334989,1.334009,1.334632,0,0.000991,-0.000889,6.8e-05
2025.10.14 04:00,1.3345,1.3353,1.3344,1.3352,1127,1.334437,1.335274,1.334419,1.335256,0,0.000881,-0.000874,-5.6e-05
2025.10.14 05:00,1.3352,1.3352,1.3345,1.3345,426,1.335007,1.33506,1.334543,1.334615,0,0.000657,-0.00056,-0.000115
2025.10.14 06:00,1.3319,1.3321,1.3275,1.3281,9463,1.330849,1.330849,1.327704,1.328057,0,0.004396,-0.003349,4.3e-05
2025.10.14 07:00,1.3281,1.3283,1.3252,1.3258,9735,1.328162,1.328233,1.325504,1.325785,0,0.002796,-0.003033,1.5e-05
2025.10.14 08:00,1.3256,1.3284,1.3254,1.3284,4412,1.325539,1.328374,1.325539,1.328374,0,0.002861,-0.002974,2.6e-05
2025.10.14 09:00,1.3284,1.3284,1.3265,1.3268,5232,1.327863,1.328427,1.326506,1.326876,0,0.001894,-0.001927,-7.6e-05
2025.10.14 10:00,1.3268,1.3272,1.3259,1.3265,2974,1.326647,1.327158,1.325979,1.326471,0,0.001221,-0.001258,2.9e-05
2025.10.14 11:00,1.3265,1.3276,1.3262,1.3269,4471,1.32626,1.327545,1.32626,1.326911,0,0.00134,-0.001345,-1.1e-05
2025.10.14 12:00,1.3269,1.3274,1.3249,1.3262,5449,1.326911,1.327228,1.32496,1.326348,0,0.00244,-0.002328,-0.000148
2025.10.14 13:00,1.3262,1.3296,1.3262,1.3283,7870,1.326313,1.329328,1.32626,1.328374,0,0.00334,-0.003128,-7.4e-05
2025.10.14 14:00,1.3283,1.3303,1.328,1.3297,12318,1.328515,1.330212,1.32818,1.329699,0,0.00212,-0.002212,1e-06
2025.10.14 15:00,1.3297,1.332,1.3289,1.3318,8581,1.329699,1.331913,1.328921,1.331913,0,0.003079,-0.003013,-0.000113
2025.10.14 16:00,1.3319,1.3331,1.3307,1.3318,5849,1.332108,1.332836,1.330814,1.331806,0,0.002286,-0.002136,-6e-06
2025.10.14 17:00,1.3318,1.3331,1.3314,1.3329,3121,1.331806,1.332996,1.331327,1.332818,0,0.001773,-0.001596,8.2e-05
2025.10.14 18:00,1.3328,1.3333,1.3321,1.3328,3062,1.332782,1.333156,1.332143,1.332782,0,0.001157,-0.001055,1.8e-05
2025.10.14 19:00,1.3329,1.3333,1.3324,1.3326,4145,1.333013,1.333244,1.332356,1.332694,0,0.000944,-0.000844,-9.4e-05
2025.10.14 20:00,1.3326,1.3328,1.3315,1.3319,1020,1.332694,1.332694,1.331452,1.331966,0,0.001348,-0.001194,-6.6e-05
2025.10.14 22:00,1.3319,1.3324,1.3319,1.3319,0,1.332019,1.332392,1.331913,1.332037,0,0.000487,-0.000492,-0.000137
2025.10.14 23:00,1.3321,1.3325,1.3318,1.3322,494,1.331877,1.332516,1.331824,1.33225,0,0.000676,-0.000716,-5e-05
2025.10.15 00:00,1.3322,1.3331,1.3321,1.3329,579,1.332108,1.333067,1.332108,1.332924,0,0.000992,-0.000967,-2.4e-05
2025.10.15 01:00,1.333,1.3341,1.3327,1.3341,1303,1.332996,1.334009,1.332676,1.333956,0,0.001424,-0.001309,0.000144
2025.10.15 02:00,1.3341,1.3352,1.3341,1.335,1764,1.334045,1.335131,1.334045,1.335024,0,0.001155,-0.001031,-2.4e-05
2025.10.15 03:00,1.335,1.3355,1.3349,1.3351,1452,1.335024,1.335381,1.334882,1.335238,0,0.000618,-0.000481,-0.000138
2025.10.15 04:00,1.3354,1.3354,1.3345,1.335,1355,1.335238,1.33547,1.334597,1.334864,0,0.000803,-0.00097,0.000136
2025.10.15 05:00,1.335,1.336,1.3348,1.3354,1271,1.335024,1.335934,1.334632,1.335417,0,0.001368,-0.001134,-1.7e-05
2025.10.15 06:00,1.3353,1.3375,1.3351,1.3363,4374,1.335203,1.33731,1.335203,1.33622,0,0.002297,-0.00221,8e-05
2025.10.15 07:00,1.3364,1.3365,1.3344,1.3351,4904,1.33622,1.33622,1.334508,1.335256,0,0.001992,-0.001819,-0.000156
2025.10.15 08:00,1.335,1.3356,1.3342,1.3346,4167,1.335096,1.335541,1.33433,1.334454,0,0.00127,-0.001341,0.000146
2025.10.15 09:00,1.3346,1.3358,1.3337,1.3351,3152,1.334312,1.335631,1.333742,1.335185,0,0.002058,-0.001931,-8.5e-05
2025.10.15 10:00,1.3352,1.3366,1.3348,1.3365,2330,1.334882,1.336559,1.334739,1.336559,0,0.001861,-0.001759,-5.9e-05
2025.10.15 11:00,1.3366,1.3367,1.3351,1.3352,3269,1.336452,1.33663,1.335007,1.335238,0,0.001693,-0.00153,-3.8e-05
2025.10.15 12:00,1.3352,1.3357,1.3342,1.3346,5367,1.335256,1.335541,1.334294,1.334632,0,0.001406,-0.001341,-3.2e-05
2025.10.15 13:00,1.3346,1.3354,1.3336,1.3351,6305,1.334597,1.33522,1.333636,1.335007,0,0.001764,-0.00162,9.3e-05
2025.10.15 14:00,1.3351,1.3367,1.3347,1.3366,6733,1.335007,1.336559,1.334864,1.336523,0,0.001836,-0.001859,7.7e-05
2025.10.15 15:00,1.3365,1.3404,1.3363,1.3394,9867,1.336523,1.340141,1.336416,1.339423,0,0.003984,-0.003841,-2.3e-05
2025.10.15 16:00,1.3395,1.3396,1.3385,1.3391,3776,1.339172,1.339405,1.338491,1.339154,0,0.001109,-0.000905,-5.4e-05
2025.10.15 17:00,1.3391,1.3391,1.3372,1.3378,4021,1.338885,1.338885,1.337292,1.337721,0,0.001808,-0.001685,7.9e-05
2025.10.15 18:00,1.3378,1.3387,1.3371,1.3383,2521,1.337757,1.338598,1.337256,1.338276,0,0.001444,-0.001498,2.4e-05
2025.10.15 19:00,1.3384,1.3395,1.3384,1.3394,1937,1.338527,1.339459,1.338401,1.339459,0,0.001099,-0.001059,-5.9e-05
2025.10.15 20:00,1.3394,1.3408,1.3393,1.3405,4592,1.339441,1.340626,1.339441,1.340159,0,0.001359,-0.001326,0.000341
2025.10.15 22:00,1.3401,1.3409,1.3396,1.3404,0,1.340141,1.34077,1.33998,1.340429,0,0.00092,-0.00117,-2.9e-05
2025.10.15 23:00,1.3405,1.3405,1.3401,1.3404,598,1.340411,1.340465,1.339926,1.340357,0,0.000574,-0.000365,4.3e-05
2025.10.16 00:00,1.3403,1.343,1.3401,1.3423,2152,1.340177,1.342877,1.340123,1.342336,0,0.002877,-0.002777,-3.6e-05
2025.10.16 01:00,1.3423,1.3443,1.3423,1.3435,2542,1.342444,1.344213,1.342426,1.343508,0,0.001874,-0.001912,-8e-06
2025.10.16 02:00,1.3437,1.344,1.343,1.3432,1113,1.343634,1.343978,1.342877,1.343219,0,0.001123,-0.000978,-1.9e-05
2025.10.16 03:00,1.3431,1.3433,1.3422,1.3423,894,1.343057,1.343238,1.342246,1.342246,0,0.001054,-0.001037,5.4e-05
2025.10.16 04:00,1.3424,1.3424,1.3414,1.3415,786,1.342012,1.342354,1.341328,1.341454,0,0.001072,-0.000954,4.6e-05
2025.10.16 05:00,1.3415,1.3421,1.3412,1.3418,1071,1.341562,1.342102,1.34131,1.341688,0,0.00079,-0.000902,0.000112
2025.10.16 06:00,1.3419,1.3423,1.3405,1.3412,3599,1.342174,1.342282,1.340644,1.341184,0,0.001656,-0.001782,1.6e-05
2025.10.16 07:00,1.3411,1.3429,1.3408,1.3428,4896,1.341202,1.342696,1.34095,1.342624,0,0.00195,-0.001896,0.000176
2025.10.16 08:00,1.3427,1.3444,1.3425,1.3438,3151,1.342426,1.344267,1.342426,1.343797,0,0.001974,-0.001767,3e-06
2025.10.16 09:00,1.3438,1.3442,1.3434,1.3437,2845,1.343761,1.344158,1.343346,1.343616,0,0.000854,-0.000758,8.4e-05
2025.10.16 10:00,1.3436,1.3449,1.3431,1.3434,2808,1.343526,1.344755,1.343093,1.343472,0,0.001807,-0.001655,-7.2e-05
2025.10.16 11:00,1.3435,1.3446,1.3422,1.3441,3601,1.343238,1.344502,1.342246,1.344032,0,0.002354,-0.002302,6.8e-05
2025.10.16 12:00,1.3441,1.3449,1.3425,1.3448,5167,1.343743,1.344791,1.342498,1.344791,0,0.002402,-0.002291,9e-06
2025.10.16 13:00,1.3448,1.3455,1.3421,1.3421,8627,1.344664,1.345424,1.342084,1.342084,0,0.003416,-0.003324,1.6e-05
2025.10.16 14:00,1.3422,1.3436,1.3412,1.3434,7304,1.342102,1.343544,1.34149,1.343436,0,0.00211,-0.002344,-3.6e-05
2025.10.16 15:00,1.3434,1.3436,1.3419,1.3424,5257,1.343418,1.343526,1.34194,1.342282,0,0.00166,-0.001626,0.000118
2025.10.16 16:00,1.3423,1.3434,1.3415,1.3427,6858,1.34275,1.343346,1.34167,1.34275,0,0.00173,-0.001846,-5e-05
2025.10.16 17:00,1.3429,1.3448,1.3426,1.3439,4083,1.342787,1.344809,1.34275,1.343779,0,0.00205,-0.002209,0.000121
2025.10.16 18:00,1.3438,1.3439,1.3421,1.3435,4167,1.343869,1.343869,1.342156,1.343653,0,0.001744,-0.001769,-0.000153
2025.10.16 19:00,1.3436,1.344,1.3431,1.3435,2139,1.343346,1.343869,1.343057,1.343508,0,0.000943,-0.000769,-8e-06
2025.10.16 20:00,1.3434,1.3438,1.3432,1.3435,1039,1.343364,1.343725,1.343129,1.343364,0,0.000671,-0.000525,0.000136
2025.10.16 22:00,1.3439,1.3446,1.3437,1.3438,0,1.343905,1.344429,1.343797,1.343851,0,0.000803,-0.000729,-5.1e-05
2025.10.16 23:00,1.3439,1.3446,1.3437,1.3444,763,1.343779,1.344574,1.343743,1.344466,0,0.000857,-0.000874,-6.6e-05
2025.10.17 00:00,1.3444,1.3453,1.3441,1.3448,3006,1.344466,1.345225,1.344032,1.344845,0,0.001268,-0.001125,-4.5e-05
2025.10.17 01:00,1.3447,1.3451,1.3439,1.3439,1371,1.344827,1.34508,1.343887,1.343887,0,0.001213,-0.00118,1.3e-05
2025.10.17 02:00,1.3439,1.3449,1.3432,1.3444,1308,1.343905,1.344845,1.343183,1.344429,0,0.001717,-0.001645,-2.9e-05
2025.10.17 03:00,1.3444,1.3451,1.3444,1.3448,619,1.344429,1.345135,1.344429,1.344863,0,0.000671,-0.000735,-6.3e-05
2025.10.17 04:00,1.3449,1.3454,1.3447,1.3453,651,1.345008,1.345388,1.344701,1.345225,0,0.000699,-0.000688,7.5e-05
2025.10.17 05:00,1.3453,1.3472,1.3453,1.3469,2084,1.345352,1.347092,1.345352,1.34682,0,0.001848,-0.001792,8e-05
2025.10.17 06:00,1.347,1.3473,1.3451,1.3455,2977,1.346892,1.347146,1.345044,1.345623,0,0.002256,-0.002046,-0.000123
2025.10.17 07:00,1.3456,1.3458,1.3425,1.3433,7138,1.345334,1.345768,1.342552,1.343274,0,0.003248,-0.003268,2.6e-05
2025.10.17 08:00,1.3433,1.3438,1.3412,1.3424,3630,1.343707,1.343707,1.341364,1.342534,0,0.002436,-0.002507,-0.000134
2025.10.17 09:00,1.3425,1.344,1.3424,1.3436,2981,1.342516,1.343941,1.342516,1.343653,0,0.001484,-0.001541,-5.3e-05
2025.10.17 10:00,1.3435,1.3442,1.3428,1.3435,2750,1.343436,1.34414,1.342877,1.343508,0,0.001323,-0.00134,-8e-06
2025.10.17 11:00,1.3436,1.3444,1.3431,1.3435,5270,1.343093,1.344375,1.343093,1.343508,0,0.001307,-0.001275,-8e-06
2025.10.17 12:00,1.3436,1.3436,1.3408,1.3413,5792,1.3434,1.343508,1.34095,1.341346,0,0.00265,-0.002708,-4.6e-05
2025.10.17 13:00,1.3412,1.3423,1.3402,1.3405,5654,1.34113,1.342264,1.340159,1.340267,0,0.002141,-0.002064,0.000233
2025.10.17 14:00,1.3404,1.341,1.3391,1.3393,8988,1.34059,1.340824,1.339226,1.339298,0,0.001774,-0.001724,2e-06
2025.10.17 15:00,1.3392,1.3423,1.3392,1.3423,6783,1.339477,1.342138,1.339208,1.342102,0,0.003092,-0.002938,0.000198
2025.10.17 16:00,1.3423,1.3432,1.3414,1.3418,2733,1.34203,1.343093,1.3414,1.341634,0,0.0018,-0.001693,0.000166
2025.10.17 17:00,1.3417,1.3426,1.3411,1.3417,2445,1.341778,1.34248,1.341148,1.341814,0,0.001452,-0.00138,-0.000114
2025.10.17 18:00,1.3417,1.3439,1.3415,1.3435,2656,1.341508,1.343905,1.341508,1.343436,0,0.002392,-0.002405,6.4e-05
2025.10.17 19:00,1.3435,1.3439,1.343,1.3439,1202,1.34358,1.343725,1.342877,1.343725,0,0.001023,-0.000725,0.000175
2025.10.17 20:00,1.3439,1.3439,1.3422,1.3429,2060,1.343815,1.343815,1.3423,1.342552,0,0.0016,-0.001615,0.000348
2025.10.19 23:00,1.3429,1.3432,1.3425,1.3426,480,1.342624,1.343075,1.342516,1.342552,0,0.000684,-0.000575,4.8e-05
2025.10.20 00:00,1.3426,1.3436,1.3422,1.3435,1061,1.34266,1.343472,1.342246,1.343472,0,0.001354,-0.001272,2.8e-05
2025.10.20 01:00,1.3435,1.3438,1.3427,1.3433,1049,1.343454,1.343671,1.342805,1.34331,0,0.000995,-0.000971,-1e-05
2025.10.20 02:00,1.3435,1.3444,1.3433,1.3436,419,1.343418,1.344321,1.34331,1.343616,0,0.00109,-0.001021,-1.6e-05
2025.10.20 03:00,1.3435,1.344,1.3435,1.344,342,1.343562,1.344086,1.34349,1.344014,0,0.00051,-0.000586,-1.4e-05
2025.10.20 04:00,1.344,1.3443,1.3437,1.3437,754,1.34405,1.344321,1.343671,1.343671,0,0.000629,-0.000621,2.9e-05
2025.10.20 05:00,1.3436,1.3441,1.3434,1.344,596,1.343436,1.344122,1.343436,1.344068,0,0.000664,-0.000722,-6.8e-05
2025.10.20 06:00,1.3442,1.3442,1.3417,1.3417,1345,1.343743,1.343743,1.341742,1.34176,0,0.002458,-0.002043,-6e-05
2025.10.20 07:00,1.3418,1.3428,1.3406,1.3417,3832,1.34158,1.342714,1.340644,1.341724,0,0.002156,-0.002114,-2.4e-05
2025.10.20 08:00,1.3417,1.3429,1.3413,1.3428,2070,1.34158,1.342877,1.341364,1.342787,0,0.001536,-0.001577,1.3e-05
2025.10.20 09:00,1.3429,1.3439,1.3426,1.3428,2777,1.342696,1.343887,1.342624,1.342895,0,0.001276,-0.001287,-9.5e-05
2025.10.20 10:00,1.3429,1.3433,1.3411,1.3411,1724,1.343057,1.343057,1.340986,1.340986,0,0.002314,-0.001957,0.000114
2025.10.20 11:00,1.341,1.3413,1.3401,1.3412,3225,1.340806,1.341364,1.340123,1.341202,0,0.001177,-0.001264,-2e-06
2025.10.20 12:00,1.3413,1.343,1.3411,1.3426,4383,1.341454,1.342985,1.341022,1.342714,0,0.001978,-0.001885,-0.000114
2025.10.20 13:00,1.3427,1.3427,1.3403,1.3405,4751,1.342552,1.342678,1.340339,1.340518,0,0.002361,-0.002378,-1.8e-05
2025.10.20 14:00,1.3405,1.3425,1.3403,1.3417,5239,1.340267,1.34239,1.340267,1.341688,0,0.002233,-0.00209,1.2e-05
2025.10.20 15:00,1.3417,1.3428,1.3412,1.3421,4169,1.34158,1.342624,1.341238,1.342066,0,0.001562,-0.001424,3.4e-05
2025.10.20 16:00,1.342,1.3424,1.3413,1.3417,2068,1.342102,1.342354,1.341256,1.341634,0,0.001144,-0.001054,6.6e-05
2025.10.20 17:00,1.3416,1.3417,1.3402,1.3403,1640,1.341562,1.341652,1.340267,1.340267,0,0.001433,-0.001452,3.3e-05
2025.10.20 18:00,1.3402,1.3412,1.3401,1.341,2084,1.340213,1.341184,1.340087,1.340968,0,0.001113,-0.001084,3.2e-05
2025.10.20 19:00,1.341,1.3413,1.3405,1.3407,994,1.34122,1.341328,1.340572,1.340698,0,0.000728,-0.000828,2e-06
2025.10.20 20:00,1.3407,1.3411,1.3405,1.3406,986,1.340662,1.341004,1.340465,1.340572,0,0.000635,-0.000504,2.8e-05
2025.10.20 22:00,1.3411,1.3411,1.3404,1.3405,0,1.340842,1.340968,1.340429,1.340447,0,0.000671,-0.000568,5.3e-05
2025.10.20 23:00,1.3404,1.3406,1.3403,1.3405,289,1.340447,1.340608,1.340357,1.340518,0,0.000243,-0.000308,-1.8e-05
2025.10.21 00:00,1.3404,1.3417,1.3404,1.3415,1020,1.340447,1.341616,1.340447,1.34149,0,0.001253,-0.001216,1e-05
2025.10.21 01:00,1.3414,1.3415,1.3399,1.3402,791,1.341382,1.341418,1.340051,1.340087,0,0.001449,-0.001518,0.000113
2025.10.21 02:00,1.3401,1.3401,1.3391,1.3393,793,1.339998,1.339998,1.339136,1.339316,0,0.000964,-0.000898,-1.6e-05
2025.10.21 03:00,1.3394,1.3394,1.3391,1.3393,0,1.339351,1.339387,1.339029,1.339334,0,0.000371,-0.000287,-3.3e-05
2025.10.21 04:00,1.339,1.3394,1.3388,1.3392,835,1.339298,1.339387,1.338885,1.339262,0,0.000515,-0.000587,-6.2e-05
2025.10.21 05:00,1.3393,1.3394,1.3374,1.3376,1869,1.33928,1.33928,1.337489,1.33756,0,0.001912,-0.00188,4e-05
2025.10.21 06:00,1.3376,1.3394,1.3373,1.3391,3849,1.337739,1.33928,1.337327,1.339136,0,0.002073,-0.00198,-3.6e-05
2025.10.21 07:00,1.3391,1.3398,1.338,1.3393,3962,1.339351,1.339746,1.338204,1.339369,0,0.001596,-0.001746,-6.9e-05
2025.10.21 08:00,1.3392,1.3393,1.3374,1.338,4014,1.339011,1.339011,1.337596,1.338079,0,0.001704,-0.001611,-7.9e-05
2025.10.21 09:00,1.3381,1.3392,1.3376,1.3385,2193,1.338169,1.339172,1.337596,1.338563,0,0.001604,-0.001572,-6.3e-05
2025.10.21 10:00,1.3385,1.3387,1.337,1.3383,2647,1.338455,1.33876,1.336916,1.338366,0,0.001784,-0.00176,-6.6e-05
2025.10.21 11:00,1.3383,1.3394,1.3373,1.3384,3815,1.338366,1.339405,1.337327,1.338509,0,0.002073,-0.002105,-0.000109
2025.10.21 12:00,1.3385,1.3389,1.3369,1.3387,4841,1.33867,1.33876,1.337006,1.338706,0,0.001894,-0.00186,-6e-06
2025.10.21 13:00,1.3387,1.3388,1.3361,1.3377,6517,1.33867,1.338706,1.336327,1.337649,0,0.002473,-0.002606,5.1e-05
2025.10.21 14:00,1.3378,1.3387,1.3365,1.3373,6288,1.337793,1.338598,1.336684,1.33731,0,0.002016,-0.002098,-1e-05
2025.10.21 15:00,1.3374,1.3394,1.3373,1.3389,4750,1.337453,1.339405,1.337453,1.338921,0,0.001947,-0.002105,-2.1e-05
2025.10.21 16:00,1.3389,1.3399,1.3372,1.3374,3955,1.339208,1.339603,1.337435,1.337435,0,0.002465,-0.002403,-3.5e-05
2025.10.21 17:00,1.3373,1.3373,1.3366,1.3373,2187,1.337292,1.33731,1.336559,1.337292,0,0.000741,-0.00071,8e-06
2025.10.21 18:00,1.3373,1.3377,1.3371,1.3372,2201,1.337542,1.337703,1.337184,1.33731,0,0.000516,-0.000603,-0.00011
2025.10.21 19:00,1.3373,1.3376,1.337,1.3373,1296,1.337417,1.337596,1.336988,1.337202,0,0.000612,-0.000596,9.8e-05
2025.10.21 20:00,1.3372,1.3372,1.3366,1.3369,1241,1.337041,1.337059,1.33663,1.336952,0,0.00057,-0.000459,-5.2e-05
2025.10.21 22:00,1.3372,1.3372,1.3366,1.3369,0,1.337059,1.337113,1.336738,1.336863,0,0.000463,-0.000513,3.7e-05
2025.10.21 23:00,1.3368,1.337,1.3364,1.3366,426,1.336845,1.336988,1.33647,1.336559,0,0.00053,-0.000588,4.1e-05
2025.10.22 00:00,1.3366,1.3374,1.3364,1.3371,987,1.336755,1.337417,1.33647,1.337184,0,0.00093,-0.001017,-8.4e-05
2025.10.22 01:00,1.3372,1.3378,1.3368,1.3371,921,1.337274,1.337775,1.336898,1.337131,0,0.000902,-0.000975,-3.1e-05
2025.10.22 02:00,1.3372,1.338,1.3372,1.3377,1090,1.337167,1.338007,1.337167,1.337757,0,0.000834,-0.000807,-5.7e-05
2025.10.22 03:00,1.3377,1.3378,1.3372,1.3375,488,1.337649,1.337721,1.337167,1.337471,0,0.000633,-0.000521,2.9e-05
2025.10.22 04:00,1.3376,1.338,1.3375,1.3379,379,1.337542,1.338025,1.337524,1.337972,0,0.000476,-0.000525,-7.2e-05
2025.10.22 05:00,1.338,1.3388,1.338,1.3383,1045,1.338079,1.33876,1.337954,1.338348,0,0.000846,-0.00076,-4.8e-05
2025.10.22 06:00,1.3384,1.3395,1.333,1.3336,14131,1.334597,1.335203,1.333049,1.333529,0,0.006451,-0.002203,7.1e-05
2025.10.22 07:00,1.3336,1.3338,1.332,1.3323,11106,1.332907,1.333671,1.33209,1.332321,0,0.00171,-0.001671,-2.1e-05
2025.10.22 08:00,1.3324,1.3327,1.3313,1.3321,9022,1.332019,1.332516,1.331434,1.332126,0,0.001266,-0.001216,-2.6e-05
2025.10.22 09:00,1.332,1.3328,1.3318,1.332,3768,1.332143,1.332694,1.3317,1.331966,0,0.0011,-0.000894,3.4e-05
2025.10.22 10:00,1.3319,1.3323,1.3306,1.3314,3621,1.331859,1.332232,1.330707,1.331345,0,0.001593,-0.001632,5.5e-05
2025.10.22 11:00,1.3313,1.3334,1.3312,1.3329,4425,1.331327,1.333262,1.331221,1.332853,0,0.002179,-0.002062,4.7e-05
2025.10.22 12:00,1.3329,1.3342,1.3311,1.3325,10140,1.333707,1.333867,1.331168,1.332481,0,0.003032,-0.002767,1.9e-05
2025.10.22 13:00,1.3325,1.3345,1.3317,1.3343,7157,1.332516,1.334312,1.331806,1.334223,0,0.002694,-0.002612,7.7e-05
2025.10.22 14:00,1.3342,1.3359,1.3342,1.3355,9433,1.334721,1.335613,1.334615,1.335541,0,0.001285,-0.001413,-4.1e-05
2025.10.22 15:00,1.3355,1.3375,1.3355,1.3371,13231,1.335631,1.337417,1.335631,1.337113,0,0.001869,-0.001917,-1.3e-05
2025.10.22 16:00,1.3371,1.3377,1.3365,1.3372,10982,1.337238,1.337578,1.336595,1.33722,0,0.001105,-0.001078,-2e-05
2025.10.22 17:00,1.3372,1.3373,1.3359,1.3361,4472,1.337095,1.337238,1.335863,1.336023,0,0.001437,-0.001338,7.7e-05
2025.10.22 18:00,1.3361,1.3362,1.3354,1.3357,2747,1.336148,1.336148,1.335452,1.335595,0,0.000748,-0.000748,0.000105
2025.10.22 19:00,1.3357,1.3361,1.3354,1.3358,1564,1.335631,1.336148,1.335417,1.335738,0,0.000683,-0.000748,6.2e-05
2025.10.22 20:00,1.3357,1.3363,1.3356,1.336,1337,1.335631,1.336202,1.335631,1.335648,0,0.000669,-0.000602,0.000352
2025.10.22 22:00,1.3359,1.3361,1.3355,1.3357,0,1.335827,1.336059,1.335684,1.335684,0,0.000416,-0.000559,1.6e-05
2025.10.22 23:00,1.3357,1.3357,1.3351,1.3352,599,1.335577,1.335648,1.335042,1.335113,0,0.000658,-0.000548,8.7e-05
2025.10.23 00:00,1.3351,1.3351,1.3341,1.3346,1369,1.335042,1.335096,1.334116,1.334597,0,0.000984,-0.000996,3e-06
2025.10.23 01:00,1.3347,1.3348,1.3339,1.334,780,1.334721,1.334757,1.333992,1.333992,0,0.000808,-0.000857,8e-06
2025.10.23 02:00,1.3339,1.334,1.3335,1.3338,419,1.333938,1.334063,1.333582,1.333742,0,0.000418,-0.000563,5.8e-05
2025.10.23 03:00,1.3338,1.3341,1.3333,1.3333,535,1.333778,1.334027,1.333315,1.333369,0,0.000785,-0.000727,-6.9e-05
2025.10.23 04:00,1.3331,1.334,1.3331,1.334,440,1.333351,1.333956,1.333013,1.333956,0,0.000987,-0.000856,4.4e-05
2025.10.23 05:00,1.3339,1.3351,1.3339,1.3348,1638,1.333938,1.334971,1.33392,1.334757,0,0.00118,-0.001071,4.3e-05
2025.10.23 06:00,1.3347,1.3358,1.3346,1.335,3560,1.334668,1.33572,1.334561,1.335024,0,0.001239,-0.00112,-2.4e-05
2025.10.23 07:00,1.335,1.3356,1.3345,1.3352,3057,1.335007,1.335613,1.334615,1.335149,0,0.000985,-0.001113,5.1e-05
2025.10.23 08:00,1.3352,1.3356,1.3345,1.335,1987,1.335185,1.335595,1.334508,1.334989,0,0.001092,-0.001095,1.1e-05
2025.10.23 09:00,1.335,1.3355,1.3349,1.3349,1199,1.335042,1.33547,1.3349,1.334953,0,0.0006,-0.00057,-5.3e-05
2025.10.23 10:00,1.3349,1.3352,1.3336,1.3337,1929,1.334864,1.33522,1.333618,1.33376,0,0.001582,-0.00162,-6e-05
2025.10.23 11:00,1.3337,1.3342,1.3334,1.3336,1887,1.33376,1.334241,1.333476,1.333618,0,0.000724,-0.000841,-1.8e-05
2025.10.23 12:00,1.3337,1.3351,1.3327,1.3344,3755,1.333707,1.335024,1.332747,1.334437,0,0.002353,-0.002324,-3.6e-05
2025.10.23 13:00,1.3344,1.3348,1.3325,1.3327,6216,1.334561,1.334757,1.332569,1.332711,0,0.002231,-0.002257,-1.1e-05
2025.10.23 14:00,1.3327,1.3337,1.332,1.3323,6477,1.333013,1.333689,1.33209,1.332197,0,0.00161,-0.001689,0.000103
2025.10.23 15:00,1.3322,1.3327,1.3312,1.3322,6888,1.33241,1.332445,1.331186,1.332143,0,0.001514,-0.001245,5.7e-05
2025.10.23 16:00,1.3322,1.3326,1.3312,1.3313,2002,1.332463,1.332587,1.33131,1.33131,0,0.00129,-0.001387,-1e-05
2025.10.23 17:00,1.3313,1.3322,1.3309,1.3318,3343,1.331398,1.332143,1.330867,1.331771,0,0.001333,-0.001243,2.9e-05
2025.10.23 18:00,1.3317,1.3325,1.3316,1.3324,1300,1.331771,1.332463,1.331664,1.332392,0,0.000836,-0.000863,8e-06
2025.10.23 19:00,1.3324,1.3327,1.3323,1.3324,968,1.332694,1.332694,1.332356,1.332481,0,0.000344,-0.000394,-8.1e-05
2025.10.23 20:00,1.3325,1.3329,1.3321,1.3328,1000,1.332356,1.332871,1.332143,1.332694,0,0.000757,-0.000771,0.000106
2025.10.23 22:00,1.3329,1.3331,1.3326,1.3327,0,1.332889,1.333013,1.332711,1.332711,0,0.000389,-0.000413,-1.1e-05
2025.10.23 23:00,1.3326,1.3328,1.3325,1.3327,208,1.332747,1.332853,1.332463,1.332747,0,0.000337,-0.000353,-4.7e-05
2025.10.24 00:00,1.3327,1.3333,1.3326,1.3331,664,1.332623,1.333244,1.332623,1.333067,0,0.000677,-0.000644,3.3e-05
2025.10.24 01:00,1.333,1.3331,1.3321,1.3322,456,1.333031,1.333138,1.332179,1.332179,0,0.000921,-0.001038,2.1e-05
2025.10.24 02:00,1.3323,1.3327,1.3318,1.3318,753,1.332214,1.332605,1.331895,1.331895,0,0.000805,-0.000805,-9.5e-05
2025.10.24 03:00,1.3319,1.3329,1.3319,1.3327,344,1.332001,1.3328,1.331948,1.332587,0,0.000952,-0.0009,0.000113
2025.10.24 04:00,1.3323,1.3324,1.3319,1.3321,316,1.332534,1.332534,1.331966,1.332143,0,0.000434,-0.000634,-4.3e-05
2025.10.24 05:00,1.3321,1.3321,1.3312,1.3319,803,1.332108,1.332143,1.331292,1.331877,0,0.000808,-0.000943,2.3e-05
2025.10.24 06:00,1.3318,1.3334,1.3313,1.3333,4478,1.332729,1.333369,1.33131,1.333191,0,0.00209,-0.002069,0.000109
2025.10.24 07:00,1.3332,1.3333,1.3314,1.3316,4379,1.333067,1.333244,1.331558,1.331611,0,0.001742,-0.001844,-1.1e-05
2025.10.24 08:00,1.3316,1.3326,1.3301,1.3321,7026,1.331576,1.332694,1.330141,1.332179,0,0.002459,-0.002594,-7.9e-05
2025.10.24 09:00,1.332,1.3325,1.3314,1.3322,2335,1.331913,1.332534,1.331452,1.332232,0,0.001048,-0.001134,-3.2e-05
2025.10.24 10:00,1.3321,1.3325,1.3314,1.3318,2240,1.332321,1.332516,1.331452,1.331824,0,0.001048,-0.001116,-2.4e-05
2025.10.24 11:00,1.3317,1.332,1.3299,1.3306,2344,1.331576,1.331984,1.330176,1.330619,0,0.001824,-0.002084,-1.9e-05
2025.10.24 12:00,1.3307,1.3382,1.3305,1.3346,13369,1.331257,1.335559,1.330583,1.334543,0,0.007617,-0.005059,5.7e-05
2025.10.24 13:00,1.3346,1.336,1.3329,1.3338,8904,1.334419,1.335952,1.333298,1.333849,0,0.002702,-0.003052,-4.9e-05
2025.10.24 14:00,1.3338,1.3341,1.3293,1.3301,9838,1.333902,1.333902,1.329557,1.330106,0,0.004543,-0.004602,-5e-06
2025.10.24 15:00,1.3301,1.3308,1.3291,1.3296,6200,1.330052,1.330778,1.329257,1.329681,0,0.001543,-0.001678,-8.1e-05
2025.10.24 16:00,1.3296,1.3299,1.3286,1.3296,2786,1.329716,1.329893,1.328904,1.329593,0,0.000996,-0.001293,7e-06
2025.10.24 17:00,1.3296,1.3307,1.3295,1.3303,2465,1.329716,1.330725,1.329716,1.330336,0,0.000984,-0.001225,-3.6e-05
2025.10.24 18:00,1.3303,1.3306,1.3301,1.3304,1993,1.330283,1.330707,1.330052,1.33046,0,0.000548,-0.000607,-6e-05
2025.10.24 19:00,1.3304,1.3312,1.3302,1.3312,1552,1.330619,1.331221,1.330336,1.331221,0,0.000864,-0.001021,-2.1e-05
2025.10.24 20:00,1.3312,1.3318,1.3307,1.331,1468,1.331381,1.331788,1.33076,1.33131,0,0.00104,-0.001088,-0.00031
2025.10.27 00:00,1.3322,1.3329,1.3317,1.3325,1096,1.332374,1.332818,1.331895,1.332463,0,0.001005,-0.001118,3.7e-05
2025.10.27 01:00,1.3324,1.3337,1.3322,1.3328,989,1.332285,1.333582,1.332285,1.332942,0,0.001415,-0.001382,-0.000142
2025.10.27 02:00,1.3328,1.3328,1.3321,1.3323,257,1.332747,1.332818,1.332143,1.332392,0,0.000657,-0.000718,-9.2e-05
2025.10.27 03:00,1.3323,1.3327,1.332,1.3321,343,1.332321,1.332694,1.332072,1.332179,0,0.000628,-0.000694,-7.9e-05
2025.10.27 04:00,1.3322,1.3322,1.3313,1.3316,589,1.33225,1.33225,1.331327,1.331647,0,0.000873,-0.00095,-4.7e-05
2025.10.27 05:00,1.3316,1.3323,1.3313,1.3321,326,1.3317,1.33225,1.331363,1.332072,0,0.000937,-0.00095,2.8e-05
2025.10.27 06:00,1.332,1.3334,1.332,1.3323,1990,1.332214,1.333387,1.332214,1.33241,0,0.001186,-0.001387,-0.00011
2025.10.27 07:00,1.3324,1.3326,1.331,1.3316,2622,1.332569,1.332569,1.33115,1.331664,0,0.00145,-0.001569,-6.4e-05
2025.10.27 08:00,1.3315,1.3334,1.3311,1.3327,3060,1.331398,1.333404,1.33115,1.3328,0,0.00225,-0.002304,-0.0001
2025.10.27 09:00,1.3327,1.3347,1.3324,1.3345,3327,1.332676,1.334704,1.332392,1.334579,0,0.002308,-0.002304,-7.9e-05
2025.10.27 10:00,1.3345,1.3349,1.3342,1.3345,2983,1.334472,1.335113,1.334258,1.334508,0,0.000642,-0.000913,-8e-06
2025.10.27 11:00,1.3344,1.3353,1.3338,1.3348,3682,1.334383,1.335292,1.333814,1.33506,0,0.001486,-0.001492,-0.00026
2025.10.27 12:00,1.3349,1.3352,1.3341,1.3348,6577,1.334704,1.335238,1.334294,1.334739,0,0.000906,-0.001138,6.1e-05
2025.10.27 13:00,1.3347,1.3352,1.3326,1.3334,5398,1.335007,1.335167,1.332747,1.333422,0,0.002453,-0.002567,-2.2e-05
2025.10.27 14:00,1.3335,1.3336,1.3326,1.3331,3117,1.333636,1.333636,1.332729,1.333102,0,0.000871,-0.001036,-2e-06
2025.10.27 15:00,1.3332,1.3332,1.3317,1.3329,5148,1.332924,1.333298,1.331966,1.332942,0,0.001234,-0.001598,-4.2e-05
2025.10.27 16:00,1.3329,1.3336,1.3324,1.3335,2809,1.332978,1.333511,1.332481,1.333511,0,0.001119,-0.001111,-1.1e-05
2025.10.27 17:00,1.3336,1.3339,1.3333,1.3333,1345,1.333582,1.333902,1.333369,1.333404,0,0.000531,-0.000602,-0.000104
2025.10.27 18:00,1.3333,1.3339,1.3324,1.3338,3257,1.333404,1.333902,1.332498,1.333902,0,0.001402,-0.001503,-0.000103
2025.10.27 19:00,1.3337,1.3338,1.3329,1.3335,1622,1.333618,1.333725,1.33296,1.333547,0,0.00084,-0.000825,-4.7e-05
2025.10.27 20:00,1.3335,1.3339,1.3332,1.3334,858,1.333653,1.333938,1.333333,1.333742,0,0.000567,-0.000738,-0.000342
2025.10.27 22:00,1.3341,1.3341,1.3335,1.3339,0,1.333956,1.334045,1.3336,1.333974,0,0.0005,-0.000545,-7.4e-05
2025.10.27 23:00,1.334,1.3344,1.3339,1.334,422,1.334045,1.334472,1.333902,1.334116,0,0.000498,-0.000572,-0.000116
2025.10.28 00:00,1.334,1.3354,1.3337,1.335,710,1.333992,1.335327,1.333814,1.335078,0,0.001586,-0.001627,-7.8e-05
2025.10.28 01:00,1.3349,1.3359,1.3347,1.3352,1582,1.335007,1.335827,1.334846,1.335185,0,0.001054,-0.001127,1.5e-05
2025.10.28 02:00,1.3352,1.3358,1.3348,1.3348,709,1.335363,1.33588,1.334935,1.334935,0,0.000865,-0.00108,-0.000135
2025.10.28 03:00,1.3349,1.3357,1.3349,1.3355,0,1.33506,1.335755,1.334989,1.335648,0,0.000711,-0.000855,-0.000148
2025.10.28 04:00,1.3359,1.3367,1.3358,1.3366,1366,1.335648,1.336702,1.335559,1.33663,0,0.001141,-0.000902,-3e-05
2025.10.28 05:00,1.3366,1.337,1.3361,1.3362,1161,1.336684,1.337006,1.33613,1.336291,0,0.00087,-0.000906,-9.1e-05
2025.10.28 06:00,1.3363,1.3367,1.3352,1.3352,2154,1.336291,1.33672,1.335292,1.335292,0,0.001408,-0.00152,-9.2e-05
2025.10.28 07:00,1.3352,1.3353,1.3331,1.3335,3013,1.335113,1.335238,1.333244,1.333565,0,0.002056,-0.002138,-6.4e-05
2025.10.28 08:00,1.3335,1.3338,1.33,1.3307,9719,1.3336,1.333653,1.330247,1.330796,0,0.003553,-0.003653,-9.6e-05
2025.10.28 09:00,1.3307,1.3323,1.33,1.3318,3940,1.330619,1.332126,1.330176,1.331735,0,0.002123,-0.002126,6.5e-05
2025.10.28 10:00,1.3318,1.3329,1.3311,1.3325,3436,1.331788,1.332889,1.331274,1.332552,0,0.001626,-0.001789,-5.2e-05
2025.10.28 11:00,1.3326,1.3326,1.3305,1.3308,4075,1.332356,1.332481,1.330513,1.330831,0,0.002087,-0.001981,-3.1e-05
2025.10.28 12:00,1.3309,1.3314,1.3279,1.3284,9419,1.33092,1.331292,1.328127,1.328515,0,0.003273,-0.003392,-0.000115
2025.10.28 13:00,1.3284,1.3285,1.3247,1.3256,19614,1.328356,1.328498,1.324872,1.325996,0,0.003628,-0.003798,-0.000396
2025.10.28 14:00,1.3256,1.3279,1.3253,1.3277,11524,1.325486,1.32788,1.325486,1.327739,0,0.002414,-0.00258,-3.9e-05
2025.10.28 15:00,1.3276,1.3283,1.3268,1.3277,8563,1.32781,1.328374,1.326946,1.327704,0,0.001354,-0.001574,-4e-06
2025.10.28 16:00,1.3277,1.3292,1.3275,1.329,8115,1.327721,1.32908,1.32751,1.328974,0,0.00169,-0.00158,2.6e-05
2025.10.28 17:00,1.329,1.329,1.3276,1.3277,3528,1.328762,1.32878,1.327669,1.327739,0,0.001331,-0.00118,-3.9e-05
2025.10.28 18:00,1.3277,1.3282,1.327,1.328,3487,1.327721,1.328215,1.327087,1.328004,0,0.001113,-0.001215,-4e-06
2025.10.28 19:00,1.328,1.3283,1.3272,1.3273,2128,1.328145,1.328392,1.327334,1.327334,0,0.000966,-0.001192,-3.4e-05
2025.10.28 20:00,1.3273,1.3279,1.327,1.327,1298,1.327299,1.327933,1.327105,1.327193,0,0.000795,-0.000933,-0.000193
2025.10.28 22:00,1.3275,1.3275,1.3271,1.3272,0,1.327351,1.327492,1.32707,1.327193,0,0.00043,-0.000392,7e-06
2025.10.28 23:00,1.3273,1.3278,1.327,1.3278,311,1.327193,1.327686,1.326999,1.327686,0,0.000801,-0.000686,0.000114
2025.10.29 00:00,1.3278,1.3281,1.3268,1.3271,2044,1.327792,1.328074,1.327228,1.327228,0,0.000872,-0.001274,-0.000128
2025.10.29 01:00,1.3272,1.3274,1.3264,1.3264,1569,1.327316,1.327387,1.326471,1.326471,0,0.000929,-0.000987,-7.1e-05
2025.10.29 02:00,1.3264,1.3268,1.3258,1.3264,1745,1.326665,1.326788,1.325803,1.326401,0,0.000997,-0.000988,-1e-06
2025.10.29 03:00,1.3264,1.3264,1.325,1.3253,924,1.326401,1.326401,1.325153,1.325258,0,0.001247,-0.001401,4.2e-05
2025.10.29 04:00,1.3253,1.3255,1.325,1.3251,846,1.325346,1.325522,1.325047,1.325135,0,0.000453,-0.000522,-3.5e-05
2025.10.29 05:00,1.3251,1.3251,1.3233,1.3235,2642,1.325065,1.32517,1.323522,1.323539,0,0.001578,-0.00187,-3.9e-05
2025.10.29 06:00,1.3235,1.3241,1.3225,1.3227,2679,1.323592,1.32403,1.322611,1.322664,0,0.001489,-0.00153,3.6e-05
2025.10.29 07:00,1.3226,1.3235,1.322,1.3229,3826,1.322419,1.323399,1.322332,1.322874,0,0.001168,-0.001399,2.6e-05
2025.10.29 08:00,1.3228,1.3229,1.3209,1.321,4182,1.322874,1.322874,1.320987,1.321091,0,0.001914,-0.001974,-9.1e-05
2025.10.29 09:00,1.3208,1.3228,1.3198,1.3221,4816,1.320795,1.322734,1.31994,1.322192,0,0.00286,-0.002934,-9.2e-05
2025.10.29 10:00,1.322,1.3223,1.3215,1.3218,2636,1.322087,1.322314,1.321545,1.321912,0,0.000755,-0.000814,-0.000112
2025.10.29 11:00,1.3219,1.3226,1.3214,1.3218,4322,1.321912,1.322506,1.321615,1.321895,0,0.000985,-0.001106,-9.5e-05
2025.10.29 12:00,1.3218,1.3221,1.3196,1.3204,5544,1.321999,1.322069,1.319888,1.320324,0,0.002212,-0.002469,7.6e-05
2025.10.29 13:00,1.3204,1.3224,1.3194,1.3206,10033,1.320655,1.322332,1.319644,1.320673,0,0.002756,-0.002932,-7.2e-05
2025.10.29 14:00,1.3207,1.3228,1.3202,1.3227,8014,1.320777,1.322699,1.320376,1.322664,0,0.002424,-0.002499,3.6e-05
2025.10.29 15:00,1.3228,1.3247,1.3226,1.3241,9798,1.323311,1.324451,1.322804,1.32424,0,0.001896,-0.001851,-0.00014
2025.10.29 16:00,1.3241,1.3244,1.3227,1.3227,3725,1.324135,1.324328,1.322786,1.322786,0,0.001614,-0.001628,-8.6e-05
2025.10.29 17:00,1.3227,1.3232,1.3216,1.3224,3926,1.322874,1.323189,1.32172,1.322611,0,0.00148,-0.001589,-0.000211
2025.10.29 18:00,1.3224,1.3227,1.314,1.316,26975,1.321144,1.322419,1.314786,1.316188,0,0.007914,-0.008419,-0.000188
2025.10.29 19:00,1.3159,1.3195,1.3144,1.3194,14539,1.316985,1.319453,1.315063,1.319453,0,0.004437,-0.005053,-5.3e-05
2025.10.29 20:00,1.3194,1.32,1.3181,1.3194,3594,1.319418,1.32008,1.318166,1.319575,0,0.001834,-0.00198,-0.000175
2025.10.29 22:00,1.3196,1.3198,1.3192,1.3193,0,1.319557,1.319836,1.319348,1.3194,0,0.000452,-0.000636,-0.0001
2025.10.29 23:00,1.3194,1.3198,1.3191,1.3194,933,1.31947,1.319853,1.319296,1.319522,0,0.000504,-0.000753,-0.000122
2025.10.30 00:00,1.3194,1.3208,1.3187,1.3204,2010,1.319453,1.320742,1.318826,1.320498,0,0.001974,-0.002042,-9.8e-05
2025.10.30 01:00,1.3204,1.3208,1.3197,1.3206,1989,1.320568,1.320795,1.319766,1.32069,0,0.001034,-0.001095,-9e-05
2025.10.30 02:00,1.3206,1.3211,1.3203,1.3203,978,1.32069,1.320987,1.320376,1.320428,0,0.000724,-0.000687,-0.000128
2025.10.30 03:00,1.3204,1.3209,1.3197,1.3203,1058,1.320638,1.320952,1.319836,1.320271,0,0.001064,-0.001252,2.8e-05
2025.10.30 04:00,1.3206,1.3218,1.3203,1.3217,2016,1.320271,1.32179,1.320149,1.32172,0,0.001651,-0.00149,-2e-05
2025.10.30 05:00,1.3216,1.3219,1.3209,1.321,1774,1.321842,1.321842,1.320934,1.321039,0,0.000966,-0.000942,-3.9e-05
2025.10.30 06:00,1.3209,1.3214,1.3196,1.3202,3335,1.321021,1.32144,1.319801,1.320341,0,0.001599,-0.00184,-0.000141
2025.10.30 07:00,1.3201,1.3211,1.3192,1.3198,4548,1.32008,1.321248,1.319314,1.319749,0,0.001786,-0.002048,5.1e-05
2025.10.30 08:00,1.3198,1.3211,1.3185,1.3207,9781,1.319853,1.321074,1.318878,1.32083,0,0.002222,-0.002574,-0.000129
2025.10.30 09:00,1.3207,1.3209,1.3184,1.3188,3991,1.320952,1.320969,1.318548,1.318931,0,0.002352,-0.002569,-0.000131
2025.10.30 10:00,1.3189,1.3189,1.3174,1.3176,2564,1.318878,1.318965,1.31761,1.317697,0,0.00129,-0.001565,-9.7e-05
2025.10.30 11:00,1.3176,1.3191,1.3174,1.3178,3090,1.317523,1.31907,1.317523,1.317922,0,0.001577,-0.00167,-0.000122
2025.10.30 12:00,1.3178,1.3185,1.3135,1.3138,8937,1.317853,1.318461,1.313681,1.313681,0,0.004819,-0.004961,0.000119
2025.10.30 13:00,1.3137,1.3165,1.3115,1.3157,11177,1.313543,1.316448,1.312009,1.315668,0,0.004491,-0.004948,3.2e-05
2025.10.30 14:00,1.3158,1.3181,1.3153,1.3159,8580,1.315668,1.317818,1.315443,1.315651,0,0.002657,-0.002518,0.000249
2025.10.30 15:00,1.316,1.317,1.3145,1.3147,7501,1.315841,1.316794,1.314613,1.3147,0,0.002387,-0.002294,0.0
2025.10.30 16:00,1.3147,1.316,1.3135,1.3156,10160,1.314838,1.316032,1.313836,1.315616,0,0.002164,-0.002532,-1.6e-05
2025.10.30 17:00,1.3156,1.316,1.3147,1.3153,4156,1.315426,1.315893,1.314682,1.315409,0,0.001318,-0.001193,-0.000109
2025.10.30 18:00,1.3153,1.3158,1.3146,1.3147,3234,1.315253,1.31572,1.314648,1.314665,0,0.001152,-0.00112,3.5e-05
2025.10.30 19:00,1.3148,1.3151,1.314,1.3146,2915,1.314994,1.315045,1.314009,1.314579,0,0.001091,-0.001045,2.1e-05
2025.10.30 20:00,1.3145,1.3156,1.3143,1.3151,833,1.314458,1.315582,1.314458,1.314994,0,0.001142,-0.001282,0.000106
2025.10.30 22:00,1.3157,1.3157,1.3151,1.3153,0,1.315426,1.315478,1.315097,1.315374,0,0.000603,-0.000378,-7.4e-05
2025.10.30 23:00,1.3154,1.316,1.3151,1.3159,551,1.315357,1.316032,1.315097,1.315911,0,0.000903,-0.000932,-1.1e-05
2025.10.31 00:00,1.3159,1.3162,1.3156,1.316,802,1.31598,1.316153,1.315599,1.316067,0,0.000601,-0.000553,-6.7e-05
2025.10.31 01:00,1.3159,1.3166,1.3154,1.3154,651,1.315963,1.316465,1.315391,1.315391,0,0.001209,-0.001065,9e-06
2025.10.31 02:00,1.3154,1.3158,1.3151,1.3153,612,1.315391,1.315789,1.315132,1.315374,0,0.000668,-0.00069,-7.4e-05
2025.10.31 03:00,1.3153,1.3156,1.3151,1.3151,185,1.31534,1.315565,1.315097,1.315201,0,0.000503,-0.000465,-0.000101
2025.10.31 04:00,1.3155,1.3157,1.3153,1.3157,306,1.315166,1.315772,1.315166,1.315703,0,0.000534,-0.000472,-3e-06
2025.10.31 05:00,1.3157,1.3157,1.3149,1.315,344,1.31572,1.31572,1.314838,1.31508,0,0.000862,-0.00082,-8e-05
2025.10.31 06:00,1.3149,1.3158,1.3138,1.3141,1622,1.315045,1.315738,1.313871,1.31406,0,0.001929,-0.001938,4e-05
2025.10.31 07:00,1.314,1.3151,1.3125,1.3146,3570,1.314164,1.314907,1.312594,1.314648,0,0.002506,-0.002407,-4.8e-05
2025.10.31 08:00,1.3146,1.3147,1.3139,1.3142,3195,1.314319,1.314631,1.313871,1.314181,0,0.000829,-0.000731,1.9e-05
2025.10.31 09:00,1.3141,1.3149,1.3134,1.3145,3518,1.314026,1.314838,1.313456,1.314423,0,0.001444,-0.001438,7.7e-05
2025.10.31 10:00,1.3145,1.3148,1.3131,1.3131,2102,1.314544,1.314803,1.312991,1.313077,0,0.001809,-0.001703,2.3e-05
2025.10.31 11:00,1.3131,1.3141,1.3116,1.3129,4806,1.313163,1.314026,1.311733,1.312939,0,0.002367,-0.002426,-3.9e-05
2025.10.31 12:00,1.3128,1.313,1.3105,1.3108,6334,1.312801,1.312836,1.310599,1.310599,0,0.002401,-0.002336,0.000201
2025.10.31 13:00,1.3107,1.3117,1.3098,1.3115,7294,1.310444,1.311613,1.309826,1.311613,0,0.001874,-0.001813,-0.000113
2025.10.31 14:00,1.3115,1.3128,1.3104,1.3125,6285,1.311441,1.312698,1.310513,1.312543,0,0.002287,-0.002298,-4.3e-05
2025.10.31 15:00,1.3126,1.314,1.3117,1.3139,14877,1.312508,1.313853,1.311906,1.313819,0,0.002095,-0.002153,8.1e-05
2025.10.31 16:00,1.3139,1.3144,1.3127,1.3129,12624,1.314026,1.314233,1.312801,1.312801,0,0.001599,-0.001533,9.9e-05
2025.10.31 17:00,1.313,1.3138,1.3124,1.3133,5904,1.31287,1.313698,1.312353,1.313318,0,0.001447,-0.001298,-1.8e-05
2025.10.31 18:00,1.3132,1.3143,1.313,1.314,5845,1.313146,1.314268,1.313094,1.313905,0,0.001206,-0.001268,9.5e-05
2025.10.31 19:00,1.3141,1.3145,1.3136,1.3137,2320,1.313922,1.314475,1.313629,1.313629,0,0.000871,-0.000875,7.1e-05
2025.10.31 20:00,1.3136,1.3154,1.3136,1.314,3559,1.313871,1.315253,1.313853,1.315253,0,0.001547,-0.001653,-0.001253
2025.11.03 00:00,1.314,1.314,1.3132,1.3136,407,1.313629,1.31375,1.31306,1.313577,0,0.00094,-0.00055,2.3e-05
2025.11.03 01:00,1.3135,1.3138,1.3133,1.3136,547,1.313405,1.313733,1.313318,1.313543,0,0.000482,-0.000432,5.7e-05
2025.11.03 02:00,1.3136,1.3143,1.3134,1.3139,949,1.313456,1.314233,1.313405,1.313888,0,0.000895,-0.000833,1.2e-05
2025.11.03 03:00,1.3139,1.3143,1.3138,1.314,350,1.313888,1.314164,1.313819,1.313991,0,0.000481,-0.000364,9e-06
2025.11.03 04:00,1.314,1.3146,1.314,1.3142,417,1.314043,1.314527,1.314009,1.314181,0,0.000591,-0.000527,1.9e-05
2025.11.03 05:00,1.3141,1.3146,1.3141,1.3143,739,1.314233,1.314561,1.314043,1.314268,0,0.000557,-0.000461,3.2e-05
2025.11.03 06:00,1.3143,1.3149,1.3142,1.3147,529,1.314337,1.314942,1.31425,1.3147,0,0.00065,-0.000742,0.0
2025.11.03 07:00,1.3146,1.315,1.3134,1.3139,2465,1.314631,1.314907,1.313508,1.313836,0,0.001492,-0.001507,6.4e-05
2025.11.03 08:00,1.3139,1.3139,1.3118,1.3124,3797,1.313629,1.313629,1.311871,1.312405,0,0.002029,-0.001829,-5e-06
2025.11.03 09:00,1.3124,1.3136,1.312,1.3126,2606,1.312302,1.313439,1.311888,1.31256,0,0.001712,-0.001439,4e-05
2025.11.03 10:00,1.3125,1.3139,1.3122,1.313,3181,1.312439,1.313922,1.312215,1.313077,0,0.001685,-0.001722,-7.7e-05
2025.11.03 11:00,1.313,1.3139,1.3125,1.313,4255,1.313042,1.31394,1.312525,1.312836,0,0.001375,-0.00144,0.000164
2025.11.03 12:00,1.3129,1.3147,1.3127,1.3141,3683,1.312801,1.314648,1.31268,1.314112,0,0.00202,-0.001948,-1.2e-05
2025.11.03 13:00,1.3141,1.3141,1.3121,1.3127,5203,1.313871,1.313871,1.312181,1.312629,0,0.001919,-0.00177,7.1e-05
2025.11.03 14:00,1.3128,1.3129,1.3109,1.3114,5590,1.312698,1.312698,1.311097,1.311458,0,0.001803,-0.001798,-5.8e-05
2025.11.03 15:00,1.3115,1.3148,1.3115,1.3146,11845,1.312095,1.314665,1.311888,1.314665,0,0.002912,-0.003165,-6.5e-05
2025.11.03 16:00,1.3146,1.3151,1.3141,1.3149,8413,1.3147,1.314976,1.314233,1.314821,0,0.000867,-0.000876,7.9e-05
2025.11.03 17:00,1.3148,1.3163,1.3143,1.3146,4466,1.3147,1.31624,1.314319,1.314544,0,0.001981,-0.00194,5.6e-05
2025.11.03 18:00,1.3146,1.3148,1.3135,1.3139,2238,1.314561,1.314838,1.313646,1.313905,0,0.001154,-0.001338,-5e-06
2025.11.03 19:00,1.314,1.3143,1.3136,1.3138,4133,1.313905,1.314164,1.313698,1.313802,0,0.000602,-0.000564,-2e-06
2025.11.03 20:00,1.3138,1.3143,1.3138,1.314,1314,1.313922,1.314216,1.31375,1.313957,0,0.00055,-0.000416,4.3e-05
2025.11.03 21:00,1.3139,1.3142,1.3136,1.3142,1082,1.313784,1.314216,1.313629,1.314078,0,0.000571,-0.000616,0.000122
2025.11.03 23:00,1.3139,1.3141,1.3135,1.3135,0,1.313802,1.313922,1.313508,1.313508,0,0.000592,-0.000422,-8e-06
2025.11.04 00:00,1.3135,1.3135,1.3119,1.3125,1753,1.313146,1.31318,1.312009,1.312525,0,0.001491,-0.00128,-2.5e-05
2025.11.04 01:00,1.3125,1.3127,1.3118,1.3125,1155,1.312319,1.312732,1.311923,1.312508,0,0.000777,-0.000932,-8e-06
2025.11.04 02:00,1.3125,1.3126,1.3119,1.3124,585,1.312388,1.312629,1.311871,1.312353,0,0.000729,-0.000729,4.7e-05
2025.11.04 03:00,1.3124,1.3134,1.3124,1.3128,580,1.312543,1.313353,1.312525,1.312818,0,0.000875,-0.000953,-1.8e-05
2025.11.04 04:00,1.3129,1.3133,1.3124,1.3124,0,1.312818,1.313267,1.312405,1.312405,0,0.000895,-0.000867,-5e-06
2025.11.04 05:00,1.3121,1.3126,1.3119,1.3122,1005,1.312353,1.31256,1.311974,1.312181,0,0.000626,-0.00066,1.9e-05
2025.11.04 06:00,1.3121,1.3127,1.3117,1.3125,1621,1.312129,1.31268,1.311768,1.312422,0,0.000932,-0.00098,7.8e-05
2025.11.04 07:00,1.3124,1.314,1.3119,1.3121,6588,1.312164,1.313888,1.311871,1.312147,0,0.002129,-0.001988,-4.6e-05
2025.11.04 08:00,1.3122,1.3122,1.3086,1.3093,12674,1.312043,1.312043,1.308849,1.309243,0,0.003351,-0.003443,5.7e-05
2025.11.04 09:00,1.3093,1.3096,1.306,1.3063,6957,1.309363,1.309535,1.306029,1.306319,0,0.003571,-0.003535,-1.9e-05
2025.11.04 10:00,1.3063,1.308,1.3062,1.3073,4351,1.306302,1.307856,1.306302,1.307326,0,0.001698,-0.001656,-2.6e-05
2025.11.04 11:00,1.3074,1.3076,1.3057,1.3059,3697,1.307514,1.307514,1.30579,1.305875,0,0.00181,-0.001814,2.5e-05
2025.11.04 12:00,1.3059,1.3069,1.3054,1.3067,6184,1.306029,1.306848,1.305483,1.306711,0,0.001417,-0.001448,-1.1e-05
2025.11.04 13:00,1.3067,1.3069,1.3057,1.3058,4093,1.306524,1.306848,1.305756,1.305756,0,0.001144,-0.001148,4.4e-05
2025.11.04 14:00,1.3057,1.3065,1.3035,1.3048,10748,1.305739,1.306438,1.303458,1.304649,0,0.003042,-0.002938,0.000152
2025.11.04 15:00,1.3049,1.3059,1.3042,1.3047,10401,1.304853,1.305722,1.304308,1.304614,0,0.001592,-0.001522,8.6e-05
2025.11.04 16:00,1.3046,1.3052,1.3041,1.3044,4823,1.304819,1.30521,1.304087,1.304342,0,0.001113,-0.00111,5.8e-05
2025.11.04 17:00,1.3044,1.3046,1.3026,1.3029,2877,1.304393,1.304529,1.302745,1.302932,0,0.001855,-0.001929,-3.2e-05
2025.11.04 18:00,1.3029,1.3029,1.3018,1.3024,3578,1.302847,1.302847,1.301897,1.302355,0,0.001003,-0.001047,4.5e-05
2025.11.04 19:00,1.3023,1.3028,1.3014,1.3015,2837,1.302355,1.302643,1.301439,1.301524,0,0.001361,-0.001243,-2.4e-05
2025.11.04 20:00,1.3015,1.3025,1.3011,1.302,2072,1.301372,1.30249,1.301118,1.301931,0,0.001382,-0.00139,6.9e-05
2025.11.04 21:00,1.302,1.3024,1.3017,1.3021,1373,1.301931,1.302355,1.301626,1.302083,0,0.000774,-0.000655,1.7e-05
2025.11.04 23:00,1.3026,1.3027,1.3019,1.3022,0,1.302372,1.302423,1.302016,1.302151,0,0.000684,-0.000522,4.9e-05
2025.11.05 00:00,1.3021,1.3023,1.3015,1.302,799,1.302134,1.302321,1.301541,1.301948,0,0.000759,-0.000821,5.2e-05
2025.11.05 01:00,1.302,1.3025,1.3011,1.3016,1380,1.301846,1.302423,1.301118,1.301626,0,0.001382,-0.001323,-2.6e-05
2025.11.05 02:00,1.3017,1.3023,1.3014,1.3016,1010,1.302117,1.30227,1.30149,1.301609,0,0.00081,-0.00087,-9e-06
2025.11.05 03:00,1.3017,1.3021,1.3017,1.3021,1026,1.301795,1.30205,1.301609,1.30205,0,0.000491,-0.00035,5e-05
2025.11.05 04:00,1.3021,1.3028,1.3021,1.3027,390,1.302185,1.302711,1.302066,1.302609,0,0.000734,-0.000611,9.1e-05
2025.11.05 05:00,1.3026,1.3031,1.3023,1.3023,611,1.302541,1.30305,1.30227,1.30227,0,0.00083,-0.00075,3e-05
2025.11.05 06:00,1.3022,1.3031,1.3022,1.3029,1332,1.302287,1.303067,1.302287,1.302915,0,0.000813,-0.000867,-1.5e-05
2025.11.05 07:00,1.3028,1.3031,1.302,1.3028,1613,1.302626,1.303101,1.302032,1.302779,0,0.001068,-0.001101,2.1e-05
2025.11.05 08:00,1.3028,1.3049,1.3027,1.3046,6944,1.30283,1.304938,1.30283,1.304597,0,0.00207,-0.002238,3e-06
2025.11.05 09:00,1.3044,1.3054,1.3034,1.304,9161,1.304682,1.305159,1.303475,1.304019,0,0.001925,-0.001759,-1.9e-05
2025.11.05 10:00,1.304,1.3041,1.3025,1.3025,2605,1.30373,1.30373,1.302524,1.302524,0,0.001576,-0.00123,-2.4e-05
2025.11.05 11:00,1.3026,1.3037,1.3012,1.3035,3627,1.302643,1.303628,1.301253,1.303543,0,0.002447,-0.002428,-4.3e-05
2025.11.05 12:00,1.3036,1.3046,1.3034,1.3043,3477,1.303832,1.304649,1.303475,1.30424,0,0.001125,-0.001248,6e-05
2025.11.05 13:00,1.3042,1.3047,1.3025,1.3025,5407,1.304206,1.304649,1.302626,1.302626,0,0.002074,-0.002149,-0.000126
2025.11.05 14:00,1.3026,1.3035,1.3019,1.3033,5134,1.302558,1.303458,1.302117,1.303271,0,0.001383,-0.001558,2.9e-05
2025.11.05 15:00,1.3032,1.3048,1.3013,1.3042,6860,1.301473,1.304631,1.301473,1.304189,0,0.003327,-0.003331,1.1e-05
2025.11.05 16:00,1.3041,1.3049,1.3032,1.3048,4144,1.304172,1.304938,1.303237,1.304887,0,0.001663,-0.001738,-8.7e-05
2025.11.05 17:00,1.3049,1.3049,1.3035,1.3039,4758,1.304785,1.304938,1.303628,1.3039,0,0.001272,-0.001438,0.0
2025.11.05 18:00,1.304,1.3046,1.3039,1.3045,2516,1.303849,1.304563,1.303849,1.304563,0,0.000751,-0.000663,-6.3e-05
2025.11.05 19:00,1.3045,1.3048,1.3043,1.3045,2138,1.304495,1.304768,1.304325,1.304563,0,0.000475,-0.000468,-6.3e-05
2025.11.05 20:00,1.3046,1.3052,1.3046,1.305,2543,1.304768,1.305227,1.304734,1.305108,0,0.000466,-0.000627,-0.000108
2025.11.05 21:00,1.305,1.3055,1.3048,1.3052,1736,1.304768,1.305483,1.304768,1.304887,0,0.000732,-0.000683,0.000313
2025.11.05 23:00,1.3051,1.3053,1.3047,1.3052,0,1.305023,1.305347,1.304682,1.305227,0,0.000618,-0.000647,-2.7e-05
2025.11.06 00:00,1.3052,1.306,1.305,1.3059,1219,1.305176,1.305995,1.305125,1.305995,0,0.000875,-0.000995,-9.5e-05
2025.11.06 01:00,1.306,1.3065,1.3059,1.3064,1219,1.306097,1.306506,1.30596,1.306353,0,0.00054,-0.000606,4.7e-05
2025.11.06 02:00,1.3063,1.3064,1.3058,1.306,529,1.306319,1.306438,1.305824,1.306012,0,0.000576,-0.000638,-1.2e-05
2025.11.06 03:00,1.306,1.3065,1.3058,1.3063,307,1.306012,1.306489,1.305807,1.306387,0,0.000693,-0.000689,-8.7e-05
2025.11.06 04:00,1.3064,1.3065,1.3058,1.3062,419,1.306404,1.30654,1.305773,1.306267,0,0.000727,-0.000741,-6.7e-05
2025.11.06 05:00,1.3061,1.3065,1.3057,1.3061,451,1.30625,1.306489,1.305807,1.306131,0,0.000693,-0.000789,-3.1e-05
2025.11.06 06:00,1.306,1.3068,1.3053,1.3055,958,1.30608,1.30678,1.305381,1.3055,0,0.001419,-0.00148,0.0
2025.11.06 07:00,1.3054,1.3071,1.3054,1.3064,2176,1.305483,1.307172,1.305466,1.306336,0,0.001634,-0.001772,6.4e-05
2025.11.06 08:00,1.3063,1.3088,1.3059,1.3085,3802,1.306302,1.308746,1.306012,1.308592,0,0.002788,-0.002846,-9.2e-05
2025.11.06 09:00,1.3085,1.309,1.3077,1.308,7279,1.308301,1.308935,1.307839,1.308079,0,0.001161,-0.001235,-7.9e-05
2025.11.06 10:00,1.308,1.3087,1.3077,1.3079,3576,1.307805,1.308712,1.307805,1.307908,0,0.000895,-0.001012,-8e-06
2025.11.06 11:00,1.3079,1.3095,1.3077,1.3092,4528,1.308164,1.309552,1.307873,1.309226,0,0.001626,-0.001852,-2.6e-05
2025.11.06 12:00,1.3091,1.3105,1.3059,1.31,23295,1.307002,1.310358,1.306233,1.310066,0,0.004267,-0.004458,-6.7e-05
2025.11.06 13:00,1.3099,1.3124,1.3092,1.3107,10130,1.309861,1.312439,1.309518,1.310908,0,0.002882,-0.003239,-0.000208
2025.11.06 14:00,1.3106,1.311,1.3082,1.3082,6332,1.310633,1.310925,1.30837,1.308489,0,0.00263,-0.002725,-0.000289
2025.11.06 15:00,1.3082,1.3105,1.3079,1.3101,7841,1.308764,1.310479,1.308318,1.310255,0,0.002182,-0.002579,-0.000155
2025.11.06 16:00,1.3102,1.311,1.3096,1.3104,5244,1.310221,1.311063,1.309792,1.310513,0,0.001208,-0.001463,-0.000113
2025.11.06 17:00,1.3105,1.3124,1.3102,1.3121,5338,1.31096,1.312474,1.310444,1.312215,0,0.001956,-0.002274,-0.000115
2025.11.06 18:00,1.3122,1.3142,1.312,1.3139,5597,1.312181,1.314268,1.312078,1.313991,0,0.002122,-0.002268,-9.1e-05
2025.11.06 19:00,1.3138,1.3142,1.3129,1.3131,4980,1.313871,1.314199,1.313025,1.313267,0,0.001175,-0.001299,-0.000167
2025.11.06 20:00,1.3132,1.3139,1.3132,1.3136,4589,1.313456,1.313991,1.313267,1.313646,0,0.000633,-0.000791,-4.6e-05
2025.11.06 21:00,1.3135,1.3139,1.3134,1.3137,3783,1.313646,1.314009,1.313439,1.313784,0,0.000461,-0.000609,-8.4e-05
2025.11.06 23:00,1.3134,1.3141,1.3133,1.3139,0,1.313715,1.314199,1.31356,1.314043,0,0.00054,-0.000899,-0.000143
2025.11.07 00:00,1.314,1.3141,1.313,1.313,3332,1.313974,1.314164,1.313025,1.313025,0,0.001075,-0.001164,-2.5e-05
2025.11.07 01:00,1.3129,1.313,1.3124,1.3124,2289,1.31287,1.312973,1.312456,1.312594,0,0.000543,-0.000574,-0.000194
2025.11.07 02:00,1.3126,1.3131,1.3119,1.3121,1055,1.312749,1.313094,1.312043,1.312284,0,0.001057,-0.001194,-0.000184
2025.11.07 03:00,1.3122,1.3123,1.3115,1.3119,1153,1.312405,1.312405,1.311579,1.311923,0,0.000721,-0.000905,-2.3e-05
2025.11.07 04:00,1.3118,1.3119,1.3115,1.3117,591,1.311871,1.311923,1.311596,1.311751,0,0.000304,-0.000423,-5.1e-05
2025.11.07 05:00,1.3117,1.3122,1.3117,1.3119,233,1.311751,1.312284,1.311596,1.311957,0,0.000604,-0.000584,-5.7e-05
2025.11.07 06:00,1.3119,1.312,1.3113,1.3114,1759,1.311992,1.312095,1.311424,1.311424,0,0.000576,-0.000795,-2.4e-05
2025.11.07 07:00,1.3114,1.3124,1.3113,1.3124,1867,1.311579,1.312543,1.311389,1.312543,0,0.001011,-0.001243,-0.000143
2025.11.07 08:00,1.3124,1.3128,1.3101,1.3102,5989,1.312474,1.312663,1.310255,1.310324,0,0.002545,-0.002563,-0.000124
2025.11.07 09:00,1.3103,1.3106,1.3095,1.3098,3294,1.310221,1.310565,1.309603,1.309843,0,0.000997,-0.001065,-4.3e-05
2025.11.07 10:00,1.3098,1.311,1.3096,1.3109,1940,1.309809,1.311046,1.309758,1.311046,0,0.001242,-0.001446,-0.000146
2025.11.07 11:00,1.3108,1.3123,1.3105,1.312,2342,1.310685,1.31237,1.310685,1.312164,0,0.001615,-0.00187,-0.000164
2025.11.07 12:00,1.3121,1.3128,1.3109,1.3115,3206,1.311992,1.312887,1.311028,1.311561,0,0.001772,-0.001987,-6.2e-05
2025.11.07 13:00,1.3116,1.3137,1.3115,1.313,6451,1.311682,1.313767,1.31163,1.313163,0,0.00207,-0.002267,-0.000163
2025.11.07 14:00,1.313,1.3149,1.3127,1.3149,5463,1.312991,1.315045,1.312991,1.314976,0,0.001909,-0.002345,-7.6e-05
2025.11.07 15:00,1.3149,1.3174,1.3144,1.315,11384,1.31553,1.317367,1.314596,1.315201,0,0.002804,-0.002967,-0.000201
2025.11.07 16:00,1.3151,1.317,1.315,1.3162,3748,1.315322,1.317107,1.315322,1.316274,0,0.001678,-0.002107,-7.4e-05
2025.11.07 17:00,1.3161,1.3171,1.3156,1.3169,2114,1.31624,1.317176,1.315772,1.317159,0,0.001328,-0.001576,-0.000259
2025.11.07 18:00,1.317,1.3174,1.3165,1.3167,2157,1.317141,1.317506,1.316742,1.316864,0,0.000658,-0.001006,-0.000164
2025.11.07 19:00,1.3167,1.3172,1.3156,1.3157,3577,1.316742,1.317263,1.31572,1.315824,0,0.00148,-0.001663,-0.000124
2025.11.07 20:00,1.3158,1.3165,1.3157,1.3163,1806,1.315807,1.316552,1.315807,1.316396,0,0.000693,-0.000852,-9.6e-05
2025.11.07 21:00,1.3162,1.3167,1.3152,1.3157,2202,1.316378,1.316794,1.315443,1.316465,0,0.001257,-0.001594,-0.000765
2025.11.10 00:00,1.3141,1.3154,1.3137,1.3144,1372,1.314181,1.314924,1.313819,1.314579,0,0.001581,-0.001224,-0.000179
2025.11.10 01:00,1.3145,1.3155,1.314,1.315,824,1.314371,1.315512,1.314147,1.315132,0,0.001353,-0.001512,-0.000132
2025.11.10 02:00,1.3151,1.3151,1.3146,1.3148,331,1.315166,1.315253,1.314648,1.314924,0,0.000452,-0.000653,-0.000124
2025.11.10 03:00,1.3148,1.315,1.3142,1.3145,383,1.314907,1.314976,1.314337,1.3147,0,0.000663,-0.000776,-0.0002
2025.11.10 04:00,1.3147,1.3154,1.3145,1.3154,720,1.314734,1.315478,1.314613,1.315426,0,0.000787,-0.000978,-2.6e-05
2025.11.10 05:00,1.3152,1.3159,1.315,1.3155,1089,1.31527,1.316049,1.315132,1.315495,0,0.000768,-0.001049,5e-06
2025.11.10 06:00,1.3156,1.3159,1.3139,1.3141,1966,1.315547,1.315841,1.31406,1.314164,0,0.00184,-0.001941,-6.4e-05
2025.11.10 07:00,1.3142,1.3166,1.3141,1.3157,3591,1.31444,1.316673,1.31444,1.315945,0,0.002159,-0.002573,-0.000245
2025.11.10 08:00,1.3157,1.3184,1.3155,1.3173,8129,1.315772,1.318357,1.315703,1.317488,0,0.002697,-0.002857,-0.000188
2025.11.10 09:00,1.3174,1.3178,1.3166,1.3173,3610,1.317523,1.31794,1.316794,1.317488,0,0.001006,-0.00134,-0.000188
2025.11.10 10:00,1.3172,1.3175,1.3156,1.316,2567,1.317349,1.317523,1.315824,1.316049,0,0.001676,-0.001923,-4.9e-05
2025.11.10 11:00,1.3159,1.3177,1.3151,1.3176,3040,1.316049,1.317731,1.31527,1.317731,0,0.00243,-0.002631,-0.000131
2025.11.10 12:00,1.3176,1.3188,1.3175,1.3181,2778,1.317731,1.318826,1.31761,1.318392,0,0.00119,-0.001326,-0.000292
2025.11.10 13:00,1.3181,1.3191,1.317,1.3174,4202,1.318113,1.319122,1.317141,1.317436,0,0.001959,-0.002122,-3.6e-05
2025.11.10 14:00,1.3174,1.3174,1.3152,1.3166,5665,1.317506,1.317506,1.315305,1.31676,0,0.002095,-0.002306,-0.00016
2025.11.10 15:00,1.3165,1.317,1.3145,1.3147,7638,1.316534,1.316951,1.314838,1.314838,0,0.002162,-0.002451,-0.000138
2025.11.10 16:00,1.3147,1.3162,1.3147,1.3155,3220,1.314855,1.316309,1.314855,1.315547,0,0.001345,-0.001609,-4.7e-05
2025.11.10 17:00,1.3156,1.3179,1.3155,1.3178,3740,1.315686,1.318044,1.315651,1.317957,0,0.002249,-0.002544,-0.000157
2025.11.10 18:00,1.3178,1.3184,1.3177,1.3179,1704,1.31787,1.318513,1.317801,1.317905,0,0.000599,-0.000813,-5e-06
2025.11.10 19:00,1.3179,1.3185,1.3178,1.3179,2041,1.317992,1.318479,1.317992,1.318148,0,0.000508,-0.000679,-0.000248
2025.11.10 20:00,1.318,1.3184,1.3179,1.3181,1116,1.318027,1.318479,1.318027,1.3182,0,0.000373,-0.000579,-0.0001
2025.11.10 21:00,1.318,1.3181,1.3173,1.3175,598,1.318131,1.318235,1.317384,1.317575,0,0.000716,-0.000935,-7.5e-05
2025.11.10 23:00,1.3173,1.3177,1.3171,1.3171,0,1.317506,1.317853,1.317263,1.317297,0,0.000437,-0.000753,-0.000197
2025.11.11 00:00,1.3172,1.3175,1.3165,1.3166,605,1.31728,1.317523,1.316586,1.316586,0,0.000914,-0.001023,1.4e-05
2025.11.11 01:00,1.3164,1.3166,1.3156,1.3165,1467,1.316534,1.316552,1.315859,1.316413,0,0.000741,-0.000952,8.7e-05
2025.11.11 02:00,1.3165,1.3168,1.3161,1.3163,427,1.316604,1.316864,1.316153,1.316378,0,0.000647,-0.000764,-7.8e-05
2025.11.11 03:00,1.3163,1.3169,1.3162,1.3167,251,1.316361,1.317089,1.316361,1.316951,0,0.000539,-0.000889,-0.000251
2025.11.11 04:00,1.3168,1.3171,1.3162,1.3165,0,1.316881,1.317228,1.316396,1.316586,0,0.000704,-0.001028,-8.6e-05
2025.11.11 05:00,1.3163,1.3171,1.3163,1.3166,582,1.316638,1.317211,1.316396,1.316621,0,0.000704,-0.000911,-2.1e-05
2025.11.11 06:00,1.3166,1.3171,1.3152,1.3155,2269,1.31669,1.317141,1.315391,1.315391,0,0.001709,-0.001941,0.000109
2025.11.11 07:00,1.3155,1.316,1.312,1.3125,15736,1.31268,1.313922,1.312215,1.312508,0,0.003785,-0.001922,-8e-06
2025.11.11 08:00,1.3126,1.3135,1.312,1.3123,5092,1.312767,1.313525,1.312164,1.312456,0,0.001336,-0.001525,-0.000157
2025.11.11 09:00,1.3122,1.3134,1.3116,1.3129,2910,1.312181,1.313387,1.311785,1.312818,0,0.001615,-0.001787,8.2e-05
2025.11.11 10:00,1.3129,1.314,1.3121,1.3138,2528,1.312905,1.31413,1.31225,1.314009,0,0.00175,-0.00203,-0.000209
2025.11.11 11:00,1.3138,1.3152,1.3134,1.3148,3536,1.31394,1.315218,1.313422,1.314959,0,0.001778,-0.001818,-0.000159
2025.11.11 12:00,1.3148,1.3154,1.3138,1.3141,4389,1.314873,1.315443,1.313974,1.314371,0,0.001426,-0.001643,-0.000271
2025.11.11 13:00,1.3142,1.3178,1.3142,1.3171,9881,1.314268,1.317836,1.314268,1.317349,0,0.003532,-0.003636,-0.000249
2025.11.11 14:00,1.3172,1.3184,1.3161,1.3181,4857,1.317245,1.318444,1.316257,1.318096,0,0.002143,-0.002344,4e-06
2025.11.11 15:00,1.318,1.3181,1.3158,1.3173,5803,1.318079,1.318079,1.316067,1.317644,0,0.002033,-0.002279,-0.000345
2025.11.11 16:00,1.3172,1.3179,1.3167,1.3172,3210,1.317367,1.317922,1.316846,1.317228,0,0.001054,-0.001222,-2.8e-05
2025.11.11 17:00,1.3172,1.3179,1.3169,1.3174,1754,1.317228,1.317922,1.316985,1.31761,0,0.000915,-0.001022,-0.00021
2025.11.11 18:00,1.3173,1.3177,1.3171,1.3175,1266,1.317384,1.317853,1.317193,1.31754,0,0.000507,-0.000753,-4e-05
2025.11.11 19:00,1.3174,1.3176,1.3165,1.3166,2594,1.31754,1.31754,1.316586,1.31669,0,0.001014,-0.00104,-9e-05
2025.11.11 20:00,1.3167,1.3172,1.316,1.316,2279,1.316725,1.317072,1.316205,1.31624,0,0.000995,-0.001072,-0.00024
2025.11.11 21:00,1.316,1.3162,1.3146,1.315,2987,1.316292,1.316292,1.31489,1.315045,0,0.00131,-0.001692,-4.5e-05
2025.11.11 23:00,1.3153,1.3154,1.3146,1.3152,0,1.315236,1.315409,1.314821,1.315322,0,0.000579,-0.000809,-0.000122
2025.11.12 00:00,1.3151,1.3153,1.314,1.314,1143,1.315288,1.315305,1.314319,1.314319,0,0.00098,-0.001305,-0.000319
2025.11.12 01:00,1.3141,1.3145,1.3137,1.3138,757,1.314164,1.31444,1.313784,1.31394,0,0.000716,-0.000741,-0.00014
2025.11.12 02:00,1.3139,1.3143,1.3137,1.3138,319,1.31394,1.314406,1.313836,1.31394,0,0.000464,-0.000706,-0.00014
2025.11.12 03:00,1.3138,1.3142,1.3134,1.314,486,1.313819,1.31425,1.313594,1.31413,0,0.000606,-0.00085,-0.00013
2025.11.12 04:00,1.314,1.314,1.3128,1.313,397,1.31406,1.31406,1.312922,1.313094,0,0.001078,-0.00126,-9.4e-05
2025.11.12 05:00,1.3132,1.3138,1.3132,1.3134,591,1.313077,1.31394,1.312922,1.313525,0,0.000878,-0.00074,-0.000125
2025.11.12 06:00,1.3133,1.3142,1.313,1.3139,2125,1.313336,1.314181,1.313111,1.314181,0,0.001089,-0.001181,-0.000281
2025.11.12 07:00,1.3139,1.3149,1.3138,1.3145,2368,1.314233,1.314907,1.314009,1.314475,0,0.000891,-0.001107,2.5e-05
2025.11.12 08:00,1.3146,1.3155,1.3116,1.3116,6932,1.314734,1.31553,1.311802,1.311837,0,0.003698,-0.00393,-0.000237
2025.11.12 09:00,1.3116,1.3131,1.3114,1.3114,5759,1.311733,1.313008,1.31163,1.31163,0,0.00147,-0.001608,-0.00023
2025.11.12 10:00,1.3116,1.3127,1.311,1.3125,2142,1.311665,1.312784,1.311149,1.312474,0,0.001551,-0.001784,2.6e-05
2025.11.12 11:00,1.3125,1.3138,1.3116,1.3137,2756,1.312577,1.313646,1.31163,1.313646,0,0.00217,-0.002046,5.4e-05
2025.11.12 12:00,1.3136,1.3139,1.3107,1.3117,4881,1.313819,1.313819,1.310925,1.311751,0,0.002975,-0.003119,-5.1e-05
2025.11.12 13:00,1.3117,1.3123,1.3096,1.3104,4660,1.311854,1.312164,1.309826,1.310461,0,0.002474,-0.002564,-6.1e-05
2025.11.12 14:00,1.3104,1.3107,1.3083,1.3098,6103,1.310513,1.310719,1.308575,1.309775,0,0.002125,-0.002419,2.5e-05
2025.11.12 15:00,1.3098,1.3132,1.3098,1.313,7816,1.309792,1.313146,1.309792,1.313146,0,0.003408,-0.003346,-0.000146
2025.11.12 16:00,1.3129,1.3136,1.3128,1.3129,5568,1.313249,1.313629,1.312887,1.313025,0,0.000713,-0.000829,-0.000125
2025.11.12 17:00,1.313,1.314,1.313,1.3138,2661,1.313042,1.313974,1.313042,1.313853,0,0.000958,-0.000974,-5.3e-05
2025.11.12 18:00,1.3138,1.3143,1.3137,1.314,2230,1.313957,1.31444,1.313819,1.31406,0,0.000481,-0.000741,-6e-05
2025.11.12 19:00,1.3139,1.3142,1.3127,1.3129,2510,1.313974,1.314112,1.31287,1.31287,0,0.00133,-0.001412,3e-05
2025.11.12 20:00,1.3129,1.3133,1.3128,1.3129,1651,1.312905,1.313336,1.312836,1.313215,0,0.000464,-0.000535,-0.000315
2025.11.12 21:00,1.313,1.3134,1.3124,1.3134,1459,1.313146,1.31337,1.312474,1.31337,0,0.000926,-0.00097,3e-05
2025.11.12 23:00,1.3131,1.3133,1.3126,1.3126,0,1.313301,1.313301,1.312698,1.312818,0,0.000602,-0.000701,-0.000218
2025.11.13 00:00,1.3128,1.3128,1.3115,1.3117,1021,1.312853,1.312853,1.311682,1.311751,0,0.001118,-0.001353,-5.1e-05
2025.11.13 01:00,1.3117,1.3124,1.3111,1.3124,930,1.311768,1.312456,1.311149,1.312456,0,0.001251,-0.001356,-5.7e-05
2025.11.13 02:00,1.3124,1.3127,1.3117,1.3124,521,1.312405,1.312732,1.311888,1.312525,0,0.000812,-0.001032,-0.000125
2025.11.13 03:00,1.3125,1.3128,1.3122,1.3126,314,1.312612,1.312853,1.312267,1.312629,0,0.000533,-0.000653,-2.9e-05
2025.11.13 04:00,1.3125,1.3127,1.312,1.3123,243,1.312646,1.312749,1.312112,1.312405,0,0.000588,-0.000749,-0.000105
2025.11.13 05:00,1.3122,1.3124,1.3115,1.3117,437,1.312336,1.312525,1.311699,1.311699,0,0.000701,-0.001025,1e-06
2025.11.13 06:00,1.3117,1.3123,1.3115,1.3122,738,1.311785,1.312302,1.311596,1.312181,0,0.000704,-0.000802,1.9e-05
2025.11.13 07:00,1.3122,1.3144,1.3098,1.3141,6502,1.31151,1.314406,1.310496,1.314337,0,0.003904,-0.004606,-0.000237
2025.11.13 08:00,1.3141,1.3168,1.3131,1.3167,5324,1.314164,1.316621,1.313198,1.316292,0,0.003602,-0.003521,0.000408
2025.11.13 09:00,1.3167,1.317,1.3143,1.3155,4450,1.316812,1.316933,1.31444,1.315634,0,0.00256,-0.002633,-0.000134
2025.11.13 10:00,1.3155,1.3163,1.3152,1.3156,2795,1.315547,1.316361,1.31527,1.315616,0,0.00103,-0.001161,-1.6e-05
2025.11.13 11:00,1.3156,1.316,1.3144,1.3148,1941,1.315755,1.316049,1.314423,1.3147,0,0.001577,-0.001649,0.0001
2025.11.13 12:00,1.3148,1.3183,1.3147,1.3181,5202,1.314855,1.318305,1.314821,1.318305,0,0.003479,-0.003605,-0.000205
2025.11.13 13:00,1.3181,1.3183,1.3158,1.3168,3804,1.318461,1.318461,1.31598,1.316829,0,0.00232,-0.002661,-2.9e-05
2025.11.13 14:00,1.3169,1.3181,1.3165,1.3181,5384,1.317003,1.317853,1.316621,1.317818,0,0.001479,-0.001353,0.000282
2025.11.13 15:00,1.3181,1.3199,1.3174,1.3197,7898,1.318061,1.319888,1.317419,1.319888,0,0.002481,-0.002488,-0.000188
2025.11.13 16:00,1.3197,1.3214,1.319,1.3211,8181,1.319853,1.320952,1.319157,1.320952,0,0.002243,-0.001952,0.000148
2025.11.13 17:00,1.3211,1.3216,1.3204,1.3211,7777,1.321144,1.321475,1.32062,1.321301,0,0.00098,-0.001075,-0.000201
2025.11.13 18:00,1.3211,1.3213,1.3191,1.3195,4002,1.321213,1.321371,1.319279,1.319679,0,0.002021,-0.002271,-0.000179
2025.11.13 19:00,1.3195,1.3197,1.3189,1.3189,3405,1.319679,1.319731,1.319157,1.319157,0,0.000543,-0.000831,-0.000257
2025.11.13 20:00,1.319,1.3195,1.3184,1.3185,2017,1.319,1.319487,1.318513,1.318513,0,0.000987,-0.001087,-1.3e-05
2025.11.13 21:00,1.3184,1.3193,1.3184,1.3192,1998,1.318531,1.3194,1.318513,1.319261,0,0.000787,-0.001,-6.1e-05
2025.11.13 23:00,1.3167,1.3186,1.3137,1.3152,0,1.317697,1.317697,1.31375,1.315184,0,0.00485,-0.003997,1.6e-05
2025.11.14 00:00,1.3153,1.3161,1.3135,1.3147,2556,1.31534,1.316188,1.313629,1.314734,0,0.002471,-0.002688,-3.4e-05
2025.11.14 01:00,1.3148,1.3151,1.3141,1.3147,1713,1.314786,1.315011,1.314268,1.314838,0,0.000832,-0.000911,-0.000138
2025.11.14 02:00,1.3147,1.3151,1.3142,1.315,1241,1.314786,1.315149,1.314302,1.315011,0,0.000798,-0.000949,-1.1e-05
2025.11.14 03:00,1.3149,1.3159,1.3144,1.3145,814,1.314803,1.31598,1.314544,1.314544,0,0.001356,-0.00158,-4.4e-05
2025.11.14 04:00,1.3145,1.3149,1.3139,1.3144,759,1.314579,1.315028,1.314026,1.31444,0,0.000874,-0.001128,-4.1e-05
2025.11.14 05:00,1.3146,1.3151,1.3141,1.3147,659,1.314527,1.31508,1.314216,1.314803,0,0.000884,-0.00098,-0.000103
2025.11.14 06:00,1.3147,1.3158,1.314,1.3144,2489,1.314734,1.315824,1.314164,1.314354,0,0.001636,-0.001824,4.6e-05
2025.11.14 07:00,1.3144,1.3159,1.3126,1.3146,5779,1.314613,1.315841,1.312749,1.314959,0,0.003151,-0.003241,-0.000359
2025.11.14 08:00,1.3146,1.3201,1.3108,1.3165,31414,1.314458,1.319035,1.310994,1.316898,0,0.009106,-0.008235,-0.000399
2025.11.14 09:00,1.3165,1.3181,1.3148,1.3155,6352,1.316569,1.31794,1.314959,1.31553,0,0.003141,-0.00314,-3e-05
2025.11.14 10:00,1.3154,1.3162,1.3141,1.3141,3872,1.31553,1.316015,1.31425,1.314458,0,0.00195,-0.001915,-0.000358
2025.11.14 11:00,1.3141,1.3143,1.3122,1.3137,8447,1.314285,1.314389,1.312491,1.313974,0,0.001809,-0.002189,-0.000274
2025.11.14 12:00,1.3138,1.3181,1.3131,1.3179,5643,1.313957,1.31794,1.313284,1.317731,0,0.004816,-0.00484,0.000169
2025.11.14 13:00,1.3179,1.318,1.3157,1.3166,7374,1.317975,1.317975,1.316084,1.316812,0,0.001916,-0.002275,-0.000212
2025.11.14 14:00,1.3166,1.3178,1.3147,1.3159,7591,1.316586,1.317662,1.314959,1.316067,0,0.002841,-0.002962,-0.000167
2025.11.14 15:00,1.3158,1.3158,1.3125,1.3139,9739,1.315789,1.315789,1.312612,1.313698,0,0.003188,-0.003289,0.000202
2025.11.14 16:00,1.3139,1.3163,1.3138,1.3155,7999,1.314078,1.316292,1.31406,1.315755,0,0.00224,-0.002492,-0.000255
2025.11.14 17:00,1.3155,1.3162,1.3151,1.3161,4275,1.31553,1.316309,1.31527,1.316084,0,0.00093,-0.001209,1.6e-05
2025.11.14 18:00,1.316,1.3163,1.315,1.316,3068,1.316188,1.316344,1.315409,1.316136,0,0.000891,-0.001344,-0.000136
2025.11.14 19:00,1.3161,1.3167,1.3156,1.3165,3137,1.316274,1.316725,1.315755,1.316673,0,0.000945,-0.001125,-0.000173
2025.11.14 20:00,1.3165,1.3171,1.3162,1.3167,1749,1.316604,1.317055,1.316326,1.316881,0,0.000774,-0.000854,-0.000181
2025.11.14 21:00,1.3168,1.3175,1.3164,1.3164,1946,1.316881,1.317488,1.316604,1.317471,0,0.000896,-0.001088,-0.001071
2025.11.17 00:00,1.3158,1.3158,1.3149,1.3155,846,1.315928,1.315928,1.315149,1.315634,0,0.000651,-0.001028,-0.000134
2025.11.17 01:00,1.3155,1.3164,1.3154,1.3156,824,1.315547,1.316517,1.315478,1.315651,0,0.000922,-0.001117,-5.1e-05
2025.11.17 02:00,1.3155,1.3156,1.3151,1.3151,322,1.315443,1.315599,1.315201,1.315253,0,0.000399,-0.000499,-0.000153
2025.11.17 03:00,1.3152,1.3152,1.3141,1.3143,635,1.315218,1.315218,1.314268,1.314544,0,0.000932,-0.001118,-0.000244
2025.11.17 04:00,1.3145,1.3151,1.3144,1.3151,285,1.314561,1.315201,1.314561,1.315201,0,0.000539,-0.000801,-0.000101
2025.11.17 05:00,1.315,1.3154,1.3142,1.3143,304,1.315357,1.315512,1.314337,1.314354,0,0.001063,-0.001312,-5.4e-05
2025.11.17 06:00,1.3143,1.3151,1.3135,1.3149,1154,1.314354,1.315166,1.31375,1.315028,0,0.00135,-0.001666,-0.000128
2025.11.17 07:00,1.3148,1.3177,1.3148,1.3175,2174,1.315045,1.317593,1.315045,1.317523,0,0.002655,-0.002792,-2.3e-05
2025.11.17 08:00,1.3176,1.3181,1.3159,1.3165,3119,1.31754,1.318096,1.31617,1.316656,0,0.00193,-0.002196,-0.000156
2025.11.17 09:00,1.3164,1.3175,1.3158,1.3164,2528,1.316326,1.31754,1.316015,1.316517,0,0.001485,-0.00174,-0.000117
2025.11.17 10:00,1.3165,1.3171,1.3151,1.3153,1923,1.316604,1.317124,1.31534,1.315512,0,0.00176,-0.002024,-0.000212
2025.11.17 11:00,1.3153,1.318,1.3148,1.318,4185,1.31527,1.317957,1.315236,1.31794,0,0.002764,-0.003157,6e-05
2025.11.17 12:00,1.3179,1.3193,1.3176,1.3179,5333,1.317783,1.319296,1.317783,1.318061,0,0.001517,-0.001696,-0.000161
2025.11.17 13:00,1.318,1.3187,1.3171,1.3172,6771,1.318183,1.318757,1.317332,1.317349,0,0.001368,-0.001657,-0.000149
2025.11.17 14:00,1.3172,1.3177,1.3162,1.3165,7032,1.317245,1.317714,1.316361,1.316534,0,0.001339,-0.001514,-3.4e-05
2025.11.17 15:00,1.3165,1.3177,1.316,1.3176,7970,1.316517,1.317818,1.31624,1.317818,0,0.00146,-0.001818,-0.000218
2025.11.17 16:00,1.3176,1.3178,1.3164,1.3177,5597,1.317766,1.31787,1.316708,1.317818,0,0.001092,-0.00147,-0.000118
2025.11.17 17:00,1.3177,1.3178,1.3167,1.3169,2476,1.317783,1.317992,1.316794,1.317037,0,0.001006,-0.001292,-0.000137
2025.11.17 18:00,1.3169,1.317,1.3158,1.3159,2424,1.316985,1.317055,1.315997,1.316032,0,0.001003,-0.001255,-0.000132
2025.11.17 19:00,1.3159,1.3164,1.3144,1.3146,5610,1.316084,1.3165,1.314613,1.314613,0,0.001787,-0.0021,-1.3e-05
2025.11.17 20:00,1.3145,1.3156,1.3144,1.3154,3133,1.314579,1.315789,1.314579,1.315495,0,0.001021,-0.00139,-9.5e-05
2025.11.17 21:00,1.3154,1.3158,1.3153,1.3153,528,1.315599,1.315963,1.315305,1.315305,0,0.000495,-0.000663,-5e-06
2025.11.17 23:00,1.3152,1.3156,1.3151,1.3154,0,1.315461,1.315738,1.315305,1.315495,0,0.000295,-0.000638,-9.5e-05
2025.11.18 00:00,1.3154,1.3154,1.3145,1.3146,512,1.315478,1.315478,1.314544,1.314873,0,0.000856,-0.000978,-0.000273
2025.11.18 01:00,1.3148,1.3154,1.3144,1.3151,310,1.314873,1.315495,1.314665,1.315236,0,0.000735,-0.001095,-0.000136
2025.11.18 02:00,1.315,1.3155,1.3149,1.3152,495,1.31508,1.315478,1.314976,1.315374,0,0.000524,-0.000578,-0.000174
2025.11.18 03:00,1.3153,1.3155,1.3147,1.3148,371,1.315374,1.315565,1.314873,1.314873,0,0.000628,-0.000865,-7.2e-05
2025.11.18 04:00,1.3149,1.3163,1.3145,1.3161,0,1.314924,1.316344,1.314596,1.316344,0,0.001704,-0.001844,-0.000244
2025.11.18 05:00,1.3161,1.3164,1.3161,1.3161,250,1.316257,1.316465,1.316119,1.31617,0,0.000281,-0.000365,-7e-05
2025.11.18 06:00,1.316,1.3162,1.3148,1.3148,1292,1.316032,1.316257,1.314907,1.314959,0,0.001293,-0.001457,-0.000159
2025.11.18 07:00,1.3148,1.3163,1.3148,1.315,1266,1.315149,1.31624,1.315063,1.315201,0,0.001237,-0.00144,-0.000201
2025.11.18 08:00,1.315,1.3176,1.3148,1.3156,2916,1.315063,1.317627,1.315063,1.315634,0,0.002537,-0.002827,-3.4e-05
2025.11.18 09:00,1.3155,1.3162,1.3149,1.3152,2802,1.31553,1.316049,1.31508,1.315305,0,0.00112,-0.001149,-0.000105
2025.11.18 10:00,1.3151,1.3155,1.3143,1.3148,2698,1.315288,1.315565,1.314389,1.314873,0,0.001111,-0.001265,-7.2e-05
2025.11.18 11:00,1.3148,1.3149,1.3137,1.314,2999,1.314855,1.314873,1.313853,1.314043,0,0.001047,-0.001173,-4.3e-05
2025.11.18 12:00,1.314,1.3154,1.3137,1.3154,3632,1.313819,1.315374,1.313819,1.315374,0,0.001581,-0.001674,2.6e-05
2025.11.18 13:00,1.3153,1.316,1.3133,1.3154,9476,1.315461,1.316101,1.31356,1.315461,0,0.00244,-0.002801,-6.1e-05
2025.11.18 14:00,1.3155,1.3163,1.315,1.3157,6966,1.315565,1.316049,1.315097,1.315807,0,0.001203,-0.001049,-0.000107
2025.11.18 15:00,1.3158,1.3171,1.3142,1.3144,7440,1.315893,1.317159,1.31444,1.314475,0,0.00266,-0.002959,-7.5e-05
2025.11.18 16:00,1.3143,1.315,1.3134,1.315,9110,1.31451,1.314959,1.313698,1.314959,0,0.001302,-0.001559,4.1e-05
2025.11.18 17:00,1.315,1.3151,1.3137,1.314,2123,1.315063,1.315063,1.313871,1.314147,0,0.001229,-0.001363,-0.000147
2025.11.18 18:00,1.314,1.3156,1.314,1.3152,3824,1.314164,1.315651,1.314164,1.315236,0,0.001436,-0.001651,-3.6e-05
2025.11.18 19:00,1.3151,1.3156,1.3149,1.3154,3445,1.315063,1.31572,1.315028,1.31553,0,0.000572,-0.00082,-0.00013
2025.11.18 20:00,1.3154,1.3156,1.3144,1.3146,2812,1.315565,1.315703,1.314631,1.314717,0,0.00097,-0.001303,-0.000117
2025.11.18 21:00,1.3145,1.3149,1.3142,1.3144,754,1.314648,1.314959,1.31444,1.31444,0,0.00046,-0.000759,-4.1e-05
2025.11.18 23:00,1.3145,1.3149,1.3143,1.3147,0,1.314579,1.314924,1.314423,1.314769,0,0.000477,-0.000624,-6.9e-05
2025.11.19 00:00,1.3147,1.3148,1.314,1.3141,531,1.314752,1.314924,1.314043,1.314164,0,0.000757,-0.000924,-6.4e-05
2025.11.19 01:00,1.3141,1.3142,1.3132,1.3133,858,1.31425,1.31425,1.313249,1.313353,0,0.000951,-0.00105,-5.3e-05
2025.11.19 02:00,1.3133,1.314,1.3129,1.3137,583,1.313387,1.314043,1.312973,1.313871,0,0.001027,-0.001143,-0.000171
2025.11.19 03:00,1.3136,1.3144,1.3136,1.3139,422,1.313836,1.31444,1.313715,1.313957,0,0.000685,-0.000841,-5.7e-05
2025.11.19 04:00,1.314,1.314,1.3133,1.3138,169,1.314026,1.31406,1.313353,1.31406,0,0.000647,-0.00076,-0.00026
2025.11.19 05:00,1.314,1.3146,1.3139,1.3145,369,1.314112,1.314665,1.313922,1.314596,0,0.000678,-0.000765,-9.6e-05
2025.11.19 06:00,1.3146,1.3154,1.3145,1.3152,2555,1.314752,1.315391,1.314475,1.315391,0,0.000925,-0.000891,-0.000191
2025.11.19 07:00,1.3153,1.3156,1.3131,1.3142,8207,1.314492,1.315063,1.313439,1.314285,0,0.002161,-0.001963,-8.5e-05
2025.11.19 08:00,1.3142,1.3147,1.3123,1.3124,3542,1.314631,1.314752,1.312456,1.312508,0,0.002244,-0.002452,-0.000108
2025.11.19 09:00,1.3122,1.3136,1.3117,1.3127,3458,1.312336,1.313715,1.311854,1.312767,0,0.001746,-0.002015,-6.7e-05
2025.11.19 10:00,1.3126,1.3127,1.3092,1.3105,8755,1.312767,1.312767,1.309775,1.310358,0,0.002925,-0.003567,0.000142
2025.11.19 11:00,1.3105,1.3126,1.3103,1.3126,5544,1.310633,1.312646,1.310513,1.312594,0,0.002087,-0.002346,6e-06
2025.11.19 12:00,1.3127,1.3129,1.3115,1.3117,2263,1.312991,1.312991,1.311682,1.311854,0,0.001218,-0.001491,-0.000154
2025.11.19 13:00,1.3117,1.3129,1.3112,1.3118,4899,1.311802,1.312939,1.311458,1.312078,0,0.001442,-0.001739,-0.000278
2025.11.19 14:00,1.3118,1.3122,1.3105,1.3109,4726,1.312164,1.312164,1.310616,1.310908,0,0.001584,-0.001664,-8e-06
2025.11.19 15:00,1.3109,1.3116,1.307,1.3079,14314,1.310822,1.311458,1.307258,1.307976,0,0.004342,-0.004458,-7.6e-05
2025.11.19 16:00,1.3078,1.3085,1.3067,1.3074,9171,1.30801,1.308541,1.306967,1.307531,0,0.001533,-0.001841,-0.000131
2025.11.19 17:00,1.3075,1.308,1.3056,1.3067,6281,1.307976,1.307976,1.305756,1.306848,0,0.002244,-0.002376,-0.000148
2025.11.19 18:00,1.3068,1.3076,1.3063,1.3065,2001,1.306882,1.307617,1.30637,1.306728,0,0.00123,-0.001317,-0.000228
2025.11.19 19:00,1.3065,1.307,1.3043,1.3045,7647,1.306506,1.306506,1.304512,1.304512,0,0.002488,-0.002206,-1.2e-05
2025.11.19 20:00,1.3046,1.3055,1.3043,1.3049,3214,1.3047,1.305568,1.30458,1.305023,0,0.00092,-0.001268,-0.000123
2025.11.19 21:00,1.305,1.3062,1.3044,1.306,1779,1.304972,1.306131,1.304529,1.305995,0,0.001671,-0.001731,5e-06
2025.11.19 23:00,1.3059,1.3062,1.3052,1.3059,0,1.305995,1.306302,1.30533,1.306046,0,0.00087,-0.001102,-0.000146
2025.11.20 00:00,1.3059,1.3059,1.3049,1.3054,885,1.30596,1.30596,1.305023,1.305534,0,0.000877,-0.00106,-0.000134
2025.11.20 01:00,1.3054,1.3055,1.3044,1.3045,785,1.305568,1.305568,1.304631,1.304631,0,0.000869,-0.001168,-0.000131
2025.11.20 02:00,1.3046,1.3052,1.3037,1.3052,1134,1.304614,1.305313,1.303951,1.305313,0,0.001249,-0.001613,-0.000113
2025.11.20 03:00,1.3052,1.3055,1.304,1.3046,487,1.305534,1.305534,1.304155,1.304682,0,0.001345,-0.001534,-8.2e-05
2025.11.20 04:00,1.3046,1.3061,1.3044,1.3058,2497,1.304665,1.306063,1.304546,1.305977,0,0.001554,-0.001663,-0.000178
2025.11.20 05:00,1.3057,1.3058,1.3052,1.3052,708,1.30579,1.305892,1.305347,1.305347,0,0.000453,-0.000692,-0.000147
2025.11.20 06:00,1.3051,1.3064,1.3049,1.3062,1023,1.305159,1.306421,1.305159,1.306336,0,0.001241,-0.001521,-0.000136
2025.11.20 07:00,1.3061,1.307,1.3057,1.3069,3392,1.305995,1.306967,1.30579,1.30695,0,0.00121,-0.001268,-5e-05
2025.11.20 08:00,1.3068,1.3076,1.3058,1.3065,4880,1.307053,1.307668,1.306114,1.306643,0,0.001486,-0.001868,-0.000143
2025.11.20 09:00,1.3064,1.3079,1.3061,1.3078,2664,1.306575,1.307925,1.306353,1.307925,0,0.001547,-0.001825,-0.000125
2025.11.20 10:00,1.3079,1.3085,1.3071,1.3072,2703,1.307976,1.308489,1.307326,1.307326,0,0.001174,-0.001389,-0.000126
2025.11.20 11:00,1.3072,1.3076,1.3063,1.3065,1744,1.307224,1.307651,1.306319,1.306643,0,0.001281,-0.001351,-0.000143
2025.11.20 12:00,1.3064,1.3065,1.3056,1.3057,3907,1.30654,1.30654,1.305722,1.305756,0,0.000778,-0.00094,-5.6e-05
2025.11.20 13:00,1.3057,1.3099,1.3041,1.3095,12556,1.305909,1.309775,1.305909,1.309775,0,0.003991,-0.005675,-0.000275
2025.11.20 14:00,1.3095,1.3123,1.3081,1.3111,11561,1.3095,1.312336,1.308335,1.311183,0,0.003965,-0.004236,-8.3e-05
2025.11.20 15:00,1.3111,1.3113,1.308,1.3094,10235,1.31108,1.311235,1.30825,1.309415,0,0.00305,-0.003235,-1.5e-05
2025.11.20 16:00,1.3094,1.3102,1.3074,1.3076,6874,1.309449,1.310307,1.307651,1.307685,0,0.002549,-0.002907,-8.5e-05
2025.11.20 17:00,1.3077,1.3083,1.3065,1.3068,5443,1.307942,1.308198,1.30666,1.306933,0,0.00164,-0.001698,-0.000133
2025.11.20 18:00,1.3067,1.308,1.3067,1.3074,3161,1.306745,1.30813,1.306745,1.307566,0,0.001255,-0.00143,-0.000166
2025.11.20 19:00,1.3075,1.3087,1.3071,1.3086,3023,1.307634,1.308781,1.307224,1.308764,0,0.001476,-0.001681,-0.000164
2025.11.20 20:00,1.3087,1.3087,1.3069,1.307,1813,1.308644,1.308678,1.307053,1.307053,0,0.001647,-0.001778,-5.3e-05
2025.11.20 21:00,1.3069,1.3073,1.3067,1.3073,749,1.307002,1.307395,1.306848,1.307292,0,0.000452,-0.000695,8e-06
2025.11.20 23:00,1.3072,1.3085,1.3067,1.3083,0,1.307583,1.308575,1.307019,1.308387,0,0.001481,-0.001875,-8.7e-05
2025.11.21 00:00,1.3083,1.3088,1.3075,1.3084,1096,1.308318,1.308746,1.307651,1.308507,0,0.001149,-0.001246,-0.000107
2025.11.21 01:00,1.3084,1.3087,1.3079,1.3081,282,1.308575,1.308729,1.307959,1.308318,0,0.000741,-0.000829,-0.000218
2025.11.21 02:00,1.3083,1.3086,1.3075,1.308,566,1.308284,1.308661,1.307566,1.308027,0,0.001034,-0.001161,-2.7e-05
2025.11.21 03:00,1.308,1.3088,1.3077,1.3086,397,1.308198,1.308849,1.307805,1.308746,0,0.000995,-0.001149,-0.000146
2025.11.21 04:00,1.3087,1.3092,1.3086,1.3089,438,1.308729,1.309295,1.308609,1.309072,0,0.000591,-0.000695,-0.000172
2025.11.21 05:00,1.3094,1.3095,1.3088,1.3089,584,1.309158,1.309655,1.308883,1.308935,0,0.000617,-0.000855,-3.5e-05
2025.11.21 06:00,1.309,1.3097,1.3088,1.3091,1160,1.309175,1.309723,1.308918,1.309089,0,0.000782,-0.000923,1.1e-05
2025.11.21 07:00,1.309,1.309,1.3066,1.308,5425,1.307292,1.309175,1.307292,1.30825,0,0.001708,-0.002575,-0.00025
2025.11.21 08:00,1.3081,1.3103,1.3073,1.3098,4744,1.307873,1.310273,1.307377,1.309723,0,0.002923,-0.002973,7.7e-05
2025.11.21 09:00,1.3098,1.3099,1.3057,1.3061,5401,1.309792,1.309792,1.306148,1.306148,0,0.003752,-0.004092,-4.8e-05
2025.11.21 10:00,1.306,1.3065,1.305,1.3065,5758,1.305653,1.306558,1.305227,1.306558,0,0.001273,-0.001558,-5.8e-05
2025.11.21 11:00,1.3064,1.3068,1.3042,1.3045,3786,1.306455,1.306933,1.304376,1.304614,0,0.002424,-0.002733,-0.000114
2025.11.21 12:00,1.3044,1.3088,1.3038,1.3088,13789,1.304734,1.308935,1.304002,1.308935,0,0.004798,-0.005135,-0.000135
2025.11.21 13:00,1.3088,1.3094,1.308,1.3083,4929,1.309003,1.309449,1.30813,1.308438,0,0.00127,-0.001449,-0.000138
2025.11.21 14:00,1.3084,1.3092,1.3069,1.3089,8565,1.308404,1.309089,1.307019,1.309089,0,0.002181,-0.002189,-0.000189
2025.11.21 15:00,1.3089,1.3099,1.3075,1.3083,8275,1.309106,1.309638,1.307856,1.308507,0,0.002044,-0.002138,-0.000207
2025.11.21 16:00,1.3085,1.31,1.3073,1.3096,6061,1.308455,1.309929,1.307514,1.309809,0,0.002486,-0.002629,-0.000209
2025.11.21 17:00,1.3098,1.3107,1.3088,1.31,5405,1.310101,1.310633,1.308986,1.309998,0,0.001714,-0.001833,2e-06
2025.11.21 18:00,1.31,1.31,1.3092,1.3097,3968,1.310066,1.310101,1.309243,1.309706,0,0.000757,-0.000901,-6e-06
2025.11.21 19:00,1.3096,1.3109,1.3096,1.3102,2662,1.309895,1.310977,1.309826,1.31029,0,0.001074,-0.001377,-9e-05
2025.11.21 20:00,1.3103,1.3105,1.3098,1.3105,3618,1.310307,1.310547,1.309964,1.310547,0,0.000536,-0.000747,-4.7e-05
2025.11.21 21:00,1.3105,1.3108,1.3096,1.3097,1250,1.310616,1.310839,1.309912,1.309912,0,0.000888,-0.001239,-0.000212
2025.11.24 00:00,1.3096,1.3096,1.3086,1.3088,408,1.309638,1.309638,1.308609,1.308935,0,0.000991,-0.001038,-0.000135
2025.11.24 01:00,1.3089,1.3094,1.3087,1.3089,456,1.30902,1.309312,1.308832,1.3089,0,0.000568,-0.000612,-0.0
2025.11.24 02:00,1.3089,1.3099,1.3089,1.3095,205,1.308969,1.309964,1.308969,1.309603,0,0.000931,-0.001064,-0.000103
2025.11.24 03:00,1.3096,1.3102,1.3094,1.3098,300,1.309655,1.310255,1.3095,1.309843,0,0.0007,-0.000855,-4.3e-05
2025.11.24 04:00,1.3098,1.3103,1.3097,1.3102,166,1.309826,1.310324,1.309758,1.310204,0,0.000542,-0.000624,-4e-06
2025.11.24 05:00,1.31,1.3107,1.31,1.3102,353,1.310152,1.310736,1.310118,1.31029,0,0.000582,-0.000736,-9e-05
2025.11.24 06:00,1.3102,1.3111,1.3098,1.3099,576,1.310238,1.31108,1.309981,1.309981,0,0.001119,-0.00128,-8.1e-05
2025.11.24 07:00,1.3098,1.31,1.3089,1.309,1362,1.309706,1.309981,1.309055,1.309106,0,0.000945,-0.001081,-0.000106
2025.11.24 08:00,1.309,1.3111,1.3089,1.3095,3407,1.309329,1.311011,1.309329,1.309655,0,0.001771,-0.002111,-0.000155
2025.11.24 09:00,1.3095,1.3098,1.3087,1.309,1897,1.309346,1.309758,1.308935,1.309038,0,0.000865,-0.001058,-3.8e-05
2025.11.24 10:00,1.309,1.3098,1.3089,1.3093,1643,1.309123,1.309792,1.309123,1.309295,0,0.000677,-0.000892,5e-06
2025.11.24 11:00,1.3094,1.3097,1.3089,1.3091,1705,1.309295,1.309586,1.309038,1.309209,0,0.000662,-0.000686,-0.000109
2025.11.24 12:00,1.309,1.3116,1.3087,1.3112,3652,1.309106,1.311596,1.308883,1.311303,0,0.002717,-0.002896,-0.000103
2025.11.24 13:00,1.3112,1.3118,1.3104,1.3105,4103,1.311321,1.311751,1.310616,1.310616,0,0.001184,-0.001351,-0.000116
2025.11.24 14:00,1.3105,1.3106,1.3084,1.3091,6745,1.310324,1.31053,1.308627,1.309329,0,0.001974,-0.00213,-0.000229
2025.11.24 15:00,1.3091,1.31,1.3079,1.3098,6877,1.309278,1.309895,1.308147,1.309758,0,0.001853,-0.001995,4.2e-05
2025.11.24 16:00,1.3097,1.3107,1.3093,1.3095,3982,1.309826,1.310668,1.30962,1.30962,0,0.00108,-0.001368,-0.00012
2025.11.24 17:00,1.3096,1.3104,1.3086,1.3101,4211,1.309655,1.310444,1.308678,1.310101,0,0.001722,-0.001844,-1e-06
2025.11.24 18:00,1.31,1.3116,1.31,1.3115,2654,1.310101,1.31163,1.310101,1.31163,0,0.001499,-0.00163,-0.00013
2025.11.24 19:00,1.3116,1.3116,1.3105,1.3109,3496,1.311527,1.31163,1.310633,1.310925,0,0.000967,-0.00113,-2.5e-05
2025.11.24 20:00,1.3108,1.3111,1.3106,1.3108,1679,1.311028,1.3112,1.310736,1.310925,0,0.000364,-0.0006,-0.000125
2025.11.24 21:00,1.3108,1.311,1.3103,1.3103,661,1.311011,1.311046,1.310393,1.310393,0,0.000607,-0.000746,-9.3e-05
2025.11.24 23:00,1.3104,1.311,1.3104,1.3105,0,1.310805,1.310942,1.310513,1.310513,0,0.000487,-0.000542,-1.3e-05
2025.11.25 00:00,1.3105,1.3107,1.3102,1.3107,317,1.310513,1.310839,1.31029,1.310839,0,0.00041,-0.000639,-0.000139
2025.11.25 01:00,1.3108,1.3116,1.3107,1.3107,801,1.310908,1.31163,1.310788,1.310839,0,0.000812,-0.00093,-0.000139
2025.11.25 02:00,1.3108,1.3112,1.3105,1.3112,246,1.310891,1.311321,1.310599,1.311321,0,0.000601,-0.000821,-0.000121
2025.11.25 03:00,1.3114,1.3116,1.3098,1.3099,671,1.311475,1.311527,1.310015,1.310066,0,0.001585,-0.001727,-0.000166
2025.11.25 04:00,1.3099,1.31,1.3096,1.3097,0,1.310015,1.310015,1.309723,1.309843,0,0.000277,-0.000415,-0.000143
2025.11.25 05:00,1.3101,1.3103,1.3095,1.3102,246,1.309912,1.31029,1.309603,1.310187,0,0.000697,-0.00079,1.3e-05
2025.11.25 06:00,1.3101,1.3106,1.3098,1.3104,2108,1.31017,1.310685,1.309912,1.310496,0,0.000688,-0.000885,-9.6e-05
2025.11.25 07:00,1.3104,1.3128,1.3104,1.3121,4295,1.310839,1.312887,1.310839,1.312026,0,0.001961,-0.002487,7.4e-05
2025.11.25 08:00,1.3122,1.3129,1.3109,1.311,3065,1.312026,1.312784,1.311114,1.311114,0,0.001786,-0.001884,-0.000114
2025.11.25 09:00,1.3109,1.3138,1.3108,1.3134,4571,1.311235,1.313853,1.3112,1.313508,0,0.0026,-0.003053,-0.000108
2025.11.25 10:00,1.3134,1.3141,1.3123,1.313,2389,1.313318,1.314078,1.312491,1.313094,0,0.001609,-0.001778,-9.4e-05
2025.11.25 11:00,1.3129,1.3129,1.3109,1.3111,3086,1.31268,1.31268,1.311097,1.311131,0,0.001803,-0.001781,-3.1e-05
2025.11.25 12:00,1.3111,1.3138,1.3108,1.3135,6479,1.310994,1.313594,1.310977,1.313577,0,0.002823,-0.002795,-7.7e-05
2025.11.25 13:00,1.3134,1.3161,1.3131,1.3154,8890,1.313387,1.31553,1.313387,1.315443,0,0.002713,-0.00243,-4.3e-05
2025.11.25 14:00,1.3153,1.3183,1.3153,1.3178,11406,1.315461,1.318218,1.315461,1.31794,0,0.002839,-0.002918,-0.00014
2025.11.25 15:00,1.3179,1.3195,1.3173,1.3177,8679,1.317801,1.3194,1.317436,1.317627,0,0.002064,-0.0021,7.3e-05
2025.11.25 16:00,1.3176,1.3186,1.3171,1.3171,4902,1.317662,1.318531,1.317211,1.317211,0,0.001389,-0.001431,-0.000111
2025.11.25 17:00,1.3171,1.3204,1.3171,1.32,8635,1.318531,1.320306,1.317697,1.320254,0,0.002703,-0.003206,-0.000254
2025.11.25 18:00,1.3201,1.3215,1.3197,1.3205,4657,1.320237,1.321318,1.320115,1.320603,0,0.001385,-0.001618,-0.000103
2025.11.25 19:00,1.3206,1.3214,1.3201,1.3211,3549,1.320673,1.321301,1.320097,1.321161,0,0.001303,-0.001201,-6.1e-05
2025.11.25 20:00,1.3211,1.3214,1.3154,1.3163,14245,1.321336,1.321423,1.315495,1.31617,0,0.005905,-0.006023,0.00013
2025.11.25 21:00,1.3162,1.3211,1.3161,1.3211,4139,1.316257,1.317193,1.316222,1.316448,0,0.004878,-0.001093,0.004652
2025.11.25 23:00,1.3164,1.3173,1.3158,1.3158,0,1.317089,1.317159,1.315876,1.315876,0,0.001424,-0.001359,-7.6e-05
2025.11.26 00:00,1.3159,1.3173,1.3159,1.3168,1291,1.316032,1.317315,1.316032,1.316812,0,0.001268,-0.001415,-1.2e-05
2025.11.26 01:00,1.3169,1.3189,1.3166,1.3178,2992,1.317089,1.318652,1.316656,1.317836,0,0.002244,-0.002052,-3.6e-05
2025.11.26 02:00,1.3178,1.3193,1.3177,1.3187,1443,1.317801,1.319331,1.317801,1.318739,0,0.001499,-0.001631,-3.9e-05
2025.11.26 03:00,1.3187,1.3197,1.3187,1.3196,3099,1.318739,1.319749,1.318739,1.319679,0,0.000961,-0.001049,-7.9e-05
2025.11.26 04:00,1.3195,1.3197,1.3188,1.3188,3136,1.319714,1.319731,1.318791,1.318878,0,0.000909,-0.000931,-7.8e-05
2025.11.26 05:00,1.3191,1.3191,1.3187,1.3191,1047,1.318774,1.319157,1.318774,1.319105,0,0.000326,-0.000457,-5e-06
2025.11.26 06:00,1.3191,1.3198,1.3184,1.3189,3344,1.31907,1.319749,1.318444,1.318913,0,0.001356,-0.001349,-1.3e-05
2025.11.26 07:00,1.3189,1.3194,1.3165,1.3179,4175,1.319244,1.319435,1.316621,1.317836,0,0.002779,-0.002935,6.4e-05
2025.11.26 08:00,1.3178,1.3187,1.3167,1.3174,6545,1.318027,1.318774,1.316916,1.317228,0,0.001784,-0.002074,0.000172
2025.11.26 09:00,1.3174,1.3181,1.3168,1.3174,1542,1.317332,1.318113,1.317141,1.317436,0,0.000959,-0.001313,-3.6e-05
2025.11.26 10:00,1.3174,1.3176,1.3158,1.3162,1820,1.317575,1.317679,1.315963,1.316257,0,0.001637,-0.001879,-5.7e-05
2025.11.26 11:00,1.3162,1.3201,1.315,1.317,32674,1.316067,1.319697,1.315166,1.317436,0,0.004933,-0.004696,-0.000436
2025.11.26 12:00,1.3172,1.3189,1.3124,1.3184,24941,1.31617,1.318809,1.313215,1.318374,0,0.005685,-0.006409,2.6e-05
2025.11.26 13:00,1.3184,1.3236,1.3177,1.3193,20500,1.318392,1.321842,1.318027,1.319122,0,0.005573,-0.004142,0.000178
2025.11.26 14:00,1.3192,1.3207,1.3185,1.3198,10052,1.318913,1.320533,1.318652,1.319993,0,0.002048,-0.002033,-0.000193
2025.11.26 15:00,1.3198,1.3235,1.3194,1.3226,14634,1.319697,1.323241,1.319697,1.322629,0,0.003803,-0.003841,-2.9e-05
2025.11.26 16:00,1.3226,1.3238,1.3219,1.3225,7323,1.322874,1.323697,1.322139,1.322611,0,0.001661,-0.001797,-0.000111
2025.11.26 17:00,1.3225,1.323,1.3218,1.3226,3660,1.322594,1.323066,1.322017,1.322541,0,0.000983,-0.001266,5.9e-05
2025.11.26 18:00,1.3226,1.3233,1.3224,1.3233,3277,1.322769,1.323434,1.322506,1.323434,0,0.000794,-0.001034,-0.000134
2025.11.26 19:00,1.3234,1.3237,1.3229,1.3233,4005,1.323434,1.323749,1.323119,1.323522,0,0.000581,-0.000849,-0.000222
2025.11.26 20:00,1.3234,1.3242,1.3232,1.3236,2944,1.323329,1.3241,1.323329,1.323627,0,0.000871,-0.0009,-2.7e-05
2025.11.26 21:00,1.3236,1.3244,1.3234,1.3242,1725,1.323714,1.324468,1.323504,1.32431,0,0.000896,-0.001068,-0.00011
2025.11.26 23:00,1.3241,1.3251,1.3235,1.3244,0,1.324258,1.324644,1.3241,1.324538,0,0.001,-0.001144,-0.000138
2025.11.27 00:00,1.3244,1.325,1.3244,1.3248,551,1.324538,1.325047,1.324416,1.324942,0,0.000584,-0.000647,-0.000142
2025.11.27 01:00,1.3249,1.3261,1.3248,1.3257,4076,1.324924,1.325926,1.324924,1.325715,0,0.001176,-0.001126,-1.5e-05
2025.11.27 02:00,1.3257,1.3263,1.3249,1.3251,3512,1.326014,1.326242,1.325065,1.325135,0,0.001235,-0.001342,-3.5e-05
2025.11.27 03:00,1.3251,1.3257,1.3248,1.3255,617,1.325188,1.325785,1.324854,1.325609,0,0.000846,-0.000985,-0.000109
2025.11.27 04:00,1.3256,1.3268,1.3253,1.3256,1194,1.325609,1.326841,1.325522,1.32568,0,0.001278,-0.001541,-8e-05
2025.12.01 00:00,1.3239,1.3243,1.3236,1.3237,598,1.324047,1.324345,1.323749,1.323749,0,0.000551,-0.000745,-4.9e-05
2025.12.01 01:00,1.3236,1.3247,1.3231,1.3236,961,1.323644,1.324696,1.323346,1.323837,0,0.001354,-0.001596,-0.000237
2025.12.01 02:00,1.3237,1.3239,1.3224,1.3227,470,1.323749,1.323995,1.322541,1.322874,0,0.001359,-0.001595,-0.000174
2025.12.01 03:00,1.3226,1.323,1.3222,1.323,245,1.322769,1.323119,1.322332,1.323066,0,0.000668,-0.000919,-6.6e-05
2025.12.01 04:00,1.323,1.3233,1.3227,1.3229,850,1.323119,1.323399,1.322734,1.322804,0,0.000566,-0.000699,9.6e-05
2025.12.01 05:00,1.3226,1.3231,1.3218,1.3222,722,1.322734,1.323136,1.322436,1.322436,0,0.000664,-0.001336,-0.000237
2025.12.01 06:00,1.3221,1.3222,1.3211,1.3215,1733,1.322157,1.322227,1.321126,1.321615,0,0.001074,-0.001127,-0.000115
2025.12.01 07:00,1.3216,1.3236,1.3212,1.322,2790,1.322122,1.323522,1.32144,1.322279,0,0.00216,-0.002322,-0.000279
2025.12.01 08:00,1.3219,1.323,1.3205,1.321,6658,1.321685,1.322909,1.320742,1.321231,0,0.002258,-0.002409,-0.000231
2025.12.01 09:00,1.3211,1.3235,1.3211,1.3233,2487,1.321405,1.323504,1.321405,1.323294,0,0.002095,-0.002404,6e-06
2025.12.01 10:00,1.3232,1.3233,1.3218,1.3227,2387,1.323329,1.323329,1.321947,1.322751,0,0.001353,-0.001529,-5.1e-05
2025.12.01 11:00,1.3227,1.3237,1.3221,1.3233,2600,1.322716,1.323609,1.321999,1.323329,0,0.001701,-0.001509,-2.9e-05
2025.12.01 12:00,1.3233,1.327,1.3233,1.3266,8891,1.323416,1.327017,1.323416,1.326753,0,0.003584,-0.003717,-0.000153
2025.12.01 13:00,1.3267,1.3276,1.3259,1.3266,5432,1.326805,1.327422,1.326066,1.326823,0,0.001534,-0.001522,-0.000223
2025.12.01 14:00,1.3266,1.3266,1.3243,1.3248,6068,1.326612,1.326612,1.324503,1.325118,0,0.002097,-0.002312,-0.000318
2025.12.01 15:00,1.3251,1.326,1.323,1.3251,7584,1.325592,1.325768,1.323154,1.325381,0,0.002846,-0.002768,-0.000281
2025.12.01 16:00,1.3251,1.3252,1.3222,1.3227,6639,1.325258,1.325258,1.322436,1.322804,0,0.002764,-0.003058,-0.000104
2025.12.01 17:00,1.3227,1.3231,1.3221,1.3224,1945,1.322786,1.323189,1.322244,1.322436,0,0.000856,-0.001089,-3.6e-05
2025.12.01 18:00,1.3224,1.3227,1.3212,1.3215,2490,1.322541,1.322856,1.321388,1.321615,0,0.001312,-0.001656,-0.000115
2025.12.01 19:00,1.3214,1.3215,1.3208,1.3213,4737,1.321563,1.321563,1.320952,1.321126,0,0.000548,-0.000763,0.000174
2025.12.01 20:00,1.3213,1.3215,1.3209,1.3213,2245,1.321336,1.321493,1.321039,1.321283,0,0.000461,-0.000593,1.7e-05
2025.12.01 21:00,1.3212,1.3215,1.321,1.3212,740,1.321301,1.32151,1.321091,1.321423,0,0.000409,-0.00051,-0.000223
2025.12.01 23:00,1.3214,1.3214,1.3208,1.3208,0,1.321144,1.321301,1.320952,1.320952,0,0.000448,-0.000501,-0.000152
2025.12.02 00:00,1.3209,1.3211,1.3205,1.3207,545,1.320952,1.321231,1.320585,1.320742,0,0.000515,-0.000731,-4.2e-05
2025.12.02 01:00,1.3206,1.3213,1.3203,1.3211,391,1.32069,1.321371,1.320446,1.321266,0,0.000854,-0.001071,-0.000166
2025.12.02 02:00,1.3211,1.3217,1.3211,1.3216,548,1.321196,1.321755,1.321126,1.32165,0,0.000574,-0.000655,-5e-05
2025.12.02 03:00,1.3216,1.3218,1.3213,1.3216,377,1.32165,1.32179,1.321405,1.321772,0,0.000395,-0.00049,-0.000172
2025.12.02 04:00,1.3218,1.3222,1.3216,1.3216,0,1.321877,1.322227,1.321633,1.32165,0,0.000567,-0.000627,-5e-05
2025.12.02 05:00,1.3213,1.3216,1.321,1.3214,294,1.32165,1.321737,1.321213,1.321545,0,0.000386,-0.000737,-0.000145
2025.12.02 06:00,1.3215,1.3215,1.3207,1.3213,1069,1.321475,1.321633,1.320847,1.321318,0,0.000653,-0.000932,-1.8e-05
2025.12.02 07:00,1.3213,1.322,1.3208,1.3215,2319,1.321283,1.322034,1.320917,1.321615,0,0.001083,-0.001234,-0.000115
2025.12.02 08:00,1.3215,1.322,1.3207,1.3211,2038,1.32165,1.321947,1.320917,1.321126,0,0.001083,-0.001247,-2.6e-05
2025.12.02 09:00,1.3211,1.322,1.32,1.321,3379,1.321231,1.322069,1.320376,1.321371,0,0.001624,-0.002069,-0.000371
2025.12.02 10:00,1.3211,1.3212,1.318,1.3196,6417,1.321126,1.321126,1.318166,1.319575,0,0.003034,-0.003126,2.5e-05
2025.12.02 11:00,1.3195,1.3202,1.3192,1.3198,2159,1.319627,1.320132,1.319261,1.319853,0,0.000939,-0.000932,-5.3e-05
2025.12.02 12:00,1.3198,1.321,1.3195,1.3209,3815,1.319818,1.321021,1.319714,1.321021,0,0.001286,-0.001521,-0.000121
2025.12.02 13:00,1.321,1.321,1.3197,1.3206,2531,1.320707,1.320934,1.319818,1.320638,0,0.001182,-0.001234,-3.8e-05
2025.12.02 14:00,1.3206,1.3213,1.3199,1.3211,5338,1.320742,1.321301,1.320184,1.321283,0,0.001116,-0.001401,-0.000183
2025.12.02 15:00,1.3211,1.3213,1.3185,1.32,12082,1.321126,1.321248,1.318774,1.320341,0,0.002526,-0.002748,-0.000341
2025.12.02 16:00,1.3201,1.3204,1.3179,1.3183,6745,1.320219,1.320254,1.318287,1.318287,0,0.002113,-0.002354,1.3e-05
2025.12.02 17:00,1.3183,1.3195,1.3179,1.3194,3059,1.318426,1.319575,1.318009,1.3194,0,0.001491,-0.001675,-0.0
2025.12.02 18:00,1.3194,1.3202,1.319,1.3197,2396,1.319453,1.320184,1.319139,1.319766,0,0.001061,-0.001184,-6.6e-05
2025.12.02 19:00,1.3198,1.3213,1.3197,1.321,5179,1.319906,1.321248,1.319906,1.321231,0,0.001395,-0.001548,-0.000231
2025.12.02 20:00,1.321,1.3214,1.3206,1.3211,2059,1.321039,1.32144,1.320707,1.321213,0,0.000693,-0.00084,-0.000113
2025.12.02 21:00,1.3211,1.3216,1.3207,1.3214,1120,1.321161,1.321615,1.320742,1.321405,0,0.000858,-0.000915,-5e-06
2025.12.02 23:00,1.3212,1.322,1.3211,1.3219,0,1.321301,1.322139,1.321301,1.321912,0,0.000699,-0.001039,-1.2e-05
2025.12.03 00:00,1.322,1.3222,1.3217,1.3222,594,1.322069,1.322297,1.321842,1.322227,0,0.000358,-0.000597,-2.7e-05
2025.12.03 01:00,1.3222,1.3227,1.3222,1.3226,564,1.322244,1.322769,1.322244,1.322716,0,0.000456,-0.000569,-0.000116
2025.12.03 02:00,1.3227,1.323,1.3223,1.3229,693,1.322699,1.323084,1.322489,1.322944,0,0.000511,-0.000784,-4.4e-05
2025.12.03 03:00,1.323,1.3231,1.3228,1.3228,463,1.323014,1.323259,1.322891,1.322961,0,0.000209,-0.000459,-0.000161
2025.12.03 04:00,1.3228,1.3233,1.3227,1.3231,411,1.322961,1.323364,1.322751,1.323189,0,0.000549,-0.000664,-8.9e-05
2025.12.03 05:00,1.3235,1.3238,1.3234,1.3236,579,1.323241,1.323854,1.323241,1.323697,0,0.000559,-0.000454,-9.7e-05
2025.12.03 06:00,1.3236,1.3242,1.3235,1.3242,646,1.323749,1.324275,1.323644,1.324152,0,0.000556,-0.000775,4.8e-05
2025.12.03 07:00,1.3243,1.3253,1.3238,1.3243,2912,1.324503,1.325276,1.323872,1.324328,0,0.001428,-0.001476,-2.8e-05
2025.12.03 08:00,1.3243,1.3263,1.3238,1.3259,3438,1.324416,1.326242,1.32382,1.326242,0,0.002481,-0.002442,-0.000342
2025.12.03 09:00,1.326,1.3285,1.3256,1.3279,8951,1.326031,1.328409,1.325715,1.328109,0,0.002785,-0.002809,-0.000209
2025.12.03 10:00,1.3279,1.3289,1.3274,1.3283,5873,1.32788,1.328921,1.327739,1.328339,0,0.001161,-0.001521,-3.9e-05
2025.12.03 11:00,1.3283,1.3296,1.3279,1.3296,2742,1.328427,1.329663,1.328039,1.329663,0,0.001561,-0.001763,-6.3e-05
2025.12.03 12:00,1.3296,1.3304,1.3294,1.3299,4559,1.329716,1.330406,1.329451,1.33007,0,0.000949,-0.001006,-0.00017
2025.12.03 13:00,1.3298,1.3316,1.3297,1.3299,20568,1.329876,1.331381,1.329823,1.329999,0,0.001777,-0.001681,-9.9e-05
2025.12.03 14:00,1.3299,1.3317,1.3292,1.3315,5591,1.330017,1.331735,1.329292,1.330867,0,0.002408,-0.002535,0.000633
2025.12.03 15:00,1.3315,1.3331,1.3304,1.3331,21690,1.331381,1.333138,1.330583,1.33296,0,0.002517,-0.002738,0.00014
2025.12.03 16:00,1.3331,1.3348,1.3329,1.3331,10526,1.333138,1.334704,1.333031,1.333067,0,0.001769,-0.001804,3.3e-05
2025.12.03 17:00,1.3331,1.3348,1.3328,1.3342,8611,1.333351,1.334704,1.332996,1.334472,0,0.001804,-0.001904,-0.000272
2025.12.03 18:00,1.3342,1.3353,1.3338,1.3348,6653,1.334347,1.335327,1.333974,1.334704,0,0.001326,-0.001527,9.6e-05
2025.12.03 19:00,1.3348,1.3353,1.3347,1.335,3243,1.334882,1.335327,1.334757,1.335238,0,0.000543,-0.000627,-0.000238
2025.12.03 20:00,1.3351,1.3352,1.3346,1.3347,2430,1.335042,1.335274,1.334828,1.334846,0,0.000372,-0.000674,-0.000146
2025.12.03 21:00,1.3348,1.3354,1.3347,1.335,772,1.334793,1.335434,1.334793,1.335381,0,0.000607,-0.000734,-0.000381
2025.12.03 23:00,1.3351,1.3352,1.3344,1.3348,0,1.335007,1.33522,1.334615,1.33481,0,0.000585,-0.00082,-1e-05
2025.12.04 00:00,1.3347,1.3347,1.3337,1.3339,972,1.334632,1.334632,1.33392,1.333938,0,0.00078,-0.000932,-3.8e-05
2025.12.04 01:00,1.3339,1.3343,1.3335,1.3339,846,1.334045,1.334401,1.333636,1.334134,0,0.000664,-0.000901,-0.000234
2025.12.04 02:00,1.3339,1.3339,1.3334,1.3336,964,1.333956,1.334063,1.333511,1.333725,0,0.000389,-0.000663,-0.000125
2025.12.04 03:00,1.3336,1.3336,1.3328,1.3332,1561,1.333547,1.3336,1.332818,1.333244,0,0.000782,-0.0008,-4.4e-05
2025.12.04 04:00,1.3332,1.3334,1.3331,1.3332,710,1.333244,1.333422,1.333067,1.333227,0,0.000333,-0.000322,-2.7e-05
2025.12.04 05:00,1.3335,1.3339,1.3333,1.3337,1507,1.333262,1.334027,1.333262,1.333653,0,0.000638,-0.000727,4.6e-05
2025.12.04 06:00,1.3337,1.3339,1.3331,1.3338,1369,1.333885,1.333885,1.333013,1.333831,0,0.000887,-0.000785,-3.1e-05
2025.12.04 07:00,1.3338,1.3341,1.3331,1.3335,1858,1.333902,1.33408,1.333156,1.333689,0,0.000944,-0.00098,-0.000189
2025.12.04 08:00,1.3337,1.3358,1.3334,1.3343,5328,1.333707,1.335934,1.333511,1.334419,0,0.002289,-0.002534,-0.000119
2025.12.04 09:00,1.3343,1.3349,1.3336,1.3345,3080,1.33433,1.334846,1.333867,1.334615,0,0.001033,-0.001246,-0.000115
2025.12.04 10:00,1.3345,1.335,1.3336,1.3343,2414,1.334615,1.335113,1.333831,1.334472,0,0.001169,-0.001513,-0.000172
2025.12.04 11:00,1.3343,1.3363,1.3341,1.336,2923,1.334437,1.336344,1.334276,1.336095,0,0.002024,-0.002244,-9.5e-05
2025.12.04 12:00,1.336,1.3361,1.334,1.3348,2133,1.336059,1.336095,1.334187,1.335024,0,0.001913,-0.002095,-0.000224
2025.12.04 13:00,1.3349,1.3349,1.3321,1.3342,6042,1.335131,1.335131,1.332463,1.334258,0,0.002437,-0.003031,-5.8e-05
2025.12.04 14:00,1.3343,1.3373,1.3343,1.337,29215,1.334365,1.337059,1.334365,1.337041,0,0.002935,-0.002759,-4.1e-05
2025.12.04 15:00,1.337,1.3385,1.3353,1.3372,12439,1.336738,1.338401,1.33547,1.337345,0,0.00303,-0.003101,-0.000145
2025.12.04 16:00,1.3372,1.3373,1.3347,1.3352,6744,1.336666,1.336666,1.334864,1.335417,0,0.002436,-0.001966,-0.000217
2025.12.04 17:00,1.3352,1.3352,1.3341,1.3343,2938,1.335292,1.335292,1.334116,1.334205,0,0.001084,-0.001192,9.5e-05
2025.12.04 18:00,1.3343,1.335,1.3335,1.3342,9033,1.334365,1.33506,1.333742,1.334347,0,0.001258,-0.00156,-0.000147
2025.12.04 19:00,1.3342,1.3346,1.3337,1.334,5320,1.334365,1.334561,1.333849,1.33408,0,0.000751,-0.000861,-8e-05
2025.12.04 20:00,1.3339,1.3339,1.3326,1.333,3332,1.33376,1.333938,1.332747,1.332924,0,0.001153,-0.001338,7.5e-05
2025.12.04 21:00,1.3329,1.3331,1.3324,1.3326,1489,1.332942,1.33328,1.332552,1.332623,0,0.000548,-0.00088,-2.3e-05
2025.12.04 23:00,1.3326,1.3327,1.3319,1.332,0,1.332569,1.332747,1.332143,1.332268,0,0.000557,-0.000847,-0.000268
2025.12.05 00:00,1.3322,1.3329,1.3322,1.3329,480,1.332463,1.332996,1.332303,1.332996,0,0.000597,-0.000796,-9.6e-05
2025.12.05 01:00,1.333,1.3332,1.3328,1.3332,465,1.333067,1.333387,1.332871,1.333369,0,0.000329,-0.000587,-0.000169
2025.12.05 02:00,1.3333,1.3334,1.333,1.3331,233,1.333369,1.333529,1.333049,1.33328,0,0.000351,-0.000529,-0.00018
2025.12.05 03:00,1.3331,1.3331,1.3325,1.3326,934,1.333173,1.333191,1.332552,1.332765,0,0.000548,-0.000691,-0.000165
2025.12.05 04:00,1.3327,1.3337,1.3327,1.3337,447,1.332765,1.333742,1.332765,1.333671,0,0.000935,-0.001042,2.9e-05
2025.12.05 05:00,1.3336,1.3345,1.3335,1.3345,624,1.333689,1.334597,1.333671,1.334597,0,0.000829,-0.001097,-9.7e-05
2025.12.05 06:00,1.3345,1.3352,1.3342,1.3349,1261,1.334472,1.335238,1.334312,1.334953,0,0.000888,-0.001038,-5.3e-05
2025.12.05 07:00,1.3348,1.3362,1.3348,1.3352,3962,1.335149,1.336202,1.335007,1.335381,0,0.001193,-0.001402,-0.000181
2025.12.05 08:00,1.3352,1.336,1.3345,1.335,2326,1.334828,1.33597,1.334632,1.335274,0,0.001368,-0.00147,-0.000274
2025.12.05 09:00,1.3348,1.3353,1.3343,1.3346,3871,1.334989,1.335381,1.334258,1.33465,0,0.001042,-0.001081,-5e-05
2025.12.05 10:00,1.3346,1.3348,1.3333,1.3337,2235,1.334775,1.334775,1.333458,1.333867,0,0.001342,-0.001475,-0.000167
2025.12.05 11:00,1.3337,1.3339,1.3326,1.3339,2132,1.333725,1.334063,1.332942,1.334063,0,0.000958,-0.001463,-0.000163
2025.12.05 12:00,1.3339,1.3348,1.3339,1.3348,1943,1.334223,1.334775,1.333938,1.334739,0,0.000862,-0.000875,6.1e-05
2025.12.05 13:00,1.3349,1.3355,1.334,1.3351,3344,1.3349,1.335577,1.334116,1.335131,0,0.001384,-0.001577,-3.1e-05
2025.12.05 14:00,1.3351,1.3362,1.3343,1.3348,8752,1.335185,1.336166,1.334579,1.334668,0,0.001621,-0.001866,0.000132
2025.12.05 15:00,1.3349,1.3358,1.3338,1.3342,5940,1.335042,1.335827,1.334009,1.33433,0,0.001791,-0.002027,-0.00013
2025.12.05 16:00,1.3342,1.3343,1.3316,1.3323,9266,1.334347,1.334347,1.331877,1.332516,0,0.002423,-0.002748,-0.000216
2025.12.05 17:00,1.3322,1.3332,1.3318,1.3331,3090,1.332232,1.333138,1.331966,1.333138,0,0.001234,-0.001338,-3.8e-05
2025.12.05 18:00,1.3331,1.334,1.3329,1.3333,2538,1.333084,1.334063,1.333084,1.333404,0,0.000916,-0.001163,-0.000104
2025.12.05 19:00,1.3334,1.3336,1.3329,1.3334,2380,1.333351,1.333653,1.333031,1.33344,0,0.000569,-0.000753,-4e-05
2025.12.05 20:00,1.3334,1.3334,1.3326,1.3333,1971,1.333244,1.333387,1.332676,1.33328,0,0.000724,-0.000787,2e-05
2025.12.05 21:00,1.3333,1.3337,1.3327,1.3334,808,1.333315,1.333725,1.332871,1.333156,0,0.000829,-0.001025,0.000244
2025.12.08 00:00,1.3325,1.3333,1.3323,1.3333,720,1.33264,1.333369,1.332374,1.333369,0,0.000926,-0.001069,-6.9e-05
2025.12.08 01:00,1.3334,1.3338,1.3331,1.3336,541,1.333529,1.333831,1.333209,1.333565,0,0.000591,-0.000731,3.6e-05
2025.12.08 02:00,1.3337,1.3341,1.3335,1.3341,195,1.333653,1.334116,1.333565,1.334116,0,0.000535,-0.000616,-1.6e-05
2025.12.08 03:00,1.3341,1.3343,1.3336,1.3336,508,1.334223,1.334241,1.333725,1.333742,0,0.000575,-0.000641,-0.000142
2025.12.08 04:00,1.3336,1.3341,1.3336,1.334,187,1.33376,1.334241,1.333725,1.33408,0,0.000375,-0.000641,-8e-05
2025.12.08 05:00,1.334,1.3341,1.3336,1.3337,967,1.334116,1.334152,1.333689,1.33376,0,0.000411,-0.000552,-6e-05
2025.12.08 06:00,1.3337,1.3346,1.3327,1.333,2528,1.33376,1.334632,1.332836,1.33312,0,0.001764,-0.001932,-0.00012
2025.12.08 07:00,1.3331,1.3335,1.3322,1.3325,1817,1.333404,1.333476,1.332268,1.332623,0,0.001233,-0.001276,-0.000123
2025.12.08 08:00,1.3325,1.3333,1.3319,1.3327,3478,1.332534,1.333333,1.331576,1.332711,0,0.001724,-0.001433,-1.1e-05
2025.12.08 09:00,1.3328,1.333,1.3313,1.3317,3164,1.332765,1.332782,1.331505,1.332427,0,0.001495,-0.001482,-0.000727
2025.12.08 10:00,1.3316,1.3329,1.3316,1.3319,2881,1.332001,1.332924,1.331168,1.331842,0,0.001732,-0.001325,5.8e-05
2025.12.08 11:00,1.3319,1.3326,1.3314,1.3318,3124,1.331913,1.332605,1.331221,1.332161,0,0.001379,-0.001205,-0.000361
2025.12.08 12:00,1.3318,1.3321,1.3313,1.3319,2496,1.331806,1.332356,1.331062,1.332019,0,0.001038,-0.001056,-0.000119
2025.12.08 13:00,1.332,1.3329,1.3314,1.332,4927,1.332143,1.332942,1.331239,1.331984,0,0.001661,-0.001542,1.6e-05
2025.12.08 14:00,1.332,1.3338,1.3315,1.3326,7405,1.332126,1.333831,1.331647,1.33264,0,0.002153,-0.002331,-4e-05
2025.12.08 15:00,1.3326,1.3327,1.3306,1.3311,6522,1.332658,1.332658,1.330707,1.331257,0,0.001993,-0.002058,-0.000157
2025.12.08 16:00,1.3311,1.3324,1.3308,1.3318,7278,1.331239,1.332534,1.331009,1.331984,0,0.001391,-0.001734,-0.000184
2025.12.08 17:00,1.3318,1.3324,1.3311,1.3323,2416,1.331895,1.332463,1.331026,1.332463,0,0.001374,-0.001363,-0.000163
2025.12.08 18:00,1.3324,1.333,1.3319,1.3324,2727,1.332374,1.33312,1.331717,1.332498,0,0.001282,-0.00122,-9.8e-05
2025.12.08 19:00,1.3323,1.3329,1.3322,1.3327,6395,1.332374,1.332924,1.332232,1.332729,0,0.000668,-0.000724,-2.9e-05
2025.12.08 20:00,1.3326,1.333,1.3323,1.3325,3573,1.332729,1.332978,1.332392,1.332605,0,0.000608,-0.000678,-0.000105
2025.12.08 21:00,1.3324,1.3325,1.3318,1.3321,3162,1.332552,1.332942,1.331735,1.332214,0,0.000765,-0.001142,-0.000114
2025.12.08 23:00,1.3319,1.3326,1.3319,1.3326,0,1.332054,1.332676,1.332054,1.332676,0,0.000546,-0.000776,-7.6e-05
2025.12.09 00:00,1.3326,1.3328,1.3319,1.3321,459,1.332782,1.332907,1.332072,1.332214,0,0.000728,-0.001007,-0.000114
2025.12.09 01:00,1.3321,1.3332,1.3318,1.3332,517,1.332179,1.333244,1.331913,1.333156,0,0.001287,-0.001444,4.4e-05
2025.12.09 02:00,1.3332,1.3334,1.3326,1.3328,474,1.333315,1.333707,1.33225,1.332924,0,0.00115,-0.001107,-0.000124
2025.12.09 03:00,1.3328,1.3331,1.3325,1.3328,1857,1.332907,1.333351,1.332694,1.332907,0,0.000406,-0.000851,-0.000107
2025.12.09 04:00,1.3329,1.333,1.3327,1.333,0,1.332924,1.333084,1.332711,1.333049,0,0.000288,-0.000384,-4.9e-05
2025.12.09 05:00,1.333,1.3336,1.3329,1.3333,3211,1.332996,1.333707,1.332818,1.333476,0,0.000782,-0.000807,-0.000176
2025.12.09 06:00,1.3333,1.3334,1.3328,1.3331,2385,1.333351,1.333493,1.332871,1.333156,0,0.000529,-0.000693,-5.6e-05
2025.12.09 07:00,1.3331,1.3332,1.3323,1.3327,3837,1.333138,1.333262,1.332197,1.333031,0,0.001003,-0.000962,-0.000331
2025.12.09 08:00,1.3328,1.3351,1.3326,1.3344,4610,1.332924,1.334935,1.3328,1.334615,0,0.0023,-0.002335,-0.000215
2025.12.09 09:00,1.3343,1.3355,1.3341,1.3347,10210,1.334312,1.335506,1.334258,1.334846,0,0.001242,-0.001406,-0.000146
2025.12.09 10:00,1.3346,1.3348,1.3329,1.3337,3106,1.334686,1.334828,1.332658,1.333653,0,0.002142,-0.001928,4.6e-05
2025.12.09 11:00,1.3336,1.3337,1.3324,1.3329,4074,1.333742,1.33376,1.332498,1.332889,0,0.001202,-0.00136,1.1e-05
2025.12.09 12:00,1.3329,1.333,1.3315,1.332,2557,1.332907,1.333102,1.331682,1.332054,0,0.001318,-0.001602,-5.4e-05
2025.12.09 13:00,1.332,1.3327,1.331,1.3315,3955,1.332126,1.332711,1.331186,1.331717,0,0.001514,-0.001711,-0.000217
2025.12.09 14:00,1.3313,1.3319,1.3301,1.3314,11385,1.331381,1.332019,1.330265,1.331593,0,0.001635,-0.001919,-0.000193
2025.12.09 15:00,1.3316,1.3316,1.3287,1.3296,7334,1.330159,1.331452,1.328939,1.329663,0,0.002661,-0.002752,-6.3e-05
2025.12.09 16:00,1.3297,1.3318,1.3296,1.3317,4715,1.329787,1.331824,1.329787,1.331735,0,0.002013,-0.002224,-3.5e-05
2025.12.09 17:00,1.3318,1.332,1.3297,1.3297,5439,1.331859,1.331859,1.329787,1.32984,0,0.002213,-0.002159,-0.00014
2025.12.09 18:00,1.3297,1.3303,1.3291,1.3301,13193,1.329805,1.330318,1.329257,1.330141,0,0.001043,-0.001218,-4.1e-05
2025.12.09 19:00,1.3301,1.3305,1.3296,1.3302,3436,1.330159,1.330513,1.329628,1.330265,0,0.000872,-0.000913,-6.5e-05
2025.12.09 20:00,1.3301,1.3307,1.3297,1.3299,2065,1.330123,1.33076,1.32984,1.329999,0,0.00086,-0.00106,-9.9e-05
2025.12.09 21:00,1.33,1.3304,1.3297,1.3298,1603,1.330035,1.330495,1.329858,1.329858,0,0.000542,-0.000795,-5.8e-05
2025.12.09 23:00,1.3301,1.3303,1.3298,1.3303,0,1.330194,1.33046,1.329911,1.3303,0,0.000389,-0.00066,-0.0
2025.12.10 00:00,1.3303,1.3304,1.3299,1.3303,648,1.330336,1.33053,1.330017,1.330389,0,0.000383,-0.00063,-8.9e-05
2025.12.10 01:00,1.3304,1.3304,1.3296,1.3299,599,1.33046,1.33046,1.329752,1.330017,0,0.000648,-0.00086,-0.000117
2025.12.10 02:00,1.3298,1.3304,1.3298,1.3299,614,1.32984,1.33053,1.32984,1.329929,0,0.00056,-0.00073,-2.9e-05
2025.12.10 03:00,1.3299,1.3304,1.3299,1.3302,1034,1.329982,1.330424,1.329946,1.3303,0,0.000454,-0.000524,-0.0001
2025.12.10 04:00,1.3304,1.3307,1.3303,1.3306,200,1.330353,1.330831,1.330318,1.330619,0,0.000382,-0.000531,-1.9e-05
2025.12.10 05:00,1.3305,1.3309,1.3304,1.3306,477,1.330548,1.331009,1.330495,1.330743,0,0.000405,-0.000609,-0.000143
2025.12.10 06:00,1.3306,1.3314,1.3306,1.3313,665,1.330778,1.331416,1.330654,1.331416,0,0.000746,-0.000816,-0.000116
2025.12.10 07:00,1.3314,1.3325,1.3313,1.3324,1703,1.331416,1.332605,1.331416,1.332552,0,0.001084,-0.001305,-0.000152
2025.12.10 08:00,1.3323,1.3328,1.3316,1.3318,8402,1.332356,1.332711,1.331717,1.331859,0,0.001083,-0.001112,-5.9e-05
2025.12.10 09:00,1.3318,1.3318,1.3307,1.3313,2450,1.331753,1.331895,1.330902,1.331416,0,0.000898,-0.001195,-0.000116
2025.12.10 10:00,1.331,1.3315,1.3305,1.3313,7246,1.331257,1.331593,1.330743,1.331274,0,0.000757,-0.001093,2.6e-05
2025.12.10 11:00,1.3313,1.3316,1.3301,1.331,25630,1.331505,1.331505,1.330247,1.331079,0,0.001353,-0.001405,-7.9e-05
2025.12.10 12:00,1.3311,1.3317,1.3306,1.3314,2538,1.331115,1.331682,1.330849,1.331487,0,0.000851,-0.001082,-8.7e-05
2025.12.10 13:00,1.3314,1.3331,1.3305,1.333,3935,1.331487,1.333067,1.330619,1.333067,0,0.002481,-0.002567,-6.7e-05
2025.12.10 14:00,1.333,1.3334,1.3323,1.333,6318,1.333084,1.333422,1.332498,1.333138,0,0.000902,-0.001122,-0.000138
2025.12.10 15:00,1.333,1.3336,1.3314,1.3321,6899,1.33312,1.333671,1.331647,1.332037,0,0.001953,-0.002271,6.3e-05
2025.12.10 16:00,1.332,1.3339,1.3315,1.3337,19988,1.332108,1.33392,1.331753,1.333885,0,0.002147,-0.00242,-0.000185
2025.12.10 17:00,1.3337,1.3348,1.3332,1.3345,5010,1.333831,1.334632,1.333387,1.334632,0,0.001413,-0.001432,-0.000132
2025.12.10 18:00,1.3345,1.3346,1.333,1.3334,9266,1.334561,1.334668,1.333244,1.333244,0,0.001356,-0.001668,0.000156
2025.12.10 19:00,1.3333,1.3374,1.3319,1.3365,34981,1.333102,1.336791,1.332889,1.336523,0,0.004511,-0.004891,-2.3e-05
2025.12.10 20:00,1.3364,1.3389,1.336,1.3386,11327,1.336452,1.338849,1.336255,1.33867,0,0.002645,-0.002849,-7e-05
2025.12.10 21:00,1.3385,1.3387,1.338,1.3383,1131,1.338598,1.338742,1.338079,1.338204,0,0.000621,-0.000742,9.6e-05
2025.12.10 23:00,1.3382,1.3391,1.3382,1.3389,0,1.338079,1.339172,1.338079,1.338867,0,0.001021,-0.000972,3.3e-05
2025.12.11 00:00,1.3389,1.3392,1.3377,1.3377,1944,1.338939,1.33928,1.337757,1.337775,0,0.001443,-0.00158,-7.5e-05
2025.12.11 01:00,1.3379,1.3387,1.3378,1.3381,599,1.337864,1.338742,1.337864,1.338079,0,0.000836,-0.000942,2.1e-05
2025.12.11 02:00,1.3383,1.3387,1.3369,1.337,610,1.338401,1.338706,1.337077,1.337077,0,0.001623,-0.001806,-7.7e-05
2025.12.11 03:00,1.3371,1.3374,1.3366,1.3367,1137,1.33722,1.337363,1.336595,1.336863,0,0.000805,-0.000763,-0.000163
2025.12.11 04:00,1.3369,1.3369,1.3363,1.3368,391,1.336738,1.33697,1.336291,1.336934,0,0.000609,-0.00067,-0.000134
2025.12.11 05:00,1.3368,1.3368,1.3361,1.3362,1019,1.336916,1.337077,1.336237,1.336273,0,0.000563,-0.000977,-7.3e-05
2025.12.11 06:00,1.3362,1.3371,1.3359,1.3369,1424,1.33622,1.337023,1.336005,1.337023,0,0.001095,-0.001124,-0.000124
2025.12.11 07:00,1.337,1.338,1.3366,1.337,2880,1.337077,1.337918,1.336666,1.337077,0,0.001334,-0.001318,-7.7e-05
2025.12.11 08:00,1.337,1.3378,1.3366,1.3367,2995,1.337023,1.337918,1.336702,1.336702,0,0.001098,-0.001318,-2e-06
2025.12.11 09:00,1.3366,1.3373,1.3355,1.3371,8413,1.336773,1.337238,1.335613,1.337149,0,0.001687,-0.001738,-4.9e-05
2025.12.11 10:00,1.3372,1.3381,1.3368,1.3378,6000,1.337274,1.338115,1.336952,1.337972,0,0.001148,-0.001315,-0.000172
2025.12.11 11:00,1.3378,1.3387,1.3375,1.3386,2554,1.337864,1.33876,1.337614,1.33876,0,0.001086,-0.00126,-0.00016
2025.12.11 12:00,1.3385,1.3394,1.3379,1.3389,5092,1.338581,1.339369,1.337954,1.339047,0,0.001446,-0.001469,-0.000147
2025.12.11 13:00,1.3389,1.3415,1.3384,1.3408,46365,1.339029,1.341526,1.338688,1.340752,0,0.002812,-0.003126,4.8e-05
2025.12.11 14:00,1.3407,1.3427,1.3407,1.3417,5652,1.340842,1.342588,1.340824,1.34203,0,0.001876,-0.001888,-0.00033
2025.12.11 15:00,1.3416,1.3435,1.3412,1.3434,10396,1.34158,1.343526,1.341364,1.343526,0,0.002136,-0.002326,-0.000126
2025.12.11 16:00,1.3434,1.3438,1.3416,1.3426,6554,1.343616,1.343779,1.341706,1.342534,0,0.002094,-0.002179,6.6e-05
2025.12.11 17:00,1.3425,1.3429,1.3416,1.3421,7538,1.342588,1.342841,1.341742,1.34203,0,0.001158,-0.001241,7e-05
2025.12.11 18:00,1.3422,1.3424,1.3412,1.3413,2792,1.34221,1.34248,1.341364,1.341436,0,0.001036,-0.00128,-0.000136
2025.12.11 19:00,1.3413,1.3413,1.339,1.3391,7422,1.341292,1.341292,1.339011,1.339011,0,0.002289,-0.002292,8.9e-05
2025.12.11 20:00,1.339,1.3394,1.3381,1.3393,4758,1.338832,1.339495,1.338384,1.339351,0,0.001016,-0.001395,-5.1e-05
2025.12.11 21:00,1.3393,1.3396,1.3386,1.3388,0,1.339405,1.339621,1.33876,1.33876,0,0.00084,-0.001021,4e-05
2025.12.11 23:00,1.3393,1.3393,1.339,1.3393,302,1.339244,1.339316,1.338993,1.339154,0,0.000307,-0.000316,0.000146
2025.12.12 00:00,1.3394,1.3397,1.3392,1.3393,209,1.339369,1.339621,1.339298,1.339369,0,0.000402,-0.000421,-6.9e-05
2025.12.12 01:00,1.3393,1.3399,1.3391,1.3392,165,1.339423,1.33998,1.339029,1.339262,0,0.000871,-0.00088,-6.2e-05
2025.12.12 02:00,1.3392,1.3394,1.3391,1.3391,48,1.339298,1.339441,1.3391,1.339208,0,0.0003,-0.000341,-0.000108
2025.12.12 03:00,1.339,1.3392,1.339,1.3392,26,1.339136,1.339369,1.338975,1.339136,0,0.000225,-0.000369,6.4e-05
2025.12.12 04:00,1.339,1.3394,1.339,1.3394,14,1.339136,1.339459,1.338975,1.339065,0,0.000425,-0.000459,0.000335
2025.12.12 05:00,1.3392,1.3395,1.3392,1.3395,169,1.339029,1.339728,1.339011,1.339656,0,0.000489,-0.000528,-0.000157
2025.12.12 06:00,1.3398,1.3398,1.3393,1.3394,21,1.33971,1.339944,1.339154,1.339513,0,0.000646,-0.000644,-0.000113
2025.12.12 07:00,1.339,1.3391,1.3375,1.3387,333,1.33824,1.339065,1.337775,1.338652,0,0.001325,-0.001565,4.8e-05
2025.12.12 08:00,1.3384,1.3389,1.3376,1.3376,12738,1.338187,1.338885,1.337793,1.338187,0,0.001107,-0.001285,-0.000587
2025.12.12 09:00,1.3375,1.3386,1.3371,1.338,2142,1.337775,1.338563,1.337471,1.33833,0,0.00113,-0.001463,-0.00033
2025.12.12 10:00,1.3379,1.3384,1.3365,1.3373,3846,1.338222,1.338348,1.337113,1.337489,0,0.001287,-0.001848,-0.000189
2025.12.12 11:00,1.3372,1.3377,1.3365,1.3372,2991,1.337596,1.337829,1.336881,1.337578,0,0.000819,-0.001328,-0.000378
2025.12.12 12:00,1.3374,1.3377,1.3361,1.337,3404,1.337417,1.337739,1.336523,1.337327,0,0.001177,-0.001639,-0.000327
2025.12.12 13:00,1.337,1.3383,1.3365,1.3367,5321,1.337435,1.338276,1.336898,1.336952,0,0.001402,-0.001776,-0.000252
2025.12.12 14:00,1.3366,1.3379,1.336,1.337,7070,1.336934,1.337775,1.33638,1.33731,0,0.00152,-0.001775,-0.00031
2025.12.12 15:00,1.3374,1.3378,1.335,1.3351,12294,1.337256,1.337793,1.33531,1.335417,0,0.00249,-0.002793,-0.000317
2025.12.12 16:00,1.3351,1.3359,1.3339,1.3345,15834,1.335648,1.335987,1.334365,1.334828,0,0.001535,-0.002087,-0.000328
2025.12.12 17:00,1.3345,1.3373,1.3345,1.3369,2747,1.334935,1.337381,1.334935,1.337327,0,0.002365,-0.002881,-0.000427
2025.12.12 18:00,1.3369,1.3376,1.3358,1.3358,1865,1.337327,1.337685,1.33622,1.33622,0,0.00138,-0.001885,-0.000419
2025.12.12 19:00,1.3358,1.3362,1.3353,1.3362,3966,1.33613,1.336666,1.335738,1.336666,0,0.000462,-0.001366,-0.000466
2025.12.12 20:00,1.3366,1.3374,1.3362,1.3364,4658,1.336773,1.337506,1.336505,1.33672,0,0.000895,-0.001306,-0.00032
2025.12.12 21:00,1.3363,1.3373,1.3361,1.337,1436,1.336595,1.33722,1.336505,1.337006,0,0.000795,-0.00112,-6e-06
2025.12.15 00:00,1.3364,1.3365,1.3353,1.3363,674,1.336809,1.336809,1.335738,1.336612,0,0.000762,-0.001509,-0.000312
2025.12.15 01:00,1.3362,1.3372,1.3355,1.337,689,1.336505,1.337363,1.335863,1.337363,0,0.001337,-0.001863,-0.000363
2025.12.15 02:00,1.337,1.3371,1.3361,1.3365,943,1.337363,1.337417,1.336559,1.336916,0,0.000541,-0.001317,-0.000416
2025.12.15 03:00,1.3366,1.3367,1.3352,1.3354,1074,1.336863,1.33697,1.335648,1.335773,0,0.001052,-0.00177,-0.000373
2025.12.15 04:00,1.3353,1.3357,1.3352,1.3356,467,1.335666,1.336041,1.335631,1.335845,0,6.9e-05,-0.000841,-0.000245
2025.12.15 05:00,1.3355,1.3362,1.3352,1.3361,1219,1.335845,1.336577,1.335595,1.336577,0,0.000605,-0.001377,-0.000477
2025.12.15 06:00,1.3361,1.3365,1.3355,1.3363,598,1.336452,1.336738,1.335845,1.336738,0,0.000655,-0.001238,-0.000437
2025.12.15 07:00,1.3363,1.3367,1.3356,1.3361,1682,1.336809,1.337041,1.335987,1.336434,0,0.000713,-0.001441,-0.000334
2025.12.15 08:00,1.3361,1.3373,1.3359,1.3365,3513,1.336505,1.337345,1.336202,1.336827,0,0.001098,-0.001445,-0.000327
2025.12.15 09:00,1.3365,1.339,1.3365,1.3385,2395,1.336773,1.338885,1.336773,1.338885,0,0.002227,-0.002385,-0.000385
2025.12.15 10:00,1.3384,1.3385,1.3371,1.3377,2783,1.338832,1.338832,1.337524,1.338061,0,0.000976,-0.001732,-0.000361
2025.12.15 11:00,1.3376,1.3386,1.3376,1.3382,1329,1.337972,1.338993,1.337972,1.338545,0,0.000628,-0.001393,-0.000345
2025.12.15 12:00,1.3381,1.3393,1.3381,1.3387,2008,1.338384,1.339423,1.338384,1.338975,0,0.000916,-0.001323,-0.000275
2025.12.15 13:00,1.3387,1.3395,1.3382,1.3383,7642,1.339118,1.339656,1.338634,1.338921,0,0.000866,-0.001456,-0.000621
2025.12.15 14:00,1.3383,1.3399,1.3379,1.3393,4544,1.338473,1.340141,1.338437,1.339764,0,0.001463,-0.002241,-0.000464
2025.12.15 15:00,1.3393,1.3397,1.3378,1.3391,6837,1.339728,1.339746,1.338419,1.339262,0,0.001281,-0.001946,-0.000162
2025.12.15 16:00,1.3391,1.3392,1.337,1.3376,4039,1.339513,1.339513,1.337578,1.338025,0,0.001622,-0.002513,-0.000425
2025.12.15 17:00,1.3376,1.3377,1.3363,1.3364,1799,1.337936,1.338025,1.336612,1.336773,0,0.001088,-0.001725,-0.000373
2025.12.15 18:00,1.3364,1.3371,1.3357,1.3362,2219,1.336845,1.337417,1.336059,1.336612,0,0.001041,-0.001717,-0.000412
2025.12.15 19:00,1.3363,1.3371,1.3358,1.337,2043,1.336666,1.337184,1.336291,1.337184,0,0.000809,-0.001384,-0.000184
2025.12.15 20:00,1.337,1.3372,1.3366,1.337,1407,1.337256,1.337632,1.337077,1.337435,0,0.000123,-0.001032,-0.000435
2025.12.15 21:00,1.337,1.3375,1.3368,1.3373,606,1.337381,1.337829,1.337238,1.337829,0,0.000262,-0.001029,-0.000529
2025.12.15 23:00,1.3375,1.3379,1.3372,1.3376,0,1.337489,1.338133,1.337489,1.33799,0,0.000412,-0.000933,-0.00039
2025.12.16 00:00,1.3376,1.338,1.3365,1.3366,616,1.338025,1.338384,1.336881,1.336881,0,0.001119,-0.001884,-0.000281
2025.12.16 01:00,1.3366,1.3369,1.3359,1.3363,499,1.337006,1.337274,1.336237,1.336648,0,0.000663,-0.001374,-0.000348
2025.12.16 02:00,1.3365,1.3367,1.3363,1.3366,457,1.336845,1.337131,1.336612,1.336952,0,8.7e-05,-0.000831,-0.000352
2025.12.16 03:00,1.3366,1.337,1.336,1.3362,470,1.336952,1.337435,1.336362,1.336648,0,0.000638,-0.001435,-0.000448
2025.12.16 04:00,1.3363,1.3367,1.3361,1.3364,0,1.33663,1.337059,1.336541,1.336791,0,0.000159,-0.000959,-0.000391
2025.12.16 05:00,1.3365,1.3365,1.3358,1.3358,264,1.336809,1.337023,1.336166,1.336166,0,0.000334,-0.001223,-0.000366
2025.12.16 06:00,1.3359,1.3363,1.3352,1.3361,2226,1.336255,1.336702,1.335666,1.336684,0,0.000634,-0.001502,-0.000584
2025.12.16 07:00,1.3362,1.3375,1.3359,1.3371,3417,1.337435,1.337846,1.336452,1.337435,0,0.001048,-0.001946,-0.000335
2025.12.16 08:00,1.3371,1.3391,1.3371,1.3391,4011,1.337578,1.339513,1.337578,1.339513,0,0.001522,-0.002413,-0.000413
2025.12.16 09:00,1.3389,1.3412,1.3389,1.3407,4105,1.339334,1.341598,1.339334,1.341058,0,0.001866,-0.002698,-0.000358
2025.12.16 10:00,1.3406,1.3422,1.3403,1.3419,3328,1.3414,1.342642,1.340698,1.342534,0,0.001502,-0.002342,-0.000634
2025.12.16 11:00,1.3419,1.3427,1.3408,1.3426,2516,1.342354,1.343111,1.341292,1.343093,0,0.001408,-0.002311,-0.000493
2025.12.16 12:00,1.3427,1.3433,1.3423,1.3433,3045,1.343129,1.343707,1.342787,1.343707,0,0.000513,-0.001407,-0.000407
2025.12.16 13:00,1.3433,1.3452,1.3407,1.3422,10855,1.343815,1.345261,1.34131,1.34257,0,0.00389,-0.004561,-0.00037
2025.12.16 14:00,1.3422,1.3441,1.3411,1.3439,7177,1.342624,1.344339,1.341814,1.344339,0,0.002286,-0.003239,-0.000439
2025.12.16 15:00,1.3439,1.3443,1.34,1.3412,10231,1.344339,1.344592,1.340662,1.341328,0,0.003638,-0.004592,-0.000128
2025.12.16 16:00,1.3411,1.3425,1.3407,1.3422,3851,1.341598,1.342931,1.341292,1.342408,0,0.001208,-0.002231,-0.000208
2025.12.16 17:00,1.3423,1.3436,1.3417,1.3419,3956,1.342805,1.344032,1.34221,1.342372,0,0.00139,-0.002332,-0.000472
2025.12.16 18:00,1.3419,1.3422,1.3405,1.342,2217,1.342444,1.34266,1.341058,1.342534,0,0.001142,-0.00216,-0.000534
2025.12.16 19:00,1.342,1.3427,1.3394,1.3422,4968,1.342264,1.343147,1.340878,1.342696,0,0.001822,-0.003747,-0.000496
2025.12.16 20:00,1.3422,1.3432,1.3418,1.342,2658,1.342624,1.343634,1.342354,1.342678,0,0.000846,-0.001835,-0.000678
2025.12.16 21:00,1.3421,1.3422,1.3415,1.3418,608,1.342606,1.342606,1.342102,1.342138,0,9.8e-05,-0.001106,-0.000338
2025.12.16 23:00,1.3419,1.3422,1.3417,1.3421,0,1.34221,1.342732,1.34221,1.34248,0,-1e-05,-0.001032,-0.00038
2025.12.17 00:00,1.3421,1.3422,1.3416,1.3416,740,1.342606,1.342624,1.342048,1.342066,0,0.000152,-0.001024,-0.000466
2025.12.17 01:00,1.3417,1.3421,1.3416,1.3421,667,1.342138,1.342606,1.34212,1.34248,0,-2e-05,-0.001006,-0.00038
2025.12.17 02:00,1.342,1.342,1.3402,1.3404,833,1.342408,1.342426,1.340752,1.340896,0,0.001248,-0.002226,-0.000496
2025.12.17 03:00,1.3404,1.3408,1.3402,1.3406,720,1.340932,1.341202,1.34068,1.341022,0,0.00012,-0.001002,-0.000422
2025.12.17 04:00,1.3406,1.3406,1.3389,1.3392,1919,1.340968,1.340968,1.339387,1.339603,0,0.001213,-0.002068,-0.000403
2025.12.17 05:00,1.3391,1.3391,1.3374,1.3379,4664,1.339513,1.339603,1.338222,1.338401,0,0.000878,-0.002203,-0.000501
2025.12.17 06:00,1.338,1.3385,1.3368,1.3373,2127,1.338366,1.339011,1.337274,1.337274,0,0.001226,-0.002211,2.6e-05
2025.12.17 07:00,1.3374,1.3374,1.3312,1.332,14788,1.335648,1.335648,1.331682,1.332161,0,0.005718,-0.004448,-0.000161
2025.12.17 08:00,1.332,1.3329,1.3309,1.3323,9035,1.332392,1.333156,1.331292,1.332676,0,0.001608,-0.002256,-0.000376
2025.12.17 09:00,1.3324,1.3332,1.332,1.3323,4956,1.332658,1.333476,1.33241,1.332729,0,0.00079,-0.001476,-0.000429
2025.12.17 10:00,1.3322,1.3333,1.3317,1.3332,2361,1.332587,1.333565,1.332126,1.333351,0,0.001174,-0.001865,-0.000151
2025.12.17 11:00,1.3332,1.3334,1.3318,1.3324,1766,1.333547,1.333725,1.33225,1.332942,0,0.00115,-0.001925,-0.000542
2025.12.17 12:00,1.3324,1.3343,1.3323,1.3342,2794,1.332782,1.334579,1.332782,1.334526,0,0.001518,-0.002279,-0.000326
2025.12.17 13:00,1.3342,1.3356,1.3337,1.3353,7097,1.334543,1.335934,1.334098,1.335934,0,0.001502,-0.002234,-0.000634
2025.12.17 14:00,1.3354,1.3364,1.3346,1.3359,7836,1.335809,1.336505,1.335024,1.336452,0,0.001376,-0.001905,-0.000552
2025.12.17 15:00,1.336,1.3398,1.3354,1.3397,19994,1.336327,1.339962,1.335684,1.339962,0,0.004116,-0.004562,-0.000262
2025.12.17 16:00,1.3396,1.3404,1.3382,1.3387,14371,1.33998,1.340572,1.338563,1.338921,0,0.001837,-0.002373,-0.000221
2025.12.17 17:00,1.3387,1.3392,1.338,1.3385,3299,1.338885,1.339567,1.338366,1.338706,0,0.000834,-0.001567,-0.000206
2025.12.17 18:00,1.3386,1.3393,1.3371,1.3374,3295,1.338778,1.339423,1.337417,1.337596,0,0.001883,-0.002323,-0.000196
2025.12.17 19:00,1.3373,1.3378,1.337,1.3375,2892,1.337614,1.338079,1.337417,1.337703,0,0.000383,-0.001079,-0.000203
2025.12.17 20:00,1.3375,1.3382,1.3373,1.3377,1077,1.337793,1.338473,1.337524,1.337864,0,0.000676,-0.001173,-0.000164
2025.12.17 21:00,1.3375,1.3378,1.3371,1.3372,2153,1.337757,1.338061,1.337542,1.337542,0,0.000258,-0.000961,-0.000342
2025.12.17 23:00,1.3372,1.3375,1.337,1.3371,0,1.337721,1.337739,1.337327,1.337435,0,0.000172,-0.000739,-0.000335
2025.12.18 00:00,1.3371,1.3375,1.3368,1.3374,474,1.337453,1.337685,1.337023,1.337685,0,0.000476,-0.000885,-0.000285
2025.12.18 01:00,1.3373,1.3376,1.3359,1.3363,1600,1.337649,1.337936,1.336505,1.336612,0,0.001095,-0.002036,-0.000312
2025.12.18 02:00,1.3363,1.3368,1.3362,1.3367,675,1.336505,1.337113,1.336505,1.336934,0,0.000295,-0.000913,-0.000234
2025.12.18 03:00,1.3366,1.3368,1.336,1.3362,560,1.336934,1.337167,1.336273,1.336505,0,0.000527,-0.001167,-0.000305
2025.12.18 04:00,1.3362,1.3366,1.3362,1.3365,487,1.336505,1.336934,1.336434,1.336827,0,0.000166,-0.000734,-0.000327
2025.12.18 13:00,1.3395,1.3439,1.3394,1.3425,41693,1.339531,1.344104,1.339208,1.342895,0,0.004692,-0.004704,-0.000395
2025.12.18 14:00,1.3424,1.3444,1.3407,1.3412,8005,1.343201,1.344592,1.34131,1.341814,0,0.00309,-0.003892,-0.000614
2025.12.18 15:00,1.3412,1.3412,1.3383,1.3392,10095,1.341616,1.341616,1.338849,1.339423,0,0.002351,-0.003316,-0.000223
2025.12.18 16:00,1.3391,1.3403,1.3379,1.3383,5890,1.339441,1.340483,1.338222,1.338688,0,0.002078,-0.002583,-0.000388
2025.12.18 17:00,1.3383,1.3383,1.3367,1.3378,3359,1.338598,1.338598,1.337167,1.338187,0,0.001133,-0.001899,-0.000386
2025.12.18 18:00,1.3378,1.3382,1.3373,1.3378,2823,1.338169,1.338491,1.337578,1.338294,0,0.000622,-0.001191,-0.000494
2025.12.18 19:00,1.3378,1.3387,1.3378,1.3384,2319,1.338097,1.339029,1.338097,1.33867,0,0.000603,-0.001229,-0.00027
2025.12.18 20:00,1.3383,1.3387,1.3375,1.3375,1708,1.338688,1.339011,1.337811,1.337864,0,0.00089,-0.001511,-0.000364
2025.12.18 21:00,1.3375,1.338,1.3374,1.3378,7502,1.337864,1.338312,1.337864,1.338276,0,0.000136,-0.000912,-0.000476
2025.12.18 22:00,1.3379,1.338,1.3379,1.338,38,1.338097,1.338724,1.337864,1.338133,0,0.000136,-0.000824,-0.000133
2025.12.18 23:00,1.338,1.3382,1.3376,1.3381,0,1.338061,1.338598,1.33799,1.338491,0,0.00021,-0.000998,-0.000391
2025.12.19 00:00,1.3381,1.3382,1.3375,1.3382,672,1.338384,1.338598,1.337918,1.338598,0,0.000282,-0.001099,-0.000399
2025.12.19 01:00,1.3381,1.3383,1.3376,1.3379,546,1.338563,1.33867,1.337936,1.33833,0,0.000364,-0.00107,-0.00043
2025.12.19 02:00,1.3379,1.3383,1.3375,1.3376,477,1.338294,1.338634,1.337829,1.337936,0,0.000471,-0.001134,-0.000336
2025.12.19 03:00,1.3375,1.3379,1.337,1.3374,1152,1.337829,1.338169,1.337614,1.337793,0,0.000286,-0.001168,-0.000393
2025.12.19 04:00,1.3376,1.3377,1.3367,1.3369,413,1.337846,1.33799,1.337077,1.337256,0,0.000623,-0.00129,-0.000356
2025.12.19 05:00,1.3372,1.3374,1.337,1.3373,698,1.33731,1.337739,1.33731,1.337667,0,9e-05,-0.000739,-0.000368
2025.12.19 06:00,1.3373,1.3382,1.3368,1.3381,2102,1.337614,1.338509,1.337113,1.338366,0,0.001087,-0.001709,-0.000266
2025.12.19 07:00,1.338,1.3383,1.3361,1.3363,2142,1.338097,1.338187,1.336505,1.336577,0,0.001795,-0.002087,-0.000277
2025.12.19 08:00,1.3363,1.3379,1.3363,1.3371,2979,1.336666,1.338007,1.336666,1.337489,0,0.001234,-0.001707,-0.000389
2025.12.19 09:00,1.3371,1.3385,1.337,1.3379,3070,1.337453,1.338814,1.337363,1.33824,0,0.001137,-0.001814,-0.00034
2025.12.19 10:00,1.3379,1.3385,1.3372,1.3378,2556,1.338169,1.338688,1.337578,1.337972,0,0.000922,-0.001488,-0.000172
2025.12.19 11:00,1.3379,1.3379,1.3367,1.3369,2867,1.338151,1.338204,1.337041,1.337381,0,0.000859,-0.001504,-0.000481
2025.12.19 12:00,1.3369,1.3376,1.3366,1.337,1545,1.337184,1.337864,1.336916,1.337345,0,0.000684,-0.001264,-0.000345
2025.12.19 13:00,1.3371,1.3371,1.3354,1.3369,5971,1.337292,1.337292,1.335863,1.337256,0,0.001237,-0.001892,-0.000356
2025.12.19 14:00,1.3369,1.3384,1.3364,1.3368,4771,1.337274,1.33867,1.336773,1.33722,0,0.001627,-0.00227,-0.00042
2025.12.19 15:00,1.3369,1.337,1.3354,1.336,6856,1.337095,1.337256,1.335809,1.336237,0,0.001191,-0.001856,-0.000237
2025.12.19 16:00,1.3359,1.3375,1.3357,1.3375,3117,1.33622,1.337793,1.33613,1.337578,0,0.00137,-0.002093,-7.8e-05
2025.12.19 17:00,1.3375,1.3379,1.3367,1.3375,2545,1.337793,1.338222,1.337131,1.337649,0,0.000769,-0.001522,-0.000149
2025.12.19 18:00,1.3375,1.3388,1.3374,1.3383,2669,1.337775,1.338993,1.337667,1.338616,0,0.001132,-0.001593,-0.000317
2025.12.19 19:00,1.3383,1.3389,1.338,1.3388,2563,1.338634,1.339172,1.33833,1.339118,0,0.00057,-0.001172,-0.000318
2025.12.19 20:00,1.3388,1.3392,1.3371,1.3372,2639,1.339208,1.339513,1.337453,1.337524,0,0.001747,-0.002413,-0.000324
2025.12.19 21:00,1.3373,1.3377,1.3371,1.3373,1618,1.337435,1.337864,1.33731,1.337542,0,0.00039,-0.000764,-0.000242
2025.12.22 00:00,1.3377,1.3388,1.3376,1.3388,2720,1.337972,1.338975,1.337972,1.338921,0,0.000828,-0.001375,-0.000121
2025.12.22 01:00,1.3388,1.3396,1.3387,1.3393,1744,1.339262,1.339764,1.3391,1.339621,0,0.0005,-0.001064,-0.000321
2025.12.22 02:00,1.3394,1.3398,1.3389,1.3391,559,1.339836,1.340034,1.339208,1.339316,0,0.000592,-0.001134,-0.000216
2025.12.22 03:00,1.339,1.3395,1.339,1.3391,834,1.339226,1.339746,1.339226,1.339423,0,0.000274,-0.000746,-0.000323
2025.12.22 04:00,1.3391,1.34,1.339,1.3396,749,1.339369,1.340177,1.339351,1.339944,0,0.000649,-0.001177,-0.000344
2025.12.22 05:00,1.3397,1.3399,1.3394,1.3395,339,1.339926,1.340159,1.33971,1.339782,0,0.00019,-0.000759,-0.000282
2025.12.22 06:00,1.3395,1.3398,1.339,1.3392,954,1.339728,1.340016,1.339334,1.339441,0,0.000466,-0.001016,-0.000241
2025.12.22 07:00,1.3393,1.3417,1.3392,1.3412,2845,1.340034,1.341904,1.339656,1.341436,0,0.002043,-0.002704,-0.000236
2025.12.22 08:00,1.3412,1.3421,1.3407,1.3417,4177,1.341382,1.342354,1.341076,1.342048,0,0.001024,-0.001654,-0.000348
2025.12.22 09:00,1.3417,1.3422,1.3408,1.3421,2244,1.342084,1.342516,1.341202,1.34239,0,0.000998,-0.001716,-0.00029
2025.12.22 10:00,1.3422,1.3438,1.3422,1.3432,3491,1.342624,1.344032,1.342624,1.343562,0,0.001176,-0.001832,-0.000362
2025.12.22 11:00,1.3433,1.344,1.343,1.3436,2757,1.34349,1.344249,1.343328,1.343653,0,0.000672,-0.001249,-5.3e-05
2025.12.22 12:00,1.3436,1.3439,1.3424,1.3431,2728,1.343887,1.344231,1.342714,1.343382,0,0.001186,-0.001831,-0.000282
2025.12.22 13:00,1.3432,1.3442,1.343,1.3436,3524,1.343436,1.344339,1.34331,1.343851,0,0.00089,-0.001339,-0.000251
2025.12.22 14:00,1.3436,1.3455,1.3429,1.3449,4939,1.343869,1.345515,1.343238,1.34508,0,0.002262,-0.002615,-0.00018
2025.12.22 15:00,1.3448,1.3457,1.3442,1.3451,4231,1.34508,1.345913,1.344646,1.345424,0,0.001054,-0.001713,-0.000324
2025.12.22 16:00,1.3451,1.3456,1.3445,1.3453,4189,1.345406,1.345804,1.344809,1.345605,0,0.000791,-0.001305,-0.000305
2025.12.22 17:00,1.3454,1.3475,1.3454,1.3469,5814,1.346312,1.347782,1.346094,1.347146,0,0.001406,-0.002382,-0.000246
2025.12.22 18:00,1.3468,1.3468,1.3455,1.3459,2581,1.346892,1.346892,1.345714,1.346312,0,0.001086,-0.001392,-0.000412
2025.12.22 19:00,1.3459,1.3461,1.3451,1.3457,3114,1.346257,1.346348,1.345497,1.345931,0,0.000603,-0.001248,-0.000231
2025.12.22 20:00,1.3456,1.3461,1.3452,1.3456,1856,1.345696,1.34633,1.345515,1.345786,0,0.000585,-0.00113,-0.000186
2025.12.22 21:00,1.3456,1.3461,1.3454,1.3459,656,1.345732,1.34633,1.345678,1.34633,0,0.000422,-0.00093,-0.00043
2025.12.22 23:00,1.3462,1.3467,1.3461,1.3466,0,1.346475,1.346965,1.34633,1.346946,0,0.00037,-0.000865,-0.000346
2025.12.23 00:00,1.3466,1.3474,1.3466,1.347,661,1.346892,1.347673,1.346892,1.347255,0,0.000508,-0.001073,-0.000255
2025.12.23 01:00,1.3469,1.3481,1.3468,1.3474,886,1.347164,1.348345,1.347001,1.347763,0,0.001099,-0.001545,-0.000363
2025.12.23 02:00,1.3475,1.3483,1.3475,1.348,575,1.347854,1.348636,1.347836,1.348381,0,0.000464,-0.001136,-0.000381
2025.12.23 03:00,1.3481,1.3487,1.3477,1.3487,1681,1.348472,1.348909,1.348109,1.348909,0,0.000591,-0.001209,-0.000209
2025.12.23 04:00,1.3487,1.349,1.3483,1.3485,0,1.348927,1.349254,1.348581,1.3488,0,0.000419,-0.000955,-0.0003
2025.12.23 05:00,1.3487,1.3492,1.3486,1.3486,487,1.348745,1.349346,1.348745,1.348927,0,0.000455,-0.000746,-0.000327
2025.12.23 06:00,1.3487,1.3488,1.3476,1.3478,2010,1.349018,1.349036,1.34809,1.348127,0,0.00071,-0.001436,-0.000327
2025.12.23 07:00,1.3479,1.35,1.3478,1.3499,3095,1.348309,1.350165,1.348309,1.350165,0,0.001691,-0.002365,-0.000265
2025.12.23 08:00,1.35,1.351,1.3494,1.3507,6290,1.350202,1.351096,1.349837,1.350877,0,0.001163,-0.001696,-0.000177
2025.12.23 09:00,1.3508,1.3517,1.3495,1.3503,3631,1.351078,1.351899,1.349892,1.350585,0,0.001808,-0.002399,-0.000285
2025.12.23 10:00,1.3504,1.3516,1.3499,1.3513,3906,1.350658,1.351717,1.349983,1.35157,0,0.001617,-0.001817,-0.00027
2025.12.23 11:00,1.3513,1.3516,1.3501,1.3502,2003,1.351443,1.351918,1.350494,1.35053,0,0.001106,-0.001818,-0.00033
2025.12.23 12:00,1.3501,1.3509,1.35,1.35,1735,1.350366,1.351041,1.350257,1.350257,0,0.000643,-0.001041,-0.000257
2025.12.23 13:00,1.35,1.351,1.3493,1.3493,5345,1.350475,1.35126,1.349601,1.349601,0,0.001399,-0.00196,-0.000301
2025.12.23 14:00,1.3493,1.3499,1.3481,1.3483,7241,1.349291,1.350056,1.348399,1.348399,0,0.001501,-0.001956,-9.9e-05
2025.12.23 15:00,1.3482,1.3494,1.3471,1.3482,5517,1.348272,1.349582,1.347418,1.348527,0,0.001982,-0.002482,-0.000327
2025.12.23 16:00,1.3481,1.3486,1.3477,1.3483,4197,1.348381,1.348818,1.347963,1.348545,0,0.000637,-0.001118,-0.000245
2025.12.23 17:00,1.3482,1.3485,1.347,1.3471,2221,1.348272,1.348618,1.347237,1.347273,0,0.001263,-0.001618,-0.000173
2025.12.23 18:00,1.347,1.3487,1.347,1.3487,1579,1.347255,1.348945,1.347255,1.348945,0,0.001445,-0.001945,-0.000245
2025.12.23 19:00,1.3487,1.3496,1.3487,1.3496,3201,1.348909,1.349764,1.348909,1.349746,0,0.000691,-0.001064,-0.000146
2025.12.23 20:00,1.3496,1.3499,1.3493,1.3498,1312,1.349783,1.350093,1.349528,1.350001,0,0.000372,-0.000793,-0.000201
2025.12.23 21:00,1.3498,1.3523,1.3498,1.3519,2009,1.35002,1.352393,1.35002,1.351771,0,0.00228,-0.002593,0.000129
2025.12.23 23:00,1.3515,1.3517,1.3509,1.3511,0,1.351424,1.351771,1.351078,1.351351,0,0.000622,-0.000871,-0.000251
2025.12.24 00:00,1.3512,1.3515,1.3506,1.3513,941,1.351552,1.351845,1.350804,1.351497,0,0.000696,-0.001245,-0.000197
2025.12.24 01:00,1.3513,1.3531,1.351,1.3528,1671,1.351443,1.353235,1.35126,1.35296,0,0.00184,-0.002235,-0.00016
2025.12.24 02:00,1.3528,1.3532,1.3525,1.3526,786,1.352979,1.353491,1.352759,1.352759,0,0.000441,-0.000991,-0.000159
2025.12.24 03:00,1.3525,1.3525,1.3514,1.3515,643,1.352649,1.352649,1.351625,1.351644,0,0.000875,-0.001249,-0.000144
2025.12.24 04:00,1.3515,1.3515,1.3509,1.3513,509,1.351644,1.351698,1.351023,1.351443,0,0.000477,-0.000798,-0.000143
2025.12.26 05:00,1.3497,1.3498,1.3486,1.3493,788,1.349965,1.349965,1.3488,1.349473,0,0.001,-0.001365,-0.000173
2025.12.26 06:00,1.3494,1.3499,1.3487,1.3489,709,1.349619,1.350038,1.348891,1.349018,0,0.001009,-0.001338,-0.000118
2025.12.26 07:00,1.349,1.349,1.3478,1.3481,1237,1.348927,1.348927,1.34809,1.348345,0,0.00091,-0.001127,-0.000245
2025.12.26 08:00,1.3481,1.3495,1.3476,1.3495,1139,1.348218,1.349601,1.347836,1.349601,0,0.001664,-0.002001,-0.000101
2025.12.26 09:00,1.3495,1.3497,1.3482,1.3484,717,1.349673,1.349783,1.348327,1.348618,0,0.001373,-0.001583,-0.000218
2025.12.26 10:00,1.3483,1.3493,1.3483,1.3487,375,1.348654,1.349382,1.348436,1.349,0,0.000864,-0.001082,-0.0003
2025.12.26 11:00,1.3488,1.3496,1.3488,1.3494,384,1.348963,1.349856,1.348963,1.349473,0,0.000637,-0.001056,-7.3e-05
2025.12.26 12:00,1.3493,1.3496,1.3488,1.3495,479,1.349509,1.349728,1.348963,1.349673,0,0.000637,-0.000928,-0.000173
2025.12.26 13:00,1.3496,1.3527,1.3494,1.3516,2578,1.34971,1.352722,1.349509,1.351717,0,0.003191,-0.003322,-0.000117
2025.12.26 14:00,1.3516,1.352,1.3506,1.3514,2350,1.351936,1.352174,1.35095,1.351589,0,0.00105,-0.001574,-0.000189
2025.12.26 15:00,1.3515,1.3525,1.3503,1.3506,2438,1.351589,1.352558,1.350621,1.350713,0,0.001879,-0.002258,-0.000113
2025.12.26 16:00,1.3505,1.3506,1.3481,1.3486,2526,1.350731,1.350731,1.348418,1.348909,0,0.002182,-0.002631,-0.000309
2025.12.26 17:00,1.3487,1.3496,1.3481,1.3494,1584,1.34869,1.349692,1.348236,1.349509,0,0.001364,-0.001592,-0.000109
2025.12.26 18:00,1.3494,1.3498,1.3492,1.3495,550,1.349655,1.350038,1.349346,1.349637,0,0.000454,-0.000838,-0.000137
2025.12.26 19:00,1.3495,1.35,1.349,1.3499,2299,1.349601,1.34991,1.349145,1.34991,0,0.000855,-0.00091,-1e-05
2025.12.26 20:00,1.35,1.3507,1.3498,1.3502,2221,1.350093,1.350621,1.349965,1.350184,0,0.000735,-0.000821,1.6e-05
2025.12.26 21:00,1.3503,1.3505,1.3491,1.3493,1337,1.350475,1.350585,1.349455,1.349947,0,0.001045,-0.001485,-0.000647
2025.12.29 00:00,1.3497,1.3507,1.3496,1.3506,1319,1.350001,1.35084,1.350001,1.35084,0,0.000699,-0.00124,-0.00024
2025.12.29 01:00,1.3506,1.351,1.3505,1.3508,515,1.350822,1.351205,1.350621,1.350968,0,0.000379,-0.000705,-0.000168
2025.12.29 02:00,1.3507,1.3508,1.3501,1.3506,360,1.350858,1.351041,1.350257,1.350749,0,0.000543,-0.000941,-0.000149
2025.12.29 03:00,1.3505,1.3508,1.3501,1.3505,340,1.350621,1.351023,1.350475,1.350731,0,0.000325,-0.000923,-0.000231
2025.12.29 04:00,1.3505,1.3505,1.3493,1.3494,453,1.35064,1.35064,1.349491,1.349491,0,0.001009,-0.00134,-9.1e-05
2025.12.29 05:00,1.3492,1.3493,1.3482,1.349,1113,1.349309,1.349491,1.348436,1.349145,0,0.000864,-0.001291,-0.000145
2025.12.29 06:00,1.349,1.3496,1.3486,1.3496,886,1.349364,1.349728,1.348836,1.349728,0,0.000764,-0.001128,-0.000128
2025.12.29 07:00,1.3496,1.3496,1.348,1.3484,5024,1.349546,1.349637,1.348254,1.348636,0,0.001346,-0.001637,-0.000236
2025.12.29 08:00,1.3483,1.3496,1.3475,1.3484,3370,1.348545,1.349819,1.348,1.348672,0,0.0016,-0.002319,-0.000272
2025.12.29 09:00,1.3484,1.3506,1.3472,1.3489,3518,1.348672,1.350621,1.347509,1.349109,0,0.003091,-0.003421,-0.000209
2025.12.29 10:00,1.3489,1.3506,1.3487,1.3496,1980,1.349073,1.350858,1.349073,1.350111,0,0.001527,-0.002158,-0.000511
2025.12.29 11:00,1.3495,1.3509,1.3487,1.3487,2441,1.349819,1.351078,1.348981,1.348981,0,0.001919,-0.002378,-0.000281
2025.12.29 12:00,1.3487,1.3487,1.3468,1.348,3003,1.348636,1.348854,1.34711,1.348327,0,0.00159,-0.002054,-0.000327
2025.12.29 13:00,1.3481,1.3494,1.3478,1.3492,3672,1.348436,1.349619,1.348181,1.349619,0,0.001219,-0.001819,-0.000419
2025.12.29 14:00,1.3491,1.3506,1.3484,1.3499,3856,1.349382,1.350694,1.34869,1.350165,0,0.00191,-0.002294,-0.000265
2025.12.29 15:00,1.3499,1.351,1.3484,1.3499,7990,1.350348,1.351132,1.348781,1.349983,0,0.002219,-0.002732,-8.3e-05
2025.12.29 16:00,1.3498,1.3499,1.3484,1.3491,4987,1.349801,1.350001,1.348727,1.349455,0,0.001173,-0.001601,-0.000355
2025.12.29 17:00,1.3492,1.3493,1.3479,1.3483,2254,1.3494,1.349509,1.348399,1.3486,0,0.000901,-0.001609,-0.0003
2025.12.29 18:00,1.3483,1.3493,1.3482,1.3489,2110,1.34849,1.349601,1.34849,1.349127,0,0.00081,-0.001401,-0.000227
2025.12.29 19:00,1.3488,1.3506,1.3487,1.3505,2191,1.349054,1.350822,1.349,1.350731,0,0.0016,-0.002122,-0.000231
2025.12.29 20:00,1.3505,1.3507,1.3499,1.3502,1438,1.350895,1.351004,1.350257,1.350475,0,0.000443,-0.001104,-0.000275
2025.12.29 21:00,1.3503,1.3514,1.3501,1.3511,1453,1.350457,1.351552,1.350457,1.351333,0,0.000943,-0.001452,-0.000233
2025.12.29 23:00,1.3503,1.3509,1.3503,1.3507,0,1.350895,1.351004,1.350548,1.350931,0,0.000352,-0.000704,-0.000231
2025.12.30 00:00,1.3507,1.3508,1.3498,1.3501,470,1.350968,1.351059,1.350129,1.350439,0,0.000671,-0.001259,-0.000339
2025.12.30 01:00,1.35,1.3507,1.3497,1.3507,703,1.350074,1.350895,1.349892,1.350895,0,0.000808,-0.001195,-0.000195
2025.12.30 02:00,1.3507,1.351,1.3499,1.3501,396,1.350986,1.351205,1.350129,1.350311,0,0.000871,-0.001305,-0.000211
2025.12.30 03:00,1.35,1.3506,1.3498,1.3503,236,1.350293,1.350767,1.350038,1.350585,0,0.000562,-0.000967,-0.000285
2025.12.30 04:00,1.3503,1.3509,1.3501,1.3509,0,1.350567,1.351132,1.350457,1.351078,0,0.000443,-0.001032,-0.000178
2025.12.30 05:00,1.351,1.3515,1.351,1.3514,800,1.351169,1.351753,1.351169,1.351552,0,0.000331,-0.000753,-0.000152
2025.12.30 06:00,1.3513,1.3519,1.351,1.3514,1287,1.351625,1.352137,1.351297,1.351662,0,0.000603,-0.001137,-0.000262
2025.12.30 07:00,1.3514,1.3514,1.3499,1.3503,1812,1.351406,1.351424,1.350129,1.350621,0,0.001271,-0.001524,-0.000321
2025.12.30 08:00,1.3503,1.3517,1.3503,1.3507,1977,1.350895,1.351826,1.350658,1.35095,0,0.001042,-0.001526,-0.00025
2025.12.30 09:00,1.3506,1.3516,1.3505,1.3512,2026,1.351078,1.351936,1.350986,1.35157,0,0.000614,-0.001436,-0.000371
2025.12.30 10:00,1.3513,1.3529,1.3512,1.3519,2076,1.351552,1.353088,1.351552,1.352174,0,0.001348,-0.001889,-0.000274
2025.12.30 11:00,1.3519,1.3522,1.3501,1.3502,1789,1.352174,1.352484,1.350475,1.350475,0,0.001725,-0.002384,-0.000275
2025.12.30 12:00,1.3502,1.3506,1.3492,1.3494,2199,1.350348,1.350804,1.349509,1.349728,0,0.001091,-0.001604,-0.000328
2025.12.30 13:00,1.3494,1.3497,1.3484,1.3486,3737,1.34971,1.349928,1.3488,1.348872,0,0.0009,-0.001529,-0.000272
2025.12.30 14:00,1.3486,1.3486,1.3469,1.3474,5407,1.348563,1.348818,1.347182,1.347709,0,0.001418,-0.001918,-0.000309
2025.12.30 15:00,1.3474,1.3476,1.3448,1.3471,9694,1.3478,1.3478,1.345116,1.3474,0,0.002483,-0.003,-0.0003
2025.12.30 16:00,1.3472,1.3482,1.3461,1.3475,6232,1.347473,1.348309,1.346384,1.347709,0,0.001816,-0.002209,-0.000209
2025.12.30 17:00,1.3474,1.3477,1.3463,1.3467,3168,1.347763,1.347782,1.346638,1.347019,0,0.001062,-0.001482,-0.000319
2025.12.30 18:00,1.3467,1.3473,1.3463,1.3466,1515,1.346965,1.347473,1.346602,1.346856,0,0.000698,-0.001173,-0.000256
2025.12.30 19:00,1.3465,1.3471,1.346,1.3463,1663,1.346692,1.347309,1.346276,1.34662,0,0.000824,-0.00131,-0.00032
2025.12.30 20:00,1.3464,1.3466,1.346,1.3461,1633,1.346711,1.346801,1.346221,1.346239,0,0.000379,-0.000801,-0.000139
2025.12.30 21:00,1.3461,1.3467,1.3461,1.3465,537,1.346421,1.347001,1.346421,1.347001,0,0.000279,-0.000901,-0.000501
2025.12.30 23:00,1.3466,1.3467,1.3461,1.3465,0,1.346566,1.346783,1.346384,1.346674,0,0.000316,-0.000683,-0.000174
2025.12.31 00:00,1.3465,1.3465,1.3456,1.3461,433,1.34682,1.34682,1.345913,1.346402,0,0.000587,-0.00122,-0.000302
2025.12.31 01:00,1.3462,1.3465,1.3458,1.346,419,1.346475,1.346656,1.346149,1.346167,0,0.000351,-0.000856,-0.000167
2025.12.31 02:00,1.3458,1.3461,1.3457,1.346,482,1.346112,1.346439,1.346058,1.346167,0,4.2e-05,-0.000739,-0.000167
2025.12.31 03:00,1.3459,1.3464,1.3459,1.3462,229,1.346185,1.346566,1.346112,1.346547,0,0.000288,-0.000666,-0.000347
2025.12.31 04:00,1.3462,1.3462,1.3455,1.3456,181,1.346348,1.346457,1.345786,1.345877,0,0.000414,-0.000957,-0.000277
2025.12.31 05:00,1.3459,1.3461,1.3457,1.3458,487,1.345895,1.34633,1.345895,1.346094,0,0.000205,-0.00063,-0.000294
2025.12.31 06:00,1.3458,1.3459,1.3451,1.3456,686,1.345968,1.346131,1.34537,1.345841,0,0.00053,-0.001031,-0.000241
2025.12.31 07:00,1.3455,1.3458,1.3449,1.3454,1752,1.345823,1.346058,1.345279,1.345823,0,0.000521,-0.001158,-0.000423
2025.12.31 08:00,1.3455,1.3463,1.3425,1.3428,3278,1.345696,1.346529,1.342805,1.343057,0,0.003495,-0.004029,-0.000257
2025.12.31 09:00,1.3427,1.3442,1.3424,1.3435,2434,1.342949,1.344429,1.342642,1.343779,0,0.001558,-0.002029,-0.000279
2025.12.31 10:00,1.3436,1.3438,1.343,1.3436,1788,1.343887,1.343887,1.343382,1.343887,0,0.000418,-0.000887,-0.000287
2025.12.31 11:00,1.3436,1.3455,1.3436,1.3453,2512,1.344194,1.345696,1.343797,1.345533,0,0.001703,-0.002096,-0.000233
2025.12.31 12:00,1.3453,1.3466,1.3445,1.3465,2976,1.345877,1.346838,1.344827,1.346783,0,0.001773,-0.002338,-0.000283
2025.12.31 13:00,1.3466,1.3474,1.3446,1.3452,3804,1.34682,1.347636,1.344918,1.345479,0,0.002482,-0.003036,-0.000279
2025.12.31 14:00,1.3453,1.3453,1.3431,1.3432,4050,1.345334,1.345334,1.343418,1.343418,0,0.001882,-0.002234,-0.000218
2025.12.31 15:00,1.3431,1.3451,1.3399,1.3448,12778,1.342895,1.345279,1.340285,1.345225,0,0.004815,-0.005379,-0.000425
2025.12.31 16:00,1.3448,1.3458,1.3435,1.3444,7794,1.34499,1.34604,1.34396,1.344628,0,0.00184,-0.00254,-0.000228
2025.12.31 17:00,1.3445,1.3454,1.3437,1.345,2760,1.344538,1.345623,1.344032,1.345225,0,0.001368,-0.001923,-0.000225
2025.12.31 18:00,1.345,1.3455,1.3445,1.3452,2328,1.345243,1.34575,1.344845,1.345334,0,0.000655,-0.00125,-0.000134
2025.12.31 19:00,1.3452,1.3459,1.3451,1.3458,3126,1.345659,1.34604,1.34537,1.34604,0,0.00053,-0.00094,-0.00024
2025.12.31 20:00,1.3458,1.3479,1.3457,1.3477,2718,1.346348,1.348145,1.346167,1.348072,0,0.001733,-0.002445,-0.000372
2025.12.31 21:00,1.3478,1.3481,1.3471,1.3473,1409,1.348309,1.348381,1.347418,1.347436,0,0.000682,-0.001281,-0.000136
