time,futOpen,futHigh,futLow,futClose,futVolume,spotOpen,spotHigh,spotLow,spotClose,spotVolume,hiFP,loFP,fp
2026-01-02 05:00:00,1.3476,1.3478,1.3468,1.3469,400,1.347836,1.348109,1.347074,1.347201,0,0.000726,-0.001309,-0.000301
2026-01-02 06:00:00,1.3468,1.3468,1.3461,1.3466,791,1.347055,1.347055,1.346402,1.346856,0,0.000398,-0.000955,-0.000256
2026-01-02 07:00:00,1.3465,1.3468,1.3455,1.3463,2512,1.34682,1.347019,1.345859,1.346638,0,0.000941,-0.001519,-0.000338
2026-01-02 08:00:00,1.3462,1.3466,1.3447,1.3452,2838,1.346493,1.346566,1.345044,1.345497,0,0.001556,-0.001866,-0.000297
2026-01-02 09:00:00,1.3452,1.3462,1.3449,1.3453,2145,1.345659,1.346421,1.345261,1.345533,0,0.000939,-0.001521,-0.000233
2026-01-02 10:00:00,1.3453,1.3457,1.3442,1.3448,2639,1.345479,1.345768,1.344502,1.345153,0,0.001198,-0.001568,-0.000353
2026-01-02 11:00:00,1.3447,1.345,1.3432,1.3439,2714,1.345044,1.345225,1.343472,1.34414,0,0.001528,-0.002025,-0.00024
2026-01-02 12:00:00,1.3438,1.3447,1.3434,1.3444,2143,1.344158,1.344972,1.343887,1.344592,0,0.000813,-0.001572,-0.000192
2026-01-02 13:00:00,1.3444,1.3458,1.3441,1.3456,3318,1.344592,1.345895,1.344303,1.345895,0,0.001497,-0.001795,-0.000295
2026-01-02 14:00:00,1.3456,1.3466,1.3452,1.3463,4482,1.345804,1.346656,1.345406,1.346566,0,0.001194,-0.001456,-0.000266
2026-01-02 15:00:00,1.3463,1.35,1.3463,1.3494,8361,1.346765,1.350147,1.346692,1.349746,0,0.003308,-0.003847,-0.000346
2026-01-02 16:00:00,1.3494,1.3497,1.3472,1.3475,5085,1.349819,1.349856,1.347418,1.347745,0,0.002282,-0.002656,-0.000245
2026-01-02 17:00:00,1.3475,1.3476,1.3459,1.3461,2510,1.347836,1.347836,1.346221,1.346384,0,0.001379,-0.001936,-0.000284
2026-01-02 18:00:00,1.3461,1.3461,1.3444,1.3449,1913,1.346294,1.34633,1.344719,1.345207,0,0.001381,-0.00193,-0.000307
2026-01-02 19:00:00,1.3449,1.3456,1.3445,1.3453,4941,1.345116,1.345732,1.344809,1.345515,0,0.000791,-0.001232,-0.000215
2026-01-02 20:00:00,1.3453,1.3455,1.3448,1.3455,2253,1.345424,1.34575,1.345044,1.34575,0,0.000456,-0.00095,-0.00025
2026-01-02 21:00:00,1.3454,1.3465,1.3454,1.3459,1517,1.345913,1.346729,1.345732,1.346167,0,0.000768,-0.001329,-0.000267
2026-01-05 00:00:00,1.3435,1.3446,1.3435,1.3441,1027,1.344321,1.344791,1.344014,1.344357,0,0.000586,-0.001291,-0.000257
2026-01-05 01:00:00,1.344,1.3446,1.3436,1.3438,1130,1.344213,1.344899,1.34396,1.344014,0,0.00064,-0.001299,-0.000214
2026-01-05 02:00:00,1.3438,1.344,1.3423,1.3429,1371,1.344158,1.344194,1.342624,1.343147,0,0.001376,-0.001894,-0.000247
2026-01-05 03:00:00,1.3429,1.3433,1.3411,1.3414,1423,1.343346,1.343598,1.341526,1.34167,0,0.001774,-0.002498,-0.00027
2026-01-05 04:00:00,1.3413,1.3425,1.3411,1.3424,1474,1.341544,1.342841,1.341544,1.342642,0,0.000956,-0.001741,-0.000242
2026-01-05 05:00:00,1.3423,1.343,1.3421,1.3426,761,1.342552,1.343219,1.342372,1.342931,0,0.000628,-0.001119,-0.000331
2026-01-05 06:00:00,1.3426,1.3434,1.3419,1.3434,1107,1.342931,1.343743,1.342246,1.343634,0,0.001154,-0.001843,-0.000234
2026-01-05 07:00:00,1.3434,1.3434,1.3419,1.342,2743,1.343562,1.343616,1.34221,1.342354,0,0.00119,-0.001716,-0.000354
2026-01-05 08:00:00,1.3421,1.3437,1.3416,1.3423,3800,1.342426,1.343887,1.342012,1.342552,0,0.001688,-0.002287,-0.000252
2026-01-05 09:00:00,1.3424,1.3441,1.342,1.344,3198,1.342732,1.344357,1.342354,1.344357,0,0.001746,-0.002357,-0.000357
2026-01-05 10:00:00,1.344,1.3463,1.3438,1.3462,5233,1.344267,1.346439,1.344122,1.346312,0,0.002178,-0.002639,-0.000112
2026-01-05 11:00:00,1.3462,1.3469,1.3456,1.3457,3006,1.346239,1.347074,1.345877,1.345986,0,0.001023,-0.001474,-0.000286
2026-01-05 12:00:00,1.3458,1.3472,1.3451,1.3453,3005,1.345859,1.347436,1.345406,1.345641,0,0.001794,-0.002336,-0.000342
2026-01-05 13:00:00,1.3454,1.3454,1.3423,1.345,5848,1.345569,1.345569,1.342606,1.345297,0,0.002794,-0.003269,-0.000297
2026-01-05 14:00:00,1.3451,1.3474,1.3449,1.3471,8972,1.345352,1.347527,1.345261,1.347328,0,0.002139,-0.002627,-0.000228
2026-01-05 15:00:00,1.3472,1.3502,1.3471,1.3501,10234,1.347564,1.350402,1.347418,1.350311,0,0.002782,-0.003302,-0.000211
2026-01-05 16:00:00,1.35,1.3523,1.35,1.3523,8931,1.350512,1.352484,1.350421,1.352466,0,0.001879,-0.002484,-0.000166
2026-01-05 17:00:00,1.3523,1.3537,1.3522,1.353,7710,1.352649,1.353821,1.352631,1.353327,0,0.001069,-0.001621,-0.000327
2026-01-05 18:00:00,1.353,1.3537,1.3527,1.3537,4029,1.353107,1.35395,1.353015,1.35395,0,0.000685,-0.00125,-0.00025
2026-01-05 19:00:00,1.3537,1.3544,1.3534,1.354,6928,1.354115,1.354555,1.353601,1.354353,0,0.000799,-0.001155,-0.000353
2026-01-05 20:00:00,1.3541,1.3544,1.3539,1.354,2006,1.354371,1.354701,1.35428,1.354426,0,0.000121,-0.000801,-0.000426
2026-01-05 21:00:00,1.354,1.3546,1.3538,1.3539,1786,1.354353,1.354848,1.354023,1.354243,0,0.000577,-0.001048,-0.000343
2026-01-05 23:00:00,1.3539,1.354,1.353,1.353,0,1.354115,1.354133,1.35329,1.35329,0,0.00071,-0.001133,-0.00029
2026-01-06 00:00:00,1.3531,1.3533,1.3526,1.3533,948,1.353546,1.35362,1.352905,1.35362,0,0.000395,-0.00102,-0.00032
2026-01-06 01:00:00,1.3534,1.3544,1.3529,1.3543,1193,1.353748,1.354683,1.353235,1.354683,0,0.001165,-0.001783,-0.000383
2026-01-06 02:00:00,1.3544,1.3556,1.354,1.3554,1296,1.354646,1.355712,1.35428,1.355712,0,0.00132,-0.001712,-0.000312
2026-01-06 03:00:00,1.3554,1.356,1.3549,1.3555,819,1.355601,1.356226,1.355179,1.355951,0,0.000821,-0.001326,-0.000451
2026-01-06 04:00:00,1.3556,1.3559,1.3552,1.3554,0,1.356098,1.356245,1.355454,1.35562,0,0.000446,-0.001045,-0.00022
2026-01-06 05:00:00,1.3555,1.3555,1.3544,1.3548,609,1.355528,1.355767,1.35472,1.354977,0,0.00078,-0.001367,-0.000177
2026-01-06 06:00:00,1.3548,1.3555,1.3547,1.3553,1402,1.354922,1.355822,1.354922,1.355657,0,0.000578,-0.001122,-0.000357
2026-01-06 07:00:00,1.3554,1.3566,1.3545,1.3548,3143,1.356208,1.356779,1.354793,1.355032,0,0.001807,-0.002278,-0.000232
2026-01-06 08:00:00,1.3548,1.3564,1.3545,1.3552,5025,1.355014,1.35665,1.355014,1.355565,0,0.001386,-0.00215,-0.000365
2026-01-06 09:00:00,1.3552,1.3552,1.3534,1.3534,3964,1.355418,1.355418,1.353748,1.353748,0,0.001452,-0.002018,-0.000348
2026-01-06 10:00:00,1.3533,1.3537,1.3528,1.3531,2992,1.353675,1.353931,1.353107,1.353345,0,0.000593,-0.001131,-0.000245
2026-01-06 11:00:00,1.353,1.3532,1.3516,1.3518,3205,1.353033,1.3534,1.351863,1.3521,0,0.001337,-0.0018,-0.000301
2026-01-06 12:00:00,1.3519,1.3527,1.3506,1.351,3165,1.352411,1.352942,1.350968,1.35126,0,0.001732,-0.002342,-0.00026
2026-01-06 13:00:00,1.351,1.3522,1.3504,1.3521,4807,1.351059,1.35243,1.350749,1.35243,0,0.001451,-0.00203,-0.00033
2026-01-06 14:00:00,1.3522,1.3533,1.3514,1.3523,6297,1.352503,1.353418,1.351644,1.352686,0,0.001656,-0.002018,-0.000386
2026-01-06 15:00:00,1.3523,1.3525,1.3492,1.3506,9526,1.352576,1.352576,1.349528,1.350804,0,0.002972,-0.003376,-0.000204
2026-01-06 16:00:00,1.3505,1.3507,1.3489,1.3492,5662,1.350931,1.350931,1.349346,1.349692,0,0.001354,-0.002031,-0.000492
2026-01-06 17:00:00,1.3492,1.3508,1.3492,1.3508,3229,1.349655,1.351059,1.349418,1.351059,0,0.001382,-0.001859,-0.000259
2026-01-06 18:00:00,1.3508,1.3509,1.3496,1.3498,5140,1.351205,1.351205,1.349892,1.34991,0,0.001008,-0.001605,-0.00011
2026-01-06 19:00:00,1.3498,1.3499,1.349,1.3498,1477,1.34991,1.350074,1.349291,1.350074,0,0.000609,-0.001074,-0.000274
2026-01-06 20:00:00,1.35,1.3504,1.3496,1.3497,3414,1.350275,1.350585,1.350093,1.350093,0,0.000307,-0.000985,-0.000393
2026-01-06 21:00:00,1.3496,1.3501,1.3496,1.3501,1150,1.349856,1.350293,1.349819,1.350165,0,0.000281,-0.000693,-6.5e-05
2026-01-06 23:00:00,1.3499,1.3501,1.3497,1.3497,0,1.350202,1.350384,1.349965,1.350056,0,0.000135,-0.000684,-0.000356
2026-01-07 00:00:00,1.3498,1.3503,1.3496,1.35,1373,1.350311,1.35053,1.349892,1.350238,0,0.000408,-0.00093,-0.000238
2026-01-07 01:00:00,1.3501,1.3508,1.3498,1.3504,1105,1.350421,1.351023,1.350111,1.35064,0,0.000689,-0.001223,-0.00024
2026-01-07 02:00:00,1.3504,1.3511,1.3504,1.3508,459,1.350767,1.351388,1.350767,1.351059,0,0.000333,-0.000988,-0.000259
2026-01-07 03:00:00,1.3509,1.3515,1.3509,1.3511,576,1.351205,1.351717,1.351132,1.351516,0,0.000368,-0.000817,-0.000416
2026-01-07 04:00:00,1.3512,1.3514,1.3502,1.3502,1079,1.351443,1.351662,1.350475,1.350567,0,0.000925,-0.001462,-0.000367
2026-01-07 05:00:00,1.3504,1.3506,1.3501,1.3506,774,1.350585,1.350986,1.350402,1.35084,0,0.000198,-0.000886,-0.00024
2026-01-07 06:00:00,1.3506,1.3514,1.3502,1.3511,1412,1.350931,1.351717,1.350439,1.351388,0,0.000961,-0.001517,-0.000288
2026-01-07 07:00:00,1.3512,1.3514,1.3489,1.3491,3076,1.351443,1.351662,1.349236,1.349309,0,0.002164,-0.002762,-0.000209
2026-01-07 08:00:00,1.349,1.3494,1.3483,1.3494,2698,1.349073,1.349801,1.348618,1.34971,0,0.000782,-0.001501,-0.00031
2026-01-07 09:00:00,1.3494,1.3496,1.3484,1.3492,2380,1.349692,1.349819,1.34869,1.349473,0,0.00091,-0.001419,-0.000273
2026-01-07 10:00:00,1.3492,1.3502,1.3491,1.3495,1761,1.349491,1.350439,1.349491,1.349819,0,0.000709,-0.001339,-0.000319
2026-01-07 11:00:00,1.3496,1.3503,1.3493,1.3498,1684,1.349856,1.350585,1.349364,1.350111,0,0.000936,-0.001285,-0.000311
2026-01-07 12:00:00,1.3499,1.35,1.3484,1.349,2467,1.350184,1.350257,1.34869,1.349236,0,0.00131,-0.001857,-0.000236
2026-01-07 13:00:00,1.3489,1.3499,1.348,1.3492,4864,1.349,1.350001,1.348418,1.349509,0,0.001482,-0.002001,-0.000309
2026-01-07 14:00:00,1.3493,1.35,1.3482,1.35,4726,1.349637,1.350093,1.348436,1.350093,0,0.001564,-0.001893,-9.3e-05
2026-01-07 15:00:00,1.3499,1.3499,1.347,1.348,12075,1.348963,1.34971,1.3474,1.348072,0,0.0025,-0.00271,-7.2e-05
2026-01-07 16:00:00,1.3479,1.3484,1.3466,1.3469,4833,1.348418,1.348563,1.347001,1.347164,0,0.001399,-0.001963,-0.000264
2026-01-07 17:00:00,1.347,1.3478,1.3468,1.3471,1960,1.347455,1.34789,1.347019,1.347418,0,0.000781,-0.001091,-0.000318
2026-01-07 18:00:00,1.3471,1.3471,1.3466,1.3468,1067,1.347019,1.347364,1.34691,1.347019,0,0.00019,-0.000764,-0.000219
2026-01-07 19:00:00,1.3468,1.3468,1.3461,1.3463,3018,1.347037,1.347074,1.346294,1.346602,0,0.000506,-0.000974,-0.000302
2026-01-07 20:00:00,1.3463,1.3467,1.3459,1.3461,1641,1.346511,1.34682,1.346276,1.346384,0,0.000424,-0.000919,-0.000284
2026-01-07 21:00:00,1.346,1.3461,1.3454,1.3454,1425,1.346276,1.346312,1.345786,1.345841,0,0.000314,-0.000912,-0.000441
2026-01-07 23:00:00,1.3459,1.3459,1.3454,1.3455,0,1.345859,1.345968,1.345605,1.345895,0,0.000295,-0.000568,-0.000395
2026-01-08 00:00:00,1.3457,1.3458,1.3454,1.3458,729,1.345877,1.346094,1.345696,1.345895,0,0.000104,-0.000694,-9.5e-05
2026-01-08 01:00:00,1.3456,1.3459,1.3451,1.3454,503,1.345804,1.346112,1.34537,1.345623,0,0.00053,-0.001012,-0.000223
2026-01-08 02:00:00,1.3454,1.3457,1.3449,1.3455,575,1.345714,1.345931,1.345153,1.345804,0,0.000547,-0.001031,-0.000304
2026-01-08 03:00:00,1.3455,1.3463,1.3455,1.3461,666,1.345732,1.346602,1.345732,1.346384,0,0.000568,-0.001102,-0.000284
2026-01-08 04:00:00,1.3461,1.3461,1.3457,1.3459,584,1.346312,1.346384,1.345913,1.346076,0,0.000187,-0.000684,-0.000176
2026-01-08 05:00:00,1.3455,1.3458,1.3451,1.3457,748,1.346076,1.346076,1.345316,1.345913,0,0.000484,-0.000976,-0.000213
2026-01-08 06:00:00,1.3456,1.3459,1.345,1.3458,1407,1.345859,1.346185,1.345279,1.346022,0,0.000621,-0.001185,-0.000222
2026-01-08 07:00:00,1.3457,1.3458,1.3443,1.3444,2604,1.346022,1.346022,1.344719,1.344719,0,0.001081,-0.001722,-0.000319
2026-01-08 08:00:00,1.3444,1.3445,1.3433,1.3437,3493,1.344393,1.34461,1.343634,1.343905,0,0.000865,-0.00131,-0.000205
2026-01-08 09:00:00,1.3436,1.3445,1.343,1.3437,2498,1.343815,1.344574,1.3434,1.343851,0,0.0011,-0.001574,-0.000151
2026-01-08 10:00:00,1.3437,1.3446,1.3434,1.3446,2147,1.343996,1.344755,1.343616,1.344755,0,0.000983,-0.001355,-0.000155
2026-01-08 11:00:00,1.3445,1.3449,1.3442,1.3443,1715,1.344755,1.34508,1.344483,1.344538,0,0.000417,-0.00088,-0.000238
2026-01-08 12:00:00,1.3442,1.3446,1.3436,1.3437,2016,1.344538,1.344773,1.343815,1.343815,0,0.000785,-0.001173,-0.000115
2026-01-08 13:00:00,1.3437,1.3446,1.3415,1.3422,6150,1.34405,1.344755,1.34167,1.342426,0,0.00293,-0.003255,-0.000226
2026-01-08 14:00:00,1.3421,1.3434,1.3416,1.3434,4893,1.342246,1.34358,1.34194,1.34358,0,0.00146,-0.00198,-0.00018
2026-01-08 15:00:00,1.3434,1.3445,1.3425,1.344,6079,1.343292,1.344628,1.342769,1.344176,0,0.001731,-0.002128,-0.000176
2026-01-08 16:00:00,1.3439,1.3443,1.3427,1.3429,3777,1.344104,1.344357,1.342967,1.343147,0,0.001333,-0.001657,-0.000247
2026-01-08 17:00:00,1.3428,1.3435,1.3424,1.3435,2237,1.343093,1.343634,1.342678,1.343616,0,0.000822,-0.001235,-0.000116
2026-01-08 18:00:00,1.3434,1.3436,1.342,1.3422,2062,1.343725,1.343725,1.3423,1.342354,0,0.0013,-0.001725,-0.000154
2026-01-08 19:00:00,1.3422,1.343,1.3418,1.343,1994,1.34221,1.343147,1.342048,1.343147,0,0.000952,-0.001347,-0.000147
2026-01-08 20:00:00,1.343,1.3437,1.3428,1.3435,1884,1.343147,1.343815,1.343147,1.343707,0,0.000553,-0.001015,-0.000207
2026-01-08 21:00:00,1.3436,1.3444,1.3434,1.3441,1484,1.343743,1.344538,1.343653,1.343923,0,0.000747,-0.001138,0.000177
2026-01-08 23:00:00,1.3435,1.344,1.3433,1.3434,0,1.343743,1.34414,1.343472,1.343616,0,0.000528,-0.00084,-0.000216
2026-01-09 00:00:00,1.3433,1.3435,1.343,1.3431,983,1.343689,1.343725,1.343219,1.34331,0,0.000281,-0.000725,-0.00021
2026-01-09 01:00:00,1.3431,1.3434,1.3425,1.3426,899,1.343346,1.343598,1.342696,1.342877,0,0.000704,-0.001098,-0.000277
2026-01-09 02:00:00,1.3427,1.3432,1.3423,1.3431,766,1.342967,1.343328,1.342498,1.343292,0,0.000702,-0.001028,-0.000192
2026-01-09 03:00:00,1.3431,1.3436,1.343,1.3434,448,1.343346,1.343779,1.343129,1.343725,0,0.000471,-0.000779,-0.000325
2026-01-09 04:00:00,1.3436,1.3436,1.343,1.3434,292,1.343689,1.343725,1.343219,1.343616,0,0.000381,-0.000725,-0.000216
2026-01-09 05:00:00,1.3435,1.3435,1.3427,1.3429,550,1.343653,1.343815,1.342823,1.343093,0,0.000677,-0.001115,-0.000193
2026-01-09 06:00:00,1.3428,1.3432,1.3423,1.3427,1115,1.342967,1.343274,1.34257,1.342823,0,0.00063,-0.000974,-0.000123
2026-01-09 07:00:00,1.3427,1.3427,1.3413,1.3427,4171,1.342642,1.342949,1.341562,1.342949,0,0.001138,-0.001649,-0.000249
2026-01-09 08:00:00,1.3428,1.3432,1.341,1.3413,3894,1.343039,1.343328,1.341274,1.341544,0,0.001926,-0.002328,-0.000244
2026-01-09 09:00:00,1.3414,1.342,1.3403,1.3408,2242,1.341616,1.34203,1.340572,1.341076,0,0.001428,-0.00173,-0.000276
2026-01-09 10:00:00,1.3409,1.3411,1.3403,1.3406,2038,1.341148,1.34131,1.340483,1.340914,0,0.000617,-0.00101,-0.000314
2026-01-09 11:00:00,1.3407,1.3413,1.3404,1.3412,2747,1.340878,1.341328,1.340572,1.341292,0,0.000728,-0.000928,-9.2e-05
2026-01-09 12:00:00,1.3411,1.3418,1.3408,1.3418,2750,1.34122,1.341976,1.341022,1.341976,0,0.000778,-0.001176,-0.000176
2026-01-09 13:00:00,1.3418,1.345,1.3365,1.3434,14912,1.342084,1.345116,1.341508,1.343382,0,0.003492,-0.008616,1.8e-05
2026-01-09 14:00:00,1.3433,1.3442,1.3405,1.3412,9619,1.343905,1.34414,1.340716,1.341256,0,0.003484,-0.00364,-5.6e-05
2026-01-09 15:00:00,1.3411,1.3418,1.3391,1.3416,9064,1.3414,1.341904,1.339351,1.341904,0,0.002449,-0.002804,-0.000304
2026-01-09 16:00:00,1.3416,1.3422,1.3403,1.341,5501,1.34185,1.34221,1.340554,1.34113,0,0.001646,-0.00191,-0.00013
2026-01-09 17:00:00,1.3409,1.341,1.3397,1.3401,3140,1.341022,1.34104,1.340069,1.340375,0,0.000931,-0.00134,-0.000275
2026-01-09 18:00:00,1.3401,1.3413,1.3399,1.3404,2356,1.340321,1.34149,1.340034,1.34059,0,0.001266,-0.00159,-0.00019
2026-01-09 19:00:00,1.3405,1.3409,1.3402,1.3406,2650,1.340554,1.341202,1.340411,1.340752,0,0.000489,-0.001002,-0.000152
2026-01-09 20:00:00,1.3405,1.3408,1.3404,1.3406,1529,1.340842,1.340986,1.340608,1.340716,0,0.000192,-0.000586,-0.000116
2026-01-09 21:00:00,1.3405,1.3408,1.3396,1.34,968,1.340716,1.34095,1.33971,1.340393,0,0.00109,-0.00135,-0.000393
2026-01-12 00:00:00,1.3393,1.3434,1.3389,1.3434,2702,1.339459,1.343562,1.339226,1.343562,0,0.004174,-0.004662,-0.000162
2026-01-12 01:00:00,1.3434,1.344,1.3426,1.3427,2380,1.343653,1.344068,1.342787,1.342913,0,0.001213,-0.001468,-0.000213
2026-01-12 02:00:00,1.3426,1.3433,1.3421,1.3422,3590,1.342823,1.343418,1.342426,1.342426,0,0.000874,-0.001318,-0.000226
2026-01-12 03:00:00,1.3422,1.3427,1.342,1.342,1159,1.342372,1.342823,1.342138,1.342138,0,0.000562,-0.000823,-0.000138
2026-01-12 04:00:00,1.3419,1.3423,1.3416,1.342,424,1.342048,1.342408,1.341724,1.342174,0,0.000576,-0.000808,-0.000174
2026-01-12 05:00:00,1.3421,1.3436,1.342,1.3433,787,1.342318,1.343653,1.342282,1.3434,0,0.001318,-0.001653,-0.0001
2026-01-12 06:00:00,1.3432,1.3441,1.3429,1.3438,1950,1.343418,1.34414,1.343021,1.343923,0,0.001079,-0.00124,-0.000124
2026-01-12 07:00:00,1.3437,1.3446,1.3433,1.3444,3614,1.343689,1.344701,1.34349,1.344483,0,0.00111,-0.001401,-8.3e-05
2026-01-12 08:00:00,1.3443,1.346,1.3442,1.3457,4210,1.344466,1.346076,1.344466,1.345714,0,0.001534,-0.001876,-1.4e-05
2026-01-12 09:00:00,1.3455,1.3468,1.3449,1.3452,4032,1.345678,1.346928,1.345098,1.345388,0,0.001701,-0.002028,-0.000188
2026-01-12 10:00:00,1.3453,1.347,1.3447,1.347,3637,1.345515,1.347128,1.344899,1.34711,0,0.002101,-0.002428,-0.00011
2026-01-12 11:00:00,1.347,1.3473,1.3453,1.3459,2498,1.347092,1.347546,1.345569,1.345931,0,0.001731,-0.002246,-3.1e-05
2026-01-12 12:00:00,1.3458,1.3472,1.3457,1.3465,2408,1.345913,1.347328,1.345913,1.346547,0,0.001287,-0.001628,-4.7e-05
2026-01-12 13:00:00,1.3465,1.3485,1.3461,1.348,3824,1.346584,1.348618,1.346312,1.347981,0,0.002188,-0.002518,1.9e-05
2026-01-12 14:00:00,1.348,1.3482,1.3463,1.3472,4486,1.348181,1.348327,1.346457,1.347309,0,0.001743,-0.002027,-0.000109
2026-01-12 15:00:00,1.3472,1.3479,1.3467,1.3474,5166,1.3474,1.348,1.34691,1.3476,0,0.00099,-0.0013,-0.0002
2026-01-12 16:00:00,1.3475,1.3476,1.3462,1.3462,4357,1.347636,1.347673,1.346584,1.346584,0,0.001016,-0.001473,-0.000384
2026-01-12 17:00:00,1.3462,1.3471,1.3455,1.3463,4925,1.346421,1.347164,1.345587,1.346475,0,0.001513,-0.001664,-0.000175
2026-01-12 18:00:00,1.3462,1.3462,1.3456,1.3457,1512,1.346457,1.346457,1.345804,1.345895,0,0.000396,-0.000857,-0.000195
2026-01-12 19:00:00,1.3458,1.3466,1.3456,1.3464,2864,1.345949,1.346674,1.345786,1.346674,0,0.000814,-0.001074,-0.000274
2026-01-12 20:00:00,1.3464,1.3468,1.3461,1.3462,2352,1.34662,1.346946,1.346294,1.34633,0,0.000506,-0.000847,-0.00013
2026-01-12 21:00:00,1.3463,1.3468,1.3461,1.3464,1216,1.346421,1.347055,1.346257,1.346711,0,0.000543,-0.000955,-0.000311
2026-01-12 23:00:00,1.3461,1.3467,1.346,1.3466,0,1.346421,1.346801,1.346366,1.346547,0,0.000334,-0.000801,5.3e-05
2026-01-13 00:00:00,1.3465,1.3475,1.3461,1.3475,2160,1.346656,1.3474,1.346312,1.3474,0,0.001188,-0.0013,0.0001
2026-01-13 01:00:00,1.3474,1.3475,1.3466,1.3469,1132,1.3476,1.347727,1.34682,1.347074,0,0.00068,-0.001127,-0.000174
2026-01-13 02:00:00,1.3469,1.3476,1.3468,1.3471,920,1.347019,1.347636,1.347019,1.347328,0,0.000581,-0.000836,-0.000228
2026-01-13 03:00:00,1.3472,1.3478,1.3468,1.3469,653,1.347346,1.34789,1.347019,1.34711,0,0.000781,-0.001091,-0.00021
2026-01-13 04:00:00,1.3469,1.3475,1.3469,1.3472,0,1.347055,1.347745,1.347055,1.347346,0,0.000445,-0.000845,-0.000146
2026-01-13 05:00:00,1.3472,1.3475,1.347,1.3471,357,1.347418,1.347709,1.347164,1.347164,0,0.000336,-0.000709,-6.4e-05
2026-01-13 06:00:00,1.3471,1.3471,1.3462,1.3471,2464,1.347237,1.347273,1.346511,1.347273,0,0.000589,-0.001073,-0.000173
2026-01-13 07:00:00,1.3471,1.3472,1.3462,1.3467,2072,1.347346,1.347346,1.34633,1.346892,0,0.00087,-0.001146,-0.000192
2026-01-13 08:00:00,1.3465,1.3477,1.3463,1.3476,2536,1.34662,1.347727,1.346439,1.347636,0,0.001261,-0.001427,-3.6e-05
2026-01-13 09:00:00,1.3475,1.3484,1.3473,1.348,2337,1.347654,1.348563,1.347473,1.348072,0,0.000927,-0.001263,-7.2e-05
2026-01-13 10:00:00,1.3479,1.3483,1.3469,1.3471,1521,1.348236,1.348327,1.347019,1.347328,0,0.001281,-0.001427,-0.000228
2026-01-13 11:00:00,1.347,1.3473,1.3466,1.3471,2351,1.347182,1.3474,1.346765,1.347146,0,0.000535,-0.0008,-4.6e-05
2026-01-13 12:00:00,1.3471,1.3472,1.3457,1.346,2224,1.347291,1.347328,1.345931,1.346348,0,0.001269,-0.001628,-0.000348
2026-01-13 13:00:00,1.3459,1.3503,1.3453,1.3474,10665,1.346004,1.349455,1.345551,1.3476,0,0.004749,-0.004155,-0.0002
2026-01-13 14:00:00,1.3474,1.3476,1.345,1.3458,6709,1.347546,1.347546,1.345388,1.346004,0,0.002212,-0.002545,-0.000204
2026-01-13 15:00:00,1.3458,1.3459,1.3434,1.3441,9831,1.345913,1.345913,1.343598,1.343598,0,0.002302,-0.002513,0.000502
2026-01-13 16:00:00,1.344,1.3444,1.3424,1.3433,6499,1.344231,1.344375,1.342606,1.343346,0,0.001794,-0.001975,-4.6e-05
2026-01-13 17:00:00,1.3434,1.3436,1.3426,1.3433,2622,1.343508,1.343725,1.342823,1.34331,0,0.000777,-0.001125,-1e-05
2026-01-13 18:00:00,1.3433,1.3439,1.3423,1.3439,2036,1.343328,1.344158,1.342534,1.344014,0,0.001366,-0.001858,-0.000114
2026-01-13 19:00:00,1.3438,1.3439,1.3427,1.3434,2858,1.34405,1.34405,1.342859,1.343634,0,0.001041,-0.00135,-0.000234
2026-01-13 20:00:00,1.3433,1.3435,1.3428,1.3429,1403,1.343526,1.343634,1.342985,1.343256,0,0.000515,-0.000834,-0.000355
2026-01-13 21:00:00,1.343,1.343,1.3421,1.3422,1003,1.343093,1.343147,1.342282,1.342282,0,0.000718,-0.001047,-8.2e-05
2026-01-13 23:00:00,1.3422,1.3428,1.3421,1.3424,0,1.342534,1.342859,1.342426,1.342624,0,0.000374,-0.000759,-0.000224
2026-01-14 00:00:00,1.3424,1.3426,1.342,1.3425,965,1.342624,1.342714,1.342192,1.342606,0,0.000408,-0.000714,-0.000106
2026-01-14 01:00:00,1.3425,1.3426,1.3418,1.3421,1050,1.342732,1.342732,1.342012,1.342336,0,0.000588,-0.000932,-0.000236
2026-01-14 02:00:00,1.3422,1.3436,1.342,1.3435,905,1.342336,1.343671,1.342192,1.343616,0,0.001408,-0.001671,-0.000116
2026-01-14 03:00:00,1.3435,1.3447,1.3435,1.3443,788,1.343689,1.344773,1.343689,1.344592,0,0.001011,-0.001273,-0.000292
2026-01-14 04:00:00,1.3445,1.3446,1.3438,1.3439,429,1.344538,1.344646,1.344014,1.344014,0,0.000586,-0.000846,-0.000114
2026-01-14 05:00:00,1.344,1.344,1.3434,1.3434,404,1.344032,1.344176,1.343598,1.343634,0,0.000402,-0.000776,-0.000234
2026-01-14 06:00:00,1.3434,1.3447,1.3433,1.3446,1435,1.343598,1.344827,1.343526,1.344827,0,0.001174,-0.001527,-0.000227
2026-01-14 07:00:00,1.3445,1.3448,1.3437,1.3438,1276,1.344755,1.344936,1.343815,1.343941,0,0.000985,-0.001236,-0.000142
2026-01-14 08:00:00,1.3438,1.3449,1.3436,1.3448,2924,1.34396,1.344918,1.343815,1.344863,0,0.001085,-0.001318,-6.3e-05
2026-01-14 09:00:00,1.3449,1.3458,1.3445,1.3456,2715,1.345044,1.345841,1.344845,1.345804,0,0.000955,-0.001341,-0.000204
2026-01-14 10:00:00,1.3455,1.3457,1.345,1.3452,2447,1.345569,1.345823,1.345171,1.345442,0,0.000529,-0.000823,-0.000242
2026-01-14 11:00:00,1.3452,1.3452,1.3444,1.3448,3943,1.345442,1.345442,1.344646,1.344899,0,0.000554,-0.001042,-9.9e-05
2026-01-14 12:00:00,1.3449,1.3457,1.3441,1.3451,3146,1.344954,1.345551,1.344303,1.345135,0,0.001397,-0.001451,-3.5e-05
2026-01-14 13:00:00,1.3451,1.3451,1.3437,1.3443,4472,1.345243,1.345261,1.344032,1.344556,0,0.001068,-0.001561,-0.000256
2026-01-14 14:00:00,1.3444,1.3463,1.3442,1.3455,5703,1.344556,1.346366,1.344466,1.345659,0,0.001834,-0.002166,-0.00016
2026-01-14 15:00:00,1.3455,1.3462,1.3443,1.3455,6198,1.34537,1.345877,1.344556,1.345641,0,0.001644,-0.001577,-0.000142
2026-01-14 16:00:00,1.3454,1.3457,1.3439,1.3442,5397,1.345641,1.345859,1.34414,1.344339,0,0.00156,-0.001959,-0.000139
2026-01-14 17:00:00,1.3442,1.3443,1.3429,1.3431,3507,1.344357,1.344411,1.343093,1.343238,0,0.001207,-0.001511,-0.000138
2026-01-14 18:00:00,1.3431,1.3431,1.3425,1.3425,2486,1.343238,1.343256,1.342841,1.342913,0,0.000259,-0.000756,-0.000413
2026-01-14 19:00:00,1.3426,1.3431,1.3423,1.343,2886,1.342678,1.343328,1.342588,1.343111,0,0.000512,-0.001028,-0.000111
2026-01-14 20:00:00,1.3429,1.344,1.3428,1.3432,3006,1.343111,1.344104,1.343093,1.343201,0,0.000907,-0.001304,-1e-06
2026-01-14 21:00:00,1.3431,1.3446,1.3431,1.3442,1405,1.34331,1.344827,1.34331,1.344827,0,0.00129,-0.001727,-0.000627
2026-01-14 23:00:00,1.3439,1.3443,1.3437,1.344,0,1.343761,1.344375,1.343761,1.344104,0,0.000539,-0.000675,-0.000104
2026-01-15 00:00:00,1.3438,1.3438,1.3429,1.3436,804,1.34405,1.34405,1.343165,1.343634,0,0.000635,-0.00115,-3.4e-05
2026-01-15 01:00:00,1.3436,1.3437,1.3426,1.3434,1006,1.343743,1.343851,1.342895,1.343616,0,0.000805,-0.001251,-0.000216
2026-01-15 02:00:00,1.3433,1.3434,1.3429,1.3432,590,1.343508,1.343526,1.343057,1.343418,0,0.000343,-0.000626,-0.000218
2026-01-15 03:00:00,1.3432,1.3432,1.3425,1.3426,406,1.343364,1.343364,1.34266,1.34275,0,0.00054,-0.000864,-0.00015
2026-01-15 04:00:00,1.3427,1.3428,1.3422,1.3423,279,1.342859,1.342859,1.342408,1.342516,0,0.000392,-0.000659,-0.000216
2026-01-15 05:00:00,1.3427,1.343,1.3425,1.3425,820,1.342426,1.343219,1.342408,1.342678,0,0.000592,-0.000719,-0.000178
2026-01-15 06:00:00,1.3425,1.3431,1.3423,1.3426,1251,1.342805,1.343328,1.34248,1.342823,0,0.00062,-0.001028,-0.000223
2026-01-15 07:00:00,1.3425,1.3442,1.3422,1.3434,6294,1.343364,1.343941,1.34266,1.3434,0,0.00154,-0.001741,0.0
2026-01-15 08:00:00,1.3433,1.3442,1.3426,1.3438,2624,1.3434,1.344339,1.342805,1.344014,0,0.001395,-0.001739,-0.000214
2026-01-15 09:00:00,1.3437,1.3444,1.3434,1.3436,3761,1.343941,1.344556,1.343707,1.343707,0,0.000693,-0.001156,-0.000107
2026-01-15 10:00:00,1.3436,1.3438,1.3414,1.3418,2726,1.343779,1.343905,1.341724,1.342228,0,0.002076,-0.002505,-0.000428
2026-01-15 11:00:00,1.3419,1.3427,1.3416,1.3416,2130,1.342174,1.34275,1.341796,1.34185,0,0.000904,-0.00115,-0.00025
2026-01-15 12:00:00,1.3417,1.3419,1.3401,1.3403,3039,1.34185,1.342102,1.340249,1.340375,0,0.001651,-0.002002,-7.5e-05
2026-01-15 13:00:00,1.3402,1.3403,1.3368,1.3372,10967,1.340429,1.340429,1.337023,1.337023,0,0.003276,-0.003629,0.000177
2026-01-15 14:00:00,1.3371,1.3386,1.3361,1.3369,11052,1.337327,1.338545,1.336452,1.337077,0,0.002148,-0.002445,-0.000177
2026-01-15 15:00:00,1.337,1.3388,1.3368,1.3385,8690,1.337238,1.338814,1.337077,1.338509,0,0.001723,-0.002014,-9e-06
2026-01-15 16:00:00,1.3385,1.3393,1.3379,1.3384,5822,1.338652,1.339334,1.338025,1.338634,0,0.001275,-0.001433,-0.000234
2026-01-15 17:00:00,1.3385,1.3392,1.338,1.3386,3061,1.338545,1.339316,1.338276,1.338581,0,0.000924,-0.001316,1.9e-05
2026-01-15 18:00:00,1.3386,1.3393,1.3386,1.339,1801,1.338796,1.339441,1.338796,1.338975,0,0.000504,-0.000841,2.5e-05
2026-01-15 19:00:00,1.339,1.3391,1.3383,1.3384,2812,1.339154,1.339208,1.338473,1.338545,0,0.000627,-0.000908,-0.000145
2026-01-15 20:00:00,1.3384,1.3385,1.3372,1.3374,2176,1.338598,1.338598,1.337506,1.337649,0,0.000994,-0.001398,-0.00025
2026-01-15 21:00:00,1.3374,1.3383,1.3374,1.3379,1183,1.337614,1.338384,1.337596,1.338169,0,0.000704,-0.000984,-0.000268
2026-01-15 23:00:00,1.3377,1.3381,1.3377,1.338,0,1.338115,1.33824,1.337936,1.338151,0,0.000164,-0.00054,-0.000151
2026-01-16 00:00:00,1.338,1.3382,1.337,1.3376,1075,1.338151,1.338312,1.33722,1.337649,0,0.00098,-0.001312,-4.9e-05
2026-01-16 01:00:00,1.3375,1.3382,1.3374,1.3378,583,1.337632,1.338384,1.337614,1.33799,0,0.000586,-0.000984,-0.00019
2026-01-16 02:00:00,1.3379,1.3388,1.3377,1.3382,1277,1.338043,1.338814,1.337936,1.338419,0,0.000864,-0.001114,-0.000219
2026-01-16 03:00:00,1.3383,1.339,1.3382,1.3389,744,1.338491,1.339047,1.33833,1.339011,0,0.00067,-0.000847,-0.000111
2026-01-16 04:00:00,1.3389,1.339,1.3387,1.3388,274,1.339118,1.339154,1.338867,1.338993,0,0.000133,-0.000454,-0.000193
2026-01-16 05:00:00,1.3388,1.3388,1.338,1.3382,843,1.338939,1.338993,1.338222,1.338366,0,0.000578,-0.000993,-0.000166
2026-01-16 06:00:00,1.3381,1.3382,1.3376,1.3379,647,1.33833,1.338401,1.337793,1.338079,0,0.000407,-0.000801,-0.000179
2026-01-16 07:00:00,1.3378,1.3391,1.3376,1.3389,2302,1.338079,1.339262,1.337972,1.338921,0,0.001128,-0.001662,-2.1e-05
2026-01-16 08:00:00,1.3389,1.3397,1.3389,1.3392,2316,1.339154,1.339818,1.339029,1.339351,0,0.000671,-0.000918,-0.000151
2026-01-16 09:00:00,1.3391,1.3404,1.339,1.3396,2516,1.339334,1.340554,1.339208,1.339836,0,0.001192,-0.001554,-0.000236
2026-01-16 10:00:00,1.3396,1.3412,1.3396,1.3405,2880,1.339764,1.341256,1.339764,1.340716,0,0.001436,-0.001656,-0.000216
2026-01-16 11:00:00,1.3405,1.3411,1.3404,1.3407,1793,1.340608,1.341256,1.340608,1.340824,0,0.000492,-0.000856,-0.000124
2026-01-16 12:00:00,1.3406,1.3408,1.3392,1.3399,4081,1.340824,1.340914,1.339513,1.340159,0,0.001287,-0.001714,-0.000259
2026-01-16 13:00:00,1.34,1.3407,1.3387,1.3402,5553,1.340069,1.34077,1.338957,1.340465,0,0.001743,-0.00207,-0.000265
2026-01-16 14:00:00,1.3402,1.3403,1.3394,1.3398,2905,1.340321,1.340518,1.339585,1.339962,0,0.000715,-0.001118,-0.000162
2026-01-16 15:00:00,1.3397,1.3403,1.3365,1.3377,16791,1.339854,1.340393,1.336863,1.337775,0,0.003437,-0.003893,-7.5e-05
2026-01-16 16:00:00,1.3376,1.3388,1.3376,1.338,4800,1.337882,1.338975,1.337846,1.338007,0,0.000954,-0.001375,-7e-06
2026-01-16 17:00:00,1.3381,1.3386,1.3374,1.3377,2145,1.338204,1.338634,1.337811,1.337936,0,0.00079,-0.001234,-0.000236
2026-01-16 18:00:00,1.3377,1.3386,1.3372,1.3379,2134,1.337882,1.338724,1.337453,1.338187,0,0.001147,-0.001524,-0.000286
2026-01-16 19:00:00,1.3378,1.3383,1.3374,1.338,2866,1.338097,1.338545,1.337649,1.338187,0,0.000651,-0.001145,-0.000186
2026-01-16 20:00:00,1.3381,1.3385,1.3378,1.3379,1590,1.338222,1.33867,1.338025,1.338115,0,0.000475,-0.00087,-0.000215
2026-01-16 21:00:00,1.338,1.3382,1.3374,1.338,1071,1.338043,1.33833,1.337542,1.337739,0,0.000658,-0.00093,0.000261
2026-01-19 04:00:00,1.338,1.3395,1.338,1.3394,203,1.338993,1.339656,1.338921,1.339549,0,0.000579,-0.001656,-0.000149
2026-01-20 05:00:00,1.344,1.3448,1.3438,1.344,1130,1.344122,1.34499,1.344122,1.344249,0,0.000678,-0.00119,-0.000249
2026-01-20 06:00:00,1.344,1.3442,1.3431,1.3434,2350,1.344104,1.344393,1.343219,1.343526,0,0.000981,-0.001293,-0.000126
2026-01-20 07:00:00,1.3433,1.3482,1.3425,1.3474,9705,1.343256,1.348309,1.342678,1.347582,0,0.005522,-0.005809,-0.000182
2026-01-20 08:00:00,1.3474,1.3491,1.3474,1.3477,9665,1.34789,1.349182,1.347582,1.348,0,0.001518,-0.001782,-0.0003
2026-01-20 09:00:00,1.3478,1.3488,1.3469,1.3474,5766,1.348199,1.348818,1.347201,1.347418,0,0.001599,-0.001918,-1.8e-05
2026-01-20 10:00:00,1.3475,1.3485,1.3464,1.3479,4834,1.347727,1.348472,1.346801,1.348054,0,0.001699,-0.002072,-0.000154
2026-01-20 11:00:00,1.3479,1.3483,1.3458,1.3462,5302,1.348036,1.348309,1.34604,1.346312,0,0.00226,-0.002509,-0.000112
2026-01-20 12:00:00,1.3463,1.3465,1.3439,1.3445,8571,1.346348,1.346584,1.344122,1.344737,0,0.002378,-0.002684,-0.000237
2026-01-20 13:00:00,1.3445,1.3478,1.344,1.3452,14244,1.344845,1.347782,1.344176,1.345261,0,0.003624,-0.003782,-6.1e-05
2026-01-20 14:00:00,1.3451,1.3462,1.344,1.3457,7949,1.345297,1.346312,1.344122,1.345659,0,0.002078,-0.002312,4.1e-05
2026-01-20 15:00:00,1.3457,1.3477,1.3452,1.3456,12446,1.345479,1.347709,1.345479,1.345931,0,0.002221,-0.002509,-0.000331
2026-01-20 16:00:00,1.3456,1.3469,1.3453,1.3469,7403,1.345804,1.347092,1.345515,1.347092,0,0.001385,-0.001792,-0.000192
2026-01-20 17:00:00,1.3468,1.3474,1.3454,1.3456,5617,1.34691,1.347527,1.34575,1.345786,0,0.00165,-0.002127,-0.000186
2026-01-20 18:00:00,1.3456,1.3457,1.3442,1.3442,2336,1.345696,1.345732,1.344393,1.344466,0,0.001307,-0.001532,-0.000266
2026-01-20 19:00:00,1.3442,1.3445,1.3426,1.3427,5578,1.344592,1.344592,1.342787,1.342805,0,0.001713,-0.001992,-0.000105
2026-01-20 20:00:00,1.3427,1.3435,1.3424,1.3432,3887,1.342696,1.343598,1.342606,1.343292,0,0.000894,-0.001198,-9.2e-05
2026-01-20 21:00:00,1.3433,1.3442,1.3431,1.344,1122,1.343328,1.344321,1.343328,1.344231,0,0.000872,-0.001221,-0.000231
2026-01-20 23:00:00,1.3441,1.3446,1.3438,1.3439,0,1.344303,1.344321,1.343996,1.344086,0,0.000604,-0.000521,-0.000186
2026-01-21 00:00:00,1.3438,1.3441,1.3432,1.3441,822,1.343869,1.344176,1.343382,1.344176,0,0.000718,-0.000976,-7.6e-05
2026-01-21 01:00:00,1.3441,1.3455,1.3439,1.345,1428,1.344285,1.345696,1.34396,1.345098,0,0.00154,-0.001796,-9.8e-05
2026-01-21 02:00:00,1.3451,1.3453,1.3442,1.3443,743,1.345207,1.345497,1.344429,1.344429,0,0.000871,-0.001297,-0.000129
2026-01-21 03:00:00,1.3443,1.3446,1.3432,1.3439,1638,1.344628,1.344628,1.343472,1.34405,0,0.001128,-0.001428,-0.00015
2026-01-21 04:00:00,1.3439,1.3439,1.3432,1.3437,428,1.344032,1.344032,1.3434,1.343851,0,0.0005,-0.000832,-0.000151
2026-01-21 05:00:00,1.3437,1.3439,1.3434,1.3436,696,1.343779,1.344014,1.343634,1.343761,0,0.000265,-0.000614,-0.000161
2026-01-21 06:00:00,1.3436,1.3441,1.3434,1.3436,1315,1.343761,1.344285,1.343598,1.343851,0,0.000502,-0.000885,-0.000251
2026-01-21 07:00:00,1.3435,1.3448,1.3425,1.3442,4878,1.343111,1.344936,1.343111,1.344285,0,0.001689,-0.002436,-8.5e-05
2026-01-21 08:00:00,1.3442,1.3446,1.3433,1.3438,3910,1.344303,1.344701,1.3434,1.344032,0,0.0012,-0.001401,-0.000232
2026-01-21 09:00:00,1.3437,1.3438,1.3408,1.3409,4428,1.343761,1.343869,1.341022,1.341112,0,0.002778,-0.003069,-0.000212
2026-01-21 10:00:00,1.341,1.3414,1.3402,1.3406,4456,1.34113,1.34149,1.340411,1.340788,0,0.000989,-0.00129,-0.000188
2026-01-21 11:00:00,1.3406,1.3421,1.34,1.3409,4502,1.340608,1.342012,1.340267,1.34104,0,0.001833,-0.002012,-0.00014
2026-01-21 12:00:00,1.3409,1.3426,1.3401,1.3424,5272,1.340734,1.342624,1.340536,1.342534,0,0.002064,-0.002524,-0.000134
2026-01-21 13:00:00,1.3423,1.3444,1.3411,1.3441,6867,1.34248,1.344357,1.341364,1.344086,0,0.003036,-0.003257,1.4e-05
2026-01-21 14:00:00,1.3441,1.3456,1.3422,1.345,11643,1.344267,1.345569,1.342336,1.345207,0,0.003264,-0.003369,-0.000207
2026-01-21 15:00:00,1.345,1.3459,1.3424,1.3426,8981,1.345297,1.345823,1.342769,1.342769,0,0.003132,-0.003423,-0.000169
2026-01-21 16:00:00,1.3426,1.3439,1.3422,1.3427,7727,1.342732,1.344122,1.342696,1.342787,0,0.001204,-0.001922,-8.7e-05
2026-01-21 17:00:00,1.3428,1.3437,1.3416,1.3427,3985,1.342859,1.343797,1.341814,1.342895,0,0.001886,-0.002197,-0.000195
2026-01-21 18:00:00,1.3426,1.3426,1.3418,1.3421,1699,1.342714,1.342732,1.342012,1.342192,0,0.000588,-0.000932,-9.2e-05
2026-01-21 19:00:00,1.3421,1.343,1.3409,1.3425,8107,1.342192,1.343039,1.341058,1.341904,0,0.001942,-0.002139,0.000596
2026-01-21 20:00:00,1.3425,1.3425,1.3412,1.3422,2396,1.342318,1.34266,1.3414,1.34266,0,0.0011,-0.00146,-0.00046
2026-01-21 21:00:00,1.3424,1.3431,1.3423,1.343,898,1.342606,1.343256,1.34239,1.342967,0,0.00071,-0.000955,3.3e-05
2026-01-21 23:00:00,1.3431,1.3432,1.3417,1.3417,0,1.342895,1.343111,1.341886,1.341886,0,0.001314,-0.001411,-0.000186
2026-01-22 00:00:00,1.3418,1.343,1.3416,1.3429,1333,1.34185,1.343111,1.34185,1.342985,0,0.00115,-0.001511,-8.5e-05
2026-01-22 01:00:00,1.3428,1.3431,1.3423,1.343,888,1.342859,1.343219,1.342534,1.343093,0,0.000566,-0.000919,-9.3e-05
2026-01-22 02:00:00,1.343,1.3435,1.3422,1.3424,493,1.343075,1.343508,1.342336,1.342588,0,0.001164,-0.001308,-0.000188
2026-01-22 03:00:00,1.3425,1.3432,1.3425,1.3432,577,1.342678,1.343328,1.342642,1.343256,0,0.000558,-0.000828,-5.6e-05
2026-01-22 04:00:00,1.3431,1.3438,1.3429,1.3431,474,1.343292,1.343978,1.343075,1.343219,0,0.000725,-0.001078,-0.000119
2026-01-22 05:00:00,1.3428,1.3429,1.3422,1.3429,289,1.343075,1.343075,1.342318,1.342913,0,0.000582,-0.000875,-1.3e-05
2026-01-22 06:00:00,1.3427,1.3428,1.3419,1.3424,1458,1.342931,1.342931,1.34212,1.342624,0,0.00068,-0.001031,-0.000224
2026-01-22 07:00:00,1.3424,1.3436,1.3422,1.343,3555,1.342787,1.343815,1.342408,1.34349,0,0.001192,-0.001615,-0.00049
2026-01-22 08:00:00,1.343,1.3433,1.3408,1.3417,4623,1.343183,1.343183,1.341094,1.341994,0,0.002206,-0.002383,-0.000294
2026-01-22 09:00:00,1.3418,1.3446,1.3417,1.3443,3959,1.341778,1.344592,1.341778,1.344429,0,0.002822,-0.002892,-0.000129
2026-01-22 10:00:00,1.3444,1.3449,1.3436,1.3446,3017,1.344628,1.34508,1.343707,1.344773,0,0.001193,-0.00148,-0.000173
2026-01-22 11:00:00,1.3446,1.3452,1.3401,1.342,21558,1.344791,1.345297,1.340375,1.342552,0,0.004825,-0.005197,-0.000552
2026-01-22 12:00:00,1.3419,1.3441,1.3414,1.3424,12551,1.341976,1.343526,1.341886,1.342642,0,0.002214,-0.002126,-0.000242
2026-01-22 13:00:00,1.3424,1.3437,1.3404,1.3422,12760,1.342678,1.343671,1.341382,1.34212,0,0.002319,-0.003271,8e-05
2026-01-22 14:00:00,1.3422,1.3452,1.3421,1.3446,9974,1.342318,1.345189,1.342318,1.344737,0,0.002882,-0.003089,-0.000137
2026-01-22 15:00:00,1.3445,1.3484,1.3444,1.3477,10594,1.344899,1.348309,1.344773,1.347763,0,0.003627,-0.003909,-6.3e-05
2026-01-22 16:00:00,1.3477,1.3498,1.3477,1.3488,9281,1.347836,1.349892,1.347836,1.349,0,0.001964,-0.002192,-0.0002
2026-01-22 17:00:00,1.3488,1.3495,1.3473,1.349,7952,1.348927,1.349582,1.348254,1.349327,0,0.001246,-0.002282,-0.000327
2026-01-22 18:00:00,1.349,1.3501,1.349,1.3498,3137,1.3492,1.350238,1.349182,1.349947,0,0.000918,-0.001238,-0.000147
2026-01-22 19:00:00,1.3498,1.3498,1.3486,1.3489,3696,1.350001,1.350001,1.34869,1.349164,0,0.00111,-0.001401,-0.000264
2026-01-22 20:00:00,1.3489,1.3502,1.3487,1.3496,3527,1.349054,1.350348,1.348945,1.349819,0,0.001255,-0.001648,-0.000219
2026-01-22 21:00:00,1.3497,1.3506,1.3494,1.3503,1573,1.349728,1.350749,1.349692,1.350311,0,0.000908,-0.001349,-1.1e-05
2026-01-22 23:00:00,1.3503,1.3509,1.3499,1.3499,0,1.350494,1.350713,1.349947,1.350001,0,0.000953,-0.000813,-0.000101
2026-01-23 00:00:00,1.3498,1.35,1.3494,1.3495,758,1.349983,1.35002,1.349528,1.349619,0,0.000472,-0.00062,-0.000119
2026-01-23 01:00:00,1.3496,1.3503,1.3495,1.3497,1240,1.34971,1.350439,1.349655,1.349819,0,0.000645,-0.000939,-0.000119
2026-01-23 02:00:00,1.3497,1.3497,1.3491,1.3492,855,1.349819,1.349819,1.349309,1.349382,0,0.000391,-0.000719,-0.000182
2026-01-23 03:00:00,1.3492,1.3494,1.3488,1.3489,980,1.349346,1.349546,1.348945,1.349127,0,0.000455,-0.000746,-0.000227
2026-01-23 04:00:00,1.349,1.3497,1.3489,1.3497,858,1.349218,1.349819,1.349018,1.34971,0,0.000682,-0.000919,-1e-05
2026-01-23 05:00:00,1.3499,1.3499,1.3495,1.3497,447,1.349928,1.350093,1.349637,1.349856,0,0.000263,-0.000593,-0.000156
2026-01-23 06:00:00,1.3497,1.3498,1.3482,1.3483,1944,1.349746,1.349947,1.348381,1.348381,0,0.001419,-0.001747,-8.1e-05
2026-01-23 07:00:00,1.3484,1.3511,1.3483,1.3491,9103,1.349327,1.350749,1.348781,1.349327,0,0.002319,-0.002449,-0.000227
2026-01-23 08:00:00,1.3491,1.3501,1.3482,1.35,4347,1.349509,1.350238,1.348418,1.350202,0,0.001682,-0.002038,-0.000202
2026-01-23 09:00:00,1.35,1.3533,1.3498,1.3528,7432,1.350074,1.353436,1.350001,1.352942,0,0.003299,-0.003636,-0.000142
2026-01-23 10:00:00,1.3529,1.3535,1.3522,1.3525,3653,1.35296,1.353601,1.35232,1.352612,0,0.00118,-0.001401,-0.000113
2026-01-23 11:00:00,1.3526,1.3532,1.3513,1.3517,10278,1.352686,1.353217,1.351552,1.351954,0,0.001648,-0.001917,-0.000254
2026-01-23 12:00:00,1.3517,1.3531,1.3517,1.3528,4157,1.351954,1.353162,1.351954,1.352777,0,0.001146,-0.001462,2.3e-05
2026-01-23 13:00:00,1.3527,1.3534,1.3523,1.3523,7298,1.353015,1.35351,1.352576,1.352612,0,0.000824,-0.00121,-0.000312
2026-01-23 14:00:00,1.3524,1.3538,1.352,1.3536,4138,1.352539,1.353785,1.352174,1.353785,0,0.001626,-0.001785,-0.000185
2026-01-23 15:00:00,1.3535,1.3566,1.3533,1.3563,10472,1.353693,1.356742,1.353656,1.356558,0,0.002944,-0.003442,-0.000258
2026-01-23 16:00:00,1.3564,1.3598,1.356,1.3587,15119,1.356447,1.35973,1.356153,1.358899,0,0.003647,-0.00373,-0.000199
2026-01-23 17:00:00,1.3587,1.3622,1.3585,1.3607,12316,1.358788,1.362157,1.358788,1.360896,0,0.003412,-0.003657,-0.000196
2026-01-23 18:00:00,1.3607,1.3608,1.359,1.3604,7768,1.360526,1.360915,1.359453,1.360563,0,0.001347,-0.001915,-0.000163
2026-01-23 19:00:00,1.3604,1.3628,1.3604,1.3622,8502,1.360674,1.362806,1.360674,1.362546,0,0.002126,-0.002406,-0.000346
2026-01-23 20:00:00,1.3623,1.3637,1.3621,1.3636,5859,1.362416,1.36381,1.362268,1.36381,0,0.001432,-0.00171,-0.00021
2026-01-23 21:00:00,1.3636,1.3646,1.3623,1.3623,3540,1.363791,1.364498,1.363494,1.364498,0,0.001106,-0.002198,-0.002198
2026-01-26 00:00:00,1.3663,1.3667,1.3643,1.3665,4921,1.365691,1.366774,1.364536,1.366774,0,0.002164,-0.002474,-0.000274
2026-01-26 01:00:00,1.3666,1.3674,1.3657,1.366,4020,1.367091,1.367334,1.366102,1.366158,0,0.001299,-0.001634,-0.000157
2026-01-26 02:00:00,1.3661,1.3679,1.3657,1.3668,2846,1.36599,1.367952,1.36599,1.366904,0,0.00191,-0.002252,-0.000105
2026-01-26 03:00:00,1.3667,1.3668,1.3654,1.3659,1828,1.366774,1.366867,1.365598,1.366083,0,0.001202,-0.001467,-0.000183
2026-01-26 04:00:00,1.3658,1.3667,1.3653,1.3659,1527,1.365952,1.36668,1.365449,1.366046,0,0.001251,-0.00138,-0.000146
2026-01-26 05:00:00,1.366,1.3669,1.3658,1.3666,1031,1.366139,1.366923,1.365952,1.366736,0,0.000948,-0.001123,-0.000136
2026-01-26 06:00:00,1.3665,1.3667,1.3655,1.3655,2152,1.366662,1.366811,1.365654,1.365654,0,0.001046,-0.001311,-0.000154
2026-01-26 07:00:00,1.3655,1.3675,1.3644,1.3646,6416,1.365822,1.367577,1.364703,1.364703,0,0.002797,-0.003177,-0.000103
2026-01-26 08:00:00,1.3646,1.3668,1.3643,1.3661,9074,1.36515,1.366606,1.364461,1.366195,0,0.002339,-0.002306,-9.5e-05
2026-01-26 09:00:00,1.3662,1.3676,1.3657,1.3671,5191,1.36655,1.367671,1.365915,1.36726,0,0.001685,-0.001971,-0.00016
2026-01-26 10:00:00,1.3672,1.3674,1.3665,1.367,3616,1.367166,1.367559,1.366904,1.367222,0,0.000496,-0.001059,-0.000222
2026-01-26 11:00:00,1.367,1.3673,1.3664,1.3665,6213,1.366998,1.36739,1.366587,1.36668,0,0.000713,-0.00099,-0.00018
2026-01-26 12:00:00,1.3666,1.3672,1.3647,1.3652,5248,1.366662,1.367316,1.364927,1.365318,0,0.002273,-0.002616,-0.000118
2026-01-26 13:00:00,1.3651,1.3661,1.3642,1.3661,7410,1.365169,1.366195,1.36448,1.366195,0,0.00162,-0.001995,-9.5e-05
2026-01-26 14:00:00,1.3661,1.3691,1.3658,1.3691,10541,1.366158,1.369169,1.365915,1.369169,0,0.003185,-0.003369,-6.9e-05
2026-01-26 15:00:00,1.3691,1.3712,1.3688,1.3707,12347,1.369207,1.371253,1.369,1.370821,0,0.0022,-0.002453,-0.000121
2026-01-26 16:00:00,1.3707,1.3713,1.3693,1.3696,10177,1.370802,1.371103,1.369563,1.369769,0,0.001737,-0.001803,-0.000169
2026-01-26 17:00:00,1.3696,1.3703,1.3685,1.3686,4338,1.369769,1.370314,1.368682,1.368907,0,0.001618,-0.001814,-0.000307
2026-01-26 18:00:00,1.3688,1.37,1.3684,1.3687,4278,1.368738,1.370126,1.368551,1.368944,0,0.001449,-0.001726,-0.000244
2026-01-26 19:00:00,1.3687,1.3688,1.3674,1.3681,7807,1.368907,1.368907,1.367634,1.368195,0,0.001166,-0.001507,-9.5e-05
2026-01-26 20:00:00,1.3681,1.3686,1.3678,1.3679,2996,1.368495,1.368644,1.367952,1.368064,0,0.000648,-0.000844,-0.000164
2026-01-26 21:00:00,1.368,1.3685,1.3673,1.368,1050,1.36812,1.368701,1.36754,1.367989,0,0.00096,-0.0014,1.1e-05
2026-01-26 23:00:00,1.3679,1.3679,1.3674,1.3675,0,1.367877,1.368026,1.367577,1.36769,0,0.000323,-0.000626,-0.00019
2026-01-27 00:00:00,1.3675,1.3681,1.3671,1.3673,733,1.367484,1.368176,1.367316,1.367353,0,0.000784,-0.001076,-5.3e-05
2026-01-27 01:00:00,1.3673,1.3681,1.3669,1.3678,855,1.367447,1.368289,1.367129,1.368008,0,0.000971,-0.001389,-0.000208
2026-01-27 02:00:00,1.3679,1.37,1.3677,1.3695,1336,1.36797,1.370107,1.367802,1.369657,0,0.002198,-0.002407,-0.000157
2026-01-27 03:00:00,1.3694,1.3694,1.3681,1.3682,1916,1.369544,1.369544,1.368326,1.368382,0,0.001074,-0.001444,-0.000182
2026-01-27 04:00:00,1.3683,1.3687,1.3672,1.3674,0,1.368401,1.368682,1.367297,1.367559,0,0.001403,-0.001482,-0.000159
2026-01-27 05:00:00,1.3675,1.368,1.3671,1.3678,520,1.367521,1.368195,1.367297,1.36797,0,0.000703,-0.001095,-0.00017
2026-01-27 06:00:00,1.3678,1.3689,1.3677,1.3681,1902,1.367933,1.369057,1.367933,1.368251,0,0.000967,-0.001357,-0.000151
2026-01-27 07:00:00,1.368,1.369,1.3669,1.3674,4167,1.368176,1.369038,1.36726,1.367409,0,0.00174,-0.002138,-9e-06
2026-01-27 08:00:00,1.3674,1.3677,1.3664,1.3674,4771,1.36754,1.367708,1.366494,1.367447,0,0.001206,-0.001308,-4.6e-05
2026-01-27 09:00:00,1.3673,1.3699,1.3667,1.3698,5490,1.367316,1.370013,1.366923,1.370013,0,0.002977,-0.003313,-0.000213
2026-01-27 10:00:00,1.3697,1.3702,1.3683,1.3702,4167,1.369825,1.37037,1.368495,1.37037,0,0.001706,-0.00207,-0.00017
2026-01-27 11:00:00,1.3702,1.3711,1.37,1.371,2833,1.370464,1.371178,1.370145,1.371121,0,0.000955,-0.001178,-0.000121
2026-01-27 12:00:00,1.3709,1.3741,1.3708,1.3738,9286,1.371065,1.374061,1.370971,1.374061,0,0.003129,-0.00326,-0.00026
2026-01-27 13:00:00,1.374,1.3748,1.3725,1.3734,9420,1.374344,1.374759,1.372684,1.37357,0,0.002116,-0.002259,-0.00017
2026-01-27 14:00:00,1.3734,1.3776,1.3731,1.3769,13681,1.373702,1.377581,1.373419,1.377126,0,0.004181,-0.004481,-0.000226
2026-01-27 15:00:00,1.3769,1.3791,1.3746,1.3751,20481,1.377771,1.379044,1.375005,1.375213,0,0.004095,-0.004444,-0.000113
2026-01-27 16:00:00,1.375,1.3791,1.375,1.3779,10716,1.375402,1.379044,1.375402,1.378075,0,0.003698,-0.004044,-0.000175
2026-01-27 17:00:00,1.3779,1.3787,1.3761,1.3787,7243,1.37798,1.378873,1.376254,1.378873,0,0.002446,-0.002773,-0.000173
2026-01-27 18:00:00,1.3787,1.379,1.3775,1.3777,4407,1.378759,1.379139,1.377714,1.377923,0,0.001286,-0.001639,-0.000223
2026-01-27 19:00:00,1.3776,1.3784,1.3773,1.3782,4081,1.377771,1.378436,1.377562,1.378398,0,0.000838,-0.001136,-0.000198
2026-01-27 20:00:00,1.3782,1.3869,1.3776,1.3836,24176,1.378208,1.386866,1.378208,1.383777,0,0.008692,-0.009266,-0.000177
2026-01-27 21:00:00,1.3835,1.3858,1.3829,1.385,6755,1.383566,1.385521,1.383107,1.385003,0,0.002693,-0.002621,-3e-06
2026-01-27 23:00:00,1.3847,1.3847,1.3822,1.3826,0,1.384792,1.384792,1.382361,1.382629,0,0.002339,-0.002592,-2.9e-05
2026-01-28 00:00:00,1.3827,1.383,1.3813,1.3817,3792,1.382552,1.383088,1.381502,1.381769,0,0.001498,-0.001788,-6.9e-05
2026-01-28 01:00:00,1.3817,1.3818,1.3799,1.3801,2337,1.38154,1.381731,1.380072,1.38011,0,0.001728,-0.001831,-1e-05
2026-01-28 02:00:00,1.38,1.3806,1.3791,1.3802,3100,1.380377,1.38072,1.379272,1.380453,0,0.001328,-0.00162,-0.000253
2026-01-28 03:00:00,1.3803,1.381,1.3797,1.3799,1765,1.380434,1.381082,1.379786,1.380034,0,0.001214,-0.001382,-0.000134
2026-01-28 04:00:00,1.3799,1.3802,1.3793,1.3801,1540,1.379938,1.380262,1.379501,1.380262,0,0.000699,-0.000962,-0.000162
2026-01-28 05:00:00,1.3792,1.3804,1.3789,1.3803,2330,1.3803,1.380605,1.379044,1.380605,0,0.001356,-0.001705,-0.000305
2026-01-28 06:00:00,1.3804,1.3816,1.3803,1.3806,3546,1.380662,1.381483,1.380491,1.380643,0,0.001109,-0.001183,-4.3e-05
2026-01-28 07:00:00,1.3807,1.383,1.3792,1.38,5745,1.380777,1.383145,1.379482,1.380072,0,0.003518,-0.003945,-7.2e-05
2026-01-28 08:00:00,1.3801,1.3811,1.3775,1.3786,8335,1.379653,1.380987,1.377619,1.378607,0,0.003481,-0.003487,-7e-06
2026-01-28 09:00:00,1.3786,1.3792,1.3775,1.3787,5724,1.378968,1.379253,1.37779,1.378892,0,0.00141,-0.001753,-0.000192
2026-01-28 10:00:00,1.3787,1.3799,1.3776,1.3793,4324,1.378835,1.379862,1.377904,1.379329,0,0.001996,-0.002262,-2.9e-05
2026-01-28 11:00:00,1.3793,1.3793,1.3767,1.3769,5101,1.378968,1.378968,1.376917,1.377088,0,0.002383,-0.002268,-0.000188
2026-01-28 12:00:00,1.3769,1.3793,1.3768,1.3793,6348,1.37705,1.379463,1.376936,1.379463,0,0.002364,-0.002663,-0.000163
2026-01-28 13:00:00,1.3793,1.3794,1.3764,1.3769,7783,1.379329,1.379329,1.376804,1.376917,0,0.002596,-0.002929,-1.7e-05
2026-01-28 14:00:00,1.377,1.3801,1.3767,1.3785,8840,1.377069,1.380034,1.37686,1.378626,0,0.00324,-0.003334,-0.000126
2026-01-28 15:00:00,1.3786,1.3798,1.3748,1.3788,36395,1.378816,1.379938,1.375194,1.379044,0,0.004606,-0.005139,-0.000244
2026-01-28 16:00:00,1.3788,1.3793,1.3763,1.3784,15056,1.37912,1.379291,1.376538,1.378398,0,0.002762,-0.002991,2e-06
2026-01-28 17:00:00,1.3783,1.379,1.3772,1.3788,5480,1.378607,1.379025,1.377448,1.37893,0,0.001552,-0.001825,-0.00013
2026-01-28 18:00:00,1.3788,1.3792,1.3762,1.3776,4687,1.379025,1.37931,1.376576,1.377619,0,0.002624,-0.00311,-1.9e-05
2026-01-28 19:00:00,1.3777,1.3796,1.3752,1.3792,12650,1.378702,1.379691,1.375932,1.379424,0,0.003668,-0.004491,-0.000224
2026-01-28 20:00:00,1.3792,1.3801,1.3785,1.3799,4742,1.379596,1.380224,1.378683,1.379938,0,0.001417,-0.001724,-3.9e-05
2026-01-28 21:00:00,1.3799,1.3811,1.3797,1.3806,1646,1.379862,1.381196,1.379862,1.380662,0,0.001238,-0.001496,-6.2e-05
2026-01-28 23:00:00,1.3806,1.383,1.3797,1.3825,0,1.380472,1.383049,1.380148,1.38238,0,0.002852,-0.003349,0.00012
2026-01-29 00:00:00,1.3826,1.3834,1.3813,1.382,2024,1.382457,1.383336,1.381483,1.382094,0,0.001917,-0.002036,-9.4e-05
2026-01-29 01:00:00,1.3819,1.3819,1.38,1.3803,1791,1.381884,1.381903,1.380186,1.380377,0,0.001714,-0.001903,-7.7e-05
2026-01-29 02:00:00,1.3802,1.3815,1.3792,1.3812,1285,1.380224,1.381578,1.379558,1.381311,0,0.001942,-0.002378,-0.000111
2026-01-29 03:00:00,1.3812,1.3833,1.3811,1.3831,1972,1.381177,1.383355,1.381177,1.383355,0,0.002123,-0.002255,-0.000255
2026-01-29 04:00:00,1.3831,1.3839,1.3824,1.3839,1738,1.383566,1.384045,1.382705,1.383987,0,0.001195,-0.001645,-8.7e-05
2026-01-29 05:00:00,1.3842,1.3843,1.3836,1.3837,1128,1.384045,1.384409,1.3837,1.383834,0,0.0006,-0.000809,-0.000134
2026-01-29 06:00:00,1.3837,1.3839,1.3828,1.3837,1837,1.383815,1.384045,1.382973,1.383872,0,0.000927,-0.001245,-0.000172
2026-01-29 07:00:00,1.3836,1.3847,1.3824,1.3831,4094,1.383987,1.384581,1.38259,1.38326,0,0.00211,-0.002181,-0.00016
2026-01-29 08:00:00,1.3831,1.3846,1.3814,1.382,5762,1.383681,1.384581,1.381464,1.381979,0,0.003137,-0.003181,2.1e-05
2026-01-29 09:00:00,1.382,1.3824,1.38,1.3803,3875,1.38196,1.382342,1.380281,1.380377,0,0.002119,-0.002342,-7.7e-05
2026-01-29 10:00:00,1.3803,1.3806,1.3781,1.3783,4063,1.380491,1.380682,1.378284,1.378284,0,0.002316,-0.002581,1.6e-05
2026-01-29 11:00:00,1.3782,1.3798,1.378,1.3794,4074,1.378341,1.379824,1.378227,1.379539,0,0.001573,-0.001824,-0.000139
2026-01-29 12:00:00,1.3793,1.3813,1.3789,1.3813,4249,1.379215,1.381444,1.378987,1.381444,0,0.002313,-0.002544,-0.000144
2026-01-29 13:00:00,1.3813,1.3817,1.3797,1.3805,6348,1.381387,1.381769,1.380129,1.380643,0,0.001571,-0.002069,-0.000143
2026-01-29 14:00:00,1.3807,1.3833,1.3804,1.3826,9088,1.380758,1.383375,1.380586,1.382571,0,0.002714,-0.002975,2.9e-05
2026-01-29 15:00:00,1.3826,1.3826,1.3742,1.3763,30583,1.382266,1.382266,1.374325,1.376425,0,0.008275,-0.008066,-0.000125
2026-01-29 16:00:00,1.3762,1.3799,1.3759,1.3792,10714,1.376671,1.379843,1.376349,1.379367,0,0.003551,-0.003943,-0.000167
2026-01-29 17:00:00,1.3792,1.3806,1.3792,1.3797,5594,1.379653,1.380662,1.379444,1.379805,0,0.001156,-0.001462,-0.000105
2026-01-29 18:00:00,1.3798,1.3804,1.3788,1.3798,3251,1.379729,1.38051,1.378949,1.379996,0,0.001451,-0.00171,-0.000196
2026-01-29 19:00:00,1.3796,1.38,1.3792,1.3793,3363,1.379539,1.380072,1.379329,1.379463,0,0.000671,-0.000872,-0.000163
2026-01-29 20:00:00,1.3792,1.3807,1.3787,1.3805,2905,1.379386,1.38072,1.378987,1.380472,0,0.001713,-0.00202,2.8e-05
2026-01-29 21:00:00,1.3803,1.3813,1.3799,1.381,2131,1.380643,1.381387,1.380053,1.381082,0,0.001247,-0.001487,-8.2e-05
2026-01-29 23:00:00,1.3809,1.3815,1.3805,1.3807,0,1.380967,1.381425,1.380624,1.380682,0,0.000876,-0.000925,1.8e-05
2026-01-30 00:00:00,1.3807,1.3814,1.3774,1.3777,3153,1.380872,1.381464,1.377752,1.377752,0,0.003648,-0.004063,-5.2e-05
2026-01-30 01:00:00,1.3777,1.3779,1.3758,1.376,3313,1.377486,1.377923,1.376103,1.376103,0,0.001797,-0.002123,-0.000103
2026-01-30 02:00:00,1.3761,1.3768,1.3731,1.3761,6652,1.37561,1.376254,1.373249,1.376159,0,0.003551,-0.003154,-5.9e-05
2026-01-30 03:00:00,1.3762,1.3765,1.3748,1.3753,2075,1.376103,1.376576,1.37493,1.375459,0,0.00157,-0.001776,-0.000159
2026-01-30 04:00:00,1.3753,1.3766,1.3748,1.3751,696,1.375497,1.376785,1.374967,1.375383,0,0.001633,-0.001985,-0.000283
2026-01-30 05:00:00,1.3756,1.3762,1.3746,1.3754,977,1.375383,1.37633,1.374646,1.375573,0,0.001554,-0.00173,-0.000173
2026-01-30 06:00:00,1.3755,1.3763,1.374,1.3749,2905,1.375743,1.376406,1.374212,1.375081,0,0.002088,-0.002406,-0.000181
2026-01-30 07:00:00,1.3749,1.3783,1.3746,1.3768,4237,1.375289,1.378189,1.374986,1.376936,0,0.003314,-0.003589,-0.000136
2026-01-30 08:00:00,1.377,1.378,1.3759,1.3764,4735,1.377183,1.378037,1.376122,1.376406,0,0.001878,-0.002137,-6e-06
2026-01-30 09:00:00,1.3765,1.3767,1.3725,1.3734,5362,1.376084,1.376481,1.372627,1.373475,0,0.004073,-0.003981,-7.5e-05
2026-01-30 10:00:00,1.3733,1.375,1.3732,1.3748,3991,1.373608,1.375005,1.373438,1.374911,0,0.001562,-0.001805,-0.000111
2026-01-30 11:00:00,1.3748,1.3779,1.3744,1.3779,5509,1.374854,1.377942,1.374684,1.377942,0,0.003216,-0.003542,-4.2e-05
2026-01-30 12:00:00,1.3778,1.3787,1.3757,1.3761,4373,1.37836,1.378778,1.375857,1.376216,0,0.002843,-0.003078,-0.000116
2026-01-30 13:00:00,1.3761,1.3767,1.3735,1.3743,7622,1.376254,1.376728,1.373758,1.374514,0,0.002942,-0.003228,-0.000214
2026-01-30 14:00:00,1.3745,1.3758,1.3736,1.3739,9033,1.374778,1.375724,1.373758,1.374023,0,0.002042,-0.002124,-0.000123
2026-01-30 15:00:00,1.3739,1.3744,1.3709,1.372,15750,1.373721,1.374212,1.371704,1.372137,0,0.002696,-0.003312,-0.000137
2026-01-30 16:00:00,1.3719,1.3731,1.3712,1.3727,8704,1.372665,1.372872,1.371498,1.372816,0,0.001603,-0.001672,-0.000116
2026-01-30 17:00:00,1.3727,1.3727,1.3699,1.3708,7501,1.372684,1.372684,1.370107,1.370839,0,0.002593,-0.002784,-3.9e-05
2026-01-30 18:00:00,1.3708,1.3794,1.368,1.3711,9096,1.370783,1.371554,1.36827,1.371178,0,0.01113,-0.003554,-7.8e-05
2026-01-30 19:00:00,1.3711,1.3718,1.369,1.3698,6127,1.37161,1.371704,1.369113,1.369769,0,0.002687,-0.002705,3.1e-05
2026-01-30 20:00:00,1.3697,1.3698,1.3683,1.3683,3723,1.369713,1.369713,1.368438,1.368438,0,0.001362,-0.001413,-0.000138
2026-01-30 21:00:00,1.3683,1.3697,1.3679,1.3697,2925,1.368401,1.369075,1.368026,1.368513,0,0.001673,-0.001175,0.001187
2026-02-02 00:00:00,1.3677,1.3705,1.3677,1.37,3419,1.367914,1.370389,1.367914,1.369994,0,0.002586,-0.002689,6e-06
2026-02-02 01:00:00,1.37,1.37,1.3676,1.3695,2455,1.369788,1.369788,1.367746,1.369469,0,0.002254,-0.002188,3.1e-05
2026-02-02 02:00:00,1.3694,1.3699,1.3681,1.3682,1627,1.369432,1.369919,1.368363,1.368363,0,0.001536,-0.001819,-0.000164
2026-02-02 03:00:00,1.3682,1.3692,1.3678,1.3683,1684,1.368289,1.369225,1.368008,1.368476,0,0.001192,-0.001425,-0.000176
2026-02-02 04:00:00,1.3684,1.3688,1.3676,1.3681,1369,1.368457,1.368607,1.367877,1.368158,0,0.000923,-0.001007,-5.7e-05
2026-02-02 05:00:00,1.3681,1.3682,1.3659,1.3671,1777,1.368232,1.368289,1.366251,1.367222,0,0.001949,-0.002388,-0.000122
2026-02-02 06:00:00,1.3672,1.3676,1.3661,1.3675,3093,1.367447,1.367559,1.366344,1.367484,0,0.001256,-0.001459,1.6e-05
2026-02-02 07:00:00,1.3676,1.3688,1.3673,1.3679,3265,1.367577,1.368663,1.367521,1.368176,0,0.001279,-0.001363,-0.000276
2026-02-02 08:00:00,1.368,1.3701,1.3678,1.3692,5377,1.36827,1.369994,1.368158,1.368775,0,0.001943,-0.002194,0.000425
2026-02-02 09:00:00,1.3691,1.371,1.3682,1.3708,4107,1.369244,1.371046,1.368532,1.370933,0,0.002468,-0.002846,-0.000133
2026-02-02 10:00:00,1.3708,1.3714,1.3696,1.3702,4405,1.370764,1.371479,1.369769,1.370276,0,0.001631,-0.001879,-7.6e-05
2026-02-02 11:00:00,1.3702,1.3711,1.3694,1.37,2878,1.370257,1.371009,1.369638,1.370107,0,0.001462,-0.001609,-0.000107
2026-02-02 12:00:00,1.3699,1.3706,1.3685,1.3688,3067,1.370013,1.370689,1.368738,1.368869,0,0.001862,-0.002189,-6.9e-05
2026-02-02 13:00:00,1.3687,1.3687,1.3649,1.3651,7441,1.368682,1.368682,1.365262,1.365262,0,0.003438,-0.003782,-0.000162
2026-02-02 14:00:00,1.3651,1.3676,1.3631,1.3668,10386,1.365281,1.367503,1.363215,1.36683,0,0.004385,-0.004403,-3e-05
2026-02-02 15:00:00,1.3667,1.3667,1.3626,1.3627,14253,1.365747,1.366008,1.362751,1.362751,0,0.00395,-0.003408,-5.1e-05
2026-02-02 16:00:00,1.3628,1.3656,1.3622,1.3652,9553,1.362825,1.36571,1.362454,1.365355,0,0.003146,-0.00351,-0.000155
2026-02-02 17:00:00,1.3653,1.3663,1.3649,1.3659,4440,1.365393,1.36627,1.365169,1.36584,0,0.001131,-0.00137,6e-05
2026-02-02 18:00:00,1.366,1.3661,1.3648,1.365,7407,1.366008,1.366139,1.36489,1.365039,0,0.00121,-0.001339,-3.9e-05
2026-02-02 19:00:00,1.3649,1.3662,1.3643,1.3659,5682,1.365057,1.366214,1.364424,1.366195,0,0.001776,-0.001914,-0.000295
2026-02-02 20:00:00,1.3659,1.3668,1.3654,1.3665,3047,1.365859,1.366755,1.365561,1.366662,0,0.001239,-0.001355,-0.000162
2026-02-02 21:00:00,1.3664,1.3669,1.3664,1.3666,784,1.366736,1.366904,1.366512,1.366904,0,0.000388,-0.000504,-0.000304
2026-02-02 23:00:00,1.3664,1.3672,1.3658,1.3672,0,1.366344,1.367316,1.366083,1.367316,0,0.001117,-0.001516,-0.000116
2026-02-03 00:00:00,1.3672,1.368,1.3671,1.368,679,1.367297,1.368064,1.367222,1.368064,0,0.000778,-0.000964,-6.4e-05
2026-02-03 01:00:00,1.3679,1.3685,1.3674,1.3685,777,1.368083,1.368607,1.367615,1.368588,0,0.000885,-0.001207,-8.8e-05
2026-02-03 02:00:00,1.3685,1.3685,1.3671,1.3672,878,1.368644,1.368644,1.367222,1.367334,0,0.001278,-0.001544,-0.000134
2026-02-03 03:00:00,1.3672,1.3688,1.3671,1.3685,1466,1.367316,1.36885,1.36726,1.368738,0,0.00154,-0.00175,-0.000238
2026-02-03 04:00:00,1.3685,1.3693,1.3685,1.3687,0,1.368569,1.369432,1.368569,1.36885,0,0.000731,-0.000932,-0.00015
2026-02-03 05:00:00,1.3688,1.3691,1.3683,1.3689,579,1.368794,1.369207,1.36842,1.369075,0,0.00068,-0.000907,-0.000175
2026-02-03 06:00:00,1.3689,1.3701,1.3689,1.3691,5345,1.369038,1.37007,1.368963,1.369225,0,0.001137,-0.00117,-0.000125
2026-02-03 07:00:00,1.3691,1.3706,1.3682,1.3697,6149,1.369169,1.370652,1.368495,1.369844,0,0.002105,-0.002452,-0.000144
2026-02-03 08:00:00,1.3697,1.3699,1.3677,1.3685,3549,1.369825,1.369825,1.367821,1.368832,0,0.002079,-0.002126,-0.000332
2026-02-03 09:00:00,1.3686,1.369,1.3666,1.3666,4025,1.368869,1.369019,1.366848,1.366848,0,0.002151,-0.002419,-0.000248
2026-02-03 10:00:00,1.3667,1.3673,1.3655,1.3655,3761,1.366811,1.367297,1.365766,1.365766,0,0.001534,-0.001797,-0.000266
2026-02-03 11:00:00,1.3655,1.3662,1.365,1.365,4110,1.365598,1.366176,1.365206,1.365206,0,0.000994,-0.001176,-0.000206
2026-02-03 12:00:00,1.3651,1.3682,1.3651,1.3681,4291,1.365411,1.368214,1.365337,1.368214,0,0.002863,-0.003114,-0.000114
2026-02-03 13:00:00,1.3681,1.3689,1.367,1.3671,4558,1.368214,1.368963,1.367185,1.367185,0,0.001715,-0.001963,-8.5e-05
2026-02-03 14:00:00,1.367,1.3684,1.3656,1.3668,6586,1.367017,1.368438,1.365896,1.366998,0,0.002504,-0.002838,-0.000198
2026-02-03 15:00:00,1.3668,1.3703,1.3663,1.3702,9135,1.367035,1.37037,1.366587,1.37037,0,0.003713,-0.00407,-0.00017
2026-02-03 16:00:00,1.3703,1.3706,1.3692,1.3699,6240,1.370351,1.370689,1.369375,1.370088,0,0.001225,-0.001489,-0.000188
2026-02-03 17:00:00,1.3699,1.3706,1.3692,1.3695,4911,1.369994,1.370652,1.369507,1.369619,0,0.001093,-0.001452,-0.000119
2026-02-03 18:00:00,1.3695,1.3701,1.3676,1.3677,4667,1.369582,1.370145,1.367914,1.367989,0,0.002186,-0.002545,-0.000289
2026-02-03 19:00:00,1.3676,1.3691,1.3673,1.3687,4890,1.367634,1.369057,1.367447,1.368888,0,0.001653,-0.001757,-0.000188
2026-02-03 20:00:00,1.3687,1.3699,1.3683,1.3695,2265,1.368757,1.369976,1.368438,1.369638,0,0.001462,-0.001676,-0.000138
2026-02-03 21:00:00,1.3696,1.3701,1.3694,1.37,1047,1.369582,1.37022,1.369582,1.36975,0,0.000518,-0.00082,0.00025
2026-02-03 23:00:00,1.3694,1.3701,1.3691,1.3695,0,1.369657,1.370201,1.369244,1.369657,0,0.000856,-0.001101,-0.000157
2026-02-04 00:00:00,1.3697,1.3698,1.3691,1.3693,612,1.369732,1.369788,1.369263,1.369469,0,0.000537,-0.000688,-0.000169
2026-02-04 01:00:00,1.3693,1.371,1.3691,1.3709,1039,1.36945,1.371027,1.369244,1.370802,0,0.001756,-0.001927,9.8e-05
2026-02-04 02:00:00,1.3706,1.3712,1.3698,1.37,786,1.370727,1.371178,1.369807,1.369994,0,0.001393,-0.001378,6e-06
2026-02-04 03:00:00,1.3701,1.3705,1.3696,1.3704,725,1.370238,1.370539,1.369769,1.370501,0,0.000731,-0.000939,-0.000101
2026-02-04 04:00:00,1.3704,1.3717,1.3703,1.3717,576,1.370464,1.371704,1.370445,1.371704,0,0.001255,-0.001404,-4e-06
2026-02-04 05:00:00,1.3715,1.372,1.3711,1.3715,1414,1.371667,1.372006,1.371328,1.371648,0,0.000672,-0.000906,-0.000148
2026-02-04 06:00:00,1.3715,1.3721,1.3713,1.3714,1548,1.371629,1.372156,1.371347,1.371385,0,0.000753,-0.000856,1.5e-05
2026-02-04 07:00:00,1.3712,1.3718,1.3706,1.3716,1684,1.371516,1.371799,1.370708,1.371761,0,0.001092,-0.001199,-0.000161
2026-02-04 08:00:00,1.3715,1.3732,1.3712,1.3729,3857,1.371686,1.373287,1.37146,1.373136,0,0.00174,-0.002087,-0.000236
2026-02-04 09:00:00,1.3729,1.3732,1.37,1.3708,3182,1.373023,1.373268,1.370182,1.370933,0,0.003018,-0.003268,-0.000133
2026-02-04 10:00:00,1.3708,1.3715,1.3694,1.3715,3128,1.370933,1.371648,1.369675,1.371592,0,0.001825,-0.002248,-9.2e-05
2026-02-04 11:00:00,1.3715,1.3715,1.3701,1.3709,2359,1.371516,1.371573,1.370314,1.37099,0,0.001186,-0.001473,-9e-05
2026-02-04 12:00:00,1.3708,1.3724,1.3705,1.372,3225,1.371009,1.372458,1.370858,1.372119,0,0.001542,-0.001958,-0.000119
2026-02-04 13:00:00,1.372,1.3729,1.3702,1.3713,5394,1.372006,1.372646,1.370389,1.371441,0,0.002511,-0.002446,-0.000141
2026-02-04 14:00:00,1.3713,1.3717,1.3685,1.3688,11435,1.371441,1.371704,1.368832,1.369075,0,0.002868,-0.003204,-0.000275
2026-02-04 15:00:00,1.3687,1.3694,1.3661,1.3664,16155,1.369038,1.369375,1.366307,1.366456,0,0.003093,-0.003275,-5.6e-05
2026-02-04 16:00:00,1.3664,1.3664,1.3642,1.3657,12380,1.366456,1.366456,1.36448,1.365766,0,0.00192,-0.002256,-6.6e-05
2026-02-04 17:00:00,1.3657,1.3672,1.3644,1.3645,7734,1.36571,1.36726,1.364741,1.364741,0,0.002459,-0.00286,-0.000241
2026-02-04 18:00:00,1.3645,1.3655,1.3642,1.365,3836,1.364517,1.365505,1.364312,1.365169,0,0.001188,-0.001305,-0.000169
2026-02-04 19:00:00,1.365,1.3663,1.3643,1.3663,5218,1.365262,1.366214,1.364554,1.366214,0,0.001746,-0.001914,8.6e-05
2026-02-04 20:00:00,1.3662,1.3664,1.3647,1.3651,2727,1.366344,1.3664,1.364927,1.365001,0,0.001473,-0.0017,9.9e-05
2026-02-04 21:00:00,1.3651,1.3656,1.3649,1.3654,1006,1.365113,1.365691,1.364983,1.365318,0,0.000617,-0.000791,8.2e-05
2026-02-04 23:00:00,1.3654,1.3654,1.3642,1.3645,0,1.365225,1.365262,1.364443,1.364443,0,0.000957,-0.001062,5.7e-05
2026-02-05 00:00:00,1.3645,1.3651,1.3644,1.3651,484,1.364685,1.365262,1.364554,1.365206,0,0.000546,-0.000862,-0.000106
2026-02-05 01:00:00,1.3652,1.3653,1.3644,1.3648,785,1.365244,1.365411,1.364592,1.364927,0,0.000708,-0.001011,-0.000127
2026-02-05 02:00:00,1.3648,1.3648,1.362,1.3621,2127,1.364871,1.364871,1.362342,1.362342,0,0.002458,-0.002871,-0.000242
2026-02-05 03:00:00,1.3621,1.363,1.3618,1.3624,1309,1.362157,1.363048,1.362119,1.362528,0,0.000881,-0.001248,-0.000128
2026-02-05 04:00:00,1.3624,1.3628,1.3622,1.3626,356,1.362509,1.362899,1.362305,1.362732,0,0.000495,-0.000699,-0.000132
2026-02-05 05:00:00,1.3623,1.3625,1.3616,1.3619,922,1.362583,1.362639,1.361767,1.361953,0,0.000733,-0.001039,-5.3e-05
2026-02-05 06:00:00,1.362,1.362,1.3606,1.3618,2770,1.362082,1.362082,1.360822,1.361767,0,0.001178,-0.001482,3.3e-05
2026-02-05 07:00:00,1.3617,1.3628,1.3616,1.362,4975,1.361823,1.362936,1.361748,1.362027,0,0.001052,-0.001336,-2.7e-05
2026-02-05 08:00:00,1.362,1.3632,1.3598,1.3603,6715,1.362064,1.363252,1.360248,1.360322,0,0.002952,-0.003452,-2.2e-05
2026-02-05 09:00:00,1.3602,1.3603,1.3556,1.3565,10867,1.360248,1.360285,1.355712,1.35676,0,0.004588,-0.004685,-0.00026
2026-02-05 10:00:00,1.3565,1.3596,1.3562,1.3587,6035,1.356594,1.359656,1.356374,1.358843,0,0.003226,-0.003456,-0.000143
2026-02-05 11:00:00,1.3587,1.3616,1.3581,1.3612,9195,1.358622,1.361452,1.35829,1.361304,0,0.00331,-0.003352,-0.000104
2026-02-05 12:00:00,1.3612,1.3612,1.354,1.3581,25190,1.356907,1.358363,1.354518,1.357995,0,0.006682,-0.004363,0.000106
2026-02-05 13:00:00,1.3581,1.3595,1.3566,1.3585,9702,1.358363,1.359416,1.356815,1.358733,0,0.002685,-0.002816,-0.000233
2026-02-05 14:00:00,1.3584,1.3589,1.3533,1.3536,18364,1.35816,1.358696,1.353693,1.353693,0,0.005207,-0.005396,-9.3e-05
2026-02-05 15:00:00,1.3537,1.3556,1.352,1.3528,22780,1.355344,1.355583,1.352612,1.352777,0,0.002988,-0.003583,2.3e-05
2026-02-05 16:00:00,1.3527,1.3556,1.3517,1.3549,11019,1.35296,1.35562,1.352064,1.35505,0,0.003536,-0.00392,-0.00015
2026-02-05 17:00:00,1.3549,1.3556,1.3539,1.3551,4311,1.354922,1.355675,1.354115,1.354995,0,0.001485,-0.001775,0.000105
2026-02-05 18:00:00,1.3551,1.3556,1.3538,1.3543,2306,1.355307,1.355767,1.353913,1.354059,0,0.001687,-0.001967,0.000241
2026-02-05 19:00:00,1.3542,1.3551,1.3542,1.3548,3865,1.354426,1.355216,1.354335,1.354903,0,0.000765,-0.001016,-0.000103
2026-02-05 20:00:00,1.3548,1.3551,1.3537,1.3538,3686,1.35472,1.355289,1.353858,1.353876,0,0.001242,-0.001589,-7.6e-05
2026-02-05 21:00:00,1.3539,1.3539,1.3525,1.3528,2088,1.35384,1.35395,1.352649,1.35329,0,0.001251,-0.00145,-0.00049
2026-02-05 23:00:00,1.3537,1.3537,1.352,1.3521,0,1.353693,1.353693,1.352155,1.352155,0,0.001545,-0.001693,-5.5e-05
2026-02-06 00:00:00,1.352,1.353,1.3508,1.353,1243,1.352155,1.353033,1.351004,1.353015,0,0.001996,-0.002233,-1.5e-05
2026-02-06 01:00:00,1.3529,1.3542,1.3525,1.3539,820,1.352905,1.35428,1.352667,1.353858,0,0.001533,-0.00178,4.2e-05
2026-02-06 02:00:00,1.354,1.355,1.354,1.3545,1057,1.354151,1.355014,1.354151,1.354665,0,0.000849,-0.001014,-0.000165
2026-02-06 03:00:00,1.3545,1.3548,1.3544,1.3546,437,1.354646,1.354903,1.354463,1.35472,0,0.000337,-0.000503,-0.00012
2026-02-06 04:00:00,1.3546,1.356,1.3545,1.3556,1520,1.354701,1.356024,1.354701,1.355748,0,0.001299,-0.001524,-0.000148
2026-02-06 05:00:00,1.3559,1.3569,1.3558,1.3569,1366,1.355951,1.356871,1.355951,1.356852,0,0.000949,-0.00107,4.8e-05
2026-02-06 06:00:00,1.3568,1.3578,1.3567,1.3571,1751,1.356963,1.357755,1.356852,1.357294,0,0.000948,-0.001055,-0.000194
2026-02-06 07:00:00,1.357,1.3578,1.3562,1.3566,3553,1.357165,1.357681,1.356447,1.356815,0,0.001353,-0.001481,-0.000215
2026-02-06 08:00:00,1.3566,1.3571,1.3558,1.3567,3703,1.356539,1.357257,1.355951,1.356926,0,0.001149,-0.001457,-0.000226
2026-02-06 09:00:00,1.3568,1.3581,1.3565,1.3577,3278,1.356981,1.358216,1.356723,1.357847,0,0.001377,-0.001716,-0.000147
2026-02-06 10:00:00,1.3577,1.3583,1.3572,1.3575,1712,1.357755,1.358363,1.357257,1.357958,0,0.001043,-0.001163,-0.000458
2026-02-06 11:00:00,1.3576,1.3591,1.3576,1.3584,2767,1.3577,1.359231,1.3577,1.358493,0,0.0014,-0.001631,-9.3e-05
2026-02-06 12:00:00,1.3584,1.3594,1.3583,1.3588,3010,1.358585,1.359508,1.358437,1.359083,0,0.000963,-0.001208,-0.000283
2026-02-06 13:00:00,1.3588,1.3596,1.358,1.3587,6458,1.358825,1.359601,1.358216,1.358751,0,0.001384,-0.001601,-5.1e-05
2026-02-06 14:00:00,1.3588,1.3609,1.3587,1.3608,8083,1.358973,1.360878,1.358973,1.360563,0,0.001927,-0.002177,0.000237
2026-02-06 15:00:00,1.3608,1.3614,1.3593,1.3614,6905,1.360989,1.361526,1.359527,1.361526,0,0.001873,-0.002226,-0.000126
2026-02-06 16:00:00,1.3613,1.3616,1.3601,1.3604,6084,1.36147,1.3616,1.36023,1.360359,0,0.00137,-0.0015,4.1e-05
2026-02-06 17:00:00,1.3604,1.3623,1.3601,1.3617,3916,1.360193,1.362268,1.360193,1.362212,0,0.002107,-0.002168,-0.000512
2026-02-06 18:00:00,1.3618,1.3622,1.3613,1.3613,5947,1.361934,1.362286,1.361433,1.361489,0,0.000767,-0.000986,-0.000189
2026-02-06 19:00:00,1.3614,1.362,1.3612,1.3616,2564,1.36147,1.362064,1.361285,1.361693,0,0.000715,-0.000864,-9.3e-05
2026-02-06 20:00:00,1.3615,1.3619,1.3612,1.3617,1503,1.361711,1.361989,1.361359,1.361934,0,0.000541,-0.00079,-0.000234
2026-02-06 21:00:00,1.3618,1.3621,1.3608,1.3616,1378,1.361841,1.362249,1.360692,1.360989,0,0.001408,-0.001449,0.000611
2026-02-09 00:00:00,1.3609,1.3619,1.3605,1.3611,1654,1.3611,1.361989,1.360674,1.361248,0,0.001226,-0.00149,-0.000148
2026-02-09 01:00:00,1.3611,1.3612,1.3598,1.3601,1565,1.361174,1.361248,1.360008,1.3601,0,0.001192,-0.001448,-0.0
2026-02-09 02:00:00,1.3601,1.3609,1.359,1.3604,956,1.360137,1.360933,1.359213,1.360507,0,0.001687,-0.001933,-0.000107
2026-02-09 03:00:00,1.3604,1.3607,1.3598,1.3598,603,1.360452,1.360822,1.359934,1.359934,0,0.000766,-0.001022,-0.000134
2026-02-09 04:00:00,1.3599,1.3605,1.3599,1.3603,302,1.359952,1.360563,1.359952,1.360433,0,0.000548,-0.000663,-0.000133
2026-02-09 05:00:00,1.3603,1.3617,1.3603,1.3613,691,1.360489,1.361748,1.360378,1.361433,0,0.001323,-0.001449,-0.000133
2026-02-09 06:00:00,1.3614,1.3629,1.3604,1.3616,2911,1.361433,1.362806,1.360563,1.361878,0,0.002337,-0.002406,-0.000278
2026-02-09 07:00:00,1.3615,1.3615,1.3588,1.3604,4569,1.361637,1.361637,1.359047,1.360507,0,0.002453,-0.002837,-0.000107
2026-02-09 08:00:00,1.3603,1.3611,1.3586,1.3601,6209,1.360452,1.36097,1.358751,1.359952,0,0.002349,-0.00237,0.000148
2026-02-09 09:00:00,1.36,1.3612,1.3596,1.36,2065,1.360193,1.361137,1.359823,1.360063,0,0.001377,-0.001537,-6.3e-05
2026-02-09 10:00:00,1.36,1.3613,1.3594,1.3609,2957,1.360119,1.361507,1.359564,1.361174,0,0.001736,-0.002107,-0.000274
2026-02-09 11:00:00,1.3608,1.3645,1.3592,1.3637,15416,1.360859,1.364294,1.360304,1.364052,0,0.004196,-0.005094,-0.000352
2026-02-09 12:00:00,1.3638,1.3662,1.3638,1.3659,4870,1.363959,1.366139,1.36394,1.366064,0,0.00226,-0.002339,-0.000164
2026-02-09 13:00:00,1.366,1.3669,1.3642,1.365,17274,1.366176,1.366923,1.364387,1.36489,0,0.002513,-0.002723,0.00011
2026-02-09 14:00:00,1.365,1.3652,1.3621,1.3644,26950,1.36515,1.365188,1.362565,1.364163,0,0.002635,-0.003088,0.000237
2026-02-09 15:00:00,1.3644,1.3687,1.3644,1.3678,19242,1.364517,1.368663,1.364517,1.368026,0,0.004183,-0.004263,-0.000226
2026-02-09 16:00:00,1.3677,1.3691,1.3662,1.3666,6319,1.367914,1.369057,1.366325,1.366755,0,0.002774,-0.002857,-0.000155
2026-02-09 17:00:00,1.3666,1.3675,1.3663,1.3671,1799,1.366699,1.367559,1.366438,1.367334,0,0.001062,-0.001259,-0.000234
2026-02-09 18:00:00,1.3671,1.3691,1.3664,1.3689,2769,1.367166,1.36915,1.366662,1.368963,0,0.002438,-0.00275,-6.3e-05
2026-02-09 19:00:00,1.369,1.3699,1.3684,1.3697,5871,1.369113,1.370032,1.368532,1.3696,0,0.001368,-0.001632,0.0001
2026-02-09 20:00:00,1.3696,1.3699,1.3692,1.3694,2001,1.369675,1.369938,1.3693,1.369619,0,0.0006,-0.000738,-0.000219
2026-02-09 21:00:00,1.3694,1.37,1.3691,1.3697,1594,1.369544,1.369994,1.369188,1.369788,0,0.000812,-0.000894,-8.8e-05
2026-02-09 23:00:00,1.3697,1.3697,1.3681,1.3682,0,1.369544,1.36975,1.368289,1.368289,0,0.001411,-0.00165,-8.9e-05
2026-02-10 00:00:00,1.3682,1.3684,1.3672,1.368,1127,1.368307,1.368457,1.367334,1.368008,0,0.001066,-0.001257,-8e-06
2026-02-10 01:00:00,1.368,1.3689,1.3673,1.3684,757,1.368176,1.368925,1.367521,1.36842,0,0.001379,-0.001625,-2e-05
2026-02-10 02:00:00,1.3685,1.3692,1.3683,1.3692,700,1.368532,1.369357,1.368513,1.369357,0,0.000687,-0.001057,-0.000157
2026-02-10 03:00:00,1.3692,1.3695,1.3683,1.3685,874,1.369357,1.369657,1.368532,1.368532,0,0.000968,-0.001357,-3.2e-05
2026-02-10 04:00:00,1.3685,1.3686,1.368,1.3682,0,1.368588,1.368682,1.368101,1.36827,0,0.000499,-0.000682,-7e-05
2026-02-10 05:00:00,1.3681,1.3683,1.3674,1.3678,562,1.368345,1.368401,1.36754,1.367858,0,0.00076,-0.001001,-5.8e-05
2026-02-10 06:00:00,1.3675,1.3681,1.3667,1.367,1990,1.367802,1.368139,1.366886,1.367073,0,0.001214,-0.001439,-7.3e-05
2026-02-10 07:00:00,1.3671,1.3679,1.3667,1.3671,1667,1.36739,1.367952,1.366848,1.366979,0,0.001052,-0.001252,0.000121
2026-02-10 08:00:00,1.3671,1.3679,1.3663,1.3669,4744,1.367278,1.367933,1.366456,1.367073,0,0.001444,-0.001633,-0.000173
2026-02-10 09:00:00,1.3669,1.3684,1.3665,1.3667,2488,1.367091,1.368363,1.366662,1.366904,0,0.001738,-0.001863,-0.000204
2026-02-10 10:00:00,1.3667,1.3673,1.3657,1.3665,2286,1.366886,1.367316,1.365803,1.366699,0,0.001497,-0.001616,-0.000199
2026-02-10 11:00:00,1.3664,1.3664,1.3658,1.3663,1279,1.36655,1.36655,1.366008,1.366344,0,0.000392,-0.00075,-4.4e-05
2026-02-10 12:00:00,1.3663,1.3692,1.3661,1.3686,11238,1.366419,1.369169,1.366288,1.369132,0,0.002912,-0.003069,-0.000532
2026-02-10 13:00:00,1.3685,1.3691,1.3665,1.3679,6586,1.368569,1.369,1.366718,1.368176,0,0.002382,-0.0025,-0.000276
2026-02-10 14:00:00,1.3682,1.3696,1.367,1.3677,5945,1.368401,1.369507,1.367185,1.367989,0,0.002415,-0.002507,-0.000289
2026-02-10 15:00:00,1.3676,1.368,1.3653,1.3674,11279,1.367746,1.36797,1.365449,1.367634,0,0.002551,-0.00267,-0.000234
2026-02-10 16:00:00,1.3673,1.3674,1.3659,1.3664,6442,1.367465,1.367465,1.366083,1.366251,0,0.001317,-0.001565,0.000149
2026-02-10 17:00:00,1.3664,1.3665,1.3643,1.3653,3738,1.366512,1.366531,1.364517,1.365523,0,0.001983,-0.002231,-0.000223
2026-02-10 18:00:00,1.3654,1.3654,1.3642,1.3644,1770,1.365449,1.365449,1.36435,1.364498,0,0.00105,-0.001249,-9.8e-05
2026-02-10 19:00:00,1.3644,1.3657,1.364,1.3657,2259,1.364498,1.365654,1.364238,1.365654,0,0.001462,-0.001654,4.6e-05
2026-02-10 20:00:00,1.3656,1.3657,1.3642,1.3643,3105,1.365617,1.365747,1.364461,1.364461,0,0.001239,-0.001547,-0.000161
2026-02-10 21:00:00,1.3644,1.3645,1.3638,1.3642,1663,1.364331,1.364443,1.36394,1.364275,0,0.00056,-0.000643,-7.5e-05
2026-02-10 23:00:00,1.3637,1.364,1.3631,1.3633,0,1.363866,1.363866,1.363196,1.363438,0,0.000803,-0.000766,-0.000138
2026-02-11 00:00:00,1.3632,1.3643,1.3631,1.3639,944,1.363327,1.364294,1.363122,1.363903,0,0.001178,-0.001194,-3e-06
2026-02-11 01:00:00,1.364,1.3648,1.3639,1.3644,1045,1.364033,1.364908,1.364015,1.36448,0,0.000785,-0.001008,-8e-05
2026-02-11 02:00:00,1.3644,1.3661,1.3644,1.3657,749,1.364517,1.366176,1.364517,1.365784,0,0.001583,-0.001776,-8.4e-05
2026-02-11 03:00:00,1.3658,1.3667,1.3655,1.3665,653,1.36584,1.366755,1.365561,1.366456,0,0.001139,-0.001255,4.4e-05
2026-02-11 04:00:00,1.3665,1.3669,1.3659,1.366,663,1.36655,1.366961,1.365971,1.366064,0,0.000929,-0.001061,-6.4e-05
2026-02-11 05:00:00,1.3662,1.367,1.3662,1.3669,384,1.366008,1.367035,1.365896,1.366979,0,0.001104,-0.000835,-7.9e-05
2026-02-11 06:00:00,1.367,1.3678,1.3666,1.367,1492,1.367073,1.367802,1.36683,1.367129,0,0.00097,-0.001202,-0.000129
2026-02-11 07:00:00,1.3669,1.3674,1.3664,1.3674,1744,1.366961,1.367372,1.366587,1.367334,0,0.000813,-0.000972,6.6e-05
2026-02-11 08:00:00,1.3675,1.3693,1.3669,1.3692,4166,1.367465,1.369338,1.366979,1.36915,0,0.002321,-0.002438,5e-05
2026-02-11 09:00:00,1.3691,1.3698,1.3683,1.3695,3619,1.369394,1.369938,1.368513,1.369619,0,0.001287,-0.001638,-0.000119
2026-02-11 10:00:00,1.3695,1.3712,1.3686,1.3706,2742,1.369619,1.371272,1.368682,1.370764,0,0.002518,-0.002672,-0.000164
2026-02-11 11:00:00,1.3706,1.3707,1.3689,1.3689,1608,1.370652,1.370652,1.369207,1.369207,0,0.001493,-0.001752,-0.000307
2026-02-11 12:00:00,1.3691,1.3692,1.3674,1.3679,4197,1.369188,1.369188,1.367746,1.368064,0,0.001454,-0.001788,-0.000164
2026-02-11 13:00:00,1.368,1.3689,1.3609,1.3641,17232,1.368064,1.369094,1.361433,1.364815,0,0.007467,-0.008194,-0.000715
2026-02-11 14:00:00,1.364,1.367,1.3638,1.3655,8986,1.364126,1.366961,1.364126,1.365337,0,0.002874,-0.003161,0.000163
2026-02-11 15:00:00,1.3655,1.3666,1.3626,1.3633,9529,1.365747,1.366718,1.362918,1.363215,0,0.003682,-0.004118,8.5e-05
2026-02-11 16:00:00,1.3634,1.3656,1.3628,1.3651,7531,1.363327,1.365542,1.362973,1.365169,0,0.002627,-0.002742,-6.9e-05
2026-02-11 17:00:00,1.3652,1.3667,1.3644,1.3657,4332,1.3653,1.366736,1.364592,1.36584,0,0.002108,-0.002336,-0.00014
2026-02-11 18:00:00,1.3658,1.3658,1.3639,1.3639,3433,1.365822,1.365859,1.364238,1.364238,0,0.001562,-0.001959,-0.000338
2026-02-11 19:00:00,1.3639,1.3641,1.3632,1.3632,3373,1.36394,1.363977,1.363327,1.363327,0,0.000773,-0.000777,-0.000127
2026-02-11 20:00:00,1.3632,1.3634,1.362,1.3621,1929,1.363364,1.363475,1.362194,1.362194,0,0.001206,-0.001475,-9.4e-05
2026-02-11 21:00:00,1.3621,1.3628,1.3618,1.3627,2202,1.362157,1.362918,1.361915,1.362918,0,0.000885,-0.001118,-0.000218
2026-02-11 23:00:00,1.3627,1.3632,1.362,1.3623,0,1.362435,1.362862,1.362101,1.362305,0,0.001099,-0.000862,-5e-06
2026-02-12 00:00:00,1.3623,1.3631,1.3615,1.3631,886,1.362342,1.363141,1.361637,1.363141,0,0.001463,-0.001641,-4.1e-05
2026-02-12 01:00:00,1.363,1.3639,1.3627,1.3639,1136,1.363104,1.36394,1.362751,1.363866,0,0.001149,-0.00124,3.4e-05
2026-02-12 02:00:00,1.364,1.3641,1.3631,1.3635,823,1.364145,1.364145,1.363122,1.363401,0,0.000978,-0.001045,9.9e-05
2026-02-12 03:00:00,1.3634,1.3637,1.3626,1.3631,1015,1.36355,1.363754,1.362843,1.363196,0,0.000857,-0.001154,-9.6e-05
2026-02-12 04:00:00,1.363,1.3635,1.362,1.3624,839,1.363234,1.36355,1.362138,1.362491,0,0.001362,-0.00155,-9.1e-05
2026-02-12 05:00:00,1.3621,1.3624,1.3617,1.3622,691,1.362602,1.362602,1.361823,1.362138,0,0.000577,-0.000902,6.2e-05
2026-02-12 06:00:00,1.3621,1.3625,1.3605,1.3616,2383,1.362231,1.362472,1.360563,1.36173,0,0.001937,-0.001972,-0.00013
2026-02-12 07:00:00,1.3615,1.3634,1.361,1.3632,2947,1.361396,1.363475,1.361396,1.363196,0,0.002004,-0.002475,3e-06
2026-02-12 08:00:00,1.3633,1.3646,1.3626,1.3636,2247,1.363494,1.364666,1.362806,1.363866,0,0.001794,-0.002066,-0.000266
2026-02-12 09:00:00,1.3637,1.3654,1.3637,1.3648,2735,1.363773,1.365393,1.363773,1.364778,0,0.001627,-0.001693,2.2e-05
2026-02-12 10:00:00,1.3649,1.3649,1.3636,1.3638,4554,1.365001,1.36502,1.363773,1.363922,0,0.001127,-0.00142,-0.000121
2026-02-12 11:00:00,1.3638,1.365,1.3634,1.3649,2722,1.363903,1.365057,1.363643,1.365057,0,0.001357,-0.001657,-0.000157
2026-02-12 12:00:00,1.3648,1.365,1.3622,1.3629,3166,1.365001,1.365001,1.362361,1.362899,0,0.002639,-0.002801,1e-06
2026-02-12 13:00:00,1.3629,1.3651,1.3628,1.3649,4407,1.363066,1.365132,1.363029,1.364871,0,0.002071,-0.002332,2.9e-05
2026-02-12 14:00:00,1.365,1.3668,1.3642,1.3665,8366,1.365057,1.366755,1.364443,1.366214,0,0.002357,-0.002555,0.000286
2026-02-12 15:00:00,1.3665,1.3672,1.3649,1.3654,4719,1.366531,1.367147,1.365076,1.365561,0,0.002124,-0.002247,-0.000161
2026-02-12 16:00:00,1.3654,1.3657,1.3616,1.3631,14052,1.36543,1.365672,1.36173,1.362881,0,0.00397,-0.004072,0.000219
2026-02-12 17:00:00,1.3631,1.3632,1.3617,1.3619,5800,1.363085,1.363085,1.361971,1.362008,0,0.001229,-0.001385,-0.000108
2026-02-12 18:00:00,1.3619,1.3624,1.3605,1.3616,4741,1.361971,1.362175,1.360618,1.361823,0,0.001782,-0.001675,-0.000223
2026-02-12 19:00:00,1.3616,1.3626,1.3615,1.3623,2677,1.361711,1.362676,1.361637,1.362435,0,0.000963,-0.001176,-0.000135
2026-02-12 20:00:00,1.3623,1.3624,1.3614,1.3621,1295,1.362454,1.362528,1.3616,1.362175,0,0.0008,-0.001128,-7.5e-05
2026-02-12 21:00:00,1.362,1.3624,1.3616,1.362,761,1.362157,1.362454,1.361823,1.362324,0,0.000577,-0.000854,-0.000324
2026-02-12 23:00:00,1.3626,1.3626,1.3616,1.3618,0,1.362249,1.362305,1.361748,1.361804,0,0.000852,-0.000705,-4e-06
2026-02-13 00:00:00,1.3619,1.3621,1.3614,1.3621,802,1.361915,1.362157,1.361563,1.362101,0,0.000537,-0.000757,-1e-06
2026-02-13 01:00:00,1.362,1.3621,1.3611,1.3616,896,1.362138,1.362231,1.361359,1.361433,0,0.000741,-0.001131,0.000167
2026-02-13 02:00:00,1.3616,1.3624,1.3613,1.3619,668,1.361748,1.362435,1.361359,1.362045,0,0.001041,-0.001135,-0.000145
2026-02-13 03:00:00,1.362,1.3622,1.3614,1.3614,488,1.362175,1.362324,1.361563,1.361563,0,0.000637,-0.000924,-0.000163
2026-02-13 04:00:00,1.3615,1.3617,1.3609,1.361,325,1.361563,1.361767,1.36097,1.361155,0,0.00073,-0.000867,-0.000155
2026-02-13 05:00:00,1.3609,1.3612,1.3598,1.3603,1271,1.36123,1.361415,1.360026,1.360378,0,0.001174,-0.001615,-7.8e-05
2026-02-13 06:00:00,1.3602,1.3607,1.3593,1.3602,2647,1.360396,1.360674,1.359601,1.360248,0,0.001099,-0.001374,-4.8e-05
2026-02-13 07:00:00,1.36,1.3616,1.359,1.3614,5779,1.3601,1.361748,1.35925,1.361433,0,0.00235,-0.002748,-3.3e-05
2026-02-13 08:00:00,1.3613,1.3629,1.3611,1.3622,2926,1.361489,1.362862,1.361266,1.362509,0,0.001634,-0.001762,-0.000309
2026-02-13 09:00:00,1.3623,1.3629,1.3621,1.3622,1773,1.362379,1.362881,1.362175,1.362361,0,0.000725,-0.000781,-0.000161
2026-02-13 10:00:00,1.3621,1.3626,1.3614,1.3617,1465,1.362305,1.362658,1.361582,1.361841,0,0.001018,-0.001258,-0.000141
2026-02-13 11:00:00,1.3618,1.3618,1.3601,1.3603,2979,1.361878,1.361971,1.360248,1.360248,0,0.001552,-0.001871,5.2e-05
2026-02-13 12:00:00,1.3603,1.3609,1.3599,1.3608,2177,1.360341,1.360952,1.360063,1.360655,0,0.000837,-0.001052,0.000145
2026-02-13 13:00:00,1.3608,1.3646,1.3604,1.3634,9994,1.360841,1.363866,1.360544,1.363531,0,0.004056,-0.003466,-0.000131
2026-02-13 14:00:00,1.3632,1.3639,1.3615,1.3625,8218,1.36355,1.363959,1.361767,1.362788,0,0.002133,-0.002459,-0.000288
2026-02-13 15:00:00,1.3626,1.3647,1.3609,1.3613,12534,1.362732,1.364703,1.36123,1.36147,0,0.00347,-0.003803,-0.00017
2026-02-13 16:00:00,1.3612,1.3644,1.3606,1.3642,8506,1.361359,1.36435,1.36097,1.36435,0,0.00343,-0.00375,-0.00015
2026-02-13 17:00:00,1.3642,1.366,1.3638,1.3648,4925,1.364331,1.365766,1.363903,1.365057,0,0.002097,-0.001966,-0.000257
2026-02-13 18:00:00,1.3649,1.3653,1.3645,1.3652,2246,1.364908,1.365449,1.364685,1.365169,0,0.000615,-0.000949,3.1e-05
2026-02-13 19:00:00,1.3652,1.3655,1.3641,1.3642,1902,1.365318,1.365505,1.36435,1.36435,0,0.00115,-0.001405,-0.00015
2026-02-13 20:00:00,1.3642,1.3656,1.3641,1.3655,3699,1.364461,1.365542,1.364275,1.365505,0,0.001325,-0.001442,-5e-06
2026-02-13 21:00:00,1.3655,1.3657,1.3648,1.3654,2432,1.365672,1.365859,1.364927,1.365542,0,0.000773,-0.001059,-0.000142
2026-02-16 00:00:00,1.3647,1.3647,1.364,1.3641,607,1.364741,1.364834,1.364126,1.364126,0,0.000574,-0.000834,-2.6e-05
2026-02-16 01:00:00,1.364,1.3644,1.3636,1.3643,968,1.364107,1.364443,1.363866,1.364443,0,0.000534,-0.000843,-0.000143
2026-02-16 02:00:00,1.3643,1.3646,1.3639,1.3643,1649,1.364461,1.364573,1.36394,1.364275,0,0.00066,-0.000673,2.5e-05
2026-02-16 03:00:00,1.3642,1.3645,1.3637,1.3641,410,1.364275,1.364536,1.363847,1.364219,0,0.000653,-0.000836,-0.000119
2026-02-16 04:00:00,1.3641,1.3643,1.3635,1.3638,328,1.364238,1.364368,1.363661,1.363977,0,0.000639,-0.000868,-0.000177
2026-02-17 05:00:00,1.3609,1.3609,1.3603,1.3606,857,1.361248,1.361248,1.360452,1.360766,0,0.000448,-0.000948,-0.000166
2026-02-17 06:00:00,1.3608,1.3614,1.3608,1.3611,1035,1.360933,1.361544,1.360933,1.361266,0,0.000467,-0.000744,-0.000167
2026-02-17 07:00:00,1.361,1.3612,1.3551,1.3562,18072,1.358973,1.358973,1.355344,1.356153,0,0.005856,-0.003873,4.7e-05
2026-02-17 08:00:00,1.3562,1.359,1.3561,1.3585,8082,1.356153,1.359065,1.356153,1.358714,0,0.002847,-0.002965,-0.000214
2026-02-17 09:00:00,1.3586,1.3597,1.3584,1.3591,4450,1.358825,1.359693,1.358585,1.359157,0,0.001115,-0.001293,-5.7e-05
2026-02-17 10:00:00,1.3591,1.3606,1.3589,1.3595,4118,1.359047,1.360507,1.359047,1.359416,0,0.001553,-0.001607,8.4e-05
2026-02-17 11:00:00,1.3595,1.3597,1.3559,1.3565,5885,1.359601,1.359878,1.356245,1.356558,0,0.003455,-0.003978,-5.8e-05
2026-02-17 12:00:00,1.3565,1.3571,1.3546,1.3548,3796,1.356447,1.357073,1.354812,1.354867,0,0.002288,-0.002473,-6.7e-05
2026-02-17 13:00:00,1.3548,1.3549,1.3524,1.3524,8367,1.354922,1.35494,1.352576,1.352576,0,0.002324,-0.00254,-0.000176
2026-02-17 14:00:00,1.3523,1.3531,1.3517,1.352,8817,1.352174,1.352979,1.351954,1.352027,0,0.001146,-0.001279,-2.7e-05
2026-02-17 15:00:00,1.352,1.3525,1.3495,1.3502,15439,1.351881,1.352375,1.349819,1.350402,0,0.002681,-0.002875,-0.000202
2026-02-17 16:00:00,1.3502,1.3541,1.3502,1.3537,8625,1.350366,1.354041,1.350366,1.35384,0,0.003734,-0.003841,-0.000139
2026-02-17 17:00:00,1.3537,1.355,1.3534,1.3547,6974,1.353565,1.354958,1.353565,1.354867,0,0.001435,-0.001558,-0.000167
2026-02-17 18:00:00,1.3547,1.3561,1.3541,1.3559,6093,1.354738,1.356153,1.354445,1.356043,0,0.001655,-0.002053,-0.000142
2026-02-17 19:00:00,1.3559,1.3563,1.3555,1.356,5003,1.356006,1.356226,1.355638,1.356153,0,0.000662,-0.000726,-0.000153
2026-02-17 20:00:00,1.3561,1.3564,1.3557,1.3562,1883,1.356135,1.356429,1.355767,1.356263,0,0.000633,-0.000729,-6.3e-05
2026-02-17 21:00:00,1.3561,1.357,1.3559,1.3569,1443,1.356337,1.356926,1.356061,1.356907,0,0.000939,-0.001026,-7e-06
2026-02-17 23:00:00,1.3568,1.3573,1.3562,1.3563,0,1.35676,1.35722,1.356318,1.356374,0,0.000982,-0.00102,-7.4e-05
2026-02-18 00:00:00,1.3562,1.3566,1.356,1.3562,880,1.356521,1.356668,1.356226,1.356355,0,0.000374,-0.000668,-0.000155
2026-02-18 01:00:00,1.3561,1.3562,1.3553,1.3558,1436,1.355987,1.356226,1.355491,1.355951,0,0.000709,-0.000926,-0.000151
2026-02-18 02:00:00,1.3558,1.3558,1.3551,1.3554,788,1.355565,1.35584,1.355326,1.355528,0,0.000474,-0.00074,-0.000128
2026-02-18 03:00:00,1.3555,1.3558,1.3553,1.3553,596,1.355528,1.355822,1.355362,1.355362,0,0.000438,-0.000522,-6.2e-05
2026-02-18 04:00:00,1.3553,1.3556,1.355,1.3553,456,1.355362,1.355601,1.355032,1.355418,0,0.000568,-0.000601,-0.000118
2026-02-18 05:00:00,1.3556,1.3559,1.3555,1.3559,212,1.355509,1.355969,1.355491,1.355969,0,0.000409,-0.000469,-6.9e-05
2026-02-18 06:00:00,1.3559,1.3567,1.3554,1.3564,885,1.356006,1.356686,1.355509,1.356686,0,0.001191,-0.001287,-0.000286
2026-02-18 07:00:00,1.3562,1.3578,1.3539,1.3561,6167,1.357478,1.357478,1.355528,1.356135,0,0.002272,-0.003578,-3.5e-05
2026-02-18 08:00:00,1.3561,1.3568,1.3556,1.3565,2829,1.356355,1.356797,1.355822,1.356686,0,0.000978,-0.001197,-0.000186
2026-02-18 09:00:00,1.3565,1.3579,1.3564,1.3574,3674,1.356815,1.357847,1.356668,1.357497,0,0.001232,-0.001447,-9.7e-05
2026-02-18 10:00:00,1.3574,1.3582,1.3565,1.3566,2488,1.357607,1.358234,1.356631,1.356742,0,0.001569,-0.001734,-0.000142
2026-02-18 11:00:00,1.3566,1.3574,1.3565,1.3573,1827,1.356686,1.35746,1.356558,1.357423,0,0.000842,-0.00096,-0.000123
2026-02-18 12:00:00,1.3574,1.358,1.357,1.3573,2564,1.357663,1.358031,1.357036,1.357478,0,0.000964,-0.001031,-0.000178
2026-02-18 13:00:00,1.3573,1.3581,1.3551,1.3551,4178,1.357442,1.358142,1.355271,1.355271,0,0.002829,-0.003042,-0.000171
2026-02-18 14:00:00,1.3551,1.3558,1.3532,1.3537,7733,1.355289,1.355859,1.353491,1.353711,0,0.002309,-0.002659,-1.1e-05
2026-02-18 15:00:00,1.3536,1.3553,1.3536,1.3545,6297,1.353693,1.355326,1.353693,1.354665,0,0.001607,-0.001726,-0.000165
2026-02-18 16:00:00,1.3545,1.3558,1.3533,1.3534,4335,1.354536,1.35573,1.353565,1.353565,0,0.002235,-0.00243,-0.000165
2026-02-18 17:00:00,1.3533,1.3536,1.3513,1.3521,6093,1.353528,1.353675,1.35137,1.352027,0,0.00223,-0.002375,7.3e-05
2026-02-18 18:00:00,1.3522,1.3525,1.3506,1.3513,4510,1.352265,1.352411,1.350713,1.351278,0,0.001787,-0.001811,2.2e-05
2026-02-18 19:00:00,1.3513,1.3515,1.3497,1.3499,7775,1.350731,1.351315,1.349801,1.350074,0,0.001699,-0.001615,-0.000174
2026-02-18 20:00:00,1.35,1.3504,1.3494,1.35,1940,1.350111,1.350439,1.349692,1.349947,0,0.000708,-0.001039,5.3e-05
2026-02-18 21:00:00,1.35,1.3502,1.3492,1.3495,1416,1.350038,1.35022,1.349309,1.349455,0,0.000891,-0.00102,4.5e-05
2026-02-18 23:00:00,1.3496,1.3498,1.3494,1.3495,0,1.349819,1.34991,1.349473,1.349582,0,0.000327,-0.00051,-8.2e-05
2026-02-19 00:00:00,1.3494,1.3497,1.3487,1.3489,2322,1.349601,1.349728,1.348945,1.348945,0,0.000755,-0.001028,-4.5e-05
2026-02-19 01:00:00,1.349,1.3498,1.349,1.3496,1122,1.349145,1.349837,1.349145,1.349728,0,0.000655,-0.000837,-0.000128
2026-02-19 02:00:00,1.3495,1.3496,1.3491,1.3494,554,1.349619,1.349783,1.349291,1.349509,0,0.000309,-0.000683,-0.000109
2026-02-19 03:00:00,1.3494,1.3498,1.3487,1.3491,771,1.349528,1.349783,1.348927,1.349127,0,0.000873,-0.001083,-2.7e-05
2026-02-19 04:00:00,1.349,1.3492,1.3481,1.3485,845,1.349309,1.349309,1.348254,1.348454,0,0.000946,-0.001209,4.6e-05
2026-02-19 05:00:00,1.3482,1.3487,1.3481,1.3487,612,1.348363,1.3488,1.348145,1.348763,0,0.000555,-0.0007,-6.3e-05
2026-02-19 06:00:00,1.3488,1.3501,1.3485,1.3499,1644,1.348763,1.350257,1.348618,1.350074,0,0.001482,-0.001757,-0.000174
2026-02-19 07:00:00,1.3498,1.3512,1.3494,1.3509,3741,1.349819,1.351224,1.349601,1.351114,0,0.001599,-0.001824,-0.000214
2026-02-19 08:00:00,1.351,1.3516,1.3501,1.3505,5644,1.351078,1.351607,1.350311,1.350567,0,0.001289,-0.001507,-6.7e-05
2026-02-19 09:00:00,1.3505,1.3516,1.3494,1.3504,4004,1.350767,1.351625,1.349637,1.350384,0,0.001963,-0.002225,1.6e-05
2026-02-19 10:00:00,1.3503,1.3507,1.3485,1.3488,4094,1.350494,1.350676,1.348581,1.348727,0,0.002119,-0.002176,7.3e-05
2026-02-19 11:00:00,1.3488,1.3492,1.3466,1.3466,5560,1.348709,1.349182,1.346656,1.346711,0,0.002544,-0.002582,-0.000111
2026-02-19 12:00:00,1.3465,1.3473,1.3456,1.3463,5291,1.346493,1.347273,1.345968,1.346366,0,0.001333,-0.001673,-6.6e-05
2026-02-19 13:00:00,1.3463,1.3469,1.3449,1.3466,16097,1.346366,1.346983,1.34508,1.346656,0,0.00182,-0.002083,-5.6e-05
2026-02-19 14:00:00,1.3467,1.3467,1.3434,1.3445,9475,1.346511,1.346511,1.343526,1.344231,0,0.003174,-0.003111,0.000269
2026-02-19 15:00:00,1.3444,1.3473,1.3441,1.3454,13614,1.344483,1.347382,1.344483,1.345497,0,0.002817,-0.003282,-9.7e-05
2026-02-19 16:00:00,1.3453,1.3458,1.3439,1.3444,7288,1.345406,1.345605,1.344014,1.344574,0,0.001786,-0.001705,-0.000174
2026-02-19 17:00:00,1.3444,1.3455,1.3438,1.3452,9781,1.344429,1.345569,1.34396,1.345316,0,0.00154,-0.001769,-0.000116
2026-02-19 18:00:00,1.3452,1.3465,1.3451,1.3459,2268,1.345352,1.346584,1.345225,1.346022,0,0.001275,-0.001484,-0.000122
2026-02-19 19:00:00,1.346,1.3465,1.3447,1.3451,3113,1.346239,1.346584,1.344936,1.345135,0,0.001564,-0.001884,-3.5e-05
2026-02-19 20:00:00,1.3451,1.346,1.3451,1.3458,1504,1.345297,1.345986,1.345297,1.345823,0,0.000703,-0.000885,-2.3e-05
2026-02-19 21:00:00,1.3458,1.3473,1.3457,1.3464,2431,1.345931,1.347346,1.345931,1.346475,0,0.001369,-0.001646,-7.5e-05
2026-02-19 23:00:00,1.3459,1.347,1.3459,1.3459,0,1.346711,1.346983,1.346058,1.346167,0,0.000942,-0.001083,-0.000267
2026-02-20 00:00:00,1.346,1.3463,1.3456,1.3461,760,1.346058,1.346457,1.345641,1.346112,0,0.000659,-0.000857,-1.3e-05
2026-02-20 01:00:00,1.3461,1.3462,1.3442,1.3447,1398,1.346076,1.34633,1.344303,1.344719,0,0.001897,-0.00213,-1.9e-05
2026-02-20 02:00:00,1.3447,1.3447,1.3435,1.344,2109,1.344737,1.344737,1.34358,1.344267,0,0.00112,-0.001237,-0.000267
2026-02-20 03:00:00,1.3441,1.3447,1.3438,1.3441,646,1.344213,1.344628,1.343941,1.344357,0,0.000759,-0.000828,-0.000257
2026-02-20 04:00:00,1.3443,1.3447,1.3439,1.344,284,1.344339,1.344773,1.343905,1.344032,0,0.000795,-0.000873,-3.2e-05
2026-02-20 05:00:00,1.3438,1.3449,1.3437,1.3445,773,1.344032,1.344737,1.343833,1.344628,0,0.001067,-0.001037,-0.000128
2026-02-20 06:00:00,1.3444,1.3449,1.3441,1.3448,1159,1.344538,1.344881,1.344213,1.344809,0,0.000687,-0.000781,-9e-06
2026-02-20 07:00:00,1.3446,1.3466,1.3445,1.3446,7235,1.345569,1.346638,1.344574,1.344719,0,0.002026,-0.002138,-0.000119
2026-02-20 08:00:00,1.3445,1.3455,1.3436,1.3452,3964,1.344791,1.345605,1.343797,1.345153,0,0.001703,-0.002005,4.7e-05
2026-02-20 09:00:00,1.3451,1.3479,1.3451,1.3467,5091,1.345334,1.347818,1.345225,1.346928,0,0.002675,-0.002718,-0.000228
2026-02-20 10:00:00,1.3467,1.3482,1.3461,1.3474,3613,1.346765,1.348236,1.346294,1.347636,0,0.001906,-0.002136,-0.000236
2026-02-20 11:00:00,1.3475,1.3477,1.3466,1.347,3330,1.347564,1.347727,1.346692,1.347164,0,0.001008,-0.001127,-0.000164
2026-02-20 12:00:00,1.347,1.3482,1.3468,1.3473,3661,1.347146,1.348145,1.346965,1.347618,0,0.001235,-0.001345,-0.000318
2026-02-20 13:00:00,1.3473,1.3498,1.3467,1.3485,8414,1.347527,1.349145,1.34691,1.348436,0,0.00289,-0.002445,6.4e-05
2026-02-20 14:00:00,1.3485,1.3488,1.3468,1.3476,6601,1.348763,1.348763,1.347019,1.347763,0,0.001781,-0.001963,-0.000163
2026-02-20 15:00:00,1.3477,1.3515,1.3459,1.35,18173,1.347909,1.351388,1.346366,1.350001,0,0.005134,-0.005488,-1e-06
2026-02-20 16:00:00,1.3501,1.3515,1.3486,1.3498,6062,1.350147,1.35137,1.348836,1.349892,0,0.002664,-0.00277,-9.2e-05
2026-02-20 17:00:00,1.3499,1.35,1.3475,1.349,5186,1.349819,1.349928,1.347727,1.349091,0,0.002273,-0.002429,-9.1e-05
2026-02-20 18:00:00,1.3489,1.3507,1.3485,1.3494,6368,1.349091,1.350585,1.348781,1.349546,0,0.001919,-0.002085,-0.000146
2026-02-20 19:00:00,1.3494,1.3499,1.3484,1.3485,2528,1.349528,1.349783,1.348509,1.348563,0,0.001391,-0.001383,-6.3e-05
2026-02-20 20:00:00,1.3485,1.3492,1.3482,1.3489,2228,1.348436,1.349018,1.348254,1.348891,0,0.000946,-0.000818,9e-06
2026-02-20 21:00:00,1.3489,1.3497,1.3477,1.3485,1558,1.348927,1.349764,1.347618,1.34809,0,0.002082,-0.002064,0.00041
2026-02-23 00:00:00,1.3533,1.3533,1.3519,1.3526,2055,1.35318,1.35318,1.352155,1.352631,0,0.001145,-0.00128,-3.1e-05
2026-02-23 01:00:00,1.3527,1.3527,1.3516,1.352,2346,1.352795,1.352795,1.35168,1.351899,0,0.00102,-0.001195,0.000101
2026-02-23 02:00:00,1.3519,1.3528,1.3517,1.3523,1943,1.351972,1.352869,1.351753,1.352247,0,0.001047,-0.001169,5.3e-05
2026-02-23 03:00:00,1.3523,1.3523,1.351,1.3517,860,1.352357,1.352357,1.351114,1.351808,0,0.001186,-0.001357,-0.000108
2026-02-23 04:00:00,1.3518,1.3521,1.3512,1.352,1027,1.351826,1.3521,1.351333,1.352064,0,0.000767,-0.000901,-6.4e-05
2026-02-23 05:00:00,1.3519,1.3521,1.3512,1.352,638,1.352027,1.352119,1.351297,1.352119,0,0.000803,-0.000919,-0.000119
2026-02-23 06:00:00,1.3519,1.3535,1.3517,1.353,1346,1.352009,1.353528,1.351899,1.353015,0,0.001601,-0.001828,-1.5e-05
2026-02-23 07:00:00,1.3529,1.3532,1.3522,1.3526,2744,1.352942,1.353308,1.352228,1.352649,0,0.000972,-0.001108,-4.9e-05
2026-02-23 08:00:00,1.3525,1.3528,1.351,1.3516,3887,1.352649,1.35285,1.351114,1.351826,0,0.001686,-0.00185,-0.000226
2026-02-23 09:00:00,1.3515,1.3519,1.3506,1.3508,2409,1.35157,1.351808,1.350658,1.350931,0,0.001242,-0.001208,-0.000131
2026-02-23 10:00:00,1.3508,1.3512,1.3502,1.3508,3117,1.350822,1.351315,1.350257,1.351023,0,0.000943,-0.001115,-0.000223
2026-02-23 11:00:00,1.3507,1.3509,1.3486,1.3491,3468,1.350713,1.351041,1.348709,1.349127,0,0.002191,-0.002441,-2.7e-05
2026-02-23 12:00:00,1.349,1.349,1.3476,1.3486,3828,1.349073,1.349073,1.347727,1.34869,0,0.001273,-0.001473,-9e-05
2026-02-23 13:00:00,1.3486,1.3508,1.3482,1.3506,3330,1.348709,1.350749,1.3486,1.350548,0,0.0022,-0.002549,5.2e-05
2026-02-23 14:00:00,1.3507,1.3524,1.3502,1.352,4633,1.350749,1.35232,1.350311,1.352064,0,0.002089,-0.00212,-6.4e-05
2026-02-23 15:00:00,1.352,1.3525,1.3492,1.3495,7188,1.35221,1.35243,1.349582,1.349655,0,0.002918,-0.00323,-0.000155
2026-02-23 16:00:00,1.3494,1.3515,1.3487,1.3507,5536,1.349528,1.351406,1.348945,1.350621,0,0.002555,-0.002706,7.9e-05
2026-02-23 17:00:00,1.3507,1.3508,1.3484,1.3495,4096,1.350713,1.350749,1.348636,1.349564,0,0.002164,-0.002349,-6.4e-05
2026-02-23 18:00:00,1.3495,1.3501,1.3494,1.3498,2106,1.349582,1.350111,1.349582,1.349746,0,0.000518,-0.000711,5.4e-05
2026-02-23 19:00:00,1.3497,1.3498,1.3485,1.3489,3261,1.349801,1.34991,1.348618,1.348909,0,0.001182,-0.00141,-9e-06
2026-02-23 20:00:00,1.3489,1.3494,1.3488,1.3491,1459,1.349036,1.349437,1.348891,1.3492,0,0.00051,-0.000637,-0.0001
2026-02-23 21:00:00,1.3491,1.35,1.3489,1.3493,2614,1.349218,1.350038,1.348981,1.3492,0,0.001019,-0.001138,0.0001
2026-02-23 23:00:00,1.3491,1.3499,1.3491,1.3495,0,1.349327,1.349947,1.349291,1.349655,0,0.000609,-0.000847,-0.000155
2026-02-24 00:00:00,1.3495,1.3498,1.3493,1.3494,598,1.349601,1.349928,1.349364,1.349528,0,0.000436,-0.000628,-0.000128
2026-02-24 01:00:00,1.3494,1.3494,1.3477,1.349,2348,1.349364,1.349364,1.34789,1.348836,0,0.00151,-0.001664,0.000164
2026-02-24 02:00:00,1.3491,1.3498,1.3487,1.3498,962,1.349291,1.349856,1.348818,1.349856,0,0.000982,-0.001155,-5.6e-05
2026-02-24 03:00:00,1.3498,1.3501,1.3487,1.3488,446,1.34991,1.350111,1.348836,1.348836,0,0.001264,-0.001411,-3.6e-05
2026-02-24 04:00:00,1.3487,1.3489,1.3479,1.3482,0,1.348854,1.349018,1.347981,1.348381,0,0.000919,-0.001118,-0.000181
2026-02-24 05:00:00,1.3483,1.3488,1.348,1.3488,533,1.348309,1.348872,1.348072,1.348872,0,0.000728,-0.000872,-7.2e-05
2026-02-24 06:00:00,1.3488,1.3492,1.3485,1.3487,972,1.348945,1.3492,1.348545,1.348891,0,0.000655,-0.0007,-0.00019
2026-02-24 07:00:00,1.3487,1.3487,1.3473,1.3478,3012,1.348781,1.348781,1.347436,1.347836,0,0.001264,-0.001481,-3.6e-05
2026-02-24 08:00:00,1.3477,1.349,1.347,1.3486,3111,1.347909,1.349036,1.347128,1.3488,0,0.001872,-0.002036,-0.0002
2026-02-24 09:00:00,1.3485,1.3502,1.3485,1.35,2623,1.3486,1.350257,1.348563,1.350202,0,0.001637,-0.001757,-0.000202
2026-02-24 10:00:00,1.35,1.3506,1.3492,1.3493,1790,1.350038,1.35053,1.349254,1.349491,0,0.001346,-0.00133,-0.000191
2026-02-24 11:00:00,1.3494,1.3494,1.3484,1.3487,2191,1.3494,1.3494,1.348527,1.348709,0,0.000873,-0.001,-9e-06
2026-02-24 12:00:00,1.3486,1.349,1.3478,1.3488,2051,1.348654,1.348963,1.347981,1.348909,0,0.001019,-0.001163,-0.000109
2026-02-24 13:00:00,1.3489,1.3492,1.3476,1.3485,3123,1.348745,1.3492,1.347872,1.348727,0,0.001328,-0.0016,-0.000227
2026-02-24 14:00:00,1.3485,1.3499,1.348,1.3498,11175,1.348581,1.349346,1.348054,1.349291,0,0.001846,-0.001346,0.000509
2026-02-24 15:00:00,1.3497,1.3525,1.3491,1.3515,9425,1.349837,1.352393,1.349309,1.351479,0,0.003191,-0.003293,2.1e-05
2026-02-24 16:00:00,1.3515,1.3537,1.3513,1.353,8907,1.351424,1.353656,1.351424,1.352997,0,0.002276,-0.002356,3e-06
2026-02-24 17:00:00,1.353,1.3531,1.3514,1.3518,3688,1.353052,1.353052,1.351552,1.351826,0,0.001548,-0.001652,-2.6e-05
2026-02-24 18:00:00,1.3519,1.352,1.3507,1.3507,2133,1.351845,1.351936,1.350731,1.350785,0,0.001269,-0.001236,-8.5e-05
2026-02-24 19:00:00,1.3508,1.3512,1.35,1.3502,2602,1.350785,1.351242,1.350184,1.350238,0,0.001016,-0.001242,-3.8e-05
2026-02-24 20:00:00,1.3501,1.3509,1.3496,1.3497,3143,1.35022,1.350931,1.349801,1.349892,0,0.001099,-0.001331,-0.000192
2026-02-24 21:00:00,1.3497,1.3499,1.3488,1.3491,2772,1.349801,1.349928,1.348945,1.348945,0,0.000955,-0.001129,0.000155
2026-02-24 23:00:00,1.3496,1.3498,1.3492,1.3496,0,1.349364,1.349874,1.349309,1.34971,0,0.000491,-0.000674,-0.00011
2026-02-25 00:00:00,1.3496,1.3504,1.3491,1.3503,1446,1.349637,1.350475,1.3492,1.350475,0,0.0012,-0.001375,-0.000175
2026-02-25 01:00:00,1.3504,1.3507,1.3501,1.3502,704,1.350457,1.35064,1.350147,1.35033,0,0.000553,-0.00054,-0.000129
2026-02-25 02:00:00,1.3502,1.3522,1.3502,1.3519,1567,1.350311,1.352155,1.350311,1.351845,0,0.001889,-0.001955,5.5e-05
2026-02-25 03:00:00,1.3519,1.3521,1.3509,1.3512,920,1.351991,1.352137,1.350931,1.351406,0,0.001169,-0.001237,-0.000206
2026-02-25 04:00:00,1.3512,1.3519,1.3511,1.3517,766,1.351297,1.351899,1.351023,1.351771,0,0.000877,-0.000799,-7.2e-05
2026-02-25 05:00:00,1.3519,1.3525,1.3516,1.3522,1077,1.351662,1.352521,1.351662,1.352228,0,0.000838,-0.000921,-2.8e-05
2026-02-25 06:00:00,1.3522,1.3527,1.3518,1.3525,1346,1.352228,1.352722,1.351954,1.352594,0,0.000746,-0.000922,-9.4e-05
2026-02-25 07:00:00,1.3525,1.353,1.3515,1.3526,2856,1.352722,1.352924,1.351607,1.352924,0,0.001393,-0.001424,-0.000324
2026-02-25 08:00:00,1.3527,1.3533,1.351,1.3517,5967,1.352777,1.353308,1.351096,1.351753,0,0.002204,-0.002308,-5.3e-05
2026-02-25 09:00:00,1.3516,1.3521,1.3511,1.3518,2739,1.351552,1.352192,1.351187,1.352046,0,0.000913,-0.001092,-0.000246
2026-02-25 10:00:00,1.3518,1.3521,1.3506,1.3511,2462,1.351808,1.352137,1.350731,1.35137,0,0.001369,-0.001537,-0.00027
2026-02-25 11:00:00,1.351,1.3512,1.3491,1.3505,3266,1.351041,1.351224,1.349182,1.350384,0,0.002018,-0.002124,0.000116
2026-02-25 12:00:00,1.3504,1.3524,1.3504,1.3523,3043,1.35053,1.352338,1.350457,1.35232,0,0.001943,-0.001938,-2e-05
2026-02-25 13:00:00,1.3523,1.3536,1.3507,1.3508,5492,1.352357,1.35351,1.350877,1.350877,0,0.002723,-0.00281,-7.7e-05
2026-02-25 14:00:00,1.3507,1.3523,1.3507,1.3521,4244,1.35084,1.352466,1.350731,1.35243,0,0.001569,-0.001766,-0.00033
2026-02-25 15:00:00,1.3521,1.3537,1.3518,1.3534,7358,1.352174,1.353436,1.351881,1.353327,0,0.001819,-0.001636,7.3e-05
2026-02-25 16:00:00,1.3533,1.3552,1.3532,1.3551,10259,1.353528,1.355179,1.35329,1.354995,0,0.00191,-0.001979,0.000105
2026-02-25 17:00:00,1.355,1.3566,1.3549,1.3556,4201,1.355032,1.356502,1.354958,1.35562,0,0.001642,-0.001602,-2e-05
2026-02-25 18:00:00,1.3556,1.356,1.3551,1.3552,2458,1.355583,1.356098,1.355124,1.355234,0,0.000876,-0.000998,-3.4e-05
2026-02-25 19:00:00,1.3552,1.3556,1.3548,1.355,2275,1.355289,1.355546,1.354885,1.355289,0,0.000715,-0.000746,-0.000289
2026-02-25 20:00:00,1.3551,1.3556,1.355,1.3554,2130,1.355105,1.355675,1.355032,1.355326,0,0.000568,-0.000675,7.4e-05
2026-02-25 21:00:00,1.3553,1.3561,1.3552,1.3558,1005,1.355418,1.356079,1.355216,1.356024,0,0.000884,-0.000879,-0.000224
2026-02-25 23:00:00,1.3555,1.356,1.3555,1.3558,0,1.355675,1.356024,1.355601,1.355803,0,0.000399,-0.000524,-3e-06
2026-02-26 00:00:00,1.3558,1.3563,1.3554,1.3563,1061,1.355877,1.356337,1.355399,1.356337,0,0.000901,-0.000937,-3.7e-05
2026-02-26 01:00:00,1.3563,1.3573,1.3563,1.3573,1579,1.3563,1.357349,1.356282,1.357294,0,0.001018,-0.001049,6e-06
2026-02-26 02:00:00,1.3573,1.3575,1.3556,1.3564,828,1.357386,1.357442,1.355712,1.356502,0,0.001788,-0.001842,-0.000102
2026-02-26 03:00:00,1.3564,1.3565,1.3556,1.3556,733,1.356429,1.356594,1.355657,1.355712,0,0.000844,-0.000994,-0.000112
2026-02-26 04:00:00,1.3555,1.3558,1.355,1.3558,1107,1.35562,1.355896,1.355105,1.355896,0,0.000695,-0.000896,-9.5e-05
2026-02-26 05:00:00,1.3557,1.3562,1.3554,1.356,962,1.35584,1.3563,1.355454,1.355896,0,0.000746,-0.0009,0.000104
2026-02-26 06:00:00,1.356,1.3562,1.3552,1.3555,827,1.356079,1.356226,1.355326,1.355601,0,0.000874,-0.001026,-0.000101
2026-02-26 07:00:00,1.3555,1.3557,1.3545,1.3547,3057,1.35562,1.35562,1.354665,1.354903,0,0.001035,-0.00112,-0.000203
2026-02-26 08:00:00,1.3547,1.3547,1.3521,1.3524,7125,1.354757,1.354757,1.3521,1.352649,0,0.002599,-0.002657,-0.000249
2026-02-26 09:00:00,1.3524,1.3534,1.3518,1.3528,2755,1.352393,1.353381,1.351991,1.352869,0,0.001409,-0.001581,-6.9e-05
2026-02-26 10:00:00,1.3527,1.3536,1.3524,1.3535,2056,1.352832,1.353601,1.352484,1.353583,0,0.001116,-0.001201,-8.3e-05
2026-02-26 11:00:00,1.3535,1.3545,1.3528,1.3529,2227,1.353601,1.354445,1.353033,1.353088,0,0.001467,-0.001645,-0.000188
2026-02-26 12:00:00,1.3529,1.355,1.3527,1.3549,3168,1.352997,1.355069,1.352869,1.354885,0,0.002131,-0.002369,1.5e-05
2026-02-26 13:00:00,1.3549,1.3557,1.3536,1.3536,4652,1.354885,1.355638,1.353638,1.353638,0,0.002062,-0.002038,-3.8e-05
2026-02-26 14:00:00,1.3537,1.3553,1.3533,1.3546,4795,1.35362,1.355234,1.353455,1.354591,0,0.001845,-0.001934,9e-06
2026-02-26 15:00:00,1.3546,1.3547,1.3497,1.3515,20511,1.354646,1.35472,1.349856,1.351224,0,0.004844,-0.00502,0.000276
2026-02-26 16:00:00,1.3515,1.3515,1.3497,1.3502,5457,1.351479,1.351552,1.349783,1.350038,0,0.001717,-0.001852,0.000162
2026-02-26 17:00:00,1.3503,1.3503,1.3449,1.3451,18387,1.350311,1.350384,1.345044,1.345044,0,0.005256,-0.005484,5.6e-05
2026-02-26 18:00:00,1.3452,1.3469,1.3445,1.3465,10670,1.345153,1.34682,1.344701,1.346475,0,0.002199,-0.00232,2.5e-05
2026-02-26 19:00:00,1.3466,1.3491,1.3462,1.3487,6593,1.346602,1.348872,1.346602,1.348872,0,0.002498,-0.002672,-0.000172
2026-02-26 20:00:00,1.3487,1.3494,1.3486,1.3491,3045,1.348781,1.349346,1.34869,1.3492,0,0.00071,-0.000746,-0.0001
2026-02-26 21:00:00,1.3492,1.3493,1.348,1.3482,1223,1.349182,1.349327,1.348127,1.348399,0,0.001173,-0.001327,-0.000199
2026-02-26 23:00:00,1.3483,1.3492,1.3479,1.349,0,1.348218,1.349127,1.348072,1.349109,0,0.001128,-0.001227,-0.000109
2026-02-27 00:00:00,1.3492,1.3494,1.3482,1.3486,1637,1.349182,1.349382,1.348399,1.348781,0,0.001001,-0.001182,-0.000181
2026-02-27 01:00:00,1.3486,1.3493,1.3477,1.3477,2352,1.348672,1.349273,1.347854,1.347854,0,0.001446,-0.001573,-0.000154
2026-02-27 02:00:00,1.3478,1.3488,1.3478,1.3488,1371,1.3478,1.3488,1.3478,1.348763,0,0.001,-0.001,3.7e-05
2026-02-27 03:00:00,1.3488,1.3496,1.3488,1.3492,1299,1.348818,1.349582,1.348818,1.349254,0,0.000782,-0.000782,-5.4e-05
2026-02-27 04:00:00,1.3492,1.3501,1.3491,1.3495,825,1.349182,1.350093,1.349182,1.349582,0,0.000918,-0.000993,-8.2e-05
2026-02-27 05:00:00,1.3489,1.3495,1.3488,1.349,1518,1.349619,1.349619,1.348872,1.349109,0,0.000628,-0.000819,-0.000109
2026-02-27 06:00:00,1.3489,1.3492,1.3467,1.347,2463,1.348927,1.349182,1.346801,1.347055,0,0.002399,-0.002482,-5.5e-05
2026-02-27 07:00:00,1.3469,1.3496,1.3461,1.3488,4530,1.346856,1.349509,1.346312,1.348891,0,0.003288,-0.00341,-9.1e-05
2026-02-27 08:00:00,1.3489,1.351,1.3488,1.3496,5597,1.348818,1.350731,1.348818,1.349564,0,0.002182,-0.001931,3.6e-05
2026-02-27 09:00:00,1.3495,1.3499,1.3482,1.3485,3051,1.349473,1.349728,1.348327,1.348327,0,0.001573,-0.001528,0.000173
2026-02-27 10:00:00,1.3484,1.3486,1.3473,1.3475,7088,1.348472,1.348563,1.347346,1.347491,0,0.001254,-0.001263,9e-06
2026-02-27 11:00:00,1.3475,1.3482,1.3465,1.3467,3440,1.347636,1.348145,1.34662,1.34662,0,0.00158,-0.001645,8e-05
2026-02-27 12:00:00,1.3467,1.348,1.3465,1.347,3817,1.346692,1.347836,1.346692,1.347092,0,0.001308,-0.001336,-9.2e-05
2026-02-27 13:00:00,1.347,1.3473,1.3439,1.3444,14889,1.34711,1.347309,1.344213,1.34461,0,0.003088,-0.00341,-0.00021
2026-02-27 14:00:00,1.3445,1.3476,1.3442,1.345,8055,1.344556,1.347491,1.344303,1.345008,0,0.003297,-0.003291,-8e-06
2026-02-27 15:00:00,1.3451,1.3473,1.3443,1.3444,12490,1.34508,1.347219,1.344556,1.344556,0,0.002744,-0.002919,-0.000156
2026-02-27 16:00:00,1.3444,1.3469,1.344,1.3455,10584,1.344429,1.346747,1.344411,1.345605,0,0.002489,-0.002747,-0.000105
2026-02-27 17:00:00,1.3455,1.3469,1.3449,1.346,5923,1.345569,1.34682,1.344809,1.346203,0,0.002091,-0.00192,-0.000203
2026-02-27 18:00:00,1.346,1.3473,1.346,1.3472,3786,1.346094,1.347273,1.346094,1.347255,0,0.001206,-0.001273,-5.5e-05
2026-02-27 19:00:00,1.3473,1.3483,1.347,1.3481,6316,1.347328,1.348345,1.347201,1.348054,0,0.001099,-0.001345,4.6e-05
2026-02-27 20:00:00,1.3481,1.349,1.3476,1.3478,4012,1.348145,1.349091,1.347854,1.347854,0,0.001146,-0.001491,-5.4e-05
2026-02-27 21:00:00,1.3477,1.3488,1.3471,1.3486,2281,1.347782,1.348381,1.347164,1.348381,0,0.001636,-0.001281,0.000219
2026-03-02 00:00:00,1.3404,1.3434,1.34,1.3432,2445,1.340572,1.343057,1.340321,1.343057,0,0.003079,-0.003057,0.000143
2026-03-02 01:00:00,1.3431,1.3454,1.3429,1.345,3753,1.343256,1.345279,1.343003,1.345026,0,0.002397,-0.002379,-2.6e-05
2026-03-02 02:00:00,1.345,1.3451,1.3438,1.3445,1312,1.345026,1.345026,1.343941,1.344592,0,0.001159,-0.001226,-9.2e-05
2026-03-02 03:00:00,1.3446,1.3456,1.3445,1.3447,837,1.344538,1.345587,1.34452,1.344809,0,0.00108,-0.001087,-0.000109
2026-03-02 04:00:00,1.3448,1.345,1.3436,1.3437,971,1.344918,1.345135,1.343634,1.343833,0,0.001366,-0.001535,-0.000133
2026-03-02 05:00:00,1.3438,1.3438,1.3415,1.3415,1280,1.343779,1.343779,1.341598,1.341598,0,0.002202,-0.002279,-9.8e-05
2026-03-02 06:00:00,1.3415,1.3415,1.3376,1.3381,6134,1.341526,1.341526,1.337721,1.338187,0,0.003779,-0.003926,-8.7e-05
2026-03-02 07:00:00,1.3381,1.3385,1.3343,1.3362,25322,1.338007,1.338419,1.334793,1.336095,0,0.003707,-0.004119,0.000105
2026-03-02 08:00:00,1.3361,1.3371,1.3314,1.335,9670,1.336362,1.336916,1.331788,1.335078,0,0.005312,-0.005516,-7.8e-05
2026-03-02 09:00:00,1.335,1.3379,1.3346,1.3373,9068,1.334935,1.337918,1.334793,1.337184,0,0.003107,-0.003318,0.000116
2026-03-02 10:00:00,1.3373,1.3409,1.3373,1.3406,8555,1.337524,1.340806,1.337524,1.340465,0,0.003376,-0.003506,0.000135
2026-03-02 11:00:00,1.3406,1.3426,1.3397,1.3412,6407,1.340411,1.34248,1.339926,1.34122,0,0.002674,-0.00278,-2e-05
2026-03-02 12:00:00,1.3412,1.3419,1.3391,1.3395,15960,1.341022,1.341796,1.33928,1.339782,0,0.00262,-0.002696,-0.000282
2026-03-02 13:00:00,1.3396,1.3405,1.3378,1.3383,9652,1.339674,1.340393,1.33799,1.338222,0,0.00251,-0.002593,7.8e-05
2026-03-02 14:00:00,1.3382,1.3426,1.3374,1.3413,11314,1.338079,1.342264,1.337614,1.341382,0,0.004986,-0.004864,-8.2e-05
2026-03-02 15:00:00,1.3412,1.3415,1.3366,1.3372,14363,1.34068,1.34104,1.33672,1.33722,0,0.00478,-0.00444,-2e-05
2026-03-02 16:00:00,1.3372,1.3394,1.336,1.339,10483,1.337149,1.339298,1.336023,1.339298,0,0.003377,-0.003298,-0.000298
2026-03-02 17:00:00,1.339,1.3418,1.3388,1.3415,6080,1.339047,1.341832,1.338957,1.341832,0,0.002843,-0.003032,-0.000332
2026-03-02 18:00:00,1.3415,1.3416,1.3395,1.3406,3689,1.341508,1.341508,1.339549,1.340626,0,0.002051,-0.002008,-2.6e-05
2026-03-02 19:00:00,1.3405,1.3432,1.3405,1.3428,5575,1.34059,1.343147,1.34059,1.342895,0,0.00261,-0.002647,-9.5e-05
2026-03-02 20:00:00,1.3429,1.343,1.3386,1.3401,10532,1.342931,1.343003,1.338796,1.340321,0,0.004205,-0.004403,-0.000221
2026-03-02 21:00:00,1.3402,1.341,1.3401,1.3406,2122,1.340231,1.34104,1.340231,1.340572,0,0.000769,-0.00094,2.8e-05
2026-03-02 23:00:00,1.34,1.3412,1.34,1.3409,0,1.340393,1.341202,1.340393,1.341004,0,0.000807,-0.001202,-0.000104
2026-03-03 00:00:00,1.3408,1.3412,1.3398,1.3412,1290,1.340806,1.341166,1.33989,1.341166,0,0.00131,-0.001366,3.4e-05
2026-03-03 01:00:00,1.3412,1.3425,1.3406,1.341,1811,1.34122,1.342516,1.340734,1.341004,0,0.001766,-0.001916,-4e-06
2026-03-03 02:00:00,1.3409,1.3413,1.3392,1.3405,1375,1.340824,1.341202,1.339441,1.340518,0,0.001859,-0.002002,-1.8e-05
2026-03-03 03:00:00,1.3406,1.3409,1.3396,1.3399,585,1.34068,1.34104,1.339621,1.340034,0,0.001279,-0.00144,-0.000134
2026-03-03 04:00:00,1.3399,1.3403,1.3383,1.3383,0,1.339998,1.340285,1.338312,1.338312,0,0.001988,-0.001985,-1.2e-05
2026-03-03 05:00:00,1.3388,1.3389,1.336,1.3363,2063,1.338401,1.338867,1.336202,1.336452,0,0.002698,-0.002867,-0.000152
2026-03-03 06:00:00,1.3364,1.3366,1.3354,1.3361,3135,1.336434,1.336559,1.335434,1.336344,0,0.001166,-0.001159,-0.000244
2026-03-03 07:00:00,1.3362,1.3363,1.3333,1.3336,20492,1.336112,1.336112,1.333618,1.333636,0,0.002682,-0.002812,-3.6e-05
2026-03-03 08:00:00,1.3335,1.3337,1.33,1.3304,12763,1.333458,1.333458,1.330088,1.330159,0,0.003612,-0.003458,0.000241
2026-03-03 09:00:00,1.3305,1.3316,1.3282,1.3298,12344,1.330477,1.33154,1.328321,1.329964,0,0.003279,-0.00334,-0.000164
2026-03-03 10:00:00,1.3297,1.3309,1.3283,1.3285,10220,1.329911,1.330973,1.328551,1.328586,0,0.002349,-0.002673,-8.6e-05
2026-03-03 11:00:00,1.3285,1.33,1.3262,1.3293,9246,1.328586,1.329893,1.326453,1.329381,0,0.003547,-0.003693,-8.1e-05
2026-03-03 12:00:00,1.3293,1.3327,1.3287,1.3322,10463,1.329204,1.332747,1.328904,1.332569,0,0.003796,-0.004047,-0.000369
2026-03-03 13:00:00,1.3322,1.3325,1.3297,1.33,7760,1.33225,1.332516,1.329858,1.330159,0,0.002642,-0.002816,-0.000159
2026-03-03 14:00:00,1.3302,1.3315,1.3283,1.3284,11606,1.3303,1.331133,1.328586,1.328674,0,0.002914,-0.002833,-0.000274
2026-03-03 15:00:00,1.3284,1.3306,1.3253,1.3301,23045,1.328815,1.33046,1.325399,1.330088,0,0.005201,-0.00516,1.2e-05
2026-03-03 16:00:00,1.3302,1.3331,1.3297,1.3327,17312,1.330265,1.333102,1.329946,1.333102,0,0.003154,-0.003402,-0.000402
2026-03-03 17:00:00,1.3328,1.3337,1.3308,1.3323,10155,1.332498,1.333653,1.331044,1.332569,0,0.002656,-0.002853,-0.000269
2026-03-03 18:00:00,1.3323,1.3364,1.3323,1.3353,8212,1.332427,1.33613,1.332427,1.335327,0,0.003973,-0.00383,-2.7e-05
2026-03-03 19:00:00,1.3353,1.3368,1.3334,1.3355,9196,1.335417,1.336666,1.333582,1.335845,0,0.003218,-0.003266,-0.000345
2026-03-03 20:00:00,1.3356,1.337,1.3355,1.3361,3927,1.335702,1.336988,1.335702,1.33622,0,0.001298,-0.001488,-0.00012
2026-03-03 21:00:00,1.3362,1.3363,1.3356,1.3361,6462,1.33622,1.336612,1.335684,1.335738,0,0.000616,-0.001012,0.000362
2026-03-03 23:00:00,1.3355,1.3364,1.3346,1.335,0,1.335167,1.33638,1.3349,1.335292,0,0.0015,-0.00178,-0.000292
2026-03-04 00:00:00,1.3351,1.3352,1.3327,1.333,3174,1.335149,1.335149,1.332853,1.333049,0,0.002347,-0.002449,-4.9e-05
2026-03-04 01:00:00,1.3331,1.3335,1.3304,1.3325,2543,1.333013,1.333547,1.330406,1.332605,0,0.003094,-0.003147,-0.000105
2026-03-04 02:00:00,1.3326,1.334,1.3323,1.333,4390,1.332623,1.334009,1.332392,1.333138,0,0.001608,-0.001709,-0.000138
2026-03-04 03:00:00,1.333,1.3339,1.3323,1.3339,940,1.332996,1.333974,1.332427,1.33392,0,0.001473,-0.001674,-2e-05
2026-03-04 04:00:00,1.3341,1.3342,1.3312,1.3314,1659,1.334027,1.334152,1.331452,1.331522,0,0.002748,-0.002952,-0.000122
2026-03-04 05:00:00,1.3319,1.3324,1.3311,1.3318,1166,1.331221,1.332427,1.331203,1.331824,0,0.001197,-0.001327,-2.4e-05
2026-03-04 06:00:00,1.3316,1.334,1.3306,1.3333,2348,1.331664,1.334116,1.330707,1.333387,0,0.003293,-0.003516,-8.7e-05
2026-03-04 07:00:00,1.3334,1.3376,1.3333,1.336,9610,1.333529,1.337327,1.333458,1.336166,0,0.004142,-0.004027,-0.000166
2026-03-04 08:00:00,1.336,1.3362,1.3334,1.3339,6662,1.33622,1.33622,1.333565,1.333974,0,0.002635,-0.00282,-7.4e-05
2026-03-04 09:00:00,1.3339,1.3372,1.3332,1.3361,5480,1.333974,1.336988,1.333671,1.336005,0,0.003529,-0.003788,9.5e-05
2026-03-04 10:00:00,1.3362,1.34,1.3361,1.338,16319,1.336237,1.339782,1.336237,1.337829,0,0.003763,-0.003682,0.000172
2026-03-04 11:00:00,1.3378,1.3403,1.3372,1.3378,3575,1.337811,1.340285,1.337453,1.337757,0,0.002847,-0.003085,4.3e-05
2026-03-04 12:00:00,1.3378,1.3389,1.3349,1.3352,4808,1.337829,1.338832,1.335149,1.335167,0,0.003751,-0.003932,3.3e-05
2026-03-04 13:00:00,1.3352,1.3386,1.3352,1.3362,7798,1.33547,1.33833,1.33547,1.336488,0,0.00313,-0.00313,-0.000288
2026-03-04 14:00:00,1.3362,1.3385,1.3358,1.3362,8571,1.336184,1.338401,1.336005,1.336273,0,0.002495,-0.002601,-7.3e-05
2026-03-04 15:00:00,1.3361,1.3381,1.3354,1.3365,12005,1.336184,1.338133,1.335559,1.336541,0,0.002541,-0.002733,-4.1e-05
2026-03-04 16:00:00,1.3365,1.3377,1.3355,1.3367,6283,1.336773,1.337596,1.335648,1.336791,0,0.002052,-0.002096,-9.1e-05
2026-03-04 17:00:00,1.3367,1.3372,1.3346,1.3361,4264,1.336755,1.337077,1.334882,1.335987,0,0.002318,-0.002477,0.000113
2026-03-04 18:00:00,1.3361,1.3362,1.3347,1.335,2718,1.336095,1.336095,1.334739,1.33481,0,0.001461,-0.001395,0.00019
2026-03-04 19:00:00,1.3351,1.3377,1.3351,1.3375,5600,1.33522,1.337649,1.33522,1.337649,0,0.00248,-0.002549,-0.000149
2026-03-04 20:00:00,1.3375,1.338,1.3371,1.3375,3287,1.337578,1.338079,1.337238,1.337936,0,0.000762,-0.000979,-0.000436
2026-03-04 21:00:00,1.3377,1.3379,1.3371,1.3372,965,1.337506,1.337936,1.337113,1.337113,0,0.000787,-0.000836,8.7e-05
2026-03-04 23:00:00,1.3374,1.3374,1.3366,1.3369,0,1.337363,1.337453,1.336684,1.336988,0,0.000716,-0.000853,-8.8e-05
2026-03-05 00:00:00,1.3368,1.3385,1.3365,1.3384,655,1.336934,1.338491,1.336595,1.338437,0,0.001905,-0.001991,-3.7e-05
2026-03-05 01:00:00,1.3384,1.3387,1.3365,1.3367,1277,1.338366,1.338616,1.33663,1.336863,0,0.00207,-0.002116,-0.000163
2026-03-05 02:00:00,1.3366,1.3372,1.3359,1.3364,776,1.336612,1.337149,1.336005,1.336416,0,0.001195,-0.001249,-1.6e-05
2026-03-05 03:00:00,1.3364,1.3365,1.3338,1.3341,1501,1.33638,1.336612,1.333902,1.334009,0,0.002598,-0.002813,9.1e-05
2026-03-05 04:00:00,1.334,1.3344,1.3328,1.3334,2660,1.334134,1.334365,1.33296,1.333529,0,0.00144,-0.001565,-0.000129
2026-03-05 05:00:00,1.3335,1.3339,1.3314,1.3314,2884,1.333529,1.333902,1.331611,1.331611,0,0.002289,-0.002502,-0.000211
2026-03-05 06:00:00,1.3315,1.3333,1.3305,1.3332,6060,1.331593,1.333138,1.330654,1.333102,0,0.002646,-0.002638,9.8e-05
2026-03-05 07:00:00,1.3333,1.3358,1.3331,1.3342,18739,1.333565,1.335684,1.333262,1.334134,0,0.002538,-0.002584,6.6e-05
2026-03-05 08:00:00,1.3342,1.3343,1.3316,1.3326,10649,1.334009,1.334009,1.331664,1.332782,0,0.002636,-0.002409,-0.000182
2026-03-05 09:00:00,1.3326,1.3376,1.3322,1.3355,12589,1.332605,1.337238,1.332427,1.335417,0,0.005173,-0.005038,8.3e-05
2026-03-05 10:00:00,1.3354,1.336,1.3332,1.335,5066,1.335488,1.33597,1.333387,1.3349,0,0.002613,-0.00277,0.0001
2026-03-05 11:00:00,1.3351,1.3365,1.3345,1.3359,6342,1.335167,1.336505,1.334632,1.336005,0,0.001868,-0.002005,-0.000105
2026-03-05 12:00:00,1.336,1.3374,1.3353,1.3367,5316,1.335809,1.337292,1.335238,1.336863,0,0.002162,-0.001992,-0.000163
2026-03-05 13:00:00,1.3366,1.337,1.3338,1.3345,43373,1.336809,1.337006,1.334116,1.334597,0,0.002884,-0.003206,-9.7e-05
2026-03-05 14:00:00,1.3345,1.336,1.3332,1.3344,13755,1.334739,1.336005,1.333529,1.334543,0,0.002471,-0.002805,-0.000143
2026-03-05 15:00:00,1.3345,1.3353,1.3309,1.3323,12719,1.334757,1.335238,1.331168,1.332339,0,0.004132,-0.004338,-3.9e-05
2026-03-05 16:00:00,1.3322,1.3323,1.3297,1.3318,16088,1.332303,1.332303,1.330017,1.331895,0,0.002283,-0.002603,-9.5e-05
2026-03-05 17:00:00,1.3319,1.3334,1.3314,1.3329,6906,1.331842,1.333315,1.331505,1.333156,0,0.001895,-0.001915,-0.000255
2026-03-05 18:00:00,1.3329,1.334,1.3318,1.3331,5629,1.33312,1.334009,1.331895,1.333227,0,0.002105,-0.002209,-0.000127
2026-03-05 19:00:00,1.3331,1.3333,1.3318,1.332,3857,1.333102,1.333298,1.33193,1.33193,0,0.00137,-0.001498,7e-05
2026-03-05 20:00:00,1.332,1.3364,1.3319,1.3356,7919,1.332037,1.336184,1.331984,1.335613,0,0.004416,-0.004284,-1.3e-05
2026-03-05 21:00:00,1.3357,1.3365,1.3354,1.3358,1194,1.335702,1.33647,1.335452,1.336023,0,0.001048,-0.00107,-0.000223
2026-03-05 23:00:00,1.3352,1.3362,1.3348,1.3356,0,1.335274,1.335934,1.334704,1.335809,0,0.001496,-0.001134,-0.000209
2026-03-06 00:00:00,1.3356,1.3364,1.3356,1.3359,681,1.335631,1.336434,1.335631,1.336041,0,0.000769,-0.000834,-0.000141
2026-03-06 01:00:00,1.3359,1.3371,1.3354,1.3365,1633,1.336095,1.337167,1.335577,1.336684,0,0.001523,-0.001767,-0.000184
2026-03-06 02:00:00,1.3365,1.3371,1.3364,1.3366,1190,1.336541,1.337095,1.336452,1.336595,0,0.000648,-0.000695,5e-06
2026-03-06 03:00:00,1.3366,1.3373,1.3365,1.3371,395,1.33663,1.33731,1.336559,1.337167,0,0.000741,-0.00081,-6.7e-05
2026-03-06 04:00:00,1.3371,1.3372,1.3363,1.3363,554,1.337202,1.337238,1.336327,1.33638,0,0.000873,-0.000938,-8e-05
2026-03-06 05:00:00,1.3366,1.3366,1.3355,1.3356,683,1.336237,1.336702,1.335648,1.335648,0,0.000952,-0.001202,-4.8e-05
2026-03-06 06:00:00,1.3356,1.337,1.3353,1.3368,847,1.335809,1.336988,1.335274,1.336666,0,0.001726,-0.001688,0.000134
2026-03-06 07:00:00,1.3369,1.3372,1.3361,1.3369,2629,1.336898,1.337149,1.336184,1.336916,0,0.001016,-0.001049,-1.6e-05
2026-03-06 08:00:00,1.337,1.3379,1.3362,1.3365,24316,1.337006,1.337882,1.336273,1.336612,0,0.001627,-0.001682,-0.000112
2026-03-06 09:00:00,1.3364,1.3364,1.3318,1.3323,11743,1.336344,1.336434,1.331913,1.332516,0,0.004487,-0.004634,-0.000216
2026-03-06 10:00:00,1.3323,1.3343,1.332,1.3341,5251,1.332534,1.334258,1.33225,1.334258,0,0.00205,-0.002258,-0.000158
2026-03-06 11:00:00,1.3341,1.3346,1.3317,1.3318,4548,1.334205,1.33433,1.331913,1.331913,0,0.002687,-0.00263,-0.000113
2026-03-06 12:00:00,1.3319,1.3342,1.3312,1.3326,6297,1.332054,1.334276,1.331292,1.332747,0,0.002908,-0.003076,-0.000147
2026-03-06 13:00:00,1.3326,1.3392,1.3326,1.3338,17126,1.332818,1.338007,1.332818,1.334294,0,0.006382,-0.005407,-0.000494
2026-03-06 14:00:00,1.3338,1.3352,1.3325,1.3341,14611,1.334187,1.334775,1.332836,1.333974,0,0.002364,-0.002275,0.000126
2026-03-06 15:00:00,1.3339,1.3381,1.3339,1.3359,18650,1.334739,1.337649,1.334739,1.335934,0,0.003361,-0.003749,-3.4e-05
2026-03-06 16:00:00,1.3359,1.3409,1.3359,1.3397,9427,1.33613,1.340896,1.33613,1.339872,0,0.00477,-0.004996,-0.000172
2026-03-06 17:00:00,1.3397,1.3408,1.3385,1.3387,5558,1.339854,1.340447,1.338688,1.338849,0,0.002112,-0.001947,-0.000149
2026-03-06 18:00:00,1.3387,1.3406,1.3376,1.3388,8916,1.338796,1.340572,1.338097,1.339029,0,0.002503,-0.002972,-0.000229
2026-03-06 19:00:00,1.3387,1.3396,1.3381,1.3387,8200,1.33867,1.339567,1.338312,1.338921,0,0.001288,-0.001467,-0.000221
2026-03-06 20:00:00,1.3387,1.3394,1.3378,1.3391,3051,1.338975,1.339369,1.337954,1.339226,0,0.001446,-0.001569,-0.000126
2026-03-06 21:00:00,1.3391,1.3419,1.3387,1.3387,0,1.339118,1.341256,1.339118,1.341256,0,0.002782,-0.002556,-0.002556
2026-03-09 00:00:00,1.3305,1.3317,1.3296,1.33,2736,1.330406,1.3317,1.329893,1.330035,0,0.001807,-0.0021,-3.5e-05
2026-03-09 01:00:00,1.3299,1.3301,1.3283,1.3286,4683,1.329451,1.329893,1.328462,1.328621,0,0.001638,-0.001593,-2.1e-05
2026-03-09 02:00:00,1.3287,1.3307,1.3284,1.3305,2604,1.328957,1.330743,1.328674,1.330548,0,0.002026,-0.002343,-4.8e-05
2026-03-09 03:00:00,1.3306,1.3311,1.3291,1.3295,3328,1.330902,1.330973,1.329133,1.329557,0,0.001967,-0.001873,-5.7e-05
2026-03-09 04:00:00,1.3296,1.3308,1.3294,1.3298,1092,1.329858,1.330778,1.329487,1.329805,0,0.001313,-0.001378,-5e-06
2026-03-09 05:00:00,1.3298,1.3338,1.3296,1.3334,4044,1.329805,1.33376,1.329805,1.333422,0,0.003995,-0.00416,-2.2e-05
2026-03-09 06:00:00,1.3335,1.334,1.3312,1.3313,3153,1.33296,1.334116,1.331274,1.331274,0,0.002726,-0.002916,2.6e-05
2026-03-09 07:00:00,1.3313,1.3348,1.3306,1.3344,8987,1.331788,1.334721,1.330884,1.334383,0,0.003916,-0.004121,1.7e-05
2026-03-09 08:00:00,1.3346,1.3352,1.3302,1.3319,8761,1.33465,1.3349,1.330389,1.33193,0,0.004811,-0.0047,-3e-05
2026-03-09 09:00:00,1.3319,1.3363,1.3314,1.3339,12208,1.33193,1.33597,1.331647,1.333992,0,0.004653,-0.00457,-9.2e-05
2026-03-09 10:00:00,1.334,1.335,1.3327,1.3345,7466,1.334027,1.334971,1.332871,1.334615,0,0.002129,-0.002271,-0.000115
2026-03-09 11:00:00,1.3345,1.3358,1.3339,1.3348,4222,1.334632,1.335648,1.334098,1.334704,0,0.001702,-0.001748,9.6e-05
2026-03-09 12:00:00,1.3348,1.336,1.3345,1.3353,6910,1.33481,1.335934,1.33481,1.335292,0,0.001189,-0.001434,8e-06
2026-03-09 13:00:00,1.3353,1.3383,1.3351,1.3373,17256,1.33547,1.338258,1.335238,1.337274,0,0.003062,-0.003158,2.6e-05
2026-03-09 14:00:00,1.3374,1.3382,1.3346,1.3377,16930,1.337023,1.338025,1.334864,1.337829,0,0.003336,-0.003425,-0.000129
2026-03-09 15:00:00,1.3378,1.3401,1.3377,1.3391,31929,1.338419,1.339872,1.338419,1.339226,0,0.001681,-0.002172,-0.000126
2026-03-09 16:00:00,1.3393,1.3409,1.3387,1.3391,12523,1.339423,1.340896,1.338796,1.339136,0,0.002104,-0.002196,-3.6e-05
2026-03-09 17:00:00,1.3391,1.3392,1.3382,1.3385,8787,1.339154,1.33919,1.338348,1.338545,0,0.000852,-0.00099,-4.5e-05
2026-03-09 18:00:00,1.3384,1.3396,1.3383,1.3384,6594,1.338581,1.339621,1.338509,1.338509,0,0.001091,-0.001321,-0.000109
2026-03-09 19:00:00,1.3384,1.3446,1.3383,1.3429,16220,1.338437,1.344393,1.338437,1.343003,0,0.006163,-0.006093,-0.000103
2026-03-09 20:00:00,1.343,1.3447,1.3424,1.344,20303,1.343075,1.344719,1.342516,1.34396,0,0.002184,-0.002319,4e-05
2026-03-09 22:00:00,1.3448,1.345,1.3428,1.3432,0,1.344791,1.344827,1.342769,1.343256,0,0.002231,-0.002027,-5.6e-05
2026-03-09 23:00:00,1.3432,1.3438,1.3421,1.3424,658,1.343201,1.343779,1.342228,1.34239,0,0.001572,-0.001679,1e-05
2026-03-10 00:00:00,1.3423,1.3445,1.3419,1.3436,2066,1.342444,1.344411,1.34194,1.343616,0,0.00256,-0.002511,-1.6e-05
2026-03-10 01:00:00,1.3435,1.3439,1.3422,1.3431,1331,1.343598,1.343779,1.342336,1.343147,0,0.001564,-0.001579,-4.7e-05
2026-03-10 02:00:00,1.3433,1.3437,1.342,1.3421,572,1.3434,1.343815,1.342048,1.342156,0,0.001652,-0.001815,-5.6e-05
2026-03-10 03:00:00,1.3422,1.3425,1.3414,1.3416,0,1.342156,1.34257,1.341454,1.341688,0,0.001046,-0.00117,-8.8e-05
2026-03-10 04:00:00,1.3418,1.3429,1.3415,1.3425,1685,1.341544,1.342877,1.341544,1.342516,0,0.001356,-0.001377,-1.6e-05
2026-03-10 05:00:00,1.3425,1.3435,1.3425,1.3435,994,1.342642,1.343562,1.342642,1.343562,0,0.000858,-0.001062,-6.2e-05
2026-03-10 06:00:00,1.3436,1.3458,1.3436,1.3451,4299,1.343905,1.34575,1.343707,1.345098,0,0.002093,-0.00215,2e-06
2026-03-10 07:00:00,1.3451,1.348,1.3448,1.3478,24395,1.344918,1.347963,1.344863,1.3478,0,0.003137,-0.003163,0.0
2026-03-10 08:00:00,1.3477,1.3484,1.3453,1.3459,13441,1.347673,1.348127,1.345316,1.346022,0,0.003084,-0.002827,-0.000122
2026-03-10 09:00:00,1.3459,1.3469,1.3456,1.3458,6197,1.345714,1.34682,1.345696,1.345823,0,0.001204,-0.00122,-2.3e-05
2026-03-10 10:00:00,1.3457,1.3457,1.3438,1.3451,8473,1.345515,1.345786,1.34396,1.345135,0,0.00174,-0.001986,-3.5e-05
2026-03-10 11:00:00,1.3451,1.3468,1.3443,1.3444,6242,1.345116,1.346801,1.344375,1.344429,0,0.002425,-0.002501,-2.9e-05
2026-03-10 12:00:00,1.3444,1.3449,1.3431,1.3442,19327,1.344845,1.344845,1.343147,1.344213,0,0.001753,-0.001745,-1.3e-05
2026-03-10 13:00:00,1.3442,1.3467,1.3441,1.3449,8671,1.344556,1.346566,1.344556,1.344863,0,0.002144,-0.002466,3.7e-05
2026-03-10 14:00:00,1.3448,1.3468,1.3437,1.3467,14093,1.344411,1.34682,1.344032,1.34682,0,0.002768,-0.003119,-0.00012
2026-03-10 15:00:00,1.3467,1.3473,1.3453,1.3458,7634,1.347019,1.347291,1.345533,1.345841,0,0.001767,-0.001991,-4.1e-05
2026-03-10 16:00:00,1.3457,1.3467,1.3447,1.3463,11646,1.345696,1.346692,1.344809,1.34633,0,0.001891,-0.001992,-3e-05
2026-03-10 17:00:00,1.3463,1.3481,1.3456,1.3462,8945,1.346475,1.348,1.345714,1.346167,0,0.002386,-0.0024,3.3e-05
2026-03-10 18:00:00,1.3463,1.3463,1.3427,1.3428,10126,1.345968,1.34604,1.342877,1.342895,0,0.003423,-0.00334,-9.5e-05
2026-03-10 19:00:00,1.3429,1.3435,1.3411,1.3419,9127,1.342841,1.343544,1.341418,1.341868,0,0.002082,-0.002444,3.2e-05
2026-03-10 20:00:00,1.3418,1.3422,1.3413,1.3418,1835,1.34194,1.342318,1.341382,1.341814,0,0.000818,-0.001018,-1.4e-05
2026-03-10 22:00:00,1.3417,1.3419,1.341,1.3413,0,1.341976,1.342102,1.341058,1.341328,0,0.000842,-0.001102,-2.8e-05
2026-03-10 23:00:00,1.3414,1.3421,1.3413,1.342,1109,1.341526,1.342102,1.341346,1.341922,0,0.000754,-0.000802,7.8e-05
2026-03-11 00:00:00,1.342,1.3437,1.3415,1.3431,3007,1.342264,1.343779,1.341652,1.343075,0,0.002048,-0.002279,2.5e-05
2026-03-11 01:00:00,1.3431,1.3449,1.3427,1.3446,2879,1.343165,1.344628,1.34266,1.34461,0,0.00224,-0.001928,-1e-05
2026-03-11 02:00:00,1.3446,1.3449,1.3437,1.3446,1399,1.344701,1.344954,1.343779,1.344664,0,0.001121,-0.001254,-6.4e-05
2026-03-11 03:00:00,1.3446,1.3453,1.3443,1.3452,1139,1.344809,1.345297,1.344339,1.345279,0,0.000961,-0.000997,-7.9e-05
2026-03-11 04:00:00,1.3449,1.3457,1.3448,1.3454,1538,1.345207,1.34575,1.344918,1.345479,0,0.000782,-0.00095,-7.9e-05
2026-03-11 05:00:00,1.3454,1.3456,1.3446,1.3448,1400,1.34546,1.345732,1.344701,1.344918,0,0.000899,-0.001132,-0.000118
2026-03-11 06:00:00,1.3449,1.3455,1.3443,1.3449,1602,1.344737,1.345551,1.344411,1.344954,0,0.001089,-0.001251,-5.4e-05
2026-03-11 07:00:00,1.3448,1.3452,1.3429,1.3435,7592,1.344899,1.345171,1.343093,1.34358,0,0.002107,-0.002271,-8e-05
2026-03-11 08:00:00,1.3435,1.3436,1.341,1.3426,9123,1.343328,1.343472,1.341094,1.342732,0,0.002506,-0.002472,-0.000132
2026-03-11 09:00:00,1.3427,1.3429,1.3402,1.3416,14267,1.341706,1.342769,1.340501,1.341706,0,0.002399,-0.002569,-0.000106
2026-03-11 10:00:00,1.3415,1.3447,1.3413,1.3446,6606,1.341418,1.344719,1.341418,1.34461,0,0.003282,-0.003419,-1e-05
2026-03-11 11:00:00,1.3445,1.345,1.3424,1.3429,14996,1.344737,1.344737,1.342552,1.342895,0,0.002448,-0.002337,5e-06
2026-03-11 12:00:00,1.3428,1.3435,1.3394,1.34,19168,1.342841,1.343256,1.339674,1.339998,0,0.003826,-0.003855,3e-06
2026-03-11 13:00:00,1.3398,1.3422,1.3398,1.3418,9206,1.340536,1.342192,1.340213,1.341868,0,0.001987,-0.002392,-6.8e-05
2026-03-11 14:00:00,1.3418,1.3443,1.3415,1.3423,35904,1.342696,1.344194,1.342102,1.3423,0,0.002198,-0.002694,0.0
2026-03-11 15:00:00,1.3424,1.3427,1.3393,1.3398,22379,1.342516,1.342516,1.339513,1.3398,0,0.003187,-0.003216,-0.0
2026-03-11 16:00:00,1.3398,1.3413,1.3395,1.341,10730,1.33971,1.341202,1.339513,1.341076,0,0.001787,-0.001702,-7.6e-05
2026-03-11 17:00:00,1.341,1.3417,1.3399,1.341,4275,1.341094,1.341706,1.340159,1.341094,0,0.001541,-0.001806,-9.4e-05
2026-03-11 18:00:00,1.341,1.3418,1.3402,1.3416,9290,1.341112,1.341814,1.340231,1.341544,0,0.001569,-0.001614,5.6e-05
2026-03-11 19:00:00,1.3416,1.3422,1.341,1.3418,2790,1.341418,1.342246,1.341202,1.341868,0,0.000998,-0.001246,-6.8e-05
2026-03-11 20:00:00,1.3418,1.3419,1.341,1.3411,0,1.341652,1.341904,1.341058,1.341346,0,0.000842,-0.000904,-0.000246
2026-03-11 22:00:00,1.3414,1.3414,1.3389,1.339,3182,1.341382,1.341382,1.338939,1.338993,0,0.002461,-0.002482,7e-06
2026-03-11 23:00:00,1.339,1.3393,1.3376,1.3382,2398,1.339262,1.33928,1.337757,1.338204,0,0.001543,-0.00168,-4e-06
2026-03-12 00:00:00,1.3382,1.3392,1.3369,1.3383,4256,1.338187,1.339351,1.337113,1.338366,0,0.002087,-0.002451,-6.6e-05
2026-03-12 01:00:00,1.3383,1.3397,1.3382,1.3387,2419,1.338563,1.339674,1.338258,1.338849,0,0.001442,-0.001474,-0.000149
2026-03-12 02:00:00,1.3389,1.3393,1.3366,1.3371,1663,1.3391,1.339351,1.336702,1.337167,0,0.002598,-0.002751,-6.7e-05
2026-03-12 03:00:00,1.337,1.3374,1.3366,1.337,2139,1.337095,1.337381,1.336666,1.337167,0,0.000734,-0.000781,-0.000167
2026-03-12 04:00:00,1.3371,1.3372,1.3361,1.3362,1070,1.337202,1.337292,1.336166,1.336309,0,0.001034,-0.001192,-0.000109
2026-03-12 05:00:00,1.3363,1.3376,1.3362,1.3369,1981,1.336362,1.337632,1.336344,1.336898,0,0.001256,-0.001432,2e-06
2026-03-12 06:00:00,1.3369,1.3382,1.3365,1.3381,3691,1.337041,1.338204,1.336595,1.338169,0,0.001605,-0.001704,-6.9e-05
2026-03-12 07:00:00,1.3382,1.3393,1.3378,1.3393,19226,1.338222,1.339298,1.337811,1.339298,0,0.00149,-0.001498,2e-06
2026-03-12 08:00:00,1.3393,1.3398,1.3371,1.3378,3275,1.339603,1.339603,1.33731,1.337829,0,0.00249,-0.002503,-2.8e-05
2026-03-12 09:00:00,1.338,1.3396,1.3374,1.3394,9037,1.337775,1.339531,1.337399,1.339405,0,0.002201,-0.002131,-5e-06
2026-03-12 10:00:00,1.3394,1.3396,1.3382,1.3393,5148,1.339459,1.339621,1.338419,1.339369,0,0.001181,-0.001421,-6.9e-05
2026-03-12 11:00:00,1.3392,1.341,1.339,1.3398,4456,1.339351,1.340986,1.339082,1.339836,0,0.001917,-0.001986,-3.6e-05
2026-03-12 12:00:00,1.3398,1.3398,1.3368,1.3378,9272,1.339621,1.339656,1.336952,1.337846,0,0.002848,-0.002856,-4.6e-05
2026-03-12 13:00:00,1.3378,1.3391,1.3363,1.3369,10500,1.338133,1.339154,1.336595,1.336934,0,0.002505,-0.002854,-3.4e-05
2026-03-12 14:00:00,1.3369,1.3374,1.335,1.3358,9267,1.33731,1.337453,1.335149,1.335809,0,0.002251,-0.002453,-9e-06
2026-03-12 15:00:00,1.3357,1.3361,1.3339,1.3348,13148,1.335149,1.335916,1.334009,1.334917,0,0.002091,-0.002016,-0.000117
2026-03-12 16:00:00,1.3348,1.3365,1.3338,1.3348,8240,1.334971,1.336255,1.334027,1.334846,0,0.002473,-0.002455,-4.6e-05
2026-03-12 17:00:00,1.3348,1.3361,1.3348,1.3356,5240,1.335007,1.336077,1.335007,1.335613,0,0.001093,-0.001277,-1.3e-05
2026-03-12 18:00:00,1.3357,1.3359,1.3341,1.3342,29340,1.335702,1.335738,1.334241,1.334241,0,0.001659,-0.001638,-4.1e-05
2026-03-12 19:00:00,1.3343,1.335,1.334,1.3348,6553,1.334116,1.334971,1.334098,1.3349,0,0.000902,-0.000971,-0.0001
2026-03-12 20:00:00,1.3348,1.3351,1.3342,1.3343,0,1.334615,1.335203,1.334241,1.334419,0,0.000859,-0.001003,-0.000119
2026-03-12 22:00:00,1.334,1.335,1.334,1.3349,158,1.334579,1.335167,1.334294,1.335024,0,0.000706,-0.001167,-0.000124
2026-03-12 23:00:00,1.335,1.3351,1.3347,1.3348,167,1.335007,1.335524,1.334686,1.33522,0,0.000414,-0.000824,-0.00042
2026-03-13 00:00:00,1.3353,1.3364,1.3353,1.3364,153,1.335559,1.336505,1.335363,1.336398,0,0.001037,-0.001205,2e-06
2026-03-13 01:00:00,1.3365,1.3369,1.3355,1.3355,84,1.336612,1.337006,1.335506,1.335666,0,0.001394,-0.001506,-0.000166
2026-03-13 02:00:00,1.3357,1.3361,1.335,1.3352,115,1.33572,1.336255,1.334793,1.33522,0,0.001307,-0.001255,-2.1e-05
2026-03-13 03:00:00,1.3352,1.3353,1.334,1.3344,29,1.335167,1.335167,1.334027,1.334704,0,0.001273,-0.001167,-0.000304
2026-03-13 04:00:00,1.3343,1.3343,1.3331,1.3331,42,1.334632,1.33465,1.333102,1.333227,0,0.001198,-0.00155,-0.000127
2026-03-13 05:00:00,1.3332,1.3337,1.3329,1.3332,95,1.333298,1.333742,1.332924,1.33328,0,0.000775,-0.000842,-8e-05
2026-03-13 06:00:00,1.3334,1.3334,1.3315,1.3316,194,1.33344,1.33344,1.331647,1.3317,0,0.001753,-0.00194,-0.0001
2026-03-13 07:00:00,1.3314,1.3314,1.3273,1.3279,30184,1.330654,1.330725,1.327404,1.328004,0,0.003996,-0.003425,-0.000104
2026-03-13 08:00:00,1.328,1.328,1.3255,1.3261,20906,1.327686,1.327686,1.325732,1.326119,0,0.002267,-0.002186,-1.9e-05
2026-03-13 09:00:00,1.3261,1.328,1.3259,1.3261,34374,1.326436,1.328039,1.325926,1.326277,0,0.002074,-0.002139,-0.000178
2026-03-13 10:00:00,1.3262,1.3275,1.3251,1.326,6284,1.326489,1.327422,1.325381,1.326084,0,0.002119,-0.002322,-8.4e-05
2026-03-13 11:00:00,1.326,1.3267,1.3246,1.3255,6853,1.326049,1.326594,1.324696,1.325346,0,0.002004,-0.001994,0.000154
2026-03-13 12:00:00,1.3255,1.3285,1.3249,1.3271,12196,1.325539,1.328215,1.325118,1.327122,0,0.003382,-0.003315,-2.2e-05
2026-03-13 13:00:00,1.3271,1.3289,1.3263,1.328,13612,1.327404,1.328974,1.326471,1.328021,0,0.002429,-0.002674,-2.1e-05
2026-03-13 14:00:00,1.328,1.3283,1.3253,1.3255,7933,1.327669,1.328445,1.325539,1.325627,0,0.002761,-0.003145,-0.000127
2026-03-13 15:00:00,1.3255,1.326,1.3229,1.3237,11432,1.325258,1.326137,1.323189,1.323907,0,0.002811,-0.003237,-0.000207
2026-03-13 16:00:00,1.3237,1.3247,1.3231,1.3242,7833,1.323732,1.324714,1.323259,1.324468,0,0.001441,-0.001614,-0.000268
2026-03-13 17:00:00,1.3243,1.3252,1.3237,1.3245,14868,1.32431,1.325276,1.323925,1.324626,0,0.001275,-0.001576,-0.000126
2026-03-13 18:00:00,1.3246,1.3248,1.3234,1.3242,7288,1.324626,1.324907,1.323574,1.32431,0,0.001226,-0.001507,-0.00011
2026-03-13 19:00:00,1.3242,1.3244,1.3223,1.3226,4314,1.324381,1.324416,1.322559,1.322751,0,0.001841,-0.002116,-0.000151
2026-03-13 20:00:00,1.3225,1.3241,1.3218,1.3241,0,1.322699,1.322909,1.322052,1.322454,0,0.002048,-0.001109,0.001646
2026-03-16 00:00:00,1.3246,1.3263,1.3246,1.3263,1627,1.324953,1.326383,1.324953,1.326374,0,0.001347,-0.001783,-7.4e-05
2026-03-16 01:00:00,1.3263,1.3265,1.3246,1.3258,1414,1.326418,1.326496,1.324765,1.325873,0,0.001735,-0.001896,-7.3e-05
2026-03-16 02:00:00,1.3259,1.3259,1.3252,1.3253,711,1.325905,1.325914,1.325358,1.325453,0,0.000542,-0.000714,-0.000153
2026-03-16 03:00:00,1.3255,1.3264,1.3251,1.326,772,1.325423,1.326508,1.325263,1.326163,0,0.001137,-0.001408,-0.000163
2026-03-16 04:00:00,1.326,1.3261,1.3249,1.325,884,1.326162,1.326211,1.325119,1.325119,0,0.000981,-0.001311,-0.000119
2026-03-16 05:00:00,1.3251,1.3254,1.3248,1.325,689,1.325344,1.325536,1.324939,1.325144,0,0.000461,-0.000736,-0.000144
2026-03-16 06:00:00,1.325,1.3255,1.324,1.3249,1387,1.325028,1.325643,1.324147,1.324982,0,0.001353,-0.001643,-8.2e-05
2026-03-16 07:00:00,1.325,1.3253,1.323,1.3243,3311,1.324975,1.325341,1.323135,1.324377,0,0.002165,-0.002341,-7.7e-05
2026-03-16 08:00:00,1.3243,1.3253,1.3233,1.325,8160,1.32453,1.325374,1.323455,1.32514,0,0.001845,-0.002074,-0.00014
2026-03-16 09:00:00,1.3251,1.3255,1.3241,1.3246,3317,1.324932,1.325486,1.324209,1.324703,0,0.001291,-0.001386,-0.000103
2026-03-16 10:00:00,1.3247,1.3273,1.3246,1.3272,4907,1.324844,1.327291,1.324844,1.327218,0,0.002456,-0.002692,-1.8e-05
2026-03-16 11:00:00,1.3271,1.3283,1.3266,1.3279,5192,1.327036,1.32833,1.326751,1.327931,0,0.001549,-0.00173,-3.1e-05
2026-03-16 12:00:00,1.3279,1.3289,1.3277,1.3277,7382,1.327886,1.328874,1.327725,1.327755,0,0.001175,-0.001174,-5.5e-05
2026-03-16 13:00:00,1.3278,1.3309,1.3278,1.3307,6791,1.327991,1.330865,1.327982,1.330821,0,0.002918,-0.003065,-0.000121
2026-03-16 14:00:00,1.3307,1.3313,1.3293,1.3297,8618,1.330642,1.331102,1.329414,1.329791,0,0.001886,-0.001802,-9.1e-05
2026-03-16 15:00:00,1.3296,1.3317,1.3295,1.3301,8548,1.329899,1.331723,1.329688,1.330208,0,0.002012,-0.002223,-0.000108
2026-03-16 16:00:00,1.3301,1.3309,1.3288,1.3302,5735,1.330143,1.330963,1.32899,1.330309,0,0.00191,-0.002163,-0.000109
2026-03-16 17:00:00,1.3303,1.3318,1.33,1.3302,5144,1.330876,1.331714,1.330047,1.330242,0,0.001753,-0.001714,-4.2e-05
2026-03-16 18:00:00,1.3302,1.3337,1.3302,1.3331,7042,1.330435,1.333637,1.330435,1.333147,0,0.003265,-0.003437,-4.7e-05
2026-03-16 19:00:00,1.3331,1.3339,1.3324,1.3325,6480,1.333412,1.33383,1.332449,1.33252,0,0.001451,-0.00143,-2e-05
2026-03-16 20:00:00,1.3325,1.3327,1.3318,1.3318,3666,1.332635,1.332775,1.331671,1.331671,0,0.001029,-0.000975,0.000129
2026-03-16 22:00:00,1.3318,1.3319,1.3312,1.3312,0,1.331831,1.331914,1.331214,1.331303,0,0.000686,-0.000714,-0.000103
2026-03-16 23:00:00,1.3312,1.3314,1.3307,1.3312,937,1.33139,1.331492,1.330798,1.331354,0,0.000602,-0.000792,-0.000154
2026-03-17 00:00:00,1.3311,1.3312,1.3299,1.3302,1915,1.331157,1.331164,1.329975,1.330261,0,0.001225,-0.001264,-6.1e-05
2026-03-17 01:00:00,1.3301,1.3307,1.3295,1.3305,2130,1.330187,1.330775,1.329579,1.330649,0,0.001121,-0.001275,-0.000149
2026-03-17 02:00:00,1.3306,1.3309,1.3304,1.3306,688,1.330649,1.331007,1.330509,1.330656,0,0.000391,-0.000607,-5.6e-05
2026-03-17 03:00:00,1.3305,1.3314,1.3302,1.3302,0,1.330562,1.331288,1.330168,1.33021,0,0.001233,-0.001089,-1e-05
2026-03-17 04:00:00,1.33,1.3314,1.33,1.3311,751,1.33021,1.331505,1.330014,1.331184,0,0.001386,-0.001505,-8.4e-05
2026-03-17 05:00:00,1.331,1.3314,1.3286,1.3286,1484,1.33103,1.331416,1.328711,1.328713,0,0.002689,-0.002816,-0.000113
2026-03-17 06:00:00,1.3287,1.3289,1.3273,1.3289,3411,1.328602,1.329038,1.327394,1.329038,0,0.001506,-0.001738,-0.000138
2026-03-17 07:00:00,1.329,1.3314,1.3286,1.3304,3136,1.329027,1.33145,1.328835,1.330523,0,0.002565,-0.00285,-0.000123
2026-03-17 08:00:00,1.3304,1.333,1.3298,1.3328,4647,1.330688,1.332978,1.329931,1.332843,0,0.003069,-0.003178,-4.3e-05
2026-03-17 09:00:00,1.3329,1.3338,1.3323,1.3335,5273,1.33306,1.333785,1.332527,1.333463,0,0.001273,-0.001485,3.7e-05
2026-03-17 10:00:00,1.3334,1.3337,1.3322,1.3323,3154,1.333337,1.333629,1.332317,1.332413,0,0.001383,-0.001428,-0.000113
2026-03-17 11:00:00,1.3324,1.334,1.3314,1.3317,5567,1.33233,1.333929,1.331599,1.331739,0,0.002401,-0.002529,-3.9e-05
2026-03-17 12:00:00,1.3316,1.3335,1.3311,1.3332,6133,1.331645,1.333554,1.331402,1.333152,0,0.002098,-0.002454,4.8e-05
2026-03-17 13:00:00,1.3333,1.336,1.3332,1.3347,8352,1.333501,1.335936,1.333501,1.334631,0,0.002499,-0.002736,6.9e-05
2026-03-17 14:00:00,1.3345,1.3357,1.3339,1.3348,5659,1.334205,1.335727,1.334112,1.334803,0,0.001588,-0.001827,-3e-06
2026-03-17 15:00:00,1.3347,1.3356,1.3336,1.3342,5462,1.335219,1.335497,1.333653,1.334353,0,0.001947,-0.001897,-0.000153
2026-03-17 16:00:00,1.3342,1.3348,1.3333,1.3347,4344,1.333956,1.33486,1.333552,1.334762,0,0.001248,-0.00156,-6.2e-05
2026-03-17 17:00:00,1.3346,1.3359,1.3344,1.3358,3356,1.3347,1.335896,1.334552,1.335857,0,0.001348,-0.001496,-5.7e-05
2026-03-17 18:00:00,1.3359,1.3364,1.3355,1.3355,3353,1.336075,1.336455,1.335668,1.335668,0,0.000732,-0.000955,-0.000168
2026-03-17 19:00:00,1.3355,1.3364,1.3351,1.3354,2654,1.335536,1.336339,1.33521,1.335213,0,0.00119,-0.001239,0.000187
2026-03-17 20:00:00,1.3353,1.3358,1.3351,1.3356,1699,1.335349,1.335845,1.335235,1.335615,0,0.000565,-0.000745,-1.5e-05
2026-03-17 22:00:00,1.3359,1.3362,1.3356,1.3358,0,1.335677,1.336154,1.335677,1.33605,0,0.000523,-0.000553,-0.00025
2026-03-17 23:00:00,1.3358,1.3359,1.3356,1.3357,653,1.336021,1.336021,1.335632,1.335761,0,0.000268,-0.000421,-6.1e-05
2026-03-18 00:00:00,1.3357,1.3362,1.3351,1.3352,1480,1.335736,1.336252,1.335163,1.335163,0,0.001037,-0.001152,3.7e-05
2026-03-18 01:00:00,1.3353,1.3361,1.3351,1.3353,664,1.335286,1.336141,1.335185,1.335352,0,0.000915,-0.001041,-5.2e-05
2026-03-18 02:00:00,1.3354,1.3357,1.335,1.3352,545,1.335424,1.335697,1.335067,1.335288,0,0.000633,-0.000697,-8.8e-05
2026-03-18 03:00:00,1.3352,1.3358,1.3351,1.3358,285,1.335276,1.33583,1.33511,1.335806,0,0.00069,-0.00073,-5e-06
2026-03-18 04:00:00,1.336,1.3365,1.3359,1.3363,432,1.336087,1.336486,1.335873,1.336357,0,0.000627,-0.000586,-5.7e-05
2026-03-18 05:00:00,1.3363,1.3372,1.3363,1.3372,1271,1.336425,1.337243,1.3364,1.337181,0,0.0008,-0.000943,1.9e-05
2026-03-18 06:00:00,1.3372,1.3374,1.3362,1.3365,1482,1.33712,1.337453,1.336316,1.336527,0,0.001084,-0.001253,-2.7e-05
2026-03-18 07:00:00,1.3364,1.3368,1.3347,1.3354,2733,1.336318,1.33687,1.334958,1.335495,0,0.001842,-0.00217,-9.5e-05
2026-03-18 08:00:00,1.3354,1.336,1.3341,1.335,5078,1.335276,1.336096,1.334223,1.335076,0,0.001777,-0.001996,-7.6e-05
2026-03-18 09:00:00,1.3349,1.336,1.3342,1.3359,2054,1.334901,1.336032,1.334356,1.335939,0,0.001644,-0.001832,-3.9e-05
2026-03-18 10:00:00,1.3358,1.3362,1.3349,1.3356,1832,1.33583,1.336236,1.334859,1.335536,0,0.001341,-0.001336,6.4e-05
2026-03-18 11:00:00,1.3354,1.337,1.3345,1.3359,5973,1.335595,1.337081,1.334925,1.336064,0,0.002075,-0.002581,-0.000164
2026-03-18 12:00:00,1.3358,1.3362,1.3311,1.3314,11031,1.335888,1.336295,1.331288,1.331563,0,0.004912,-0.005195,-0.000163
2026-03-18 13:00:00,1.3315,1.3326,1.3304,1.3325,9357,1.331464,1.332663,1.330576,1.332663,0,0.002024,-0.002263,-0.000163
2026-03-18 14:00:00,1.3325,1.3335,1.3302,1.3324,13064,1.332543,1.333541,1.330422,1.332536,0,0.003078,-0.003341,-0.000136
2026-03-18 15:00:00,1.3326,1.3337,1.3318,1.3321,7027,1.333022,1.333472,1.332005,1.332186,0,0.001695,-0.001672,-8.6e-05
2026-03-18 16:00:00,1.3321,1.3335,1.3319,1.3334,5920,1.332181,1.333625,1.332046,1.333548,0,0.001454,-0.001725,-0.000148
2026-03-18 17:00:00,1.3335,1.3343,1.3322,1.3342,6766,1.333609,1.334335,1.332356,1.334207,0,0.001944,-0.002135,-7e-06
2026-03-18 18:00:00,1.3341,1.3351,1.3288,1.3288,10120,1.334935,1.334935,1.329146,1.329146,0,0.005955,-0.006135,-0.000346
2026-03-18 19:00:00,1.3289,1.3294,1.3273,1.3276,6010,1.328999,1.329324,1.327473,1.327781,0,0.001927,-0.002024,-0.000181
2026-03-18 20:00:00,1.3277,1.3278,1.3252,1.3256,6416,1.327517,1.327774,1.325406,1.325775,0,0.002394,-0.002574,-0.000175
2026-03-18 22:00:00,1.3266,1.327,1.325,1.3258,0,1.326781,1.326781,1.325198,1.325898,0,0.001802,-0.001781,-9.8e-05
2026-03-18 23:00:00,1.3258,1.3266,1.3256,1.3264,1359,1.325782,1.326751,1.325782,1.326439,0,0.000818,-0.001151,-3.9e-05
2026-03-19 00:00:00,1.3263,1.3284,1.3263,1.3284,3032,1.326482,1.32845,1.326482,1.32845,0,0.001918,-0.00215,-5e-05
2026-03-19 01:00:00,1.3284,1.3291,1.3281,1.3283,2940,1.328609,1.329241,1.328365,1.328461,0,0.000735,-0.001141,-0.000161
2026-03-19 02:00:00,1.3282,1.3297,1.3277,1.3285,2452,1.328138,1.329688,1.327836,1.328678,0,0.001864,-0.001988,-0.000178
2026-03-19 03:00:00,1.3287,1.329,1.3281,1.3282,540,1.328837,1.329209,1.328213,1.328213,0,0.000787,-0.001109,-1.3e-05
2026-03-19 04:00:00,1.3275,1.3276,1.3268,1.3271,1050,1.32805,1.328101,1.326878,1.327269,0,0.000722,-0.001301,-0.000169
2026-03-19 05:00:00,1.3271,1.3273,1.3261,1.3263,1146,1.327329,1.327369,1.326337,1.326385,0,0.000963,-0.001269,-8.5e-05
2026-03-19 06:00:00,1.3264,1.3276,1.3261,1.3265,1910,1.326334,1.327686,1.326165,1.326633,0,0.001435,-0.001586,-0.000133
2026-03-19 07:00:00,1.3266,1.3272,1.3251,1.3262,6939,1.32671,1.327258,1.325269,1.326352,0,0.001931,-0.002158,-0.000152
2026-03-19 08:00:00,1.3263,1.3268,1.3245,1.3253,7727,1.326235,1.326684,1.324577,1.325371,0,0.002223,-0.002184,-7.1e-05
2026-03-19 09:00:00,1.3253,1.3291,1.3253,1.3284,8909,1.325662,1.32889,1.325662,1.328577,0,0.003438,-0.00359,-0.000177
2026-03-19 10:00:00,1.3283,1.3287,1.3271,1.3278,4346,1.328351,1.328715,1.327277,1.328004,0,0.001423,-0.001615,-0.000204
2026-03-19 11:00:00,1.3279,1.3293,1.327,1.3292,7673,1.327975,1.329285,1.3272,1.329285,0,0.0021,-0.002285,-8.5e-05
2026-03-19 12:00:00,1.3292,1.3311,1.3276,1.3296,19227,1.330617,1.33072,1.328402,1.330003,0,0.002698,-0.00312,-0.000403
2026-03-19 13:00:00,1.3296,1.3356,1.3279,1.3348,20327,1.330123,1.335069,1.328457,1.33488,0,0.007143,-0.007169,-8e-05
2026-03-19 14:00:00,1.3349,1.3371,1.3336,1.3363,15739,1.335636,1.336879,1.333908,1.33655,0,0.003192,-0.003279,-0.00025
2026-03-19 15:00:00,1.3362,1.3387,1.3343,1.3357,9711,1.336255,1.338774,1.334522,1.335971,0,0.004178,-0.004474,-0.000271
2026-03-19 16:00:00,1.3356,1.3376,1.3351,1.3367,9239,1.335814,1.33749,1.335463,1.336966,0,0.002137,-0.00239,-0.000266
2026-03-19 17:00:00,1.3366,1.3408,1.3366,1.3401,8230,1.33714,1.340772,1.337022,1.340371,0,0.003778,-0.004172,-0.000271
2026-03-19 18:00:00,1.34,1.3417,1.3391,1.3416,5873,1.340199,1.341868,1.339504,1.341783,0,0.002196,-0.002768,-0.000183
2026-03-19 19:00:00,1.3415,1.3464,1.3415,1.3428,15645,1.342444,1.346449,1.342444,1.34325,0,0.003956,-0.004949,-0.00045
2026-03-19 20:00:00,1.3428,1.3433,1.3424,1.3429,3649,1.343127,1.343548,1.342666,1.343126,0,0.000634,-0.001148,-0.000226
2026-03-19 22:00:00,1.3432,1.344,1.3423,1.3423,0,1.34316,1.344238,1.34259,1.34266,0,0.00141,-0.001938,-0.00036
2026-03-19 23:00:00,1.3426,1.3427,1.3418,1.3422,890,1.343023,1.343023,1.342145,1.342478,0,0.000555,-0.001223,-0.000278
2026-03-20 00:00:00,1.3421,1.3426,1.3416,1.3421,1061,1.342502,1.342736,1.341891,1.342421,0,0.000709,-0.001136,-0.000321
2026-03-20 01:00:00,1.3422,1.3427,1.3411,1.3413,1535,1.342547,1.342844,1.341357,1.341599,0,0.001343,-0.001744,-0.000299
2026-03-20 02:00:00,1.3414,1.3415,1.3408,1.341,931,1.341612,1.341846,1.341097,1.341169,0,0.000403,-0.001046,-0.000169
2026-03-20 03:00:00,1.3409,1.3409,1.3401,1.3402,678,1.341135,1.341135,1.340335,1.340335,0,0.000565,-0.001035,-0.000135
2026-03-20 04:00:00,1.3402,1.3405,1.34,1.34,739,1.340402,1.340678,1.340285,1.340285,0,0.000215,-0.000678,-0.000285
2026-03-20 05:00:00,1.3401,1.3407,1.3397,1.3398,940,1.340256,1.340887,1.339967,1.340019,0,0.000733,-0.001187,-0.000219
2026-03-20 06:00:00,1.3399,1.341,1.3397,1.3401,1521,1.340166,1.341153,1.340086,1.340314,0,0.000914,-0.001453,-0.000214
2026-03-20 07:00:00,1.3401,1.3429,1.3395,1.3425,6290,1.340132,1.343061,1.33982,1.342731,0,0.00308,-0.003561,-0.000231
2026-03-20 08:00:00,1.3425,1.3434,1.3415,1.3415,4350,1.343091,1.343589,1.341925,1.341925,0,0.001475,-0.002089,-0.000425
2026-03-20 09:00:00,1.3414,1.3416,1.3378,1.3379,10368,1.341608,1.341659,1.338285,1.338285,0,0.003315,-0.003859,-0.000385
2026-03-20 10:00:00,1.3379,1.338,1.3361,1.3376,9522,1.33778,1.338185,1.336466,1.337922,0,0.001534,-0.002085,-0.000322
2026-03-20 11:00:00,1.3375,1.3397,1.3373,1.3391,4557,1.33776,1.339868,1.337666,1.339588,0,0.002034,-0.002568,-0.000488
2026-03-20 12:00:00,1.3392,1.3406,1.3375,1.3378,7462,1.339764,1.340835,1.337744,1.338143,0,0.002856,-0.003335,-0.000343
2026-03-20 13:00:00,1.3379,1.338,1.3345,1.3348,11698,1.338076,1.338076,1.335119,1.335119,0,0.002881,-0.003576,-0.000319
2026-03-20 14:00:00,1.3347,1.3348,1.3302,1.3304,15573,1.334784,1.334887,1.330589,1.331019,0,0.004211,-0.004687,-0.000619
2026-03-20 15:00:00,1.3305,1.3346,1.3296,1.3299,22129,1.331186,1.334595,1.330038,1.330355,0,0.004562,-0.004995,-0.000455
2026-03-20 16:00:00,1.3299,1.333,1.3298,1.332,9015,1.330194,1.333161,1.330194,1.332195,0,0.002806,-0.003361,-0.000195
2026-03-20 17:00:00,1.3321,1.3339,1.3313,1.3333,13014,1.332436,1.334219,1.331984,1.333612,0,0.001916,-0.002919,-0.000312
2026-03-20 18:00:00,1.3334,1.335,1.3322,1.3323,14061,1.334075,1.335126,1.332557,1.332631,0,0.002443,-0.002926,-0.000332
2026-03-20 19:00:00,1.3323,1.3341,1.3316,1.333,5547,1.332813,1.3341,1.332083,1.333298,0,0.002017,-0.0025,-0.000298
2026-03-20 20:00:00,1.333,1.3342,1.3323,1.3338,3206,1.333554,1.334417,1.33347,1.334059,0,0.00073,-0.002117,-0.000259
2026-03-23 00:00:00,1.3332,1.3336,1.3305,1.3317,2959,1.333477,1.333926,1.331058,1.331985,0,0.002542,-0.003426,-0.000285
2026-03-23 01:00:00,1.3317,1.3339,1.3316,1.333,2144,1.331978,1.3342,1.331978,1.333257,0,0.001922,-0.0026,-0.000257
2026-03-23 02:00:00,1.3329,1.3335,1.331,1.3316,2117,1.33342,1.333979,1.331439,1.331973,0,0.002061,-0.002979,-0.000373
2026-03-23 03:00:00,1.3316,1.332,1.331,1.3312,1173,1.331984,1.332259,1.331409,1.331409,0,0.000591,-0.001259,-0.000209
2026-03-23 04:00:00,1.3312,1.3322,1.3312,1.332,1139,1.331822,1.332401,1.331719,1.332372,0,0.000481,-0.001201,-0.000372
2026-03-23 05:00:00,1.332,1.3323,1.3297,1.3298,875,1.332324,1.33266,1.330189,1.330189,0,0.002111,-0.00296,-0.000389
2026-03-23 06:00:00,1.3299,1.3299,1.3278,1.3287,3860,1.330042,1.330042,1.328231,1.328987,0,0.001669,-0.002242,-0.000287
2026-03-23 07:00:00,1.3286,1.3304,1.3279,1.3286,5122,1.329395,1.330683,1.328429,1.328955,0,0.001971,-0.002783,-0.000355
2026-03-23 08:00:00,1.3287,1.3327,1.3287,1.3305,7410,1.329264,1.333044,1.329264,1.330966,0,0.003436,-0.004344,-0.000466
2026-03-23 09:00:00,1.3307,1.3309,1.326,1.3267,5064,1.330892,1.330892,1.326473,1.326992,0,0.004427,-0.004892,-0.000292
2026-03-23 10:00:00,1.3266,1.3277,1.3254,1.3259,6781,1.326578,1.327406,1.325824,1.326276,0,0.001876,-0.002006,-0.000376
2026-03-23 11:00:00,1.326,1.3432,1.3257,1.3353,45725,1.326494,1.3431,1.326494,1.33532,0,0.016706,-0.0174,-2e-05
2026-03-23 12:00:00,1.3353,1.3429,1.334,1.3426,16480,1.335199,1.342821,1.334889,1.342821,0,0.008011,-0.008821,-0.000221
2026-03-23 13:00:00,1.3428,1.3432,1.3386,1.3413,15038,1.342783,1.342783,1.339011,1.341392,0,0.004189,-0.004183,-9.2e-05
2026-03-23 14:00:00,1.3413,1.3477,1.3407,1.3441,15998,1.341155,1.3479,1.341155,1.344401,0,0.006545,-0.0072,-0.000301
2026-03-23 15:00:00,1.344,1.3458,1.338,1.3382,21161,1.344335,1.34594,1.338496,1.338496,0,0.007304,-0.00794,-0.000296
2026-03-23 16:00:00,1.3382,1.3412,1.3376,1.3397,13019,1.33845,1.341482,1.337916,1.340008,0,0.003284,-0.003882,-0.000308
2026-03-23 17:00:00,1.3398,1.3427,1.3392,1.3421,5430,1.34058,1.342888,1.33954,1.342415,0,0.00316,-0.003688,-0.000315
2026-03-23 18:00:00,1.3421,1.3455,1.3407,1.345,8067,1.342525,1.345699,1.341454,1.345439,0,0.004046,-0.004999,-0.000439
2026-03-23 19:00:00,1.3452,1.3452,1.3428,1.3429,3437,1.344937,1.345433,1.343216,1.343216,0,0.001984,-0.002633,-0.000316
2026-03-23 20:00:00,1.3428,1.343,1.3421,1.3426,981,1.343057,1.343353,1.342444,1.342709,0,0.000556,-0.001253,-0.000109
2026-03-23 22:00:00,1.3426,1.3434,1.3425,1.343,0,1.343048,1.343622,1.342821,1.343288,0,0.000579,-0.001122,-0.000288
2026-03-23 23:00:00,1.343,1.3431,1.342,1.3422,629,1.343308,1.3434,1.342377,1.342469,0,0.000723,-0.0014,-0.000269
2026-03-24 00:00:00,1.3423,1.3423,1.3391,1.3398,2999,1.342592,1.342592,1.33978,1.340211,0,0.00252,-0.003492,-0.000411
2026-03-24 01:00:00,1.3398,1.34,1.3383,1.339,2086,1.339972,1.340335,1.33883,1.339477,0,0.00117,-0.002035,-0.000477
2026-03-24 02:00:00,1.3392,1.3406,1.3387,1.3397,944,1.339378,1.340878,1.339066,1.340123,0,0.001534,-0.002178,-0.000423
2026-03-24 03:00:00,1.3399,1.3404,1.3393,1.3394,0,1.340048,1.34068,1.339691,1.339777,0,0.000709,-0.00138,-0.000377
2026-03-24 04:00:00,1.3393,1.3393,1.3382,1.339,350,1.33985,1.33985,1.338711,1.339438,0,0.000589,-0.00165,-0.000438
2026-03-24 05:00:00,1.3391,1.3399,1.3382,1.3395,656,1.339414,1.340109,1.338668,1.339929,0,0.001232,-0.001909,-0.000429
2026-03-24 06:00:00,1.3396,1.3412,1.3393,1.3408,3134,1.339897,1.341419,1.33971,1.34132,0,0.00149,-0.002119,-0.00052
2026-03-24 07:00:00,1.3407,1.3443,1.3406,1.3428,5805,1.341382,1.344032,1.341351,1.343099,0,0.002949,-0.003432,-0.000299
2026-03-24 08:00:00,1.3427,1.3428,1.3383,1.3387,6831,1.342974,1.342974,1.338772,1.339029,0,0.004028,-0.004674,-0.000329
2026-03-24 09:00:00,1.3388,1.3401,1.3368,1.3399,5209,1.338889,1.340427,1.338265,1.340382,0,0.001835,-0.003627,-0.000482
2026-03-24 10:00:00,1.3399,1.3404,1.3389,1.3402,3729,1.340389,1.34075,1.339351,1.340617,0,0.001049,-0.00185,-0.000417
2026-03-24 11:00:00,1.3401,1.3411,1.3382,1.3394,5366,1.340616,1.341486,1.339074,1.339741,0,0.002026,-0.003286,-0.000341
2026-03-24 12:00:00,1.3394,1.3401,1.3386,1.3389,7951,1.339791,1.340283,1.339034,1.339237,0,0.001066,-0.001683,-0.000337
2026-03-24 13:00:00,1.3388,1.339,1.3361,1.3373,8523,1.338814,1.339303,1.336839,1.337635,0,0.002161,-0.003203,-0.000335
2026-03-24 14:00:00,1.3374,1.3422,1.3373,1.3396,12638,1.338088,1.341754,1.337809,1.339752,0,0.004391,-0.004454,-0.000152
2026-03-24 15:00:00,1.3396,1.3404,1.3373,1.3378,11136,1.340177,1.340416,1.337947,1.338129,0,0.002453,-0.003116,-0.000329
2026-03-24 16:00:00,1.3377,1.3391,1.337,1.338,4428,1.337855,1.339228,1.337649,1.338333,0,0.001451,-0.002228,-0.000333
2026-03-24 17:00:00,1.3381,1.3381,1.3349,1.3374,9370,1.33833,1.338355,1.335379,1.337719,0,0.002721,-0.003455,-0.000319
2026-03-24 18:00:00,1.3374,1.3392,1.3361,1.3381,6980,1.337932,1.339375,1.336523,1.338376,0,0.002677,-0.003275,-0.000276
2026-03-24 19:00:00,1.338,1.3389,1.3377,1.338,2248,1.338684,1.339077,1.338081,1.338249,0,0.000819,-0.001377,-0.000249
2026-03-24 20:00:00,1.3379,1.343,1.3377,1.3406,7477,1.338237,1.343201,1.337977,1.341033,0,0.005023,-0.005501,-0.000433
2026-03-24 22:00:00,1.3408,1.3416,1.3401,1.3416,0,1.341365,1.341925,1.34072,1.341905,0,0.00088,-0.001825,-0.000306
2026-03-24 23:00:00,1.3416,1.3419,1.3409,1.3411,1155,1.341882,1.342237,1.341328,1.341713,0,0.000572,-0.001337,-0.000613
2026-03-25 00:00:00,1.3412,1.3433,1.3408,1.3426,3198,1.341504,1.343485,1.341504,1.342924,0,0.001796,-0.002685,-0.000324
2026-03-25 01:00:00,1.3425,1.343,1.3411,1.3411,2388,1.342504,1.343192,1.341437,1.341437,0,0.001563,-0.002092,-0.000337
2026-03-25 02:00:00,1.3412,1.3414,1.3396,1.34,1205,1.341369,1.341419,1.339902,1.340314,0,0.001498,-0.001819,-0.000314
2026-03-25 03:00:00,1.3399,1.3404,1.3395,1.3395,1628,1.340328,1.340643,1.339827,1.339827,0,0.000573,-0.001143,-0.000327
2026-03-25 04:00:00,1.3391,1.3398,1.3389,1.3389,1189,1.339728,1.339972,1.339167,1.339213,0,0.000633,-0.001072,-0.000313
2026-03-25 05:00:00,1.3388,1.3388,1.337,1.3373,1594,1.33898,1.3391,1.33737,1.337503,0,0.00143,-0.0021,-0.000203
2026-03-25 06:00:00,1.3373,1.3385,1.3371,1.3381,1903,1.337666,1.338805,1.337437,1.338353,0,0.001063,-0.001705,-0.000253
2026-03-25 07:00:00,1.3379,1.3393,1.3367,1.3388,5405,1.338973,1.339499,1.337136,1.338991,0,0.002164,-0.002799,-0.000191
2026-03-25 08:00:00,1.3388,1.3421,1.3384,1.3405,6764,1.338799,1.342262,1.338799,1.340767,0,0.003301,-0.003862,-0.000267
2026-03-25 09:00:00,1.3405,1.3409,1.3387,1.3394,4362,1.340657,1.341047,1.339131,1.339703,0,0.001769,-0.002347,-0.000303
2026-03-25 10:00:00,1.3394,1.3408,1.3393,1.3406,3452,1.340098,1.341081,1.339827,1.341047,0,0.000973,-0.001781,-0.000447
2026-03-25 11:00:00,1.3407,1.3418,1.3401,1.3412,4374,1.341243,1.342109,1.340671,1.341569,0,0.001129,-0.002009,-0.000369
2026-03-25 12:00:00,1.3413,1.3425,1.3386,1.3391,11436,1.341808,1.342621,1.339025,1.33935,0,0.003475,-0.004021,-0.00025
2026-03-25 13:00:00,1.3393,1.3398,1.3366,1.3369,8049,1.339809,1.339989,1.33719,1.33719,0,0.00261,-0.003389,-0.00029
2026-03-25 14:00:00,1.337,1.3387,1.3357,1.3382,10590,1.336543,1.338858,1.336005,1.338453,0,0.002695,-0.003158,-0.000253
2026-03-25 15:00:00,1.3382,1.3388,1.3359,1.3369,7023,1.338828,1.339088,1.336361,1.337168,0,0.002439,-0.003188,-0.000268
2026-03-25 16:00:00,1.3368,1.3381,1.3359,1.3376,4531,1.337086,1.338339,1.336246,1.337911,0,0.001854,-0.002439,-0.000311
2026-03-25 17:00:00,1.3376,1.339,1.337,1.3382,7601,1.337965,1.339077,1.337424,1.338491,0,0.001576,-0.002077,-0.000291
2026-03-25 18:00:00,1.3381,1.3383,1.3356,1.3364,3625,1.338367,1.338541,1.336004,1.336577,0,0.002296,-0.002941,-0.000177
2026-03-25 19:00:00,1.3363,1.3365,1.3357,1.3364,1989,1.336412,1.336668,1.335987,1.336507,0,0.000513,-0.000968,-0.000107
2026-03-25 20:00:00,1.3363,1.3364,1.3355,1.3362,1391,1.33655,1.3366,1.335852,1.3366,0,0.000548,-0.0011,-0.0004
2026-03-25 22:00:00,1.336,1.3362,1.3356,1.3359,0,1.336314,1.336548,1.335975,1.33615,0,0.000225,-0.000948,-0.00025
2026-03-25 23:00:00,1.336,1.3361,1.3357,1.3361,246,1.336293,1.336373,1.336066,1.3363,0,3.4e-05,-0.000673,-0.0002
2026-03-26 00:00:00,1.336,1.3364,1.3351,1.3356,1387,1.336212,1.336632,1.335492,1.335996,0,0.000908,-0.001532,-0.000396
2026-03-26 01:00:00,1.3357,1.3364,1.3354,1.336,992,1.336302,1.336577,1.335632,1.336212,0,0.000768,-0.001177,-0.000212
2026-03-26 02:00:00,1.3359,1.336,1.3346,1.3348,935,1.336184,1.33627,1.334998,1.335163,0,0.001002,-0.00167,-0.000363
2026-03-26 03:00:00,1.3348,1.3363,1.3347,1.3362,998,1.335047,1.33657,1.335047,1.336525,0,0.001253,-0.00187,-0.000325
2026-03-26 04:00:00,1.3361,1.3364,1.3361,1.3362,233,1.336477,1.336739,1.336341,1.336607,0,5.9e-05,-0.000639,-0.000407
2026-03-26 05:00:00,1.3363,1.3363,1.3352,1.3352,634,1.336482,1.336614,1.335495,1.335495,0,0.000805,-0.001414,-0.000295
2026-03-26 06:00:00,1.3353,1.3364,1.3349,1.3362,1393,1.335652,1.336668,1.335374,1.336507,0,0.001026,-0.001768,-0.000307
2026-03-26 07:00:00,1.3361,1.3363,1.3342,1.3348,2568,1.336393,1.336393,1.334951,1.334985,0,0.001349,-0.002193,-0.000185
2026-03-26 08:00:00,1.3347,1.3351,1.3334,1.335,4631,1.334759,1.335294,1.333808,1.335283,0,0.001292,-0.001894,-0.000283
2026-03-26 09:00:00,1.335,1.3356,1.3341,1.3351,3369,1.335194,1.335896,1.334554,1.335404,0,0.001046,-0.001796,-0.000304
2026-03-26 10:00:00,1.3351,1.3359,1.3347,1.3351,3986,1.335302,1.336118,1.335117,1.335363,0,0.000783,-0.001418,-0.000263
2026-03-26 11:00:00,1.3351,1.3354,1.3323,1.3323,3289,1.335425,1.335656,1.332644,1.332644,0,0.002756,-0.003356,-0.000344
2026-03-26 12:00:00,1.3324,1.3335,1.3318,1.3328,4709,1.332569,1.333659,1.332356,1.333095,0,0.001144,-0.001859,-0.000295
2026-03-26 13:00:00,1.3328,1.3363,1.3328,1.3352,7661,1.333212,1.336375,1.333212,1.335531,0,0.003088,-0.003575,-0.000331
2026-03-26 14:00:00,1.3352,1.3376,1.3347,1.3359,6782,1.335443,1.337344,1.335053,1.336132,0,0.002547,-0.002644,-0.000232
2026-03-26 15:00:00,1.3359,1.3365,1.3335,1.3347,7847,1.336293,1.336477,1.333822,1.335106,0,0.002678,-0.002977,-0.000406
2026-03-26 16:00:00,1.3347,1.335,1.3331,1.3334,5626,1.335124,1.335169,1.333511,1.333705,0,0.001489,-0.002069,-0.000305
2026-03-26 17:00:00,1.3334,1.3343,1.3316,1.3316,6457,1.333792,1.334358,1.331923,1.331923,0,0.002377,-0.002758,-0.000323
2026-03-26 18:00:00,1.3316,1.3326,1.3315,1.3326,3312,1.331888,1.332836,1.331888,1.332836,0,0.000712,-0.001336,-0.000236
2026-03-26 19:00:00,1.3325,1.3327,1.3309,1.3311,2554,1.33282,1.332866,1.331331,1.331331,0,0.001369,-0.001966,-0.000231
2026-03-26 20:00:00,1.331,1.3365,1.3307,1.3326,8274,1.331187,1.335588,1.331021,1.333276,0,0.005479,-0.004888,-0.000676
2026-03-26 22:00:00,1.3327,1.3337,1.3327,1.3334,0,1.333204,1.334064,1.333204,1.333764,0,0.000496,-0.001364,-0.000364
2026-03-26 23:00:00,1.3335,1.3336,1.3331,1.3332,492,1.33375,1.334015,1.333428,1.33355,0,0.000172,-0.000915,-0.00035
2026-03-27 00:00:00,1.3331,1.3336,1.3319,1.333,1635,1.333509,1.334027,1.332273,1.333356,0,0.001327,-0.002127,-0.000356
2026-03-27 01:00:00,1.333,1.3341,1.3328,1.334,1225,1.333388,1.33441,1.333191,1.334308,0,0.000909,-0.00161,-0.000308
2026-03-27 02:00:00,1.3341,1.3344,1.3336,1.3339,466,1.334581,1.334581,1.333863,1.334168,0,0.000537,-0.000981,-0.000268
2026-03-27 03:00:00,1.3339,1.334,1.3332,1.3336,826,1.334337,1.33441,1.33354,1.334095,0,0.00046,-0.00121,-0.000495
2026-03-27 04:00:00,1.3338,1.3341,1.3337,1.334,386,1.334047,1.334415,1.333974,1.334365,0,0.000126,-0.000715,-0.000365
2026-03-27 05:00:00,1.3339,1.3344,1.3334,1.3337,751,1.334237,1.334696,1.333691,1.333993,0,0.000709,-0.001296,-0.000293
2026-03-27 06:00:00,1.3337,1.3342,1.333,1.3332,1102,1.334102,1.334543,1.333397,1.333504,0,0.000803,-0.001543,-0.000304
2026-03-27 07:00:00,1.3331,1.3332,1.3308,1.331,2768,1.333399,1.333467,1.331223,1.331239,0,0.001977,-0.002667,-0.000239
2026-03-27 08:00:00,1.331,1.3317,1.3305,1.3311,4282,1.331186,1.331943,1.331048,1.331499,0,0.000652,-0.001443,-0.000399
2026-03-27 09:00:00,1.331,1.3313,1.3299,1.3303,3871,1.331549,1.331691,1.330357,1.330617,0,0.000943,-0.001791,-0.000317
2026-03-27 10:00:00,1.3303,1.3315,1.3296,1.3298,3379,1.330672,1.331728,1.330139,1.330198,0,0.001361,-0.002128,-0.000398
2026-03-27 11:00:00,1.3299,1.3301,1.328,1.328,5142,1.330008,1.330391,1.328323,1.328323,0,0.001777,-0.002391,-0.000323
2026-03-27 12:00:00,1.328,1.3283,1.3268,1.3279,5171,1.328185,1.328501,1.327284,1.328247,0,0.001016,-0.001701,-0.000347
2026-03-27 13:00:00,1.3279,1.3303,1.3273,1.3294,6211,1.328085,1.330472,1.327651,1.32954,0,0.002649,-0.003172,-0.00014
2026-03-27 14:00:00,1.3293,1.3315,1.3293,1.3309,6173,1.330005,1.331753,1.330005,1.331154,0,0.001495,-0.002453,-0.000254
2026-03-27 15:00:00,1.3309,1.333,1.3284,1.3288,17781,1.331402,1.333196,1.329087,1.329223,0,0.003913,-0.004796,-0.000423
2026-03-27 16:00:00,1.3289,1.3295,1.3271,1.3274,9951,1.328778,1.329632,1.327427,1.327614,0,0.002073,-0.002532,-0.000214
2026-03-27 17:00:00,1.3274,1.3286,1.3257,1.3264,5474,1.327577,1.327808,1.326075,1.326784,0,0.002525,-0.002108,-0.000384
2026-03-27 18:00:00,1.3265,1.3273,1.326,1.3268,6691,1.326814,1.327336,1.326381,1.327022,0,0.000919,-0.001336,-0.000222
2026-03-27 19:00:00,1.3267,1.3271,1.3261,1.327,2972,1.326985,1.327226,1.326487,1.327151,0,0.000613,-0.001126,-0.000151
2026-03-27 20:00:00,1.3269,1.3274,1.3257,1.3267,2782,1.327022,1.327494,1.32611,1.32611,0,0.001289,-0.001794,0.000589
2026-03-29 23:00:00,1.3237,1.3243,1.3231,1.3234,1290,1.32373,1.324505,1.323488,1.323706,0,0.000812,-0.001405,-0.000306
2026-03-30 00:00:00,1.3236,1.3257,1.323,1.325,1891,1.323942,1.325901,1.323401,1.325191,0,0.002299,-0.002901,-0.000191
2026-03-30 01:00:00,1.325,1.3254,1.3245,1.3247,802,1.325351,1.325652,1.324828,1.324935,0,0.000572,-0.001152,-0.000235
2026-03-30 02:00:00,1.3247,1.326,1.3243,1.3255,774,1.32494,1.326186,1.324591,1.325768,0,0.001409,-0.001886,-0.000268
2026-03-30 03:00:00,1.3255,1.327,1.3255,1.3269,1272,1.325824,1.327212,1.325824,1.327212,0,0.001176,-0.001712,-0.000312
2026-03-30 04:00:00,1.3269,1.3275,1.3266,1.3266,592,1.327168,1.327707,1.326915,1.326915,0,0.000585,-0.001107,-0.000315
2026-03-30 05:00:00,1.3265,1.3274,1.3265,1.327,896,1.326821,1.327656,1.3268,1.327406,0,0.0006,-0.001156,-0.000406
2026-03-30 06:00:00,1.3271,1.3279,1.3263,1.3264,1601,1.327242,1.32809,1.326654,1.326654,0,0.001246,-0.00179,-0.000254
2026-03-30 07:00:00,1.3264,1.3264,1.3239,1.3243,3674,1.326687,1.326687,1.324202,1.32453,0,0.002198,-0.002787,-0.00023
2026-03-30 08:00:00,1.3243,1.3245,1.323,1.3233,3654,1.324337,1.324619,1.323304,1.323529,0,0.001196,-0.001619,-0.000229
2026-03-30 09:00:00,1.3232,1.3239,1.322,1.3234,4682,1.323441,1.323974,1.322711,1.323944,0,0.001189,-0.001974,-0.000544
2026-03-30 10:00:00,1.3234,1.3241,1.3226,1.3227,2280,1.323516,1.324351,1.322869,1.322949,0,0.001231,-0.001751,-0.000249
2026-03-30 11:00:00,1.3227,1.3252,1.3226,1.3229,5218,1.323007,1.324614,1.322975,1.323175,0,0.002225,-0.002014,-0.000275
2026-03-30 12:00:00,1.3229,1.3234,1.3218,1.3226,5694,1.323184,1.3237,1.322162,1.322835,0,0.001238,-0.0019,-0.000235
2026-03-30 13:00:00,1.3226,1.3231,1.3178,1.3181,9104,1.323042,1.323304,1.318176,1.318376,0,0.004924,-0.005504,-0.000276
2026-03-30 14:00:00,1.3182,1.3201,1.3172,1.3195,13998,1.318624,1.320359,1.317587,1.3197,0,0.002513,-0.003159,-0.0002
2026-03-30 15:00:00,1.3196,1.3197,1.3172,1.3188,6207,1.319858,1.319858,1.317514,1.319223,0,0.002186,-0.002658,-0.000423
2026-03-30 16:00:00,1.3187,1.3189,1.3178,1.3188,3159,1.318986,1.319192,1.318299,1.318755,0,0.000601,-0.001392,4.5e-05
2026-03-30 17:00:00,1.3188,1.3194,1.3179,1.3183,5853,1.319063,1.319458,1.318287,1.318428,0,0.001113,-0.001558,-0.000128
2026-03-30 18:00:00,1.3183,1.3192,1.318,1.3183,3262,1.318515,1.319428,1.318465,1.318465,0,0.000736,-0.001428,-0.000165
2026-03-30 19:00:00,1.3182,1.3184,1.3172,1.3183,2335,1.318404,1.318628,1.317688,1.318359,0,0.000712,-0.001428,-5.9e-05
2026-03-30 20:00:00,1.3182,1.3184,1.3176,1.3181,3206,1.318541,1.318632,1.317884,1.318376,0,0.000516,-0.001032,-0.000276
2026-03-30 22:00:00,1.318,1.3184,1.3177,1.3177,0,1.318439,1.318595,1.317978,1.318027,0,0.000422,-0.000895,-0.000327
2026-03-30 23:00:00,1.3176,1.3176,1.3166,1.317,1227,1.31778,1.31778,1.31698,1.317105,0,0.00062,-0.00118,-0.000105
2026-03-31 00:00:00,1.317,1.32,1.3156,1.3198,5651,1.317181,1.320128,1.316113,1.320127,0,0.003887,-0.004528,-0.000327
2026-03-31 01:00:00,1.3198,1.3222,1.3194,1.3207,4325,1.320066,1.322211,1.319759,1.320903,0,0.002441,-0.002811,-0.000203
2026-03-31 02:00:00,1.3207,1.321,1.3203,1.3206,966,1.320915,1.321261,1.320549,1.320964,0,0.000451,-0.000961,-0.000364
2026-03-31 03:00:00,1.3206,1.321,1.3196,1.3197,0,1.320922,1.321269,1.319906,1.31993,0,0.001094,-0.001669,-0.00023
2026-03-31 04:00:00,1.3199,1.3202,1.3194,1.3194,391,1.320059,1.320371,1.319771,1.319789,0,0.000429,-0.000971,-0.000389
2026-03-31 05:00:00,1.3194,1.3209,1.319,1.3199,1577,1.319716,1.321056,1.319326,1.320125,0,0.001574,-0.002056,-0.000225
2026-03-31 06:00:00,1.32,1.3206,1.3191,1.3204,2819,1.319982,1.320765,1.319427,1.320561,0,0.001173,-0.001665,-0.000161
2026-03-31 07:00:00,1.3203,1.3207,1.3188,1.3202,6097,1.320498,1.320927,1.319336,1.320927,0,0.001364,-0.002127,-0.000727
2026-03-31 08:00:00,1.3203,1.3217,1.3197,1.3209,4258,1.32055,1.321854,1.319961,1.321226,0,0.001739,-0.002154,-0.000326
2026-03-31 09:00:00,1.3209,1.3217,1.3204,1.3212,2174,1.32124,1.321924,1.320592,1.321449,0,0.001108,-0.001524,-0.000249
2026-03-31 10:00:00,1.3212,1.3215,1.3194,1.3197,3454,1.321374,1.321587,1.319831,1.319831,0,0.001669,-0.002187,-0.000131
2026-03-31 11:00:00,1.3197,1.3233,1.319,1.3232,8518,1.319972,1.323453,1.319378,1.323075,0,0.003922,-0.004453,0.000125
2026-03-31 12:00:00,1.3233,1.3247,1.3227,1.3234,9790,1.323471,1.324705,1.32301,1.32382,0,0.00169,-0.002005,-0.000419
2026-03-31 13:00:00,1.3235,1.3261,1.3228,1.3259,7677,1.323769,1.326176,1.323119,1.325942,0,0.002981,-0.003376,-4.2e-05
2026-03-31 14:00:00,1.3261,1.3267,1.317,1.3185,32715,1.326244,1.326244,1.317797,1.318993,0,0.008903,-0.009244,-0.000493
2026-03-31 15:00:00,1.3186,1.3216,1.3176,1.3182,18806,1.318689,1.321681,1.317945,1.31839,0,0.003655,-0.004081,-0.00019
2026-03-31 16:00:00,1.3182,1.3233,1.3172,1.3213,15105,1.318195,1.323269,1.317733,1.321589,0,0.005567,-0.00607,-0.000289
2026-03-31 17:00:00,1.3214,1.3246,1.3213,1.3228,7178,1.322041,1.324587,1.322041,1.323124,0,0.002559,-0.003287,-0.000324
2026-03-31 18:00:00,1.3228,1.3245,1.3225,1.3226,4750,1.323096,1.324638,1.322886,1.322953,0,0.001614,-0.002138,-0.000353
2026-03-31 19:00:00,1.3226,1.3237,1.3218,1.3234,6394,1.32279,1.32387,1.322351,1.323602,0,0.001349,-0.00207,-0.000202
2026-03-31 20:00:00,1.3233,1.3239,1.3222,1.3224,2399,1.323574,1.324033,1.322471,1.322762,0,0.001429,-0.001833,-0.000362
2026-03-31 22:00:00,1.3224,1.3233,1.322,1.3228,0,1.322295,1.323206,1.322295,1.323206,0,0.001005,-0.001206,-0.000406
2026-03-31 23:00:00,1.3229,1.3243,1.3227,1.3242,1172,1.323119,1.324379,1.323002,1.324379,0,0.001298,-0.001679,-0.000179
2026-04-01 00:00:00,1.3242,1.3253,1.3238,1.3245,2727,1.324224,1.325388,1.324,1.324667,0,0.0013,-0.001588,-0.000167
2026-04-01 01:00:00,1.3246,1.3246,1.3218,1.3229,2246,1.324447,1.324447,1.322304,1.323184,0,0.002296,-0.002647,-0.000284
2026-04-01 02:00:00,1.323,1.3241,1.3228,1.3237,1011,1.323192,1.324335,1.323105,1.324098,0,0.000995,-0.001535,-0.000398
2026-04-01 03:00:00,1.3237,1.3237,1.3229,1.3231,822,1.323918,1.323933,1.323182,1.323364,0,0.000518,-0.001033,-0.000264
2026-04-01 04:00:00,1.3236,1.3241,1.3232,1.324,575,1.323331,1.324349,1.323282,1.324305,0,0.000818,-0.001149,-0.000305
2026-04-01 05:00:00,1.3241,1.3263,1.3239,1.3255,2254,1.324312,1.326503,1.324207,1.325822,0,0.002093,-0.002603,-0.000322
2026-04-01 06:00:00,1.3254,1.3291,1.3253,1.3287,7113,1.325959,1.329101,1.325585,1.328817,0,0.003515,-0.003801,-0.000117
2026-04-01 07:00:00,1.3287,1.3289,1.3261,1.3264,6655,1.329105,1.329105,1.326628,1.32664,0,0.002272,-0.003005,-0.00024
2026-04-01 08:00:00,1.3263,1.3298,1.326,1.3286,5975,1.326478,1.329966,1.326295,1.329082,0,0.003505,-0.003966,-0.000482
2026-04-01 09:00:00,1.3286,1.3294,1.3275,1.3291,3828,1.328967,1.329418,1.327968,1.329398,0,0.001432,-0.001918,-0.000298
2026-04-01 10:00:00,1.3292,1.3316,1.3291,1.33,6536,1.329375,1.331693,1.329375,1.330208,0,0.002225,-0.002593,-0.000208
2026-04-01 11:00:00,1.33,1.3322,1.3297,1.3319,3503,1.3303,1.332339,1.33001,1.332198,0,0.00219,-0.002639,-0.000298
2026-04-01 12:00:00,1.3319,1.3324,1.3293,1.3302,13942,1.33226,1.332413,1.329846,1.33036,0,0.002554,-0.003113,-0.00016
2026-04-01 13:00:00,1.3304,1.3323,1.329,1.3313,6914,1.330447,1.332397,1.329511,1.331457,0,0.002789,-0.003397,-0.000157
2026-04-01 14:00:00,1.3312,1.3334,1.3301,1.3331,12343,1.331698,1.333508,1.330557,1.333508,0,0.002843,-0.003407,-0.000408
2026-04-01 15:00:00,1.3332,1.3337,1.3315,1.3327,7487,1.333449,1.333506,1.331828,1.333031,0,0.001872,-0.002006,-0.000331
2026-04-01 16:00:00,1.3327,1.3337,1.3312,1.3337,3219,1.332981,1.333901,1.33148,1.333901,0,0.00222,-0.002701,-0.000201
2026-04-01 17:00:00,1.3337,1.3344,1.3312,1.3315,4793,1.333854,1.334378,1.33157,1.33157,0,0.00283,-0.003178,-7e-05
2026-04-01 18:00:00,1.3315,1.3316,1.3293,1.3299,9789,1.331716,1.331716,1.329623,1.33033,0,0.001977,-0.002416,-0.00043
2026-04-01 19:00:00,1.3298,1.3305,1.3291,1.3298,3841,1.329833,1.330553,1.329338,1.330136,0,0.001162,-0.001453,-0.000336
2026-04-01 20:00:00,1.3299,1.3306,1.3298,1.3304,792,1.330099,1.330649,1.330029,1.330541,0,0.000571,-0.000849,-0.000141
2026-04-01 22:00:00,1.3306,1.3308,1.3303,1.3304,0,1.330817,1.331072,1.330467,1.330467,0,0.000333,-0.000772,-6.7e-05
2026-04-01 23:00:00,1.3305,1.3308,1.3299,1.3301,841,1.330743,1.331042,1.330143,1.330238,0,0.000657,-0.001142,-0.000138
2026-04-02 00:00:00,1.33,1.3312,1.3296,1.331,1369,1.330169,1.331462,1.329851,1.331407,0,0.001349,-0.001862,-0.000407
2026-04-02 01:00:00,1.331,1.3319,1.3246,1.3253,7442,1.331297,1.331936,1.325014,1.325502,0,0.006886,-0.007336,-0.000202
2026-04-02 02:00:00,1.3253,1.3262,1.3241,1.3244,1966,1.325486,1.32623,1.324345,1.324763,0,0.001855,-0.00213,-0.000363
2026-04-02 03:00:00,1.3243,1.3247,1.3229,1.3232,1633,1.324423,1.324756,1.323187,1.323382,0,0.001513,-0.001856,-0.000182
2026-04-02 04:00:00,1.3233,1.3237,1.3228,1.3234,1200,1.323544,1.323867,1.322956,1.323551,0,0.000744,-0.001067,-0.000151
2026-04-02 05:00:00,1.3236,1.3236,1.3213,1.3213,1823,1.323697,1.323776,1.321596,1.321596,0,0.002004,-0.002476,-0.000296
2026-04-02 06:00:00,1.3214,1.3222,1.3199,1.3222,6707,1.321648,1.322389,1.320233,1.322389,0,0.001967,-0.002489,-0.000189
2026-04-02 07:00:00,1.3221,1.3223,1.32,1.3215,5733,1.322414,1.322414,1.32028,1.321692,0,0.00202,-0.002414,-0.000192
2026-04-02 08:00:00,1.3216,1.3217,1.3194,1.3199,4071,1.321743,1.321743,1.319632,1.32008,0,0.002068,-0.002343,-0.00018
2026-04-02 09:00:00,1.3199,1.3207,1.3193,1.32,2427,1.320151,1.32084,1.319554,1.320026,0,0.001146,-0.00154,-2.6e-05
2026-04-02 10:00:00,1.32,1.32,1.3184,1.3184,3542,1.320134,1.320134,1.318604,1.318604,0,0.001396,-0.001734,-0.000204
2026-04-02 11:00:00,1.3184,1.32,1.3179,1.3199,5005,1.318564,1.320298,1.31831,1.320298,0,0.00169,-0.002398,-0.000398
2026-04-02 12:00:00,1.32,1.3216,1.3198,1.3213,6117,1.320256,1.32184,1.320256,1.32155,0,0.001344,-0.00204,-0.00025
2026-04-02 13:00:00,1.3212,1.3218,1.32,1.3218,5509,1.32124,1.321875,1.320367,1.321875,0,0.001433,-0.001875,-7.5e-05
2026-04-02 14:00:00,1.3218,1.3248,1.3207,1.3242,19732,1.321896,1.324384,1.321091,1.324384,0,0.003709,-0.003684,-0.000184
2026-04-02 15:00:00,1.3242,1.325,1.3225,1.3236,8600,1.324509,1.325125,1.322893,1.323839,0,0.002107,-0.002625,-0.000239
2026-04-02 16:00:00,1.3237,1.324,1.3224,1.3229,3248,1.323935,1.324152,1.322774,1.323508,0,0.001226,-0.001752,-0.000607
2026-04-02 17:00:00,1.3229,1.324,1.322,1.3223,2252,1.323238,1.324088,1.322377,1.32248,0,0.001623,-0.002088,-0.00018
2026-04-02 18:00:00,1.3224,1.3227,1.3218,1.3222,3500,1.322547,1.322874,1.322225,1.322562,0,0.000475,-0.001074,-0.000363
2026-04-02 19:00:00,1.3221,1.3229,1.322,1.3221,1630,1.32255,1.322883,1.322293,1.322344,0,0.000607,-0.000883,-0.000244
2026-04-02 20:00:00,1.3221,1.3226,1.3219,1.3223,948,1.32223,1.322862,1.32223,1.322681,0,0.00037,-0.000962,-0.000381
2026-04-02 22:00:00,1.3223,1.3224,1.3221,1.3224,0,1.322506,1.322692,1.322398,1.32258,0,2e-06,-0.000592,-0.00018
2026-04-02 23:00:00,1.3223,1.323,1.3223,1.3228,343,1.322627,1.323128,1.322601,1.323023,0,0.000399,-0.000828,-0.000223
2026-04-03 00:00:00,1.3228,1.3236,1.3228,1.3232,828,1.323014,1.32382,1.322965,1.323427,0,0.000635,-0.001019,-0.000227
2026-04-03 01:00:00,1.3232,1.3232,1.3224,1.3225,508,1.323446,1.323446,1.322667,1.322669,0,0.000533,-0.001046,-0.000169
2026-04-03 02:00:00,1.3226,1.323,1.322,1.3225,567,1.322802,1.323192,1.322213,1.322687,0,0.000787,-0.001192,-0.000187
2026-04-03 03:00:00,1.3225,1.3228,1.3224,1.3227,385,1.322739,1.322996,1.32262,1.322982,0,0.00018,-0.000596,-0.000282
2026-04-05 23:00:00,1.319,1.3194,1.3183,1.3184,648,1.319214,1.319293,1.318604,1.318604,0,0.000796,-0.000993,-0.000204
2026-04-06 00:00:00,1.3184,1.3196,1.3184,1.3194,619,1.318788,1.319815,1.318788,1.319723,0,0.000812,-0.001415,-0.000323
2026-04-06 01:00:00,1.3195,1.3199,1.3189,1.3191,680,1.319698,1.31998,1.319124,1.319239,0,0.000776,-0.00108,-0.000139
2026-04-06 02:00:00,1.3192,1.3216,1.3192,1.3208,1480,1.319609,1.32169,1.319538,1.321133,0,0.002062,-0.00249,-0.000333
2026-04-06 03:00:00,1.3209,1.3211,1.3203,1.3204,633,1.321205,1.32135,1.320566,1.320706,0,0.000534,-0.00105,-0.000306
2026-04-06 04:00:00,1.3204,1.3212,1.3204,1.321,290,1.320801,1.321404,1.320791,1.32129,0,0.000409,-0.001004,-0.00029
2026-04-06 05:00:00,1.321,1.3219,1.321,1.3214,424,1.321255,1.322082,1.321255,1.321601,0,0.000645,-0.001082,-0.000201
2026-04-06 06:00:00,1.3213,1.3225,1.3209,1.3217,2658,1.321582,1.32247,1.32122,1.321877,0,0.00128,-0.00157,-0.000177
2026-04-06 07:00:00,1.3217,1.3258,1.3208,1.3251,2459,1.321893,1.325833,1.321046,1.325281,0,0.004754,-0.005033,-0.000181
2026-04-06 08:00:00,1.3252,1.3257,1.3245,1.3247,1912,1.325699,1.325775,1.3247,1.324946,0,0.001,-0.001275,-0.000246
2026-04-06 09:00:00,1.3248,1.3254,1.3241,1.3244,1563,1.325021,1.325539,1.32441,1.32454,0,0.00099,-0.001439,-0.00014
2026-04-06 10:00:00,1.3243,1.3251,1.3233,1.3243,2636,1.324721,1.325263,1.324214,1.324472,0,0.000886,-0.001963,-0.000172
2026-04-06 11:00:00,1.3242,1.3244,1.3231,1.3235,1577,1.324373,1.32457,1.323357,1.323709,0,0.001043,-0.00147,-0.000209
2026-04-06 12:00:00,1.3235,1.3247,1.3232,1.3244,1819,1.323662,1.324889,1.323495,1.324551,0,0.001205,-0.001689,-0.000151
2026-04-06 13:00:00,1.3244,1.3259,1.3241,1.3255,4832,1.324677,1.325968,1.324452,1.325764,0,0.001448,-0.001868,-0.000264
2026-04-06 14:00:00,1.3257,1.3266,1.3235,1.3237,10413,1.326081,1.326814,1.323854,1.323854,0,0.002746,-0.003314,-0.000154
2026-04-06 15:00:00,1.3237,1.3237,1.3221,1.3231,4190,1.323572,1.323572,1.322505,1.323373,0,0.001195,-0.001472,-0.000273
2026-04-06 16:00:00,1.3231,1.3238,1.323,1.3233,2454,1.32352,1.323921,1.323203,1.323502,0,0.000597,-0.000921,-0.000202
2026-04-06 17:00:00,1.3232,1.3233,1.3216,1.3225,1869,1.323234,1.323264,1.321886,1.322678,0,0.001414,-0.001664,-0.000178
2026-04-06 18:00:00,1.3224,1.3242,1.3222,1.3236,3132,1.322641,1.324337,1.322596,1.323762,0,0.001604,-0.002137,-0.000162
2026-04-06 19:00:00,1.3235,1.3238,1.3232,1.3233,1212,1.323672,1.323961,1.323403,1.323411,0,0.000397,-0.000762,-0.000111
2026-04-06 20:00:00,1.3232,1.3235,1.3231,1.3233,445,1.32346,1.323753,1.323346,1.323632,0,0.000154,-0.000653,-0.000332
2026-04-06 22:00:00,1.3232,1.3239,1.3231,1.3231,0,1.323611,1.323679,1.32339,1.323394,0,0.00051,-0.000579,-0.000294
2026-04-06 23:00:00,1.3232,1.3235,1.3228,1.3232,317,1.323362,1.323471,1.323065,1.323382,0,0.000435,-0.000671,-0.000182
2026-04-07 00:00:00,1.3231,1.3236,1.3227,1.3229,1622,1.323313,1.323786,1.323044,1.323115,0,0.000556,-0.001086,-0.000215
2026-04-07 01:00:00,1.3228,1.3234,1.3213,1.3217,742,1.322989,1.32348,1.321657,1.321865,0,0.001743,-0.00218,-0.000165
2026-04-07 02:00:00,1.3217,1.3219,1.321,1.3215,869,1.321919,1.322041,1.321164,1.321744,0,0.000736,-0.001041,-0.000244
2026-04-07 03:00:00,1.3215,1.3224,1.3214,1.3223,0,1.321776,1.322582,1.321713,1.322527,0,0.000687,-0.001182,-0.000227
2026-04-07 04:00:00,1.3224,1.3232,1.3223,1.3231,776,1.322568,1.323392,1.32244,1.323283,0,0.00076,-0.001092,-0.000183
2026-04-07 05:00:00,1.3231,1.3232,1.3216,1.3228,1644,1.323336,1.323371,1.321991,1.323035,0,0.001209,-0.001771,-0.000235
2026-04-07 06:00:00,1.3229,1.3246,1.3224,1.3244,3215,1.322993,1.324807,1.322711,1.324477,0,0.001889,-0.002407,-7.7e-05
2026-04-07 07:00:00,1.3245,1.3246,1.3225,1.3232,3090,1.324489,1.324596,1.322741,1.32329,0,0.001859,-0.002096,-9e-05
2026-04-07 08:00:00,1.3231,1.3283,1.3231,1.3281,8750,1.323403,1.328452,1.323403,1.328452,0,0.004897,-0.005352,-0.000352
2026-04-07 09:00:00,1.3281,1.3282,1.3264,1.3264,3044,1.328281,1.328344,1.326661,1.326661,0,0.001539,-0.001944,-0.000261
2026-04-07 10:00:00,1.3264,1.3266,1.3234,1.3241,7872,1.32654,1.326719,1.323802,1.324375,0,0.002798,-0.003319,-0.000275
2026-04-07 11:00:00,1.3241,1.3246,1.3235,1.3244,2454,1.324375,1.324791,1.323692,1.324575,0,0.000908,-0.001291,-0.000175
2026-04-07 12:00:00,1.3244,1.3263,1.3236,1.3248,5384,1.324633,1.325796,1.324077,1.325123,0,0.002223,-0.002196,-0.000323
2026-04-07 13:00:00,1.3249,1.3255,1.3235,1.3239,6444,1.324951,1.325578,1.323881,1.324168,0,0.001619,-0.002078,-0.000268
2026-04-07 14:00:00,1.3239,1.3266,1.3234,1.3245,9257,1.324147,1.32635,1.323791,1.324621,0,0.002809,-0.00295,-0.000121
2026-04-07 15:00:00,1.3243,1.3253,1.3236,1.3238,7202,1.324591,1.325151,1.323923,1.324068,0,0.001377,-0.001551,-0.000268
2026-04-07 16:00:00,1.3237,1.3256,1.3237,1.3248,5052,1.324012,1.325576,1.324012,1.324975,0,0.001588,-0.001876,-0.000175
2026-04-07 17:00:00,1.3248,1.3264,1.3245,1.326,2283,1.325058,1.326568,1.324807,1.326119,0,0.001593,-0.002068,-0.000119
2026-04-07 18:00:00,1.326,1.3268,1.3253,1.3257,4288,1.326374,1.326918,1.325616,1.325866,0,0.001184,-0.001618,-0.000166
2026-04-07 19:00:00,1.3256,1.3292,1.3253,1.3285,5905,1.325884,1.329338,1.325622,1.328792,0,0.003578,-0.004038,-0.000292
2026-04-07 20:00:00,1.3285,1.3299,1.3284,1.3287,2402,1.328662,1.329954,1.328662,1.329303,0,0.001238,-0.001554,-0.000603
2026-04-07 22:00:00,1.329,1.3374,1.3285,1.3371,0,1.330219,1.337063,1.330219,1.337054,0,0.007181,-0.008563,4.6e-05
2026-04-07 23:00:00,1.3373,1.3408,1.3366,1.3399,8530,1.337294,1.340571,1.337052,1.340084,0,0.003748,-0.003971,-0.000184
2026-04-08 00:00:00,1.34,1.341,1.3378,1.3388,7648,1.340134,1.340858,1.338018,1.338849,0,0.002982,-0.003058,-4.9e-05
2026-04-08 01:00:00,1.3387,1.3414,1.3385,1.3403,4160,1.338702,1.341462,1.338702,1.340402,0,0.002698,-0.002962,-0.000102
2026-04-08 02:00:00,1.3404,1.3412,1.3393,1.3399,1959,1.340562,1.341148,1.339479,1.340014,0,0.001721,-0.001848,-0.000114
2026-04-08 03:00:00,1.3399,1.3403,1.3391,1.3398,1145,1.340161,1.340448,1.339267,1.33998,0,0.001033,-0.001348,-0.00018
2026-04-08 04:00:00,1.3403,1.3416,1.3403,1.3414,1625,1.339963,1.341691,1.339963,1.341589,0,0.001637,-0.001391,-0.000189
2026-04-08 05:00:00,1.3414,1.3444,1.3407,1.3432,4452,1.341657,1.34439,1.341445,1.343288,0,0.002955,-0.00369,-8.8e-05
2026-04-08 06:00:00,1.3432,1.3442,1.3418,1.3428,7705,1.343337,1.344227,1.342044,1.343046,0,0.002156,-0.002427,-0.000246
2026-04-08 07:00:00,1.3429,1.3433,1.3409,1.3423,7304,1.342985,1.343308,1.341279,1.3425,0,0.002021,-0.002408,-0.0002
2026-04-08 08:00:00,1.3422,1.3431,1.3406,1.3426,6159,1.342415,1.343185,1.341018,1.342705,0,0.002082,-0.002585,-0.000106
2026-04-08 09:00:00,1.3426,1.344,1.3419,1.3423,6459,1.342886,1.343952,1.342253,1.34241,0,0.001747,-0.002052,-0.00011
2026-04-08 10:00:00,1.3424,1.3444,1.3422,1.344,2949,1.342484,1.344498,1.342484,1.344209,0,0.001916,-0.002298,-0.000209
2026-04-08 11:00:00,1.344,1.3469,1.3436,1.3465,8198,1.344111,1.346859,1.343707,1.346678,0,0.003193,-0.003259,-0.000178
2026-04-08 12:00:00,1.3465,1.3483,1.3452,1.3472,13286,1.34672,1.348327,1.345893,1.347649,0,0.002407,-0.003127,-0.000449
2026-04-08 13:00:00,1.3471,1.348,1.3438,1.3446,13707,1.347121,1.348156,1.344073,1.344673,0,0.003927,-0.004356,-7.3e-05
2026-04-08 14:00:00,1.3447,1.3458,1.3434,1.3447,12633,1.345042,1.345846,1.343725,1.344928,0,0.002075,-0.002446,-0.000228
2026-04-08 15:00:00,1.3446,1.3447,1.3427,1.3437,9411,1.34474,1.344767,1.342969,1.343904,0,0.001731,-0.002067,-0.000204
2026-04-08 16:00:00,1.3436,1.3437,1.3418,1.3423,3646,1.343806,1.343806,1.341994,1.342446,0,0.001706,-0.002006,-0.000146
2026-04-08 17:00:00,1.3423,1.3426,1.3408,1.3418,4414,1.342431,1.342794,1.34111,1.341758,0,0.00149,-0.001994,4.2e-05
2026-04-08 18:00:00,1.3418,1.3424,1.3383,1.3385,8049,1.341707,1.342513,1.338701,1.338728,0,0.003699,-0.004213,-0.000228
2026-04-08 19:00:00,1.3384,1.3407,1.338,1.3405,4878,1.338319,1.340847,1.338319,1.340847,0,0.002381,-0.002847,-0.000347
2026-04-08 20:00:00,1.3405,1.3407,1.3391,1.3391,1326,1.340768,1.340831,1.339502,1.339506,0,0.001198,-0.001731,-0.000406
2026-04-08 22:00:00,1.3397,1.3405,1.3393,1.3398,0,1.339945,1.340224,1.339472,1.339865,0,0.001028,-0.000924,-6.5e-05
2026-04-08 23:00:00,1.3397,1.3397,1.339,1.3391,677,1.339741,1.339883,1.339246,1.339246,0,0.000454,-0.000883,-0.000146
2026-04-09 00:00:00,1.3391,1.3394,1.3384,1.3389,1235,1.339319,1.339509,1.338597,1.33914,0,0.000803,-0.001109,-0.00024
2026-04-09 01:00:00,1.3389,1.3392,1.3379,1.3389,868,1.339278,1.339278,1.338203,1.339179,0,0.000997,-0.001378,-0.000279
2026-04-09 02:00:00,1.3389,1.3403,1.3386,1.3395,4453,1.339334,1.340096,1.338815,1.339552,0,0.001485,-0.001496,-5.2e-05
2026-04-09 03:00:00,1.3394,1.3398,1.3389,1.3394,867,1.339637,1.339823,1.339116,1.339472,0,0.000684,-0.000924,-7.2e-05
2026-04-09 04:00:00,1.3404,1.3404,1.3396,1.3398,1253,1.339656,1.340614,1.339586,1.340059,0,0.000813,-0.001014,-0.000259
2026-04-09 05:00:00,1.3398,1.3399,1.3388,1.3389,733,1.340026,1.340093,1.338961,1.339108,0,0.000939,-0.001293,-0.000208
2026-04-09 06:00:00,1.339,1.3395,1.3381,1.3392,3169,1.339124,1.339504,1.338324,1.339445,0,0.001176,-0.001404,-0.000245
2026-04-09 07:00:00,1.3394,1.3399,1.338,1.3392,3362,1.339736,1.340057,1.338235,1.339413,0,0.001665,-0.002057,-0.000213
2026-04-09 08:00:00,1.3392,1.3406,1.3382,1.3402,2715,1.339192,1.340749,1.338482,1.340504,0,0.002118,-0.002549,-0.000304
2026-04-09 09:00:00,1.3402,1.3413,1.3398,1.3402,2712,1.340276,1.341214,1.340007,1.340448,0,0.001293,-0.001414,-0.000248
2026-04-09 10:00:00,1.3401,1.3408,1.3395,1.3396,2060,1.340296,1.340957,1.339965,1.340008,0,0.000835,-0.001457,-0.000408
2026-04-09 11:00:00,1.3395,1.3429,1.3394,1.3428,4964,1.339599,1.343028,1.339599,1.34292,0,0.003301,-0.003628,-0.00012
2026-04-09 12:00:00,1.3427,1.3429,1.3406,1.3415,4387,1.342785,1.342936,1.340914,1.341641,0,0.001986,-0.002336,-0.000141
2026-04-09 13:00:00,1.3415,1.3429,1.3412,1.342,5482,1.341644,1.342952,1.341455,1.341987,0,0.001445,-0.001752,1.3e-05
2026-04-09 14:00:00,1.3419,1.3427,1.3403,1.3413,7776,1.341987,1.342792,1.340603,1.341531,0,0.002097,-0.002492,-0.000231
2026-04-09 15:00:00,1.3414,1.3444,1.3402,1.3441,7830,1.341486,1.344401,1.340429,1.344189,0,0.003971,-0.004201,-8.9e-05
2026-04-09 16:00:00,1.344,1.3454,1.3437,1.3444,3891,1.344245,1.345591,1.344099,1.344401,0,0.001301,-0.001891,-0.0
2026-04-09 17:00:00,1.3444,1.3457,1.3444,1.345,3431,1.34454,1.345788,1.34454,1.345104,0,0.001161,-0.001388,-0.000104
2026-04-09 18:00:00,1.345,1.345,1.3429,1.3432,9489,1.345142,1.345178,1.343039,1.343418,0,0.001961,-0.002278,-0.000218
2026-04-09 19:00:00,1.3432,1.3444,1.3429,1.3434,2641,1.343288,1.344462,1.34312,1.343539,0,0.00128,-0.001562,-0.000139
2026-04-09 20:00:00,1.3434,1.3438,1.3429,1.3434,1147,1.343477,1.343725,1.343115,1.343721,0,0.000685,-0.000825,-0.000321
2026-04-09 22:00:00,1.3436,1.3436,1.3423,1.3426,0,1.343613,1.34368,1.342448,1.342624,0,0.001152,-0.00138,-2.4e-05
2026-04-09 23:00:00,1.3427,1.3433,1.3426,1.3428,1227,1.342642,1.343436,1.342642,1.342895,0,0.000658,-0.000836,-9.5e-05
2026-04-10 00:00:00,1.3427,1.3427,1.342,1.3424,764,1.342783,1.342783,1.342157,1.342424,0,0.000543,-0.000783,-2.4e-05
2026-04-10 01:00:00,1.3424,1.343,1.342,1.3427,950,1.3423,1.343183,1.342103,1.342886,0,0.000897,-0.001183,-0.000186
2026-04-10 02:00:00,1.3428,1.3428,1.3419,1.3423,926,1.342943,1.342943,1.342048,1.342486,0,0.000752,-0.001043,-0.000185
2026-04-10 03:00:00,1.3423,1.3425,1.3422,1.3424,409,1.342494,1.342659,1.342255,1.342476,0,0.000245,-0.000459,-7.7e-05
2026-04-10 04:00:00,1.3424,1.3425,1.342,1.342,367,1.342525,1.342651,1.342159,1.342174,0,0.000341,-0.000651,-0.000174
2026-04-10 05:00:00,1.342,1.3421,1.3414,1.3418,581,1.342168,1.342244,1.341513,1.341918,0,0.000587,-0.000844,-0.000118
2026-04-10 06:00:00,1.3417,1.3423,1.3412,1.3416,2608,1.342019,1.342349,1.341446,1.341797,0,0.000854,-0.001149,-0.000197
2026-04-10 07:00:00,1.3416,1.3427,1.341,1.3411,2331,1.341806,1.342808,1.341106,1.341106,0,0.001594,-0.001808,-6e-06
2026-04-10 08:00:00,1.3411,1.3425,1.341,1.3419,2114,1.341265,1.342559,1.341265,1.342071,0,0.001235,-0.001559,-0.000171
2026-04-10 09:00:00,1.342,1.3438,1.3416,1.3437,5410,1.342199,1.344003,1.341819,1.343793,0,0.001981,-0.002403,-9.3e-05
2026-04-10 10:00:00,1.3437,1.3444,1.3433,1.3436,2367,1.343851,1.344413,1.343571,1.34382,0,0.000829,-0.001113,-0.00022
2026-04-10 11:00:00,1.3436,1.3444,1.3435,1.3443,1750,1.343667,1.344514,1.343593,1.344502,0,0.000807,-0.001014,-0.000202
2026-04-10 12:00:00,1.3444,1.347,1.3442,1.3457,6905,1.34442,1.346361,1.34442,1.345775,0,0.00258,-0.002161,-7.5e-05
2026-04-10 13:00:00,1.3456,1.3475,1.3454,1.3461,4916,1.345689,1.347649,1.345689,1.345913,0,0.001811,-0.002249,0.000187
2026-04-10 14:00:00,1.346,1.3478,1.345,1.3459,9827,1.346181,1.347816,1.345574,1.346256,0,0.002226,-0.002816,-0.000355
2026-04-10 15:00:00,1.3459,1.3477,1.3456,1.3456,4708,1.34619,1.347654,1.345833,1.345833,0,0.001867,-0.002054,-0.000233
2026-04-10 16:00:00,1.3457,1.3459,1.3446,1.3455,3117,1.345786,1.346118,1.344912,1.345627,0,0.000988,-0.001518,-0.000127
2026-04-10 17:00:00,1.3455,1.3462,1.3452,1.3456,2082,1.3456,1.346324,1.345433,1.345736,0,0.000767,-0.001125,-0.000136
2026-04-10 18:00:00,1.3456,1.347,1.3452,1.3467,2785,1.345859,1.347148,1.345386,1.346897,0,0.001614,-0.001948,-0.000198
2026-04-10 19:00:00,1.3468,1.347,1.3465,1.3467,1606,1.347117,1.347135,1.346703,1.346925,0,0.000297,-0.000635,-0.000225
2026-04-10 20:00:00,1.3467,1.3469,1.3455,1.3457,2403,1.346823,1.346939,1.345839,1.346212,0,0.001061,-0.001439,-0.000512
2026-04-12 23:00:00,1.3392,1.3394,1.3378,1.3392,1400,1.339472,1.339576,1.338117,1.33929,0,0.001283,-0.001776,-9e-05
2026-04-13 00:00:00,1.3393,1.3401,1.3385,1.34,1326,1.339515,1.340012,1.338652,1.33996,0,0.001448,-0.001512,4e-05
2026-04-13 01:00:00,1.3401,1.3407,1.3397,1.3403,953,1.34045,1.340891,1.339879,1.340393,0,0.000821,-0.001191,-9.3e-05
2026-04-13 02:00:00,1.3402,1.3405,1.3398,1.3403,624,1.340342,1.340625,1.340066,1.34051,0,0.000434,-0.000825,-0.00021
2026-04-13 03:00:00,1.3403,1.3404,1.3398,1.3403,554,1.340511,1.340511,1.340016,1.340434,0,0.000384,-0.000711,-0.000134
2026-04-13 04:00:00,1.3402,1.3406,1.3402,1.3403,562,1.340479,1.340722,1.340321,1.340474,0,0.000279,-0.000522,-0.000174
2026-04-13 05:00:00,1.3404,1.3406,1.3401,1.3404,500,1.340607,1.3407,1.34028,1.340599,0,0.00032,-0.0006,-0.000199
2026-04-13 06:00:00,1.3405,1.3413,1.34,1.341,4141,1.340686,1.34141,1.340296,1.341092,0,0.001004,-0.00141,-9.2e-05
2026-04-13 07:00:00,1.3411,1.3433,1.341,1.343,3425,1.341249,1.343234,1.341249,1.343234,0,0.002051,-0.002234,-0.000234
2026-04-13 08:00:00,1.343,1.3433,1.3422,1.3427,1811,1.343111,1.343404,1.342399,1.342792,0,0.000901,-0.001204,-9.2e-05
2026-04-13 09:00:00,1.3427,1.3432,1.3422,1.3428,1416,1.342877,1.343331,1.342298,1.34292,0,0.000902,-0.001131,-0.00012
2026-04-13 10:00:00,1.3427,1.3434,1.3422,1.3433,1799,1.342945,1.343523,1.342296,1.343391,0,0.001104,-0.001323,-9.1e-05
2026-04-13 11:00:00,1.3434,1.3442,1.3418,1.3418,3002,1.343703,1.344209,1.341954,1.341954,0,0.002246,-0.002409,-0.000154
2026-04-13 12:00:00,1.3417,1.3438,1.3415,1.3435,3874,1.341671,1.343784,1.341671,1.343687,0,0.002128,-0.002284,-0.000187
2026-04-13 13:00:00,1.3435,1.3465,1.3433,1.3451,7247,1.343642,1.346549,1.34347,1.345001,0,0.00303,-0.003249,9.9e-05
2026-04-13 14:00:00,1.3452,1.3465,1.3444,1.3459,9059,1.345368,1.346401,1.34463,1.346116,0,0.00187,-0.002001,-0.000216
2026-04-13 15:00:00,1.3459,1.346,1.3448,1.3457,4453,1.346092,1.346092,1.344905,1.345689,0,0.001095,-0.001292,1.1e-05
2026-04-13 16:00:00,1.3457,1.3481,1.3451,1.3473,9004,1.345891,1.34792,1.345312,1.347449,0,0.002788,-0.00282,-0.000149
2026-04-13 17:00:00,1.3473,1.3491,1.3473,1.3487,4030,1.347413,1.349089,1.347413,1.348863,0,0.001687,-0.001789,-0.000163
2026-04-13 18:00:00,1.3487,1.3507,1.3484,1.3506,8300,1.348918,1.350484,1.348663,1.350484,0,0.002037,-0.002084,0.000116
2026-04-13 19:00:00,1.3506,1.3507,1.3499,1.3504,2776,1.35082,1.35082,1.350065,1.350579,0,0.000635,-0.00092,-0.000179
2026-04-13 20:00:00,1.3504,1.3508,1.3503,1.3505,898,1.35059,1.350886,1.350468,1.350716,0,0.000332,-0.000586,-0.000216
2026-04-13 22:00:00,1.3508,1.3511,1.3504,1.351,0,1.35053,1.351242,1.35053,1.35101,0,0.00057,-0.000842,-1e-05
2026-04-13 23:00:00,1.3509,1.3515,1.3508,1.3514,554,1.35111,1.351616,1.351023,1.351589,0,0.000477,-0.000816,-0.000189
2026-04-14 00:00:00,1.3514,1.3515,1.3507,1.3513,566,1.351543,1.351613,1.350926,1.351324,0,0.000574,-0.000913,-2.4e-05
2026-04-14 01:00:00,1.3513,1.3514,1.3504,1.3504,964,1.351477,1.351516,1.350545,1.350579,0,0.000855,-0.001116,-0.000179
2026-04-14 02:00:00,1.3505,1.3508,1.3503,1.3507,323,1.350574,1.350873,1.350368,1.350849,0,0.000432,-0.000573,-0.000149
2026-04-14 03:00:00,1.3507,1.3516,1.3505,1.3516,0,1.350879,1.351717,1.350612,1.351665,0,0.000988,-0.001217,-6.5e-05
2026-04-14 04:00:00,1.3515,1.352,1.3514,1.3518,550,1.351687,1.35209,1.351503,1.352015,0,0.000497,-0.00069,-0.000215
2026-04-14 05:00:00,1.3518,1.3521,1.351,1.3516,1169,1.351866,1.352113,1.351087,1.351667,0,0.001013,-0.001113,-6.7e-05
2026-04-14 06:00:00,1.3516,1.3526,1.3509,1.3521,3885,1.351706,1.352737,1.351149,1.352179,0,0.001451,-0.001837,-7.9e-05
2026-04-14 07:00:00,1.3521,1.3538,1.352,1.3531,7006,1.352232,1.353806,1.352232,1.353224,0,0.001568,-0.001806,-0.000124
2026-04-14 08:00:00,1.3531,1.3537,1.3526,1.3536,2638,1.353114,1.35386,1.352783,1.353682,0,0.000917,-0.00126,-8.2e-05
2026-04-14 09:00:00,1.3537,1.355,1.3533,1.3541,4054,1.353808,1.354769,1.353506,1.354193,0,0.001494,-0.001469,-9.3e-05
2026-04-14 10:00:00,1.3541,1.3561,1.3539,1.3558,3626,1.354257,1.356258,1.354102,1.355862,0,0.001998,-0.002358,-6.2e-05
2026-04-14 11:00:00,1.3558,1.3577,1.3557,1.3571,5435,1.355936,1.357703,1.355936,1.357703,0,0.001764,-0.002003,-0.000603
2026-04-14 12:00:00,1.3571,1.3588,1.3566,1.3586,7295,1.357047,1.358762,1.356799,1.358574,0,0.002001,-0.002162,2.6e-05
2026-04-14 13:00:00,1.3585,1.3587,1.3568,1.3582,7593,1.358613,1.358721,1.356952,1.358175,0,0.001748,-0.001922,2.5e-05
2026-04-14 14:00:00,1.3582,1.3588,1.3573,1.3585,6150,1.358258,1.358821,1.35748,1.358806,0,0.00132,-0.001521,-0.000306
2026-04-14 15:00:00,1.3586,1.3586,1.3561,1.3561,6497,1.358705,1.358705,1.356305,1.356305,0,0.002295,-0.002605,-0.000206
2026-04-14 16:00:00,1.356,1.3567,1.3557,1.3566,3152,1.356158,1.356777,1.35587,1.356762,0,0.00083,-0.001077,-0.000162
2026-04-14 17:00:00,1.3566,1.3572,1.3563,1.3569,2335,1.356749,1.357278,1.356478,1.357053,0,0.000722,-0.000978,-0.000153
2026-04-14 18:00:00,1.357,1.3571,1.3559,1.3563,2483,1.357093,1.35718,1.356105,1.356274,0,0.000995,-0.00128,2.6e-05
2026-04-14 19:00:00,1.3563,1.3565,1.356,1.3562,2094,1.356293,1.356631,1.356241,1.356353,0,0.000259,-0.000631,-0.000153
2026-04-14 20:00:00,1.3562,1.3568,1.3561,1.3565,1142,1.356265,1.356902,1.356265,1.356712,0,0.000535,-0.000802,-0.000212
2026-04-14 22:00:00,1.3567,1.357,1.3564,1.3566,0,1.356743,1.357123,1.356449,1.356847,0,0.000551,-0.000723,-0.000247
2026-04-14 23:00:00,1.3566,1.3578,1.3566,1.3573,1434,1.356786,1.357805,1.356738,1.357521,0,0.001062,-0.001205,-0.000221
2026-04-15 00:00:00,1.3573,1.3574,1.3564,1.3572,1031,1.357401,1.357438,1.356604,1.357307,0,0.000796,-0.001038,-0.000107
2026-04-15 01:00:00,1.3572,1.3576,1.3567,1.3568,1159,1.357366,1.357738,1.356769,1.356815,0,0.000831,-0.001038,-1.5e-05
2026-04-15 02:00:00,1.3568,1.3569,1.3556,1.3559,825,1.356905,1.356966,1.355759,1.355925,0,0.001141,-0.001366,-2.5e-05
2026-04-15 03:00:00,1.3558,1.3567,1.3557,1.3565,502,1.355949,1.356701,1.35564,1.356613,0,0.00106,-0.001001,-0.000113
2026-04-15 04:00:00,1.3566,1.3567,1.3564,1.3567,146,1.356565,1.356769,1.356388,1.356769,0,0.000312,-0.000369,-6.9e-05
2026-04-15 05:00:00,1.3566,1.3577,1.3563,1.3565,2573,1.356738,1.357762,1.356458,1.356616,0,0.001242,-0.001462,-0.000116
2026-04-15 06:00:00,1.3564,1.3573,1.3556,1.3559,4796,1.356795,1.357383,1.355748,1.356221,0,0.001552,-0.001783,-0.000321
2026-04-15 07:00:00,1.3558,1.3568,1.3555,1.3559,3332,1.355936,1.356887,1.355662,1.355688,0,0.001138,-0.001387,0.000212
2026-04-15 08:00:00,1.3558,1.3567,1.3556,1.3564,1880,1.355954,1.356732,1.355748,1.356427,0,0.000952,-0.001132,-2.7e-05
2026-04-15 09:00:00,1.3564,1.3569,1.3548,1.3556,3445,1.356427,1.356931,1.355021,1.355776,0,0.001879,-0.002131,-0.000176
2026-04-15 10:00:00,1.3556,1.356,1.3542,1.3547,3192,1.355691,1.356078,1.354382,1.355151,0,0.001618,-0.001878,-0.000451
2026-04-15 11:00:00,1.3546,1.3555,1.3542,1.3554,4301,1.354786,1.355546,1.35443,1.35543,0,0.00107,-0.001346,-3.1e-05
2026-04-15 12:00:00,1.3553,1.3558,1.3544,1.3554,3953,1.355344,1.355594,1.354628,1.355475,0,0.001172,-0.001194,-7.5e-05
2026-04-15 13:00:00,1.3554,1.3566,1.3552,1.3556,4418,1.355565,1.356631,1.355432,1.35573,0,0.001168,-0.001431,-0.00013
2026-04-15 14:00:00,1.3557,1.3576,1.3552,1.3568,5613,1.355826,1.357703,1.355476,1.356867,0,0.002124,-0.002503,-6.7e-05
2026-04-15 15:00:00,1.3567,1.3578,1.3565,1.3567,4350,1.356852,1.357843,1.356701,1.35688,0,0.001099,-0.001343,-0.00018
2026-04-15 16:00:00,1.3566,1.3573,1.3565,1.3572,3892,1.356745,1.357427,1.356745,1.357298,0,0.000555,-0.000927,-9.8e-05
2026-04-15 17:00:00,1.3572,1.3573,1.3563,1.3569,1973,1.3573,1.357408,1.356519,1.356972,0,0.000781,-0.001108,-7.2e-05
2026-04-15 18:00:00,1.3568,1.3575,1.3567,1.3574,4447,1.356941,1.357567,1.356863,1.35744,0,0.000637,-0.000867,-4e-05
2026-04-15 19:00:00,1.3574,1.3575,1.3568,1.357,3819,1.357436,1.357624,1.356909,1.357165,0,0.000591,-0.000824,-0.000165
2026-04-15 20:00:00,1.3569,1.357,1.3559,1.3561,2457,1.35706,1.35706,1.355973,1.356122,0,0.001027,-0.00116,-2.2e-05
2026-04-15 22:00:00,1.3555,1.3567,1.3555,1.3567,0,1.356285,1.356812,1.35626,1.35674,0,0.00044,-0.001312,-4e-05
2026-04-15 23:00:00,1.3567,1.3572,1.3567,1.3572,449,1.356764,1.357375,1.356764,1.357296,0,0.000436,-0.000675,-9.6e-05
2026-04-16 00:00:00,1.3572,1.3574,1.3568,1.3573,1651,1.357377,1.357423,1.356891,1.357397,0,0.000509,-0.000623,-9.7e-05
2026-04-16 01:00:00,1.3572,1.3574,1.356,1.3568,1958,1.35734,1.35758,1.356192,1.356874,0,0.001208,-0.00158,-7.4e-05
2026-04-16 02:00:00,1.3568,1.3585,1.3568,1.3584,1039,1.356933,1.358567,1.356893,1.358567,0,0.001607,-0.001767,-0.000167
2026-04-16 03:00:00,1.3585,1.3593,1.358,1.358,1380,1.358605,1.359446,1.358026,1.358221,0,0.001274,-0.001446,-0.000221
2026-04-16 04:00:00,1.3578,1.3581,1.3575,1.3576,315,1.358124,1.35822,1.357574,1.357711,0,0.000526,-0.00072,-0.000111
2026-04-16 05:00:00,1.3575,1.3577,1.3565,1.3569,1216,1.357674,1.357698,1.35674,1.357025,0,0.00096,-0.001198,-0.000125
2026-04-16 06:00:00,1.357,1.3586,1.3562,1.3575,3942,1.357298,1.357888,1.356456,1.357556,0,0.002144,-0.001688,-5.6e-05
2026-04-16 07:00:00,1.3575,1.3579,1.3556,1.3558,3635,1.357764,1.358017,1.355859,1.356026,0,0.002041,-0.002417,-0.000226
2026-04-16 08:00:00,1.3557,1.356,1.3547,1.3549,3387,1.355846,1.356055,1.354859,1.355091,0,0.001141,-0.001355,-0.000191
2026-04-16 09:00:00,1.3549,1.3551,1.3536,1.3538,2907,1.354958,1.35525,1.353673,1.353867,0,0.001427,-0.00165,-6.7e-05
2026-04-16 10:00:00,1.3538,1.3544,1.3531,1.3543,2625,1.353905,1.354465,1.353235,1.354313,0,0.001165,-0.001365,-1.3e-05
2026-04-16 11:00:00,1.3543,1.3552,1.3542,1.3545,2544,1.354474,1.355274,1.354474,1.354692,0,0.000726,-0.001074,-0.000192
2026-04-16 12:00:00,1.3546,1.3548,1.3536,1.3546,4898,1.354705,1.354936,1.353816,1.354749,0,0.000984,-0.001336,-0.000149
2026-04-16 13:00:00,1.3545,1.3554,1.3534,1.354,4847,1.354687,1.355394,1.353662,1.353775,0,0.001738,-0.001994,0.000225
2026-04-16 14:00:00,1.3541,1.3548,1.3516,1.3521,12952,1.354169,1.354784,1.351693,1.352267,0,0.003107,-0.003184,-0.000167
2026-04-16 15:00:00,1.352,1.3537,1.3517,1.3537,5845,1.352144,1.353673,1.351887,1.353673,0,0.001813,-0.001973,2.7e-05
2026-04-16 16:00:00,1.3537,1.3543,1.352,1.3527,4123,1.353836,1.354369,1.352258,1.352766,0,0.002042,-0.002369,-6.6e-05
2026-04-16 17:00:00,1.3528,1.3529,1.352,1.3524,1735,1.352931,1.352951,1.352186,1.352327,0,0.000714,-0.000951,7.3e-05
2026-04-16 18:00:00,1.3524,1.3532,1.3523,1.353,3364,1.352483,1.353365,1.352483,1.353171,0,0.000717,-0.001065,-0.000171
2026-04-16 19:00:00,1.3531,1.3534,1.3527,1.3528,2573,1.353158,1.353462,1.352752,1.352947,0,0.000648,-0.000762,-0.000147
2026-04-16 20:00:00,1.3528,1.353,1.3523,1.3525,1031,1.352971,1.35309,1.352486,1.352686,0,0.000514,-0.00079,-0.000186
2026-04-16 22:00:00,1.3525,1.3536,1.3523,1.3531,0,1.35264,1.353532,1.35264,1.353178,0,0.00096,-0.001232,-7.8e-05
2026-04-16 23:00:00,1.353,1.3532,1.3524,1.3525,197,1.353156,1.353273,1.352552,1.3526,0,0.000648,-0.000873,-0.0001
2026-04-17 00:00:00,1.3524,1.3525,1.3517,1.352,599,1.35249,1.352627,1.351949,1.352073,0,0.000551,-0.000927,-7.3e-05
2026-04-17 01:00:00,1.352,1.3521,1.3513,1.3516,936,1.35209,1.352166,1.351532,1.351718,0,0.000568,-0.000866,-0.000118
2026-04-17 02:00:00,1.3516,1.3519,1.3513,1.3518,521,1.351687,1.351995,1.351242,1.351995,0,0.000658,-0.000695,-0.000195
2026-04-17 03:00:00,1.3519,1.3527,1.3514,1.3524,367,1.351972,1.352662,1.351598,1.352591,0,0.001102,-0.001262,-0.000191
2026-04-17 04:00:00,1.3524,1.3525,1.3521,1.3521,494,1.352534,1.352602,1.352159,1.352294,0,0.000341,-0.000502,-0.000194
2026-04-17 05:00:00,1.3521,1.3521,1.3516,1.3519,575,1.352208,1.352208,1.351704,1.352031,0,0.000396,-0.000608,-0.000131
2026-04-17 06:00:00,1.3517,1.3517,1.3504,1.3504,2737,1.351665,1.351866,1.350565,1.350628,0,0.001135,-0.001467,-0.000229
2026-04-17 07:00:00,1.3505,1.3525,1.3505,1.3524,3380,1.350701,1.352479,1.350701,1.352431,0,0.001799,-0.001979,-3.1e-05
2026-04-17 08:00:00,1.3524,1.3533,1.3515,1.353,1755,1.35247,1.353271,1.351783,1.353156,0,0.001517,-0.001771,-0.000156
2026-04-17 09:00:00,1.353,1.3539,1.3526,1.3531,2005,1.353136,1.353924,1.352752,1.353176,0,0.001148,-0.001324,-7.6e-05
2026-04-17 10:00:00,1.3531,1.3536,1.3519,1.3522,2190,1.353076,1.353572,1.35215,1.352274,0,0.00145,-0.001672,-7.4e-05
2026-04-17 11:00:00,1.3522,1.3534,1.3519,1.3529,1939,1.352322,1.353486,1.351965,1.352984,0,0.001435,-0.001586,-8.4e-05
2026-04-17 12:00:00,1.3529,1.3584,1.3528,1.3583,12006,1.35303,1.358365,1.352942,1.358205,0,0.005458,-0.005565,9.5e-05
2026-04-17 13:00:00,1.3583,1.3598,1.3559,1.3573,17788,1.35828,1.359884,1.356287,1.357556,0,0.003513,-0.003984,-0.000256
2026-04-17 14:00:00,1.3573,1.3588,1.3567,1.3569,12495,1.357412,1.358825,1.356997,1.357156,0,0.001803,-0.002125,-0.000256
2026-04-17 15:00:00,1.3569,1.3569,1.3549,1.3553,10733,1.356944,1.356944,1.35506,1.355394,0,0.00184,-0.002044,-9.4e-05
2026-04-17 16:00:00,1.3553,1.3559,1.3543,1.3553,3563,1.35543,1.355894,1.354668,1.355333,0,0.001232,-0.001594,-3.3e-05
2026-04-17 17:00:00,1.3552,1.3552,1.3539,1.3551,3455,1.355337,1.355337,1.354237,1.355089,0,0.000963,-0.001437,1.1e-05
2026-04-17 18:00:00,1.3551,1.3554,1.3532,1.3535,2881,1.355243,1.355289,1.353325,1.353563,0,0.002075,-0.002089,-6.3e-05
2026-04-17 19:00:00,1.3534,1.3539,1.3516,1.3519,6337,1.353533,1.353913,1.35172,1.35172,0,0.00218,-0.002313,0.00018
2026-04-17 20:00:00,1.3519,1.3535,1.3512,1.3535,3438,1.35187,1.352236,1.351384,1.351941,0,0.002116,-0.001036,0.001559
2026-04-20 09:00:00,1.3535,1.3535,1.3498,1.3518,2583,1.350138,1.351866,1.349956,1.351866,0,0.003544,-0.002066,-6.7e-05
2026-04-20 10:00:00,1.3517,1.3535,1.3509,1.3515,2243,1.351322,1.351983,1.351138,1.351793,0,0.002362,-0.001083,-0.000293
2026-04-20 11:00:00,1.3516,1.3535,1.3513,1.3518,4232,1.351861,1.352646,1.351581,1.351909,0,0.001919,-0.001346,-0.000109
2026-04-20 12:00:00,1.3518,1.3518,1.3504,1.3514,2594,1.35183,1.35183,1.35064,1.351616,0,0.00116,-0.00143,-0.000216
2026-04-20 13:00:00,1.3515,1.3536,1.3511,1.3532,7722,1.351432,1.353577,1.351297,1.353314,0,0.002303,-0.002477,-0.000114
2026-04-20 14:00:00,1.3531,1.3531,1.3506,1.3523,8456,1.352925,1.353041,1.351731,1.35236,0,0.001369,-0.002441,-6e-05
2026-04-20 15:00:00,1.3522,1.3543,1.3517,1.3539,4945,1.352572,1.354391,1.351828,1.353984,0,0.002472,-0.002692,-8.4e-05
2026-04-20 16:00:00,1.3539,1.3543,1.3535,1.3537,3210,1.354246,1.354369,1.353614,1.35373,0,0.000686,-0.000869,-3e-05
2026-04-20 17:00:00,1.3537,1.3543,1.3531,1.3534,2003,1.353957,1.354067,1.353187,1.353479,0,0.001113,-0.000967,-7.9e-05
2026-04-20 18:00:00,1.3534,1.3542,1.353,1.3531,5088,1.353599,1.354177,1.353251,1.353312,0,0.000949,-0.001177,-0.000212
2026-04-20 19:00:00,1.3532,1.3541,1.3531,1.3533,2947,1.353425,1.354151,1.353253,1.353253,0,0.000847,-0.001051,4.7e-05
2026-04-20 20:00:00,1.3532,1.3538,1.3529,1.3533,2017,1.353182,1.35385,1.353079,1.353444,0,0.000721,-0.00095,-0.000144
2026-04-20 22:00:00,1.3534,1.3538,1.3532,1.3537,0,1.353488,1.353821,1.353271,1.353821,0,0.000529,-0.000621,-0.000121
2026-04-20 23:00:00,1.3539,1.3539,1.3529,1.353,271,1.35388,1.35388,1.353055,1.353088,0,0.000844,-0.00098,-8.8e-05
2026-04-21 00:00:00,1.3531,1.3531,1.3522,1.3524,1140,1.353121,1.353121,1.352276,1.352446,0,0.000824,-0.000921,-4.6e-05
2026-04-21 01:00:00,1.3523,1.3529,1.3522,1.3524,703,1.352331,1.352927,1.352331,1.352424,0,0.000569,-0.000727,-2.4e-05
2026-04-21 02:00:00,1.3524,1.3525,1.3519,1.3521,458,1.352421,1.352688,1.352053,1.352194,0,0.000447,-0.000788,-9.4e-05
2026-04-21 03:00:00,1.352,1.3521,1.3514,1.3517,0,1.352172,1.352185,1.351556,1.351764,0,0.000544,-0.000785,-6.4e-05
2026-04-21 04:00:00,1.3517,1.3517,1.3513,1.3514,491,1.351815,1.351859,1.35149,1.351505,0,0.00021,-0.000559,-0.000105
2026-04-21 05:00:00,1.3514,1.3525,1.3514,1.3517,1288,1.351508,1.352556,1.351508,1.351837,0,0.000992,-0.001156,-0.000137
2026-04-21 06:00:00,1.3517,1.3532,1.3515,1.3519,4424,1.352133,1.352861,1.351779,1.352011,0,0.001421,-0.001361,-0.000111
2026-04-21 07:00:00,1.3519,1.3521,1.3506,1.3507,3089,1.352093,1.352177,1.350738,1.350738,0,0.001362,-0.001577,-3.8e-05
2026-04-21 08:00:00,1.3506,1.3509,1.3482,1.3502,18349,1.350747,1.350871,1.348334,1.350306,0,0.002566,-0.002671,-0.000106
2026-04-21 09:00:00,1.3502,1.3507,1.3495,1.3502,3011,1.350355,1.350776,1.349591,1.350299,0,0.001109,-0.001276,-9.8e-05
2026-04-21 10:00:00,1.3501,1.351,1.3499,1.351,1734,1.350253,1.351169,1.350253,1.351169,0,0.000747,-0.001269,-0.000169
2026-04-21 11:00:00,1.351,1.3523,1.3505,1.3518,3604,1.351065,1.352366,1.350738,1.35187,0,0.001562,-0.001866,-7e-05
2026-04-21 12:00:00,1.3518,1.3521,1.3506,1.3515,4495,1.35191,1.352254,1.350941,1.351392,0,0.001159,-0.001654,0.000108
2026-04-21 13:00:00,1.3515,1.3528,1.3513,1.3524,3959,1.351625,1.352768,1.351625,1.352481,0,0.001175,-0.001468,-8.1e-05
2026-04-21 14:00:00,1.3524,1.3538,1.3507,1.3508,9585,1.352452,1.353951,1.350893,1.350937,0,0.002907,-0.003251,-0.000137
2026-04-21 15:00:00,1.3508,1.3519,1.3498,1.3509,6503,1.350773,1.352022,1.349936,1.351085,0,0.001964,-0.002222,-0.000185
2026-04-21 16:00:00,1.351,1.3514,1.3495,1.3497,3506,1.351231,1.351401,1.349792,1.349792,0,0.001608,-0.001901,-9.2e-05
2026-04-21 17:00:00,1.3497,1.3525,1.3474,1.3504,11775,1.349786,1.351991,1.347645,1.35061,0,0.004855,-0.004591,-0.00021
2026-04-21 18:00:00,1.3505,1.3507,1.3483,1.3503,8119,1.350756,1.350806,1.348485,1.350373,0,0.002215,-0.002506,-7.3e-05
2026-04-21 19:00:00,1.3503,1.3514,1.347,1.3481,9385,1.350386,1.351309,1.347691,1.348196,0,0.003709,-0.004309,-9.6e-05
2026-04-21 20:00:00,1.348,1.3512,1.3476,1.3506,6187,1.348103,1.351388,1.347767,1.350904,0,0.003433,-0.003788,-0.000304
2026-04-21 22:00:00,1.3501,1.3504,1.35,1.3502,0,1.350446,1.350536,1.350207,1.350282,0,0.000193,-0.000536,-8.2e-05
2026-04-21 23:00:00,1.35,1.3509,1.35,1.3508,344,1.350299,1.351037,1.350209,1.350961,0,0.000691,-0.001037,-0.000161
2026-04-22 00:00:00,1.3508,1.352,1.3507,1.3508,2331,1.351191,1.352037,1.350964,1.350964,0,0.001036,-0.001337,-0.000164
2026-04-22 01:00:00,1.3509,1.3513,1.3502,1.351,839,1.35141,1.351505,1.350464,1.351039,0,0.000836,-0.001305,-3.9e-05
2026-04-22 02:00:00,1.3511,1.3513,1.3504,1.3504,424,1.351149,1.351434,1.350594,1.350594,0,0.000706,-0.001034,-0.000194
2026-04-22 03:00:00,1.3504,1.3511,1.3502,1.3507,785,1.350532,1.351205,1.350373,1.350716,0,0.000727,-0.001005,-1.6e-05
2026-04-22 04:00:00,1.3509,1.351,1.3504,1.3506,437,1.350785,1.351123,1.350656,1.350795,0,0.000344,-0.000723,-0.000195
2026-04-22 05:00:00,1.3507,1.3534,1.3506,1.3523,2412,1.350869,1.353352,1.3508,1.352455,0,0.0026,-0.002752,-0.000155
2026-04-22 06:00:00,1.3524,1.3529,1.3514,1.3516,3392,1.352461,1.352492,1.351543,1.351689,0,0.001357,-0.001092,-8.9e-05
2026-04-22 07:00:00,1.3516,1.3526,1.3509,1.3525,2372,1.351972,1.352746,1.351174,1.352746,0,0.001426,-0.001846,-0.000246
2026-04-22 08:00:00,1.3526,1.3531,1.352,1.3528,2741,1.352777,1.353182,1.352192,1.352893,0,0.000908,-0.001182,-9.3e-05
2026-04-22 09:00:00,1.3527,1.3534,1.3518,1.3519,2520,1.353032,1.353515,1.352031,1.352078,0,0.001369,-0.001715,-0.000178
2026-04-22 10:00:00,1.3519,1.3522,1.3513,1.3521,1716,1.35196,1.352366,1.351532,1.352163,0,0.000668,-0.001066,-6.3e-05
2026-04-22 11:00:00,1.3521,1.3521,1.3498,1.3502,2738,1.351958,1.352047,1.349989,1.350178,0,0.002111,-0.002247,2.2e-05
2026-04-22 12:00:00,1.3502,1.3508,1.3492,1.3493,3949,1.350388,1.350756,1.349271,1.349524,0,0.001529,-0.001556,-0.000224
2026-04-22 13:00:00,1.3493,1.3523,1.3491,1.3518,8159,1.349408,1.352283,1.349355,1.35177,0,0.002945,-0.003183,3e-05
2026-04-22 14:00:00,1.3518,1.3523,1.3498,1.3498,6001,1.351808,1.352417,1.349978,1.349978,0,0.002322,-0.002617,-0.000178
2026-04-22 15:00:00,1.3499,1.3508,1.3493,1.3502,7391,1.349861,1.35088,1.349661,1.350353,0,0.001139,-0.00158,-0.000153
2026-04-22 16:00:00,1.3503,1.3506,1.3494,1.3503,4884,1.350452,1.350641,1.349641,1.350475,0,0.000959,-0.001241,-0.000175
2026-04-22 17:00:00,1.3503,1.3515,1.3503,1.351,3075,1.350357,1.351589,1.350357,1.351092,0,0.001143,-0.001289,-9.2e-05
2026-04-22 18:00:00,1.3509,1.3511,1.3504,1.3505,2528,1.350973,1.351238,1.350457,1.350565,0,0.000643,-0.000838,-6.5e-05
2026-04-22 19:00:00,1.3505,1.3508,1.35,1.3503,2100,1.350397,1.350968,1.350173,1.350384,0,0.000627,-0.000968,-8.4e-05
2026-04-22 20:00:00,1.3502,1.3504,1.3497,1.35,1951,1.350302,1.350477,1.349952,1.350286,0,0.000448,-0.000777,-0.000286
2026-04-22 22:00:00,1.3503,1.3503,1.3499,1.35,0,1.350408,1.350408,1.350085,1.350218,0,0.000215,-0.000508,-0.000218
2026-04-22 23:00:00,1.35,1.3501,1.3499,1.3499,269,1.350173,1.350253,1.349981,1.349981,0,0.000119,-0.000353,-8.1e-05
2026-04-23 00:00:00,1.3499,1.351,1.3478,1.3507,7176,1.349967,1.350972,1.347998,1.350762,0,0.003002,-0.003172,-6.2e-05
2026-04-23 01:00:00,1.3507,1.3509,1.3498,1.3498,866,1.350917,1.350917,1.349923,1.349923,0,0.000977,-0.001117,-0.000123
2026-04-23 02:00:00,1.3499,1.3499,1.3484,1.3486,1022,1.350063,1.350063,1.348596,1.348596,0,0.001304,-0.001663,4e-06
2026-04-23 03:00:00,1.3486,1.349,1.3481,1.3484,903,1.348558,1.348992,1.348276,1.34847,0,0.000724,-0.000892,-7e-05
2026-04-23 04:00:00,1.3484,1.349,1.3483,1.349,543,1.34858,1.349089,1.348369,1.349089,0,0.000631,-0.000789,-8.9e-05
2026-04-23 05:00:00,1.3489,1.3493,1.3487,1.3492,633,1.348976,1.349309,1.348829,1.349309,0,0.000471,-0.000609,-0.000109
2026-04-23 06:00:00,1.3493,1.3496,1.3486,1.3491,3553,1.348967,1.349708,1.348816,1.349238,0,0.000784,-0.001108,-0.000138
2026-04-23 07:00:00,1.3491,1.3499,1.348,1.3488,3194,1.349005,1.349788,1.348247,1.348942,0,0.001653,-0.001788,-0.000142
2026-04-23 08:00:00,1.3488,1.3508,1.3485,1.3504,5020,1.348998,1.350687,1.34866,1.350581,0,0.002141,-0.002187,-0.000181
2026-04-23 09:00:00,1.3503,1.3506,1.349,1.3499,6768,1.350386,1.350769,1.349269,1.350054,0,0.001331,-0.001769,-0.000154
2026-04-23 10:00:00,1.3499,1.3502,1.3483,1.3484,3061,1.350207,1.350317,1.348441,1.348541,0,0.001759,-0.002017,-0.000141
2026-04-23 11:00:00,1.3484,1.3512,1.3482,1.3505,4300,1.348547,1.351061,1.34845,1.350661,0,0.00275,-0.002861,-0.000161
2026-04-23 12:00:00,1.3504,1.3509,1.3484,1.3487,7912,1.350494,1.350983,1.348616,1.348749,0,0.002284,-0.002583,-4.9e-05
2026-04-23 13:00:00,1.3487,1.3501,1.3477,1.3496,7273,1.348756,1.350038,1.348069,1.349965,0,0.002031,-0.002338,-0.000365
2026-04-23 14:00:00,1.3497,1.3518,1.3491,1.3509,5873,1.349533,1.35183,1.349273,1.351056,0,0.002527,-0.00273,-0.000155
2026-04-23 15:00:00,1.351,1.3511,1.349,1.3493,5251,1.351068,1.3512,1.349054,1.349366,0,0.002046,-0.0022,-6.6e-05
2026-04-23 16:00:00,1.3492,1.3493,1.3485,1.3491,2274,1.349258,1.349373,1.348749,1.349253,0,0.000551,-0.000873,-0.000153
2026-04-23 17:00:00,1.3491,1.3492,1.3446,1.3476,18716,1.349282,1.349282,1.34491,1.347758,0,0.00429,-0.004682,-0.000158
2026-04-23 18:00:00,1.3477,1.3485,1.347,1.3473,6486,1.347798,1.348461,1.347306,1.347306,0,0.001194,-0.001461,-6e-06
2026-04-23 19:00:00,1.3472,1.3474,1.346,1.3467,2138,1.347397,1.347397,1.346285,1.346863,0,0.001115,-0.001397,-0.000163
2026-04-23 20:00:00,1.3466,1.3467,1.346,1.3465,831,1.34672,1.34676,1.346198,1.346584,0,0.000502,-0.00076,-8.4e-05
2026-04-23 22:00:00,1.3465,1.3467,1.3464,1.3467,0,1.346872,1.346872,1.346553,1.346769,0,0.000147,-0.000472,-6.9e-05
2026-04-23 23:00:00,1.3466,1.3467,1.3462,1.3465,268,1.346818,1.346818,1.346362,1.346602,0,0.000337,-0.000618,-0.000102
2026-04-24 00:00:00,1.3465,1.347,1.3463,1.3467,816,1.346602,1.347121,1.346538,1.346881,0,0.000462,-0.000821,-0.000181
2026-04-24 01:00:00,1.3467,1.3471,1.3463,1.3471,545,1.346803,1.347246,1.346502,1.347211,0,0.000598,-0.000946,-0.000111
2026-04-24 02:00:00,1.3472,1.3472,1.3457,1.3459,462,1.347117,1.347168,1.345969,1.346063,0,0.001231,-0.001468,-0.000163
2026-04-24 03:00:00,1.346,1.346,1.3452,1.3458,635,1.346151,1.346151,1.345361,1.345989,0,0.000639,-0.000951,-0.000189
2026-04-24 04:00:00,1.3459,1.3463,1.3457,1.3461,502,1.345946,1.346377,1.345795,1.346256,0,0.000505,-0.000677,-0.000156
2026-04-24 05:00:00,1.3462,1.3466,1.3459,1.3464,801,1.346364,1.346696,1.346047,1.346607,0,0.000553,-0.000796,-0.000207
2026-04-24 06:00:00,1.3466,1.3468,1.3459,1.3463,4182,1.346776,1.346908,1.346083,1.346303,0,0.000717,-0.001008,-3e-06
2026-04-24 07:00:00,1.3463,1.3479,1.3459,1.3476,1882,1.346239,1.347961,1.346035,1.347876,0,0.001866,-0.002061,-0.000276
2026-04-24 08:00:00,1.3475,1.3484,1.347,1.3476,3463,1.34764,1.348352,1.34713,1.347631,0,0.00127,-0.001352,-3.1e-05
2026-04-24 09:00:00,1.3476,1.3483,1.3473,1.348,2585,1.347736,1.348443,1.347493,1.348234,0,0.000807,-0.001143,-0.000234
2026-04-24 10:00:00,1.3482,1.3492,1.3477,1.3491,3414,1.348196,1.349218,1.3479,1.349193,0,0.0013,-0.001518,-9.3e-05
2026-04-24 11:00:00,1.3492,1.3504,1.3486,1.3494,10012,1.349291,1.350326,1.348872,1.349408,0,0.001528,-0.001726,-8e-06
2026-04-24 12:00:00,1.3495,1.3502,1.3483,1.3501,6979,1.349708,1.350116,1.348656,1.350116,0,0.001544,-0.001816,-1.6e-05
2026-04-24 13:00:00,1.3501,1.3501,1.3486,1.3496,4876,1.350109,1.35018,1.34869,1.349761,0,0.00141,-0.00158,-0.000161
2026-04-24 14:00:00,1.3495,1.3514,1.3489,1.3499,9242,1.349681,1.351339,1.349621,1.350032,0,0.001779,-0.002439,-0.000132
2026-04-24 15:00:00,1.3499,1.3519,1.3491,1.3514,11450,1.350063,1.351854,1.34936,1.351543,0,0.00254,-0.002754,-0.000143
2026-04-24 16:00:00,1.3515,1.3521,1.3508,1.352,3321,1.351658,1.352186,1.350928,1.35213,0,0.001172,-0.001386,-0.00013
2026-04-24 17:00:00,1.3519,1.3527,1.3517,1.3519,4205,1.352068,1.352263,1.351824,1.351983,0,0.000876,-0.000563,-8.3e-05
2026-04-24 18:00:00,1.3518,1.3529,1.3517,1.3527,4055,1.351801,1.352925,1.351801,1.35281,0,0.001099,-0.001225,-0.00011
2026-04-24 19:00:00,1.3528,1.3532,1.3526,1.3531,2127,1.352882,1.353297,1.352733,1.353292,0,0.000467,-0.000697,-0.000192
2026-04-24 20:00:00,1.3531,1.3537,1.3527,1.3527,3449,1.353387,1.353667,1.352971,1.35327,0,0.000729,-0.000967,-0.00057
2026-04-26 23:00:00,1.3513,1.3517,1.3513,1.3513,287,1.351534,1.351826,1.35137,1.351424,0,0.00033,-0.000526,-0.000124
2026-04-27 00:00:00,1.3513,1.3523,1.3512,1.3521,1200,1.351479,1.352155,1.351278,1.352155,0,0.001022,-0.000955,-5.5e-05
2026-04-27 01:00:00,1.3522,1.3536,1.3522,1.3533,1373,1.352393,1.353675,1.352393,1.353436,0,0.001207,-0.001474,-0.000136
2026-04-27 02:00:00,1.3534,1.354,1.3529,1.3538,621,1.353601,1.354059,1.353052,1.353986,0,0.000948,-0.001159,-0.000186
2026-04-27 03:00:00,1.3538,1.3548,1.3538,1.3544,1043,1.353894,1.354848,1.353894,1.354573,0,0.000906,-0.001048,-0.000173
2026-04-27 04:00:00,1.3543,1.3546,1.3539,1.354,4320,1.354426,1.354683,1.354005,1.354151,0,0.000595,-0.000783,-0.000151
2026-04-27 05:00:00,1.354,1.354,1.3532,1.3532,616,1.354078,1.354151,1.3534,1.3534,0,0.0006,-0.000951,-0.0002
2026-04-27 06:00:00,1.3533,1.3538,1.3524,1.3535,1645,1.353381,1.353913,1.352631,1.353583,0,0.001169,-0.001513,-8.3e-05
2026-04-27 07:00:00,1.3535,1.3547,1.3534,1.3544,2523,1.35362,1.354665,1.35351,1.354646,0,0.00119,-0.001265,-0.000246
2026-04-27 08:00:00,1.3544,1.3557,1.3542,1.3553,3211,1.354573,1.355803,1.354243,1.355454,0,0.001457,-0.001603,-0.000154
2026-04-27 09:00:00,1.3554,1.3556,1.3547,1.355,2015,1.355436,1.355657,1.35483,1.355124,0,0.00077,-0.000957,-0.000124
2026-04-27 10:00:00,1.3549,1.3563,1.3548,1.3559,3001,1.354977,1.356355,1.354977,1.356043,0,0.001323,-0.001555,-0.000142
2026-04-27 11:00:00,1.356,1.3561,1.3554,1.3558,2079,1.356153,1.356171,1.355491,1.355896,0,0.000609,-0.000771,-9.5e-05
2026-04-27 12:00:00,1.3558,1.3575,1.3548,1.3548,8049,1.356043,1.357589,1.35516,1.35516,0,0.002339,-0.002789,-0.00036
2026-04-27 13:00:00,1.3549,1.356,1.3537,1.3544,11771,1.354775,1.355914,1.354078,1.35428,0,0.001922,-0.002214,0.000121
2026-04-27 14:00:00,1.3544,1.3564,1.3541,1.3554,8538,1.354316,1.356318,1.354316,1.355454,0,0.002084,-0.002218,-5.4e-05
2026-04-27 15:00:00,1.3554,1.3555,1.3545,1.355,4575,1.355509,1.355601,1.354775,1.355124,0,0.000725,-0.001101,-0.000124
2026-04-27 16:00:00,1.355,1.3554,1.3541,1.3543,3033,1.35516,1.355565,1.354298,1.354555,0,0.001102,-0.001465,-0.000255
2026-04-27 17:00:00,1.3543,1.3543,1.353,1.3538,2563,1.354408,1.3545,1.353235,1.353986,0,0.001065,-0.0015,-0.000186
2026-04-27 18:00:00,1.3537,1.3539,1.3529,1.3531,3171,1.353876,1.354041,1.35318,1.353271,0,0.00072,-0.001141,-0.000172
2026-04-27 19:00:00,1.3531,1.3536,1.353,1.3531,1108,1.35329,1.353821,1.353217,1.353253,0,0.000383,-0.000821,-0.000153
2026-04-27 20:00:00,1.3531,1.3534,1.3531,1.3533,551,1.353235,1.353473,1.353198,1.353381,0,0.000202,-0.000373,-8.1e-05
2026-04-27 22:00:00,1.3533,1.3537,1.3532,1.3535,0,1.353546,1.353766,1.3534,1.353693,0,0.0003,-0.000566,-0.000193
2026-04-27 23:00:00,1.3535,1.3537,1.3534,1.3535,107,1.353656,1.353821,1.353565,1.353821,0,0.000135,-0.000421,-0.000321
2026-04-28 00:00:00,1.3537,1.354,1.3531,1.3532,649,1.353876,1.354151,1.353308,1.3534,0,0.000692,-0.001051,-0.0002
2026-04-28 01:00:00,1.3531,1.3531,1.3522,1.3522,762,1.353125,1.353162,1.352393,1.352393,0,0.000707,-0.000962,-0.000193
2026-04-28 02:00:00,1.3522,1.3524,1.3519,1.3521,331,1.352375,1.352521,1.352155,1.352247,0,0.000245,-0.000621,-0.000147
2026-04-28 03:00:00,1.3521,1.3535,1.3521,1.3531,0,1.35221,1.353601,1.352174,1.35329,0,0.001326,-0.001501,-0.00019
2026-04-28 04:00:00,1.3529,1.3534,1.3528,1.3529,579,1.353143,1.353473,1.352942,1.35307,0,0.000458,-0.000673,-0.00017
2026-04-28 05:00:00,1.3529,1.353,1.3517,1.3517,1484,1.353033,1.35318,1.351863,1.351863,0,0.001137,-0.00148,-0.000163
2026-04-28 06:00:00,1.3518,1.3519,1.3502,1.3504,3325,1.351479,1.352064,1.350384,1.350676,0,0.001516,-0.001864,-0.000276
2026-04-28 07:00:00,1.3503,1.3512,1.3502,1.3508,3337,1.350366,1.351461,1.35033,1.351096,0,0.00087,-0.001261,-0.000296
2026-04-28 08:00:00,1.3509,1.3514,1.3501,1.3504,3176,1.350895,1.351479,1.350366,1.350548,0,0.001034,-0.001379,-0.000148
2026-04-28 09:00:00,1.3503,1.3504,1.3486,1.3489,2821,1.350366,1.350402,1.348781,1.349,0,0.001619,-0.001802,-0.0001
2026-04-28 10:00:00,1.3489,1.3494,1.3482,1.3484,3213,1.349091,1.349564,1.348345,1.348399,0,0.001055,-0.001364,1e-06
2026-04-28 11:00:00,1.3484,1.3491,1.3462,1.3467,7394,1.348527,1.349127,1.346402,1.346892,0,0.002698,-0.002927,-0.000192
2026-04-28 12:00:00,1.3468,1.3495,1.3463,1.3492,8515,1.346928,1.349582,1.346421,1.349346,0,0.003079,-0.003282,-0.000146
2026-04-28 13:00:00,1.3492,1.35,1.3481,1.3495,8240,1.349091,1.350001,1.348254,1.349582,0,0.001746,-0.001901,-8.2e-05
2026-04-28 14:00:00,1.3495,1.3505,1.3485,1.3497,7054,1.349491,1.350512,1.348854,1.349528,0,0.001646,-0.002012,0.000172
2026-04-28 15:00:00,1.3496,1.3512,1.3496,1.3511,4236,1.349874,1.351224,1.349783,1.351169,0,0.001417,-0.001624,-6.9e-05
2026-04-28 16:00:00,1.3511,1.3516,1.3506,1.3514,2206,1.351041,1.351644,1.350785,1.351552,0,0.000815,-0.001044,-0.000152
2026-04-28 17:00:00,1.3514,1.3519,1.3507,1.3517,2130,1.351516,1.3521,1.350895,1.351771,0,0.001005,-0.0014,-7.2e-05
2026-04-28 18:00:00,1.3517,1.352,1.3514,1.3516,1822,1.351863,1.3521,1.351534,1.351753,0,0.000466,-0.0007,-0.000153
2026-04-28 19:00:00,1.3517,1.352,1.3512,1.3515,1240,1.351771,1.352046,1.35137,1.351662,0,0.00063,-0.000846,-0.000162
2026-04-28 20:00:00,1.3516,1.3522,1.3516,1.3517,740,1.351735,1.352228,1.351735,1.351899,0,0.000465,-0.000628,-0.000199
2026-04-28 22:00:00,1.3518,1.3524,1.3518,1.3521,0,1.351991,1.352338,1.351936,1.352174,0,0.000464,-0.000538,-7.4e-05
2026-04-28 23:00:00,1.3522,1.3523,1.3521,1.3523,87,1.352082,1.352393,1.352082,1.352375,0,0.000218,-0.000293,-7.5e-05
2026-04-29 00:00:00,1.3524,1.3528,1.352,1.3524,650,1.352503,1.352759,1.352192,1.352576,0,0.000608,-0.000759,-0.000176
2026-04-29 01:00:00,1.3523,1.3524,1.3513,1.3516,1231,1.352375,1.352503,1.351315,1.351735,0,0.001085,-0.001203,-0.000135
2026-04-29 02:00:00,1.3517,1.3522,1.3509,1.351,923,1.351936,1.352338,1.351151,1.351205,0,0.00105,-0.001438,-0.000205
2026-04-29 03:00:00,1.3511,1.3516,1.351,1.3511,450,1.351315,1.351607,1.351059,1.351132,0,0.000541,-0.000607,-3.2e-05
2026-04-29 04:00:00,1.3512,1.3514,1.3512,1.3512,137,1.351078,1.351534,1.351078,1.35126,0,0.000322,-0.000334,-6e-05
2026-04-29 05:00:00,1.3512,1.3512,1.3503,1.3504,916,1.351297,1.351351,1.350348,1.350494,0,0.000852,-0.001051,-9.4e-05
2026-04-29 06:00:00,1.3505,1.3507,1.3494,1.3499,1626,1.350567,1.350731,1.349509,1.350001,0,0.001191,-0.001331,-0.000101
2026-04-29 07:00:00,1.3499,1.3508,1.3498,1.3504,1866,1.350001,1.350785,1.349965,1.350475,0,0.000835,-0.000986,-7.5e-05
2026-04-29 08:00:00,1.3504,1.3506,1.3493,1.3499,1810,1.350457,1.350457,1.349509,1.350074,0,0.001091,-0.001157,-0.000174
2026-04-29 09:00:00,1.3498,1.3506,1.3495,1.3503,1656,1.349874,1.350548,1.349692,1.350421,0,0.000908,-0.001048,-0.000121
2026-04-29 10:00:00,1.3502,1.3512,1.35,1.3511,1598,1.350165,1.351169,1.350165,1.351114,0,0.001035,-0.001169,-1.4e-05
2026-04-29 11:00:00,1.3512,1.3513,1.3501,1.3504,4735,1.350877,1.351169,1.350384,1.350494,0,0.000916,-0.001069,-9.4e-05
2026-04-29 12:00:00,1.3504,1.3512,1.3498,1.35,4776,1.350494,1.351333,1.350038,1.350074,0,0.001162,-0.001533,-7.4e-05
2026-04-29 13:00:00,1.35,1.3506,1.3473,1.3478,12782,1.350111,1.350658,1.347527,1.3478,0,0.003073,-0.003358,0.0
2026-04-29 14:00:00,1.3477,1.3502,1.3471,1.3501,8631,1.347854,1.350147,1.347328,1.350147,0,0.002872,-0.003047,-4.7e-05
2026-04-29 15:00:00,1.35,1.3502,1.348,1.3488,6487,1.350056,1.350093,1.348345,1.348945,0,0.001855,-0.002092,-0.000145
2026-04-29 16:00:00,1.3488,1.3498,1.3478,1.348,3949,1.348836,1.349837,1.347963,1.347963,0,0.001837,-0.002037,3.7e-05
2026-04-29 17:00:00,1.348,1.349,1.3474,1.3489,4418,1.348,1.349091,1.347527,1.349,0,0.001473,-0.001691,-0.0001
2026-04-29 18:00:00,1.3488,1.3492,1.3456,1.3471,11808,1.347763,1.34869,1.345968,1.347182,0,0.003232,-0.00309,-8.2e-05
2026-04-29 19:00:00,1.3472,1.3482,1.3466,1.3476,3732,1.347491,1.348236,1.346765,1.347654,0,0.001435,-0.001636,-5.4e-05
2026-04-29 20:00:00,1.3476,1.3478,1.347,1.3473,1607,1.347636,1.347854,1.347092,1.347636,0,0.000708,-0.000854,-0.000336
2026-04-29 22:00:00,1.3473,1.3482,1.3471,1.348,0,1.3474,1.348309,1.347237,1.348072,0,0.000963,-0.001209,-7.2e-05
2026-04-29 23:00:00,1.348,1.3489,1.3477,1.3488,318,1.348181,1.348945,1.347872,1.348891,0,0.001028,-0.001245,-9.1e-05
2026-04-30 00:00:00,1.3488,1.3494,1.3484,1.3484,2269,1.349254,1.349564,1.348509,1.348509,0,0.000891,-0.001164,-0.000109
2026-04-30 01:00:00,1.3483,1.3485,1.3478,1.3481,721,1.348363,1.348618,1.347945,1.348236,0,0.000555,-0.000818,-0.000136
2026-04-30 02:00:00,1.3481,1.3483,1.3467,1.3474,1850,1.34829,1.348472,1.346874,1.347527,0,0.001426,-0.001772,-0.000127
2026-04-30 03:00:00,1.3474,1.3478,1.3473,1.3476,587,1.347582,1.347927,1.3474,1.347618,0,0.0004,-0.000627,-1.8e-05
2026-04-30 04:00:00,1.3474,1.3474,1.3455,1.346,1138,1.347636,1.347636,1.345659,1.346112,0,0.00174,-0.002136,-0.000113
2026-04-30 05:00:00,1.3461,1.3467,1.3458,1.3459,858,1.346294,1.34682,1.34604,1.346094,0,0.00066,-0.001019,-0.000194
2026-04-30 06:00:00,1.3459,1.3477,1.3454,1.3473,3265,1.345931,1.347854,1.345479,1.347309,0,0.002221,-0.002454,-9e-06
2026-04-30 07:00:00,1.3473,1.3492,1.3473,1.3487,3833,1.347473,1.349145,1.347473,1.348563,0,0.001727,-0.001845,0.000137
2026-04-30 08:00:00,1.3486,1.35,1.3479,1.3484,5316,1.348891,1.350001,1.348272,1.348472,0,0.001728,-0.002101,-7.2e-05
2026-04-30 09:00:00,1.3484,1.3505,1.3479,1.3502,5535,1.348581,1.350567,1.348127,1.350402,0,0.002373,-0.002667,-0.000202
2026-04-30 10:00:00,1.3501,1.3532,1.3492,1.3529,12053,1.350257,1.352722,1.349382,1.352722,0,0.003818,-0.003522,0.000178
2026-04-30 11:00:00,1.3528,1.3539,1.3512,1.3517,13973,1.353107,1.353418,1.351479,1.351717,0,0.002421,-0.002218,-1.7e-05
2026-04-30 12:00:00,1.3517,1.3519,1.3498,1.3512,7380,1.351735,1.351845,1.350001,1.351497,0,0.001899,-0.002045,-0.000297
2026-04-30 13:00:00,1.3512,1.352,1.3504,1.3515,8514,1.351388,1.352082,1.350676,1.351826,0,0.001324,-0.001682,-0.000326
2026-04-30 14:00:00,1.3514,1.3591,1.3513,1.3582,41186,1.351461,1.35912,1.351461,1.358714,0,0.007639,-0.00782,-0.000514
2026-04-30 15:00:00,1.3582,1.3593,1.3571,1.3577,22122,1.358696,1.359065,1.35722,1.358031,0,0.00208,-0.001965,-0.000331
2026-04-30 16:00:00,1.3578,1.3588,1.3573,1.3578,4976,1.35781,1.358825,1.35746,1.357829,0,0.00134,-0.001525,-2.9e-05
2026-04-30 17:00:00,1.3578,1.3587,1.3576,1.358,3236,1.357976,1.358548,1.357718,1.35816,0,0.000982,-0.000948,-0.00016
2026-04-30 18:00:00,1.3582,1.3607,1.3582,1.3602,8044,1.358345,1.360692,1.358345,1.36023,0,0.002355,-0.002492,-3e-05
2026-04-30 19:00:00,1.3601,1.3612,1.3601,1.3603,4942,1.36047,1.361155,1.36023,1.360729,0,0.00097,-0.001055,-0.000429
2026-04-30 20:00:00,1.3603,1.3609,1.36,1.3603,1328,1.360637,1.360933,1.360063,1.360267,0,0.000837,-0.000933,3.3e-05
2026-04-30 22:00:00,1.3606,1.3609,1.3602,1.3603,0,1.360785,1.360841,1.360267,1.360341,0,0.000633,-0.000641,-4.1e-05
2026-04-30 23:00:00,1.3604,1.3606,1.3602,1.3602,518,1.360489,1.360748,1.360193,1.360267,0,0.000407,-0.000548,-6.7e-05
2026-05-01 00:00:00,1.3602,1.3606,1.3599,1.3603,1074,1.360137,1.360526,1.359934,1.360489,0,0.000666,-0.000626,-0.000189
2026-05-01 01:00:00,1.3603,1.3606,1.3599,1.3606,589,1.360304,1.360711,1.360008,1.360563,0,0.000592,-0.000811,3.7e-05
2026-05-01 02:00:00,1.3606,1.3609,1.3601,1.3606,606,1.360655,1.360896,1.3601,1.360674,0,0.0008,-0.000796,-7.4e-05
2026-05-01 03:00:00,1.3606,1.3612,1.3601,1.3602,828,1.360637,1.361137,1.360193,1.36023,0,0.001007,-0.001037,-3e-05
2026-05-01 04:00:00,1.3601,1.3601,1.3595,1.3597,739,1.36023,1.360378,1.359453,1.35973,0,0.000647,-0.000877,-3e-05
2026-05-01 05:00:00,1.3597,1.3597,1.3588,1.3589,1080,1.359638,1.359767,1.358917,1.358917,0,0.000783,-0.000967,-1.7e-05
2026-05-01 06:00:00,1.359,1.3622,1.3587,1.361,6412,1.358991,1.361897,1.358714,1.36123,0,0.003486,-0.003197,-0.00023
2026-05-01 07:00:00,1.3611,1.3614,1.3599,1.3604,5902,1.361044,1.361359,1.360063,1.360378,0,0.001337,-0.001459,2.2e-05
2026-05-01 08:00:00,1.3605,1.3611,1.3601,1.3608,2142,1.360581,1.361174,1.3601,1.360785,0,0.001,-0.001074,1.5e-05
2026-05-01 09:00:00,1.3607,1.3609,1.3592,1.3593,2044,1.360785,1.360859,1.359213,1.359361,0,0.001687,-0.001659,-6.1e-05
2026-05-01 10:00:00,1.3593,1.361,1.3592,1.3605,2358,1.359305,1.360989,1.35925,1.360452,0,0.00175,-0.001789,4.8e-05
2026-05-01 11:00:00,1.3606,1.3622,1.3606,1.362,2760,1.360674,1.362064,1.360674,1.361953,0,0.001526,-0.001464,4.7e-05
2026-05-01 12:00:00,1.362,1.3643,1.3615,1.363,9321,1.361989,1.364294,1.361656,1.363141,0,0.002644,-0.002794,-0.000141
2026-05-01 13:00:00,1.3629,1.3639,1.3616,1.3637,8038,1.363029,1.363773,1.361693,1.363773,0,0.002207,-0.002173,-7.3e-05
2026-05-01 14:00:00,1.3638,1.3657,1.3617,1.3623,12506,1.363791,1.365691,1.362027,1.362286,0,0.003673,-0.003991,1.4e-05
2026-05-01 15:00:00,1.3623,1.363,1.3614,1.3619,6792,1.362361,1.362918,1.361767,1.361915,0,0.001233,-0.001518,-1.5e-05
2026-05-01 16:00:00,1.3618,1.3622,1.3599,1.3599,5051,1.361878,1.362231,1.3601,1.360174,0,0.0021,-0.002331,-0.000274
2026-05-01 17:00:00,1.3598,1.3601,1.3588,1.3593,5193,1.35986,1.360045,1.358899,1.359231,0,0.001201,-0.001245,6.9e-05
2026-05-01 18:00:00,1.3594,1.3594,1.3575,1.3581,10600,1.359379,1.359379,1.357571,1.358234,0,0.00183,-0.001879,-0.000134
2026-05-01 19:00:00,1.3582,1.3582,1.3572,1.3573,2308,1.358197,1.358271,1.357331,1.357405,0,0.000869,-0.001071,-0.000105
2026-05-01 20:00:00,1.3572,1.3582,1.3567,1.3582,1799,1.357294,1.357497,1.356852,1.357442,0,0.001348,-0.000797,0.000758
2026-05-04 04:00:00,1.3598,1.3598,1.3585,1.3587,528,1.358751,1.358843,1.358659,1.358714,0,0.001141,-0.000343,-1.4e-05
2026-05-04 05:00:00,1.3587,1.3593,1.3585,1.3591,805,1.358751,1.359361,1.35864,1.359305,0,0.00066,-0.000861,-0.000205
2026-05-04 06:00:00,1.3591,1.3597,1.3575,1.358,3011,1.359305,1.35986,1.357829,1.358253,0,0.001871,-0.00236,-0.000253
2026-05-04 07:00:00,1.3579,1.3579,1.3563,1.3566,2716,1.357958,1.358068,1.356355,1.356999,0,0.001545,-0.001768,-0.000399
2026-05-04 08:00:00,1.3565,1.3566,1.3559,1.356,1919,1.356558,1.356686,1.356043,1.356135,0,0.000558,-0.000786,-0.000135
2026-05-04 09:00:00,1.356,1.3566,1.3556,1.3559,1332,1.356135,1.356613,1.355822,1.355951,0,0.000778,-0.001013,-5.1e-05
2026-05-04 10:00:00,1.3558,1.3558,1.3523,1.3545,15526,1.355951,1.355951,1.352484,1.354555,0,0.003316,-0.003651,-5.5e-05
2026-05-04 11:00:00,1.3545,1.355,1.3533,1.354,3158,1.354683,1.354977,1.353638,1.354151,0,0.001362,-0.001677,-0.000151
2026-05-04 12:00:00,1.3541,1.3562,1.3539,1.3556,2999,1.354059,1.356337,1.354041,1.356061,0,0.002159,-0.002437,-0.000461
2026-05-04 13:00:00,1.3556,1.3568,1.3548,1.356,5566,1.355399,1.356576,1.355087,1.356061,0,0.001713,-0.001776,-6.1e-05
2026-05-04 14:00:00,1.3559,1.3568,1.355,1.3553,6557,1.355896,1.356926,1.355197,1.355601,0,0.001603,-0.001926,-0.000301
2026-05-04 15:00:00,1.3553,1.3559,1.3524,1.3532,11366,1.355124,1.355859,1.352576,1.353455,0,0.003324,-0.003459,-0.000255
2026-05-04 16:00:00,1.3532,1.3536,1.3512,1.3519,9177,1.353253,1.353455,1.351406,1.352192,0,0.002194,-0.002255,-0.000292
2026-05-04 17:00:00,1.3519,1.354,1.3518,1.3533,3977,1.351972,1.354041,1.351972,1.353436,0,0.002028,-0.002241,-0.000136
2026-05-04 18:00:00,1.3532,1.3537,1.3525,1.3537,4737,1.353363,1.353675,1.352759,1.353198,0,0.000941,-0.001175,0.000502
2026-05-04 19:00:00,1.3537,1.3541,1.3532,1.3537,2545,1.353583,1.354243,1.353327,1.353766,0,0.000773,-0.001043,-6.6e-05
2026-05-04 20:00:00,1.3537,1.3537,1.3527,1.3531,711,1.353601,1.353675,1.352814,1.353217,0,0.000886,-0.000975,-0.000117
2026-05-04 22:00:00,1.3531,1.3532,1.3526,1.3528,0,1.353345,1.353345,1.352741,1.352924,0,0.000459,-0.000745,-0.000124
2026-05-04 23:00:00,1.3528,1.3531,1.3527,1.353,320,1.35296,1.353345,1.352942,1.353125,0,0.000158,-0.000645,-0.000125
2026-05-05 00:00:00,1.353,1.3534,1.3523,1.3525,771,1.35318,1.353473,1.352393,1.352612,0,0.001007,-0.001173,-0.000113
2026-05-05 01:00:00,1.3524,1.3526,1.3518,1.3525,674,1.352448,1.352741,1.351899,1.352558,0,0.000701,-0.000941,-5.8e-05
2026-05-05 02:00:00,1.3525,1.3531,1.3524,1.3524,297,1.352612,1.353162,1.352612,1.352649,0,0.000487,-0.000762,-0.000249
2026-05-05 03:00:00,1.3525,1.3527,1.3521,1.3522,0,1.352631,1.352777,1.352228,1.352247,0,0.000472,-0.000677,-4.7e-05
2026-05-05 04:00:00,1.3524,1.3527,1.3514,1.3515,719,1.352174,1.352722,1.351552,1.351552,0,0.001148,-0.001322,-5.2e-05
2026-05-05 05:00:00,1.3515,1.3524,1.3513,1.3519,1419,1.351461,1.352484,1.351461,1.351936,0,0.000939,-0.001184,-3.6e-05
2026-05-05 06:00:00,1.3518,1.3535,1.3514,1.353,4597,1.351972,1.353583,1.351698,1.353327,0,0.001802,-0.002183,-0.000327
2026-05-05 07:00:00,1.3531,1.3547,1.3531,1.3537,2954,1.353271,1.354555,1.353271,1.353931,0,0.001428,-0.001455,-0.000231
2026-05-05 08:00:00,1.3537,1.355,1.3537,1.3542,2567,1.353913,1.355105,1.353913,1.35439,0,0.001087,-0.001405,-0.00019
2026-05-05 09:00:00,1.3541,1.3547,1.3532,1.3542,3392,1.35373,1.354683,1.353473,1.354371,0,0.001227,-0.001483,-0.000171
2026-05-05 10:00:00,1.3541,1.3552,1.3538,1.3545,3039,1.354243,1.355032,1.353986,1.354555,0,0.001214,-0.001232,-5.5e-05
2026-05-05 11:00:00,1.3545,1.3546,1.3531,1.354,6327,1.354646,1.354646,1.35329,1.354059,0,0.00131,-0.001547,-5.9e-05
2026-05-05 12:00:00,1.354,1.3549,1.3532,1.3544,5238,1.354041,1.354977,1.353308,1.354316,0,0.001592,-0.001777,8.4e-05
2026-05-05 13:00:00,1.3543,1.3559,1.3543,1.3553,5867,1.354463,1.355859,1.354463,1.355362,0,0.001437,-0.001559,-6.2e-05
2026-05-05 14:00:00,1.3554,1.3568,1.3549,1.3564,13098,1.355491,1.356613,1.355142,1.356447,0,0.001658,-0.001713,-4.7e-05
2026-05-05 15:00:00,1.3563,1.3578,1.3561,1.3574,5159,1.356539,1.357773,1.3563,1.357589,0,0.0015,-0.001673,-0.000189
2026-05-05 16:00:00,1.3573,1.3575,1.3555,1.3556,2710,1.357386,1.357571,1.355583,1.355583,0,0.001917,-0.002071,1.7e-05
2026-05-05 17:00:00,1.3556,1.3558,1.3547,1.355,2064,1.35562,1.355969,1.354812,1.355105,0,0.000988,-0.001269,-0.000105
2026-05-05 18:00:00,1.355,1.3553,1.3545,1.3549,2695,1.35505,1.355252,1.354757,1.354903,0,0.000543,-0.000752,-3e-06
2026-05-05 19:00:00,1.3549,1.3551,1.354,1.3543,1319,1.355105,1.355105,1.354169,1.354353,0,0.000931,-0.001105,-5.3e-05
2026-05-05 20:00:00,1.3543,1.3544,1.3537,1.354,594,1.354316,1.3545,1.353785,1.353931,0,0.000615,-0.0008,6.9e-05
2026-05-05 22:00:00,1.3541,1.356,1.3538,1.3554,0,1.354335,1.356079,1.353931,1.355601,0,0.002069,-0.002279,-0.000201
2026-05-05 23:00:00,1.3557,1.358,1.3557,1.3568,2044,1.35573,1.357939,1.35573,1.356815,0,0.00227,-0.002239,-1.5e-05
2026-05-06 00:00:00,1.3568,1.3577,1.3565,1.3574,1509,1.356705,1.357792,1.356631,1.35746,0,0.001069,-0.001292,-6e-05
2026-05-06 01:00:00,1.3575,1.358,1.3572,1.3573,1515,1.357663,1.35805,1.357331,1.357442,0,0.000669,-0.00085,-0.000142
2026-05-06 02:00:00,1.3574,1.3577,1.3566,1.3568,892,1.357515,1.357829,1.356723,1.356907,0,0.000977,-0.001229,-0.000107
2026-05-06 03:00:00,1.3568,1.3572,1.3564,1.3565,937,1.356871,1.35722,1.356466,1.356466,0,0.000734,-0.00082,3.4e-05
2026-05-06 04:00:00,1.3563,1.3595,1.3563,1.3589,8339,1.356502,1.35949,1.356429,1.359268,0,0.003071,-0.00319,-0.000368
2026-05-06 05:00:00,1.3589,1.3591,1.3583,1.3586,2048,1.358954,1.359139,1.358345,1.358567,0,0.000755,-0.000839,3.3e-05
2026-05-06 06:00:00,1.3587,1.3589,1.3581,1.3589,3303,1.358751,1.35901,1.358197,1.35888,0,0.000703,-0.000909,2e-05
2026-05-06 07:00:00,1.3589,1.3599,1.3583,1.3598,4943,1.359065,1.359693,1.358474,1.359693,0,0.001426,-0.001393,0.000107
2026-05-06 08:00:00,1.3599,1.3634,1.3592,1.3626,8866,1.360156,1.363419,1.359287,1.362676,0,0.004113,-0.004219,-7.6e-05
2026-05-06 09:00:00,1.3625,1.3629,1.3614,1.3625,6860,1.362751,1.362918,1.3616,1.362491,0,0.0013,-0.001518,9e-06
2026-05-06 10:00:00,1.3626,1.3643,1.3614,1.3636,11538,1.362751,1.364294,1.36147,1.363717,0,0.00283,-0.002894,-0.000117
2026-05-06 11:00:00,1.3636,1.3641,1.362,1.3622,6268,1.363773,1.364201,1.362119,1.362212,0,0.001981,-0.002201,-1.2e-05
2026-05-06 12:00:00,1.3623,1.3623,1.3606,1.3611,10282,1.362342,1.362342,1.360822,1.361192,0,0.001478,-0.001742,-9.2e-05
2026-05-06 13:00:00,1.3611,1.3616,1.3601,1.3608,6018,1.361118,1.361544,1.360304,1.360878,0,0.001296,-0.001444,-7.7e-05
2026-05-06 14:00:00,1.3607,1.3619,1.3599,1.3604,8719,1.360803,1.361897,1.3601,1.360544,0,0.0018,-0.001997,-0.000144
2026-05-06 15:00:00,1.3603,1.3604,1.3593,1.3595,9839,1.360452,1.360452,1.359508,1.359712,0,0.000892,-0.001152,-0.000212
2026-05-06 16:00:00,1.3594,1.3595,1.3578,1.3583,3872,1.359545,1.359582,1.358327,1.358363,0,0.001173,-0.001782,-6.3e-05
2026-05-06 17:00:00,1.3583,1.3599,1.3581,1.3591,4733,1.358345,1.359971,1.358253,1.359231,0,0.001647,-0.001871,-0.000131
2026-05-06 18:00:00,1.3592,1.3596,1.3589,1.3593,4245,1.359379,1.359693,1.359065,1.359508,0,0.000535,-0.000793,-0.000208
2026-05-06 19:00:00,1.3594,1.3598,1.3591,1.3593,1604,1.359564,1.359971,1.359268,1.359453,0,0.000532,-0.000871,-0.000153
2026-05-06 20:00:00,1.3592,1.3595,1.3588,1.3592,1453,1.359268,1.359582,1.359047,1.359398,0,0.000453,-0.000782,-0.000198
2026-05-06 22:00:00,1.3592,1.3596,1.359,1.3594,0,1.359398,1.359545,1.359287,1.35949,0,0.000313,-0.000546,-9e-05
2026-05-06 23:00:00,1.3594,1.3596,1.359,1.359,272,1.359453,1.359693,1.359157,1.359194,0,0.000443,-0.000693,-0.000194
2026-05-07 00:00:00,1.359,1.3598,1.359,1.3591,1069,1.359324,1.359952,1.35912,1.359268,0,0.00068,-0.000952,-0.000168
2026-05-07 01:00:00,1.3591,1.3608,1.359,1.3605,1681,1.359176,1.360803,1.35912,1.360563,0,0.00168,-0.001803,-6.3e-05
2026-05-07 02:00:00,1.3604,1.3608,1.3601,1.3602,786,1.360618,1.360785,1.360211,1.360433,0,0.000589,-0.000685,-0.000233
2026-05-07 03:00:00,1.3602,1.3602,1.3592,1.3592,424,1.360341,1.360341,1.359398,1.359398,0,0.000803,-0.001141,-0.000198
2026-05-07 04:00:00,1.3595,1.3601,1.3594,1.3598,449,1.359231,1.360156,1.359231,1.35986,0,0.000869,-0.000756,-6e-05
2026-05-07 05:00:00,1.3596,1.3599,1.3594,1.3594,799,1.359786,1.360045,1.35949,1.359582,0,0.00041,-0.000645,-0.000182
2026-05-07 06:00:00,1.3593,1.3609,1.3591,1.3599,2260,1.359582,1.360729,1.35925,1.360193,0,0.00165,-0.001629,-0.000293
2026-05-07 07:00:00,1.3599,1.3624,1.3599,1.362,6516,1.360193,1.362472,1.360193,1.362064,0,0.002207,-0.002572,-6.4e-05
2026-05-07 08:00:00,1.362,1.3624,1.3614,1.3621,2993,1.362194,1.362379,1.361656,1.362157,0,0.000744,-0.000979,-5.7e-05
2026-05-07 09:00:00,1.3621,1.3623,1.3617,1.3618,1615,1.362175,1.362416,1.361823,1.36186,0,0.000477,-0.000716,-6e-05
2026-05-07 10:00:00,1.3618,1.3629,1.3617,1.3619,2529,1.36186,1.362992,1.361804,1.362268,0,0.001096,-0.001292,-0.000368
2026-05-07 11:00:00,1.362,1.3624,1.3609,1.3618,3458,1.362119,1.362491,1.361063,1.361786,0,0.001337,-0.001591,1.4e-05
2026-05-07 12:00:00,1.3618,1.3628,1.3616,1.3623,2889,1.361915,1.362881,1.361823,1.362454,0,0.000977,-0.001281,-0.000154
2026-05-07 13:00:00,1.3623,1.3628,1.3615,1.3618,5315,1.362194,1.362936,1.361619,1.361934,0,0.001181,-0.001436,-0.000134
2026-05-07 14:00:00,1.3619,1.3631,1.3614,1.3629,10022,1.362212,1.363085,1.3616,1.363085,0,0.0015,-0.001685,-0.000185
2026-05-07 15:00:00,1.363,1.3632,1.3607,1.3607,6769,1.363066,1.363178,1.360859,1.360859,0,0.002341,-0.002478,-0.000159
2026-05-07 16:00:00,1.3607,1.3609,1.359,1.3594,4759,1.360748,1.360896,1.359213,1.359453,0,0.001687,-0.001896,-5.3e-05
2026-05-07 17:00:00,1.3594,1.3595,1.3568,1.3582,7590,1.359324,1.359527,1.357018,1.35829,0,0.002482,-0.002727,-9e-05
2026-05-07 18:00:00,1.3583,1.3584,1.357,1.358,7748,1.358308,1.358493,1.357128,1.357865,0,0.001272,-0.001493,0.000135
2026-05-07 19:00:00,1.358,1.3584,1.3561,1.3562,6808,1.358142,1.358437,1.356466,1.356466,0,0.001934,-0.002337,-0.000266
2026-05-07 20:00:00,1.3561,1.358,1.3547,1.3551,6298,1.356171,1.357478,1.355032,1.355142,0,0.002968,-0.002778,-4.2e-05
2026-05-07 22:00:00,1.3555,1.3555,1.3545,1.3546,0,1.355105,1.355381,1.354793,1.354848,0,0.000707,-0.000881,-0.000248
2026-05-07 23:00:00,1.3547,1.3556,1.3546,1.3555,600,1.354775,1.355675,1.354701,1.355657,0,0.000899,-0.001075,-0.000157
2026-05-08 00:00:00,1.3555,1.356,1.3548,1.3551,1435,1.35573,1.356098,1.354958,1.355179,0,0.001042,-0.001298,-7.9e-05
2026-05-08 01:00:00,1.3551,1.3559,1.3551,1.3558,933,1.355491,1.355987,1.355142,1.355932,0,0.000758,-0.000887,-0.000132
2026-05-08 02:00:00,1.3557,1.356,1.3549,1.3556,1182,1.355859,1.356116,1.355234,1.355785,0,0.000766,-0.001216,-0.000185
2026-05-08 03:00:00,1.3556,1.3559,1.3553,1.3554,581,1.355657,1.356043,1.355362,1.355528,0,0.000538,-0.000743,-0.000128
2026-05-08 04:00:00,1.3551,1.3568,1.3551,1.3564,2182,1.355657,1.356926,1.355105,1.356576,0,0.001695,-0.001826,-0.000176
2026-05-08 05:00:00,1.3565,1.3576,1.3565,1.3574,1274,1.356668,1.357552,1.356668,1.357534,0,0.000932,-0.001052,-0.000134
2026-05-08 06:00:00,1.3574,1.359,1.3573,1.3586,3018,1.357552,1.359028,1.357442,1.358567,0,0.001558,-0.001728,3.3e-05
2026-05-08 07:00:00,1.3585,1.3588,1.3577,1.3581,2587,1.358603,1.358862,1.357847,1.358363,0,0.000953,-0.001162,-0.000263
2026-05-08 08:00:00,1.3581,1.3614,1.3578,1.3613,5038,1.35805,1.361359,1.35805,1.361285,0,0.00335,-0.003559,1.5e-05
2026-05-08 09:00:00,1.3614,1.3622,1.3612,1.3614,2123,1.361378,1.362268,1.361341,1.3616,0,0.000859,-0.001068,-0.0002
2026-05-08 10:00:00,1.3615,1.3618,1.3601,1.3602,5036,1.361544,1.361915,1.360322,1.360322,0,0.001478,-0.001815,-0.000122
2026-05-08 11:00:00,1.3603,1.3613,1.36,1.3613,3292,1.360415,1.361322,1.360174,1.361248,0,0.001126,-0.001322,5.2e-05
2026-05-08 12:00:00,1.3613,1.3624,1.36,1.3613,7730,1.361137,1.362361,1.360803,1.361489,0,0.001597,-0.002361,-0.000189
2026-05-08 13:00:00,1.3613,1.363,1.3606,1.3625,6892,1.361415,1.362881,1.360766,1.362435,0,0.002234,-0.002281,6.5e-05
2026-05-08 14:00:00,1.3626,1.3627,1.361,1.3624,7329,1.362472,1.362658,1.361118,1.362565,0,0.001582,-0.001658,-0.000165
2026-05-08 15:00:00,1.3624,1.3629,1.3617,1.3623,6237,1.362472,1.362918,1.361804,1.362528,0,0.001096,-0.001218,-0.000228
2026-05-08 16:00:00,1.3623,1.363,1.3616,1.3617,2248,1.362454,1.363048,1.361674,1.361915,0,0.001326,-0.001448,-0.000215
2026-05-08 17:00:00,1.3617,1.3623,1.3616,1.362,2355,1.361804,1.362342,1.361674,1.362138,0,0.000626,-0.000742,-0.000138
2026-05-08 18:00:00,1.3619,1.363,1.3618,1.3622,3471,1.361897,1.363122,1.361897,1.362268,0,0.001103,-0.001322,-6.8e-05
2026-05-08 19:00:00,1.3621,1.3629,1.3621,1.3627,2399,1.362286,1.362899,1.362286,1.362862,0,0.000614,-0.000799,-0.000162
2026-05-08 20:00:00,1.3628,1.3637,1.3622,1.3622,3664,1.362899,1.363643,1.362881,1.363382,0,0.000819,-0.001443,-0.001182
2026-05-10 23:00:00,1.359,1.3597,1.359,1.3593,759,1.359028,1.35973,1.359028,1.359361,0,0.000672,-0.00073,-6.1e-05
2026-05-11 00:00:00,1.3594,1.36,1.3591,1.3598,1038,1.359527,1.360156,1.359342,1.359915,0,0.000658,-0.001056,-0.000115
2026-05-11 01:00:00,1.3599,1.36,1.359,1.3593,1077,1.360045,1.360045,1.359139,1.359342,0,0.000861,-0.001045,-4.2e-05
2026-05-11 02:00:00,1.3593,1.3598,1.3589,1.359,803,1.359582,1.35986,1.359268,1.359268,0,0.000532,-0.00096,-0.000268
2026-05-11 03:00:00,1.359,1.3593,1.3589,1.3589,397,1.359065,1.359379,1.35901,1.359028,0,0.000291,-0.000479,-0.000128
2026-05-11 04:00:00,1.3589,1.359,1.3579,1.3581,641,1.359028,1.359065,1.358013,1.358197,0,0.000987,-0.001165,-9.7e-05
2026-05-11 05:00:00,1.3582,1.3589,1.358,1.3583,692,1.358308,1.358899,1.35816,1.358456,0,0.000739,-0.000899,-0.000156
2026-05-11 06:00:00,1.3584,1.3598,1.358,1.3598,4239,1.358567,1.35986,1.358105,1.35986,0,0.001695,-0.00186,-6e-05
2026-05-11 07:00:00,1.3598,1.3604,1.3596,1.36,6920,1.36023,1.360304,1.359749,1.359915,0,0.000651,-0.000704,8.5e-05
2026-05-11 08:00:00,1.3599,1.3614,1.3598,1.3607,3568,1.359952,1.36147,1.359952,1.360878,0,0.001448,-0.00167,-0.000178
2026-05-11 09:00:00,1.3607,1.3611,1.3598,1.3598,1917,1.360822,1.361266,1.360082,1.360082,0,0.001018,-0.001467,-0.000282
2026-05-11 10:00:00,1.3598,1.3604,1.3585,1.3588,14516,1.359786,1.360415,1.358806,1.358806,0,0.001593,-0.001915,-6e-06
2026-05-11 11:00:00,1.3588,1.3614,1.3587,1.3607,9513,1.358954,1.361507,1.358954,1.360674,0,0.002446,-0.002807,2.6e-05
2026-05-11 12:00:00,1.3607,1.3616,1.3599,1.361,4889,1.360711,1.361637,1.3601,1.360933,0,0.0015,-0.001737,6.7e-05
2026-05-11 13:00:00,1.3611,1.363,1.3611,1.3623,5859,1.361192,1.362918,1.361192,1.362454,0,0.001808,-0.001818,-0.000154
2026-05-11 14:00:00,1.3623,1.3639,1.3616,1.3639,11954,1.362621,1.363829,1.361786,1.363829,0,0.002114,-0.002228,7.1e-05
2026-05-11 15:00:00,1.3638,1.3654,1.3636,1.3649,14935,1.363959,1.365262,1.363903,1.365095,0,0.001497,-0.001662,-0.000195
2026-05-11 16:00:00,1.365,1.365,1.3637,1.364,4370,1.364983,1.364983,1.363884,1.364219,0,0.001116,-0.001283,-0.000219
2026-05-11 17:00:00,1.3641,1.3645,1.3635,1.3642,6123,1.364126,1.364517,1.363829,1.364312,0,0.000672,-0.001017,-0.000112
2026-05-11 18:00:00,1.3642,1.3644,1.3627,1.3628,4273,1.364387,1.364387,1.362788,1.363029,0,0.001612,-0.001687,-0.000229
2026-05-11 19:00:00,1.3629,1.3629,1.3617,1.3619,3809,1.362955,1.363048,1.361786,1.361786,0,0.001114,-0.001348,0.000114
2026-05-11 20:00:00,1.3619,1.362,1.3606,1.3609,5617,1.361878,1.361971,1.360933,1.361081,0,0.001067,-0.001371,-0.000181
2026-05-11 22:00:00,1.3609,1.361,1.3606,1.3607,0,1.360674,1.361007,1.360674,1.360785,0,0.000326,-0.000407,-8.5e-05
2026-05-11 23:00:00,1.3607,1.3609,1.3602,1.3604,614,1.360766,1.3611,1.360378,1.36047,0,0.000522,-0.0009,-7e-05
2026-05-12 00:00:00,1.3603,1.3604,1.3592,1.3593,1233,1.3601,1.360489,1.359398,1.359398,0,0.001002,-0.001289,-9.8e-05
2026-05-12 01:00:00,1.3593,1.3595,1.358,1.3587,1358,1.359379,1.359582,1.358142,1.358733,0,0.001358,-0.001582,-3.3e-05
2026-05-12 02:00:00,1.3587,1.3593,1.3585,1.359,653,1.35877,1.359305,1.358622,1.359139,0,0.000678,-0.000805,-0.000139
2026-05-12 03:00:00,1.359,1.3592,1.3582,1.3582,0,1.359139,1.359231,1.358271,1.358327,0,0.000929,-0.001031,-0.000127
2026-05-12 04:00:00,1.3581,1.3586,1.3579,1.3585,765,1.358419,1.358677,1.358105,1.358548,0,0.000495,-0.000777,-4.8e-05
2026-05-12 05:00:00,1.3583,1.3585,1.3568,1.3573,3954,1.358419,1.358585,1.356944,1.357349,0,0.001556,-0.001785,-4.9e-05
2026-05-12 06:00:00,1.3574,1.358,1.3544,1.3544,7341,1.357773,1.357865,1.354646,1.354848,0,0.003354,-0.003465,-0.000448
2026-05-12 07:00:00,1.3544,1.355,1.3514,1.3517,10154,1.35461,1.354958,1.351497,1.351717,0,0.003503,-0.003558,-1.7e-05
2026-05-12 08:00:00,1.3518,1.3536,1.3501,1.3528,20565,1.351808,1.35318,1.350348,1.353125,0,0.003252,-0.00308,-0.000325
2026-05-12 09:00:00,1.3529,1.3548,1.3522,1.3539,14528,1.353143,1.354628,1.352539,1.353968,0,0.002261,-0.002428,-6.8e-05
2026-05-12 10:00:00,1.3538,1.3552,1.3532,1.3533,5580,1.353894,1.355179,1.353381,1.353381,0,0.001819,-0.001979,-8.1e-05
2026-05-12 11:00:00,1.3532,1.3544,1.3522,1.3532,7231,1.353363,1.354463,1.352357,1.353473,0,0.002043,-0.002263,-0.000273
2026-05-12 12:00:00,1.3532,1.3543,1.3512,1.3536,9177,1.353198,1.35439,1.351589,1.353876,0,0.002711,-0.00319,-0.000276
2026-05-12 13:00:00,1.3537,1.3542,1.3507,1.351,8160,1.353858,1.35395,1.350877,1.351132,0,0.003323,-0.00325,-0.000132
2026-05-12 14:00:00,1.3511,1.3537,1.351,1.3523,10487,1.351242,1.35362,1.351242,1.352484,0,0.002458,-0.00262,-0.000184
2026-05-12 15:00:00,1.3523,1.3528,1.35,1.3526,8018,1.352539,1.352832,1.350366,1.352832,0,0.002434,-0.002832,-0.000232
2026-05-12 16:00:00,1.3526,1.353,1.3515,1.3517,3496,1.352521,1.35307,1.35168,1.351826,0,0.00132,-0.00157,-0.000126
2026-05-12 17:00:00,1.3518,1.3528,1.3517,1.3522,1747,1.351863,1.352795,1.351826,1.352247,0,0.000974,-0.001096,-4.7e-05
2026-05-12 18:00:00,1.3522,1.3533,1.3516,1.3532,4189,1.352375,1.353308,1.351881,1.353235,0,0.001419,-0.001708,-3.5e-05
2026-05-12 19:00:00,1.3532,1.3544,1.3531,1.3539,1921,1.353381,1.354426,1.353381,1.354005,0,0.001019,-0.001326,-0.000105
2026-05-12 20:00:00,1.3539,1.3541,1.3535,1.3539,774,1.353931,1.354096,1.353675,1.354096,0,0.000425,-0.000596,-0.000196
2026-05-12 22:00:00,1.354,1.3542,1.3536,1.3539,0,1.353894,1.354243,1.35384,1.354059,0,0.00036,-0.000643,-0.00016
2026-05-12 23:00:00,1.354,1.3542,1.3534,1.3534,205,1.354059,1.35428,1.353565,1.353565,0,0.000635,-0.00088,-0.000165
2026-05-13 00:00:00,1.3534,1.3538,1.353,1.3536,864,1.353565,1.353931,1.353125,1.35373,0,0.000675,-0.000931,-0.00013
2026-05-13 01:00:00,1.3537,1.3545,1.3528,1.354,716,1.353711,1.354591,1.352924,1.354059,0,0.001576,-0.001791,-5.9e-05
2026-05-13 02:00:00,1.3541,1.3545,1.3537,1.3538,560,1.354169,1.354591,1.353785,1.354005,0,0.000715,-0.000891,-0.000204
2026-05-13 03:00:00,1.3538,1.3539,1.353,1.3537,726,1.353876,1.354041,1.353253,1.353821,0,0.000647,-0.001041,-0.000121
2026-05-13 04:00:00,1.3535,1.3535,1.3532,1.3533,341,1.35384,1.353876,1.353271,1.353455,0,0.000229,-0.000676,-0.000155
2026-05-13 05:00:00,1.3534,1.3549,1.3534,1.3547,1006,1.353473,1.355014,1.353473,1.354903,0,0.001427,-0.001614,-0.000203
2026-05-13 06:00:00,1.3549,1.3551,1.3523,1.3528,3804,1.354848,1.35505,1.352594,1.35285,0,0.002506,-0.00275,-5e-05
2026-05-13 07:00:00,1.3527,1.3536,1.352,1.352,4221,1.35296,1.353748,1.352082,1.352082,0,0.001518,-0.001748,-8.2e-05
2026-05-13 08:00:00,1.3519,1.3534,1.3519,1.3524,6098,1.352082,1.353345,1.352082,1.352558,0,0.001318,-0.001445,-0.000158
2026-05-13 09:00:00,1.3524,1.3524,1.3505,1.3517,4500,1.352357,1.352411,1.350785,1.351808,0,0.001614,-0.001911,-0.000108
2026-05-13 10:00:00,1.3518,1.3522,1.3493,1.3507,23217,1.351899,1.352192,1.350184,1.350694,0,0.002016,-0.002892,6e-06
2026-05-13 11:00:00,1.3507,1.351,1.3499,1.3503,3142,1.350731,1.350986,1.350056,1.350348,0,0.000944,-0.001086,-4.8e-05
2026-05-13 12:00:00,1.3503,1.351,1.3482,1.349,6978,1.350567,1.351078,1.34869,1.348927,0,0.00231,-0.002878,7.3e-05
2026-05-13 13:00:00,1.349,1.3517,1.349,1.3514,7739,1.349254,1.351753,1.349254,1.351753,0,0.002445,-0.002753,-0.000353
2026-05-13 14:00:00,1.3513,1.3521,1.3504,1.3513,6635,1.351479,1.352046,1.350548,1.351315,0,0.001552,-0.001646,-1.5e-05
2026-05-13 15:00:00,1.3512,1.3529,1.3512,1.3518,3543,1.351589,1.352905,1.35137,1.351936,0,0.00153,-0.001705,-0.000136
2026-05-13 16:00:00,1.3518,1.3527,1.3512,1.3515,3232,1.351972,1.352667,1.351333,1.351516,0,0.001367,-0.001467,-1.6e-05
2026-05-13 17:00:00,1.3514,1.3519,1.351,1.3512,1179,1.351607,1.351991,1.351169,1.351297,0,0.000731,-0.000991,-9.7e-05
2026-05-13 18:00:00,1.3512,1.3519,1.3511,1.3518,2019,1.351351,1.352046,1.35126,1.351899,0,0.00064,-0.000946,-9.9e-05
2026-05-13 19:00:00,1.3517,1.3523,1.3517,1.3522,1632,1.352009,1.352393,1.351845,1.35232,0,0.000455,-0.000693,-0.00012
2026-05-13 20:00:00,1.3522,1.3526,1.352,1.3523,1224,1.35232,1.352686,1.3521,1.352503,0,0.000499,-0.000686,-0.000203
2026-05-13 22:00:00,1.3524,1.3532,1.3523,1.3527,0,1.352393,1.353253,1.352393,1.352795,0,0.000807,-0.000953,-9.5e-05
2026-05-13 23:00:00,1.3527,1.3529,1.3523,1.3526,845,1.352704,1.352979,1.352612,1.352704,0,0.000288,-0.000679,-0.000104
2026-05-14 00:00:00,1.3526,1.3532,1.3525,1.3529,641,1.352576,1.353253,1.352539,1.353052,0,0.000661,-0.000753,-0.000152
2026-05-14 01:00:00,1.353,1.353,1.352,1.3521,1150,1.35296,1.353107,1.352247,1.352247,0,0.000753,-0.001107,-0.000147
2026-05-14 02:00:00,1.3522,1.3526,1.3521,1.3523,453,1.352265,1.352667,1.352247,1.352393,0,0.000353,-0.000567,-9.3e-05
2026-05-14 03:00:00,1.3523,1.3529,1.3522,1.3527,459,1.35243,1.352997,1.352338,1.352759,0,0.000562,-0.000797,-5.9e-05
2026-05-14 04:00:00,1.3528,1.3531,1.3528,1.3528,539,1.352686,1.353327,1.352558,1.352905,0,0.000542,-0.000527,-0.000105
2026-05-14 05:00:00,1.3527,1.3528,1.3514,1.3515,3455,1.352905,1.352905,1.351552,1.351771,0,0.001248,-0.001505,-0.000271
2026-05-14 06:00:00,1.3514,1.3544,1.3511,1.3526,4743,1.351936,1.353162,1.351735,1.352869,0,0.002665,-0.002062,-0.000269
2026-05-14 07:00:00,1.3526,1.3526,1.3505,1.3505,2621,1.352667,1.352686,1.35064,1.35064,0,0.00196,-0.002186,-0.00014
2026-05-14 08:00:00,1.3505,1.352,1.3503,1.3519,1693,1.35064,1.352046,1.350494,1.352046,0,0.001506,-0.001746,-0.000146
2026-05-14 09:00:00,1.3519,1.352,1.351,1.3511,3930,1.352046,1.352082,1.351132,1.351662,0,0.000868,-0.001082,-0.000562
2026-05-14 10:00:00,1.351,1.352,1.3509,1.3511,2224,1.350968,1.351936,1.350968,1.351351,0,0.001032,-0.001036,-0.000251
2026-05-14 11:00:00,1.3511,1.3516,1.3493,1.3501,6206,1.351224,1.351771,1.350767,1.350767,0,0.000833,-0.002471,-0.000667
2026-05-14 12:00:00,1.35,1.3518,1.3496,1.3507,6497,1.350548,1.351753,1.350512,1.350913,0,0.001288,-0.002153,-0.000213
2026-05-14 13:00:00,1.3507,1.3509,1.3489,1.3499,7946,1.351004,1.351078,1.3492,1.350147,0,0.0017,-0.002178,-0.000247
2026-05-14 14:00:00,1.3499,1.3512,1.3483,1.3483,12295,1.349892,1.351205,1.348563,1.348563,0,0.002637,-0.002905,-0.000263
2026-05-14 15:00:00,1.3483,1.3487,1.3473,1.3477,7434,1.34829,1.348727,1.347491,1.348,0,0.001209,-0.001427,-0.0003
2026-05-14 16:00:00,1.3477,1.3478,1.3431,1.3442,20968,1.3478,1.347872,1.343454,1.344194,0,0.004346,-0.004772,6e-06
2026-05-14 17:00:00,1.3442,1.3445,1.341,1.341,9943,1.344502,1.344592,1.34104,1.34104,0,0.00346,-0.003592,-4e-05
2026-05-14 18:00:00,1.341,1.341,1.3394,1.3405,8916,1.341022,1.341022,1.339674,1.34059,0,0.001325,-0.001622,-9e-05
2026-05-14 19:00:00,1.3405,1.3407,1.3396,1.3399,6721,1.34068,1.340806,1.339764,1.339908,0,0.000936,-0.001206,-8e-06
2026-05-14 20:00:00,1.3398,1.3402,1.3395,1.3401,3442,1.340195,1.340285,1.339585,1.340141,0,0.000615,-0.000785,-4.1e-05
2026-05-14 22:00:00,1.3398,1.3403,1.3396,1.3398,0,1.340375,1.340375,1.339764,1.339998,0,0.000536,-0.000775,-0.000198
2026-05-14 23:00:00,1.3397,1.3398,1.3383,1.339,2663,1.339908,1.339908,1.338545,1.3391,0,0.001255,-0.001608,-0.0001
2026-05-15 00:00:00,1.339,1.3392,1.3374,1.338,2314,1.3391,1.33919,1.337596,1.338187,0,0.001604,-0.00179,-0.000186
2026-05-15 01:00:00,1.3379,1.3382,1.3363,1.3366,2513,1.338079,1.338187,1.336577,1.336773,0,0.001623,-0.001886,-0.000173
2026-05-15 02:00:00,1.3366,1.3381,1.3363,1.3375,1839,1.336595,1.338061,1.336273,1.337578,0,0.001827,-0.001761,-7.8e-05
2026-05-15 03:00:00,1.3374,1.3377,1.3372,1.3375,752,1.337578,1.337846,1.337399,1.337614,0,0.000301,-0.000646,-0.000114
2026-05-15 04:00:00,1.3372,1.3374,1.3362,1.3363,572,1.337614,1.337614,1.336327,1.336327,0,0.001073,-0.001414,-2.7e-05
2026-05-15 05:00:00,1.3363,1.3363,1.334,1.3342,3358,1.336291,1.336291,1.334134,1.334312,0,0.002166,-0.002291,-0.000112
2026-05-15 06:00:00,1.3341,1.3358,1.3334,1.335,7930,1.334258,1.335863,1.333582,1.335024,0,0.002218,-0.002463,-2.4e-05
2026-05-15 07:00:00,1.335,1.3374,1.3345,1.3363,7855,1.334775,1.337542,1.334775,1.336434,0,0.002625,-0.003042,-0.000134
2026-05-15 08:00:00,1.3364,1.3365,1.3341,1.3345,5436,1.336595,1.336595,1.33433,1.334579,0,0.00217,-0.002495,-7.9e-05
2026-05-15 09:00:00,1.3345,1.335,1.3328,1.3347,5072,1.33449,1.335185,1.33296,1.334739,0,0.00204,-0.002385,-3.9e-05
2026-05-15 10:00:00,1.3348,1.3392,1.3347,1.3382,6664,1.334864,1.339262,1.334864,1.338169,0,0.004336,-0.004562,3.1e-05
2026-05-15 11:00:00,1.3382,1.3383,1.3358,1.336,4783,1.338348,1.338366,1.335987,1.336184,0,0.002313,-0.002566,-0.000184
2026-05-15 12:00:00,1.3359,1.3361,1.334,1.3353,5649,1.335952,1.336166,1.334098,1.335506,0,0.002002,-0.002166,-0.000206
2026-05-15 13:00:00,1.3353,1.3362,1.3337,1.334,6776,1.335363,1.336202,1.333974,1.334152,0,0.002226,-0.002502,-0.000152
2026-05-15 14:00:00,1.334,1.3362,1.3334,1.3344,9766,1.334134,1.336184,1.333689,1.334668,0,0.002511,-0.002784,-0.000268
2026-05-15 15:00:00,1.3344,1.3345,1.3316,1.3329,9246,1.334526,1.334543,1.331788,1.332978,0,0.002712,-0.002943,-7.8e-05
2026-05-15 16:00:00,1.333,1.3334,1.332,1.333,7014,1.333227,1.3336,1.332179,1.333031,0,0.001221,-0.0016,-3.1e-05
2026-05-15 17:00:00,1.3329,1.3337,1.3324,1.3328,2084,1.332996,1.333849,1.332747,1.33296,0,0.000953,-0.001449,-0.00016
2026-05-15 18:00:00,1.3328,1.3329,1.3318,1.332,4005,1.33296,1.332978,1.331948,1.332197,0,0.000952,-0.001178,-0.000197
2026-05-15 19:00:00,1.3321,1.3324,1.3314,1.3318,4534,1.332214,1.332534,1.331806,1.331806,0,0.000594,-0.001134,-6e-06
2026-05-15 20:00:00,1.3317,1.3325,1.3314,1.332,4615,1.331913,1.332516,1.331576,1.332481,0,0.000924,-0.001116,-0.000481
2026-05-17 23:00:00,1.3316,1.3322,1.3306,1.3308,1412,1.331788,1.332161,1.330867,1.330973,0,0.001333,-0.001561,-0.000173
2026-05-18 00:00:00,1.3309,1.3317,1.3304,1.3308,2099,1.331186,1.331895,1.330566,1.330831,0,0.001134,-0.001495,-3.1e-05
2026-05-18 01:00:00,1.3309,1.3313,1.3302,1.3311,954,1.330938,1.331381,1.330389,1.331292,0,0.000911,-0.001181,-0.000192
2026-05-18 02:00:00,1.331,1.3315,1.3305,1.3308,688,1.331097,1.331593,1.330637,1.330884,0,0.000863,-0.001093,-8.4e-05
2026-05-18 03:00:00,1.3308,1.3314,1.3307,1.3312,656,1.330991,1.331558,1.330849,1.331345,0,0.000551,-0.000858,-0.000145
2026-05-18 04:00:00,1.3312,1.3319,1.3311,1.3314,726,1.331416,1.331966,1.331292,1.331558,0,0.000608,-0.000866,-0.000158
2026-05-18 05:00:00,1.3315,1.3325,1.3313,1.3322,1215,1.331647,1.332587,1.331363,1.332356,0,0.001137,-0.001287,-0.000156
2026-05-18 06:00:00,1.3323,1.3357,1.3321,1.3355,5522,1.332427,1.335863,1.332427,1.335577,0,0.003273,-0.003763,-7.7e-05
2026-05-18 07:00:00,1.3355,1.3357,1.3342,1.3352,7164,1.335559,1.335845,1.334383,1.335434,0,0.001317,-0.001645,-0.000234
2026-05-18 08:00:00,1.3352,1.3384,1.335,1.3376,7523,1.335613,1.338348,1.335203,1.338115,0,0.003197,-0.003348,-0.000515
2026-05-18 09:00:00,1.3376,1.3377,1.336,1.3362,2429,1.337739,1.337739,1.336112,1.33638,0,0.001588,-0.001739,-0.00018
2026-05-18 10:00:00,1.3362,1.3366,1.3345,1.3346,2070,1.336309,1.33663,1.334882,1.334882,0,0.001718,-0.00213,-0.000282
2026-05-18 11:00:00,1.3346,1.3382,1.3346,1.3375,5499,1.3349,1.338133,1.3349,1.33756,0,0.0033,-0.003533,-6e-05
2026-05-18 12:00:00,1.3375,1.3402,1.3374,1.3394,6711,1.337596,1.340303,1.337596,1.339567,0,0.002604,-0.002903,-0.000167
2026-05-18 13:00:00,1.3395,1.3401,1.3379,1.3391,8777,1.339656,1.33998,1.338079,1.339387,0,0.002021,-0.00208,-0.000287
2026-05-18 14:00:00,1.3391,1.34,1.338,1.3393,9665,1.339477,1.339998,1.338384,1.339567,0,0.001616,-0.001997,-0.000267
2026-05-18 15:00:00,1.3392,1.3427,1.3381,1.3417,14684,1.339387,1.342264,1.338384,1.342228,0,0.004316,-0.004164,-0.000528
2026-05-18 16:00:00,1.3417,1.3449,1.3414,1.3429,11910,1.341706,1.344972,1.341652,1.343256,0,0.003248,-0.003572,-0.000355
2026-05-18 17:00:00,1.3428,1.3434,1.3422,1.3422,2805,1.342985,1.343472,1.342408,1.342408,0,0.000992,-0.001272,-0.000208
2026-05-18 18:00:00,1.3422,1.3422,1.34,1.3401,4178,1.342318,1.342318,1.340249,1.340249,0,0.001951,-0.002318,-0.000149
2026-05-18 19:00:00,1.3401,1.3434,1.34,1.3429,6523,1.340087,1.343382,1.340087,1.343183,0,0.003313,-0.003382,-0.000283
2026-05-18 20:00:00,1.3428,1.3438,1.3428,1.3432,1106,1.343165,1.343941,1.343111,1.343382,0,0.000689,-0.001141,-0.000182
2026-05-18 22:00:00,1.3432,1.3437,1.3431,1.3433,0,1.34349,1.343779,1.343183,1.343508,0,0.000517,-0.000679,-0.000208
2026-05-18 23:00:00,1.3433,1.3436,1.343,1.3431,367,1.343544,1.343707,1.343219,1.343382,0,0.000381,-0.000707,-0.000282
2026-05-19 00:00:00,1.3431,1.3433,1.3418,1.3418,1050,1.343382,1.343382,1.342012,1.342048,0,0.001288,-0.001582,-0.000248
2026-05-19 01:00:00,1.3418,1.3424,1.3412,1.3419,973,1.341868,1.342516,1.341418,1.341814,0,0.000982,-0.001316,8.6e-05
2026-05-19 02:00:00,1.3416,1.3418,1.3409,1.3415,548,1.341562,1.341904,1.341004,1.341688,0,0.000796,-0.001004,-0.000188
2026-05-19 03:00:00,1.3415,1.3418,1.3412,1.3414,0,1.341652,1.34194,1.341382,1.341526,0,0.000418,-0.00074,-0.000126
2026-05-19 04:00:00,1.3413,1.3415,1.3405,1.3406,637,1.341382,1.34158,1.340662,1.340698,0,0.000838,-0.00108,-9.8e-05
2026-05-19 05:00:00,1.3406,1.3417,1.34,1.3416,2072,1.340788,1.341814,1.340159,1.341814,0,0.001541,-0.001814,-0.000214
2026-05-19 06:00:00,1.3415,1.3417,1.3396,1.3399,4407,1.34131,1.341634,1.3398,1.340141,0,0.0019,-0.002034,-0.000241
2026-05-19 07:00:00,1.3399,1.3406,1.3389,1.34,3585,1.33989,1.340662,1.339136,1.340285,0,0.001464,-0.001762,-0.000285
2026-05-19 08:00:00,1.3401,1.3401,1.3388,1.3392,2746,1.340249,1.340249,1.339065,1.339405,0,0.001035,-0.001449,-0.000205
2026-05-19 09:00:00,1.3391,1.3407,1.3386,1.3406,4601,1.339262,1.340842,1.338814,1.340842,0,0.001886,-0.002242,-0.000242
2026-05-19 10:00:00,1.3405,1.3415,1.3393,1.3406,4306,1.340698,1.341526,1.339567,1.34068,0,0.001933,-0.002226,-8e-05
2026-05-19 11:00:00,1.3406,1.3408,1.3402,1.3402,2316,1.34068,1.340932,1.340357,1.340483,0,0.000443,-0.000732,-0.000283
2026-05-19 12:00:00,1.3402,1.3419,1.3402,1.3406,5515,1.340483,1.34185,1.340375,1.340932,0,0.001525,-0.00165,-0.000332
2026-05-19 13:00:00,1.3406,1.3406,1.3386,1.3401,8393,1.340788,1.340788,1.338849,1.340429,0,0.001751,-0.002188,-0.000329
2026-05-19 14:00:00,1.34,1.3401,1.3377,1.3391,11024,1.340195,1.340195,1.337954,1.339369,0,0.002146,-0.002495,-0.000269
2026-05-19 15:00:00,1.3392,1.3401,1.3389,1.3398,7276,1.339334,1.340034,1.339082,1.33989,0,0.001018,-0.001134,-9e-05
2026-05-19 16:00:00,1.3398,1.3402,1.3387,1.3398,7597,1.33989,1.340249,1.338885,1.33998,0,0.001315,-0.001549,-0.00018
2026-05-19 17:00:00,1.3399,1.3411,1.3399,1.3408,3416,1.340087,1.341202,1.340087,1.340986,0,0.001013,-0.001302,-0.000186
2026-05-19 18:00:00,1.3408,1.3411,1.3396,1.3397,4335,1.340968,1.341202,1.339872,1.339926,0,0.001228,-0.001602,-0.000226
2026-05-19 19:00:00,1.3396,1.3403,1.3395,1.3399,1696,1.33998,1.340411,1.339818,1.340087,0,0.000482,-0.000911,-0.000187
2026-05-19 20:00:00,1.3399,1.3402,1.3392,1.3395,1413,1.340051,1.340357,1.339513,1.339513,0,0.000687,-0.001157,-1.3e-05
2026-05-19 22:00:00,1.3397,1.3399,1.3394,1.3396,0,1.339998,1.340069,1.339513,1.339782,0,0.000387,-0.000669,-0.000182
2026-05-19 23:00:00,1.3397,1.3403,1.3394,1.3395,376,1.339818,1.340483,1.339656,1.339656,0,0.000643,-0.001083,-0.000157
2026-05-20 00:00:00,1.3394,1.3401,1.3387,1.3388,1096,1.339495,1.340159,1.338921,1.338921,0,0.001179,-0.001459,-0.000121
2026-05-20 01:00:00,1.3388,1.3391,1.3377,1.3386,1171,1.339011,1.339011,1.337882,1.338688,0,0.001218,-0.001311,-8.8e-05
2026-05-20 02:00:00,1.3386,1.3395,1.3382,1.339,1099,1.338688,1.339549,1.338491,1.339172,0,0.001009,-0.001349,-0.000172
2026-05-20 03:00:00,1.3387,1.3402,1.3387,1.3399,550,1.338921,1.340303,1.338867,1.339998,0,0.001333,-0.001603,-9.8e-05
2026-05-20 04:00:00,1.3403,1.3403,1.3389,1.339,431,1.340195,1.340644,1.33919,1.33919,0,0.00111,-0.001744,-0.00019
2026-05-20 05:00:00,1.339,1.3397,1.3387,1.3391,896,1.33928,1.339782,1.338975,1.339477,0,0.000725,-0.001082,-0.000377
2026-05-20 06:00:00,1.3391,1.3405,1.3375,1.3385,5658,1.338384,1.34068,1.338258,1.338867,0,0.002242,-0.00318,-0.000367
2026-05-20 07:00:00,1.3385,1.3397,1.3382,1.3385,4102,1.33867,1.339746,1.338419,1.338742,0,0.001281,-0.001546,-0.000242
2026-05-20 08:00:00,1.3385,1.3392,1.3374,1.3382,3120,1.33867,1.339208,1.337578,1.338437,0,0.001622,-0.001808,-0.000237
2026-05-20 09:00:00,1.3381,1.3391,1.338,1.3382,1808,1.338312,1.339262,1.338294,1.338473,0,0.000806,-0.001262,-0.000273
2026-05-20 10:00:00,1.3381,1.3398,1.338,1.3396,2325,1.338222,1.33989,1.338222,1.339656,0,0.001578,-0.00189,-5.7e-05
2026-05-20 11:00:00,1.3396,1.3408,1.3394,1.3399,1806,1.33971,1.340752,1.339549,1.339872,0,0.001251,-0.001352,2.8e-05
2026-05-20 12:00:00,1.3399,1.3405,1.3395,1.3396,2828,1.340123,1.34068,1.339692,1.339692,0,0.000808,-0.00118,-9.3e-05
2026-05-20 13:00:00,1.3396,1.3405,1.3391,1.3392,4598,1.339656,1.340554,1.339208,1.339298,0,0.001292,-0.001454,-9.8e-05
2026-05-20 14:00:00,1.3392,1.344,1.3382,1.3432,18550,1.339316,1.343941,1.338455,1.34349,0,0.005545,-0.005741,-0.00029
2026-05-20 15:00:00,1.3431,1.3462,1.3421,1.344,16738,1.343526,1.346221,1.342156,1.343996,0,0.004044,-0.004121,4e-06
2026-05-20 16:00:00,1.3439,1.3453,1.3434,1.3441,4716,1.344357,1.345316,1.343653,1.344068,0,0.001647,-0.001916,3.2e-05
2026-05-20 17:00:00,1.3442,1.3446,1.3434,1.3435,4664,1.344122,1.344574,1.343671,1.343671,0,0.000929,-0.001174,-0.000171
2026-05-20 18:00:00,1.3435,1.3449,1.3431,1.3441,4272,1.343364,1.344936,1.343364,1.344628,0,0.001536,-0.001836,-0.000528
2026-05-20 19:00:00,1.3441,1.345,1.3436,1.3437,3415,1.344321,1.344827,1.343887,1.343887,0,0.001113,-0.001227,-0.000187
2026-05-20 20:00:00,1.3436,1.344,1.3427,1.3429,1258,1.343815,1.344068,1.343436,1.343526,0,0.000564,-0.001368,-0.000626
2026-05-20 22:00:00,1.3434,1.3441,1.3432,1.3435,0,1.343725,1.343887,1.34349,1.343743,0,0.00061,-0.000687,-0.000243
2026-05-20 23:00:00,1.3436,1.3438,1.3432,1.3433,351,1.343725,1.343869,1.343256,1.343418,0,0.000544,-0.000669,-0.000118
2026-05-21 00:00:00,1.3433,1.3439,1.3427,1.3436,801,1.343364,1.34396,1.343003,1.343815,0,0.000897,-0.00126,-0.000215
2026-05-21 01:00:00,1.3437,1.3445,1.3431,1.3433,1667,1.343887,1.344502,1.343219,1.343454,0,0.001281,-0.001402,-0.000154
2026-05-21 02:00:00,1.3434,1.3436,1.3419,1.3425,1610,1.343544,1.343797,1.342192,1.34266,0,0.001408,-0.001897,-0.00016
2026-05-21 03:00:00,1.3425,1.343,1.3425,1.3427,576,1.342606,1.343147,1.342606,1.342787,0,0.000394,-0.000647,-8.7e-05
2026-05-21 04:00:00,1.3426,1.3432,1.3425,1.3431,805,1.34266,1.343346,1.342624,1.34331,0,0.000576,-0.000846,-0.00021
2026-05-21 05:00:00,1.343,1.3433,1.3426,1.3432,644,1.343256,1.3434,1.342769,1.343382,0,0.000531,-0.0008,-0.000182
2026-05-21 06:00:00,1.3431,1.3439,1.3427,1.3433,2471,1.343436,1.343905,1.342985,1.343508,0,0.000915,-0.001205,-0.000208
2026-05-21 07:00:00,1.3433,1.3438,1.3415,1.3429,3511,1.343472,1.343869,1.341688,1.342967,0,0.002112,-0.002369,-6.7e-05
2026-05-21 08:00:00,1.3429,1.3454,1.3427,1.3434,5932,1.343003,1.345388,1.342859,1.34358,0,0.002541,-0.002688,-0.00018
2026-05-21 09:00:00,1.3434,1.3445,1.3432,1.3441,2275,1.343562,1.344682,1.343364,1.344231,0,0.001136,-0.001482,-0.000131
2026-05-21 10:00:00,1.3441,1.3445,1.3414,1.3424,5580,1.344339,1.34461,1.341796,1.342696,0,0.002704,-0.00321,-0.000296
2026-05-21 11:00:00,1.3424,1.3438,1.3418,1.3421,2719,1.342516,1.343869,1.342048,1.342174,0,0.001752,-0.002069,-7.4e-05
2026-05-21 12:00:00,1.3421,1.3429,1.3411,1.3412,5178,1.342318,1.342967,1.341292,1.341598,0,0.001608,-0.001867,-0.000398
2026-05-21 13:00:00,1.3412,1.342,1.3391,1.3404,10163,1.341526,1.342066,1.339405,1.34068,0,0.002595,-0.002966,-0.00028
2026-05-21 14:00:00,1.3406,1.3413,1.3396,1.3411,10152,1.34086,1.34131,1.339926,1.34113,0,0.001374,-0.00171,-3e-05
2026-05-21 15:00:00,1.3411,1.3411,1.3395,1.3405,5562,1.341238,1.341238,1.33971,1.340662,0,0.00139,-0.001738,-0.000162
2026-05-21 16:00:00,1.3405,1.3409,1.3401,1.3407,2185,1.340626,1.340986,1.340249,1.340878,0,0.000651,-0.000886,-0.000178
2026-05-21 17:00:00,1.3408,1.3449,1.3404,1.3443,9514,1.340896,1.34499,1.340698,1.344411,0,0.004202,-0.00459,-0.000111
2026-05-21 18:00:00,1.3442,1.3448,1.342,1.3425,7562,1.344556,1.344845,1.3423,1.342696,0,0.0025,-0.002845,-0.000196
2026-05-21 19:00:00,1.3425,1.344,1.3425,1.3436,3964,1.342805,1.34414,1.342732,1.343725,0,0.001268,-0.00164,-0.000125
2026-05-21 20:00:00,1.3435,1.344,1.3428,1.3432,1220,1.343653,1.34405,1.342949,1.343057,0,0.001051,-0.00125,0.000143
2026-05-21 22:00:00,1.3431,1.3434,1.3429,1.3433,0,1.343201,1.3434,1.342913,1.343292,0,0.000487,-0.0005,8e-06
2026-05-21 23:00:00,1.3433,1.3434,1.3431,1.3431,290,1.343201,1.343382,1.343057,1.343183,0,0.000343,-0.000282,-8.3e-05
2026-05-22 00:00:00,1.3432,1.3432,1.3424,1.3425,528,1.343147,1.343147,1.34248,1.34266,0,0.00072,-0.000747,-0.00016
2026-05-22 01:00:00,1.3425,1.343,1.3423,1.3425,317,1.342498,1.343003,1.34239,1.342624,0,0.00061,-0.000703,-0.000124
2026-05-22 02:00:00,1.3424,1.343,1.3424,1.3427,300,1.34248,1.342985,1.342444,1.342642,0,0.000556,-0.000585,5.8e-05
2026-05-22 03:00:00,1.3427,1.3428,1.3423,1.3426,339,1.342769,1.342787,1.342336,1.342588,0,0.000464,-0.000486,1.2e-05
2026-05-22 04:00:00,1.3429,1.3431,1.3428,1.343,305,1.342642,1.343183,1.342588,1.343057,0,0.000512,-0.000383,-5.7e-05
2026-05-22 05:00:00,1.343,1.3432,1.3418,1.3422,1172,1.343111,1.343238,1.342066,1.34221,0,0.001134,-0.001438,-1e-05
2026-05-22 06:00:00,1.3423,1.3427,1.3416,1.3424,3207,1.342246,1.342805,1.341778,1.342444,0,0.000922,-0.001205,-4.4e-05
2026-05-22 07:00:00,1.3424,1.3425,1.3412,1.3425,2658,1.342174,1.342552,1.341508,1.342498,0,0.000992,-0.001352,2e-06
2026-05-22 08:00:00,1.3425,1.3438,1.3423,1.3425,3299,1.342498,1.343526,1.342408,1.34257,0,0.001392,-0.001226,-7e-05
2026-05-22 09:00:00,1.3425,1.3427,1.3417,1.3426,1312,1.342588,1.342769,1.341724,1.342714,0,0.000976,-0.001069,-0.000114
2026-05-22 10:00:00,1.3427,1.3431,1.342,1.3423,1015,1.342805,1.343219,1.342084,1.34221,0,0.001016,-0.001219,9e-05
2026-05-22 11:00:00,1.3423,1.3425,1.3419,1.342,1736,1.342354,1.34248,1.341904,1.342048,0,0.000596,-0.00058,-4.8e-05
2026-05-22 12:00:00,1.3421,1.3437,1.3417,1.3436,8190,1.34212,1.343346,1.341688,1.343346,0,0.002012,-0.001646,0.000254
2026-05-22 13:00:00,1.3436,1.3463,1.3433,1.3437,11031,1.343634,1.345895,1.343454,1.343653,0,0.002846,-0.002595,4.7e-05
2026-05-22 14:00:00,1.3436,1.3437,1.3418,1.3433,8779,1.34349,1.34358,1.34194,1.343219,0,0.00176,-0.00178,8.1e-05
2026-05-22 15:00:00,1.3434,1.3443,1.3429,1.3436,4204,1.343075,1.344231,1.343075,1.343761,0,0.001225,-0.00133,-0.000161
2026-05-22 16:00:00,1.3436,1.3446,1.3433,1.3444,1717,1.343526,1.344556,1.34349,1.344339,0,0.00111,-0.001256,6.1e-05
2026-05-22 17:00:00,1.3444,1.3453,1.3442,1.3449,4546,1.34452,1.345261,1.344321,1.344899,0,0.000979,-0.001061,1e-06
2026-05-22 18:00:00,1.3448,1.3451,1.3443,1.3447,5610,1.344954,1.345008,1.344429,1.344845,0,0.000671,-0.000708,-0.000145
2026-05-22 19:00:00,1.3448,1.3448,1.3438,1.344,3218,1.344701,1.344827,1.343905,1.344068,0,0.000895,-0.001027,-6.8e-05
2026-05-22 20:00:00,1.344,1.3447,1.3429,1.3447,1489,1.343996,1.344213,1.343219,1.343219,0,0.001481,-0.001312,0.001481
2026-05-26 04:00:00,1.3489,1.3489,1.3481,1.3481,396,1.348909,1.348945,1.348163,1.348163,0,0.000737,-0.000845,-6.3e-05
2026-05-26 05:00:00,1.348,1.3481,1.3474,1.3475,1100,1.348145,1.348145,1.347546,1.347618,0,0.000554,-0.000745,-0.000118
2026-05-26 06:00:00,1.3475,1.3484,1.3473,1.3477,2438,1.347455,1.34849,1.347455,1.347709,0,0.000945,-0.00119,-9e-06
2026-05-26 07:00:00,1.3477,1.3478,1.3464,1.3474,3409,1.347745,1.3478,1.346711,1.347509,0,0.001089,-0.0014,-0.000109
2026-05-26 08:00:00,1.3475,1.348,1.3472,1.3475,2191,1.347364,1.348072,1.347291,1.347527,0,0.000709,-0.000872,-2.7e-05
2026-05-26 09:00:00,1.3474,1.3484,1.3472,1.3483,3507,1.347436,1.348472,1.347364,1.348399,0,0.001036,-0.001272,-9.9e-05
2026-05-26 10:00:00,1.3483,1.3489,1.3477,1.3485,2136,1.348272,1.348963,1.347818,1.348636,0,0.001082,-0.001263,-0.000136
2026-05-26 11:00:00,1.3484,1.3489,1.3468,1.3469,2549,1.348581,1.348927,1.346946,1.346946,0,0.001953,-0.002127,-4.6e-05
2026-05-26 12:00:00,1.3469,1.3474,1.3465,1.3467,3976,1.346892,1.347455,1.346747,1.346838,0,0.000653,-0.000955,-0.000138
2026-05-26 13:00:00,1.3466,1.3469,1.3456,1.3463,5901,1.346674,1.347037,1.345859,1.346384,0,0.001041,-0.001437,-8.4e-05
2026-05-26 14:00:00,1.3463,1.3469,1.3449,1.3449,9610,1.346221,1.346874,1.345135,1.345135,0,0.001765,-0.001974,-0.000235
2026-05-26 15:00:00,1.3449,1.345,1.3434,1.3436,6428,1.345062,1.345062,1.343562,1.343598,0,0.001438,-0.001662,2e-06
2026-05-26 16:00:00,1.3436,1.3448,1.3435,1.344,3226,1.343707,1.344881,1.343671,1.344158,0,0.001129,-0.001381,-0.000158
2026-05-26 17:00:00,1.3441,1.3447,1.3438,1.3441,3394,1.344194,1.344809,1.343978,1.344122,0,0.000722,-0.001009,-2.2e-05
2026-05-26 18:00:00,1.344,1.3445,1.3439,1.3444,2034,1.344104,1.34461,1.34405,1.344538,0,0.00045,-0.00071,-0.000138
2026-05-26 19:00:00,1.3445,1.345,1.3442,1.3449,896,1.344393,1.345008,1.344267,1.344845,0,0.000733,-0.000808,5.5e-05
2026-05-26 20:00:00,1.3448,1.3454,1.3445,1.3446,1376,1.345044,1.345352,1.344538,1.344773,0,0.000862,-0.000852,-0.000173
2026-05-26 22:00:00,1.3449,1.3451,1.3444,1.3451,0,1.345044,1.34508,1.344755,1.34508,0,0.000345,-0.00068,2e-05
2026-05-26 23:00:00,1.3449,1.3458,1.3449,1.3455,375,1.345098,1.345931,1.345098,1.345533,0,0.000702,-0.001031,-3.3e-05
2026-05-27 00:00:00,1.3454,1.3458,1.3454,1.3455,2063,1.345659,1.345841,1.345479,1.345605,0,0.000322,-0.000441,-0.000105
2026-05-27 01:00:00,1.3455,1.3456,1.3446,1.3447,924,1.345533,1.345587,1.344737,1.344755,0,0.000863,-0.000987,-5.5e-05
2026-05-27 02:00:00,1.3447,1.3454,1.3447,1.3451,1485,1.345008,1.345424,1.344737,1.345316,0,0.000663,-0.000724,-0.000216
2026-05-27 03:00:00,1.3453,1.3459,1.3453,1.3454,533,1.345316,1.345823,1.345316,1.345497,0,0.000584,-0.000523,-9.7e-05
2026-05-27 04:00:00,1.3455,1.3456,1.3453,1.3453,129,1.345533,1.345714,1.345352,1.345424,0,0.000248,-0.000414,-0.000124
2026-05-27 05:00:00,1.3453,1.3457,1.3448,1.3448,554,1.345442,1.34575,1.344954,1.344954,0,0.000746,-0.00095,-0.000154
2026-05-27 06:00:00,1.3448,1.3456,1.3443,1.3452,1755,1.344773,1.345659,1.344538,1.345261,0,0.001062,-0.001359,-6.1e-05
2026-05-27 07:00:00,1.3452,1.3456,1.3442,1.3442,1999,1.34546,1.345569,1.344321,1.344339,0,0.001279,-0.001369,-0.000139
2026-05-27 08:00:00,1.3442,1.3451,1.3441,1.3446,2359,1.344267,1.345189,1.344267,1.344719,0,0.000833,-0.001089,-0.000119
2026-05-27 09:00:00,1.3446,1.3452,1.3445,1.3445,1531,1.344701,1.345207,1.344592,1.344701,0,0.000608,-0.000707,-0.000201
2026-05-27 10:00:00,1.3445,1.3446,1.3436,1.3441,1674,1.34452,1.344646,1.343689,1.344231,0,0.000911,-0.001046,-0.000131
2026-05-27 11:00:00,1.3441,1.3442,1.343,1.3434,3010,1.344158,1.344158,1.343147,1.343418,0,0.001053,-0.001158,-1.8e-05
2026-05-27 12:00:00,1.3435,1.3456,1.3431,1.3439,8092,1.343454,1.345587,1.343219,1.34396,0,0.002381,-0.002487,-6e-05
2026-05-27 13:00:00,1.3439,1.3448,1.3439,1.3447,5105,1.344285,1.344863,1.344176,1.344701,0,0.000624,-0.000963,-1e-06
2026-05-27 14:00:00,1.3447,1.3458,1.3417,1.3418,12611,1.344701,1.345659,1.341994,1.341994,0,0.003806,-0.00396,-0.000194
2026-05-27 15:00:00,1.3418,1.3432,1.3416,1.3428,8743,1.341724,1.343129,1.341724,1.342823,0,0.001476,-0.001529,-2.3e-05
2026-05-27 16:00:00,1.3428,1.3432,1.342,1.343,2635,1.34275,1.343238,1.342318,1.343129,0,0.000882,-0.001238,-0.000129
2026-05-27 17:00:00,1.343,1.3431,1.3417,1.3426,4231,1.343111,1.343165,1.341832,1.342769,0,0.001268,-0.001465,-0.000169
2026-05-27 18:00:00,1.3426,1.3431,1.3422,1.343,2543,1.342642,1.343111,1.342282,1.343075,0,0.000818,-0.000911,-7.5e-05
2026-05-27 19:00:00,1.343,1.3433,1.3428,1.343,989,1.343039,1.34331,1.342895,1.343057,0,0.000405,-0.00051,-5.7e-05
2026-05-27 20:00:00,1.3431,1.3433,1.3426,1.3428,660,1.343057,1.343292,1.34275,1.342913,0,0.00055,-0.000692,-0.000113
2026-05-27 22:00:00,1.3427,1.3431,1.3426,1.3427,0,1.342949,1.343111,1.34266,1.342823,0,0.00044,-0.000511,-0.000123
2026-05-27 23:00:00,1.3427,1.3429,1.3414,1.3415,535,1.342732,1.342967,1.341508,1.341652,0,0.001392,-0.001567,-0.000152
2026-05-28 00:00:00,1.3415,1.3419,1.3409,1.3413,1185,1.34158,1.342048,1.341004,1.341454,0,0.000896,-0.001148,-0.000154
2026-05-28 01:00:00,1.3414,1.3414,1.3397,1.3398,1160,1.341256,1.34131,1.339818,1.339818,0,0.001582,-0.00161,-1.8e-05
2026-05-28 02:00:00,1.3399,1.3407,1.3399,1.3401,821,1.340051,1.34068,1.340016,1.340177,0,0.000684,-0.00078,-7.7e-05
2026-05-28 03:00:00,1.3402,1.3403,1.3368,1.3368,3330,1.340231,1.340285,1.336934,1.336934,0,0.003366,-0.003485,-0.000134
2026-05-28 04:00:00,1.3373,1.3378,1.3369,1.3377,1712,1.337023,1.337864,1.336881,1.337793,0,0.000919,-0.000964,-9.3e-05
2026-05-28 05:00:00,1.3376,1.3396,1.3375,1.3392,1355,1.337793,1.339621,1.337632,1.339316,0,0.001968,-0.002121,-0.000116
2026-05-28 06:00:00,1.3391,1.3408,1.339,1.3404,3099,1.339262,1.340752,1.339262,1.340518,0,0.001538,-0.001752,-0.000118
2026-05-28 07:00:00,1.3404,1.3411,1.3399,1.3402,3618,1.340698,1.341148,1.340034,1.340303,0,0.001066,-0.001248,-0.000103
2026-05-28 08:00:00,1.3403,1.3406,1.3395,1.3402,1761,1.340429,1.340716,1.339656,1.340267,0,0.000944,-0.001216,-6.7e-05
2026-05-28 09:00:00,1.3401,1.3409,1.3394,1.3395,1586,1.340321,1.340968,1.339549,1.339656,0,0.001351,-0.001568,-0.000157
2026-05-28 10:00:00,1.3395,1.3398,1.3386,1.3389,2638,1.339567,1.339872,1.33876,1.338975,0,0.00104,-0.001272,-7.5e-05
2026-05-28 11:00:00,1.3389,1.3411,1.3389,1.3406,3169,1.339172,1.340932,1.339172,1.340716,0,0.001928,-0.002032,-0.000116
2026-05-28 12:00:00,1.3406,1.3425,1.3403,1.3419,5084,1.340698,1.342426,1.340447,1.34212,0,0.002053,-0.002126,-0.00022
2026-05-28 13:00:00,1.3421,1.3427,1.3412,1.3414,4911,1.342444,1.34266,1.341328,1.341328,0,0.001372,-0.00146,7.2e-05
2026-05-28 14:00:00,1.3412,1.3451,1.3407,1.3433,18314,1.341166,1.344447,1.34086,1.343147,0,0.00424,-0.003747,0.000153
2026-05-28 15:00:00,1.3432,1.3442,1.3432,1.3435,4306,1.343616,1.344158,1.343436,1.343653,0,0.000764,-0.000958,-0.000153
2026-05-28 16:00:00,1.3436,1.3449,1.3432,1.3446,3187,1.343653,1.344719,1.3434,1.344682,0,0.0015,-0.001519,-8.2e-05
2026-05-28 17:00:00,1.3446,1.3448,1.3441,1.3445,1970,1.344646,1.344773,1.344213,1.34452,0,0.000587,-0.000673,-2e-05
2026-05-28 18:00:00,1.3445,1.3448,1.3437,1.344,3517,1.34452,1.344773,1.343761,1.344086,0,0.001039,-0.001073,-8.6e-05
2026-05-28 19:00:00,1.3441,1.3444,1.3438,1.3439,1615,1.343905,1.344411,1.343869,1.34396,0,0.000531,-0.000611,-6e-05
2026-05-28 20:00:00,1.3438,1.3444,1.3438,1.3443,883,1.343923,1.344466,1.343923,1.344411,0,0.000477,-0.000666,-0.000111
2026-05-28 22:00:00,1.3444,1.3446,1.3441,1.3442,0,1.344502,1.344737,1.344194,1.344231,0,0.000406,-0.000637,-3.1e-05
2026-05-28 23:00:00,1.3441,1.3445,1.3441,1.3445,332,1.344285,1.344628,1.344285,1.344502,0,0.000215,-0.000528,-2e-06
2026-05-29 00:00:00,1.3444,1.3448,1.3439,1.3439,606,1.344447,1.344845,1.343996,1.344158,0,0.000804,-0.000945,-0.000258
2026-05-29 01:00:00,1.3441,1.345,1.3437,1.344,760,1.344213,1.345062,1.343905,1.34405,0,0.001095,-0.001362,-5e-05
2026-05-29 02:00:00,1.344,1.3443,1.3438,1.3438,259,1.34414,1.344411,1.343923,1.343923,0,0.000377,-0.000611,-0.000124
2026-05-29 03:00:00,1.3439,1.3439,1.3431,1.3432,672,1.343905,1.343905,1.343165,1.343274,0,0.000735,-0.000805,-7.4e-05
2026-05-29 04:00:00,1.3435,1.3438,1.3433,1.3438,422,1.343418,1.343869,1.343292,1.343869,0,0.000508,-0.000569,-6.9e-05
2026-05-29 05:00:00,1.3438,1.3441,1.3436,1.3438,429,1.343869,1.344231,1.343707,1.343905,0,0.000393,-0.00063,-0.000106
2026-05-29 06:00:00,1.3437,1.3444,1.3436,1.3442,2109,1.344032,1.344447,1.343743,1.344321,0,0.000657,-0.000847,-0.000121
2026-05-29 07:00:00,1.3441,1.3441,1.3418,1.3426,3072,1.343941,1.343941,1.341976,1.342606,0,0.002124,-0.002141,-6e-06
2026-05-29 08:00:00,1.3425,1.3425,1.3408,1.3411,1998,1.342498,1.342498,1.340896,1.341148,0,0.001604,-0.001698,-4.8e-05
2026-05-29 09:00:00,1.3411,1.3419,1.341,1.3417,1514,1.341058,1.34194,1.341058,1.34194,0,0.000842,-0.00094,-0.00024
2026-05-29 10:00:00,1.3417,1.3418,1.341,1.3418,1845,1.341652,1.341868,1.341058,1.341868,0,0.000742,-0.000868,-6.8e-05
2026-05-29 11:00:00,1.3417,1.3429,1.3415,1.3429,3447,1.341598,1.343003,1.341598,1.343003,0,0.001302,-0.001503,-0.000103
2026-05-29 12:00:00,1.3429,1.3435,1.342,1.3435,7656,1.343003,1.343454,1.342282,1.343454,0,0.001218,-0.001454,4.6e-05
2026-05-29 13:00:00,1.3434,1.3447,1.3431,1.3439,6072,1.343508,1.344646,1.343346,1.34405,0,0.001354,-0.001546,-0.00015
2026-05-29 14:00:00,1.3439,1.3481,1.3429,1.3477,22959,1.343941,1.347945,1.343057,1.347945,0,0.005043,-0.005045,-0.000245
2026-05-29 15:00:00,1.3476,1.3485,1.3471,1.3474,24851,1.348072,1.34849,1.347146,1.347509,0,0.001354,-0.00139,-0.000109
2026-05-29 16:00:00,1.3474,1.3476,1.3463,1.3468,7018,1.347509,1.347509,1.346566,1.346783,0,0.001034,-0.001209,1.7e-05
2026-05-29 17:00:00,1.3468,1.3469,1.3455,1.3456,13413,1.346892,1.347019,1.345696,1.34575,0,0.001204,-0.001519,-0.00015
2026-05-29 18:00:00,1.3455,1.3465,1.3455,1.3461,5856,1.345659,1.346457,1.345623,1.346257,0,0.000877,-0.000957,-0.000157
2026-05-29 19:00:00,1.3461,1.347,1.346,1.3467,15084,1.346203,1.347128,1.346203,1.346838,0,0.000797,-0.001128,-0.000138
2026-05-29 20:00:00,1.3468,1.3468,1.3454,1.3461,3417,1.34682,1.34682,1.34546,1.345587,0,0.00134,-0.00142,0.000513
2026-05-31 23:00:00,1.3449,1.3458,1.3448,1.3451,1801,1.344972,1.345533,1.344881,1.345116,0,0.000919,-0.000733,-1.6e-05
2026-06-01 00:00:00,1.345,1.3454,1.3445,1.3451,1414,1.345026,1.345424,1.344646,1.345153,0,0.000754,-0.000924,-5.3e-05
2026-06-01 01:00:00,1.3451,1.3453,1.3448,1.3452,1064,1.345116,1.345388,1.344899,1.345388,0,0.000401,-0.000588,-0.000188
2026-06-01 02:00:00,1.3453,1.3456,1.3452,1.3455,375,1.345442,1.345678,1.34537,1.345605,0,0.00023,-0.000478,-0.000105
2026-06-01 03:00:00,1.3456,1.3459,1.3449,1.345,654,1.345678,1.345968,1.345026,1.345026,0,0.000874,-0.001068,-2.6e-05
2026-06-01 04:00:00,1.3449,1.3457,1.3449,1.3457,276,1.345062,1.345804,1.345062,1.345768,0,0.000638,-0.000904,-6.8e-05
2026-06-01 05:00:00,1.3457,1.3465,1.3456,1.3463,501,1.34575,1.346602,1.34575,1.34633,0,0.00075,-0.001002,-3e-05
2026-06-01 06:00:00,1.3462,1.3476,1.3458,1.3473,3918,1.346511,1.347654,1.345931,1.347291,0,0.001669,-0.001854,9e-06
2026-06-01 07:00:00,1.3473,1.3473,1.3455,1.346,2520,1.34691,1.347037,1.345678,1.346058,0,0.001622,-0.001537,-5.8e-05
2026-06-01 08:00:00,1.3461,1.3473,1.3459,1.3471,2183,1.346131,1.347328,1.346112,1.347128,0,0.001188,-0.001428,-2.8e-05
2026-06-01 09:00:00,1.3471,1.3474,1.3457,1.3459,2346,1.347455,1.347546,1.345823,1.346022,0,0.001577,-0.001845,-0.000122
2026-06-01 10:00:00,1.346,1.3466,1.3455,1.3462,2224,1.346076,1.346566,1.345641,1.34633,0,0.000959,-0.001066,-0.00013
2026-06-01 11:00:00,1.3463,1.3465,1.3459,1.3465,1560,1.346312,1.346674,1.346076,1.346584,0,0.000424,-0.000774,-8.4e-05
2026-06-01 12:00:00,1.3466,1.3469,1.3462,1.3464,5615,1.346729,1.34691,1.346348,1.346457,0,0.000552,-0.00071,-5.7e-05
2026-06-01 13:00:00,1.3464,1.3464,1.3409,1.3414,22572,1.346221,1.346239,1.341166,1.341652,0,0.005234,-0.005339,-0.000252
2026-06-01 14:00:00,1.3412,1.3437,1.3406,1.3436,15886,1.341148,1.343689,1.340932,1.343689,0,0.002768,-0.003089,-8.9e-05
2026-06-01 15:00:00,1.3437,1.3455,1.3433,1.3449,8106,1.343761,1.345406,1.343418,1.345008,0,0.002082,-0.002106,-0.000108
2026-06-01 16:00:00,1.3449,1.3463,1.344,1.346,5918,1.345189,1.346312,1.344104,1.346112,0,0.002196,-0.002312,-0.000113
2026-06-01 17:00:00,1.3461,1.3472,1.3454,1.3465,6403,1.346131,1.346983,1.345424,1.346584,0,0.001776,-0.001583,-8.4e-05
2026-06-01 18:00:00,1.3464,1.3466,1.3456,1.3456,7679,1.346439,1.34662,1.345859,1.345859,0,0.000741,-0.00102,-0.000259
2026-06-01 19:00:00,1.3456,1.3461,1.3453,1.3459,1986,1.345659,1.346149,1.34546,1.345949,0,0.00064,-0.000849,-4.9e-05
2026-06-01 20:00:00,1.3458,1.3461,1.3454,1.3456,1139,1.34604,1.346131,1.345533,1.345587,0,0.000567,-0.000731,1.3e-05
2026-06-01 22:00:00,1.3456,1.346,1.3455,1.3459,0,1.345913,1.345949,1.345641,1.345859,0,0.000358,-0.000449,4.1e-05
2026-06-01 23:00:00,1.3459,1.346,1.3457,1.346,409,1.346004,1.346076,1.345732,1.346022,0,0.000268,-0.000376,-2.2e-05
2026-06-02 00:00:00,1.346,1.3461,1.3452,1.3453,984,1.346131,1.346221,1.345406,1.345424,0,0.000694,-0.001021,-0.000124
2026-06-02 01:00:00,1.3454,1.346,1.345,1.3452,1259,1.345533,1.346131,1.345189,1.345261,0,0.000811,-0.001131,-6.1e-05
2026-06-02 02:00:00,1.3451,1.3456,1.3451,1.3453,679,1.345424,1.345623,1.345207,1.345388,0,0.000393,-0.000523,-8.8e-05
2026-06-02 03:00:00,1.3454,1.3458,1.3454,1.3457,0,1.34546,1.345877,1.345388,1.345859,0,0.000412,-0.000477,-0.000159
2026-06-02 04:00:00,1.3458,1.3465,1.3457,1.3464,732,1.345823,1.346475,1.345823,1.346457,0,0.000677,-0.000775,-5.7e-05
2026-06-02 05:00:00,1.3463,1.3466,1.3461,1.3461,1709,1.346421,1.346729,1.346167,1.346167,0,0.000433,-0.000629,-6.7e-05
2026-06-02 06:00:00,1.3461,1.3482,1.3461,1.3478,3661,1.346439,1.348199,1.346402,1.347836,0,0.001798,-0.0021,-3.6e-05
2026-06-02 07:00:00,1.3478,1.3479,1.3467,1.3472,2912,1.3478,1.347872,1.346838,1.347237,0,0.001062,-0.001172,-3.7e-05
2026-06-02 08:00:00,1.3472,1.3476,1.3461,1.3463,2648,1.347291,1.3476,1.346203,1.346348,0,0.001397,-0.0015,-4.8e-05
2026-06-02 09:00:00,1.3463,1.347,1.346,1.3469,3017,1.346276,1.347128,1.346185,1.347128,0,0.000815,-0.001128,-0.000228
2026-06-02 10:00:00,1.347,1.3474,1.3466,1.3468,5767,1.346838,1.347455,1.346729,1.346856,0,0.000671,-0.000855,-5.6e-05
2026-06-02 11:00:00,1.3468,1.3477,1.3465,1.3473,2074,1.346892,1.347727,1.346638,1.347436,0,0.001062,-0.001227,-0.000136
2026-06-02 12:00:00,1.3474,1.3478,1.3471,1.3472,2786,1.347509,1.347727,1.347182,1.347219,0,0.000618,-0.000627,-1.9e-05
2026-06-02 13:00:00,1.3472,1.3478,1.3466,1.3469,4183,1.347291,1.3478,1.346856,1.347074,0,0.000944,-0.0012,-0.000174
2026-06-02 14:00:00,1.347,1.3481,1.3459,1.3472,7414,1.346566,1.347981,1.346566,1.347201,0,0.001534,-0.002081,-0.0
2026-06-02 15:00:00,1.3471,1.348,1.3471,1.3479,5042,1.347328,1.348036,1.347309,1.347981,0,0.000691,-0.000936,-8.1e-05
2026-06-02 16:00:00,1.348,1.348,1.3464,1.3467,4947,1.347745,1.347981,1.346529,1.346638,0,0.001471,-0.001581,6.2e-05
2026-06-02 17:00:00,1.3467,1.3468,1.3457,1.3458,1772,1.346801,1.346801,1.345804,1.345968,0,0.000996,-0.001101,-0.000167
2026-06-02 18:00:00,1.3459,1.3471,1.3453,1.3469,3288,1.346094,1.347055,1.345424,1.346946,0,0.001676,-0.001755,-4.6e-05
2026-06-02 19:00:00,1.3469,1.3472,1.3467,1.3469,1217,1.347037,1.347291,1.346783,1.346928,0,0.000417,-0.000591,-2.8e-05
2026-06-02 20:00:00,1.3468,1.3472,1.3463,1.3466,960,1.346928,1.347219,1.346439,1.346511,0,0.000761,-0.000919,8.9e-05
2026-06-02 22:00:00,1.3464,1.3469,1.3462,1.3462,0,1.346765,1.34682,1.346312,1.346493,0,0.000588,-0.00062,-0.000293
2026-06-02 23:00:00,1.3462,1.3462,1.345,1.3453,1150,1.346239,1.346276,1.345189,1.345352,0,0.001011,-0.001276,-5.2e-05
2026-06-03 00:00:00,1.3453,1.3467,1.3452,1.3466,492,1.345406,1.346729,1.345406,1.346656,0,0.001294,-0.001529,-5.6e-05
2026-06-03 01:00:00,1.3466,1.3472,1.3462,1.3468,596,1.346475,1.347201,1.346312,1.346747,0,0.000888,-0.001001,5.3e-05
2026-06-03 02:00:00,1.3468,1.347,1.3461,1.3463,402,1.346838,1.347128,1.346203,1.346421,0,0.000797,-0.001028,-0.000121
2026-06-03 03:00:00,1.3463,1.3465,1.3461,1.3463,236,1.346312,1.346529,1.346167,1.346421,0,0.000333,-0.000429,-0.000121
2026-06-03 04:00:00,1.346,1.3461,1.3458,1.346,294,1.346421,1.346421,1.345931,1.346167,0,0.000169,-0.00062,-0.000167
2026-06-03 05:00:00,1.346,1.3463,1.345,1.345,676,1.34604,1.34633,1.345026,1.345026,0,0.001274,-0.00133,-2.6e-05
2026-06-03 06:00:00,1.345,1.3454,1.3436,1.3449,3445,1.345062,1.345316,1.343815,1.345008,0,0.001585,-0.001716,-0.000108
2026-06-03 07:00:00,1.345,1.3462,1.3443,1.3457,2853,1.344845,1.346239,1.344502,1.345623,0,0.001698,-0.001939,7.7e-05
2026-06-03 08:00:00,1.3456,1.3457,1.344,1.3442,4115,1.34546,1.345732,1.344122,1.344321,0,0.001578,-0.001732,-0.000121
2026-06-03 09:00:00,1.3442,1.345,1.3442,1.3447,1958,1.344483,1.34508,1.344483,1.344755,0,0.000517,-0.00088,-5.5e-05
2026-06-03 10:00:00,1.3448,1.346,1.3446,1.345,2738,1.344791,1.346004,1.344682,1.34508,0,0.001318,-0.001404,-8e-05
2026-06-03 11:00:00,1.345,1.3455,1.3449,1.345,1514,1.34508,1.345605,1.344936,1.34499,0,0.000564,-0.000705,1e-05
2026-06-03 12:00:00,1.345,1.345,1.3427,1.3431,4485,1.344918,1.344972,1.342949,1.343256,0,0.002051,-0.002272,-0.000156
2026-06-03 13:00:00,1.3432,1.3436,1.3421,1.3425,8680,1.343147,1.343634,1.34239,1.342769,0,0.00121,-0.001534,-0.000269
2026-06-03 14:00:00,1.3425,1.3437,1.3414,1.3437,5863,1.342913,1.343725,1.342264,1.343725,0,0.001436,-0.002325,-2.5e-05
2026-06-03 15:00:00,1.3437,1.3439,1.3425,1.3434,5367,1.34358,1.34396,1.342678,1.343418,0,0.001222,-0.00146,-1.8e-05
2026-06-03 16:00:00,1.3434,1.3434,1.3415,1.3422,2567,1.3434,1.3434,1.341634,1.342246,0,0.001766,-0.0019,-4.6e-05
2026-06-03 17:00:00,1.3422,1.3428,1.3415,1.3416,1928,1.342318,1.342805,1.341544,1.341652,0,0.001256,-0.001305,-5.2e-05
2026-06-03 18:00:00,1.3416,1.3418,1.3411,1.3417,2986,1.341742,1.34185,1.341346,1.341724,0,0.000454,-0.00075,-2.4e-05
2026-06-03 19:00:00,1.3417,1.342,1.3415,1.3419,1379,1.341742,1.34212,1.341742,1.34203,0,0.000258,-0.00062,-0.00013
2026-06-03 20:00:00,1.3419,1.3421,1.3416,1.3418,0,1.342084,1.342138,1.341616,1.341778,0,0.000484,-0.000538,2.2e-05
2026-06-03 22:00:00,1.3419,1.3428,1.3411,1.3422,835,1.341742,1.342426,1.341256,1.34212,0,0.001544,-0.001326,8e-05
2026-06-03 23:00:00,1.3423,1.3428,1.3418,1.3426,458,1.342282,1.342841,1.34185,1.342714,0,0.00095,-0.001041,-0.000114
2026-06-04 00:00:00,1.3426,1.3431,1.3422,1.3426,805,1.342787,1.343147,1.34239,1.34266,0,0.00071,-0.000947,-6e-05
2026-06-04 01:00:00,1.3425,1.3427,1.3423,1.3427,438,1.342354,1.342769,1.342318,1.342714,0,0.000382,-0.000468,-1.4e-05
2026-06-04 02:00:00,1.3427,1.3427,1.3422,1.3425,819,1.34248,1.34275,1.342282,1.342642,0,0.000418,-0.00055,-0.000142
2026-06-04 03:00:00,1.3426,1.3426,1.3416,1.3423,789,1.342534,1.342588,1.341796,1.342408,0,0.000804,-0.000988,-0.000108
2026-06-04 04:00:00,1.3423,1.3432,1.3423,1.343,1095,1.3423,1.343147,1.3423,1.343147,0,0.0009,-0.000847,-0.000147
2026-06-04 05:00:00,1.343,1.3432,1.3421,1.3427,669,1.343219,1.343219,1.342156,1.342787,0,0.001044,-0.001119,-8.7e-05
2026-06-04 06:00:00,1.3428,1.3434,1.3424,1.3428,2420,1.342913,1.343526,1.342498,1.342805,0,0.000902,-0.001126,-5e-06
2026-06-04 07:00:00,1.3428,1.3429,1.3411,1.3421,2515,1.342949,1.342967,1.341238,1.342246,0,0.001662,-0.001867,-0.000146
2026-06-04 08:00:00,1.3422,1.3436,1.3422,1.343,2926,1.342336,1.34349,1.342336,1.343147,0,0.001264,-0.00129,-0.000147
2026-06-04 09:00:00,1.343,1.3442,1.3429,1.3438,2828,1.343256,1.344213,1.343238,1.343725,0,0.000962,-0.001312,7.5e-05
2026-06-04 10:00:00,1.3436,1.3444,1.3434,1.3443,1620,1.343616,1.344393,1.34349,1.344393,0,0.00091,-0.000993,-9.3e-05
2026-06-04 11:00:00,1.3443,1.3462,1.3442,1.3459,4491,1.34452,1.346203,1.34452,1.345949,0,0.00168,-0.002003,-4.9e-05
2026-06-04 12:00:00,1.3459,1.3462,1.3453,1.3456,5977,1.346257,1.346257,1.345316,1.345696,0,0.000884,-0.000957,-9.6e-05
2026-06-04 13:00:00,1.3456,1.3457,1.3448,1.3451,7938,1.345623,1.345714,1.344936,1.345261,0,0.000764,-0.000914,-0.000161
2026-06-04 14:00:00,1.3451,1.3454,1.3435,1.3443,7906,1.345261,1.345261,1.343707,1.344466,0,0.001693,-0.001761,-0.000166
2026-06-04 15:00:00,1.3443,1.3444,1.343,1.3439,3931,1.344303,1.344303,1.343093,1.343887,0,0.001307,-0.001303,1.3e-05
2026-06-04 16:00:00,1.3439,1.3442,1.3434,1.3435,2062,1.343851,1.344231,1.34349,1.343634,0,0.00071,-0.000831,-0.000134
2026-06-04 17:00:00,1.3435,1.3436,1.3427,1.3427,5919,1.343562,1.343653,1.34275,1.342805,0,0.00085,-0.000953,-0.000105
2026-06-04 18:00:00,1.3427,1.343,1.3423,1.3425,3206,1.342714,1.342877,1.342444,1.342516,0,0.000556,-0.000577,-1.6e-05
2026-06-04 19:00:00,1.3425,1.3426,1.3422,1.3424,4104,1.342588,1.34266,1.342228,1.342444,0,0.000372,-0.00046,-4.4e-05
2026-06-04 20:00:00,1.3423,1.3425,1.342,1.3423,551,1.342408,1.342534,1.34212,1.342444,0,0.00038,-0.000534,-0.000144
2026-06-04 22:00:00,1.3424,1.3428,1.3421,1.3423,0,1.342318,1.34266,1.342282,1.34239,0,0.000518,-0.00056,-9e-05
2026-06-04 23:00:00,1.3423,1.3425,1.3422,1.3422,380,1.342462,1.342552,1.342264,1.342336,0,0.000236,-0.000352,-0.000136
2026-06-05 00:00:00,1.3422,1.3424,1.3419,1.3422,1614,1.34221,1.342408,1.341886,1.342372,0,0.000514,-0.000508,-0.000172
2026-06-05 01:00:00,1.3423,1.3424,1.3416,1.3423,981,1.342318,1.342552,1.341724,1.342372,0,0.000676,-0.000952,-7.2e-05
2026-06-05 02:00:00,1.3424,1.3428,1.3422,1.3424,700,1.34248,1.342859,1.342372,1.342498,0,0.000428,-0.000659,-9.8e-05
2026-06-05 03:00:00,1.3424,1.3428,1.3423,1.3426,275,1.342444,1.342769,1.342372,1.342678,0,0.000428,-0.000468,-7.8e-05
2026-06-05 04:00:00,1.3428,1.3431,1.3426,1.343,278,1.342787,1.343129,1.34266,1.342985,0,0.00044,-0.000529,1.5e-05
2026-06-05 05:00:00,1.3429,1.3432,1.3425,1.3426,457,1.342895,1.343165,1.342606,1.342606,0,0.000594,-0.000665,-6e-06
2026-06-05 06:00:00,1.3425,1.3436,1.3423,1.3436,1957,1.342498,1.343598,1.342462,1.34358,0,0.001138,-0.001298,2e-05
2026-06-05 07:00:00,1.3435,1.3449,1.3434,1.3446,3722,1.34358,1.344863,1.34349,1.344574,0,0.00141,-0.001463,2.6e-05
2026-06-05 08:00:00,1.3445,1.3459,1.3445,1.3456,3710,1.344592,1.345841,1.344592,1.345587,0,0.001308,-0.001341,1.3e-05
2026-06-05 09:00:00,1.3455,1.347,1.3452,1.3464,3790,1.345406,1.346783,1.345316,1.346475,0,0.001684,-0.001583,-7.5e-05
2026-06-05 10:00:00,1.3465,1.3484,1.3464,1.3474,7857,1.346584,1.348309,1.346511,1.347436,0,0.001889,-0.001909,-3.6e-05
2026-06-05 11:00:00,1.3474,1.3475,1.3467,1.3468,4199,1.347509,1.347509,1.346747,1.346783,0,0.000753,-0.000809,1.7e-05
2026-06-05 12:00:00,1.3469,1.3469,1.3404,1.3404,11641,1.346874,1.346874,1.34059,1.34059,0,0.00631,-0.006474,-0.00019
2026-06-05 13:00:00,1.3404,1.3421,1.3394,1.3399,21004,1.340411,1.342156,1.339549,1.340016,0,0.002551,-0.002756,-0.000116
2026-06-05 14:00:00,1.3398,1.3408,1.3379,1.3386,12731,1.339962,1.340752,1.338133,1.338634,0,0.002667,-0.002852,-3.4e-05
2026-06-05 15:00:00,1.3385,1.3389,1.3357,1.3359,8402,1.338688,1.338688,1.335791,1.335934,0,0.003109,-0.002988,-3.4e-05
2026-06-05 16:00:00,1.3358,1.3359,1.3341,1.3355,9843,1.335631,1.335934,1.334187,1.335577,0,0.001713,-0.001834,-7.7e-05
2026-06-05 17:00:00,1.3356,1.3356,1.3337,1.3341,3945,1.335524,1.335577,1.333831,1.334134,0,0.001769,-0.001877,-3.4e-05
2026-06-05 18:00:00,1.3342,1.3344,1.3333,1.3336,7567,1.334223,1.334365,1.333458,1.333725,0,0.000942,-0.001065,-0.000125
2026-06-05 19:00:00,1.3336,1.334,1.333,1.3338,5142,1.333707,1.334169,1.33312,1.333849,0,0.00088,-0.001169,-4.9e-05
2026-06-05 20:00:00,1.3337,1.3342,1.333,1.3336,2815,1.333725,1.334223,1.333173,1.333725,0,0.001027,-0.001223,-0.000125
2026-06-07 23:00:00,1.3324,1.3336,1.3324,1.3335,779,1.332552,1.3336,1.332534,1.333565,0,0.001066,-0.0012,-6.4e-05
2026-06-08 00:00:00,1.3335,1.3348,1.3335,1.3348,1729,1.333565,1.334882,1.333565,1.334864,0,0.001235,-0.001382,-6.4e-05
2026-06-08 01:00:00,1.3349,1.3351,1.3319,1.3337,3912,1.335007,1.335042,1.331984,1.3336,0,0.003116,-0.003142,0.0001
2026-06-08 02:00:00,1.3337,1.3342,1.3328,1.3339,1802,1.333725,1.334258,1.332871,1.334187,0,0.001329,-0.001458,-0.000287
2026-06-08 03:00:00,1.334,1.3342,1.3335,1.3341,332,1.334027,1.334241,1.333547,1.334169,0,0.000653,-0.000741,-6.9e-05
2026-06-08 04:00:00,1.3341,1.3345,1.3337,1.3339,527,1.334169,1.334597,1.333902,1.333974,0,0.000597,-0.000897,-7.4e-05
2026-06-08 05:00:00,1.334,1.3349,1.3326,1.3329,1265,1.334045,1.334846,1.332587,1.332711,0,0.002313,-0.002246,0.000189
2026-06-08 06:00:00,1.3327,1.3331,1.332,1.3321,5667,1.332711,1.33312,1.332108,1.332356,0,0.000992,-0.00112,-0.000256
2026-06-08 07:00:00,1.3323,1.3346,1.332,1.3327,8446,1.332303,1.334704,1.332303,1.332924,0,0.002297,-0.002704,-0.000224
2026-06-08 08:00:00,1.3327,1.3336,1.332,1.3322,4107,1.332729,1.33344,1.332161,1.33241,0,0.001439,-0.00144,-0.000209
2026-06-08 09:00:00,1.3321,1.3327,1.3306,1.3326,7261,1.332197,1.332765,1.330725,1.332765,0,0.001975,-0.002165,-0.000165
2026-06-08 10:00:00,1.3326,1.3349,1.3323,1.3342,5592,1.332765,1.334472,1.332552,1.334223,0,0.002348,-0.002172,-2.3e-05
2026-06-08 11:00:00,1.3341,1.3369,1.3341,1.336,7294,1.334169,1.336952,1.334134,1.336184,0,0.002766,-0.002852,-0.000184
2026-06-08 12:00:00,1.336,1.3367,1.3345,1.335,11072,1.336095,1.336755,1.334615,1.3349,0,0.002085,-0.002255,0.0001
2026-06-08 13:00:00,1.3351,1.3364,1.3349,1.3352,6732,1.335113,1.336541,1.3349,1.335345,0,0.0015,-0.001641,-0.000145
2026-06-08 14:00:00,1.3352,1.3358,1.3337,1.3343,12876,1.335167,1.335827,1.333992,1.334347,0,0.001809,-0.002127,-4.7e-05
2026-06-08 15:00:00,1.3343,1.3351,1.3336,1.3347,7353,1.334401,1.335024,1.333618,1.334935,0,0.001482,-0.001424,-0.000235
2026-06-08 16:00:00,1.3347,1.3348,1.3342,1.3343,11062,1.334721,1.334828,1.33433,1.33433,0,0.00047,-0.000628,-3e-05
2026-06-08 17:00:00,1.3343,1.3347,1.3339,1.3345,5717,1.334454,1.334686,1.334152,1.334561,0,0.000548,-0.000786,-6.1e-05
2026-06-08 18:00:00,1.3345,1.3352,1.3337,1.3338,5781,1.334632,1.335256,1.33408,1.334098,0,0.00112,-0.001556,-0.000298
2026-06-08 19:00:00,1.3338,1.3344,1.3338,1.334,3345,1.333956,1.334437,1.333956,1.334187,0,0.000444,-0.000637,-0.000187
2026-06-08 20:00:00,1.3341,1.3343,1.3338,1.3341,2657,1.334187,1.334365,1.33392,1.333956,0,0.00038,-0.000565,0.000144
2026-06-08 22:00:00,1.334,1.3342,1.3338,1.3341,0,1.334045,1.334152,1.333885,1.334116,0,0.000315,-0.000352,-1.6e-05
2026-06-08 23:00:00,1.334,1.3342,1.3332,1.3333,342,1.334134,1.334152,1.333369,1.333369,0,0.000831,-0.000952,-6.9e-05
2026-06-09 00:00:00,1.3333,1.3336,1.3331,1.3336,1000,1.333369,1.333689,1.333227,1.333689,0,0.000373,-0.000589,-8.9e-05
2026-06-09 01:00:00,1.3336,1.3352,1.3336,1.3352,1543,1.333671,1.33506,1.333671,1.33506,0,0.001529,-0.00146,0.00014
2026-06-09 02:00:00,1.3351,1.3353,1.3348,1.3349,393,1.335149,1.335345,1.334864,1.334953,0,0.000436,-0.000545,-5.3e-05
2026-06-09 03:00:00,1.3348,1.3352,1.3346,1.3348,0,1.3349,1.33522,1.334632,1.334935,0,0.000568,-0.00062,-0.000135
2026-06-09 04:00:00,1.3349,1.3362,1.3349,1.336,741,1.335007,1.336344,1.33481,1.335987,0,0.00139,-0.001444,1.3e-05
2026-06-09 05:00:00,1.3361,1.3365,1.3356,1.3361,1306,1.336059,1.336505,1.335648,1.336166,0,0.000852,-0.000905,-6.6e-05
2026-06-09 06:00:00,1.3362,1.3374,1.3359,1.3364,19809,1.336148,1.337489,1.335934,1.336237,0,0.001466,-0.001589,0.000163
2026-06-09 07:00:00,1.3363,1.3376,1.3358,1.3367,13908,1.336327,1.337327,1.335952,1.336845,0,0.001648,-0.001527,-0.000145
2026-06-09 08:00:00,1.3367,1.3382,1.3365,1.338,3376,1.336827,1.338204,1.336612,1.338007,0,0.001588,-0.001704,-7e-06
2026-06-09 09:00:00,1.338,1.3392,1.3379,1.3387,2871,1.338043,1.33919,1.338025,1.338796,0,0.001175,-0.00129,-9.5e-05
2026-06-09 10:00:00,1.3388,1.3398,1.3384,1.3395,4119,1.338849,1.339728,1.338616,1.339549,0,0.001184,-0.001328,-4.9e-05
2026-06-09 11:00:00,1.3396,1.3407,1.3395,1.3402,2436,1.339585,1.340644,1.339549,1.340321,0,0.001151,-0.001144,-0.000121
2026-06-09 12:00:00,1.3403,1.3407,1.3399,1.3404,5772,1.340375,1.34068,1.339998,1.340393,0,0.000703,-0.00078,7e-06
2026-06-09 13:00:00,1.3404,1.3412,1.3395,1.3397,14362,1.34068,1.341022,1.339585,1.33998,0,0.001615,-0.001522,-0.00028
2026-06-09 14:00:00,1.3398,1.3407,1.3389,1.3397,20135,1.33989,1.340644,1.339011,1.339639,0,0.001689,-0.001744,6.1e-05
2026-06-09 15:00:00,1.3397,1.3404,1.3373,1.3387,7946,1.33971,1.340393,1.337435,1.338849,0,0.002965,-0.003093,-0.000149
2026-06-09 16:00:00,1.3387,1.3389,1.3358,1.3371,12702,1.338832,1.338903,1.335952,1.337041,0,0.002948,-0.003103,5.9e-05
2026-06-09 17:00:00,1.3372,1.3389,1.337,1.3383,6199,1.33722,1.338885,1.33722,1.338384,0,0.00168,-0.001885,-8.4e-05
2026-06-09 18:00:00,1.3383,1.3391,1.3381,1.3388,4141,1.338366,1.339118,1.338204,1.338921,0,0.000896,-0.001018,-0.000121
2026-06-09 19:00:00,1.3388,1.3388,1.3379,1.3379,3639,1.338849,1.338849,1.33799,1.338043,0,0.00081,-0.000949,-0.000143
2026-06-09 20:00:00,1.3379,1.3382,1.3377,1.3378,1017,1.337972,1.338312,1.337793,1.337972,0,0.000407,-0.000612,-0.000172
2026-06-09 22:00:00,1.3371,1.3376,1.3371,1.3372,0,1.337399,1.337721,1.337149,1.337292,0,0.000451,-0.000621,-9.2e-05
2026-06-09 23:00:00,1.3372,1.3375,1.3368,1.3371,278,1.33722,1.337524,1.336827,1.337077,0,0.000673,-0.000724,2.3e-05
2026-06-10 00:00:00,1.3371,1.338,1.3369,1.3378,1196,1.337095,1.337972,1.336898,1.337972,0,0.001102,-0.001072,-0.000172
2026-06-10 01:00:00,1.3379,1.338,1.3373,1.3376,693,1.337846,1.338007,1.337345,1.337471,0,0.000655,-0.000708,0.000129
2026-06-10 02:00:00,1.3374,1.3383,1.3373,1.3379,984,1.337453,1.338366,1.337345,1.33799,0,0.000955,-0.001066,-9e-05
2026-06-10 03:00:00,1.3379,1.339,1.3379,1.3389,588,1.337954,1.338993,1.337954,1.338939,0,0.001046,-0.001093,-3.9e-05
2026-06-10 04:00:00,1.3387,1.3387,1.3379,1.3382,671,1.338921,1.338939,1.338025,1.338187,0,0.000675,-0.001039,1.3e-05
2026-06-10 05:00:00,1.3382,1.3395,1.338,1.3392,1568,1.338222,1.339351,1.338061,1.339154,0,0.001439,-0.001351,4.6e-05
2026-06-10 06:00:00,1.3391,1.3397,1.3383,1.3383,3508,1.33928,1.339746,1.338616,1.338616,0,0.001083,-0.001446,-0.000317
2026-06-10 07:00:00,1.3383,1.3393,1.338,1.339,3801,1.338294,1.339334,1.338187,1.339118,0,0.001114,-0.001333,-0.000118
2026-06-10 08:00:00,1.339,1.3392,1.3383,1.3386,3147,1.339029,1.33919,1.338437,1.338545,0,0.000763,-0.00089,5.5e-05
2026-06-10 09:00:00,1.3386,1.34,1.3381,1.3397,3377,1.33867,1.339926,1.338169,1.3398,0,0.001832,-0.001826,-0.0001
2026-06-10 10:00:00,1.3397,1.3399,1.339,1.3391,3024,1.339621,1.339926,1.33919,1.339316,0,0.00071,-0.000926,-0.000216
2026-06-10 11:00:00,1.3391,1.3394,1.3376,1.3378,10476,1.339118,1.339387,1.337775,1.337918,0,0.001625,-0.001787,-0.000118
2026-06-10 12:00:00,1.3379,1.3408,1.3377,1.3389,12314,1.337918,1.340698,1.337811,1.3391,0,0.00299,-0.002998,-0.0002
2026-06-10 13:00:00,1.3389,1.3423,1.3389,1.341,9218,1.3391,1.342282,1.3391,1.341058,0,0.0032,-0.003382,-5.8e-05
2026-06-10 14:00:00,1.341,1.3418,1.3395,1.3401,13954,1.340878,1.341634,1.339728,1.340105,0,0.002072,-0.002134,-5e-06
2026-06-10 15:00:00,1.3401,1.3405,1.3371,1.3388,26378,1.340141,1.340518,1.338115,1.338903,0,0.002385,-0.003418,-0.000103
2026-06-10 16:00:00,1.339,1.3397,1.3387,1.3389,7670,1.339029,1.339674,1.338814,1.338957,0,0.000886,-0.000974,-5.7e-05
2026-06-10 17:00:00,1.3389,1.3394,1.3379,1.3391,15266,1.339029,1.339423,1.338061,1.339244,0,0.001339,-0.001523,-0.000144
2026-06-10 18:00:00,1.3392,1.3396,1.3378,1.3379,6139,1.339244,1.339656,1.338097,1.338115,0,0.001503,-0.001856,-0.000215
2026-06-10 19:00:00,1.3379,1.3379,1.3372,1.3372,3445,1.338025,1.338025,1.33722,1.337274,0,0.00068,-0.000825,-7.4e-05
2026-06-10 20:00:00,1.3372,1.3372,1.3366,1.3368,7166,1.337274,1.337274,1.336755,1.336773,0,0.000445,-0.000674,2.7e-05
2026-06-10 22:00:00,1.3368,1.3368,1.3356,1.3356,0,1.336773,1.336773,1.335595,1.335845,0,0.001205,-0.001173,-0.000245
2026-06-10 23:00:00,1.3355,1.3364,1.335,1.3361,2270,1.335541,1.336523,1.335096,1.336255,0,0.001304,-0.001523,-0.000155
2026-06-11 00:00:00,1.3362,1.337,1.3362,1.337,872,1.336362,1.337113,1.336309,1.337113,0,0.000691,-0.000913,-0.000113
2026-06-11 01:00:00,1.3371,1.3391,1.337,1.3385,2687,1.337256,1.339208,1.337095,1.338616,0,0.002005,-0.002208,-0.000116
2026-06-11 02:00:00,1.3385,1.3387,1.3377,1.338,428,1.338598,1.33867,1.337793,1.337954,0,0.000907,-0.00097,4.6e-05
2026-06-11 03:00:00,1.3379,1.338,1.3376,1.3378,322,1.338007,1.338097,1.337596,1.337882,0,0.000404,-0.000497,-8.2e-05
2026-06-11 04:00:00,1.3378,1.3387,1.3378,1.3384,250,1.337954,1.33867,1.337703,1.338419,0,0.000997,-0.00087,-1.9e-05
2026-06-11 05:00:00,1.3383,1.3387,1.3381,1.3382,968,1.338401,1.338742,1.338061,1.33824,0,0.000639,-0.000642,-4e-05
2026-06-11 06:00:00,1.3381,1.3382,1.3376,1.3377,2959,1.338348,1.338348,1.337596,1.337864,0,0.000604,-0.000748,-0.000164
2026-06-11 07:00:00,1.3378,1.3392,1.3377,1.3383,3547,1.337864,1.339172,1.337739,1.33833,0,0.001461,-0.001472,-3e-05
2026-06-11 08:00:00,1.3383,1.3384,1.3361,1.3363,11001,1.33833,1.338366,1.33622,1.336505,0,0.00218,-0.002266,-0.000205
2026-06-11 09:00:00,1.3363,1.3369,1.3358,1.3366,2640,1.336398,1.336916,1.335934,1.336612,0,0.000966,-0.001116,-1.3e-05
2026-06-11 10:00:00,1.3365,1.3365,1.3352,1.3359,2013,1.336523,1.336523,1.335256,1.336023,0,0.001244,-0.001323,-0.000123
2026-06-11 11:00:00,1.3359,1.3368,1.3358,1.3366,3930,1.336112,1.336612,1.336112,1.336612,0,0.000688,-0.000812,-1.3e-05
2026-06-11 12:00:00,1.3365,1.3367,1.3341,1.3361,11296,1.336612,1.336702,1.334205,1.335987,0,0.002495,-0.002602,0.000113
2026-06-11 13:00:00,1.3362,1.3362,1.3339,1.3353,7305,1.336077,1.336112,1.334063,1.335434,0,0.002137,-0.002212,-0.000134
2026-06-11 14:00:00,1.3353,1.3355,1.3324,1.3328,7495,1.335363,1.335452,1.332694,1.332694,0,0.002806,-0.003052,0.000106
2026-06-11 15:00:00,1.3327,1.3344,1.3324,1.3335,10267,1.3328,1.334437,1.332605,1.333529,0,0.001795,-0.002037,-2.9e-05
2026-06-11 16:00:00,1.3336,1.3337,1.3328,1.3333,4351,1.333618,1.333707,1.332942,1.333404,0,0.000758,-0.000907,-0.000104
2026-06-11 17:00:00,1.3333,1.3404,1.3327,1.3388,15286,1.333351,1.340267,1.332694,1.339011,0,0.007706,-0.007567,-0.000211
2026-06-11 18:00:00,1.339,1.3407,1.3379,1.3398,11426,1.339065,1.340608,1.338025,1.340195,0,0.002675,-0.002708,-0.000395
2026-06-11 19:00:00,1.3397,1.3433,1.3397,1.3417,7839,1.340159,1.342823,1.340159,1.341616,0,0.003141,-0.003123,8.4e-05
2026-06-11 20:00:00,1.3416,1.3423,1.3411,1.3417,2779,1.341652,1.342246,1.3414,1.341616,0,0.000901,-0.001146,8.4e-05
2026-06-11 22:00:00,1.3421,1.3427,1.3416,1.3424,0,1.342012,1.342588,1.341508,1.34248,0,0.001192,-0.000988,-8e-05
2026-06-11 23:00:00,1.3424,1.3426,1.3414,1.3414,132,1.342444,1.34257,1.341454,1.341454,0,0.001146,-0.00117,-5.4e-05
2026-06-12 00:00:00,1.3415,1.3416,1.3406,1.3409,420,1.341598,1.341598,1.340698,1.340752,0,0.000902,-0.000998,0.000148
2026-06-12 01:00:00,1.3405,1.3405,1.3401,1.3405,3860,1.34086,1.34086,1.340087,1.340339,0,0.000413,-0.00076,0.000161
2026-06-12 02:00:00,1.3407,1.3408,1.3405,1.3405,4,1.340429,1.341238,1.340321,1.340716,0,0.000479,-0.000738,-0.000216
2026-06-12 03:00:00,1.3415,1.3416,1.3415,1.3415,41,1.340716,1.341742,1.340501,1.341454,0,0.001099,-0.000242,4.6e-05
2026-06-12 04:00:00,1.3413,1.3418,1.3412,1.3412,19,1.341472,1.341814,1.341094,1.341094,0,0.000706,-0.000614,0.000106
2026-06-12 05:00:00,1.3413,1.3413,1.3395,1.3396,1348,1.341346,1.341382,1.339603,1.339603,0,0.001697,-0.001882,-3e-06
2026-06-12 06:00:00,1.3402,1.3407,1.34,1.3406,78,1.3398,1.341058,1.3398,1.340644,0,0.0009,-0.001058,-4.4e-05
2026-06-12 07:00:00,1.3405,1.3405,1.338,1.3394,14733,1.340662,1.340662,1.338509,1.339621,0,0.001991,-0.002662,-0.000221
2026-06-12 08:00:00,1.3395,1.3416,1.3392,1.341,3292,1.339692,1.341832,1.339621,1.341382,0,0.001979,-0.002632,-0.000382
2026-06-12 09:00:00,1.341,1.3423,1.3406,1.3418,2918,1.341508,1.342534,1.34095,1.342246,0,0.00135,-0.001934,-0.000446
2026-06-12 10:00:00,1.3417,1.3421,1.3402,1.3408,2080,1.342048,1.3423,1.340842,1.341112,0,0.001258,-0.0021,-0.000312
2026-06-12 11:00:00,1.3408,1.3415,1.3406,1.3407,2691,1.341166,1.341796,1.340968,1.340986,0,0.000532,-0.001196,-0.000286
2026-06-12 12:00:00,1.3406,1.3407,1.3387,1.3391,5728,1.34095,1.340986,1.339082,1.339495,0,0.001618,-0.002286,-0.000395
2026-06-12 13:00:00,1.339,1.3411,1.3388,1.3397,8648,1.339423,1.341292,1.339208,1.33989,0,0.001892,-0.002492,-0.00019
2026-06-12 14:00:00,1.3398,1.3414,1.3392,1.3411,11533,1.339944,1.341454,1.339603,1.341454,0,0.001797,-0.002254,-0.000354
2026-06-12 15:00:00,1.3411,1.3421,1.3405,1.3409,8823,1.341328,1.342426,1.340968,1.341328,0,0.001132,-0.001926,-0.000428
2026-06-12 16:00:00,1.3409,1.3416,1.3405,1.3412,8124,1.341346,1.341688,1.340896,1.341544,0,0.000704,-0.001188,-0.000344
2026-06-12 17:00:00,1.3413,1.3419,1.3412,1.3414,4751,1.341724,1.342138,1.341562,1.341724,0,0.000338,-0.000938,-0.000324
2026-06-12 18:00:00,1.3414,1.3418,1.341,1.3413,4663,1.34176,1.34212,1.341292,1.341778,0,0.000508,-0.00112,-0.000478
2026-06-12 19:00:00,1.3412,1.3417,1.3406,1.3409,3783,1.341472,1.342012,1.340932,1.341094,0,0.000768,-0.001412,-0.000194
2026-06-12 20:00:00,1.3408,1.3412,1.3399,1.3412,1803,1.34113,1.34113,1.340267,1.340662,0,0.000933,-0.00123,0.000538
2026-06-14 23:00:00,1.3449,1.3451,1.3443,1.3447,1065,1.345243,1.345352,1.34461,1.345026,0,0.00049,-0.001052,-0.000326
2026-06-15 00:00:00,1.3447,1.3459,1.3442,1.3442,2058,1.345225,1.346094,1.344447,1.344447,0,0.001453,-0.001894,-0.000247
2026-06-15 01:00:00,1.3441,1.3442,1.3435,1.3435,1491,1.344303,1.344411,1.343779,1.343779,0,0.000421,-0.000911,-0.000279
2026-06-15 02:00:00,1.3436,1.3438,1.343,1.3436,1059,1.343761,1.344032,1.343364,1.343941,0,0.000436,-0.001032,-0.000341
2026-06-15 03:00:00,1.3437,1.3443,1.3436,1.3441,625,1.343996,1.344628,1.343887,1.344339,0,0.000413,-0.001028,-0.000239
2026-06-15 04:00:00,1.3441,1.3449,1.3438,1.3447,505,1.344429,1.345135,1.34414,1.345116,0,0.00076,-0.001335,-0.000417
2026-06-15 05:00:00,1.3449,1.3458,1.3449,1.3452,1106,1.345297,1.345949,1.345189,1.345551,0,0.000611,-0.001049,-0.000351
2026-06-15 06:00:00,1.3452,1.3453,1.3432,1.344,2369,1.345605,1.345605,1.343653,1.344176,0,0.001647,-0.002405,-0.000176
2026-06-15 07:00:00,1.344,1.3442,1.3426,1.3429,8665,1.344249,1.344249,1.342985,1.3434,0,0.001215,-0.001649,-0.0005
2026-06-15 08:00:00,1.343,1.3433,1.3416,1.342,3032,1.343147,1.343598,1.341976,1.342354,0,0.001324,-0.001998,-0.000354
2026-06-15 09:00:00,1.342,1.3431,1.3419,1.3425,2534,1.34248,1.343382,1.342372,1.34266,0,0.000728,-0.001482,-0.00016
2026-06-15 10:00:00,1.3424,1.3432,1.342,1.3422,1871,1.342642,1.343472,1.342372,1.342444,0,0.000828,-0.001472,-0.000244
2026-06-15 11:00:00,1.3422,1.3428,1.3417,1.3421,3271,1.342642,1.343111,1.342066,1.342336,0,0.000734,-0.001411,-0.000236
2026-06-15 12:00:00,1.3421,1.3429,1.3414,1.3426,3560,1.342444,1.343039,1.341814,1.343003,0,0.001086,-0.001639,-0.000403
2026-06-15 13:00:00,1.3427,1.3437,1.3425,1.3432,4543,1.342913,1.343978,1.342859,1.343508,0,0.000841,-0.001478,-0.000308
2026-06-15 14:00:00,1.3432,1.3442,1.3425,1.3437,6815,1.34349,1.344429,1.342859,1.34414,0,0.001341,-0.001929,-0.00044
2026-06-15 15:00:00,1.3437,1.3438,1.3422,1.3423,3967,1.343851,1.343869,1.342444,1.34257,0,0.001356,-0.001669,-0.00027
2026-06-15 16:00:00,1.3423,1.343,1.3422,1.3426,2064,1.342552,1.343328,1.342534,1.342985,0,0.000466,-0.001128,-0.000385
2026-06-15 17:00:00,1.3427,1.3428,1.3423,1.3425,1804,1.343039,1.343039,1.342624,1.342877,0,0.000176,-0.000739,-0.000377
2026-06-15 18:00:00,1.3426,1.3428,1.3416,1.3416,4228,1.342859,1.343075,1.34194,1.34194,0,0.00086,-0.001475,-0.00034
2026-06-15 19:00:00,1.3416,1.3418,1.3405,1.3406,3653,1.342084,1.342084,1.340878,1.340878,0,0.000922,-0.001584,-0.000278
2026-06-15 20:00:00,1.3406,1.3414,1.3403,1.341,2566,1.34086,1.341382,1.34068,1.341292,0,0.00072,-0.001082,-0.000292
2026-06-15 22:00:00,1.3407,1.3411,1.3404,1.3409,0,1.341202,1.341526,1.34086,1.341166,0,0.00024,-0.001126,-0.000266
2026-06-15 23:00:00,1.3409,1.3414,1.3409,1.3413,241,1.341256,1.341688,1.341238,1.34158,0,0.000162,-0.000788,-0.00028
2026-06-16 00:00:00,1.3412,1.3412,1.3407,1.3412,690,1.34158,1.34158,1.341022,1.341472,0,0.000178,-0.00088,-0.000272
2026-06-16 01:00:00,1.3411,1.3415,1.3403,1.3403,1236,1.3414,1.341832,1.340554,1.340716,0,0.000946,-0.001532,-0.000416
2026-06-16 02:00:00,1.3403,1.3403,1.3394,1.3401,879,1.340608,1.340644,1.3398,1.340554,0,0.0005,-0.001244,-0.000454
2026-06-16 03:00:00,1.3402,1.3403,1.3397,1.34,0,1.340483,1.340608,1.340195,1.340357,0,0.000105,-0.000908,-0.000357
2026-06-16 04:00:00,1.3397,1.3397,1.3387,1.3394,538,1.340411,1.340483,1.339226,1.339764,0,0.000474,-0.001783,-0.000364
2026-06-16 05:00:00,1.3395,1.3398,1.339,1.339,918,1.339764,1.340123,1.339298,1.339316,0,0.000502,-0.001123,-0.000316
2026-06-16 06:00:00,1.3389,1.3404,1.3387,1.3403,3885,1.339262,1.340716,1.339118,1.34059,0,0.001282,-0.002016,-0.00029
2026-06-16 07:00:00,1.3403,1.3413,1.34,1.3413,2792,1.340429,1.341742,1.340429,1.341742,0,0.000871,-0.001742,-0.000442
2026-06-16 08:00:00,1.3414,1.3421,1.3411,1.3421,3065,1.341706,1.342426,1.341364,1.342426,0,0.000736,-0.001326,-0.000326
2026-06-16 09:00:00,1.3421,1.3424,1.3413,1.3413,2422,1.342498,1.34275,1.341562,1.341688,0,0.000838,-0.00145,-0.000388
2026-06-16 10:00:00,1.3413,1.3429,1.3412,1.3428,1943,1.34158,1.343093,1.341544,1.343093,0,0.001356,-0.001893,-0.000293
2026-06-16 11:00:00,1.3427,1.3428,1.3409,1.3413,2140,1.342714,1.342805,1.34122,1.341562,0,0.00158,-0.001905,-0.000262
2026-06-16 12:00:00,1.3413,1.3415,1.3405,1.3414,2442,1.341508,1.34176,1.340806,1.341688,0,0.000694,-0.00126,-0.000288
2026-06-16 13:00:00,1.3413,1.3416,1.3404,1.3408,4660,1.341652,1.34194,1.340752,1.34113,0,0.000848,-0.00154,-0.00033
2026-06-16 14:00:00,1.3408,1.3426,1.34,1.3425,5627,1.341472,1.342841,1.340411,1.342805,0,0.002189,-0.002841,-0.000305
2026-06-16 15:00:00,1.3424,1.344,1.3416,1.3435,5070,1.342823,1.344194,1.34194,1.343743,0,0.00206,-0.002594,-0.000243
2026-06-16 16:00:00,1.3435,1.3437,1.3426,1.3428,3175,1.343653,1.343941,1.342949,1.342985,0,0.000751,-0.001341,-0.000185
2026-06-16 17:00:00,1.3427,1.3428,1.3422,1.3426,1440,1.342823,1.342913,1.342552,1.342877,0,0.000248,-0.000713,-0.000277
2026-06-16 18:00:00,1.3426,1.3431,1.3421,1.3426,1782,1.343003,1.343238,1.342444,1.342859,0,0.000656,-0.001137,-0.000259
2026-06-16 19:00:00,1.3426,1.343,1.342,1.3421,3349,1.343039,1.343256,1.3423,1.34239,0,0.0007,-0.001256,-0.00029
2026-06-16 20:00:00,1.3421,1.3424,1.3419,1.3423,685,1.34239,1.342714,1.342264,1.342606,0,0.000136,-0.000814,-0.000306
2026-06-16 22:00:00,1.3423,1.3426,1.3423,1.3424,0,1.342444,1.342913,1.342444,1.342823,0,0.000156,-0.000613,-0.000423
2026-06-16 23:00:00,1.3426,1.3428,1.3423,1.3424,205,1.342769,1.343129,1.342552,1.34257,0,0.000248,-0.000829,-0.00017
2026-06-17 00:00:00,1.3424,1.343,1.3422,1.3428,352,1.342516,1.343238,1.342516,1.343093,0,0.000484,-0.001037,-0.000293
2026-06-17 01:00:00,1.3428,1.3431,1.3424,1.3425,921,1.343021,1.343346,1.342732,1.342732,0,0.000368,-0.000946,-0.000232
2026-06-17 02:00:00,1.3424,1.3429,1.3423,1.3423,691,1.342624,1.343129,1.342606,1.342606,0,0.000294,-0.000829,-0.000306
2026-06-17 03:00:00,1.3424,1.3426,1.3422,1.3425,348,1.342642,1.342877,1.342588,1.342769,0,1.2e-05,-0.000677,-0.000269
2026-06-17 04:00:00,1.3427,1.343,1.3426,1.3429,281,1.34275,1.34331,1.34275,1.343165,0,0.00025,-0.00071,-0.000265
2026-06-17 05:00:00,1.3429,1.3431,1.3425,1.3425,864,1.343129,1.343436,1.342841,1.342841,0,0.000259,-0.000936,-0.000341
2026-06-17 06:00:00,1.3428,1.3465,1.3381,1.3412,4285,1.342156,1.342498,1.340986,1.341472,0,0.005514,-0.004398,-0.000272
2026-06-17 07:00:00,1.3413,1.3419,1.341,1.3419,2136,1.341562,1.34212,1.34122,1.34212,0,0.00068,-0.00112,-0.00022
2026-06-17 08:00:00,1.3419,1.3419,1.3406,1.3415,1692,1.341814,1.341958,1.340932,1.341706,0,0.000968,-0.001358,-0.000206
2026-06-17 09:00:00,1.3414,1.3417,1.3411,1.3415,1111,1.341634,1.341958,1.341364,1.341778,0,0.000336,-0.000858,-0.000278
2026-06-17 10:00:00,1.3415,1.3416,1.3407,1.341,1199,1.341796,1.341814,1.34104,1.341202,0,0.00056,-0.001114,-0.000202
2026-06-17 11:00:00,1.341,1.3411,1.3397,1.3402,1946,1.341238,1.341328,1.340087,1.340483,0,0.001013,-0.001628,-0.000283
2026-06-17 12:00:00,1.3402,1.3414,1.3402,1.3414,2694,1.340554,1.34167,1.340554,1.341598,0,0.000846,-0.00147,-0.000198
2026-06-17 13:00:00,1.3412,1.3416,1.3403,1.3404,3279,1.341544,1.341832,1.340644,1.340716,0,0.000956,-0.001532,-0.000316
2026-06-17 14:00:00,1.3404,1.3405,1.3382,1.3392,10084,1.340698,1.340734,1.338993,1.339423,0,0.001507,-0.002534,-0.000223
2026-06-17 15:00:00,1.3391,1.3397,1.3385,1.3394,7571,1.339423,1.339836,1.338867,1.339656,0,0.000833,-0.001336,-0.000256
2026-06-17 16:00:00,1.3394,1.3395,1.3387,1.3394,1959,1.339639,1.339764,1.339011,1.339656,0,0.000489,-0.001064,-0.000256
2026-06-17 17:00:00,1.3394,1.3401,1.339,1.3398,4023,1.339603,1.340321,1.339549,1.340249,0,0.000551,-0.001321,-0.000449
2026-06-17 18:00:00,1.3398,1.3398,1.3332,1.3335,23518,1.335916,1.336648,1.333707,1.333707,0,0.006093,-0.003448,-0.000207
2026-06-17 19:00:00,1.3335,1.3339,1.326,1.3283,26227,1.33392,1.33392,1.326436,1.328462,0,0.007464,-0.00792,-0.000162
2026-06-17 20:00:00,1.3284,1.3298,1.3276,1.3292,3046,1.328762,1.329946,1.327792,1.329416,0,0.002008,-0.002346,-0.000216
2026-06-17 22:00:00,1.3291,1.3296,1.3287,1.3294,0,1.329451,1.329752,1.329063,1.329628,0,0.000537,-0.001052,-0.000228
2026-06-17 23:00:00,1.3294,1.3301,1.3294,1.3299,651,1.329716,1.330212,1.329716,1.330106,0,0.000384,-0.000812,-0.000206
2026-06-18 00:00:00,1.3299,1.3315,1.3299,1.3305,5816,1.330353,1.331806,1.330353,1.330725,0,0.001147,-0.001906,-0.000225
2026-06-18 01:00:00,1.3305,1.3317,1.3305,1.3308,2053,1.330867,1.331877,1.330867,1.331044,0,0.000833,-0.001377,-0.000244
2026-06-18 02:00:00,1.3309,1.3314,1.3304,1.331,1116,1.331257,1.331611,1.330654,1.331274,0,0.000746,-0.001211,-0.000274
2026-06-18 03:00:00,1.331,1.3316,1.331,1.3315,443,1.331239,1.331806,1.331239,1.331771,0,0.000361,-0.000806,-0.000271
2026-06-18 04:00:00,1.3316,1.3316,1.331,1.3312,569,1.331788,1.332001,1.331292,1.331452,0,0.000308,-0.001001,-0.000252
2026-06-18 05:00:00,1.3312,1.3314,1.3297,1.3297,1256,1.331327,1.331558,1.329982,1.329982,0,0.001418,-0.001858,-0.000282
2026-06-18 06:00:00,1.3297,1.3323,1.3297,1.3312,8971,1.330389,1.332534,1.330389,1.33131,0,0.001911,-0.002834,-0.00011
2026-06-18 07:00:00,1.3311,1.3315,1.3288,1.3295,6418,1.331203,1.331203,1.328974,1.329716,0,0.002526,-0.002403,-0.000216
2026-06-18 08:00:00,1.3295,1.3295,1.324,1.3244,7153,1.32954,1.329593,1.324293,1.324626,0,0.005207,-0.005593,-0.000226
2026-06-18 09:00:00,1.3245,1.3248,1.3232,1.324,6561,1.324293,1.32496,1.323434,1.32417,0,0.001366,-0.00176,-0.00017
2026-06-18 10:00:00,1.3238,1.3239,1.3224,1.3226,6446,1.32396,1.32396,1.322594,1.322839,0,0.001306,-0.00156,-0.000239
2026-06-18 11:00:00,1.3227,1.3232,1.3203,1.321,10809,1.322664,1.322664,1.32062,1.321109,0,0.00258,-0.002364,-0.000109
2026-06-18 12:00:00,1.3209,1.3248,1.3209,1.3232,15341,1.321231,1.324714,1.321231,1.323522,0,0.003569,-0.003814,-0.000322
2026-06-18 13:00:00,1.3233,1.3248,1.3223,1.3237,11587,1.323434,1.324942,1.322576,1.323837,0,0.002224,-0.002642,-0.000137
2026-06-18 14:00:00,1.3237,1.3252,1.323,1.3251,13635,1.32382,1.325293,1.323206,1.325293,0,0.001994,-0.002293,-0.000193
2026-06-18 15:00:00,1.3251,1.3253,1.3224,1.3224,7839,1.325381,1.325381,1.322786,1.322786,0,0.002514,-0.002981,-0.000386
2026-06-18 16:00:00,1.3224,1.3228,1.321,1.3221,6684,1.322839,1.322839,1.321231,1.322227,0,0.001569,-0.001839,-0.000127
2026-06-18 17:00:00,1.322,1.3229,1.3207,1.3207,4469,1.321929,1.323014,1.320987,1.320987,0,0.001914,-0.002314,-0.000286
2026-06-18 18:00:00,1.3207,1.321,1.3201,1.3202,5920,1.320847,1.321178,1.320533,1.320533,0,0.000467,-0.001078,-0.000333
2026-06-18 19:00:00,1.3202,1.3208,1.3193,1.3199,6147,1.320324,1.32083,1.319383,1.320027,0,0.001417,-0.001529,-0.000127
2026-06-18 20:00:00,1.3199,1.3206,1.3196,1.3202,3026,1.319888,1.320777,1.319888,1.320603,0,0.000712,-0.001177,-0.000403
2026-06-18 22:00:00,1.3206,1.3209,1.3202,1.3204,0,1.320638,1.32076,1.320306,1.320585,0,0.000594,-0.00056,-0.000185
2026-06-18 23:00:00,1.3204,1.3205,1.3199,1.32,1913,1.32055,1.32062,1.320149,1.320184,0,0.000351,-0.00072,-0.000184
2026-06-19 00:00:00,1.3201,1.321,1.3201,1.3208,1160,1.320498,1.321161,1.320498,1.321039,0,0.000502,-0.001061,-0.000239
2026-06-19 01:00:00,1.3208,1.321,1.3193,1.3194,741,1.321074,1.321074,1.319522,1.319575,0,0.001478,-0.001774,-0.000175
2026-06-19 02:00:00,1.3195,1.3204,1.3192,1.3199,1214,1.319609,1.320603,1.319435,1.320184,0,0.000965,-0.001403,-0.000284
2026-06-19 03:00:00,1.32,1.32,1.3185,1.3187,1233,1.320202,1.320202,1.318687,1.318722,0,0.001313,-0.001702,-2.2e-05
2026-06-21 23:00:00,1.3208,1.3227,1.32,1.3206,548,1.320899,1.321074,1.320254,1.320725,0,0.002446,-0.001074,-0.000125
2026-06-22 00:00:00,1.3207,1.3227,1.3207,1.3221,2630,1.320934,1.322262,1.320934,1.322262,0,0.001766,-0.001562,-0.000162
2026-06-22 01:00:00,1.3222,1.3233,1.3219,1.3219,950,1.322576,1.323382,1.322087,1.322087,0,0.001213,-0.001482,-0.000187
2026-06-22 02:00:00,1.3219,1.3227,1.3217,1.3225,1139,1.321912,1.322804,1.321807,1.322594,0,0.000893,-0.001104,-9.4e-05
2026-06-22 03:00:00,1.3224,1.3227,1.3209,1.321,590,1.322524,1.322716,1.321178,1.321283,0,0.001522,-0.001816,-0.000283
2026-06-22 04:00:00,1.3212,1.3212,1.3203,1.3206,1515,1.321318,1.321318,1.320463,1.32076,0,0.000737,-0.001018,-0.00016
2026-06-22 05:00:00,1.3207,1.322,1.3207,1.3208,844,1.320864,1.322104,1.320864,1.321091,0,0.001136,-0.001404,-0.000291
2026-06-22 06:00:00,1.3207,1.3215,1.3201,1.3209,3036,1.320707,1.32158,1.320237,1.320952,0,0.001263,-0.00148,-5.2e-05
2026-06-22 07:00:00,1.3209,1.3218,1.3189,1.3193,4757,1.321213,1.321737,1.319174,1.31954,0,0.002626,-0.002837,-0.00024
2026-06-22 08:00:00,1.3194,1.3211,1.3183,1.3204,9791,1.319714,1.320952,1.318444,1.320498,0,0.002656,-0.002652,-9.8e-05
2026-06-22 09:00:00,1.3205,1.3234,1.3204,1.3228,7606,1.320585,1.323522,1.320585,1.322909,0,0.002815,-0.003122,-0.000109
2026-06-22 10:00:00,1.3228,1.3247,1.3227,1.3236,7172,1.322909,1.324767,1.322874,1.323714,0,0.001826,-0.002066,-0.000114
2026-06-22 11:00:00,1.3236,1.3243,1.3231,1.3235,3288,1.323627,1.324416,1.323364,1.323644,0,0.000936,-0.001316,-0.000144
2026-06-22 12:00:00,1.3235,1.3273,1.3234,1.326,9761,1.323662,1.327316,1.323609,1.326172,0,0.003691,-0.003916,-0.000172
2026-06-22 13:00:00,1.326,1.3264,1.3237,1.3238,7578,1.325803,1.326524,1.323942,1.323942,0,0.002458,-0.002824,-0.000142
2026-06-22 14:00:00,1.3238,1.3264,1.3237,1.3261,12754,1.323995,1.326401,1.323942,1.326137,0,0.002458,-0.002701,-3.7e-05
2026-06-22 15:00:00,1.3261,1.3267,1.3245,1.3246,4825,1.326277,1.326753,1.324767,1.324767,0,0.001933,-0.002253,-0.000167
2026-06-22 16:00:00,1.3247,1.3247,1.3239,1.3244,2781,1.324872,1.324872,1.324065,1.324591,0,0.000635,-0.000972,-0.000191
2026-06-22 17:00:00,1.3244,1.3245,1.3239,1.3243,1120,1.324591,1.324644,1.3241,1.324468,0,0.0004,-0.000744,-0.000168
2026-06-22 18:00:00,1.3243,1.3246,1.324,1.3243,3743,1.324451,1.324679,1.324152,1.324188,0,0.000448,-0.000679,0.000112
2026-06-22 19:00:00,1.3242,1.3249,1.3241,1.3247,2268,1.324398,1.32496,1.324223,1.324784,0,0.000677,-0.00086,-8.4e-05
2026-06-22 20:00:00,1.3246,1.3251,1.3246,1.3248,739,1.324802,1.325311,1.324784,1.325311,0,0.000316,-0.000711,-0.000511
2026-06-22 22:00:00,1.325,1.3253,1.3245,1.3248,0,1.32524,1.325381,1.324696,1.324889,0,0.000604,-0.000881,-8.9e-05
2026-06-22 23:00:00,1.3248,1.3249,1.3246,1.3246,113,1.324977,1.324995,1.324661,1.324714,0,0.000239,-0.000395,-0.000114
2026-06-23 00:00:00,1.3246,1.3247,1.3239,1.3244,4963,1.324556,1.324714,1.324047,1.324538,0,0.000653,-0.000814,-0.000138
2026-06-23 01:00:00,1.3245,1.3246,1.3238,1.3243,462,1.324661,1.324661,1.323925,1.324433,0,0.000675,-0.000861,-0.000133
2026-06-23 02:00:00,1.3244,1.3248,1.3241,1.3241,215,1.324398,1.324942,1.32424,1.324258,0,0.00056,-0.000842,-0.000158
2026-06-23 03:00:00,1.3242,1.3249,1.3233,1.3248,0,1.32431,1.324942,1.323539,1.324942,0,0.001361,-0.001642,-0.000142
2026-06-23 04:00:00,1.3247,1.3248,1.3235,1.3236,535,1.324942,1.324942,1.323609,1.323644,0,0.001191,-0.001442,-4.4e-05
2026-06-23 05:00:00,1.3236,1.3242,1.3232,1.3242,1379,1.323539,1.324293,1.323399,1.324293,0,0.000801,-0.001093,-9.3e-05
2026-06-23 06:00:00,1.3241,1.3246,1.3228,1.3234,3721,1.3241,1.324644,1.322944,1.323627,0,0.001656,-0.001844,-0.000227
2026-06-23 07:00:00,1.3234,1.3249,1.3221,1.3226,6827,1.323171,1.324924,1.322174,1.322646,0,0.002726,-0.002824,-4.6e-05
2026-06-23 08:00:00,1.3226,1.3235,1.3213,1.322,3841,1.322734,1.323522,1.321336,1.321877,0,0.002164,-0.002222,0.000123
2026-06-23 09:00:00,1.322,1.323,1.3216,1.323,2691,1.322034,1.323066,1.32165,1.323066,0,0.00135,-0.001466,-6.6e-05
2026-06-23 10:00:00,1.3229,1.3231,1.321,1.3219,2687,1.323136,1.323136,1.321126,1.322104,0,0.001974,-0.002136,-0.000204
2026-06-23 11:00:00,1.3219,1.3226,1.3207,1.3207,2295,1.322157,1.322419,1.320777,1.320847,0,0.001823,-0.001719,-0.000147
2026-06-23 12:00:00,1.3207,1.3219,1.3206,1.3212,4721,1.320812,1.321929,1.320812,1.321144,0,0.001088,-0.001329,5.6e-05
2026-06-23 13:00:00,1.3211,1.3221,1.3204,1.3213,7107,1.321178,1.322157,1.32055,1.321318,0,0.00155,-0.001757,-1.8e-05
2026-06-23 14:00:00,1.3213,1.3214,1.3194,1.32,15865,1.321458,1.321458,1.319575,1.32008,0,0.001825,-0.002058,-8e-05
2026-06-23 15:00:00,1.3201,1.3202,1.3185,1.3189,7399,1.320167,1.320254,1.318548,1.318931,0,0.001652,-0.001754,-3.1e-05
2026-06-23 16:00:00,1.3189,1.3196,1.3185,1.3187,2638,1.31907,1.319679,1.318652,1.318809,0,0.000948,-0.001179,-0.000109
2026-06-23 17:00:00,1.3187,1.3191,1.3183,1.3187,4481,1.318635,1.319209,1.318426,1.318878,0,0.000674,-0.000909,-0.000178
2026-06-23 18:00:00,1.3187,1.3189,1.3182,1.3188,3731,1.318861,1.318878,1.318374,1.318809,0,0.000526,-0.000678,-9e-06
2026-06-23 19:00:00,1.3188,1.32,1.3187,1.3195,2150,1.318878,1.320097,1.318878,1.319697,0,0.001122,-0.001397,-0.000197
2026-06-23 20:00:00,1.3194,1.3204,1.3194,1.3202,2491,1.319522,1.320463,1.319522,1.320463,0,0.000878,-0.001063,-0.000263
2026-06-23 22:00:00,1.32,1.3203,1.3198,1.32,0,1.32008,1.320202,1.319923,1.320132,0,0.000377,-0.000402,-0.000132
2026-06-23 23:00:00,1.3199,1.3203,1.3196,1.3198,459,1.320097,1.320393,1.319784,1.319993,0,0.000516,-0.000793,-0.000193
2026-06-24 00:00:00,1.3199,1.3202,1.3193,1.3199,819,1.319993,1.320289,1.319453,1.319958,0,0.000747,-0.000989,-5.8e-05
2026-06-24 01:00:00,1.3198,1.3201,1.319,1.3201,747,1.319784,1.320219,1.319244,1.320167,0,0.000856,-0.001219,-6.7e-05
2026-06-24 02:00:00,1.32,1.3204,1.3191,1.3191,1025,1.320149,1.320376,1.319261,1.319261,0,0.001139,-0.001276,-0.000161
2026-06-24 03:00:00,1.319,1.3201,1.3187,1.3199,1797,1.319139,1.320132,1.318861,1.31994,0,0.001239,-0.001432,-4e-05
2026-06-24 04:00:00,1.3192,1.3197,1.3191,1.3192,229,1.319888,1.319888,1.319209,1.319348,0,0.000491,-0.000788,-0.000148
2026-06-24 05:00:00,1.3193,1.3198,1.3192,1.3195,490,1.319314,1.319818,1.319314,1.319557,0,0.000486,-0.000618,-5.7e-05
2026-06-24 06:00:00,1.3194,1.3209,1.3184,1.3186,7010,1.319435,1.320882,1.318635,1.318635,0,0.002265,-0.002482,-3.5e-05
2026-06-24 07:00:00,1.3186,1.3198,1.3179,1.3186,5629,1.318687,1.319784,1.318113,1.318826,0,0.001687,-0.001884,-0.000226
2026-06-24 08:00:00,1.3186,1.3197,1.3172,1.3193,2821,1.318774,1.319644,1.317211,1.319314,0,0.002489,-0.002444,-1.3e-05
2026-06-24 09:00:00,1.3193,1.3195,1.3175,1.3176,2457,1.319279,1.319557,1.317662,1.317662,0,0.001838,-0.002057,-6.2e-05
2026-06-24 10:00:00,1.3176,1.3176,1.3155,1.3157,5459,1.317593,1.317593,1.315616,1.315824,0,0.001984,-0.002092,-0.000124
2026-06-24 11:00:00,1.3157,1.3173,1.3146,1.3162,4558,1.315859,1.317349,1.315184,1.316101,0,0.002116,-0.002749,9.9e-05
2026-06-24 12:00:00,1.3163,1.3168,1.3142,1.315,6237,1.316413,1.316777,1.314406,1.315011,0,0.002394,-0.002577,-1.1e-05
2026-06-24 13:00:00,1.3151,1.3167,1.3144,1.3162,6232,1.315201,1.316552,1.31451,1.316188,0,0.00219,-0.002152,1.2e-05
2026-06-24 14:00:00,1.3162,1.3167,1.314,1.3147,6641,1.31617,1.316656,1.314043,1.314734,0,0.002657,-0.002656,-3.4e-05
2026-06-24 15:00:00,1.3146,1.3171,1.3145,1.3158,8387,1.314717,1.317037,1.314717,1.315911,0,0.002383,-0.002537,-0.000111
2026-06-24 16:00:00,1.3158,1.3179,1.3156,1.317,3310,1.315911,1.31794,1.315703,1.317055,0,0.002197,-0.00234,-5.4e-05
2026-06-24 17:00:00,1.317,1.3172,1.3153,1.3156,1756,1.317263,1.317263,1.315478,1.315703,0,0.001722,-0.001963,-0.000103
2026-06-24 18:00:00,1.3156,1.317,1.3156,1.3161,3787,1.315755,1.31702,1.315686,1.316136,0,0.001314,-0.00142,-3.6e-05
2026-06-24 19:00:00,1.3161,1.3165,1.3156,1.3161,1870,1.316222,1.316534,1.31572,1.316101,0,0.00078,-0.000934,-1e-06
2026-06-24 20:00:00,1.316,1.3169,1.3159,1.3168,1199,1.316049,1.31702,1.316049,1.316881,0,0.000851,-0.00112,-8.1e-05
2026-06-24 22:00:00,1.3166,1.3168,1.3163,1.3166,0,1.316638,1.316777,1.316413,1.316569,0,0.000387,-0.000477,3.1e-05
2026-06-24 23:00:00,1.3164,1.3166,1.3163,1.3164,327,1.316586,1.316812,1.316396,1.316465,0,0.000204,-0.000512,-6.5e-05
2026-06-25 00:00:00,1.3164,1.3165,1.3158,1.3163,1111,1.316205,1.316552,1.315911,1.316326,0,0.000589,-0.000752,-2.6e-05
2026-06-25 01:00:00,1.3163,1.3183,1.3162,1.317,1261,1.316309,1.31827,1.316309,1.317072,0,0.001991,-0.00207,-7.2e-05
2026-06-25 02:00:00,1.317,1.318,1.317,1.3178,569,1.316951,1.318044,1.316951,1.317766,0,0.001049,-0.001044,3.4e-05
2026-06-25 03:00:00,1.3177,1.3183,1.3177,1.3181,579,1.317836,1.318392,1.317836,1.318218,0,0.000464,-0.000692,-0.000118
2026-06-25 04:00:00,1.3181,1.3185,1.318,1.3182,462,1.318235,1.318565,1.318061,1.31827,0,0.000439,-0.000565,-7e-05
2026-06-25 05:00:00,1.3182,1.3184,1.3176,1.3177,586,1.318392,1.318531,1.317697,1.317766,0,0.000703,-0.000931,-6.6e-05
2026-06-25 06:00:00,1.3175,1.3179,1.3167,1.3173,3749,1.317818,1.317905,1.316881,1.317332,0,0.001019,-0.001205,-3.2e-05
2026-06-25 07:00:00,1.3173,1.3184,1.317,1.3184,4383,1.317471,1.318513,1.317141,1.318513,0,0.001259,-0.001513,-0.000113
2026-06-25 08:00:00,1.3185,1.3196,1.3181,1.319,7108,1.3186,1.319679,1.318444,1.319052,0,0.001156,-0.001579,-5.2e-05
2026-06-25 09:00:00,1.319,1.3197,1.3184,1.3186,1714,1.319087,1.319644,1.318426,1.318687,0,0.001274,-0.001244,-8.7e-05
2026-06-25 10:00:00,1.3184,1.3185,1.3165,1.3169,2186,1.318548,1.318548,1.316517,1.316829,0,0.001983,-0.002048,7.1e-05
2026-06-25 11:00:00,1.3169,1.317,1.3152,1.3155,2560,1.316846,1.316846,1.315166,1.315409,0,0.001834,-0.001646,9.1e-05
2026-06-25 12:00:00,1.3155,1.3186,1.3154,1.3176,7721,1.315582,1.318635,1.315478,1.317679,0,0.003122,-0.003235,-7.9e-05
2026-06-25 13:00:00,1.3176,1.3199,1.3173,1.3188,8703,1.317801,1.319731,1.317436,1.318844,0,0.002464,-0.002431,-4.4e-05
2026-06-25 14:00:00,1.3189,1.3218,1.3188,1.32,12030,1.31907,1.32151,1.31907,1.320254,0,0.00273,-0.00271,-0.000254
2026-06-25 15:00:00,1.32,1.3217,1.3198,1.3214,6143,1.320324,1.321615,1.319906,1.32158,0,0.001794,-0.001815,-0.00018
2026-06-25 16:00:00,1.3215,1.3218,1.3204,1.3205,3064,1.321336,1.321947,1.320516,1.320585,0,0.001284,-0.001547,-8.5e-05
2026-06-25 17:00:00,1.3205,1.3207,1.3199,1.3202,2179,1.320585,1.32062,1.319958,1.320254,0,0.000742,-0.00072,-5.4e-05
2026-06-25 18:00:00,1.3201,1.3205,1.3195,1.3197,3313,1.320149,1.320533,1.319557,1.319975,0,0.000943,-0.001033,-0.000275
2026-06-25 19:00:00,1.3198,1.3206,1.3194,1.32,2166,1.320027,1.320533,1.319557,1.32001,0,0.001043,-0.001133,-1e-05
2026-06-25 20:00:00,1.32,1.3201,1.319,1.319,1291,1.320184,1.320184,1.319087,1.319157,0,0.001013,-0.001184,-0.000157
2026-06-25 22:00:00,1.32,1.32,1.319,1.3192,0,1.319592,1.319592,1.319087,1.319261,0,0.000913,-0.000592,-6.1e-05
2026-06-25 23:00:00,1.3193,1.3194,1.3185,1.3187,538,1.319383,1.319383,1.318426,1.318757,0,0.000974,-0.000883,-5.7e-05
2026-06-26 00:00:00,1.3187,1.3194,1.3187,1.3193,645,1.318861,1.319418,1.318809,1.3194,0,0.000591,-0.000718,-0.0001
2026-06-26 01:00:00,1.3193,1.3199,1.3187,1.3189,1093,1.319453,1.32001,1.318774,1.319018,0,0.001126,-0.00131,-0.000118
2026-06-26 02:00:00,1.319,1.3192,1.318,1.3183,903,1.319122,1.319296,1.318113,1.318357,0,0.001087,-0.001296,-5.7e-05
2026-06-26 03:00:00,1.3183,1.3197,1.3183,1.3197,457,1.318374,1.319818,1.318374,1.319818,0,0.001326,-0.001518,-0.000118
2026-06-26 04:00:00,1.3197,1.3201,1.3195,1.3201,538,1.319801,1.320167,1.319609,1.320149,0,0.000491,-0.000667,-4.9e-05
2026-06-26 05:00:00,1.3201,1.3207,1.3199,1.3205,652,1.320184,1.320795,1.319975,1.320638,0,0.000725,-0.000895,-0.000138
2026-06-26 06:00:00,1.3205,1.3206,1.3194,1.3197,1615,1.320603,1.32062,1.31947,1.319836,0,0.00113,-0.00122,-0.000136
2026-06-26 07:00:00,1.3196,1.3211,1.3191,1.3204,3108,1.319749,1.321074,1.319192,1.320568,0,0.001908,-0.001974,-0.000168
2026-06-26 08:00:00,1.3204,1.3222,1.3199,1.3216,4988,1.320603,1.322139,1.320045,1.321755,0,0.002155,-0.002239,-0.000155
2026-06-26 09:00:00,1.3216,1.3228,1.3207,1.3219,3082,1.321545,1.322874,1.320934,1.322104,0,0.001866,-0.002174,-0.000204
2026-06-26 10:00:00,1.3219,1.3224,1.3215,1.3222,2212,1.322069,1.322367,1.321685,1.322314,0,0.000715,-0.000867,-0.000114
2026-06-26 11:00:00,1.3222,1.3225,1.3211,1.3217,3142,1.322314,1.322454,1.321248,1.32165,0,0.001252,-0.001354,5e-05
2026-06-26 12:00:00,1.3216,1.3221,1.3199,1.3211,9588,1.321685,1.322209,1.320341,1.321423,0,0.001759,-0.002309,-0.000323
2026-06-26 13:00:00,1.3211,1.3225,1.3202,1.3225,7604,1.321091,1.322541,1.320446,1.322541,0,0.002054,-0.002341,-4.1e-05
2026-06-26 14:00:00,1.3224,1.3231,1.3197,1.3197,8597,1.322629,1.323014,1.319888,1.319888,0,0.003212,-0.003314,-0.000188
2026-06-26 15:00:00,1.3198,1.3222,1.3197,1.3221,9040,1.32001,1.322262,1.319923,1.322087,0,0.002277,-0.002562,1.3e-05
2026-06-26 16:00:00,1.3221,1.3221,1.3204,1.3206,4131,1.322139,1.322139,1.320533,1.32062,0,0.001567,-0.001739,-2e-05
2026-06-26 17:00:00,1.3205,1.321,1.3198,1.32,1810,1.320533,1.320969,1.319958,1.320115,0,0.001042,-0.001169,-0.000115
2026-06-26 18:00:00,1.32,1.3206,1.3199,1.3199,2037,1.320097,1.320655,1.320045,1.320097,0,0.000555,-0.000755,-0.000197
2026-06-26 19:00:00,1.32,1.3202,1.3195,1.3198,3370,1.32001,1.320324,1.319592,1.319958,0,0.000608,-0.000824,-0.000158
2026-06-26 20:00:00,1.3199,1.3203,1.3192,1.3199,1906,1.31994,1.320428,1.319383,1.319697,0,0.000917,-0.001228,0.000203
2026-06-28 23:00:00,1.3194,1.3197,1.3192,1.3196,309,1.319505,1.319784,1.319261,1.319784,0,0.000439,-0.000584,-0.000184
2026-06-29 00:00:00,1.3196,1.3201,1.3193,1.3199,938,1.319714,1.320132,1.319453,1.320062,0,0.000647,-0.000832,-0.000162
2026-06-29 01:00:00,1.3199,1.3204,1.3196,1.3198,335,1.32001,1.320481,1.319749,1.319906,0,0.000651,-0.000881,-0.000106
2026-06-29 02:00:00,1.3198,1.321,1.3198,1.3203,737,1.319871,1.321039,1.319871,1.320341,0,0.001129,-0.001239,-4.1e-05
2026-06-29 03:00:00,1.3203,1.3206,1.3198,1.3198,1219,1.320341,1.320638,1.31994,1.31994,0,0.00066,-0.000838,-0.00014
2026-06-29 04:00:00,1.3199,1.32,1.3197,1.3198,314,1.319836,1.32008,1.319697,1.319923,0,0.000304,-0.00038,-0.000123
2026-06-29 05:00:00,1.3199,1.3212,1.3199,1.321,680,1.319993,1.321248,1.319993,1.321004,0,0.001207,-0.001348,-4e-06
2026-06-29 06:00:00,1.3211,1.3227,1.3209,1.3225,1782,1.321039,1.322769,1.320987,1.322751,0,0.001714,-0.001869,-0.000251
2026-06-29 07:00:00,1.3225,1.3227,1.3212,1.3214,2576,1.322576,1.322804,1.321405,1.321405,0,0.001295,-0.001604,-5e-06
2026-06-29 08:00:00,1.3214,1.3217,1.3202,1.3206,2539,1.32151,1.321667,1.320393,1.320725,0,0.001307,-0.001467,-0.000125
2026-06-29 09:00:00,1.3207,1.3218,1.3206,1.3218,1862,1.320707,1.321737,1.320707,1.321563,0,0.001093,-0.001137,0.000237
2026-06-29 10:00:00,1.3218,1.3227,1.321,1.3223,3208,1.32179,1.322541,1.321021,1.322297,0,0.001679,-0.001541,3e-06
2026-06-29 11:00:00,1.3223,1.3235,1.3223,1.3232,3532,1.322367,1.323487,1.322367,1.323294,0,0.001133,-0.001187,-9.4e-05
2026-06-29 12:00:00,1.3231,1.324,1.3228,1.3233,4957,1.323171,1.323942,1.322891,1.323276,0,0.001109,-0.001142,2.4e-05
2026-06-29 13:00:00,1.3234,1.3247,1.3233,1.3236,5934,1.323627,1.324609,1.323522,1.324188,0,0.001178,-0.001309,-0.000588
2026-06-29 14:00:00,1.3237,1.3248,1.3228,1.3245,8362,1.323767,1.324749,1.323084,1.324626,0,0.001716,-0.001949,-0.000126
2026-06-29 15:00:00,1.3244,1.3255,1.3242,1.3253,4196,1.324538,1.325276,1.324328,1.325276,0,0.001172,-0.001076,2.4e-05
2026-06-29 16:00:00,1.3253,1.3258,1.3251,1.3254,4226,1.325399,1.325855,1.325188,1.325504,0,0.000612,-0.000756,-0.000104
2026-06-29 17:00:00,1.3254,1.3257,1.3251,1.3257,3569,1.325504,1.32582,1.325153,1.325732,0,0.000547,-0.00072,-3.2e-05
2026-06-29 18:00:00,1.3257,1.3261,1.3255,1.3257,3055,1.325785,1.326084,1.325697,1.325785,0,0.000403,-0.000584,-8.5e-05
2026-06-29 19:00:00,1.3258,1.3262,1.3254,1.326,1630,1.32582,1.326295,1.325539,1.326102,0,0.000661,-0.000895,-0.000102
2026-06-29 20:00:00,1.326,1.3262,1.3258,1.3261,991,1.326102,1.32626,1.32582,1.325979,0,0.00038,-0.00046,0.000121
2026-06-29 22:00:00,1.3258,1.3263,1.3257,1.3261,0,1.326031,1.326207,1.325803,1.326207,0,0.000497,-0.000507,-0.000107
2026-06-29 23:00:00,1.326,1.3262,1.3253,1.3253,461,1.326102,1.326154,1.325399,1.325434,0,0.000801,-0.000854,-0.000134
2026-06-30 00:00:00,1.3253,1.3254,1.3239,1.3245,2126,1.325258,1.325486,1.323995,1.324451,0,0.001405,-0.001586,4.9e-05
2026-06-30 01:00:00,1.3246,1.3248,1.3234,1.3236,1399,1.324679,1.324784,1.323574,1.323574,0,0.001226,-0.001384,2.6e-05
2026-06-30 02:00:00,1.3236,1.3239,1.3234,1.3237,498,1.323627,1.324012,1.323487,1.323662,0,0.000413,-0.000612,3.8e-05
2026-06-30 03:00:00,1.3237,1.3238,1.3231,1.3233,0,1.323749,1.323907,1.323206,1.323364,0,0.000594,-0.000807,-6.4e-05
2026-06-30 04:00:00,1.3233,1.3236,1.3229,1.3229,462,1.323329,1.323662,1.323031,1.323031,0,0.000569,-0.000762,-0.000131
2026-06-30 05:00:00,1.3229,1.3232,1.3224,1.3226,1401,1.322926,1.323311,1.322611,1.322681,0,0.000589,-0.000911,-8.1e-05
2026-06-30 06:00:00,1.3225,1.3244,1.3222,1.3242,2733,1.322716,1.324521,1.322332,1.324135,0,0.002068,-0.002321,6.5e-05
2026-06-30 07:00:00,1.3242,1.3247,1.3234,1.3234,2270,1.324223,1.324679,1.323434,1.323592,0,0.001266,-0.001279,-0.000192
2026-06-30 08:00:00,1.3233,1.3236,1.3221,1.323,2092,1.323416,1.323522,1.322244,1.323119,0,0.001356,-0.001422,-0.000119
2026-06-30 09:00:00,1.323,1.3238,1.3229,1.3236,3108,1.322996,1.323872,1.322996,1.323714,0,0.000804,-0.000972,-0.000114
2026-06-30 10:00:00,1.3236,1.3239,1.3232,1.3236,1726,1.323627,1.323977,1.323224,1.323697,0,0.000676,-0.000777,-9.7e-05
2026-06-30 11:00:00,1.3236,1.3236,1.3215,1.3227,5342,1.323627,1.323627,1.321633,1.322699,0,0.001968,-0.002127,1e-06
2026-06-30 12:00:00,1.3227,1.3227,1.3212,1.3215,3756,1.322716,1.322716,1.321405,1.321737,0,0.001295,-0.001516,-0.000237
2026-06-30 13:00:00,1.3215,1.3232,1.3214,1.3222,5123,1.321633,1.323119,1.32151,1.322192,0,0.00169,-0.001719,8e-06
2026-06-30 14:00:00,1.3223,1.3275,1.3215,1.3272,17696,1.322034,1.327351,1.321685,1.327316,0,0.005815,-0.005852,-0.000116
2026-06-30 15:00:00,1.3272,1.3277,1.3256,1.3258,16350,1.327246,1.32758,1.325662,1.325697,0,0.002038,-0.00198,0.000103
2026-06-30 16:00:00,1.3257,1.3259,1.3248,1.3251,2505,1.32575,1.32582,1.324924,1.3251,0,0.000975,-0.00102,-0.0
2026-06-30 17:00:00,1.3251,1.3257,1.325,1.3255,1286,1.325188,1.32582,1.325082,1.325609,0,0.000618,-0.00082,-0.000109
2026-06-30 18:00:00,1.3256,1.3263,1.3253,1.3255,3615,1.325627,1.326365,1.325574,1.325627,0,0.000726,-0.001065,-0.000127
2026-06-30 19:00:00,1.3254,1.3265,1.3251,1.3264,3103,1.325504,1.326559,1.325293,1.326559,0,0.001207,-0.001459,-0.000159
2026-06-30 20:00:00,1.3264,1.3266,1.3259,1.3261,954,1.326506,1.326612,1.325961,1.32619,0,0.000639,-0.000712,-9e-05
2026-06-30 22:00:00,1.3262,1.3262,1.3257,1.3257,0,1.326031,1.326066,1.325732,1.325785,0,0.000468,-0.000366,-8.5e-05
2026-06-30 23:00:00,1.3258,1.3258,1.3248,1.325,173,1.32582,1.325838,1.324977,1.325047,0,0.000823,-0.001038,-4.7e-05
2026-07-01 00:00:00,1.325,1.3251,1.3244,1.3246,571,1.325065,1.325205,1.324486,1.324644,0,0.000614,-0.000805,-4.4e-05
2026-07-01 01:00:00,1.3245,1.3245,1.3234,1.3238,569,1.324626,1.324626,1.323609,1.323802,0,0.000891,-0.001226,-2e-06
2026-07-01 02:00:00,1.3237,1.324,1.3234,1.3236,410,1.323854,1.3241,1.323504,1.323767,0,0.000496,-0.0007,-0.000167
2026-07-01 03:00:00,1.3236,1.3239,1.3231,1.3234,450,1.323679,1.323942,1.323206,1.323522,0,0.000694,-0.000842,-0.000122
2026-07-01 04:00:00,1.3232,1.3243,1.3232,1.3241,592,1.323609,1.324433,1.323329,1.32424,0,0.000971,-0.001233,-0.00014
2026-07-01 05:00:00,1.3241,1.3245,1.3239,1.3242,524,1.324188,1.324538,1.324082,1.32424,0,0.000418,-0.000638,-4e-05
2026-07-01 06:00:00,1.3242,1.3244,1.3236,1.3243,1577,1.324152,1.324468,1.323592,1.324433,0,0.000808,-0.000868,-0.000133
2026-07-01 07:00:00,1.3243,1.3245,1.3229,1.3244,2895,1.324398,1.324591,1.322996,1.324451,0,0.001504,-0.001691,-5.1e-05
2026-07-01 08:00:00,1.3244,1.3253,1.324,1.3245,2164,1.324503,1.32524,1.323995,1.324486,0,0.001305,-0.00124,1.4e-05
2026-07-01 09:00:00,1.3246,1.3256,1.3244,1.3247,1936,1.324591,1.325645,1.324433,1.324837,0,0.001167,-0.001245,-0.000137
2026-07-01 10:00:00,1.3247,1.3257,1.3245,1.3253,1884,1.324731,1.325645,1.324591,1.325522,0,0.001109,-0.001145,-0.000222
2026-07-01 11:00:00,1.3253,1.3253,1.3241,1.3242,2945,1.325293,1.325293,1.324258,1.324328,0,0.001042,-0.001193,-0.000128
2026-07-01 12:00:00,1.3243,1.3248,1.3234,1.3237,3489,1.324381,1.324907,1.323539,1.323872,0,0.001261,-0.001507,-0.000172
2026-07-01 13:00:00,1.3237,1.3281,1.3219,1.3266,15267,1.323697,1.327757,1.322104,1.326401,0,0.005996,-0.005857,0.000199
2026-07-01 14:00:00,1.3269,1.3291,1.3262,1.3277,8635,1.3267,1.329169,1.326489,1.327704,0,0.002611,-0.002969,-4e-06
2026-07-01 15:00:00,1.3277,1.3281,1.3266,1.3277,5307,1.327845,1.328127,1.326717,1.327863,0,0.001383,-0.001527,-0.000162
2026-07-01 16:00:00,1.3277,1.3291,1.3277,1.3281,5644,1.327845,1.329169,1.327845,1.328304,0,0.001255,-0.001469,-0.000204
2026-07-01 17:00:00,1.3282,1.3285,1.3278,1.3278,2869,1.328268,1.328515,1.32781,1.327933,0,0.00069,-0.000715,-0.000133
2026-07-01 18:00:00,1.3278,1.328,1.3271,1.3279,8854,1.327827,1.327951,1.327193,1.32788,0,0.000807,-0.000851,2e-05
2026-07-01 19:00:00,1.3279,1.3283,1.3277,1.3279,4799,1.327845,1.328268,1.327827,1.327863,0,0.000473,-0.000568,3.8e-05
2026-07-01 20:00:00,1.3278,1.3281,1.3269,1.3275,6013,1.327898,1.328092,1.32707,1.327669,0,0.00103,-0.001192,-0.000169
2026-07-01 22:00:00,1.3275,1.3281,1.3275,1.328,0,1.327774,1.328039,1.327545,1.328004,0,0.000555,-0.000539,-4e-06
2026-07-01 23:00:00,1.328,1.3281,1.3278,1.3279,506,1.327986,1.328057,1.327863,1.327898,0,0.000237,-0.000257,2e-06
2026-07-02 00:00:00,1.3279,1.3283,1.3275,1.3279,774,1.32788,1.328356,1.32751,1.327845,0,0.00079,-0.000856,5.5e-05
2026-07-02 01:00:00,1.3278,1.3291,1.3278,1.3285,2999,1.327898,1.32908,1.327845,1.328462,0,0.001255,-0.00128,3.8e-05
2026-07-02 02:00:00,1.3284,1.3296,1.3284,1.3286,768,1.328445,1.329504,1.328445,1.328639,0,0.001155,-0.001104,-3.9e-05
2026-07-02 03:00:00,1.3286,1.3287,1.328,1.3287,629,1.328586,1.328709,1.328074,1.328639,0,0.000626,-0.000709,6.1e-05
2026-07-02 04:00:00,1.3292,1.3293,1.3286,1.3289,433,1.32878,1.329204,1.328586,1.328992,0,0.000714,-0.000604,-9.2e-05
2026-07-02 05:00:00,1.329,1.3293,1.3287,1.3291,865,1.328992,1.329292,1.328762,1.329169,0,0.000538,-0.000592,-6.9e-05
2026-07-02 06:00:00,1.3291,1.3327,1.3291,1.3306,6408,1.329222,1.33209,1.329222,1.330725,0,0.003478,-0.00299,-0.000125
2026-07-02 07:00:00,1.3305,1.3339,1.3298,1.3337,7343,1.330477,1.333778,1.329964,1.333653,0,0.003936,-0.003978,4.6e-05
2026-07-02 08:00:00,1.3337,1.3363,1.3336,1.3358,9323,1.333778,1.336273,1.333778,1.335666,0,0.002522,-0.002673,0.000134
2026-07-02 09:00:00,1.3357,1.3359,1.3339,1.3341,4911,1.335577,1.335738,1.333974,1.334294,0,0.001926,-0.001838,-0.000194
2026-07-02 10:00:00,1.334,1.3345,1.3326,1.3333,3501,1.33408,1.33449,1.332676,1.333333,0,0.001824,-0.00189,-3.3e-05
2026-07-02 11:00:00,1.3333,1.3333,1.3309,1.3311,2728,1.333315,1.333315,1.331044,1.331257,0,0.002256,-0.002416,-0.000157
2026-07-02 12:00:00,1.331,1.3383,1.3297,1.3365,20477,1.330991,1.338169,1.329787,1.336237,0,0.008513,-0.008469,0.000263
2026-07-02 13:00:00,1.3365,1.338,1.3352,1.3376,13887,1.336666,1.33799,1.335595,1.337399,0,0.002405,-0.00279,0.000201
2026-07-02 14:00:00,1.3376,1.3384,1.3357,1.3376,11560,1.337471,1.338545,1.335809,1.337524,0,0.002591,-0.002845,7.6e-05
2026-07-02 15:00:00,1.3376,1.3378,1.336,1.3361,8060,1.337578,1.337739,1.336202,1.33622,0,0.001598,-0.001739,-0.00012
2026-07-02 16:00:00,1.3361,1.3362,1.3349,1.3353,2256,1.336237,1.336237,1.33506,1.335452,0,0.00114,-0.001337,-0.000152
2026-07-02 17:00:00,1.3353,1.3353,1.3338,1.334,2030,1.335327,1.335327,1.333849,1.334009,0,0.001451,-0.001527,-9e-06
2026-07-02 18:00:00,1.334,1.3352,1.334,1.3348,3830,1.334152,1.335167,1.334152,1.33481,0,0.001048,-0.001167,-1e-05
2026-07-02 19:00:00,1.3347,1.335,1.3342,1.3346,2654,1.33481,1.334846,1.334258,1.334579,0,0.000742,-0.000646,2.1e-05
2026-07-02 20:00:00,1.3345,1.335,1.3344,1.3347,718,1.334508,1.335167,1.334508,1.334828,0,0.000492,-0.000767,-0.000128
2026-07-02 22:00:00,1.3345,1.3351,1.3343,1.3344,0,1.33506,1.33506,1.334258,1.334365,0,0.000842,-0.00076,3.5e-05
2026-07-02 23:00:00,1.3344,1.3347,1.3337,1.3338,627,1.33449,1.334775,1.333867,1.333867,0,0.000833,-0.001075,-6.7e-05
2026-07-03 00:00:00,1.3338,1.3347,1.3335,1.3347,642,1.334027,1.33481,1.333547,1.33481,0,0.001153,-0.00131,-0.000111
2026-07-03 01:00:00,1.3348,1.3363,1.3347,1.3356,1091,1.334828,1.336398,1.33481,1.335684,0,0.00149,-0.001698,-8.4e-05
2026-07-03 02:00:00,1.3356,1.3367,1.3355,1.3361,341,1.335613,1.336648,1.335559,1.33613,0,0.001141,-0.001148,-3e-05
2026-07-03 03:00:00,1.336,1.3362,1.3357,1.3361,180,1.336184,1.336273,1.335773,1.33622,0,0.000427,-0.000573,-0.00012
2026-07-05 23:00:00,1.3349,1.3356,1.3347,1.3353,389,1.334935,1.335363,1.334632,1.335274,0,0.000968,-0.000663,2.6e-05
2026-07-06 00:00:00,1.3352,1.3356,1.3347,1.3353,1707,1.335203,1.335684,1.334828,1.335345,0,0.000772,-0.000984,-4.5e-05
2026-07-06 01:00:00,1.3353,1.3356,1.334,1.3341,786,1.33531,1.335417,1.333992,1.334027,0,0.001608,-0.001417,7.3e-05
2026-07-06 02:00:00,1.334,1.3356,1.3339,1.3356,521,1.334063,1.334757,1.333992,1.334757,0,0.001608,-0.000857,0.000843
2026-07-06 03:00:00,1.3346,1.3356,1.334,1.334,416,1.334704,1.334793,1.334027,1.334241,0,0.001573,-0.000793,-0.000241
2026-07-06 04:00:00,1.3342,1.3345,1.3342,1.3343,387,1.334258,1.334561,1.334223,1.334312,0,0.000277,-0.000361,-1.2e-05
2026-07-06 05:00:00,1.3343,1.3344,1.3334,1.3336,529,1.334223,1.334419,1.333636,1.333671,0,0.000764,-0.001019,-7.1e-05
2026-07-06 06:00:00,1.3337,1.334,1.3331,1.3334,1651,1.333831,1.334098,1.333173,1.333404,0,0.000827,-0.000998,-4e-06
2026-07-06 07:00:00,1.3334,1.335,1.3329,1.3349,2383,1.333191,1.334917,1.332996,1.334917,0,0.002004,-0.002017,-1.7e-05
2026-07-06 08:00:00,1.3349,1.3351,1.3331,1.3338,3006,1.334989,1.334989,1.333156,1.333814,0,0.001945,-0.001889,-1.4e-05
2026-07-06 09:00:00,1.3337,1.3341,1.3331,1.3335,1361,1.333493,1.334134,1.333156,1.333493,0,0.000944,-0.001034,7e-06
2026-07-06 10:00:00,1.3335,1.3347,1.3332,1.3342,1819,1.33344,1.334668,1.333298,1.334134,0,0.001402,-0.001468,6.6e-05
2026-07-06 11:00:00,1.3341,1.3347,1.3337,1.3344,4175,1.334098,1.334543,1.333671,1.334508,0,0.001029,-0.000843,-0.000108
2026-07-06 12:00:00,1.3345,1.3352,1.3338,1.3341,3884,1.334828,1.335149,1.333831,1.334205,0,0.001369,-0.001349,-0.000105
2026-07-06 13:00:00,1.3342,1.3357,1.3342,1.3346,4429,1.334152,1.335613,1.334152,1.33465,0,0.001548,-0.001413,-5e-05
2026-07-06 14:00:00,1.3347,1.336,1.3344,1.3356,5965,1.334615,1.335863,1.334472,1.335595,0,0.001528,-0.001463,5e-06
2026-07-06 15:00:00,1.3356,1.3369,1.3352,1.3368,3895,1.33572,1.336791,1.33531,1.336791,0,0.00159,-0.001591,9e-06
2026-07-06 16:00:00,1.3368,1.3376,1.3366,1.3376,2533,1.336738,1.337685,1.336559,1.337578,0,0.001041,-0.001085,2.2e-05
2026-07-06 17:00:00,1.3376,1.3384,1.3375,1.3382,2517,1.337703,1.338384,1.337506,1.33824,0,0.000894,-0.000884,-4e-05
2026-07-06 18:00:00,1.3382,1.3387,1.3382,1.3387,450,1.338222,1.339208,1.338151,1.339136,0,0.000549,-0.001008,-0.000436
2026-07-06 19:00:00,1.3395,1.3397,1.339,1.3392,2572,1.339477,1.339674,1.339047,1.339172,0,0.000653,-0.000674,2.8e-05
2026-07-06 20:00:00,1.3392,1.3394,1.3388,1.339,780,1.339262,1.339316,1.338867,1.339029,0,0.000533,-0.000516,-2.9e-05
2026-07-06 22:00:00,1.339,1.3397,1.339,1.3397,0,1.339316,1.339674,1.339047,1.339603,0,0.000653,-0.000674,9.7e-05
2026-07-06 23:00:00,1.3397,1.3402,1.3394,1.3395,492,1.3398,1.340123,1.339441,1.339441,0,0.000759,-0.000723,5.9e-05
2026-07-07 00:00:00,1.3394,1.3396,1.3388,1.3388,1091,1.339459,1.339585,1.338939,1.338939,0,0.000661,-0.000785,-0.000139
2026-07-07 01:00:00,1.3388,1.3401,1.3388,1.3397,888,1.338993,1.340141,1.338885,1.339656,0,0.001215,-0.001341,4.4e-05
2026-07-07 02:00:00,1.3398,1.3399,1.3391,1.3391,750,1.339872,1.340016,1.339154,1.339244,0,0.000746,-0.000916,-0.000144
2026-07-07 03:00:00,1.3392,1.3397,1.339,1.339,619,1.339226,1.339746,1.338975,1.339065,0,0.000725,-0.000746,-6.5e-05
2026-07-07 04:00:00,1.3392,1.3393,1.3389,1.3389,381,1.339065,1.339369,1.338975,1.338975,0,0.000325,-0.000469,-7.5e-05
2026-07-07 05:00:00,1.3389,1.339,1.3379,1.3385,1053,1.338921,1.339065,1.338025,1.338419,0,0.000975,-0.001165,8.1e-05
2026-07-07 06:00:00,1.3385,1.3387,1.3376,1.3381,3155,1.338634,1.338706,1.337614,1.337918,0,0.001086,-0.001106,0.000182
2026-07-07 07:00:00,1.3381,1.3385,1.3376,1.3378,2470,1.337972,1.338491,1.33756,1.337936,0,0.00094,-0.000891,-0.000136
2026-07-07 08:00:00,1.3378,1.3394,1.3378,1.3392,2965,1.337972,1.339387,1.337936,1.339244,0,0.001464,-0.001587,-4.4e-05
2026-07-07 09:00:00,1.3391,1.3392,1.338,1.3381,1565,1.339065,1.33919,1.338151,1.338169,0,0.001049,-0.00119,-6.9e-05
2026-07-07 10:00:00,1.338,1.3386,1.337,1.3385,2465,1.337954,1.33867,1.337113,1.338545,0,0.001487,-0.00167,-4.5e-05
2026-07-07 11:00:00,1.3386,1.3395,1.3383,1.3389,4908,1.338509,1.339405,1.338384,1.338975,0,0.001116,-0.001105,-7.5e-05
2026-07-07 12:00:00,1.3389,1.3392,1.3381,1.3386,6286,1.338814,1.339298,1.338204,1.338401,0,0.000996,-0.001198,0.000199
2026-07-07 13:00:00,1.3385,1.3386,1.3369,1.337,7802,1.338545,1.338598,1.337006,1.337006,0,0.001594,-0.001698,-6e-06
2026-07-07 14:00:00,1.3371,1.3385,1.3361,1.3379,8170,1.337327,1.338527,1.336202,1.338043,0,0.002298,-0.002427,-0.000143
2026-07-07 15:00:00,1.338,1.338,1.337,1.337,4102,1.337846,1.338097,1.337077,1.337077,0,0.000923,-0.001097,-7.7e-05
2026-07-07 16:00:00,1.3371,1.3375,1.3364,1.3371,2789,1.337292,1.337506,1.336612,1.337167,0,0.000888,-0.001106,-6.7e-05
2026-07-07 17:00:00,1.3371,1.3375,1.3369,1.3374,1218,1.337113,1.33756,1.336898,1.337506,0,0.000602,-0.00066,-0.000106
2026-07-07 18:00:00,1.3374,1.3376,1.3361,1.3364,4025,1.337417,1.337632,1.336184,1.336398,0,0.001416,-0.001532,2e-06
2026-07-07 19:00:00,1.3363,1.3364,1.3349,1.3362,3558,1.336166,1.336255,1.335042,1.33613,0,0.001358,-0.001355,7e-05
2026-07-07 20:00:00,1.3361,1.3362,1.3356,1.336,0,1.336041,1.336291,1.335684,1.335934,0,0.000516,-0.000691,6.6e-05
2026-07-07 22:00:00,1.3357,1.3357,1.335,1.3353,601,1.335345,1.335506,1.334953,1.335399,0,0.000747,-0.000506,-9.9e-05
2026-07-07 23:00:00,1.3353,1.3354,1.3345,1.3347,391,1.335399,1.335452,1.334615,1.334775,0,0.000785,-0.000952,-7.5e-05
2026-07-08 00:00:00,1.3346,1.3356,1.3344,1.3353,1392,1.334668,1.335524,1.334258,1.335345,0,0.001342,-0.001124,-4.5e-05
2026-07-08 01:00:00,1.3353,1.3355,1.3342,1.3349,770,1.335274,1.335506,1.334312,1.335024,0,0.001188,-0.001306,-0.000124
2026-07-08 02:00:00,1.3349,1.3355,1.3347,1.3352,1070,1.335024,1.335488,1.334882,1.33522,0,0.000618,-0.000788,-2.1e-05
2026-07-08 03:00:00,1.3353,1.3359,1.3353,1.3354,459,1.335452,1.335916,1.335452,1.335452,0,0.000448,-0.000616,-5.2e-05
2026-07-08 04:00:00,1.3353,1.3355,1.335,1.3353,259,1.335381,1.335506,1.335149,1.335381,0,0.000351,-0.000506,-8.1e-05
2026-07-08 05:00:00,1.3354,1.3359,1.3352,1.3356,1606,1.335452,1.335916,1.335238,1.335666,0,0.000662,-0.000716,-6.6e-05
2026-07-08 06:00:00,1.3357,1.3366,1.3355,1.3365,2875,1.336023,1.336595,1.335559,1.336398,0,0.001041,-0.001095,0.000102
2026-07-08 07:00:00,1.3366,1.3371,1.3356,1.3366,3470,1.336488,1.337006,1.335666,1.336595,0,0.001434,-0.001406,5e-06
2026-07-08 08:00:00,1.3365,1.337,1.3338,1.334,7520,1.336505,1.336988,1.333814,1.33408,0,0.003186,-0.003188,-8e-05
2026-07-08 09:00:00,1.334,1.3349,1.3322,1.3342,4716,1.333974,1.334882,1.332445,1.334294,0,0.002455,-0.002682,-9.4e-05
2026-07-08 10:00:00,1.3343,1.3358,1.3341,1.3346,2856,1.334294,1.33572,1.334223,1.334793,0,0.001577,-0.00162,-0.000193
2026-07-08 11:00:00,1.3345,1.3348,1.333,1.3335,4635,1.334526,1.334704,1.33312,1.333476,0,0.00168,-0.001704,2.4e-05
2026-07-08 12:00:00,1.3336,1.3357,1.3334,1.3341,5771,1.333671,1.335684,1.3336,1.334187,0,0.0021,-0.002284,-8.7e-05
2026-07-08 13:00:00,1.3341,1.3377,1.334,1.337,11536,1.33433,1.337739,1.33433,1.336863,0,0.00337,-0.003739,0.000137
2026-07-08 14:00:00,1.3371,1.3376,1.3364,1.3372,6765,1.337149,1.33756,1.336488,1.33722,0,0.001112,-0.00116,-2e-05
2026-07-08 15:00:00,1.3372,1.3375,1.3357,1.3361,5415,1.337077,1.337453,1.335791,1.33613,0,0.001709,-0.001753,-3e-05
2026-07-08 16:00:00,1.336,1.3386,1.336,1.3385,4651,1.33613,1.338563,1.33613,1.338563,0,0.00247,-0.002563,-6.3e-05
2026-07-08 17:00:00,1.3385,1.3411,1.3385,1.3395,5672,1.33867,1.340806,1.33867,1.339674,0,0.00243,-0.002306,-0.000175
2026-07-08 18:00:00,1.3395,1.3405,1.3393,1.3399,6606,1.339531,1.340536,1.339531,1.340034,0,0.000969,-0.001236,-0.000134
2026-07-08 19:00:00,1.34,1.3407,1.3397,1.3401,1841,1.340249,1.340788,1.339854,1.340339,0,0.000846,-0.001088,-0.000239
2026-07-08 20:00:00,1.3401,1.3403,1.3385,1.3386,1438,1.340195,1.340411,1.338616,1.338885,0,0.001683,-0.001911,-0.000285
2026-07-08 22:00:00,1.3393,1.3395,1.3388,1.3391,0,1.339082,1.339316,1.338903,1.3391,0,0.000597,-0.000516,-0.0
2026-07-08 23:00:00,1.3391,1.3394,1.3389,1.3393,155,1.339208,1.339495,1.338975,1.339423,0,0.000425,-0.000595,-0.000123
2026-07-09 00:00:00,1.3394,1.3404,1.3394,1.3397,707,1.339405,1.340375,1.339405,1.339818,0,0.000995,-0.000975,-0.000118
2026-07-09 01:00:00,1.3397,1.3398,1.3387,1.3396,905,1.339836,1.339926,1.338778,1.339656,0,0.001022,-0.001226,-5.7e-05
2026-07-09 02:00:00,1.3397,1.34,1.3394,1.3394,345,1.339746,1.340034,1.339513,1.339513,0,0.000487,-0.000633,-0.000113
2026-07-09 03:00:00,1.3394,1.3401,1.339,1.3396,392,1.339477,1.340105,1.3391,1.339656,0,0.001,-0.001105,-5.7e-05
2026-07-09 04:00:00,1.3397,1.3399,1.3394,1.3399,204,1.339585,1.339998,1.339477,1.339926,0,0.000423,-0.000597,-2.6e-05
2026-07-09 05:00:00,1.3399,1.3408,1.3399,1.3403,1559,1.339944,1.34077,1.339944,1.340465,0,0.000856,-0.00087,-0.000165
2026-07-09 06:00:00,1.3405,1.343,1.3405,1.3425,4190,1.340842,1.342931,1.340824,1.342354,0,0.002176,-0.002431,0.000146
2026-07-09 07:00:00,1.3425,1.3427,1.3411,1.3415,4766,1.342624,1.342732,1.341238,1.34149,0,0.001462,-0.001632,1e-05
2026-07-09 08:00:00,1.3414,1.3421,1.341,1.3412,3482,1.34158,1.342138,1.341202,1.341346,0,0.000898,-0.001138,-0.000146
2026-07-09 09:00:00,1.3412,1.3415,1.3407,1.3412,1750,1.341418,1.34158,1.340734,1.34122,0,0.000766,-0.00088,-2e-05
2026-07-09 10:00:00,1.3412,1.3412,1.3394,1.3396,3497,1.341238,1.341238,1.339513,1.339621,0,0.001687,-0.001838,-2.1e-05
2026-07-09 11:00:00,1.3396,1.3396,1.3384,1.3388,4715,1.339549,1.339549,1.338652,1.338903,0,0.000948,-0.001149,-0.000103
2026-07-09 12:00:00,1.3389,1.3398,1.3381,1.3384,5946,1.339082,1.339836,1.338151,1.338473,0,0.001649,-0.001736,-7.3e-05
2026-07-09 13:00:00,1.3384,1.3403,1.3384,1.3401,8593,1.338706,1.340249,1.338616,1.340177,0,0.001683,-0.001849,-7.7e-05
2026-07-09 14:00:00,1.3402,1.341,1.3387,1.339,7908,1.340303,1.341058,1.338885,1.339226,0,0.002115,-0.002358,-0.000226
2026-07-09 15:00:00,1.3391,1.3408,1.3386,1.3408,5335,1.339154,1.340788,1.338814,1.340788,0,0.001987,-0.002188,1.2e-05
2026-07-09 16:00:00,1.3407,1.3412,1.3402,1.341,2111,1.340824,1.341256,1.340339,1.34113,0,0.000861,-0.001056,-0.00013
2026-07-09 17:00:00,1.341,1.3416,1.3408,1.3416,2006,1.341184,1.341652,1.340896,1.34158,0,0.000704,-0.000852,2e-05
2026-07-09 18:00:00,1.3415,1.3419,1.341,1.3415,3069,1.341724,1.341976,1.34113,1.341616,0,0.00077,-0.000976,-0.000116
2026-07-09 19:00:00,1.3416,1.3418,1.3404,1.3408,3837,1.341706,1.341706,1.340554,1.340842,0,0.001245,-0.001306,-4.2e-05
2026-07-09 20:00:00,1.3407,1.3411,1.3407,1.3408,409,1.340896,1.341148,1.340824,1.340968,0,0.000276,-0.000448,-0.000168
2026-07-09 22:00:00,1.3407,1.3413,1.3407,1.3412,0,1.340752,1.341328,1.340752,1.34131,0,0.000548,-0.000628,-0.00011
2026-07-09 23:00:00,1.3412,1.3413,1.341,1.3413,128,1.341292,1.341364,1.341112,1.341346,0,0.000188,-0.000364,-4.6e-05
2026-07-10 00:00:00,1.3413,1.3424,1.3408,1.3422,798,1.3414,1.34248,1.340914,1.342336,0,0.001486,-0.00168,-0.000136
2026-07-10 01:00:00,1.3422,1.3438,1.342,1.3435,2091,1.342264,1.343815,1.342102,1.343707,0,0.001698,-0.001815,-0.000207
2026-07-10 02:00:00,1.3434,1.3451,1.3433,1.3448,2143,1.343508,1.345153,1.343508,1.344899,0,0.001592,-0.001853,-9.9e-05
2026-07-10 03:00:00,1.3448,1.3449,1.3438,1.3438,502,1.344954,1.34508,1.343923,1.34396,0,0.000977,-0.00128,-0.00016
2026-07-10 04:00:00,1.3436,1.3437,1.3428,1.343,296,1.343887,1.343887,1.342823,1.343039,0,0.000877,-0.001087,-3.9e-05
2026-07-10 05:00:00,1.343,1.3433,1.3422,1.3427,1130,1.343039,1.3434,1.342228,1.342805,0,0.001072,-0.0012,-0.000105
2026-07-10 06:00:00,1.3428,1.3435,1.3424,1.3426,2069,1.342949,1.34358,1.342534,1.342696,0,0.000966,-0.00118,-9.6e-05
2026-07-10 07:00:00,1.3427,1.343,1.342,1.3421,2482,1.34266,1.343075,1.342156,1.342156,0,0.000844,-0.001075,-5.6e-05
2026-07-10 08:00:00,1.3421,1.3426,1.3409,1.3409,3094,1.34212,1.34266,1.341058,1.341058,0,0.001542,-0.00176,-0.000158
2026-07-10 09:00:00,1.341,1.3416,1.3408,1.3409,1533,1.341166,1.341652,1.34095,1.341022,0,0.00065,-0.000852,-0.000122
2026-07-10 10:00:00,1.341,1.3436,1.341,1.3432,5251,1.341112,1.34349,1.341112,1.34349,0,0.002488,-0.00249,-0.00029
2026-07-10 11:00:00,1.3433,1.3438,1.3417,1.3422,2404,1.34358,1.343707,1.341814,1.342787,0,0.001986,-0.002007,-0.000587
2026-07-10 12:00:00,1.3426,1.3437,1.3414,1.342,6800,1.34275,1.343093,1.342102,1.342624,0,0.001598,-0.001693,-0.000624
2026-07-10 13:00:00,1.342,1.342,1.3404,1.3405,3438,1.342048,1.342048,1.340626,1.340626,0,0.001374,-0.001648,-0.000126
2026-07-10 14:00:00,1.3405,1.3413,1.3391,1.3409,8275,1.340339,1.3414,1.339908,1.341076,0,0.001392,-0.0023,-0.000176
2026-07-10 15:00:00,1.3409,1.3422,1.3408,1.3421,3999,1.340968,1.342228,1.340914,1.342138,0,0.001286,-0.001428,-3.8e-05
2026-07-10 16:00:00,1.3421,1.3424,1.3411,1.3411,3119,1.34212,1.3423,1.34203,1.342174,0,0.00037,-0.0012,-0.001074
2026-07-10 17:00:00,1.3411,1.3413,1.3399,1.34,2292,1.341184,1.34131,1.339998,1.339998,0,0.001302,-0.00141,3e-06
2026-07-10 18:00:00,1.34,1.3401,1.3392,1.3399,3737,1.340105,1.340105,1.339334,1.339782,0,0.000767,-0.000905,0.000118
2026-07-10 19:00:00,1.3399,1.34,1.3395,1.3399,1539,1.33989,1.339998,1.339531,1.339998,0,0.000469,-0.000498,-9.8e-05
2026-07-10 20:00:00,1.3399,1.3402,1.3394,1.3398,1591,1.339998,1.340069,1.339477,1.339477,0,0.000723,-0.000669,0.000323
2026-07-12 23:00:00,1.3376,1.3386,1.3373,1.3386,490,1.337542,1.338634,1.33731,1.338634,0,0.00129,-0.001334,-3.4e-05
2026-07-13 00:00:00,1.3386,1.3387,1.3375,1.3375,1186,1.338688,1.338688,1.337632,1.337632,0,0.001068,-0.001188,-0.000132
2026-07-13 01:00:00,1.3376,1.3383,1.3366,1.3383,1055,1.33756,1.338366,1.33697,1.338294,0,0.00133,-0.001766,6e-06
2026-07-13 02:00:00,1.3384,1.3384,1.3377,1.3377,751,1.338437,1.338437,1.337793,1.337882,0,0.000607,-0.000737,-0.000182
2026-07-13 03:00:00,1.3377,1.3379,1.3371,1.3378,514,1.337739,1.337972,1.337238,1.337829,0,0.000662,-0.000872,-2.8e-05
2026-07-13 04:00:00,1.3378,1.3385,1.3376,1.3384,332,1.337882,1.338491,1.337614,1.338473,0,0.000886,-0.000891,-7.3e-05
2026-07-13 05:00:00,1.3384,1.3388,1.3378,1.3379,1039,1.338437,1.33876,1.337882,1.337954,0,0.000918,-0.00096,-5.4e-05
2026-07-13 06:00:00,1.3379,1.3393,1.3375,1.3378,2798,1.338043,1.339244,1.337524,1.337793,0,0.001776,-0.001744,7e-06
2026-07-13 07:00:00,1.3379,1.3395,1.3378,1.3392,4039,1.338007,1.339585,1.3379,1.339351,0,0.0016,-0.001785,-0.000151
2026-07-13 08:00:00,1.3394,1.3412,1.3393,1.3395,3782,1.339369,1.341202,1.339369,1.33998,0,0.001831,-0.001902,-0.00048
2026-07-13 09:00:00,1.3395,1.3396,1.3386,1.3391,2133,1.339495,1.339603,1.338598,1.339065,0,0.001001,-0.001003,3.5e-05
2026-07-13 10:00:00,1.3391,1.3398,1.3382,1.3398,2277,1.339136,1.339692,1.338294,1.339692,0,0.001506,-0.001493,0.000108
2026-07-13 11:00:00,1.3399,1.3402,1.3386,1.3394,3074,1.339998,1.340267,1.338724,1.339423,0,0.001476,-0.001667,-2.3e-05
2026-07-13 12:00:00,1.3393,1.3399,1.3383,1.3399,4200,1.339459,1.339782,1.338491,1.339782,0,0.001409,-0.001482,0.000118
2026-07-13 13:00:00,1.3399,1.3402,1.3384,1.3386,4103,1.340016,1.340016,1.338545,1.338652,0,0.001655,-0.001616,-5.2e-05
2026-07-13 14:00:00,1.3385,1.3388,1.3363,1.3379,13040,1.338563,1.338616,1.336809,1.337506,0,0.001991,-0.002316,0.000394
2026-07-13 15:00:00,1.3378,1.3382,1.337,1.338,4348,1.337918,1.338204,1.337077,1.338169,0,0.001123,-0.001204,-0.000168
2026-07-13 16:00:00,1.338,1.3385,1.3358,1.3363,5831,1.338097,1.338401,1.338025,1.338294,0,0.000475,-0.002601,-0.001994
2026-07-13 17:00:00,1.3363,1.3366,1.3357,1.3358,1776,1.336291,1.336595,1.335791,1.336005,0,0.000809,-0.000895,-0.000205
2026-07-13 18:00:00,1.3358,1.3361,1.3355,1.3361,3050,1.335898,1.33613,1.335541,1.336005,0,0.000558,-0.00063,9.5e-05
2026-07-13 19:00:00,1.3361,1.3361,1.3352,1.3353,2337,1.336059,1.336095,1.335238,1.335363,0,0.000862,-0.000895,-6.3e-05
2026-07-13 20:00:00,1.3353,1.3355,1.3343,1.3348,2640,1.335345,1.335541,1.334989,1.334989,0,0.000511,-0.001241,-0.000189
2026-07-13 22:00:00,1.3348,1.3352,1.3346,1.3349,0,1.334739,1.335345,1.334739,1.334882,0,0.000461,-0.000745,1.8e-05
2026-07-13 23:00:00,1.3348,1.3351,1.3346,1.335,397,1.334864,1.335131,1.334739,1.334989,0,0.000361,-0.000531,1.1e-05
2026-07-14 00:00:00,1.335,1.3357,1.3342,1.3352,1287,1.335078,1.335702,1.334312,1.335434,0,0.001388,-0.001502,-0.000234
2026-07-14 01:00:00,1.3352,1.3357,1.3351,1.3355,779,1.335203,1.335755,1.335203,1.335541,0,0.000497,-0.000655,-4.1e-05
2026-07-14 04:00:00,1.336,1.3362,1.3357,1.3358,246,1.336095,1.336291,1.33588,1.336095,0,0.00032,-0.000591,-0.000295
2026-07-14 05:00:00,1.336,1.337,1.336,1.3363,1360,1.336041,1.33697,1.33597,1.336344,0,0.00103,-0.00097,-4.4e-05
2026-07-14 06:00:00,1.3364,1.3365,1.3353,1.3356,2012,1.336309,1.33647,1.335417,1.33572,0,0.001083,-0.00117,-0.00012
2026-07-14 07:00:00,1.3356,1.3364,1.3351,1.3357,2819,1.335595,1.336434,1.335292,1.335738,0,0.001108,-0.001334,-3.8e-05
2026-07-14 08:00:00,1.3358,1.3377,1.3355,1.3374,2936,1.335755,1.337614,1.335595,1.337489,0,0.002105,-0.002114,-8.9e-05
2026-07-14 09:00:00,1.3375,1.3383,1.3374,1.338,2487,1.337506,1.338366,1.337453,1.338025,0,0.000847,-0.000966,-2.5e-05
2026-07-14 10:00:00,1.3379,1.3382,1.3371,1.3373,1653,1.337972,1.337972,1.337972,1.337972,0,0.000228,-0.000872,-0.000672
2026-07-14 11:00:00,1.3373,1.3387,1.3367,1.3385,2434,1.33731,1.338706,1.336434,1.338437,0,0.002266,-0.002006,6.3e-05
2026-07-14 12:00:00,1.3385,1.3446,1.3381,1.3408,26912,1.338473,1.343833,1.338097,1.340536,0,0.006503,-0.005733,0.000264
2026-07-14 13:00:00,1.3409,1.3419,1.3398,1.3416,11379,1.34086,1.341922,1.340195,1.341796,0,0.001705,-0.002122,-0.000196
2026-07-14 14:00:00,1.3416,1.3422,1.3396,1.3405,15161,1.341544,1.342228,1.339872,1.341094,0,0.002328,-0.002628,-0.000594
2026-07-14 15:00:00,1.3404,1.3413,1.338,1.3382,7625,1.340572,1.340896,1.338151,1.338169,0,0.003149,-0.002896,3.1e-05
2026-07-14 16:00:00,1.3382,1.3391,1.3376,1.3388,4757,1.338294,1.339244,1.337578,1.339011,0,0.001522,-0.001644,-0.000211
2026-07-14 17:00:00,1.3388,1.339,1.3367,1.3377,7597,1.338957,1.339011,1.33697,1.337739,0,0.00203,-0.002311,-3.9e-05
2026-07-14 18:00:00,1.3377,1.3383,1.3371,1.3382,5166,1.337757,1.338384,1.337381,1.337381,0,0.000919,-0.001284,0.000819
2026-07-14 19:00:00,1.3382,1.3391,1.338,1.3387,3710,1.338348,1.339154,1.338187,1.338975,0,0.000914,-0.001154,-0.000275
2026-07-14 20:00:00,1.3387,1.3392,1.3386,1.3391,728,1.338814,1.339208,1.33867,1.339208,0,0.00053,-0.000608,-0.000108
2026-07-14 22:00:00,1.339,1.3393,1.3385,1.339,0,1.338957,1.339513,1.33876,1.339011,0,0.00054,-0.001013,-1.1e-05
2026-07-14 23:00:00,1.339,1.3396,1.339,1.3395,731,1.339136,1.339728,1.3391,1.339621,0,0.0005,-0.000728,-0.000121
2026-07-15 00:00:00,1.3396,1.3403,1.3394,1.3402,2256,1.339621,1.340429,1.339531,1.340429,0,0.000769,-0.001029,-0.000229
2026-07-15 01:00:00,1.3403,1.3406,1.3398,1.3402,1268,1.340501,1.340572,1.33998,1.340249,0,0.00062,-0.000772,-4.9e-05
2026-07-15 02:00:00,1.3401,1.3408,1.34,1.3405,381,1.340267,1.340914,1.340069,1.340734,0,0.000731,-0.000914,-0.000234
2026-07-15 03:00:00,1.3406,1.3408,1.3398,1.3403,486,1.340662,1.340896,1.339926,1.340447,0,0.000874,-0.001096,-0.000147
2026-07-15 04:00:00,1.3402,1.3404,1.3402,1.3402,209,1.340465,1.340572,1.340285,1.340285,0,0.000115,-0.000373,-8.5e-05
2026-07-15 05:00:00,1.3402,1.3414,1.34,1.341,1768,1.340267,1.34059,1.340123,1.340483,0,0.001277,-0.00059,0.000517
2026-07-15 06:00:00,1.3411,1.3419,1.341,1.3415,5667,1.341184,1.342084,1.341184,1.341742,0,0.000716,-0.001084,-0.000242
2026-07-15 07:00:00,1.3414,1.3419,1.3401,1.3402,4145,1.341508,1.341868,1.340249,1.340267,0,0.001651,-0.001768,-6.7e-05
2026-07-15 08:00:00,1.3402,1.3406,1.3391,1.3396,3232,1.340267,1.340734,1.339298,1.339621,0,0.001302,-0.001634,-2.1e-05
2026-07-15 09:00:00,1.3396,1.3398,1.3388,1.339,2212,1.339728,1.339872,1.338957,1.339172,0,0.000843,-0.001072,-0.000172
2026-07-15 10:00:00,1.339,1.3399,1.338,1.3399,3617,1.339136,1.339441,1.338097,1.339441,0,0.001803,-0.001441,0.000459
2026-07-15 11:00:00,1.3399,1.3415,1.3395,1.341,6754,1.339998,1.341508,1.339674,1.341508,0,0.001826,-0.002008,-0.000508
2026-07-15 12:00:00,1.3409,1.3429,1.3403,1.3428,9923,1.341112,1.342967,1.340536,1.342967,0,0.002364,-0.002667,-0.000167
2026-07-15 13:00:00,1.3428,1.3449,1.3421,1.3441,9858,1.342877,1.344827,1.342336,1.34461,0,0.002564,-0.002727,-0.00051
2026-07-15 14:00:00,1.3442,1.3482,1.3438,1.3477,15198,1.344249,1.348145,1.34396,1.348109,0,0.00424,-0.004345,-0.000409
2026-07-15 15:00:00,1.3477,1.3497,1.3471,1.3495,14364,1.347945,1.349473,1.347255,1.349127,0,0.002445,-0.002373,0.000373
2026-07-15 16:00:00,1.3495,1.3528,1.3494,1.3525,14898,1.349601,1.352722,1.349528,1.352704,0,0.003272,-0.003322,-0.000204
2026-07-15 17:00:00,1.3525,1.3549,1.3525,1.3547,11784,1.352612,1.354903,1.352612,1.354885,0,0.002288,-0.002403,-0.000185
2026-07-15 18:00:00,1.3547,1.3558,1.3535,1.3536,11310,1.354867,1.35584,1.353821,1.353821,0,0.001979,-0.00234,-0.000221
2026-07-15 19:00:00,1.3536,1.3544,1.3527,1.3534,5224,1.353675,1.354445,1.353583,1.353583,0,0.000817,-0.001745,-0.000183
2026-07-15 20:00:00,1.3535,1.354,1.3533,1.354,885,1.353546,1.35395,1.353436,1.35395,0,0.000564,-0.00065,5e-05
2026-07-15 22:00:00,1.3539,1.3542,1.3537,1.3538,0,1.354023,1.354243,1.35384,1.35384,0,0.00036,-0.000543,-3.9e-05
2026-07-15 23:00:00,1.3538,1.3544,1.3537,1.3539,751,1.353913,1.354371,1.353748,1.354005,0,0.000652,-0.000671,-0.000105
2026-07-16 00:00:00,1.3539,1.3543,1.3527,1.3533,3636,1.35395,1.354445,1.353052,1.353418,0,0.001248,-0.001745,-0.000118
2026-07-16 01:00:00,1.3533,1.3535,1.3526,1.3527,1472,1.353473,1.353546,1.352649,1.352649,0,0.000851,-0.000946,5.1e-05
2026-07-16 02:00:00,1.3526,1.3526,1.352,1.3526,3141,1.352704,1.352722,1.352046,1.352722,0,0.000554,-0.000722,-0.000122
2026-07-16 03:00:00,1.3526,1.3537,1.3526,1.3531,1729,1.352741,1.35384,1.352631,1.353217,0,0.001069,-0.00124,-0.000117
2026-07-16 04:00:00,1.3532,1.3534,1.3531,1.3532,357,1.353253,1.353473,1.353143,1.353253,0,0.000257,-0.000373,-5.3e-05
2026-07-16 05:00:00,1.3533,1.3541,1.3527,1.3529,2015,1.353381,1.354151,1.352887,1.352887,0,0.001213,-0.001451,1.3e-05
2026-07-16 06:00:00,1.353,1.3541,1.3527,1.3539,3242,1.353162,1.354224,1.353033,1.354005,0,0.001067,-0.001524,-0.000105
2026-07-16 07:00:00,1.354,1.3542,1.3531,1.3532,4998,1.354041,1.354243,1.353235,1.353418,0,0.000965,-0.001143,-0.000218
2026-07-16 08:00:00,1.3533,1.3533,1.3518,1.352,3231,1.353235,1.353381,1.352046,1.352155,0,0.001254,-0.001581,-0.000155
2026-07-16 09:00:00,1.352,1.3521,1.3506,1.3507,4782,1.352155,1.352155,1.35064,1.350895,0,0.00146,-0.001555,-0.000195
2026-07-16 10:00:00,1.3507,1.3509,1.3502,1.3503,2665,1.350804,1.350895,1.35064,1.350767,0,0.00026,-0.000695,-0.000467
2026-07-16 11:00:00,1.3503,1.3506,1.3493,1.3506,6106,1.350366,1.35064,1.349564,1.35064,0,0.001036,-0.00134,-4e-05
2026-07-16 12:00:00,1.3506,1.3515,1.3497,1.3497,9137,1.350713,1.351333,1.349856,1.349892,0,0.001644,-0.001633,-0.000192
2026-07-16 13:00:00,1.3497,1.3516,1.3496,1.3508,7787,1.349856,1.35157,1.349746,1.350895,0,0.001854,-0.001971,-9.5e-05
2026-07-16 14:00:00,1.3507,1.3513,1.3487,1.3488,7986,1.351004,1.351278,1.349018,1.349018,0,0.002282,-0.002578,-0.000218
2026-07-16 15:00:00,1.3487,1.349,1.3479,1.3482,7953,1.348818,1.349091,1.34809,1.348381,0,0.00091,-0.001191,-0.000181
2026-07-16 16:00:00,1.3483,1.3483,1.3465,1.3465,4568,1.348381,1.348381,1.346656,1.346656,0,0.001644,-0.001881,-0.000156
2026-07-16 17:00:00,1.3465,1.3471,1.3459,1.3469,4271,1.346674,1.347201,1.346076,1.347019,0,0.001024,-0.0013,-0.000119
2026-07-16 18:00:00,1.3468,1.3471,1.3463,1.3469,5867,1.347001,1.347001,1.346584,1.346783,0,0.000516,-0.000701,0.000117
2026-07-16 19:00:00,1.347,1.3474,1.3466,1.3474,2438,1.347092,1.3476,1.346765,1.347527,0,0.000635,-0.001,-0.000127
2026-07-16 20:00:00,1.3474,1.348,1.3473,1.3478,878,1.347473,1.348072,1.347455,1.347782,0,0.000545,-0.000772,1.8e-05
2026-07-16 22:00:00,1.3477,1.3477,1.3472,1.3473,0,1.347782,1.347782,1.347219,1.347473,0,0.000481,-0.000582,-0.000173
2026-07-16 23:00:00,1.3473,1.3477,1.3473,1.3477,294,1.347473,1.347909,1.347418,1.347654,0,0.000282,-0.000609,4.6e-05
2026-07-17 00:00:00,1.3477,1.3477,1.3469,1.3476,900,1.347854,1.347854,1.347037,1.347763,0,0.000663,-0.000954,-0.000163
2026-07-17 01:00:00,1.3477,1.3479,1.3463,1.3465,872,1.347727,1.347981,1.346475,1.346566,0,0.001425,-0.001681,-6.6e-05
2026-07-17 02:00:00,1.3466,1.3468,1.3462,1.3463,579,1.346602,1.346928,1.346366,1.346384,0,0.000434,-0.000728,-8.4e-05
2026-07-17 03:00:00,1.3463,1.3469,1.3461,1.3464,958,1.346421,1.346928,1.346348,1.34662,0,0.000552,-0.000828,-0.00022
2026-07-17 04:00:00,1.3464,1.3464,1.3456,1.3458,633,1.346602,1.346602,1.345786,1.345949,0,0.000614,-0.001002,-0.000149
2026-07-17 05:00:00,1.3458,1.3466,1.3456,1.3462,2107,1.345949,1.346656,1.345841,1.34633,0,0.000759,-0.001056,-0.00013
2026-07-17 06:00:00,1.3463,1.3475,1.3459,1.3473,2394,1.346348,1.347473,1.346185,1.347418,0,0.001315,-0.001573,-0.000118
2026-07-17 07:00:00,1.3473,1.348,1.3457,1.3457,4034,1.347382,1.347981,1.346765,1.346765,0,0.001235,-0.002281,-0.001065
2026-07-17 08:00:00,1.3457,1.3461,1.3442,1.3443,3728,1.345804,1.346149,1.344303,1.344411,0,0.001797,-0.001949,-0.000111
2026-07-17 09:00:00,1.3443,1.3444,1.3435,1.3442,3783,1.344339,1.344466,1.343653,1.344194,0,0.000747,-0.000966,6e-06
2026-07-17 10:00:00,1.3441,1.3441,1.3425,1.3431,1855,1.344321,1.344321,1.342714,1.343111,0,0.001386,-0.001821,-1.1e-05
2026-07-17 11:00:00,1.3431,1.3445,1.3427,1.3437,2563,1.343274,1.344701,1.342859,1.343815,0,0.001641,-0.002001,-0.000115
2026-07-17 12:00:00,1.3438,1.3439,1.3427,1.3431,3618,1.343923,1.34405,1.342877,1.343183,0,0.001023,-0.00135,-8.3e-05
2026-07-17 13:00:00,1.3431,1.3451,1.3428,1.345,5081,1.343238,1.343328,1.343238,1.343328,0,0.001863,-0.000528,0.001672
2026-07-17 14:00:00,1.345,1.3454,1.3442,1.3445,8921,1.345153,1.345479,1.344357,1.344357,0,0.001043,-0.001279,0.000143
2026-07-17 15:00:00,1.3445,1.3454,1.3442,1.3444,5223,1.344646,1.34546,1.344375,1.34452,0,0.001025,-0.00126,-0.00012
2026-07-17 16:00:00,1.3444,1.3455,1.3437,1.3455,3464,1.344574,1.345605,1.343905,1.345605,0,0.001595,-0.001905,-0.000105
2026-07-17 17:00:00,1.3455,1.3459,1.345,1.3452,1870,1.345696,1.345877,1.345207,1.345261,0,0.000693,-0.000877,-6.1e-05
2026-07-17 18:00:00,1.3452,1.3456,1.3451,1.3454,3114,1.345352,1.345605,1.345207,1.345479,0,0.000393,-0.000505,-7.9e-05
2026-07-17 19:00:00,1.3453,1.3459,1.3451,1.3458,4506,1.34546,1.345949,1.345243,1.345949,0,0.000657,-0.000849,-0.000149
2026-07-17 20:00:00,1.3458,1.3459,1.3451,1.3454,902,1.345913,1.346004,1.345261,1.345424,0,0.000639,-0.000904,-2.4e-05
2026-07-19 23:00:00,1.3445,1.3445,1.3441,1.3444,328,1.344447,1.344592,1.344231,1.34452,0,0.000269,-0.000492,-0.00012
2026-07-20 00:00:00,1.3445,1.3452,1.3443,1.3449,1018,1.344502,1.345189,1.344466,1.34508,0,0.000734,-0.000889,-0.00018
2026-07-20 01:00:00,1.3451,1.3453,1.3448,1.3453,1441,1.345225,1.345424,1.344936,1.345424,0,0.000364,-0.000624,-0.000124
2026-07-20 02:00:00,1.3453,1.3462,1.3453,1.3458,439,1.345442,1.34633,1.345442,1.34604,0,0.000758,-0.00103,-0.00024
2026-07-20 03:00:00,1.3458,1.3461,1.3457,1.346,207,1.345968,1.346221,1.345823,1.346185,0,0.000277,-0.000521,-0.000185
2026-07-20 04:00:00,1.3459,1.3467,1.3459,1.3465,611,1.346185,1.346801,1.346149,1.346692,0,0.000551,-0.000901,-0.000192
2026-07-20 05:00:00,1.3465,1.3467,1.3463,1.3465,489,1.346674,1.346783,1.346457,1.346711,0,0.000243,-0.000483,-0.000211
2026-07-20 06:00:00,1.3466,1.3468,1.3457,1.3458,1749,1.346692,1.346874,1.345841,1.345841,0,0.000959,-0.001174,-4.1e-05
2026-07-20 07:00:00,1.3458,1.3481,1.3457,1.3475,3477,1.345877,1.348,1.345877,1.347618,0,0.002223,-0.0023,-0.000118
2026-07-20 08:00:00,1.3476,1.3476,1.3465,1.3469,1110,1.347709,1.347709,1.347055,1.347092,0,0.000545,-0.001209,-0.000192
2026-07-20 09:00:00,1.3468,1.3468,1.3457,1.3462,2046,1.346892,1.346892,1.345841,1.346348,0,0.000959,-0.001192,-0.000148
2026-07-20 10:00:00,1.3462,1.3472,1.3458,1.3467,1713,1.346257,1.347382,1.345986,1.347074,0,0.001215,-0.001582,-0.000374
2026-07-20 11:00:00,1.3467,1.3478,1.3461,1.3461,3996,1.34691,1.347709,1.346239,1.346239,0,0.001561,-0.001609,-0.000139
2026-07-20 12:00:00,1.3461,1.3463,1.3448,1.3454,4105,1.346149,1.346384,1.345026,1.345424,0,0.001274,-0.001584,-2.4e-05
2026-07-20 13:00:00,1.3454,1.3458,1.3444,1.3452,3686,1.345569,1.345841,1.34461,1.345352,0,0.00119,-0.001441,-0.000152
2026-07-20 14:00:00,1.3452,1.3456,1.3433,1.3438,5989,1.345442,1.345605,1.344773,1.34537,0,0.000827,-0.002305,-0.00157
2026-07-20 15:00:00,1.3438,1.3438,1.3413,1.3417,15734,1.343165,1.343382,1.34149,1.341958,0,0.00231,-0.002082,-0.000258
2026-07-20 16:00:00,1.3418,1.3422,1.3411,1.3419,6001,1.341868,1.342282,1.341562,1.341976,0,0.000638,-0.001182,-7.6e-05
2026-07-20 17:00:00,1.342,1.3432,1.3418,1.3431,4752,1.342174,1.343292,1.342066,1.343183,0,0.001134,-0.001492,-8.3e-05
2026-07-20 18:00:00,1.3431,1.3438,1.3431,1.3436,4891,1.343219,1.343905,1.343219,1.343364,0,0.000581,-0.000805,0.000236
2026-07-20 19:00:00,1.3436,1.3439,1.3431,1.3435,3673,1.343598,1.34396,1.343274,1.343616,0,0.000626,-0.00086,-0.000116
2026-07-20 20:00:00,1.3434,1.3436,1.3428,1.3429,1415,1.343689,1.343725,1.342967,1.343111,0,0.000633,-0.000925,-0.000211
2026-07-20 22:00:00,1.343,1.343,1.3421,1.3426,0,1.342732,1.342732,1.342354,1.34266,0,0.000646,-0.000632,-6e-05
2026-07-20 23:00:00,1.3425,1.3431,1.3425,1.3431,164,1.342678,1.343183,1.342642,1.343129,0,0.000458,-0.000683,-2.9e-05
2026-07-21 00:00:00,1.343,1.3434,1.3427,1.3431,671,1.343292,1.343526,1.342769,1.343219,0,0.000631,-0.000826,-0.000119
2026-07-21 01:00:00,1.343,1.3437,1.343,1.3435,464,1.343219,1.343689,1.343129,1.343544,0,0.000571,-0.000689,-4.4e-05
2026-07-21 02:00:00,1.3435,1.3438,1.343,1.3431,383,1.343598,1.343869,1.343165,1.343201,0,0.000635,-0.000869,-0.000101
2026-07-21 03:00:00,1.3431,1.3438,1.3428,1.3436,407,1.34331,1.343978,1.343075,1.343743,0,0.000725,-0.001178,-0.000143
2026-07-21 04:00:00,1.3436,1.344,1.3435,1.3439,148,1.343707,1.344122,1.343689,1.34405,0,0.000311,-0.000622,-0.00015
2026-07-21 05:00:00,1.344,1.3445,1.3438,1.3442,1345,1.344104,1.344664,1.343941,1.344357,0,0.000558,-0.000864,-0.000157
2026-07-21 06:00:00,1.3441,1.3453,1.3441,1.3447,2752,1.344483,1.345297,1.344483,1.344845,0,0.000816,-0.001197,-0.000145
2026-07-21 07:00:00,1.3447,1.3455,1.3436,1.344,2930,1.344845,1.345623,1.343743,1.34414,0,0.001757,-0.002023,-0.00014
2026-07-21 08:00:00,1.344,1.3448,1.3427,1.3429,2632,1.344213,1.344303,1.344086,1.344285,0,0.000714,-0.001603,-0.001385
2026-07-21 09:00:00,1.3429,1.3433,1.3424,1.3427,2404,1.342967,1.34331,1.342552,1.342732,0,0.000748,-0.00091,-3.2e-05
2026-07-21 10:00:00,1.3426,1.3433,1.3413,1.3416,4760,1.342534,1.343382,1.341526,1.341832,0,0.001774,-0.002082,-0.000232
2026-07-21 11:00:00,1.3417,1.342,1.3401,1.3405,2906,1.34185,1.342084,1.340231,1.340465,0,0.001769,-0.001984,3.5e-05
2026-07-21 12:00:00,1.3405,1.3406,1.3381,1.3388,8897,1.340644,1.340644,1.338276,1.338975,0,0.002324,-0.002544,-0.000175
2026-07-21 13:00:00,1.3389,1.3395,1.3358,1.3381,16537,1.338867,1.339549,1.336095,1.338061,0,0.003405,-0.003749,3.9e-05
2026-07-21 14:00:00,1.3381,1.3399,1.3365,1.3372,13359,1.338437,1.338849,1.338133,1.338849,0,0.001767,-0.002349,-0.001649
2026-07-21 15:00:00,1.3371,1.3381,1.3368,1.3373,5175,1.337113,1.338025,1.336916,1.33722,0,0.001184,-0.001225,8e-05
2026-07-21 16:00:00,1.3373,1.3384,1.3369,1.3382,2649,1.337345,1.338419,1.337059,1.338366,0,0.001341,-0.001519,-0.000166
2026-07-21 17:00:00,1.3382,1.3387,1.338,1.3384,1447,1.338401,1.338778,1.338115,1.338527,0,0.000585,-0.000778,-0.000127
2026-07-21 18:00:00,1.3384,1.3384,1.3374,1.3381,4663,1.338473,1.338473,1.33756,1.337882,0,0.00084,-0.001073,0.000218
2026-07-21 19:00:00,1.338,1.3384,1.3379,1.338,2379,1.338258,1.338509,1.33799,1.338061,0,0.00041,-0.000609,-6.1e-05
2026-07-21 20:00:00,1.338,1.3381,1.3373,1.3377,795,1.337954,1.338097,1.337399,1.33756,0,0.000701,-0.000797,0.00014
2026-07-21 22:00:00,1.338,1.338,1.3374,1.3374,0,1.337667,1.337811,1.337489,1.337542,0,0.000512,-0.000411,-0.000142
2026-07-21 23:00:00,1.3373,1.3378,1.3373,1.3378,340,1.337453,1.3379,1.337363,1.3379,0,0.000437,-0.0006,-0.0001
2026-07-22 00:00:00,1.3378,1.3387,1.3378,1.3385,1440,1.337864,1.338778,1.337864,1.338598,0,0.000836,-0.000978,-9.8e-05
2026-07-22 01:00:00,1.3385,1.3388,1.3379,1.3383,572,1.338652,1.338778,1.338043,1.338419,0,0.000757,-0.000878,-0.000119
2026-07-22 02:00:00,1.3383,1.339,1.338,1.3385,404,1.33833,1.338921,1.338169,1.338563,0,0.000831,-0.000921,-6.3e-05
2026-07-22 03:00:00,1.3385,1.3386,1.3381,1.3383,292,1.338527,1.338742,1.33824,1.33833,0,0.00036,-0.000642,-3e-05
2026-07-22 04:00:00,1.3382,1.3384,1.3381,1.3384,163,1.33833,1.338545,1.338151,1.338401,0,0.000249,-0.000445,-1e-06
2026-07-22 05:00:00,1.3384,1.3386,1.338,1.3381,1052,1.338419,1.338634,1.338043,1.338133,0,0.000557,-0.000634,-3.3e-05
2026-07-22 06:00:00,1.338,1.3391,1.3368,1.3379,2922,1.338169,1.339029,1.337006,1.337954,0,0.002094,-0.002229,-5.4e-05
2026-07-22 07:00:00,1.338,1.3395,1.3376,1.3382,3657,1.337811,1.339351,1.337721,1.338384,0,0.001779,-0.001751,-0.000184
2026-07-22 08:00:00,1.3383,1.3383,1.3372,1.3373,1918,1.338312,1.338312,1.337846,1.337846,0,0.000454,-0.001112,-0.000546
2026-07-22 09:00:00,1.3373,1.3374,1.3366,1.3369,1560,1.337345,1.337524,1.336809,1.336916,0,0.000591,-0.000924,-1.6e-05
2026-07-22 10:00:00,1.3369,1.3374,1.3365,1.3369,1968,1.337023,1.337345,1.336702,1.337202,0,0.000698,-0.000845,-0.000302
2026-07-22 11:00:00,1.3368,1.3372,1.3364,1.3368,2944,1.337113,1.33731,1.336523,1.336773,0,0.000677,-0.00091,2.7e-05
2026-07-22 12:00:00,1.3368,1.3372,1.3354,1.3359,5212,1.336809,1.337202,1.335809,1.336095,0,0.001391,-0.001802,-0.000195
2026-07-22 13:00:00,1.3359,1.3389,1.3359,1.3387,5341,1.336095,1.338903,1.336095,1.338598,0,0.002805,-0.003003,0.000102
2026-07-22 14:00:00,1.3387,1.3391,1.3373,1.3374,7452,1.338814,1.338921,1.338366,1.338366,0,0.000734,-0.001621,-0.000966
2026-07-22 15:00:00,1.3375,1.338,1.3372,1.3376,3210,1.337471,1.338043,1.337292,1.337596,0,0.000708,-0.000843,4e-06
2026-07-22 16:00:00,1.3376,1.3376,1.3366,1.3373,2382,1.337614,1.337614,1.336648,1.337417,0,0.000952,-0.001014,-0.000117
2026-07-22 17:00:00,1.3373,1.3375,1.3369,1.3371,1551,1.337327,1.337435,1.336898,1.337184,0,0.000602,-0.000535,-8.4e-05
2026-07-22 18:00:00,1.3372,1.3376,1.3369,1.3374,2730,1.337131,1.337345,1.336988,1.337256,0,0.000612,-0.000445,0.000144
2026-07-22 19:00:00,1.3373,1.3374,1.337,1.3374,835,1.337435,1.337489,1.337149,1.337399,0,0.000251,-0.000489,1e-06
2026-07-22 20:00:00,1.3373,1.3377,1.3373,1.3376,524,1.337399,1.337721,1.337399,1.337649,0,0.000301,-0.000421,-4.9e-05
2026-07-22 22:00:00,1.3374,1.3375,1.3368,1.337,0,1.337238,1.337238,1.336827,1.337023,0,0.000673,-0.000438,-2.3e-05
2026-07-22 23:00:00,1.3371,1.3376,1.3371,1.3375,286,1.337167,1.337596,1.337113,1.337542,0,0.000487,-0.000496,-4.2e-05
2026-07-23 00:00:00,1.3375,1.3382,1.3374,1.3382,686,1.337524,1.338133,1.337381,1.338133,0,0.000819,-0.000733,6.7e-05
2026-07-23 01:00:00,1.3382,1.3386,1.338,1.3382,1094,1.338222,1.338598,1.338079,1.338204,0,0.000521,-0.000598,-4e-06
2026-07-23 02:00:00,1.3382,1.339,1.3382,1.339,860,1.338294,1.339065,1.338294,1.339065,0,0.000706,-0.000865,-6.5e-05
2026-07-23 03:00:00,1.339,1.3391,1.3383,1.3389,624,1.339154,1.339154,1.338384,1.338903,0,0.000716,-0.000854,-3e-06
2026-07-23 04:00:00,1.3393,1.3393,1.3384,1.3387,476,1.338832,1.339351,1.338563,1.338724,0,0.000737,-0.000951,-2.4e-05
2026-07-23 05:00:00,1.3387,1.3388,1.3383,1.3386,420,1.33876,1.338814,1.338258,1.338688,0,0.000542,-0.000514,-8.8e-05
2026-07-23 06:00:00,1.3385,1.3391,1.3376,1.3377,1515,1.338688,1.339118,1.337685,1.337757,0,0.001415,-0.001518,-5.7e-05
2026-07-23 07:00:00,1.3377,1.338,1.3367,1.3373,2260,1.337632,1.33799,1.336898,1.337345,0,0.001102,-0.00129,-4.5e-05
2026-07-23 08:00:00,1.3374,1.3377,1.3361,1.3368,2088,1.337453,1.337453,1.337131,1.337184,0,0.000569,-0.001353,-0.000384
2026-07-23 09:00:00,1.3368,1.3377,1.3366,1.3372,2042,1.336809,1.337793,1.336791,1.337149,0,0.000909,-0.001193,5.1e-05
2026-07-23 10:00:00,1.3372,1.3374,1.3361,1.3367,2773,1.337363,1.337363,1.336237,1.336738,0,0.001163,-0.001263,-3.8e-05
2026-07-23 11:00:00,1.3367,1.3369,1.3341,1.3355,7129,1.336809,1.336863,1.334347,1.335666,0,0.002553,-0.002763,-0.000166
2026-07-23 12:00:00,1.3356,1.3356,1.3335,1.3342,5557,1.33547,1.33547,1.333671,1.334205,0,0.001929,-0.00197,-5e-06
2026-07-23 13:00:00,1.3343,1.3344,1.3326,1.3328,9379,1.334294,1.334454,1.332889,1.333031,0,0.001511,-0.001854,-0.000231
2026-07-23 14:00:00,1.3329,1.3331,1.3312,1.332,9912,1.333013,1.333013,1.332285,1.332978,0,0.000815,-0.001813,-0.000978
2026-07-23 15:00:00,1.3321,1.3324,1.3299,1.331,9324,1.331966,1.332339,1.330159,1.331009,0,0.002241,-0.002439,-9e-06
2026-07-23 16:00:00,1.3311,1.3325,1.331,1.3324,5395,1.331079,1.332605,1.331079,1.332445,0,0.001421,-0.001605,-4.5e-05
2026-07-23 17:00:00,1.3324,1.3324,1.3313,1.3314,2765,1.332392,1.332463,1.331434,1.331434,0,0.000966,-0.001163,-3.4e-05
2026-07-23 18:00:00,1.3314,1.3319,1.3313,1.3317,3929,1.331452,1.331877,1.331398,1.3317,0,0.000502,-0.000577,0.0
2026-07-23 19:00:00,1.3316,1.3319,1.3312,1.3317,2730,1.331895,1.331895,1.331274,1.331806,0,0.000626,-0.000695,-0.000106
2026-07-23 20:00:00,1.3317,1.3319,1.3314,1.3315,463,1.331859,1.331966,1.331487,1.331505,0,0.000413,-0.000566,-5e-06
2026-07-23 22:00:00,1.3315,1.332,1.3314,1.3316,0,1.331753,1.331753,1.331363,1.331682,0,0.000637,-0.000353,-8.2e-05
2026-07-23 23:00:00,1.3316,1.3316,1.3311,1.3312,236,1.331682,1.331682,1.331168,1.331345,0,0.000432,-0.000582,-0.000145
2026-07-24 00:00:00,1.3312,1.3324,1.3312,1.3324,1136,1.331274,1.33225,1.331274,1.33225,0,0.001126,-0.00105,0.00015
2026-07-24 01:00:00,1.3325,1.3326,1.332,1.3321,1181,1.332569,1.332711,1.332054,1.33209,0,0.000546,-0.000711,1e-05
2026-07-24 02:00:00,1.3321,1.3322,1.3314,1.3315,457,1.332179,1.332232,1.331452,1.331452,0,0.000749,-0.000832,4.9e-05
2026-07-24 03:00:00,1.3314,1.3315,1.3311,1.3315,770,1.331469,1.331505,1.331115,1.331487,0,0.000385,-0.000405,1.3e-05
2026-07-24 04:00:00,1.3314,1.3315,1.3307,1.331,287,1.331416,1.331505,1.330743,1.331026,0,0.000757,-0.000805,-2.6e-05
2026-07-24 05:00:00,1.3311,1.3317,1.3309,1.3309,735,1.331133,1.3317,1.331026,1.331026,0,0.000674,-0.0008,-0.000126
2026-07-24 06:00:00,1.3308,1.3326,1.3308,1.3326,3580,1.331097,1.332463,1.330955,1.332463,0,0.001645,-0.001663,0.000137
2026-07-24 07:00:00,1.3326,1.3344,1.3323,1.3336,3902,1.332623,1.33449,1.332356,1.333476,0,0.002044,-0.00219,0.000124
2026-07-24 08:00:00,1.3336,1.334,1.3321,1.3322,2717,1.333671,1.333671,1.332126,1.332126,0,0.001874,-0.001571,7.5e-05
2026-07-24 09:00:00,1.3321,1.3323,1.3314,1.3318,2372,1.33209,1.33225,1.331452,1.331771,0,0.000848,-0.00085,2.9e-05
2026-07-24 10:00:00,1.3319,1.3329,1.3314,1.3323,2376,1.331913,1.332924,1.331434,1.332374,0,0.001466,-0.001524,-7.4e-05
2026-07-24 11:00:00,1.3322,1.3328,1.3315,1.3323,2261,1.332179,1.332818,1.331469,1.332303,0,0.001331,-0.001318,-3e-06
2026-07-24 12:00:00,1.3324,1.3326,1.3306,1.3311,3087,1.332534,1.332569,1.330654,1.331062,0,0.001946,-0.001969,3.8e-05
2026-07-24 13:00:00,1.3311,1.3328,1.3306,1.3326,4667,1.331257,1.331434,1.33069,1.331363,0,0.00211,-0.000834,0.001237
2026-07-24 14:00:00,1.3326,1.3336,1.332,1.3327,7050,1.332711,1.333369,1.332143,1.332836,0,0.001457,-0.001369,-0.000136
2026-07-24 15:00:00,1.3328,1.335,1.3325,1.3342,7770,1.332552,1.334793,1.332552,1.334116,0,0.002448,-0.002293,8.4e-05
2026-07-24 16:00:00,1.3342,1.3345,1.3332,1.3333,2914,1.334223,1.334543,1.333244,1.333422,0,0.001256,-0.001343,-0.000122
2026-07-24 17:00:00,1.3333,1.3333,1.3322,1.3326,2087,1.333315,1.333315,1.332232,1.332552,0,0.001068,-0.001115,4.8e-05
2026-07-24 18:00:00,1.3326,1.3329,1.3324,1.3325,3482,1.332552,1.332978,1.332445,1.332729,0,0.000455,-0.000578,-0.000229
2026-07-24 19:00:00,1.3325,1.3328,1.3321,1.3321,6536,1.332782,1.332782,1.332232,1.33225,0,0.000568,-0.000682,-0.00015
2026-07-24 20:00:00,1.3321,1.3325,1.3317,1.3322,2990,1.332214,1.332392,1.331735,1.332392,0,0.000765,-0.000692,-0.000192
2026-07-26 23:00:00,1.3344,1.3353,1.3343,1.3351,649,1.334437,1.335185,1.334258,1.335185,0,0.001042,-0.000885,-8.5e-05
2026-07-27 00:00:00,1.3352,1.3363,1.3351,1.3352,3072,1.335363,1.336309,1.335078,1.335078,0,0.001222,-0.001209,0.000122
2026-07-27 01:00:00,1.3352,1.3364,1.3352,1.3364,654,1.335327,1.336344,1.335292,1.336344,0,0.001108,-0.001145,5.6e-05
2026-07-27 02:00:00,1.3364,1.3364,1.3355,1.3356,347,1.33638,1.33638,1.335559,1.335631,0,0.000841,-0.00088,-3.1e-05
2026-07-27 03:00:00,1.3356,1.3356,1.3351,1.3353,449,1.335684,1.335684,1.335113,1.335185,0,0.000487,-0.000584,0.000115
2026-07-27 04:00:00,1.3353,1.3356,1.335,1.3354,190,1.33531,1.335541,1.335096,1.335292,0,0.000504,-0.000541,0.000108
2026-07-27 05:00:00,1.3352,1.3357,1.3351,1.3353,445,1.33506,1.335631,1.33506,1.335381,0,0.00064,-0.000531,-8.1e-05
2026-07-27 06:00:00,1.3353,1.3361,1.3349,1.335,2015,1.335417,1.336112,1.334935,1.33506,0,0.001165,-0.001212,-6e-05
2026-07-27 07:00:00,1.335,1.3352,1.3335,1.3335,3909,1.335078,1.335274,1.333867,1.333867,0,0.001333,-0.001774,-0.000367
2026-07-27 08:00:00,1.3335,1.3341,1.3331,1.3339,2673,1.333742,1.333885,1.333084,1.333547,0,0.001016,-0.000785,0.000353
2026-07-27 09:00:00,1.3338,1.3342,1.3331,1.3332,1443,1.33376,1.334134,1.333067,1.33328,0,0.001133,-0.001034,-8e-05
2026-07-27 10:00:00,1.333,1.3337,1.3317,1.3319,2656,1.333067,1.333653,1.331771,1.331771,0,0.001929,-0.001953,0.000129
2026-07-27 11:00:00,1.3319,1.3322,1.3311,1.3314,2930,1.331859,1.332143,1.331133,1.331398,0,0.001068,-0.001043,2e-06
2026-07-27 12:00:00,1.3315,1.3318,1.3305,1.3315,3373,1.331522,1.331824,1.330513,1.331735,0,0.001287,-0.001324,-0.000235
2026-07-27 13:00:00,1.3315,1.3322,1.3309,1.3311,4089,1.331345,1.332037,1.330955,1.330973,0,0.001245,-0.001137,0.000127
2026-07-27 14:00:00,1.3311,1.3318,1.3299,1.3304,6416,1.330637,1.331735,1.330123,1.330247,0,0.001677,-0.001835,0.000153
2026-07-27 15:00:00,1.3303,1.3308,1.3301,1.3303,5083,1.330336,1.33053,1.330123,1.330495,0,0.000677,-0.00043,-0.000195
2026-07-27 16:00:00,1.3303,1.3315,1.33,1.3304,4196,1.330336,1.331363,1.330052,1.330424,0,0.001448,-0.001363,-2.4e-05
2026-07-27 17:00:00,1.3304,1.3304,1.3285,1.3291,4871,1.330318,1.330353,1.328498,1.329186,0,0.001902,-0.001853,-8.6e-05
2026-07-27 18:00:00,1.3291,1.3295,1.3287,1.3289,6610,1.329116,1.329275,1.328727,1.328727,0,0.000773,-0.000575,0.000173
2026-07-27 19:00:00,1.3288,1.3297,1.3288,1.3293,2366,1.329186,1.329716,1.328904,1.329328,0,0.000796,-0.000916,-2.8e-05
2026-07-27 20:00:00,1.3292,1.3293,1.3287,1.3287,1035,1.329222,1.329292,1.328621,1.328939,0,0.000679,-0.000592,-0.000239
2026-07-27 22:00:00,1.3291,1.3292,1.3288,1.3289,0,1.329151,1.329204,1.328833,1.328904,0,0.000367,-0.000404,-4e-06
2026-07-27 23:00:00,1.3288,1.3291,1.3288,1.3291,501,1.328886,1.329133,1.328745,1.329027,0,0.000355,-0.000333,7.3e-05
2026-07-28 00:00:00,1.329,1.3294,1.3286,1.3294,1614,1.328957,1.329363,1.328656,1.329328,0,0.000744,-0.000763,7.2e-05
2026-07-28 01:00:00,1.3294,1.3299,1.3291,1.3292,1487,1.329345,1.329823,1.329063,1.329239,0,0.000837,-0.000723,-3.9e-05
2026-07-28 02:00:00,1.3293,1.3301,1.3291,1.3299,523,1.329275,1.330035,1.329133,1.329929,0,0.000967,-0.000935,-2.9e-05
2026-07-28 03:00:00,1.33,1.3305,1.3296,1.3298,626,1.329929,1.33046,1.329628,1.329858,0,0.000872,-0.00086,-5.8e-05
2026-07-28 04:00:00,1.3296,1.3297,1.3292,1.3294,257,1.329752,1.329752,1.329292,1.329469,0,0.000408,-0.000552,-6.9e-05
2026-07-28 05:00:00,1.3294,1.3296,1.3287,1.3289,1198,1.329557,1.329557,1.328674,1.328833,0,0.000926,-0.000857,6.7e-05
2026-07-28 06:00:00,1.3288,1.3302,1.3287,1.3299,3686,1.328939,1.330141,1.328709,1.329982,0,0.001491,-0.001441,-8.2e-05
2026-07-28 07:00:00,1.3299,1.3306,1.3292,1.3293,3849,1.329646,1.330513,1.329257,1.32931,0,0.001343,-0.001313,-1e-05
2026-07-28 08:00:00,1.3293,1.3306,1.3293,1.3303,2351,1.329398,1.330495,1.329363,1.330247,0,0.001237,-0.001195,5.3e-05
2026-07-28 09:00:00,1.3303,1.3303,1.328,1.3281,2461,1.330336,1.330353,1.328092,1.328145,0,0.002208,-0.002353,-4.5e-05
2026-07-28 10:00:00,1.328,1.3283,1.3274,1.328,4671,1.327915,1.32818,1.327422,1.327951,0,0.000878,-0.00078,4.9e-05
2026-07-28 11:00:00,1.3281,1.3284,1.3274,1.328,4577,1.328127,1.328321,1.327528,1.328109,0,0.000872,-0.000921,-0.000109
2026-07-28 12:00:00,1.3281,1.3301,1.328,1.3298,5822,1.328092,1.329946,1.327968,1.329946,0,0.002132,-0.001946,-0.000146
2026-07-28 13:00:00,1.3299,1.3304,1.3296,1.3302,5080,1.32984,1.330353,1.329557,1.33007,0,0.000843,-0.000753,0.00013
2026-07-28 14:00:00,1.3302,1.3303,1.3286,1.3293,9629,1.330159,1.330176,1.32878,1.329204,0,0.00152,-0.001576,9.6e-05
2026-07-28 15:00:00,1.3292,1.3311,1.329,1.331,8677,1.329363,1.331133,1.328957,1.330867,0,0.002143,-0.002133,0.000133
2026-07-28 16:00:00,1.331,1.3311,1.3301,1.3302,3003,1.33092,1.331079,1.330159,1.330159,0,0.000941,-0.000979,4.1e-05
2026-07-28 17:00:00,1.3302,1.3306,1.3292,1.3292,2004,1.330176,1.330495,1.329222,1.329222,0,0.001378,-0.001295,-2.2e-05
2026-07-28 18:00:00,1.3293,1.3294,1.3288,1.329,3042,1.329239,1.329292,1.328745,1.329116,0,0.000655,-0.000492,-0.000116
2026-07-28 19:00:00,1.3289,1.3296,1.3288,1.3289,2097,1.328921,1.329557,1.328868,1.328868,0,0.000732,-0.000757,3.2e-05
2026-07-28 20:00:00,1.3288,1.3292,1.3287,1.3289,2140,1.328815,1.329151,1.328727,1.328904,0,0.000473,-0.000451,-4e-06
2026-07-28 22:00:00,1.3289,1.3292,1.3283,1.3284,0,1.328939,1.329169,1.328409,1.328551,0,0.000791,-0.000869,-0.000151
2026-07-28 23:00:00,1.3284,1.3288,1.3282,1.3287,269,1.328374,1.328727,1.328092,1.328621,0,0.000708,-0.000527,7.9e-05
2026-07-29 00:00:00,1.3287,1.3294,1.3283,1.3293,1878,1.328568,1.329345,1.328445,1.329345,0,0.000955,-0.001045,-4.5e-05
2026-07-29 01:00:00,1.3293,1.3294,1.3283,1.329,1208,1.329292,1.329469,1.328268,1.328921,0,0.001132,-0.001169,7.9e-05
2026-07-29 02:00:00,1.3289,1.3298,1.3288,1.3295,669,1.328974,1.329805,1.328868,1.329487,0,0.000932,-0.001005,1.3e-05
2026-07-29 03:00:00,1.3295,1.3299,1.3294,1.3295,639,1.329434,1.329982,1.329434,1.329504,0,0.000466,-0.000582,-4e-06
2026-07-29 04:00:00,1.3297,1.3302,1.3297,1.3298,656,1.329575,1.330176,1.329575,1.329858,0,0.000625,-0.000476,-5.8e-05
2026-07-29 05:00:00,1.3298,1.3303,1.3297,1.3299,677,1.329876,1.330212,1.329752,1.329964,0,0.000548,-0.000512,-6.4e-05
2026-07-29 06:00:00,1.3299,1.3305,1.3295,1.3298,2247,1.330088,1.330353,1.329522,1.329752,0,0.000978,-0.000853,4.8e-05
2026-07-29 07:00:00,1.3297,1.3307,1.3296,1.3302,3070,1.329734,1.330707,1.329663,1.330265,0,0.001037,-0.001107,-6.5e-05
2026-07-29 08:00:00,1.3302,1.331,1.3298,1.3306,15186,1.330265,1.330938,1.329787,1.330938,0,0.001213,-0.001138,-0.000338
2026-07-29 09:00:00,1.3306,1.3306,1.3296,1.3298,1414,1.33046,1.330566,1.329628,1.329823,0,0.000972,-0.000966,-2.3e-05
2026-07-29 10:00:00,1.3297,1.3297,1.3289,1.3291,3621,1.32961,1.329646,1.328921,1.329116,0,0.000779,-0.000746,-1.6e-05
2026-07-29 11:00:00,1.3292,1.3298,1.329,1.3293,1423,1.329151,1.329805,1.329151,1.329186,0,0.000649,-0.000805,0.000114
2026-07-29 12:00:00,1.3294,1.3295,1.328,1.3284,3836,1.329381,1.329381,1.328057,1.328356,0,0.001443,-0.001381,4.4e-05
2026-07-29 13:00:00,1.3285,1.3295,1.3281,1.3294,5661,1.328551,1.329363,1.328233,1.32931,0,0.001267,-0.001263,9e-05
2026-07-29 14:00:00,1.3295,1.3305,1.3282,1.3287,11156,1.32954,1.329681,1.329222,1.329222,0,0.001278,-0.001481,-0.000522
2026-07-29 15:00:00,1.3287,1.3293,1.3283,1.3287,5284,1.328851,1.32931,1.328427,1.328762,0,0.000873,-0.00101,-6.2e-05
2026-07-29 16:00:00,1.3287,1.3289,1.328,1.3289,2127,1.328692,1.328851,1.328092,1.328851,0,0.000808,-0.000851,4.9e-05
2026-07-29 17:00:00,1.3289,1.3307,1.3288,1.3302,8401,1.328957,1.33069,1.328868,1.33023,0,0.001832,-0.00189,-3e-05
2026-07-29 18:00:00,1.3301,1.3366,1.3294,1.3365,21142,1.332481,1.334205,1.331753,1.331753,0,0.004847,-0.004805,0.004747
2026-07-29 19:00:00,1.3364,1.3387,1.3345,1.3345,9854,1.336702,1.338581,1.335149,1.335791,0,0.003551,-0.004081,-0.001291
2026-07-29 20:00:00,1.3346,1.3368,1.3341,1.3366,2820,1.334579,1.336916,1.334401,1.336827,0,0.002399,-0.002816,-0.000227
2026-07-29 22:00:00,1.336,1.337,1.3359,1.3368,0,1.336523,1.336988,1.336505,1.33697,0,0.000495,-0.001088,-0.00017
2026-07-29 23:00:00,1.3368,1.3375,1.3364,1.3366,601,1.337095,1.33756,1.336505,1.336738,0,0.000995,-0.00116,-0.000138
2026-07-30 00:00:00,1.3366,1.3367,1.3352,1.3355,1344,1.336773,1.336791,1.335399,1.335541,0,0.001301,-0.001591,-4.1e-05
2026-07-30 01:00:00,1.3355,1.3358,1.3351,1.3351,974,1.335541,1.33597,1.335256,1.335292,0,0.000544,-0.00087,-0.000192
2026-07-30 02:00:00,1.3352,1.3355,1.3348,1.3348,950,1.335434,1.335631,1.334935,1.334989,0,0.000565,-0.000831,-0.000189
2026-07-30 03:00:00,1.3348,1.3349,1.3342,1.3345,663,1.334989,1.335007,1.334294,1.334632,0,0.000606,-0.000807,-0.000132
2026-07-30 04:00:00,1.3346,1.3349,1.3343,1.3343,422,1.334472,1.334971,1.334383,1.334472,0,0.000517,-0.000671,-0.000172
2026-07-30 05:00:00,1.3343,1.3356,1.3342,1.3348,1221,1.33449,1.335631,1.33449,1.3349,0,0.00111,-0.001431,-0.0001
2026-07-30 06:00:00,1.3349,1.3352,1.3333,1.3341,3056,1.335185,1.335185,1.333404,1.334205,0,0.001796,-0.001885,-0.000105
2026-07-30 07:00:00,1.3342,1.335,1.3336,1.3338,3695,1.334526,1.335096,1.33376,1.333938,0,0.00124,-0.001496,-0.000138
2026-07-30 08:00:00,1.3338,1.3362,1.3337,1.3355,2935,1.334169,1.334561,1.333956,1.334561,0,0.002244,-0.000861,0.000939
2026-07-30 09:00:00,1.3356,1.3384,1.3356,1.338,4207,1.335666,1.338437,1.335666,1.338043,0,0.002734,-0.002837,-4.3e-05
2026-07-30 10:00:00,1.3379,1.3406,1.3375,1.3389,7256,1.33799,1.340554,1.337793,1.339154,0,0.002807,-0.003054,-0.000254
2026-07-30 11:00:00,1.3391,1.3405,1.3373,1.3388,6222,1.33971,1.33971,1.337417,1.338706,0,0.003083,-0.00241,9.4e-05
2026-07-30 12:00:00,1.3388,1.3395,1.3367,1.3371,10517,1.338921,1.339567,1.337023,1.337345,0,0.002476,-0.002867,-0.000245
2026-07-30 13:00:00,1.3371,1.3428,1.3366,1.3427,22454,1.337256,1.342642,1.336934,1.342642,0,0.005866,-0.006042,5.8e-05
2026-07-30 14:00:00,1.3427,1.3448,1.3423,1.3424,27926,1.342823,1.344592,1.342823,1.344592,0,0.001977,-0.002292,-0.002192
2026-07-30 15:00:00,1.3424,1.3463,1.342,1.3459,8588,1.342444,1.346294,1.3423,1.345949,0,0.004,-0.004294,-4.9e-05
2026-07-30 16:00:00,1.3459,1.347,1.3457,1.3464,5631,1.34633,1.347037,1.345804,1.34633,0,0.001196,-0.001337,7e-05
2026-07-30 17:00:00,1.3465,1.3472,1.3454,1.3471,6991,1.346566,1.347182,1.345732,1.347146,0,0.001468,-0.001782,-4.6e-05
2026-07-30 18:00:00,1.3471,1.3476,1.3465,1.3475,5013,1.347436,1.347436,1.346674,1.347146,0,0.000926,-0.000936,0.000354
2026-07-30 19:00:00,1.3476,1.3476,1.3467,1.3469,3470,1.347636,1.347654,1.346892,1.347164,0,0.000708,-0.000954,-0.000264
2026-07-30 20:00:00,1.347,1.3472,1.3464,1.3467,1729,1.346946,1.347255,1.346493,1.346602,0,0.000707,-0.000855,9.8e-05
2026-07-30 22:00:00,1.3467,1.3471,1.3464,1.3468,0,1.346493,1.347037,1.346493,1.346692,0,0.000607,-0.000637,0.000108
2026-07-30 23:00:00,1.3467,1.347,1.3459,1.3461,926,1.34691,1.346965,1.34604,1.346112,0,0.00096,-0.001065,-1.3e-05
2026-07-31 00:00:00,1.3461,1.3465,1.3453,1.3458,3000,1.346112,1.346529,1.345424,1.345895,0,0.001076,-0.001229,-9.5e-05
2026-07-31 01:00:00,1.3459,1.3463,1.3448,1.3451,2107,1.34604,1.346257,1.344936,1.345135,0,0.001364,-0.001457,-3.5e-05
2026-07-31 02:00:00,1.345,1.3459,1.3449,1.3451,1283,1.345153,1.345968,1.345044,1.345062,0,0.000856,-0.001068,3.8e-05
2026-07-31 03:00:00,1.345,1.3452,1.3445,1.3451,1787,1.345062,1.345171,1.344592,1.345171,0,0.000608,-0.000671,-7.1e-05
2026-07-31 04:00:00,1.345,1.3451,1.3442,1.3446,841,1.345171,1.345261,1.344357,1.34461,0,0.000743,-0.001061,-1e-05
2026-07-31 05:00:00,1.3445,1.3448,1.344,1.3443,1181,1.344574,1.344954,1.344122,1.344411,0,0.000678,-0.000954,-0.000111
2026-07-31 06:00:00,1.3443,1.3461,1.3442,1.345,4275,1.344411,1.345479,1.344411,1.345352,0,0.001689,-0.001279,-0.000352
2026-07-31 07:00:00,1.3451,1.3462,1.3445,1.3452,4866,1.345207,1.346167,1.34461,1.345279,0,0.00159,-0.001667,-7.9e-05
2026-07-31 08:00:00,1.3452,1.3464,1.3435,1.3459,5361,1.345243,1.346257,1.343616,1.346257,0,0.002784,-0.002757,-0.000357
2026-07-31 09:00:00,1.3458,1.3468,1.3446,1.345,5820,1.346239,1.34682,1.344701,1.344954,0,0.002099,-0.00222,4.6e-05
2026-07-31 10:00:00,1.3449,1.3452,1.3443,1.3444,2528,1.344918,1.345116,1.344411,1.344574,0,0.000789,-0.000816,-0.000174
2026-07-31 11:00:00,1.3444,1.3444,1.3417,1.3418,6947,1.344285,1.344447,1.341922,1.341958,0,0.002478,-0.002748,-0.000158
2026-07-31 12:00:00,1.3418,1.3428,1.3413,1.342,4435,1.341706,1.342841,1.34167,1.342228,0,0.00113,-0.001541,-0.000228
2026-07-31 13:00:00,1.342,1.3432,1.34,1.3408,16536,1.342192,1.343201,1.340321,1.340878,0,0.002879,-0.003201,-7.8e-05
2026-07-31 14:00:00,1.3409,1.3461,1.3402,1.3456,21292,1.340788,1.341616,1.340554,1.341616,0,0.005545,-0.001416,0.003984
2026-07-31 15:00:00,1.3455,1.3473,1.3454,1.3467,10018,1.345968,1.347201,1.345587,1.346874,0,0.001713,-0.001801,-0.000174
2026-07-31 16:00:00,1.3467,1.347,1.3462,1.3465,2717,1.346838,1.346928,1.346276,1.346638,0,0.000724,-0.000728,-0.000138
2026-07-31 17:00:00,1.3465,1.3487,1.3465,1.3483,7802,1.346584,1.3488,1.346547,1.348509,0,0.002153,-0.0023,-0.000209
2026-07-31 18:00:00,1.3482,1.3488,1.3474,1.3482,6774,1.348381,1.348709,1.347582,1.347636,0,0.001218,-0.001309,0.000564
2026-07-31 19:00:00,1.3483,1.3487,1.3476,1.3477,3233,1.348527,1.348618,1.347745,1.347745,0,0.000955,-0.001018,-4.5e-05
2026-07-31 20:00:00,1.3477,1.3494,1.3473,1.3478,7153,1.347618,1.3494,1.347346,1.348345,0,0.002054,-0.0021,-0.000545
2026-08-02 23:00:00,1.3495,1.3497,1.3488,1.3491,1048,1.349546,1.349601,1.348927,1.349145,0,0.000773,-0.000801,-4.5e-05
2026-08-03 00:00:00,1.3491,1.3502,1.3483,1.3487,7107,1.348963,1.350293,1.348418,1.3488,0,0.001782,-0.001993,-0.0001
2026-08-03 01:00:00,1.3486,1.3491,1.347,1.3473,3221,1.348636,1.348854,1.347128,1.347436,0,0.001972,-0.001854,-0.000136
2026-08-03 02:00:00,1.3474,1.3476,1.3469,1.347,1086,1.347436,1.347654,1.346965,1.347074,0,0.000635,-0.000754,-7.4e-05
2026-08-03 03:00:00,1.347,1.347,1.3463,1.3466,917,1.347019,1.347019,1.346547,1.346838,0,0.000453,-0.000719,-0.000238
2026-08-03 04:00:00,1.3466,1.3474,1.3466,1.3471,379,1.346874,1.347346,1.346747,1.347273,0,0.000653,-0.000746,-0.000173
2026-08-03 05:00:00,1.3472,1.3477,1.347,1.3476,536,1.347328,1.347727,1.347037,1.347709,0,0.000663,-0.000727,-0.000109
2026-08-03 06:00:00,1.3476,1.3478,1.3458,1.346,1782,1.347709,1.347818,1.345877,1.346022,0,0.001923,-0.002018,-2.2e-05
2026-08-03 07:00:00,1.346,1.347,1.3452,1.3461,3073,1.346348,1.347019,1.345497,1.346185,0,0.001503,-0.001819,-8.5e-05
2026-08-03 08:00:00,1.346,1.3462,1.3454,1.3455,2142,1.345949,1.346257,1.345533,1.345533,0,0.000667,-0.000857,-3.3e-05
2026-08-03 09:00:00,1.3454,1.3459,1.3449,1.345,1629,1.345641,1.345859,1.345026,1.345062,0,0.000874,-0.000959,-6.2e-05
2026-08-03 10:00:00,1.3449,1.3462,1.3447,1.3459,2340,1.344881,1.346276,1.344881,1.346004,0,0.001319,-0.001576,-0.000104
2026-08-03 11:00:00,1.3459,1.3468,1.3456,1.3467,1890,1.346185,1.34682,1.345641,1.34682,0,0.001158,-0.00122,-0.00012
2026-08-03 12:00:00,1.3467,1.3471,1.3457,1.3464,2819,1.346856,1.347182,1.345931,1.346439,0,0.001169,-0.001482,-3.9e-05
2026-08-03 13:00:00,1.3464,1.3467,1.3447,1.3451,4553,1.346475,1.346656,1.344845,1.345243,0,0.001855,-0.001956,-0.000143
2026-08-03 14:00:00,1.345,1.3456,1.3437,1.3437,8517,1.344863,1.345641,1.343815,1.343815,0,0.001785,-0.001941,-0.000115
2026-08-03 15:00:00,1.3438,1.3438,1.3423,1.3434,6505,1.343616,1.343616,1.342552,1.342877,0,0.001248,-0.001316,0.000523
2026-08-03 16:00:00,1.3433,1.3435,1.3425,1.3425,2519,1.343364,1.343653,1.342552,1.342552,0,0.000948,-0.001153,-5.2e-05
2026-08-03 17:00:00,1.3424,1.3426,1.3418,1.3418,2072,1.34248,1.342714,1.342372,1.342372,0,0.000228,-0.000914,-0.000572
2026-08-03 18:00:00,1.3419,1.3432,1.3417,1.3431,7712,1.341958,1.343274,1.341868,1.343129,0,0.001332,-0.001574,-2.9e-05
2026-08-03 19:00:00,1.3431,1.3434,1.3429,1.3431,1889,1.343256,1.343274,1.343256,1.343274,0,0.000144,-0.000374,-0.000174
2026-08-03 20:00:00,1.3431,1.3434,1.3427,1.3432,1323,1.343129,1.3434,1.342859,1.343364,0,0.000541,-0.0007,-0.000164
2026-08-03 22:00:00,1.3432,1.3432,1.3427,1.3429,0,1.343183,1.343183,1.342823,1.343093,0,0.000377,-0.000483,-0.000193
2026-08-03 23:00:00,1.3429,1.3431,1.3424,1.3427,521,1.343129,1.343165,1.342588,1.34275,0,0.000512,-0.000765,-5e-05
2026-08-04 00:00:00,1.3427,1.3432,1.3423,1.3423,896,1.342769,1.343238,1.34275,1.343201,0,0.00045,-0.000937,-0.000901
2026-08-04 01:00:00,1.3423,1.343,1.342,1.3429,487,1.342318,1.343165,1.341994,1.342841,0,0.001006,-0.001165,5.9e-05
2026-08-04 02:00:00,1.3427,1.3432,1.3426,1.3426,435,1.342949,1.34331,1.342642,1.342805,0,0.000558,-0.00071,-0.000205
2026-08-04 03:00:00,1.3427,1.3432,1.3425,1.3426,363,1.343165,1.343219,1.342588,1.342732,0,0.000612,-0.000719,-0.000132
2026-08-04 04:00:00,1.3424,1.3426,1.3423,1.3426,126,1.342696,1.342714,1.342444,1.342678,0,0.000156,-0.000414,-7.8e-05
2026-08-04 05:00:00,1.3425,1.3426,1.3418,1.3424,951,1.342642,1.34266,1.34203,1.342516,0,0.00057,-0.00086,-0.000116
2026-08-04 06:00:00,1.3424,1.3431,1.3422,1.3428,2080,1.342588,1.343238,1.342354,1.343183,0,0.000746,-0.001037,-0.000383
2026-08-04 07:00:00,1.3428,1.3438,1.3427,1.3436,2221,1.343111,1.343905,1.342985,1.343671,0,0.000815,-0.001205,-7.1e-05
2026-08-04 08:00:00,1.3435,1.3442,1.3433,1.3441,1652,1.343707,1.344267,1.343364,1.344267,0,0.000836,-0.000967,-0.000167
2026-08-04 09:00:00,1.3442,1.3442,1.3436,1.3441,2308,1.344231,1.344231,1.343743,1.344068,0,0.000457,-0.00063,3.2e-05
2026-08-04 10:00:00,1.3441,1.3448,1.3437,1.3443,1964,1.344194,1.344899,1.343851,1.344303,0,0.000949,-0.001199,-3e-06
2026-08-04 11:00:00,1.3442,1.3454,1.344,1.3447,2906,1.344176,1.345424,1.344158,1.344719,0,0.001242,-0.001424,-1.9e-05
2026-08-04 12:00:00,1.3446,1.3453,1.3442,1.3442,4050,1.344791,1.344881,1.34452,1.344755,0,0.00078,-0.000681,-0.000555
2026-08-04 13:00:00,1.3443,1.3452,1.3437,1.3447,9100,1.344357,1.345153,1.343905,1.344755,0,0.001294,-0.001453,-5.5e-05
2026-08-04 14:00:00,1.3448,1.3455,1.3442,1.3446,5928,1.344809,1.345551,1.344646,1.345044,0,0.000854,-0.001351,-0.000444
2026-08-04 15:00:00,1.3446,1.3456,1.3442,1.3454,3351,1.344719,1.345569,1.344267,1.345442,0,0.001333,-0.001369,-4.2e-05
2026-08-04 16:00:00,1.3454,1.3455,1.3445,1.3446,1696,1.34546,1.345623,1.344899,1.345334,0,0.000601,-0.001123,-0.000734
2026-08-04 17:00:00,1.3446,1.3448,1.3441,1.3443,4337,1.344863,1.344881,1.344158,1.344429,0,0.000642,-0.000781,-0.000129
2026-08-04 18:00:00,1.3443,1.3452,1.3439,1.3451,4247,1.344447,1.344502,1.344122,1.344285,0,0.001078,-0.000602,0.000815
2026-08-04 19:00:00,1.3451,1.3453,1.3448,1.3449,1737,1.345261,1.345388,1.344954,1.34508,0,0.000346,-0.000588,-0.00018
2026-08-04 20:00:00,1.345,1.3454,1.3449,1.3452,613,1.345189,1.345279,1.345153,1.345225,0,0.000247,-0.000379,-2.5e-05
2026-08-04 22:00:00,1.3452,1.3453,1.3448,1.345,0,1.345243,1.345316,1.344881,1.345153,0,0.000419,-0.000516,-0.000153
2026-08-04 23:00:00,1.345,1.3452,1.3447,1.345,681,1.345153,1.345225,1.344827,1.345135,0,0.000373,-0.000525,-0.000135
2026-08-05 00:00:00,1.345,1.3455,1.3448,1.345,865,1.345044,1.345587,1.34499,1.345098,0,0.00051,-0.000787,-9.8e-05
2026-08-05 01:00:00,1.345,1.345,1.3444,1.3445,682,1.34499,1.345135,1.344502,1.34461,0,0.000498,-0.000735,-0.00011
2026-08-05 02:00:00,1.3446,1.3458,1.3446,1.3453,420,1.344664,1.345008,1.344664,1.344972,0,0.001136,-0.000408,0.000328
2026-08-05 03:00:00,1.3454,1.3459,1.3454,1.3455,363,1.345533,1.346004,1.345533,1.345623,0,0.000367,-0.000604,-0.000123
2026-08-05 04:00:00,1.3457,1.3459,1.3454,1.3454,161,1.345659,1.346004,1.345442,1.345533,0,0.000458,-0.000604,-0.000133
2026-08-05 05:00:00,1.3454,1.3457,1.3451,1.3456,482,1.345533,1.345696,1.345207,1.345659,0,0.000493,-0.000596,-5.9e-05
2026-08-05 06:00:00,1.3455,1.3467,1.345,1.3467,1492,1.345587,1.346783,1.345171,1.346783,0,0.001529,-0.001783,-8.3e-05
2026-08-05 07:00:00,1.3467,1.3469,1.3457,1.3467,2388,1.346783,1.346801,1.345823,1.346801,0,0.001077,-0.001101,-0.000101
2026-08-05 08:00:00,1.3467,1.347,1.3453,1.3456,2528,1.346965,1.346983,1.346257,1.346692,0,0.000743,-0.001683,-0.001092
2026-08-05 09:00:00,1.3456,1.3467,1.3455,1.3466,1464,1.345949,1.346747,1.345623,1.346729,0,0.001077,-0.001247,-0.000129
2026-08-05 10:00:00,1.3466,1.3469,1.3463,1.3466,1250,1.346983,1.346983,1.346384,1.346547,0,0.000516,-0.000683,5.3e-05
2026-08-05 11:00:00,1.3467,1.3483,1.3467,1.3479,2086,1.34682,1.348163,1.34682,1.347945,0,0.00148,-0.001463,-4.5e-05
2026-08-05 12:00:00,1.3479,1.3483,1.3466,1.3469,2562,1.34809,1.348345,1.346765,1.347019,0,0.001535,-0.001745,-0.000119
2026-08-05 13:00:00,1.347,1.3475,1.3459,1.3464,5349,1.346874,1.347309,1.346874,1.347055,0,0.000626,-0.001409,-0.000655
2026-08-05 14:00:00,1.3463,1.3485,1.3463,1.3478,5119,1.346928,1.348636,1.346892,1.347909,0,0.001608,-0.002336,-0.000109
2026-08-05 15:00:00,1.3478,1.3482,1.3456,1.3461,4015,1.348054,1.348363,1.346439,1.346602,0,0.001761,-0.002763,-0.000502
2026-08-05 16:00:00,1.3461,1.3467,1.3459,1.3459,2339,1.346384,1.346747,1.345986,1.345986,0,0.000714,-0.000847,-8.5e-05
2026-08-05 17:00:00,1.346,1.3471,1.3454,1.3469,1364,1.346076,1.346711,1.345659,1.346711,0,0.001441,-0.001311,0.000189
2026-08-05 18:00:00,1.3469,1.3473,1.3467,1.3469,4152,1.346946,1.347346,1.346747,1.346874,0,0.000553,-0.000646,2.6e-05
2026-08-05 19:00:00,1.3469,1.347,1.3463,1.3463,1699,1.347092,1.347092,1.346838,1.346838,0,0.000162,-0.000792,-0.000538
2026-08-05 20:00:00,1.3464,1.3469,1.3462,1.3469,818,1.346566,1.346892,1.346257,1.34682,0,0.000643,-0.000692,8e-05
2026-08-05 22:00:00,1.3468,1.3468,1.3465,1.3465,0,1.346874,1.346874,1.346511,1.346711,0,0.000289,-0.000374,-0.000211
2026-08-05 23:00:00,1.3467,1.3471,1.3467,1.347,183,1.346783,1.347128,1.346711,1.346946,0,0.000389,-0.000428,5.4e-05
2026-08-06 00:00:00,1.3469,1.3469,1.3466,1.3468,247,1.346783,1.347128,1.346638,1.346729,0,0.000262,-0.000528,7.1e-05
2026-08-06 01:00:00,1.3467,1.347,1.3464,1.3469,651,1.346765,1.347092,1.346402,1.34691,0,0.000598,-0.000692,-1e-05
2026-08-06 02:00:00,1.3469,1.3472,1.3467,1.3467,246,1.347055,1.347219,1.346783,1.346801,0,0.000417,-0.000519,-0.000101
2026-08-06 03:00:00,1.3467,1.3467,1.3458,1.3459,305,1.346729,1.346729,1.345804,1.346022,0,0.000896,-0.000929,-0.000122
2026-08-06 04:00:00,1.3461,1.3461,1.3458,1.3459,112,1.346131,1.346203,1.345931,1.346076,0,0.000169,-0.000403,-0.000176
2026-08-06 05:00:00,1.346,1.3463,1.3455,1.3463,315,1.346058,1.346058,1.345623,1.346058,0,0.000677,-0.000558,0.000242
2026-08-06 06:00:00,1.3462,1.3465,1.3455,1.3459,1513,1.346529,1.346529,1.345551,1.346022,0,0.000949,-0.001029,-0.000122
2026-08-06 07:00:00,1.3459,1.3462,1.3455,1.3459,1035,1.346004,1.346276,1.345605,1.346004,0,0.000595,-0.000776,-0.000104
2026-08-06 08:00:00,1.3459,1.3465,1.3457,1.3464,1118,1.346076,1.346511,1.345859,1.346257,0,0.000641,-0.000811,0.000143
2026-08-06 09:00:00,1.3463,1.3466,1.3452,1.3456,1382,1.346475,1.34662,1.34537,1.345659,0,0.00123,-0.00142,-5.9e-05
2026-08-06 10:00:00,1.3455,1.3462,1.3454,1.3461,533,1.345623,1.346239,1.345515,1.346022,0,0.000685,-0.000839,7.8e-05
2026-08-06 11:00:00,1.3461,1.3468,1.3457,1.3468,1360,1.346384,1.346874,1.345877,1.346874,0,0.000923,-0.001174,-7.4e-05
2026-08-06 12:00:00,1.3468,1.3471,1.3462,1.3469,2185,1.346801,1.347146,1.346366,1.347019,0,0.000734,-0.000946,-0.000119
2026-08-06 13:00:00,1.3469,1.3479,1.3464,1.3477,4289,1.347146,1.347146,1.346602,1.346638,0,0.001298,-0.000746,0.001062
2026-08-06 14:00:00,1.3477,1.3479,1.3463,1.3466,5383,1.347782,1.347836,1.346439,1.346638,0,0.001461,-0.001536,-3.8e-05
2026-08-06 15:00:00,1.3466,1.3466,1.3448,1.3452,4165,1.346475,1.346511,1.34508,1.345406,0,0.00152,-0.001711,-0.000206
2026-08-06 16:00:00,1.3453,1.3458,1.3449,1.3455,2105,1.345279,1.345841,1.345135,1.345605,0,0.000665,-0.000941,-0.000105
2026-08-06 17:00:00,1.3456,1.3458,1.3452,1.3455,2060,1.345641,1.345986,1.345225,1.345641,0,0.000575,-0.000786,-0.000142
2026-08-06 18:00:00,1.3456,1.3458,1.3452,1.3457,3072,1.345641,1.345931,1.345297,1.34575,0,0.000503,-0.000731,-5e-05
2026-08-06 19:00:00,1.3457,1.3459,1.3448,1.3455,2117,1.345714,1.345931,1.344972,1.345533,0,0.000928,-0.001131,-3.3e-05
2026-08-06 20:00:00,1.3455,1.3456,1.3448,1.3454,909,1.345551,1.345623,1.344899,1.345424,0,0.000701,-0.000823,-2.4e-05
2026-08-06 22:00:00,1.3452,1.3452,1.345,1.345,0,1.345171,1.345261,1.345098,1.345243,0,0.000101,-0.000261,-0.000243
2026-08-06 23:00:00,1.3452,1.3454,1.3452,1.3454,74,1.345225,1.345551,1.345207,1.34546,0,0.000193,-0.000351,-6e-05
2026-08-07 00:00:00,1.3454,1.3454,1.3447,1.3449,497,1.345424,1.345551,1.344845,1.345008,0,0.000555,-0.000851,-0.000108
2026-08-07 01:00:00,1.345,1.3456,1.3448,1.3453,354,1.345062,1.345587,1.344936,1.345406,0,0.000664,-0.000787,-0.000106
2026-08-07 02:00:00,1.3453,1.3454,1.3451,1.3452,112,1.345424,1.34546,1.345153,1.345225,0,0.000247,-0.00036,-2.5e-05
2026-08-07 03:00:00,1.3451,1.3452,1.345,1.3452,135,1.345189,1.34537,1.345116,1.34537,0,8.3e-05,-0.00037,-0.00017
2026-08-07 04:00:00,1.3452,1.3455,1.3452,1.3454,111,1.345352,1.345587,1.345261,1.34546,0,0.000239,-0.000387,-6e-05
2026-08-07 05:00:00,1.3453,1.3456,1.3451,1.3452,319,1.345406,1.345641,1.345406,1.345479,0,0.000194,-0.000541,-0.000279
2026-08-07 06:00:00,1.3453,1.3457,1.3452,1.3453,1375,1.345587,1.345859,1.345243,1.345406,0,0.000457,-0.000659,-0.000106
2026-08-07 07:00:00,1.3453,1.3454,1.3445,1.3447,2746,1.345316,1.34537,1.344646,1.344827,0,0.000754,-0.00087,-0.000127
2026-08-07 08:00:00,1.3447,1.3449,1.3442,1.3442,1702,1.345044,1.345044,1.344755,1.344863,0,0.000145,-0.000844,-0.000663
2026-08-07 09:00:00,1.3442,1.3446,1.3439,1.3441,4507,1.344466,1.344646,1.343978,1.344014,0,0.000622,-0.000746,8.6e-05
2026-08-07 10:00:00,1.3442,1.3442,1.3434,1.3437,2676,1.344321,1.344321,1.343508,1.343797,0,0.000692,-0.000921,-9.7e-05
2026-08-07 11:00:00,1.3438,1.345,1.3437,1.345,2061,1.343833,1.344213,1.343833,1.344213,0,0.001167,-0.000512,0.000787
2026-08-07 12:00:00,1.345,1.3508,1.3444,1.35,20219,1.345098,1.350676,1.344701,1.350275,0,0.006099,-0.006276,-0.000275
2026-08-07 13:00:00,1.35,1.3509,1.3487,1.3489,7910,1.350165,1.350749,1.349382,1.3494,0,0.001518,-0.002049,-0.0005
2026-08-07 14:00:00,1.3489,1.3502,1.3483,1.3489,8076,1.348963,1.350147,1.348509,1.348618,0,0.001691,-0.001847,0.000282
2026-08-07 15:00:00,1.3488,1.35,1.3482,1.3496,3497,1.349073,1.350038,1.348436,1.349564,0,0.001564,-0.001838,3.6e-05
2026-08-07 16:00:00,1.3495,1.3503,1.3495,1.3496,3683,1.349601,1.350439,1.349564,1.349728,0,0.000736,-0.000939,-0.000128
2026-08-07 17:00:00,1.3496,1.3499,1.3493,1.3495,1312,1.349564,1.349874,1.349491,1.349837,0,0.000409,-0.000574,-0.000337
2026-08-07 18:00:00,1.3494,1.35,1.3492,1.35,2245,1.349437,1.349746,1.349236,1.34971,0,0.000764,-0.000546,0.00029
2026-08-07 19:00:00,1.35,1.3503,1.3496,1.3496,2233,1.349983,1.35033,1.349892,1.350165,0,0.000408,-0.00073,-0.000565
2026-08-07 20:00:00,1.3497,1.3498,1.3489,1.3492,2296,1.349856,1.349874,1.349,1.349036,0,0.0008,-0.000974,0.000164
2026-08-09 23:00:00,1.349,1.3492,1.3488,1.3488,371,1.348963,1.349291,1.348891,1.349164,0,0.000309,-0.000491,-0.000364
2026-08-10 00:00:00,1.3488,1.3493,1.3487,1.349,889,1.349164,1.3494,1.348891,1.349073,0,0.000409,-0.0007,-7.3e-05
2026-08-10 01:00:00,1.349,1.3491,1.3484,1.3486,762,1.349127,1.349127,1.348509,1.348854,0,0.000591,-0.000727,-0.000254
2026-08-10 02:00:00,1.3488,1.3489,1.3485,1.3485,279,1.348945,1.348981,1.348636,1.348636,0,0.000264,-0.000481,-0.000136
2026-08-10 03:00:00,1.3486,1.3487,1.3483,1.3485,381,1.348727,1.348727,1.348418,1.348581,0,0.000282,-0.000427,-8.1e-05
2026-08-10 04:00:00,1.3484,1.349,1.3484,1.3488,272,1.3486,1.349036,1.348436,1.348945,0,0.000564,-0.000636,-0.000145
2026-08-10 05:00:00,1.3487,1.3494,1.3487,1.3494,293,1.348909,1.3492,1.3488,1.348981,0,0.0006,-0.0005,0.000419
2026-08-10 06:00:00,1.3494,1.3497,1.3492,1.3493,1635,1.349546,1.34971,1.349309,1.349473,0,0.000391,-0.00051,-0.000173
2026-08-10 07:00:00,1.3494,1.3501,1.3491,1.3496,2641,1.349455,1.349764,1.349273,1.3494,0,0.000827,-0.000664,0.0002
2026-08-10 08:00:00,1.3497,1.3505,1.3495,1.3503,1870,1.349619,1.350548,1.349601,1.350384,0,0.000899,-0.001048,-8.4e-05
2026-08-10 09:00:00,1.3504,1.3507,1.3495,1.3496,2407,1.350348,1.350457,1.350293,1.350439,0,0.000407,-0.000957,-0.000839
2026-08-10 10:00:00,1.3494,1.35,1.3492,1.35,979,1.349418,1.350165,1.349327,1.350074,0,0.000673,-0.000965,-7.4e-05
2026-08-10 11:00:00,1.35,1.3502,1.3496,1.35,1752,1.350129,1.350257,1.349965,1.349965,0,0.000235,-0.000657,3.5e-05
2026-08-10 12:00:00,1.35,1.3504,1.3489,1.3494,3504,1.350056,1.350311,1.349127,1.349564,0,0.001273,-0.001411,-0.000164
2026-08-10 13:00:00,1.3495,1.3508,1.3495,1.3504,5685,1.34971,1.350767,1.349546,1.350475,0,0.001254,-0.001267,-7.5e-05
2026-08-10 14:00:00,1.3504,1.3531,1.3503,1.352,13020,1.35053,1.350913,1.35053,1.350913,0,0.00257,-0.000613,0.001087
2026-08-10 15:00:00,1.352,1.3527,1.3516,1.3525,4055,1.352027,1.352759,1.351735,1.352558,0,0.000965,-0.001159,-5.8e-05
2026-08-10 16:00:00,1.3525,1.3526,1.3513,1.3513,2893,1.352631,1.352686,1.351461,1.351516,0,0.001139,-0.001386,-0.000216
2026-08-10 17:00:00,1.3513,1.3514,1.3505,1.3506,1643,1.351424,1.351516,1.350621,1.350713,0,0.000779,-0.001016,-0.000113
2026-08-10 18:00:00,1.3506,1.3511,1.3506,1.3508,2573,1.350767,1.351132,1.35064,1.351114,0,0.00046,-0.000532,-0.000314
2026-08-10 19:00:00,1.3509,1.3509,1.3505,1.3507,1318,1.35084,1.35095,1.35064,1.350749,0,0.00026,-0.00045,-4.9e-05
2026-08-10 20:00:00,1.3508,1.3509,1.3505,1.3505,448,1.350931,1.351023,1.350658,1.350749,0,0.000242,-0.000523,-0.000249
2026-08-10 23:00:00,1.3509,1.3511,1.3506,1.3511,505,1.350986,1.350986,1.350731,1.350913,0,0.000369,-0.000386,0.000187
2026-08-11 00:00:00,1.3511,1.3515,1.351,1.351,583,1.351169,1.351534,1.351132,1.351205,0,0.000368,-0.000534,-0.000205
2026-08-11 01:00:00,1.351,1.3515,1.3506,1.3511,472,1.350986,1.351589,1.350694,1.351187,0,0.000806,-0.000989,-8.7e-05
2026-08-11 02:00:00,1.351,1.3511,1.3506,1.3506,160,1.351096,1.351169,1.35033,1.350475,0,0.00077,-0.000569,0.000125
2026-08-11 04:00:00,1.3511,1.3513,1.3507,1.3511,480,1.351132,1.351315,1.350785,1.351132,0,0.000515,-0.000615,-3.2e-05
2026-08-11 05:00:00,1.3512,1.3513,1.3506,1.3512,1212,1.351114,1.351132,1.350986,1.350986,0,0.000314,-0.000532,0.000214
2026-08-11 06:00:00,1.3513,1.3516,1.3501,1.3505,2835,1.351424,1.35157,1.35033,1.350384,0,0.001271,-0.00147,0.000116
2026-08-11 07:00:00,1.3506,1.3508,1.3494,1.3495,3288,1.350713,1.350858,1.349546,1.349655,0,0.001254,-0.001458,-0.000155
2026-08-11 08:00:00,1.3495,1.3508,1.3495,1.3504,1356,1.349746,1.349856,1.349728,1.349728,0,0.001072,-0.000356,0.000672
2026-08-11 09:00:00,1.3503,1.3504,1.3498,1.3503,735,1.350457,1.350457,1.349965,1.35022,0,0.000435,-0.000657,8e-05
2026-08-11 10:00:00,1.3503,1.3505,1.3496,1.3497,1124,1.350421,1.350512,1.349746,1.349819,0,0.000754,-0.000912,-0.000119
2026-08-11 11:00:00,1.3497,1.3506,1.3492,1.3493,2666,1.349764,1.350439,1.349764,1.350311,0,0.000836,-0.001239,-0.001011
2026-08-11 12:00:00,1.3493,1.3503,1.3492,1.3499,3221,1.349491,1.350111,1.349364,1.350093,0,0.000936,-0.000911,-0.000193
2026-08-11 13:00:00,1.3499,1.3507,1.3497,1.35,3757,1.35022,1.350676,1.349783,1.350275,0,0.000917,-0.000976,-0.000275
2026-08-11 14:00:00,1.35,1.3509,1.3498,1.3508,4448,1.350038,1.350056,1.349928,1.350038,0,0.000972,-0.000256,0.000762
2026-08-11 15:00:00,1.3509,1.3514,1.3502,1.3514,3561,1.350968,1.351114,1.350311,1.35095,0,0.001089,-0.000914,0.00045
2026-08-11 16:00:00,1.3515,1.3515,1.3503,1.3506,2345,1.351333,1.351351,1.350475,1.35064,0,0.001025,-0.001051,-4e-05
2026-08-11 17:00:00,1.3506,1.3506,1.3496,1.3501,1404,1.35064,1.35064,1.350402,1.350402,0,0.000198,-0.00104,-0.000302
2026-08-11 18:00:00,1.3501,1.3503,1.3496,1.3503,2709,1.350184,1.350238,1.34971,1.350238,0,0.00059,-0.000638,6.2e-05
2026-08-11 19:00:00,1.3503,1.3508,1.3502,1.3508,1950,1.350439,1.350694,1.35033,1.350621,0,0.000471,-0.000494,0.000179
2026-08-11 20:00:00,1.3508,1.3509,1.3503,1.3507,851,1.350858,1.350968,1.350475,1.350512,0,0.000425,-0.000668,0.000188
2026-08-11 22:00:00,1.3508,1.351,1.3506,1.351,419,1.350785,1.351114,1.350767,1.351041,0,0.000233,-0.000514,-4.1e-05
2026-08-11 23:00:00,1.3509,1.351,1.3508,1.3509,204,1.351004,1.351114,1.350804,1.350968,0,0.000196,-0.000314,-6.8e-05
2026-08-12 00:00:00,1.3509,1.3511,1.3506,1.3506,393,1.350858,1.351169,1.350713,1.350785,0,0.000387,-0.000569,-0.000185
2026-08-12 01:00:00,1.3507,1.3508,1.3502,1.3506,659,1.350785,1.350968,1.350257,1.35064,0,0.000543,-0.000768,-4e-05
2026-08-12 02:00:00,1.3505,1.3507,1.3502,1.3506,235,1.350658,1.350785,1.350238,1.350694,0,0.000462,-0.000585,-9.4e-05
2026-08-12 03:00:00,1.3506,1.3507,1.3504,1.3505,162,1.350767,1.350822,1.350567,1.350603,0,0.000133,-0.000422,-0.000103
2026-08-12 04:00:00,1.3505,1.3507,1.3503,1.3506,79,1.350567,1.350731,1.350548,1.350548,0,0.000152,-0.000431,5.2e-05
2026-08-12 05:00:00,1.3505,1.3506,1.3502,1.3506,682,1.350713,1.350731,1.35033,1.35064,0,0.00027,-0.000531,-4e-05
2026-08-12 06:00:00,1.3506,1.3508,1.3502,1.3508,1705,1.350713,1.350713,1.350548,1.350658,0,0.000252,-0.000512,0.000142
2026-08-12 07:00:00,1.3509,1.3512,1.3506,1.3508,4447,1.350986,1.351187,1.350804,1.350804,0,0.000396,-0.000587,-4e-06
2026-08-12 08:00:00,1.3508,1.3513,1.3506,1.351,1642,1.350877,1.350877,1.350804,1.350822,0,0.000496,-0.000277,0.000178
2026-08-12 09:00:00,1.3511,1.3529,1.351,1.3513,2720,1.351224,1.35285,1.351132,1.351644,0,0.001768,-0.00185,-0.000344
2026-08-12 10:00:00,1.3512,1.3522,1.3512,1.3515,3209,1.35137,1.352247,1.35137,1.35168,0,0.00083,-0.001047,-0.00018
2026-08-12 11:00:00,1.3515,1.3528,1.3513,1.3527,1649,1.351406,1.351972,1.351406,1.351771,0,0.001394,-0.000672,0.000929
2026-08-12 12:00:00,1.3527,1.3546,1.3507,1.3538,10421,1.352722,1.354059,1.351004,1.353327,0,0.003596,-0.003359,0.000473
2026-08-12 13:00:00,1.3537,1.3541,1.3517,1.3524,6673,1.353894,1.354059,1.351808,1.352631,0,0.002292,-0.00236,-0.000231
2026-08-12 14:00:00,1.3525,1.3529,1.3504,1.3509,6991,1.352686,1.352686,1.352576,1.352576,0,0.000324,-0.002286,-0.001676
2026-08-12 15:00:00,1.3508,1.3511,1.3501,1.3509,4405,1.350804,1.351169,1.350238,1.350986,0,0.000862,-0.001069,-8.6e-05
2026-08-12 16:00:00,1.3509,1.351,1.3494,1.3497,2603,1.350968,1.351078,1.349601,1.349764,0,0.001399,-0.001678,-6.4e-05
2026-08-12 17:00:00,1.3497,1.3501,1.349,1.3492,2734,1.349819,1.350165,1.349819,1.350001,0,0.000281,-0.001165,-0.000801
2026-08-12 18:00:00,1.3491,1.3497,1.3487,1.3488,3318,1.349273,1.349764,1.349091,1.349164,0,0.000609,-0.001064,-0.000364
2026-08-12 19:00:00,1.3488,1.3493,1.3487,1.3491,1385,1.348872,1.3494,1.348854,1.3492,0,0.000446,-0.0007,-0.0001
2026-08-12 20:00:00,1.3491,1.3496,1.3489,1.3494,494,1.3492,1.349364,1.349054,1.349364,0,0.000546,-0.000464,3.6e-05
2026-08-12 22:00:00,1.3493,1.3496,1.349,1.3496,362,1.349309,1.349764,1.3492,1.349619,0,0.0004,-0.000764,-1.9e-05
2026-08-12 23:00:00,1.3495,1.3498,1.3495,1.3497,177,1.349655,1.349947,1.349546,1.349783,0,0.000254,-0.000447,-8.3e-05
2026-08-13 00:00:00,1.3497,1.35,1.3494,1.3497,717,1.349764,1.349947,1.349764,1.349947,0,0.000236,-0.000547,-0.000247
2026-08-13 01:00:00,1.3498,1.35,1.3491,1.3492,474,1.349819,1.349983,1.349182,1.349273,0,0.000818,-0.000883,-7.3e-05
2026-08-13 02:00:00,1.3492,1.3492,1.3487,1.3488,477,1.349291,1.349309,1.348727,1.348891,0,0.000473,-0.000609,-9.1e-05
2026-08-13 03:00:00,1.3487,1.3491,1.3486,1.3489,958,1.348891,1.349164,1.348709,1.349073,0,0.000391,-0.000564,-0.000173
2026-08-13 04:00:00,1.3488,1.3496,1.3486,1.3495,429,1.349054,1.349073,1.3488,1.348854,0,0.0008,-0.000473,0.000646
2026-08-13 05:00:00,1.3495,1.3497,1.3492,1.3493,564,1.349601,1.349764,1.349254,1.349546,0,0.000445,-0.000564,-0.000246
2026-08-13 06:00:00,1.3496,1.3511,1.3474,1.3482,3143,1.349637,1.349692,1.349054,1.349254,0,0.002046,-0.002292,-0.001055
2026-08-13 07:00:00,1.3483,1.3488,1.3475,1.3484,2003,1.348218,1.348745,1.347618,1.348363,0,0.001182,-0.001245,3.7e-05
2026-08-13 08:00:00,1.3482,1.3483,1.3478,1.3478,737,1.348309,1.348309,1.347945,1.348109,0,0.000355,-0.000509,-0.000309
2026-08-13 09:00:00,1.3478,1.3491,1.3474,1.3491,1032,1.347818,1.349018,1.3476,1.3488,0,0.0015,-0.001618,0.0003
2026-08-13 10:00:00,1.349,1.3501,1.3489,1.3489,1545,1.349218,1.350129,1.348945,1.349091,0,0.001155,-0.001229,-0.000191
2026-08-13 11:00:00,1.3489,1.3495,1.3487,1.3492,1051,1.349054,1.349273,1.348836,1.349273,0,0.000664,-0.000573,-7.3e-05
2026-08-13 12:00:00,1.3492,1.351,1.3484,1.3509,5687,1.349236,1.350895,1.348509,1.350895,0,0.002491,-0.002495,5e-06
2026-08-13 13:00:00,1.3509,1.351,1.3494,1.3498,4375,1.350858,1.351059,1.349801,1.349965,0,0.001199,-0.001659,-0.000165
2026-08-13 14:00:00,1.3499,1.3513,1.3498,1.3507,4852,1.350147,1.350348,1.350147,1.350348,0,0.001153,-0.000548,0.000352
2026-08-13 15:00:00,1.3506,1.3509,1.3493,1.3495,3265,1.350749,1.350931,1.349546,1.349692,0,0.001354,-0.001631,-0.000192
2026-08-13 16:00:00,1.3495,1.3495,1.3482,1.3484,2076,1.349637,1.349637,1.348345,1.348581,0,0.001155,-0.001437,-0.000181
2026-08-13 17:00:00,1.3486,1.3488,1.3479,1.3482,1869,1.34869,1.348945,1.348418,1.348509,0,0.000382,-0.001045,-0.000309
2026-08-13 18:00:00,1.3482,1.3487,1.3479,1.3483,1703,1.348272,1.348672,1.348072,1.348672,0,0.000628,-0.000772,-0.000372
2026-08-13 19:00:00,1.3484,1.3488,1.3483,1.3487,1568,1.348509,1.348836,1.348363,1.348509,0,0.000437,-0.000536,0.000191
2026-08-13 20:00:00,1.3487,1.3488,1.3484,1.3486,427,1.348745,1.348781,1.348454,1.3486,0,0.000346,-0.000381,0.0
2026-08-13 22:00:00,1.3486,1.3488,1.3484,1.3488,0,1.34869,1.348909,1.348581,1.348872,0,0.000219,-0.000509,-7.2e-05
2026-08-13 23:00:00,1.3487,1.3491,1.3487,1.3491,118,1.348927,1.349127,1.348836,1.349073,0,0.000264,-0.000427,2.7e-05
2026-08-14 00:00:00,1.349,1.3498,1.349,1.3497,626,1.349036,1.349036,1.349036,1.349036,0,0.000764,-3.6e-05,0.000664
2026-08-14 01:00:00,1.3497,1.3497,1.3489,1.3489,402,1.349801,1.349801,1.349,1.349,0,0.0007,-0.000901,-0.0001
2026-08-14 02:00:00,1.349,1.3494,1.3488,1.3488,382,1.349127,1.3492,1.349,1.349182,0,0.0004,-0.0004,-0.000382
2026-08-14 04:00:00,1.3498,1.3499,1.3495,1.3497,393,1.349509,1.349856,1.349509,1.349819,0,0.000391,-0.000356,-0.000119
2026-08-14 05:00:00,1.3498,1.3502,1.3497,1.35,671,1.349764,1.350093,1.349746,1.350001,0,0.000454,-0.000393,-1e-06
2026-08-14 06:00:00,1.35,1.3505,1.3498,1.3505,1371,1.350238,1.350311,1.350093,1.35022,0,0.000407,-0.000511,0.00028
2026-08-14 07:00:00,1.3505,1.3514,1.3502,1.3513,3208,1.350439,1.35137,1.350311,1.351315,0,0.001089,-0.00117,-1.5e-05
2026-08-14 08:00:00,1.3513,1.3527,1.3513,1.3523,3693,1.351589,1.351717,1.351589,1.351644,0,0.001111,-0.000417,0.000656
2026-08-14 09:00:00,1.3523,1.3526,1.3519,1.3526,1779,1.352338,1.352539,1.352046,1.352174,0,0.000554,-0.000639,0.000426
2026-08-14 10:00:00,1.3524,1.353,1.3523,1.3527,1754,1.352411,1.352979,1.352411,1.352814,0,0.000589,-0.000679,-0.000114
2026-08-14 11:00:00,1.3528,1.3543,1.3526,1.3535,4508,1.352905,1.353125,1.352814,1.352832,0,0.001486,-0.000525,0.000668
2026-08-14 12:00:00,1.3535,1.3557,1.3533,1.3538,7268,1.353528,1.354977,1.353528,1.353803,0,0.002172,-0.001677,-3e-06
2026-08-14 13:00:00,1.3538,1.3562,1.3533,1.3552,8993,1.353803,1.356043,1.353565,1.356043,0,0.002635,-0.002743,-0.000842
2026-08-14 14:00:00,1.3553,1.356,1.3545,1.3549,7267,1.35573,1.356153,1.354665,1.354665,0,0.001335,-0.001653,0.000235
2026-08-14 15:00:00,1.3548,1.3557,1.354,1.3553,4558,1.354903,1.35573,1.354151,1.35573,0,0.001549,-0.00173,-0.00043
2026-08-14 16:00:00,1.3553,1.3556,1.3538,1.3539,2416,1.355565,1.355693,1.354115,1.354115,0,0.001485,-0.001893,-0.000215
2026-08-14 17:00:00,1.3539,1.3539,1.3527,1.3531,2652,1.353968,1.353968,1.352795,1.353088,0,0.001104,-0.001268,1.1e-05
2026-08-14 18:00:00,1.3532,1.3535,1.3529,1.3532,2130,1.353235,1.353546,1.353052,1.353455,0,0.000448,-0.000646,-0.000255
2026-08-14 19:00:00,1.3533,1.3537,1.3531,1.3534,1958,1.353363,1.353675,1.353327,1.353565,0,0.000373,-0.000575,-0.000165
2026-08-14 20:00:00,1.3534,1.3536,1.3532,1.3535,1036,1.353418,1.353638,1.353418,1.35362,0,0.000182,-0.000438,-0.00012
2026-08-16 23:00:00,1.3543,1.3546,1.3542,1.3546,719,1.354353,1.354536,1.354353,1.354445,0,0.000247,-0.000336,0.000155
2026-08-17 00:00:00,1.3546,1.3556,1.3546,1.3555,794,1.354885,1.355638,1.354885,1.355638,0,0.000715,-0.001038,-0.000138
2026-08-17 01:00:00,1.3554,1.3556,1.3549,1.3555,629,1.355565,1.355657,1.355142,1.355491,0,0.000458,-0.000757,9e-06
2026-08-17 02:00:00,1.3555,1.3556,1.3549,1.3549,619,1.355546,1.35562,1.35505,1.355252,0,0.00055,-0.00072,-0.000352
2026-08-17 03:00:00,1.355,1.3551,1.3548,1.3548,242,1.355032,1.355234,1.35472,1.355234,0,0.00038,-0.000434,-0.000434
2026-08-17 04:00:00,1.3552,1.3556,1.3551,1.3551,282,1.355142,1.355657,1.355142,1.355271,0,0.000458,-0.000556,-0.000171
2026-08-17 05:00:00,1.3552,1.3559,1.3549,1.3554,590,1.355234,1.355877,1.355032,1.355638,0,0.000868,-0.000977,-0.000238
2026-08-17 06:00:00,1.3554,1.356,1.355,1.3558,3608,1.355546,1.355675,1.355124,1.355216,0,0.000876,-0.000675,0.000584
2026-08-17 07:00:00,1.3558,1.357,1.3554,1.3563,3939,1.355785,1.35711,1.35562,1.35711,0,0.00138,-0.00171,-0.00081
2026-08-17 08:00:00,1.3563,1.3571,1.3549,1.3553,3081,1.356245,1.35711,1.356098,1.356797,0,0.001002,-0.00221,-0.001497
