time,futOpen,futHigh,futLow,futClose,spotOpen,spotHigh,spotLow,spotClose,hiFP,loFP,fp
2025.07.06 23:00,1.1836,1.1838,1.18305,1.1835,1.178411,1.17855,1.177995,1.178411,0.005805,0.0045,0.005089
2025.07.07 00:00,1.1836,1.18455,1.1834,1.1836,1.178411,1.179245,1.178273,1.178411,0.006277,0.004155,0.005188
2025.07.07 01:00,1.1835,1.1836,1.18255,1.18275,1.178273,1.178273,1.17744,1.17744,0.00616,0.004277,0.00531
2025.07.07 02:00,1.18275,1.18305,1.182,1.1823,1.177579,1.177856,1.176886,1.177163,0.006164,0.004144,0.005137
2025.07.07 03:00,1.1823,1.18295,1.1822,1.1825,1.177024,1.177718,1.177024,1.177302,0.005926,0.004482,0.005198
2025.07.07 04:00,1.1825,1.18275,1.18195,1.1821,1.177302,1.177579,1.176747,1.177024,0.006003,0.004371,0.005076
2025.07.07 05:00,1.18205,1.1829,1.18185,1.1827,1.176886,1.177718,1.176747,1.177579,0.006153,0.004132,0.005121
2025.07.07 06:00,1.18265,1.18285,1.18055,1.1811,1.17744,1.177579,1.175503,1.175779,0.007347,0.002971,0.005321
2025.07.07 07:00,1.18115,1.1814,1.1801,1.1801,1.176055,1.176055,1.17495,1.175088,0.00645,0.004045,0.005012
2025.07.07 08:00,1.18005,1.18025,1.17785,1.178,1.17495,1.175088,1.172745,1.172745,0.007505,0.002762,0.005255
2025.07.07 09:00,1.1779,1.179,1.17775,1.1789,1.172745,1.173709,1.172608,1.173709,0.006392,0.004041,0.005191
2025.07.07 10:00,1.1789,1.179,1.1778,1.1783,1.173847,1.173847,1.172608,1.17302,0.006392,0.003953,0.00528
2025.07.07 11:00,1.1783,1.179,1.178,1.1785,1.173158,1.173709,1.172883,1.173296,0.006117,0.004291,0.005204
2025.07.07 12:00,1.1785,1.17865,1.1773,1.17775,1.173434,1.173434,1.172196,1.172608,0.006454,0.003866,0.005142
2025.07.07 13:00,1.17775,1.1796,1.17775,1.17905,1.172608,1.174398,1.172608,1.173847,0.006992,0.003352,0.005203
2025.07.07 14:00,1.1791,1.18005,1.1788,1.1794,1.173985,1.174812,1.173847,1.174122,0.006203,0.003988,0.005278
2025.07.07 15:00,1.17945,1.17955,1.17855,1.17885,1.17426,1.174398,1.173434,1.173709,0.006117,0.004152,0.005141
2025.07.07 16:00,1.1788,1.1795,1.1743,1.17495,1.173709,1.174122,1.169317,1.169454,0.010183,0.000178,0.005496
2025.07.07 17:00,1.175,1.1769,1.1741,1.1762,1.169727,1.171646,1.169044,1.170686,0.007856,0.002454,0.005514
2025.07.07 18:00,1.1762,1.1776,1.1755,1.17745,1.17096,1.172333,1.170549,1.172196,0.007051,0.003167,0.005254
2025.07.07 19:00,1.1774,1.17795,1.17715,1.1775,1.172196,1.172745,1.172058,1.17247,0.005892,0.004405,0.00503
2025.07.07 20:00,1.17745,1.17765,1.1762,1.17625,1.172333,1.17247,1.171097,1.171097,0.006553,0.00373,0.005153
2025.07.07 22:00,1.1764,1.1792,1.1763,1.17905,1.171234,1.173985,1.171234,1.173985,0.007966,0.002316,0.005065
2025.07.07 23:00,1.17905,1.1794,1.1786,1.1791,1.173847,1.17426,1.173571,1.174122,0.005829,0.00434,0.004978
2025.07.08 00:00,1.1791,1.1803,1.1791,1.1798,1.174122,1.175088,1.174122,1.174674,0.006178,0.004012,0.005126
2025.07.08 01:00,1.17985,1.1799,1.17855,1.1793,1.174812,1.174812,1.173434,1.174122,0.006467,0.003738,0.005178
2025.07.08 02:00,1.1793,1.1803,1.1791,1.1793,1.173985,1.175088,1.173985,1.174122,0.006315,0.004012,0.005178
2025.07.08 03:00,1.17935,1.18035,1.17915,1.1802,1.17426,1.175226,1.174122,1.17495,0.006228,0.003924,0.00525
2025.07.08 04:00,1.18035,1.1805,1.1795,1.1796,1.174812,1.175364,1.174398,1.174536,0.006102,0.004136,0.005064
2025.07.08 05:00,1.17955,1.17995,1.1788,1.1789,1.174536,1.174812,1.173709,1.173847,0.006241,0.003988,0.005053
2025.07.08 06:00,1.17895,1.17995,1.1786,1.17965,1.173847,1.174812,1.173571,1.174536,0.006379,0.003788,0.005114
2025.07.08 07:00,1.17965,1.18195,1.17965,1.1815,1.174674,1.176747,1.174674,1.176332,0.007276,0.002903,0.005168
2025.07.08 08:00,1.18145,1.18155,1.1802,1.18035,1.176332,1.176332,1.175088,1.175364,0.006462,0.003868,0.004986
2025.07.08 09:00,1.18035,1.1805,1.17935,1.17965,1.175226,1.175364,1.174398,1.174398,0.006102,0.003986,0.005252
2025.07.08 10:00,1.1797,1.1797,1.17775,1.17825,1.174536,1.174536,1.172883,1.173158,0.006817,0.003214,0.005092
2025.07.08 11:00,1.17825,1.1793,1.17755,1.17765,1.173158,1.174122,1.172608,1.172608,0.006692,0.003428,0.005042
2025.07.08 12:00,1.1776,1.17795,1.17685,1.17755,1.17247,1.172745,1.171783,1.17247,0.006167,0.004105,0.00508
2025.07.08 13:00,1.17755,1.17765,1.1748,1.17595,1.17247,1.17247,1.169864,1.171097,0.007786,0.00233,0.004853
2025.07.08 14:00,1.17595,1.1761,1.1737,1.17465,1.170549,1.170823,1.168634,1.169591,0.007466,0.002877,0.005059
2025.07.08 15:00,1.1747,1.17675,1.17445,1.1761,1.169727,1.171509,1.169454,1.17096,0.007296,0.002941,0.00514
2025.07.08 16:00,1.17615,1.17675,1.1751,1.1763,1.17096,1.171646,1.170001,1.171234,0.006749,0.003454,0.005066
2025.07.08 17:00,1.17635,1.17805,1.1762,1.1779,1.171234,1.172883,1.171097,1.172745,0.006953,0.003317,0.005155
2025.07.08 18:00,1.1779,1.17835,1.1773,1.178,1.172883,1.173158,1.172196,1.172883,0.006154,0.004142,0.005117
2025.07.08 19:00,1.17805,1.17845,1.17745,1.1779,1.17302,1.173296,1.172333,1.172608,0.006117,0.004154,0.005292
2025.07.08 20:00,1.17795,1.1784,1.17775,1.17795,1.172745,1.173158,1.172745,1.172883,0.005655,0.004592,0.005067
2025.07.08 22:00,1.1779,1.1783,1.1777,1.1783,1.172608,1.173296,1.172608,1.173296,0.005692,0.004404,0.005004
2025.07.08 23:00,1.1783,1.1783,1.1776,1.1777,1.173158,1.173158,1.172608,1.172608,0.005692,0.004442,0.005092
2025.07.09 00:00,1.17775,1.17795,1.17715,1.1779,1.172745,1.172883,1.172196,1.172745,0.005754,0.004267,0.005155
2025.07.09 01:00,1.1778,1.178,1.17705,1.17745,1.172745,1.172883,1.172058,1.17247,0.005942,0.004167,0.00498
2025.07.09 02:00,1.1775,1.1779,1.17585,1.1765,1.172333,1.172883,1.170823,1.171509,0.007077,0.002967,0.004991
2025.07.09 03:00,1.1765,1.17655,1.1757,1.1759,1.171509,1.171509,1.170686,1.17096,0.005864,0.004191,0.00494
2025.07.09 04:00,1.17585,1.17675,1.17565,1.1766,1.170823,1.171646,1.170549,1.171646,0.006201,0.004004,0.004954
2025.07.09 05:00,1.1766,1.1775,1.1765,1.17705,1.171646,1.17247,1.171509,1.172058,0.005991,0.00403,0.004992
2025.07.09 06:00,1.1771,1.1782,1.1766,1.1779,1.172058,1.173158,1.171646,1.17302,0.006554,0.003442,0.004879
2025.07.09 07:00,1.178,1.1782,1.17585,1.17625,1.173158,1.173158,1.170823,1.171234,0.007377,0.002692,0.005015
2025.07.09 08:00,1.1761,1.1774,1.176,1.1767,1.171097,1.172333,1.170823,1.171646,0.006577,0.003667,0.005054
2025.07.09 09:00,1.17675,1.17735,1.1761,1.1767,1.171646,1.172196,1.171097,1.171646,0.006253,0.003904,0.005054
2025.07.09 10:00,1.1767,1.17715,1.1755,1.1756,1.171646,1.172058,1.170549,1.170549,0.006601,0.003442,0.005051
2025.07.09 11:00,1.1756,1.17605,1.17435,1.1745,1.170549,1.17096,1.169454,1.169454,0.006596,0.00339,0.005046
2025.07.09 12:00,1.1745,1.17705,1.17445,1.1769,1.169591,1.171921,1.169591,1.171921,0.007459,0.002529,0.004979
2025.07.09 13:00,1.1769,1.1776,1.1754,1.1757,1.171783,1.17247,1.170549,1.170823,0.007051,0.00293,0.004877
2025.07.09 14:00,1.17575,1.1778,1.17565,1.1768,1.170823,1.172745,1.170686,1.171921,0.007114,0.002905,0.004879
2025.07.09 15:00,1.1768,1.17695,1.17585,1.176,1.171783,1.171921,1.170823,1.17096,0.006127,0.003929,0.00504
2025.07.09 16:00,1.17595,1.17625,1.17545,1.17585,1.17096,1.171234,1.170412,1.170823,0.005838,0.004215,0.005027
2025.07.09 17:00,1.17585,1.17645,1.1757,1.1763,1.170823,1.171372,1.170686,1.171097,0.005764,0.004328,0.005203
2025.07.09 18:00,1.1762,1.17715,1.17585,1.1767,1.171234,1.172058,1.171097,1.171783,0.006053,0.003792,0.004917
2025.07.09 19:00,1.17665,1.1777,1.17665,1.17725,1.171646,1.172608,1.171646,1.172196,0.006054,0.004042,0.005054
2025.07.09 20:00,1.1773,1.1777,1.1765,1.17735,1.172196,1.172608,1.171509,1.17247,0.006191,0.003892,0.00488
2025.07.09 22:00,1.1778,1.1778,1.17735,1.1776,1.172608,1.172883,1.172608,1.172883,0.005192,0.004467,0.004717
2025.07.09 23:00,1.1776,1.17915,1.1774,1.1789,1.172883,1.17426,1.172608,1.17426,0.006542,0.00314,0.00464
2025.07.10 00:00,1.1789,1.1801,1.1787,1.17955,1.173985,1.175226,1.173985,1.174812,0.006115,0.003474,0.004738
2025.07.10 01:00,1.1795,1.1796,1.17895,1.17915,1.174674,1.174812,1.174122,1.17426,0.005478,0.004138,0.00489
2025.07.10 02:00,1.17915,1.1796,1.1789,1.17905,1.174536,1.174812,1.174122,1.17426,0.005478,0.004088,0.00479
2025.07.10 03:00,1.17895,1.17915,1.1785,1.1786,1.17426,1.17426,1.173709,1.173847,0.005441,0.00424,0.004753
2025.07.10 04:00,1.1785,1.17875,1.1782,1.17865,1.173709,1.173985,1.173434,1.173985,0.005316,0.004215,0.004665
2025.07.10 05:00,1.17865,1.17935,1.17865,1.17915,1.173847,1.174398,1.173847,1.17426,0.005503,0.004252,0.00489
2025.07.10 06:00,1.1791,1.17945,1.1781,1.1784,1.17426,1.174674,1.173434,1.173709,0.006016,0.003426,0.004691
2025.07.10 07:00,1.1784,1.17895,1.17775,1.1784,1.173571,1.174122,1.17302,1.173571,0.005929,0.003628,0.004829
2025.07.10 08:00,1.1785,1.17855,1.17775,1.1779,1.173709,1.173847,1.17302,1.173158,0.00553,0.003903,0.004742
2025.07.10 09:00,1.1779,1.17855,1.1779,1.1782,1.173158,1.173709,1.173158,1.173434,0.005392,0.004191,0.004766
2025.07.10 10:00,1.17825,1.17855,1.1779,1.17795,1.173571,1.173847,1.173158,1.173296,0.005392,0.004053,0.004654
2025.07.10 11:00,1.17795,1.17805,1.17595,1.1763,1.173158,1.173296,1.171234,1.171509,0.006816,0.002654,0.004791
2025.07.10 12:00,1.1763,1.17655,1.17525,1.17575,1.171646,1.171783,1.170549,1.17096,0.006001,0.003467,0.00479
2025.07.10 13:00,1.1758,1.17655,1.1738,1.1744,1.17096,1.171783,1.16918,1.169591,0.00737,0.002017,0.004809
2025.07.10 14:00,1.1744,1.1745,1.17135,1.17315,1.169591,1.169591,1.166997,1.168224,0.007503,0.001759,0.004926
2025.07.10 15:00,1.1731,1.174,1.17255,1.1738,1.168361,1.16918,1.167815,1.169044,0.006185,0.00337,0.004756
2025.07.10 16:00,1.17385,1.17415,1.17335,1.1737,1.169044,1.169317,1.168634,1.16877,0.005516,0.004033,0.00493
2025.07.10 17:00,1.1736,1.1743,1.1733,1.174,1.168907,1.169454,1.168497,1.169317,0.005803,0.003846,0.004683
2025.07.10 18:00,1.17405,1.17465,1.1739,1.1744,1.16918,1.169864,1.16918,1.169591,0.00547,0.004036,0.004809
2025.07.10 19:00,1.1743,1.17505,1.17415,1.17465,1.169591,1.170275,1.169317,1.169864,0.005733,0.003875,0.004786
2025.07.10 20:00,1.17465,1.1752,1.1746,1.1751,1.169864,1.170412,1.169864,1.170412,0.005336,0.004188,0.004688
2025.07.10 22:00,1.17515,1.17575,1.17515,1.1756,1.170549,1.171097,1.170549,1.17096,0.005201,0.004053,0.00464
2025.07.10 23:00,1.1756,1.17565,1.17495,1.1752,1.170823,1.17096,1.170412,1.170412,0.005238,0.00399,0.004788
2025.07.11 00:00,1.1752,1.1756,1.17155,1.17255,1.170549,1.170686,1.166997,1.167815,0.008603,0.000864,0.004735
2025.07.11 01:00,1.1725,1.17365,1.1719,1.1726,1.167815,1.16877,1.16727,1.167815,0.00638,0.00313,0.004785
2025.07.11 02:00,1.17265,1.17285,1.1721,1.1722,1.167951,1.168088,1.167406,1.167406,0.005444,0.004012,0.004794
2025.07.11 03:00,1.1722,1.17345,1.1721,1.17315,1.167406,1.16877,1.167406,1.168497,0.006044,0.00333,0.004653
2025.07.11 04:00,1.1733,1.1733,1.17195,1.17265,1.168497,1.168634,1.16727,1.167951,0.00603,0.003316,0.004699
2025.07.11 05:00,1.17265,1.1734,1.1725,1.1729,1.167951,1.168634,1.167815,1.168224,0.005585,0.003866,0.004676
2025.07.11 06:00,1.1728,1.1735,1.1721,1.1725,1.167951,1.16877,1.167542,1.167951,0.005958,0.00333,0.004549
2025.07.11 07:00,1.17255,1.17465,1.17255,1.17395,1.168088,1.169864,1.168088,1.169317,0.006562,0.002686,0.004633
2025.07.11 08:00,1.174,1.1743,1.173,1.1733,1.16918,1.169454,1.168361,1.168497,0.005939,0.003546,0.004803
2025.07.11 09:00,1.17325,1.1746,1.1732,1.17455,1.168497,1.169727,1.168497,1.169727,0.006103,0.003473,0.004823
2025.07.11 10:00,1.17455,1.17475,1.1738,1.1743,1.170001,1.170001,1.16918,1.169591,0.00557,0.003799,0.004709
2025.07.11 11:00,1.1743,1.17515,1.17365,1.17385,1.169591,1.170275,1.16918,1.16918,0.00597,0.003375,0.00467
2025.07.11 12:00,1.1739,1.17505,1.1733,1.1739,1.169044,1.170138,1.168634,1.169044,0.006416,0.003162,0.004856
2025.07.11 13:00,1.1739,1.17645,1.17365,1.1739,1.169317,1.171234,1.169044,1.169317,0.007406,0.002416,0.004583
2025.07.11 14:00,1.1739,1.17445,1.17245,1.17425,1.169317,1.169727,1.168088,1.169591,0.006362,0.002723,0.004659
2025.07.11 15:00,1.1742,1.1755,1.17395,1.17465,1.169591,1.170686,1.169454,1.169864,0.006046,0.003264,0.004786
2025.07.11 16:00,1.1747,1.17485,1.17395,1.1742,1.169864,1.170138,1.169317,1.169591,0.005533,0.003812,0.004609
2025.07.11 17:00,1.17415,1.1746,1.1737,1.1744,1.169454,1.169727,1.169044,1.169727,0.005556,0.003973,0.004673
2025.07.11 18:00,1.1744,1.17465,1.17385,1.17385,1.169727,1.169864,1.169317,1.169317,0.005333,0.003986,0.004533
2025.07.11 19:00,1.1739,1.17425,1.1736,1.1738,1.169317,1.169454,1.168907,1.16918,0.005343,0.004146,0.00462
2025.07.11 20:00,1.17385,1.1744,1.17295,1.1739,1.16918,1.169727,1.168361,1.169317,0.006039,0.003223,0.004583
2025.07.14 04:00,1.1739,1.1739,1.17245,1.17245,1.168224,1.168497,1.167815,1.167815,0.006085,0.003953,0.004635
2025.07.14 05:00,1.1724,1.1728,1.1714,1.1719,1.167679,1.168088,1.166861,1.16727,0.005939,0.003312,0.00463
2025.07.14 06:00,1.1719,1.172,1.17035,1.1713,1.167406,1.167406,1.165909,1.166725,0.006091,0.002944,0.004575
2025.07.14 07:00,1.17135,1.1737,1.1712,1.17355,1.166861,1.169044,1.166725,1.169044,0.006975,0.002156,0.004506
2025.07.14 08:00,1.17345,1.17385,1.17295,1.17325,1.168907,1.169317,1.168361,1.168497,0.005489,0.003633,0.004753
2025.07.14 09:00,1.1732,1.17415,1.1729,1.17405,1.168497,1.169454,1.168361,1.169454,0.005789,0.003446,0.004596
2025.07.14 10:00,1.17405,1.17445,1.17375,1.1744,1.169591,1.170001,1.169044,1.169864,0.005406,0.003749,0.004536
2025.07.14 11:00,1.17445,1.17465,1.17355,1.17385,1.169864,1.170001,1.169044,1.16918,0.005606,0.003549,0.00467
2025.07.14 12:00,1.1738,1.1742,1.17295,1.1735,1.169454,1.169454,1.168361,1.168907,0.005839,0.003496,0.004593
2025.07.14 13:00,1.1735,1.1736,1.17235,1.17315,1.168907,1.168907,1.167815,1.168634,0.005785,0.003443,0.004516
2025.07.14 14:00,1.1731,1.1744,1.1728,1.1733,1.168361,1.169727,1.168224,1.168634,0.006176,0.003073,0.004666
2025.07.14 15:00,1.1733,1.17455,1.17165,1.17205,1.168497,1.169864,1.16727,1.167542,0.00728,0.001786,0.004508
2025.07.14 16:00,1.1721,1.1726,1.17095,1.17115,1.167406,1.167815,1.166453,1.166589,0.006147,0.003135,0.004561
2025.07.14 17:00,1.17115,1.1716,1.17085,1.17115,1.166725,1.166861,1.166317,1.166589,0.005283,0.003989,0.004561
2025.07.14 18:00,1.17125,1.17225,1.17125,1.172,1.166725,1.167542,1.166589,1.167406,0.005661,0.003708,0.004594
2025.07.14 19:00,1.17195,1.1721,1.1714,1.17175,1.167406,1.167406,1.166861,1.167133,0.005239,0.003994,0.004616
2025.07.14 20:00,1.1717,1.1719,1.1712,1.1713,1.167133,1.16727,1.166725,1.166725,0.005175,0.00393,0.004575
2025.07.14 22:00,1.1714,1.17165,1.1711,1.17155,1.166861,1.167133,1.166861,1.166997,0.004789,0.003967,0.004553
2025.07.14 23:00,1.1715,1.17155,1.1709,1.1714,1.166861,1.167133,1.166453,1.166861,0.005097,0.003767,0.004539
2025.07.15 00:00,1.1714,1.1726,1.17135,1.1721,1.166861,1.168088,1.166861,1.167679,0.005739,0.003262,0.004421
2025.07.15 01:00,1.17205,1.1723,1.17145,1.17175,1.167542,1.167815,1.166997,1.16727,0.005303,0.003635,0.00448
2025.07.15 02:00,1.1718,1.17235,1.1714,1.1723,1.167133,1.167815,1.166861,1.167679,0.005489,0.003585,0.004621
2025.07.15 03:00,1.1723,1.1726,1.1722,1.17245,1.167815,1.168088,1.167679,1.167951,0.004921,0.004112,0.004498
2025.07.15 04:00,1.17265,1.1729,1.1722,1.17245,1.167951,1.168224,1.167679,1.167951,0.005221,0.003976,0.004498
2025.07.15 05:00,1.17245,1.1735,1.17245,1.17345,1.167951,1.168907,1.167951,1.168907,0.005548,0.003543,0.004543
2025.07.15 06:00,1.1734,1.17365,1.1723,1.17265,1.168497,1.169044,1.167815,1.168088,0.005835,0.003256,0.004562
2025.07.15 07:00,1.17265,1.1741,1.17205,1.1739,1.168088,1.169591,1.167542,1.169317,0.006558,0.002459,0.004583
2025.07.15 08:00,1.17385,1.174,1.17305,1.1735,1.169317,1.169454,1.168497,1.169044,0.005503,0.003596,0.004456
2025.07.15 09:00,1.1736,1.174,1.17295,1.17335,1.169044,1.169454,1.168497,1.168907,0.005503,0.003496,0.004443
2025.07.15 10:00,1.17335,1.17355,1.17245,1.1732,1.16877,1.168907,1.167951,1.16877,0.005599,0.003543,0.00443
2025.07.15 11:00,1.1732,1.17325,1.1716,1.17185,1.16877,1.16877,1.167133,1.16727,0.006117,0.00283,0.00458
2025.07.15 12:00,1.1718,1.1756,1.17105,1.17265,1.167133,1.16918,1.166861,1.168088,0.008739,0.00187,0.004562
2025.07.15 13:00,1.17265,1.1728,1.1687,1.16915,1.168088,1.168224,1.164415,1.164551,0.008384,0.000476,0.004599
2025.07.15 14:00,1.1691,1.16925,1.1663,1.16665,1.164144,1.16428,1.16198,1.16225,0.00727,0.00202,0.0044
2025.07.15 15:00,1.16665,1.1667,1.16495,1.16665,1.162115,1.162115,1.160631,1.162115,0.006069,0.002835,0.004535
2025.07.15 16:00,1.16665,1.16685,1.1642,1.16445,1.16225,1.16225,1.159689,1.159689,0.007161,0.00195,0.004761
2025.07.15 17:00,1.1645,1.165,1.1641,1.16445,1.160093,1.160362,1.159689,1.159958,0.005311,0.003738,0.004492
2025.07.15 18:00,1.1645,1.1654,1.16435,1.1652,1.159958,1.160766,1.159958,1.160631,0.005442,0.003584,0.004569
2025.07.15 19:00,1.1651,1.1652,1.1647,1.1649,1.160631,1.160631,1.160227,1.160362,0.004973,0.004069,0.004538
2025.07.15 20:00,1.1649,1.1652,1.1648,1.1649,1.160362,1.160766,1.160362,1.160497,0.004838,0.004034,0.004403
2025.07.15 22:00,1.165,1.1652,1.16455,1.16515,1.160227,1.160766,1.160227,1.160766,0.004973,0.003784,0.004384
2025.07.15 23:00,1.1652,1.16555,1.16505,1.16545,1.160766,1.16117,1.160631,1.161036,0.004919,0.00388,0.004414
2025.07.16 00:00,1.1655,1.1661,1.165,1.16555,1.161305,1.16171,1.160631,1.16117,0.005469,0.00329,0.00438
2025.07.16 01:00,1.16555,1.1663,1.1654,1.1661,1.161036,1.161845,1.161036,1.16171,0.005264,0.003555,0.00439
2025.07.16 02:00,1.16605,1.1661,1.16545,1.1658,1.16171,1.16171,1.161036,1.161305,0.005064,0.00374,0.004495
2025.07.16 03:00,1.1658,1.16635,1.16535,1.16575,1.16144,1.161845,1.16117,1.16144,0.00518,0.003505,0.00431
2025.07.16 04:00,1.16605,1.16675,1.1658,1.1667,1.16144,1.16225,1.16144,1.16225,0.00531,0.00355,0.00445
2025.07.16 05:00,1.16675,1.16685,1.1662,1.1668,1.16225,1.162385,1.161845,1.162385,0.005005,0.003815,0.004415
2025.07.16 06:00,1.16675,1.16755,1.1666,1.1675,1.16225,1.163061,1.16225,1.163061,0.0053,0.003539,0.004439
2025.07.16 07:00,1.1675,1.1676,1.166,1.1666,1.163196,1.163196,1.16171,1.16225,0.00589,0.002804,0.00435
2025.07.16 08:00,1.1666,1.16735,1.16655,1.1673,1.16225,1.162926,1.16225,1.162926,0.0051,0.003624,0.004374
2025.07.16 09:00,1.1673,1.1674,1.1661,1.1663,1.162791,1.162926,1.16171,1.161845,0.00569,0.003174,0.004455
2025.07.16 10:00,1.16635,1.1667,1.1657,1.1665,1.161845,1.16225,1.161305,1.162115,0.005395,0.00345,0.004385
2025.07.16 11:00,1.1665,1.16685,1.16485,1.1651,1.16198,1.162385,1.160497,1.160497,0.006353,0.002465,0.004603
2025.07.16 12:00,1.16515,1.16615,1.16405,1.16465,1.160631,1.161575,1.159689,1.160362,0.006461,0.002475,0.004288
2025.07.16 13:00,1.1646,1.16505,1.1611,1.16195,1.160362,1.160497,1.156872,1.157675,0.008178,0.000603,0.004275
2025.07.16 14:00,1.16205,1.1654,1.161,1.164,1.157809,1.160362,1.156738,1.159824,0.008662,0.000638,0.004176
2025.07.16 15:00,1.164,1.17695,1.1639,1.16765,1.159824,1.171921,1.159689,1.162791,0.017261,-0.008021,0.004859
2025.07.16 16:00,1.1677,1.17045,1.1663,1.1687,1.162926,1.165501,1.16198,1.164144,0.00847,0.000799,0.004556
2025.07.16 17:00,1.16875,1.17065,1.1684,1.1689,1.16428,1.166181,1.164009,1.164551,0.006641,0.002219,0.004349
2025.07.16 18:00,1.169,1.16925,1.16745,1.1676,1.164551,1.164551,1.163061,1.163196,0.006189,0.002899,0.004404
2025.07.16 19:00,1.16755,1.1685,1.16675,1.1684,1.163467,1.163873,1.16252,1.163873,0.00598,0.002877,0.004527
2025.07.16 20:00,1.16835,1.16905,1.1681,1.1689,1.163738,1.164551,1.163738,1.16428,0.005312,0.003549,0.00462
2025.07.16 22:00,1.16855,1.16885,1.16805,1.16815,1.16428,1.164551,1.163873,1.164009,0.004977,0.003499,0.004141
2025.07.16 23:00,1.1681,1.16855,1.16785,1.1681,1.163873,1.16428,1.163738,1.163873,0.004812,0.00357,0.004227
2025.07.17 00:00,1.1681,1.16815,1.1663,1.1669,1.163873,1.163873,1.162115,1.162656,0.006035,0.002427,0.004244
2025.07.17 01:00,1.167,1.1674,1.1659,1.16735,1.162791,1.163196,1.16198,1.163196,0.00542,0.002704,0.004154
2025.07.17 02:00,1.1673,1.16755,1.1662,1.16635,1.163061,1.163061,1.162115,1.16225,0.005435,0.003139,0.0041
2025.07.17 03:00,1.1664,1.1665,1.16595,1.16645,1.162115,1.16225,1.161845,1.16225,0.004655,0.0037,0.0042
2025.07.17 04:00,1.1662,1.16695,1.1662,1.16695,1.16225,1.162791,1.16198,1.162791,0.00497,0.003409,0.004159
2025.07.17 05:00,1.16695,1.16725,1.1662,1.16625,1.162791,1.162926,1.16198,1.16198,0.00527,0.003274,0.00427
2025.07.17 06:00,1.16615,1.1663,1.16185,1.16285,1.161575,1.16198,1.157943,1.158614,0.008357,-0.00013,0.004236
2025.07.17 07:00,1.16285,1.16415,1.1619,1.1636,1.158614,1.159824,1.157809,1.159555,0.006341,0.002076,0.004045
2025.07.17 08:00,1.16355,1.16505,1.16345,1.16465,1.15942,1.160766,1.159286,1.160362,0.005764,0.002684,0.004288
2025.07.17 09:00,1.1647,1.165,1.16335,1.1636,1.160631,1.160631,1.159286,1.15942,0.005714,0.002719,0.00418
2025.07.17 10:00,1.16355,1.16365,1.16285,1.16315,1.15942,1.15942,1.158749,1.158883,0.004901,0.00343,0.004267
2025.07.17 11:00,1.16315,1.1635,1.16155,1.16195,1.158883,1.159286,1.157407,1.157943,0.006093,0.002264,0.004007
2025.07.17 12:00,1.16195,1.16375,1.16015,1.16325,1.158078,1.159555,1.156872,1.159152,0.006878,0.000595,0.004098
2025.07.17 13:00,1.16325,1.1644,1.16255,1.1632,1.159286,1.160093,1.15848,1.159017,0.00592,0.002457,0.004183
2025.07.17 14:00,1.1631,1.1638,1.1623,1.1633,1.158749,1.159555,1.158212,1.159152,0.005588,0.002745,0.004148
2025.07.17 15:00,1.1633,1.1648,1.16305,1.16415,1.159017,1.160631,1.158883,1.159958,0.005917,0.002419,0.004192
2025.07.17 16:00,1.1642,1.16475,1.16285,1.16315,1.160093,1.160497,1.158749,1.159017,0.006001,0.002353,0.004133
2025.07.17 17:00,1.1631,1.1636,1.1628,1.163,1.159017,1.15942,1.158614,1.158883,0.004986,0.00338,0.004117
2025.07.17 18:00,1.163,1.16335,1.1625,1.16295,1.158749,1.159152,1.158346,1.158749,0.005004,0.003348,0.004201
2025.07.17 19:00,1.16295,1.16455,1.16295,1.1642,1.158883,1.160227,1.158749,1.160227,0.005801,0.002723,0.003973
2025.07.17 20:00,1.16425,1.16455,1.1639,1.1641,1.160227,1.160362,1.159824,1.159958,0.004726,0.003538,0.004142
2025.07.17 22:00,1.1641,1.1664,1.1641,1.16615,1.160497,1.16225,1.160362,1.162115,0.006038,0.00185,0.004035
2025.07.17 23:00,1.16615,1.16645,1.1659,1.166,1.16198,1.162385,1.161845,1.161845,0.004605,0.003515,0.004155
2025.07.18 00:00,1.16595,1.1672,1.16595,1.1669,1.16198,1.163061,1.16198,1.162791,0.00522,0.002889,0.004109
2025.07.18 01:00,1.16695,1.1679,1.16645,1.1673,1.162791,1.163738,1.16252,1.163196,0.00538,0.002712,0.004104
2025.07.18 02:00,1.16735,1.1675,1.1669,1.1674,1.163332,1.163467,1.162791,1.163332,0.004709,0.003433,0.004068
2025.07.18 03:00,1.16735,1.16765,1.16665,1.1668,1.163196,1.163332,1.162656,1.162791,0.004994,0.003318,0.004009
2025.07.18 04:00,1.1667,1.1667,1.1663,1.1664,1.162656,1.162656,1.16225,1.16225,0.00445,0.003644,0.00415
2025.07.18 05:00,1.16635,1.16655,1.16565,1.16615,1.16225,1.162385,1.161575,1.16198,0.004975,0.003265,0.00417
2025.07.18 06:00,1.1662,1.16675,1.1656,1.1665,1.16198,1.16252,1.161575,1.16252,0.005175,0.00308,0.00398
2025.07.18 07:00,1.1665,1.16755,1.16645,1.1673,1.162656,1.163332,1.162385,1.163196,0.005165,0.003118,0.004104
2025.07.18 08:00,1.16735,1.169,1.16725,1.168,1.163467,1.164687,1.163467,1.163873,0.005533,0.002563,0.004127
2025.07.18 09:00,1.168,1.1688,1.1678,1.16785,1.163873,1.164687,1.163738,1.163738,0.005062,0.003113,0.004112
2025.07.18 10:00,1.1678,1.16865,1.16765,1.16845,1.163738,1.164551,1.163603,1.164415,0.005047,0.003099,0.004035
2025.07.18 11:00,1.16845,1.1693,1.1684,1.1689,1.164415,1.16523,1.164415,1.164687,0.004884,0.00317,0.004213
2025.07.18 12:00,1.16885,1.17035,1.1688,1.17005,1.164687,1.166045,1.164687,1.165909,0.005663,0.002755,0.004141
2025.07.18 13:00,1.17015,1.1712,1.16925,1.1711,1.166045,1.167133,1.16523,1.166997,0.00597,0.002117,0.004103
2025.07.18 14:00,1.17115,1.17165,1.1689,1.16925,1.166861,1.16727,1.164822,1.165094,0.006828,0.00163,0.004156
2025.07.18 15:00,1.1693,1.17025,1.16875,1.16895,1.165094,1.166045,1.164687,1.164687,0.005563,0.002705,0.004263
2025.07.18 16:00,1.16895,1.16935,1.1671,1.1673,1.164822,1.165094,1.163061,1.163196,0.006289,0.002006,0.004104
2025.07.18 17:00,1.1673,1.16745,1.16625,1.16715,1.163061,1.163332,1.16225,1.163061,0.0052,0.002918,0.004089
2025.07.18 18:00,1.16715,1.16725,1.16635,1.16665,1.163061,1.163061,1.16225,1.162656,0.005,0.003289,0.003994
2025.07.18 19:00,1.1666,1.16675,1.16615,1.1667,1.16252,1.162656,1.16198,1.16252,0.00477,0.003494,0.00418
2025.07.18 20:00,1.16665,1.16725,1.16635,1.16665,1.16252,1.163061,1.162385,1.162656,0.004865,0.003289,0.003994
2025.07.20 23:00,1.167,1.1675,1.16685,1.16735,1.162926,1.163467,1.162791,1.163332,0.004709,0.003383,0.004018
2025.07.21 00:00,1.16735,1.168,1.16625,1.16625,1.163332,1.163873,1.16225,1.16225,0.00575,0.002377,0.004
2025.07.21 01:00,1.16625,1.16685,1.1659,1.1661,1.162115,1.162791,1.16198,1.162115,0.00487,0.003109,0.003985
2025.07.21 02:00,1.16605,1.16675,1.1658,1.16655,1.16198,1.162656,1.161845,1.16252,0.004905,0.003144,0.00403
2025.07.21 03:00,1.16655,1.1669,1.1663,1.1668,1.16252,1.162926,1.162385,1.162791,0.004515,0.003374,0.004009
2025.07.21 04:00,1.16685,1.16735,1.1667,1.1673,1.162926,1.163332,1.162656,1.163196,0.004694,0.003368,0.004104
2025.07.21 05:00,1.1673,1.1679,1.1671,1.1677,1.163196,1.163738,1.163196,1.163603,0.004704,0.003362,0.004097
2025.07.21 06:00,1.16765,1.16865,1.16725,1.1685,1.163603,1.164551,1.163332,1.164415,0.005318,0.002699,0.004084
2025.07.21 07:00,1.1685,1.1691,1.16785,1.1687,1.164415,1.164958,1.164009,1.164687,0.005091,0.002892,0.004013
2025.07.21 08:00,1.1687,1.16955,1.16795,1.1686,1.164687,1.165501,1.164009,1.164551,0.005541,0.002449,0.004049
2025.07.21 09:00,1.1686,1.1692,1.1682,1.1688,1.164687,1.165094,1.16428,1.164822,0.00492,0.003106,0.003978
2025.07.21 10:00,1.1688,1.16895,1.16785,1.1689,1.164822,1.164958,1.163738,1.164822,0.005212,0.002892,0.004078
2025.07.21 11:00,1.1689,1.1714,1.1688,1.17115,1.164958,1.16727,1.164822,1.167133,0.006578,0.00153,0.004017
2025.07.21 12:00,1.1711,1.1717,1.1706,1.17085,1.16727,1.167406,1.166725,1.166861,0.004975,0.003194,0.003989
2025.07.21 13:00,1.17085,1.1709,1.1701,1.17085,1.166725,1.166861,1.166181,1.166861,0.004719,0.003239,0.003989
2025.07.21 14:00,1.1708,1.17425,1.17075,1.17405,1.166861,1.170138,1.166861,1.170138,0.007389,0.000612,0.003912
2025.07.21 15:00,1.174,1.1761,1.17395,1.1749,1.170138,1.171921,1.170138,1.170823,0.005962,0.002029,0.004077
2025.07.21 16:00,1.17485,1.175,1.17395,1.1744,1.170686,1.170823,1.170001,1.170412,0.004999,0.003127,0.003988
2025.07.21 17:00,1.1744,1.17455,1.17295,1.1735,1.170412,1.170412,1.169044,1.169454,0.005506,0.002538,0.004046
2025.07.21 18:00,1.1734,1.1739,1.173,1.17375,1.169454,1.169864,1.169044,1.169591,0.004856,0.003136,0.004159
2025.07.21 19:00,1.1738,1.174,1.17325,1.1733,1.169727,1.169864,1.169317,1.169317,0.004683,0.003386,0.003983
2025.07.21 20:00,1.1733,1.1741,1.1732,1.17395,1.169317,1.170001,1.16918,1.169864,0.00492,0.003199,0.004086
2025.07.21 22:00,1.174,1.174,1.1735,1.1737,1.169727,1.169864,1.169591,1.169727,0.004409,0.003636,0.003973
2025.07.21 23:00,1.17375,1.17385,1.1733,1.17375,1.169864,1.169864,1.169454,1.169727,0.004396,0.003436,0.004023
2025.07.22 00:00,1.1738,1.17385,1.17265,1.17315,1.169591,1.169727,1.16877,1.16918,0.00508,0.002923,0.00397
2025.07.22 01:00,1.1732,1.17335,1.17255,1.17315,1.169317,1.169317,1.168634,1.16918,0.004716,0.003233,0.00397
2025.07.22 02:00,1.17315,1.17385,1.17315,1.1734,1.169317,1.169864,1.16918,1.169454,0.00467,0.003286,0.003946
2025.07.22 03:00,1.1734,1.1734,1.1728,1.17305,1.169317,1.169454,1.168907,1.169044,0.004493,0.003346,0.004006
2025.07.22 04:00,1.1731,1.17375,1.17305,1.17315,1.16918,1.169727,1.168907,1.16918,0.004843,0.003323,0.00397
2025.07.22 05:00,1.17315,1.17355,1.1726,1.173,1.16918,1.169591,1.168634,1.16918,0.004916,0.003009,0.00382
2025.07.22 06:00,1.173,1.1735,1.17275,1.17335,1.168907,1.169454,1.168907,1.169454,0.004593,0.003296,0.003896
2025.07.22 07:00,1.17335,1.17355,1.1725,1.17295,1.169317,1.169454,1.168634,1.168907,0.004916,0.003046,0.004043
2025.07.22 08:00,1.17295,1.17465,1.1727,1.17415,1.16877,1.170549,1.16877,1.170138,0.00588,0.002151,0.004012
2025.07.22 09:00,1.1742,1.175,1.17365,1.17485,1.170275,1.170823,1.169727,1.170823,0.005273,0.002827,0.004027
2025.07.22 10:00,1.1749,1.1753,1.1743,1.1745,1.170823,1.171234,1.170412,1.170549,0.004888,0.003065,0.003951
2025.07.22 11:00,1.17455,1.17475,1.17375,1.17445,1.170549,1.170686,1.169864,1.170549,0.004886,0.003064,0.003901
2025.07.22 12:00,1.17445,1.17485,1.1726,1.17335,1.170686,1.170686,1.16877,1.169317,0.00608,0.001914,0.004033
2025.07.22 13:00,1.1734,1.17475,1.17215,1.1747,1.169591,1.170686,1.168224,1.170686,0.006526,0.001464,0.004014
2025.07.22 14:00,1.17475,1.17705,1.1734,1.17655,1.170412,1.172883,1.169454,1.172608,0.007596,0.000517,0.003942
2025.07.22 15:00,1.17655,1.17925,1.1758,1.17915,1.17247,1.175226,1.171921,1.175226,0.007329,0.000574,0.003924
2025.07.22 16:00,1.17915,1.1804,1.17885,1.17985,1.174812,1.176332,1.174812,1.175917,0.005588,0.002518,0.003933
2025.07.22 17:00,1.1799,1.1799,1.1787,1.17895,1.175917,1.175917,1.174674,1.17495,0.005226,0.002783,0.004
2025.07.22 18:00,1.1789,1.1792,1.17855,1.17915,1.174812,1.175088,1.174536,1.175088,0.004664,0.003462,0.004062
2025.07.22 19:00,1.1791,1.17965,1.17885,1.17945,1.175088,1.175641,1.17495,1.175641,0.0047,0.003209,0.003809
2025.07.22 20:00,1.17945,1.17995,1.17885,1.17975,1.175364,1.175779,1.17495,1.175779,0.005,0.003071,0.003971
2025.07.22 22:00,1.17955,1.17955,1.1789,1.1791,1.175364,1.175364,1.175088,1.175226,0.004462,0.003536,0.003874
2025.07.22 23:00,1.1791,1.17985,1.17785,1.17805,1.175226,1.175917,1.173985,1.174122,0.005865,0.001933,0.003928
2025.07.23 00:00,1.17805,1.179,1.1776,1.1789,1.17426,1.175088,1.173709,1.175088,0.005291,0.002512,0.003812
2025.07.23 01:00,1.179,1.1791,1.1773,1.17795,1.175088,1.175088,1.173434,1.173985,0.005666,0.002212,0.003965
2025.07.23 02:00,1.178,1.17845,1.17755,1.1777,1.17426,1.174398,1.173709,1.173847,0.004741,0.003152,0.003853
2025.07.23 03:00,1.17775,1.17885,1.1776,1.17815,1.173847,1.17495,1.173847,1.17426,0.005003,0.00265,0.00389
2025.07.23 04:00,1.178,1.1781,1.17745,1.17775,1.17426,1.17426,1.173709,1.173847,0.004391,0.00319,0.003903
2025.07.23 05:00,1.1777,1.17805,1.17695,1.17725,1.173847,1.174122,1.173158,1.173296,0.004892,0.002828,0.003954
2025.07.23 06:00,1.17725,1.17855,1.17725,1.17845,1.173571,1.174536,1.173434,1.174536,0.005116,0.002714,0.003914
2025.07.23 07:00,1.17845,1.17955,1.17765,1.1784,1.174536,1.175364,1.173709,1.174536,0.005841,0.002286,0.003864
2025.07.23 08:00,1.17845,1.1791,1.1773,1.1775,1.174398,1.175088,1.173571,1.173571,0.005529,0.002212,0.003929
2025.07.23 09:00,1.17745,1.17815,1.17725,1.1778,1.173847,1.17426,1.173434,1.173847,0.004717,0.00299,0.003953
2025.07.23 10:00,1.17785,1.17785,1.17655,1.17685,1.173847,1.173847,1.172745,1.172883,0.005105,0.002703,0.003967
2025.07.23 11:00,1.17685,1.17735,1.1765,1.1768,1.172745,1.173434,1.172745,1.172883,0.004605,0.003066,0.003917
2025.07.23 12:00,1.17685,1.1776,1.17625,1.1767,1.172745,1.173571,1.17247,1.172745,0.00513,0.002679,0.003955
2025.07.23 13:00,1.1767,1.17725,1.1753,1.17685,1.172883,1.173296,1.171509,1.173158,0.005741,0.002004,0.003692
2025.07.23 14:00,1.1769,1.17805,1.17655,1.1776,1.17302,1.174122,1.172745,1.173709,0.005305,0.002428,0.003891
2025.07.23 15:00,1.17755,1.18005,1.1764,1.1789,1.173571,1.175779,1.172608,1.175503,0.007442,0.000621,0.003397
2025.07.23 16:00,1.17895,1.1803,1.17855,1.1793,1.175088,1.176194,1.174812,1.175364,0.005488,0.002356,0.003936
2025.07.23 17:00,1.17945,1.18075,1.1788,1.1802,1.175641,1.176886,1.175088,1.176332,0.005662,0.001914,0.003868
2025.07.23 18:00,1.1802,1.1816,1.1802,1.1814,1.176332,1.177718,1.176332,1.177579,0.005268,0.002482,0.003821
2025.07.23 19:00,1.1814,1.18175,1.18105,1.1816,1.177718,1.177856,1.177163,1.177579,0.004587,0.003194,0.004021
2025.07.23 20:00,1.1816,1.1818,1.1809,1.1816,1.177718,1.177856,1.177024,1.177579,0.004776,0.003044,0.004021
2025.07.23 22:00,1.1812,1.1816,1.1811,1.1814,1.17744,1.177856,1.17744,1.177718,0.00416,0.003244,0.003682
2025.07.23 23:00,1.1814,1.18225,1.1813,1.18135,1.177718,1.178273,1.177718,1.177718,0.004532,0.003027,0.003632
2025.07.24 00:00,1.18135,1.18135,1.18025,1.18075,1.177718,1.177718,1.176609,1.177163,0.004741,0.002532,0.003587
2025.07.24 01:00,1.18075,1.182,1.18075,1.1815,1.177163,1.178273,1.177163,1.177856,0.004837,0.002477,0.003644
2025.07.24 02:00,1.18145,1.18185,1.1811,1.1817,1.177718,1.178134,1.17744,1.177995,0.00441,0.002966,0.003705
2025.07.24 03:00,1.1817,1.18205,1.1814,1.1816,1.177995,1.178273,1.177856,1.177856,0.004194,0.003127,0.003744
2025.07.24 04:00,1.18155,1.1818,1.18145,1.18145,1.177718,1.178134,1.177579,1.177718,0.004221,0.003316,0.003732
2025.07.24 05:00,1.18145,1.18185,1.18105,1.1811,1.177718,1.178134,1.17744,1.17744,0.00441,0.002916,0.00366
2025.07.24 06:00,1.1811,1.18135,1.17975,1.17975,1.17744,1.177579,1.176194,1.176194,0.005156,0.002171,0.003556
2025.07.24 07:00,1.17975,1.182,1.17955,1.1802,1.175917,1.177163,1.175917,1.176471,0.006083,0.002387,0.003729
2025.07.24 08:00,1.18025,1.18085,1.1796,1.17985,1.176747,1.177163,1.176055,1.176055,0.004795,0.002437,0.003795
2025.07.24 09:00,1.1798,1.1799,1.1787,1.17925,1.176055,1.176194,1.175088,1.175503,0.004812,0.002506,0.003747
2025.07.24 10:00,1.1793,1.1795,1.17845,1.17895,1.175503,1.175779,1.174812,1.175226,0.004688,0.002671,0.003724
2025.07.24 11:00,1.17895,1.17965,1.1786,1.1796,1.175226,1.175917,1.17495,1.175917,0.0047,0.002683,0.003683
2025.07.24 12:00,1.17955,1.17985,1.1772,1.1776,1.175917,1.176194,1.173709,1.173985,0.006141,0.001006,0.003615
2025.07.24 13:00,1.17765,1.1817,1.1771,1.1811,1.173709,1.177856,1.173709,1.17744,0.007991,-0.000756,0.00366
2025.07.24 14:00,1.1812,1.1829,1.18015,1.18065,1.177579,1.179106,1.176747,1.177024,0.006153,0.001044,0.003626
2025.07.24 15:00,1.18065,1.18185,1.1796,1.1805,1.177024,1.178134,1.176055,1.176886,0.005795,0.001466,0.003614
2025.07.24 16:00,1.18055,1.1814,1.17965,1.1803,1.176747,1.177579,1.176194,1.176609,0.005206,0.002071,0.003691
2025.07.24 17:00,1.18025,1.182,1.18005,1.181,1.176609,1.178134,1.176471,1.177302,0.00553,0.001916,0.003698
2025.07.24 18:00,1.181,1.18115,1.18025,1.18055,1.177302,1.177302,1.176609,1.177024,0.004541,0.002948,0.003525
2025.07.24 19:00,1.18055,1.181,1.17985,1.1799,1.176886,1.177302,1.176194,1.176194,0.004806,0.002548,0.003706
2025.07.24 20:00,1.17985,1.18005,1.17855,1.17885,1.176194,1.176332,1.17495,1.175503,0.0051,0.002218,0.003348
2025.07.24 22:00,1.1788,1.17925,1.1784,1.1792,1.174812,1.175641,1.174812,1.175641,0.004438,0.002759,0.003559
2025.07.24 23:00,1.1792,1.17965,1.17895,1.17945,1.175503,1.176055,1.175364,1.175779,0.004286,0.002895,0.003671
2025.07.25 00:00,1.17945,1.17985,1.17885,1.1794,1.175917,1.176194,1.175226,1.175779,0.004624,0.002656,0.003621
2025.07.25 01:00,1.17945,1.1798,1.17785,1.17825,1.175917,1.176194,1.17426,1.174674,0.00554,0.001656,0.003576
2025.07.25 02:00,1.17825,1.17835,1.1773,1.1778,1.174674,1.174674,1.173847,1.174122,0.004503,0.002626,0.003678
2025.07.25 03:00,1.1778,1.1785,1.1776,1.1782,1.174122,1.174812,1.174122,1.174674,0.004378,0.002788,0.003526
2025.07.25 04:00,1.1785,1.17855,1.1774,1.17795,1.174536,1.17495,1.173985,1.174398,0.004565,0.00245,0.003552
2025.07.25 05:00,1.178,1.17885,1.17765,1.1786,1.174536,1.175088,1.174122,1.175088,0.004728,0.002562,0.003512
2025.07.25 06:00,1.17865,1.18005,1.1781,1.1787,1.175226,1.176332,1.174536,1.175226,0.005514,0.001768,0.003474
2025.07.25 07:00,1.17875,1.17985,1.17875,1.1792,1.175503,1.176194,1.175226,1.175641,0.004624,0.002556,0.003559
2025.07.25 08:00,1.1792,1.1797,1.17805,1.17825,1.175917,1.175917,1.174536,1.174674,0.005164,0.002133,0.003576
2025.07.25 09:00,1.17825,1.1783,1.1772,1.17745,1.174674,1.174674,1.173709,1.173847,0.004591,0.002526,0.003603
2025.07.25 10:00,1.17745,1.1777,1.1764,1.17675,1.173709,1.174122,1.172883,1.17302,0.004817,0.002278,0.003729
2025.07.25 11:00,1.17675,1.177,1.17505,1.17605,1.17302,1.173434,1.171646,1.17247,0.005354,0.001616,0.00358
2025.07.25 12:00,1.1761,1.17665,1.17505,1.17575,1.17247,1.17302,1.171646,1.172196,0.005004,0.00203,0.003554
2025.07.25 13:00,1.1758,1.17715,1.17425,1.1761,1.172333,1.17302,1.17096,1.172608,0.00619,0.00123,0.003492
2025.07.25 14:00,1.1761,1.1775,1.176,1.17685,1.172745,1.173847,1.172745,1.173434,0.004755,0.002153,0.003416
2025.07.25 15:00,1.1769,1.1778,1.1761,1.17675,1.173434,1.17426,1.172745,1.173296,0.005055,0.00184,0.003454
2025.07.25 16:00,1.17685,1.177,1.1759,1.1768,1.173296,1.173434,1.17247,1.173296,0.00453,0.002466,0.003504
2025.07.25 17:00,1.1768,1.17785,1.1768,1.1776,1.173296,1.17426,1.173296,1.174122,0.004554,0.00254,0.003478
2025.07.25 18:00,1.1776,1.1786,1.1775,1.1785,1.173985,1.17495,1.173985,1.17495,0.004615,0.00255,0.00355
2025.07.25 19:00,1.17845,1.17865,1.17805,1.17835,1.174812,1.175088,1.174536,1.174812,0.004114,0.002962,0.003538
2025.07.25 20:00,1.1783,1.17835,1.17765,1.178,1.174674,1.174674,1.174122,1.174536,0.004228,0.002976,0.003464
2025.07.28 00:00,1.18075,1.1809,1.1793,1.18025,1.176055,1.17744,1.175917,1.176747,0.004983,0.00186,0.003503
2025.07.28 01:00,1.18025,1.1808,1.1786,1.1791,1.176886,1.177163,1.175226,1.175641,0.005574,0.001437,0.003459
2025.07.28 02:00,1.17905,1.17955,1.17845,1.1794,1.175364,1.176055,1.175088,1.175917,0.004462,0.002395,0.003483
2025.07.28 03:00,1.17915,1.17955,1.179,1.1795,1.175779,1.176055,1.175503,1.175917,0.004048,0.002945,0.003583
2025.07.28 04:00,1.17955,1.17965,1.1784,1.1786,1.176055,1.176194,1.17495,1.175088,0.0047,0.002206,0.003512
2025.07.28 05:00,1.17855,1.17865,1.17775,1.1779,1.17495,1.175088,1.174398,1.174398,0.004252,0.002662,0.003502
2025.07.28 06:00,1.17795,1.1783,1.1749,1.17595,1.174398,1.174674,1.171646,1.172608,0.006654,0.000226,0.003342
2025.07.28 07:00,1.17595,1.17625,1.1709,1.1713,1.17247,1.172608,1.167951,1.167951,0.008299,-0.001708,0.003349
2025.07.28 08:00,1.1713,1.17285,1.1709,1.17175,1.167815,1.169317,1.167542,1.168224,0.005308,0.001583,0.003526
2025.07.28 09:00,1.1717,1.17225,1.16965,1.17055,1.168361,1.16877,1.166725,1.166997,0.005525,0.00088,0.003553
2025.07.28 10:00,1.1705,1.17105,1.1693,1.16965,1.167133,1.167406,1.165909,1.166317,0.005141,0.001894,0.003333
2025.07.28 11:00,1.16965,1.16975,1.1682,1.1689,1.166181,1.166181,1.164958,1.165365,0.004792,0.002019,0.003535
2025.07.28 12:00,1.16895,1.1703,1.1686,1.1696,1.165773,1.166725,1.16523,1.166045,0.00507,0.001875,0.003555
2025.07.28 13:00,1.1696,1.17005,1.1664,1.1671,1.166181,1.166589,1.163196,1.163738,0.006854,-0.000189,0.003362
2025.07.28 14:00,1.16715,1.16855,1.1669,1.16755,1.163738,1.164958,1.163467,1.164144,0.005083,0.001942,0.003406
2025.07.28 15:00,1.16755,1.1677,1.16455,1.16465,1.164009,1.164144,1.161305,1.161305,0.006395,0.000406,0.003345
2025.07.28 16:00,1.1647,1.16485,1.1636,1.1637,1.161305,1.161305,1.160227,1.160227,0.004623,0.002295,0.003473
2025.07.28 17:00,1.1637,1.164,1.16265,1.16295,1.160227,1.160497,1.159286,1.15942,0.004714,0.002153,0.00353
2025.07.28 18:00,1.16305,1.1633,1.1623,1.1633,1.159555,1.159824,1.158883,1.159824,0.004417,0.002476,0.003476
2025.07.28 19:00,1.1633,1.1634,1.1627,1.1629,1.159824,1.159824,1.159286,1.15942,0.004114,0.002876,0.00348
2025.07.28 20:00,1.1629,1.16325,1.1623,1.1625,1.15942,1.159689,1.158883,1.159152,0.004367,0.002611,0.003348
2025.07.28 22:00,1.1625,1.16315,1.16245,1.16305,1.159286,1.159824,1.159152,1.159689,0.003998,0.002626,0.003361
2025.07.28 23:00,1.1631,1.1634,1.16265,1.16335,1.159689,1.159958,1.159286,1.159958,0.004114,0.002692,0.003392
2025.07.29 00:00,1.1633,1.1635,1.16215,1.1622,1.159958,1.159958,1.158883,1.158883,0.004617,0.002192,0.003317
2025.07.29 01:00,1.16225,1.1636,1.16225,1.1628,1.159017,1.160093,1.159017,1.159286,0.004583,0.002157,0.003514
2025.07.29 02:00,1.16285,1.1636,1.16285,1.1634,1.159555,1.160227,1.159555,1.160093,0.004045,0.002623,0.003307
2025.07.29 03:00,1.1634,1.16355,1.16185,1.16215,1.159958,1.160093,1.158614,1.158749,0.004936,0.001757,0.003401
2025.07.29 04:00,1.16185,1.1626,1.1612,1.1626,1.158614,1.159152,1.157943,1.159017,0.004657,0.002048,0.003583
2025.07.29 05:00,1.16255,1.16275,1.16145,1.1616,1.159152,1.159286,1.158212,1.158212,0.004538,0.002164,0.003388
2025.07.29 06:00,1.16155,1.1623,1.1569,1.1571,1.158212,1.158749,1.153935,1.153935,0.008365,-0.001849,0.003165
2025.07.29 07:00,1.15715,1.15915,1.15635,1.15915,1.154068,1.155668,1.15327,1.155668,0.00588,0.000682,0.003482
2025.07.29 08:00,1.15915,1.16065,1.1589,1.1606,1.155668,1.157274,1.155535,1.157274,0.005115,0.001626,0.003326
2025.07.29 09:00,1.16065,1.16215,1.16,1.1614,1.157675,1.158749,1.156738,1.157943,0.005412,0.001251,0.003456
2025.07.29 10:00,1.1614,1.16255,1.16095,1.1611,1.157943,1.159017,1.157675,1.157675,0.004875,0.001933,0.003425
2025.07.29 11:00,1.16115,1.1612,1.15745,1.1577,1.157675,1.157809,1.154201,1.154468,0.006999,-0.00036,0.003232
2025.07.29 12:00,1.1577,1.1579,1.15615,1.15615,1.154201,1.154468,1.153136,1.153136,0.004763,0.001682,0.003013
2025.07.29 13:00,1.15615,1.1584,1.1556,1.15825,1.152738,1.155001,1.152339,1.155001,0.006061,0.000599,0.003249
2025.07.29 14:00,1.15825,1.1589,1.15585,1.15595,1.155135,1.155135,1.152605,1.152605,0.006295,0.000715,0.003345
2025.07.29 15:00,1.15595,1.1578,1.15585,1.15705,1.152605,1.154335,1.152605,1.153403,0.005195,0.001516,0.003647
2025.07.29 16:00,1.15705,1.15865,1.15705,1.15785,1.153802,1.155135,1.153802,1.154601,0.004848,0.001915,0.003249
2025.07.29 17:00,1.15785,1.15975,1.1576,1.15785,1.154468,1.156203,1.154468,1.154468,0.005282,0.001397,0.003382
2025.07.29 18:00,1.15785,1.15875,1.1574,1.1587,1.154468,1.155268,1.154201,1.155268,0.004549,0.002132,0.003432
2025.07.29 19:00,1.15875,1.15945,1.1586,1.15865,1.155402,1.156069,1.155268,1.155402,0.004182,0.002531,0.003248
2025.07.29 20:00,1.15865,1.15895,1.1581,1.1582,1.155402,1.155668,1.154868,1.154868,0.004082,0.002432,0.003332
2025.07.29 22:00,1.1581,1.1587,1.1581,1.1586,1.155135,1.155402,1.155001,1.155402,0.003699,0.002698,0.003198
2025.07.29 23:00,1.15865,1.1587,1.1583,1.1587,1.155268,1.155402,1.155001,1.155402,0.003699,0.002898,0.003298
2025.07.30 00:00,1.1587,1.1604,1.1587,1.16035,1.155402,1.15714,1.155402,1.15714,0.004998,0.00156,0.00321
2025.07.30 01:00,1.16035,1.16085,1.15965,1.16005,1.157274,1.157541,1.15647,1.156738,0.00438,0.002109,0.003312
2025.07.30 02:00,1.16005,1.16045,1.1597,1.16,1.156738,1.15714,1.15647,1.156604,0.00398,0.00256,0.003396
2025.07.30 03:00,1.16,1.16065,1.15935,1.1598,1.156738,1.157407,1.156203,1.15647,0.004447,0.001943,0.00333
2025.07.30 04:00,1.15895,1.1593,1.1587,1.15875,1.15647,1.15647,1.155402,1.155535,0.003898,0.00223,0.003215
2025.07.30 05:00,1.1587,1.15955,1.15845,1.15865,1.155402,1.156337,1.155268,1.155268,0.004282,0.002113,0.003382
2025.07.30 06:00,1.15865,1.1597,1.1576,1.1593,1.155402,1.156337,1.154335,1.156069,0.005365,0.001263,0.003231
2025.07.30 07:00,1.15925,1.16045,1.1587,1.1589,1.155936,1.156872,1.155535,1.155668,0.004915,0.001828,0.003232
2025.07.30 08:00,1.1589,1.1596,1.15845,1.1593,1.155802,1.156203,1.155268,1.156069,0.004332,0.002247,0.003231
2025.07.30 09:00,1.15925,1.1597,1.1581,1.1588,1.156069,1.156337,1.154868,1.155402,0.004832,0.001763,0.003398
2025.07.30 10:00,1.1588,1.15915,1.15685,1.15755,1.155535,1.155802,1.153536,1.154468,0.005614,0.001048,0.003082
2025.07.30 11:00,1.15755,1.1577,1.15575,1.15675,1.154335,1.154335,1.152605,1.153403,0.005095,0.001415,0.003347
2025.07.30 12:00,1.15675,1.15705,1.1504,1.1509,1.153536,1.153802,1.147315,1.147315,0.009735,-0.003402,0.003585
2025.07.30 13:00,1.15085,1.1517,1.14935,1.1505,1.14771,1.148106,1.146132,1.14692,0.005568,0.001244,0.00358
2025.07.30 14:00,1.1505,1.1518,1.1501,1.15165,1.147579,1.148501,1.14692,1.148501,0.00488,0.001599,0.003149
2025.07.30 15:00,1.1516,1.15215,1.1499,1.15045,1.148237,1.148765,1.14692,1.147184,0.00523,0.001135,0.003266
2025.07.30 16:00,1.1505,1.151,1.1501,1.15095,1.147315,1.14771,1.14692,1.14771,0.00408,0.00239,0.00324
2025.07.30 17:00,1.151,1.15185,1.151,1.15185,1.147842,1.148501,1.147842,1.148501,0.004008,0.002499,0.003349
2025.07.30 18:00,1.15165,1.1539,1.14595,1.146,1.149161,1.150218,1.143118,1.14338,0.010782,-0.004269,0.00262
2025.07.30 19:00,1.146,1.1472,1.1449,1.14605,1.142988,1.143772,1.141944,1.142465,0.005256,0.001128,0.003585
2025.07.30 20:00,1.146,1.14655,1.1437,1.14405,1.142727,1.143249,1.140511,1.140641,0.006039,0.000451,0.003409
2025.07.30 22:00,1.14375,1.14585,1.1437,1.1457,1.140901,1.142727,1.140901,1.142727,0.004949,0.000973,0.002973
2025.07.30 23:00,1.1457,1.1464,1.1453,1.1462,1.142465,1.14338,1.142335,1.143118,0.004065,0.00192,0.003082
2025.07.31 00:00,1.1462,1.14715,1.1462,1.14675,1.143118,1.143903,1.143118,1.143772,0.004032,0.002297,0.002978
2025.07.31 01:00,1.1468,1.14715,1.14575,1.14645,1.143772,1.144034,1.142727,1.143249,0.004423,0.001716,0.003201
2025.07.31 02:00,1.14645,1.14655,1.1455,1.14625,1.14338,1.143511,1.142465,1.143249,0.004085,0.001989,0.003001
2025.07.31 03:00,1.1463,1.1468,1.14415,1.14565,1.143249,1.143772,1.141292,1.142727,0.005508,0.000378,0.002923
2025.07.31 04:00,1.14555,1.147,1.1454,1.14695,1.142596,1.143641,1.142465,1.143641,0.004534,0.001759,0.003309
2025.07.31 05:00,1.1469,1.14765,1.1465,1.14695,1.143772,1.144558,1.143511,1.144034,0.004139,0.001942,0.002916
2025.07.31 06:00,1.14705,1.1494,1.1469,1.1492,1.144034,1.146263,1.144034,1.146263,0.005366,0.000637,0.002937
2025.07.31 07:00,1.14915,1.14915,1.14665,1.1482,1.145869,1.146132,1.144034,1.145344,0.005116,0.000518,0.002856
2025.07.31 08:00,1.1482,1.1489,1.14715,1.1483,1.145213,1.145738,1.144296,1.145213,0.004604,0.001412,0.003087
2025.07.31 09:00,1.1484,1.14845,1.14665,1.14665,1.145344,1.145344,1.143772,1.143903,0.004678,0.001306,0.002747
2025.07.31 10:00,1.14665,1.1475,1.14545,1.1473,1.143641,1.144296,1.142465,1.144296,0.005035,0.001154,0.003004
2025.07.31 11:00,1.1473,1.14845,1.147,1.14825,1.144296,1.145344,1.144034,1.145344,0.004416,0.001656,0.002906
2025.07.31 12:00,1.14825,1.1485,1.14585,1.14625,1.145213,1.145344,1.142857,1.143118,0.005643,0.000506,0.003132
2025.07.31 13:00,1.14625,1.14635,1.1439,1.1445,1.143249,1.143249,1.141032,1.141422,0.005319,0.000651,0.003078
2025.07.31 14:00,1.14445,1.14835,1.14405,1.1478,1.141422,1.145213,1.141162,1.144951,0.007188,-0.001163,0.002849
2025.07.31 15:00,1.1478,1.14835,1.1462,1.14645,1.14482,1.145213,1.143249,1.143641,0.005101,0.000987,0.002809
2025.07.31 16:00,1.14635,1.1466,1.14555,1.1456,1.143118,1.14338,1.142465,1.142596,0.004135,0.00217,0.003004
2025.07.31 17:00,1.1456,1.1458,1.14485,1.1453,1.142596,1.142727,1.141944,1.142335,0.003856,0.002123,0.002965
2025.07.31 18:00,1.1453,1.1466,1.1449,1.146,1.142074,1.143641,1.141944,1.142988,0.004656,0.001259,0.003012
2025.07.31 19:00,1.14605,1.1466,1.14455,1.14465,1.143118,1.14338,1.141553,1.141553,0.005047,0.00117,0.003097
2025.07.31 20:00,1.14465,1.14515,1.1443,1.145,1.141422,1.142074,1.141292,1.141813,0.003858,0.002226,0.003187
2025.07.31 22:00,1.145,1.1456,1.1447,1.14505,1.142074,1.142596,1.141944,1.141944,0.003656,0.002104,0.003106
2025.07.31 23:00,1.14505,1.1459,1.14445,1.14545,1.141944,1.142857,1.141553,1.142465,0.004347,0.001593,0.002985
2025.08.01 00:00,1.14545,1.14615,1.14485,1.1457,1.142465,1.143249,1.142074,1.142857,0.004076,0.001601,0.002843
2025.08.01 01:00,1.14565,1.14615,1.14375,1.1439,1.142727,1.143118,1.140771,1.140901,0.005379,0.000632,0.002999
2025.08.01 02:00,1.14395,1.1448,1.1439,1.14435,1.141032,1.141813,1.141032,1.141422,0.003768,0.002087,0.002928
2025.08.01 03:00,1.14445,1.14545,1.14435,1.145,1.141553,1.142465,1.141553,1.142074,0.003897,0.001885,0.002926
2025.08.01 04:00,1.14505,1.1454,1.1448,1.14515,1.142074,1.142465,1.141944,1.142335,0.003456,0.002334,0.002815
2025.08.01 05:00,1.14515,1.14675,1.1449,1.14635,1.142074,1.143641,1.141944,1.143641,0.004806,0.001259,0.002709
2025.08.01 06:00,1.1463,1.14705,1.1459,1.1462,1.143511,1.144034,1.142988,1.143249,0.004062,0.001866,0.002951
2025.08.01 07:00,1.1462,1.14665,1.1445,1.1451,1.14338,1.143641,1.141683,1.142204,0.004967,0.000859,0.002896
2025.08.01 08:00,1.14515,1.1453,1.14375,1.1439,1.142204,1.142335,1.140901,1.141162,0.004399,0.001415,0.002738
2025.08.01 09:00,1.14395,1.14455,1.1426,1.14335,1.141032,1.141553,1.139731,1.140381,0.004819,0.001047,0.002969
2025.08.01 10:00,1.1434,1.145,1.14335,1.14445,1.140511,1.142074,1.140511,1.141553,0.004489,0.001276,0.002897
2025.08.01 11:00,1.14445,1.14555,1.1437,1.14375,1.141553,1.142596,1.140901,1.140901,0.004649,0.001104,0.002849
2025.08.01 12:00,1.14375,1.1592,1.1424,1.15785,1.140771,1.155668,1.139601,1.154601,0.019599,-0.013268,0.003249
2025.08.01 13:00,1.15785,1.1616,1.157,1.15945,1.155402,1.158614,1.154201,1.156337,0.007399,-0.001614,0.003113
2025.08.01 14:00,1.15975,1.16215,1.1584,1.15895,1.157809,1.158346,1.155668,1.155802,0.006482,5.4e-05,0.003148
2025.08.01 15:00,1.1589,1.15985,1.1569,1.15875,1.155668,1.156872,1.154068,1.155936,0.005782,2.8e-05,0.002814
2025.08.01 16:00,1.1587,1.1598,1.1571,1.1573,1.155668,1.156604,1.154201,1.154468,0.005599,0.000496,0.002832
2025.08.01 17:00,1.1572,1.15725,1.15495,1.156,1.154201,1.154201,1.152074,1.152871,0.005176,0.000749,0.003129
2025.08.01 18:00,1.156,1.15815,1.1555,1.15585,1.153136,1.155001,1.152472,1.153136,0.005678,0.000499,0.002714
2025.08.01 19:00,1.1559,1.1615,1.15565,1.16025,1.153004,1.15848,1.152871,1.157274,0.008629,-0.00283,0.002976
2025.08.01 20:00,1.1602,1.16305,1.16015,1.16195,1.157274,1.159958,1.157274,1.159017,0.005777,0.000192,0.002933
2025.08.03 23:00,1.1616,1.1623,1.161,1.162,1.158749,1.159286,1.158212,1.159152,0.004088,0.001714,0.002848
2025.08.04 00:00,1.162,1.16215,1.1588,1.159,1.159152,1.159152,1.156069,1.156069,0.006081,-0.000352,0.002931
2025.08.04 01:00,1.159,1.1604,1.1582,1.16035,1.155936,1.157541,1.155402,1.157407,0.004998,0.000659,0.002943
2025.08.04 02:00,1.16035,1.161,1.16,1.1608,1.157809,1.158078,1.157274,1.157943,0.003726,0.001922,0.002856
2025.08.04 03:00,1.1608,1.1618,1.1608,1.16105,1.158078,1.158883,1.158078,1.158212,0.003722,0.001917,0.002838
2025.08.04 04:00,1.16105,1.16175,1.1607,1.1607,1.158212,1.158883,1.157809,1.157809,0.00394,0.001817,0.00289
2025.08.04 05:00,1.1607,1.16145,1.1599,1.16025,1.157809,1.15848,1.157006,1.157407,0.004444,0.00142,0.002843
2025.08.04 06:00,1.16025,1.16155,1.15955,1.16035,1.157274,1.158614,1.156738,1.157541,0.004812,0.000936,0.002809
2025.08.04 07:00,1.16035,1.16105,1.15825,1.1596,1.157407,1.158212,1.155535,1.156738,0.005515,3.8e-05,0.002862
2025.08.04 08:00,1.15955,1.1597,1.1582,1.15905,1.15647,1.156738,1.155402,1.156069,0.004298,0.001462,0.002981
2025.08.04 09:00,1.159,1.16095,1.15875,1.15965,1.156203,1.157943,1.155936,1.156738,0.005014,0.000807,0.002912
2025.08.04 10:00,1.1597,1.1609,1.15865,1.1606,1.156872,1.157943,1.155802,1.157675,0.005098,0.000707,0.002925
2025.08.04 11:00,1.1606,1.16185,1.15965,1.1599,1.157675,1.158883,1.156872,1.157006,0.004978,0.000767,0.002894
2025.08.04 12:00,1.1599,1.1621,1.15925,1.16075,1.157006,1.159152,1.15647,1.157943,0.00563,9.8e-05,0.002807
2025.08.04 13:00,1.16075,1.16205,1.16045,1.16075,1.157943,1.159152,1.157809,1.157809,0.004241,0.001298,0.002941
2025.08.04 14:00,1.1608,1.16195,1.1589,1.1596,1.158078,1.159017,1.156069,1.156738,0.005881,-0.000117,0.002862
2025.08.04 15:00,1.15955,1.1609,1.1593,1.1599,1.156872,1.157809,1.15647,1.15714,0.00443,0.00149,0.00276
2025.08.04 16:00,1.15995,1.16075,1.15895,1.16045,1.157274,1.157809,1.156203,1.157541,0.004547,0.00114,0.002909
2025.08.04 17:00,1.16045,1.16065,1.15965,1.1605,1.157407,1.157675,1.156604,1.157675,0.004046,0.001975,0.002825
2025.08.04 18:00,1.1605,1.16105,1.15955,1.1597,1.157675,1.158078,1.156872,1.156872,0.004178,0.001472,0.002828
2025.08.04 19:00,1.1597,1.1605,1.15955,1.16,1.15714,1.157541,1.156738,1.157006,0.003762,0.002009,0.002994
2025.08.04 20:00,1.16,1.16085,1.15975,1.16055,1.157006,1.157943,1.157006,1.157675,0.003844,0.001806,0.002875
2025.08.04 22:00,1.1604,1.1613,1.16005,1.1611,1.157541,1.15848,1.157541,1.158078,0.003759,0.00157,0.003022
2025.08.04 23:00,1.1611,1.16175,1.1609,1.16155,1.158212,1.158883,1.158212,1.158749,0.003538,0.002017,0.002801
2025.08.05 00:00,1.16165,1.162,1.1602,1.16035,1.158883,1.159152,1.157541,1.157541,0.004459,0.001048,0.002809
2025.08.05 01:00,1.1603,1.1606,1.15915,1.15955,1.157541,1.157675,1.156337,1.156738,0.004263,0.001475,0.002812
2025.08.05 02:00,1.15955,1.15955,1.15875,1.15915,1.156604,1.156738,1.156069,1.156337,0.003481,0.002012,0.002813
2025.08.05 03:00,1.15915,1.1593,1.1586,1.1587,1.156337,1.15647,1.155802,1.155936,0.003498,0.00213,0.002764
2025.08.05 04:00,1.1587,1.15915,1.15855,1.15895,1.155802,1.156337,1.155802,1.156069,0.003348,0.002213,0.002881
2025.08.05 05:00,1.1589,1.15895,1.15755,1.15795,1.156069,1.156069,1.154868,1.155135,0.004082,0.001481,0.002815
2025.08.05 06:00,1.158,1.1593,1.1574,1.15825,1.154734,1.156203,1.154734,1.155402,0.004566,0.001197,0.002848
2025.08.05 07:00,1.1582,1.15935,1.15645,1.15775,1.155268,1.15647,1.154201,1.155001,0.005149,-2e-05,0.002749
2025.08.05 08:00,1.15775,1.15805,1.1562,1.1568,1.154601,1.155135,1.153669,1.153935,0.004381,0.001065,0.002865
2025.08.05 09:00,1.15685,1.15775,1.15615,1.15735,1.153802,1.155001,1.153403,1.154601,0.004347,0.001149,0.002749
2025.08.05 10:00,1.1573,1.1577,1.1565,1.15755,1.154468,1.154868,1.153802,1.154734,0.003898,0.001632,0.002816
2025.08.05 11:00,1.1575,1.15795,1.1559,1.15705,1.154601,1.155001,1.15327,1.154201,0.004681,0.000899,0.002849
2025.08.05 12:00,1.1571,1.158,1.15615,1.1569,1.154068,1.155135,1.153403,1.154068,0.004597,0.001015,0.002832
2025.08.05 13:00,1.1569,1.15855,1.15635,1.157,1.154068,1.155535,1.153669,1.153802,0.004881,0.000815,0.003198
2025.08.05 14:00,1.1571,1.1598,1.15655,1.15965,1.155668,1.156872,1.153935,1.156872,0.005865,-0.000322,0.002778
2025.08.05 15:00,1.1596,1.16165,1.1594,1.1611,1.156872,1.158614,1.156738,1.158346,0.004912,0.000786,0.002754
2025.08.05 16:00,1.1611,1.1618,1.1609,1.16145,1.158346,1.158883,1.158212,1.158614,0.003588,0.002017,0.002836
2025.08.05 17:00,1.16145,1.1616,1.1607,1.161,1.158614,1.158614,1.157943,1.158212,0.003657,0.002086,0.002788
2025.08.05 18:00,1.161,1.1611,1.16025,1.16055,1.158212,1.158212,1.157407,1.157675,0.003693,0.002038,0.002875
2025.08.05 19:00,1.16055,1.1607,1.1598,1.1604,1.157541,1.157809,1.157006,1.157675,0.003694,0.001991,0.002725
2025.08.05 20:00,1.1604,1.1609,1.16035,1.1607,1.157675,1.158078,1.157541,1.158078,0.003359,0.002272,0.002622
2025.08.05 22:00,1.16065,1.1608,1.1602,1.16075,1.157943,1.158078,1.157541,1.157943,0.003259,0.002122,0.002807
2025.08.05 23:00,1.16075,1.16125,1.1604,1.16095,1.157943,1.158346,1.157675,1.158212,0.003575,0.002054,0.002738
2025.08.06 00:00,1.16095,1.16165,1.16035,1.1605,1.158212,1.158749,1.157675,1.157675,0.003975,0.001601,0.002825
2025.08.06 01:00,1.16045,1.16045,1.1596,1.1598,1.157675,1.157675,1.156872,1.15714,0.003578,0.001925,0.002661
2025.08.06 02:00,1.15985,1.16025,1.1595,1.16,1.157006,1.157541,1.156872,1.157274,0.003378,0.001959,0.002726
2025.08.06 03:00,1.16005,1.16125,1.16005,1.16105,1.157407,1.15848,1.157274,1.158346,0.003976,0.00157,0.002704
2025.08.06 04:00,1.161,1.16175,1.1609,1.16135,1.15848,1.158883,1.158212,1.158614,0.003538,0.002017,0.002736
2025.08.06 05:00,1.16135,1.1614,1.1605,1.16095,1.15848,1.158614,1.157809,1.158212,0.00359,0.001886,0.002738
2025.08.06 06:00,1.161,1.1619,1.16075,1.16095,1.158212,1.159152,1.158212,1.158346,0.003688,0.001598,0.002604
2025.08.06 07:00,1.16095,1.1613,1.1602,1.1612,1.158212,1.15848,1.157541,1.15848,0.003759,0.00172,0.00272
2025.08.06 08:00,1.1612,1.1614,1.1601,1.16055,1.158346,1.158614,1.157541,1.157809,0.003859,0.001486,0.002741
2025.08.06 09:00,1.1605,1.16185,1.1605,1.1616,1.157943,1.159152,1.157809,1.159017,0.00404,0.001348,0.002583
2025.08.06 10:00,1.1616,1.16425,1.16145,1.1638,1.158749,1.161305,1.158749,1.161036,0.005501,0.000145,0.002764
2025.08.06 11:00,1.1638,1.1646,1.16285,1.16355,1.160901,1.16171,1.160227,1.160766,0.004373,0.00114,0.002784
2025.08.06 12:00,1.1635,1.16595,1.1631,1.16545,1.160901,1.163061,1.160497,1.162656,0.005453,3.9e-05,0.002794
2025.08.06 13:00,1.16545,1.1667,1.1648,1.1667,1.162926,1.163738,1.16225,1.163738,0.00445,0.001062,0.002962
2025.08.06 14:00,1.1667,1.16685,1.1653,1.1658,1.163332,1.164009,1.16252,1.163196,0.00433,0.001291,0.002604
2025.08.06 15:00,1.1658,1.1678,1.1654,1.16775,1.163061,1.164958,1.162926,1.164958,0.004874,0.000442,0.002792
2025.08.06 16:00,1.16775,1.16795,1.16615,1.16655,1.164822,1.16523,1.163467,1.163738,0.004483,0.00092,0.002812
2025.08.06 17:00,1.16655,1.1686,1.1664,1.168,1.163873,1.165773,1.163873,1.16523,0.004727,0.000627,0.00277
2025.08.06 18:00,1.168,1.1697,1.1679,1.1693,1.16523,1.167133,1.16523,1.166589,0.00447,0.000767,0.002711
2025.08.06 19:00,1.1693,1.1695,1.16835,1.16875,1.166589,1.166725,1.165773,1.165909,0.003727,0.001625,0.002841
2025.08.06 20:00,1.16875,1.1693,1.1681,1.16915,1.166181,1.166453,1.165637,1.166453,0.003663,0.001647,0.002697
2025.08.06 22:00,1.16895,1.16945,1.16875,1.1693,1.166453,1.166997,1.166453,1.166725,0.002997,0.001753,0.002575
2025.08.06 23:00,1.1693,1.1693,1.1688,1.16915,1.166589,1.166725,1.166317,1.166589,0.002983,0.002075,0.002561
2025.08.07 00:00,1.16915,1.16925,1.16795,1.16815,1.166453,1.166453,1.165501,1.165501,0.003749,0.001497,0.002649
2025.08.07 01:00,1.1681,1.1692,1.16785,1.16865,1.165501,1.166589,1.165365,1.166181,0.003835,0.001261,0.002469
2025.08.07 02:00,1.1686,1.1694,1.1685,1.1686,1.166181,1.166861,1.166045,1.166045,0.003355,0.001639,0.002555
2025.08.07 03:00,1.16855,1.16935,1.1682,1.1693,1.166045,1.166861,1.165637,1.166861,0.003713,0.001339,0.002439
2025.08.07 04:00,1.1698,1.1705,1.1697,1.16995,1.166725,1.167951,1.166725,1.167542,0.003775,0.001749,0.002408
2025.08.07 05:00,1.17,1.17055,1.1697,1.1704,1.167679,1.167951,1.16727,1.167815,0.00328,0.001749,0.002585
2025.08.07 06:00,1.17045,1.17085,1.1697,1.17045,1.167815,1.168224,1.167133,1.167815,0.003717,0.001476,0.002635
2025.08.07 07:00,1.17045,1.172,1.1702,1.1718,1.167815,1.169454,1.167815,1.169317,0.004185,0.000746,0.002483
2025.08.07 08:00,1.1718,1.1727,1.17045,1.1711,1.169317,1.170138,1.167951,1.168634,0.004749,0.000312,0.002466
2025.08.07 09:00,1.17115,1.1713,1.1699,1.16995,1.16877,1.16877,1.167406,1.167542,0.003894,0.00113,0.002408
2025.08.07 10:00,1.16995,1.17,1.169,1.16985,1.167406,1.167406,1.166589,1.16727,0.003411,0.001594,0.00258
2025.08.07 11:00,1.16985,1.17055,1.1663,1.1673,1.167406,1.167406,1.164009,1.164822,0.006541,-0.001106,0.002478
2025.08.07 12:00,1.1673,1.1691,1.1666,1.16795,1.164822,1.166589,1.16428,1.165365,0.00482,1.1e-05,0.002585
2025.08.07 13:00,1.168,1.1687,1.1666,1.16715,1.165637,1.166045,1.16428,1.164687,0.00442,0.000555,0.002463
2025.08.07 14:00,1.16715,1.1678,1.1642,1.1653,1.164822,1.164958,1.16198,1.162656,0.00582,-0.000758,0.002644
2025.08.07 15:00,1.16525,1.16705,1.16395,1.16685,1.16252,1.164415,1.16171,1.164415,0.00534,-0.000466,0.002434
2025.08.07 16:00,1.16685,1.1673,1.16635,1.16665,1.164415,1.164822,1.164009,1.164144,0.003291,0.001528,0.002506
2025.08.07 17:00,1.1667,1.16685,1.16605,1.1662,1.164144,1.16428,1.163603,1.163603,0.003247,0.00177,0.002597
2025.08.07 18:00,1.1662,1.1666,1.165,1.1651,1.163603,1.164009,1.16252,1.16252,0.00408,0.000991,0.00258
2025.08.07 19:00,1.1651,1.1686,1.16475,1.16825,1.162656,1.165909,1.162385,1.165773,0.006215,-0.001159,0.002477
2025.08.07 20:00,1.16835,1.17,1.16825,1.1696,1.165909,1.167406,1.165909,1.167133,0.004091,0.000844,0.002467
2025.08.07 22:00,1.16925,1.1703,1.1692,1.17,1.166997,1.167815,1.166861,1.167542,0.003439,0.001385,0.002458
2025.08.07 23:00,1.1701,1.1706,1.16985,1.1705,1.167406,1.168088,1.167406,1.168088,0.003194,0.001762,0.002412
2025.08.08 00:00,1.17055,1.1707,1.16955,1.1701,1.168088,1.168088,1.167133,1.167542,0.003567,0.001462,0.002558
2025.08.08 01:00,1.17015,1.1702,1.1683,1.16855,1.167679,1.167679,1.166045,1.166181,0.004155,0.000621,0.002369
2025.08.08 02:00,1.16855,1.1693,1.16855,1.1689,1.166181,1.166861,1.166181,1.166453,0.003119,0.001689,0.002447
2025.08.08 03:00,1.1689,1.1689,1.16825,1.1687,1.166453,1.166453,1.165909,1.166453,0.002991,0.001797,0.002247
2025.08.08 04:00,1.1689,1.1692,1.16855,1.1687,1.166317,1.166725,1.166045,1.166181,0.003155,0.001825,0.002519
2025.08.08 05:00,1.1686,1.1688,1.16665,1.1669,1.166181,1.166317,1.164415,1.164415,0.004385,0.000333,0.002485
2025.08.08 06:00,1.16695,1.16805,1.16685,1.1678,1.164687,1.165637,1.164687,1.165365,0.003363,0.001213,0.002435
2025.08.08 07:00,1.1678,1.16925,1.16765,1.1687,1.165365,1.166861,1.165365,1.166181,0.003885,0.000789,0.002519
2025.08.08 08:00,1.1687,1.16905,1.16625,1.1665,1.166181,1.166589,1.164009,1.164009,0.005041,-0.000339,0.002491
2025.08.08 09:00,1.16655,1.1672,1.16575,1.16695,1.16428,1.164687,1.163467,1.164415,0.003733,0.001063,0.002535
2025.08.08 10:00,1.1669,1.1675,1.1657,1.16635,1.164415,1.164958,1.163332,1.164009,0.004168,0.000742,0.002341
2025.08.08 11:00,1.16635,1.16775,1.1663,1.16715,1.163873,1.16523,1.163873,1.164551,0.003877,0.00107,0.002599
2025.08.08 12:00,1.16715,1.1683,1.16655,1.167,1.164822,1.165637,1.16428,1.164415,0.00402,0.000913,0.002585
2025.08.08 13:00,1.167,1.1683,1.16695,1.16765,1.164687,1.165773,1.164687,1.165365,0.003613,0.001177,0.002285
2025.08.08 14:00,1.16765,1.1691,1.16735,1.16835,1.165365,1.166589,1.165365,1.165909,0.003735,0.000761,0.002441
2025.08.08 15:00,1.16835,1.16955,1.1682,1.1688,1.165773,1.166997,1.165773,1.166453,0.003777,0.001203,0.002347
2025.08.08 16:00,1.1688,1.1691,1.16775,1.16845,1.166317,1.166589,1.165365,1.165909,0.003735,0.001161,0.002541
2025.08.08 17:00,1.1684,1.1695,1.16815,1.1687,1.165909,1.166997,1.165773,1.166453,0.003727,0.001153,0.002247
2025.08.08 18:00,1.16875,1.16905,1.1676,1.1684,1.165909,1.166589,1.16523,1.165909,0.00382,0.001011,0.002491
2025.08.08 19:00,1.16835,1.1684,1.16645,1.16705,1.165909,1.165909,1.164144,1.164687,0.004256,0.000541,0.002363
2025.08.08 20:00,1.167,1.1684,1.16665,1.1684,1.164687,1.164687,1.16428,1.164551,0.00412,0.001963,0.003849
2025.08.10 23:00,1.1674,1.1678,1.16715,1.16745,1.165094,1.165365,1.164822,1.165094,0.002978,0.001785,0.002356
2025.08.11 00:00,1.16745,1.1676,1.1669,1.16745,1.165094,1.16523,1.164551,1.165094,0.003049,0.00167,0.002356
2025.08.11 01:00,1.16745,1.16865,1.16725,1.1686,1.165094,1.166181,1.164958,1.166181,0.003692,0.001069,0.002419
2025.08.11 02:00,1.16865,1.1696,1.16865,1.1693,1.166589,1.167133,1.166589,1.166997,0.003011,0.001517,0.002303
2025.08.11 03:00,1.16935,1.1703,1.1692,1.16995,1.166861,1.167815,1.166861,1.167542,0.003439,0.001385,0.002408
2025.08.11 04:00,1.1699,1.17025,1.1698,1.1699,1.167679,1.167951,1.167406,1.167542,0.002844,0.001849,0.002358
2025.08.11 05:00,1.16985,1.17,1.16945,1.16965,1.167406,1.167542,1.167133,1.16727,0.002867,0.001908,0.00238
2025.08.11 06:00,1.16965,1.17005,1.16905,1.16915,1.16727,1.167679,1.166725,1.166725,0.003325,0.001371,0.002425
2025.08.11 07:00,1.1691,1.1693,1.1673,1.1674,1.166725,1.166725,1.165094,1.165094,0.004206,0.000575,0.002306
2025.08.11 08:00,1.1674,1.16875,1.1671,1.1682,1.16523,1.166317,1.164822,1.165909,0.003928,0.000783,0.002291
2025.08.11 09:00,1.16815,1.1685,1.16655,1.1668,1.165773,1.166181,1.16428,1.164415,0.00422,0.000369,0.002385
2025.08.11 10:00,1.16685,1.1675,1.16675,1.1674,1.164415,1.165094,1.164415,1.165094,0.003085,0.001656,0.002306
2025.08.11 11:00,1.1674,1.1674,1.16505,1.1656,1.164822,1.164822,1.162791,1.163196,0.004609,0.000228,0.002403
2025.08.11 12:00,1.1656,1.1658,1.16415,1.1648,1.163332,1.163332,1.161845,1.162385,0.003955,0.000818,0.002415
2025.08.11 13:00,1.16475,1.1655,1.1643,1.16465,1.162385,1.163061,1.16198,1.16225,0.00352,0.001239,0.0024
2025.08.11 14:00,1.1647,1.16475,1.16175,1.1623,1.162115,1.162115,1.159555,1.160093,0.005195,-0.000365,0.002207
2025.08.11 15:00,1.16225,1.1634,1.16175,1.1633,1.160093,1.161036,1.15942,1.161036,0.00398,0.000714,0.002264
2025.08.11 16:00,1.1634,1.16395,1.1629,1.16345,1.161036,1.16144,1.160631,1.161036,0.003319,0.00146,0.002414
2025.08.11 17:00,1.1635,1.16395,1.1626,1.1638,1.161036,1.161575,1.160227,1.161575,0.003723,0.001025,0.002225
2025.08.11 18:00,1.16385,1.16415,1.16345,1.1639,1.16144,1.16171,1.16117,1.161575,0.00298,0.00174,0.002325
2025.08.11 19:00,1.16395,1.16395,1.1629,1.1632,1.16144,1.161575,1.160631,1.160766,0.003319,0.001325,0.002434
2025.08.11 20:00,1.16315,1.1647,1.1631,1.16425,1.160766,1.16225,1.160766,1.16198,0.003934,0.00085,0.00227
2025.08.11 22:00,1.16455,1.1646,1.16365,1.1639,1.162115,1.16225,1.16144,1.16171,0.00316,0.0014,0.00219
2025.08.11 23:00,1.16395,1.1644,1.16385,1.1643,1.16171,1.162115,1.161575,1.16198,0.002825,0.001735,0.00232
2025.08.12 00:00,1.16425,1.1646,1.16385,1.16415,1.161845,1.162385,1.161575,1.161845,0.003025,0.001465,0.002305
2025.08.12 01:00,1.1642,1.16525,1.16405,1.16455,1.161845,1.162926,1.161845,1.16225,0.003405,0.001124,0.0023
2025.08.12 02:00,1.16455,1.16525,1.16435,1.16495,1.16225,1.162791,1.162115,1.16252,0.003135,0.001559,0.00243
2025.08.12 03:00,1.16495,1.16505,1.16445,1.16475,1.162791,1.162791,1.16225,1.162385,0.0028,0.001659,0.002365
2025.08.12 04:00,1.1647,1.16545,1.16415,1.1654,1.16225,1.163061,1.162115,1.163061,0.003335,0.001089,0.002339
2025.08.12 05:00,1.1654,1.16555,1.16395,1.16405,1.163196,1.163196,1.16171,1.161845,0.00384,0.000754,0.002205
2025.08.12 06:00,1.16405,1.16445,1.1635,1.16355,1.16198,1.16225,1.161305,1.161305,0.003145,0.00125,0.002245
2025.08.12 07:00,1.1636,1.16505,1.16345,1.1647,1.16117,1.162656,1.16117,1.162385,0.00388,0.000794,0.002315
2025.08.12 08:00,1.16465,1.16485,1.16385,1.16405,1.16225,1.162385,1.161575,1.161845,0.003275,0.001465,0.002205
2025.08.12 09:00,1.16415,1.1645,1.1627,1.1633,1.162115,1.162115,1.160362,1.161036,0.004138,0.000585,0.002264
2025.08.12 10:00,1.16325,1.1639,1.16325,1.16365,1.161036,1.161575,1.160901,1.161305,0.002999,0.001675,0.002345
2025.08.12 11:00,1.1637,1.16375,1.1625,1.16315,1.161305,1.161305,1.160227,1.160766,0.003523,0.001195,0.002384
2025.08.12 12:00,1.16315,1.1682,1.16275,1.1669,1.161036,1.165909,1.160497,1.164415,0.007703,-0.003159,0.002485
2025.08.12 13:00,1.16685,1.1695,1.1644,1.16785,1.16428,1.165773,1.16225,1.165773,0.00725,-0.001373,0.002077
2025.08.12 14:00,1.1679,1.1689,1.16685,1.16845,1.165909,1.166453,1.164687,1.166181,0.004213,0.000397,0.002269
2025.08.12 15:00,1.1685,1.1724,1.16825,1.1699,1.166045,1.170001,1.166045,1.167679,0.006355,-0.001751,0.002221
2025.08.12 16:00,1.1699,1.17125,1.16925,1.17065,1.167679,1.168907,1.166997,1.168497,0.004253,0.000343,0.002153
2025.08.12 17:00,1.1707,1.1707,1.16975,1.17,1.168224,1.168361,1.167679,1.167679,0.003021,0.001389,0.002321
2025.08.12 18:00,1.17,1.17055,1.1691,1.16955,1.167542,1.168224,1.166861,1.167133,0.003689,0.000876,0.002416
2025.08.12 19:00,1.16955,1.1702,1.16915,1.17015,1.16727,1.167951,1.166861,1.167951,0.003339,0.001199,0.002199
2025.08.12 20:00,1.17015,1.17035,1.1698,1.1702,1.167815,1.167951,1.167542,1.167815,0.002808,0.001849,0.002385
2025.08.12 22:00,1.1701,1.17035,1.17,1.17025,1.167951,1.168088,1.167815,1.168088,0.002535,0.001912,0.002162
2025.08.12 23:00,1.1702,1.1705,1.1701,1.1703,1.167951,1.168224,1.167815,1.168088,0.002685,0.001876,0.002212
2025.08.13 00:00,1.1703,1.17065,1.1696,1.17055,1.168088,1.168361,1.167542,1.168361,0.003108,0.001239,0.002189
2025.08.13 01:00,1.17055,1.1712,1.1702,1.1703,1.168361,1.168907,1.168088,1.168088,0.003112,0.001293,0.002212
2025.08.13 02:00,1.17035,1.17115,1.16965,1.17075,1.168088,1.168907,1.167406,1.168497,0.003744,0.000743,0.002253
2025.08.13 03:00,1.17075,1.1714,1.1705,1.17095,1.168497,1.169044,1.168361,1.16877,0.003039,0.001456,0.00218
2025.08.13 04:00,1.1709,1.1712,1.17075,1.17095,1.168634,1.168907,1.168497,1.16877,0.002703,0.001843,0.00218
2025.08.13 05:00,1.171,1.17115,1.17025,1.1704,1.16877,1.168907,1.168088,1.168088,0.003062,0.001343,0.002312
2025.08.13 06:00,1.17055,1.1723,1.17045,1.17185,1.168497,1.170001,1.168361,1.169727,0.003939,0.000449,0.002123
2025.08.13 07:00,1.1718,1.1739,1.1718,1.1734,1.169591,1.171509,1.169591,1.171234,0.004309,0.000291,0.002166
2025.08.13 08:00,1.17335,1.17465,1.1733,1.174,1.171234,1.172333,1.171234,1.171783,0.003415,0.000967,0.002217
2025.08.13 09:00,1.174,1.17565,1.174,1.17555,1.171783,1.173296,1.171783,1.173296,0.003867,0.000704,0.002254
2025.08.13 10:00,1.1755,1.17565,1.1742,1.17425,1.173158,1.173296,1.171921,1.172058,0.003729,0.000904,0.002192
2025.08.13 11:00,1.17425,1.1745,1.1734,1.1745,1.171783,1.172196,1.171234,1.172196,0.003266,0.001204,0.002304
2025.08.13 12:00,1.1745,1.17475,1.17235,1.17245,1.172196,1.17247,1.170138,1.170275,0.004612,-0.00012,0.002175
2025.08.13 13:00,1.17245,1.17335,1.17185,1.17305,1.170275,1.17096,1.169727,1.170823,0.003623,0.00089,0.002227
2025.08.13 14:00,1.173,1.17495,1.17285,1.1746,1.17096,1.172608,1.170823,1.172333,0.004127,0.000242,0.002267
2025.08.13 15:00,1.17455,1.1749,1.1734,1.17395,1.172196,1.172608,1.171234,1.171783,0.003666,0.000792,0.002167
2025.08.13 16:00,1.174,1.1741,1.1732,1.1733,1.171646,1.171783,1.171097,1.171097,0.003003,0.001417,0.002203
2025.08.13 17:00,1.1733,1.1737,1.17285,1.17305,1.171097,1.171372,1.170823,1.170823,0.002877,0.001478,0.002227
2025.08.13 18:00,1.173,1.173,1.17215,1.1726,1.170686,1.170686,1.170001,1.170412,0.002999,0.001464,0.002188
2025.08.13 19:00,1.17265,1.173,1.17235,1.17255,1.170412,1.170686,1.170138,1.170412,0.002862,0.001664,0.002138
2025.08.13 20:00,1.1725,1.1733,1.1725,1.17305,1.170275,1.17096,1.170275,1.170823,0.003025,0.00154,0.002227
2025.08.13 22:00,1.173,1.17335,1.1727,1.1731,1.17096,1.171097,1.170823,1.171097,0.002527,0.001603,0.002003
2025.08.13 23:00,1.1732,1.17365,1.1731,1.1736,1.171097,1.171646,1.171097,1.171646,0.002553,0.001454,0.001954
2025.08.14 00:00,1.17355,1.17385,1.1733,1.17345,1.171646,1.171783,1.171372,1.171509,0.002478,0.001517,0.001941
2025.08.14 01:00,1.1735,1.17395,1.17325,1.17365,1.171509,1.171783,1.171372,1.171646,0.002578,0.001467,0.002004
2025.08.14 02:00,1.17365,1.17365,1.1722,1.17285,1.171646,1.171646,1.170275,1.170823,0.003375,0.000554,0.002027
2025.08.14 03:00,1.17285,1.1729,1.17235,1.17265,1.170823,1.170823,1.170412,1.170686,0.002488,0.001527,0.001964
2025.08.14 04:00,1.17255,1.17305,1.1725,1.17275,1.170686,1.17096,1.170549,1.170823,0.002501,0.00154,0.001927
2025.08.14 05:00,1.17265,1.17275,1.17205,1.1725,1.170549,1.170686,1.170138,1.170412,0.002612,0.001364,0.002088
2025.08.14 06:00,1.17255,1.173,1.17085,1.1709,1.170686,1.17096,1.168907,1.168907,0.004093,-0.00011,0.001993
2025.08.14 07:00,1.1709,1.17165,1.17015,1.17035,1.169044,1.169591,1.168088,1.168361,0.003562,0.000559,0.001989
2025.08.14 08:00,1.1703,1.17085,1.1691,1.16915,1.168361,1.16877,1.167133,1.16727,0.003717,0.00033,0.00188
2025.08.14 09:00,1.16925,1.17105,1.1692,1.17055,1.167406,1.169044,1.167406,1.168497,0.003644,0.000156,0.002053
2025.08.14 10:00,1.17055,1.17205,1.1705,1.1719,1.168497,1.170001,1.168497,1.169864,0.003553,0.000499,0.002036
2025.08.14 11:00,1.1719,1.172,1.17065,1.17115,1.169864,1.169864,1.16877,1.169044,0.00323,0.000786,0.002106
2025.08.14 12:00,1.1712,1.1717,1.16725,1.16875,1.169044,1.169454,1.165365,1.166589,0.006335,-0.002204,0.002161
2025.08.14 13:00,1.16875,1.1695,1.16725,1.16735,1.166453,1.16727,1.165365,1.165501,0.004135,-2e-05,0.001849
2025.08.14 14:00,1.1674,1.16895,1.1661,1.1684,1.165501,1.166997,1.16428,1.166453,0.00467,-0.000897,0.001947
2025.08.14 15:00,1.16845,1.16855,1.16605,1.16665,1.166589,1.166589,1.16428,1.164687,0.00427,-0.000539,0.001963
2025.08.14 16:00,1.16665,1.16685,1.16545,1.16575,1.164687,1.164687,1.163467,1.163738,0.003383,0.000763,0.002012
2025.08.14 17:00,1.1658,1.1667,1.16545,1.16605,1.164009,1.164687,1.163603,1.164009,0.003097,0.000763,0.002041
2025.08.14 18:00,1.16605,1.16655,1.16565,1.1665,1.164144,1.164551,1.163603,1.164415,0.002947,0.001099,0.002084
2025.08.14 19:00,1.1665,1.16735,1.16645,1.1671,1.164551,1.165365,1.164551,1.16523,0.002799,0.001085,0.00187
2025.08.14 20:00,1.1671,1.16735,1.1668,1.16705,1.16523,1.165501,1.164958,1.165094,0.002392,0.001299,0.001956
2025.08.14 22:00,1.16725,1.1676,1.1671,1.1673,1.16523,1.165637,1.16523,1.165365,0.00237,0.001463,0.001935
2025.08.14 23:00,1.1673,1.16755,1.16685,1.1673,1.16523,1.165637,1.164958,1.165365,0.002592,0.001213,0.001935
2025.08.15 00:00,1.16725,1.1676,1.1669,1.16745,1.165365,1.165637,1.165094,1.165501,0.002506,0.001263,0.001949
2025.08.15 01:00,1.1675,1.16805,1.16705,1.1675,1.165365,1.166045,1.16523,1.165637,0.00282,0.001005,0.001863
2025.08.15 02:00,1.1675,1.168,1.1672,1.168,1.165637,1.166181,1.165365,1.166045,0.002635,0.001019,0.001955
2025.08.15 03:00,1.16795,1.1687,1.16795,1.1682,1.166045,1.166861,1.166045,1.166317,0.002655,0.001089,0.001883
2025.08.15 04:00,1.16835,1.1686,1.16815,1.16855,1.166317,1.166725,1.166181,1.166725,0.002419,0.001425,0.001825
2025.08.15 05:00,1.1685,1.16935,1.1684,1.16935,1.166589,1.167406,1.166453,1.167406,0.002897,0.000994,0.001944
2025.08.15 06:00,1.1694,1.16975,1.16875,1.16945,1.167133,1.167815,1.166861,1.167542,0.002889,0.000935,0.001908
2025.08.15 07:00,1.1694,1.17065,1.1694,1.17055,1.167679,1.168634,1.167542,1.168634,0.003108,0.000766,0.001916
2025.08.15 08:00,1.1705,1.1707,1.1699,1.17045,1.168634,1.16877,1.168088,1.168634,0.002612,0.00113,0.001816
2025.08.15 09:00,1.17045,1.17125,1.1703,1.17105,1.168497,1.16918,1.168497,1.169044,0.002753,0.00112,0.002006
2025.08.15 10:00,1.171,1.17145,1.17035,1.17085,1.169044,1.169454,1.168361,1.169044,0.003089,0.000896,0.001806
2025.08.15 11:00,1.1708,1.17145,1.1704,1.17105,1.169044,1.169454,1.168634,1.169044,0.002816,0.000946,0.002006
2025.08.15 12:00,1.171,1.1723,1.16965,1.17165,1.16918,1.170138,1.167815,1.169727,0.004485,-0.000488,0.001923
2025.08.15 13:00,1.1717,1.1731,1.1705,1.17265,1.170138,1.17096,1.168634,1.170686,0.004466,-0.00046,0.001964
2025.08.15 14:00,1.17255,1.1738,1.1723,1.1734,1.17096,1.171783,1.17096,1.171509,0.00284,0.000517,0.001891
2025.08.15 15:00,1.1734,1.1738,1.1726,1.17295,1.171509,1.171783,1.170823,1.17096,0.002977,0.000817,0.00199
2025.08.15 16:00,1.17295,1.17305,1.17225,1.17265,1.170823,1.171097,1.170275,1.170686,0.002775,0.001153,0.001964
2025.08.15 17:00,1.1726,1.17285,1.1722,1.17275,1.170686,1.17096,1.170275,1.170823,0.002575,0.00124,0.001927
2025.08.15 18:00,1.1727,1.17295,1.1721,1.17255,1.170823,1.17096,1.170275,1.170549,0.002675,0.00114,0.002001
2025.08.15 19:00,1.1725,1.17265,1.1723,1.17235,1.170549,1.170686,1.170412,1.170412,0.002238,0.001614,0.001938
2025.08.15 20:00,1.1724,1.1731,1.1723,1.17255,1.170549,1.171097,1.170412,1.170823,0.002688,0.001203,0.001727
2025.08.17 23:00,1.1736,1.17365,1.1726,1.17285,1.171783,1.171783,1.170823,1.171097,0.002827,0.000817,0.001753
2025.08.18 00:00,1.17285,1.1732,1.1722,1.17235,1.17096,1.171372,1.170412,1.170549,0.002788,0.000828,0.001801
2025.08.18 01:00,1.17235,1.17265,1.1716,1.1725,1.170412,1.170823,1.169727,1.170686,0.002923,0.000777,0.001814
2025.08.18 02:00,1.1726,1.1727,1.17195,1.1723,1.170686,1.170823,1.170138,1.170412,0.002562,0.001127,0.001888
2025.08.18 03:00,1.1723,1.17265,1.1722,1.1724,1.170412,1.170823,1.170412,1.170686,0.002238,0.001377,0.001714
2025.08.18 04:00,1.1725,1.17325,1.17245,1.17305,1.170823,1.171372,1.170686,1.171234,0.002564,0.001078,0.001816
2025.08.18 05:00,1.17305,1.1731,1.17235,1.1728,1.171097,1.171234,1.170549,1.17096,0.002551,0.001116,0.00184
2025.08.18 06:00,1.17285,1.17295,1.17155,1.17185,1.171097,1.171097,1.169727,1.169864,0.003223,0.000453,0.001986
2025.08.18 07:00,1.1719,1.1725,1.1702,1.17025,1.170001,1.170549,1.168497,1.168634,0.004003,-0.000349,0.001616
2025.08.18 08:00,1.1703,1.17095,1.16925,1.17035,1.168497,1.169044,1.167542,1.168497,0.003408,0.000206,0.001853
2025.08.18 09:00,1.1704,1.17075,1.1695,1.1702,1.168497,1.168907,1.167679,1.168361,0.003071,0.000593,0.001839
2025.08.18 10:00,1.17015,1.1705,1.16995,1.17025,1.168361,1.168634,1.168088,1.168497,0.002412,0.001316,0.001753
2025.08.18 11:00,1.17025,1.17105,1.1694,1.16975,1.168497,1.16918,1.167815,1.167815,0.003235,0.00022,0.001935
2025.08.18 12:00,1.16975,1.1701,1.16885,1.1698,1.167951,1.168088,1.16727,1.167815,0.00283,0.000762,0.001985
2025.08.18 13:00,1.1698,1.16995,1.16915,1.16995,1.167951,1.168088,1.167406,1.167951,0.002544,0.001062,0.001999
2025.08.18 14:00,1.16995,1.1706,1.16825,1.16855,1.168088,1.16877,1.166453,1.166725,0.004147,-0.00052,0.001825
2025.08.18 15:00,1.16855,1.16965,1.16825,1.1689,1.166861,1.167815,1.166453,1.167133,0.003197,0.000435,0.001767
2025.08.18 16:00,1.16885,1.1689,1.16775,1.16795,1.166861,1.166997,1.166045,1.166045,0.002855,0.000753,0.001905
2025.08.18 17:00,1.16795,1.1688,1.16785,1.16845,1.166181,1.166997,1.166045,1.166589,0.002755,0.000853,0.001861
2025.08.18 18:00,1.16845,1.169,1.168,1.16815,1.166453,1.167133,1.166181,1.166317,0.002819,0.000867,0.001833
2025.08.18 19:00,1.1682,1.1692,1.16815,1.16895,1.166317,1.16727,1.166317,1.166997,0.002883,0.00088,0.001953
2025.08.18 20:00,1.16885,1.1691,1.1681,1.1683,1.167133,1.16727,1.166453,1.166589,0.002647,0.00083,0.001711
2025.08.18 22:00,1.16815,1.16965,1.1681,1.16905,1.166453,1.167815,1.166453,1.167133,0.003197,0.000285,0.001917
2025.08.18 23:00,1.1691,1.1691,1.1683,1.16895,1.167133,1.16727,1.166589,1.166997,0.002511,0.00103,0.001953
2025.08.19 00:00,1.1689,1.1691,1.16765,1.16795,1.167133,1.16727,1.166045,1.166181,0.003055,0.00038,0.001769
2025.08.19 01:00,1.16795,1.1683,1.166,1.16715,1.166181,1.166589,1.164415,1.165365,0.003885,-0.000589,0.001785
2025.08.19 02:00,1.167,1.1677,1.1668,1.16735,1.165094,1.165909,1.165094,1.165501,0.002606,0.000891,0.001849
2025.08.19 03:00,1.16745,1.168,1.16715,1.1676,1.165773,1.166181,1.165365,1.165773,0.002635,0.000969,0.001827
2025.08.19 04:00,1.1678,1.16835,1.1676,1.1682,1.165773,1.166453,1.165773,1.166453,0.002577,0.001147,0.001747
2025.08.19 05:00,1.1682,1.1687,1.1675,1.1677,1.166453,1.166861,1.165773,1.165909,0.002927,0.000639,0.001791
2025.08.19 06:00,1.1677,1.1696,1.16725,1.1695,1.165773,1.167679,1.165501,1.167679,0.004099,-0.000429,0.001821
2025.08.19 07:00,1.16955,1.17055,1.1695,1.17045,1.167815,1.16877,1.167815,1.168634,0.002735,0.00073,0.001816
2025.08.19 08:00,1.17045,1.17055,1.1693,1.16955,1.168634,1.16877,1.167542,1.167815,0.003008,0.00053,0.001735
2025.08.19 09:00,1.1696,1.17035,1.1694,1.1701,1.167815,1.168497,1.167679,1.168224,0.002671,0.000903,0.001876
2025.08.19 10:00,1.1701,1.1713,1.17,1.17095,1.168361,1.169591,1.168361,1.16918,0.002939,0.000409,0.00177
2025.08.19 11:00,1.17095,1.1714,1.1701,1.1707,1.169317,1.169591,1.168361,1.168907,0.003039,0.000509,0.001793
2025.08.19 12:00,1.1707,1.1709,1.1694,1.16965,1.16877,1.169044,1.167679,1.167951,0.003221,0.000356,0.001698
2025.08.19 13:00,1.16965,1.16995,1.1689,1.16975,1.167951,1.168088,1.16727,1.167951,0.00268,0.000812,0.001799
2025.08.19 14:00,1.1697,1.16985,1.16845,1.1693,1.167951,1.168088,1.166725,1.167679,0.003125,0.000362,0.001621
2025.08.19 15:00,1.16935,1.16965,1.1678,1.16795,1.167542,1.167815,1.166317,1.166317,0.003333,-1.5e-05,0.001633
2025.08.19 16:00,1.168,1.16845,1.16755,1.16775,1.166589,1.166589,1.165909,1.166045,0.002541,0.000961,0.001705
2025.08.19 17:00,1.16775,1.16815,1.1674,1.16755,1.166045,1.166453,1.165637,1.165773,0.002513,0.000947,0.001777
2025.08.19 18:00,1.1676,1.1676,1.1663,1.1668,1.165773,1.165773,1.164687,1.164958,0.002913,0.000527,0.001842
2025.08.19 19:00,1.1668,1.1669,1.16635,1.1668,1.165094,1.165094,1.164687,1.164958,0.002213,0.001256,0.001842
2025.08.19 20:00,1.1668,1.16695,1.16655,1.1667,1.164958,1.165094,1.164822,1.164958,0.002128,0.001456,0.001742
2025.08.19 22:00,1.16675,1.16695,1.1665,1.16685,1.164822,1.16523,1.164822,1.16523,0.002128,0.00127,0.00162
2025.08.19 23:00,1.16685,1.1669,1.16615,1.1662,1.165094,1.165094,1.164415,1.164415,0.002485,0.001056,0.001785
2025.08.20 00:00,1.1662,1.16625,1.16515,1.1659,1.164415,1.164551,1.163467,1.164415,0.002783,0.000599,0.001485
2025.08.20 01:00,1.16595,1.16625,1.1647,1.16475,1.164415,1.164551,1.163061,1.163061,0.003189,0.000149,0.001689
2025.08.20 02:00,1.16475,1.165,1.1642,1.1646,1.163061,1.163196,1.162656,1.162926,0.002344,0.001004,0.001674
2025.08.20 03:00,1.1654,1.16565,1.16495,1.1654,1.163061,1.164009,1.163061,1.163603,0.002589,0.000941,0.001797
2025.08.20 04:00,1.1656,1.16585,1.1654,1.1655,1.163603,1.164144,1.163603,1.163873,0.002247,0.001256,0.001627
2025.08.20 05:00,1.16545,1.16605,1.16525,1.16595,1.163738,1.164415,1.163603,1.16428,0.002447,0.000834,0.00167
2025.08.20 06:00,1.166,1.16625,1.1643,1.1654,1.164415,1.164415,1.162656,1.163738,0.003594,-0.000116,0.001662
2025.08.20 07:00,1.1654,1.16675,1.1654,1.1665,1.163873,1.165094,1.163873,1.164687,0.002877,0.000306,0.001813
2025.08.20 08:00,1.16645,1.1667,1.1652,1.1658,1.164822,1.164958,1.163738,1.164144,0.002962,0.000242,0.001656
2025.08.20 09:00,1.16575,1.16665,1.1655,1.1665,1.16428,1.164958,1.163873,1.164822,0.002777,0.000542,0.001678
2025.08.20 10:00,1.1665,1.16775,1.1664,1.1667,1.164687,1.166045,1.164687,1.164958,0.003063,0.000355,0.001742
2025.08.20 11:00,1.1668,1.167,1.16605,1.1663,1.16523,1.16523,1.164415,1.164551,0.002585,0.00082,0.001749
2025.08.20 12:00,1.16625,1.16945,1.16625,1.16915,1.164687,1.167542,1.164687,1.167406,0.004763,-0.001292,0.001744
2025.08.20 13:00,1.1691,1.1692,1.1676,1.1679,1.167406,1.167542,1.166045,1.166181,0.003155,5.8e-05,0.001719
2025.08.20 14:00,1.1679,1.16895,1.1669,1.1683,1.166045,1.167133,1.165365,1.166725,0.003585,-0.000233,0.001575
2025.08.20 15:00,1.1683,1.16835,1.16665,1.1668,1.166589,1.166589,1.164958,1.16523,0.003392,6.1e-05,0.00157
2025.08.20 16:00,1.16685,1.1682,1.1668,1.168,1.165094,1.166453,1.165094,1.166317,0.003106,0.000347,0.001683
2025.08.20 17:00,1.168,1.16935,1.168,1.1692,1.166317,1.167542,1.166317,1.167542,0.003033,0.000458,0.001658
2025.08.20 18:00,1.1692,1.1692,1.1675,1.16755,1.166997,1.166997,1.165909,1.165909,0.003291,0.000503,0.001641
2025.08.20 19:00,1.1675,1.1679,1.16725,1.16735,1.165773,1.166181,1.165637,1.165637,0.002263,0.001069,0.001713
2025.08.20 20:00,1.1673,1.16735,1.1667,1.16695,1.165637,1.165637,1.165094,1.16523,0.002256,0.001063,0.00172
2025.08.20 22:00,1.16725,1.1673,1.167,1.167,1.165773,1.166045,1.165637,1.165637,0.001663,0.000955,0.001363
2025.08.20 23:00,1.167,1.1672,1.16665,1.1669,1.165637,1.165773,1.16523,1.165501,0.00197,0.000877,0.001399
2025.08.21 00:00,1.1669,1.16695,1.1659,1.16645,1.165637,1.165637,1.164551,1.164958,0.002399,0.000263,0.001492
2025.08.21 01:00,1.16645,1.1669,1.1659,1.1664,1.16523,1.165365,1.164551,1.164958,0.002349,0.000535,0.001442
2025.08.21 02:00,1.16635,1.16675,1.16615,1.16645,1.164958,1.165365,1.164822,1.165094,0.001928,0.000785,0.001356
2025.08.21 03:00,1.16645,1.1667,1.166,1.1664,1.165094,1.165365,1.164687,1.165094,0.002013,0.000635,0.001306
2025.08.21 04:00,1.1661,1.1666,1.1661,1.1663,1.164958,1.16523,1.164687,1.164958,0.001913,0.00087,0.001342
2025.08.21 05:00,1.16635,1.1668,1.16595,1.16675,1.164958,1.165365,1.164687,1.16523,0.002113,0.000585,0.00152
2025.08.21 06:00,1.16675,1.1668,1.1644,1.16475,1.165365,1.165365,1.163061,1.163332,0.003739,-0.000965,0.001418
2025.08.21 07:00,1.16475,1.1679,1.16425,1.1676,1.163332,1.166453,1.162926,1.166181,0.004974,-0.002203,0.001419
2025.08.21 08:00,1.1676,1.16775,1.167,1.1673,1.166181,1.166181,1.165501,1.165909,0.002249,0.000819,0.001391
2025.08.21 09:00,1.1673,1.16805,1.16715,1.16725,1.165909,1.166589,1.165909,1.165909,0.002141,0.000561,0.001341
2025.08.21 10:00,1.16725,1.16745,1.16665,1.16675,1.165909,1.166045,1.16523,1.165365,0.00222,0.000605,0.001385
2025.08.21 11:00,1.16675,1.16755,1.16575,1.16585,1.165501,1.166181,1.164551,1.164551,0.002999,-0.000431,0.001299
2025.08.21 12:00,1.1659,1.16745,1.16545,1.16645,1.164415,1.165909,1.164144,1.165094,0.003306,-0.000459,0.001356
2025.08.21 13:00,1.16645,1.1668,1.16335,1.1639,1.165094,1.16523,1.162115,1.16252,0.004685,-0.00188,0.00138
2025.08.21 14:00,1.1639,1.1647,1.16235,1.16335,1.162385,1.163196,1.16117,1.16198,0.00353,-0.000846,0.00137
2025.08.21 15:00,1.1633,1.1644,1.1619,1.16225,1.16198,1.162656,1.160631,1.161036,0.003769,-0.000756,0.001214
2025.08.21 16:00,1.16225,1.163,1.1619,1.1629,1.160766,1.161575,1.160631,1.161575,0.002369,0.000325,0.001325
2025.08.21 17:00,1.1629,1.16365,1.1629,1.1633,1.161575,1.16225,1.161575,1.162115,0.002075,0.00065,0.001185
2025.08.21 18:00,1.16325,1.1635,1.16245,1.1628,1.161845,1.162115,1.16117,1.16144,0.002329,0.000335,0.00136
2025.08.21 19:00,1.1628,1.1628,1.16215,1.1623,1.16144,1.16144,1.160766,1.161036,0.002034,0.00071,0.001264
2025.08.21 20:00,1.1623,1.16265,1.16215,1.16245,1.160901,1.161305,1.160766,1.161036,0.001884,0.000845,0.001414
2025.08.21 22:00,1.1624,1.16305,1.1623,1.16305,1.160901,1.16171,1.160901,1.16171,0.002149,0.00059,0.00134
2025.08.21 23:00,1.16305,1.1632,1.1626,1.16295,1.161845,1.161845,1.161305,1.16171,0.001895,0.000755,0.00124
2025.08.22 00:00,1.16295,1.16335,1.1628,1.16315,1.16144,1.162115,1.16144,1.161845,0.00191,0.000685,0.001305
2025.08.22 01:00,1.1632,1.16325,1.16215,1.1625,1.16198,1.16198,1.160901,1.161305,0.002349,0.00017,0.001195
2025.08.22 02:00,1.1625,1.1631,1.1622,1.1626,1.161036,1.161845,1.161036,1.161305,0.002064,0.000355,0.001295
2025.08.22 03:00,1.1626,1.1626,1.16065,1.1607,1.161305,1.161305,1.15942,1.15942,0.00318,-0.000655,0.00128
2025.08.22 04:00,1.16105,1.1611,1.16,1.16015,1.15942,1.159824,1.158749,1.158883,0.002351,0.000176,0.001267
2025.08.22 05:00,1.1601,1.1606,1.16005,1.16035,1.158749,1.159286,1.158749,1.159152,0.001851,0.000764,0.001198
2025.08.22 06:00,1.1604,1.1612,1.1601,1.16055,1.159152,1.159824,1.158749,1.159286,0.002451,0.000276,0.001264
2025.08.22 07:00,1.1606,1.1616,1.1606,1.16115,1.159555,1.160362,1.159555,1.159958,0.002045,0.000238,0.001192
2025.08.22 08:00,1.1612,1.16165,1.1608,1.16165,1.159958,1.160227,1.159555,1.160227,0.002095,0.000573,0.001423
2025.08.22 09:00,1.1616,1.16195,1.16125,1.16135,1.160227,1.160631,1.159958,1.160093,0.001992,0.000619,0.001257
2025.08.22 10:00,1.16145,1.1617,1.16105,1.1613,1.160227,1.160362,1.159824,1.159958,0.001876,0.000688,0.001342
2025.08.22 11:00,1.16135,1.16235,1.1612,1.16215,1.160093,1.161036,1.159958,1.160901,0.002392,0.000164,0.001249
2025.08.22 12:00,1.1622,1.16305,1.1622,1.1626,1.16117,1.16171,1.161036,1.161305,0.002014,0.00049,0.001295
2025.08.22 13:00,1.16255,1.16365,1.16145,1.16175,1.16117,1.16225,1.160227,1.160227,0.003423,-0.0008,0.001523
2025.08.22 14:00,1.16175,1.1738,1.16175,1.17355,1.165501,1.172333,1.165501,1.172196,0.008299,-0.010583,0.001354
2025.08.22 15:00,1.1735,1.17495,1.173,1.173,1.172196,1.173434,1.171783,1.171783,0.003167,-0.000434,0.001217
2025.08.22 16:00,1.17295,1.17445,1.1729,1.17395,1.171783,1.172883,1.171783,1.17247,0.002667,1.7e-05,0.00148
2025.08.22 17:00,1.174,1.17605,1.174,1.17545,1.172745,1.174674,1.172745,1.174122,0.003305,-0.000674,0.001328
2025.08.22 18:00,1.1754,1.17565,1.17385,1.17385,1.173985,1.17426,1.172608,1.172608,0.003042,-0.00041,0.001242
2025.08.22 19:00,1.1739,1.174,1.17325,1.17375,1.17247,1.17247,1.171921,1.17247,0.002079,0.00078,0.00128
2025.08.22 20:00,1.17375,1.17445,1.1735,1.1739,1.17247,1.173158,1.172196,1.172608,0.002254,0.000342,0.001292
2025.08.24 23:00,1.173,1.1731,1.1724,1.1725,1.171921,1.171921,1.171097,1.171234,0.002003,0.000479,0.001266
2025.08.25 00:00,1.17245,1.1725,1.1712,1.17145,1.17096,1.17096,1.169864,1.170138,0.002636,0.00024,0.001312
2025.08.25 01:00,1.17145,1.172,1.171,1.1713,1.170275,1.170823,1.169727,1.170001,0.002273,0.000177,0.001299
2025.08.25 02:00,1.17135,1.1717,1.17105,1.1714,1.169727,1.170412,1.169727,1.170001,0.001973,0.000638,0.001399
2025.08.25 03:00,1.17135,1.1724,1.17135,1.17235,1.170275,1.171097,1.170275,1.171097,0.002125,0.000253,0.001253
2025.08.25 04:00,1.17235,1.17245,1.172,1.17225,1.171097,1.171234,1.170686,1.17096,0.001764,0.000766,0.00129
2025.08.25 05:00,1.1722,1.1722,1.17145,1.17165,1.170823,1.170823,1.170275,1.170412,0.001925,0.000627,0.001238
2025.08.25 06:00,1.1717,1.1737,1.1717,1.17315,1.17096,1.172333,1.170823,1.171783,0.002877,-0.000633,0.001366
2025.08.25 07:00,1.17315,1.17345,1.1711,1.17145,1.171783,1.172058,1.170001,1.170138,0.003449,-0.000958,0.001312
2025.08.25 08:00,1.17135,1.17275,1.17135,1.1721,1.170412,1.171372,1.170275,1.170823,0.002475,-2.2e-05,0.001277
2025.08.25 09:00,1.17205,1.17215,1.17065,1.171,1.170686,1.170823,1.169317,1.169591,0.002833,-0.000173,0.001409
2025.08.25 10:00,1.171,1.17135,1.1702,1.17045,1.169864,1.170138,1.168907,1.16918,0.002443,6.2e-05,0.00127
2025.08.25 11:00,1.17045,1.17195,1.1704,1.17195,1.169317,1.170549,1.16918,1.170549,0.00277,-0.000149,0.001401
2025.08.25 12:00,1.17195,1.17205,1.171,1.17165,1.170686,1.170686,1.169727,1.170412,0.002323,0.000314,0.001238
2025.08.25 13:00,1.17165,1.17255,1.17115,1.17195,1.170412,1.171234,1.169864,1.170549,0.002686,-8.5e-05,0.001401
2025.08.25 14:00,1.17195,1.1722,1.1706,1.1707,1.170412,1.17096,1.169317,1.169317,0.002883,-0.00036,0.001383
2025.08.25 15:00,1.17065,1.1708,1.1682,1.16855,1.169317,1.169454,1.166997,1.16727,0.003803,-0.001254,0.00128
2025.08.25 16:00,1.16855,1.1686,1.1668,1.16715,1.167133,1.16727,1.165637,1.165909,0.002963,-0.00047,0.001241
2025.08.25 17:00,1.16715,1.1673,1.1657,1.1663,1.165909,1.165909,1.164551,1.164958,0.002749,-0.000209,0.001342
2025.08.25 18:00,1.1663,1.16645,1.1635,1.1637,1.164958,1.165094,1.16225,1.16225,0.0042,-0.001594,0.00145
2025.08.25 19:00,1.1637,1.16375,1.1619,1.1626,1.162385,1.162385,1.160766,1.161305,0.002984,-0.000485,0.001295
2025.08.25 20:00,1.16255,1.1642,1.16255,1.16345,1.161305,1.162926,1.161305,1.162115,0.002895,-0.000376,0.001335
2025.08.25 22:00,1.1637,1.16385,1.16335,1.1636,1.162385,1.162656,1.162115,1.162385,0.001735,0.000694,0.001215
2025.08.25 23:00,1.16365,1.16365,1.16285,1.163,1.162385,1.162385,1.16171,1.16171,0.00194,0.000465,0.00129
2025.08.26 00:00,1.163,1.1676,1.16255,1.1663,1.161575,1.166317,1.16144,1.165094,0.00616,-0.003767,0.001206
2025.08.26 01:00,1.1664,1.1666,1.16505,1.16575,1.165094,1.165365,1.163873,1.164551,0.002727,-0.000315,0.001199
2025.08.26 02:00,1.16575,1.1663,1.16485,1.16525,1.164551,1.165094,1.163603,1.164009,0.002697,-0.000244,0.001241
2025.08.26 03:00,1.1652,1.1652,1.16395,1.1642,1.163873,1.163873,1.162791,1.162926,0.002409,7.7e-05,0.001274
2025.08.26 04:00,1.16415,1.16475,1.16395,1.16475,1.163061,1.163467,1.162791,1.163332,0.001959,0.000483,0.001418
2025.08.26 05:00,1.1648,1.166,1.16455,1.16565,1.163332,1.164822,1.163332,1.164551,0.002668,-0.000272,0.001099
2025.08.26 06:00,1.16565,1.1657,1.1629,1.1638,1.164415,1.164415,1.16171,1.16252,0.00399,-0.001516,0.00128
2025.08.26 07:00,1.1638,1.16445,1.1618,1.1637,1.162656,1.163061,1.160766,1.16252,0.003684,-0.001261,0.00118
2025.08.26 08:00,1.16375,1.1641,1.1624,1.16335,1.162656,1.162791,1.161036,1.162115,0.003064,-0.000391,0.001235
2025.08.26 09:00,1.16335,1.16595,1.16335,1.1658,1.16225,1.164551,1.16225,1.164551,0.0037,-0.001201,0.001249
2025.08.26 10:00,1.16585,1.1663,1.1653,1.1661,1.164687,1.164958,1.164144,1.164822,0.002156,0.000342,0.001278
2025.08.26 11:00,1.1661,1.16765,1.1657,1.16695,1.164822,1.166181,1.164551,1.165773,0.003099,-0.000481,0.001177
2025.08.26 12:00,1.167,1.1676,1.16605,1.1662,1.165909,1.166317,1.164958,1.164958,0.002642,-0.000267,0.001242
2025.08.26 13:00,1.1662,1.1672,1.1653,1.1667,1.164958,1.165773,1.164144,1.165501,0.003056,-0.000473,0.001199
2025.08.26 14:00,1.16675,1.1681,1.1659,1.1671,1.165094,1.166861,1.164822,1.165909,0.003278,-0.000961,0.001191
2025.08.26 15:00,1.167,1.168,1.16645,1.1671,1.165637,1.166589,1.165365,1.165909,0.002635,-0.000139,0.001191
2025.08.26 16:00,1.16715,1.16775,1.1664,1.16645,1.166045,1.166453,1.16523,1.16523,0.00252,-5.3e-05,0.00122
2025.08.26 17:00,1.1665,1.16685,1.16535,1.16535,1.16523,1.165637,1.16428,1.16428,0.00257,-0.000287,0.00107
2025.08.26 18:00,1.16535,1.1663,1.1649,1.16595,1.164144,1.164958,1.163738,1.164687,0.002562,-5.8e-05,0.001263
2025.08.26 19:00,1.16595,1.16645,1.16555,1.16565,1.164822,1.16523,1.164415,1.164415,0.002035,0.00032,0.001235
2025.08.26 20:00,1.1656,1.1659,1.16495,1.16575,1.164415,1.164687,1.163738,1.164415,0.002162,0.000263,0.001335
2025.08.26 22:00,1.16575,1.16625,1.1656,1.1658,1.164822,1.165094,1.164415,1.164687,0.001835,0.000506,0.001113
2025.08.26 23:00,1.16585,1.1659,1.1652,1.1652,1.164551,1.164687,1.164144,1.164144,0.001756,0.000513,0.001056
2025.08.27 00:00,1.1652,1.16565,1.16485,1.16515,1.164144,1.164551,1.163738,1.164009,0.001912,0.000299,0.001141
2025.08.27 01:00,1.1652,1.1656,1.1646,1.16485,1.164144,1.164415,1.163467,1.163603,0.002133,0.000185,0.001247
2025.08.27 02:00,1.1649,1.1649,1.16395,1.16465,1.163738,1.163738,1.162926,1.163467,0.001974,0.000212,0.001183
2025.08.27 03:00,1.1646,1.16475,1.1637,1.16395,1.163467,1.163603,1.162656,1.162791,0.002094,9.7e-05,0.001159
2025.08.27 04:00,1.16365,1.1637,1.16265,1.16285,1.162791,1.162791,1.161575,1.16171,0.002125,-0.000141,0.00114
2025.08.27 05:00,1.16285,1.1635,1.16285,1.1635,1.161845,1.162385,1.16171,1.162385,0.00179,0.000465,0.001115
2025.08.27 06:00,1.16345,1.1639,1.1629,1.16355,1.162385,1.162656,1.161845,1.162385,0.002055,0.000244,0.001165
2025.08.27 07:00,1.1636,1.16365,1.16105,1.16185,1.16252,1.16252,1.160093,1.160766,0.003557,-0.00147,0.001084
2025.08.27 08:00,1.1618,1.1618,1.1592,1.16035,1.160631,1.160631,1.158212,1.159286,0.003588,-0.001431,0.001064
2025.08.27 09:00,1.1603,1.161,1.1601,1.1605,1.159152,1.159824,1.159017,1.15942,0.001983,0.000276,0.00108
2025.08.27 10:00,1.16045,1.1607,1.1593,1.1594,1.159286,1.159555,1.158346,1.158346,0.002354,-0.000255,0.001054
2025.08.27 11:00,1.1594,1.16045,1.15885,1.1601,1.158346,1.159286,1.157943,1.158883,0.002506,-0.000436,0.001217
2025.08.27 12:00,1.16005,1.1613,1.15995,1.1601,1.159152,1.160093,1.158883,1.159017,0.002417,-0.000143,0.001083
2025.08.27 13:00,1.1601,1.1619,1.1599,1.16125,1.158883,1.160631,1.158883,1.160227,0.003017,-0.000731,0.001023
2025.08.27 14:00,1.16125,1.1618,1.1597,1.1607,1.160093,1.160631,1.158749,1.159555,0.003051,-0.000931,0.001145
2025.08.27 15:00,1.1607,1.1627,1.1607,1.16255,1.159555,1.16144,1.159555,1.16144,0.003145,-0.00074,0.00111
2025.08.27 16:00,1.16255,1.16555,1.16255,1.1653,1.16144,1.16428,1.16144,1.164144,0.00411,-0.00173,0.001156
2025.08.27 17:00,1.16535,1.1658,1.1647,1.16525,1.164144,1.164551,1.163603,1.164144,0.002197,0.000149,0.001106
2025.08.27 18:00,1.16525,1.1653,1.1643,1.1645,1.164144,1.164144,1.163196,1.163467,0.002104,0.000156,0.001033
2025.08.27 19:00,1.16455,1.16505,1.16435,1.16485,1.163332,1.163873,1.163332,1.163738,0.001718,0.000477,0.001112
2025.08.27 20:00,1.1648,1.16545,1.16465,1.1654,1.163873,1.164144,1.163467,1.164144,0.001983,0.000506,0.001256
2025.08.27 22:00,1.16485,1.1656,1.16485,1.1655,1.16428,1.164822,1.164144,1.164551,0.001456,2.8e-05,0.000949
2025.08.27 23:00,1.16555,1.16595,1.16545,1.1659,1.164687,1.165094,1.164551,1.165094,0.001399,0.000356,0.000806
2025.08.28 00:00,1.1659,1.1661,1.16545,1.1657,1.165094,1.16523,1.164687,1.164822,0.001413,0.00022,0.000878
2025.08.28 01:00,1.1658,1.16625,1.1653,1.1656,1.164958,1.165365,1.164551,1.164822,0.001699,-6.5e-05,0.000778
2025.08.28 02:00,1.1657,1.1667,1.1657,1.16645,1.164822,1.165773,1.164822,1.165637,0.001878,-7.3e-05,0.000813
2025.08.28 03:00,1.16645,1.16665,1.16545,1.16555,1.165637,1.165773,1.164551,1.164687,0.002099,-0.000323,0.000863
2025.08.28 04:00,1.1652,1.1656,1.1651,1.16515,1.164687,1.164687,1.16428,1.16428,0.00132,0.000413,0.00087
2025.08.28 05:00,1.16515,1.16525,1.16475,1.16495,1.16428,1.164415,1.163873,1.16428,0.001377,0.000335,0.00067
2025.08.28 06:00,1.16495,1.16565,1.16455,1.1655,1.164144,1.164822,1.163738,1.164687,0.001912,-0.000272,0.000813
2025.08.28 07:00,1.16545,1.1661,1.1645,1.1655,1.164687,1.16523,1.163873,1.164822,0.002227,-0.00073,0.000678
2025.08.28 08:00,1.16555,1.16575,1.16405,1.1654,1.164822,1.164822,1.163467,1.164551,0.002283,-0.000772,0.000849
2025.08.28 09:00,1.16545,1.1666,1.1654,1.16605,1.164687,1.165637,1.164687,1.16523,0.001913,-0.000237,0.00082
2025.08.28 10:00,1.166,1.1687,1.166,1.1683,1.165365,1.167815,1.16523,1.167406,0.00347,-0.001815,0.000894
2025.08.28 11:00,1.1683,1.1685,1.16705,1.1678,1.167542,1.167542,1.166317,1.166861,0.002183,-0.000492,0.000939
2025.08.28 12:00,1.16785,1.16985,1.1674,1.16815,1.16727,1.169044,1.166725,1.16727,0.003125,-0.001644,0.00088
2025.08.28 13:00,1.1681,1.1689,1.16705,1.1684,1.16727,1.167951,1.166317,1.167815,0.002583,-0.000901,0.000585
2025.08.28 14:00,1.16835,1.1698,1.1678,1.16825,1.167406,1.168907,1.16727,1.167542,0.00253,-0.001107,0.000708
2025.08.28 15:00,1.16825,1.1687,1.16735,1.16835,1.16727,1.167815,1.166589,1.167542,0.002111,-0.000465,0.000808
2025.08.28 16:00,1.16835,1.1702,1.16835,1.1701,1.167542,1.169317,1.167542,1.169317,0.002658,-0.000967,0.000783
2025.08.28 17:00,1.17015,1.17095,1.16985,1.16995,1.169317,1.170138,1.169044,1.16918,0.001906,-0.000288,0.00077
2025.08.28 18:00,1.17,1.17025,1.16965,1.1701,1.16918,1.169317,1.168907,1.169317,0.001343,0.000333,0.000783
2025.08.28 19:00,1.1701,1.1702,1.16935,1.1694,1.169317,1.169317,1.168634,1.168634,0.001566,3.3e-05,0.000766
2025.08.28 20:00,1.1694,1.16955,1.1689,1.1695,1.168634,1.168634,1.168224,1.168634,0.001326,0.000266,0.000866
2025.08.28 22:00,1.16925,1.16925,1.1685,1.16855,1.168088,1.168497,1.167679,1.167815,0.001571,3e-06,0.000735
2025.08.28 23:00,1.16855,1.16935,1.16855,1.16905,1.167815,1.168497,1.167815,1.168224,0.001535,5.3e-05,0.000826
2025.08.29 00:00,1.1691,1.1694,1.16845,1.16865,1.168224,1.168497,1.167679,1.167815,0.001721,-4.7e-05,0.000835
2025.08.29 01:00,1.16865,1.1688,1.1668,1.16705,1.167815,1.167951,1.166045,1.166045,0.002755,-0.001151,0.001005
2025.08.29 02:00,1.1671,1.1677,1.16705,1.1674,1.166317,1.166861,1.166317,1.166453,0.001383,0.000189,0.000947
2025.08.29 03:00,1.16735,1.1677,1.16715,1.1676,1.166453,1.166861,1.166317,1.166589,0.001383,0.000289,0.001011
2025.08.29 04:00,1.1673,1.1677,1.167,1.16765,1.166589,1.166861,1.166317,1.166861,0.001383,0.000139,0.000789
2025.08.29 05:00,1.1676,1.1682,1.1673,1.16815,1.166861,1.167406,1.166453,1.167406,0.001747,-0.000106,0.000744
2025.08.29 06:00,1.1681,1.1682,1.1673,1.1679,1.16727,1.16727,1.166589,1.167133,0.001611,3e-05,0.000767
2025.08.29 07:00,1.16785,1.1689,1.16745,1.16875,1.166997,1.167951,1.166589,1.167951,0.002311,-0.000502,0.000799
2025.08.29 08:00,1.1687,1.1702,1.1683,1.1687,1.167951,1.16918,1.16727,1.167815,0.00293,-0.00088,0.000885
2025.08.29 09:00,1.1688,1.16945,1.16805,1.1685,1.168088,1.168497,1.16727,1.167679,0.00218,-0.000447,0.000821
2025.08.29 10:00,1.1684,1.16865,1.16775,1.16795,1.167542,1.167815,1.166861,1.167133,0.001789,-6.5e-05,0.000817
2025.08.29 11:00,1.168,1.168,1.16725,1.1675,1.166997,1.167133,1.166453,1.166589,0.001547,0.000117,0.000911
2025.08.29 12:00,1.16745,1.1676,1.16625,1.16705,1.166589,1.166725,1.165773,1.166181,0.001827,-0.000475,0.000869
2025.08.29 13:00,1.16705,1.1685,1.1665,1.16805,1.166453,1.167406,1.165773,1.16727,0.002727,-0.000906,0.00078
2025.08.29 14:00,1.1681,1.1717,1.1681,1.1716,1.167406,1.170823,1.167406,1.170823,0.004294,-0.002723,0.000777
2025.08.29 15:00,1.1716,1.17205,1.17065,1.17065,1.170823,1.17096,1.169864,1.169864,0.002186,-0.00031,0.000786
2025.08.29 16:00,1.17065,1.1719,1.17055,1.17135,1.169864,1.17096,1.169727,1.170549,0.002173,-0.00041,0.000801
2025.08.29 17:00,1.1713,1.17145,1.1708,1.17085,1.170275,1.170549,1.170001,1.170001,0.001449,0.000251,0.000849
2025.08.29 18:00,1.1708,1.17115,1.1705,1.17105,1.170001,1.170275,1.169727,1.170275,0.001423,0.000225,0.000775
2025.08.29 19:00,1.17105,1.1711,1.1705,1.17095,1.170138,1.170275,1.169727,1.170275,0.001373,0.000225,0.000675
2025.08.29 20:00,1.17105,1.17125,1.16925,1.16975,1.170275,1.170412,1.168634,1.169044,0.002616,-0.001162,0.000706
2025.08.31 23:00,1.17,1.17015,1.16975,1.1701,1.16918,1.169454,1.169044,1.169454,0.001106,0.000296,0.000646
2025.09.01 00:00,1.1701,1.1709,1.1701,1.1708,1.169317,1.170138,1.169317,1.170138,0.001583,-3.8e-05,0.000662
2025.09.01 01:00,1.1708,1.17085,1.16985,1.1706,1.170001,1.170001,1.16918,1.169864,0.00167,-0.000151,0.000736
2025.09.01 02:00,1.1706,1.1725,1.1706,1.1723,1.170001,1.171646,1.170001,1.171509,0.002499,-0.001046,0.000791
2025.09.01 03:00,1.1723,1.17255,1.17155,1.17195,1.171646,1.171783,1.170823,1.171234,0.001727,-0.000233,0.000715
2025.09.02 04:00,1.17055,1.1706,1.17,1.17035,1.169864,1.169864,1.169454,1.169591,0.001146,0.000136,0.000759
2025.09.02 05:00,1.17035,1.17075,1.16975,1.17045,1.169727,1.170138,1.16918,1.169727,0.00157,-0.000388,0.000723
2025.09.02 06:00,1.1705,1.17165,1.1705,1.17135,1.170138,1.17096,1.170001,1.170686,0.001649,-0.00046,0.000664
2025.09.02 07:00,1.17135,1.1717,1.16535,1.16565,1.170823,1.17096,1.164822,1.164958,0.006878,-0.00561,0.000692
2025.09.02 08:00,1.16565,1.1666,1.1644,1.16555,1.164822,1.165909,1.163873,1.164958,0.002727,-0.001509,0.000592
2025.09.02 09:00,1.16545,1.16585,1.16335,1.16475,1.164958,1.165094,1.163061,1.164144,0.002789,-0.001744,0.000606
2025.09.02 10:00,1.1648,1.1652,1.1637,1.1642,1.163873,1.164415,1.163061,1.163603,0.002139,-0.000715,0.000597
2025.09.02 11:00,1.1642,1.166,1.16375,1.1657,1.163603,1.165365,1.163196,1.164958,0.002804,-0.001615,0.000742
2025.09.02 12:00,1.1657,1.16635,1.1623,1.16275,1.164958,1.165637,1.16171,1.162115,0.00464,-0.003337,0.000635
2025.09.02 13:00,1.16275,1.16615,1.1625,1.166,1.162115,1.165365,1.162115,1.165365,0.004035,-0.002865,0.000635
2025.09.02 14:00,1.166,1.1693,1.166,1.16725,1.166453,1.168497,1.166453,1.166589,0.002847,-0.002497,0.000661
2025.09.02 15:00,1.1673,1.16785,1.166,1.16625,1.166453,1.167133,1.165501,1.165637,0.002349,-0.001133,0.000613
2025.09.02 16:00,1.1663,1.1665,1.1653,1.16545,1.165773,1.165773,1.164687,1.164687,0.001813,-0.000473,0.000763
2025.09.02 17:00,1.16545,1.1659,1.16515,1.1652,1.164822,1.165094,1.164551,1.164687,0.001349,5.6e-05,0.000513
2025.09.02 18:00,1.1652,1.16535,1.16395,1.1644,1.164551,1.164687,1.163332,1.163603,0.002018,-0.000737,0.000797
2025.09.02 19:00,1.1644,1.16515,1.1642,1.1651,1.163738,1.164415,1.163603,1.164415,0.001547,-0.000216,0.000684
2025.09.02 20:00,1.16515,1.16535,1.1649,1.1651,1.164415,1.164822,1.16428,1.164415,0.00107,7.8e-05,0.000684
2025.09.02 22:00,1.16525,1.16545,1.16455,1.1646,1.164415,1.164687,1.164009,1.164144,0.001441,-0.000137,0.000456
2025.09.02 23:00,1.1647,1.16475,1.1642,1.16425,1.164144,1.164144,1.163603,1.163738,0.001147,5.6e-05,0.000512
2025.09.03 00:00,1.1642,1.1646,1.16385,1.1642,1.163603,1.163873,1.163196,1.163603,0.001404,-2.3e-05,0.000597
2025.09.03 01:00,1.1643,1.16445,1.1636,1.16395,1.163738,1.163873,1.163061,1.163332,0.001389,-0.000273,0.000618
2025.09.03 02:00,1.164,1.1645,1.1634,1.16365,1.163332,1.163873,1.162926,1.163061,0.001574,-0.000473,0.000589
2025.09.03 03:00,1.16365,1.16395,1.16325,1.1633,1.163196,1.163332,1.162656,1.162791,0.001294,-8.2e-05,0.000509
2025.09.03 04:00,1.16355,1.1641,1.1635,1.1641,1.162791,1.163467,1.162656,1.163467,0.001444,3.3e-05,0.000633
2025.09.03 05:00,1.1641,1.1644,1.16355,1.16395,1.163467,1.163738,1.163061,1.163332,0.001339,-0.000188,0.000618
2025.09.03 06:00,1.16395,1.16525,1.16375,1.16425,1.163196,1.164551,1.163196,1.163603,0.002053,-0.000801,0.000647
2025.09.03 07:00,1.16425,1.1645,1.16175,1.16445,1.163738,1.164009,1.161305,1.163873,0.003195,-0.002259,0.000577
2025.09.03 08:00,1.1645,1.16675,1.1645,1.16655,1.164144,1.166045,1.164144,1.165909,0.002606,-0.001545,0.000641
2025.09.03 09:00,1.1666,1.16745,1.16615,1.16655,1.166181,1.166725,1.165637,1.165909,0.001813,-0.000575,0.000641
2025.09.03 10:00,1.16655,1.1667,1.1649,1.16535,1.165773,1.166045,1.164415,1.164687,0.002285,-0.001145,0.000663
2025.09.03 11:00,1.1653,1.1664,1.16495,1.1661,1.164822,1.165773,1.164415,1.165637,0.001984,-0.000823,0.000463
2025.09.03 12:00,1.16605,1.1668,1.16545,1.16575,1.165637,1.166181,1.164822,1.165094,0.001978,-0.000731,0.000656
2025.09.03 13:00,1.1658,1.16635,1.1648,1.16595,1.165094,1.165637,1.16428,1.16523,0.00207,-0.000837,0.00072
2025.09.03 14:00,1.16595,1.169,1.16575,1.1673,1.166317,1.168361,1.166317,1.166725,0.002683,-0.002611,0.000575
2025.09.03 15:00,1.16735,1.16915,1.16725,1.16845,1.166725,1.168497,1.166725,1.167815,0.002425,-0.001247,0.000635
2025.09.03 16:00,1.16845,1.1687,1.16765,1.1685,1.167815,1.168088,1.167133,1.167815,0.001567,-0.000438,0.000685
2025.09.03 17:00,1.1685,1.1687,1.16685,1.1671,1.168088,1.168088,1.166317,1.166453,0.002383,-0.001238,0.000647
2025.09.03 18:00,1.16705,1.16775,1.1668,1.16715,1.166181,1.167133,1.166181,1.166589,0.001569,-0.000333,0.000561
2025.09.03 19:00,1.16715,1.1672,1.1665,1.1668,1.166317,1.166589,1.165909,1.166181,0.001291,-8.9e-05,0.000619
2025.09.03 20:00,1.16675,1.16745,1.16655,1.167,1.166181,1.166861,1.165909,1.166453,0.001541,-0.000311,0.000547
2025.09.03 22:00,1.167,1.1671,1.1667,1.16675,1.166453,1.166725,1.166317,1.166317,0.000783,-2.5e-05,0.000433
2025.09.03 23:00,1.1668,1.167,1.16635,1.1668,1.166317,1.166589,1.166045,1.166453,0.000955,-0.000239,0.000347
2025.09.04 00:00,1.16685,1.16695,1.16615,1.1666,1.166317,1.166453,1.165909,1.166181,0.001041,-0.000303,0.000419
2025.09.04 01:00,1.16665,1.1676,1.16595,1.16655,1.166317,1.16727,1.165773,1.166317,0.001827,-0.00132,0.000233
2025.09.04 02:00,1.16655,1.1666,1.1658,1.16595,1.166181,1.166181,1.165501,1.165637,0.001099,-0.000381,0.000313
2025.09.04 03:00,1.16605,1.16625,1.1658,1.1659,1.165637,1.165909,1.165501,1.165637,0.000749,-0.000109,0.000263
2025.09.04 04:00,1.16615,1.1662,1.16575,1.1659,1.165637,1.165909,1.165365,1.165501,0.000835,-0.000159,0.000399
2025.09.04 05:00,1.16585,1.16625,1.16555,1.16625,1.165501,1.165909,1.16523,1.165909,0.00102,-0.000359,0.000341
2025.09.04 06:00,1.1662,1.16685,1.16575,1.1659,1.165909,1.166317,1.165501,1.165501,0.001349,-0.000567,0.000399
2025.09.04 07:00,1.1659,1.1666,1.1651,1.1658,1.165773,1.166045,1.164822,1.165501,0.001778,-0.000945,0.000299
2025.09.04 08:00,1.16575,1.16665,1.1655,1.16645,1.165501,1.166181,1.165365,1.166045,0.001285,-0.000681,0.000405
2025.09.04 09:00,1.16645,1.1667,1.1646,1.165,1.166181,1.166181,1.16428,1.164551,0.00242,-0.001581,0.000449
2025.09.04 10:00,1.16505,1.16665,1.165,1.16605,1.164687,1.166181,1.164687,1.165637,0.001963,-0.001181,0.000413
2025.09.04 11:00,1.16595,1.166,1.1646,1.165,1.165501,1.165637,1.164415,1.164687,0.001585,-0.001037,0.000313
2025.09.04 12:00,1.16505,1.16685,1.16365,1.16535,1.164958,1.165773,1.163603,1.164958,0.003247,-0.002123,0.000392
2025.09.04 13:00,1.1653,1.1663,1.1644,1.1657,1.165094,1.165773,1.164144,1.165365,0.002156,-0.001373,0.000335
2025.09.04 14:00,1.16565,1.16585,1.1639,1.16415,1.164144,1.16523,1.163603,1.163873,0.002247,-0.00133,0.000277
2025.09.04 15:00,1.1642,1.1657,1.16385,1.16545,1.164009,1.165365,1.163467,1.165094,0.002233,-0.001515,0.000356
2025.09.04 16:00,1.1655,1.1655,1.1641,1.16465,1.164958,1.16523,1.163738,1.164415,0.001762,-0.00113,0.000234
2025.09.04 17:00,1.1647,1.1647,1.16415,1.16445,1.16428,1.164415,1.163873,1.164009,0.000827,-0.000265,0.000441
2025.09.04 18:00,1.1645,1.1655,1.1644,1.16515,1.164144,1.165094,1.164144,1.164687,0.001356,-0.000694,0.000463
2025.09.04 19:00,1.16515,1.16595,1.1651,1.1658,1.164822,1.165501,1.164822,1.165365,0.001128,-0.000401,0.000435
2025.09.04 20:00,1.1658,1.16595,1.1656,1.1657,1.165501,1.165637,1.16523,1.16523,0.00072,-3.7e-05,0.00047
2025.09.04 22:00,1.1656,1.166,1.16555,1.16555,1.16523,1.165637,1.16523,1.16523,0.00077,-8.7e-05,0.00032
2025.09.04 23:00,1.1656,1.16645,1.1655,1.1663,1.165365,1.166045,1.16523,1.166045,0.00122,-0.000545,0.000255
2025.09.05 00:00,1.1663,1.1667,1.1659,1.1666,1.166045,1.166453,1.165637,1.166317,0.001063,-0.000553,0.000283
2025.09.05 01:00,1.1666,1.16785,1.16655,1.1677,1.166453,1.167406,1.166453,1.167406,0.001397,-0.000856,0.000294
2025.09.05 02:00,1.16765,1.1681,1.16745,1.16745,1.167406,1.167815,1.167133,1.167133,0.000967,-0.000365,0.000317
2025.09.05 03:00,1.1675,1.16795,1.1673,1.16785,1.167133,1.167679,1.166997,1.167542,0.000953,-0.000379,0.000308
2025.09.05 04:00,1.16775,1.16785,1.16715,1.16735,1.167406,1.167542,1.166861,1.166997,0.000989,-0.000392,0.000353
2025.09.05 05:00,1.16735,1.1684,1.1673,1.1683,1.166997,1.168088,1.166997,1.168088,0.001403,-0.000788,0.000212
2025.09.05 06:00,1.1684,1.1684,1.16715,1.16755,1.167815,1.168088,1.166861,1.16727,0.001539,-0.000938,0.00028
2025.09.05 07:00,1.1676,1.1685,1.1673,1.1684,1.16727,1.168224,1.166997,1.168088,0.001503,-0.000924,0.000312
2025.09.05 08:00,1.1684,1.16905,1.16815,1.1689,1.167951,1.16877,1.167951,1.168634,0.001099,-0.00062,0.000266
2025.09.05 09:00,1.169,1.16985,1.1688,1.1694,1.168634,1.169591,1.168497,1.16918,0.001353,-0.000791,0.00022
2025.09.05 10:00,1.1694,1.1703,1.16935,1.1698,1.169044,1.170001,1.169044,1.169591,0.001256,-0.000651,0.000209
2025.09.05 11:00,1.1698,1.1698,1.16845,1.16935,1.169317,1.169454,1.168224,1.169044,0.001576,-0.001004,0.000306
2025.09.05 12:00,1.16935,1.17585,1.16925,1.1741,1.169044,1.174536,1.169044,1.173709,0.006806,-0.005286,0.000391
2025.09.05 13:00,1.1741,1.1757,1.17205,1.1755,1.173847,1.175364,1.171921,1.175364,0.003779,-0.003314,0.000136
2025.09.05 14:00,1.17555,1.1766,1.1729,1.1743,1.175088,1.176194,1.172745,1.173985,0.003855,-0.003294,0.000315
2025.09.05 15:00,1.1743,1.17655,1.1741,1.1765,1.174122,1.176194,1.173985,1.176194,0.002566,-0.002094,0.000306
2025.09.05 16:00,1.1765,1.1766,1.1743,1.17455,1.176332,1.176332,1.174122,1.174122,0.002478,-0.002032,0.000428
2025.09.05 17:00,1.17455,1.17455,1.17315,1.17325,1.17426,1.17426,1.172883,1.172883,0.001667,-0.00111,0.000367
2025.09.05 18:00,1.1732,1.17325,1.17205,1.17235,1.172745,1.172745,1.171783,1.172058,0.001467,-0.000695,0.000292
2025.09.05 19:00,1.1723,1.1729,1.1719,1.17235,1.172196,1.172608,1.171646,1.172058,0.001254,-0.000708,0.000292
2025.09.05 20:00,1.1724,1.1729,1.17215,1.17225,1.172058,1.172608,1.171921,1.172333,0.000979,-0.000458,-8.3e-05
2025.09.07 23:00,1.1712,1.17215,1.1711,1.17175,1.171097,1.171921,1.171097,1.171646,0.001053,-0.000821,0.000104
2025.09.08 00:00,1.1718,1.1719,1.171,1.17185,1.171097,1.171646,1.17096,1.171646,0.00094,-0.000646,0.000204
2025.09.08 01:00,1.1719,1.1723,1.1713,1.1718,1.171921,1.172058,1.171097,1.171509,0.001203,-0.000758,0.000291
2025.09.08 02:00,1.1719,1.17215,1.17155,1.17205,1.171783,1.172058,1.171372,1.171783,0.000778,-0.000508,0.000267
2025.09.08 03:00,1.17205,1.1721,1.17135,1.1715,1.171921,1.171921,1.171097,1.171234,0.001003,-0.000571,0.000265
2025.09.08 04:00,1.1715,1.17195,1.17115,1.17185,1.171372,1.171783,1.17096,1.171646,0.00099,-0.000633,0.000204
2025.09.08 05:00,1.1718,1.17265,1.1718,1.172,1.171646,1.172333,1.171646,1.171783,0.001004,-0.000533,0.000217
2025.09.08 06:00,1.1721,1.17335,1.17175,1.17325,1.171921,1.173158,1.171646,1.17302,0.001704,-0.001408,0.000229
2025.09.08 07:00,1.17325,1.17395,1.1726,1.17385,1.172883,1.173709,1.17247,1.173571,0.00148,-0.001109,0.000279
2025.09.08 08:00,1.17385,1.1748,1.1731,1.17365,1.173709,1.174536,1.17302,1.173434,0.00178,-0.001436,0.000216
2025.09.08 09:00,1.17365,1.1737,1.17265,1.17295,1.173296,1.173434,1.17247,1.172745,0.00123,-0.000784,0.000205
2025.09.08 10:00,1.1729,1.1734,1.1725,1.17315,1.172608,1.173296,1.17247,1.17302,0.00093,-0.000796,0.000129
2025.09.08 11:00,1.17315,1.17375,1.173,1.1735,1.17302,1.173709,1.172745,1.173296,0.001005,-0.000709,0.000204
2025.09.08 12:00,1.17345,1.17475,1.17285,1.17435,1.173434,1.174536,1.172745,1.174122,0.002005,-0.001686,0.000228
2025.09.08 13:00,1.17435,1.1762,1.1742,1.17565,1.17426,1.175917,1.174122,1.175364,0.002078,-0.001717,0.000286
2025.09.08 14:00,1.17565,1.176,1.17455,1.1751,1.175503,1.175641,1.174398,1.17495,0.001602,-0.001091,0.00015
2025.09.08 15:00,1.17505,1.17575,1.1749,1.1756,1.174812,1.175503,1.174812,1.175364,0.000938,-0.000602,0.000236
2025.09.08 16:00,1.17555,1.17575,1.17405,1.1746,1.175503,1.175503,1.173985,1.174398,0.001765,-0.001453,0.000202
2025.09.08 17:00,1.1746,1.17525,1.17405,1.1745,1.174398,1.17495,1.173985,1.17426,0.001266,-0.0009,0.00024
2025.09.08 18:00,1.1745,1.17685,1.1745,1.1767,1.174398,1.176609,1.174398,1.176471,0.002452,-0.002109,0.000229
2025.09.08 19:00,1.17665,1.1771,1.1765,1.1768,1.176471,1.176886,1.176332,1.176609,0.000768,-0.000386,0.000191
2025.09.08 20:00,1.17675,1.17695,1.1765,1.1769,1.176609,1.176747,1.176332,1.176609,0.000618,-0.000247,0.000291
2025.09.08 22:00,1.1771,1.1771,1.17665,1.1767,1.176609,1.176886,1.176609,1.176747,0.000491,-0.000236,-4.7e-05
2025.09.08 23:00,1.17675,1.17785,1.1767,1.17735,1.176747,1.177718,1.176747,1.177163,0.001103,-0.001018,0.000187
2025.09.09 00:00,1.1773,1.1779,1.17705,1.17765,1.177163,1.177718,1.177024,1.177579,0.000875,-0.000668,7.1e-05
2025.09.09 01:00,1.17765,1.1783,1.1771,1.178,1.17744,1.178134,1.177024,1.177856,0.001276,-0.001034,0.000144
2025.09.09 02:00,1.17805,1.1782,1.1773,1.1774,1.177856,1.177995,1.177163,1.177163,0.001037,-0.000695,0.000237
2025.09.09 03:00,1.1774,1.1775,1.17685,1.17685,1.177302,1.177302,1.176747,1.176747,0.000753,-0.000452,0.000103
2025.09.09 04:00,1.1771,1.17805,1.1771,1.1778,1.176747,1.177995,1.176747,1.177718,0.001303,-0.000895,8.2e-05
2025.09.09 05:00,1.17775,1.1785,1.17765,1.1784,1.177718,1.178273,1.177579,1.178273,0.000921,-0.000623,0.000127
2025.09.09 06:00,1.1784,1.17845,1.17615,1.17695,1.178134,1.178134,1.176055,1.176886,0.002395,-0.001984,6.4e-05
2025.09.09 07:00,1.177,1.17735,1.1753,1.17575,1.176609,1.177163,1.175226,1.175641,0.002124,-0.001863,0.000109
2025.09.09 08:00,1.17565,1.1767,1.1749,1.17645,1.175503,1.176471,1.174812,1.176332,0.001888,-0.00157,0.000118
2025.09.09 09:00,1.17645,1.1777,1.1764,1.17725,1.176332,1.17744,1.176332,1.177163,0.001368,-0.00104,8.7e-05
2025.09.09 10:00,1.17725,1.1776,1.1757,1.17585,1.177024,1.177302,1.175641,1.175641,0.001959,-0.001602,0.000209
2025.09.09 11:00,1.1759,1.17595,1.1746,1.1747,1.175779,1.175779,1.174536,1.174536,0.001414,-0.001179,0.000164
2025.09.09 12:00,1.17465,1.175,1.17325,1.1742,1.174536,1.174812,1.173158,1.174122,0.001842,-0.001562,7.8e-05
2025.09.09 13:00,1.1742,1.1754,1.1739,1.17465,1.173985,1.175088,1.173847,1.174536,0.001553,-0.001188,0.000114
2025.09.09 14:00,1.1747,1.17675,1.17275,1.17355,1.176194,1.176194,1.172883,1.173571,0.003867,-0.003444,-2.1e-05
2025.09.09 15:00,1.17355,1.1736,1.17205,1.1727,1.173434,1.173434,1.171921,1.172608,0.001679,-0.001384,9.2e-05
2025.09.09 16:00,1.1727,1.1735,1.17235,1.17235,1.172608,1.173296,1.172196,1.172196,0.001304,-0.000946,0.000154
2025.09.09 17:00,1.1724,1.1728,1.17135,1.1714,1.172196,1.172608,1.171234,1.171234,0.001565,-0.001258,0.000165
2025.09.09 18:00,1.17145,1.17195,1.17085,1.1711,1.171097,1.171783,1.170823,1.17096,0.001127,-0.000933,0.00014
2025.09.09 19:00,1.1711,1.17135,1.17085,1.17115,1.17096,1.171234,1.170823,1.171097,0.000527,-0.000384,5.3e-05
2025.09.09 20:00,1.17115,1.17165,1.1709,1.17125,1.17096,1.171509,1.170823,1.171234,0.000827,-0.000609,1.5e-05
2025.09.09 22:00,1.1717,1.1718,1.17125,1.1716,1.171372,1.171646,1.171234,1.171646,0.000566,-0.000396,-4.6e-05
2025.09.09 23:00,1.17155,1.1716,1.17015,1.17065,1.171372,1.171509,1.170138,1.170549,0.001462,-0.001359,0.000101
2025.09.10 00:00,1.17065,1.17065,1.17,1.1701,1.170412,1.170549,1.170001,1.170138,0.000649,-0.000549,-3.8e-05
2025.09.10 01:00,1.17015,1.1707,1.16935,1.1704,1.170275,1.170549,1.169454,1.170275,0.001246,-0.001199,0.000125
2025.09.10 02:00,1.1704,1.1712,1.17035,1.17115,1.170275,1.171097,1.170275,1.171097,0.000925,-0.000747,5.3e-05
2025.09.10 03:00,1.17115,1.17145,1.1711,1.17125,1.171097,1.171372,1.171097,1.171234,0.000353,-0.000272,1.5e-05
2025.09.10 04:00,1.1712,1.17195,1.1712,1.17195,1.171234,1.171921,1.171097,1.171921,0.000853,-0.000721,2.9e-05
2025.09.10 05:00,1.1719,1.172,1.1709,1.1712,1.171783,1.171921,1.170823,1.171234,0.001177,-0.001021,-3.4e-05
2025.09.10 06:00,1.17125,1.1722,1.1696,1.17015,1.171234,1.172196,1.169591,1.169591,0.002609,-0.002596,0.000559
2025.09.10 07:00,1.1702,1.1712,1.16865,1.17065,1.170001,1.171097,1.16918,1.170686,0.00202,-0.002447,-3.6e-05
2025.09.10 08:00,1.17065,1.1708,1.16945,1.17035,1.170686,1.170686,1.169454,1.170412,0.001346,-0.001236,-6.2e-05
2025.09.10 09:00,1.17035,1.1721,1.17025,1.1717,1.170275,1.171921,1.170275,1.171646,0.001825,-0.001671,5.4e-05
2025.09.10 10:00,1.1717,1.1719,1.17005,1.1704,1.171783,1.171783,1.170001,1.170412,0.001899,-0.001733,-1.2e-05
2025.09.10 11:00,1.1704,1.17105,1.1699,1.1709,1.170412,1.17096,1.170001,1.170823,0.001049,-0.00106,7.7e-05
2025.09.10 12:00,1.17085,1.1732,1.1695,1.1704,1.17096,1.172196,1.169591,1.170549,0.003609,-0.002696,-0.000149
2025.09.10 13:00,1.17045,1.1729,1.17,1.17245,1.170412,1.172745,1.170001,1.172333,0.002899,-0.002745,0.000117
2025.09.10 14:00,1.1724,1.1735,1.17195,1.17315,1.17247,1.173434,1.171921,1.17302,0.001579,-0.001484,0.000129
2025.09.10 15:00,1.17315,1.17345,1.17175,1.17185,1.173158,1.173296,1.171783,1.171783,0.001667,-0.001546,6.7e-05
2025.09.10 16:00,1.17185,1.172,1.1707,1.17095,1.171783,1.171921,1.170686,1.17096,0.001314,-0.001221,-1e-05
2025.09.10 17:00,1.17095,1.1715,1.17055,1.17095,1.170823,1.171372,1.170549,1.17096,0.000951,-0.000822,-1e-05
2025.09.10 18:00,1.17095,1.17165,1.17065,1.1709,1.170823,1.171509,1.170686,1.170823,0.000964,-0.000859,7.7e-05
2025.09.10 19:00,1.1709,1.1709,1.16975,1.17045,1.170823,1.170823,1.169727,1.170412,0.001173,-0.001073,3.8e-05
2025.09.10 20:00,1.1704,1.17055,1.16975,1.1698,1.170412,1.170412,1.169591,1.169591,0.000959,-0.000662,0.000209
2025.09.10 22:00,1.1702,1.1705,1.17,1.17045,1.170275,1.170686,1.170275,1.170686,0.000225,-0.000686,-0.000236
2025.09.10 23:00,1.1705,1.1709,1.1703,1.17045,1.170549,1.17096,1.170549,1.170686,0.000351,-0.00066,-0.000236
2025.09.11 00:00,1.1704,1.1704,1.1695,1.16955,1.170412,1.170549,1.169727,1.169727,0.000673,-0.001049,-0.000178
2025.09.11 01:00,1.16955,1.1705,1.16945,1.16985,1.169727,1.170549,1.169727,1.170001,0.000773,-0.001099,-0.000151
2025.09.11 02:00,1.16995,1.17005,1.16955,1.1698,1.170138,1.170138,1.169727,1.170001,0.000323,-0.000588,-0.000201
2025.09.11 03:00,1.1698,1.17025,1.16965,1.1697,1.170001,1.170275,1.169864,1.170001,0.000386,-0.000625,-0.000301
2025.09.11 04:00,1.16975,1.1701,1.1696,1.1701,1.170001,1.170275,1.169727,1.170275,0.000373,-0.000675,-0.000175
2025.09.11 05:00,1.1701,1.1701,1.1691,1.16915,1.170138,1.170138,1.169317,1.169317,0.000783,-0.001038,-0.000167
2025.09.11 06:00,1.16915,1.1698,1.16855,1.16925,1.169317,1.169864,1.16877,1.169317,0.00103,-0.001314,-6.7e-05
2025.09.11 07:00,1.1693,1.1698,1.16885,1.1694,1.169727,1.169864,1.16918,1.169591,0.00062,-0.001014,-0.000191
2025.09.11 08:00,1.16945,1.1697,1.16905,1.1693,1.169454,1.169864,1.169317,1.169591,0.000383,-0.000814,-0.000291
2025.09.11 09:00,1.16935,1.16945,1.16795,1.16875,1.169591,1.169591,1.168497,1.168907,0.000953,-0.001641,-0.000157
2025.09.11 10:00,1.16875,1.16895,1.1681,1.16845,1.168907,1.169044,1.168361,1.16877,0.000589,-0.000944,-0.00032
2025.09.11 11:00,1.16845,1.16925,1.16795,1.16855,1.16877,1.169317,1.168224,1.168634,0.001026,-0.001367,-8.4e-05
2025.09.11 12:00,1.1686,1.17225,1.1656,1.17165,1.168907,1.172196,1.166997,1.171646,0.005253,-0.006596,4e-06
2025.09.11 13:00,1.1717,1.1743,1.1715,1.1741,1.172196,1.174398,1.172058,1.17426,0.002242,-0.002898,-0.00016
2025.09.11 14:00,1.17405,1.1746,1.1727,1.1729,1.174122,1.174674,1.172883,1.173158,0.001717,-0.001974,-0.000258
2025.09.11 15:00,1.173,1.17475,1.1728,1.17335,1.17302,1.174812,1.17302,1.173571,0.001729,-0.002012,-0.000221
2025.09.11 16:00,1.17335,1.17415,1.1732,1.17385,1.173434,1.17426,1.173434,1.173985,0.000716,-0.00106,-0.000134
2025.09.11 17:00,1.17385,1.17415,1.17295,1.17335,1.173985,1.17426,1.173296,1.173571,0.000854,-0.00131,-0.000221
2025.09.11 18:00,1.1733,1.174,1.17325,1.1737,1.173434,1.174122,1.173434,1.173985,0.000566,-0.000872,-0.000285
2025.09.11 19:00,1.17375,1.17405,1.1735,1.17385,1.173847,1.17426,1.173709,1.173985,0.000341,-0.00076,-0.000134
2025.09.11 20:00,1.17385,1.17415,1.17355,1.17365,1.173985,1.17426,1.173847,1.173847,0.000303,-0.00071,-0.000197
2025.09.11 22:00,1.1737,1.17415,1.1736,1.174,1.173847,1.174398,1.173847,1.17426,0.000303,-0.000798,-0.00026
2025.09.11 23:00,1.1739,1.17405,1.1734,1.17345,1.17426,1.174398,1.173709,1.173709,0.000341,-0.000998,-0.000259
2025.09.12 00:00,1.1734,1.17355,1.17285,1.1733,1.173571,1.173709,1.173158,1.173709,0.000392,-0.000859,-0.000409
2025.09.12 01:00,1.1733,1.1733,1.1727,1.1727,1.173709,1.173847,1.172883,1.17302,0.000417,-0.001147,-0.00032
2025.09.12 02:00,1.1726,1.173,1.1725,1.1728,1.172883,1.173296,1.172745,1.17302,0.000255,-0.000796,-0.000221
2025.09.12 03:00,1.1726,1.1728,1.1724,1.17255,1.172883,1.17302,1.172608,1.172883,0.000192,-0.00062,-0.000333
2025.09.12 04:00,1.17235,1.1728,1.17225,1.1726,1.172745,1.17302,1.17247,1.172883,0.00033,-0.00077,-0.000283
2025.09.12 05:00,1.17275,1.1734,1.1727,1.17325,1.17302,1.173709,1.172745,1.173434,0.000655,-0.001009,-0.000184
2025.09.12 06:00,1.1732,1.1741,1.17235,1.17405,1.173434,1.17426,1.172608,1.17426,0.001492,-0.00191,-0.00021
2025.09.12 07:00,1.174,1.17485,1.17375,1.17415,1.174536,1.175088,1.174122,1.174398,0.000728,-0.001338,-0.000248
2025.09.12 08:00,1.17415,1.1795,1.17165,1.178,1.174398,1.174398,1.171921,1.172196,0.007579,-0.002748,0.005804
2025.09.12 09:00,1.17795,1.17875,1.1714,1.1784,1.172196,1.172883,1.171783,1.172608,0.006967,-0.001483,0.005792
2025.09.12 10:00,1.1785,1.1797,1.1723,1.1796,1.172608,1.173847,1.172608,1.173847,0.007092,-0.001547,0.005753
2025.09.12 11:00,1.1796,1.1798,1.1721,1.17835,1.173709,1.173847,1.17247,1.17247,0.00733,-0.001747,0.00588
2025.09.12 12:00,1.1784,1.1785,1.17015,1.17745,1.17247,1.172608,1.170686,1.171646,0.007814,-0.002458,0.005804
2025.09.12 13:00,1.17135,1.17785,1.17045,1.17755,1.171783,1.171921,1.170686,1.171783,0.007164,-0.001471,0.005767
2025.09.12 14:00,1.17755,1.1791,1.1713,1.1787,1.171783,1.17302,1.171783,1.172883,0.007317,-0.00172,0.005817
2025.09.12 15:00,1.17875,1.179,1.1714,1.17145,1.172883,1.17302,1.171783,1.171783,0.007217,-0.001621,-0.000333
2025.09.12 16:00,1.1777,1.1794,1.17105,1.1728,1.171783,1.173434,1.171509,1.17302,0.007891,-0.002384,-0.000221
2025.09.12 17:00,1.17895,1.18005,1.17275,1.17945,1.173158,1.174122,1.173158,1.173571,0.006892,-0.001372,0.005879
2025.09.12 18:00,1.1795,1.18045,1.1733,1.1804,1.173709,1.174536,1.173571,1.174536,0.006879,-0.001236,0.005864
2025.09.12 19:00,1.1804,1.1804,1.1735,1.1799,1.174398,1.174536,1.173847,1.173985,0.006553,-0.001036,0.005916
2025.09.12 20:00,1.17995,1.1804,1.173,1.1804,1.173985,1.173985,1.173296,1.173571,0.007104,-0.000985,0.006829
2025.09.14 23:00,1.1791,1.1793,1.17265,1.17875,1.173158,1.173434,1.172883,1.172883,0.006417,-0.000784,0.005867
2025.09.15 00:00,1.1788,1.179,1.1722,1.17885,1.17302,1.17302,1.172608,1.17302,0.006392,-0.000821,0.00583
2025.09.15 01:00,1.17885,1.17915,1.1726,1.17895,1.172883,1.173296,1.172745,1.173158,0.006405,-0.000696,0.005792
2025.09.15 02:00,1.179,1.1791,1.17285,1.17895,1.173158,1.173296,1.172883,1.173158,0.006217,-0.000446,0.005792
2025.09.15 03:00,1.179,1.1796,1.173,1.17935,1.173158,1.173709,1.17302,1.173434,0.00658,-0.000709,0.005916
2025.09.15 04:00,1.1793,1.17975,1.1732,1.1796,1.173571,1.173847,1.173434,1.173709,0.006316,-0.000647,0.005891
2025.09.15 05:00,1.17965,1.17965,1.17285,1.17905,1.173709,1.173709,1.173158,1.173158,0.006492,-0.000859,0.005892
2025.09.15 06:00,1.1791,1.1792,1.17175,1.1787,1.173158,1.173296,1.172058,1.172883,0.007142,-0.001546,0.005817
2025.09.15 07:00,1.17865,1.1806,1.1726,1.17955,1.17302,1.174674,1.172883,1.173709,0.007717,-0.002074,0.005841
2025.09.15 08:00,1.17955,1.18055,1.1732,1.17985,1.173847,1.174674,1.173434,1.173985,0.007116,-0.001474,0.005865
2025.09.15 09:00,1.1799,1.1814,1.1738,1.1808,1.174122,1.175364,1.174122,1.175088,0.007278,-0.001564,0.005712
2025.09.15 10:00,1.1808,1.1825,1.1752,1.1815,1.175364,1.176609,1.175364,1.175641,0.007136,-0.001409,0.005859
2025.09.15 11:00,1.18155,1.1825,1.17535,1.18235,1.175779,1.176609,1.175779,1.176471,0.006721,-0.001259,0.00588
2025.09.15 12:00,1.18235,1.18335,1.1763,1.1832,1.176747,1.17744,1.176747,1.177302,0.006603,-0.00114,0.005898
2025.09.15 13:00,1.1832,1.18355,1.17585,1.1821,1.177302,1.177579,1.176194,1.176332,0.007356,-0.001729,0.005768
2025.09.15 14:00,1.1821,1.18225,1.17535,1.18195,1.176194,1.176332,1.175503,1.176194,0.006747,-0.000982,0.005756
2025.09.15 15:00,1.182,1.18345,1.1818,1.18335,1.176055,1.177579,1.176055,1.17744,0.007395,0.004221,0.00591
2025.09.15 16:00,1.1833,1.18365,1.1818,1.18205,1.177579,1.177718,1.176055,1.176194,0.007595,0.004082,0.005856
2025.09.15 17:00,1.18205,1.1835,1.182,1.18335,1.176194,1.177579,1.176194,1.17744,0.007306,0.004421,0.00591
2025.09.15 18:00,1.18335,1.1835,1.1829,1.1831,1.17744,1.177579,1.177024,1.177302,0.006476,0.005321,0.005798
2025.09.15 19:00,1.1832,1.1834,1.18265,1.18275,1.17744,1.177579,1.176747,1.176886,0.006653,0.005071,0.005864
2025.09.15 20:00,1.18275,1.18305,1.18215,1.1823,1.176747,1.177163,1.176332,1.176471,0.006718,0.004987,0.005829
2025.09.15 22:00,1.18255,1.1828,1.18225,1.1824,1.176886,1.176886,1.176609,1.176609,0.006191,0.005364,0.005791
2025.09.15 23:00,1.18245,1.18275,1.1824,1.18245,1.176747,1.176886,1.176609,1.176609,0.006141,0.005514,0.005841
2025.09.16 00:00,1.18245,1.18275,1.18185,1.18235,1.176747,1.176886,1.176055,1.176471,0.006695,0.004964,0.00588
2025.09.16 01:00,1.18235,1.1831,1.18195,1.1829,1.176609,1.177302,1.176194,1.177024,0.006906,0.004648,0.005875
2025.09.16 02:00,1.1829,1.1839,1.1829,1.18385,1.177163,1.177995,1.177163,1.177995,0.006737,0.004905,0.005855
2025.09.16 03:00,1.1838,1.18485,1.18355,1.1839,1.178134,1.178967,1.177856,1.178411,0.006994,0.004583,0.005489
2025.09.16 04:00,1.1839,1.184,1.18355,1.18385,1.178273,1.178273,1.177718,1.178134,0.006282,0.005277,0.005716
2025.09.16 05:00,1.18385,1.1842,1.1835,1.18395,1.178134,1.178411,1.177718,1.178273,0.006482,0.005089,0.005677
2025.09.16 06:00,1.184,1.1853,1.18395,1.18485,1.178411,1.179384,1.178273,1.179106,0.007027,0.004566,0.005744
2025.09.16 07:00,1.18485,1.18635,1.1848,1.1856,1.179106,1.180498,1.179106,1.179802,0.007244,0.004302,0.005798
2025.09.16 08:00,1.1856,1.1865,1.18515,1.1856,1.179802,1.180638,1.179384,1.179802,0.007116,0.004512,0.005798
2025.09.16 09:00,1.18565,1.188,1.18565,1.1876,1.18008,1.182173,1.18008,1.181754,0.00792,0.003477,0.005846
2025.09.16 10:00,1.1876,1.1877,1.1866,1.187,1.181614,1.181893,1.180916,1.181195,0.006784,0.004707,0.005805
2025.09.16 11:00,1.187,1.1883,1.1863,1.1876,1.181056,1.182173,1.180498,1.181754,0.007802,0.004127,0.005846
2025.09.16 12:00,1.1876,1.1877,1.18495,1.18665,1.181893,1.181893,1.179802,1.180777,0.007898,0.003057,0.005873
2025.09.16 13:00,1.1866,1.18885,1.18655,1.1886,1.180916,1.183012,1.180916,1.182732,0.007934,0.003538,0.005868
2025.09.16 14:00,1.18855,1.1915,1.18825,1.1913,1.182592,1.185677,1.182592,1.185536,0.008908,0.002573,0.005764
2025.09.16 15:00,1.1913,1.1915,1.18965,1.1909,1.185396,1.185396,1.183992,1.185115,0.007508,0.004254,0.005785
2025.09.16 16:00,1.19085,1.19335,1.19085,1.19265,1.185115,1.187366,1.185115,1.186803,0.008235,0.003484,0.005847
2025.09.16 17:00,1.19265,1.19405,1.19255,1.1928,1.186944,1.188213,1.186803,1.186944,0.007247,0.004337,0.005856
2025.09.16 18:00,1.1928,1.1933,1.1923,1.19285,1.186944,1.187366,1.186521,1.187085,0.006779,0.004933,0.005765
2025.09.16 19:00,1.1928,1.19305,1.192,1.1922,1.186803,1.187225,1.18624,1.18624,0.00681,0.004775,0.00596
2025.09.16 20:00,1.1922,1.19315,1.192,1.1929,1.18638,1.187085,1.18624,1.187085,0.00691,0.004915,0.005815
2025.09.16 22:00,1.1927,1.193,1.1925,1.19275,1.187085,1.187225,1.186803,1.186803,0.006197,0.005275,0.005947
2025.09.16 23:00,1.19275,1.19345,1.1927,1.19325,1.186944,1.187648,1.186944,1.187366,0.006506,0.005052,0.005883
2025.09.17 00:00,1.1933,1.1934,1.1919,1.19195,1.187507,1.187507,1.18624,1.18624,0.00716,0.004393,0.00571
2025.09.17 01:00,1.192,1.1921,1.19135,1.19175,1.186099,1.18624,1.185536,1.185958,0.006564,0.00511,0.005792
2025.09.17 02:00,1.1917,1.19195,1.19125,1.1917,1.185958,1.186099,1.185536,1.185958,0.006414,0.005151,0.005742
2025.09.17 03:00,1.1917,1.1919,1.1913,1.19135,1.185818,1.186099,1.185536,1.185536,0.006364,0.005201,0.005814
2025.09.17 04:00,1.1914,1.1917,1.1913,1.1915,1.185536,1.185818,1.185536,1.185818,0.006164,0.005482,0.005682
2025.09.17 05:00,1.19155,1.1921,1.19155,1.1919,1.185818,1.18638,1.185818,1.186099,0.006282,0.00517,0.005801
2025.09.17 06:00,1.192,1.1922,1.19125,1.19175,1.185958,1.186099,1.185536,1.185958,0.006664,0.005151,0.005792
2025.09.17 07:00,1.1917,1.19175,1.1899,1.19015,1.185818,1.185818,1.184273,1.184413,0.007477,0.004082,0.005737
2025.09.17 08:00,1.19015,1.19125,1.19005,1.1909,1.184413,1.185396,1.184413,1.185255,0.006837,0.004654,0.005645
2025.09.17 09:00,1.19095,1.1911,1.1902,1.19065,1.185115,1.185255,1.184553,1.184834,0.006547,0.004945,0.005816
2025.09.17 10:00,1.1907,1.1908,1.18935,1.1897,1.184834,1.184974,1.183852,1.183992,0.006948,0.004376,0.005708
2025.09.17 11:00,1.1897,1.1907,1.1895,1.19,1.183992,1.184974,1.183852,1.184273,0.006848,0.004526,0.005727
2025.09.17 12:00,1.18995,1.1906,1.1895,1.19045,1.184273,1.184694,1.183852,1.184694,0.006748,0.004806,0.005756
2025.09.17 13:00,1.19045,1.1914,1.1903,1.1911,1.184694,1.185536,1.184694,1.185396,0.006706,0.004764,0.005704
2025.09.17 14:00,1.1911,1.19205,1.1907,1.19105,1.185115,1.186099,1.184974,1.185396,0.007076,0.004601,0.005654
2025.09.17 15:00,1.19105,1.19135,1.19045,1.19055,1.185255,1.185677,1.184834,1.184834,0.006516,0.004773,0.005716
2025.09.17 16:00,1.19055,1.19175,1.1903,1.1914,1.184834,1.185958,1.184694,1.185677,0.007056,0.004342,0.005723
2025.09.17 17:00,1.19135,1.19165,1.1908,1.19135,1.185536,1.185818,1.185115,1.185536,0.006535,0.004982,0.005814
2025.09.17 18:00,1.1915,1.19795,1.1879,1.1895,1.188354,1.191895,1.182592,1.183852,0.015358,-0.003995,0.005648
2025.09.17 19:00,1.18955,1.1917,1.1881,1.18855,1.183712,1.185958,1.182592,1.182732,0.009108,0.002142,0.005818
2025.09.17 20:00,1.1885,1.18885,1.18685,1.1874,1.183012,1.183012,1.181195,1.181614,0.007655,0.003838,0.005786
2025.09.17 22:00,1.18765,1.18805,1.18705,1.1878,1.182173,1.182592,1.181614,1.182313,0.006436,0.004458,0.005487
2025.09.17 23:00,1.1878,1.18875,1.18765,1.1884,1.182313,1.183152,1.182173,1.182872,0.006577,0.004498,0.005528
2025.09.18 00:00,1.1884,1.1887,1.18735,1.1884,1.182732,1.183152,1.181893,1.182872,0.006806,0.004198,0.005528
2025.09.18 01:00,1.1884,1.18875,1.18665,1.1872,1.183152,1.183152,1.181056,1.181754,0.007694,0.003498,0.005446
2025.09.18 02:00,1.18725,1.1881,1.18715,1.1878,1.181893,1.182592,1.181754,1.182313,0.006346,0.004558,0.005487
2025.09.18 03:00,1.18785,1.1881,1.1871,1.18715,1.182452,1.182592,1.181614,1.181614,0.006486,0.004508,0.005536
2025.09.18 04:00,1.18705,1.1872,1.18525,1.18535,1.181474,1.181754,1.179802,1.179941,0.007398,0.003496,0.005409
2025.09.18 05:00,1.1854,1.18585,1.18435,1.1849,1.179941,1.180359,1.179106,1.179384,0.006744,0.003991,0.005516
2025.09.18 06:00,1.18495,1.1858,1.1839,1.1853,1.179663,1.180359,1.17855,1.179802,0.00725,0.003541,0.005498
2025.09.18 07:00,1.18525,1.18975,1.1852,1.18905,1.179802,1.184133,1.179802,1.183572,0.009948,0.001067,0.005478
2025.09.18 08:00,1.18905,1.18925,1.188,1.18865,1.183432,1.183712,1.182452,1.183152,0.006798,0.004288,0.005498
2025.09.18 09:00,1.1887,1.1907,1.1886,1.1897,1.183432,1.185115,1.183152,1.184273,0.007548,0.003485,0.005427
2025.09.18 10:00,1.18965,1.1899,1.1891,1.18955,1.184133,1.184273,1.183572,1.183992,0.006328,0.004827,0.005558
2025.09.18 11:00,1.1896,1.1896,1.1878,1.1884,1.183852,1.183992,1.182452,1.183012,0.007148,0.003808,0.005388
2025.09.18 12:00,1.18845,1.1885,1.18535,1.1854,1.182592,1.182732,1.179941,1.179941,0.008559,0.002618,0.005459
2025.09.18 13:00,1.1854,1.1855,1.18085,1.1825,1.179802,1.179941,1.175503,1.177024,0.009997,0.000909,0.005476
2025.09.18 14:00,1.1825,1.184,1.1821,1.18335,1.176886,1.178273,1.176747,1.177856,0.007253,0.003827,0.005494
2025.09.18 15:00,1.1834,1.18465,1.1828,1.1838,1.177995,1.179106,1.17744,1.178273,0.00721,0.003694,0.005527
2025.09.18 16:00,1.18375,1.18465,1.18305,1.1845,1.178411,1.179106,1.177579,1.179106,0.007071,0.003944,0.005394
2025.09.18 17:00,1.18455,1.18525,1.1844,1.1846,1.179106,1.179663,1.178967,1.179106,0.006283,0.004737,0.005494
2025.09.18 18:00,1.1846,1.1848,1.18405,1.18465,1.179106,1.179245,1.17855,1.179106,0.00625,0.004805,0.005544
2025.09.18 19:00,1.18465,1.185,1.1841,1.18435,1.179245,1.179523,1.178689,1.178689,0.006311,0.004577,0.005661
2025.09.18 20:00,1.18435,1.1845,1.184,1.1845,1.17855,1.178967,1.17855,1.178967,0.00595,0.005033,0.005533
2025.09.18 22:00,1.18425,1.18465,1.18415,1.1844,1.179106,1.179245,1.178828,1.178967,0.005822,0.004905,0.005433
2025.09.18 23:00,1.1844,1.1848,1.1844,1.18465,1.178967,1.179384,1.178967,1.179245,0.005833,0.005016,0.005405
2025.09.19 00:00,1.18465,1.1848,1.1833,1.18445,1.179245,1.179384,1.177856,1.178967,0.006944,0.003916,0.005483
2025.09.19 01:00,1.18445,1.18445,1.18325,1.18335,1.178967,1.178967,1.177995,1.177995,0.006455,0.004283,0.005355
2025.09.19 02:00,1.1833,1.18385,1.183,1.18375,1.177995,1.178411,1.177579,1.178273,0.006271,0.004588,0.005477
2025.09.19 03:00,1.1838,1.1851,1.1838,1.184,1.17855,1.179523,1.17855,1.17855,0.00655,0.004277,0.00545
2025.09.19 04:00,1.1847,1.18475,1.18285,1.1832,1.178689,1.179245,1.17744,1.177718,0.00731,0.003605,0.005482
2025.09.19 05:00,1.1832,1.18355,1.18285,1.1831,1.177718,1.178134,1.17744,1.177579,0.00611,0.004716,0.005521
2025.09.19 06:00,1.18315,1.1835,1.1821,1.18245,1.17744,1.177995,1.176747,1.177024,0.006753,0.004105,0.005426
2025.09.19 07:00,1.18245,1.1836,1.18155,1.18275,1.177163,1.178134,1.176194,1.177302,0.007406,0.003416,0.005448
2025.09.19 08:00,1.18275,1.18285,1.181,1.18185,1.177163,1.177163,1.175641,1.176471,0.007209,0.003837,0.005379
2025.09.19 09:00,1.18185,1.18265,1.18145,1.18175,1.176332,1.177163,1.176055,1.176332,0.006595,0.004287,0.005418
2025.09.19 10:00,1.18175,1.18235,1.1816,1.1819,1.176471,1.176886,1.176194,1.176471,0.006156,0.004714,0.00543
2025.09.19 11:00,1.1819,1.182,1.1793,1.1795,1.176332,1.176471,1.173847,1.173985,0.008153,0.002829,0.005515
2025.09.19 12:00,1.1795,1.1801,1.17865,1.17935,1.173985,1.174536,1.173158,1.173985,0.006942,0.004114,0.005365
2025.09.19 13:00,1.17935,1.18215,1.1793,1.1816,1.174122,1.176609,1.174122,1.176055,0.008028,0.002691,0.005545
2025.09.19 14:00,1.18155,1.18255,1.18135,1.1815,1.176471,1.177024,1.176055,1.176055,0.006495,0.004326,0.005445
2025.09.19 15:00,1.1815,1.1817,1.17945,1.18095,1.176055,1.176194,1.17426,1.175641,0.00744,0.003256,0.005309
2025.09.19 16:00,1.18095,1.1813,1.1799,1.1811,1.175779,1.175779,1.174398,1.175641,0.006902,0.004121,0.005459
2025.09.19 17:00,1.18105,1.1813,1.1806,1.1808,1.175641,1.175779,1.175226,1.175364,0.006074,0.004821,0.005436
2025.09.19 18:00,1.1808,1.18085,1.1804,1.1806,1.175503,1.175503,1.175088,1.175226,0.005762,0.004897,0.005374
2025.09.19 19:00,1.18055,1.18085,1.1803,1.18055,1.175088,1.175364,1.17495,1.175088,0.0059,0.004936,0.005462
2025.09.19 20:00,1.18045,1.18055,1.17985,1.1801,1.175088,1.175088,1.174398,1.174674,0.006152,0.004762,0.005426
2025.09.22 04:00,1.17865,1.17895,1.1783,1.1787,1.173434,1.173571,1.17302,1.173434,0.005929,0.004729,0.005266
2025.09.22 05:00,1.1787,1.17955,1.17865,1.1795,1.173434,1.174122,1.173296,1.174122,0.006254,0.004528,0.005378
2025.09.22 06:00,1.1795,1.18055,1.1793,1.18,1.17426,1.175088,1.173985,1.174674,0.006565,0.004212,0.005326
2025.09.22 07:00,1.18005,1.1811,1.1796,1.1805,1.174812,1.175779,1.17426,1.175226,0.00684,0.003821,0.005274
2025.09.22 08:00,1.18045,1.1826,1.1804,1.1819,1.175364,1.177163,1.175364,1.176609,0.007236,0.003237,0.005291
2025.09.22 09:00,1.18195,1.1833,1.18185,1.18325,1.176609,1.177995,1.176609,1.177995,0.006691,0.003855,0.005255
2025.09.22 10:00,1.1833,1.1843,1.18305,1.18305,1.177856,1.178689,1.177718,1.177718,0.006582,0.004361,0.005332
2025.09.22 11:00,1.1831,1.1839,1.18265,1.18355,1.177718,1.178411,1.177302,1.178134,0.006598,0.004238,0.005416
2025.09.22 12:00,1.18345,1.1844,1.183,1.18395,1.178273,1.179106,1.177718,1.178689,0.006682,0.003894,0.005261
2025.09.22 13:00,1.18405,1.1845,1.18255,1.18335,1.178411,1.178967,1.177302,1.177995,0.007198,0.003583,0.005355
2025.09.22 14:00,1.18335,1.1834,1.182,1.1827,1.177579,1.177718,1.176747,1.177302,0.006653,0.004282,0.005398
2025.09.22 15:00,1.18265,1.18325,1.1821,1.18295,1.17744,1.177856,1.176886,1.177579,0.006364,0.004244,0.005371
2025.09.22 16:00,1.1829,1.18475,1.18285,1.18455,1.177718,1.179384,1.177579,1.179106,0.007171,0.003466,0.005444
2025.09.22 17:00,1.18455,1.1854,1.1843,1.18535,1.179106,1.179941,1.178967,1.179941,0.006433,0.004359,0.005409
2025.09.22 18:00,1.18535,1.18565,1.18495,1.1854,1.18008,1.18008,1.179663,1.18008,0.005987,0.00487,0.00532
2025.09.22 19:00,1.18535,1.18595,1.18525,1.18575,1.18008,1.180498,1.179941,1.180359,0.006009,0.004752,0.005391
2025.09.22 20:00,1.1857,1.18615,1.1855,1.186,1.180359,1.180498,1.18022,1.180359,0.00593,0.005002,0.005641
2025.09.22 22:00,1.1859,1.18615,1.1856,1.1858,1.180498,1.180777,1.180359,1.180498,0.005791,0.004823,0.005302
2025.09.22 23:00,1.1858,1.1859,1.18565,1.18575,1.180498,1.180638,1.180359,1.180359,0.005541,0.005012,0.005391
2025.09.23 00:00,1.1857,1.1864,1.1853,1.1863,1.180359,1.181056,1.18008,1.181056,0.00632,0.004244,0.005244
2025.09.23 01:00,1.1863,1.18765,1.1861,1.18715,1.181056,1.182173,1.180777,1.181893,0.006873,0.003927,0.005257
2025.09.23 02:00,1.1871,1.1873,1.1858,1.1861,1.181893,1.181893,1.180638,1.180777,0.006662,0.003906,0.005323
2025.09.23 03:00,1.18605,1.1863,1.1853,1.1862,1.180777,1.180916,1.18008,1.180916,0.00622,0.004384,0.005284
2025.09.23 04:00,1.186,1.18605,1.1854,1.18545,1.180916,1.181056,1.18008,1.18022,0.00597,0.004344,0.00523
2025.09.23 05:00,1.1854,1.18615,1.18515,1.1855,1.179941,1.180777,1.179941,1.18022,0.006209,0.004373,0.00528
2025.09.23 06:00,1.18555,1.1861,1.18465,1.1852,1.18008,1.180777,1.179384,1.179941,0.006716,0.003873,0.005259
2025.09.23 07:00,1.18515,1.18565,1.1835,1.18475,1.179802,1.18022,1.17855,1.179523,0.0071,0.003281,0.005226
2025.09.23 08:00,1.1847,1.1862,1.18405,1.1859,1.179106,1.180777,1.178967,1.180498,0.007233,0.003273,0.005402
2025.09.23 09:00,1.18595,1.1869,1.18565,1.1859,1.180638,1.181474,1.180359,1.180498,0.006541,0.004176,0.005402
2025.09.23 10:00,1.1859,1.1863,1.18475,1.18525,1.180498,1.180916,1.179523,1.179941,0.006777,0.003834,0.005309
2025.09.23 11:00,1.18525,1.18565,1.1848,1.18485,1.179941,1.180359,1.179523,1.179523,0.006127,0.004441,0.005327
2025.09.23 12:00,1.1849,1.1855,1.1841,1.18535,1.179663,1.18008,1.178967,1.18008,0.006533,0.00402,0.00527
2025.09.23 13:00,1.1853,1.18615,1.18405,1.18555,1.180498,1.180777,1.178967,1.18022,0.007183,0.003273,0.00533
2025.09.23 14:00,1.1856,1.1862,1.18485,1.1852,1.180638,1.180638,1.179663,1.179941,0.006537,0.004212,0.005259
2025.09.23 15:00,1.1852,1.18555,1.1845,1.18545,1.18008,1.18022,1.179245,1.18008,0.006305,0.00428,0.00537
2025.09.23 16:00,1.18555,1.1866,1.1848,1.18615,1.18022,1.181195,1.179663,1.180777,0.006937,0.003605,0.005373
2025.09.23 17:00,1.1862,1.18745,1.1859,1.18685,1.180916,1.182033,1.180777,1.181614,0.006673,0.003867,0.005236
2025.09.23 18:00,1.1868,1.18735,1.18645,1.1868,1.181335,1.182033,1.181335,1.181474,0.006015,0.004417,0.005326
2025.09.23 19:00,1.1868,1.18745,1.18635,1.1873,1.181614,1.182033,1.181195,1.182033,0.006255,0.004317,0.005267
2025.09.23 20:00,1.18725,1.1875,1.1868,1.18735,1.182033,1.182173,1.181474,1.181614,0.006026,0.004627,0.005736
2025.09.23 22:00,1.18705,1.18765,1.187,1.1871,1.182033,1.182313,1.181754,1.181754,0.005896,0.004687,0.005346
2025.09.23 23:00,1.1871,1.1873,1.18685,1.1871,1.181754,1.182033,1.181614,1.181893,0.005686,0.004817,0.005207
2025.09.24 00:00,1.18715,1.18725,1.1859,1.186,1.181754,1.181754,1.180777,1.180777,0.006473,0.004146,0.005223
2025.09.24 01:00,1.18605,1.1861,1.18535,1.1856,1.180777,1.180777,1.18022,1.180359,0.00588,0.004573,0.005241
2025.09.24 02:00,1.1856,1.18595,1.1852,1.1853,1.18022,1.180777,1.179941,1.18008,0.006009,0.004423,0.00522
2025.09.24 03:00,1.18525,1.1856,1.1851,1.1853,1.179941,1.180359,1.179941,1.18008,0.005659,0.004741,0.00522
2025.09.24 04:00,1.1855,1.186,1.18525,1.1859,1.179941,1.180777,1.179941,1.180638,0.006059,0.004473,0.005262
2025.09.24 05:00,1.18585,1.1861,1.18485,1.1854,1.180638,1.180777,1.179663,1.18008,0.006437,0.004073,0.00532
2025.09.24 06:00,1.18535,1.1859,1.18415,1.18435,1.180359,1.180638,1.179106,1.179245,0.006794,0.003512,0.005105
2025.09.24 07:00,1.18435,1.1851,1.18405,1.1845,1.179523,1.179663,1.178828,1.179245,0.006272,0.004387,0.005255
2025.09.24 08:00,1.18445,1.18445,1.18215,1.18275,1.178689,1.178828,1.177024,1.177579,0.007426,0.003322,0.005171
2025.09.24 09:00,1.1828,1.18305,1.1818,1.18235,1.177718,1.177856,1.176609,1.177163,0.006441,0.003944,0.005187
2025.09.24 10:00,1.1823,1.18255,1.18065,1.1808,1.177163,1.177302,1.175503,1.175503,0.007047,0.003348,0.005297
2025.09.24 11:00,1.18075,1.1811,1.18025,1.1805,1.175503,1.175779,1.175088,1.175364,0.006012,0.004471,0.005136
2025.09.24 12:00,1.1805,1.18145,1.1795,1.1799,1.175364,1.176055,1.174398,1.174674,0.007052,0.003445,0.005226
2025.09.24 13:00,1.17985,1.17995,1.1786,1.1794,1.174674,1.174674,1.173434,1.17426,0.006516,0.003926,0.00514
2025.09.24 14:00,1.17945,1.1802,1.17835,1.17985,1.173709,1.17495,1.173158,1.174674,0.007042,0.0034,0.005176
2025.09.24 15:00,1.17985,1.18015,1.17925,1.17975,1.174674,1.174812,1.174122,1.174398,0.006028,0.004438,0.005352
2025.09.24 16:00,1.17975,1.1799,1.1786,1.1788,1.174398,1.174674,1.173434,1.173709,0.006467,0.003926,0.005091
2025.09.24 17:00,1.1788,1.1796,1.1787,1.1793,1.173571,1.174398,1.173571,1.174122,0.006029,0.004302,0.005178
2025.09.24 18:00,1.1793,1.17945,1.1788,1.17925,1.17426,1.17426,1.173709,1.173985,0.005741,0.00454,0.005265
2025.09.24 19:00,1.17925,1.1795,1.17875,1.17935,1.173847,1.17426,1.173571,1.174122,0.005929,0.00449,0.005228
2025.09.24 20:00,1.1793,1.1795,1.17905,1.1794,1.17426,1.17426,1.173847,1.174122,0.005653,0.00479,0.005278
2025.09.24 22:00,1.1794,1.1799,1.17935,1.1798,1.17426,1.174812,1.17426,1.174812,0.00564,0.004538,0.004988
2025.09.24 23:00,1.17985,1.17995,1.1796,1.1796,1.174812,1.17495,1.174536,1.174536,0.005414,0.00465,0.005064
2025.09.25 00:00,1.1796,1.18015,1.1794,1.18005,1.174536,1.175088,1.174398,1.175088,0.005752,0.004312,0.004962
2025.09.25 01:00,1.1801,1.18025,1.17945,1.17975,1.175226,1.175226,1.174398,1.174812,0.005852,0.004224,0.004938
2025.09.25 02:00,1.1798,1.1805,1.17965,1.1803,1.17495,1.175503,1.174674,1.175364,0.005826,0.004147,0.004936
2025.09.25 03:00,1.1803,1.1807,1.18015,1.18065,1.175226,1.175779,1.175088,1.175641,0.005612,0.004371,0.005009
2025.09.25 04:00,1.18035,1.18065,1.18025,1.18055,1.175641,1.175641,1.175226,1.175503,0.005424,0.004609,0.005047
2025.09.25 05:00,1.1806,1.1806,1.17935,1.17955,1.175503,1.175503,1.174398,1.174536,0.006202,0.003847,0.005014
2025.09.25 06:00,1.17955,1.1806,1.1791,1.17995,1.174398,1.175503,1.17426,1.175088,0.00634,0.003597,0.004862
2025.09.25 07:00,1.17995,1.1802,1.17845,1.17865,1.174812,1.175088,1.173571,1.173709,0.006629,0.003362,0.004941
2025.09.25 08:00,1.1787,1.1798,1.1784,1.1796,1.173709,1.174812,1.173434,1.174536,0.006366,0.003588,0.005064
2025.09.25 09:00,1.1796,1.1805,1.17925,1.17985,1.174674,1.175503,1.174398,1.17495,0.006102,0.003747,0.0049
2025.09.25 10:00,1.1799,1.1808,1.1798,1.18005,1.17495,1.175641,1.17495,1.175088,0.00585,0.004159,0.004962
2025.09.25 11:00,1.1801,1.1801,1.1788,1.1794,1.17495,1.17495,1.173847,1.174398,0.006253,0.00385,0.005002
2025.09.25 12:00,1.17935,1.17995,1.1741,1.17515,1.174398,1.174674,1.169317,1.170275,0.010633,-0.000574,0.004875
2025.09.25 13:00,1.17515,1.1764,1.17365,1.17395,1.170138,1.171372,1.16877,1.169044,0.00763,0.002278,0.004906
2025.09.25 14:00,1.1739,1.1748,1.17265,1.17295,1.168634,1.169727,1.167815,1.167951,0.006985,0.002923,0.004999
2025.09.25 15:00,1.17295,1.1734,1.172,1.17255,1.167815,1.168361,1.167133,1.167679,0.006267,0.003639,0.004871
2025.09.25 16:00,1.1726,1.17365,1.1722,1.1724,1.167679,1.168634,1.16727,1.167406,0.00638,0.003566,0.004994
2025.09.25 17:00,1.17245,1.17255,1.17055,1.1711,1.167542,1.167542,1.165637,1.166181,0.006913,0.003008,0.004919
2025.09.25 18:00,1.17105,1.17135,1.16985,1.1706,1.166181,1.166181,1.165094,1.165501,0.006256,0.003669,0.005099
2025.09.25 19:00,1.17055,1.1716,1.1705,1.1714,1.165637,1.166589,1.165637,1.166453,0.005963,0.003911,0.004947
2025.09.25 20:00,1.17145,1.17225,1.17125,1.1718,1.166453,1.16727,1.166317,1.166997,0.005933,0.00398,0.004803
2025.09.25 22:00,1.1717,1.17215,1.17135,1.17205,1.166861,1.167133,1.166725,1.167133,0.005425,0.004217,0.004917
2025.09.25 23:00,1.1721,1.1721,1.17125,1.1714,1.167133,1.167133,1.166317,1.166589,0.005783,0.004117,0.004811
2025.09.26 00:00,1.1714,1.1724,1.17105,1.1724,1.166453,1.167406,1.166181,1.167406,0.006219,0.003644,0.004994
2025.09.26 01:00,1.1724,1.1726,1.1718,1.17205,1.167542,1.167679,1.166997,1.167133,0.005603,0.004121,0.004917
2025.09.26 02:00,1.17205,1.1732,1.17195,1.17295,1.167133,1.168224,1.167133,1.168088,0.006067,0.003726,0.004862
2025.09.26 03:00,1.17295,1.17315,1.17275,1.17315,1.167951,1.168224,1.167815,1.168088,0.005335,0.004526,0.005062
2025.09.26 04:00,1.1729,1.17345,1.1729,1.1732,1.168088,1.168497,1.167815,1.168224,0.005635,0.004403,0.004976
2025.09.26 05:00,1.17325,1.17345,1.17285,1.17295,1.168361,1.168497,1.167951,1.168088,0.005499,0.004353,0.004862
2025.09.26 06:00,1.1729,1.17365,1.17245,1.17325,1.167951,1.168634,1.167542,1.168361,0.006108,0.003816,0.004889
2025.09.26 07:00,1.1732,1.17375,1.17215,1.17255,1.168088,1.168634,1.16727,1.167679,0.00648,0.003516,0.004871
2025.09.26 08:00,1.1726,1.17405,1.17235,1.17335,1.167542,1.169044,1.167542,1.168361,0.006508,0.003306,0.004989
2025.09.26 09:00,1.1733,1.1737,1.1728,1.17315,1.168224,1.16877,1.167951,1.168224,0.005749,0.00403,0.004926
2025.09.26 10:00,1.1731,1.17335,1.1714,1.1716,1.168088,1.168361,1.166589,1.166589,0.006761,0.003039,0.005011
2025.09.26 11:00,1.17165,1.17285,1.17155,1.17205,1.166861,1.167815,1.166589,1.167133,0.006261,0.003735,0.004917
2025.09.26 12:00,1.1721,1.1739,1.17195,1.1736,1.16727,1.16877,1.16727,1.168497,0.00663,0.00318,0.005103
2025.09.26 13:00,1.1736,1.1747,1.1731,1.1737,1.169044,1.169591,1.168224,1.16877,0.006476,0.003509,0.00493
2025.09.26 14:00,1.17375,1.1758,1.17365,1.17445,1.169044,1.170686,1.169044,1.169591,0.006756,0.002964,0.004859
2025.09.26 15:00,1.1744,1.1753,1.174,1.1744,1.169454,1.170275,1.16918,1.169454,0.00612,0.003725,0.004946
2025.09.26 16:00,1.1744,1.17495,1.17395,1.1746,1.169454,1.170001,1.16918,1.169727,0.00577,0.003949,0.004873
2025.09.26 17:00,1.1746,1.17545,1.1744,1.17525,1.169727,1.170412,1.169591,1.170275,0.005859,0.003988,0.004975
2025.09.26 18:00,1.1753,1.17585,1.1749,1.17565,1.170275,1.17096,1.170001,1.170686,0.005849,0.00394,0.004964
2025.09.26 19:00,1.17565,1.1759,1.1751,1.17585,1.170823,1.17096,1.170138,1.17096,0.005762,0.00414,0.00489
2025.09.26 20:00,1.1758,1.176,1.1752,1.17565,1.17096,1.17096,1.170275,1.170686,0.005725,0.00424,0.004964
2025.09.28 23:00,1.1757,1.1762,1.1756,1.17565,1.170823,1.171372,1.170686,1.170823,0.005514,0.004228,0.004827
2025.09.29 00:00,1.1757,1.17755,1.17565,1.17735,1.171097,1.172608,1.171097,1.17247,0.006453,0.003042,0.00488
2025.09.29 01:00,1.17735,1.17775,1.17665,1.1775,1.17247,1.172883,1.171783,1.172608,0.005967,0.003767,0.004892
2025.09.29 02:00,1.17745,1.1781,1.1774,1.1778,1.172608,1.173158,1.172608,1.172883,0.005492,0.004242,0.004917
2025.09.29 03:00,1.1778,1.17815,1.1777,1.17775,1.172883,1.173296,1.172883,1.172883,0.005267,0.004404,0.004867
2025.09.29 04:00,1.1777,1.1785,1.1775,1.1779,1.172745,1.173571,1.172608,1.17302,0.005892,0.003929,0.004879
2025.09.29 05:00,1.17795,1.17855,1.17765,1.178,1.173158,1.173571,1.172745,1.173158,0.005805,0.004079,0.004842
2025.09.29 06:00,1.1781,1.1781,1.177,1.1772,1.172883,1.172883,1.172196,1.172333,0.005904,0.004117,0.004867
2025.09.29 07:00,1.17715,1.1785,1.177,1.17795,1.172333,1.173571,1.172196,1.17302,0.006305,0.003429,0.00493
2025.09.29 08:00,1.17795,1.1781,1.17605,1.1776,1.172883,1.17302,1.171234,1.172745,0.006866,0.003029,0.004855
2025.09.29 09:00,1.17765,1.17785,1.1769,1.177,1.172883,1.172883,1.172058,1.172196,0.005792,0.004017,0.004804
2025.09.29 10:00,1.177,1.17745,1.1768,1.1772,1.172058,1.17247,1.171921,1.172333,0.005529,0.00433,0.004867
2025.09.29 11:00,1.1772,1.1783,1.1761,1.1781,1.172333,1.173296,1.171372,1.173296,0.006928,0.002804,0.004804
2025.09.29 12:00,1.17815,1.18035,1.17705,1.1802,1.173571,1.175503,1.172196,1.175364,0.008154,0.001547,0.004836
2025.09.29 13:00,1.1802,1.1807,1.17895,1.17935,1.175364,1.175641,1.174122,1.174398,0.006578,0.003309,0.004952
2025.09.29 14:00,1.1793,1.17965,1.17815,1.17825,1.174674,1.174674,1.173434,1.173434,0.006216,0.003476,0.004816
2025.09.29 15:00,1.1782,1.17865,1.1775,1.1781,1.173296,1.173709,1.172745,1.173296,0.005905,0.003791,0.004804
2025.09.29 16:00,1.17815,1.1785,1.17775,1.17815,1.173296,1.173571,1.172883,1.173296,0.005617,0.004179,0.004854
2025.09.29 17:00,1.1782,1.1784,1.17735,1.1774,1.173434,1.173434,1.17247,1.17247,0.00593,0.003917,0.00493
2025.09.29 18:00,1.1774,1.17855,1.17725,1.17835,1.172608,1.173571,1.17247,1.173571,0.00608,0.003679,0.004779
2025.09.29 19:00,1.17835,1.1784,1.17785,1.178,1.173434,1.173571,1.17302,1.17302,0.00538,0.004279,0.004979
2025.09.29 20:00,1.17795,1.17805,1.17755,1.1779,1.17302,1.17302,1.172745,1.17302,0.005305,0.004529,0.004879
2025.09.29 22:00,1.1779,1.17795,1.1776,1.1779,1.17302,1.173158,1.172883,1.17302,0.005067,0.004442,0.004879
2025.09.29 23:00,1.17795,1.1784,1.1779,1.1782,1.173158,1.173571,1.173158,1.173434,0.005242,0.004329,0.004766
2025.09.30 00:00,1.1782,1.1783,1.1764,1.17725,1.17302,1.173571,1.171646,1.172333,0.006654,0.002829,0.004917
2025.09.30 01:00,1.17725,1.1777,1.1765,1.1766,1.172608,1.172883,1.171783,1.171783,0.005917,0.003617,0.004817
2025.09.30 02:00,1.17655,1.1775,1.1764,1.1774,1.171646,1.172745,1.171646,1.172608,0.005854,0.003655,0.004792
2025.09.30 03:00,1.17735,1.1778,1.1772,1.1776,1.17247,1.17302,1.172333,1.172745,0.005467,0.004179,0.004855
2025.09.30 04:00,1.17755,1.17805,1.177,1.178,1.172745,1.173158,1.172196,1.173158,0.005854,0.003842,0.004842
2025.09.30 05:00,1.178,1.1789,1.17795,1.1785,1.173434,1.173985,1.173158,1.173709,0.005742,0.003965,0.004791
2025.09.30 06:00,1.17845,1.1795,1.17825,1.1789,1.173709,1.174674,1.173571,1.17426,0.005929,0.003576,0.00464
2025.09.30 07:00,1.17885,1.17995,1.17875,1.1793,1.174122,1.175088,1.173985,1.174536,0.005965,0.003662,0.004764
2025.09.30 08:00,1.17935,1.1813,1.17935,1.1807,1.174674,1.176194,1.174674,1.175917,0.006626,0.003156,0.004783
2025.09.30 09:00,1.1807,1.181,1.1796,1.17995,1.175917,1.176055,1.17495,1.175088,0.00605,0.003545,0.004862
2025.09.30 10:00,1.18,1.18025,1.17915,1.17965,1.175226,1.175364,1.174398,1.174812,0.005852,0.003786,0.004838
2025.09.30 11:00,1.1797,1.18,1.1788,1.17935,1.175226,1.175226,1.173985,1.174536,0.006015,0.003574,0.004814
2025.09.30 12:00,1.1793,1.1799,1.1784,1.17885,1.174674,1.175088,1.173709,1.174122,0.006191,0.003312,0.004728
2025.09.30 13:00,1.17885,1.179,1.17675,1.1782,1.174122,1.174122,1.172058,1.173434,0.006942,0.002628,0.004766
2025.09.30 14:00,1.17825,1.1804,1.17745,1.1801,1.173158,1.175364,1.173158,1.175364,0.007242,0.002086,0.004736
2025.09.30 15:00,1.18005,1.18015,1.17765,1.1785,1.175226,1.175226,1.172883,1.173847,0.007267,0.002424,0.004653
2025.09.30 16:00,1.17855,1.181,1.1785,1.18075,1.173847,1.176194,1.173847,1.176055,0.007153,0.002306,0.004695
2025.09.30 17:00,1.18075,1.18125,1.1798,1.18005,1.176055,1.176471,1.175088,1.175226,0.006162,0.00333,0.004824
2025.09.30 18:00,1.18,1.18005,1.17865,1.17915,1.175226,1.175226,1.173985,1.174536,0.006065,0.003424,0.004614
2025.09.30 19:00,1.17915,1.1792,1.17875,1.1791,1.174122,1.174398,1.173985,1.17426,0.005216,0.004352,0.00484
2025.09.30 20:00,1.1791,1.1791,1.1784,1.17845,1.17426,1.17426,1.173709,1.173709,0.005391,0.00414,0.004741
2025.09.30 22:00,1.17865,1.17925,1.17835,1.1785,1.173985,1.174536,1.173709,1.173709,0.005541,0.003814,0.004791
2025.09.30 23:00,1.1785,1.1793,1.1784,1.1785,1.173709,1.174536,1.173709,1.173847,0.005591,0.003864,0.004653
2025.10.01 00:00,1.17845,1.1788,1.178,1.1786,1.173709,1.174122,1.173296,1.173985,0.005504,0.003878,0.004615
2025.10.01 01:00,1.17865,1.1791,1.1781,1.17895,1.173985,1.174398,1.173434,1.17426,0.005666,0.003702,0.00469
2025.10.01 02:00,1.17895,1.179,1.17825,1.1788,1.17426,1.17426,1.173709,1.174122,0.005291,0.00399,0.004678
2025.10.01 03:00,1.1788,1.17895,1.17845,1.17885,1.174122,1.17426,1.173709,1.174122,0.005241,0.00419,0.004728
2025.10.01 04:00,1.17905,1.1809,1.17905,1.18085,1.174122,1.176194,1.174122,1.176194,0.006778,0.002856,0.004656
2025.10.01 05:00,1.1809,1.1817,1.18025,1.1803,1.177024,1.177024,1.175641,1.175641,0.006059,0.003226,0.004659
2025.10.01 06:00,1.1803,1.18255,1.18015,1.18185,1.175917,1.177579,1.175503,1.177163,0.007047,0.002571,0.004687
2025.10.01 07:00,1.1818,1.18295,1.17925,1.18,1.177579,1.178134,1.174536,1.175364,0.008414,0.001116,0.004636
2025.10.01 08:00,1.18005,1.1816,1.17995,1.18,1.175503,1.176886,1.175364,1.175364,0.006236,0.003064,0.004636
2025.10.01 09:00,1.18005,1.18045,1.1781,1.1783,1.175364,1.175779,1.173571,1.173709,0.006879,0.002321,0.004591
2025.10.01 10:00,1.1783,1.1784,1.17665,1.17755,1.173571,1.173571,1.172058,1.172883,0.006342,0.003079,0.004667
2025.10.01 11:00,1.1776,1.17905,1.17755,1.1785,1.172883,1.174398,1.172883,1.173709,0.006167,0.003152,0.004791
2025.10.01 12:00,1.1785,1.1819,1.17725,1.1799,1.173709,1.176886,1.172745,1.175226,0.009155,0.000364,0.004674
2025.10.01 13:00,1.17995,1.1812,1.17965,1.18055,1.175226,1.176332,1.175226,1.175779,0.005974,0.003318,0.004771
2025.10.01 14:00,1.18045,1.1814,1.17815,1.17965,1.176194,1.176332,1.173985,1.17495,0.007415,0.001818,0.0047
2025.10.01 15:00,1.1796,1.18,1.1771,1.1773,1.175088,1.175088,1.172608,1.172608,0.007392,0.002012,0.004692
2025.10.01 16:00,1.17725,1.1777,1.17655,1.1773,1.172196,1.172883,1.171921,1.172608,0.005779,0.003667,0.004692
2025.10.01 17:00,1.1773,1.1783,1.1773,1.17735,1.172745,1.173571,1.172745,1.172745,0.005555,0.003729,0.004605
2025.10.01 18:00,1.1774,1.17925,1.17715,1.17845,1.172608,1.174536,1.172608,1.173847,0.006642,0.002614,0.004603
2025.10.01 19:00,1.17845,1.1787,1.178,1.17805,1.173985,1.173985,1.173296,1.173434,0.005404,0.004015,0.004616
2025.10.01 20:00,1.1781,1.1781,1.17765,1.1781,1.173434,1.173434,1.17302,1.173434,0.00508,0.004216,0.004666
2025.10.01 22:00,1.178,1.17855,1.17785,1.17815,1.173709,1.174122,1.173571,1.173709,0.004979,0.003728,0.004441
2025.10.01 23:00,1.1782,1.1785,1.17805,1.1781,1.173847,1.173985,1.173571,1.173571,0.004929,0.004066,0.004529
2025.10.02 00:00,1.17805,1.1783,1.17725,1.17775,1.173571,1.173709,1.172883,1.173296,0.005417,0.003541,0.004454
2025.10.02 01:00,1.1777,1.1787,1.1772,1.17865,1.173296,1.17426,1.172745,1.17426,0.005955,0.00294,0.00439
2025.10.02 02:00,1.1787,1.17895,1.1785,1.1785,1.17426,1.174536,1.174122,1.174122,0.004828,0.003964,0.004378
2025.10.02 03:00,1.1785,1.1787,1.1781,1.17835,1.174122,1.174122,1.173571,1.173847,0.005129,0.003978,0.004503
2025.10.02 04:00,1.1783,1.17835,1.1778,1.1782,1.173847,1.173985,1.173434,1.173709,0.004916,0.003816,0.004491
2025.10.02 05:00,1.17825,1.1785,1.17775,1.17835,1.173985,1.173985,1.173296,1.173985,0.005204,0.003765,0.004365
2025.10.02 06:00,1.17835,1.1793,1.1782,1.1791,1.17426,1.174674,1.173847,1.174674,0.005453,0.003526,0.004426
2025.10.02 07:00,1.1791,1.1805,1.1789,1.17985,1.174674,1.176055,1.174674,1.175364,0.005826,0.002845,0.004486
2025.10.02 08:00,1.17985,1.1805,1.1793,1.18015,1.175364,1.176055,1.17495,1.175779,0.00555,0.003245,0.004371
2025.10.02 09:00,1.1801,1.18065,1.1799,1.1803,1.175641,1.176194,1.175503,1.175779,0.005147,0.003706,0.004521
2025.10.02 10:00,1.1803,1.1803,1.17945,1.18,1.175641,1.175641,1.175088,1.175641,0.005212,0.003809,0.004359
2025.10.02 11:00,1.18,1.1805,1.1795,1.17985,1.175641,1.175917,1.175088,1.175503,0.005412,0.003583,0.004347
2025.10.02 12:00,1.17985,1.18065,1.17825,1.17855,1.175364,1.176194,1.173985,1.174122,0.006665,0.002056,0.004428
2025.10.02 13:00,1.1786,1.1792,1.17615,1.177,1.174122,1.174674,1.171921,1.172608,0.007279,0.001476,0.004392
2025.10.02 14:00,1.177,1.177,1.17525,1.1761,1.172333,1.172333,1.17096,1.171646,0.00604,0.002917,0.004454
2025.10.02 15:00,1.1761,1.1761,1.1731,1.1744,1.171509,1.171509,1.16877,1.170001,0.00733,0.001591,0.004399
2025.10.02 16:00,1.1744,1.1763,1.1743,1.17625,1.170001,1.171783,1.170001,1.171783,0.006299,0.002517,0.004467
2025.10.02 17:00,1.17625,1.17685,1.17605,1.1762,1.171921,1.172333,1.171646,1.171783,0.005204,0.003717,0.004417
2025.10.02 18:00,1.17615,1.17705,1.17605,1.1769,1.171783,1.17247,1.171783,1.17247,0.005267,0.00358,0.00443
2025.10.02 19:00,1.1769,1.17745,1.17655,1.1767,1.172608,1.172883,1.172058,1.172196,0.005392,0.003667,0.004504
2025.10.02 20:00,1.17675,1.1772,1.17625,1.1763,1.172058,1.172745,1.171783,1.171921,0.005417,0.003505,0.004379
2025.10.02 22:00,1.1763,1.17685,1.1763,1.17665,1.172196,1.172333,1.172058,1.172196,0.004792,0.003967,0.004454
2025.10.02 23:00,1.17665,1.1773,1.1766,1.1772,1.172333,1.172883,1.172333,1.172745,0.004967,0.003717,0.004455
2025.10.03 00:00,1.17715,1.1772,1.1766,1.17715,1.172745,1.172745,1.172333,1.172745,0.004867,0.003855,0.004405
2025.10.03 01:00,1.17715,1.17765,1.1763,1.1774,1.172883,1.173296,1.172058,1.17302,0.005592,0.003004,0.00438
2025.10.03 02:00,1.17735,1.1775,1.17675,1.1772,1.17302,1.173158,1.17247,1.172883,0.00503,0.003592,0.004317
2025.10.03 03:00,1.17715,1.1774,1.17665,1.17735,1.172745,1.17302,1.172333,1.17302,0.005067,0.00363,0.00433
2025.10.03 04:00,1.1774,1.1774,1.17655,1.17655,1.17302,1.173158,1.172196,1.172196,0.005204,0.003392,0.004354
2025.10.03 05:00,1.17655,1.17685,1.17625,1.1764,1.172058,1.17247,1.171921,1.172058,0.004929,0.00378,0.004342
2025.10.03 06:00,1.17645,1.1776,1.17635,1.17675,1.172058,1.173158,1.172058,1.172333,0.005542,0.003192,0.004417
2025.10.03 07:00,1.1768,1.17815,1.1768,1.17795,1.172608,1.173709,1.17247,1.173434,0.00568,0.003091,0.004516
2025.10.03 08:00,1.178,1.1792,1.1779,1.17875,1.173709,1.174812,1.173709,1.174398,0.005491,0.003088,0.004352
2025.10.03 09:00,1.17875,1.17885,1.1779,1.1785,1.17426,1.17426,1.173571,1.174122,0.005279,0.00364,0.004378
2025.10.03 10:00,1.1785,1.17875,1.1781,1.17835,1.174122,1.174398,1.173709,1.173985,0.005041,0.003702,0.004365
2025.10.03 11:00,1.1784,1.17905,1.1778,1.17815,1.173985,1.174536,1.173571,1.173709,0.005479,0.003264,0.004441
2025.10.03 12:00,1.1782,1.17885,1.17745,1.1787,1.173985,1.174398,1.173296,1.174398,0.005554,0.003052,0.004302
2025.10.03 13:00,1.17875,1.1792,1.17805,1.1785,1.17426,1.174674,1.173709,1.174122,0.005491,0.003376,0.004378
2025.10.03 14:00,1.1786,1.1807,1.1781,1.17885,1.174674,1.176194,1.173847,1.174536,0.006853,0.001906,0.004314
2025.10.03 15:00,1.17885,1.17965,1.17845,1.1794,1.174398,1.175226,1.173985,1.17495,0.005665,0.003224,0.00445
2025.10.03 16:00,1.17935,1.17955,1.17855,1.17875,1.17495,1.175088,1.174122,1.17426,0.005428,0.003462,0.00449
2025.10.03 17:00,1.1787,1.1789,1.1779,1.17815,1.174122,1.174536,1.173571,1.173709,0.005329,0.003364,0.004441
2025.10.03 18:00,1.17815,1.1788,1.17745,1.1787,1.173571,1.174398,1.173158,1.17426,0.005642,0.003052,0.00444
2025.10.03 19:00,1.17875,1.17895,1.1785,1.1789,1.174398,1.174536,1.174122,1.174398,0.004828,0.003964,0.004502
2025.10.03 20:00,1.1788,1.1792,1.1786,1.179,1.174536,1.174812,1.17426,1.174536,0.00494,0.003788,0.004464
2025.10.06 04:00,1.177,1.1774,1.17665,1.1767,1.172883,1.17302,1.172333,1.172333,0.005067,0.00363,0.004367
2025.10.06 05:00,1.17665,1.17725,1.17605,1.1764,1.17247,1.172883,1.171783,1.172058,0.005467,0.003167,0.004342
2025.10.06 06:00,1.17635,1.17665,1.17365,1.174,1.172196,1.172196,1.169454,1.169727,0.007196,0.001454,0.004273
2025.10.06 07:00,1.174,1.17585,1.1709,1.1709,1.169591,1.171372,1.166725,1.166725,0.009125,-0.000472,0.004175
2025.10.06 08:00,1.1709,1.1727,1.1698,1.1714,1.166589,1.168224,1.165637,1.167133,0.007063,0.001576,0.004267
2025.10.06 09:00,1.1714,1.17165,1.17035,1.17125,1.166997,1.16727,1.166045,1.166861,0.005605,0.00308,0.004389
2025.10.06 10:00,1.17125,1.1713,1.1699,1.17095,1.166997,1.166997,1.165637,1.166725,0.005663,0.002903,0.004225
2025.10.06 11:00,1.17095,1.17255,1.1704,1.1722,1.166589,1.168224,1.166045,1.167815,0.006505,0.002176,0.004385
2025.10.06 12:00,1.17215,1.1736,1.17195,1.17355,1.167815,1.16918,1.167815,1.16918,0.005785,0.00277,0.00437
2025.10.06 13:00,1.1736,1.17495,1.17305,1.1746,1.169317,1.170686,1.16877,1.170412,0.00618,0.002364,0.004188
2025.10.06 14:00,1.1746,1.17645,1.1742,1.1763,1.170275,1.172058,1.169864,1.172058,0.006586,0.002142,0.004242
2025.10.06 15:00,1.17635,1.17675,1.17495,1.1753,1.172058,1.172196,1.170686,1.17096,0.006064,0.002754,0.00434
2025.10.06 16:00,1.1753,1.17585,1.17495,1.17585,1.171234,1.171509,1.170686,1.171372,0.005164,0.003441,0.004478
2025.10.06 17:00,1.1759,1.1763,1.17565,1.1757,1.171646,1.171921,1.171372,1.171372,0.004928,0.003729,0.004328
2025.10.06 18:00,1.1757,1.17625,1.17565,1.1759,1.171372,1.171921,1.171372,1.171646,0.004878,0.003729,0.004254
2025.10.06 19:00,1.17595,1.17635,1.1757,1.1758,1.171646,1.172058,1.171509,1.171509,0.004841,0.003642,0.004291
2025.10.06 20:00,1.17575,1.1761,1.17555,1.17585,1.171372,1.171783,1.171234,1.171646,0.004866,0.003767,0.004204
2025.10.06 22:00,1.176,1.17605,1.17545,1.1756,1.171509,1.171783,1.171234,1.171372,0.004815,0.003667,0.004228
2025.10.06 23:00,1.17565,1.176,1.1754,1.17555,1.171372,1.171783,1.171234,1.171372,0.004766,0.003617,0.004178
2025.10.07 00:00,1.17555,1.1757,1.175,1.17545,1.171234,1.171372,1.170823,1.171097,0.004877,0.003628,0.004353
2025.10.07 01:00,1.1755,1.1755,1.17425,1.17425,1.171234,1.171234,1.170001,1.170001,0.005499,0.003016,0.004249
2025.10.07 02:00,1.17435,1.1752,1.17435,1.17475,1.170138,1.17096,1.170138,1.170549,0.005062,0.00339,0.004201
2025.10.07 03:00,1.1748,1.1753,1.1746,1.17495,1.170549,1.171097,1.170412,1.170686,0.004888,0.003503,0.004264
2025.10.07 04:00,1.1751,1.17535,1.1741,1.17445,1.170686,1.171097,1.169864,1.170138,0.005486,0.003003,0.004312
2025.10.07 05:00,1.1744,1.1746,1.1734,1.1738,1.170001,1.170275,1.16918,1.169591,0.00542,0.003125,0.004209
2025.10.07 06:00,1.17375,1.17375,1.1729,1.17325,1.169317,1.169317,1.168634,1.168907,0.005116,0.003583,0.004343
2025.10.07 07:00,1.17325,1.17335,1.1716,1.1722,1.16918,1.16918,1.167406,1.167951,0.005944,0.00242,0.004248
2025.10.07 08:00,1.1722,1.1728,1.1711,1.17115,1.167951,1.168497,1.166861,1.166997,0.005939,0.002603,0.004153
2025.10.07 09:00,1.17115,1.17165,1.1706,1.1712,1.166997,1.167406,1.166453,1.166725,0.005197,0.003194,0.004475
2025.10.07 10:00,1.1712,1.17215,1.1709,1.17195,1.166997,1.167815,1.166725,1.167679,0.005425,0.003085,0.004271
2025.10.07 11:00,1.17195,1.172,1.1699,1.17085,1.167815,1.167815,1.165909,1.166589,0.006091,0.002085,0.004261
2025.10.07 12:00,1.1708,1.17125,1.1699,1.1712,1.166589,1.166997,1.165909,1.166861,0.005341,0.002903,0.004339
2025.10.07 13:00,1.17125,1.1716,1.17045,1.1706,1.166861,1.167406,1.166317,1.166453,0.005283,0.003044,0.004147
2025.10.07 14:00,1.1705,1.17115,1.17,1.17085,1.166181,1.166997,1.165773,1.166725,0.005377,0.003003,0.004125
2025.10.07 15:00,1.17085,1.17255,1.17065,1.17185,1.166589,1.168224,1.166589,1.167679,0.005961,0.002426,0.004171
2025.10.07 16:00,1.1719,1.17265,1.17155,1.17155,1.167679,1.168361,1.167542,1.167542,0.005108,0.003189,0.004008
2025.10.07 17:00,1.17155,1.1725,1.17125,1.17125,1.167542,1.168224,1.16727,1.16727,0.00523,0.003026,0.00398
2025.10.07 18:00,1.1713,1.17135,1.1702,1.17035,1.166997,1.166997,1.166045,1.166181,0.005305,0.003203,0.004169
2025.10.07 19:00,1.1703,1.17035,1.1693,1.16955,1.166045,1.166045,1.16523,1.165365,0.00512,0.003255,0.004185
2025.10.07 20:00,1.16955,1.1704,1.16945,1.17025,1.165365,1.166317,1.16523,1.166317,0.00517,0.003133,0.003933
2025.10.07 22:00,1.1701,1.1706,1.1701,1.17035,1.166317,1.166453,1.166181,1.166317,0.004419,0.003647,0.004033
2025.10.07 23:00,1.1704,1.1704,1.1697,1.1697,1.166317,1.166317,1.165637,1.165637,0.004763,0.003383,0.004063
2025.10.08 00:00,1.16975,1.16975,1.16905,1.16915,1.165501,1.165501,1.164958,1.165094,0.004792,0.003549,0.004056
2025.10.08 01:00,1.16915,1.16915,1.167,1.1671,1.164144,1.164687,1.162926,1.162926,0.006224,0.002313,0.004174
2025.10.08 02:00,1.16715,1.16715,1.16615,1.1668,1.162926,1.163061,1.162115,1.162656,0.005035,0.003089,0.004144
2025.10.08 03:00,1.16685,1.1669,1.1662,1.1669,1.162656,1.162791,1.162115,1.162791,0.004785,0.003409,0.004109
2025.10.08 04:00,1.1667,1.1667,1.166,1.16635,1.162791,1.162791,1.16198,1.16225,0.00472,0.003209,0.0041
2025.10.08 05:00,1.1663,1.1664,1.16565,1.16615,1.16225,1.16225,1.161575,1.16198,0.004825,0.0034,0.00417
2025.10.08 06:00,1.1661,1.1665,1.16515,1.1661,1.162115,1.16225,1.16117,1.16198,0.005329,0.0029,0.00412
2025.10.08 07:00,1.1661,1.16785,1.1656,1.16755,1.162115,1.163738,1.161575,1.163467,0.006275,0.001862,0.004083
2025.10.08 08:00,1.16755,1.16795,1.1655,1.1659,1.163332,1.163873,1.161575,1.16171,0.006375,0.001627,0.00419
2025.10.08 09:00,1.16595,1.16645,1.165,1.16555,1.161845,1.16225,1.161036,1.161305,0.005414,0.00275,0.004245
2025.10.08 10:00,1.16555,1.1681,1.1653,1.1678,1.16144,1.163873,1.16144,1.163603,0.00666,0.001427,0.004197
2025.10.08 11:00,1.1678,1.1679,1.167,1.16705,1.163467,1.163738,1.162926,1.162926,0.004974,0.003262,0.004124
2025.10.08 12:00,1.1671,1.16825,1.1669,1.1677,1.162926,1.164144,1.162791,1.163738,0.005459,0.002756,0.003962
2025.10.08 13:00,1.16765,1.1689,1.1672,1.16765,1.163467,1.164687,1.163196,1.163738,0.005704,0.002513,0.003912
2025.10.08 14:00,1.1676,1.16805,1.16645,1.1666,1.163196,1.164009,1.16252,1.162656,0.00553,0.002441,0.003944
2025.10.08 15:00,1.16655,1.16665,1.1647,1.165,1.16252,1.16252,1.160631,1.160901,0.006019,0.00218,0.004099
2025.10.08 16:00,1.16505,1.1651,1.1642,1.1649,1.160901,1.160901,1.160227,1.160901,0.004873,0.003299,0.003999
2025.10.08 17:00,1.165,1.16535,1.16465,1.16515,1.160901,1.161305,1.160631,1.161036,0.004719,0.003345,0.004114
2025.10.08 18:00,1.16515,1.16665,1.16435,1.1664,1.160901,1.16252,1.160362,1.16225,0.006288,0.00183,0.00415
2025.10.08 19:00,1.16645,1.16725,1.16645,1.16725,1.162385,1.163061,1.162385,1.163061,0.004865,0.003389,0.004189
2025.10.08 20:00,1.16725,1.1677,1.1671,1.16745,1.163196,1.163603,1.163061,1.163332,0.004639,0.003497,0.004118
2025.10.08 22:00,1.1673,1.16765,1.167,1.16755,1.163738,1.163738,1.163332,1.163738,0.004318,0.003262,0.003812
2025.10.08 23:00,1.16755,1.1676,1.16695,1.167,1.163603,1.163738,1.163196,1.163332,0.004404,0.003212,0.003668
2025.10.09 00:00,1.16705,1.16825,1.167,1.16795,1.163332,1.164415,1.163332,1.164144,0.004918,0.002585,0.003806
2025.10.09 01:00,1.16785,1.1687,1.16785,1.16815,1.164144,1.164822,1.164144,1.16428,0.004556,0.003028,0.00387
2025.10.09 02:00,1.16815,1.16895,1.168,1.1686,1.16428,1.165094,1.16428,1.164822,0.00467,0.002906,0.003778
2025.10.09 03:00,1.1685,1.16885,1.1682,1.16855,1.164687,1.164958,1.164415,1.164822,0.004434,0.003242,0.003728
2025.10.09 04:00,1.1687,1.1689,1.16835,1.16875,1.164822,1.165094,1.164551,1.164958,0.004349,0.003256,0.003792
2025.10.09 05:00,1.1687,1.169,1.16795,1.168,1.164822,1.165094,1.16428,1.16428,0.00472,0.002856,0.00372
2025.10.09 06:00,1.168,1.16805,1.1653,1.1657,1.164144,1.164144,1.161575,1.161845,0.006475,0.001156,0.003855
2025.10.09 07:00,1.16575,1.16645,1.1648,1.16525,1.16198,1.162656,1.161036,1.16144,0.005414,0.002144,0.00381
2025.10.09 08:00,1.16525,1.1656,1.16445,1.1654,1.16144,1.16171,1.160766,1.161575,0.004834,0.00274,0.003825
2025.10.09 09:00,1.16535,1.1669,1.1652,1.16675,1.16171,1.163061,1.16144,1.162791,0.00546,0.002139,0.003959
2025.10.09 10:00,1.16675,1.1669,1.16545,1.166,1.162926,1.162926,1.16171,1.162115,0.00519,0.002524,0.003885
2025.10.09 11:00,1.16605,1.16635,1.1651,1.1654,1.162115,1.16252,1.161305,1.161575,0.005045,0.00258,0.003825
2025.10.09 12:00,1.16535,1.16575,1.1646,1.16565,1.16171,1.16198,1.160901,1.161845,0.004849,0.00262,0.003805
2025.10.09 13:00,1.1657,1.1665,1.1633,1.1644,1.161845,1.16225,1.159689,1.160497,0.006811,0.00105,0.003903
2025.10.09 14:00,1.1644,1.1644,1.16175,1.16225,1.160362,1.160362,1.158078,1.158346,0.006322,0.001388,0.003904
2025.10.09 15:00,1.16225,1.16235,1.15885,1.16,1.15848,1.15848,1.155135,1.156069,0.007215,0.00037,0.003931
2025.10.09 16:00,1.16005,1.16045,1.15935,1.15995,1.156337,1.156604,1.155668,1.156069,0.004781,0.002746,0.003881
2025.10.09 17:00,1.15995,1.16075,1.15955,1.1601,1.156069,1.156872,1.155802,1.156337,0.004948,0.002678,0.003763
2025.10.09 18:00,1.16015,1.1602,1.15835,1.15875,1.156337,1.156337,1.154868,1.155001,0.005332,0.002013,0.003749
2025.10.09 19:00,1.1588,1.1603,1.1588,1.16005,1.155135,1.15647,1.155135,1.156337,0.005165,0.00233,0.003713
2025.10.09 20:00,1.16005,1.16085,1.15995,1.1605,1.156337,1.157006,1.156337,1.156872,0.004513,0.002944,0.003628
2025.10.09 22:00,1.1605,1.16085,1.1603,1.16055,1.156872,1.15714,1.156604,1.156872,0.004246,0.00316,0.003678
2025.10.09 23:00,1.16055,1.16075,1.1598,1.16065,1.156738,1.156872,1.156069,1.156872,0.004681,0.002928,0.003778
2025.10.10 00:00,1.16065,1.1612,1.16015,1.1609,1.157006,1.157274,1.15647,1.15714,0.00473,0.002877,0.00376
2025.10.10 01:00,1.16095,1.16125,1.1604,1.16045,1.15714,1.157407,1.156738,1.156738,0.004512,0.002993,0.003712
2025.10.10 02:00,1.16045,1.1614,1.1604,1.1611,1.156604,1.157541,1.156604,1.157274,0.004796,0.002859,0.003826
2025.10.10 03:00,1.1611,1.16155,1.1609,1.16145,1.157407,1.157675,1.15714,1.157675,0.004411,0.003225,0.003775
2025.10.10 04:00,1.1614,1.1615,1.16085,1.1615,1.157675,1.157675,1.15714,1.157675,0.00436,0.003175,0.003825
2025.10.10 05:00,1.1615,1.1619,1.1611,1.16115,1.157675,1.158078,1.157274,1.157274,0.004627,0.003022,0.003876
2025.10.10 06:00,1.16115,1.1616,1.1602,1.1612,1.157274,1.157675,1.15647,1.157675,0.00513,0.002525,0.003525
2025.10.10 07:00,1.1612,1.1621,1.16055,1.16195,1.157274,1.158212,1.156872,1.158212,0.005228,0.002338,0.003738
2025.10.10 08:00,1.1619,1.1631,1.1617,1.16205,1.158078,1.159152,1.158078,1.158212,0.005022,0.002548,0.003838
2025.10.10 09:00,1.16205,1.16215,1.16105,1.16155,1.158212,1.158346,1.157274,1.157809,0.004876,0.002704,0.003741
2025.10.10 10:00,1.16155,1.16245,1.1612,1.1613,1.157675,1.158614,1.157541,1.157541,0.004909,0.002586,0.003759
2025.10.10 11:00,1.16135,1.16165,1.16015,1.16025,1.157541,1.157809,1.156604,1.156604,0.005046,0.002341,0.003646
2025.10.10 12:00,1.1602,1.1618,1.16005,1.1613,1.156738,1.157809,1.156337,1.157675,0.005463,0.002241,0.003625
2025.10.10 13:00,1.1613,1.1615,1.16035,1.16105,1.157541,1.157675,1.156604,1.157274,0.004896,0.002675,0.003776
2025.10.10 14:00,1.161,1.1624,1.1606,1.16195,1.15714,1.158212,1.156872,1.158078,0.005528,0.002388,0.003872
2025.10.10 15:00,1.162,1.1672,1.16195,1.16545,1.158346,1.163332,1.158346,1.16144,0.008854,-0.001382,0.00401
2025.10.10 16:00,1.16545,1.1667,1.1646,1.1648,1.16198,1.162791,1.160766,1.160766,0.005934,0.001809,0.004034
2025.10.10 17:00,1.16475,1.16515,1.1639,1.1643,1.160901,1.16117,1.160093,1.160631,0.005057,0.00273,0.003669
2025.10.10 18:00,1.1643,1.1655,1.16415,1.165,1.160497,1.161575,1.160362,1.16144,0.005138,0.002575,0.00356
2025.10.10 19:00,1.165,1.1657,1.16455,1.1654,1.160901,1.161845,1.160901,1.161575,0.004799,0.002705,0.003825
2025.10.10 20:00,1.1654,1.16705,1.1646,1.16505,1.161575,1.163196,1.160901,1.163196,0.006149,0.001404,0.001854
2025.10.12 23:00,1.16445,1.1651,1.1641,1.16425,1.160631,1.161305,1.160497,1.160497,0.004603,0.002795,0.003753
2025.10.13 00:00,1.1642,1.1657,1.1641,1.16565,1.160497,1.161845,1.160362,1.161845,0.005338,0.002255,0.003805
2025.10.13 01:00,1.1657,1.16625,1.1651,1.1661,1.16225,1.162385,1.16144,1.162115,0.00481,0.002715,0.003985
2025.10.13 02:00,1.1661,1.1669,1.1658,1.16605,1.162385,1.163061,1.162115,1.16225,0.004785,0.002739,0.0038
2025.10.13 03:00,1.16605,1.16625,1.1657,1.1662,1.16225,1.16252,1.16198,1.162385,0.00427,0.00318,0.003815
2025.10.13 04:00,1.16615,1.16665,1.16595,1.16615,1.162385,1.162791,1.16225,1.16225,0.0044,0.003159,0.0039
2025.10.13 05:00,1.1662,1.1665,1.1654,1.16555,1.162385,1.162656,1.16171,1.16171,0.00479,0.002744,0.00384
2025.10.13 06:00,1.16555,1.1671,1.16515,1.1655,1.161845,1.163332,1.161575,1.16171,0.005525,0.001818,0.00379
2025.10.13 07:00,1.1655,1.1657,1.1638,1.16405,1.161845,1.161845,1.160362,1.160362,0.005338,0.001955,0.003688
2025.10.13 08:00,1.16405,1.16455,1.1622,1.1626,1.160362,1.160631,1.15848,1.158883,0.00607,0.001569,0.003717
2025.10.13 09:00,1.1626,1.1639,1.16255,1.1635,1.158883,1.160093,1.158883,1.159824,0.005017,0.002457,0.003676
2025.10.13 10:00,1.1635,1.16365,1.16225,1.1624,1.159689,1.159824,1.15848,1.158614,0.00517,0.002426,0.003786
2025.10.13 11:00,1.16245,1.1636,1.16065,1.16085,1.158749,1.159555,1.156872,1.157006,0.006728,0.001095,0.003844
2025.10.13 12:00,1.16095,1.1617,1.16025,1.16095,1.157274,1.157943,1.156604,1.15714,0.005096,0.002306,0.00381
2025.10.13 13:00,1.1609,1.1618,1.16055,1.16155,1.15714,1.157943,1.157006,1.157809,0.004794,0.002607,0.003741
2025.10.13 14:00,1.1616,1.1616,1.1598,1.1602,1.157809,1.157809,1.156203,1.156337,0.005397,0.001991,0.003863
2025.10.13 15:00,1.1602,1.16165,1.16005,1.16145,1.15647,1.157809,1.15647,1.157809,0.00518,0.002241,0.003641
2025.10.13 16:00,1.1615,1.162,1.16105,1.1616,1.157809,1.157943,1.157274,1.157809,0.004726,0.003106,0.00379
2025.10.13 17:00,1.16165,1.1618,1.1611,1.1614,1.157809,1.158078,1.157407,1.157675,0.004393,0.003022,0.003725
2025.10.13 18:00,1.16145,1.16185,1.16065,1.1609,1.157675,1.158078,1.157006,1.15714,0.004844,0.002572,0.00376
2025.10.13 19:00,1.16095,1.16145,1.16065,1.16065,1.157274,1.157675,1.157006,1.157006,0.004444,0.002975,0.003644
2025.10.13 20:00,1.1607,1.16115,1.16055,1.1611,1.157006,1.157407,1.156872,1.157407,0.004278,0.003143,0.003693
2025.10.13 22:00,1.161,1.1614,1.16075,1.1608,1.157541,1.157675,1.15714,1.15714,0.00426,0.003075,0.00366
2025.10.13 23:00,1.1608,1.161,1.16035,1.1606,1.15714,1.157274,1.156738,1.156872,0.004262,0.003076,0.003728
2025.10.14 00:00,1.16055,1.1607,1.15945,1.1601,1.157006,1.157006,1.155936,1.15647,0.004764,0.002444,0.00363
2025.10.14 01:00,1.16005,1.1613,1.16005,1.16105,1.156604,1.157675,1.15647,1.157407,0.00483,0.002375,0.003643
2025.10.14 02:00,1.1611,1.16165,1.16105,1.1614,1.157407,1.157943,1.157407,1.157809,0.004243,0.003106,0.00359
2025.10.14 03:00,1.16135,1.1622,1.1611,1.1619,1.157675,1.15848,1.157541,1.158212,0.004659,0.00262,0.003688
2025.10.14 04:00,1.16185,1.1633,1.16185,1.1632,1.158212,1.159555,1.158212,1.159555,0.005088,0.002295,0.003645
2025.10.14 05:00,1.1632,1.1632,1.16235,1.16235,1.15942,1.15942,1.158749,1.158749,0.004451,0.00293,0.003601
2025.10.14 06:00,1.16235,1.163,1.16035,1.161,1.15848,1.158614,1.156872,1.157407,0.006128,0.001736,0.003593
2025.10.14 07:00,1.161,1.16145,1.1582,1.15895,1.157541,1.157675,1.154734,1.155268,0.006716,0.000525,0.003682
2025.10.14 08:00,1.1589,1.16005,1.1586,1.1599,1.155001,1.156337,1.155001,1.156069,0.005049,0.002263,0.003831
2025.10.14 09:00,1.15985,1.1603,1.15915,1.15945,1.155668,1.156604,1.155668,1.155936,0.004632,0.002546,0.003514
2025.10.14 10:00,1.1595,1.16,1.1591,1.15935,1.155936,1.156203,1.155535,1.155535,0.004465,0.002897,0.003815
2025.10.14 11:00,1.15935,1.1598,1.15865,1.1592,1.155402,1.156069,1.155001,1.155535,0.004799,0.002581,0.003665
2025.10.14 12:00,1.1592,1.16055,1.15885,1.15955,1.155936,1.156738,1.155268,1.156069,0.005282,0.002112,0.003481
2025.10.14 13:00,1.15955,1.1623,1.15945,1.1614,1.155802,1.15848,1.155802,1.157809,0.006498,0.00097,0.00359
2025.10.14 14:00,1.1614,1.16375,1.1609,1.1634,1.157541,1.159824,1.157274,1.159689,0.006477,0.001076,0.003711
2025.10.14 15:00,1.1634,1.16485,1.1627,1.1647,1.159824,1.16117,1.159017,1.16117,0.005833,0.00153,0.00353
2025.10.14 16:00,1.1647,1.16555,1.16415,1.165,1.16117,1.161845,1.160497,1.161305,0.005053,0.002305,0.003695
2025.10.14 17:00,1.16495,1.16525,1.1642,1.165,1.161305,1.16144,1.160631,1.161305,0.004619,0.00276,0.003695
2025.10.14 18:00,1.165,1.1652,1.16435,1.16455,1.161305,1.16144,1.160766,1.160766,0.004434,0.00291,0.003784
2025.10.14 19:00,1.1645,1.16515,1.1645,1.16455,1.160901,1.161305,1.160901,1.160901,0.004249,0.003195,0.003649
2025.10.14 20:00,1.1646,1.16485,1.164,1.16465,1.160901,1.16117,1.160362,1.16117,0.004488,0.00283,0.003479
2025.10.14 22:00,1.16495,1.16495,1.1643,1.1643,1.16117,1.161305,1.160766,1.160766,0.004184,0.002995,0.003534
2025.10.14 23:00,1.16435,1.1645,1.16415,1.1643,1.160631,1.160901,1.160497,1.160631,0.004003,0.003249,0.003669
2025.10.15 00:00,1.16425,1.16535,1.16415,1.165,1.160631,1.16171,1.160631,1.161305,0.004719,0.00244,0.003695
2025.10.15 01:00,1.16505,1.16625,1.1647,1.16585,1.16144,1.16252,1.16117,1.162385,0.00508,0.00218,0.003465
2025.10.15 02:00,1.16585,1.16655,1.1658,1.16625,1.16225,1.162926,1.16225,1.162656,0.0043,0.002874,0.003594
2025.10.15 03:00,1.1662,1.16635,1.16575,1.16615,1.16252,1.162791,1.16225,1.16252,0.0041,0.002959,0.00363
2025.10.15 04:00,1.1663,1.1663,1.16565,1.1658,1.162656,1.162791,1.162115,1.16225,0.004185,0.002859,0.00355
2025.10.15 05:00,1.16585,1.16665,1.16585,1.16595,1.16225,1.162926,1.16225,1.162385,0.0044,0.002924,0.003565
2025.10.15 06:00,1.166,1.16785,1.1657,1.16735,1.16225,1.164009,1.16225,1.163738,0.0056,0.001691,0.003612
2025.10.15 07:00,1.1674,1.16845,1.1669,1.16755,1.164009,1.164687,1.163467,1.163873,0.004983,0.002213,0.003677
2025.10.15 08:00,1.16755,1.16855,1.1671,1.16725,1.164009,1.164822,1.163603,1.163603,0.004947,0.002278,0.003647
2025.10.15 09:00,1.1672,1.1679,1.16675,1.1674,1.163603,1.16428,1.163196,1.163873,0.004704,0.00247,0.003527
2025.10.15 10:00,1.16745,1.16745,1.166,1.1664,1.163603,1.163603,1.162385,1.162926,0.005065,0.002397,0.003474
2025.10.15 11:00,1.1664,1.1672,1.1659,1.166,1.162926,1.163467,1.162385,1.162385,0.004815,0.002433,0.003615
2025.10.15 12:00,1.16595,1.16675,1.16535,1.1657,1.16225,1.162926,1.161845,1.162115,0.004905,0.002424,0.003585
2025.10.15 13:00,1.1657,1.1672,1.165,1.16675,1.162115,1.163467,1.16144,1.163061,0.00576,0.001533,0.003689
2025.10.15 14:00,1.16675,1.167,1.1659,1.16645,1.163061,1.163061,1.16225,1.162791,0.00475,0.002839,0.003659
2025.10.15 15:00,1.16645,1.16875,1.1658,1.16765,1.162791,1.164822,1.162385,1.164009,0.006365,0.000978,0.003641
2025.10.15 16:00,1.16775,1.1681,1.1669,1.168,1.163873,1.164415,1.163196,1.16428,0.004904,0.002485,0.00372
2025.10.15 17:00,1.16795,1.16805,1.1667,1.16695,1.164144,1.16428,1.163061,1.163332,0.004989,0.00242,0.003618
2025.10.15 18:00,1.16695,1.1677,1.1668,1.1673,1.163332,1.164009,1.163196,1.163603,0.004504,0.002791,0.003697
2025.10.15 19:00,1.1673,1.1685,1.16725,1.1684,1.163738,1.164822,1.163738,1.164822,0.004762,0.002428,0.003578
2025.10.15 20:00,1.16845,1.16885,1.16825,1.16875,1.164822,1.16523,1.164687,1.16523,0.004163,0.00302,0.00352
2025.10.15 22:00,1.1685,1.16905,1.168,1.1684,1.164958,1.165501,1.164687,1.165094,0.004363,0.002499,0.003306
2025.10.15 23:00,1.16845,1.1685,1.16825,1.1684,1.165094,1.16523,1.164687,1.164958,0.003813,0.00302,0.003442
2025.10.16 00:00,1.16835,1.1705,1.1681,1.1701,1.164822,1.166997,1.164687,1.166725,0.005813,0.001103,0.003375
2025.10.16 01:00,1.1701,1.17135,1.16995,1.1708,1.166725,1.167815,1.166453,1.16727,0.004897,0.002135,0.00353
2025.10.16 02:00,1.17085,1.1713,1.17025,1.17045,1.16727,1.167815,1.166861,1.166997,0.004439,0.002435,0.003453
2025.10.16 03:00,1.1704,1.17055,1.16995,1.17005,1.166861,1.166997,1.166589,1.166589,0.003961,0.002953,0.003461
2025.10.16 04:00,1.16995,1.17,1.1694,1.1694,1.166453,1.166589,1.165909,1.165909,0.004091,0.002811,0.003491
2025.10.16 05:00,1.16945,1.16995,1.1692,1.1698,1.166045,1.166453,1.165773,1.166317,0.004177,0.002747,0.003483
2025.10.16 06:00,1.1698,1.1706,1.169,1.1692,1.166453,1.166997,1.165773,1.165773,0.004827,0.002003,0.003427
2025.10.16 07:00,1.1692,1.16945,1.16815,1.16895,1.165773,1.165909,1.164822,1.165501,0.004628,0.002241,0.003449
2025.10.16 08:00,1.169,1.16985,1.16865,1.1696,1.165365,1.166317,1.165365,1.166181,0.004485,0.002333,0.003419
2025.10.16 09:00,1.16965,1.1702,1.16905,1.16965,1.166181,1.166453,1.165637,1.166181,0.004563,0.002597,0.003469
2025.10.16 10:00,1.16965,1.1701,1.1691,1.1693,1.166181,1.166589,1.165637,1.165909,0.004463,0.002511,0.003391
2025.10.16 11:00,1.16935,1.1694,1.16845,1.1692,1.165773,1.165909,1.165094,1.165637,0.004306,0.002541,0.003563
2025.10.16 12:00,1.1692,1.16995,1.1687,1.16985,1.165637,1.166589,1.165365,1.166453,0.004585,0.002111,0.003397
2025.10.16 13:00,1.1699,1.17025,1.1688,1.1696,1.166317,1.166725,1.165501,1.166181,0.004749,0.002075,0.003419
2025.10.16 14:00,1.16955,1.1716,1.1692,1.1715,1.166045,1.168088,1.165773,1.168088,0.005827,0.001112,0.003412
2025.10.16 15:00,1.17155,1.17165,1.16995,1.17025,1.167951,1.168224,1.166589,1.166861,0.005061,0.001726,0.003389
2025.10.16 16:00,1.17025,1.1717,1.17025,1.1715,1.167133,1.168224,1.166997,1.168088,0.004703,0.002026,0.003412
2025.10.16 17:00,1.1715,1.17315,1.17145,1.1726,1.168088,1.169591,1.168088,1.16918,0.005062,0.001859,0.00342
2025.10.16 18:00,1.1726,1.1731,1.17185,1.17265,1.169317,1.169591,1.168361,1.169454,0.004739,0.002259,0.003196
2025.10.16 19:00,1.17265,1.1732,1.1725,1.1727,1.16918,1.169727,1.169044,1.169317,0.004156,0.002773,0.003383
2025.10.16 20:00,1.17265,1.1729,1.17225,1.17255,1.16918,1.169454,1.168907,1.16918,0.003993,0.002796,0.00337
2025.10.16 22:00,1.17265,1.1733,1.17245,1.17315,1.169317,1.169864,1.169317,1.169727,0.003983,0.002586,0.003422
2025.10.16 23:00,1.17315,1.1737,1.17305,1.17365,1.169727,1.170275,1.169727,1.170275,0.003973,0.002775,0.003375
2025.10.17 00:00,1.1736,1.17485,1.17325,1.1744,1.170275,1.171509,1.169864,1.171097,0.004986,0.001741,0.003303
2025.10.17 01:00,1.1744,1.1747,1.17375,1.17385,1.171097,1.171234,1.170412,1.170412,0.004288,0.002516,0.003438
2025.10.17 02:00,1.1738,1.17485,1.1733,1.1743,1.170549,1.171372,1.169864,1.17096,0.004986,0.001928,0.00334
2025.10.17 03:00,1.1743,1.17495,1.1742,1.17465,1.170823,1.171509,1.170823,1.171234,0.004127,0.002691,0.003415
2025.10.17 04:00,1.17455,1.17495,1.1744,1.1747,1.171372,1.171509,1.17096,1.171372,0.00399,0.002891,0.003328
2025.10.17 05:00,1.1747,1.17655,1.1747,1.17605,1.171509,1.17302,1.171509,1.172608,0.005041,0.00168,0.003442
2025.10.17 06:00,1.1761,1.1764,1.17465,1.17485,1.172608,1.172883,1.171234,1.171372,0.005165,0.001767,0.003478
2025.10.17 07:00,1.1748,1.17525,1.17315,1.1749,1.171234,1.171646,1.170001,1.171509,0.005249,0.001504,0.003391
2025.10.17 08:00,1.17495,1.17535,1.17285,1.17345,1.171783,1.171921,1.169591,1.170138,0.005759,0.000929,0.003312
2025.10.17 09:00,1.1735,1.17455,1.17335,1.1739,1.170001,1.171097,1.170001,1.170412,0.004549,0.002253,0.003488
2025.10.17 10:00,1.17385,1.174,1.1725,1.1727,1.170412,1.170549,1.16918,1.169317,0.00482,0.001951,0.003383
2025.10.17 11:00,1.17275,1.17345,1.17175,1.17225,1.169317,1.170001,1.168497,1.16877,0.004953,0.001749,0.00348
2025.10.17 12:00,1.17225,1.1724,1.1704,1.1714,1.16877,1.16877,1.166997,1.167951,0.005403,0.00163,0.003448
2025.10.17 13:00,1.17135,1.17185,1.17065,1.1708,1.167815,1.168497,1.16727,1.16727,0.00458,0.002153,0.00353
2025.10.17 14:00,1.17075,1.17105,1.1694,1.17045,1.167406,1.167542,1.166045,1.167133,0.005005,0.001858,0.003317
2025.10.17 15:00,1.17045,1.17105,1.1698,1.17105,1.166997,1.167679,1.166453,1.167542,0.004597,0.002121,0.003508
2025.10.17 16:00,1.17105,1.17165,1.1707,1.1708,1.167406,1.168224,1.167406,1.167542,0.004244,0.002476,0.003258
2025.10.17 17:00,1.1708,1.1713,1.17045,1.1705,1.167542,1.167815,1.167133,1.167133,0.004167,0.002635,0.003367
2025.10.17 18:00,1.1705,1.17115,1.1701,1.1705,1.166861,1.167679,1.166861,1.167133,0.004289,0.002421,0.003367
2025.10.17 19:00,1.17055,1.17085,1.1703,1.17075,1.16727,1.167406,1.166997,1.167406,0.003853,0.002894,0.003344
2025.10.17 20:00,1.1708,1.1708,1.16875,1.169,1.16727,1.167406,1.165365,1.165773,0.005435,0.001344,0.003227
2025.10.19 23:00,1.1693,1.16985,1.1691,1.16945,1.165909,1.166453,1.165773,1.166181,0.004077,0.002647,0.003269
2025.10.20 00:00,1.16945,1.1703,1.16945,1.17025,1.166317,1.166997,1.166181,1.166997,0.004119,0.002453,0.003253
2025.10.20 01:00,1.1703,1.1704,1.1693,1.16965,1.166997,1.167133,1.166045,1.166453,0.004355,0.002167,0.003197
2025.10.20 02:00,1.1697,1.1707,1.1697,1.1702,1.166453,1.167406,1.166453,1.166997,0.004247,0.002294,0.003203
2025.10.20 03:00,1.17015,1.1705,1.1701,1.1705,1.166861,1.167133,1.166861,1.167133,0.003639,0.002967,0.003367
2025.10.20 04:00,1.1705,1.17105,1.1702,1.1708,1.167133,1.167679,1.166861,1.167542,0.004189,0.002521,0.003258
2025.10.20 05:00,1.1708,1.1712,1.17065,1.171,1.167406,1.167951,1.167406,1.167679,0.003794,0.002699,0.003321
2025.10.20 06:00,1.17105,1.17105,1.16935,1.16945,1.167406,1.167406,1.166045,1.166181,0.005005,0.001944,0.003269
2025.10.20 07:00,1.16945,1.1704,1.169,1.1699,1.166181,1.167133,1.165773,1.166589,0.004627,0.001867,0.003311
2025.10.20 08:00,1.1699,1.17025,1.16945,1.1699,1.166453,1.166997,1.166317,1.166725,0.003933,0.002453,0.003175
2025.10.20 09:00,1.16995,1.1704,1.16955,1.1698,1.166725,1.167133,1.166317,1.166589,0.004083,0.002416,0.003211
2025.10.20 10:00,1.16985,1.16995,1.16875,1.169,1.166589,1.166589,1.165501,1.165773,0.004449,0.002161,0.003227
2025.10.20 11:00,1.16895,1.1693,1.16805,1.16925,1.165501,1.165909,1.164822,1.165909,0.004478,0.002141,0.003341
2025.10.20 12:00,1.1693,1.1697,1.1687,1.169,1.166181,1.166317,1.165501,1.165637,0.004199,0.002383,0.003363
2025.10.20 13:00,1.169,1.1691,1.16825,1.1685,1.165637,1.165637,1.164958,1.16523,0.004142,0.002613,0.00327
2025.10.20 14:00,1.16855,1.17005,1.1684,1.169,1.16523,1.166725,1.165094,1.165637,0.004956,0.001675,0.003363
2025.10.20 15:00,1.16905,1.17005,1.1689,1.16915,1.165773,1.166725,1.165637,1.165909,0.004413,0.002175,0.003241
2025.10.20 16:00,1.1692,1.1695,1.16855,1.1686,1.165773,1.166045,1.165365,1.165365,0.004135,0.002505,0.003235
2025.10.20 17:00,1.16865,1.16895,1.1678,1.16795,1.16523,1.165637,1.164551,1.164687,0.004399,0.002163,0.003263
2025.10.20 18:00,1.16795,1.1685,1.1675,1.16825,1.164551,1.165094,1.16428,1.164958,0.00422,0.002406,0.003292
2025.10.20 19:00,1.1683,1.1686,1.16765,1.16775,1.165094,1.16523,1.164415,1.164415,0.004184,0.00242,0.003335
2025.10.20 20:00,1.1677,1.1681,1.1677,1.16785,1.164415,1.164822,1.164415,1.164551,0.003685,0.002878,0.003299
2025.10.20 22:00,1.1679,1.1681,1.1678,1.1679,1.164822,1.165094,1.164687,1.164958,0.003413,0.002706,0.002942
2025.10.20 23:00,1.1678,1.16805,1.1678,1.16795,1.164687,1.165094,1.164687,1.164687,0.003363,0.002706,0.003263
2025.10.21 00:00,1.1679,1.1691,1.1679,1.16885,1.164822,1.165909,1.164822,1.165637,0.004278,0.001991,0.003213
2025.10.21 01:00,1.1688,1.16885,1.1678,1.16805,1.165501,1.165501,1.164687,1.164822,0.004163,0.002299,0.003228
2025.10.21 02:00,1.16805,1.16805,1.1668,1.16695,1.164687,1.164822,1.163603,1.163738,0.004447,0.001978,0.003212
2025.10.21 03:00,1.167,1.1671,1.16685,1.167,1.163738,1.163873,1.163603,1.163738,0.003497,0.002977,0.003262
2025.10.21 04:00,1.1668,1.16725,1.1667,1.1671,1.163738,1.163873,1.163603,1.163873,0.003647,0.002827,0.003227
2025.10.21 05:00,1.1671,1.1673,1.166,1.1661,1.163873,1.163873,1.162791,1.162926,0.004509,0.002127,0.003174
2025.10.21 06:00,1.1661,1.16695,1.1654,1.16675,1.162791,1.163738,1.162385,1.163603,0.004565,0.001662,0.003147
2025.10.21 07:00,1.16675,1.1671,1.1657,1.1661,1.163603,1.163873,1.162791,1.162926,0.004309,0.001827,0.003174
2025.10.21 08:00,1.16605,1.1663,1.1648,1.16565,1.162656,1.163061,1.16171,1.16252,0.00459,0.001739,0.00313
2025.10.21 09:00,1.16565,1.16625,1.1651,1.1656,1.162385,1.162926,1.16198,1.162385,0.00427,0.002174,0.003215
2025.10.21 10:00,1.1656,1.1659,1.16425,1.16535,1.16252,1.162656,1.161036,1.162115,0.004864,0.001594,0.003235
2025.10.21 11:00,1.1653,1.16615,1.1645,1.16485,1.162115,1.162926,1.16144,1.161575,0.00471,0.001574,0.003275
2025.10.21 12:00,1.16485,1.16525,1.1637,1.16465,1.161575,1.161575,1.160631,1.16144,0.004619,0.002125,0.00321
2025.10.21 13:00,1.16465,1.16525,1.16385,1.1648,1.161575,1.16198,1.160766,1.161575,0.004484,0.00187,0.003225
2025.10.21 14:00,1.16485,1.16535,1.16335,1.164,1.161575,1.162115,1.160227,1.160766,0.005123,0.001235,0.003234
2025.10.21 15:00,1.16395,1.16525,1.16395,1.16505,1.160766,1.16198,1.160766,1.161845,0.004484,0.00197,0.003205
2025.10.21 16:00,1.1651,1.166,1.1644,1.1645,1.162115,1.162656,1.161305,1.161305,0.004695,0.001744,0.003195
2025.10.21 17:00,1.1645,1.16455,1.16375,1.16395,1.16117,1.161305,1.160497,1.160766,0.004053,0.002445,0.003184
2025.10.21 18:00,1.164,1.16445,1.16395,1.1641,1.160901,1.16117,1.160766,1.160901,0.003684,0.002779,0.003199
2025.10.21 19:00,1.1641,1.16435,1.16355,1.1637,1.160901,1.16117,1.160362,1.160362,0.003988,0.00238,0.003338
2025.10.21 20:00,1.1636,1.16385,1.16345,1.16345,1.160362,1.160631,1.160227,1.160362,0.003623,0.002819,0.003088
2025.10.21 22:00,1.16395,1.16395,1.16345,1.1635,1.160362,1.160631,1.160362,1.160362,0.003588,0.002819,0.003138
2025.10.21 23:00,1.16355,1.16365,1.16335,1.16345,1.160362,1.160497,1.160227,1.160227,0.003423,0.002853,0.003223
2025.10.22 00:00,1.16345,1.16425,1.16345,1.16395,1.160227,1.161036,1.160227,1.160766,0.004023,0.002414,0.003184
2025.10.22 01:00,1.16395,1.1644,1.1636,1.164,1.160901,1.16117,1.160497,1.160901,0.003903,0.002429,0.003099
2025.10.22 02:00,1.16395,1.1646,1.16395,1.16435,1.160901,1.16144,1.160901,1.16117,0.003699,0.00251,0.00318
2025.10.22 03:00,1.1643,1.1644,1.1639,1.16425,1.16117,1.16117,1.160766,1.161036,0.003634,0.00273,0.003214
2025.10.22 04:00,1.16425,1.16445,1.16395,1.1644,1.16117,1.161305,1.160901,1.161305,0.003549,0.002645,0.003095
2025.10.22 05:00,1.1644,1.16505,1.1644,1.16485,1.161305,1.161845,1.161305,1.16171,0.003745,0.002555,0.00314
2025.10.22 06:00,1.1649,1.16495,1.1639,1.16445,1.16117,1.161845,1.160766,1.161305,0.004184,0.002055,0.003145
2025.10.22 07:00,1.1645,1.16475,1.1635,1.1635,1.16144,1.16144,1.160362,1.160362,0.004388,0.00206,0.003138
2025.10.22 08:00,1.16355,1.1636,1.1626,1.16325,1.160227,1.160362,1.15942,1.160093,0.00418,0.002238,0.003157
2025.10.22 09:00,1.16325,1.1637,1.16275,1.16295,1.160093,1.160497,1.159689,1.159824,0.004011,0.002253,0.003126
2025.10.22 10:00,1.16295,1.1632,1.16175,1.1621,1.159689,1.159958,1.158614,1.158883,0.004586,0.001792,0.003217
2025.10.22 11:00,1.16205,1.1624,1.16175,1.16175,1.159017,1.159152,1.158614,1.158614,0.003786,0.002598,0.003136
2025.10.22 12:00,1.16175,1.16265,1.1612,1.16175,1.159152,1.159286,1.158078,1.158614,0.004572,0.001914,0.003136
2025.10.22 13:00,1.1618,1.1633,1.1617,1.16295,1.158883,1.159958,1.158614,1.159824,0.004686,0.001742,0.003126
2025.10.22 14:00,1.163,1.16465,1.1627,1.1646,1.160227,1.16144,1.159555,1.16144,0.005095,0.00126,0.00316
2025.10.22 15:00,1.1646,1.1652,1.1644,1.16465,1.161575,1.16198,1.161305,1.16144,0.003895,0.00242,0.00321
2025.10.22 16:00,1.16465,1.16575,1.16455,1.1654,1.161575,1.16252,1.16144,1.16225,0.00431,0.00203,0.00315
2025.10.22 17:00,1.16545,1.16555,1.16475,1.165,1.16225,1.16225,1.16171,1.161845,0.00384,0.0025,0.003155
2025.10.22 18:00,1.16495,1.16505,1.16425,1.1644,1.161845,1.161845,1.16117,1.161305,0.00388,0.002405,0.003095
2025.10.22 19:00,1.16445,1.16465,1.16395,1.1641,1.161305,1.16144,1.160901,1.160901,0.003749,0.00251,0.003199
2025.10.22 20:00,1.1641,1.1646,1.16405,1.1645,1.160901,1.16144,1.160901,1.16144,0.003699,0.00261,0.00306
2025.10.22 22:00,1.1645,1.16475,1.16435,1.1645,1.161575,1.161845,1.161575,1.161575,0.003175,0.002505,0.002925
2025.10.22 23:00,1.16455,1.16455,1.16395,1.164,1.16144,1.16144,1.161036,1.161036,0.003514,0.00251,0.002964
2025.10.23 00:00,1.16395,1.164,1.16305,1.1637,1.161036,1.161036,1.160227,1.160766,0.003773,0.002014,0.002934
2025.10.23 01:00,1.1637,1.16385,1.16305,1.1631,1.160901,1.160901,1.160093,1.160093,0.003757,0.002149,0.003007
2025.10.23 02:00,1.163,1.1632,1.1628,1.16295,1.160093,1.160227,1.159824,1.159958,0.003376,0.002573,0.002992
2025.10.23 03:00,1.16295,1.1631,1.1625,1.16255,1.159958,1.160227,1.159555,1.159689,0.003545,0.002273,0.002861
2025.10.23 04:00,1.16245,1.1632,1.1624,1.16315,1.159555,1.160227,1.15942,1.160227,0.00378,0.002173,0.002923
2025.10.23 05:00,1.16315,1.1637,1.163,1.1634,1.160093,1.160631,1.160093,1.160497,0.003607,0.002369,0.002903
2025.10.23 06:00,1.1634,1.16365,1.1624,1.16275,1.160497,1.160631,1.15942,1.159824,0.00423,0.001769,0.002926
2025.10.23 07:00,1.1627,1.16345,1.16235,1.1633,1.159555,1.160362,1.159555,1.160362,0.003895,0.001988,0.002938
2025.10.23 08:00,1.16335,1.1638,1.1626,1.1629,1.160227,1.160901,1.159689,1.159958,0.004111,0.001699,0.002942
2025.10.23 09:00,1.16285,1.1633,1.1626,1.16265,1.159958,1.160227,1.159689,1.159689,0.003611,0.002373,0.002961
2025.10.23 10:00,1.1626,1.1627,1.1618,1.1621,1.159555,1.159824,1.159017,1.159152,0.003683,0.001976,0.002948
2025.10.23 11:00,1.16205,1.16255,1.1618,1.16205,1.159017,1.159555,1.158883,1.159017,0.003667,0.002245,0.003033
2025.10.23 12:00,1.16205,1.16395,1.16195,1.16335,1.159286,1.160901,1.159017,1.160362,0.004933,0.001049,0.002988
2025.10.23 13:00,1.16335,1.16435,1.16315,1.164,1.160362,1.161305,1.160227,1.161036,0.004123,0.001845,0.002964
2025.10.23 14:00,1.164,1.1653,1.1639,1.16465,1.16117,1.16225,1.16117,1.161575,0.00413,0.00165,0.003075
2025.10.23 15:00,1.1646,1.1649,1.16395,1.16445,1.161845,1.16198,1.161036,1.16144,0.003864,0.00197,0.00301
2025.10.23 16:00,1.1645,1.1649,1.1639,1.164,1.16171,1.16198,1.161036,1.161036,0.003864,0.00192,0.002964
2025.10.23 17:00,1.16395,1.1645,1.1637,1.16445,1.161036,1.161575,1.160766,1.16144,0.003734,0.002125,0.00301
2025.10.23 18:00,1.16445,1.16505,1.16425,1.165,1.16144,1.162115,1.161305,1.162115,0.003745,0.002135,0.002885
2025.10.23 19:00,1.165,1.1653,1.1648,1.1649,1.16225,1.16225,1.161845,1.16198,0.003455,0.00255,0.00292
2025.10.23 20:00,1.1649,1.16525,1.16465,1.16515,1.161845,1.16225,1.16171,1.162115,0.00354,0.0024,0.003035
2025.10.23 22:00,1.16505,1.1654,1.165,1.16505,1.162385,1.16252,1.162115,1.162115,0.003285,0.00248,0.002935
2025.10.23 23:00,1.165,1.1651,1.1647,1.16495,1.162115,1.16225,1.161845,1.162115,0.003255,0.00245,0.002835
2025.10.24 00:00,1.16495,1.1654,1.1649,1.165,1.162115,1.16252,1.162115,1.162115,0.003285,0.00238,0.002885
2025.10.24 01:00,1.16505,1.16505,1.1641,1.16415,1.16198,1.16225,1.161305,1.161305,0.003745,0.00185,0.002845
2025.10.24 02:00,1.16415,1.16445,1.16395,1.164,1.161305,1.161575,1.16117,1.16117,0.00328,0.002375,0.00283
2025.10.24 03:00,1.164,1.16435,1.1639,1.1642,1.16117,1.16144,1.16117,1.161305,0.00318,0.00246,0.002895
2025.10.24 04:00,1.16395,1.1641,1.16375,1.164,1.16117,1.161305,1.160901,1.16117,0.003199,0.002445,0.00283
2025.10.24 05:00,1.16395,1.164,1.16335,1.1638,1.161036,1.161036,1.160497,1.160901,0.003503,0.002314,0.002899
2025.10.24 06:00,1.1638,1.16465,1.16325,1.1646,1.160901,1.16171,1.160497,1.16171,0.004153,0.00154,0.00289
2025.10.24 07:00,1.16455,1.166,1.16325,1.165,1.16171,1.163061,1.160497,1.16225,0.005503,0.000189,0.00275
2025.10.24 08:00,1.1651,1.1656,1.16385,1.16425,1.162385,1.16252,1.161036,1.16144,0.004564,0.00133,0.00281
2025.10.24 09:00,1.1642,1.1645,1.16375,1.1644,1.16117,1.161575,1.160901,1.161575,0.003599,0.002175,0.002825
2025.10.24 10:00,1.16435,1.16485,1.1643,1.1645,1.16144,1.16198,1.16144,1.161575,0.00341,0.00232,0.002925
2025.10.24 11:00,1.16445,1.1648,1.1639,1.1647,1.161575,1.161845,1.16117,1.161845,0.00363,0.002055,0.002855
2025.10.24 12:00,1.16475,1.169,1.1641,1.1666,1.161845,1.164958,1.161305,1.163738,0.007695,-0.000858,0.002862
2025.10.24 13:00,1.16665,1.16755,1.16525,1.16595,1.163467,1.164551,1.162656,1.162926,0.004894,0.000699,0.003024
2025.10.24 14:00,1.166,1.16685,1.16505,1.16585,1.163061,1.163873,1.16225,1.162926,0.0046,0.001177,0.002924
2025.10.24 15:00,1.1658,1.16675,1.16535,1.1658,1.163061,1.163738,1.16252,1.162926,0.00423,0.001612,0.002874
2025.10.24 16:00,1.16575,1.166,1.1653,1.1658,1.162926,1.163061,1.16252,1.162926,0.00348,0.002239,0.002874
2025.10.24 17:00,1.16585,1.16645,1.1657,1.166,1.162926,1.163467,1.162791,1.163061,0.003659,0.002233,0.002939
2025.10.24 18:00,1.166,1.16605,1.1657,1.16585,1.163061,1.163061,1.162791,1.162926,0.003259,0.002639,0.002924
2025.10.24 19:00,1.16585,1.16655,1.1658,1.16635,1.163061,1.163603,1.162926,1.163467,0.003624,0.002197,0.002883
2025.10.24 20:00,1.1664,1.16685,1.16535,1.16585,1.163603,1.163873,1.16252,1.162926,0.00433,0.001477,0.002924
2025.10.27 00:00,1.16625,1.16695,1.16595,1.16665,1.163467,1.164144,1.163196,1.163873,0.003754,0.001806,0.002777
2025.10.27 01:00,1.16665,1.1679,1.1665,1.16705,1.163738,1.165094,1.163738,1.16428,0.004162,0.001406,0.00277
2025.10.27 02:00,1.16705,1.1671,1.16615,1.16625,1.16428,1.16428,1.163332,1.163467,0.003768,0.00187,0.002783
2025.10.27 03:00,1.16625,1.1664,1.1659,1.1659,1.163467,1.163603,1.163061,1.163061,0.003339,0.002297,0.002839
2025.10.27 04:00,1.16595,1.16595,1.1652,1.1656,1.163061,1.163061,1.162385,1.162791,0.003565,0.002139,0.002809
2025.10.27 05:00,1.1656,1.16585,1.16525,1.16575,1.162926,1.163061,1.16252,1.162926,0.00333,0.002189,0.002824
2025.10.27 06:00,1.1657,1.16635,1.1656,1.16575,1.163061,1.163603,1.162926,1.162926,0.003424,0.001997,0.002824
2025.10.27 07:00,1.1658,1.1659,1.1651,1.16515,1.163061,1.163061,1.162385,1.162385,0.003515,0.002039,0.002765
2025.10.27 08:00,1.1651,1.16645,1.16495,1.166,1.16225,1.163603,1.162115,1.163332,0.004335,0.001347,0.002668
2025.10.27 09:00,1.16605,1.16715,1.1658,1.16695,1.163196,1.16428,1.163061,1.164144,0.004089,0.00152,0.002806
2025.10.27 10:00,1.16695,1.1676,1.1667,1.1673,1.164009,1.164687,1.163873,1.164551,0.003727,0.002013,0.002749
2025.10.27 11:00,1.1673,1.1679,1.1668,1.16785,1.164415,1.165094,1.164009,1.164958,0.003891,0.001706,0.002892
2025.10.27 12:00,1.1678,1.16835,1.16695,1.1673,1.164958,1.165365,1.164144,1.164415,0.004206,0.001585,0.002885
2025.10.27 13:00,1.1673,1.16745,1.16635,1.16675,1.164551,1.164551,1.163603,1.163873,0.003847,0.001799,0.002877
2025.10.27 14:00,1.1668,1.16745,1.1664,1.1673,1.164009,1.164551,1.163738,1.16428,0.003712,0.001849,0.00302
2025.10.27 15:00,1.16725,1.16735,1.16645,1.1667,1.16428,1.164415,1.163738,1.163873,0.003612,0.002035,0.002827
2025.10.27 16:00,1.1667,1.1673,1.1664,1.16705,1.163873,1.164415,1.163603,1.164144,0.003697,0.001984,0.002906
2025.10.27 17:00,1.16705,1.16735,1.16675,1.167,1.16428,1.164415,1.164009,1.164144,0.003341,0.002334,0.002856
2025.10.27 18:00,1.167,1.1684,1.1667,1.16825,1.164144,1.165501,1.163873,1.165501,0.004527,0.001199,0.002749
2025.10.27 19:00,1.16825,1.16825,1.1676,1.16795,1.165094,1.16523,1.164822,1.164958,0.003428,0.00237,0.002992
2025.10.27 20:00,1.1679,1.1681,1.1675,1.1676,1.165094,1.16523,1.164687,1.164687,0.003413,0.00227,0.002913
2025.10.27 22:00,1.16775,1.16815,1.16765,1.1681,1.164958,1.165365,1.164958,1.165365,0.003192,0.002285,0.002735
2025.10.27 23:00,1.1681,1.1686,1.1681,1.16825,1.165365,1.165773,1.165365,1.165501,0.003235,0.002327,0.002749
2025.10.28 00:00,1.16825,1.169,1.16775,1.1687,1.165365,1.166181,1.164958,1.165909,0.004042,0.001569,0.002791
2025.10.28 01:00,1.16865,1.16955,1.16865,1.16885,1.165909,1.166725,1.165909,1.166045,0.003641,0.001925,0.002805
2025.10.28 02:00,1.1689,1.16945,1.1685,1.16855,1.166181,1.166589,1.165773,1.165773,0.003677,0.001911,0.002777
2025.10.28 03:00,1.16855,1.1694,1.16855,1.16915,1.165909,1.166589,1.165909,1.166317,0.003491,0.001961,0.002833
2025.10.28 04:00,1.1693,1.1699,1.16925,1.16975,1.166317,1.167133,1.166181,1.166861,0.003719,0.002117,0.002889
2025.10.28 05:00,1.16975,1.16995,1.1694,1.1695,1.166997,1.167133,1.166589,1.166725,0.003361,0.002267,0.002775
2025.10.28 06:00,1.16945,1.16985,1.16865,1.1687,1.166725,1.166997,1.165909,1.165909,0.003941,0.001653,0.002791
2025.10.28 07:00,1.16875,1.1693,1.1682,1.16865,1.165773,1.166453,1.165501,1.165773,0.003799,0.001747,0.002877
2025.10.28 08:00,1.16855,1.1694,1.168,1.16835,1.165773,1.166589,1.165365,1.165773,0.004035,0.001411,0.002577
2025.10.28 09:00,1.16835,1.169,1.16765,1.1688,1.165637,1.166181,1.165094,1.166045,0.003906,0.001469,0.002755
2025.10.28 10:00,1.16885,1.1696,1.1686,1.1695,1.166045,1.166861,1.165909,1.166725,0.003691,0.001739,0.002775
2025.10.28 11:00,1.16955,1.16955,1.16855,1.16905,1.166725,1.166725,1.165909,1.166181,0.003641,0.001825,0.002869
2025.10.28 12:00,1.16905,1.16915,1.1666,1.16715,1.166181,1.166317,1.164009,1.164415,0.005141,0.000283,0.002735
2025.10.28 13:00,1.1672,1.1672,1.1656,1.16705,1.164144,1.164415,1.162926,1.164415,0.004274,0.001184,0.002635
2025.10.28 14:00,1.16705,1.1695,1.1668,1.1692,1.164144,1.166589,1.164144,1.166317,0.005356,0.000211,0.002883
2025.10.28 15:00,1.1692,1.16985,1.16865,1.169,1.166725,1.166997,1.165909,1.166181,0.003941,0.001653,0.002819
2025.10.28 16:00,1.169,1.16995,1.16845,1.1699,1.166181,1.166997,1.165637,1.166997,0.004313,0.001453,0.002903
2025.10.28 17:00,1.1699,1.17005,1.16905,1.16945,1.167133,1.167133,1.166317,1.166589,0.003733,0.001917,0.002861
2025.10.28 18:00,1.16945,1.1695,1.16875,1.16935,1.166589,1.166589,1.165909,1.166589,0.003591,0.002161,0.002761
2025.10.28 19:00,1.16935,1.16965,1.1683,1.16835,1.166589,1.166861,1.165637,1.165637,0.004013,0.001439,0.002713
2025.10.28 20:00,1.16835,1.16885,1.16815,1.1682,1.165637,1.166045,1.165501,1.165637,0.003349,0.002105,0.002563
2025.10.28 22:00,1.16835,1.16845,1.168,1.16805,1.165773,1.165773,1.165365,1.165365,0.003085,0.002227,0.002685
2025.10.28 23:00,1.16815,1.16875,1.16785,1.16875,1.165365,1.165909,1.16523,1.165909,0.00352,0.001941,0.002841
2025.10.29 00:00,1.16875,1.1691,1.16835,1.16845,1.165909,1.166453,1.165637,1.165773,0.003463,0.001897,0.002677
2025.10.29 01:00,1.1685,1.1686,1.1677,1.1678,1.165773,1.165909,1.164958,1.165094,0.003642,0.001791,0.002706
2025.10.29 02:00,1.16775,1.16785,1.1672,1.1677,1.165094,1.165094,1.164687,1.164958,0.003163,0.002106,0.002742
2025.10.29 03:00,1.16775,1.16775,1.16675,1.1668,1.164958,1.164958,1.164009,1.164009,0.003741,0.001792,0.002791
2025.10.29 04:00,1.16665,1.16675,1.1662,1.1664,1.164009,1.164009,1.163467,1.163738,0.003283,0.002191,0.002662
2025.10.29 05:00,1.1664,1.16655,1.1657,1.16615,1.163738,1.163873,1.163061,1.163467,0.003489,0.001827,0.002683
2025.10.29 06:00,1.1662,1.1663,1.1655,1.166,1.163332,1.163603,1.162926,1.163332,0.003374,0.001897,0.002668
2025.10.29 07:00,1.16605,1.16685,1.1659,1.1663,1.163332,1.164009,1.163332,1.163603,0.003518,0.001891,0.002697
2025.10.29 08:00,1.1663,1.16645,1.16535,1.1654,1.163603,1.163738,1.162791,1.162791,0.003659,0.001612,0.002609
2025.10.29 09:00,1.16535,1.16775,1.1649,1.1672,1.162656,1.164822,1.162385,1.164551,0.005365,7.8e-05,0.002649
2025.10.29 10:00,1.16715,1.16795,1.16675,1.1678,1.164551,1.16523,1.164144,1.165094,0.003806,0.00152,0.002706
2025.10.29 11:00,1.1678,1.1679,1.16635,1.16705,1.165094,1.165094,1.163738,1.16428,0.004162,0.001256,0.00277
2025.10.29 12:00,1.16705,1.1676,1.1658,1.16645,1.164687,1.164687,1.163196,1.163738,0.004404,0.001113,0.002712
2025.10.29 13:00,1.1665,1.16765,1.16645,1.16675,1.163873,1.164822,1.163738,1.164009,0.003912,0.001628,0.002741
2025.10.29 14:00,1.1668,1.1682,1.1662,1.1681,1.164144,1.165365,1.163603,1.165365,0.004597,0.000835,0.002735
2025.10.29 15:00,1.16815,1.16955,1.16755,1.16945,1.165501,1.166725,1.164822,1.166725,0.004728,0.000825,0.002725
2025.10.29 16:00,1.1694,1.16965,1.1686,1.1688,1.166725,1.166861,1.165909,1.166181,0.003741,0.001739,0.002619
2025.10.29 17:00,1.1688,1.16895,1.1676,1.16775,1.166045,1.166181,1.164958,1.165094,0.003992,0.001419,0.002656
2025.10.29 18:00,1.16765,1.16825,1.16145,1.1625,1.163873,1.165094,1.159152,1.159824,0.009098,-0.003644,0.002676
2025.10.29 19:00,1.1625,1.1631,1.16085,1.16305,1.160093,1.160362,1.158212,1.160362,0.004888,0.000488,0.002688
2025.10.29 20:00,1.163,1.1639,1.16215,1.1632,1.160362,1.161036,1.159555,1.160362,0.004345,0.001114,0.002838
2025.10.29 22:00,1.16315,1.1634,1.16285,1.1632,1.160766,1.160901,1.160497,1.160631,0.002903,0.001949,0.002569
2025.10.29 23:00,1.1632,1.16335,1.16295,1.16315,1.160766,1.160901,1.160497,1.160631,0.002853,0.002049,0.002519
2025.10.30 00:00,1.1631,1.1644,1.16255,1.164,1.160631,1.161845,1.160093,1.161575,0.004307,0.000705,0.002425
2025.10.30 01:00,1.1641,1.16435,1.1637,1.16425,1.16171,1.161845,1.161305,1.16171,0.003045,0.001855,0.00254
2025.10.30 02:00,1.16425,1.16485,1.1641,1.1646,1.16171,1.16225,1.161575,1.162115,0.003275,0.00185,0.002485
2025.10.30 03:00,1.16465,1.16485,1.1635,1.16435,1.162115,1.16225,1.16117,1.161845,0.00368,0.00125,0.002505
2025.10.30 04:00,1.1646,1.1666,1.16445,1.1661,1.161845,1.163873,1.16171,1.163603,0.00489,0.000577,0.002497
2025.10.30 05:00,1.16605,1.1663,1.16525,1.1653,1.163738,1.163738,1.162791,1.162791,0.003509,0.001512,0.002509
2025.10.30 06:00,1.16525,1.1659,1.16465,1.1648,1.162926,1.163332,1.16225,1.162385,0.00365,0.001318,0.002415
2025.10.30 07:00,1.1648,1.16515,1.1638,1.16475,1.162385,1.16252,1.16144,1.162115,0.00371,0.00128,0.002635
2025.10.30 08:00,1.16475,1.1649,1.16355,1.1646,1.162115,1.162385,1.161036,1.16198,0.003864,0.001165,0.00262
2025.10.30 09:00,1.16455,1.1657,1.1643,1.1645,1.162115,1.163061,1.161845,1.16198,0.003855,0.001239,0.00252
2025.10.30 10:00,1.16455,1.16485,1.16345,1.16355,1.162115,1.16225,1.161036,1.161036,0.003814,0.0012,0.002514
2025.10.30 11:00,1.1635,1.164,1.16245,1.16265,1.160766,1.16144,1.159958,1.160093,0.004042,0.00101,0.002557
2025.10.30 12:00,1.16265,1.16275,1.158,1.15835,1.160093,1.160227,1.155802,1.155802,0.006948,-0.002227,0.002548
2025.10.30 13:00,1.1583,1.1608,1.1575,1.1608,1.155802,1.158078,1.155135,1.158078,0.005665,-0.000578,0.002722
2025.10.30 14:00,1.16075,1.1615,1.1596,1.1602,1.158078,1.159017,1.157274,1.157541,0.004226,0.000583,0.002659
2025.10.30 15:00,1.1625,1.1625,1.15885,1.1592,1.157675,1.158078,1.15647,1.156738,0.00603,0.000772,0.002462
2025.10.30 16:00,1.1592,1.16,1.15875,1.15975,1.156738,1.157407,1.156203,1.157274,0.003797,0.001343,0.002476
2025.10.30 17:00,1.1598,1.1598,1.15885,1.15945,1.157274,1.157274,1.15647,1.156872,0.00333,0.001576,0.002578
2025.10.30 18:00,1.15945,1.15985,1.15925,1.15965,1.156872,1.157407,1.156872,1.15714,0.002978,0.001843,0.00251
2025.10.30 19:00,1.1596,1.16,1.15905,1.15925,1.157274,1.157407,1.15647,1.156738,0.00353,0.001643,0.002512
2025.10.30 20:00,1.15925,1.1601,1.1591,1.15935,1.156738,1.157541,1.156738,1.156872,0.003362,0.001559,0.002478
2025.10.30 22:00,1.15955,1.15975,1.15935,1.1596,1.157006,1.157274,1.157006,1.15714,0.002744,0.002077,0.00246
2025.10.30 23:00,1.1596,1.1601,1.15935,1.15995,1.15714,1.157675,1.157006,1.157541,0.003094,0.001675,0.002409
2025.10.31 00:00,1.15995,1.16045,1.1598,1.16015,1.157541,1.158078,1.157274,1.157675,0.003176,0.001722,0.002475
2025.10.31 01:00,1.1602,1.16055,1.15945,1.1595,1.157809,1.158078,1.157006,1.157006,0.003544,0.001372,0.002494
2025.10.31 02:00,1.15955,1.1602,1.15925,1.15955,1.157006,1.157943,1.156872,1.15714,0.003328,0.001307,0.00241
2025.10.31 03:00,1.15955,1.15985,1.1593,1.1594,1.15714,1.157407,1.157006,1.15714,0.002844,0.001893,0.00226
2025.10.31 04:00,1.1597,1.1601,1.15965,1.16,1.157006,1.157675,1.157006,1.157541,0.003094,0.001975,0.002459
2025.10.31 05:00,1.15995,1.16,1.1594,1.1596,1.157541,1.157675,1.157006,1.15714,0.002994,0.001725,0.00246
2025.10.31 06:00,1.15955,1.1601,1.15885,1.1589,1.15714,1.157809,1.15647,1.15647,0.00363,0.00104,0.00243
2025.10.31 07:00,1.1589,1.15935,1.15825,1.15925,1.156604,1.156872,1.155936,1.156872,0.003414,0.001378,0.002378
2025.10.31 08:00,1.15925,1.1599,1.15875,1.15985,1.156738,1.157407,1.156337,1.157407,0.003563,0.001343,0.002443
2025.10.31 09:00,1.1598,1.16045,1.15935,1.16035,1.157274,1.158078,1.157006,1.158078,0.003444,0.001272,0.002272
2025.10.31 10:00,1.16035,1.1604,1.1595,1.15985,1.157809,1.157809,1.15714,1.157407,0.00326,0.001691,0.002443
2025.10.31 11:00,1.1599,1.1602,1.15855,1.15945,1.157407,1.157675,1.156203,1.157006,0.003997,0.000875,0.002444
2025.10.31 12:00,1.1594,1.15945,1.1581,1.15835,1.156872,1.157006,1.155802,1.155802,0.003648,0.001094,0.002548
2025.10.31 13:00,1.1583,1.1584,1.15575,1.15665,1.155668,1.155936,1.153403,1.154468,0.004997,-0.000186,0.002182
2025.10.31 14:00,1.15665,1.15705,1.1549,1.15615,1.154468,1.154468,1.152605,1.153802,0.004445,0.000432,0.002348
2025.10.31 15:00,1.1562,1.15705,1.1551,1.15685,1.153802,1.154601,1.152738,1.154335,0.004312,0.000499,0.002515
2025.10.31 16:00,1.1568,1.1571,1.15555,1.1558,1.154335,1.154734,1.15327,1.15327,0.00383,0.000816,0.00253
2025.10.31 17:00,1.1558,1.15585,1.155,1.15515,1.15327,1.15327,1.152605,1.152738,0.003245,0.00173,0.002412
2025.10.31 18:00,1.15515,1.15545,1.1549,1.15525,1.152738,1.153004,1.152472,1.152738,0.002978,0.001896,0.002512
2025.10.31 19:00,1.1553,1.1559,1.15505,1.15535,1.152738,1.153403,1.152738,1.152871,0.003162,0.001647,0.002479
2025.10.31 20:00,1.15525,1.1567,1.1552,1.1552,1.153004,1.154335,1.153004,1.154335,0.003696,0.000865,0.000865
2025.11.03 00:00,1.1552,1.15565,1.1551,1.1553,1.15327,1.153403,1.152738,1.152871,0.002912,0.001697,0.002429
2025.11.03 01:00,1.15525,1.1556,1.1548,1.1554,1.152871,1.15327,1.152605,1.153004,0.002995,0.001531,0.002396
2025.11.03 02:00,1.1554,1.1561,1.1553,1.15585,1.153004,1.153802,1.153004,1.153536,0.003096,0.001498,0.002314
2025.11.03 03:00,1.15585,1.1561,1.15565,1.15605,1.153536,1.153802,1.153403,1.153669,0.002697,0.001848,0.002381
2025.11.03 04:00,1.15605,1.1564,1.15585,1.156,1.153669,1.154068,1.153536,1.153669,0.002864,0.001782,0.002331
2025.11.03 05:00,1.15605,1.15645,1.15595,1.1562,1.153802,1.154068,1.153669,1.153802,0.002781,0.001882,0.002398
2025.11.03 06:00,1.15615,1.1568,1.1561,1.15645,1.153802,1.154468,1.153802,1.154201,0.002998,0.001632,0.002249
2025.11.03 07:00,1.1564,1.1568,1.15595,1.15665,1.154335,1.154468,1.153802,1.154335,0.002998,0.001482,0.002315
2025.11.03 08:00,1.15665,1.1567,1.1536,1.154,1.154068,1.154068,1.15141,1.151676,0.00529,-0.000468,0.002324
2025.11.03 09:00,1.154,1.15475,1.15375,1.1541,1.151543,1.152339,1.151543,1.151808,0.003207,0.001411,0.002292
2025.11.03 10:00,1.1541,1.15465,1.1535,1.1542,1.151941,1.152206,1.151145,1.151941,0.003505,0.001294,0.002259
2025.11.03 11:00,1.15415,1.1547,1.1539,1.1542,1.151676,1.152339,1.151543,1.151941,0.003157,0.001561,0.002259
2025.11.03 12:00,1.1542,1.15495,1.1541,1.15445,1.151808,1.152472,1.151808,1.152074,0.003142,0.001628,0.002376
2025.11.03 13:00,1.1544,1.15445,1.15325,1.15375,1.152074,1.152074,1.151013,1.15141,0.003437,0.001176,0.002339
2025.11.03 14:00,1.1538,1.154,1.1532,1.15375,1.151543,1.151543,1.15088,1.15141,0.00312,0.001657,0.002339
2025.11.03 15:00,1.15375,1.1552,1.1533,1.1552,1.152206,1.152871,1.151013,1.152871,0.004187,0.000429,0.002329
2025.11.03 16:00,1.15515,1.1559,1.15485,1.15575,1.152871,1.153536,1.152738,1.153403,0.003162,0.001314,0.002347
2025.11.03 17:00,1.15575,1.15645,1.15535,1.15545,1.15327,1.154068,1.153004,1.153004,0.003446,0.001282,0.002446
2025.11.03 18:00,1.15545,1.1558,1.15475,1.155,1.153136,1.153403,1.152472,1.152605,0.003328,0.001347,0.002395
2025.11.03 19:00,1.155,1.15525,1.15435,1.1546,1.152605,1.152738,1.152074,1.152206,0.003176,0.001612,0.002394
2025.11.03 20:00,1.1546,1.155,1.15445,1.15465,1.152339,1.152605,1.152074,1.152339,0.002926,0.001845,0.002311
2025.11.03 21:00,1.1546,1.1548,1.1543,1.15465,1.152074,1.152339,1.151941,1.152206,0.002859,0.001961,0.002444
2025.11.03 23:00,1.1548,1.1548,1.1545,1.15455,1.152472,1.152472,1.152206,1.152206,0.002594,0.002028,0.002344
2025.11.04 00:00,1.1545,1.1545,1.1532,1.1535,1.151808,1.151941,1.15088,1.151145,0.00362,0.001259,0.002355
2025.11.04 01:00,1.15345,1.15365,1.15245,1.1536,1.151013,1.151278,1.150351,1.151278,0.003299,0.001172,0.002322
2025.11.04 02:00,1.1536,1.15375,1.1531,1.15375,1.151278,1.15141,1.15088,1.15141,0.002869,0.00169,0.002339
2025.11.04 03:00,1.1537,1.1544,1.15365,1.154,1.151543,1.152074,1.15141,1.151676,0.00299,0.001576,0.002324
2025.11.04 04:00,1.154,1.1544,1.1536,1.1536,1.151676,1.152074,1.151278,1.151278,0.003122,0.001526,0.002322
2025.11.04 05:00,1.1535,1.154,1.1534,1.15385,1.151278,1.151676,1.151145,1.151543,0.002855,0.001724,0.002307
2025.11.04 06:00,1.1539,1.15525,1.1538,1.1549,1.151543,1.152871,1.151543,1.152605,0.003707,0.000929,0.002295
2025.11.04 07:00,1.15495,1.156,1.1549,1.15535,1.152738,1.153536,1.152605,1.153004,0.003395,0.001364,0.002346
2025.11.04 08:00,1.15535,1.1555,1.154,1.154,1.153136,1.153136,1.151676,1.151676,0.003824,0.000864,0.002324
2025.11.04 09:00,1.15405,1.1544,1.1526,1.15275,1.151676,1.152074,1.150351,1.150483,0.004049,0.000526,0.002267
2025.11.04 10:00,1.15275,1.1536,1.15255,1.15305,1.150483,1.151278,1.150483,1.150748,0.003117,0.001272,0.002302
2025.11.04 11:00,1.15305,1.1532,1.1515,1.1516,1.15088,1.15088,1.149293,1.149293,0.003907,0.00062,0.002307
2025.11.04 12:00,1.1516,1.1519,1.15025,1.15155,1.149425,1.149557,1.148106,1.149293,0.003794,0.000692,0.002257
2025.11.04 13:00,1.1515,1.1523,1.1514,1.1518,1.149161,1.149954,1.149161,1.149557,0.003139,0.001446,0.002243
2025.11.04 14:00,1.15175,1.1521,1.1499,1.1507,1.149557,1.149822,1.14771,1.148501,0.00439,7.8e-05,0.002199
2025.11.04 15:00,1.1507,1.1519,1.1501,1.15175,1.148369,1.149557,1.147842,1.149557,0.004058,0.000543,0.002192
2025.11.04 16:00,1.15175,1.1523,1.15135,1.15155,1.149557,1.149822,1.149161,1.149293,0.003139,0.001528,0.002257
2025.11.04 17:00,1.1516,1.15165,1.15095,1.151,1.149293,1.149293,1.148765,1.148765,0.002885,0.001657,0.002235
2025.11.04 18:00,1.151,1.15125,1.1507,1.151,1.148633,1.149029,1.148501,1.148765,0.002749,0.001671,0.002235
2025.11.04 19:00,1.15095,1.1513,1.15045,1.15055,1.148765,1.149029,1.148237,1.148237,0.003062,0.001421,0.002313
2025.11.04 20:00,1.15055,1.15095,1.15015,1.1506,1.148106,1.148633,1.147842,1.148369,0.003108,0.001517,0.002231
2025.11.04 21:00,1.1506,1.1509,1.1505,1.15075,1.148369,1.148633,1.148237,1.148633,0.002663,0.001867,0.002117
2025.11.04 23:00,1.1509,1.1511,1.1508,1.15105,1.148765,1.148897,1.148633,1.148765,0.002467,0.001903,0.002285
2025.11.05 00:00,1.151,1.15105,1.1506,1.1509,1.148897,1.148897,1.148369,1.148765,0.002681,0.001703,0.002135
2025.11.05 01:00,1.15095,1.1523,1.15055,1.1515,1.148765,1.150086,1.148369,1.149293,0.003931,0.000464,0.002207
2025.11.05 02:00,1.1515,1.15175,1.151,1.1514,1.149425,1.149557,1.148897,1.149161,0.002853,0.001443,0.002239
2025.11.05 03:00,1.15135,1.15175,1.1511,1.1514,1.149293,1.149557,1.148897,1.149161,0.002853,0.001543,0.002239
2025.11.05 04:00,1.1514,1.1517,1.1513,1.15165,1.149161,1.149425,1.149161,1.149425,0.002539,0.001875,0.002225
2025.11.05 05:00,1.1515,1.15195,1.1515,1.1517,1.149425,1.14969,1.149293,1.149557,0.002657,0.00181,0.002143
2025.11.05 06:00,1.1517,1.15195,1.1512,1.15135,1.149425,1.14969,1.149029,1.149029,0.002921,0.00151,0.002321
2025.11.05 07:00,1.1513,1.1516,1.1509,1.15125,1.149029,1.149425,1.148765,1.149029,0.002835,0.001475,0.002221
2025.11.05 08:00,1.15125,1.1521,1.1511,1.15145,1.149029,1.149954,1.149029,1.149161,0.003071,0.001146,0.002289
2025.11.05 09:00,1.1514,1.1518,1.1507,1.151,1.149029,1.149557,1.148633,1.148765,0.003167,0.001143,0.002235
2025.11.05 10:00,1.151,1.15105,1.15015,1.1508,1.148765,1.148765,1.147974,1.148633,0.003076,0.001385,0.002167
2025.11.05 11:00,1.15085,1.15145,1.1504,1.15135,1.148765,1.149293,1.148237,1.149161,0.003213,0.001107,0.002189
2025.11.05 12:00,1.1514,1.1518,1.1512,1.15165,1.149293,1.149557,1.149029,1.149425,0.002771,0.001643,0.002225
2025.11.05 13:00,1.1516,1.1519,1.1498,1.14995,1.149293,1.14969,1.14771,1.14771,0.00419,0.00011,0.00224
2025.11.05 14:00,1.1499,1.15185,1.14935,1.15125,1.147974,1.149557,1.147315,1.149029,0.004535,-0.000207,0.002221
2025.11.05 15:00,1.1512,1.15125,1.1488,1.1504,1.14771,1.149029,1.147579,1.148237,0.003671,-0.000229,0.002163
2025.11.05 16:00,1.15045,1.1511,1.1495,1.15095,1.148237,1.148897,1.147447,1.148765,0.003653,0.000603,0.002185
2025.11.05 17:00,1.15095,1.15115,1.15015,1.15055,1.148633,1.148897,1.148106,1.148369,0.003044,0.001253,0.002181
2025.11.05 18:00,1.1506,1.1509,1.15045,1.1507,1.148369,1.148633,1.148237,1.148501,0.002663,0.001817,0.002199
2025.11.05 19:00,1.1507,1.1513,1.1506,1.1511,1.148633,1.149029,1.148369,1.148897,0.002931,0.001571,0.002203
2025.11.05 20:00,1.15115,1.15175,1.15115,1.1514,1.149029,1.149557,1.149029,1.149161,0.002721,0.001593,0.002239
2025.11.05 21:00,1.1514,1.152,1.1513,1.15175,1.149161,1.149822,1.149029,1.149822,0.002971,0.001478,0.001928
2025.11.05 23:00,1.15175,1.15205,1.15145,1.1519,1.149557,1.149954,1.149425,1.149954,0.002625,0.001496,0.001946
2025.11.06 00:00,1.15185,1.15255,1.1517,1.15245,1.149822,1.150483,1.14969,1.150483,0.00286,0.001217,0.001967
2025.11.06 01:00,1.15245,1.15325,1.15245,1.15305,1.150483,1.151145,1.150483,1.151013,0.002767,0.001305,0.002037
2025.11.06 02:00,1.15305,1.1532,1.15265,1.1529,1.151013,1.151145,1.150616,1.15088,0.002584,0.001505,0.00202
2025.11.06 03:00,1.15285,1.15315,1.1527,1.15305,1.15088,1.151145,1.150748,1.151013,0.002402,0.001555,0.002037
2025.11.06 04:00,1.15305,1.1532,1.15275,1.15305,1.151013,1.151145,1.150748,1.151013,0.002452,0.001605,0.002037
2025.11.06 05:00,1.1528,1.1534,1.1528,1.15335,1.15088,1.15141,1.150748,1.15141,0.002652,0.00139,0.00194
2025.11.06 06:00,1.1533,1.1538,1.1529,1.15305,1.151145,1.151676,1.15088,1.151013,0.00292,0.001224,0.002037
2025.11.06 07:00,1.1531,1.1537,1.153,1.15315,1.151013,1.151676,1.151013,1.151145,0.002687,0.001324,0.002005
2025.11.06 08:00,1.15315,1.1547,1.1529,1.15445,1.151278,1.152605,1.151013,1.152472,0.003687,0.000295,0.001978
2025.11.06 09:00,1.1545,1.15475,1.15345,1.15365,1.152339,1.152605,1.151543,1.151676,0.003207,0.000845,0.001974
2025.11.06 10:00,1.15365,1.1541,1.15335,1.15335,1.151543,1.152074,1.15141,1.15141,0.002689,0.001276,0.00194
2025.11.06 11:00,1.15335,1.1544,1.15335,1.15435,1.15141,1.152339,1.15141,1.152339,0.00299,0.001011,0.002011
2025.11.06 12:00,1.1543,1.1556,1.15375,1.15545,1.152074,1.153536,1.151808,1.153403,0.003792,0.000214,0.002047
2025.11.06 13:00,1.15545,1.15675,1.15525,1.15595,1.15327,1.154734,1.15327,1.153935,0.00348,0.000516,0.002015
2025.11.06 14:00,1.15595,1.1561,1.15435,1.15435,1.153802,1.154068,1.152472,1.152472,0.003628,0.000282,0.001878
2025.11.06 15:00,1.15435,1.1566,1.15425,1.1563,1.152339,1.154468,1.152339,1.154335,0.004261,-0.000218,0.001965
2025.11.06 16:00,1.1563,1.1565,1.1555,1.15615,1.154201,1.154468,1.153536,1.154068,0.002964,0.001032,0.002082
2025.11.06 17:00,1.1561,1.1566,1.15535,1.1564,1.154068,1.154601,1.153536,1.154335,0.003064,0.000749,0.002065
2025.11.06 18:00,1.1564,1.15735,1.15625,1.1571,1.154335,1.155402,1.154335,1.155001,0.003015,0.000848,0.002099
2025.11.06 19:00,1.15705,1.1576,1.15655,1.15675,1.155001,1.155535,1.154601,1.154734,0.002999,0.001015,0.002016
2025.11.06 20:00,1.1568,1.15725,1.15665,1.1571,1.154868,1.155268,1.154601,1.155135,0.002649,0.001382,0.001965
2025.11.06 21:00,1.1571,1.15725,1.1568,1.15705,1.155135,1.155268,1.154868,1.155001,0.002382,0.001532,0.002049
2025.11.06 23:00,1.1568,1.1574,1.1568,1.15705,1.155135,1.155535,1.155135,1.155135,0.002265,0.001265,0.001915
2025.11.07 00:00,1.1571,1.1571,1.156,1.1562,1.155001,1.155135,1.154201,1.154335,0.002899,0.000865,0.001866
2025.11.07 01:00,1.15615,1.1564,1.15585,1.156,1.154201,1.154468,1.153935,1.154068,0.002465,0.001382,0.001932
2025.11.07 02:00,1.15605,1.15655,1.156,1.1562,1.154335,1.154601,1.154201,1.154335,0.002349,0.001399,0.001866
2025.11.07 03:00,1.1563,1.15635,1.15575,1.156,1.154468,1.154468,1.153802,1.154201,0.002548,0.001282,0.001799
2025.11.07 04:00,1.156,1.156,1.15545,1.1559,1.154068,1.154068,1.153669,1.153935,0.002331,0.001382,0.001965
2025.11.07 05:00,1.1557,1.1561,1.1555,1.1556,1.153935,1.154201,1.153669,1.153802,0.002431,0.001299,0.001798
2025.11.07 06:00,1.15565,1.15585,1.15515,1.15535,1.153669,1.153935,1.153403,1.153403,0.002447,0.001215,0.001947
2025.11.07 07:00,1.15535,1.15585,1.1553,1.1555,1.153536,1.153935,1.153403,1.153669,0.002447,0.001365,0.001831
2025.11.07 08:00,1.1555,1.15625,1.1552,1.1557,1.153669,1.154335,1.153403,1.153935,0.002847,0.000865,0.001765
2025.11.07 09:00,1.1557,1.15645,1.15565,1.15605,1.154068,1.154468,1.153802,1.154201,0.002648,0.001182,0.001849
2025.11.07 10:00,1.156,1.15745,1.156,1.15725,1.154201,1.155535,1.154201,1.155402,0.003249,0.000465,0.001848
2025.11.07 11:00,1.1572,1.1583,1.15715,1.15805,1.155535,1.156337,1.155268,1.156203,0.003032,0.000813,0.001847
2025.11.07 12:00,1.158,1.15875,1.1576,1.1578,1.156069,1.156872,1.155802,1.155936,0.002948,0.000728,0.001864
2025.11.07 13:00,1.15785,1.15925,1.1578,1.159,1.155936,1.157274,1.155936,1.15714,0.003314,0.000526,0.00186
2025.11.07 14:00,1.159,1.1601,1.1588,1.15955,1.157006,1.158078,1.157006,1.157809,0.003094,0.000722,0.00174
2025.11.07 15:00,1.15955,1.1613,1.15935,1.1594,1.158212,1.159286,1.157541,1.157541,0.003759,6.4e-05,0.001859
2025.11.07 16:00,1.1594,1.16045,1.15935,1.16,1.157675,1.158614,1.157675,1.158078,0.002775,0.000736,0.001922
2025.11.07 17:00,1.16,1.16045,1.1594,1.1603,1.158078,1.15848,1.157541,1.15848,0.002909,0.00092,0.00182
2025.11.07 18:00,1.1603,1.1606,1.159,1.1591,1.15848,1.158614,1.15714,1.15714,0.00346,0.000386,0.001961
2025.11.07 19:00,1.15905,1.15955,1.1578,1.1582,1.157006,1.157541,1.155936,1.156337,0.003614,0.000259,0.001863
2025.11.07 20:00,1.15815,1.15895,1.15795,1.15865,1.156203,1.157006,1.156069,1.156738,0.002881,0.000944,0.001912
2025.11.07 21:00,1.15865,1.1589,1.1581,1.15815,1.156872,1.157006,1.156337,1.156738,0.002563,0.001094,0.001412
2025.11.10 00:00,1.1566,1.15825,1.15655,1.15765,1.154601,1.155936,1.154601,1.155802,0.003649,0.000614,0.001848
2025.11.10 01:00,1.1577,1.15825,1.1569,1.158,1.155535,1.156337,1.155001,1.156069,0.003249,0.000563,0.001931
2025.11.10 02:00,1.15805,1.1583,1.15765,1.158,1.156203,1.156337,1.155802,1.156069,0.002498,0.001313,0.001931
2025.11.10 03:00,1.158,1.15805,1.15735,1.15765,1.156069,1.156203,1.155535,1.155802,0.002515,0.001147,0.001848
2025.11.10 04:00,1.1577,1.1585,1.1577,1.15835,1.155802,1.156604,1.155802,1.15647,0.002698,0.001096,0.00188
2025.11.10 05:00,1.15835,1.15885,1.15805,1.1584,1.15647,1.156872,1.156203,1.156604,0.002647,0.001178,0.001796
2025.11.10 06:00,1.15845,1.1587,1.1574,1.1576,1.156604,1.156738,1.155535,1.155668,0.003165,0.000662,0.001932
2025.11.10 07:00,1.15765,1.15945,1.1576,1.159,1.155936,1.157407,1.155802,1.15714,0.003648,0.000193,0.00186
2025.11.10 08:00,1.15895,1.16055,1.1587,1.1594,1.157006,1.158614,1.157006,1.157675,0.003544,8.6e-05,0.001725
2025.11.10 09:00,1.1595,1.1596,1.15865,1.159,1.157675,1.157675,1.156738,1.157274,0.002862,0.000975,0.001727
2025.11.10 10:00,1.159,1.15935,1.1583,1.1585,1.15714,1.157407,1.15647,1.156604,0.00288,0.000893,0.001896
2025.11.10 11:00,1.15845,1.15865,1.1576,1.15855,1.156604,1.156738,1.155802,1.156738,0.002848,0.000862,0.001812
2025.11.10 12:00,1.1585,1.15975,1.1585,1.15905,1.156738,1.157809,1.156604,1.157274,0.003146,0.00069,0.001776
2025.11.10 13:00,1.15905,1.16005,1.15895,1.1591,1.15714,1.158078,1.157006,1.157274,0.003044,0.000872,0.001827
2025.11.10 14:00,1.15905,1.15905,1.15815,1.1587,1.15714,1.15714,1.156337,1.156604,0.002713,0.00101,0.002096
2025.11.10 15:00,1.1587,1.15895,1.15675,1.15675,1.156872,1.157006,1.155001,1.155001,0.003949,-0.000256,0.001749
2025.11.10 16:00,1.15675,1.15775,1.1565,1.1567,1.154868,1.155802,1.154734,1.154734,0.003016,0.000698,0.001966
2025.11.10 17:00,1.15675,1.15835,1.15635,1.1583,1.154868,1.156337,1.154468,1.156337,0.003882,1.3e-05,0.001963
2025.11.10 18:00,1.1583,1.1587,1.15805,1.15805,1.15647,1.156872,1.156203,1.156203,0.002497,0.001178,0.001847
2025.11.10 19:00,1.1581,1.15855,1.15805,1.15835,1.156203,1.156604,1.156203,1.15647,0.002347,0.001446,0.00188
2025.11.10 20:00,1.1583,1.15875,1.1583,1.1586,1.15647,1.156738,1.15647,1.156738,0.00228,0.001562,0.001862
2025.11.10 21:00,1.15865,1.15865,1.15775,1.158,1.156738,1.156738,1.155936,1.156069,0.002714,0.001012,0.001931
2025.11.10 23:00,1.158,1.1582,1.1578,1.15785,1.156203,1.156337,1.155936,1.155936,0.002264,0.001463,0.001914
2025.11.11 00:00,1.15785,1.1581,1.15735,1.1574,1.155936,1.156203,1.155535,1.155535,0.002565,0.001147,0.001865
2025.11.11 01:00,1.1574,1.15765,1.1569,1.15765,1.155535,1.155802,1.155135,1.155802,0.002515,0.001098,0.001848
2025.11.11 02:00,1.15765,1.1579,1.15735,1.1575,1.155936,1.156069,1.155535,1.155668,0.002365,0.001281,0.001832
2025.11.11 03:00,1.1575,1.158,1.1575,1.1578,1.155668,1.156203,1.155668,1.155936,0.002331,0.001297,0.001864
2025.11.11 04:00,1.15785,1.1581,1.1577,1.1579,1.155936,1.156337,1.155936,1.156069,0.002164,0.001363,0.001831
2025.11.11 05:00,1.158,1.15865,1.158,1.15835,1.156203,1.156872,1.156203,1.15647,0.002447,0.001128,0.00188
2025.11.11 06:00,1.15835,1.15845,1.1572,1.1574,1.15647,1.156604,1.155402,1.155535,0.003048,0.000596,0.001865
2025.11.11 07:00,1.1574,1.1583,1.15715,1.1582,1.155402,1.156337,1.155402,1.156337,0.002898,0.000813,0.001863
2025.11.11 08:00,1.15825,1.15905,1.1576,1.15765,1.15647,1.15714,1.155802,1.155936,0.003248,0.000461,0.001714
2025.11.11 09:00,1.1576,1.159,1.1575,1.15865,1.155668,1.15714,1.155668,1.15714,0.003332,0.00036,0.001511
2025.11.11 10:00,1.15865,1.15965,1.15845,1.15945,1.156738,1.157675,1.156604,1.157541,0.003046,0.000775,0.001909
2025.11.11 11:00,1.1595,1.15995,1.15915,1.15935,1.157675,1.158078,1.157407,1.157675,0.002543,0.001072,0.001675
2025.11.11 12:00,1.15935,1.1599,1.159,1.1592,1.157541,1.158078,1.157274,1.157541,0.002626,0.000922,0.001659
2025.11.11 13:00,1.15925,1.16275,1.1592,1.16225,1.157407,1.160901,1.157407,1.160631,0.005343,-0.001701,0.001619
2025.11.11 14:00,1.1623,1.1627,1.16155,1.16225,1.160497,1.160766,1.159824,1.160362,0.002876,0.000784,0.001888
2025.11.11 15:00,1.16225,1.1625,1.1613,1.1617,1.160362,1.160631,1.159555,1.159824,0.002945,0.000669,0.001876
2025.11.11 16:00,1.1617,1.16215,1.16125,1.1615,1.159824,1.160227,1.15942,1.159689,0.00273,0.001023,0.001811
2025.11.11 17:00,1.1615,1.1621,1.16125,1.1617,1.159689,1.160227,1.15942,1.159824,0.00268,0.001023,0.001876
2025.11.11 18:00,1.16165,1.16175,1.1613,1.16145,1.159824,1.159958,1.159555,1.159689,0.002195,0.001342,0.001761
2025.11.11 19:00,1.1614,1.1615,1.1605,1.16065,1.159555,1.159689,1.158749,1.158749,0.002751,0.000811,0.001901
2025.11.11 20:00,1.16065,1.1611,1.1605,1.1605,1.158749,1.159286,1.158614,1.158614,0.002486,0.001214,0.001886
2025.11.11 21:00,1.1605,1.16075,1.16025,1.1604,1.158749,1.158883,1.15848,1.158614,0.00227,0.001367,0.001786
2025.11.11 23:00,1.1605,1.1608,1.1603,1.16075,1.158883,1.159017,1.15848,1.159017,0.00232,0.001283,0.001733
2025.11.12 00:00,1.16075,1.1608,1.16,1.16005,1.159017,1.159017,1.158346,1.158346,0.002454,0.000983,0.001704
2025.11.12 01:00,1.16005,1.1603,1.15955,1.15965,1.158212,1.15848,1.157809,1.157943,0.002491,0.00107,0.001706
2025.11.12 02:00,1.15965,1.16005,1.1596,1.16,1.157943,1.158346,1.157943,1.158346,0.002107,0.001254,0.001654
2025.11.12 03:00,1.16,1.16025,1.1597,1.1599,1.158212,1.15848,1.157943,1.158078,0.002306,0.00122,0.001822
2025.11.12 04:00,1.15985,1.15995,1.15915,1.15925,1.158078,1.158212,1.157407,1.157541,0.002543,0.000938,0.001709
2025.11.12 05:00,1.15945,1.16,1.15945,1.15975,1.157541,1.158212,1.157407,1.158078,0.002593,0.001238,0.001672
2025.11.12 06:00,1.1597,1.16035,1.1596,1.1603,1.157809,1.158614,1.157809,1.158614,0.00254,0.000986,0.001686
2025.11.12 07:00,1.16035,1.16095,1.1602,1.1605,1.158614,1.159152,1.15848,1.158614,0.00247,0.001048,0.001886
2025.11.12 08:00,1.1605,1.1609,1.1598,1.15985,1.158749,1.159017,1.158078,1.158212,0.002822,0.000783,0.001638
2025.11.12 09:00,1.15985,1.16015,1.15895,1.1591,1.158078,1.158346,1.15714,1.157274,0.003011,0.000604,0.001827
2025.11.12 10:00,1.1591,1.15965,1.15865,1.1591,1.157407,1.157809,1.156872,1.157274,0.002778,0.000841,0.001827
2025.11.12 11:00,1.1592,1.1599,1.1587,1.1599,1.157407,1.157943,1.157006,1.157943,0.002894,0.000757,0.001956
2025.11.12 12:00,1.15985,1.16015,1.15925,1.1598,1.158212,1.158346,1.157541,1.157943,0.002609,0.000904,0.001857
2025.11.12 13:00,1.15985,1.1601,1.15865,1.1593,1.158212,1.158212,1.157006,1.157407,0.003094,0.000438,0.001893
2025.11.12 14:00,1.1593,1.1597,1.1584,1.15965,1.157541,1.157809,1.156604,1.157675,0.003096,0.000591,0.001975
2025.11.12 15:00,1.15965,1.1617,1.15945,1.16155,1.157809,1.159824,1.157675,1.159824,0.004025,-0.000374,0.001726
2025.11.12 16:00,1.1615,1.1619,1.16095,1.16125,1.159689,1.160093,1.159286,1.15942,0.002614,0.000857,0.00183
2025.11.12 17:00,1.16125,1.1618,1.16125,1.1614,1.15942,1.159958,1.15942,1.159555,0.00238,0.001292,0.001845
2025.11.12 18:00,1.1614,1.1616,1.161,1.16105,1.159689,1.159824,1.15942,1.15942,0.00218,0.001176,0.00163
2025.11.12 19:00,1.16105,1.16115,1.16055,1.16075,1.159286,1.15942,1.158749,1.159017,0.002401,0.00113,0.001733
2025.11.12 20:00,1.1608,1.1612,1.16065,1.16105,1.158883,1.15942,1.158883,1.15942,0.002317,0.00123,0.00163
2025.11.12 21:00,1.16105,1.1615,1.1606,1.1614,1.159152,1.159689,1.158883,1.159689,0.002617,0.000911,0.001711
2025.11.12 23:00,1.1612,1.16145,1.16095,1.16105,1.159689,1.159689,1.15942,1.15942,0.00203,0.001261,0.00163
2025.11.13 00:00,1.1611,1.1611,1.15995,1.16,1.159555,1.159555,1.158346,1.158346,0.002754,0.000395,0.001654
2025.11.13 01:00,1.16,1.1609,1.15985,1.16085,1.158346,1.159286,1.158346,1.159286,0.002554,0.000564,0.001564
2025.11.13 02:00,1.1609,1.1612,1.1605,1.1609,1.159286,1.159555,1.158883,1.159286,0.002317,0.000945,0.001614
2025.11.13 03:00,1.1609,1.1611,1.16065,1.1609,1.159286,1.159555,1.159017,1.159286,0.002083,0.001095,0.001614
2025.11.13 04:00,1.1609,1.1611,1.16065,1.16095,1.159286,1.15942,1.159152,1.15942,0.001948,0.00123,0.00153
2025.11.13 05:00,1.16075,1.1608,1.15995,1.16015,1.15942,1.15942,1.15848,1.15848,0.00232,0.00053,0.00167
2025.11.13 06:00,1.1601,1.1605,1.16005,1.1605,1.15848,1.158883,1.15848,1.158883,0.00202,0.001167,0.001617
2025.11.13 07:00,1.16045,1.16315,1.1602,1.16305,1.158749,1.16144,1.158749,1.16144,0.004401,-0.00124,0.00161
2025.11.13 08:00,1.16305,1.1649,1.163,1.16475,1.16144,1.163061,1.161305,1.162926,0.003595,-6.1e-05,0.001824
2025.11.13 09:00,1.1648,1.16545,1.163,1.1636,1.163196,1.163738,1.16144,1.162115,0.00401,-0.000738,0.001485
2025.11.13 10:00,1.1636,1.16425,1.16305,1.16355,1.162115,1.162656,1.16144,1.16198,0.00281,0.000394,0.00157
2025.11.13 11:00,1.1635,1.164,1.16245,1.1626,1.16198,1.162385,1.160901,1.160901,0.003099,6.5e-05,0.001699
2025.11.13 12:00,1.1626,1.16425,1.16255,1.1642,1.161036,1.16252,1.161036,1.16252,0.003214,3e-05,0.00168
2025.11.13 13:00,1.16425,1.16445,1.1631,1.16395,1.162791,1.162791,1.161575,1.162385,0.002875,0.000309,0.001565
2025.11.13 14:00,1.164,1.1651,1.16365,1.16475,1.162385,1.163332,1.162115,1.162926,0.002985,0.000318,0.001824
2025.11.13 15:00,1.1647,1.1663,1.16425,1.16595,1.163061,1.164551,1.162656,1.16428,0.003644,-0.000301,0.00167
2025.11.13 16:00,1.16585,1.16685,1.1656,1.16685,1.16428,1.165094,1.164009,1.165094,0.002841,0.000506,0.001756
2025.11.13 17:00,1.1668,1.1676,1.16655,1.1671,1.16523,1.165773,1.165094,1.165501,0.002506,0.000777,0.001599
2025.11.13 18:00,1.16705,1.16715,1.16565,1.1658,1.165501,1.165501,1.164009,1.16428,0.003141,0.000149,0.00152
2025.11.13 19:00,1.16575,1.1661,1.16545,1.1655,1.164144,1.164415,1.163873,1.163873,0.002227,0.001034,0.001627
2025.11.13 20:00,1.1655,1.1659,1.1652,1.16525,1.163873,1.16428,1.163603,1.163603,0.002297,0.00092,0.001647
2025.11.13 21:00,1.16525,1.16575,1.165,1.16535,1.163603,1.164144,1.163467,1.163738,0.002283,0.000856,0.001612
2025.11.13 23:00,1.16535,1.1657,1.1642,1.1649,1.164144,1.164144,1.162656,1.163332,0.003044,5.6e-05,0.001568
2025.11.14 00:00,1.16485,1.16525,1.1646,1.16515,1.163332,1.163603,1.163061,1.163467,0.002189,0.000997,0.001683
2025.11.14 01:00,1.16515,1.1658,1.16485,1.16525,1.163603,1.164144,1.163467,1.163738,0.002333,0.000706,0.001512
2025.11.14 02:00,1.1652,1.16565,1.1649,1.1655,1.163738,1.164009,1.163332,1.163873,0.002318,0.000891,0.001627
2025.11.14 03:00,1.1655,1.1664,1.1654,1.1657,1.164009,1.164822,1.164009,1.164144,0.002391,0.000578,0.001556
2025.11.14 04:00,1.1657,1.1662,1.16565,1.1661,1.164144,1.164687,1.164144,1.164551,0.002056,0.000963,0.001549
2025.11.14 05:00,1.16605,1.1667,1.1658,1.16665,1.164551,1.165094,1.16428,1.164958,0.00242,0.000706,0.001692
2025.11.14 06:00,1.16665,1.16675,1.1652,1.16565,1.164958,1.16523,1.163738,1.164009,0.003012,-3e-05,0.001641
2025.11.14 07:00,1.1657,1.1665,1.1651,1.16515,1.16428,1.164822,1.163738,1.163738,0.002762,0.000278,0.001412
2025.11.14 08:00,1.1652,1.1656,1.1639,1.16485,1.163603,1.163873,1.162385,1.163467,0.003215,2.7e-05,0.001383
2025.11.14 09:00,1.1648,1.165,1.16395,1.16405,1.163196,1.163467,1.162385,1.16252,0.002615,0.000483,0.00153
2025.11.14 10:00,1.16405,1.16405,1.16315,1.16325,1.16252,1.16252,1.161575,1.16198,0.002475,0.00063,0.00127
2025.11.14 11:00,1.1632,1.16385,1.1628,1.1638,1.16171,1.16225,1.161305,1.16225,0.002545,0.00055,0.00155
2025.11.14 12:00,1.1638,1.16715,1.1636,1.16715,1.16225,1.165501,1.162115,1.165365,0.005035,-0.001901,0.001785
2025.11.14 13:00,1.1672,1.16725,1.1653,1.16565,1.165637,1.165637,1.163873,1.164144,0.003377,-0.000337,0.001506
2025.11.14 14:00,1.16565,1.16575,1.164,1.1642,1.164009,1.164144,1.162656,1.162791,0.003094,-0.000144,0.001409
2025.11.14 15:00,1.16415,1.1644,1.1625,1.16315,1.162656,1.162791,1.161036,1.161575,0.003364,-0.000291,0.001575
2025.11.14 16:00,1.1632,1.16415,1.1629,1.16355,1.161575,1.162656,1.161305,1.162115,0.002845,0.000244,0.001435
2025.11.14 17:00,1.16355,1.16365,1.16265,1.16325,1.16198,1.162115,1.16117,1.161845,0.00248,0.000535,0.001405
2025.11.14 18:00,1.1633,1.1637,1.16285,1.1635,1.161845,1.162115,1.161305,1.16198,0.002395,0.000735,0.00152
2025.11.14 19:00,1.16355,1.16385,1.16345,1.16365,1.16198,1.16225,1.16198,1.162115,0.00187,0.0012,0.001535
2025.11.14 20:00,1.1637,1.1642,1.1636,1.1639,1.162115,1.162656,1.16198,1.162385,0.00222,0.000944,0.001515
2025.11.14 21:00,1.16395,1.16425,1.16365,1.1637,1.162385,1.162656,1.162115,1.16252,0.002135,0.000994,0.00118
2025.11.17 00:00,1.1633,1.1633,1.1623,1.16245,1.161845,1.161845,1.160901,1.161036,0.002399,0.000455,0.001414
2025.11.17 01:00,1.1624,1.16285,1.16235,1.16245,1.160901,1.161305,1.160901,1.160901,0.001949,0.001045,0.001549
2025.11.17 02:00,1.16245,1.1625,1.16195,1.162,1.160901,1.160901,1.160497,1.160497,0.002003,0.001049,0.001503
2025.11.17 03:00,1.162,1.162,1.1614,1.1617,1.160497,1.160497,1.160093,1.160227,0.001907,0.000903,0.001473
2025.11.17 04:00,1.1617,1.1621,1.16155,1.1621,1.160227,1.160631,1.160093,1.160631,0.002007,0.000919,0.001469
2025.11.17 05:00,1.1621,1.1623,1.16175,1.16185,1.160766,1.160901,1.160362,1.160362,0.001938,0.000849,0.001488
2025.11.17 06:00,1.16185,1.16265,1.1613,1.16255,1.160362,1.16117,1.159824,1.16117,0.002826,0.000129,0.001379
2025.11.17 07:00,1.16255,1.1633,1.16245,1.16315,1.16117,1.161845,1.161036,1.161575,0.002264,0.000605,0.001575
2025.11.17 08:00,1.16315,1.1633,1.1617,1.16215,1.161575,1.161845,1.160227,1.160766,0.003073,-0.000145,0.001384
2025.11.17 09:00,1.16215,1.16225,1.1615,1.1619,1.160362,1.160631,1.160093,1.160362,0.002157,0.000869,0.001538
2025.11.17 10:00,1.16195,1.16265,1.1614,1.1615,1.160497,1.16117,1.159958,1.159958,0.002692,0.000229,0.001542
2025.11.17 11:00,1.16145,1.1621,1.16125,1.16195,1.159824,1.160631,1.159824,1.160497,0.002276,0.000619,0.001453
2025.11.17 12:00,1.1619,1.1623,1.1614,1.16165,1.160497,1.160766,1.159958,1.160227,0.002342,0.000634,0.001423
2025.11.17 13:00,1.1617,1.1618,1.16065,1.1609,1.160093,1.160227,1.159286,1.15942,0.002514,0.000423,0.00148
2025.11.17 14:00,1.1609,1.16135,1.1601,1.16035,1.159555,1.159824,1.158749,1.159017,0.002601,0.000276,0.001333
2025.11.17 15:00,1.16035,1.16165,1.15995,1.16155,1.158749,1.160093,1.158614,1.160093,0.003036,-0.000143,0.001457
2025.11.17 16:00,1.16155,1.16195,1.16115,1.1615,1.160093,1.160497,1.159824,1.160227,0.002126,0.000653,0.001273
2025.11.17 17:00,1.16155,1.1617,1.16095,1.16115,1.160093,1.160227,1.159555,1.159689,0.002145,0.000723,0.001461
2025.11.17 18:00,1.1612,1.1613,1.1606,1.1609,1.159689,1.159689,1.159152,1.15942,0.002148,0.000911,0.00148
2025.11.17 19:00,1.16085,1.1614,1.16015,1.16025,1.15942,1.159824,1.158749,1.158749,0.002651,0.000326,0.001501
2025.11.17 20:00,1.1602,1.1609,1.1601,1.16065,1.158614,1.15942,1.158614,1.159152,0.002286,0.00068,0.001498
2025.11.17 21:00,1.16065,1.16105,1.16055,1.161,1.159152,1.159689,1.159152,1.159689,0.001898,0.000861,0.001311
2025.11.17 23:00,1.16065,1.1612,1.16065,1.16075,1.159689,1.159689,1.159286,1.159286,0.001914,0.000961,0.001464
2025.11.18 00:00,1.1607,1.1607,1.16025,1.16045,1.159286,1.159286,1.158883,1.159017,0.001817,0.000964,0.001433
2025.11.18 01:00,1.16045,1.16105,1.1602,1.1608,1.159017,1.159689,1.158883,1.15942,0.002167,0.000511,0.00138
2025.11.18 02:00,1.1608,1.16115,1.16055,1.16105,1.15942,1.159824,1.159152,1.159689,0.001998,0.000726,0.001361
2025.11.18 03:00,1.16105,1.1613,1.1609,1.161,1.159689,1.159958,1.159555,1.159555,0.001745,0.000942,0.001445
2025.11.18 04:00,1.16095,1.1621,1.16065,1.1616,1.159555,1.160497,1.159286,1.160362,0.002814,0.000153,0.001238
2025.11.18 05:00,1.16155,1.16175,1.16125,1.16155,1.160362,1.160362,1.159958,1.160227,0.001792,0.000888,0.001323
2025.11.18 06:00,1.1615,1.16185,1.1611,1.16115,1.160093,1.160362,1.159689,1.159824,0.002161,0.000738,0.001326
2025.11.18 07:00,1.1612,1.16175,1.1608,1.16085,1.159958,1.160362,1.159555,1.159555,0.002195,0.000438,0.001295
2025.11.18 08:00,1.16085,1.1624,1.1607,1.16095,1.159555,1.161036,1.15942,1.159555,0.00298,-0.000336,0.001395
2025.11.18 09:00,1.1609,1.1613,1.1605,1.16065,1.159286,1.159824,1.159152,1.159286,0.002148,0.000676,0.001364
2025.11.18 10:00,1.1606,1.16085,1.15965,1.15995,1.159286,1.15942,1.15848,1.158614,0.00237,0.00023,0.001336
2025.11.18 11:00,1.15995,1.1606,1.15975,1.1602,1.158614,1.159152,1.158346,1.158883,0.002254,0.000598,0.001317
2025.11.18 12:00,1.1602,1.16105,1.16005,1.16095,1.158749,1.159555,1.158749,1.159555,0.002301,0.000495,0.001395
2025.11.18 13:00,1.16095,1.16195,1.1606,1.1614,1.159689,1.160497,1.159152,1.160093,0.002798,0.000103,0.001307
2025.11.18 14:00,1.16145,1.162,1.161,1.16175,1.160227,1.160497,1.159824,1.160362,0.002176,0.000503,0.001388
2025.11.18 15:00,1.1618,1.1625,1.1599,1.15995,1.160497,1.161036,1.15848,1.15848,0.00402,-0.001136,0.00147
2025.11.18 16:00,1.15995,1.16015,1.15895,1.1596,1.15848,1.158749,1.157675,1.158212,0.002475,0.000201,0.001388
2025.11.18 17:00,1.1596,1.1598,1.15885,1.1593,1.158212,1.158346,1.157541,1.157943,0.002259,0.000504,0.001356
2025.11.18 18:00,1.15925,1.1603,1.15925,1.1599,1.157943,1.158883,1.157809,1.15848,0.002491,0.000367,0.00142
2025.11.18 19:00,1.1599,1.1604,1.15975,1.1603,1.15848,1.159017,1.15848,1.158883,0.00192,0.000733,0.001417
2025.11.18 20:00,1.1603,1.1604,1.1596,1.1598,1.158883,1.159017,1.158212,1.158346,0.002188,0.000583,0.001454
2025.11.18 21:00,1.15975,1.1601,1.15955,1.1598,1.158346,1.158614,1.158212,1.15848,0.001888,0.000936,0.00132
2025.11.18 23:00,1.1597,1.15985,1.15945,1.15965,1.158346,1.15848,1.158078,1.158346,0.001772,0.00097,0.001304
2025.11.19 00:00,1.1597,1.1601,1.1595,1.1599,1.158346,1.158749,1.158212,1.158614,0.001888,0.000751,0.001286
2025.11.19 01:00,1.1599,1.16015,1.1593,1.15935,1.158614,1.158749,1.157943,1.158078,0.002207,0.000551,0.001272
2025.11.19 02:00,1.15935,1.15985,1.15895,1.15955,1.157943,1.15848,1.157675,1.158212,0.002175,0.00047,0.001338
2025.11.19 03:00,1.1595,1.16005,1.15935,1.16,1.158212,1.158749,1.158078,1.158614,0.001972,0.000601,0.001386
2025.11.19 04:00,1.16005,1.16005,1.15945,1.16,1.158749,1.158749,1.158078,1.158749,0.001972,0.000701,0.001251
2025.11.19 05:00,1.1601,1.1607,1.15995,1.16055,1.158883,1.159286,1.158749,1.159152,0.001951,0.000664,0.001398
2025.11.19 06:00,1.1606,1.1608,1.1603,1.16035,1.159286,1.159555,1.159017,1.159017,0.001783,0.000745,0.001333
2025.11.19 07:00,1.16035,1.1614,1.1594,1.1598,1.158883,1.159958,1.158078,1.158346,0.003322,-0.000558,0.001454
2025.11.19 08:00,1.15985,1.1606,1.15875,1.15905,1.159017,1.159152,1.157541,1.157675,0.003059,-0.000401,0.001375
2025.11.19 09:00,1.159,1.1597,1.1582,1.15895,1.157675,1.158346,1.157006,1.157809,0.002694,-0.000146,0.00114
2025.11.19 10:00,1.159,1.1594,1.1584,1.1586,1.157809,1.158078,1.15714,1.157274,0.00226,0.000322,0.001326
2025.11.19 11:00,1.15855,1.1604,1.1585,1.16035,1.157274,1.159017,1.157274,1.159017,0.003127,-0.000517,0.001333
2025.11.19 12:00,1.1603,1.1606,1.1593,1.15955,1.159152,1.159152,1.158078,1.158212,0.002522,0.000148,0.001338
2025.11.19 13:00,1.1595,1.1608,1.15875,1.159,1.158078,1.15942,1.157407,1.157675,0.003393,-0.00067,0.001325
2025.11.19 14:00,1.1589,1.1591,1.1571,1.1572,1.157675,1.157675,1.155936,1.155936,0.003164,-0.000575,0.001264
2025.11.19 15:00,1.15715,1.1573,1.15565,1.1563,1.156069,1.156069,1.154468,1.155001,0.002832,-0.000419,0.001299
2025.11.19 16:00,1.1563,1.1564,1.1551,1.1556,1.155001,1.155001,1.153802,1.154335,0.002598,9.9e-05,0.001265
2025.11.19 17:00,1.1556,1.1559,1.1542,1.1549,1.154468,1.154601,1.153004,1.153669,0.002896,-0.000401,0.001231
2025.11.19 18:00,1.155,1.1554,1.15455,1.1547,1.153536,1.153935,1.15327,1.153403,0.002131,0.000615,0.001297
2025.11.19 19:00,1.1547,1.1548,1.15345,1.15375,1.153136,1.15327,1.152206,1.152339,0.002594,0.00018,0.001411
2025.11.19 20:00,1.1538,1.1545,1.15365,1.1543,1.152472,1.153136,1.152472,1.153004,0.002028,0.000514,0.001296
2025.11.19 21:00,1.1543,1.1556,1.154,1.15535,1.152871,1.154201,1.152738,1.154201,0.002862,-0.000201,0.001149
2025.11.19 23:00,1.1554,1.1557,1.1551,1.1554,1.154335,1.154468,1.154068,1.154201,0.001632,0.000632,0.001199
2025.11.20 00:00,1.1554,1.1554,1.15435,1.1549,1.154068,1.154068,1.15327,1.153802,0.002131,0.000282,0.001098
2025.11.20 01:00,1.1549,1.155,1.1537,1.15375,1.153802,1.153802,1.152605,1.152605,0.002395,-0.000102,0.001145
2025.11.20 02:00,1.15375,1.15385,1.153,1.15345,1.152605,1.152605,1.151941,1.152339,0.001909,0.000395,0.001111
2025.11.20 03:00,1.15345,1.1537,1.1525,1.15285,1.152472,1.152605,1.15141,1.151676,0.00229,-0.000105,0.001174
2025.11.20 04:00,1.15285,1.1535,1.1528,1.15345,1.151676,1.152339,1.151676,1.152339,0.001824,0.000461,0.001111
2025.11.20 05:00,1.15315,1.15335,1.1529,1.15305,1.152206,1.152206,1.151808,1.151941,0.001542,0.000694,0.001109
2025.11.20 06:00,1.1529,1.1538,1.1528,1.15345,1.151808,1.152605,1.151808,1.152339,0.001992,0.000195,0.001111
2025.11.20 07:00,1.1534,1.15375,1.15295,1.15345,1.152074,1.152472,1.151941,1.152206,0.001809,0.000478,0.001244
2025.11.20 08:00,1.1534,1.1538,1.1526,1.1536,1.152339,1.152605,1.151543,1.152472,0.002257,-5e-06,0.001128
2025.11.20 09:00,1.15355,1.15425,1.1532,1.1542,1.152472,1.153136,1.152206,1.153136,0.002044,6.4e-05,0.001063
2025.11.20 10:00,1.15425,1.1544,1.1539,1.1542,1.153136,1.15327,1.152871,1.153004,0.001529,0.00063,0.001196
2025.11.20 11:00,1.15415,1.1542,1.1528,1.1529,1.153004,1.153004,1.151808,1.151808,0.002392,-0.000204,0.001092
2025.11.20 12:00,1.15285,1.1531,1.1522,1.1526,1.151808,1.151941,1.151145,1.15141,0.001955,0.000259,0.00119
2025.11.20 13:00,1.15255,1.1555,1.1511,1.15425,1.151543,1.154201,1.15141,1.153403,0.00409,-0.003101,0.000847
2025.11.20 14:00,1.1542,1.15645,1.1538,1.15495,1.153004,1.155268,1.152871,1.153802,0.003579,-0.001468,0.001148
2025.11.20 15:00,1.155,1.15515,1.1535,1.1542,1.153669,1.153802,1.152472,1.153004,0.002678,-0.000302,0.001196
2025.11.20 16:00,1.1542,1.15555,1.1542,1.15485,1.15327,1.154335,1.153136,1.153669,0.002414,-0.000135,0.001181
2025.11.20 17:00,1.1549,1.15525,1.15395,1.15435,1.153669,1.154068,1.152871,1.15327,0.002379,-0.000118,0.001081
2025.11.20 18:00,1.1543,1.1551,1.15415,1.1551,1.153136,1.153935,1.153004,1.153935,0.002096,0.000215,0.001165
2025.11.20 19:00,1.1551,1.15555,1.15505,1.1553,1.154068,1.154468,1.153935,1.154068,0.001615,0.000582,0.001232
2025.11.20 20:00,1.1553,1.1553,1.15405,1.1541,1.154201,1.154201,1.152871,1.153004,0.002429,-0.000151,0.001096
2025.11.20 21:00,1.15405,1.15435,1.1539,1.15415,1.153004,1.15327,1.152738,1.153136,0.001612,0.00063,0.001014
2025.11.20 23:00,1.15415,1.15485,1.15375,1.1548,1.153136,1.153802,1.152738,1.153669,0.002112,-5.2e-05,0.001131
2025.11.21 00:00,1.1548,1.155,1.15425,1.15495,1.153669,1.153935,1.153136,1.153802,0.001863,0.000315,0.001148
2025.11.21 01:00,1.1549,1.1552,1.15465,1.15465,1.153935,1.154201,1.153536,1.153669,0.001664,0.000449,0.000981
2025.11.21 02:00,1.1547,1.1553,1.15465,1.155,1.153669,1.154201,1.153669,1.153935,0.001631,0.000449,0.001065
2025.11.21 03:00,1.155,1.15515,1.1548,1.155,1.153935,1.154201,1.153802,1.154068,0.001348,0.000599,0.000932
2025.11.21 04:00,1.15505,1.1556,1.155,1.1552,1.153935,1.154468,1.153935,1.154201,0.001665,0.000532,0.000999
2025.11.21 05:00,1.1555,1.15555,1.1549,1.1549,1.154335,1.154468,1.153802,1.153802,0.001748,0.000432,0.001098
2025.11.21 06:00,1.15495,1.15605,1.15495,1.15555,1.153935,1.155001,1.153935,1.154468,0.002115,-5.1e-05,0.001082
2025.11.21 07:00,1.1555,1.15615,1.15525,1.1555,1.154335,1.155135,1.154335,1.154335,0.001815,0.000115,0.001166
2025.11.21 08:00,1.15555,1.15665,1.15485,1.1555,1.154335,1.155535,1.153802,1.154201,0.002848,-0.000685,0.001299
2025.11.21 09:00,1.15555,1.1557,1.1539,1.15395,1.154335,1.154601,1.152871,1.152871,0.002829,-0.000701,0.001079
2025.11.21 10:00,1.15395,1.15415,1.15265,1.1534,1.152871,1.153004,1.151676,1.152206,0.002474,-0.000354,0.001194
2025.11.21 11:00,1.15345,1.1537,1.1519,1.15205,1.152472,1.152605,1.15088,1.151013,0.00282,-0.000705,0.001037
2025.11.21 12:00,1.15195,1.154,1.1511,1.1539,1.151145,1.152871,1.150086,1.152738,0.003914,-0.001771,0.001162
2025.11.21 13:00,1.15385,1.1541,1.15295,1.15345,1.152738,1.152871,1.151941,1.152472,0.002159,7.9e-05,0.000978
2025.11.21 14:00,1.15345,1.15375,1.1519,1.1528,1.152339,1.152339,1.15088,1.151676,0.002869,-0.000439,0.001124
2025.11.21 15:00,1.1528,1.15375,1.1514,1.1517,1.151941,1.152472,1.150218,1.150616,0.003531,-0.001072,0.001084
2025.11.21 16:00,1.15165,1.1519,1.15045,1.15185,1.150483,1.150748,1.149425,1.150748,0.002475,-0.000298,0.001102
2025.11.21 17:00,1.1519,1.1527,1.15145,1.15215,1.151145,1.151543,1.150483,1.151013,0.002217,-9.3e-05,0.001137
2025.11.21 18:00,1.1521,1.1522,1.15155,1.1518,1.151013,1.151013,1.150616,1.15088,0.001584,0.000537,0.00092
2025.11.21 19:00,1.15185,1.1532,1.15185,1.1527,1.15088,1.152074,1.15088,1.151676,0.00232,-0.000224,0.001024
2025.11.21 20:00,1.1527,1.1532,1.1523,1.1532,1.151676,1.152074,1.151278,1.152074,0.001922,0.000226,0.001126
2025.11.21 21:00,1.15315,1.15345,1.15265,1.15275,1.152074,1.152472,1.151676,1.151676,0.001774,0.000178,0.001074
2025.11.24 00:00,1.15205,1.15215,1.1515,1.152,1.151145,1.151145,1.150616,1.151013,0.001534,0.000355,0.000987
2025.11.24 01:00,1.15205,1.15265,1.1518,1.1524,1.151145,1.151676,1.15088,1.15141,0.00177,0.000124,0.00099
2025.11.24 02:00,1.1524,1.15315,1.1524,1.1529,1.15141,1.152206,1.15141,1.151941,0.00174,0.000194,0.000959
2025.11.24 03:00,1.153,1.15325,1.1527,1.15295,1.152074,1.152206,1.151676,1.151941,0.001574,0.000494,0.001009
2025.11.24 04:00,1.15295,1.15355,1.15295,1.15345,1.152074,1.152472,1.151941,1.152472,0.001609,0.000478,0.000978
2025.11.24 05:00,1.1534,1.15415,1.1534,1.1536,1.152472,1.153136,1.152472,1.152605,0.001678,0.000263,0.000995
2025.11.24 06:00,1.1536,1.15405,1.15335,1.1534,1.152605,1.153004,1.152339,1.152472,0.001711,0.000346,0.000928
2025.11.24 07:00,1.1534,1.15355,1.15245,1.15255,1.152339,1.152605,1.151543,1.151543,0.002007,-0.000155,0.001007
2025.11.24 08:00,1.15255,1.1548,1.15225,1.15415,1.151941,1.153669,1.151941,1.15327,0.002859,-0.001419,0.00088
2025.11.24 09:00,1.1542,1.1548,1.1538,1.1543,1.153136,1.153669,1.152871,1.15327,0.001929,0.000131,0.00103
2025.11.24 10:00,1.1543,1.15555,1.1543,1.1554,1.153403,1.154468,1.153403,1.154335,0.002147,-0.000168,0.001065
2025.11.24 11:00,1.15545,1.15605,1.155,1.1559,1.154468,1.155001,1.153935,1.154868,0.002115,-1e-06,0.001032
2025.11.24 12:00,1.1559,1.15635,1.15495,1.1561,1.154868,1.155268,1.154068,1.155001,0.002282,-0.000318,0.001099
2025.11.24 13:00,1.1561,1.1563,1.1551,1.1552,1.155135,1.155268,1.154068,1.154201,0.002232,-0.000168,0.000999
2025.11.24 14:00,1.1552,1.1554,1.15395,1.154,1.154335,1.154468,1.153004,1.153004,0.002396,-0.000518,0.000996
2025.11.24 15:00,1.15405,1.15435,1.153,1.1542,1.153004,1.15327,1.152206,1.15327,0.002144,-0.00027,0.00093
2025.11.24 16:00,1.15425,1.1544,1.15305,1.1531,1.153403,1.153403,1.152206,1.152206,0.002194,-0.000353,0.000894
2025.11.24 17:00,1.1531,1.15335,1.15245,1.15315,1.152206,1.152339,1.151543,1.152206,0.001807,0.000111,0.000944
2025.11.24 18:00,1.15315,1.15415,1.15305,1.1541,1.152074,1.153136,1.152074,1.153136,0.002076,-8.7e-05,0.000963
2025.11.24 19:00,1.15415,1.15425,1.15365,1.15415,1.153004,1.15327,1.152605,1.153136,0.001645,0.000381,0.001014
2025.11.24 20:00,1.15405,1.1542,1.1535,1.1535,1.152871,1.153136,1.152605,1.152605,0.001595,0.000363,0.000895
2025.11.24 21:00,1.1536,1.1537,1.1532,1.15335,1.152605,1.152605,1.152339,1.152339,0.001361,0.000595,0.001011
2025.11.24 23:00,1.15355,1.15365,1.15305,1.1532,1.152605,1.152738,1.152206,1.152206,0.001444,0.000312,0.000994
2025.11.25 00:00,1.15325,1.15355,1.1531,1.15355,1.152339,1.152738,1.152206,1.152738,0.001344,0.000362,0.000812
2025.11.25 01:00,1.1535,1.1542,1.1534,1.1538,1.152738,1.15327,1.152605,1.152871,0.001595,0.00013,0.000929
2025.11.25 02:00,1.1538,1.154,1.15345,1.154,1.153004,1.153136,1.152605,1.153136,0.001395,0.000314,0.000864
2025.11.25 03:00,1.15405,1.1542,1.1529,1.153,1.153403,1.153403,1.152074,1.152206,0.002126,-0.000503,0.000794
2025.11.25 04:00,1.15295,1.15295,1.1526,1.15265,1.152074,1.152074,1.151808,1.151808,0.001142,0.000526,0.000842
2025.11.25 05:00,1.15275,1.153,1.15235,1.1529,1.151808,1.152074,1.151543,1.152074,0.001457,0.000276,0.000826
2025.11.25 06:00,1.15285,1.15335,1.1527,1.15305,1.152074,1.152472,1.151808,1.152339,0.001542,0.000228,0.000711
2025.11.25 07:00,1.1531,1.1542,1.153,1.15345,1.152472,1.153403,1.152339,1.152472,0.001861,-0.000403,0.000978
2025.11.25 08:00,1.1535,1.1546,1.15325,1.1541,1.152605,1.153669,1.152472,1.153403,0.002128,-0.000419,0.000697
2025.11.25 09:00,1.15405,1.15485,1.1539,1.1546,1.153403,1.153935,1.153136,1.153802,0.001714,-3.5e-05,0.000798
2025.11.25 10:00,1.15455,1.1553,1.15445,1.15505,1.153669,1.154601,1.153536,1.154201,0.001764,-0.000151,0.000849
2025.11.25 11:00,1.15505,1.15505,1.15365,1.15385,1.154335,1.154335,1.152871,1.153004,0.002179,-0.000684,0.000846
2025.11.25 12:00,1.15385,1.1569,1.15375,1.15565,1.153004,1.155402,1.152871,1.154734,0.004029,-0.001652,0.000916
2025.11.25 13:00,1.1557,1.15785,1.15545,1.15705,1.155001,1.156337,1.154601,1.156203,0.003249,-0.000887,0.000847
2025.11.25 14:00,1.15705,1.1584,1.15645,1.1579,1.156337,1.157407,1.155535,1.15714,0.002865,-0.000957,0.00076
2025.11.25 15:00,1.15795,1.1596,1.15735,1.15745,1.15714,1.158749,1.156604,1.156604,0.002996,-0.001399,0.000846
2025.11.25 16:00,1.15745,1.1584,1.1562,1.1565,1.156604,1.157407,1.155402,1.155535,0.002998,-0.001207,0.000965
2025.11.25 17:00,1.1565,1.1596,1.15645,1.1595,1.156738,1.158614,1.156203,1.158614,0.003397,-0.002164,0.000886
2025.11.25 18:00,1.15945,1.15985,1.1589,1.1592,1.158749,1.158883,1.158212,1.158346,0.001638,1.7e-05,0.000854
2025.11.25 19:00,1.15915,1.15975,1.1586,1.1596,1.158346,1.158749,1.157809,1.158749,0.00194,-0.000149,0.000851
2025.11.25 20:00,1.15955,1.15965,1.157,1.1577,1.158749,1.158749,1.156203,1.156872,0.003447,-0.001749,0.000828
2025.11.25 21:00,1.15765,1.1596,1.15765,1.1596,1.156872,1.157541,1.156872,1.157274,0.002728,0.000109,0.002326
2025.11.25 23:00,1.1582,1.1585,1.1576,1.15765,1.157274,1.157541,1.156738,1.156738,0.001762,5.9e-05,0.000912
2025.11.26 00:00,1.1577,1.15845,1.1575,1.15805,1.156872,1.157541,1.156738,1.15714,0.001712,-4.1e-05,0.00091
2025.11.26 01:00,1.15805,1.1595,1.1577,1.1589,1.157407,1.158614,1.156872,1.158078,0.002628,-0.000914,0.000822
2025.11.26 02:00,1.1589,1.1599,1.15865,1.15935,1.157943,1.159017,1.157943,1.158614,0.001956,-0.000367,0.000736
2025.11.26 03:00,1.15935,1.1604,1.1593,1.1603,1.15848,1.159555,1.15848,1.15942,0.00192,-0.000255,0.00088
2025.11.26 04:00,1.16025,1.1604,1.15945,1.1595,1.15942,1.15942,1.158614,1.158749,0.001786,3e-05,0.000751
2025.11.26 05:00,1.15985,1.1603,1.15945,1.1603,1.158614,1.15942,1.158614,1.15942,0.001686,3e-05,0.00088
2025.11.26 06:00,1.16025,1.16085,1.1596,1.15985,1.159286,1.159958,1.158749,1.159017,0.002101,-0.000358,0.000833
2025.11.26 07:00,1.1599,1.16045,1.1587,1.15915,1.159152,1.159555,1.158078,1.158212,0.002372,-0.000855,0.000938
2025.11.26 08:00,1.15915,1.1593,1.15775,1.1584,1.158346,1.158346,1.157006,1.157407,0.002294,-0.000596,0.000993
2025.11.26 09:00,1.1584,1.15915,1.158,1.15835,1.157541,1.158346,1.157274,1.157541,0.001876,-0.000346,0.000809
2025.11.26 10:00,1.1584,1.159,1.15805,1.15855,1.157675,1.158078,1.157274,1.157675,0.001727,-2.8e-05,0.000875
2025.11.26 11:00,1.15855,1.1593,1.15805,1.1586,1.157541,1.158078,1.15714,1.157809,0.00216,-2.8e-05,0.00079
2025.11.26 12:00,1.1586,1.15925,1.1581,1.15845,1.157541,1.158346,1.157274,1.157407,0.001976,-0.000246,0.001043
2025.11.26 13:00,1.15845,1.15965,1.15605,1.15645,1.157541,1.158749,1.155268,1.155535,0.004382,-0.002699,0.000915
2025.11.26 14:00,1.1564,1.1594,1.15595,1.1591,1.155268,1.15848,1.155135,1.158212,0.004265,-0.00253,0.000888
2025.11.26 15:00,1.15905,1.1607,1.159,1.16015,1.158346,1.159689,1.158346,1.159286,0.002354,-0.000689,0.000864
2025.11.26 16:00,1.1601,1.16135,1.1601,1.16025,1.159555,1.160362,1.15942,1.15942,0.00193,-0.000262,0.00083
2025.11.26 17:00,1.1603,1.1606,1.1597,1.1605,1.159286,1.159689,1.158883,1.159689,0.001717,1.1e-05,0.000811
2025.11.26 18:00,1.1605,1.1608,1.1601,1.1606,1.159555,1.159958,1.159286,1.159689,0.001514,0.000142,0.000911
2025.11.26 19:00,1.16055,1.16085,1.16025,1.16055,1.159689,1.159958,1.15942,1.159824,0.00143,0.000292,0.000726
2025.11.26 20:00,1.16055,1.16095,1.16045,1.16065,1.159555,1.160093,1.159555,1.159689,0.001395,0.000357,0.000961
2025.11.26 21:00,1.16065,1.16095,1.16055,1.1607,1.159689,1.160093,1.159689,1.159824,0.001261,0.000457,0.000876
2025.11.26 23:00,1.1604,1.16125,1.16035,1.16125,1.160093,1.160497,1.159958,1.160497,0.001292,-0.000147,0.000753
2025.11.27 00:00,1.1612,1.16155,1.161,1.16125,1.160497,1.160766,1.160362,1.160631,0.001188,0.000234,0.000619
2025.11.27 01:00,1.1612,1.1623,1.1611,1.1619,1.160631,1.161575,1.160497,1.16117,0.001803,-0.000475,0.00073
2025.11.27 02:00,1.162,1.16235,1.16105,1.1614,1.161305,1.16171,1.160631,1.160631,0.001719,-0.00066,0.000769
2025.11.27 03:00,1.16135,1.16165,1.16105,1.16125,1.160766,1.160901,1.160362,1.160631,0.001288,0.000149,0.000619
2025.11.27 04:00,1.1612,1.16155,1.16105,1.16105,1.160631,1.160901,1.160362,1.160362,0.001188,0.000149,0.000688
2025.12.01 00:00,1.161,1.16155,1.1606,1.16115,1.160497,1.161036,1.160227,1.160631,0.001323,-0.000436,0.000519
2025.12.01 01:00,1.16115,1.1625,1.16095,1.16135,1.160631,1.161845,1.160497,1.160901,0.002003,-0.000895,0.000449
2025.12.01 02:00,1.1614,1.16145,1.16015,1.1603,1.160766,1.160901,1.159689,1.159958,0.001761,-0.000751,0.000342
2025.12.01 03:00,1.1603,1.1606,1.15975,1.16055,1.159824,1.160093,1.159286,1.159958,0.001314,-0.000343,0.000592
2025.12.01 04:00,1.16055,1.1611,1.1603,1.1608,1.160093,1.160631,1.159824,1.160227,0.001276,-0.000331,0.000573
2025.12.01 05:00,1.1607,1.161,1.16035,1.16065,1.160227,1.160497,1.159824,1.160093,0.001176,-0.000147,0.000557
2025.12.01 06:00,1.1606,1.16075,1.1599,1.16045,1.160093,1.160093,1.15942,1.159958,0.00133,-0.000193,0.000492
2025.12.01 07:00,1.1605,1.16215,1.1604,1.1616,1.160227,1.161575,1.159958,1.161305,0.002192,-0.001175,0.000295
2025.12.01 08:00,1.16155,1.1631,1.16125,1.1622,1.160901,1.16252,1.160901,1.16171,0.002199,-0.00127,0.00049
2025.12.01 09:00,1.1622,1.1632,1.1622,1.1631,1.161845,1.162656,1.161845,1.162656,0.001355,-0.000456,0.000444
2025.12.01 10:00,1.1631,1.1637,1.16275,1.16365,1.16252,1.163196,1.16225,1.162926,0.00145,-0.000446,0.000724
2025.12.01 11:00,1.1636,1.1641,1.1633,1.16365,1.163061,1.163467,1.162791,1.163061,0.001309,-0.000167,0.000589
2025.12.01 12:00,1.16365,1.1658,1.1635,1.16575,1.163061,1.16523,1.163061,1.16523,0.002739,-0.00173,0.00052
2025.12.01 13:00,1.1658,1.16615,1.1648,1.16535,1.16523,1.165501,1.16428,1.164958,0.00187,-0.000701,0.000392
2025.12.01 14:00,1.16535,1.1654,1.1639,1.1642,1.164822,1.164822,1.163467,1.163603,0.001933,-0.000922,0.000597
2025.12.01 15:00,1.1642,1.1651,1.16315,1.16375,1.164009,1.16428,1.162656,1.163332,0.002444,-0.00113,0.000418
2025.12.01 16:00,1.16375,1.1643,1.16295,1.1631,1.163332,1.163738,1.16252,1.162656,0.00178,-0.000788,0.000444
2025.12.01 17:00,1.16315,1.16375,1.16265,1.163,1.162656,1.163196,1.162385,1.162385,0.001365,-0.000546,0.000615
2025.12.01 18:00,1.16295,1.1632,1.16205,1.1621,1.162385,1.162656,1.161575,1.161575,0.001625,-0.000606,0.000525
2025.12.01 19:00,1.162,1.1621,1.16155,1.1617,1.16144,1.161575,1.161036,1.16117,0.001064,-2.5e-05,0.00053
2025.12.01 20:00,1.16175,1.1619,1.1615,1.16185,1.161305,1.161305,1.161036,1.16117,0.000864,0.000195,0.000679
2025.12.01 21:00,1.1618,1.16195,1.16165,1.1618,1.16144,1.16144,1.16117,1.161305,0.00078,0.00021,0.000495
2025.12.01 23:00,1.1617,1.16185,1.16145,1.1615,1.161305,1.161305,1.161036,1.161036,0.000814,0.000145,0.000464
2025.12.02 00:00,1.1615,1.16175,1.1612,1.16135,1.161036,1.161305,1.160766,1.160901,0.000984,-0.000105,0.000449
2025.12.02 01:00,1.1614,1.16195,1.16115,1.16165,1.160901,1.161305,1.160766,1.161305,0.001184,-0.000155,0.000345
2025.12.02 02:00,1.1617,1.162,1.1617,1.16195,1.161305,1.161575,1.161305,1.16144,0.000695,0.000125,0.00051
2025.12.02 03:00,1.162,1.16205,1.1617,1.16195,1.16144,1.161575,1.161305,1.161575,0.000745,0.000125,0.000375
2025.12.02 04:00,1.16205,1.1622,1.1617,1.16175,1.161575,1.16171,1.161305,1.161305,0.000895,-1e-05,0.000445
2025.12.02 05:00,1.16165,1.1619,1.1615,1.1618,1.161305,1.16144,1.161036,1.161305,0.000864,6e-05,0.000495
2025.12.02 06:00,1.1618,1.16195,1.1613,1.16175,1.161305,1.16144,1.160901,1.161305,0.001049,-0.00014,0.000445
2025.12.02 07:00,1.1618,1.1624,1.1617,1.16205,1.16117,1.16198,1.16117,1.161575,0.00123,-0.00028,0.000475
2025.12.02 08:00,1.1621,1.16245,1.1617,1.16185,1.16171,1.16198,1.161305,1.161305,0.001145,-0.00028,0.000545
2025.12.02 09:00,1.16185,1.1622,1.161,1.16175,1.16144,1.16171,1.160766,1.16144,0.001434,-0.00071,0.00031
2025.12.02 10:00,1.16185,1.16205,1.16065,1.16145,1.161305,1.161305,1.160362,1.161036,0.001688,-0.000655,0.000414
2025.12.02 11:00,1.16145,1.1621,1.16115,1.162,1.161036,1.161575,1.160766,1.16144,0.001334,-0.000425,0.00056
2025.12.02 12:00,1.16195,1.1627,1.16155,1.1626,1.16144,1.16225,1.16117,1.162115,0.00153,-0.0007,0.000485
2025.12.02 13:00,1.1626,1.16275,1.1619,1.16255,1.162115,1.16225,1.16144,1.16198,0.00131,-0.00035,0.00057
2025.12.02 14:00,1.16255,1.1631,1.1621,1.16255,1.162115,1.162656,1.16171,1.162115,0.00139,-0.000556,0.000435
2025.12.02 15:00,1.16255,1.16265,1.16015,1.16145,1.162115,1.162115,1.159824,1.160901,0.002826,-0.001965,0.000549
2025.12.02 16:00,1.16135,1.1618,1.1599,1.16035,1.161036,1.16117,1.159689,1.159689,0.002111,-0.001271,0.000661
2025.12.02 17:00,1.16035,1.1616,1.1601,1.1615,1.159958,1.16117,1.159689,1.161036,0.001911,-0.00107,0.000464
2025.12.02 18:00,1.16155,1.16215,1.1614,1.16165,1.16117,1.16171,1.160901,1.16117,0.001249,-0.00031,0.000479
2025.12.02 19:00,1.1617,1.1633,1.16165,1.16285,1.161305,1.162791,1.161305,1.162656,0.001995,-0.001141,0.000194
2025.12.02 20:00,1.16285,1.1634,1.1628,1.1632,1.16252,1.162926,1.162385,1.162791,0.001015,-0.000126,0.000409
2025.12.02 21:00,1.1632,1.1635,1.16295,1.1633,1.162656,1.162926,1.16252,1.162791,0.00098,2.4e-05,0.000509
2025.12.02 23:00,1.1633,1.16365,1.16315,1.16355,1.162791,1.163196,1.162791,1.163196,0.000859,-4.6e-05,0.000354
2025.12.03 00:00,1.1636,1.16405,1.16355,1.16385,1.163196,1.163603,1.163196,1.163467,0.000854,-5.3e-05,0.000383
2025.12.03 01:00,1.16385,1.16455,1.16385,1.16445,1.163467,1.164144,1.163467,1.164009,0.001083,-0.000294,0.000441
2025.12.03 02:00,1.16445,1.16465,1.1643,1.16455,1.164009,1.16428,1.163873,1.164144,0.000777,2e-05,0.000406
2025.12.03 03:00,1.16455,1.1647,1.16445,1.16455,1.164144,1.16428,1.164009,1.164144,0.000691,0.00017,0.000406
2025.12.03 04:00,1.16455,1.16495,1.1644,1.1648,1.164144,1.164551,1.164009,1.164415,0.000941,-0.000151,0.000385
2025.12.03 05:00,1.16505,1.1651,1.16485,1.165,1.164415,1.164822,1.164415,1.164551,0.000684,2.8e-05,0.000449
2025.12.03 06:00,1.16505,1.16555,1.1649,1.16505,1.164551,1.165094,1.164551,1.164687,0.000999,-0.000194,0.000363
2025.12.03 07:00,1.1651,1.16605,1.1647,1.16485,1.164822,1.165637,1.16428,1.164415,0.00177,-0.000937,0.000435
2025.12.03 08:00,1.1649,1.1653,1.1643,1.16515,1.164415,1.164822,1.163873,1.164822,0.001427,-0.000522,0.000328
2025.12.03 09:00,1.1652,1.16555,1.16475,1.1653,1.164822,1.16523,1.164415,1.165094,0.001135,-0.00048,0.000206
2025.12.03 10:00,1.1653,1.1671,1.1652,1.16675,1.164958,1.166725,1.164958,1.166453,0.002142,-0.001525,0.000297
2025.12.03 11:00,1.16685,1.16735,1.16625,1.1673,1.166453,1.166861,1.165909,1.166861,0.001441,-0.000611,0.000439
2025.12.03 12:00,1.1673,1.16775,1.16695,1.1671,1.166861,1.16727,1.166589,1.166589,0.001161,-0.00032,0.000511
2025.12.03 13:00,1.16705,1.16845,1.16695,1.1674,1.166589,1.167815,1.166589,1.166997,0.001861,-0.000865,0.000403
2025.12.03 14:00,1.1674,1.1674,1.1663,1.167,1.166997,1.166997,1.166045,1.166045,0.001355,-0.000697,0.000955
2025.12.03 15:00,1.16695,1.16755,1.16605,1.16675,1.166181,1.167133,1.165909,1.166453,0.001641,-0.001083,0.000297
2025.12.03 16:00,1.16675,1.16735,1.1666,1.1667,1.166317,1.166861,1.166181,1.166317,0.001169,-0.000261,0.000383
2025.12.03 17:00,1.1667,1.16785,1.16645,1.1677,1.166317,1.167406,1.166045,1.16727,0.001805,-0.000956,0.00043
2025.12.03 18:00,1.16765,1.1683,1.16755,1.16795,1.16727,1.167815,1.16727,1.167542,0.00103,-0.000265,0.000408
2025.12.03 19:00,1.16795,1.1685,1.1679,1.168,1.167542,1.168088,1.167542,1.167679,0.000958,-0.000188,0.000321
2025.12.03 20:00,1.168,1.168,1.16725,1.16735,1.167542,1.167679,1.166861,1.166861,0.001139,-0.000429,0.000489
2025.12.03 21:00,1.16735,1.16805,1.1672,1.16805,1.166997,1.167406,1.166725,1.167406,0.001325,-0.000206,0.000644
2025.12.03 23:00,1.1677,1.1678,1.1669,1.1672,1.167542,1.167542,1.166725,1.166997,0.001075,-0.000642,0.000203
2025.12.04 00:00,1.1672,1.16725,1.16645,1.1668,1.166861,1.166861,1.166317,1.166453,0.000933,-0.000411,0.000347
2025.12.04 01:00,1.16685,1.167,1.16645,1.16685,1.166589,1.166861,1.166317,1.166725,0.000683,-0.000411,0.000125
2025.12.04 02:00,1.16685,1.1669,1.16645,1.16655,1.166589,1.166725,1.166317,1.166317,0.000583,-0.000275,0.000233
2025.12.04 03:00,1.1665,1.1665,1.16585,1.16615,1.166317,1.166317,1.165773,1.165909,0.000727,-0.000467,0.000241
2025.12.04 04:00,1.1661,1.1664,1.1661,1.16625,1.165909,1.166317,1.165909,1.166045,0.000491,-0.000217,0.000205
2025.12.04 05:00,1.16635,1.16675,1.1662,1.1665,1.166045,1.166589,1.166045,1.166181,0.000705,-0.000389,0.000319
2025.12.04 06:00,1.1665,1.16655,1.16585,1.16635,1.166317,1.166317,1.165637,1.166181,0.000913,-0.000467,0.000169
2025.12.04 07:00,1.1664,1.1671,1.16605,1.1671,1.166317,1.166861,1.165909,1.166861,0.001191,-0.000811,0.000239
2025.12.04 08:00,1.1671,1.16875,1.1669,1.16825,1.166861,1.168497,1.166861,1.168224,0.001889,-0.001597,2.6e-05
2025.12.04 09:00,1.1682,1.1686,1.1679,1.1683,1.168088,1.16877,1.167679,1.168224,0.000921,-0.00087,7.6e-05
2025.12.04 10:00,1.1683,1.16855,1.16695,1.16725,1.168224,1.168224,1.166725,1.166997,0.001825,-0.001274,0.000253
2025.12.04 11:00,1.1672,1.16865,1.16705,1.16855,1.166997,1.168361,1.166997,1.168361,0.001653,-0.001311,0.000189
2025.12.04 12:00,1.16855,1.16865,1.16705,1.16755,1.168361,1.168497,1.166861,1.16727,0.001789,-0.001447,0.00028
2025.12.04 13:00,1.16755,1.1677,1.16575,1.1671,1.16727,1.167406,1.166181,1.166725,0.001519,-0.001656,0.000375
2025.12.04 14:00,1.1671,1.16825,1.16695,1.16755,1.166861,1.167951,1.166861,1.167406,0.001389,-0.001001,0.000144
2025.12.04 15:00,1.1675,1.16805,1.16635,1.1679,1.16727,1.167815,1.166181,1.167679,0.001869,-0.001465,0.000221
2025.12.04 16:00,1.1679,1.1679,1.1659,1.1664,1.167406,1.167406,1.165773,1.166317,0.002127,-0.001506,8.3e-05
2025.12.04 17:00,1.1664,1.16655,1.16585,1.16615,1.166181,1.166317,1.165637,1.166045,0.000913,-0.000467,0.000105
2025.12.04 18:00,1.16615,1.1665,1.1659,1.16595,1.165909,1.166317,1.165773,1.165773,0.000727,-0.000417,0.000177
2025.12.04 19:00,1.16595,1.16605,1.16555,1.16585,1.165773,1.165909,1.165365,1.165637,0.000685,-0.000359,0.000213
2025.12.04 20:00,1.1658,1.1658,1.16465,1.165,1.165365,1.165501,1.164415,1.164687,0.001384,-0.000851,0.000313
2025.12.04 21:00,1.1649,1.1651,1.1646,1.1649,1.164687,1.164958,1.164551,1.164822,0.000549,-0.000358,7.8e-05
2025.12.04 23:00,1.1649,1.16495,1.16455,1.1648,1.164687,1.164687,1.164415,1.164551,0.000535,-0.000137,0.000249
2025.12.05 00:00,1.16485,1.1655,1.16485,1.16545,1.164822,1.165365,1.164822,1.165365,0.000678,-0.000515,8.5e-05
2025.12.05 01:00,1.1655,1.1658,1.16545,1.1658,1.165365,1.165773,1.165365,1.165637,0.000435,-0.000323,0.000163
2025.12.05 02:00,1.16585,1.1659,1.1656,1.1657,1.165773,1.165773,1.165501,1.165501,0.000399,-0.000173,0.000199
2025.12.05 03:00,1.16565,1.16565,1.1651,1.1654,1.165501,1.165501,1.164958,1.16523,0.000692,-0.000401,0.00017
2025.12.05 04:00,1.1654,1.1659,1.1654,1.1658,1.16523,1.165773,1.16523,1.165637,0.00067,-0.000373,0.000163
2025.12.05 05:00,1.1659,1.16635,1.1658,1.16635,1.165637,1.166317,1.165637,1.166317,0.000713,-0.000517,3.3e-05
2025.12.05 06:00,1.16635,1.1666,1.166,1.1664,1.166181,1.166453,1.165909,1.166317,0.000691,-0.000453,8.3e-05
2025.12.05 07:00,1.16645,1.16765,1.1663,1.1668,1.166453,1.167542,1.166317,1.166589,0.001333,-0.001242,0.000211
2025.12.05 08:00,1.1668,1.1669,1.1657,1.16585,1.166317,1.166725,1.165637,1.165773,0.001263,-0.001025,7.7e-05
2025.12.05 09:00,1.16585,1.166,1.1653,1.16585,1.165637,1.165773,1.16523,1.165773,0.00077,-0.000473,7.7e-05
2025.12.05 10:00,1.16585,1.16615,1.16525,1.16555,1.165909,1.166589,1.164687,1.165501,0.001463,-0.001339,4.9e-05
2025.12.05 11:00,1.16555,1.1657,1.1646,1.1651,1.165365,1.165501,1.164551,1.164958,0.001149,-0.000901,0.000142
2025.12.05 12:00,1.1651,1.1658,1.16485,1.1657,1.165094,1.165637,1.164822,1.165501,0.000978,-0.000787,0.000199
2025.12.05 13:00,1.16565,1.16585,1.1648,1.16565,1.165501,1.165637,1.164822,1.165501,0.001028,-0.000837,0.000149
2025.12.05 14:00,1.16565,1.1665,1.16505,1.1655,1.165637,1.166317,1.165094,1.165365,0.001406,-0.001267,0.000135
2025.12.05 15:00,1.16555,1.16635,1.16485,1.1653,1.165501,1.166181,1.164551,1.165094,0.001799,-0.001331,0.000206
2025.12.05 16:00,1.16525,1.1654,1.1633,1.1639,1.165094,1.16523,1.163196,1.163873,0.002204,-0.00193,2.7e-05
2025.12.05 17:00,1.16385,1.16485,1.16375,1.16485,1.163738,1.164687,1.163603,1.164687,0.001247,-0.000937,0.000163
2025.12.05 18:00,1.1649,1.1653,1.1647,1.16475,1.164687,1.16523,1.164551,1.164551,0.000749,-0.00053,0.000199
2025.12.05 19:00,1.16475,1.1649,1.16445,1.1648,1.164551,1.164822,1.164415,1.164687,0.000484,-0.000372,0.000113
2025.12.05 20:00,1.16475,1.16495,1.1645,1.1649,1.164551,1.164687,1.164415,1.164687,0.000535,-0.000187,0.000213
2025.12.05 21:00,1.1649,1.16515,1.16445,1.1648,1.164822,1.164958,1.164415,1.164551,0.000735,-0.000508,0.000249
2025.12.08 00:00,1.1645,1.1656,1.1644,1.1656,1.164415,1.165365,1.164415,1.165365,0.001184,-0.000965,0.000235
2025.12.08 01:00,1.16555,1.1657,1.16495,1.1656,1.165501,1.165637,1.164958,1.165365,0.000742,-0.000687,0.000235
2025.12.08 02:00,1.16565,1.16585,1.1653,1.1658,1.165501,1.165773,1.16523,1.165773,0.00062,-0.000473,2.7e-05
2025.12.08 03:00,1.16585,1.16595,1.16535,1.16545,1.165773,1.165909,1.165365,1.165365,0.000585,-0.000559,8.5e-05
2025.12.08 04:00,1.16545,1.16595,1.1654,1.16585,1.165365,1.165909,1.165365,1.165773,0.000585,-0.000509,7.7e-05
2025.12.08 05:00,1.1659,1.16605,1.1657,1.166,1.165773,1.165909,1.165637,1.165909,0.000413,-0.000209,9.1e-05
2025.12.08 06:00,1.16605,1.1676,1.16605,1.16645,1.165909,1.167406,1.165909,1.166453,0.001691,-0.001356,-3e-06
2025.12.08 07:00,1.16655,1.1672,1.16595,1.16625,1.166589,1.167133,1.165909,1.166045,0.001291,-0.001184,0.000205
2025.12.08 08:00,1.16625,1.16665,1.16525,1.166,1.166181,1.166725,1.16523,1.165909,0.00142,-0.001475,9.1e-05
2025.12.08 09:00,1.166,1.16615,1.1652,1.16525,1.165909,1.166045,1.164822,1.164822,0.001328,-0.000845,0.000428
2025.12.08 10:00,1.16525,1.166,1.16515,1.16545,1.165094,1.166453,1.165094,1.165501,0.000906,-0.001303,-5.1e-05
2025.12.08 11:00,1.16545,1.16575,1.1651,1.16545,1.165365,1.166453,1.165094,1.165501,0.000656,-0.001353,-5.1e-05
2025.12.08 12:00,1.16545,1.1658,1.16515,1.16575,1.165365,1.166045,1.165094,1.165637,0.000706,-0.000895,0.000113
2025.12.08 13:00,1.16575,1.16615,1.16495,1.16525,1.165773,1.166453,1.164958,1.165094,0.001192,-0.001503,0.000156
2025.12.08 14:00,1.1653,1.1659,1.1642,1.16445,1.16523,1.165773,1.164144,1.164687,0.001756,-0.001573,-0.000237
2025.12.08 15:00,1.16435,1.1644,1.16215,1.16295,1.16428,1.16428,1.162115,1.162791,0.002285,-0.00213,0.000159
2025.12.08 16:00,1.16295,1.1633,1.16205,1.1629,1.162791,1.163196,1.16198,1.162791,0.00132,-0.001146,0.000109
2025.12.08 17:00,1.1629,1.1643,1.1624,1.1643,1.162791,1.164144,1.162385,1.164144,0.001915,-0.001744,0.000156
2025.12.08 18:00,1.16435,1.1646,1.16385,1.1641,1.16428,1.164822,1.163873,1.164009,0.000727,-0.000972,9.1e-05
2025.12.08 19:00,1.16415,1.1646,1.16405,1.1644,1.164009,1.164551,1.164009,1.16428,0.000591,-0.000501,0.00012
2025.12.08 20:00,1.16435,1.1646,1.16415,1.16425,1.16428,1.164551,1.164144,1.164144,0.000456,-0.000401,0.000106
2025.12.08 21:00,1.1642,1.1643,1.1639,1.16415,1.164144,1.164551,1.163061,1.164009,0.001239,-0.000651,0.000141
2025.12.08 23:00,1.16415,1.16445,1.164,1.1644,1.164009,1.164415,1.164009,1.164415,0.000441,-0.000415,-1.5e-05
2025.12.09 00:00,1.1644,1.16465,1.164,1.1642,1.164415,1.16523,1.164009,1.164144,0.000641,-0.00123,5.6e-05
2025.12.09 01:00,1.1642,1.1651,1.16395,1.16505,1.164144,1.165094,1.164009,1.164958,0.001091,-0.001144,9.2e-05
2025.12.09 02:00,1.16505,1.1652,1.16475,1.16495,1.164958,1.165501,1.164687,1.164958,0.000513,-0.000751,-8e-06
2025.12.09 03:00,1.16495,1.1652,1.16475,1.16495,1.164958,1.165094,1.164551,1.164958,0.000649,-0.000344,-8e-06
2025.12.09 04:00,1.16495,1.16505,1.16475,1.16505,1.164958,1.16523,1.164687,1.164958,0.000363,-0.00048,9.2e-05
2025.12.09 05:00,1.1649,1.1654,1.1649,1.1653,1.165094,1.165365,1.164822,1.165365,0.000578,-0.000465,-6.5e-05
2025.12.09 06:00,1.16525,1.16525,1.16455,1.16475,1.16523,1.16523,1.164687,1.164687,0.000563,-0.00068,6.3e-05
2025.12.09 07:00,1.1648,1.16495,1.1642,1.1643,1.164687,1.164958,1.164144,1.164415,0.000806,-0.000758,-0.000116
2025.12.09 08:00,1.1644,1.16535,1.16375,1.16485,1.164415,1.16523,1.163738,1.164958,0.001612,-0.00148,-0.000108
2025.12.09 09:00,1.16485,1.1661,1.16475,1.16555,1.164822,1.165909,1.164822,1.165637,0.001278,-0.001159,-8.7e-05
2025.12.09 10:00,1.1656,1.16575,1.1644,1.1648,1.165637,1.165773,1.164415,1.164822,0.001335,-0.001373,-2.2e-05
2025.12.09 11:00,1.16485,1.1651,1.16415,1.1647,1.164822,1.165094,1.164144,1.164687,0.000956,-0.000944,1.3e-05
2025.12.09 12:00,1.1647,1.16475,1.16375,1.16415,1.164687,1.164687,1.163873,1.16428,0.000877,-0.000937,-0.00013
2025.12.09 13:00,1.16415,1.1643,1.16325,1.1638,1.164144,1.16428,1.163332,1.163873,0.000968,-0.00103,-7.3e-05
2025.12.09 14:00,1.16375,1.1642,1.16315,1.16415,1.163738,1.164144,1.163196,1.164144,0.001004,-0.000994,6e-06
2025.12.09 15:00,1.1641,1.16425,1.1618,1.16325,1.162791,1.163873,1.16198,1.163196,0.00227,-0.002073,5.4e-05
2025.12.09 16:00,1.1632,1.1645,1.1632,1.1642,1.163196,1.16428,1.163196,1.164144,0.001304,-0.00108,5.6e-05
2025.12.09 17:00,1.1642,1.1643,1.16255,1.16275,1.164144,1.164144,1.16252,1.162656,0.00178,-0.001594,9.4e-05
2025.12.09 18:00,1.1628,1.16285,1.162,1.16275,1.162791,1.162791,1.162115,1.162791,0.000735,-0.000791,-4.1e-05
2025.12.09 19:00,1.1628,1.16335,1.16255,1.16325,1.162791,1.163332,1.16252,1.163061,0.00083,-0.000782,0.000189
2025.12.09 20:00,1.16325,1.16355,1.163,1.163,1.163196,1.163467,1.163061,1.163061,0.000489,-0.000467,-6.1e-05
2025.12.09 21:00,1.16305,1.16325,1.1627,1.16285,1.163061,1.163332,1.162791,1.163061,0.000459,-0.000632,-0.000211
2025.12.09 23:00,1.1629,1.16315,1.16275,1.1631,1.162926,1.163196,1.162926,1.163196,0.000224,-0.000446,-9.6e-05
2025.12.10 00:00,1.1631,1.16315,1.1627,1.1629,1.163196,1.163196,1.162791,1.162926,0.000359,-0.000496,-2.6e-05
2025.12.10 01:00,1.16295,1.16315,1.1625,1.1627,1.163061,1.163196,1.162656,1.162791,0.000494,-0.000696,-9.1e-05
2025.12.10 02:00,1.1627,1.1631,1.1626,1.1627,1.162656,1.163196,1.162656,1.162656,0.000444,-0.000596,4.4e-05
2025.12.10 03:00,1.1627,1.163,1.16245,1.1629,1.162656,1.163061,1.16252,1.162926,0.00048,-0.000611,-2.6e-05
2025.12.10 04:00,1.16295,1.16325,1.1628,1.1631,1.163061,1.163196,1.162926,1.163061,0.000324,-0.000396,3.9e-05
2025.12.10 05:00,1.163,1.1634,1.16295,1.16325,1.163061,1.163467,1.163061,1.163332,0.000339,-0.000517,-8.2e-05
2025.12.10 06:00,1.1633,1.16385,1.1632,1.1638,1.163332,1.163873,1.163196,1.163873,0.000654,-0.000673,-7.3e-05
2025.12.10 07:00,1.16385,1.16525,1.16375,1.1651,1.163873,1.16523,1.163873,1.16523,0.001377,-0.00148,-0.00013
2025.12.10 08:00,1.1651,1.16605,1.16465,1.1656,1.165094,1.166045,1.164822,1.165637,0.001228,-0.001395,-3.7e-05
2025.12.10 09:00,1.1655,1.16565,1.16385,1.16395,1.165637,1.165637,1.163873,1.164009,0.001777,-0.001787,-5.9e-05
2025.12.10 10:00,1.1639,1.16425,1.16305,1.1637,1.163873,1.16428,1.163061,1.163738,0.001189,-0.00123,-3.8e-05
2025.12.10 11:00,1.16375,1.16415,1.16325,1.16375,1.163873,1.164144,1.163467,1.163738,0.000683,-0.000894,1.2e-05
2025.12.10 12:00,1.1638,1.1645,1.1636,1.1642,1.163873,1.164551,1.163603,1.16428,0.000897,-0.000951,-8e-05
2025.12.10 13:00,1.1642,1.16445,1.16305,1.1643,1.164415,1.164415,1.163196,1.164415,0.001254,-0.001365,-0.000116
2025.12.10 14:00,1.1643,1.1648,1.1637,1.16465,1.164415,1.164822,1.163738,1.164822,0.001062,-0.001122,-0.000172
2025.12.10 15:00,1.16465,1.1654,1.1637,1.1645,1.164687,1.165365,1.163873,1.164551,0.001527,-0.001665,-5.1e-05
2025.12.10 16:00,1.16445,1.16525,1.164,1.16525,1.164551,1.16523,1.164144,1.16523,0.001106,-0.00123,2e-05
2025.12.10 17:00,1.16525,1.1663,1.16485,1.16615,1.165365,1.166317,1.164958,1.166181,0.001342,-0.001467,-3.1e-05
2025.12.10 18:00,1.16615,1.1664,1.16565,1.1658,1.166181,1.166317,1.165773,1.165909,0.000627,-0.000667,-0.000109
2025.12.10 19:00,1.1659,1.16855,1.164,1.1681,1.165501,1.168361,1.16523,1.168361,0.00332,-0.004361,-0.000261
2025.12.10 20:00,1.1681,1.1703,1.16765,1.16965,1.168088,1.170275,1.167815,1.169727,0.002485,-0.002625,-7.7e-05
2025.12.10 21:00,1.16965,1.1699,1.16925,1.16985,1.169727,1.169864,1.169317,1.169864,0.000583,-0.000614,-1.4e-05
2025.12.10 23:00,1.1698,1.1704,1.1696,1.17025,1.169727,1.170686,1.169727,1.170412,0.000673,-0.001086,-0.000162
2025.12.11 00:00,1.1703,1.1706,1.1698,1.1703,1.170549,1.170823,1.170138,1.170549,0.000462,-0.001023,-0.000249
2025.12.11 01:00,1.17035,1.17085,1.1702,1.1703,1.170549,1.17096,1.170412,1.170412,0.000438,-0.00076,-0.000112
2025.12.11 02:00,1.17035,1.17075,1.16945,1.16955,1.170549,1.17096,1.169727,1.169727,0.001023,-0.00151,-0.000178
2025.12.11 03:00,1.16955,1.1699,1.16915,1.1692,1.169864,1.170001,1.169454,1.169591,0.000446,-0.000851,-0.000391
2025.12.11 04:00,1.1692,1.1693,1.16865,1.1692,1.169454,1.169454,1.168907,1.169454,0.000393,-0.000804,-0.000254
2025.12.11 05:00,1.16915,1.16915,1.1686,1.16865,1.169454,1.169591,1.168907,1.168907,0.000243,-0.000991,-0.000257
2025.12.11 06:00,1.1687,1.1691,1.16835,1.169,1.16877,1.169317,1.168634,1.169317,0.000466,-0.000967,-0.000317
2025.12.11 07:00,1.169,1.1702,1.1689,1.16945,1.169317,1.170275,1.16918,1.169727,0.00102,-0.001375,-0.000277
2025.12.11 08:00,1.1695,1.17075,1.16945,1.16985,1.169727,1.17096,1.169727,1.170138,0.001023,-0.00151,-0.000288
2025.12.11 09:00,1.1699,1.1705,1.16885,1.1703,1.170138,1.170549,1.169044,1.170412,0.001456,-0.001699,-0.000112
2025.12.11 10:00,1.1704,1.1709,1.17005,1.17085,1.170549,1.171097,1.170412,1.171097,0.000488,-0.001047,-0.000247
2025.12.11 11:00,1.1708,1.1719,1.1707,1.17145,1.17096,1.172058,1.17096,1.171646,0.00094,-0.001358,-0.000196
2025.12.11 12:00,1.1714,1.1721,1.1711,1.17175,1.171646,1.172196,1.171372,1.172058,0.000728,-0.001096,-0.000308
2025.12.11 13:00,1.1718,1.1738,1.17145,1.1732,1.172058,1.173985,1.171783,1.173434,0.002017,-0.002535,-0.000234
2025.12.11 14:00,1.1732,1.17495,1.17315,1.17395,1.173571,1.175088,1.173434,1.174398,0.001516,-0.001938,-0.000448
2025.12.11 15:00,1.1739,1.17585,1.17325,1.17575,1.173985,1.176055,1.173709,1.176055,0.002141,-0.002805,-0.000305
2025.12.11 16:00,1.17575,1.1761,1.17475,1.17565,1.176055,1.176332,1.17495,1.175779,0.00115,-0.001582,-0.000129
2025.12.11 17:00,1.17565,1.1764,1.1751,1.17565,1.175917,1.176471,1.175364,1.175779,0.001036,-0.001371,-0.000129
2025.12.11 18:00,1.17565,1.17605,1.17525,1.17545,1.175779,1.176194,1.175503,1.175641,0.000547,-0.000944,-0.000191
2025.12.11 19:00,1.17545,1.17545,1.17415,1.1742,1.175641,1.175779,1.174398,1.174398,0.001052,-0.001629,-0.000198
2025.12.11 20:00,1.1742,1.1747,1.1738,1.17425,1.17426,1.17495,1.174122,1.174398,0.000578,-0.00115,-0.000148
2025.12.11 21:00,1.17425,1.17445,1.17375,1.17375,1.174398,1.174674,1.174122,1.174122,0.000328,-0.000924,-0.000372
2025.12.11 23:00,1.17385,1.17425,1.17375,1.17415,1.17426,1.174536,1.174122,1.17426,0.000128,-0.000786,-0.00011
2025.12.12 00:00,1.17425,1.1745,1.174,1.17415,1.174536,1.174812,1.174398,1.174398,0.000102,-0.000812,-0.000248
2025.12.12 01:00,1.17415,1.1747,1.17335,1.17355,1.174398,1.17495,1.173571,1.173847,0.001129,-0.0016,-0.000297
2025.12.12 02:00,1.1736,1.17385,1.1732,1.17365,1.173847,1.174122,1.173571,1.173985,0.000279,-0.000922,-0.000335
2025.12.12 03:00,1.1735,1.1738,1.1734,1.17355,1.173985,1.174122,1.173709,1.173847,9.1e-05,-0.000722,-0.000297
2025.12.12 04:00,1.1735,1.1736,1.17325,1.1733,1.173847,1.173847,1.173571,1.173571,2.9e-05,-0.000597,-0.000271
2025.12.12 05:00,1.1734,1.174,1.1734,1.1739,1.173571,1.17426,1.173571,1.17426,0.000429,-0.00086,-0.00036
2025.12.12 06:00,1.17395,1.1742,1.17345,1.17395,1.17426,1.174536,1.173709,1.174122,0.000491,-0.001086,-0.000172
2025.12.12 07:00,1.1739,1.1743,1.17365,1.1738,1.174122,1.174674,1.173985,1.174122,0.000315,-0.001024,-0.000322
2025.12.12 08:00,1.17385,1.1794,1.1729,1.17295,1.174122,1.174536,1.173434,1.173434,0.005966,-0.001636,-0.000484
2025.12.12 09:00,1.17815,1.17885,1.17275,1.17865,1.17302,1.173847,1.17302,1.173571,0.00583,-0.001097,0.005079
2025.12.12 10:00,1.17865,1.17865,1.1725,1.1781,1.173571,1.173571,1.172883,1.17302,0.005767,-0.001071,0.00508
2025.12.12 11:00,1.17805,1.1783,1.1723,1.178,1.17302,1.173158,1.172608,1.17302,0.005692,-0.000858,0.004979
2025.12.12 12:00,1.17265,1.17815,1.172,1.17785,1.172883,1.17302,1.172333,1.172745,0.005817,-0.00102,0.005105
2025.12.12 13:00,1.1726,1.1789,1.17245,1.1781,1.172883,1.173847,1.172883,1.17302,0.006017,-0.001397,0.00508
2025.12.12 14:00,1.17805,1.1797,1.17245,1.17955,1.17302,1.174674,1.172745,1.174536,0.006955,-0.002224,0.005014
2025.12.12 15:00,1.1795,1.17985,1.17305,1.17915,1.174536,1.174812,1.173434,1.173985,0.006416,-0.001762,0.005165
2025.12.12 16:00,1.1791,1.1797,1.1728,1.17845,1.17426,1.174674,1.17302,1.173434,0.00668,-0.001874,0.005016
2025.12.12 17:00,1.17845,1.18015,1.1731,1.1801,1.173434,1.175226,1.173434,1.175226,0.006716,-0.002126,0.004874
2025.12.12 18:00,1.18015,1.1803,1.17415,1.1742,1.175088,1.175364,1.174536,1.174536,0.005764,-0.001214,-0.000336
2025.12.12 19:00,1.17945,1.17945,1.1736,1.1794,1.174398,1.174398,1.173985,1.174398,0.005466,-0.000798,0.005002
2025.12.12 20:00,1.1796,1.18,1.1738,1.1793,1.174536,1.17495,1.17426,1.17426,0.00574,-0.00115,0.00504
2025.12.12 21:00,1.1793,1.1798,1.17395,1.1742,1.17426,1.174812,1.17426,1.174536,0.00554,-0.000862,-0.000336
2025.12.15 00:00,1.179,1.179,1.17295,1.1787,1.174122,1.174122,1.173158,1.173709,0.005842,-0.001172,0.004991
2025.12.15 01:00,1.17865,1.1795,1.17305,1.17945,1.173709,1.174536,1.173296,1.174398,0.006204,-0.001486,0.005052
2025.12.15 02:00,1.1795,1.1798,1.17385,1.17945,1.174536,1.174812,1.174122,1.174536,0.005678,-0.000962,0.004914
2025.12.15 03:00,1.17945,1.1798,1.1738,1.17875,1.174536,1.174812,1.173571,1.173709,0.006229,-0.001012,0.005041
2025.12.15 04:00,1.1787,1.17885,1.1735,1.1786,1.173709,1.173847,1.173571,1.173571,0.005279,-0.000347,0.005029
2025.12.15 05:00,1.17855,1.17885,1.1785,1.17875,1.173571,1.173847,1.173571,1.173847,0.005279,0.004653,0.004903
2025.12.15 06:00,1.17875,1.1789,1.1733,1.1788,1.173847,1.173985,1.173434,1.173985,0.005466,-0.000684,0.004815
2025.12.15 07:00,1.17885,1.1791,1.17275,1.17815,1.173985,1.174122,1.173158,1.173158,0.005942,-0.001372,0.004992
2025.12.15 08:00,1.1781,1.17915,1.1727,1.1784,1.173296,1.174122,1.17302,1.173571,0.00613,-0.001422,0.004829
2025.12.15 09:00,1.1784,1.17965,1.1736,1.17955,1.173434,1.174674,1.173434,1.174674,0.006216,-0.001074,0.004876
2025.12.15 10:00,1.1796,1.1799,1.17405,1.1795,1.174674,1.17495,1.17426,1.174674,0.00564,-0.0009,0.004826
2025.12.15 11:00,1.17955,1.18025,1.17435,1.18015,1.174536,1.175364,1.174536,1.175226,0.005714,-0.001014,0.004924
2025.12.15 12:00,1.1801,1.1812,1.1749,1.18055,1.175226,1.176194,1.175226,1.175641,0.005974,-0.001294,0.004909
2025.12.15 13:00,1.1806,1.1813,1.175,1.18,1.175779,1.176332,1.175088,1.175226,0.006212,-0.001332,0.004774
2025.12.15 14:00,1.17995,1.1817,1.17455,1.1816,1.17495,1.176609,1.174812,1.176609,0.006888,-0.002059,0.004991
2025.12.15 15:00,1.18165,1.18215,1.1763,1.1816,1.176747,1.177163,1.175917,1.176609,0.006233,-0.000863,0.004991
2025.12.15 16:00,1.1816,1.18175,1.1805,1.1808,1.176609,1.176747,1.175641,1.175917,0.006109,0.003753,0.004883
2025.12.15 17:00,1.1808,1.18085,1.17975,1.17985,1.175917,1.175917,1.174812,1.17495,0.006038,0.003833,0.0049
2025.12.15 18:00,1.17985,1.1801,1.1792,1.1796,1.17495,1.175226,1.17426,1.174674,0.00584,0.003974,0.004926
2025.12.15 19:00,1.1796,1.1803,1.1791,1.1802,1.174674,1.175364,1.17426,1.175364,0.00604,0.003736,0.004836
2025.12.15 20:00,1.1802,1.1805,1.18005,1.1804,1.175226,1.175503,1.175088,1.175503,0.005412,0.004547,0.004897
2025.12.15 21:00,1.18035,1.18075,1.18015,1.1805,1.175503,1.175641,1.175226,1.175641,0.005524,0.004509,0.004859
2025.12.15 23:00,1.1805,1.1808,1.1805,1.1806,1.175641,1.175917,1.175641,1.175779,0.005159,0.004583,0.004821
2025.12.16 00:00,1.1806,1.18105,1.1801,1.1802,1.175641,1.176194,1.175226,1.175226,0.005824,0.003906,0.004974
2025.12.16 01:00,1.1802,1.18075,1.17995,1.18045,1.175364,1.175779,1.175088,1.175364,0.005662,0.004171,0.005086
2025.12.16 02:00,1.18045,1.18085,1.18025,1.18085,1.175503,1.176055,1.175364,1.175917,0.005486,0.004195,0.004933
2025.12.16 03:00,1.18085,1.18115,1.18025,1.1804,1.175917,1.176332,1.175364,1.175503,0.005786,0.003918,0.004897
2025.12.16 04:00,1.18045,1.18065,1.1802,1.18035,1.175503,1.175779,1.175364,1.175503,0.005286,0.004421,0.004847
2025.12.16 05:00,1.18045,1.18065,1.18015,1.18025,1.175503,1.175779,1.175364,1.175364,0.005286,0.004371,0.004886
2025.12.16 06:00,1.1803,1.1806,1.17985,1.1805,1.175364,1.175641,1.175088,1.175641,0.005512,0.004209,0.004859
2025.12.16 07:00,1.18045,1.18065,1.1797,1.18045,1.175779,1.175779,1.17495,1.175364,0.0057,0.003921,0.005086
2025.12.16 08:00,1.18045,1.18185,1.1799,1.1807,1.175641,1.176747,1.175088,1.175779,0.006762,0.003153,0.004921
2025.12.16 09:00,1.1806,1.18135,1.1802,1.1808,1.175779,1.176471,1.175364,1.176055,0.005986,0.003729,0.004745
2025.12.16 10:00,1.18085,1.18135,1.18055,1.1809,1.176194,1.176471,1.175779,1.176055,0.005571,0.004079,0.004845
2025.12.16 11:00,1.1809,1.1815,1.18035,1.1815,1.176055,1.176609,1.175641,1.176609,0.005859,0.003741,0.004891
2025.12.16 12:00,1.18155,1.18305,1.1813,1.183,1.176747,1.177995,1.176471,1.177995,0.00658,0.003305,0.005005
2025.12.16 13:00,1.183,1.1848,1.1809,1.18275,1.178134,1.179384,1.176194,1.177718,0.008606,0.001516,0.005032
2025.12.16 14:00,1.18275,1.1853,1.1821,1.18515,1.177856,1.180359,1.17744,1.180359,0.00786,0.001741,0.004791
2025.12.16 15:00,1.18515,1.18565,1.18195,1.18225,1.18022,1.180638,1.177302,1.177302,0.008348,0.001312,0.004948
2025.12.16 16:00,1.1822,1.1828,1.18135,1.18215,1.177302,1.177995,1.176609,1.177163,0.006191,0.003355,0.004987
2025.12.16 17:00,1.1821,1.18305,1.1815,1.18165,1.177163,1.178134,1.176609,1.176747,0.006441,0.003366,0.004903
2025.12.16 18:00,1.1816,1.1816,1.17975,1.1805,1.176747,1.176747,1.17495,1.175641,0.00665,0.003003,0.004859
2025.12.16 19:00,1.1805,1.18145,1.17855,1.181,1.175503,1.176609,1.174398,1.176194,0.007052,0.001941,0.004806
2025.12.16 20:00,1.181,1.1815,1.17985,1.18,1.176194,1.176609,1.175088,1.175226,0.006412,0.003241,0.004774
2025.12.16 21:00,1.17995,1.18035,1.1798,1.17985,1.175226,1.175364,1.17495,1.175088,0.0054,0.004436,0.004762
2025.12.16 23:00,1.18005,1.18025,1.18,1.1801,1.175226,1.175641,1.175226,1.175226,0.005024,0.004359,0.004874
2025.12.17 00:00,1.1801,1.1803,1.1797,1.18015,1.175226,1.175503,1.17495,1.175364,0.00535,0.004197,0.004786
2025.12.17 01:00,1.1801,1.18035,1.17965,1.17985,1.175364,1.175503,1.17495,1.175088,0.0054,0.004147,0.004762
2025.12.17 02:00,1.1799,1.17995,1.17885,1.1791,1.17495,1.175088,1.174122,1.174398,0.005828,0.003762,0.004702
2025.12.17 03:00,1.1791,1.17915,1.1788,1.17905,1.174398,1.174398,1.174122,1.17426,0.005028,0.004402,0.00479
2025.12.17 04:00,1.17905,1.1791,1.1779,1.1782,1.17426,1.17426,1.173158,1.173434,0.005942,0.00364,0.004766
2025.12.17 05:00,1.17805,1.1782,1.1776,1.17805,1.173296,1.173434,1.172883,1.173158,0.005317,0.004166,0.004892
2025.12.17 06:00,1.17805,1.1782,1.1758,1.17615,1.173296,1.173434,1.171097,1.171097,0.007103,0.002366,0.005053
2025.12.17 07:00,1.1762,1.17645,1.1754,1.1764,1.171097,1.171646,1.170823,1.171646,0.005627,0.003754,0.004754
2025.12.17 08:00,1.1764,1.1772,1.1757,1.17695,1.171783,1.172333,1.17096,1.172196,0.00624,0.003367,0.004754
2025.12.17 09:00,1.17695,1.17715,1.1763,1.1767,1.172196,1.172333,1.171509,1.172058,0.005641,0.003967,0.004642
2025.12.17 10:00,1.17675,1.17765,1.1764,1.17765,1.171921,1.172883,1.171646,1.172883,0.006004,0.003517,0.004767
2025.12.17 11:00,1.1776,1.17785,1.1759,1.176,1.172883,1.17302,1.171097,1.171372,0.006753,0.00288,0.004628
2025.12.17 12:00,1.17605,1.17785,1.176,1.17775,1.171234,1.172883,1.171234,1.172745,0.006616,0.003117,0.005005
2025.12.17 13:00,1.1778,1.17845,1.1771,1.17835,1.17302,1.173571,1.17247,1.173571,0.00598,0.003529,0.004779
2025.12.17 14:00,1.1783,1.1796,1.17795,1.1792,1.173571,1.174812,1.173158,1.174536,0.006442,0.003138,0.004664
2025.12.17 15:00,1.17925,1.18095,1.17915,1.18045,1.174398,1.176055,1.174398,1.175779,0.006552,0.003095,0.004671
2025.12.17 16:00,1.1804,1.18075,1.17965,1.1798,1.175641,1.175917,1.17495,1.175088,0.0058,0.003733,0.004712
2025.12.17 17:00,1.1798,1.18055,1.1796,1.18005,1.175088,1.175779,1.175088,1.175088,0.005462,0.003821,0.004962
2025.12.17 18:00,1.1801,1.18065,1.17935,1.1795,1.175226,1.175779,1.174536,1.174674,0.006114,0.003571,0.004826
2025.12.17 19:00,1.17955,1.17985,1.17925,1.17965,1.174812,1.175088,1.174536,1.174812,0.005314,0.004162,0.004838
2025.12.17 20:00,1.17965,1.17975,1.17895,1.1791,1.174812,1.17495,1.17426,1.17426,0.00549,0.004,0.00484
2025.12.17 21:00,1.17905,1.17925,1.179,1.1792,1.17426,1.174536,1.17426,1.174398,0.00499,0.004464,0.004802
2025.12.17 23:00,1.17895,1.17925,1.17895,1.1791,1.174398,1.174674,1.174398,1.174536,0.004852,0.004276,0.004564
2025.12.18 00:00,1.1791,1.17955,1.17895,1.17935,1.174536,1.17495,1.174398,1.174812,0.005152,0.004,0.004538
2025.12.18 01:00,1.1793,1.17945,1.1785,1.1788,1.174812,1.174812,1.173985,1.173985,0.005466,0.003688,0.004815
2025.12.18 02:00,1.1788,1.17925,1.17865,1.17905,1.174398,1.174674,1.173985,1.174398,0.005265,0.003976,0.004652
2025.12.18 03:00,1.179,1.17915,1.17865,1.1789,1.174398,1.174536,1.174122,1.17426,0.005028,0.004114,0.00464
2025.12.18 04:00,1.1789,1.1792,1.1788,1.17915,1.17426,1.174536,1.174122,1.174536,0.005078,0.004264,0.004614
2025.12.18 13:00,1.1765,1.1812,1.1764,1.17965,1.171646,1.176332,1.171646,1.175088,0.009554,6.8e-05,0.004562
2025.12.18 14:00,1.1796,1.1805,1.1782,1.1784,1.175088,1.175779,1.173847,1.173847,0.006653,0.002421,0.004553
2025.12.18 15:00,1.1784,1.17895,1.1765,1.17765,1.173847,1.174398,1.172058,1.17302,0.006892,0.002102,0.004629
2025.12.18 16:00,1.1777,1.1795,1.1775,1.1777,1.17302,1.17495,1.172883,1.173158,0.006617,0.00255,0.004542
2025.12.18 17:00,1.17775,1.1778,1.17645,1.1768,1.173158,1.173158,1.171921,1.172333,0.005879,0.003292,0.004467
2025.12.18 18:00,1.17685,1.1774,1.17645,1.1769,1.172333,1.172745,1.171921,1.17247,0.005479,0.003705,0.00443
2025.12.18 19:00,1.1769,1.1777,1.17675,1.17745,1.172333,1.17302,1.172196,1.172883,0.005504,0.003729,0.004567
2025.12.18 20:00,1.1774,1.1777,1.17695,1.17715,1.172883,1.173158,1.17247,1.17247,0.00523,0.003792,0.00468
2025.12.18 21:00,1.17715,1.17745,1.17705,1.1774,1.17247,1.172883,1.17247,1.172745,0.00498,0.004167,0.004655
2025.12.18 23:00,1.1775,1.17765,1.17725,1.17735,1.17302,1.173158,1.172745,1.172883,0.004905,0.004092,0.004467
2025.12.19 00:00,1.17735,1.1775,1.17705,1.1775,1.172883,1.17302,1.172608,1.17302,0.004892,0.00403,0.00448
2025.12.19 01:00,1.17745,1.1777,1.1769,1.1773,1.17302,1.173158,1.17247,1.172745,0.00523,0.003742,0.004555
2025.12.19 02:00,1.1773,1.1777,1.177,1.1771,1.172883,1.173158,1.17247,1.172608,0.00523,0.003842,0.004492
2025.12.19 03:00,1.1771,1.1774,1.17665,1.17695,1.172608,1.172883,1.172196,1.17247,0.005204,0.003767,0.00448
2025.12.19 04:00,1.17695,1.17715,1.17635,1.1766,1.17247,1.172608,1.171921,1.172058,0.005229,0.003742,0.004542
2025.12.19 05:00,1.1768,1.1769,1.1767,1.17685,1.172058,1.17247,1.172058,1.172333,0.004842,0.00423,0.004517
2025.12.19 06:00,1.17685,1.17705,1.17605,1.17685,1.172333,1.17247,1.171646,1.172333,0.005404,0.00358,0.004517
2025.12.19 07:00,1.1768,1.1769,1.17515,1.1756,1.172333,1.172333,1.170823,1.17096,0.006077,0.002817,0.00464
2025.12.19 08:00,1.17565,1.1765,1.1755,1.1761,1.171234,1.171921,1.171097,1.171783,0.005403,0.003579,0.004317
2025.12.19 09:00,1.1761,1.17665,1.17575,1.1761,1.171646,1.172058,1.171234,1.171509,0.005416,0.003692,0.004591
2025.12.19 10:00,1.17605,1.17665,1.17575,1.1765,1.171646,1.172058,1.171372,1.171921,0.005278,0.003692,0.004579
2025.12.19 11:00,1.1765,1.1766,1.1756,1.176,1.171921,1.172058,1.171234,1.171646,0.005365,0.003542,0.004354
2025.12.19 12:00,1.17595,1.1764,1.1756,1.1759,1.171372,1.171921,1.171234,1.171372,0.005165,0.003679,0.004528
2025.12.19 13:00,1.1759,1.1768,1.1751,1.17675,1.171234,1.172196,1.170686,1.172196,0.006114,0.002904,0.004554
2025.12.19 14:00,1.1768,1.1787,1.1768,1.17755,1.172333,1.174122,1.172333,1.17302,0.006367,0.002678,0.004529
2025.12.19 15:00,1.1776,1.1777,1.1758,1.17585,1.17302,1.173158,1.171372,1.171372,0.006328,0.002642,0.004478
2025.12.19 16:00,1.17585,1.17695,1.1757,1.17695,1.171372,1.172333,1.171234,1.172333,0.005715,0.003367,0.004617
2025.12.19 17:00,1.17695,1.177,1.17625,1.1768,1.17247,1.17247,1.171783,1.172196,0.005217,0.00378,0.004604
2025.12.19 18:00,1.1768,1.1776,1.1767,1.17685,1.172196,1.17302,1.172196,1.172333,0.005404,0.00368,0.004517
2025.12.19 19:00,1.17685,1.1774,1.17655,1.1772,1.172333,1.172745,1.172058,1.172745,0.005342,0.003805,0.004455
2025.12.19 20:00,1.1772,1.17745,1.17555,1.17585,1.172745,1.172883,1.171234,1.171372,0.006215,0.002667,0.004478
2025.12.19 21:00,1.1759,1.17625,1.17545,1.1757,1.171372,1.171646,1.171097,1.171234,0.005153,0.003804,0.004465
2025.12.22 00:00,1.1758,1.17645,1.1758,1.1764,1.171372,1.171921,1.171372,1.171921,0.005078,0.003879,0.004479
2025.12.22 01:00,1.1764,1.17675,1.17615,1.17655,1.172058,1.172333,1.171646,1.172058,0.005104,0.003817,0.004492
2025.12.22 02:00,1.1766,1.17675,1.1763,1.17645,1.172196,1.172333,1.171921,1.172058,0.004829,0.003967,0.004392
2025.12.22 03:00,1.1764,1.1766,1.1762,1.1766,1.171921,1.172196,1.171783,1.172196,0.004817,0.004004,0.004404
2025.12.22 04:00,1.1766,1.177,1.17645,1.17685,1.172058,1.17247,1.172058,1.172333,0.004942,0.00398,0.004517
2025.12.22 05:00,1.1768,1.177,1.1764,1.17655,1.172333,1.17247,1.171921,1.172058,0.005079,0.00393,0.004492
2025.12.22 06:00,1.1765,1.17675,1.1761,1.1764,1.172058,1.172196,1.171646,1.171921,0.005104,0.003904,0.004479
2025.12.22 07:00,1.1764,1.1779,1.1763,1.1777,1.172196,1.173434,1.171921,1.173296,0.005979,0.002867,0.004404
2025.12.22 08:00,1.1777,1.1786,1.1771,1.1784,1.173296,1.174122,1.172745,1.173985,0.005855,0.002978,0.004416
2025.12.22 09:00,1.1784,1.17845,1.17755,1.1778,1.173985,1.173985,1.173158,1.173296,0.005292,0.003565,0.004504
2025.12.22 10:00,1.1778,1.1786,1.17775,1.1781,1.173434,1.174122,1.173434,1.173571,0.005166,0.003628,0.004529
2025.12.22 11:00,1.1781,1.1785,1.17765,1.1781,1.173709,1.173985,1.173296,1.173571,0.005204,0.003665,0.004529
2025.12.22 12:00,1.17815,1.17915,1.1781,1.179,1.173709,1.174674,1.173709,1.174536,0.005441,0.003426,0.004464
2025.12.22 13:00,1.179,1.18025,1.179,1.17985,1.174674,1.175641,1.174674,1.175364,0.005576,0.003359,0.004486
2025.12.22 14:00,1.1799,1.1815,1.1793,1.18085,1.175364,1.176747,1.174812,1.176471,0.006688,0.002553,0.00438
2025.12.22 15:00,1.1808,1.18175,1.1806,1.1812,1.176332,1.177302,1.176332,1.176747,0.005418,0.003298,0.004453
2025.12.22 16:00,1.1812,1.18125,1.17965,1.17975,1.176609,1.176747,1.175226,1.175364,0.006024,0.002903,0.004386
2025.12.22 17:00,1.17975,1.18125,1.17975,1.18065,1.175503,1.176747,1.175364,1.176194,0.005886,0.003003,0.004456
2025.12.22 18:00,1.18055,1.1806,1.1797,1.18005,1.176055,1.176194,1.175364,1.175641,0.005236,0.003506,0.004409
2025.12.22 19:00,1.18005,1.1804,1.1797,1.1803,1.175641,1.175917,1.175226,1.175917,0.005174,0.003783,0.004383
2025.12.22 20:00,1.1803,1.1807,1.18,1.1803,1.175779,1.176194,1.175641,1.175779,0.005059,0.003806,0.004521
2025.12.22 21:00,1.18035,1.18105,1.18025,1.1809,1.175779,1.176609,1.175779,1.176471,0.005271,0.003641,0.004429
2025.12.22 23:00,1.1806,1.18105,1.18055,1.1809,1.176332,1.176886,1.176332,1.176886,0.004718,0.003664,0.004014
2025.12.23 00:00,1.1809,1.18155,1.18085,1.1814,1.176747,1.177302,1.176747,1.177163,0.004803,0.003548,0.004237
2025.12.23 01:00,1.1814,1.1822,1.1811,1.18185,1.177163,1.177856,1.176886,1.177579,0.005314,0.003244,0.004271
2025.12.23 02:00,1.18185,1.18255,1.1818,1.18225,1.177718,1.178273,1.177579,1.178134,0.004971,0.003527,0.004116
2025.12.23 03:00,1.18235,1.18245,1.18185,1.18215,1.178134,1.178273,1.177718,1.177856,0.004732,0.003577,0.004294
2025.12.23 04:00,1.1822,1.18245,1.1819,1.18205,1.178134,1.178273,1.177718,1.177856,0.004732,0.003627,0.004194
2025.12.23 05:00,1.1823,1.1825,1.182,1.18205,1.177856,1.178273,1.177856,1.177856,0.004644,0.003727,0.004194
2025.12.23 06:00,1.1821,1.18215,1.1814,1.18165,1.177995,1.177995,1.177302,1.17744,0.004848,0.003405,0.00421
2025.12.23 07:00,1.1817,1.18265,1.18145,1.1824,1.17744,1.178411,1.177302,1.178411,0.005348,0.003039,0.003989
2025.12.23 08:00,1.18235,1.183,1.1821,1.183,1.178273,1.178689,1.177995,1.17855,0.005005,0.003411,0.00445
2025.12.23 09:00,1.183,1.1838,1.1827,1.18375,1.178828,1.179523,1.17855,1.179523,0.00525,0.003177,0.004227
2025.12.23 10:00,1.1838,1.18455,1.1837,1.1844,1.179663,1.180359,1.179663,1.18022,0.004887,0.003341,0.00418
2025.12.23 11:00,1.1844,1.1845,1.1838,1.1841,1.18022,1.18022,1.179663,1.179941,0.004837,0.00358,0.004159
2025.12.23 12:00,1.1841,1.18475,1.1834,1.1835,1.179941,1.180498,1.179245,1.179245,0.005505,0.002902,0.004255
2025.12.23 13:00,1.1835,1.1839,1.18195,1.182,1.179384,1.179663,1.177856,1.177856,0.006044,0.002287,0.004144
2025.12.23 14:00,1.182,1.18245,1.18135,1.1814,1.177856,1.178273,1.177163,1.177163,0.005287,0.003077,0.004237
2025.12.23 15:00,1.1814,1.1824,1.1809,1.18195,1.177163,1.178134,1.176886,1.177856,0.005514,0.002766,0.004094
2025.12.23 16:00,1.1819,1.18255,1.18185,1.1821,1.177856,1.178411,1.177718,1.177995,0.004832,0.003438,0.004105
2025.12.23 17:00,1.18205,1.1824,1.18145,1.1816,1.177856,1.178134,1.177302,1.177302,0.005098,0.003316,0.004298
2025.12.23 18:00,1.1816,1.18285,1.18145,1.1828,1.177302,1.17855,1.177302,1.17855,0.005548,0.0029,0.00425
2025.12.23 19:00,1.1828,1.18365,1.18275,1.18355,1.178689,1.179384,1.178689,1.179384,0.004961,0.003366,0.004166
2025.12.23 20:00,1.18355,1.18385,1.18325,1.18345,1.179384,1.179663,1.179106,1.179384,0.004744,0.003587,0.004066
2025.12.23 21:00,1.1835,1.18425,1.1834,1.1842,1.179384,1.18008,1.179245,1.179802,0.005005,0.00332,0.004398
2025.12.23 23:00,1.1841,1.1842,1.1837,1.18395,1.179663,1.18008,1.179663,1.179802,0.004537,0.00362,0.004148
2025.12.24 00:00,1.18395,1.1844,1.1835,1.18435,1.179941,1.18022,1.179384,1.18008,0.005016,0.003281,0.00427
2025.12.24 01:00,1.18435,1.1851,1.18415,1.185,1.18022,1.180916,1.18008,1.180916,0.00502,0.003234,0.004084
2025.12.24 02:00,1.185,1.1853,1.1843,1.1843,1.180916,1.181195,1.180359,1.180359,0.004941,0.003105,0.003941
2025.12.24 03:00,1.18435,1.18435,1.1832,1.18325,1.18008,1.18008,1.179106,1.179106,0.005244,0.00312,0.004144
2025.12.24 04:00,1.1832,1.18385,1.1831,1.1836,1.179106,1.179663,1.178967,1.179523,0.004883,0.003437,0.004076
2025.12.26 05:00,1.18275,1.1831,1.18245,1.18305,1.178689,1.179106,1.178411,1.178967,0.004689,0.003344,0.004083
2025.12.26 06:00,1.18305,1.1832,1.18165,1.1821,1.178967,1.179106,1.177579,1.177995,0.005621,0.002544,0.004105
2025.12.26 07:00,1.1822,1.18225,1.18145,1.1817,1.177856,1.177995,1.17744,1.177579,0.00481,0.003455,0.004121
2025.12.26 08:00,1.18175,1.1822,1.18105,1.18215,1.177579,1.177995,1.177024,1.177995,0.005175,0.003055,0.004155
2025.12.26 09:00,1.18215,1.1822,1.18125,1.18145,1.177995,1.178134,1.177163,1.17744,0.005037,0.003116,0.00401
2025.12.26 10:00,1.1814,1.18235,1.1813,1.18175,1.177302,1.178273,1.177302,1.177718,0.005048,0.003027,0.004032
2025.12.26 11:00,1.18175,1.18265,1.18175,1.1822,1.177718,1.17855,1.177718,1.177995,0.004932,0.0032,0.004205
2025.12.26 12:00,1.1822,1.18265,1.1817,1.1826,1.178134,1.17855,1.177718,1.17855,0.004932,0.00315,0.00405
2025.12.26 13:00,1.1826,1.18415,1.1826,1.1836,1.178689,1.179941,1.178689,1.179523,0.005461,0.002659,0.004076
2025.12.26 14:00,1.18365,1.1839,1.1826,1.1829,1.179663,1.179802,1.17855,1.178828,0.00535,0.002798,0.004072
2025.12.26 15:00,1.18285,1.18375,1.18165,1.1822,1.178689,1.179523,1.177718,1.177995,0.006032,0.002127,0.004205
2025.12.26 16:00,1.18225,1.18245,1.1807,1.18095,1.178134,1.178273,1.176609,1.176886,0.005841,0.002427,0.004064
2025.12.26 17:00,1.18095,1.18145,1.1806,1.18145,1.176747,1.17744,1.176471,1.177302,0.004979,0.00316,0.004148
2025.12.26 18:00,1.1815,1.18185,1.18135,1.1816,1.17744,1.177718,1.177302,1.177579,0.004548,0.003632,0.004021
2025.12.26 19:00,1.1816,1.1821,1.18135,1.1821,1.177579,1.177995,1.177302,1.177995,0.004798,0.003355,0.004105
2025.12.26 20:00,1.18215,1.1826,1.1817,1.18195,1.178134,1.178411,1.177718,1.177856,0.004882,0.003289,0.004094
2025.12.26 21:00,1.182,1.18215,1.18105,1.18165,1.177856,1.177995,1.176886,1.17744,0.005264,0.003055,0.00421
2025.12.29 00:00,1.18165,1.1828,1.1816,1.1824,1.177856,1.178689,1.177579,1.178411,0.005221,0.002911,0.003989
2025.12.29 01:00,1.1824,1.18305,1.18225,1.1828,1.178273,1.178967,1.178273,1.178828,0.004777,0.003283,0.003972
2025.12.29 02:00,1.1828,1.1829,1.18195,1.182,1.178828,1.178828,1.177995,1.177995,0.004905,0.003122,0.004005
2025.12.29 03:00,1.18195,1.182,1.1815,1.18175,1.177856,1.177995,1.177579,1.177718,0.004421,0.003505,0.004032
2025.12.29 04:00,1.1817,1.1817,1.1809,1.1809,1.177579,1.177579,1.176747,1.176747,0.004953,0.003321,0.004153
2025.12.29 05:00,1.1808,1.18085,1.17975,1.17995,1.176609,1.176609,1.175779,1.175917,0.005071,0.003141,0.004033
2025.12.29 06:00,1.18,1.1813,1.1798,1.18125,1.176055,1.177302,1.175779,1.177302,0.005521,0.002498,0.003948
2025.12.29 07:00,1.1813,1.18225,1.1809,1.1821,1.17744,1.178273,1.176886,1.177995,0.005364,0.002627,0.004105
2025.12.29 08:00,1.18205,1.18325,1.1815,1.18275,1.178134,1.179245,1.177579,1.178828,0.005671,0.002255,0.003922
2025.12.29 09:00,1.1828,1.18335,1.1816,1.182,1.178967,1.179106,1.177579,1.177995,0.005771,0.002494,0.004005
2025.12.29 10:00,1.18205,1.18245,1.18095,1.181,1.177995,1.178411,1.177024,1.177024,0.005426,0.002539,0.003976
2025.12.29 11:00,1.181,1.1815,1.18015,1.181,1.176886,1.17744,1.176194,1.176886,0.005306,0.00271,0.004114
2025.12.29 12:00,1.18095,1.1813,1.17995,1.18055,1.176886,1.177163,1.176055,1.176471,0.005245,0.002787,0.004079
2025.12.29 13:00,1.1805,1.18175,1.1804,1.18135,1.176609,1.177579,1.176471,1.17744,0.00528,0.002821,0.00391
2025.12.29 14:00,1.18135,1.18325,1.1811,1.1827,1.177302,1.179245,1.177163,1.178689,0.006087,0.001855,0.004011
2025.12.29 15:00,1.1827,1.18305,1.18105,1.18125,1.178828,1.178967,1.177163,1.177163,0.005887,0.002083,0.004087
2025.12.29 16:00,1.18115,1.1812,1.17965,1.17995,1.177024,1.177163,1.175779,1.176194,0.005421,0.002487,0.003756
2025.12.29 17:00,1.18,1.1801,1.1793,1.17955,1.175917,1.175917,1.175364,1.175641,0.004736,0.003383,0.003909
2025.12.29 18:00,1.17955,1.1803,1.17945,1.1801,1.175503,1.176194,1.175503,1.176055,0.004797,0.003256,0.004045
2025.12.29 19:00,1.1801,1.1812,1.18005,1.18115,1.176055,1.177024,1.176055,1.177024,0.005145,0.003026,0.004125
2025.12.29 20:00,1.18115,1.18145,1.1808,1.18145,1.177163,1.17744,1.176886,1.17744,0.004564,0.00336,0.00401
2025.12.29 21:00,1.18145,1.18185,1.1814,1.18175,1.17744,1.177856,1.17744,1.177718,0.00441,0.003544,0.004032
2025.12.29 23:00,1.1813,1.1817,1.1813,1.1814,1.177718,1.177856,1.177579,1.177579,0.004121,0.003444,0.003821
2025.12.30 00:00,1.1814,1.18175,1.1814,1.1815,1.177718,1.177856,1.177579,1.177579,0.004171,0.003544,0.003921
2025.12.30 01:00,1.18145,1.1817,1.18115,1.1817,1.177579,1.177856,1.177302,1.177856,0.004398,0.003294,0.003844
2025.12.30 02:00,1.18175,1.18185,1.18135,1.18155,1.177856,1.177995,1.177579,1.177718,0.004271,0.003355,0.003832
2025.12.30 03:00,1.18155,1.1818,1.1813,1.1815,1.177718,1.177856,1.17744,1.177579,0.00436,0.003444,0.003921
2025.12.30 04:00,1.1815,1.18205,1.1814,1.18195,1.177579,1.178134,1.177579,1.177995,0.004471,0.003266,0.003955
2025.12.30 05:00,1.18195,1.18215,1.18155,1.18175,1.177995,1.178273,1.177579,1.177856,0.004571,0.003277,0.003894
2025.12.30 06:00,1.18175,1.1822,1.18165,1.18205,1.177995,1.178273,1.177718,1.178134,0.004482,0.003377,0.003916
2025.12.30 07:00,1.18205,1.18205,1.18085,1.1812,1.177995,1.177995,1.177024,1.177302,0.005026,0.002855,0.003898
2025.12.30 08:00,1.18125,1.1817,1.1808,1.1809,1.17744,1.177856,1.177024,1.177163,0.004676,0.002944,0.003737
2025.12.30 09:00,1.1809,1.182,1.1806,1.1811,1.177024,1.178134,1.176747,1.177163,0.005253,0.002466,0.003937
2025.12.30 10:00,1.1811,1.18195,1.18105,1.1816,1.177302,1.177995,1.177302,1.177718,0.004648,0.003055,0.003882
2025.12.30 11:00,1.18155,1.18185,1.1808,1.18085,1.177718,1.177995,1.177024,1.177024,0.004825,0.002805,0.003826
2025.12.30 12:00,1.18085,1.181,1.1803,1.18035,1.176886,1.177163,1.176471,1.176471,0.004529,0.003137,0.003879
2025.12.30 13:00,1.18035,1.18095,1.1797,1.1805,1.176471,1.177024,1.175917,1.176609,0.005033,0.002676,0.003891
2025.12.30 14:00,1.1805,1.18055,1.17985,1.1805,1.176471,1.176747,1.176055,1.176747,0.004495,0.003103,0.003753
2025.12.30 15:00,1.18055,1.1808,1.1787,1.18015,1.176747,1.176886,1.17495,1.176332,0.00585,0.001814,0.003818
2025.12.30 16:00,1.1801,1.1808,1.1796,1.18065,1.176194,1.177024,1.175779,1.176886,0.005021,0.002576,0.003764
2025.12.30 17:00,1.1807,1.18085,1.1797,1.17985,1.176886,1.176886,1.175917,1.175917,0.004933,0.002814,0.003933
2025.12.30 18:00,1.1798,1.1801,1.179,1.1792,1.176055,1.176332,1.175226,1.175364,0.004874,0.002668,0.003836
2025.12.30 19:00,1.17925,1.1795,1.1787,1.1789,1.175364,1.175641,1.17495,1.175088,0.00455,0.003059,0.003812
2025.12.30 20:00,1.1789,1.1792,1.1785,1.1786,1.175088,1.175364,1.174674,1.174674,0.004526,0.003136,0.003926
2025.12.30 21:00,1.1786,1.17905,1.17855,1.1789,1.174812,1.175088,1.174812,1.175088,0.004238,0.003462,0.003812
2025.12.30 23:00,1.17885,1.17895,1.17855,1.1786,1.17495,1.175226,1.17495,1.17495,0.004,0.003324,0.00365
2025.12.31 00:00,1.17865,1.1788,1.17845,1.17875,1.17495,1.175088,1.174812,1.175088,0.003988,0.003362,0.003662
2025.12.31 01:00,1.17875,1.1789,1.17815,1.1783,1.175088,1.175226,1.174674,1.174674,0.004226,0.002924,0.003626
2025.12.31 02:00,1.1783,1.1783,1.17785,1.17805,1.174536,1.174536,1.17426,1.174398,0.00404,0.003314,0.003652
2025.12.31 03:00,1.178,1.17835,1.178,1.1783,1.174398,1.174674,1.174398,1.174674,0.003952,0.003326,0.003626
2025.12.31 04:00,1.17825,1.17825,1.1773,1.1774,1.174674,1.174674,1.173709,1.173709,0.004541,0.002626,0.003691
2025.12.31 05:00,1.17765,1.17795,1.17745,1.17785,1.173847,1.17426,1.173847,1.17426,0.004103,0.00319,0.00359
2025.12.31 06:00,1.17785,1.178,1.17735,1.17775,1.173985,1.17426,1.173709,1.174122,0.004291,0.00309,0.003628
2025.12.31 07:00,1.1777,1.17785,1.177,1.17765,1.173985,1.174122,1.173296,1.173985,0.004554,0.002878,0.003665
2025.12.31 08:00,1.1777,1.17795,1.176,1.17625,1.173985,1.17426,1.172333,1.172608,0.005617,0.00174,0.003642
2025.12.31 09:00,1.17625,1.17785,1.176,1.17745,1.172608,1.17426,1.172333,1.173847,0.005517,0.00174,0.003603
2025.12.31 10:00,1.1775,1.17835,1.17685,1.17785,1.173847,1.174674,1.173158,1.17426,0.005192,0.002176,0.00359
2025.12.31 11:00,1.17785,1.17875,1.17765,1.1787,1.17426,1.175088,1.173985,1.175088,0.004766,0.002562,0.003612
2025.12.31 12:00,1.17875,1.1799,1.17875,1.1795,1.175226,1.176194,1.175226,1.175917,0.004674,0.002556,0.003583
2025.12.31 13:00,1.17955,1.1799,1.17815,1.1782,1.175917,1.176055,1.174536,1.174536,0.005364,0.002095,0.003664
2025.12.31 14:00,1.1782,1.17825,1.17675,1.17695,1.174536,1.174536,1.173158,1.173296,0.005092,0.002214,0.003654
2025.12.31 15:00,1.17695,1.1786,1.176,1.17835,1.17302,1.17495,1.17247,1.174812,0.00613,0.00105,0.003538
2025.12.31 16:00,1.17835,1.17885,1.1769,1.17745,1.174674,1.175088,1.173296,1.173847,0.005554,0.001812,0.003603
2025.12.31 17:00,1.1775,1.17785,1.1771,1.17755,1.173709,1.17426,1.173571,1.173847,0.004279,0.00284,0.003703
2025.12.31 18:00,1.17755,1.17785,1.177,1.17755,1.173985,1.17426,1.173434,1.173985,0.004416,0.00274,0.003565
2025.12.31 19:00,1.1776,1.17825,1.1776,1.17805,1.174122,1.174674,1.174122,1.174398,0.004128,0.002926,0.003652
2025.12.31 20:00,1.178,1.17925,1.178,1.17915,1.174536,1.175641,1.174536,1.175503,0.004714,0.002359,0.003647
2025.12.31 21:00,1.1792,1.17925,1.17845,1.17855,1.175641,1.175641,1.17495,1.17495,0.0043,0.002809,0.0036
2026.01.02 05:00,1.1795,1.17975,1.17905,1.1791,1.175917,1.176055,1.175503,1.175503,0.004247,0.002995,0.003597
2026.01.02 06:00,1.1791,1.1791,1.17805,1.1783,1.175364,1.175364,1.174536,1.174812,0.004564,0.002686,0.003488
2026.01.02 07:00,1.1783,1.17865,1.17715,1.1774,1.174674,1.17495,1.173709,1.174122,0.004941,0.0022,0.003278
2026.01.02 08:00,1.1774,1.17775,1.17625,1.1768,1.173709,1.173985,1.172883,1.173296,0.004867,0.002265,0.003504
2026.01.02 09:00,1.1768,1.17765,1.17595,1.17605,1.173296,1.173985,1.17247,1.17247,0.00518,0.001966,0.00358
2026.01.02 10:00,1.1761,1.17625,1.1752,1.176,1.17247,1.172745,1.171646,1.17247,0.004604,0.002455,0.00353
2026.01.02 11:00,1.17595,1.17615,1.1754,1.17615,1.17247,1.172608,1.171921,1.17247,0.004229,0.002792,0.00368
2026.01.02 12:00,1.1761,1.17665,1.17595,1.17625,1.17247,1.17302,1.17247,1.172745,0.00418,0.00293,0.003505
2026.01.02 13:00,1.1763,1.1768,1.17575,1.17605,1.172608,1.173296,1.172196,1.172608,0.004604,0.002454,0.003442
2026.01.02 14:00,1.1761,1.17695,1.1755,1.17675,1.17247,1.173296,1.171921,1.173158,0.005029,0.002204,0.003592
2026.01.02 15:00,1.17675,1.1792,1.17675,1.179,1.173434,1.175503,1.173296,1.175364,0.005904,0.001247,0.003636
2026.01.02 16:00,1.17895,1.17935,1.1773,1.17765,1.175503,1.175503,1.173847,1.174122,0.005503,0.001797,0.003528
2026.01.02 17:00,1.17765,1.17765,1.1768,1.17695,1.174122,1.174122,1.173296,1.173434,0.004354,0.002678,0.003516
2026.01.02 18:00,1.17695,1.177,1.1754,1.1758,1.173434,1.173434,1.171921,1.172196,0.005079,0.001966,0.003604
2026.01.02 19:00,1.1758,1.17635,1.17535,1.17625,1.172196,1.172745,1.171783,1.172745,0.004567,0.002605,0.003505
2026.01.02 20:00,1.17625,1.17625,1.17545,1.1757,1.172745,1.172745,1.171921,1.172058,0.004329,0.002705,0.003642
2026.01.02 21:00,1.1757,1.17625,1.17565,1.17625,1.172196,1.172745,1.172058,1.172333,0.004192,0.002905,0.003917
2026.01.05 00:00,1.1743,1.1749,1.17415,1.1743,1.171097,1.171372,1.170823,1.170823,0.004077,0.002778,0.003477
2026.01.05 01:00,1.1743,1.1746,1.17375,1.17385,1.170686,1.171097,1.170275,1.170412,0.004325,0.002653,0.003438
2026.01.05 02:00,1.1739,1.174,1.1722,1.17265,1.170412,1.170549,1.16877,1.16918,0.00523,0.001651,0.00347
2026.01.05 03:00,1.1727,1.1729,1.171,1.17135,1.169317,1.169317,1.167542,1.167951,0.005358,0.001683,0.003399
2026.01.05 04:00,1.1713,1.17205,1.1711,1.172,1.167815,1.168634,1.167679,1.168497,0.004371,0.002466,0.003503
2026.01.05 05:00,1.17195,1.17245,1.17185,1.17235,1.168361,1.168907,1.168361,1.168907,0.004089,0.002943,0.003443
2026.01.05 06:00,1.1723,1.173,1.17165,1.1729,1.168907,1.169454,1.168361,1.169454,0.004639,0.002196,0.003446
2026.01.05 07:00,1.17285,1.173,1.1722,1.1724,1.169317,1.169591,1.16877,1.169044,0.00423,0.002609,0.003356
2026.01.05 08:00,1.1724,1.17335,1.17185,1.17205,1.168907,1.169727,1.168497,1.168634,0.004853,0.002123,0.003416
2026.01.05 09:00,1.17215,1.1725,1.17115,1.172,1.16877,1.169044,1.167815,1.168634,0.004685,0.002106,0.003366
2026.01.05 10:00,1.172,1.1728,1.17175,1.1728,1.168634,1.169317,1.168361,1.169317,0.004439,0.002433,0.003483
2026.01.05 11:00,1.17285,1.1729,1.17185,1.17195,1.169317,1.169454,1.168361,1.168497,0.004539,0.002396,0.003453
2026.01.05 12:00,1.17195,1.17235,1.1708,1.1709,1.168497,1.16877,1.167406,1.167406,0.004944,0.00203,0.003494
2026.01.05 13:00,1.17085,1.1713,1.1697,1.17125,1.167406,1.167815,1.166317,1.167815,0.004983,0.001885,0.003435
2026.01.05 14:00,1.1713,1.17255,1.17115,1.17235,1.167815,1.168907,1.167815,1.168907,0.004735,0.002243,0.003443
2026.01.05 15:00,1.1724,1.17425,1.17235,1.17425,1.16918,1.170686,1.16918,1.170686,0.00507,0.001664,0.003564
2026.01.05 16:00,1.17425,1.1757,1.1742,1.17525,1.170823,1.172196,1.170823,1.171783,0.004877,0.002005,0.003467
2026.01.05 17:00,1.1753,1.17585,1.17485,1.17525,1.171783,1.172333,1.171509,1.171783,0.004341,0.002517,0.003467
2026.01.05 18:00,1.17525,1.17645,1.1752,1.17635,1.171783,1.172883,1.171783,1.172883,0.004667,0.002317,0.003467
2026.01.05 19:00,1.17635,1.1768,1.17605,1.1766,1.17302,1.173158,1.172608,1.17302,0.004192,0.002892,0.003579
2026.01.05 20:00,1.17655,1.17675,1.1762,1.17635,1.17302,1.173158,1.172745,1.172745,0.004005,0.003042,0.003605
2026.01.05 21:00,1.1763,1.1765,1.1758,1.17605,1.172745,1.17302,1.172333,1.17247,0.004167,0.002779,0.00358
2026.01.05 23:00,1.1761,1.1761,1.1751,1.17525,1.17247,1.17247,1.171646,1.171783,0.004454,0.00263,0.003467
2026.01.06 00:00,1.1753,1.1755,1.17485,1.1755,1.171921,1.172058,1.171372,1.172058,0.004128,0.002792,0.003442
2026.01.06 01:00,1.1755,1.1763,1.17505,1.1763,1.172196,1.172883,1.171646,1.172883,0.004654,0.002167,0.003417
2026.01.06 02:00,1.17635,1.1776,1.17605,1.1775,1.172883,1.174122,1.172608,1.174122,0.004992,0.001928,0.003378
2026.01.06 03:00,1.17745,1.17765,1.177,1.17725,1.173985,1.174122,1.173571,1.173847,0.004079,0.002878,0.003403
2026.01.06 04:00,1.17725,1.1774,1.17695,1.17715,1.173847,1.173847,1.173571,1.173709,0.003829,0.003103,0.003441
2026.01.06 05:00,1.1773,1.17745,1.17655,1.17665,1.173709,1.174122,1.173158,1.173296,0.004292,0.002428,0.003354
2026.01.06 06:00,1.17665,1.1775,1.17665,1.1774,1.173296,1.174122,1.173296,1.173985,0.004204,0.002528,0.003415
2026.01.06 07:00,1.17735,1.1781,1.1764,1.1767,1.174122,1.174812,1.172883,1.173158,0.005217,0.001588,0.003542
2026.01.06 08:00,1.1767,1.1777,1.17635,1.1767,1.173296,1.174122,1.17302,1.173296,0.00468,0.002228,0.003404
2026.01.06 09:00,1.17665,1.1767,1.1746,1.17505,1.173158,1.173158,1.171234,1.171783,0.005466,0.001442,0.003267
2026.01.06 10:00,1.1751,1.1755,1.17465,1.17505,1.171646,1.172058,1.171234,1.171646,0.004266,0.002592,0.003404
2026.01.06 11:00,1.17505,1.1751,1.17425,1.1744,1.171372,1.171509,1.170823,1.17096,0.004277,0.002741,0.00344
2026.01.06 12:00,1.17445,1.175,1.17345,1.17395,1.171234,1.171509,1.170138,1.170412,0.004862,0.001941,0.003538
2026.01.06 13:00,1.17395,1.17515,1.17355,1.1749,1.170138,1.171646,1.170138,1.171509,0.005012,0.001904,0.003391
2026.01.06 14:00,1.17495,1.17555,1.17375,1.1747,1.171646,1.172058,1.170412,1.171372,0.005138,0.001692,0.003328
2026.01.06 15:00,1.17465,1.1747,1.1722,1.17335,1.171097,1.171097,1.16877,1.169864,0.00593,0.001103,0.003486
2026.01.06 16:00,1.1733,1.1736,1.17235,1.17265,1.170138,1.170138,1.169044,1.16918,0.004556,0.002212,0.00347
2026.01.06 17:00,1.1726,1.17385,1.1726,1.17385,1.169317,1.170412,1.16918,1.170412,0.00467,0.002188,0.003438
2026.01.06 18:00,1.17385,1.174,1.1725,1.17275,1.170549,1.170549,1.16918,1.16918,0.00482,0.001951,0.00357
2026.01.06 19:00,1.17275,1.1729,1.1722,1.1728,1.16918,1.169317,1.16877,1.169317,0.00413,0.002883,0.003483
2026.01.06 20:00,1.1729,1.17315,1.17245,1.17255,1.169591,1.169727,1.169317,1.169454,0.003833,0.002723,0.003096
2026.01.06 21:00,1.1725,1.1727,1.17225,1.17265,1.168907,1.16918,1.168907,1.16918,0.003793,0.00307,0.00347
2026.01.06 23:00,1.1725,1.1728,1.17245,1.1725,1.169317,1.169317,1.169044,1.16918,0.003756,0.003133,0.00332
2026.01.07 00:00,1.1725,1.1732,1.1723,1.1729,1.16918,1.169727,1.168907,1.169454,0.004293,0.002573,0.003446
2026.01.07 01:00,1.1729,1.17375,1.17275,1.1733,1.169454,1.170412,1.169317,1.169864,0.004433,0.002338,0.003436
2026.01.07 02:00,1.1733,1.174,1.17325,1.17335,1.170001,1.170549,1.169864,1.170001,0.004136,0.002701,0.003349
2026.01.07 03:00,1.17335,1.17375,1.17335,1.1736,1.170138,1.170275,1.170138,1.170275,0.003612,0.003075,0.003325
2026.01.07 04:00,1.1736,1.17395,1.17285,1.1729,1.170275,1.170549,1.169454,1.169454,0.004496,0.002301,0.003446
2026.01.07 05:00,1.173,1.17315,1.17285,1.17305,1.169454,1.169727,1.169454,1.169727,0.003696,0.003123,0.003323
2026.01.07 06:00,1.173,1.1737,1.17295,1.1735,1.169727,1.170275,1.169591,1.170138,0.004109,0.002675,0.003362
2026.01.07 07:00,1.17345,1.1736,1.17165,1.172,1.170001,1.170138,1.168361,1.168634,0.005239,0.001512,0.003366
2026.01.07 08:00,1.172,1.17245,1.17105,1.17235,1.168497,1.169044,1.167679,1.16877,0.004771,0.002006,0.00358
2026.01.07 09:00,1.1723,1.17245,1.17185,1.17215,1.168907,1.169044,1.168497,1.16877,0.003953,0.002806,0.00338
2026.01.07 10:00,1.1722,1.17315,1.1721,1.1726,1.168907,1.169864,1.168907,1.16918,0.004243,0.002236,0.00342
2026.01.07 11:00,1.17255,1.173,1.17225,1.17265,1.16918,1.169591,1.168907,1.16918,0.004093,0.002659,0.00347
2026.01.07 12:00,1.17265,1.17285,1.1719,1.1726,1.169317,1.169454,1.168497,1.16918,0.004353,0.002446,0.00342
2026.01.07 13:00,1.1725,1.17325,1.17195,1.17285,1.168907,1.169864,1.168634,1.169454,0.004616,0.002086,0.003396
2026.01.07 14:00,1.1729,1.1736,1.1724,1.1734,1.169591,1.170138,1.169044,1.170138,0.004556,0.002262,0.003262
2026.01.07 15:00,1.17335,1.1736,1.17175,1.1728,1.16918,1.170138,1.168361,1.169454,0.005239,0.001612,0.003346
2026.01.07 16:00,1.17275,1.17305,1.17195,1.17265,1.169454,1.169591,1.168634,1.169317,0.004416,0.002359,0.003333
2026.01.07 17:00,1.1727,1.1732,1.1724,1.17255,1.169454,1.169864,1.169044,1.169044,0.004156,0.002536,0.003506
2026.01.07 18:00,1.1725,1.17275,1.17195,1.17205,1.169044,1.169317,1.168634,1.168634,0.004116,0.002633,0.003416
2026.01.07 19:00,1.172,1.1723,1.1716,1.17195,1.16877,1.168907,1.168224,1.168634,0.004076,0.002693,0.003316
2026.01.07 20:00,1.172,1.1721,1.17165,1.17165,1.168497,1.16877,1.168224,1.168224,0.003876,0.00288,0.003426
2026.01.07 21:00,1.17165,1.17175,1.1711,1.17125,1.168088,1.168224,1.167815,1.167815,0.003935,0.002876,0.003435
2026.01.07 23:00,1.1714,1.1714,1.17105,1.1713,1.167951,1.168088,1.167951,1.167951,0.003448,0.002962,0.003349
2026.01.08 00:00,1.1713,1.1714,1.17115,1.17115,1.168088,1.168088,1.167951,1.167951,0.003448,0.003062,0.003199
2026.01.08 01:00,1.1711,1.17135,1.17085,1.17105,1.167815,1.168088,1.167679,1.167815,0.003671,0.002762,0.003235
2026.01.08 02:00,1.1711,1.17165,1.1708,1.1716,1.167951,1.168361,1.167542,1.168361,0.004108,0.002439,0.003239
2026.01.08 03:00,1.1716,1.17185,1.17145,1.1716,1.168361,1.168634,1.168224,1.168361,0.003626,0.002816,0.003239
2026.01.08 04:00,1.17155,1.1717,1.1714,1.1716,1.168224,1.168497,1.168088,1.168361,0.003612,0.002903,0.003239
2026.01.08 05:00,1.17155,1.1719,1.1713,1.17185,1.168361,1.168634,1.168088,1.168634,0.003812,0.002666,0.003216
2026.01.08 06:00,1.1718,1.17185,1.1711,1.17175,1.168497,1.168634,1.167815,1.168497,0.004035,0.002466,0.003253
2026.01.08 07:00,1.1717,1.17185,1.1713,1.17135,1.168497,1.168634,1.168088,1.168224,0.003762,0.002666,0.003126
2026.01.08 08:00,1.1714,1.1715,1.17045,1.1707,1.168088,1.168224,1.16727,1.167542,0.00423,0.002226,0.003158
2026.01.08 09:00,1.17065,1.1713,1.1705,1.17125,1.16727,1.168088,1.16727,1.168088,0.00403,0.002412,0.003162
2026.01.08 10:00,1.1713,1.17175,1.1711,1.17155,1.168224,1.168361,1.167951,1.168361,0.003798,0.002739,0.003189
2026.01.08 11:00,1.17155,1.1716,1.1711,1.17135,1.168224,1.168361,1.167951,1.168088,0.003649,0.002739,0.003262
2026.01.08 12:00,1.17125,1.17135,1.17055,1.1709,1.167951,1.167951,1.167406,1.167542,0.003944,0.002599,0.003358
2026.01.08 13:00,1.17095,1.17135,1.16935,1.16985,1.167815,1.168088,1.166181,1.166589,0.005169,0.001262,0.003261
2026.01.08 14:00,1.1698,1.1702,1.16915,1.17,1.166589,1.166997,1.166045,1.166861,0.004155,0.002153,0.003139
2026.01.08 15:00,1.17,1.17095,1.16965,1.17025,1.166725,1.167679,1.166589,1.166997,0.004361,0.001971,0.003253
2026.01.08 16:00,1.1702,1.17035,1.1688,1.169,1.166997,1.167133,1.165637,1.165909,0.004713,0.001667,0.003091
2026.01.08 17:00,1.169,1.1691,1.1679,1.1686,1.165637,1.165909,1.164822,1.165501,0.004278,0.001991,0.003099
2026.01.08 18:00,1.1686,1.1689,1.16805,1.16805,1.165501,1.165501,1.164822,1.164822,0.004078,0.002549,0.003228
2026.01.08 19:00,1.1681,1.16865,1.16785,1.16855,1.164687,1.165365,1.164551,1.165365,0.004099,0.002485,0.003185
2026.01.08 20:00,1.16855,1.169,1.16855,1.1687,1.165365,1.165773,1.165365,1.165501,0.003635,0.002777,0.003199
2026.01.08 21:00,1.1687,1.16985,1.16865,1.1696,1.165501,1.166589,1.165365,1.166317,0.004485,0.002061,0.003283
2026.01.08 23:00,1.1695,1.1697,1.1692,1.16935,1.166317,1.166589,1.166045,1.166045,0.003655,0.002611,0.003305
2026.01.09 00:00,1.1693,1.1693,1.1689,1.1689,1.166045,1.166045,1.165773,1.165773,0.003527,0.002855,0.003127
2026.01.09 01:00,1.1689,1.1692,1.16835,1.16845,1.165773,1.166045,1.165094,1.16523,0.004106,0.002305,0.00322
2026.01.09 02:00,1.16845,1.169,1.1681,1.16895,1.165365,1.165773,1.164958,1.165773,0.004042,0.002327,0.003177
2026.01.09 03:00,1.16895,1.1694,1.1689,1.16915,1.165909,1.166181,1.165773,1.165909,0.003627,0.002719,0.003241
2026.01.09 04:00,1.16915,1.1692,1.1687,1.169,1.166181,1.166181,1.165637,1.165773,0.003563,0.002519,0.003227
2026.01.09 05:00,1.16895,1.16905,1.1685,1.1686,1.165773,1.166045,1.165365,1.165501,0.003685,0.002455,0.003099
2026.01.09 06:00,1.16865,1.1688,1.16835,1.1684,1.165365,1.165637,1.16523,1.16523,0.00357,0.002713,0.00317
2026.01.09 07:00,1.16835,1.1686,1.1675,1.1686,1.165094,1.165365,1.164415,1.165365,0.004184,0.002135,0.003235
2026.01.09 08:00,1.1686,1.16885,1.1676,1.1684,1.165501,1.165501,1.164551,1.165094,0.004299,0.002099,0.003306
2026.01.09 09:00,1.16845,1.1685,1.1677,1.1677,1.165365,1.165365,1.164551,1.164551,0.003949,0.002335,0.003149
2026.01.09 10:00,1.16775,1.1682,1.1672,1.1681,1.164551,1.164958,1.16428,1.164958,0.00392,0.002242,0.003142
2026.01.09 11:00,1.1682,1.1682,1.1677,1.1681,1.164958,1.164958,1.164551,1.164958,0.003649,0.002742,0.003142
2026.01.09 12:00,1.1681,1.16815,1.1675,1.1677,1.164822,1.164958,1.164415,1.164415,0.003734,0.002542,0.003285
2026.01.09 13:00,1.1677,1.1696,1.1656,1.16805,1.164415,1.166317,1.164144,1.164822,0.005456,-0.000717,0.003228
2026.01.09 14:00,1.168,1.1688,1.1665,1.16725,1.16523,1.165365,1.163332,1.164009,0.005468,0.001135,0.003241
2026.01.09 15:00,1.1672,1.1676,1.1653,1.1676,1.163738,1.164415,1.16225,1.16428,0.00535,0.000885,0.00332
2026.01.09 16:00,1.16755,1.1679,1.1664,1.16685,1.164551,1.164551,1.163196,1.163738,0.004704,0.001849,0.003112
2026.01.09 17:00,1.16685,1.167,1.16625,1.1667,1.163603,1.163603,1.163196,1.163467,0.003804,0.002647,0.003233
2026.01.09 18:00,1.16675,1.16755,1.16665,1.16695,1.163467,1.16428,1.163467,1.163738,0.004083,0.00237,0.003212
2026.01.09 19:00,1.167,1.1674,1.16685,1.167,1.163603,1.164144,1.163603,1.163873,0.003797,0.002706,0.003127
2026.01.09 20:00,1.167,1.16735,1.16695,1.167,1.163738,1.164144,1.163738,1.163873,0.003612,0.002806,0.003127
2026.01.09 21:00,1.16705,1.1672,1.1665,1.167,1.163738,1.164009,1.163332,1.163873,0.003868,0.002491,0.003127
2026.01.12 00:00,1.1659,1.17005,1.1657,1.17,1.162791,1.166725,1.162656,1.166725,0.007394,-0.001025,0.003275
2026.01.12 01:00,1.16995,1.17065,1.16905,1.1691,1.166861,1.167406,1.165909,1.166045,0.004741,0.001644,0.003055
2026.01.12 02:00,1.1691,1.1699,1.1689,1.16895,1.165909,1.166725,1.165909,1.165909,0.003991,0.002175,0.003041
2026.01.12 03:00,1.16895,1.16945,1.16895,1.16905,1.165909,1.166181,1.165909,1.165909,0.003541,0.002769,0.003141
2026.01.12 04:00,1.169,1.16935,1.1688,1.169,1.165909,1.166181,1.165637,1.165909,0.003713,0.002619,0.003091
2026.01.12 05:00,1.1691,1.1706,1.1691,1.17045,1.165909,1.167406,1.165909,1.16727,0.004691,0.001694,0.00318
2026.01.12 06:00,1.1704,1.1708,1.16995,1.17045,1.16727,1.167679,1.166725,1.16727,0.004075,0.002271,0.00318
2026.01.12 07:00,1.17045,1.17225,1.17035,1.172,1.16727,1.168907,1.16727,1.168907,0.00498,0.001443,0.003093
2026.01.12 08:00,1.17195,1.17265,1.1711,1.1723,1.16877,1.169454,1.167951,1.16918,0.004699,0.001646,0.00312
2026.01.12 09:00,1.1723,1.17305,1.1716,1.17165,1.169044,1.169864,1.168634,1.168634,0.004416,0.001736,0.003016
2026.01.12 10:00,1.1717,1.17205,1.1711,1.172,1.168634,1.168907,1.167951,1.168907,0.004099,0.002193,0.003093
2026.01.12 11:00,1.172,1.17245,1.17105,1.17135,1.168907,1.169317,1.167951,1.168224,0.004498,0.001733,0.003126
2026.01.12 12:00,1.1714,1.1723,1.1712,1.17165,1.168224,1.169044,1.168088,1.168497,0.004212,0.002156,0.003153
2026.01.12 13:00,1.17165,1.17335,1.17125,1.17275,1.168497,1.170138,1.168088,1.169591,0.005262,0.001112,0.003159
2026.01.12 14:00,1.17275,1.17275,1.17085,1.17115,1.169591,1.169591,1.167951,1.168088,0.004799,0.001259,0.003062
2026.01.12 15:00,1.1712,1.1721,1.17075,1.1716,1.168088,1.168907,1.167679,1.168497,0.004421,0.001843,0.003103
2026.01.12 16:00,1.1716,1.1717,1.17065,1.1707,1.168497,1.168497,1.167542,1.167542,0.004158,0.002153,0.003158
2026.01.12 17:00,1.17065,1.1711,1.1701,1.1704,1.167542,1.167815,1.166997,1.167406,0.004103,0.002285,0.002994
2026.01.12 18:00,1.17035,1.17065,1.17,1.1704,1.16727,1.167406,1.166861,1.16727,0.003789,0.002594,0.00313
2026.01.12 19:00,1.17035,1.1709,1.17025,1.17065,1.16727,1.167679,1.167133,1.167542,0.003767,0.002571,0.003108
2026.01.12 20:00,1.1707,1.17075,1.16965,1.16995,1.167542,1.167542,1.166725,1.166725,0.004025,0.002108,0.003225
2026.01.12 21:00,1.16995,1.17035,1.1699,1.17005,1.166861,1.16727,1.166725,1.166997,0.003625,0.00263,0.003053
2026.01.12 23:00,1.17015,1.1705,1.17,1.1702,1.166997,1.16727,1.166861,1.166997,0.003639,0.00273,0.003203
2026.01.13 00:00,1.1702,1.1702,1.16945,1.1698,1.167133,1.167133,1.166453,1.166589,0.003747,0.002317,0.003211
2026.01.13 01:00,1.16975,1.16985,1.169,1.1693,1.166725,1.166861,1.166181,1.166181,0.003669,0.002139,0.003119
2026.01.13 02:00,1.16925,1.16955,1.1691,1.16935,1.166181,1.166453,1.166045,1.166181,0.003505,0.002647,0.003169
2026.01.13 03:00,1.16935,1.16975,1.16905,1.16925,1.166181,1.166589,1.166045,1.166181,0.003705,0.002461,0.003069
2026.01.13 04:00,1.16925,1.17,1.1692,1.1699,1.166181,1.166861,1.166181,1.166861,0.003819,0.002339,0.003039
2026.01.13 05:00,1.1697,1.1702,1.1696,1.1697,1.166861,1.167133,1.166589,1.166589,0.003611,0.002467,0.003111
2026.01.13 06:00,1.1697,1.1697,1.1688,1.1693,1.166589,1.166589,1.165773,1.166181,0.003927,0.002211,0.003119
2026.01.13 07:00,1.16925,1.1699,1.169,1.1698,1.166181,1.166861,1.165909,1.166861,0.003991,0.002139,0.002939
2026.01.13 08:00,1.1698,1.17035,1.1693,1.17035,1.166725,1.167133,1.166181,1.166997,0.004169,0.002167,0.003353
2026.01.13 09:00,1.1703,1.1707,1.1698,1.1706,1.16727,1.167679,1.166725,1.167406,0.003975,0.002121,0.003194
2026.01.13 10:00,1.17065,1.17085,1.16995,1.17005,1.167542,1.167679,1.166861,1.166997,0.003989,0.002271,0.003053
2026.01.13 11:00,1.17,1.17045,1.16985,1.1703,1.166997,1.167406,1.166861,1.167133,0.003589,0.002444,0.003167
2026.01.13 12:00,1.17025,1.1703,1.1687,1.16895,1.16727,1.16727,1.165773,1.165909,0.004527,0.00143,0.003041
2026.01.13 13:00,1.1689,1.1712,1.1684,1.1703,1.165773,1.168088,1.165365,1.167133,0.005835,0.000312,0.003167
2026.01.13 14:00,1.17025,1.17075,1.1691,1.1699,1.167133,1.167542,1.166181,1.166725,0.004569,0.001558,0.003175
2026.01.13 15:00,1.16985,1.16995,1.1678,1.16865,1.166725,1.166725,1.164822,1.165365,0.005128,0.001075,0.003285
2026.01.13 16:00,1.1686,1.16885,1.16685,1.168,1.165501,1.165637,1.163873,1.164958,0.004977,0.001213,0.003042
2026.01.13 17:00,1.16805,1.16825,1.16755,1.16805,1.164958,1.16523,1.164551,1.164822,0.003699,0.00232,0.003228
2026.01.13 18:00,1.168,1.1689,1.16755,1.16875,1.165094,1.165773,1.164551,1.165773,0.004349,0.001777,0.002977
2026.01.13 19:00,1.16875,1.1688,1.16805,1.16835,1.165637,1.165637,1.164958,1.165365,0.003842,0.002413,0.002985
2026.01.13 20:00,1.16835,1.16845,1.1679,1.168,1.16523,1.165365,1.164822,1.164958,0.003628,0.002535,0.003042
2026.01.13 21:00,1.16795,1.1681,1.16765,1.16775,1.164822,1.164958,1.164551,1.164551,0.003549,0.002692,0.003199
2026.01.13 23:00,1.16775,1.16795,1.1676,1.16765,1.164687,1.164958,1.164551,1.164551,0.003399,0.002642,0.003099
2026.01.14 00:00,1.16755,1.16775,1.1672,1.1677,1.164551,1.164687,1.164144,1.164687,0.003606,0.002513,0.003013
2026.01.14 01:00,1.1677,1.1677,1.167,1.1672,1.164687,1.164687,1.164009,1.164144,0.003691,0.002313,0.003056
2026.01.14 02:00,1.16725,1.1678,1.167,1.1677,1.164144,1.164822,1.164009,1.164822,0.003791,0.002178,0.002878
2026.01.14 03:00,1.16775,1.16825,1.16775,1.1681,1.164822,1.16523,1.164822,1.165094,0.003428,0.00252,0.003006
2026.01.14 04:00,1.1681,1.1682,1.1677,1.1678,1.164958,1.16523,1.164687,1.164687,0.003513,0.00247,0.003113
2026.01.14 05:00,1.1677,1.1678,1.16755,1.16755,1.164687,1.164958,1.164551,1.164551,0.003249,0.002592,0.002999
2026.01.14 06:00,1.16755,1.1684,1.1675,1.16825,1.164551,1.16523,1.164551,1.16523,0.003849,0.00227,0.00302
2026.01.14 07:00,1.16825,1.1686,1.1678,1.16795,1.16523,1.165501,1.164822,1.164958,0.003778,0.002299,0.002992
2026.01.14 08:00,1.16795,1.1684,1.16745,1.1681,1.164958,1.165365,1.164551,1.164958,0.003849,0.002085,0.003142
2026.01.14 09:00,1.1681,1.16875,1.168,1.16855,1.165094,1.165637,1.164958,1.165637,0.003792,0.002363,0.002913
2026.01.14 10:00,1.16855,1.1692,1.16805,1.16885,1.165501,1.166181,1.165094,1.165909,0.004106,0.001869,0.002941
2026.01.14 11:00,1.16885,1.1689,1.1678,1.16805,1.165773,1.165773,1.164822,1.164958,0.004078,0.002027,0.003092
2026.01.14 12:00,1.1681,1.16935,1.16785,1.16935,1.165094,1.166317,1.164822,1.166317,0.004528,0.001533,0.003033
2026.01.14 13:00,1.16935,1.1694,1.1676,1.16835,1.166317,1.166317,1.164958,1.165365,0.004442,0.001283,0.002985
2026.01.14 14:00,1.16835,1.1694,1.16825,1.16895,1.165365,1.166317,1.165365,1.165909,0.004035,0.001933,0.003041
2026.01.14 15:00,1.169,1.16945,1.16825,1.16935,1.165773,1.166317,1.165365,1.166317,0.004085,0.001933,0.003033
2026.01.14 16:00,1.16935,1.16955,1.1686,1.16885,1.166317,1.166453,1.165637,1.165909,0.003913,0.002147,0.002941
2026.01.14 17:00,1.1688,1.1689,1.16795,1.1681,1.165773,1.165909,1.164958,1.164958,0.003942,0.002041,0.003142
2026.01.14 18:00,1.16805,1.1681,1.16715,1.16715,1.164958,1.165094,1.16428,1.164415,0.00382,0.002056,0.002735
2026.01.14 19:00,1.16715,1.1673,1.1669,1.167,1.164144,1.16428,1.163873,1.164144,0.003427,0.00262,0.002856
2026.01.14 20:00,1.16695,1.1681,1.16695,1.16765,1.164009,1.165094,1.164009,1.164551,0.004091,0.001856,0.003099
2026.01.14 21:00,1.16765,1.168,1.1676,1.16775,1.164687,1.164958,1.164551,1.164822,0.003449,0.002642,0.002928
2026.01.14 23:00,1.1676,1.16785,1.1676,1.16765,1.16523,1.16523,1.164687,1.164958,0.003163,0.00237,0.002692
2026.01.15 00:00,1.1676,1.1677,1.1667,1.1669,1.164822,1.164958,1.163873,1.164009,0.003827,0.001742,0.002891
2026.01.15 01:00,1.1669,1.1673,1.16645,1.16705,1.164144,1.164551,1.163738,1.16428,0.003562,0.001899,0.00277
2026.01.15 02:00,1.16695,1.16725,1.16675,1.16715,1.164144,1.164415,1.164009,1.164415,0.003241,0.002334,0.002735
2026.01.15 03:00,1.16715,1.16725,1.1668,1.167,1.164415,1.164415,1.164009,1.16428,0.003241,0.002385,0.00272
2026.01.15 04:00,1.16705,1.16705,1.16655,1.1666,1.16428,1.16428,1.163738,1.163873,0.003312,0.00227,0.002727
2026.01.15 05:00,1.1669,1.1669,1.1666,1.16665,1.163738,1.164144,1.163738,1.163873,0.003162,0.002456,0.002777
2026.01.15 06:00,1.16665,1.16695,1.1661,1.1664,1.163873,1.164144,1.163332,1.163738,0.003618,0.001956,0.002662
2026.01.15 07:00,1.1664,1.16675,1.1657,1.166,1.163738,1.163873,1.163061,1.163196,0.003689,0.001827,0.002804
2026.01.15 08:00,1.16595,1.16665,1.1658,1.1662,1.163196,1.163873,1.163061,1.163467,0.003589,0.001927,0.002733
2026.01.15 09:00,1.1662,1.1671,1.16615,1.1667,1.163467,1.16428,1.163467,1.164009,0.003633,0.00187,0.002691
2026.01.15 10:00,1.16675,1.1672,1.16645,1.1667,1.164009,1.164415,1.163738,1.164009,0.003462,0.002035,0.002691
2026.01.15 11:00,1.1667,1.16695,1.16615,1.16625,1.164009,1.164144,1.163467,1.163467,0.003483,0.002006,0.002783
2026.01.15 12:00,1.16615,1.16665,1.16515,1.16545,1.163467,1.163873,1.16252,1.16252,0.00413,0.001277,0.00293
2026.01.15 13:00,1.16545,1.1656,1.16295,1.16325,1.162656,1.162791,1.160227,1.160227,0.005373,0.000159,0.003023
2026.01.15 14:00,1.1632,1.1642,1.1624,1.16315,1.160497,1.161305,1.159689,1.160362,0.004511,0.001095,0.002788
2026.01.15 15:00,1.1632,1.1641,1.1628,1.16335,1.160497,1.16117,1.160093,1.160497,0.004007,0.001629,0.002853
2026.01.15 16:00,1.1634,1.16425,1.16295,1.16355,1.160631,1.16144,1.160227,1.160901,0.004023,0.00151,0.002649
2026.01.15 17:00,1.1636,1.1645,1.16345,1.164,1.160766,1.16171,1.160766,1.161036,0.003734,0.00174,0.002964
2026.01.15 18:00,1.16405,1.16465,1.164,1.1646,1.161305,1.161845,1.161305,1.16171,0.003345,0.002155,0.00289
2026.01.15 19:00,1.16465,1.1649,1.16425,1.16445,1.161845,1.162115,1.161575,1.16171,0.003325,0.002135,0.00274
2026.01.15 20:00,1.16445,1.16465,1.16345,1.16355,1.16171,1.161845,1.160631,1.160766,0.004019,0.001605,0.002784
2026.01.15 21:00,1.1635,1.1642,1.16345,1.16405,1.160766,1.16144,1.160631,1.16144,0.003569,0.00201,0.00261
2026.01.15 23:00,1.16385,1.16415,1.16375,1.164,1.160901,1.161305,1.160901,1.161305,0.003249,0.002445,0.002695
2026.01.16 00:00,1.164,1.1641,1.1634,1.1635,1.161305,1.161305,1.160631,1.160766,0.003469,0.002095,0.002734
2026.01.16 01:00,1.16345,1.16395,1.16335,1.1638,1.160766,1.16117,1.160631,1.161036,0.003319,0.00218,0.002764
2026.01.16 02:00,1.16385,1.16455,1.16375,1.16405,1.161036,1.16171,1.161036,1.16117,0.003514,0.00204,0.00288
2026.01.16 03:00,1.1641,1.16435,1.1638,1.1643,1.161305,1.161575,1.161036,1.161575,0.003314,0.002225,0.002725
2026.01.16 04:00,1.16435,1.16445,1.16415,1.16425,1.161575,1.16171,1.16144,1.16144,0.00301,0.00244,0.00281
2026.01.16 05:00,1.1642,1.1642,1.1637,1.1638,1.16144,1.16144,1.160901,1.161036,0.003299,0.00226,0.002764
2026.01.16 06:00,1.1638,1.1641,1.1635,1.16405,1.161036,1.161305,1.160766,1.161305,0.003334,0.002195,0.002745
2026.01.16 07:00,1.164,1.1646,1.16395,1.1643,1.16117,1.16171,1.16117,1.161575,0.00343,0.00224,0.002725
2026.01.16 08:00,1.16435,1.1646,1.164,1.16405,1.161575,1.16171,1.16117,1.161305,0.00343,0.00229,0.002745
2026.01.16 09:00,1.16405,1.16465,1.1639,1.1639,1.161305,1.161845,1.16117,1.16117,0.003479,0.002055,0.00273
2026.01.16 10:00,1.164,1.1649,1.1639,1.16445,1.16117,1.16225,1.16117,1.161845,0.003729,0.00165,0.002605
2026.01.16 11:00,1.1644,1.16545,1.16435,1.165,1.16171,1.162656,1.16171,1.16225,0.00374,0.001694,0.00275
2026.01.16 12:00,1.16505,1.1653,1.16445,1.16505,1.16225,1.16252,1.16171,1.16225,0.00359,0.00193,0.0028
2026.01.16 13:00,1.165,1.1652,1.16425,1.16495,1.16225,1.162385,1.16144,1.16225,0.00376,0.001865,0.0027
2026.01.16 14:00,1.165,1.1652,1.16435,1.1649,1.16225,1.162385,1.16171,1.16198,0.00349,0.001965,0.00292
2026.01.16 15:00,1.165,1.16585,1.16155,1.16245,1.162115,1.162926,1.159017,1.159689,0.006833,-0.001376,0.002761
2026.01.16 16:00,1.1625,1.1637,1.1625,1.1629,1.159824,1.160901,1.159824,1.160093,0.003876,0.001599,0.002807
2026.01.16 17:00,1.16295,1.1634,1.1626,1.16265,1.160227,1.160631,1.159824,1.159958,0.003576,0.001969,0.002692
2026.01.16 18:00,1.16265,1.16305,1.16205,1.16265,1.159824,1.160227,1.159286,1.159958,0.003764,0.001823,0.002692
2026.01.16 19:00,1.16265,1.16285,1.1622,1.16275,1.159824,1.160093,1.159555,1.159958,0.003295,0.002107,0.002792
2026.01.16 20:00,1.16275,1.16335,1.16265,1.16305,1.159958,1.160631,1.159958,1.160362,0.003392,0.002019,0.002688
2026.01.16 21:00,1.163,1.16335,1.16285,1.16305,1.160227,1.160631,1.160093,1.160227,0.003257,0.002219,0.002823
2026.01.19 04:00,1.1627,1.1665,1.1627,1.16635,1.162926,1.163603,1.162926,1.163603,0.003574,-0.000903,0.002747
2026.01.20 05:00,1.16955,1.17025,1.16935,1.16935,1.166997,1.167542,1.166725,1.166725,0.003525,0.001808,0.002625
2026.01.20 06:00,1.16935,1.17,1.1693,1.1699,1.166589,1.16727,1.166589,1.16727,0.003411,0.00203,0.00263
2026.01.20 07:00,1.16985,1.1725,1.1694,1.17195,1.167133,1.169727,1.166725,1.169317,0.005775,-0.000327,0.002633
2026.01.20 08:00,1.17195,1.17525,1.1718,1.1747,1.16918,1.17247,1.16918,1.172058,0.00607,-0.00067,0.002642
2026.01.20 09:00,1.1747,1.17635,1.17465,1.1757,1.172196,1.173571,1.172058,1.172883,0.004292,0.001079,0.002817
2026.01.20 10:00,1.17565,1.1763,1.17465,1.1762,1.173158,1.173434,1.171921,1.173434,0.004379,0.001216,0.002766
2026.01.20 11:00,1.1762,1.177,1.1753,1.1766,1.173434,1.17426,1.172608,1.173709,0.004392,0.00104,0.002891
2026.01.20 12:00,1.17655,1.17745,1.17565,1.1757,1.173847,1.174674,1.17302,1.17302,0.004429,0.000976,0.002679
2026.01.20 13:00,1.17565,1.1801,1.1749,1.17645,1.173158,1.177024,1.172333,1.173847,0.007767,-0.002124,0.002603
2026.01.20 14:00,1.1764,1.1768,1.1746,1.175,1.173709,1.173847,1.172058,1.172196,0.004742,0.000753,0.002804
2026.01.20 15:00,1.17505,1.1768,1.1747,1.1758,1.172058,1.173985,1.172058,1.173158,0.004742,0.000715,0.002642
2026.01.20 16:00,1.17575,1.17705,1.17575,1.177,1.173158,1.17426,1.173158,1.17426,0.003892,0.00149,0.00274
2026.01.20 17:00,1.17695,1.17735,1.17605,1.17625,1.174122,1.174536,1.173434,1.173571,0.003917,0.001514,0.002679
2026.01.20 18:00,1.1762,1.17645,1.17575,1.17575,1.173434,1.173709,1.17302,1.17302,0.00343,0.002041,0.00273
2026.01.20 19:00,1.17575,1.1759,1.17415,1.1743,1.173158,1.173158,1.171509,1.171509,0.004391,0.000992,0.002791
2026.01.20 20:00,1.1743,1.17515,1.1741,1.17495,1.171509,1.172333,1.171509,1.172196,0.003641,0.001767,0.002754
2026.01.20 21:00,1.17505,1.17575,1.17475,1.1756,1.172196,1.17302,1.172196,1.17302,0.003554,0.001729,0.00258
2026.01.20 23:00,1.1755,1.17595,1.1752,1.17575,1.172745,1.173158,1.17247,1.173158,0.00348,0.002042,0.002592
2026.01.21 00:00,1.1757,1.1757,1.17465,1.1754,1.172745,1.172883,1.172058,1.172608,0.003642,0.001767,0.002792
2026.01.21 01:00,1.1754,1.17645,1.1753,1.1759,1.172745,1.173709,1.172745,1.173158,0.003705,0.001591,0.002742
2026.01.21 02:00,1.17595,1.17615,1.17545,1.17565,1.173158,1.173434,1.172745,1.172883,0.003405,0.002016,0.002767
2026.01.21 03:00,1.1757,1.1759,1.1741,1.1749,1.173158,1.173158,1.171509,1.172196,0.004391,0.000942,0.002705
2026.01.21 04:00,1.17495,1.1751,1.17445,1.17485,1.172196,1.17247,1.171783,1.172196,0.003317,0.00198,0.002654
2026.01.21 05:00,1.17515,1.1752,1.1746,1.17475,1.172196,1.17247,1.171921,1.172058,0.003279,0.00213,0.002692
2026.01.21 06:00,1.17475,1.1755,1.1746,1.17535,1.171921,1.172883,1.171921,1.172745,0.003579,0.001717,0.002605
2026.01.21 07:00,1.17535,1.17555,1.174,1.17475,1.17247,1.172883,1.171509,1.172058,0.004041,0.001117,0.002692
2026.01.21 08:00,1.17475,1.17495,1.1735,1.17405,1.172196,1.172196,1.17096,1.171372,0.00399,0.001304,0.002678
2026.01.21 09:00,1.174,1.1743,1.17315,1.1734,1.171234,1.171646,1.170549,1.170686,0.003751,0.001504,0.002714
2026.01.21 10:00,1.17335,1.17385,1.17315,1.1737,1.170686,1.171234,1.170412,1.17096,0.003438,0.001915,0.00274
2026.01.21 11:00,1.1737,1.1751,1.1734,1.1744,1.17096,1.172333,1.170823,1.171646,0.004277,0.001067,0.002754
2026.01.21 12:00,1.17445,1.17655,1.1742,1.1765,1.171646,1.173985,1.171646,1.173847,0.004904,0.000216,0.002653
2026.01.21 13:00,1.1765,1.1773,1.17585,1.17695,1.173709,1.174536,1.173296,1.174122,0.004004,0.001314,0.002828
2026.01.21 14:00,1.17695,1.1771,1.17455,1.1755,1.174398,1.174398,1.172058,1.172883,0.005042,0.000152,0.002617
2026.01.21 15:00,1.17545,1.1759,1.17305,1.17325,1.172745,1.173158,1.170412,1.170549,0.005488,-0.000108,0.002701
2026.01.21 16:00,1.17325,1.1741,1.1725,1.1733,1.170549,1.171372,1.169864,1.170686,0.004236,0.001128,0.002614
2026.01.21 17:00,1.17335,1.17415,1.1727,1.1733,1.170686,1.171509,1.170138,1.170686,0.004012,0.001191,0.002614
2026.01.21 18:00,1.17335,1.17335,1.1724,1.1727,1.170549,1.170549,1.169864,1.170001,0.003486,0.001851,0.002699
2026.01.21 19:00,1.1727,1.17355,1.1707,1.17215,1.169864,1.170823,1.168224,1.16918,0.005326,-0.000123,0.00297
2026.01.21 20:00,1.17215,1.1722,1.17065,1.1717,1.169317,1.169317,1.168088,1.16918,0.004112,0.001333,0.00252
2026.01.21 21:00,1.17175,1.17195,1.1714,1.17155,1.169044,1.169317,1.16877,1.168907,0.00318,0.002083,0.002643
2026.01.21 23:00,1.17125,1.1714,1.16975,1.17015,1.16877,1.168907,1.167542,1.167542,0.003858,0.000843,0.002608
2026.01.22 00:00,1.17015,1.17185,1.17015,1.17155,1.167679,1.169317,1.167679,1.169044,0.004171,0.000833,0.002506
2026.01.22 01:00,1.17155,1.17185,1.171,1.1717,1.169044,1.169317,1.168634,1.169317,0.003216,0.001683,0.002383
2026.01.22 02:00,1.1717,1.1722,1.1712,1.1714,1.16918,1.169727,1.16877,1.168907,0.00343,0.001473,0.002493
2026.01.22 03:00,1.17145,1.17185,1.17135,1.1717,1.169044,1.169317,1.168907,1.169317,0.002943,0.002033,0.002383
2026.01.22 04:00,1.17175,1.1726,1.1717,1.172,1.169317,1.170001,1.169317,1.169454,0.003283,0.001699,0.002546
2026.01.22 05:00,1.17195,1.17205,1.1713,1.17165,1.169454,1.169454,1.16877,1.16918,0.00328,0.001846,0.00247
2026.01.22 06:00,1.1717,1.172,1.1713,1.17165,1.16918,1.169454,1.16877,1.16918,0.00323,0.001846,0.00247
2026.01.22 07:00,1.17165,1.17245,1.1713,1.1719,1.169044,1.169864,1.168907,1.169454,0.003543,0.001436,0.002446
2026.01.22 08:00,1.17185,1.1723,1.1712,1.1717,1.169317,1.169864,1.16877,1.169317,0.00353,0.001336,0.002383
2026.01.22 09:00,1.17175,1.17255,1.1716,1.1721,1.16918,1.170001,1.16918,1.169454,0.00337,0.001599,0.002646
2026.01.22 10:00,1.1721,1.17235,1.17145,1.17235,1.169727,1.169864,1.169044,1.169727,0.003306,0.001586,0.002623
2026.01.22 11:00,1.1723,1.17325,1.17185,1.173,1.169727,1.170823,1.169454,1.170686,0.003796,0.001027,0.002314
2026.01.22 12:00,1.173,1.17375,1.17285,1.17325,1.170549,1.171234,1.170412,1.170823,0.003338,0.001616,0.002427
2026.01.22 13:00,1.1732,1.1747,1.1729,1.1742,1.170686,1.172196,1.170686,1.171646,0.004014,0.000704,0.002554
2026.01.22 14:00,1.17425,1.17545,1.1739,1.17485,1.171783,1.172883,1.171509,1.172333,0.003941,0.001017,0.002517
2026.01.22 15:00,1.17485,1.17625,1.17465,1.1762,1.17247,1.173709,1.172333,1.173709,0.003917,0.000941,0.002491
2026.01.22 16:00,1.1762,1.1779,1.17615,1.1767,1.173709,1.175364,1.173709,1.17426,0.004191,0.000786,0.00244
2026.01.22 17:00,1.1767,1.17765,1.1755,1.17755,1.17426,1.175088,1.173709,1.175088,0.003941,0.000412,0.002462
2026.01.22 18:00,1.17745,1.1777,1.17715,1.1776,1.174812,1.175226,1.174674,1.175088,0.003026,0.001924,0.002512
2026.01.22 19:00,1.1776,1.17765,1.17695,1.17725,1.175088,1.175088,1.174536,1.174812,0.003114,0.001862,0.002438
2026.01.22 20:00,1.17725,1.17815,1.17705,1.17775,1.174674,1.175503,1.174536,1.175088,0.003614,0.001547,0.002662
2026.01.22 21:00,1.1777,1.17845,1.1775,1.17835,1.175226,1.176055,1.175088,1.175641,0.003362,0.001445,0.002709
2026.01.22 23:00,1.17835,1.17875,1.1781,1.1782,1.176055,1.176471,1.175641,1.175779,0.003109,0.001629,0.002421
2026.01.23 00:00,1.17815,1.17815,1.17755,1.1776,1.175641,1.175641,1.175226,1.175226,0.002924,0.001909,0.002374
2026.01.23 01:00,1.1776,1.1782,1.17745,1.17775,1.175088,1.175641,1.175088,1.175226,0.003112,0.001809,0.002524
2026.01.23 02:00,1.1777,1.1778,1.1772,1.17735,1.175364,1.175364,1.174812,1.17495,0.002988,0.001836,0.0024
2026.01.23 03:00,1.17735,1.17765,1.17715,1.17715,1.17495,1.175226,1.174674,1.174674,0.002976,0.001924,0.002476
2026.01.23 04:00,1.17715,1.17785,1.17715,1.1778,1.174812,1.175364,1.174674,1.175364,0.003176,0.001786,0.002436
2026.01.23 05:00,1.178,1.1782,1.17775,1.1779,1.175503,1.175641,1.175364,1.175364,0.002836,0.002109,0.002536
2026.01.23 06:00,1.17785,1.1781,1.17695,1.177,1.175364,1.175779,1.174536,1.174536,0.003564,0.001171,0.002464
2026.01.23 07:00,1.17695,1.1775,1.17625,1.1764,1.174674,1.174812,1.173985,1.173985,0.003515,0.001438,0.002415
2026.01.23 08:00,1.17635,1.1773,1.1756,1.1768,1.17426,1.174812,1.173158,1.174398,0.004142,0.000788,0.002402
2026.01.23 09:00,1.1768,1.1773,1.1763,1.17635,1.174398,1.174812,1.173847,1.173847,0.003453,0.001488,0.002503
2026.01.23 10:00,1.1763,1.1764,1.1758,1.1762,1.173847,1.173847,1.173434,1.173709,0.002966,0.001953,0.002491
2026.01.23 11:00,1.17625,1.17685,1.17585,1.17655,1.173847,1.174398,1.173434,1.174122,0.003416,0.001452,0.002428
2026.01.23 12:00,1.1765,1.1772,1.17645,1.17705,1.174122,1.174812,1.174122,1.174536,0.003078,0.001638,0.002514
2026.01.23 13:00,1.17705,1.17755,1.17605,1.17615,1.174674,1.175088,1.173709,1.173709,0.003841,0.000962,0.002441
2026.01.23 14:00,1.17615,1.17765,1.17595,1.17745,1.173847,1.175088,1.173571,1.17495,0.004079,0.000862,0.0025
2026.01.23 15:00,1.17745,1.17895,1.17735,1.17865,1.175088,1.176332,1.17495,1.176194,0.004,0.001018,0.002456
2026.01.23 16:00,1.17865,1.18035,1.17745,1.17985,1.176055,1.177718,1.175088,1.17744,0.005262,-0.000268,0.00241
2026.01.23 17:00,1.1799,1.18265,1.1797,1.1822,1.17744,1.18008,1.17744,1.179802,0.00521,-0.00038,0.002398
2026.01.23 18:00,1.18225,1.18235,1.18055,1.18205,1.179523,1.179663,1.178134,1.179523,0.004216,0.000887,0.002527
2026.01.23 19:00,1.18205,1.1843,1.18195,1.184,1.179523,1.181754,1.179523,1.181614,0.004776,0.000196,0.002386
2026.01.23 20:00,1.184,1.18545,1.1838,1.1849,1.181614,1.182872,1.181474,1.182592,0.003976,0.000928,0.002308
2026.01.23 21:00,1.18495,1.1862,1.1849,1.18605,1.182452,1.183572,1.182452,1.183292,0.003748,0.001328,0.002758
2026.01.26 00:00,1.18875,1.1891,1.1872,1.1889,1.185677,1.186662,1.184834,1.186521,0.004266,0.000538,0.002379
2026.01.26 01:00,1.1889,1.1897,1.18825,1.18855,1.186662,1.187225,1.185818,1.186099,0.003882,0.001024,0.002451
2026.01.26 02:00,1.1885,1.19045,1.18835,1.1895,1.185958,1.187931,1.185958,1.187085,0.004492,0.000419,0.002415
2026.01.26 03:00,1.1895,1.1895,1.1886,1.18895,1.186944,1.186944,1.18624,1.186521,0.00326,0.001656,0.002429
2026.01.26 04:00,1.189,1.18965,1.18835,1.1887,1.18638,1.187085,1.185958,1.18624,0.003692,0.001265,0.00246
2026.01.26 05:00,1.1887,1.1897,1.1886,1.18925,1.18638,1.187225,1.18624,1.186803,0.00346,0.001374,0.002447
2026.01.26 06:00,1.1893,1.1893,1.18785,1.18795,1.186803,1.186803,1.185536,1.185536,0.003764,0.001047,0.002414
2026.01.26 07:00,1.18795,1.18905,1.18645,1.18665,1.185536,1.186662,1.184273,1.184273,0.004777,-0.000212,0.002377
2026.01.26 08:00,1.18665,1.1887,1.1866,1.18815,1.184694,1.18624,1.184273,1.185677,0.004427,0.00036,0.002473
2026.01.26 09:00,1.1882,1.1895,1.187,1.18915,1.185536,1.187085,1.184553,1.186803,0.004947,-8.5e-05,0.002347
2026.01.26 10:00,1.18915,1.1893,1.18815,1.18885,1.186803,1.186803,1.185677,1.18638,0.003623,0.001347,0.00247
2026.01.26 11:00,1.1888,1.1888,1.18765,1.1884,1.18638,1.18638,1.185255,1.185958,0.003545,0.00127,0.002442
2026.01.26 12:00,1.18835,1.18845,1.18675,1.187,1.185818,1.185958,1.184413,1.184553,0.004037,0.000792,0.002447
2026.01.26 13:00,1.187,1.1885,1.18625,1.18835,1.184553,1.185958,1.183992,1.185958,0.004508,0.000292,0.002392
2026.01.26 14:00,1.1884,1.19075,1.188,1.1907,1.185958,1.188354,1.185677,1.188354,0.005073,-0.000354,0.002346
2026.01.26 15:00,1.1907,1.19245,1.1898,1.1923,1.188213,1.18991,1.187507,1.18991,0.004943,-0.00011,0.00239
2026.01.26 16:00,1.19225,1.19345,1.19075,1.1914,1.190051,1.190618,1.188354,1.188919,0.005096,0.000132,0.002481
2026.01.26 17:00,1.19135,1.19195,1.19025,1.19065,1.188919,1.189485,1.187931,1.188213,0.004019,0.000765,0.002437
2026.01.26 18:00,1.1907,1.1918,1.1906,1.19065,1.188213,1.189343,1.188213,1.188354,0.003587,0.001257,0.002296
2026.01.26 19:00,1.1907,1.191,1.18985,1.19075,1.188213,1.188495,1.187366,1.188213,0.003633,0.001355,0.002537
2026.01.26 20:00,1.19075,1.19115,1.1905,1.19105,1.188637,1.188778,1.188072,1.188637,0.003078,0.001722,0.002413
2026.01.26 21:00,1.19105,1.1914,1.1902,1.1909,1.188637,1.188919,1.18779,1.188354,0.00361,0.001281,0.002546
2026.01.26 23:00,1.1906,1.19095,1.1899,1.1901,1.188495,1.188495,1.187648,1.18779,0.003302,0.001405,0.00231
2026.01.27 00:00,1.1901,1.19105,1.19,1.1905,1.18779,1.188637,1.18779,1.188072,0.00326,0.001363,0.002428
2026.01.27 01:00,1.19045,1.1909,1.1901,1.1906,1.188213,1.188495,1.18779,1.188213,0.00311,0.001605,0.002387
2026.01.27 02:00,1.1906,1.1927,1.19035,1.19205,1.188213,1.190334,1.187931,1.189768,0.004769,1.6e-05,0.002282
2026.01.27 03:00,1.19205,1.19205,1.1907,1.1907,1.189626,1.189626,1.188354,1.188354,0.003696,0.001074,0.002346
2026.01.27 04:00,1.19075,1.19095,1.1897,1.19,1.188354,1.188495,1.187366,1.187648,0.003584,0.001205,0.002352
2026.01.27 05:00,1.19015,1.1906,1.1899,1.1904,1.187648,1.188213,1.187648,1.188072,0.002952,0.001687,0.002328
2026.01.27 06:00,1.19035,1.19085,1.1898,1.18995,1.187931,1.188495,1.187507,1.187507,0.003343,0.001305,0.002443
2026.01.27 07:00,1.18995,1.1903,1.18885,1.1891,1.187648,1.187931,1.186521,1.186803,0.003779,0.000919,0.002297
2026.01.27 08:00,1.18915,1.18945,1.18775,1.1888,1.186944,1.186944,1.185536,1.18638,0.003914,0.000806,0.00242
2026.01.27 09:00,1.18875,1.19175,1.1886,1.19155,1.18624,1.189202,1.18624,1.189202,0.00551,-0.000602,0.002348
2026.01.27 10:00,1.1916,1.1917,1.1901,1.1916,1.189061,1.189343,1.18779,1.189202,0.00391,0.000757,0.002398
2026.01.27 11:00,1.19165,1.1924,1.19125,1.19225,1.189202,1.190051,1.188919,1.190051,0.003481,0.001199,0.002199
2026.01.27 12:00,1.19225,1.19615,1.19215,1.19555,1.18991,1.19346,1.189768,1.193175,0.006382,-0.00131,0.002375
2026.01.27 13:00,1.1955,1.1966,1.19415,1.19505,1.193602,1.194172,1.191895,1.192748,0.004705,-2.2e-05,0.002302
2026.01.27 14:00,1.19505,1.19835,1.1946,1.19715,1.192748,1.195743,1.192321,1.194743,0.006029,-0.001143,0.002407
2026.01.27 15:00,1.1971,1.20005,1.19705,1.19785,1.195314,1.197461,1.195171,1.195314,0.004879,-0.000411,0.002536
2026.01.27 16:00,1.1978,1.2018,1.1977,1.20065,1.1956,1.199328,1.1956,1.198322,0.0062,-0.001628,0.002328
2026.01.27 17:00,1.20065,1.2011,1.1986,1.2008,1.198179,1.19861,1.196315,1.198322,0.004785,-1e-05,0.002478
2026.01.27 18:00,1.20075,1.2015,1.1999,1.20055,1.198466,1.199041,1.197605,1.198322,0.003895,0.000859,0.002228
2026.01.27 19:00,1.2005,1.20085,1.19985,1.2005,1.198035,1.198322,1.197605,1.198035,0.003245,0.001528,0.002465
2026.01.27 20:00,1.2005,1.21105,1.19995,1.20575,1.197892,1.208459,1.197892,1.203659,0.013158,-0.008509,0.002091
2026.01.27 21:00,1.2057,1.20775,1.2051,1.207,1.203514,1.205255,1.20279,1.204384,0.004959,-0.000155,0.002616
2026.01.27 23:00,1.20735,1.2074,1.2043,1.20495,1.204529,1.204529,1.202068,1.202212,0.005332,-0.000229,0.002738
2026.01.28 00:00,1.20495,1.205,1.20345,1.2042,1.202357,1.202646,1.201345,1.201923,0.003655,0.000804,0.002277
2026.01.28 01:00,1.2042,1.20425,1.20195,1.20195,1.20149,1.201634,1.19976,1.19976,0.00449,0.000316,0.00219
2026.01.28 02:00,1.202,1.20265,1.2014,1.20245,1.200048,1.200336,1.199185,1.200048,0.003465,0.001064,0.002402
2026.01.28 03:00,1.20245,1.2032,1.2022,1.20235,1.200048,1.200769,1.199904,1.200048,0.003296,0.001431,0.002302
2026.01.28 04:00,1.2024,1.2028,1.2018,1.2028,1.200048,1.20048,1.199472,1.20048,0.003328,0.00132,0.00232
2026.01.28 05:00,1.2008,1.2024,1.2004,1.2024,1.200336,1.200336,1.198035,1.200048,0.004365,6.4e-05,0.002352
2026.01.28 06:00,1.20235,1.20335,1.20175,1.2022,1.200048,1.200913,1.199616,1.199904,0.003734,0.000837,0.002296
2026.01.28 07:00,1.20225,1.20525,1.20115,1.2018,1.199904,1.202935,1.198897,1.199472,0.006353,-0.001785,0.002328
2026.01.28 08:00,1.20185,1.20315,1.1997,1.20075,1.199328,1.200624,1.197461,1.198322,0.005689,-0.000924,0.002428
2026.01.28 09:00,1.2007,1.20195,1.2002,1.20135,1.198897,1.199616,1.198035,1.199185,0.003915,0.000584,0.002165
2026.01.28 10:00,1.20135,1.2022,1.19995,1.2016,1.199185,1.199616,1.197748,1.199328,0.004452,0.000334,0.002272
2026.01.28 11:00,1.2016,1.2017,1.1989,1.1995,1.199041,1.199041,1.196602,1.197175,0.005098,-0.000141,0.002325
2026.01.28 12:00,1.19945,1.201,1.1993,1.20065,1.197318,1.19861,1.197031,1.198322,0.003969,0.00069,0.002328
2026.01.28 13:00,1.2007,1.2008,1.19785,1.19845,1.198179,1.198322,1.195743,1.196029,0.005057,-0.000472,0.002421
2026.01.28 14:00,1.19845,1.20045,1.19795,1.19895,1.196029,1.198035,1.195743,1.196602,0.004707,-8.5e-05,0.002348
2026.01.28 15:00,1.19895,1.1997,1.1949,1.19705,1.196602,1.197318,1.193602,1.1946,0.006098,-0.002418,0.00245
2026.01.28 16:00,1.197,1.19795,1.1945,1.1967,1.195029,1.195457,1.192606,1.194315,0.005344,-0.000957,0.002385
2026.01.28 17:00,1.1967,1.197,1.1955,1.19675,1.194458,1.1946,1.193317,1.194458,0.003683,0.0009,0.002292
2026.01.28 18:00,1.19675,1.1969,1.1941,1.19485,1.194458,1.1946,1.191895,1.192606,0.005005,-0.0005,0.002244
2026.01.28 19:00,1.19485,1.19685,1.1922,1.19665,1.193745,1.194458,1.190618,1.194458,0.006232,-0.002258,0.002192
2026.01.28 20:00,1.19675,1.1977,1.19565,1.19725,1.194743,1.195314,1.193317,1.194886,0.004383,0.000336,0.002364
2026.01.28 21:00,1.1972,1.1981,1.19685,1.1981,1.194886,1.195886,1.1946,1.195886,0.0035,0.000964,0.002214
2026.01.28 23:00,1.1982,1.2006,1.19775,1.2006,1.195886,1.198035,1.1956,1.198035,0.005,-0.000285,0.002565
2026.01.29 00:00,1.20055,1.201,1.1994,1.19985,1.198179,1.198753,1.197318,1.197748,0.003682,0.000647,0.002102
2026.01.29 01:00,1.19985,1.19985,1.1982,1.19865,1.197461,1.197461,1.196172,1.196458,0.003678,0.000739,0.002192
2026.01.29 02:00,1.19865,1.20005,1.19785,1.19985,1.196315,1.197892,1.195886,1.197605,0.004164,-4.2e-05,0.002245
2026.01.29 03:00,1.1998,1.2012,1.1996,1.2011,1.197461,1.199041,1.197461,1.199041,0.003739,0.000559,0.002059
2026.01.29 04:00,1.20115,1.2016,1.2,1.2015,1.199185,1.199328,1.198035,1.199328,0.003565,0.000672,0.002172
2026.01.29 05:00,1.2016,1.20185,1.2006,1.20065,1.199472,1.199616,1.198466,1.198466,0.003384,0.000984,0.002184
2026.01.29 06:00,1.2006,1.20145,1.20005,1.20095,1.198466,1.199328,1.198035,1.198897,0.003415,0.000722,0.002053
2026.01.29 07:00,1.2009,1.2022,1.19925,1.1999,1.199041,1.19976,1.197175,1.197748,0.005025,-0.00051,0.002152
2026.01.29 08:00,1.1999,1.20105,1.19865,1.19935,1.198179,1.198897,1.196602,1.197031,0.004448,-0.000247,0.002319
2026.01.29 09:00,1.19935,1.19995,1.19765,1.19805,1.197175,1.197605,1.1956,1.195886,0.00435,4.5e-05,0.002164
2026.01.29 10:00,1.1981,1.1983,1.1962,1.1967,1.196029,1.196029,1.194315,1.1946,0.003985,0.000171,0.0021
2026.01.29 11:00,1.19675,1.19785,1.1963,1.1972,1.1946,1.1956,1.194315,1.195171,0.003535,0.0007,0.002028
2026.01.29 12:00,1.19725,1.19875,1.1967,1.1986,1.195029,1.196458,1.1946,1.196458,0.00415,0.000242,0.002142
2026.01.29 13:00,1.19855,1.1996,1.19645,1.19805,1.196602,1.197175,1.194743,1.195886,0.004857,-0.000725,0.002164
2026.01.29 14:00,1.1982,1.19965,1.1977,1.1995,1.196172,1.197318,1.1956,1.197175,0.00405,0.000382,0.002325
2026.01.29 15:00,1.1995,1.1998,1.1931,1.1954,1.197031,1.197031,1.191185,1.193317,0.008615,-0.003931,0.002083
2026.01.29 16:00,1.19545,1.19775,1.1952,1.19675,1.19346,1.195457,1.193175,1.1946,0.004575,-0.000257,0.00215
2026.01.29 17:00,1.1968,1.19865,1.19675,1.19805,1.194886,1.196458,1.194743,1.195886,0.003907,0.000292,0.002164
2026.01.29 18:00,1.1981,1.19895,1.19735,1.1983,1.195743,1.196745,1.195314,1.196315,0.003636,0.000605,0.001985
2026.01.29 19:00,1.19825,1.1985,1.1975,1.19765,1.195886,1.196315,1.195457,1.195457,0.003043,0.001185,0.002193
2026.01.29 20:00,1.1976,1.1993,1.19705,1.199,1.195457,1.197175,1.195029,1.196745,0.004271,-0.000125,0.002255
2026.01.29 21:00,1.199,1.1997,1.1987,1.19955,1.196745,1.197461,1.196602,1.197461,0.003098,0.001239,0.002089
2026.01.29 23:00,1.19905,1.1999,1.1989,1.1992,1.197461,1.197748,1.196888,1.196888,0.003012,0.001152,0.002312
2026.01.30 00:00,1.1992,1.1998,1.19545,1.19565,1.197031,1.197748,1.19346,1.19346,0.00634,-0.002298,0.00219
2026.01.30 01:00,1.19565,1.1964,1.19385,1.1941,1.193317,1.194315,1.191895,1.192037,0.004505,-0.000465,0.002063
2026.01.30 02:00,1.1942,1.19525,1.1917,1.1943,1.191753,1.192321,1.18991,1.192179,0.00534,-0.000621,0.002121
2026.01.30 03:00,1.19435,1.1947,1.1937,1.1944,1.192179,1.192606,1.191753,1.192464,0.002947,0.001094,0.001936
2026.01.30 04:00,1.1944,1.19585,1.1943,1.1948,1.192321,1.193745,1.192321,1.19289,0.003529,0.000555,0.00191
2026.01.30 05:00,1.19535,1.1959,1.1939,1.1949,1.19289,1.193887,1.191895,1.192748,0.004005,1.3e-05,0.002152
2026.01.30 06:00,1.19485,1.1957,1.19385,1.1942,1.19289,1.193602,1.191753,1.192179,0.003947,0.000248,0.002021
2026.01.30 07:00,1.1943,1.19675,1.1939,1.19615,1.192179,1.194458,1.191895,1.19403,0.004855,-0.000558,0.00212
2026.01.30 08:00,1.19625,1.19675,1.19475,1.1957,1.194172,1.1946,1.192748,1.193602,0.004002,0.00015,0.002098
2026.01.30 09:00,1.19575,1.1962,1.19225,1.19315,1.194315,1.194315,1.190334,1.191185,0.005866,-0.002065,0.001965
2026.01.30 10:00,1.1932,1.19495,1.1929,1.19445,1.191327,1.19289,1.191043,1.192464,0.003907,1e-05,0.001986
2026.01.30 11:00,1.1946,1.1975,1.1945,1.1973,1.192464,1.195314,1.192464,1.195314,0.005036,-0.000814,0.001986
2026.01.30 12:00,1.1973,1.1979,1.1939,1.1944,1.195457,1.195886,1.191895,1.192179,0.006005,-0.001986,0.002221
2026.01.30 13:00,1.19435,1.1949,1.1926,1.19365,1.192464,1.192748,1.19076,1.191611,0.00414,-0.000148,0.002039
2026.01.30 14:00,1.1937,1.1945,1.1925,1.19305,1.192037,1.192464,1.19076,1.191043,0.00374,3.6e-05,0.002007
2026.01.30 15:00,1.193,1.193,1.19075,1.19195,1.190618,1.19076,1.188919,1.18991,0.004081,-1e-05,0.00204
2026.01.30 16:00,1.1919,1.1922,1.1895,1.191,1.190051,1.190051,1.187931,1.188919,0.004269,-0.000551,0.002081
2026.01.30 17:00,1.191,1.19115,1.18905,1.18965,1.188919,1.188919,1.187085,1.187507,0.004065,0.000131,0.002143
2026.01.30 18:00,1.1896,1.19765,1.1879,1.19025,1.187507,1.188637,1.185958,1.188213,0.011692,-0.000737,0.002037
2026.01.30 19:00,1.1902,1.19095,1.18885,1.1894,1.188495,1.188637,1.187085,1.187225,0.003865,0.000213,0.002174
2026.01.30 20:00,1.18935,1.1894,1.1877,1.1877,1.187085,1.187085,1.185677,1.185677,0.003723,0.000615,0.002023
2026.01.30 21:00,1.18775,1.18805,1.18735,1.18745,1.185677,1.185958,1.185396,1.185396,0.002654,0.001392,0.002054
2026.02.02 00:00,1.18705,1.1898,1.18705,1.189,1.185255,1.18779,1.185255,1.186944,0.004545,-0.00074,0.002056
2026.02.02 01:00,1.189,1.1896,1.18765,1.18945,1.186944,1.187507,1.185818,1.187507,0.003782,0.000143,0.001943
2026.02.02 02:00,1.18945,1.18985,1.18865,1.18865,1.187507,1.18779,1.186803,1.186803,0.003047,0.00086,0.001847
2026.02.02 03:00,1.1887,1.18955,1.1887,1.18875,1.186662,1.187507,1.186662,1.186944,0.002888,0.001193,0.001806
2026.02.02 04:00,1.1888,1.1896,1.18815,1.1885,1.186803,1.187366,1.18624,1.186521,0.00336,0.000784,0.001979
2026.02.02 05:00,1.18865,1.1887,1.18645,1.18745,1.186662,1.186662,1.184553,1.185396,0.004147,-0.000212,0.002054
2026.02.02 06:00,1.18745,1.18785,1.1867,1.1877,1.185536,1.185818,1.184834,1.185677,0.003016,0.000882,0.002023
2026.02.02 07:00,1.18775,1.18875,1.1875,1.1877,1.185677,1.186662,1.185536,1.185818,0.003214,0.000838,0.001882
2026.02.02 08:00,1.18775,1.189,1.18675,1.18745,1.186099,1.186803,1.184834,1.184834,0.004166,-5.3e-05,0.002616
2026.02.02 09:00,1.1874,1.18885,1.18685,1.1886,1.185536,1.186803,1.184974,1.186662,0.003876,4.7e-05,0.001938
2026.02.02 10:00,1.18855,1.1894,1.18825,1.18885,1.18638,1.187225,1.18624,1.186944,0.00316,0.001024,0.001906
2026.02.02 11:00,1.18885,1.1895,1.1884,1.18885,1.186944,1.187507,1.186521,1.186944,0.002979,0.000893,0.001906
2026.02.02 12:00,1.1888,1.18935,1.1866,1.18735,1.186662,1.187225,1.184694,1.185255,0.004656,-0.000625,0.002095
2026.02.02 13:00,1.1874,1.1874,1.18405,1.18445,1.185255,1.185255,1.182313,1.182452,0.005087,-0.001205,0.001998
2026.02.02 14:00,1.1844,1.18535,1.1829,1.18455,1.182452,1.183292,1.180916,1.182592,0.004434,-0.000392,0.001958
2026.02.02 15:00,1.18445,1.18445,1.18135,1.1816,1.181754,1.181893,1.179523,1.179663,0.004927,-0.000543,0.001937
2026.02.02 16:00,1.18155,1.18315,1.1814,1.1829,1.179663,1.181056,1.179523,1.180916,0.003627,0.000344,0.001984
2026.02.02 17:00,1.18295,1.1836,1.18185,1.18235,1.181056,1.181614,1.179802,1.18022,0.003798,0.000236,0.002131
2026.02.02 18:00,1.1824,1.1825,1.1801,1.18035,1.180498,1.180498,1.178273,1.178273,0.004227,-0.000398,0.002077
2026.02.02 19:00,1.18035,1.1815,1.1799,1.18125,1.178411,1.179523,1.177995,1.179384,0.003505,0.000377,0.001866
2026.02.02 20:00,1.1812,1.18155,1.18035,1.1815,1.179106,1.179523,1.178411,1.179523,0.003139,0.000826,0.001976
2026.02.02 21:00,1.1815,1.1818,1.1812,1.18145,1.179663,1.179802,1.179245,1.179245,0.002555,0.001398,0.002205
2026.02.02 23:00,1.18165,1.18215,1.181,1.18215,1.179384,1.18022,1.179106,1.18022,0.003044,0.00078,0.00193
2026.02.03 00:00,1.18215,1.183,1.1821,1.1829,1.18022,1.181056,1.18022,1.180916,0.00278,0.001044,0.001984
2026.02.03 01:00,1.18295,1.1838,1.18245,1.18365,1.181056,1.181754,1.180638,1.181754,0.003162,0.000696,0.001896
2026.02.03 02:00,1.18365,1.1837,1.18235,1.18245,1.181754,1.181754,1.180498,1.180498,0.003202,0.000596,0.001952
2026.02.03 03:00,1.1824,1.18355,1.1824,1.18325,1.180498,1.181614,1.180498,1.181614,0.003052,0.000786,0.001636
2026.02.03 04:00,1.1832,1.18395,1.1832,1.1832,1.181335,1.182033,1.181335,1.181335,0.002615,0.001167,0.001865
2026.02.03 05:00,1.18335,1.1836,1.1828,1.1832,1.181335,1.181614,1.180916,1.181335,0.002684,0.001186,0.001865
2026.02.03 06:00,1.18315,1.1839,1.1831,1.18365,1.181195,1.182033,1.181195,1.181754,0.002705,0.001067,0.001896
2026.02.03 07:00,1.1836,1.1847,1.18325,1.1838,1.181614,1.182732,1.181335,1.181893,0.003365,0.000518,0.001907
2026.02.03 08:00,1.18385,1.18425,1.1827,1.1836,1.181893,1.182313,1.180777,1.182033,0.003473,0.000387,0.001567
2026.02.03 09:00,1.1836,1.18385,1.18155,1.18155,1.181893,1.181893,1.179663,1.179663,0.004187,-0.000343,0.001887
2026.02.03 10:00,1.18155,1.1823,1.18095,1.181,1.179663,1.18022,1.179106,1.179106,0.003194,0.000731,0.001894
2026.02.03 11:00,1.181,1.18175,1.18055,1.181,1.179106,1.179802,1.178689,1.179245,0.003061,0.000748,0.001755
2026.02.03 12:00,1.181,1.1823,1.181,1.18195,1.179245,1.18022,1.179106,1.179941,0.003194,0.00078,0.002009
2026.02.03 13:00,1.182,1.18295,1.18155,1.1819,1.18008,1.181056,1.179802,1.179941,0.003148,0.000494,0.001959
2026.02.03 14:00,1.18195,1.1824,1.1803,1.18135,1.179802,1.180498,1.178411,1.179523,0.003989,-0.000198,0.001827
2026.02.03 15:00,1.1814,1.1837,1.1809,1.1836,1.179523,1.181754,1.179106,1.181754,0.004594,-0.000854,0.001846
2026.02.03 16:00,1.18355,1.1844,1.1833,1.1841,1.181614,1.182452,1.181474,1.182173,0.002926,0.000848,0.001927
2026.02.03 17:00,1.1841,1.18525,1.1836,1.1839,1.182313,1.183152,1.181754,1.182033,0.003496,0.000448,0.001867
2026.02.03 18:00,1.18385,1.18455,1.1832,1.1832,1.182033,1.182452,1.181335,1.181335,0.003215,0.000748,0.001865
2026.02.03 19:00,1.18315,1.18405,1.18285,1.1836,1.181195,1.182033,1.181056,1.181754,0.002994,0.000817,0.001846
2026.02.03 20:00,1.1836,1.1845,1.18325,1.1844,1.181614,1.182452,1.181335,1.182452,0.003165,0.000798,0.001948
2026.02.03 21:00,1.18435,1.18485,1.18405,1.18445,1.182452,1.182872,1.182173,1.182173,0.002677,0.001178,0.002277
2026.02.03 23:00,1.184,1.1843,1.1835,1.1838,1.182033,1.182452,1.181614,1.181893,0.002686,0.001048,0.001907
2026.02.04 00:00,1.1838,1.184,1.1831,1.18365,1.181893,1.182033,1.181335,1.181754,0.002665,0.001067,0.001896
2026.02.04 01:00,1.18365,1.18545,1.18345,1.1848,1.181754,1.183572,1.181614,1.183012,0.003836,-0.000122,0.001788
2026.02.04 02:00,1.18485,1.1854,1.1841,1.1844,1.183012,1.183432,1.182313,1.182452,0.003087,0.000668,0.001948
2026.02.04 03:00,1.1845,1.185,1.1843,1.18495,1.182592,1.183152,1.182452,1.183012,0.002548,0.001148,0.001938
2026.02.04 04:00,1.1849,1.1858,1.1848,1.18575,1.183012,1.183852,1.183012,1.183852,0.002788,0.000948,0.001898
2026.02.04 05:00,1.1857,1.18585,1.1853,1.1856,1.183852,1.183992,1.183572,1.183712,0.002278,0.001308,0.001888
2026.02.04 06:00,1.18555,1.18585,1.18515,1.1852,1.183712,1.183852,1.183292,1.183292,0.002558,0.001298,0.001908
2026.02.04 07:00,1.1852,1.18565,1.18465,1.1854,1.183432,1.183572,1.182872,1.183432,0.002778,0.001078,0.001968
2026.02.04 08:00,1.1854,1.18605,1.1846,1.1851,1.183432,1.184133,1.182872,1.183292,0.003178,0.000467,0.001808
2026.02.04 09:00,1.18515,1.1855,1.18335,1.18365,1.183292,1.183572,1.181474,1.181893,0.004026,-0.000222,0.001757
2026.02.04 10:00,1.1836,1.18405,1.18265,1.1836,1.181754,1.182033,1.180916,1.181754,0.003134,0.000617,0.001846
2026.02.04 11:00,1.18355,1.18375,1.1828,1.1833,1.181614,1.181754,1.181056,1.181474,0.002694,0.001046,0.001826
2026.02.04 12:00,1.18325,1.1847,1.1832,1.1844,1.181474,1.182732,1.181474,1.182592,0.003226,0.000468,0.001808
2026.02.04 13:00,1.1844,1.185,1.18335,1.18445,1.182592,1.182872,1.181614,1.182592,0.003386,0.000478,0.001858
2026.02.04 14:00,1.18445,1.1848,1.18245,1.1837,1.182592,1.182872,1.181056,1.181893,0.003744,-0.000422,0.001806
2026.02.04 15:00,1.18365,1.18445,1.1815,1.1819,1.182173,1.182452,1.179663,1.179941,0.004787,-0.000952,0.001959
2026.02.04 16:00,1.1819,1.18275,1.18125,1.18245,1.179941,1.180777,1.179523,1.180638,0.003227,0.000473,0.001812
2026.02.04 17:00,1.1825,1.1837,1.1816,1.1819,1.180498,1.181754,1.179802,1.18022,0.003898,-0.000154,0.00168
2026.02.04 18:00,1.182,1.1824,1.1817,1.18225,1.18008,1.180498,1.179941,1.180498,0.002459,0.001202,0.001752
2026.02.04 19:00,1.1823,1.1832,1.18165,1.18315,1.180498,1.181195,1.179941,1.181195,0.003259,0.000455,0.001955
2026.02.04 20:00,1.18315,1.18315,1.18235,1.1826,1.181335,1.181335,1.180498,1.180638,0.002652,0.001015,0.001962
2026.02.04 21:00,1.18265,1.18305,1.1825,1.18295,1.180777,1.181195,1.180638,1.180916,0.002412,0.001305,0.002034
2026.02.04 23:00,1.183,1.183,1.1821,1.18215,1.180916,1.181056,1.180498,1.180498,0.002502,0.001044,0.001652
2026.02.05 00:00,1.18225,1.1825,1.18205,1.1825,1.180498,1.180777,1.180359,1.180638,0.002141,0.001273,0.001862
2026.02.05 01:00,1.1825,1.18285,1.18225,1.18245,1.180777,1.181195,1.180638,1.180777,0.002212,0.001055,0.001673
2026.02.05 02:00,1.18245,1.18255,1.1805,1.1806,1.180638,1.180777,1.179106,1.179106,0.003444,-0.000277,0.001494
2026.02.05 03:00,1.1806,1.18115,1.18035,1.181,1.178828,1.179384,1.178828,1.179245,0.002322,0.000966,0.001755
2026.02.05 04:00,1.181,1.18115,1.1807,1.1809,1.179245,1.179523,1.179106,1.179245,0.002044,0.001176,0.001655
2026.02.05 05:00,1.1807,1.1811,1.1805,1.18105,1.179106,1.179384,1.178828,1.179384,0.002272,0.001116,0.001666
2026.02.05 06:00,1.18105,1.1812,1.1805,1.1811,1.179384,1.179523,1.178828,1.179384,0.002372,0.000977,0.001716
2026.02.05 07:00,1.18105,1.1824,1.18105,1.18195,1.179384,1.180638,1.179384,1.18022,0.003016,0.000412,0.00173
2026.02.05 08:00,1.1819,1.1829,1.1816,1.18235,1.18022,1.181056,1.179941,1.180359,0.002959,0.000544,0.001991
2026.02.05 09:00,1.1823,1.1823,1.1801,1.1801,1.180498,1.180498,1.178411,1.178411,0.003888,-0.000398,0.001688
2026.02.05 10:00,1.18015,1.18125,1.1801,1.18085,1.178411,1.179523,1.178411,1.179106,0.002838,0.000576,0.001744
2026.02.05 11:00,1.18085,1.1816,1.1807,1.18145,1.179106,1.179941,1.179106,1.179663,0.002494,0.000759,0.001787
2026.02.05 12:00,1.18135,1.1824,1.1806,1.182,1.179384,1.180638,1.179106,1.180359,0.003294,-3.8e-05,0.001641
2026.02.05 13:00,1.182,1.18365,1.1811,1.1832,1.180498,1.181754,1.179523,1.181754,0.004127,-0.000654,0.001446
2026.02.05 14:00,1.1832,1.18425,1.1816,1.18185,1.181335,1.182452,1.18008,1.18008,0.00417,-0.000852,0.00177
2026.02.05 15:00,1.1818,1.18325,1.1802,1.1812,1.181474,1.181474,1.17855,1.179663,0.0047,-0.001274,0.001537
2026.02.05 16:00,1.18115,1.1824,1.18055,1.18215,1.179523,1.180638,1.178967,1.180638,0.003433,-8.8e-05,0.001512
2026.02.05 17:00,1.1822,1.1825,1.1817,1.18215,1.180359,1.180777,1.18008,1.180359,0.00242,0.000923,0.001791
2026.02.05 18:00,1.1822,1.18235,1.1813,1.18145,1.180498,1.180638,1.179663,1.179663,0.002687,0.000662,0.001787
2026.02.05 19:00,1.1814,1.1818,1.18135,1.1815,1.179663,1.18008,1.179663,1.179802,0.002137,0.00127,0.001698
2026.02.05 20:00,1.1815,1.1815,1.18005,1.1802,1.179663,1.179802,1.178411,1.178411,0.003088,0.000248,0.001788
2026.02.05 21:00,1.18015,1.1805,1.17955,1.17975,1.178411,1.17855,1.177856,1.177995,0.002644,0.001,0.001755
2026.02.05 23:00,1.1801,1.1801,1.1794,1.17965,1.178411,1.178411,1.177856,1.178134,0.002244,0.000988,0.001516
2026.02.06 00:00,1.17965,1.18035,1.17855,1.1803,1.177995,1.17855,1.177024,1.17855,0.003325,-0.0,0.00175
2026.02.06 01:00,1.18025,1.18085,1.1799,1.1805,1.17855,1.179245,1.178273,1.178689,0.002577,0.000655,0.001811
2026.02.06 02:00,1.18055,1.18115,1.1805,1.18075,1.178967,1.179523,1.178967,1.179106,0.002183,0.000977,0.001644
2026.02.06 03:00,1.18075,1.181,1.18055,1.18075,1.179106,1.179384,1.178967,1.179106,0.002033,0.001166,0.001644
2026.02.06 04:00,1.18075,1.18165,1.1807,1.18145,1.179106,1.179941,1.179106,1.179802,0.002544,0.000759,0.001648
2026.02.06 05:00,1.18165,1.18215,1.1815,1.1818,1.179802,1.180359,1.179802,1.18022,0.002348,0.001141,0.00158
2026.02.06 06:00,1.1818,1.1822,1.18145,1.1817,1.18008,1.180498,1.179802,1.18008,0.002398,0.000952,0.00162
2026.02.06 07:00,1.18175,1.1818,1.18085,1.1811,1.179941,1.18008,1.179245,1.179384,0.002555,0.00077,0.001716
2026.02.06 08:00,1.18115,1.1816,1.1805,1.1812,1.179523,1.179941,1.179106,1.179663,0.002494,0.000559,0.001537
2026.02.06 09:00,1.18125,1.18185,1.181,1.18115,1.179663,1.18008,1.179523,1.179663,0.002326,0.00092,0.001487
2026.02.06 10:00,1.18115,1.182,1.181,1.18125,1.179523,1.180359,1.179384,1.179663,0.002616,0.000641,0.001587
2026.02.06 11:00,1.1812,1.18135,1.1806,1.181,1.179523,1.179663,1.178967,1.179384,0.002383,0.000937,0.001616
2026.02.06 12:00,1.181,1.18135,1.18085,1.1813,1.179384,1.179663,1.179245,1.179663,0.002105,0.001187,0.001637
2026.02.06 13:00,1.1813,1.1831,1.18125,1.18305,1.179663,1.181335,1.179663,1.181335,0.003437,-8.5e-05,0.001715
2026.02.06 14:00,1.183,1.18465,1.183,1.1841,1.181335,1.182872,1.181335,1.182173,0.003315,0.000128,0.001927
2026.02.06 15:00,1.18415,1.1844,1.1825,1.18395,1.182313,1.182313,1.180916,1.182313,0.003484,0.000187,0.001637
2026.02.06 16:00,1.1839,1.1842,1.183,1.18325,1.182313,1.182452,1.181474,1.181474,0.002726,0.000548,0.001776
2026.02.06 17:00,1.1832,1.1841,1.18305,1.1838,1.181474,1.182452,1.181474,1.182313,0.002626,0.000598,0.001487
2026.02.06 18:00,1.18385,1.1843,1.18375,1.18395,1.182173,1.182732,1.182173,1.182173,0.002127,0.001018,0.001777
2026.02.06 19:00,1.1839,1.18415,1.18345,1.1839,1.182313,1.182452,1.181893,1.182313,0.002257,0.000998,0.001587
2026.02.06 20:00,1.1839,1.18435,1.18385,1.1842,1.182313,1.182592,1.182173,1.182592,0.002177,0.001258,0.001608
2026.02.06 21:00,1.18425,1.18445,1.18335,1.18395,1.182592,1.182732,1.181754,1.182173,0.002696,0.000618,0.001777
2026.02.09 00:00,1.1846,1.1853,1.18435,1.18505,1.183012,1.183572,1.182732,1.183432,0.002568,0.000778,0.001618
2026.02.09 01:00,1.18505,1.18525,1.18445,1.1845,1.183432,1.183572,1.182872,1.182872,0.002378,0.000878,0.001628
2026.02.09 02:00,1.1845,1.18455,1.18355,1.18395,1.182872,1.182872,1.182033,1.182313,0.002517,0.000678,0.001637
2026.02.09 03:00,1.18395,1.18445,1.18375,1.18385,1.182313,1.182872,1.182173,1.182173,0.002277,0.000878,0.001677
2026.02.09 04:00,1.18385,1.18455,1.1838,1.18455,1.182313,1.183012,1.182313,1.183012,0.002237,0.000788,0.001538
2026.02.09 05:00,1.18465,1.1856,1.18455,1.1853,1.183012,1.183992,1.183012,1.183712,0.002588,0.000558,0.001588
2026.02.09 06:00,1.1853,1.18775,1.1853,1.18715,1.183712,1.186099,1.183712,1.185677,0.004038,-0.000799,0.001473
2026.02.09 07:00,1.18715,1.188,1.1867,1.18755,1.185677,1.18638,1.185115,1.185958,0.002885,0.00032,0.001592
2026.02.09 08:00,1.18755,1.18845,1.18715,1.18835,1.185958,1.186803,1.185536,1.186662,0.002914,0.000347,0.001688
2026.02.09 09:00,1.18835,1.189,1.18795,1.18815,1.186803,1.187366,1.18638,1.186521,0.00262,0.000584,0.001629
2026.02.09 10:00,1.18815,1.1889,1.1875,1.188,1.186521,1.187225,1.185958,1.18638,0.002942,0.000275,0.00162
2026.02.09 11:00,1.18795,1.18915,1.1875,1.18895,1.18638,1.187507,1.18624,1.187225,0.00291,-7e-06,0.001724
2026.02.09 12:00,1.18895,1.19025,1.18895,1.1901,1.187366,1.188637,1.187366,1.188495,0.002884,0.000313,0.001605
2026.02.09 13:00,1.1901,1.19255,1.1901,1.19235,1.188637,1.19076,1.188495,1.190618,0.004055,-0.00066,0.001732
2026.02.09 14:00,1.1924,1.19385,1.19225,1.1938,1.190618,1.192179,1.190618,1.192179,0.003232,7.1e-05,0.001621
2026.02.09 15:00,1.19385,1.19465,1.1923,1.1932,1.192321,1.19289,1.19076,1.191327,0.00389,-0.00059,0.001873
2026.02.09 16:00,1.1932,1.19375,1.1913,1.1917,1.191469,1.192037,1.189768,1.190051,0.003982,-0.000737,0.001649
2026.02.09 17:00,1.19175,1.19305,1.1917,1.19285,1.190193,1.191327,1.190193,1.191185,0.002857,0.000373,0.001665
2026.02.09 18:00,1.19285,1.1937,1.19235,1.19355,1.191185,1.192037,1.190902,1.191895,0.002798,0.000313,0.001655
2026.02.09 19:00,1.19355,1.1942,1.1932,1.194,1.192037,1.192606,1.191611,1.192321,0.002589,0.000594,0.001679
2026.02.09 20:00,1.19395,1.19405,1.19335,1.1934,1.192321,1.192464,1.191753,1.191895,0.002297,0.000886,0.001505
2026.02.09 21:00,1.1934,1.19355,1.193,1.19345,1.191895,1.191895,1.191469,1.191753,0.002081,0.001105,0.001697
2026.02.09 23:00,1.1936,1.1936,1.19205,1.19225,1.191895,1.191895,1.190618,1.190618,0.002982,0.000155,0.001632
2026.02.10 00:00,1.19225,1.19245,1.19175,1.1921,1.19076,1.190902,1.190193,1.190476,0.002257,0.000849,0.001624
2026.02.10 01:00,1.1921,1.193,1.1916,1.1925,1.190618,1.191327,1.190051,1.190902,0.002949,0.000273,0.001598
2026.02.10 02:00,1.1925,1.19335,1.1925,1.19325,1.190902,1.191753,1.190902,1.191753,0.002448,0.000747,0.001497
2026.02.10 03:00,1.19325,1.19365,1.1929,1.19305,1.191753,1.192037,1.191327,1.191327,0.002323,0.000863,0.001723
2026.02.10 04:00,1.1931,1.1932,1.19255,1.19275,1.191469,1.191611,1.190902,1.191185,0.002298,0.000939,0.001565
2026.02.10 05:00,1.1926,1.19295,1.19225,1.1926,1.191043,1.191327,1.19076,1.191185,0.00219,0.000923,0.001415
2026.02.10 06:00,1.1926,1.19325,1.19205,1.1922,1.191043,1.191611,1.190476,1.190618,0.002774,0.000439,0.001582
2026.02.10 07:00,1.19225,1.19295,1.19185,1.19275,1.190902,1.191327,1.190334,1.190902,0.002616,0.000523,0.001848
2026.02.10 08:00,1.1928,1.19345,1.1919,1.19285,1.191185,1.192037,1.190618,1.191327,0.002832,-0.000137,0.001523
2026.02.10 09:00,1.19285,1.19395,1.19275,1.19335,1.191327,1.192321,1.191185,1.191753,0.002765,0.000429,0.001597
2026.02.10 10:00,1.1933,1.19365,1.19285,1.1929,1.191753,1.192037,1.191327,1.191469,0.002323,0.000813,0.001431
2026.02.10 11:00,1.1929,1.19295,1.192,1.19235,1.191327,1.191327,1.190476,1.19076,0.002474,0.000673,0.00159
2026.02.10 12:00,1.19235,1.1928,1.191,1.1912,1.19076,1.191185,1.189485,1.189626,0.003315,-0.000185,0.001574
2026.02.10 13:00,1.1912,1.19325,1.1907,1.19245,1.189768,1.191469,1.189343,1.19076,0.003906,-0.000769,0.00169
2026.02.10 14:00,1.1925,1.1948,1.1922,1.1934,1.191043,1.193033,1.19076,1.192037,0.00404,-0.000833,0.001363
2026.02.10 15:00,1.19335,1.19385,1.19155,1.19335,1.191753,1.192179,1.190193,1.191895,0.003657,-0.000629,0.001455
2026.02.10 16:00,1.19335,1.1934,1.1916,1.1917,1.191753,1.191753,1.190051,1.190051,0.003349,-0.000153,0.001649
2026.02.10 17:00,1.19175,1.19245,1.1912,1.1915,1.190193,1.190902,1.189768,1.190051,0.002682,0.000299,0.001449
2026.02.10 18:00,1.19155,1.1917,1.19095,1.1911,1.18991,1.190051,1.189485,1.189626,0.002215,0.000899,0.001474
2026.02.10 19:00,1.1912,1.1922,1.1906,1.19215,1.189626,1.190618,1.189202,1.190476,0.002998,-1.8e-05,0.001674
2026.02.10 20:00,1.1921,1.19225,1.19135,1.1914,1.190618,1.190618,1.18991,1.18991,0.00234,0.000732,0.00149
2026.02.10 21:00,1.19145,1.1916,1.19115,1.19145,1.18991,1.190051,1.189626,1.18991,0.001974,0.001099,0.00154
2026.02.10 23:00,1.19135,1.19135,1.19055,1.1906,1.189626,1.189626,1.189061,1.189202,0.002289,0.000924,0.001398
2026.02.11 00:00,1.1906,1.1919,1.19045,1.19155,1.189202,1.190476,1.189061,1.190051,0.002839,-2.6e-05,0.001499
2026.02.11 01:00,1.19155,1.19205,1.19125,1.1916,1.190051,1.190618,1.189768,1.190051,0.002282,0.000632,0.001549
2026.02.11 02:00,1.1916,1.1931,1.1916,1.19265,1.190193,1.191611,1.190193,1.191043,0.002907,-1.1e-05,0.001607
2026.02.11 03:00,1.1927,1.1932,1.1922,1.193,1.191185,1.191753,1.19076,1.191327,0.00244,0.000447,0.001673
2026.02.11 04:00,1.19295,1.19335,1.19255,1.19265,1.191469,1.191753,1.191043,1.191185,0.002307,0.000797,0.001465
2026.02.11 05:00,1.1928,1.19375,1.19275,1.1937,1.191185,1.192179,1.191043,1.192179,0.002707,0.000571,0.001521
2026.02.11 06:00,1.1937,1.19445,1.1931,1.1934,1.192179,1.19289,1.191611,1.191895,0.002839,0.00021,0.001505
2026.02.11 07:00,1.1934,1.19365,1.19285,1.19365,1.191753,1.192179,1.191469,1.192179,0.002181,0.000671,0.001471
2026.02.11 08:00,1.1936,1.1939,1.1932,1.1937,1.192037,1.192321,1.191611,1.192037,0.002289,0.000879,0.001663
2026.02.11 09:00,1.1937,1.19385,1.19285,1.19365,1.192179,1.192321,1.191469,1.192037,0.002381,0.000529,0.001613
2026.02.11 10:00,1.19365,1.19455,1.1934,1.19405,1.192179,1.193033,1.192037,1.192748,0.002513,0.000367,0.001302
2026.02.11 11:00,1.194,1.19405,1.19235,1.19265,1.192464,1.192464,1.191043,1.191327,0.003007,-0.000114,0.001323
2026.02.11 12:00,1.1927,1.19275,1.1917,1.1919,1.191185,1.191185,1.190334,1.190334,0.002416,0.000515,0.001566
2026.02.11 13:00,1.1919,1.1923,1.18515,1.18805,1.190334,1.19076,1.184133,1.187225,0.008167,-0.00561,0.000825
2026.02.11 14:00,1.188,1.19015,1.1871,1.18785,1.186521,1.188495,1.185677,1.186099,0.004473,-0.001395,0.001751
2026.02.11 15:00,1.18785,1.18905,1.1869,1.1878,1.186521,1.187507,1.185536,1.18624,0.003514,-0.000607,0.00156
2026.02.11 16:00,1.18775,1.1902,1.18715,1.19015,1.18624,1.188637,1.185818,1.188637,0.004382,-0.001487,0.001513
2026.02.11 17:00,1.19015,1.1912,1.1896,1.1904,1.188637,1.189626,1.188072,1.188919,0.003128,-2.6e-05,0.001481
2026.02.11 18:00,1.1904,1.19095,1.1897,1.19005,1.188919,1.189202,1.188354,1.188778,0.002596,0.000498,0.001272
2026.02.11 19:00,1.19005,1.1903,1.1896,1.1898,1.188495,1.188778,1.188213,1.188354,0.002087,0.000822,0.001446
2026.02.11 20:00,1.18985,1.18995,1.1888,1.18895,1.188354,1.188495,1.187507,1.187507,0.002443,0.000305,0.001443
2026.02.11 21:00,1.18895,1.18925,1.18875,1.18905,1.187366,1.18779,1.187225,1.187507,0.002025,0.00096,0.001543
2026.02.11 23:00,1.1891,1.1898,1.1886,1.18915,1.187931,1.187931,1.187366,1.187931,0.002434,0.000669,0.001219
2026.02.12 00:00,1.1891,1.18945,1.1883,1.1893,1.18779,1.188072,1.187085,1.187931,0.002365,0.000228,0.001369
2026.02.12 01:00,1.18925,1.1899,1.189,1.1897,1.187931,1.188495,1.18779,1.188354,0.00211,0.000505,0.001346
2026.02.12 02:00,1.18975,1.19005,1.18915,1.1895,1.188495,1.188778,1.187931,1.188213,0.002119,0.000372,0.001287
2026.02.12 03:00,1.1895,1.1897,1.18815,1.1886,1.188354,1.188354,1.186944,1.187225,0.002756,-0.000204,0.001374
2026.02.12 04:00,1.18855,1.1889,1.18765,1.18785,1.187366,1.187507,1.18638,1.186521,0.00252,0.000143,0.001329
2026.02.12 05:00,1.1878,1.18815,1.18745,1.18805,1.186662,1.186944,1.18624,1.186803,0.00191,0.000506,0.001247
2026.02.12 06:00,1.1881,1.1884,1.18685,1.18775,1.186803,1.187085,1.185677,1.186662,0.002723,-0.000235,0.001088
2026.02.12 07:00,1.1877,1.1891,1.18755,1.18895,1.18638,1.187931,1.18638,1.187648,0.00272,-0.000381,0.001302
2026.02.12 08:00,1.18895,1.1897,1.18875,1.1896,1.18779,1.188354,1.187507,1.188354,0.002193,0.000396,0.001246
2026.02.12 09:00,1.1896,1.1904,1.1896,1.19035,1.188354,1.189061,1.188354,1.188919,0.002046,0.000539,0.001431
2026.02.12 10:00,1.19035,1.19035,1.1891,1.18935,1.189061,1.189061,1.187931,1.188072,0.002419,3.9e-05,0.001278
2026.02.12 11:00,1.1893,1.1901,1.18915,1.19005,1.188072,1.188778,1.187931,1.188778,0.002169,0.000372,0.001272
2026.02.12 12:00,1.1901,1.19025,1.18835,1.18895,1.188778,1.188919,1.187085,1.187648,0.003165,-0.000569,0.001302
2026.02.12 13:00,1.18895,1.19015,1.18875,1.1901,1.187648,1.188778,1.187648,1.188778,0.002502,-2.8e-05,0.001322
2026.02.12 14:00,1.19015,1.19045,1.1891,1.18995,1.188919,1.189061,1.188213,1.188495,0.002237,3.9e-05,0.001455
2026.02.12 15:00,1.18995,1.19045,1.18945,1.1902,1.188637,1.189202,1.188213,1.189061,0.002237,0.000248,0.001139
2026.02.12 16:00,1.1902,1.19065,1.18785,1.1887,1.188919,1.189343,1.186803,1.187085,0.003847,-0.001493,0.001615
2026.02.12 17:00,1.18865,1.1893,1.1876,1.18815,1.187507,1.187931,1.18638,1.186803,0.00292,-0.000331,0.001347
2026.02.12 18:00,1.1882,1.18855,1.18725,1.18795,1.186944,1.187225,1.186099,1.186803,0.002451,2.5e-05,0.001147
2026.02.12 19:00,1.188,1.1888,1.1877,1.1886,1.186662,1.187507,1.186521,1.187366,0.002279,0.000193,0.001233
2026.02.12 20:00,1.1886,1.18865,1.188,1.1886,1.187366,1.187366,1.186662,1.187366,0.001988,0.000633,0.001233
2026.02.12 21:00,1.1886,1.1889,1.18845,1.18865,1.187366,1.187648,1.187225,1.187507,0.001675,0.000802,0.001143
2026.02.12 23:00,1.1887,1.1888,1.1883,1.18855,1.18779,1.18779,1.186944,1.187085,0.001856,0.00051,0.001465
2026.02.13 00:00,1.1885,1.18885,1.18825,1.18885,1.187225,1.187507,1.187085,1.187507,0.001765,0.000743,0.001343
2026.02.13 01:00,1.18885,1.18895,1.18795,1.1883,1.187648,1.187648,1.186803,1.186803,0.002147,0.000302,0.001497
2026.02.13 02:00,1.1883,1.1887,1.1879,1.18855,1.186944,1.187507,1.186662,1.187225,0.002038,0.000393,0.001325
2026.02.13 03:00,1.1886,1.18865,1.1882,1.1883,1.187366,1.187366,1.186944,1.187085,0.001706,0.000834,0.001215
2026.02.13 04:00,1.18835,1.18835,1.18765,1.18775,1.187085,1.187085,1.18638,1.186521,0.00197,0.000565,0.001229
2026.02.13 05:00,1.18755,1.18815,1.1874,1.18755,1.186662,1.186803,1.18624,1.18624,0.00191,0.000597,0.00131
2026.02.13 06:00,1.18755,1.18785,1.187,1.18725,1.18624,1.186521,1.185818,1.185958,0.002032,0.000479,0.001292
2026.02.13 07:00,1.18725,1.1876,1.1863,1.1875,1.185818,1.18638,1.185115,1.18624,0.002485,-8e-05,0.00126
2026.02.13 08:00,1.18745,1.1879,1.1872,1.1879,1.18624,1.186662,1.185958,1.186662,0.001942,0.000538,0.001238
2026.02.13 09:00,1.18785,1.1883,1.18765,1.1877,1.186521,1.186944,1.18638,1.18638,0.00192,0.000706,0.00132
2026.02.13 10:00,1.18765,1.1877,1.18695,1.18735,1.18638,1.18638,1.185677,1.185958,0.002023,0.00057,0.001392
2026.02.13 11:00,1.18735,1.18775,1.1871,1.1875,1.186099,1.18638,1.185958,1.186099,0.001792,0.00072,0.001401
2026.02.13 12:00,1.1875,1.188,1.1872,1.18785,1.18624,1.186662,1.185958,1.186521,0.002042,0.000538,0.001329
2026.02.13 13:00,1.18785,1.19045,1.1873,1.18905,1.186662,1.188354,1.186099,1.18779,0.004351,-0.001054,0.00126
2026.02.13 14:00,1.189,1.1891,1.18735,1.18755,1.187648,1.187648,1.186099,1.18638,0.003001,-0.000298,0.00117
2026.02.13 15:00,1.18755,1.1887,1.1864,1.1865,1.18638,1.187366,1.185255,1.185255,0.003445,-0.000966,0.001245
2026.02.13 16:00,1.1865,1.18905,1.1865,1.1885,1.185255,1.187648,1.185255,1.187366,0.003795,-0.001148,0.001134
2026.02.13 17:00,1.18855,1.18995,1.1885,1.1891,1.187366,1.188637,1.187225,1.187931,0.002725,-0.000137,0.001169
2026.02.13 18:00,1.18915,1.1897,1.18885,1.18905,1.187931,1.188354,1.187648,1.187648,0.002052,0.000496,0.001402
2026.02.13 19:00,1.18905,1.18915,1.18825,1.1883,1.18779,1.18779,1.186944,1.186944,0.002206,0.00046,0.001356
2026.02.13 20:00,1.18825,1.1891,1.18805,1.18905,1.186944,1.18779,1.186803,1.18779,0.002297,0.00026,0.00126
2026.02.13 21:00,1.18905,1.1893,1.1884,1.18845,1.18779,1.188072,1.187225,1.187225,0.002074,0.000328,0.001225
2026.02.16 00:00,1.18825,1.1883,1.18765,1.18775,1.187085,1.187085,1.186521,1.186521,0.001779,0.000565,0.001229
2026.02.16 01:00,1.1877,1.18825,1.18745,1.18805,1.186521,1.186944,1.18638,1.186944,0.00187,0.000506,0.001106
2026.02.16 02:00,1.18805,1.18825,1.1877,1.1881,1.186944,1.187085,1.186521,1.186944,0.001729,0.000615,0.001156
2026.02.16 03:00,1.1881,1.1885,1.18795,1.1883,1.186944,1.187225,1.186803,1.187085,0.001697,0.000725,0.001215
2026.02.16 04:00,1.1883,1.18835,1.18765,1.1877,1.187085,1.187085,1.186521,1.186662,0.001829,0.000565,0.001038
2026.02.17 05:00,1.1855,1.1857,1.18505,1.18565,1.184553,1.184553,1.183992,1.184553,0.001708,0.000497,0.001097
2026.02.17 06:00,1.1857,1.1861,1.1857,1.1859,1.184553,1.184974,1.184553,1.184834,0.001547,0.000726,0.001066
2026.02.17 07:00,1.18595,1.18595,1.18435,1.18475,1.184553,1.184553,1.183292,1.183712,0.002658,-0.000203,0.001038
2026.02.17 08:00,1.1848,1.1859,1.1845,1.1856,1.183712,1.184834,1.183432,1.184413,0.002468,-0.000334,0.001187
2026.02.17 09:00,1.18565,1.1865,1.1855,1.18615,1.184553,1.185255,1.184413,1.184974,0.002087,0.000245,0.001176
2026.02.17 10:00,1.18615,1.18625,1.18565,1.18585,1.184694,1.185115,1.184553,1.184694,0.001697,0.000535,0.001156
2026.02.17 11:00,1.18585,1.18595,1.1839,1.1846,1.184694,1.184834,1.183152,1.183292,0.002798,-0.000934,0.001308
2026.02.17 12:00,1.18465,1.1851,1.1842,1.1843,1.183432,1.183852,1.183152,1.183152,0.001948,0.000348,0.001148
2026.02.17 13:00,1.18425,1.18455,1.1831,1.18375,1.183152,1.183432,1.182033,1.182452,0.002517,-0.000332,0.001298
2026.02.17 14:00,1.18375,1.1843,1.18315,1.1839,1.182452,1.183012,1.182033,1.182592,0.002267,0.000138,0.001308
2026.02.17 15:00,1.1839,1.1839,1.182,1.1826,1.182452,1.182452,1.180916,1.181474,0.002984,-0.000452,0.001126
2026.02.17 16:00,1.18255,1.18505,1.18255,1.18455,1.181474,1.183852,1.181474,1.183432,0.003576,-0.001302,0.001118
2026.02.17 17:00,1.1846,1.1857,1.18445,1.1854,1.183292,1.184553,1.183292,1.184413,0.002408,-0.000103,0.000987
2026.02.17 18:00,1.1854,1.1868,1.1854,1.18635,1.184413,1.185677,1.184413,1.185255,0.002387,-0.000277,0.001095
2026.02.17 19:00,1.18635,1.18655,1.18585,1.18635,1.185255,1.185396,1.184694,1.185115,0.001856,0.000454,0.001235
2026.02.17 20:00,1.1863,1.1868,1.18625,1.1866,1.185115,1.185536,1.185115,1.185536,0.001685,0.000714,0.001064
2026.02.17 21:00,1.1866,1.1871,1.1865,1.18705,1.185536,1.185818,1.185396,1.185677,0.001704,0.000682,0.001373
2026.02.17 23:00,1.18705,1.18725,1.1865,1.18655,1.185958,1.186099,1.185396,1.185536,0.001854,0.000401,0.001014
2026.02.18 00:00,1.18655,1.1868,1.18615,1.1862,1.185536,1.185677,1.185115,1.185115,0.001685,0.000473,0.001085
2026.02.18 01:00,1.18615,1.18625,1.1857,1.1861,1.184974,1.185115,1.184694,1.184974,0.001556,0.000585,0.001126
2026.02.18 02:00,1.186,1.1862,1.1856,1.1859,1.184834,1.185115,1.184553,1.184834,0.001647,0.000485,0.001066
2026.02.18 03:00,1.1859,1.1861,1.18555,1.1856,1.184834,1.184974,1.184413,1.184413,0.001687,0.000576,0.001187
2026.02.18 04:00,1.18555,1.1858,1.1854,1.18565,1.184553,1.184694,1.184273,1.184553,0.001527,0.000706,0.001097
2026.02.18 05:00,1.1859,1.18605,1.1857,1.18605,1.184553,1.184974,1.184553,1.184974,0.001497,0.000726,0.001076
2026.02.18 06:00,1.18605,1.1861,1.1855,1.18595,1.184974,1.184974,1.184413,1.184974,0.001687,0.000526,0.000976
2026.02.18 07:00,1.186,1.1861,1.18475,1.18495,1.184974,1.184974,1.183712,1.183852,0.002388,-0.000224,0.001098
2026.02.18 08:00,1.18495,1.1853,1.1843,1.1846,1.183852,1.184133,1.183292,1.183432,0.002008,0.000167,0.001168
2026.02.18 09:00,1.18455,1.1853,1.1843,1.18505,1.183432,1.184133,1.183292,1.183992,0.002008,0.000167,0.001058
2026.02.18 10:00,1.18505,1.18555,1.18455,1.1847,1.183992,1.184413,1.183432,1.183572,0.002118,0.000137,0.001128
2026.02.18 11:00,1.18465,1.18525,1.18455,1.1849,1.183572,1.184133,1.183432,1.183852,0.001818,0.000417,0.001048
2026.02.18 12:00,1.18495,1.1862,1.18485,1.18545,1.183852,1.184974,1.183852,1.184413,0.002348,-0.000124,0.001037
2026.02.18 13:00,1.1855,1.18635,1.18385,1.18385,1.184413,1.185255,1.182732,1.182732,0.003618,-0.001405,0.001118
2026.02.18 14:00,1.18385,1.18425,1.1827,1.183,1.182872,1.183152,1.181614,1.181893,0.002636,-0.000452,0.001107
2026.02.18 15:00,1.183,1.1841,1.1828,1.18375,1.181893,1.182872,1.181893,1.182592,0.002207,-7.2e-05,0.001158
2026.02.18 16:00,1.1837,1.1841,1.18235,1.18245,1.182452,1.182872,1.181335,1.181474,0.002765,-0.000522,0.000976
2026.02.18 17:00,1.18245,1.1829,1.18165,1.1821,1.181335,1.181754,1.180638,1.180777,0.002262,-0.000104,0.001323
2026.02.18 18:00,1.1821,1.1822,1.1802,1.1805,1.180916,1.181056,1.179106,1.179384,0.003094,-0.000856,0.001116
2026.02.18 19:00,1.1805,1.181,1.1798,1.18015,1.179106,1.179523,1.178828,1.179106,0.002172,0.000277,0.001044
2026.02.18 20:00,1.18015,1.1805,1.17965,1.1798,1.178967,1.179384,1.17855,1.178689,0.00195,0.000266,0.001111
2026.02.18 21:00,1.1798,1.1802,1.1796,1.17975,1.178689,1.179106,1.178689,1.178689,0.001511,0.000494,0.001061
2026.02.18 23:00,1.17985,1.18025,1.1797,1.18015,1.178967,1.179245,1.178967,1.179245,0.001283,0.000455,0.000905
2026.02.19 00:00,1.18015,1.18045,1.17975,1.1803,1.179245,1.179523,1.178828,1.179245,0.001622,0.000226,0.001055
2026.02.19 01:00,1.18025,1.1808,1.18025,1.18075,1.179384,1.179802,1.179384,1.179802,0.001416,0.000448,0.000948
2026.02.19 02:00,1.1807,1.18085,1.1803,1.18035,1.179802,1.179941,1.179384,1.179384,0.001466,0.000359,0.000966
2026.02.19 03:00,1.1804,1.1806,1.18005,1.18035,1.179523,1.179663,1.179245,1.179523,0.001355,0.000387,0.000826
2026.02.19 04:00,1.18035,1.18045,1.1798,1.1803,1.179523,1.179523,1.178828,1.179245,0.001622,0.000277,0.001055
2026.02.19 05:00,1.1801,1.18055,1.17995,1.18045,1.179245,1.179663,1.179106,1.179523,0.001444,0.000287,0.000926
2026.02.19 06:00,1.18045,1.18135,1.1803,1.18115,1.179523,1.180359,1.179384,1.18022,0.001966,-5.9e-05,0.00093
2026.02.19 07:00,1.1811,1.18165,1.18055,1.18135,1.179941,1.180638,1.179663,1.180498,0.001987,-8.8e-05,0.000852
2026.02.19 08:00,1.18135,1.18185,1.181,1.1814,1.180359,1.180777,1.18008,1.180359,0.00177,0.000223,0.001041
2026.02.19 09:00,1.1814,1.18205,1.1812,1.18125,1.180498,1.181056,1.18022,1.180359,0.00183,0.000144,0.000891
2026.02.19 10:00,1.18125,1.1816,1.18,1.1802,1.180359,1.180638,1.179106,1.179106,0.002494,-0.000638,0.001094
2026.02.19 11:00,1.1802,1.18035,1.17895,1.17935,1.179245,1.179384,1.178134,1.178411,0.002216,-0.000434,0.000939
2026.02.19 12:00,1.17935,1.1794,1.17795,1.17825,1.178273,1.178411,1.177163,1.177163,0.002237,-0.000461,0.001087
2026.02.19 13:00,1.17825,1.17825,1.1764,1.17785,1.177302,1.177302,1.175641,1.176747,0.002609,-0.000902,0.001103
2026.02.19 14:00,1.17785,1.17795,1.1755,1.17645,1.176747,1.176747,1.174536,1.175364,0.003414,-0.001247,0.001086
2026.02.19 15:00,1.1764,1.1788,1.17615,1.17765,1.175641,1.177718,1.175641,1.176609,0.003159,-0.001568,0.001041
2026.02.19 16:00,1.1776,1.17835,1.1771,1.1774,1.176609,1.177302,1.176194,1.176332,0.002156,-0.000202,0.001068
2026.02.19 17:00,1.1774,1.1781,1.17695,1.17785,1.176471,1.177163,1.175917,1.177024,0.002183,-0.000213,0.000826
2026.02.19 18:00,1.1779,1.1787,1.17775,1.1781,1.176886,1.177718,1.176886,1.177163,0.001814,3.2e-05,0.000937
2026.02.19 19:00,1.17815,1.17845,1.17715,1.1777,1.177302,1.17744,1.176332,1.176609,0.002118,-0.00029,0.001091
2026.02.19 20:00,1.17765,1.1782,1.17765,1.1782,1.176747,1.177163,1.176747,1.177163,0.001453,0.000487,0.001037
2026.02.19 21:00,1.17815,1.1791,1.1781,1.17875,1.177163,1.178134,1.177163,1.177579,0.001937,-3.4e-05,0.001171
2026.02.19 23:00,1.17865,1.17885,1.17805,1.17805,1.17744,1.177995,1.177163,1.177163,0.001687,5.5e-05,0.000887
2026.02.20 00:00,1.1781,1.17845,1.1779,1.1783,1.177302,1.177579,1.177024,1.177302,0.001426,0.000321,0.000998
2026.02.20 01:00,1.17825,1.1784,1.1768,1.1772,1.177302,1.17744,1.175917,1.176194,0.002483,-0.00064,0.001006
2026.02.20 02:00,1.17715,1.1772,1.17655,1.1767,1.176194,1.176194,1.175779,1.175917,0.001421,0.000356,0.000783
2026.02.20 03:00,1.17675,1.1771,1.17675,1.1769,1.175917,1.176194,1.175917,1.176194,0.001183,0.000556,0.000706
2026.02.20 04:00,1.17695,1.1772,1.1765,1.1766,1.176194,1.176332,1.175641,1.175641,0.001559,0.000168,0.000959
2026.02.20 05:00,1.17635,1.1769,1.17625,1.17675,1.175641,1.175917,1.175364,1.175917,0.001536,0.000333,0.000833
2026.02.20 06:00,1.17675,1.1769,1.1764,1.17675,1.175779,1.176055,1.175503,1.175917,0.001397,0.000345,0.000833
2026.02.20 07:00,1.1767,1.1775,1.1762,1.17635,1.176055,1.176609,1.175364,1.175503,0.002136,-0.000409,0.000847
2026.02.20 08:00,1.1763,1.1778,1.17535,1.1773,1.175641,1.176747,1.174812,1.176471,0.002988,-0.001397,0.000829
2026.02.20 09:00,1.17735,1.17805,1.1771,1.1779,1.176471,1.177163,1.176332,1.177024,0.001718,-6.3e-05,0.000875
2026.02.20 10:00,1.17795,1.1781,1.177,1.1776,1.176886,1.177163,1.176194,1.176609,0.001906,-0.000163,0.000991
2026.02.20 11:00,1.17755,1.17815,1.1772,1.178,1.176747,1.177302,1.176332,1.177024,0.001818,-0.000102,0.000975
2026.02.20 12:00,1.17795,1.17835,1.1776,1.17785,1.177024,1.177302,1.176747,1.176886,0.001603,0.000298,0.000964
2026.02.20 13:00,1.1778,1.18095,1.1769,1.17815,1.176886,1.177995,1.176194,1.177024,0.004756,-0.001095,0.001126
2026.02.20 14:00,1.17815,1.1788,1.1768,1.1781,1.177302,1.177302,1.176055,1.177163,0.002745,-0.000502,0.000937
2026.02.20 15:00,1.17805,1.182,1.1768,1.18005,1.177163,1.180916,1.176055,1.178967,0.005945,-0.004116,0.001083
2026.02.20 16:00,1.1801,1.18105,1.17865,1.17925,1.179245,1.18008,1.177718,1.178273,0.003332,-0.00143,0.000977
2026.02.20 17:00,1.1793,1.17975,1.1778,1.17925,1.178273,1.178828,1.177024,1.178411,0.002725,-0.001028,0.000839
2026.02.20 18:00,1.1793,1.18115,1.17895,1.1799,1.178411,1.18008,1.178134,1.178828,0.003016,-0.00113,0.001072
2026.02.20 19:00,1.17985,1.1802,1.1791,1.1793,1.178967,1.179245,1.178273,1.178411,0.001927,-0.000145,0.000888
2026.02.20 20:00,1.1793,1.18005,1.179,1.17985,1.178273,1.179106,1.178134,1.178967,0.001916,-0.000106,0.000883
2026.02.20 21:00,1.1799,1.1804,1.17925,1.1793,1.178967,1.179523,1.17855,1.17855,0.00185,-0.000273,0.00075
2026.02.23 00:00,1.1845,1.18465,1.1835,1.1843,1.183572,1.183712,1.182732,1.183292,0.001918,-0.000212,0.001008
2026.02.23 01:00,1.1843,1.18455,1.1833,1.18385,1.183572,1.183572,1.182452,1.182872,0.002098,-0.000272,0.000978
2026.02.23 02:00,1.18385,1.1843,1.18355,1.18395,1.183012,1.183432,1.182732,1.183012,0.001568,0.000118,0.000938
2026.02.23 03:00,1.18395,1.184,1.18285,1.1835,1.183152,1.183152,1.182173,1.182732,0.001827,-0.000302,0.000768
2026.02.23 04:00,1.18355,1.18355,1.183,1.1833,1.182732,1.182732,1.182173,1.182452,0.001377,0.000268,0.000848
2026.02.23 05:00,1.18325,1.18335,1.1827,1.18315,1.182452,1.182452,1.181893,1.182452,0.001456,0.000248,0.000698
2026.02.23 06:00,1.1831,1.1846,1.1829,1.1837,1.182313,1.183712,1.182173,1.182872,0.002427,-0.000812,0.000828
2026.02.23 07:00,1.1836,1.18395,1.1831,1.18355,1.182732,1.183012,1.182313,1.182592,0.001637,8.8e-05,0.000958
2026.02.23 08:00,1.18355,1.1837,1.1819,1.1822,1.182732,1.182732,1.181056,1.181614,0.002644,-0.000832,0.000586
2026.02.23 09:00,1.1822,1.1825,1.1812,1.1813,1.181335,1.181614,1.180359,1.180498,0.002141,-0.000414,0.000802
2026.02.23 10:00,1.1813,1.18135,1.1807,1.18105,1.180498,1.180498,1.179941,1.18022,0.001409,0.000202,0.00083
2026.02.23 11:00,1.18105,1.18105,1.17925,1.1798,1.18022,1.18022,1.178411,1.178967,0.002638,-0.00097,0.000833
2026.02.23 12:00,1.17975,1.1798,1.17865,1.17935,1.178967,1.178967,1.177856,1.178411,0.001944,-0.000317,0.000939
2026.02.23 13:00,1.1793,1.181,1.179,1.18075,1.17855,1.18008,1.178411,1.179941,0.002589,-0.00108,0.000809
2026.02.23 14:00,1.1808,1.18215,1.1806,1.18175,1.18008,1.181056,1.179802,1.180916,0.002348,-0.000456,0.000834
2026.02.23 15:00,1.1818,1.1822,1.1804,1.1807,1.181056,1.181335,1.179802,1.179802,0.002398,-0.000935,0.000898
2026.02.23 16:00,1.18065,1.1818,1.18,1.18155,1.179663,1.180916,1.179245,1.180498,0.002555,-0.000916,0.001052
2026.02.23 17:00,1.1816,1.18205,1.18025,1.181,1.180777,1.181056,1.179384,1.18022,0.002666,-0.000806,0.00078
2026.02.23 18:00,1.181,1.1813,1.1807,1.181,1.18022,1.180359,1.179941,1.18022,0.001359,0.000341,0.00078
2026.02.23 19:00,1.181,1.18125,1.18,1.1803,1.18022,1.180359,1.179245,1.179523,0.002005,-0.000359,0.000777
2026.02.23 20:00,1.1803,1.1806,1.1799,1.18005,1.179523,1.179663,1.179106,1.179245,0.001494,0.000237,0.000805
2026.02.23 21:00,1.1801,1.1804,1.1796,1.1797,1.179245,1.179523,1.178967,1.178967,0.001433,7.7e-05,0.000733
2026.02.23 23:00,1.17975,1.1807,1.17975,1.18045,1.179106,1.179802,1.179106,1.179663,0.001594,-5.2e-05,0.000787
2026.02.24 00:00,1.1804,1.18075,1.17985,1.17995,1.179663,1.179941,1.179106,1.179245,0.001644,-9.1e-05,0.000705
2026.02.24 01:00,1.1799,1.1799,1.1783,1.1793,1.178967,1.178967,1.177579,1.178273,0.002321,-0.000667,0.001027
2026.02.24 02:00,1.1793,1.1796,1.17895,1.1795,1.17855,1.178828,1.178134,1.178689,0.001466,0.000122,0.000811
2026.02.24 03:00,1.1795,1.17965,1.1786,1.1786,1.178689,1.178828,1.177856,1.177856,0.001794,-0.000228,0.000744
2026.02.24 04:00,1.17865,1.1788,1.17795,1.1781,1.177856,1.177995,1.177163,1.177302,0.001637,-4.5e-05,0.000798
2026.02.24 05:00,1.1782,1.1792,1.17805,1.17915,1.177302,1.178273,1.177302,1.178273,0.001898,-0.000223,0.000877
2026.02.24 06:00,1.17915,1.17935,1.1789,1.17915,1.178273,1.17855,1.178134,1.178411,0.001216,0.00035,0.000739
2026.02.24 07:00,1.17915,1.17935,1.1783,1.17905,1.178273,1.17855,1.17744,1.178134,0.00191,-0.00025,0.000916
2026.02.24 08:00,1.17905,1.1801,1.1785,1.17955,1.178273,1.179245,1.177856,1.178967,0.002244,-0.000745,0.000583
2026.02.24 09:00,1.1795,1.18045,1.17945,1.1799,1.178689,1.179663,1.178689,1.179245,0.001761,-0.000213,0.000655
2026.02.24 10:00,1.17985,1.18025,1.1794,1.17965,1.179106,1.179384,1.178689,1.178967,0.001561,1.6e-05,0.000683
2026.02.24 11:00,1.1797,1.1797,1.17905,1.1792,1.178967,1.178967,1.178273,1.178411,0.001427,8.3e-05,0.000789
2026.02.24 12:00,1.17915,1.17945,1.1784,1.17925,1.178411,1.17855,1.177718,1.178411,0.001732,-0.00015,0.000839
2026.02.24 13:00,1.17925,1.17925,1.1779,1.1783,1.178411,1.178411,1.177163,1.177579,0.002087,-0.000512,0.000721
2026.02.24 14:00,1.17835,1.17895,1.17785,1.1785,1.177579,1.178134,1.177163,1.177856,0.001787,-0.000284,0.000644
2026.02.24 15:00,1.17845,1.1792,1.1777,1.1784,1.177579,1.178411,1.177024,1.177579,0.002176,-0.000711,0.000821
2026.02.24 16:00,1.17845,1.18015,1.1783,1.17995,1.177579,1.179384,1.177579,1.179106,0.002571,-0.001084,0.000844
2026.02.24 17:00,1.18,1.18005,1.17935,1.1797,1.179245,1.179245,1.17855,1.178967,0.0015,0.000105,0.000733
2026.02.24 18:00,1.1797,1.1798,1.17885,1.17895,1.178967,1.179106,1.178134,1.178134,0.001666,-0.000256,0.000816
2026.02.24 19:00,1.179,1.1796,1.17875,1.179,1.178273,1.178689,1.177995,1.178273,0.001605,6.1e-05,0.000727
2026.02.24 20:00,1.17905,1.17945,1.1786,1.17865,1.178273,1.178689,1.177995,1.177995,0.001455,-8.9e-05,0.000655
2026.02.24 21:00,1.1787,1.17885,1.17825,1.17845,1.177856,1.177995,1.177718,1.177718,0.001132,0.000255,0.000732
2026.02.24 23:00,1.17845,1.1787,1.1783,1.17845,1.177718,1.177995,1.177718,1.177718,0.000982,0.000305,0.000732
2026.02.25 00:00,1.1785,1.17905,1.1784,1.17885,1.177856,1.178273,1.177718,1.178273,0.001332,0.000127,0.000577
2026.02.25 01:00,1.1789,1.17925,1.1787,1.17885,1.178134,1.17855,1.177995,1.178134,0.001255,0.00015,0.000716
2026.02.25 02:00,1.17885,1.18045,1.17885,1.1803,1.178134,1.179663,1.178134,1.179384,0.002316,-0.000813,0.000916
2026.02.25 03:00,1.18035,1.18055,1.17965,1.18005,1.179663,1.179663,1.178967,1.179384,0.001583,-1.3e-05,0.000666
2026.02.25 04:00,1.18005,1.18065,1.1799,1.18065,1.179245,1.179941,1.179245,1.179802,0.001405,-4.1e-05,0.000848
2026.02.25 05:00,1.18065,1.18165,1.18065,1.18115,1.179941,1.180916,1.179941,1.180498,0.001709,-0.000266,0.000652
2026.02.25 06:00,1.18115,1.18175,1.1808,1.1816,1.180498,1.180916,1.18022,1.180916,0.001531,-0.000116,0.000684
2026.02.25 07:00,1.18155,1.18185,1.18075,1.1808,1.180916,1.181056,1.18022,1.18022,0.00163,-0.000306,0.00058
2026.02.25 08:00,1.1808,1.18105,1.18005,1.18005,1.18008,1.180359,1.179384,1.179523,0.001666,-0.000309,0.000527
2026.02.25 09:00,1.18005,1.1804,1.1796,1.17985,1.179245,1.179663,1.178967,1.179245,0.001433,-6.3e-05,0.000605
2026.02.25 10:00,1.17985,1.1799,1.179,1.17905,1.179106,1.179106,1.178411,1.178411,0.001489,-0.000106,0.000638
2026.02.25 11:00,1.179,1.17915,1.17815,1.1786,1.178134,1.178411,1.17744,1.177718,0.00171,-0.000261,0.000882
2026.02.25 12:00,1.17855,1.17975,1.1785,1.1797,1.177856,1.178967,1.177856,1.178967,0.001894,-0.000467,0.000733
2026.02.25 13:00,1.1797,1.1801,1.1783,1.1784,1.178967,1.179384,1.177718,1.177718,0.002382,-0.001084,0.000682
2026.02.25 14:00,1.1784,1.18,1.17835,1.1797,1.177856,1.179245,1.177718,1.179245,0.002282,-0.000895,0.000455
2026.02.25 15:00,1.17975,1.18135,1.17955,1.18125,1.178967,1.180359,1.178828,1.18022,0.002522,-0.000809,0.00103
2026.02.25 16:00,1.18125,1.18185,1.18095,1.1815,1.180498,1.181056,1.18022,1.180777,0.00163,-0.000106,0.000723
2026.02.25 17:00,1.18145,1.1825,1.18135,1.1818,1.180777,1.181754,1.180638,1.181056,0.001862,-0.000404,0.000744
2026.02.25 18:00,1.18185,1.1822,1.1815,1.18155,1.181195,1.181474,1.180777,1.180777,0.001423,2.6e-05,0.000773
2026.02.25 19:00,1.18155,1.18205,1.18135,1.18165,1.180777,1.181335,1.180638,1.181056,0.001412,1.5e-05,0.000594
2026.02.25 20:00,1.18165,1.18195,1.18155,1.1817,1.180916,1.181195,1.180916,1.180916,0.001034,0.000355,0.000784
2026.02.25 21:00,1.18165,1.18235,1.1814,1.182,1.180916,1.181614,1.180638,1.181335,0.001712,-0.000214,0.000665
2026.02.25 23:00,1.1821,1.18255,1.18195,1.1824,1.181614,1.181893,1.181474,1.181893,0.001076,5.7e-05,0.000507
2026.02.26 00:00,1.18235,1.18285,1.1821,1.1828,1.181893,1.182313,1.181614,1.182033,0.001236,-0.000213,0.000767
2026.02.26 01:00,1.18275,1.1838,1.1827,1.1836,1.182173,1.183292,1.182173,1.183152,0.001627,-0.000592,0.000448
2026.02.26 02:00,1.1837,1.1838,1.18225,1.18265,1.183152,1.183152,1.181754,1.182173,0.002046,-0.000902,0.000477
2026.02.26 03:00,1.18265,1.1831,1.1825,1.1826,1.182173,1.182592,1.182033,1.182173,0.001067,-9.2e-05,0.000427
2026.02.26 04:00,1.1826,1.18275,1.1822,1.18275,1.182033,1.182173,1.181614,1.182173,0.001136,2.7e-05,0.000577
2026.02.26 05:00,1.1828,1.18315,1.18255,1.18285,1.182173,1.182592,1.182033,1.182173,0.001117,-4.2e-05,0.000677
2026.02.26 06:00,1.18285,1.18315,1.1824,1.1828,1.182313,1.182592,1.181893,1.182313,0.001257,-0.000192,0.000487
2026.02.26 07:00,1.18275,1.18275,1.1818,1.18245,1.182173,1.182173,1.181195,1.182033,0.001555,-0.000373,0.000417
2026.02.26 08:00,1.1825,1.1825,1.1811,1.18115,1.181893,1.181893,1.180638,1.180777,0.001862,-0.000793,0.000373
2026.02.26 09:00,1.18115,1.1815,1.1806,1.18065,1.180638,1.180916,1.18008,1.18022,0.00142,-0.000316,0.00043
2026.02.26 10:00,1.1806,1.18085,1.1802,1.1807,1.18008,1.18022,1.179802,1.18022,0.001048,-2e-05,0.00048
2026.02.26 11:00,1.1807,1.1814,1.1807,1.1809,1.18022,1.180916,1.18022,1.180498,0.00118,-0.000216,0.000402
2026.02.26 12:00,1.18095,1.1819,1.1809,1.18185,1.180498,1.181335,1.180359,1.181195,0.001541,-0.000435,0.000655
2026.02.26 13:00,1.18185,1.1826,1.18115,1.18155,1.181335,1.182033,1.180638,1.181056,0.001962,-0.000883,0.000494
2026.02.26 14:00,1.1816,1.1825,1.18105,1.1822,1.181056,1.181893,1.180638,1.181474,0.001862,-0.000844,0.000726
2026.02.26 15:00,1.18215,1.18235,1.17895,1.1808,1.181614,1.181614,1.17855,1.18022,0.0038,-0.002664,0.00058
2026.02.26 16:00,1.1808,1.18085,1.1795,1.1801,1.18022,1.18022,1.178967,1.179523,0.001883,-0.00072,0.000576
2026.02.26 17:00,1.1801,1.18025,1.1783,1.17845,1.179523,1.179523,1.177718,1.177718,0.002532,-0.001223,0.000732
2026.02.26 18:00,1.1785,1.17965,1.17825,1.17935,1.177995,1.178967,1.177856,1.178689,0.001794,-0.000717,0.000661
2026.02.26 19:00,1.17935,1.1807,1.17915,1.18055,1.178828,1.18008,1.178828,1.18008,0.001872,-0.00093,0.00047
2026.02.26 20:00,1.1806,1.1812,1.1805,1.18105,1.18008,1.180638,1.179941,1.180638,0.001259,-0.000138,0.000412
2026.02.26 21:00,1.181,1.18125,1.1806,1.18065,1.180498,1.180638,1.18008,1.18008,0.00117,-3.8e-05,0.00057
2026.02.26 23:00,1.1805,1.18115,1.18045,1.18115,1.18008,1.180638,1.18008,1.180638,0.00107,-0.000188,0.000512
2026.02.27 00:00,1.1812,1.1814,1.18045,1.1805,1.180638,1.180916,1.179941,1.179941,0.001459,-0.000466,0.000559
2026.02.27 01:00,1.1805,1.18105,1.17975,1.1799,1.18008,1.180498,1.179384,1.179384,0.001666,-0.000748,0.000516
2026.02.27 02:00,1.1799,1.18095,1.1799,1.1809,1.179384,1.180498,1.179384,1.180359,0.001566,-0.000598,0.000541
2026.02.27 03:00,1.1809,1.1814,1.18085,1.18125,1.180359,1.181056,1.180359,1.180777,0.001041,-0.000206,0.000473
2026.02.27 04:00,1.1812,1.18215,1.18105,1.1819,1.180777,1.181614,1.180638,1.181474,0.001512,-0.000564,0.000426
2026.02.27 05:00,1.1817,1.182,1.18145,1.1817,1.181474,1.181474,1.181056,1.181195,0.000944,-2.4e-05,0.000505
2026.02.27 06:00,1.18165,1.18195,1.18105,1.18125,1.181195,1.181474,1.180638,1.180916,0.001312,-0.000425,0.000334
2026.02.27 07:00,1.18125,1.1828,1.1806,1.1824,1.180638,1.182173,1.18008,1.181893,0.00272,-0.001573,0.000507
2026.02.27 08:00,1.1824,1.18305,1.18165,1.1818,1.181893,1.182452,1.181195,1.181195,0.001855,-0.000802,0.000605
2026.02.27 09:00,1.1818,1.18205,1.18015,1.18035,1.180916,1.181474,1.179802,1.179802,0.002248,-0.001324,0.000548
2026.02.27 10:00,1.1804,1.1812,1.1803,1.1807,1.179802,1.180638,1.179802,1.18022,0.001398,-0.000338,0.00048
2026.02.27 11:00,1.1807,1.18125,1.18045,1.1809,1.18022,1.180777,1.179941,1.180359,0.001309,-0.000327,0.000541
2026.02.27 12:00,1.1809,1.18165,1.1807,1.18115,1.180359,1.181195,1.18022,1.180638,0.001431,-0.000495,0.000512
2026.02.27 13:00,1.18115,1.18155,1.17985,1.1801,1.180638,1.180916,1.179523,1.179802,0.002027,-0.001066,0.000298
2026.02.27 14:00,1.1801,1.18245,1.17995,1.1806,1.179663,1.181754,1.179523,1.18008,0.002927,-0.001804,0.00052
2026.02.27 15:00,1.1805,1.18255,1.18045,1.18155,1.18008,1.182033,1.18008,1.181056,0.00247,-0.001583,0.000494
2026.02.27 16:00,1.1816,1.18335,1.1814,1.1831,1.181056,1.182872,1.181056,1.182452,0.002294,-0.001472,0.000648
2026.02.27 17:00,1.1831,1.18355,1.1824,1.1825,1.182592,1.183012,1.182033,1.182173,0.001517,-0.000612,0.000327
2026.02.27 18:00,1.18255,1.1828,1.182,1.18265,1.182033,1.182173,1.181614,1.182173,0.001186,-0.000173,0.000477
2026.02.27 19:00,1.1826,1.18315,1.1825,1.1828,1.182173,1.182592,1.182033,1.182313,0.001117,-9.2e-05,0.000487
2026.02.27 20:00,1.18275,1.18345,1.1824,1.18245,1.182313,1.182872,1.181893,1.181893,0.001557,-0.000472,0.000557
2026.02.27 21:00,1.1825,1.1827,1.182,1.1826,1.181893,1.182592,1.181474,1.182592,0.001226,-0.000592,8e-06
2026.03.02 00:00,1.1767,1.17855,1.17635,1.1785,1.176194,1.177856,1.176194,1.177718,0.002356,-0.001506,0.000782
2026.03.02 01:00,1.17845,1.18025,1.17835,1.17995,1.178134,1.179802,1.177856,1.179384,0.002394,-0.001452,0.000566
2026.03.02 02:00,1.18,1.18015,1.1789,1.1796,1.179523,1.179523,1.17855,1.179245,0.0016,-0.000623,0.000355
2026.03.02 03:00,1.1797,1.1804,1.17965,1.17965,1.179245,1.179941,1.179245,1.179245,0.001155,-0.000291,0.000405
2026.03.02 04:00,1.1797,1.1798,1.17895,1.17935,1.179245,1.179384,1.17855,1.178967,0.00125,-0.000434,0.000383
2026.03.02 05:00,1.1794,1.1794,1.1774,1.17745,1.178828,1.178828,1.177024,1.177024,0.002375,-0.001428,0.000425
2026.03.02 06:00,1.17745,1.17745,1.1736,1.174,1.177024,1.177024,1.173434,1.173571,0.004016,-0.003425,0.000429
2026.03.02 07:00,1.174,1.1742,1.17115,1.1724,1.173571,1.173709,1.17096,1.171921,0.00324,-0.002559,0.000479
2026.03.02 08:00,1.17235,1.1732,1.17055,1.17305,1.172196,1.172745,1.170138,1.172608,0.003062,-0.002195,0.000442
2026.03.02 09:00,1.17305,1.17515,1.1729,1.1741,1.17247,1.174674,1.17247,1.173709,0.00268,-0.001774,0.000391
2026.03.02 10:00,1.1741,1.17555,1.1741,1.17465,1.173847,1.17495,1.173709,1.174122,0.001841,-0.00085,0.000528
2026.03.02 11:00,1.1747,1.1749,1.17345,1.17415,1.174122,1.174398,1.17302,1.173709,0.00188,-0.000948,0.000441
2026.03.02 12:00,1.1741,1.1742,1.171,1.17115,1.173434,1.173709,1.170686,1.170823,0.003514,-0.002709,0.000327
2026.03.02 13:00,1.1712,1.17265,1.1703,1.17065,1.170823,1.171921,1.170001,1.170138,0.002649,-0.001621,0.000512
2026.03.02 14:00,1.17065,1.1732,1.17025,1.1726,1.170001,1.17247,1.169864,1.172058,0.003336,-0.00222,0.000542
2026.03.02 15:00,1.1725,1.1725,1.16875,1.1688,1.171646,1.171783,1.168361,1.168361,0.004139,-0.003033,0.000439
2026.03.02 16:00,1.16885,1.17025,1.168,1.16975,1.168361,1.169727,1.167542,1.169591,0.002708,-0.001727,0.000159
2026.03.02 17:00,1.1698,1.1716,1.1695,1.1715,1.169317,1.171097,1.16918,1.171097,0.00242,-0.001597,0.000403
2026.03.02 18:00,1.17155,1.17155,1.16945,1.17025,1.17096,1.17096,1.169044,1.169864,0.002506,-0.00151,0.000386
2026.03.02 19:00,1.17025,1.1722,1.1702,1.1719,1.169864,1.171646,1.169864,1.171509,0.002336,-0.001446,0.000391
2026.03.02 20:00,1.17195,1.17215,1.16865,1.1698,1.171509,1.171646,1.168361,1.169454,0.003789,-0.002996,0.000346
2026.03.02 21:00,1.16985,1.1703,1.16965,1.16975,1.169317,1.169864,1.169317,1.169317,0.000983,-0.000214,0.000433
2026.03.02 23:00,1.1697,1.17055,1.16935,1.1702,1.169044,1.170138,1.169044,1.170001,0.001506,-0.000788,0.000199
2026.03.03 00:00,1.1702,1.1703,1.16935,1.17025,1.169727,1.169864,1.169044,1.169727,0.001256,-0.000514,0.000523
2026.03.03 01:00,1.17025,1.1714,1.16995,1.17045,1.169864,1.17096,1.169727,1.170001,0.001673,-0.00101,0.000449
2026.03.03 02:00,1.1704,1.1707,1.16935,1.1702,1.169864,1.170138,1.169044,1.169727,0.001656,-0.000788,0.000473
2026.03.03 03:00,1.1702,1.1705,1.1694,1.1698,1.169864,1.170001,1.169044,1.169454,0.001456,-0.000601,0.000346
2026.03.03 04:00,1.1698,1.1701,1.16865,1.1687,1.169454,1.169591,1.168361,1.168361,0.001739,-0.000941,0.000339
2026.03.03 05:00,1.1691,1.16925,1.16725,1.16745,1.168497,1.16877,1.166861,1.167133,0.002389,-0.00152,0.000317
2026.03.03 06:00,1.16745,1.1679,1.167,1.1677,1.166997,1.167406,1.166589,1.16727,0.001311,-0.000406,0.00043
2026.03.03 07:00,1.16765,1.16765,1.16505,1.16515,1.16727,1.16727,1.164822,1.164822,0.002828,-0.00222,0.000328
2026.03.03 08:00,1.16515,1.1654,1.1625,1.163,1.164687,1.164687,1.16225,1.16252,0.00315,-0.002187,0.00048
2026.03.03 09:00,1.163,1.16365,1.16055,1.1613,1.162791,1.163196,1.160362,1.161036,0.003288,-0.002646,0.000264
2026.03.03 10:00,1.1613,1.162,1.15965,1.1599,1.161036,1.161575,1.15942,1.15942,0.00258,-0.001925,0.00048
2026.03.03 11:00,1.1599,1.1611,1.15885,1.16045,1.159555,1.160497,1.158614,1.159958,0.002486,-0.001647,0.000492
2026.03.03 12:00,1.16045,1.16225,1.1598,1.162,1.159958,1.161845,1.15942,1.161845,0.00283,-0.002045,0.000155
2026.03.03 13:00,1.16205,1.16225,1.15975,1.1598,1.161575,1.16171,1.159555,1.159555,0.002695,-0.00196,0.000245
2026.03.03 14:00,1.1598,1.16065,1.1572,1.1575,1.159689,1.160093,1.157006,1.157006,0.003644,-0.002893,0.000494
2026.03.03 15:00,1.15745,1.1592,1.15375,1.158,1.157274,1.15848,1.153536,1.157675,0.005664,-0.00473,0.000325
2026.03.03 16:00,1.15805,1.16135,1.1576,1.16105,1.157675,1.160901,1.157407,1.160901,0.003943,-0.003301,0.000149
2026.03.03 17:00,1.16105,1.1611,1.1594,1.15975,1.160497,1.160631,1.159152,1.159555,0.001948,-0.001231,0.000195
2026.03.03 18:00,1.15975,1.16295,1.15975,1.1623,1.15942,1.162385,1.15942,1.16198,0.00353,-0.002635,0.00032
2026.03.03 19:00,1.1623,1.16335,1.1607,1.162,1.16198,1.162791,1.160497,1.161845,0.002853,-0.002091,0.000155
2026.03.03 20:00,1.16195,1.16315,1.16185,1.1625,1.16171,1.162656,1.161575,1.162115,0.001575,-0.000806,0.000385
2026.03.03 21:00,1.16245,1.1625,1.1617,1.1622,1.162115,1.162115,1.161305,1.161575,0.001195,-0.000415,0.000625
2026.03.03 23:00,1.16165,1.1627,1.1614,1.16175,1.161845,1.162385,1.16144,1.161575,0.00126,-0.000985,0.000175
2026.03.04 00:00,1.16175,1.16175,1.1599,1.15995,1.161305,1.161305,1.159689,1.159689,0.002061,-0.001405,0.000261
2026.03.04 01:00,1.16,1.16045,1.15815,1.16005,1.159689,1.160093,1.157943,1.159689,0.002506,-0.001943,0.000361
2026.03.04 02:00,1.16005,1.16115,1.15985,1.1605,1.159689,1.160766,1.159555,1.160227,0.001595,-0.000916,0.000273
2026.03.04 03:00,1.16045,1.16165,1.1602,1.1615,1.160093,1.161305,1.159958,1.16117,0.001692,-0.001105,0.000329
2026.03.04 04:00,1.16155,1.16175,1.1597,1.1601,1.161305,1.161305,1.159555,1.159824,0.002195,-0.001605,0.000276
2026.03.04 05:00,1.16025,1.16055,1.1594,1.1602,1.159555,1.160227,1.159017,1.159824,0.001533,-0.000827,0.000376
2026.03.04 06:00,1.16015,1.16245,1.15965,1.16175,1.159689,1.162115,1.159286,1.16144,0.003164,-0.002465,0.00031
2026.03.04 07:00,1.16175,1.16345,1.1617,1.16225,1.161575,1.162791,1.161575,1.162115,0.001875,-0.001091,0.000135
2026.03.04 08:00,1.1623,1.16235,1.16015,1.16065,1.16198,1.16198,1.160093,1.160227,0.002257,-0.00183,0.000423
2026.03.04 09:00,1.1606,1.16265,1.1599,1.16155,1.160227,1.162385,1.159958,1.16117,0.002692,-0.002485,0.00038
2026.03.04 10:00,1.1616,1.1654,1.16155,1.1641,1.161305,1.164822,1.161305,1.163738,0.004095,-0.003272,0.000362
2026.03.04 11:00,1.16405,1.1662,1.1637,1.16415,1.163738,1.165773,1.163603,1.163873,0.002597,-0.002073,0.000277
2026.03.04 12:00,1.16415,1.1655,1.163,1.1637,1.163873,1.165094,1.163061,1.163061,0.002439,-0.002094,0.000639
2026.03.04 13:00,1.16365,1.1659,1.16365,1.16375,1.163603,1.165365,1.163467,1.163603,0.002433,-0.001715,0.000147
2026.03.04 14:00,1.16375,1.16475,1.16275,1.16315,1.163467,1.16428,1.162656,1.162791,0.002094,-0.00153,0.000359
2026.03.04 15:00,1.1631,1.1647,1.16225,1.16465,1.162791,1.16428,1.162115,1.164144,0.002585,-0.00203,0.000506
2026.03.04 16:00,1.16465,1.16525,1.16355,1.1644,1.164415,1.164822,1.163332,1.164009,0.001918,-0.001272,0.000391
2026.03.04 17:00,1.16435,1.165,1.1633,1.164,1.164144,1.164551,1.163061,1.163603,0.001939,-0.001251,0.000397
2026.03.04 18:00,1.164,1.164,1.163,1.16315,1.163603,1.163603,1.162656,1.162656,0.001344,-0.000603,0.000494
2026.03.04 19:00,1.1631,1.16485,1.1631,1.1646,1.162926,1.164415,1.162926,1.164415,0.001924,-0.001315,0.000185
2026.03.04 20:00,1.16465,1.16505,1.1645,1.16465,1.164415,1.164687,1.16428,1.164551,0.00077,-0.000187,9.9e-05
2026.03.04 21:00,1.1647,1.16485,1.16405,1.1642,1.164415,1.164551,1.163873,1.16428,0.000977,-0.000501,-8e-05
2026.03.04 23:00,1.16425,1.16435,1.1638,1.164,1.163873,1.16428,1.163738,1.163873,0.000612,-0.00048,0.000127
2026.03.05 00:00,1.164,1.16505,1.16375,1.165,1.163738,1.164958,1.163603,1.164822,0.001447,-0.001208,0.000178
2026.03.05 01:00,1.165,1.16525,1.1632,1.16325,1.164822,1.164958,1.163196,1.163196,0.002053,-0.001758,5.4e-05
2026.03.05 02:00,1.16325,1.16365,1.16275,1.163,1.163061,1.163467,1.162656,1.162926,0.000994,-0.000717,7.4e-05
2026.03.05 03:00,1.16305,1.16325,1.16145,1.1618,1.162926,1.163061,1.161305,1.161575,0.001945,-0.001611,0.000225
2026.03.05 04:00,1.1618,1.162,1.16105,1.16125,1.161575,1.161845,1.161036,1.16117,0.000964,-0.000795,8e-05
2026.03.05 05:00,1.16145,1.16185,1.1599,1.15995,1.16117,1.16171,1.159824,1.159824,0.002026,-0.00181,0.000126
2026.03.05 06:00,1.15995,1.1621,1.15925,1.1612,1.159824,1.16171,1.159152,1.160901,0.002948,-0.00246,0.000299
2026.03.05 07:00,1.16115,1.1621,1.1604,1.161,1.16117,1.16198,1.160497,1.160901,0.001603,-0.00158,9.9e-05
2026.03.05 08:00,1.161,1.161,1.15865,1.16035,1.160631,1.160631,1.158614,1.160227,0.002386,-0.001981,0.000123
2026.03.05 09:00,1.16035,1.165,1.16015,1.16275,1.160093,1.16428,1.160093,1.162656,0.004907,-0.00413,9.4e-05
2026.03.05 10:00,1.1628,1.16375,1.1611,1.1616,1.162656,1.163061,1.160901,1.16144,0.002849,-0.001961,0.00016
2026.03.05 11:00,1.1616,1.1622,1.1609,1.1616,1.16144,1.16198,1.160766,1.16144,0.001434,-0.00108,0.00016
2026.03.05 12:00,1.16165,1.163,1.16125,1.16255,1.161305,1.162791,1.161036,1.16252,0.001964,-0.001541,3e-05
2026.03.05 13:00,1.1625,1.16295,1.15945,1.16025,1.16225,1.162656,1.15942,1.160093,0.00353,-0.003206,0.000157
2026.03.05 14:00,1.1602,1.16135,1.1597,1.16075,1.160093,1.16117,1.159689,1.160497,0.001661,-0.00147,0.000253
2026.03.05 15:00,1.1608,1.1614,1.1574,1.1588,1.160901,1.16117,1.157407,1.158749,0.003993,-0.00377,5.1e-05
2026.03.05 16:00,1.15875,1.15915,1.15635,1.15885,1.15848,1.159017,1.156337,1.158614,0.002813,-0.002667,0.000236
2026.03.05 17:00,1.15885,1.15965,1.1577,1.15925,1.158749,1.159286,1.157675,1.159152,0.001975,-0.001586,9.8e-05
2026.03.05 18:00,1.15925,1.15965,1.1576,1.15905,1.159152,1.159555,1.157541,1.159017,0.002109,-0.001955,3.3e-05
2026.03.05 19:00,1.15905,1.1593,1.1575,1.15775,1.158883,1.159017,1.157407,1.157407,0.001893,-0.001517,0.000343
2026.03.05 20:00,1.15775,1.16155,1.1575,1.16095,1.157675,1.161305,1.157407,1.160766,0.004143,-0.003805,0.000184
2026.03.05 21:00,1.16095,1.1616,1.16065,1.16135,1.160766,1.161305,1.160631,1.16117,0.000969,-0.000655,0.00018
2026.03.05 23:00,1.16105,1.1615,1.1608,1.1611,1.161305,1.16144,1.160766,1.16117,0.000734,-0.00064,-7e-05
2026.03.06 00:00,1.1611,1.16185,1.161,1.16155,1.160901,1.16171,1.160766,1.16144,0.001084,-0.00071,0.00011
2026.03.06 01:00,1.1615,1.16245,1.16115,1.16195,1.16144,1.162385,1.161036,1.161845,0.001414,-0.001235,0.000105
2026.03.06 02:00,1.1619,1.16245,1.1619,1.1621,1.161845,1.16225,1.16171,1.16198,0.00074,-0.00035,0.00012
2026.03.06 03:00,1.16205,1.1625,1.16205,1.16245,1.16198,1.162385,1.161845,1.162385,0.000655,-0.000335,6.5e-05
2026.03.06 04:00,1.16245,1.16255,1.16175,1.1618,1.162385,1.162385,1.16171,1.16171,0.00084,-0.000635,9e-05
2026.03.06 05:00,1.16185,1.1621,1.161,1.1611,1.161575,1.16198,1.160901,1.160901,0.001199,-0.00098,0.000199
2026.03.06 06:00,1.1611,1.16165,1.16065,1.16165,1.16117,1.161575,1.160631,1.16144,0.001019,-0.000925,0.00021
2026.03.06 07:00,1.1616,1.16225,1.16105,1.1619,1.16144,1.162115,1.161036,1.16171,0.001214,-0.001065,0.00019
2026.03.06 08:00,1.1619,1.1619,1.1606,1.16075,1.16171,1.16171,1.160631,1.160631,0.001269,-0.00111,0.000119
2026.03.06 09:00,1.1607,1.1607,1.15765,1.15785,1.160497,1.160497,1.157541,1.157809,0.003159,-0.002847,4.1e-05
2026.03.06 10:00,1.15785,1.15895,1.1577,1.1583,1.157809,1.158749,1.157675,1.158346,0.001275,-0.001049,-4.6e-05
2026.03.06 11:00,1.1583,1.15855,1.1565,1.1567,1.158212,1.158346,1.15647,1.156604,0.00208,-0.001846,9.6e-05
2026.03.06 12:00,1.15675,1.1573,1.1557,1.15595,1.156738,1.15714,1.155668,1.155802,0.001631,-0.00144,0.000148
2026.03.06 13:00,1.1559,1.16015,1.15545,1.1559,1.156069,1.15942,1.155535,1.156069,0.004615,-0.00397,-0.000169
2026.03.06 14:00,1.1559,1.1579,1.155,1.15765,1.156069,1.157809,1.155135,1.157407,0.002765,-0.00281,0.000243
2026.03.06 15:00,1.1576,1.15975,1.1575,1.1584,1.157943,1.15942,1.157541,1.158212,0.002209,-0.00192,0.000188
2026.03.06 16:00,1.15835,1.1618,1.1583,1.161,1.158346,1.161575,1.158346,1.161036,0.003454,-0.003275,-3.6e-05
2026.03.06 17:00,1.16095,1.1614,1.15985,1.16,1.160901,1.161036,1.159824,1.159958,0.001576,-0.001186,4.2e-05
2026.03.06 18:00,1.16005,1.1626,1.15975,1.1603,1.159958,1.16225,1.159689,1.160497,0.002911,-0.0025,-0.000197
2026.03.06 19:00,1.1603,1.1614,1.1601,1.16055,1.160227,1.16117,1.160093,1.160631,0.001307,-0.00107,-8.1e-05
2026.03.06 20:00,1.16055,1.1614,1.16,1.16105,1.160631,1.16117,1.159958,1.160901,0.001442,-0.001171,0.000149
2026.03.06 21:00,1.161,1.1624,1.16055,1.16055,1.160901,1.16225,1.160901,1.162115,0.001499,-0.0017,-0.001565
2026.03.09 00:00,1.1528,1.1535,1.152,1.15215,1.152605,1.153403,1.151941,1.152074,0.001559,-0.001403,7.6e-05
2026.03.09 01:00,1.15215,1.1528,1.1511,1.15125,1.151941,1.152605,1.151145,1.151278,0.001655,-0.001505,-2.8e-05
2026.03.09 02:00,1.1513,1.1532,1.1512,1.1529,1.151543,1.153004,1.151278,1.152871,0.001922,-0.001804,2.9e-05
2026.03.09 03:00,1.1529,1.1533,1.1517,1.15205,1.153136,1.153136,1.151676,1.151941,0.001624,-0.001436,0.000109
2026.03.09 04:00,1.1521,1.15335,1.152,1.15295,1.152206,1.15327,1.151941,1.152871,0.001409,-0.00127,7.9e-05
2026.03.09 05:00,1.153,1.15755,1.15275,1.1572,1.152871,1.157407,1.152871,1.15714,0.004679,-0.004657,6e-05
2026.03.09 06:00,1.1572,1.1573,1.1549,1.1549,1.156872,1.15714,1.155001,1.155001,0.002299,-0.00224,-0.000101
2026.03.09 07:00,1.15485,1.15695,1.1539,1.15675,1.155535,1.156738,1.154068,1.156604,0.002882,-0.002838,0.000146
2026.03.09 08:00,1.1568,1.15695,1.15195,1.15385,1.156872,1.156872,1.152074,1.153802,0.004876,-0.004922,4.8e-05
2026.03.09 09:00,1.15385,1.1578,1.1535,1.1558,1.153935,1.157407,1.153536,1.155802,0.004264,-0.003907,-2e-06
2026.03.09 10:00,1.15585,1.1569,1.1551,1.15645,1.155668,1.156604,1.155135,1.15647,0.001765,-0.001504,-2e-05
2026.03.09 11:00,1.15645,1.1572,1.1559,1.1565,1.156337,1.157006,1.155936,1.156337,0.001264,-0.001106,0.000163
2026.03.09 12:00,1.15655,1.15725,1.1554,1.1557,1.15647,1.15714,1.155402,1.155668,0.001848,-0.00174,3.1e-05
2026.03.09 13:00,1.15575,1.15915,1.15565,1.158,1.155936,1.159017,1.155802,1.157943,0.003348,-0.003367,5.7e-05
2026.03.09 14:00,1.158,1.1582,1.15515,1.1577,1.157809,1.157943,1.155135,1.157675,0.003065,-0.002793,2.5e-05
2026.03.09 15:00,1.15775,1.15975,1.1576,1.1595,1.157943,1.159689,1.157943,1.159555,0.001806,-0.002089,-5.5e-05
2026.03.09 16:00,1.1595,1.16035,1.1589,1.15915,1.159689,1.160227,1.159017,1.159152,0.001333,-0.001327,-2e-06
2026.03.09 17:00,1.15915,1.15935,1.15825,1.15825,1.159152,1.159152,1.158212,1.158212,0.001138,-0.000902,3.8e-05
2026.03.09 18:00,1.15825,1.15885,1.15795,1.158,1.158346,1.158749,1.157943,1.157943,0.000906,-0.000799,5.7e-05
2026.03.09 19:00,1.158,1.16375,1.15795,1.1613,1.157943,1.163467,1.157943,1.16117,0.005807,-0.005517,0.000129
2026.03.09 20:00,1.1613,1.16415,1.16125,1.1638,1.16171,1.164009,1.161575,1.163873,0.002575,-0.002759,-7.3e-05
2026.03.09 22:00,1.16405,1.16495,1.1626,1.16325,1.164415,1.164822,1.162656,1.163196,0.002294,-0.002222,5.4e-05
2026.03.09 23:00,1.16335,1.16345,1.16175,1.162,1.163196,1.163467,1.161845,1.16198,0.001605,-0.001717,2e-05
2026.03.10 00:00,1.16195,1.16385,1.1615,1.16295,1.16198,1.163873,1.161575,1.162926,0.002275,-0.002373,2.4e-05
2026.03.10 01:00,1.1629,1.1633,1.1615,1.16235,1.162926,1.163196,1.161575,1.162385,0.001725,-0.001696,-3.5e-05
2026.03.10 02:00,1.16235,1.163,1.1615,1.1616,1.16252,1.163061,1.161575,1.161575,0.001425,-0.001561,2.5e-05
2026.03.10 03:00,1.16165,1.1619,1.1611,1.1614,1.16171,1.161845,1.16117,1.161305,0.00073,-0.000745,9.5e-05
2026.03.10 04:00,1.16125,1.16175,1.16115,1.16155,1.161036,1.161845,1.161036,1.161575,0.000714,-0.000695,-2.5e-05
2026.03.10 05:00,1.1615,1.16235,1.1615,1.16235,1.161575,1.16225,1.161575,1.16225,0.000775,-0.00075,0.0001
2026.03.10 06:00,1.1624,1.16405,1.1624,1.16365,1.16252,1.164009,1.16252,1.163603,0.00153,-0.001609,4.7e-05
2026.03.10 07:00,1.16355,1.1667,1.16315,1.1664,1.163332,1.166589,1.163196,1.166453,0.003504,-0.003439,-5.3e-05
2026.03.10 08:00,1.16635,1.16655,1.16465,1.16495,1.166045,1.166317,1.164687,1.164958,0.001863,-0.001667,-8e-06
2026.03.10 09:00,1.1649,1.16625,1.16475,1.16545,1.164822,1.166181,1.164822,1.165501,0.001428,-0.001431,-5.1e-05
2026.03.10 10:00,1.16545,1.1655,1.1624,1.16425,1.165365,1.165365,1.162385,1.16428,0.003115,-0.002965,-3e-05
2026.03.10 11:00,1.1643,1.1657,1.164,1.16425,1.16428,1.165637,1.164009,1.16428,0.001691,-0.001637,-3e-05
2026.03.10 12:00,1.1642,1.16445,1.16245,1.1638,1.164415,1.164415,1.16252,1.163738,0.00193,-0.001966,6.2e-05
2026.03.10 13:00,1.1638,1.1652,1.16325,1.16355,1.164009,1.165094,1.163332,1.163603,0.001868,-0.001844,-5.3e-05
2026.03.10 14:00,1.16355,1.1654,1.16305,1.16515,1.163196,1.16523,1.163196,1.16523,0.002204,-0.00218,-8e-05
2026.03.10 15:00,1.16515,1.1659,1.1643,1.16505,1.165365,1.165773,1.164415,1.165094,0.001485,-0.001473,-4.4e-05
2026.03.10 16:00,1.1651,1.16575,1.1642,1.1655,1.164822,1.165773,1.16428,1.165501,0.00147,-0.001573,-1e-06
2026.03.10 17:00,1.1655,1.16705,1.1645,1.16485,1.165637,1.166997,1.164551,1.164822,0.002499,-0.002497,2.8e-05
2026.03.10 18:00,1.1649,1.16495,1.16175,1.16275,1.164822,1.164822,1.161845,1.162791,0.003105,-0.003072,-4.1e-05
2026.03.10 19:00,1.1628,1.1632,1.1609,1.1618,1.162791,1.163196,1.161305,1.16171,0.001895,-0.002296,9e-05
2026.03.10 20:00,1.16175,1.16185,1.16115,1.1614,1.16171,1.161845,1.16117,1.16144,0.000679,-0.000695,-4e-05
2026.03.10 22:00,1.1614,1.16165,1.16055,1.1608,1.161305,1.161575,1.160631,1.160901,0.001019,-0.001025,-0.000101
2026.03.10 23:00,1.16075,1.1615,1.16075,1.1614,1.161036,1.16144,1.160901,1.16144,0.000599,-0.00069,-4e-05
2026.03.11 00:00,1.16145,1.1628,1.1609,1.16205,1.161575,1.162791,1.161036,1.16225,0.001764,-0.001891,-0.0002
2026.03.11 01:00,1.1621,1.1631,1.16155,1.16295,1.16225,1.163061,1.161575,1.163061,0.001525,-0.001511,-0.000111
2026.03.11 02:00,1.163,1.1632,1.16215,1.1629,1.163061,1.163196,1.16225,1.162926,0.00095,-0.001046,-2.6e-05
2026.03.11 03:00,1.16285,1.16345,1.1628,1.16335,1.163061,1.163467,1.162926,1.163332,0.000524,-0.000667,1.8e-05
2026.03.11 04:00,1.16325,1.1638,1.1632,1.16365,1.163332,1.163873,1.163196,1.163738,0.000604,-0.000673,-8.8e-05
2026.03.11 05:00,1.1636,1.16385,1.1633,1.16355,1.163738,1.163873,1.163332,1.163603,0.000518,-0.000573,-5.3e-05
2026.03.11 06:00,1.16355,1.16435,1.16325,1.1636,1.163738,1.16428,1.163332,1.163738,0.001018,-0.00103,-0.000138
2026.03.11 07:00,1.1636,1.16485,1.16165,1.162,1.163738,1.164415,1.161845,1.162115,0.003005,-0.002766,-0.000115
2026.03.11 08:00,1.16195,1.1624,1.16065,1.1615,1.161845,1.162385,1.160901,1.161575,0.001499,-0.001735,-7.5e-05
2026.03.11 09:00,1.16155,1.16165,1.1593,1.1595,1.160901,1.160901,1.15942,1.159555,0.00223,-0.001601,-5.5e-05
2026.03.11 10:00,1.1595,1.1614,1.1594,1.161,1.159555,1.16144,1.159555,1.161036,0.001845,-0.00204,-3.6e-05
2026.03.11 11:00,1.16095,1.1613,1.15975,1.15975,1.161036,1.161305,1.159958,1.159958,0.001342,-0.001555,-0.000208
2026.03.11 12:00,1.1597,1.1609,1.158,1.1585,1.159824,1.160497,1.158212,1.15848,0.002688,-0.002497,2e-05
2026.03.11 13:00,1.15845,1.15965,1.15795,1.1594,1.158883,1.159555,1.158346,1.159555,0.001304,-0.001605,-0.000155
2026.03.11 14:00,1.1594,1.16155,1.15835,1.1585,1.160227,1.161305,1.15848,1.15848,0.00307,-0.002955,2e-05
2026.03.11 15:00,1.1585,1.1587,1.1568,1.1569,1.158614,1.158614,1.157006,1.157006,0.001694,-0.001814,-0.000106
2026.03.11 16:00,1.15685,1.15795,1.15655,1.15735,1.156872,1.157809,1.156738,1.157407,0.001212,-0.001259,-5.7e-05
2026.03.11 17:00,1.1574,1.1579,1.15635,1.1574,1.157407,1.157943,1.156738,1.157407,0.001162,-0.001593,-7e-06
2026.03.11 18:00,1.1574,1.1577,1.15665,1.1574,1.157541,1.157809,1.156738,1.157541,0.000962,-0.00116,-0.000141
2026.03.11 19:00,1.15745,1.1579,1.1571,1.1576,1.157407,1.157943,1.157274,1.157675,0.000626,-0.000844,-7.5e-05
2026.03.11 20:00,1.15765,1.15765,1.15675,1.157,1.157541,1.157541,1.156872,1.157006,0.000778,-0.000791,-6e-06
2026.03.11 22:00,1.15715,1.15745,1.15505,1.15515,1.157541,1.157541,1.155268,1.155402,0.002182,-0.002491,-0.000252
2026.03.11 23:00,1.15515,1.15545,1.15405,1.1544,1.155535,1.155535,1.154335,1.154601,0.001115,-0.001485,-0.000201
2026.03.12 00:00,1.1544,1.1551,1.15355,1.1547,1.154468,1.155268,1.153802,1.154868,0.001298,-0.001718,-0.000168
2026.03.12 01:00,1.15475,1.1557,1.1547,1.15515,1.155001,1.155802,1.154868,1.155402,0.000832,-0.001102,-0.000252
2026.03.12 02:00,1.1552,1.15555,1.15335,1.154,1.155402,1.155668,1.153669,1.154201,0.001881,-0.002319,-0.000201
2026.03.12 03:00,1.1539,1.15415,1.15345,1.1539,1.154201,1.154335,1.153669,1.154201,0.000481,-0.000885,-0.000301
2026.03.12 04:00,1.154,1.1541,1.1533,1.1534,1.154201,1.154335,1.153536,1.153669,0.000564,-0.001034,-0.000269
2026.03.12 05:00,1.15345,1.1546,1.1534,1.1541,1.153669,1.154868,1.153669,1.154335,0.000931,-0.001468,-0.000235
2026.03.12 06:00,1.1541,1.15525,1.154,1.1549,1.154468,1.155402,1.154468,1.155135,0.000782,-0.001402,-0.000235
2026.03.12 07:00,1.1549,1.15535,1.1543,1.1552,1.155001,1.155535,1.154601,1.155402,0.000749,-0.001235,-0.000202
2026.03.12 08:00,1.15525,1.1557,1.15445,1.1548,1.155668,1.155936,1.154734,1.155001,0.000966,-0.001486,-0.000201
2026.03.12 09:00,1.1549,1.1562,1.15455,1.15605,1.154868,1.156337,1.154868,1.156337,0.001332,-0.001787,-0.000287
2026.03.12 10:00,1.15605,1.15645,1.15505,1.1559,1.156337,1.156604,1.155268,1.156203,0.001182,-0.001554,-0.000303
2026.03.12 11:00,1.15585,1.15685,1.1554,1.15575,1.156203,1.156872,1.155535,1.155936,0.001315,-0.001472,-0.000186
2026.03.12 12:00,1.15575,1.1558,1.15335,1.154,1.155936,1.155936,1.153669,1.154201,0.002131,-0.002586,-0.000201
2026.03.12 13:00,1.15405,1.1551,1.1521,1.15275,1.154601,1.155268,1.152472,1.153004,0.002628,-0.003168,-0.000254
2026.03.12 14:00,1.15275,1.1534,1.15165,1.1522,1.153403,1.153669,1.152074,1.152472,0.001326,-0.002019,-0.000272
2026.03.12 15:00,1.15215,1.15305,1.15115,1.1523,1.151941,1.152871,1.15141,1.152472,0.001639,-0.001721,-0.000172
2026.03.12 16:00,1.15225,1.15335,1.15145,1.1523,1.152605,1.15327,1.151808,1.152472,0.001542,-0.001819,-0.000172
2026.03.12 17:00,1.15225,1.1533,1.15205,1.1523,1.152738,1.153403,1.152472,1.152472,0.000828,-0.001353,-0.000172
2026.03.12 18:00,1.15235,1.1526,1.15125,1.15135,1.152605,1.152605,1.151543,1.151543,0.001057,-0.001355,-0.000193
2026.03.12 19:00,1.1513,1.152,1.15115,1.1516,1.15141,1.152206,1.15141,1.151808,0.000589,-0.001056,-0.000208
2026.03.12 20:00,1.1516,1.1517,1.15105,1.15125,1.151676,1.151941,1.15141,1.15141,0.00029,-0.000891,-0.00016
2026.03.12 22:00,1.1513,1.15205,1.1511,1.1519,1.151676,1.152339,1.151543,1.152206,0.000507,-0.001239,-0.000306
2026.03.12 23:00,1.152,1.15235,1.1516,1.15215,1.152206,1.152605,1.151941,1.152605,0.000409,-0.001005,-0.000455
2026.03.13 00:00,1.1522,1.1529,1.1521,1.15245,1.152605,1.153136,1.152472,1.152738,0.000428,-0.001037,-0.000288
2026.03.13 01:00,1.1525,1.153,1.15155,1.15165,1.152871,1.15327,1.151808,1.151941,0.001192,-0.001719,-0.000291
2026.03.13 02:00,1.1518,1.1523,1.1512,1.15145,1.152074,1.152472,1.15141,1.151676,0.00089,-0.001272,-0.000226
2026.03.13 03:00,1.15145,1.15165,1.15055,1.1509,1.151676,1.151676,1.15088,1.151278,0.000769,-0.001126,-0.000378
2026.03.13 04:00,1.1508,1.1508,1.15005,1.1502,1.151278,1.151278,1.150351,1.150748,0.000449,-0.001228,-0.000548
2026.03.13 05:00,1.1504,1.15065,1.15005,1.15015,1.150748,1.15088,1.150351,1.150351,0.000299,-0.00083,-0.000201
2026.03.13 06:00,1.1502,1.15035,1.1483,1.1484,1.150616,1.150616,1.148633,1.148633,0.001717,-0.002316,-0.000233
2026.03.13 07:00,1.14835,1.1525,1.1467,1.15085,1.148106,1.148501,1.145869,1.146132,0.006631,-0.001801,0.004718
2026.03.13 08:00,1.15085,1.151,1.14835,1.1496,1.145738,1.145738,1.143641,1.14482,0.007359,0.002612,0.00478
2026.03.13 09:00,1.14965,1.1512,1.1496,1.15045,1.145213,1.146395,1.145082,1.145607,0.006118,0.003205,0.004843
2026.03.13 10:00,1.1504,1.15225,1.1503,1.151,1.145869,1.147447,1.145607,1.146132,0.006643,0.002853,0.004868
2026.03.13 11:00,1.1509,1.15215,1.1506,1.1519,1.146395,1.147447,1.145869,1.147315,0.006281,0.003153,0.004585
2026.03.13 12:00,1.1519,1.1539,1.1512,1.15285,1.147052,1.148897,1.146526,1.148106,0.007374,0.002303,0.004744
2026.03.13 13:00,1.1529,1.1541,1.15245,1.153,1.148369,1.149161,1.14771,1.148237,0.00639,0.003289,0.004763
2026.03.13 14:00,1.1529,1.15355,1.1506,1.1508,1.147842,1.148765,1.146,1.146,0.00755,0.001835,0.0048
2026.03.13 15:00,1.1508,1.15115,1.14855,1.1494,1.145869,1.146395,1.143903,1.144689,0.007247,0.002155,0.004711
2026.03.13 16:00,1.14935,1.15015,1.1487,1.1493,1.144558,1.145213,1.144034,1.144558,0.006116,0.003487,0.004742
2026.03.13 17:00,1.1493,1.14965,1.14845,1.1493,1.144427,1.14482,1.143772,1.144558,0.005878,0.00363,0.004742
2026.03.13 18:00,1.14935,1.14935,1.1482,1.14865,1.144558,1.144558,1.143641,1.143903,0.005709,0.003642,0.004747
2026.03.13 19:00,1.14865,1.14875,1.14705,1.1473,1.143903,1.144034,1.142335,1.142596,0.006415,0.003016,0.004704
2026.03.13 20:00,1.14735,1.14865,1.14615,1.14865,1.142465,1.142596,1.141422,1.141944,0.007228,0.003554,0.006706
2026.03.16 00:00,1.14855,1.15055,1.14855,1.15045,1.144165,1.145869,1.144165,1.145869,0.006385,0.002681,0.004581
2026.03.16 01:00,1.1505,1.15065,1.14895,1.1499,1.145869,1.145869,1.144427,1.145213,0.006223,0.003081,0.004687
2026.03.16 02:00,1.1499,1.15015,1.1495,1.1498,1.145213,1.145475,1.144951,1.145213,0.005199,0.004025,0.004587
2026.03.16 03:00,1.1498,1.15035,1.1496,1.15005,1.145213,1.145738,1.144951,1.145344,0.005399,0.003862,0.004706
2026.03.16 04:00,1.15005,1.1501,1.1491,1.1491,1.145344,1.145475,1.144558,1.144558,0.005542,0.003625,0.004542
2026.03.16 05:00,1.14915,1.1493,1.1483,1.1485,1.144558,1.144689,1.143641,1.143772,0.005659,0.003611,0.004728
2026.03.16 06:00,1.14845,1.14865,1.1474,1.14815,1.143641,1.144034,1.142857,1.143511,0.005793,0.003366,0.004639
2026.03.16 07:00,1.14815,1.1485,1.1464,1.14755,1.14338,1.143772,1.141944,1.142857,0.006556,0.002628,0.004693
2026.03.16 08:00,1.1476,1.1495,1.1476,1.14945,1.143249,1.14482,1.142988,1.144689,0.006512,0.00278,0.004761
2026.03.16 09:00,1.14945,1.15025,1.1491,1.14995,1.144689,1.145607,1.144427,1.145344,0.005823,0.003493,0.004606
2026.03.16 10:00,1.14995,1.1528,1.1497,1.15255,1.145213,1.147974,1.145213,1.147842,0.007587,0.001726,0.004708
2026.03.16 11:00,1.15255,1.15375,1.1521,1.15295,1.147579,1.148897,1.147447,1.148237,0.006303,0.003203,0.004713
2026.03.16 12:00,1.15295,1.1538,1.15225,1.1524,1.148237,1.149161,1.147579,1.14771,0.006221,0.003089,0.00469
2026.03.16 13:00,1.1524,1.1551,1.1524,1.155,1.147974,1.150351,1.147974,1.150351,0.007126,0.002049,0.004649
2026.03.16 14:00,1.155,1.15525,1.15305,1.1539,1.150218,1.150483,1.148501,1.149161,0.006749,0.002567,0.004739
2026.03.16 15:00,1.15385,1.155,1.153,1.15365,1.149293,1.150351,1.148501,1.149029,0.006499,0.002649,0.004621
2026.03.16 16:00,1.15365,1.1549,1.15275,1.15435,1.148897,1.150218,1.148106,1.14969,0.006794,0.002532,0.00466
2026.03.16 17:00,1.1544,1.15545,1.154,1.15425,1.150218,1.150748,1.149425,1.149557,0.006025,0.003252,0.004693
2026.03.16 18:00,1.1542,1.1574,1.1542,1.15685,1.14969,1.152605,1.14969,1.152074,0.00771,0.001595,0.004776
2026.03.16 19:00,1.15685,1.1575,1.1554,1.15575,1.152339,1.152738,1.151013,1.151013,0.006487,0.002662,0.004737
2026.03.16 20:00,1.15575,1.15605,1.1553,1.15545,1.151278,1.151278,1.150616,1.151145,0.005434,0.004022,0.004305
2026.03.16 22:00,1.15555,1.15555,1.1547,1.15475,1.150748,1.150748,1.150218,1.150218,0.005332,0.003952,0.004532
2026.03.16 23:00,1.1548,1.1549,1.1544,1.1547,1.150351,1.150351,1.149822,1.150218,0.005078,0.004049,0.004482
2026.03.17 00:00,1.15475,1.1548,1.1538,1.15415,1.149954,1.149954,1.149293,1.149557,0.005507,0.003846,0.004593
2026.03.17 01:00,1.1541,1.15445,1.1535,1.1542,1.149557,1.149822,1.149029,1.14969,0.005421,0.003678,0.00451
2026.03.17 02:00,1.1542,1.15475,1.15405,1.1544,1.149557,1.150218,1.149557,1.149822,0.005193,0.003832,0.004578
2026.03.17 03:00,1.1544,1.1552,1.15415,1.15415,1.14969,1.150483,1.149557,1.149557,0.005643,0.003667,0.004593
2026.03.17 04:00,1.1539,1.1549,1.1539,1.1546,1.149557,1.150351,1.149293,1.150086,0.005607,0.003549,0.004514
2026.03.17 05:00,1.1546,1.1548,1.1527,1.15285,1.149954,1.150218,1.148237,1.148369,0.006563,0.002481,0.004481
2026.03.17 06:00,1.1529,1.1531,1.15155,1.15305,1.148237,1.148501,1.147052,1.148501,0.006048,0.003049,0.004549
2026.03.17 07:00,1.15305,1.155,1.1529,1.15445,1.148501,1.150351,1.148369,1.149822,0.006631,0.002549,0.004628
2026.03.17 08:00,1.15445,1.15675,1.15365,1.15595,1.149822,1.151941,1.149161,1.15141,0.007589,0.001709,0.004539
2026.03.17 09:00,1.156,1.1574,1.15575,1.1566,1.151543,1.152738,1.151278,1.151941,0.006122,0.003012,0.004659
2026.03.17 10:00,1.1565,1.15655,1.15535,1.15555,1.15141,1.151808,1.150748,1.151013,0.005802,0.003542,0.004537
2026.03.17 11:00,1.1555,1.1568,1.1554,1.1557,1.15088,1.152206,1.15088,1.151013,0.00592,0.003194,0.004687
2026.03.17 12:00,1.15565,1.15745,1.1554,1.1573,1.151013,1.152738,1.150748,1.152738,0.006702,0.002662,0.004562
2026.03.17 13:00,1.1574,1.15935,1.1574,1.158,1.153004,1.154468,1.153004,1.153403,0.006346,0.002932,0.004597
2026.03.17 14:00,1.15795,1.15885,1.157,1.15825,1.153136,1.154068,1.152472,1.153669,0.006378,0.002932,0.004581
2026.03.17 15:00,1.15825,1.1588,1.15705,1.1574,1.153802,1.154068,1.152472,1.152871,0.006328,0.002982,0.004529
2026.03.17 16:00,1.1574,1.15825,1.1568,1.1578,1.152605,1.153536,1.152339,1.153136,0.005911,0.003264,0.004663
2026.03.17 17:00,1.15775,1.15895,1.15755,1.1589,1.153004,1.154335,1.153004,1.154201,0.005946,0.003215,0.004699
2026.03.17 18:00,1.15895,1.1597,1.15875,1.1589,1.154468,1.155135,1.154201,1.154201,0.005499,0.003615,0.004699
2026.03.17 19:00,1.15885,1.1591,1.15835,1.15855,1.154335,1.154468,1.153802,1.153802,0.005298,0.003882,0.004748
2026.03.17 20:00,1.1585,1.15925,1.15845,1.1592,1.153935,1.154468,1.153935,1.154468,0.005315,0.003982,0.004732
2026.03.17 22:00,1.1588,1.15945,1.1587,1.15895,1.154201,1.154734,1.154201,1.154335,0.005249,0.003966,0.004615
2026.03.17 23:00,1.1589,1.15905,1.15865,1.15885,1.154335,1.154468,1.154201,1.154201,0.004849,0.004182,0.004649
2026.03.18 00:00,1.15885,1.1593,1.15815,1.1582,1.154068,1.154601,1.153669,1.153669,0.005631,0.003549,0.004531
2026.03.18 01:00,1.1582,1.15895,1.1581,1.1583,1.153669,1.154335,1.153669,1.153669,0.005281,0.003765,0.004631
2026.03.18 02:00,1.15835,1.1587,1.1581,1.15815,1.153802,1.154201,1.153536,1.153669,0.005164,0.003899,0.004481
2026.03.18 03:00,1.15815,1.1586,1.15815,1.15855,1.153536,1.153935,1.153536,1.153935,0.005064,0.004215,0.004615
2026.03.18 04:00,1.1588,1.1592,1.15865,1.15905,1.154068,1.154601,1.154068,1.154468,0.005132,0.004049,0.004582
2026.03.18 05:00,1.15905,1.1596,1.1589,1.15945,1.154468,1.155001,1.154335,1.155001,0.005265,0.003899,0.004449
2026.03.18 06:00,1.1594,1.15985,1.15885,1.15915,1.155001,1.155268,1.154335,1.154601,0.005515,0.003582,0.004549
2026.03.18 07:00,1.15915,1.1595,1.15725,1.15755,1.154468,1.154868,1.152738,1.153004,0.006762,0.002382,0.004546
2026.03.18 08:00,1.15755,1.1583,1.1567,1.15815,1.152871,1.153669,1.152206,1.153536,0.006094,0.003031,0.004614
2026.03.18 09:00,1.1581,1.15885,1.1574,1.15875,1.153403,1.154201,1.153004,1.154201,0.005846,0.003199,0.004549
2026.03.18 10:00,1.15875,1.15925,1.15825,1.1589,1.154201,1.154734,1.153802,1.154335,0.005448,0.003516,0.004565
2026.03.18 11:00,1.1589,1.1604,1.1579,1.15955,1.154468,1.155668,1.153669,1.155001,0.006731,0.002231,0.004549
2026.03.18 12:00,1.1596,1.1597,1.1554,1.1556,1.154868,1.155135,1.15088,1.151145,0.00882,0.000265,0.004455
2026.03.18 13:00,1.1556,1.15645,1.1539,1.15635,1.151013,1.151808,1.14969,1.151808,0.00676,0.002092,0.004542
2026.03.18 14:00,1.1564,1.1576,1.1553,1.15655,1.151808,1.152871,1.15088,1.152074,0.00672,0.002429,0.004476
2026.03.18 15:00,1.15655,1.1578,1.156,1.1562,1.152472,1.153004,1.151543,1.151543,0.006257,0.002996,0.004657
2026.03.18 16:00,1.15615,1.1571,1.15555,1.15595,1.151676,1.152472,1.151013,1.15141,0.006087,0.003078,0.004539
2026.03.18 17:00,1.1559,1.15655,1.1551,1.15655,1.151543,1.151941,1.150616,1.151941,0.005934,0.003159,0.004609
2026.03.18 18:00,1.15655,1.1574,1.1525,1.1526,1.152738,1.152738,1.148237,1.148237,0.009163,-0.000238,0.004363
2026.03.18 19:00,1.1526,1.15315,1.15175,1.15185,1.148106,1.148501,1.147315,1.147315,0.005835,0.003249,0.004535
2026.03.18 20:00,1.1518,1.1519,1.1498,1.15,1.147184,1.147315,1.145475,1.145475,0.006425,0.002485,0.004525
2026.03.18 22:00,1.1508,1.15125,1.14985,1.15045,1.146657,1.146789,1.145475,1.146,0.005775,0.003061,0.00445
2026.03.18 23:00,1.1504,1.15135,1.1503,1.1511,1.146132,1.14692,1.146132,1.146657,0.005218,0.00338,0.004443
2026.03.19 00:00,1.15105,1.15215,1.151,1.15215,1.146657,1.147842,1.146657,1.147842,0.005493,0.003158,0.004308
2026.03.19 01:00,1.15215,1.15315,1.1521,1.15235,1.147842,1.148633,1.147842,1.147974,0.005308,0.003467,0.004376
2026.03.19 02:00,1.1524,1.15385,1.15195,1.15295,1.147842,1.149293,1.147579,1.148633,0.006271,0.002657,0.004317
2026.03.19 03:00,1.153,1.1531,1.15215,1.15235,1.148633,1.148633,1.147842,1.147842,0.005258,0.003517,0.004508
2026.03.19 04:00,1.15195,1.1521,1.1514,1.1517,1.14771,1.147842,1.147052,1.147184,0.005048,0.003558,0.004516
2026.03.19 05:00,1.15165,1.1518,1.1511,1.1513,1.147315,1.147447,1.146789,1.14692,0.005011,0.003653,0.00438
2026.03.19 06:00,1.1513,1.1524,1.15085,1.15125,1.14692,1.147974,1.146395,1.146789,0.006005,0.002876,0.004461
2026.03.19 07:00,1.1513,1.15225,1.1498,1.15,1.147052,1.14771,1.145475,1.145607,0.006775,0.00209,0.004393
2026.03.19 08:00,1.15,1.1506,1.14905,1.1498,1.145738,1.146132,1.144689,1.145475,0.005911,0.002918,0.004325
2026.03.19 09:00,1.14985,1.1535,1.14985,1.15275,1.145738,1.148897,1.145738,1.148369,0.007762,0.000953,0.004381
2026.03.19 10:00,1.15275,1.15275,1.1514,1.15215,1.147974,1.148106,1.147052,1.14771,0.005698,0.003294,0.00444
2026.03.19 11:00,1.1521,1.1529,1.15135,1.15275,1.14771,1.148369,1.147052,1.148237,0.005848,0.002981,0.004513
2026.03.19 12:00,1.15265,1.15375,1.151,1.15345,1.148237,1.149293,1.146789,1.149161,0.006961,0.001707,0.004289
2026.03.19 13:00,1.15345,1.15745,1.1517,1.1565,1.149029,1.152339,1.147579,1.151941,0.009871,-0.000639,0.004559
2026.03.19 14:00,1.15645,1.1576,1.15475,1.1564,1.152206,1.152871,1.150616,1.152074,0.006984,0.001879,0.004326
2026.03.19 15:00,1.15635,1.1586,1.1546,1.1561,1.151808,1.154201,1.150218,1.151808,0.008381,0.000399,0.004292
2026.03.19 16:00,1.1561,1.1586,1.1559,1.1583,1.151808,1.153935,1.151808,1.153935,0.006792,0.001965,0.004365
2026.03.19 17:00,1.1583,1.16145,1.15825,1.16075,1.154068,1.156872,1.154068,1.156337,0.007382,0.001378,0.004413
2026.03.19 18:00,1.1607,1.16315,1.1598,1.16305,1.156203,1.158614,1.155535,1.15848,0.007615,0.001186,0.00457
2026.03.19 19:00,1.16305,1.16635,1.16245,1.1632,1.158883,1.161845,1.158078,1.159017,0.008272,0.000605,0.004183
2026.03.19 20:00,1.1632,1.1637,1.1628,1.16345,1.158883,1.159286,1.15848,1.159152,0.00522,0.003514,0.004298
2026.03.19 22:00,1.16345,1.1642,1.1624,1.16245,1.159152,1.159824,1.158078,1.158078,0.006122,0.002576,0.004372
2026.03.19 23:00,1.16245,1.1628,1.1621,1.16225,1.15848,1.15848,1.157943,1.158078,0.004856,0.00362,0.004172
2026.03.20 00:00,1.16225,1.16265,1.1617,1.162,1.157943,1.158212,1.157541,1.157675,0.005109,0.003488,0.004325
2026.03.20 01:00,1.16205,1.16235,1.161,1.16115,1.157809,1.157943,1.156738,1.156872,0.005612,0.003057,0.004278
2026.03.20 02:00,1.1612,1.16145,1.16085,1.16105,1.156872,1.157006,1.156604,1.156738,0.004846,0.003844,0.004312
2026.03.20 03:00,1.161,1.161,1.1603,1.1603,1.156604,1.156604,1.155936,1.156069,0.005064,0.003696,0.004231
2026.03.20 04:00,1.16045,1.16065,1.1601,1.16025,1.156069,1.156337,1.155802,1.155936,0.004848,0.003763,0.004314
2026.03.20 05:00,1.1602,1.1608,1.1599,1.15995,1.155936,1.156337,1.155535,1.155535,0.005265,0.003563,0.004415
2026.03.20 06:00,1.15995,1.1613,1.1599,1.16055,1.155802,1.156872,1.155802,1.156337,0.005498,0.003028,0.004213
2026.03.20 07:00,1.1606,1.16215,1.16025,1.162,1.156203,1.157809,1.155936,1.157675,0.006214,0.00244,0.004325
2026.03.20 08:00,1.16205,1.16275,1.1614,1.16145,1.157675,1.158346,1.157274,1.157274,0.005476,0.003054,0.004176
2026.03.20 09:00,1.1614,1.16195,1.1594,1.1595,1.157006,1.157541,1.155135,1.155268,0.006815,0.001859,0.004232
2026.03.20 10:00,1.1595,1.16085,1.15815,1.1606,1.154868,1.15647,1.153935,1.156337,0.006915,0.00168,0.004263
2026.03.20 11:00,1.1606,1.1626,1.1604,1.1618,1.156203,1.158346,1.156203,1.157541,0.006397,0.002054,0.004259
2026.03.20 12:00,1.16185,1.1627,1.16085,1.1611,1.157541,1.158212,1.156604,1.156738,0.006096,0.002638,0.004362
2026.03.20 13:00,1.16115,1.16125,1.15865,1.15875,1.156872,1.156872,1.154601,1.154601,0.006649,0.001778,0.004149
2026.03.20 14:00,1.15875,1.15905,1.1571,1.1581,1.154201,1.154601,1.152738,1.153935,0.006312,0.002499,0.004165
2026.03.20 15:00,1.15815,1.1604,1.1581,1.1588,1.154068,1.155936,1.153935,1.154734,0.006465,0.002164,0.004066
2026.03.20 16:00,1.15885,1.1613,1.15875,1.1606,1.154734,1.156872,1.154734,1.156203,0.006566,0.001878,0.004397
2026.03.20 17:00,1.1606,1.1617,1.1596,1.16045,1.156337,1.157274,1.155535,1.156069,0.006165,0.002326,0.004381
2026.03.20 18:00,1.16045,1.1618,1.1594,1.15965,1.15647,1.157274,1.155135,1.155402,0.006665,0.002126,0.004248
2026.03.20 19:00,1.15965,1.16085,1.1593,1.16045,1.155535,1.156337,1.155135,1.156069,0.005715,0.002963,0.004381
2026.03.20 20:00,1.16045,1.16195,1.15965,1.15965,1.156337,1.157541,1.156337,1.157407,0.005613,0.002109,0.002243
2026.03.23 00:00,1.1608,1.161,1.15845,1.15905,1.15647,1.156738,1.154335,1.154868,0.006665,0.001712,0.004182
2026.03.23 01:00,1.15905,1.1608,1.15905,1.16,1.155001,1.156337,1.155001,1.155668,0.005799,0.002713,0.004331
2026.03.23 02:00,1.16005,1.1603,1.1589,1.15925,1.155802,1.156069,1.154734,1.155001,0.005566,0.002831,0.004249
2026.03.23 03:00,1.1593,1.1596,1.15885,1.1593,1.155001,1.155268,1.154601,1.155001,0.004999,0.003582,0.004299
2026.03.23 04:00,1.1594,1.1597,1.15915,1.15965,1.155268,1.155402,1.155001,1.155402,0.004699,0.003748,0.004248
2026.03.23 05:00,1.1596,1.15985,1.158,1.158,1.155268,1.155535,1.153802,1.153802,0.006048,0.002465,0.004198
2026.03.23 06:00,1.158,1.158,1.1566,1.15765,1.153669,1.153669,1.152472,1.153403,0.005528,0.002931,0.004247
2026.03.23 07:00,1.15765,1.15865,1.157,1.1573,1.153536,1.154201,1.152738,1.153004,0.005912,0.002799,0.004296
2026.03.23 08:00,1.15735,1.15915,1.15715,1.1575,1.15327,1.154868,1.153136,1.153403,0.006014,0.002282,0.004097
2026.03.23 09:00,1.15755,1.158,1.15365,1.15405,1.15327,1.15327,1.149557,1.149822,0.008443,0.000381,0.004228
2026.03.23 10:00,1.154,1.1547,1.153,1.1531,1.14969,1.149822,1.148897,1.148897,0.005803,0.003178,0.004203
2026.03.23 11:00,1.1531,1.16665,1.1531,1.1602,1.149293,1.16225,1.149029,1.155802,0.017621,-0.00915,0.004398
2026.03.23 12:00,1.16015,1.1661,1.1592,1.16585,1.155802,1.16144,1.155135,1.16144,0.010965,-0.00224,0.00441
2026.03.23 13:00,1.1659,1.1662,1.1626,1.1646,1.16144,1.16144,1.158346,1.160227,0.007854,0.00116,0.004373
2026.03.23 14:00,1.16465,1.1686,1.16395,1.1662,1.159689,1.16428,1.159689,1.16198,0.008911,-0.00033,0.00422
2026.03.23 15:00,1.1662,1.16775,1.16285,1.16315,1.162115,1.163332,1.158749,1.159017,0.009001,-0.000482,0.004133
2026.03.23 16:00,1.16315,1.16465,1.1622,1.16365,1.158749,1.160362,1.158078,1.15942,0.006572,0.001838,0.00423
2026.03.23 17:00,1.16375,1.16555,1.16325,1.1648,1.159689,1.16117,1.159017,1.160497,0.006533,0.002079,0.004303
2026.03.23 18:00,1.1648,1.1685,1.1638,1.1681,1.160631,1.164009,1.159824,1.163873,0.008676,-0.000209,0.004227
2026.03.23 19:00,1.1681,1.16815,1.16585,1.16595,1.163196,1.163603,1.16171,1.16171,0.00644,0.002247,0.00424
2026.03.23 20:00,1.1659,1.16615,1.1655,1.16605,1.161575,1.161845,1.161305,1.16171,0.004845,0.003655,0.00434
2026.03.23 22:00,1.1658,1.16635,1.1654,1.166,1.16171,1.162115,1.161305,1.161845,0.005045,0.003285,0.004155
2026.03.23 23:00,1.166,1.16615,1.16515,1.16535,1.161845,1.161845,1.161036,1.161036,0.005114,0.003305,0.004314
2026.03.24 00:00,1.16535,1.16535,1.16265,1.16335,1.161036,1.161036,1.158749,1.159286,0.006601,0.001614,0.004064
2026.03.24 01:00,1.1634,1.1641,1.16235,1.163,1.159286,1.159958,1.158346,1.158883,0.005754,0.002392,0.004117
2026.03.24 02:00,1.163,1.16375,1.16285,1.1631,1.158749,1.15942,1.158614,1.158883,0.005136,0.00343,0.004217
2026.03.24 03:00,1.16315,1.16345,1.16265,1.16275,1.158883,1.159286,1.15848,1.158614,0.00497,0.003364,0.004136
2026.03.24 04:00,1.16255,1.1628,1.16205,1.1625,1.158614,1.158614,1.157943,1.158346,0.004856,0.003436,0.004154
2026.03.24 05:00,1.16255,1.1634,1.1621,1.1629,1.158346,1.159152,1.157943,1.158614,0.005457,0.002948,0.004286
2026.03.24 06:00,1.1629,1.16375,1.1624,1.1637,1.15848,1.159555,1.158346,1.159555,0.005404,0.002845,0.004145
2026.03.24 07:00,1.16365,1.1663,1.1634,1.16535,1.159689,1.161845,1.159555,1.16117,0.006745,0.001555,0.004179
2026.03.24 08:00,1.1653,1.1654,1.16265,1.16325,1.16117,1.16117,1.158749,1.159152,0.006651,0.00148,0.004098
2026.03.24 09:00,1.16335,1.1642,1.16235,1.164,1.159152,1.159958,1.158346,1.159824,0.005854,0.002392,0.004176
2026.03.24 10:00,1.16395,1.1641,1.16275,1.1637,1.159824,1.159824,1.158749,1.159555,0.005351,0.002926,0.004145
2026.03.24 11:00,1.16365,1.16455,1.1624,1.16345,1.159555,1.160227,1.15848,1.159286,0.00607,0.002173,0.004164
2026.03.24 12:00,1.1634,1.16445,1.1626,1.163,1.15942,1.159824,1.15848,1.158749,0.00597,0.002776,0.004251
2026.03.24 13:00,1.163,1.16355,1.16125,1.16225,1.158749,1.159286,1.157274,1.158078,0.006276,0.001964,0.004172
2026.03.24 14:00,1.16225,1.1652,1.1622,1.16345,1.15848,1.160631,1.158212,1.159152,0.006988,0.001569,0.004298
2026.03.24 15:00,1.16345,1.16425,1.1621,1.1623,1.159555,1.159958,1.158078,1.158078,0.006172,0.002142,0.004222
2026.03.24 16:00,1.1623,1.16375,1.1619,1.1628,1.158078,1.15942,1.157943,1.158614,0.005807,0.00248,0.004186
2026.03.24 17:00,1.1628,1.1629,1.16025,1.1621,1.158614,1.158614,1.156337,1.157943,0.006563,0.001636,0.004156
2026.03.24 18:00,1.1621,1.16375,1.16125,1.16275,1.158078,1.159555,1.15714,1.158614,0.006611,0.001695,0.004136
2026.03.24 19:00,1.1627,1.1638,1.1627,1.16305,1.158883,1.159555,1.158749,1.159017,0.005051,0.003145,0.004033
2026.03.24 20:00,1.1631,1.1673,1.1628,1.1651,1.158883,1.163061,1.158614,1.16117,0.008686,-0.000261,0.003929
2026.03.24 22:00,1.1653,1.16635,1.1649,1.16595,1.16171,1.16225,1.160901,1.161845,0.005449,0.00265,0.004105
2026.03.24 23:00,1.1659,1.16625,1.1653,1.1658,1.16171,1.162115,1.161305,1.16171,0.004945,0.003185,0.00409
2026.03.25 00:00,1.16585,1.16755,1.1657,1.1668,1.161845,1.163332,1.161845,1.162656,0.005705,0.002368,0.004144
2026.03.25 01:00,1.16675,1.16695,1.1657,1.1657,1.16252,1.162656,1.161575,1.161575,0.005375,0.003044,0.004125
2026.03.25 02:00,1.16565,1.16575,1.1646,1.16485,1.16144,1.16144,1.160497,1.160766,0.005253,0.00316,0.004084
2026.03.25 03:00,1.16485,1.165,1.1645,1.1648,1.160766,1.160901,1.160497,1.160631,0.004503,0.003599,0.004169
2026.03.25 04:00,1.1643,1.1649,1.1642,1.16425,1.160631,1.160766,1.160093,1.160093,0.004807,0.003434,0.004157
2026.03.25 05:00,1.1643,1.1643,1.16335,1.16365,1.159958,1.160093,1.159286,1.159555,0.005014,0.003257,0.004095
2026.03.25 06:00,1.1637,1.16445,1.1632,1.16405,1.159555,1.160362,1.159152,1.159958,0.005298,0.002838,0.004092
2026.03.25 07:00,1.1641,1.165,1.1633,1.1642,1.160227,1.160766,1.159152,1.160093,0.005848,0.002534,0.004107
2026.03.25 08:00,1.1643,1.1662,1.16355,1.16475,1.159689,1.161845,1.159555,1.160631,0.006645,0.001705,0.004119
2026.03.25 09:00,1.1648,1.16545,1.1636,1.1644,1.160631,1.16117,1.159555,1.160362,0.005895,0.002429,0.004038
2026.03.25 10:00,1.16445,1.16505,1.1641,1.1649,1.160631,1.160766,1.159958,1.160766,0.005092,0.003334,0.004134
2026.03.25 11:00,1.1649,1.1656,1.1639,1.16505,1.160901,1.16144,1.159958,1.160901,0.005642,0.00246,0.004149
2026.03.25 12:00,1.16505,1.16585,1.1631,1.1636,1.16117,1.161575,1.159017,1.15942,0.006833,0.001525,0.00418
2026.03.25 13:00,1.16365,1.1644,1.16165,1.16175,1.159824,1.160093,1.157675,1.157675,0.006725,0.001557,0.004075
2026.03.25 14:00,1.1618,1.16325,1.16115,1.16305,1.157274,1.159017,1.157006,1.158883,0.006244,0.002133,0.004167
2026.03.25 15:00,1.16305,1.1634,1.16065,1.16145,1.159152,1.159152,1.156738,1.157407,0.006662,0.001498,0.004043
2026.03.25 16:00,1.1615,1.1621,1.16,1.16125,1.157407,1.157943,1.155936,1.15714,0.006164,0.002056,0.00411
2026.03.25 17:00,1.1612,1.1629,1.1609,1.1623,1.15714,1.15848,1.157006,1.158212,0.005894,0.00242,0.004088
2026.03.25 18:00,1.1623,1.16255,1.16055,1.1611,1.158212,1.158346,1.15647,1.157006,0.00608,0.002204,0.004094
2026.03.25 19:00,1.1611,1.16115,1.16035,1.1608,1.156738,1.157006,1.156337,1.156604,0.004813,0.003344,0.004196
2026.03.25 20:00,1.1608,1.16085,1.16005,1.1603,1.15647,1.15647,1.155936,1.156203,0.004914,0.00358,0.004097
2026.03.25 22:00,1.1603,1.16055,1.15985,1.16035,1.156203,1.156604,1.155936,1.156337,0.004614,0.003246,0.004013
2026.03.25 23:00,1.16035,1.1605,1.1602,1.16045,1.15647,1.15647,1.156203,1.15647,0.004297,0.00373,0.00398
2026.03.26 00:00,1.16045,1.16075,1.15965,1.1601,1.156604,1.156738,1.155802,1.156203,0.004948,0.002912,0.003897
2026.03.26 01:00,1.1601,1.161,1.1601,1.1607,1.15647,1.157006,1.15647,1.156738,0.00453,0.003094,0.003962
2026.03.26 02:00,1.16075,1.16085,1.15975,1.1602,1.156738,1.156872,1.155936,1.156203,0.004914,0.002878,0.003997
2026.03.26 03:00,1.16015,1.16125,1.16005,1.1611,1.156069,1.157274,1.156069,1.15714,0.005181,0.002777,0.00396
2026.03.26 04:00,1.1611,1.1615,1.1611,1.16125,1.15714,1.157541,1.157006,1.157274,0.004494,0.003559,0.003976
2026.03.26 05:00,1.16125,1.16125,1.1601,1.1601,1.15714,1.157274,1.156203,1.156203,0.005047,0.002826,0.003897
2026.03.26 06:00,1.16015,1.161,1.15945,1.1609,1.156203,1.157006,1.155668,1.157006,0.005332,0.002444,0.003894
2026.03.26 07:00,1.16095,1.16095,1.1594,1.1596,1.156604,1.156604,1.155535,1.155668,0.005415,0.002796,0.003932
2026.03.26 08:00,1.1597,1.16045,1.15905,1.16025,1.155402,1.156337,1.155135,1.156337,0.005315,0.002713,0.003913
2026.03.26 09:00,1.16025,1.16075,1.15955,1.16025,1.156203,1.156738,1.155668,1.156337,0.005082,0.002812,0.003913
2026.03.26 10:00,1.1603,1.1608,1.15975,1.16005,1.156203,1.156738,1.155802,1.156069,0.004998,0.003012,0.003981
2026.03.26 11:00,1.16,1.16015,1.1566,1.15675,1.156203,1.156203,1.152738,1.152738,0.007412,0.000397,0.004012
2026.03.26 12:00,1.15675,1.15785,1.1565,1.1578,1.152871,1.153802,1.152738,1.153802,0.005112,0.002698,0.003998
2026.03.26 13:00,1.1578,1.15955,1.15775,1.1586,1.153935,1.155402,1.153935,1.154601,0.005615,0.002348,0.003999
2026.03.26 14:00,1.15855,1.1598,1.158,1.15905,1.154601,1.155802,1.154068,1.155001,0.005732,0.002198,0.004049
2026.03.26 15:00,1.1591,1.1594,1.1574,1.1584,1.155268,1.155402,1.153536,1.154468,0.005864,0.001998,0.003932
2026.03.26 16:00,1.1584,1.1586,1.15735,1.1578,1.154468,1.154601,1.153536,1.153935,0.005064,0.002749,0.003865
2026.03.26 17:00,1.15785,1.15805,1.1568,1.1568,1.153935,1.153935,1.152871,1.152871,0.005179,0.002865,0.003929
2026.03.26 18:00,1.15685,1.1577,1.1568,1.1577,1.152871,1.153669,1.152871,1.153669,0.004829,0.003131,0.004031
2026.03.26 19:00,1.1577,1.1577,1.15645,1.15645,1.153669,1.153669,1.152472,1.152472,0.005228,0.002781,0.003978
2026.03.26 20:00,1.15645,1.16025,1.15615,1.15725,1.152472,1.156069,1.152339,1.152871,0.007911,8.1e-05,0.004379
2026.03.26 22:00,1.15765,1.15825,1.15745,1.15805,1.153802,1.154335,1.153669,1.154201,0.004581,0.003115,0.003849
2026.03.26 23:00,1.15805,1.1582,1.15765,1.15765,1.154201,1.154335,1.153669,1.153669,0.004531,0.003315,0.003981
2026.03.27 00:00,1.15765,1.15805,1.1567,1.15725,1.153802,1.154201,1.152738,1.153403,0.005312,0.002499,0.003847
2026.03.27 01:00,1.15735,1.1583,1.1572,1.15825,1.153536,1.154335,1.153403,1.154335,0.004897,0.002865,0.003915
2026.03.27 02:00,1.1583,1.1585,1.1578,1.15805,1.154468,1.154468,1.154068,1.154201,0.004432,0.003332,0.003849
2026.03.27 03:00,1.1581,1.15825,1.1576,1.15805,1.154335,1.154335,1.153669,1.154201,0.004581,0.003266,0.003849
2026.03.27 04:00,1.1581,1.1586,1.15805,1.1585,1.154201,1.154601,1.154068,1.154601,0.004532,0.003449,0.003899
2026.03.27 05:00,1.15845,1.15885,1.15795,1.1583,1.154468,1.154868,1.154068,1.154335,0.004782,0.003082,0.003965
2026.03.27 06:00,1.1583,1.1586,1.15765,1.1577,1.154468,1.154734,1.153802,1.153802,0.004798,0.002916,0.003898
2026.03.27 07:00,1.15765,1.1577,1.1559,1.15615,1.153669,1.153802,1.152074,1.152206,0.005626,0.002098,0.003944
2026.03.27 08:00,1.1561,1.15675,1.1558,1.1563,1.152206,1.152738,1.152074,1.152472,0.004676,0.003062,0.003828
2026.03.27 09:00,1.15625,1.1569,1.15565,1.1562,1.152472,1.153004,1.151808,1.152206,0.005092,0.002646,0.003994
2026.03.27 10:00,1.1562,1.1569,1.1553,1.1554,1.152339,1.152871,1.15141,1.15141,0.00549,0.002429,0.00399
2026.03.27 11:00,1.1554,1.15565,1.15475,1.1551,1.15141,1.151676,1.15088,1.151145,0.00477,0.003074,0.003955
2026.03.27 12:00,1.155,1.15605,1.15445,1.1558,1.151013,1.152074,1.150483,1.151941,0.005567,0.002376,0.003859
2026.03.27 13:00,1.1558,1.15755,1.15565,1.1567,1.151941,1.153536,1.151808,1.152738,0.005742,0.002114,0.003962
2026.03.27 14:00,1.15665,1.15785,1.15655,1.15715,1.153004,1.153802,1.153004,1.15327,0.004846,0.002748,0.003881
2026.03.27 15:00,1.15715,1.159,1.15605,1.15625,1.15327,1.155001,1.152206,1.152472,0.006794,0.001049,0.003778
2026.03.27 16:00,1.15625,1.15705,1.15575,1.1562,1.152339,1.152871,1.151808,1.152339,0.005242,0.002879,0.003861
2026.03.27 17:00,1.15615,1.1572,1.1549,1.1555,1.152074,1.152339,1.151013,1.151543,0.006187,0.002561,0.003957
2026.03.27 18:00,1.15555,1.15625,1.155,1.1556,1.151676,1.151941,1.151145,1.151676,0.005105,0.003059,0.003924
2026.03.27 19:00,1.1556,1.15605,1.1553,1.156,1.151676,1.152074,1.15141,1.152074,0.00464,0.003226,0.003926
2026.03.27 20:00,1.15595,1.1564,1.1552,1.15525,1.151941,1.152206,1.151145,1.151145,0.005255,0.002994,0.004105
2026.03.29 23:00,1.1531,1.1537,1.15295,1.1533,1.149161,1.14969,1.149161,1.149425,0.004539,0.00326,0.003875
2026.03.30 00:00,1.1534,1.15545,1.15315,1.1549,1.149557,1.151543,1.149425,1.151013,0.006025,0.001607,0.003887
2026.03.30 01:00,1.15495,1.1553,1.15455,1.15475,1.151145,1.15141,1.150748,1.150748,0.004552,0.003139,0.004002
2026.03.30 02:00,1.1547,1.15575,1.1543,1.1553,1.150748,1.151808,1.150483,1.15141,0.005267,0.002492,0.00389
2026.03.30 03:00,1.1553,1.15605,1.1552,1.1558,1.15141,1.152206,1.15141,1.151941,0.00464,0.002994,0.003859
2026.03.30 04:00,1.1558,1.1563,1.1556,1.1556,1.151941,1.152472,1.151676,1.151676,0.004624,0.003128,0.003924
2026.03.30 05:00,1.15555,1.156,1.15515,1.1558,1.151676,1.152074,1.151278,1.151941,0.004722,0.003076,0.003859
2026.03.30 06:00,1.15575,1.1562,1.15535,1.15545,1.151808,1.152339,1.151543,1.151543,0.004657,0.003011,0.003907
2026.03.30 07:00,1.1554,1.15545,1.1535,1.15395,1.151543,1.151543,1.149822,1.150086,0.005628,0.001957,0.003864
2026.03.30 08:00,1.15395,1.15405,1.1532,1.1537,1.150086,1.150218,1.149425,1.149954,0.004625,0.002982,0.003746
2026.03.30 09:00,1.15375,1.154,1.15245,1.15365,1.149822,1.150086,1.148897,1.149954,0.005103,0.002364,0.003696
2026.03.30 10:00,1.1536,1.1539,1.15295,1.1531,1.14969,1.150086,1.149293,1.149293,0.004607,0.002864,0.003807
2026.03.30 11:00,1.1531,1.15435,1.15255,1.15265,1.149293,1.149954,1.148897,1.148897,0.005453,0.002596,0.003753
2026.03.30 12:00,1.1526,1.153,1.1514,1.15235,1.148765,1.148897,1.147579,1.148633,0.005421,0.002503,0.003717
2026.03.30 13:00,1.15245,1.15295,1.1503,1.15055,1.148765,1.149029,1.146526,1.146657,0.006424,0.001271,0.003893
2026.03.30 14:00,1.15055,1.1512,1.1496,1.1506,1.14692,1.147184,1.145869,1.146789,0.005331,0.002416,0.003811
2026.03.30 15:00,1.15065,1.1507,1.1484,1.14945,1.146789,1.14692,1.14482,1.145738,0.00588,0.00148,0.003712
2026.03.30 16:00,1.14945,1.1503,1.14885,1.15015,1.145738,1.146263,1.145213,1.146132,0.005087,0.002587,0.004018
2026.03.30 17:00,1.1501,1.1507,1.1497,1.14985,1.146395,1.146657,1.145869,1.146,0.004831,0.003043,0.00385
2026.03.30 18:00,1.14985,1.15075,1.14985,1.15025,1.146,1.14692,1.146,1.146526,0.00475,0.00293,0.003724
2026.03.30 19:00,1.1502,1.15035,1.1495,1.1501,1.146395,1.146526,1.145869,1.146132,0.004481,0.002974,0.003968
2026.03.30 20:00,1.1501,1.1504,1.14985,1.15035,1.146263,1.146526,1.146,1.146526,0.0044,0.003324,0.003824
2026.03.30 22:00,1.1505,1.1507,1.15005,1.15005,1.146395,1.14692,1.146395,1.146395,0.004305,0.00313,0.003655
2026.03.30 23:00,1.14995,1.14995,1.1493,1.1496,1.146132,1.146132,1.145607,1.145869,0.004343,0.003168,0.003731
2026.03.31 00:00,1.14975,1.1517,1.1488,1.15155,1.146,1.147974,1.145213,1.147974,0.006487,0.000826,0.003576
2026.03.31 01:00,1.1516,1.1532,1.1514,1.1517,1.147842,1.149293,1.14771,1.147974,0.00549,0.002107,0.003726
2026.03.31 02:00,1.15165,1.1521,1.1514,1.15165,1.147842,1.148237,1.14771,1.147974,0.00439,0.003163,0.003676
2026.03.31 03:00,1.15165,1.1517,1.15075,1.151,1.147974,1.147974,1.147052,1.147315,0.004648,0.002776,0.003685
2026.03.31 04:00,1.15115,1.1514,1.151,1.15105,1.147315,1.147579,1.147315,1.147315,0.004085,0.003421,0.003735
2026.03.31 05:00,1.151,1.15125,1.15025,1.15055,1.147315,1.147447,1.146657,1.146657,0.004593,0.002803,0.003893
2026.03.31 06:00,1.15055,1.1515,1.15015,1.15125,1.146789,1.14771,1.146395,1.147579,0.005105,0.00244,0.003671
2026.03.31 07:00,1.15125,1.1515,1.1503,1.1513,1.147447,1.147579,1.146789,1.147579,0.004711,0.002721,0.003721
2026.03.31 08:00,1.1513,1.1516,1.15045,1.1508,1.147579,1.147842,1.146789,1.147184,0.004811,0.002608,0.003616
2026.03.31 09:00,1.15075,1.15135,1.15025,1.15085,1.147052,1.147579,1.146526,1.147052,0.004824,0.002671,0.003798
2026.03.31 10:00,1.1509,1.15105,1.1499,1.14995,1.147184,1.147315,1.146132,1.146263,0.004918,0.002585,0.003687
2026.03.31 11:00,1.14995,1.1532,1.1498,1.15315,1.146263,1.149425,1.146132,1.149161,0.007068,0.000375,0.003989
2026.03.31 12:00,1.15315,1.15505,1.1528,1.15435,1.149557,1.151278,1.149293,1.150748,0.005757,0.001522,0.003602
2026.03.31 13:00,1.1544,1.15735,1.1541,1.1573,1.150748,1.153536,1.150483,1.153403,0.006867,0.000564,0.003897
2026.03.31 14:00,1.1574,1.15815,1.1552,1.1561,1.153669,1.154201,1.151543,1.152472,0.006607,0.000999,0.003628
2026.03.31 15:00,1.1561,1.15735,1.1552,1.15575,1.152472,1.153669,1.151543,1.151941,0.005807,0.001531,0.003809
2026.03.31 16:00,1.1558,1.1601,1.15545,1.1582,1.151941,1.156069,1.151808,1.154335,0.008292,-0.000619,0.003865
2026.03.31 17:00,1.15815,1.15975,1.15795,1.15805,1.154601,1.155802,1.154601,1.154601,0.005149,0.002148,0.003449
2026.03.31 18:00,1.15805,1.1592,1.1579,1.1585,1.154335,1.155268,1.154335,1.155001,0.004865,0.002632,0.003499
2026.03.31 19:00,1.1585,1.16005,1.15795,1.15995,1.154734,1.156337,1.154335,1.156337,0.005715,0.001613,0.003613
2026.03.31 20:00,1.15995,1.1604,1.15925,1.1594,1.156337,1.156604,1.155668,1.155668,0.004732,0.002646,0.003731
2026.03.31 22:00,1.1591,1.1598,1.15905,1.1597,1.156069,1.156337,1.155668,1.156203,0.004132,0.002713,0.003497
2026.03.31 23:00,1.1597,1.16125,1.1595,1.1612,1.156203,1.157675,1.156069,1.157675,0.005181,0.001825,0.003525
2026.04.01 00:00,1.1612,1.16165,1.16075,1.16125,1.157675,1.158212,1.157274,1.157809,0.004376,0.002538,0.00344
2026.04.01 01:00,1.16125,1.16135,1.15925,1.1599,1.157675,1.157675,1.155936,1.15647,0.005414,0.001575,0.00343
2026.04.01 02:00,1.16,1.16085,1.1598,1.16065,1.156604,1.157407,1.15647,1.157274,0.00438,0.002393,0.003376
2026.04.01 03:00,1.1606,1.16065,1.15975,1.15985,1.15714,1.15714,1.156337,1.15647,0.004313,0.00261,0.00338
2026.04.01 04:00,1.16,1.16045,1.15975,1.1603,1.156337,1.157006,1.156337,1.156872,0.004113,0.002744,0.003428
2026.04.01 05:00,1.16035,1.1614,1.1603,1.1606,1.156872,1.157943,1.156872,1.157407,0.004528,0.002357,0.003193
2026.04.01 06:00,1.1606,1.1631,1.15995,1.16295,1.157274,1.159555,1.156604,1.15942,0.006496,0.000395,0.00353
2026.04.01 07:00,1.163,1.1637,1.16155,1.16205,1.159555,1.160093,1.158212,1.158614,0.005488,0.001457,0.003436
2026.04.01 08:00,1.162,1.1649,1.1616,1.1634,1.15848,1.16144,1.158078,1.160093,0.006822,0.00016,0.003307
2026.04.01 09:00,1.16345,1.1641,1.1619,1.1634,1.159958,1.160497,1.15848,1.159824,0.00562,0.001403,0.003576
2026.04.01 10:00,1.1634,1.1642,1.16315,1.1638,1.159824,1.160766,1.159689,1.160362,0.004511,0.002384,0.003438
2026.04.01 11:00,1.1638,1.16485,1.16365,1.16455,1.160227,1.161305,1.160227,1.161036,0.004623,0.002345,0.003514
2026.04.01 12:00,1.16455,1.1662,1.1632,1.1643,1.16117,1.16198,1.159824,1.160631,0.006376,0.00122,0.003669
2026.04.01 13:00,1.1643,1.1662,1.1637,1.165,1.160766,1.162656,1.160362,1.16144,0.005838,0.001044,0.00356
2026.04.01 14:00,1.165,1.1665,1.1643,1.1661,1.161036,1.163061,1.160901,1.162791,0.005599,0.001239,0.003309
2026.04.01 15:00,1.16605,1.1666,1.16435,1.16515,1.162656,1.162926,1.160901,1.16171,0.005699,0.001424,0.00344
2026.04.01 16:00,1.1652,1.16575,1.16425,1.16575,1.16171,1.16225,1.160766,1.16225,0.004984,0.002,0.0035
2026.04.01 17:00,1.16575,1.1662,1.1632,1.16325,1.16225,1.16252,1.159824,1.159824,0.006376,0.00068,0.003426
2026.04.01 18:00,1.16325,1.16325,1.1615,1.1617,1.159689,1.159689,1.158212,1.15848,0.005038,0.001811,0.00322
2026.04.01 19:00,1.1617,1.16255,1.16145,1.1622,1.158078,1.159017,1.158078,1.158883,0.004472,0.002433,0.003317
2026.04.01 20:00,1.1622,1.163,1.16215,1.1626,1.158883,1.159555,1.158614,1.159555,0.004386,0.002595,0.003045
2026.04.01 22:00,1.1628,1.16315,1.1627,1.16285,1.15942,1.159689,1.159152,1.15942,0.003998,0.003011,0.00343
2026.04.01 23:00,1.1629,1.16325,1.1627,1.16275,1.159555,1.159824,1.159286,1.159286,0.003964,0.002876,0.003464
2026.04.02 00:00,1.1627,1.1635,1.1624,1.1633,1.159286,1.160093,1.159017,1.160093,0.004483,0.002307,0.003207
2026.04.02 01:00,1.1633,1.1643,1.1583,1.15905,1.159958,1.160631,1.155001,1.155535,0.009299,-0.002331,0.003515
2026.04.02 02:00,1.15905,1.1598,1.15815,1.15845,1.155535,1.156337,1.154734,1.155135,0.005066,0.001813,0.003315
2026.04.02 03:00,1.1584,1.15865,1.1575,1.1577,1.154868,1.155268,1.154201,1.154335,0.004449,0.002232,0.003365
2026.04.02 04:00,1.15755,1.1579,1.15695,1.1574,1.154335,1.154468,1.153669,1.153935,0.004231,0.002482,0.003465
2026.04.02 05:00,1.15755,1.15765,1.1562,1.15625,1.154201,1.154201,1.152871,1.152871,0.004779,0.001999,0.003379
2026.04.02 06:00,1.1563,1.1573,1.15525,1.1572,1.15327,1.153935,1.151941,1.153935,0.005359,0.001315,0.003265
2026.04.02 07:00,1.1572,1.1575,1.1556,1.157,1.153802,1.153935,1.152206,1.153669,0.005294,0.001665,0.003331
2026.04.02 08:00,1.15705,1.15735,1.15615,1.15625,1.153669,1.153802,1.152738,1.152871,0.004612,0.002348,0.003379
2026.04.02 09:00,1.1563,1.15695,1.15595,1.1564,1.152871,1.153403,1.152605,1.152738,0.004345,0.002547,0.003662
2026.04.02 10:00,1.1564,1.1564,1.15485,1.155,1.152871,1.152871,1.151543,1.151543,0.004857,0.001979,0.003457
2026.04.02 11:00,1.155,1.1557,1.15465,1.1555,1.151676,1.152206,1.151278,1.152206,0.004422,0.002444,0.003294
2026.04.02 12:00,1.15555,1.1569,1.15545,1.15615,1.152206,1.153403,1.152206,1.152738,0.004694,0.002047,0.003412
2026.04.02 13:00,1.1562,1.15695,1.15575,1.15685,1.152738,1.153403,1.152339,1.153403,0.004611,0.002347,0.003447
2026.04.02 14:00,1.1569,1.1601,1.15645,1.15885,1.15327,1.155802,1.153136,1.155535,0.006963,0.000648,0.003315
2026.04.02 15:00,1.15895,1.15965,1.15795,1.15825,1.155668,1.156069,1.154734,1.154868,0.004916,0.001881,0.003382
2026.04.02 16:00,1.1583,1.15855,1.15765,1.15765,1.154868,1.155001,1.154335,1.154601,0.004215,0.002649,0.003049
2026.04.02 17:00,1.15765,1.15865,1.1574,1.1575,1.154335,1.155135,1.154068,1.154068,0.004582,0.002265,0.003432
2026.04.02 18:00,1.1576,1.1578,1.1571,1.1574,1.154201,1.154201,1.153669,1.154201,0.004131,0.002899,0.003199
2026.04.02 19:00,1.1574,1.1581,1.1571,1.1572,1.154068,1.154468,1.153802,1.153802,0.004298,0.002632,0.003398
2026.04.02 20:00,1.15725,1.15775,1.15695,1.15755,1.153669,1.154335,1.153669,1.154201,0.004081,0.002615,0.003349
2026.04.02 22:00,1.1577,1.1579,1.1574,1.1578,1.154734,1.154734,1.154201,1.154335,0.003699,0.002666,0.003465
2026.04.02 23:00,1.15775,1.1581,1.1577,1.15795,1.154335,1.154601,1.154335,1.154468,0.003765,0.003099,0.003482
2026.04.03 00:00,1.15795,1.1583,1.1576,1.1576,1.154468,1.154734,1.154201,1.154201,0.004099,0.002866,0.003399
2026.04.03 01:00,1.1576,1.15775,1.1571,1.1573,1.154201,1.154335,1.153802,1.153802,0.003948,0.002765,0.003498
2026.04.03 02:00,1.1573,1.1576,1.157,1.1574,1.153802,1.154201,1.153536,1.153935,0.004064,0.002799,0.003465
2026.04.03 03:00,1.1574,1.1575,1.1572,1.1574,1.153935,1.154068,1.153802,1.153935,0.003698,0.003132,0.003465
2026.04.05 23:00,1.1553,1.1555,1.15465,1.15475,1.151808,1.151941,1.151278,1.151278,0.004222,0.002709,0.003472
2026.04.06 00:00,1.15475,1.15565,1.1547,1.15495,1.15141,1.152206,1.15141,1.151543,0.00424,0.002494,0.003407
2026.04.06 01:00,1.155,1.1552,1.1544,1.15445,1.151543,1.151676,1.151013,1.151013,0.004187,0.002724,0.003437
2026.04.06 02:00,1.1545,1.15665,1.1545,1.15585,1.151278,1.153136,1.151278,1.152472,0.005372,0.001364,0.003378
2026.04.06 03:00,1.1558,1.1561,1.15545,1.1557,1.152472,1.152605,1.152074,1.152206,0.004026,0.002845,0.003494
2026.04.06 04:00,1.1557,1.1563,1.15565,1.15615,1.152339,1.152871,1.152206,1.152738,0.004094,0.002779,0.003412
2026.04.06 05:00,1.15625,1.15675,1.1561,1.1563,1.152738,1.15327,1.152738,1.152871,0.004012,0.002831,0.003429
2026.04.06 06:00,1.15635,1.1575,1.15595,1.15705,1.152738,1.153935,1.152605,1.153669,0.004895,0.002015,0.003381
2026.04.06 07:00,1.15705,1.1607,1.1563,1.1602,1.153669,1.15714,1.152871,1.156738,0.007829,-0.00084,0.003462
2026.04.06 08:00,1.16025,1.16065,1.1592,1.1593,1.157006,1.157006,1.155802,1.155936,0.004848,0.002194,0.003364
2026.04.06 09:00,1.15935,1.1598,1.1585,1.15885,1.155936,1.156203,1.155135,1.155402,0.004665,0.002297,0.003448
2026.04.06 10:00,1.15885,1.15925,1.1575,1.1586,1.155402,1.155668,1.154601,1.155135,0.004649,0.001832,0.003465
2026.04.06 11:00,1.1586,1.15875,1.1578,1.15835,1.155268,1.155268,1.154468,1.154868,0.004282,0.002532,0.003482
2026.04.06 12:00,1.1583,1.15925,1.15805,1.15915,1.154868,1.155802,1.154601,1.155668,0.004649,0.002248,0.003482
2026.04.06 13:00,1.15915,1.15985,1.1587,1.1598,1.155668,1.156337,1.155402,1.156337,0.004448,0.002363,0.003463
2026.04.06 14:00,1.1598,1.1609,1.15805,1.15805,1.156604,1.157274,1.154601,1.154601,0.006299,0.000776,0.003449
2026.04.06 15:00,1.1581,1.15825,1.1573,1.1582,1.154468,1.154734,1.153935,1.154734,0.004315,0.002566,0.003466
2026.04.06 16:00,1.15815,1.1586,1.15795,1.15825,1.154868,1.155135,1.154601,1.154868,0.003999,0.002815,0.003382
2026.04.06 17:00,1.15825,1.1587,1.1571,1.1579,1.154601,1.155001,1.153802,1.154468,0.004898,0.002099,0.003432
2026.04.06 18:00,1.1579,1.159,1.15775,1.1583,1.154335,1.155535,1.154335,1.154868,0.004665,0.002215,0.003432
2026.04.06 19:00,1.15835,1.1584,1.15785,1.15805,1.154734,1.155001,1.154468,1.154601,0.003932,0.002849,0.003449
2026.04.06 20:00,1.15805,1.15815,1.1578,1.15785,1.154601,1.154734,1.154468,1.154468,0.003682,0.003066,0.003382
2026.04.06 22:00,1.15785,1.1585,1.15785,1.158,1.154734,1.154868,1.154601,1.154601,0.003899,0.002982,0.003399
2026.04.06 23:00,1.15795,1.1583,1.15755,1.15775,1.154601,1.154734,1.154335,1.154468,0.003965,0.002816,0.003282
2026.04.07 00:00,1.1577,1.15805,1.15735,1.1574,1.154468,1.154601,1.154068,1.154068,0.003982,0.002749,0.003332
2026.04.07 01:00,1.1574,1.1577,1.1564,1.1567,1.153935,1.154335,1.153136,1.15327,0.004563,0.002065,0.00343
2026.04.07 02:00,1.1567,1.1569,1.1561,1.15665,1.15327,1.153536,1.152871,1.15327,0.004029,0.002564,0.00338
2026.04.07 03:00,1.1567,1.15715,1.15655,1.15715,1.15327,1.153802,1.15327,1.153802,0.003881,0.002748,0.003348
2026.04.07 04:00,1.15705,1.15755,1.157,1.1575,1.153802,1.154201,1.153669,1.154201,0.003881,0.002799,0.003299
2026.04.07 05:00,1.1575,1.1577,1.1567,1.15725,1.154201,1.154335,1.153403,1.153802,0.004297,0.002365,0.003448
2026.04.07 06:00,1.1573,1.15825,1.157,1.15815,1.153935,1.154868,1.153669,1.154734,0.004581,0.002132,0.003416
2026.04.07 07:00,1.1582,1.1583,1.15735,1.15795,1.154734,1.154868,1.154068,1.154601,0.004232,0.002482,0.003349
2026.04.07 08:00,1.1579,1.16125,1.15785,1.16105,1.154601,1.157809,1.154601,1.157809,0.006649,4.1e-05,0.00324
2026.04.07 09:00,1.16105,1.1612,1.1599,1.15995,1.157809,1.157809,1.156604,1.156604,0.004596,0.00209,0.003346
2026.04.07 10:00,1.16,1.16005,1.15825,1.15915,1.156604,1.156604,1.155135,1.155668,0.004915,0.001646,0.003482
2026.04.07 11:00,1.1591,1.1599,1.1585,1.1597,1.155668,1.15647,1.155268,1.156203,0.004632,0.00203,0.003497
2026.04.07 12:00,1.1597,1.16065,1.15905,1.1598,1.156337,1.157006,1.155802,1.15647,0.004848,0.002044,0.00333
2026.04.07 13:00,1.15975,1.1602,1.15925,1.16005,1.156337,1.156872,1.156069,1.156738,0.004131,0.002378,0.003312
2026.04.07 14:00,1.16,1.16205,1.1595,1.16085,1.156738,1.158212,1.156203,1.157541,0.005847,0.001288,0.003309
2026.04.07 15:00,1.16075,1.16155,1.16025,1.16075,1.157407,1.157943,1.157006,1.157541,0.004544,0.002306,0.003209
2026.04.07 16:00,1.1608,1.16165,1.1606,1.1608,1.157407,1.158212,1.157274,1.157407,0.004376,0.002388,0.003393
2026.04.07 17:00,1.16075,1.1616,1.1603,1.1614,1.157541,1.158212,1.157006,1.158078,0.004594,0.002088,0.003322
2026.04.07 18:00,1.16135,1.16195,1.16075,1.16105,1.158212,1.158614,1.157541,1.157809,0.004409,0.002136,0.00324
2026.04.07 19:00,1.1611,1.16385,1.16095,1.16315,1.157809,1.160497,1.157675,1.159824,0.006175,0.000453,0.003326
2026.04.07 20:00,1.1632,1.16415,1.1629,1.16305,1.159689,1.160766,1.159689,1.159958,0.004461,0.002134,0.003092
2026.04.07 22:00,1.16345,1.1706,1.1615,1.1704,1.160631,1.166725,1.160631,1.166725,0.009969,-0.005225,0.003675
2026.04.07 23:00,1.1704,1.17295,1.1698,1.17225,1.167133,1.169317,1.166725,1.168907,0.006225,0.000483,0.003343
2026.04.08 00:00,1.1723,1.1736,1.17025,1.1708,1.169044,1.169864,1.166997,1.167542,0.006603,0.000386,0.003258
2026.04.08 01:00,1.17085,1.1725,1.17075,1.17125,1.167542,1.169044,1.167542,1.167815,0.004958,0.001706,0.003435
2026.04.08 02:00,1.17125,1.17195,1.1706,1.17105,1.168088,1.168497,1.16727,1.167679,0.00468,0.002103,0.003371
2026.04.08 03:00,1.1711,1.17125,1.1703,1.1708,1.167815,1.167815,1.167133,1.167542,0.004117,0.002485,0.003258
2026.04.08 04:00,1.1713,1.17185,1.1711,1.1713,1.167406,1.168361,1.167406,1.167815,0.004444,0.002739,0.003485
2026.04.08 05:00,1.17135,1.17455,1.17085,1.1728,1.167951,1.171097,1.167815,1.169591,0.006735,-0.000247,0.003209
2026.04.08 06:00,1.17285,1.17485,1.1721,1.1733,1.169591,1.171097,1.168907,1.170001,0.005943,0.001003,0.003299
2026.04.08 07:00,1.17335,1.17375,1.1715,1.17325,1.169864,1.170275,1.168361,1.169864,0.005389,0.001225,0.003386
2026.04.08 08:00,1.17325,1.17365,1.17065,1.1718,1.169864,1.170001,1.167542,1.168497,0.006108,0.000649,0.003303
2026.04.08 09:00,1.17185,1.17265,1.17145,1.17165,1.168497,1.16918,1.168224,1.168361,0.004426,0.00227,0.003289
2026.04.08 10:00,1.17165,1.17295,1.17145,1.17275,1.168224,1.169591,1.168224,1.169454,0.004726,0.001859,0.003296
2026.04.08 11:00,1.1727,1.1748,1.17225,1.17375,1.16918,1.171097,1.169044,1.170412,0.005756,0.001153,0.003338
2026.04.08 12:00,1.17375,1.17555,1.17255,1.17515,1.170412,1.172058,1.169727,1.171783,0.005823,0.000492,0.003367
2026.04.08 13:00,1.1751,1.1759,1.1724,1.17315,1.171646,1.17247,1.16918,1.169591,0.00672,-7e-05,0.003559
2026.04.08 14:00,1.1731,1.17405,1.17265,1.1732,1.169864,1.170549,1.169454,1.169864,0.004596,0.002101,0.003336
2026.04.08 15:00,1.1731,1.1734,1.1721,1.1723,1.169727,1.170001,1.168907,1.16918,0.004493,0.002099,0.00312
2026.04.08 16:00,1.17235,1.17255,1.17145,1.1719,1.168907,1.169044,1.168224,1.168497,0.004326,0.002406,0.003403
2026.04.08 17:00,1.1719,1.17225,1.1706,1.1711,1.168497,1.168907,1.167406,1.167815,0.004844,0.001693,0.003285
2026.04.08 18:00,1.17115,1.1717,1.16865,1.1687,1.167542,1.168361,1.165501,1.165501,0.006199,0.000289,0.003199
2026.04.08 19:00,1.16865,1.17075,1.16805,1.1705,1.164958,1.167406,1.164958,1.167406,0.005792,0.000644,0.003094
2026.04.08 20:00,1.17045,1.17065,1.16975,1.1699,1.167133,1.167133,1.166453,1.166589,0.004197,0.002617,0.003311
2026.04.08 22:00,1.1703,1.1704,1.1695,1.16975,1.166997,1.166997,1.166453,1.166589,0.003947,0.002503,0.003161
2026.04.08 23:00,1.1697,1.16985,1.16925,1.1694,1.166453,1.166589,1.166181,1.166181,0.003669,0.002661,0.003219
2026.04.09 00:00,1.1694,1.16965,1.16875,1.1692,1.166181,1.166317,1.165773,1.166181,0.003877,0.002433,0.003019
2026.04.09 01:00,1.16925,1.16985,1.16855,1.1697,1.166181,1.166589,1.165365,1.166589,0.004485,0.001961,0.003111
2026.04.09 02:00,1.16975,1.17025,1.16945,1.17005,1.166725,1.166997,1.166317,1.166861,0.003933,0.002453,0.003189
2026.04.09 03:00,1.17,1.17015,1.1696,1.16975,1.166861,1.166997,1.166453,1.166589,0.003697,0.002603,0.003161
2026.04.09 04:00,1.17045,1.1706,1.17015,1.17025,1.166725,1.167406,1.166589,1.166997,0.004011,0.002744,0.003253
2026.04.09 05:00,1.17015,1.17025,1.16945,1.1696,1.166997,1.167133,1.166317,1.166453,0.003933,0.002317,0.003147
2026.04.09 06:00,1.16965,1.16995,1.16895,1.16995,1.166453,1.166589,1.165773,1.166589,0.004177,0.002361,0.003361
2026.04.09 07:00,1.16995,1.17045,1.1691,1.1698,1.166861,1.167133,1.166045,1.166589,0.004405,0.001967,0.003211
2026.04.09 08:00,1.16975,1.17105,1.1695,1.1707,1.166589,1.167815,1.166317,1.167542,0.004733,0.001685,0.003158
2026.04.09 09:00,1.1707,1.17145,1.17035,1.17095,1.167542,1.168224,1.16727,1.167815,0.00418,0.002126,0.003135
2026.04.09 10:00,1.17095,1.17145,1.1706,1.17065,1.167815,1.168224,1.167815,1.167815,0.003635,0.002376,0.002835
2026.04.09 11:00,1.1706,1.17245,1.1705,1.1723,1.167406,1.169317,1.167406,1.16918,0.005044,0.001183,0.00312
2026.04.09 12:00,1.1724,1.17255,1.17145,1.17215,1.16918,1.16918,1.168361,1.168907,0.004189,0.00227,0.003243
2026.04.09 13:00,1.17215,1.17305,1.17165,1.1717,1.168907,1.169864,1.168634,1.168634,0.004416,0.001786,0.003066
2026.04.09 14:00,1.1717,1.17235,1.17095,1.172,1.168361,1.16918,1.167815,1.16877,0.004535,0.00177,0.00323
2026.04.09 15:00,1.172,1.1743,1.1713,1.1741,1.16877,1.17096,1.168088,1.170823,0.006212,0.00034,0.003277
2026.04.09 16:00,1.17415,1.175,1.17385,1.1747,1.170823,1.171783,1.170823,1.171372,0.004177,0.002067,0.003328
2026.04.09 17:00,1.17465,1.17595,1.1746,1.175,1.171509,1.172608,1.171372,1.171783,0.004578,0.001992,0.003217
2026.04.09 18:00,1.17495,1.17505,1.1733,1.1735,1.171783,1.171783,1.170138,1.170412,0.004912,0.001517,0.003088
2026.04.09 19:00,1.1735,1.17445,1.17335,1.1736,1.170275,1.171234,1.170138,1.170412,0.004312,0.002115,0.003188
2026.04.09 20:00,1.17365,1.1737,1.1731,1.17335,1.170275,1.170412,1.169864,1.170275,0.003836,0.002688,0.003075
2026.04.09 22:00,1.1736,1.1738,1.1728,1.1729,1.170412,1.170549,1.169591,1.169727,0.004209,0.002251,0.003173
2026.04.09 23:00,1.1729,1.1731,1.17255,1.17265,1.169727,1.170001,1.169454,1.169454,0.003646,0.002549,0.003196
2026.04.10 00:00,1.17265,1.17265,1.1721,1.1723,1.169454,1.169454,1.168907,1.169044,0.003743,0.002646,0.003256
2026.04.10 01:00,1.17235,1.17295,1.1721,1.17275,1.169044,1.169864,1.169044,1.169591,0.003906,0.002236,0.003159
2026.04.10 02:00,1.1728,1.1729,1.1722,1.17255,1.169727,1.169727,1.169044,1.169454,0.003856,0.002473,0.003096
2026.04.10 03:00,1.17255,1.17315,1.1725,1.17305,1.169454,1.170001,1.169317,1.169864,0.003833,0.002499,0.003186
2026.04.10 04:00,1.17305,1.1731,1.17265,1.17265,1.169864,1.170001,1.169454,1.169591,0.003646,0.002649,0.003059
2026.04.10 05:00,1.1727,1.17275,1.17225,1.1725,1.169591,1.169591,1.16918,1.169454,0.00357,0.002659,0.003046
2026.04.10 06:00,1.17245,1.17285,1.1718,1.17195,1.169317,1.169591,1.16877,1.16877,0.00408,0.002209,0.00318
2026.04.10 07:00,1.17195,1.17245,1.17135,1.1715,1.168907,1.169317,1.168224,1.168224,0.004226,0.002033,0.003276
2026.04.10 08:00,1.17145,1.17245,1.1712,1.1721,1.168361,1.169317,1.168088,1.168907,0.004362,0.001883,0.003193
2026.04.10 09:00,1.1721,1.1746,1.17195,1.17455,1.169044,1.171372,1.168907,1.171234,0.005693,0.000578,0.003316
2026.04.10 10:00,1.17455,1.17505,1.1741,1.17475,1.171372,1.171921,1.17096,1.171646,0.00409,0.002179,0.003104
2026.04.10 11:00,1.17475,1.17535,1.1746,1.1749,1.171646,1.172196,1.171509,1.171783,0.003841,0.002404,0.003117
2026.04.10 12:00,1.1749,1.1764,1.1744,1.1756,1.171783,1.172883,1.171372,1.172196,0.005028,0.001517,0.003404
2026.04.10 13:00,1.17555,1.177,1.17535,1.1763,1.172196,1.173847,1.172196,1.17302,0.004804,0.001503,0.00328
2026.04.10 14:00,1.1763,1.17735,1.1755,1.17625,1.17302,1.174122,1.172608,1.173158,0.004742,0.001378,0.003092
2026.04.10 15:00,1.1763,1.17755,1.17565,1.17575,1.173158,1.174122,1.172608,1.172608,0.004942,0.001528,0.003142
2026.04.10 16:00,1.1757,1.17605,1.17485,1.17555,1.17247,1.172883,1.171646,1.17247,0.004404,0.001967,0.00308
2026.04.10 17:00,1.1755,1.1761,1.1754,1.17585,1.172333,1.172883,1.172333,1.172745,0.003767,0.002517,0.003105
2026.04.10 18:00,1.1758,1.17705,1.1754,1.1766,1.172608,1.173847,1.172333,1.173434,0.004717,0.001553,0.003166
2026.04.10 19:00,1.17665,1.17675,1.1762,1.17625,1.173434,1.173571,1.173158,1.173158,0.003592,0.002629,0.003092
2026.04.10 20:00,1.1762,1.1766,1.1758,1.17595,1.17302,1.173434,1.172745,1.172745,0.003855,0.002366,0.003205
2026.04.12 23:00,1.17065,1.17105,1.16985,1.1709,1.167542,1.167815,1.166725,1.167679,0.004325,0.002035,0.003221
2026.04.13 00:00,1.17095,1.1722,1.17055,1.17215,1.167951,1.168907,1.167406,1.168907,0.004794,0.001643,0.003243
2026.04.13 01:00,1.1722,1.17235,1.1714,1.17205,1.16918,1.16918,1.168361,1.169044,0.003989,0.00222,0.003006
2026.04.13 02:00,1.17205,1.17245,1.17195,1.17225,1.169044,1.169317,1.168907,1.16918,0.003543,0.002633,0.00307
2026.04.13 03:00,1.1723,1.17235,1.172,1.1722,1.16918,1.16918,1.168907,1.16918,0.003443,0.00282,0.00302
2026.04.13 04:00,1.17225,1.1724,1.172,1.172,1.16918,1.169317,1.168907,1.168907,0.003493,0.002683,0.003093
2026.04.13 05:00,1.17205,1.1723,1.17175,1.17215,1.169044,1.16918,1.16877,1.16918,0.00353,0.00257,0.00297
2026.04.13 06:00,1.17225,1.1729,1.1712,1.17195,1.16918,1.169727,1.168224,1.168907,0.004676,0.001473,0.003043
2026.04.13 07:00,1.172,1.1734,1.172,1.1731,1.169044,1.170275,1.169044,1.170138,0.004356,0.001725,0.002962
2026.04.13 08:00,1.17305,1.1731,1.17175,1.17205,1.170001,1.170001,1.16877,1.168907,0.00433,0.001749,0.003143
2026.04.13 09:00,1.17205,1.17265,1.1718,1.172,1.169044,1.169454,1.16877,1.169044,0.00388,0.002346,0.002956
2026.04.13 10:00,1.17205,1.1729,1.17165,1.17275,1.168907,1.169864,1.168634,1.169591,0.004266,0.001786,0.003159
2026.04.13 11:00,1.1728,1.1734,1.1715,1.1716,1.169864,1.170275,1.168634,1.168634,0.004766,0.001225,0.002966
2026.04.13 12:00,1.17165,1.17335,1.1715,1.17325,1.168497,1.170138,1.168497,1.170138,0.004853,0.001362,0.003112
2026.04.13 13:00,1.17325,1.1747,1.17305,1.174,1.170275,1.171509,1.170001,1.170686,0.004699,0.001541,0.003314
2026.04.13 14:00,1.174,1.1755,1.17345,1.1745,1.17096,1.172196,1.170549,1.171509,0.004951,0.001254,0.002991
2026.04.13 15:00,1.1745,1.17465,1.1737,1.1744,1.171372,1.171509,1.170549,1.171234,0.004101,0.002191,0.003165
2026.04.13 16:00,1.17445,1.1766,1.1741,1.1759,1.171372,1.173158,1.171097,1.172883,0.005503,0.000942,0.003017
2026.04.13 17:00,1.17595,1.17735,1.1759,1.1768,1.172883,1.174122,1.172883,1.173709,0.004467,0.001778,0.003091
2026.04.13 18:00,1.1768,1.1802,1.1768,1.17995,1.173709,1.176471,1.173709,1.176471,0.006491,0.000329,0.003479
2026.04.13 19:00,1.17995,1.18,1.17885,1.1795,1.176886,1.176886,1.175779,1.176471,0.004221,0.001964,0.003029
2026.04.13 20:00,1.1795,1.1798,1.1791,1.17945,1.176471,1.176609,1.176055,1.176194,0.003745,0.002491,0.003256
2026.04.13 22:00,1.17955,1.1799,1.1792,1.17955,1.176332,1.176747,1.176332,1.176332,0.003568,0.002453,0.003218
2026.04.13 23:00,1.17955,1.1801,1.1795,1.1801,1.176471,1.177024,1.176471,1.177024,0.003629,0.002476,0.003075
2026.04.14 00:00,1.1801,1.18025,1.17945,1.18005,1.177024,1.177024,1.176609,1.176886,0.003641,0.002426,0.003164
2026.04.14 01:00,1.18,1.1802,1.17935,1.1794,1.177024,1.177024,1.176332,1.176332,0.003868,0.002326,0.003068
2026.04.14 02:00,1.17945,1.17965,1.17905,1.1795,1.176332,1.176609,1.176055,1.176471,0.003595,0.002441,0.003029
2026.04.14 03:00,1.17945,1.1803,1.1793,1.1802,1.176471,1.177163,1.176332,1.177163,0.003968,0.002137,0.003037
2026.04.14 04:00,1.18005,1.1804,1.1799,1.1801,1.177024,1.177302,1.176886,1.177163,0.003514,0.002598,0.002937
2026.04.14 05:00,1.18005,1.18035,1.1793,1.1798,1.177024,1.177302,1.176332,1.176747,0.004018,0.001998,0.003053
2026.04.14 06:00,1.1799,1.18125,1.17925,1.18115,1.176886,1.178134,1.176194,1.178134,0.005056,0.001116,0.003016
2026.04.14 07:00,1.1812,1.1831,1.18115,1.18145,1.178134,1.179663,1.178134,1.178411,0.004966,0.001487,0.003039
2026.04.14 08:00,1.1814,1.18185,1.18095,1.1817,1.178273,1.178689,1.177856,1.17855,0.003994,0.002261,0.00315
2026.04.14 09:00,1.18175,1.1827,1.1816,1.1823,1.178689,1.179523,1.17855,1.178967,0.00415,0.002077,0.003333
2026.04.14 10:00,1.18225,1.18335,1.1822,1.1831,1.179245,1.18022,1.179245,1.18008,0.004105,0.00198,0.00302
2026.04.14 11:00,1.18305,1.1841,1.18295,1.18335,1.179941,1.180777,1.179941,1.180777,0.004159,0.002173,0.002573
2026.04.14 12:00,1.1834,1.18405,1.1827,1.1839,1.18008,1.180777,1.179663,1.180777,0.004387,0.001923,0.003123
2026.04.14 13:00,1.18385,1.1842,1.18275,1.18335,1.180777,1.181056,1.179802,1.18022,0.004398,0.001694,0.00313
2026.04.14 14:00,1.18335,1.18455,1.18275,1.1843,1.180359,1.181335,1.179802,1.181335,0.004748,0.001415,0.002965
2026.04.14 15:00,1.18425,1.18425,1.1822,1.18245,1.181195,1.181195,1.179106,1.179384,0.005144,0.001005,0.003066
2026.04.14 16:00,1.1825,1.1831,1.1822,1.18285,1.179384,1.179941,1.179245,1.179802,0.003855,0.002259,0.003048
2026.04.14 17:00,1.18285,1.18335,1.1826,1.183,1.179802,1.18022,1.179523,1.179941,0.003826,0.00238,0.003059
2026.04.14 18:00,1.18305,1.18315,1.1825,1.1828,1.18008,1.18008,1.179384,1.179663,0.003766,0.00242,0.003137
2026.04.14 19:00,1.1827,1.183,1.1825,1.18265,1.179523,1.179802,1.179384,1.179523,0.003616,0.002698,0.003127
2026.04.14 20:00,1.18265,1.1831,1.1826,1.183,1.179523,1.179941,1.179523,1.179941,0.003577,0.002659,0.003059
2026.04.14 22:00,1.1829,1.18335,1.18275,1.1829,1.179663,1.18022,1.179663,1.179802,0.003687,0.00253,0.003098
2026.04.14 23:00,1.1829,1.1836,1.18285,1.1832,1.179941,1.180359,1.179802,1.18022,0.003798,0.002491,0.00298
2026.04.15 00:00,1.1832,1.18325,1.1823,1.1828,1.18022,1.18022,1.179384,1.179802,0.003866,0.00208,0.002998
2026.04.15 01:00,1.18275,1.18305,1.18235,1.18245,1.179802,1.179941,1.179384,1.179523,0.003666,0.002409,0.002927
2026.04.15 02:00,1.18245,1.1825,1.18125,1.1817,1.179384,1.179384,1.178273,1.178689,0.004227,0.001866,0.003011
2026.04.15 03:00,1.1817,1.1823,1.1814,1.18215,1.178689,1.179245,1.178411,1.179106,0.003888,0.002155,0.003044
2026.04.15 04:00,1.1822,1.18235,1.1821,1.18225,1.179106,1.179384,1.178967,1.179245,0.003383,0.002716,0.003005
2026.04.15 05:00,1.18225,1.1832,1.18225,1.1826,1.179245,1.18008,1.179245,1.179523,0.003955,0.00217,0.003077
2026.04.15 06:00,1.18255,1.18335,1.1818,1.1818,1.179663,1.18022,1.178828,1.178967,0.004522,0.00158,0.002833
2026.04.15 07:00,1.1818,1.1824,1.18165,1.182,1.178828,1.179384,1.178689,1.178828,0.003711,0.002266,0.003172
2026.04.15 08:00,1.18195,1.1829,1.18195,1.1823,1.178967,1.179802,1.178967,1.179384,0.003933,0.002148,0.002916
2026.04.15 09:00,1.18235,1.18255,1.18095,1.18155,1.179245,1.179523,1.177995,1.17855,0.004555,0.001427,0.003
2026.04.15 10:00,1.18155,1.18205,1.1806,1.18105,1.17855,1.178967,1.177718,1.178134,0.004332,0.001633,0.002916
2026.04.15 11:00,1.18105,1.1819,1.1807,1.18175,1.177995,1.178689,1.177718,1.17855,0.004182,0.002011,0.0032
2026.04.15 12:00,1.1817,1.18265,1.1811,1.1822,1.178689,1.179384,1.178134,1.179245,0.004516,0.001716,0.002955
2026.04.15 13:00,1.1822,1.18315,1.18175,1.1821,1.179245,1.179941,1.178828,1.179245,0.004322,0.001809,0.002855
2026.04.15 14:00,1.1822,1.1834,1.18185,1.18305,1.179245,1.180359,1.178967,1.18008,0.004433,0.001491,0.00297
2026.04.15 15:00,1.18305,1.18425,1.1828,1.18315,1.18008,1.181056,1.179941,1.180359,0.004309,0.001744,0.002791
2026.04.15 16:00,1.18315,1.1836,1.18305,1.18345,1.18022,1.180638,1.18008,1.180498,0.00352,0.002412,0.002952
2026.04.15 17:00,1.1835,1.1836,1.18265,1.1829,1.180498,1.180498,1.179663,1.179941,0.003937,0.002152,0.002959
2026.04.15 18:00,1.18285,1.18355,1.18275,1.18345,1.179802,1.180498,1.179802,1.180359,0.003748,0.002252,0.003091
2026.04.15 19:00,1.1834,1.18385,1.18325,1.18335,1.180359,1.180777,1.18022,1.180498,0.003631,0.002473,0.002852
2026.04.15 20:00,1.18335,1.18345,1.1829,1.18305,1.180359,1.180359,1.179941,1.18022,0.003509,0.002541,0.002831
2026.04.15 22:00,1.183,1.1835,1.183,1.18345,1.180498,1.180638,1.180498,1.180638,0.003002,0.002362,0.002812
2026.04.15 23:00,1.1835,1.18395,1.18345,1.18385,1.180638,1.181195,1.180638,1.181056,0.003312,0.002255,0.002794
2026.04.16 00:00,1.1839,1.1841,1.1835,1.18395,1.181056,1.181056,1.180638,1.181056,0.003462,0.002444,0.002894
2026.04.16 01:00,1.1839,1.18415,1.1829,1.18345,1.181056,1.181195,1.18008,1.180498,0.00407,0.001705,0.002952
2026.04.16 02:00,1.1835,1.18495,1.18345,1.1849,1.180638,1.182033,1.180638,1.182033,0.004312,0.001417,0.002867
2026.04.16 03:00,1.18495,1.18565,1.18445,1.18455,1.182033,1.182732,1.181614,1.181614,0.004036,0.001718,0.002936
2026.04.16 04:00,1.18435,1.18455,1.18405,1.1842,1.181614,1.181614,1.181195,1.181335,0.003355,0.002436,0.002865
2026.04.16 05:00,1.18415,1.18425,1.18355,1.18365,1.181335,1.181335,1.180777,1.180777,0.003473,0.002215,0.002873
2026.04.16 06:00,1.1837,1.18395,1.18255,1.18355,1.180916,1.180916,1.179663,1.180638,0.004287,0.001634,0.002912
2026.04.16 07:00,1.1836,1.1837,1.18235,1.1824,1.180777,1.180777,1.179523,1.179663,0.004176,0.001573,0.002737
2026.04.16 08:00,1.1824,1.1826,1.18085,1.18185,1.179523,1.179663,1.178134,1.178967,0.004466,0.001187,0.002883
2026.04.16 09:00,1.1818,1.182,1.18095,1.1812,1.178828,1.179106,1.178134,1.178273,0.003866,0.001844,0.002927
2026.04.16 10:00,1.1812,1.1813,1.1805,1.18115,1.178273,1.178411,1.177718,1.178273,0.003582,0.002089,0.002877
2026.04.16 11:00,1.1812,1.1821,1.1812,1.18165,1.178411,1.179106,1.178411,1.178828,0.003689,0.002094,0.002822
2026.04.16 12:00,1.18165,1.18175,1.1808,1.1814,1.178689,1.178689,1.177856,1.17855,0.003894,0.002111,0.00285
2026.04.16 13:00,1.18135,1.1816,1.1799,1.18045,1.17855,1.178689,1.177163,1.177302,0.004437,0.001211,0.003148
2026.04.16 14:00,1.1805,1.18145,1.1801,1.1804,1.177579,1.178411,1.177302,1.177579,0.004148,0.001688,0.002821
2026.04.16 15:00,1.1804,1.18145,1.1802,1.1814,1.177579,1.178411,1.17744,1.178411,0.00401,0.001788,0.002988
2026.04.16 16:00,1.18145,1.18195,1.18015,1.1807,1.17855,1.179106,1.17744,1.177856,0.00451,0.001044,0.002844
2026.04.16 17:00,1.18075,1.1808,1.18,1.18055,1.177856,1.177856,1.177163,1.177579,0.003637,0.002144,0.002971
2026.04.16 18:00,1.1806,1.1813,1.18055,1.1812,1.177718,1.178411,1.177718,1.178273,0.003582,0.002138,0.002927
2026.04.16 19:00,1.18115,1.1818,1.18115,1.1813,1.178411,1.178828,1.178411,1.17855,0.003389,0.002322,0.00275
2026.04.16 20:00,1.1813,1.18155,1.1811,1.18135,1.17855,1.178689,1.178273,1.17855,0.003277,0.002411,0.0028
2026.04.16 22:00,1.1813,1.1819,1.1811,1.18175,1.178411,1.179106,1.178411,1.178828,0.003489,0.001994,0.002922
2026.04.16 23:00,1.18165,1.1818,1.18125,1.1813,1.178828,1.178967,1.178411,1.178411,0.003389,0.002283,0.002889
2026.04.17 00:00,1.18125,1.1815,1.18085,1.18105,1.178411,1.178689,1.178134,1.178273,0.003366,0.002161,0.002777
2026.04.17 01:00,1.18105,1.18115,1.1806,1.18075,1.178273,1.178273,1.177856,1.177995,0.003294,0.002327,0.002755
2026.04.17 02:00,1.1808,1.18095,1.18045,1.1809,1.177995,1.178134,1.177718,1.178134,0.003232,0.002316,0.002766
2026.04.17 03:00,1.1809,1.18165,1.1807,1.1815,1.178134,1.178828,1.177856,1.178689,0.003794,0.001872,0.002811
2026.04.17 04:00,1.18145,1.18155,1.1813,1.1814,1.178689,1.178828,1.17855,1.178689,0.003,0.002472,0.002711
2026.04.17 05:00,1.1814,1.18165,1.18115,1.18125,1.17855,1.178828,1.178411,1.17855,0.003239,0.002322,0.0027
2026.04.17 06:00,1.18125,1.18145,1.18035,1.18065,1.178273,1.17855,1.177718,1.177856,0.003732,0.0018,0.002794
2026.04.17 07:00,1.1807,1.18155,1.18065,1.1814,1.177995,1.17855,1.177856,1.17855,0.003694,0.0021,0.00285
2026.04.17 08:00,1.18145,1.1827,1.1812,1.18255,1.178689,1.179802,1.178411,1.179802,0.004289,0.001398,0.002748
2026.04.17 09:00,1.1826,1.1831,1.18225,1.18255,1.179802,1.18022,1.179523,1.179802,0.003577,0.00203,0.002748
2026.04.17 10:00,1.18255,1.1828,1.1823,1.1826,1.179663,1.179941,1.179523,1.179802,0.003277,0.002359,0.002798
2026.04.17 11:00,1.18265,1.18315,1.18235,1.18255,1.179802,1.18022,1.179523,1.179802,0.003627,0.002131,0.002748
2026.04.17 12:00,1.1826,1.1869,1.18255,1.18675,1.179802,1.183852,1.179802,1.183712,0.007098,-0.001302,0.003038
2026.04.17 13:00,1.18675,1.18815,1.1856,1.18655,1.183992,1.185255,1.182872,1.183712,0.005278,0.000345,0.002838
2026.04.17 14:00,1.18655,1.1868,1.18455,1.18455,1.183712,1.183852,1.181614,1.181893,0.005186,0.000698,0.002657
2026.04.17 15:00,1.1846,1.18485,1.1831,1.18325,1.181614,1.181754,1.180359,1.180359,0.004491,0.001346,0.002891
2026.04.17 16:00,1.18325,1.18365,1.1824,1.1831,1.180359,1.180777,1.179663,1.18022,0.003987,0.001623,0.00288
2026.04.17 17:00,1.18305,1.18305,1.1817,1.18275,1.18008,1.18008,1.178967,1.179802,0.004083,0.00162,0.002948
2026.04.17 18:00,1.18275,1.18295,1.1806,1.18115,1.179941,1.179941,1.177995,1.178273,0.004955,0.000659,0.002877
2026.04.17 19:00,1.18115,1.18155,1.1799,1.1801,1.178273,1.178689,1.177163,1.177163,0.004387,0.001211,0.002937
2026.04.17 20:00,1.1801,1.18125,1.1792,1.18125,1.177302,1.17744,1.176609,1.176747,0.004641,0.00176,0.004503
2026.04.20 09:00,1.18125,1.18125,1.17905,1.1797,1.176332,1.176886,1.176332,1.176886,0.004918,0.002164,0.002814
2026.04.20 10:00,1.1797,1.18125,1.1793,1.18015,1.176886,1.17744,1.176609,1.17744,0.004641,0.00186,0.00271
2026.04.20 11:00,1.1802,1.18125,1.17965,1.17985,1.17744,1.177856,1.177024,1.177163,0.004225,0.001794,0.002687
2026.04.20 12:00,1.1798,1.18,1.1787,1.1796,1.176886,1.177024,1.176055,1.176747,0.003945,0.001675,0.002853
2026.04.20 13:00,1.17965,1.1813,1.17925,1.18065,1.176609,1.17855,1.176471,1.177856,0.00483,0.0007,0.002794
2026.04.20 14:00,1.18065,1.1809,1.1793,1.1803,1.177579,1.178134,1.177024,1.177579,0.003875,0.001166,0.002721
2026.04.20 15:00,1.1803,1.18205,1.17995,1.1815,1.177718,1.179245,1.177302,1.178828,0.004748,0.000705,0.002672
2026.04.20 16:00,1.18155,1.1819,1.1813,1.1817,1.178967,1.179106,1.17855,1.178828,0.00335,0.002194,0.002872
2026.04.20 17:00,1.18175,1.18225,1.18125,1.1815,1.178967,1.179245,1.17855,1.178689,0.0037,0.002005,0.002811
2026.04.20 18:00,1.1815,1.1821,1.18095,1.1811,1.178828,1.179245,1.178411,1.178411,0.003689,0.001705,0.002689
2026.04.20 19:00,1.1811,1.182,1.18105,1.18175,1.17855,1.179245,1.17855,1.178967,0.00345,0.001805,0.002783
2026.04.20 20:00,1.18175,1.18205,1.1815,1.18195,1.178828,1.179245,1.178828,1.179106,0.003222,0.002255,0.002844
2026.04.20 22:00,1.1819,1.1821,1.1816,1.1821,1.179245,1.179384,1.178828,1.179245,0.003272,0.002216,0.002855
2026.04.20 23:00,1.1821,1.18215,1.18135,1.18145,1.179384,1.179384,1.178689,1.178828,0.003461,0.001966,0.002622
2026.04.21 00:00,1.1815,1.1816,1.1811,1.18135,1.178828,1.178828,1.178411,1.178689,0.003188,0.002272,0.002661
2026.04.21 01:00,1.1813,1.18165,1.181,1.1811,1.17855,1.178967,1.178411,1.178411,0.003239,0.002033,0.002689
2026.04.21 02:00,1.18115,1.1813,1.1808,1.181,1.178411,1.17855,1.178134,1.178273,0.003166,0.00225,0.002727
2026.04.21 03:00,1.181,1.18105,1.1804,1.1806,1.178273,1.178273,1.177718,1.177856,0.003332,0.002127,0.002744
2026.04.21 04:00,1.1806,1.1807,1.18045,1.1806,1.177995,1.177995,1.177718,1.177995,0.002982,0.002455,0.002605
2026.04.21 05:00,1.1806,1.1813,1.1806,1.18085,1.177995,1.17855,1.177856,1.178273,0.003444,0.00205,0.002577
2026.04.21 06:00,1.18085,1.1811,1.18025,1.18055,1.178134,1.178134,1.177579,1.177856,0.003521,0.002116,0.002694
2026.04.21 07:00,1.1805,1.1808,1.1794,1.1795,1.177856,1.177995,1.176747,1.176747,0.004053,0.001405,0.002753
2026.04.21 08:00,1.1795,1.17975,1.17875,1.1795,1.176886,1.177163,1.176055,1.176747,0.003695,0.001587,0.002753
2026.04.21 09:00,1.1796,1.1796,1.1787,1.17905,1.176886,1.176886,1.176055,1.176332,0.003545,0.001814,0.002718
2026.04.21 10:00,1.179,1.1792,1.1787,1.17915,1.176194,1.176471,1.176055,1.176471,0.003145,0.002229,0.002679
2026.04.21 11:00,1.1792,1.1799,1.17865,1.1798,1.176471,1.177163,1.176055,1.177024,0.003845,0.001487,0.002776
2026.04.21 12:00,1.1798,1.1799,1.17845,1.179,1.177163,1.177163,1.176055,1.176194,0.003845,0.001287,0.002806
2026.04.21 13:00,1.179,1.18025,1.17885,1.1796,1.176471,1.177302,1.176471,1.176886,0.00378,0.001548,0.002714
2026.04.21 14:00,1.17965,1.18065,1.17825,1.17835,1.177024,1.177856,1.175641,1.175641,0.005009,0.000394,0.002709
2026.04.21 15:00,1.17835,1.1791,1.1772,1.17815,1.175503,1.176194,1.174536,1.175503,0.004564,0.001006,0.002648
2026.04.21 16:00,1.1782,1.1786,1.17705,1.17715,1.175503,1.175779,1.174398,1.174536,0.004202,0.001271,0.002614
2026.04.21 17:00,1.17715,1.1794,1.17495,1.17735,1.174398,1.176194,1.17247,1.174674,0.00693,-0.001244,0.002676
2026.04.21 18:00,1.17735,1.17775,1.176,1.1771,1.17495,1.17495,1.173296,1.174398,0.004454,0.00105,0.002702
2026.04.21 19:00,1.1771,1.17825,1.1748,1.17555,1.174536,1.175364,1.17247,1.17302,0.00578,-0.000564,0.00253
2026.04.21 20:00,1.1756,1.17835,1.17535,1.17725,1.172883,1.175641,1.172745,1.174674,0.005605,-0.000291,0.002576
2026.04.21 22:00,1.1772,1.17745,1.17685,1.17685,1.174536,1.174536,1.17426,1.17426,0.00319,0.002314,0.00259
2026.04.21 23:00,1.17685,1.1774,1.17675,1.17735,1.17426,1.174812,1.174122,1.174674,0.003278,0.001938,0.002676
2026.04.22 00:00,1.1774,1.1781,1.17735,1.17735,1.17495,1.175503,1.174674,1.174674,0.003426,0.001848,0.002676
2026.04.22 01:00,1.1774,1.1777,1.17685,1.17745,1.17495,1.175088,1.17426,1.174812,0.00344,0.001762,0.002638
2026.04.22 02:00,1.1775,1.17785,1.17695,1.17705,1.17495,1.175088,1.174398,1.174398,0.003452,0.001862,0.002652
2026.04.22 03:00,1.177,1.17725,1.17675,1.1769,1.174398,1.174674,1.174122,1.17426,0.003128,0.002076,0.00264
2026.04.22 04:00,1.1771,1.17725,1.17685,1.17695,1.17426,1.174536,1.17426,1.17426,0.00299,0.002314,0.00269
2026.04.22 05:00,1.17695,1.17925,1.1769,1.17805,1.174398,1.176471,1.174398,1.175503,0.004852,0.00043,0.002548
2026.04.22 06:00,1.178,1.17845,1.17745,1.1779,1.175503,1.175779,1.17495,1.175226,0.0035,0.001671,0.002674
2026.04.22 07:00,1.1779,1.17865,1.17755,1.17855,1.175503,1.175917,1.175088,1.175917,0.003562,0.001633,0.002633
2026.04.22 08:00,1.17855,1.1789,1.17775,1.17835,1.175917,1.176194,1.175088,1.175779,0.003812,0.001556,0.002571
2026.04.22 09:00,1.1783,1.1787,1.1776,1.17775,1.175641,1.176055,1.175088,1.175088,0.003612,0.001545,0.002662
2026.04.22 10:00,1.17775,1.1783,1.1774,1.17815,1.17495,1.175641,1.17495,1.175503,0.00335,0.001759,0.002648
2026.04.22 11:00,1.1781,1.1781,1.1762,1.1765,1.175364,1.175364,1.173571,1.173709,0.004529,0.000836,0.002791
2026.04.22 12:00,1.17645,1.17675,1.17545,1.1757,1.173847,1.174122,1.172883,1.173158,0.003867,0.001328,0.002542
2026.04.22 13:00,1.17575,1.17735,1.1754,1.1771,1.17302,1.174536,1.172883,1.174398,0.004467,0.000864,0.002702
2026.04.22 14:00,1.1771,1.1773,1.1748,1.17485,1.174674,1.174674,1.172196,1.172196,0.005104,0.000126,0.002654
2026.04.22 15:00,1.1748,1.17535,1.17425,1.17425,1.172196,1.172608,1.171646,1.171646,0.003704,0.001642,0.002604
2026.04.22 16:00,1.17435,1.17455,1.17395,1.17425,1.171783,1.171921,1.171372,1.171646,0.003178,0.002029,0.002604
2026.04.22 17:00,1.1743,1.1747,1.174,1.174,1.171509,1.172058,1.171509,1.171509,0.003191,0.001942,0.002491
2026.04.22 18:00,1.174,1.1743,1.1737,1.1739,1.171234,1.171646,1.171097,1.171234,0.003203,0.002054,0.002666
2026.04.22 19:00,1.1739,1.1741,1.17345,1.17355,1.171234,1.171509,1.170823,1.170823,0.003277,0.001941,0.002727
2026.04.22 20:00,1.1735,1.17375,1.1732,1.1734,1.17096,1.171097,1.170686,1.17096,0.003064,0.002103,0.00244
2026.04.22 22:00,1.17345,1.17375,1.1733,1.17345,1.171097,1.171234,1.170823,1.17096,0.002927,0.002066,0.00249
2026.04.22 23:00,1.17345,1.17355,1.17325,1.17335,1.17096,1.171097,1.170823,1.17096,0.002727,0.002153,0.00239
2026.04.23 00:00,1.1734,1.17415,1.17205,1.17395,1.170823,1.171646,1.169591,1.171509,0.004559,0.000404,0.002441
2026.04.23 01:00,1.174,1.17415,1.17355,1.1737,1.171509,1.171509,1.171097,1.171234,0.003053,0.002041,0.002465
2026.04.23 02:00,1.17375,1.17385,1.17245,1.17255,1.171372,1.171372,1.170001,1.170138,0.003849,0.001078,0.002412
2026.04.23 03:00,1.17255,1.173,1.17235,1.17235,1.170001,1.170412,1.169864,1.169864,0.003136,0.001938,0.002486
2026.04.23 04:00,1.17245,1.17285,1.1724,1.17285,1.170001,1.170412,1.169864,1.170412,0.002986,0.001988,0.002438
2026.04.23 05:00,1.17285,1.1735,1.1728,1.1735,1.170275,1.17096,1.170275,1.17096,0.003225,0.00184,0.00254
2026.04.23 06:00,1.17345,1.17375,1.17305,1.1732,1.17096,1.171234,1.170549,1.170686,0.003201,0.001816,0.002514
2026.04.23 07:00,1.1732,1.17405,1.17235,1.17305,1.170686,1.171372,1.170001,1.170549,0.004049,0.000978,0.002501
2026.04.23 08:00,1.1731,1.1733,1.1725,1.1729,1.170686,1.170823,1.170001,1.170549,0.003299,0.001677,0.002351
2026.04.23 09:00,1.17295,1.17305,1.17185,1.17215,1.170549,1.170549,1.169454,1.169727,0.003596,0.001301,0.002423
2026.04.23 10:00,1.17215,1.17245,1.17075,1.17105,1.169864,1.169864,1.168361,1.168634,0.004089,0.000886,0.002416
2026.04.23 11:00,1.1711,1.17255,1.1707,1.1719,1.168497,1.169864,1.168224,1.169454,0.004326,0.000836,0.002446
2026.04.23 12:00,1.17185,1.17265,1.17145,1.17205,1.169454,1.170138,1.169044,1.169591,0.003606,0.001312,0.002459
2026.04.23 13:00,1.17205,1.1725,1.17095,1.17195,1.169591,1.170001,1.16877,1.169591,0.00373,0.000949,0.002359
2026.04.23 14:00,1.17195,1.1745,1.17155,1.1739,1.169317,1.171921,1.16918,1.171372,0.00532,-0.000371,0.002528
2026.04.23 15:00,1.1739,1.1744,1.1729,1.1732,1.171509,1.171783,1.170412,1.170823,0.003988,0.001117,0.002377
2026.04.23 16:00,1.1732,1.17335,1.17265,1.17305,1.170686,1.17096,1.170275,1.170686,0.003075,0.00169,0.002364
2026.04.23 17:00,1.1731,1.1731,1.16975,1.1721,1.170549,1.170549,1.167406,1.169591,0.005694,-0.000799,0.002509
2026.04.23 18:00,1.17215,1.1729,1.1716,1.17175,1.169727,1.170138,1.16918,1.16918,0.00372,0.001462,0.00257
2026.04.23 19:00,1.17175,1.17185,1.17085,1.1715,1.169317,1.169317,1.168361,1.169044,0.003489,0.001533,0.002456
2026.04.23 20:00,1.1715,1.17155,1.1709,1.1711,1.168907,1.168907,1.168361,1.16877,0.003189,0.001993,0.00233
2026.04.23 22:00,1.17135,1.1715,1.17125,1.1714,1.169044,1.169044,1.168907,1.168907,0.002593,0.002206,0.002493
2026.04.23 23:00,1.17135,1.17135,1.171,1.1711,1.168907,1.168907,1.168497,1.168634,0.002853,0.002093,0.002466
2026.04.24 00:00,1.1711,1.1716,1.17095,1.17135,1.168634,1.16918,1.168634,1.168907,0.002966,0.00177,0.002443
2026.04.24 01:00,1.17135,1.1717,1.17095,1.1716,1.168907,1.16918,1.168634,1.16918,0.003066,0.00177,0.00242
2026.04.24 02:00,1.17165,1.17175,1.1706,1.17065,1.16918,1.16918,1.168224,1.168224,0.003526,0.00142,0.002426
2026.04.24 03:00,1.1707,1.17075,1.17005,1.17055,1.168361,1.168361,1.167679,1.168088,0.003071,0.001689,0.002462
2026.04.24 04:00,1.1706,1.1709,1.1705,1.17065,1.168088,1.168497,1.167951,1.168224,0.002949,0.002003,0.002426
2026.04.24 05:00,1.1707,1.1711,1.17045,1.171,1.168361,1.168634,1.168088,1.168634,0.003012,0.001816,0.002366
2026.04.24 06:00,1.171,1.17115,1.1705,1.1706,1.168497,1.168634,1.168088,1.168088,0.003062,0.001866,0.002512
2026.04.24 07:00,1.1706,1.17215,1.17035,1.17185,1.168088,1.169591,1.167951,1.169591,0.004199,0.000759,0.002259
2026.04.24 08:00,1.17185,1.1724,1.17115,1.17175,1.16918,1.169864,1.168907,1.169317,0.003493,0.001286,0.002433
2026.04.24 09:00,1.1718,1.17185,1.1712,1.1714,1.169454,1.169454,1.16877,1.169044,0.00308,0.001746,0.002356
2026.04.24 10:00,1.1714,1.1731,1.1713,1.1731,1.169044,1.170686,1.168907,1.170686,0.004193,0.000614,0.002414
2026.04.24 11:00,1.1731,1.17465,1.17305,1.17425,1.170686,1.172196,1.170686,1.171783,0.003964,0.000854,0.002467
2026.04.24 12:00,1.1742,1.17455,1.1731,1.17365,1.171921,1.172058,1.170686,1.171234,0.003864,0.001042,0.002416
2026.04.24 13:00,1.1737,1.17405,1.17265,1.17345,1.171372,1.171509,1.170275,1.171097,0.003775,0.001141,0.002353
2026.04.24 14:00,1.1734,1.1745,1.17275,1.17345,1.171097,1.171921,1.170823,1.17096,0.003677,0.000829,0.00249
2026.04.24 15:00,1.1734,1.1748,1.1729,1.1745,1.17096,1.172196,1.170686,1.172058,0.004114,0.000704,0.002442
2026.04.24 16:00,1.17455,1.1748,1.1741,1.1747,1.172196,1.172333,1.171783,1.172333,0.003017,0.001767,0.002367
2026.04.24 17:00,1.1747,1.1749,1.174,1.1741,1.172333,1.17247,1.171646,1.171783,0.003254,0.00153,0.002317
2026.04.24 18:00,1.1741,1.17475,1.1739,1.1745,1.171646,1.172196,1.171509,1.172058,0.003241,0.001704,0.002442
2026.04.24 19:00,1.17455,1.17485,1.1743,1.17465,1.172196,1.17247,1.171921,1.172196,0.002929,0.00183,0.002454
2026.04.24 20:00,1.1746,1.1751,1.1744,1.1745,1.172196,1.172745,1.172058,1.17247,0.003042,0.001655,0.00203
2026.04.26 23:00,1.1735,1.1737,1.17325,1.1733,1.171097,1.171372,1.17096,1.17096,0.00274,0.001878,0.00234
2026.04.27 00:00,1.1733,1.17445,1.1733,1.1743,1.17096,1.171921,1.17096,1.171921,0.00349,0.001379,0.002379
2026.04.27 01:00,1.17435,1.1754,1.17435,1.17515,1.172058,1.17302,1.172058,1.172745,0.003342,0.00133,0.002405
2026.04.27 02:00,1.1752,1.1756,1.1747,1.1754,1.172883,1.173158,1.172333,1.17302,0.003267,0.001542,0.00238
2026.04.27 03:00,1.1754,1.17595,1.1754,1.1757,1.17302,1.173571,1.17302,1.173296,0.00293,0.001829,0.002404
2026.04.27 04:00,1.17565,1.1759,1.17525,1.1754,1.173296,1.173434,1.172883,1.17302,0.003017,0.001817,0.00238
2026.04.27 05:00,1.17545,1.1755,1.17495,1.175,1.17302,1.173158,1.172608,1.172608,0.002892,0.001792,0.002392
2026.04.27 06:00,1.17495,1.1757,1.1744,1.1757,1.172608,1.173296,1.172058,1.173296,0.003642,0.001104,0.002404
2026.04.27 07:00,1.17565,1.17725,1.1756,1.17715,1.173296,1.174812,1.173296,1.174812,0.003954,0.000788,0.002338
2026.04.27 08:00,1.1771,1.17785,1.1767,1.17755,1.174674,1.175364,1.174398,1.175226,0.003452,0.001336,0.002324
2026.04.27 09:00,1.1776,1.17785,1.17685,1.17695,1.175226,1.175364,1.174398,1.174536,0.003452,0.001486,0.002414
2026.04.27 10:00,1.1769,1.1775,1.17665,1.17735,1.174536,1.175088,1.17426,1.17495,0.00324,0.001562,0.0024
2026.04.27 11:00,1.1773,1.1774,1.1765,1.1769,1.17495,1.17495,1.174122,1.174398,0.003278,0.00155,0.002502
2026.04.27 12:00,1.1769,1.17825,1.17685,1.1772,1.174536,1.175779,1.174398,1.174812,0.003852,0.001071,0.002388
2026.04.27 13:00,1.1772,1.1782,1.1763,1.1767,1.174674,1.175779,1.173985,1.174122,0.004215,0.000521,0.002578
2026.04.27 14:00,1.1767,1.17755,1.17605,1.17635,1.174122,1.175088,1.173985,1.173985,0.003565,0.000962,0.002365
2026.04.27 15:00,1.1763,1.1764,1.1757,1.1758,1.173985,1.173985,1.173434,1.173434,0.002966,0.001715,0.002366
2026.04.27 16:00,1.1758,1.17615,1.17525,1.17535,1.173434,1.173709,1.172883,1.173158,0.003267,0.001541,0.002192
2026.04.27 17:00,1.1754,1.17575,1.1747,1.17505,1.17302,1.173296,1.17247,1.172745,0.00328,0.001404,0.002305
2026.04.27 18:00,1.17505,1.1752,1.1746,1.1747,1.172745,1.172883,1.172196,1.172333,0.003004,0.001717,0.002367
2026.04.27 19:00,1.1747,1.17535,1.17465,1.1748,1.172333,1.172883,1.172333,1.172333,0.003017,0.001767,0.002467
2026.04.27 20:00,1.17475,1.17505,1.1747,1.1748,1.17247,1.172745,1.172333,1.17247,0.002717,0.001955,0.00233
2026.04.27 22:00,1.17475,1.175,1.17455,1.1749,1.172608,1.172745,1.172333,1.172608,0.002667,0.001805,0.002292
2026.04.27 23:00,1.17485,1.175,1.1748,1.175,1.172608,1.172608,1.17247,1.172608,0.00253,0.002192,0.002392
2026.04.28 00:00,1.175,1.1754,1.17435,1.17455,1.172745,1.17302,1.172058,1.172196,0.003342,0.00133,0.002355
2026.04.28 01:00,1.1745,1.17455,1.1739,1.17395,1.172058,1.172196,1.171646,1.171646,0.002904,0.001704,0.002304
2026.04.28 02:00,1.1739,1.174,1.17345,1.1735,1.171646,1.171646,1.171234,1.171234,0.002766,0.001804,0.002265
2026.04.28 03:00,1.1735,1.17445,1.1735,1.174,1.171097,1.172058,1.171097,1.171783,0.003353,0.001442,0.002217
2026.04.28 04:00,1.1738,1.1743,1.1738,1.1739,1.171646,1.171921,1.171509,1.171509,0.002791,0.001879,0.002391
2026.04.28 05:00,1.17395,1.174,1.17325,1.1733,1.171646,1.171646,1.17096,1.17096,0.00304,0.001604,0.00234
2026.04.28 06:00,1.17325,1.17345,1.1714,1.17145,1.170823,1.171097,1.16918,1.16918,0.00427,0.000303,0.00227
2026.04.28 07:00,1.1714,1.17275,1.17125,1.1723,1.169044,1.170412,1.169044,1.170138,0.003706,0.000838,0.002162
2026.04.28 08:00,1.17235,1.1734,1.17215,1.1728,1.170138,1.171097,1.170001,1.170549,0.003399,0.001053,0.002251
2026.04.28 09:00,1.17285,1.1729,1.1713,1.1719,1.170412,1.170412,1.169044,1.169591,0.003856,0.000888,0.002309
2026.04.28 10:00,1.1719,1.17225,1.1717,1.172,1.169591,1.169864,1.169454,1.169591,0.002796,0.001836,0.002409
2026.04.28 11:00,1.17195,1.1726,1.1708,1.17095,1.169727,1.170275,1.168634,1.168634,0.003966,0.000525,0.002316
2026.04.28 12:00,1.17095,1.17265,1.1704,1.17235,1.168497,1.170275,1.168224,1.170001,0.004426,0.000125,0.002349
2026.04.28 13:00,1.17235,1.17305,1.1715,1.1724,1.169864,1.170686,1.16918,1.170001,0.00387,0.000814,0.002399
2026.04.28 14:00,1.1724,1.17295,1.17175,1.1728,1.170001,1.170686,1.169454,1.170138,0.003496,0.001064,0.002662
2026.04.28 15:00,1.1727,1.1743,1.1727,1.17405,1.170549,1.171921,1.170549,1.171646,0.003751,0.000779,0.002404
2026.04.28 16:00,1.17405,1.17435,1.1732,1.1737,1.171646,1.171921,1.17096,1.171372,0.00339,0.001279,0.002328
2026.04.28 17:00,1.1737,1.1745,1.1733,1.17405,1.171372,1.172058,1.17096,1.171646,0.00354,0.001242,0.002404
2026.04.28 18:00,1.17405,1.1743,1.17375,1.1738,1.171783,1.171921,1.171509,1.171509,0.002791,0.001829,0.002291
2026.04.28 19:00,1.1738,1.17415,1.17335,1.1736,1.171509,1.171783,1.171097,1.171234,0.003053,0.001567,0.002365
2026.04.28 20:00,1.17365,1.1742,1.17355,1.17385,1.171372,1.171783,1.171372,1.171646,0.002828,0.001767,0.002204
2026.04.28 22:00,1.17385,1.17425,1.17385,1.174,1.171921,1.172196,1.171921,1.171921,0.002329,0.001655,0.002079
2026.04.28 23:00,1.17405,1.17415,1.17395,1.17415,1.171921,1.172196,1.171921,1.172196,0.002229,0.001754,0.001954
2026.04.29 00:00,1.1742,1.17445,1.1739,1.174,1.172333,1.17247,1.171783,1.172058,0.002667,0.00143,0.001942
2026.04.29 01:00,1.174,1.17405,1.1731,1.1736,1.171921,1.171921,1.171097,1.171509,0.002953,0.001179,0.002091
2026.04.29 02:00,1.17365,1.1741,1.17315,1.1732,1.171783,1.172058,1.171097,1.171097,0.003003,0.001092,0.002103
2026.04.29 03:00,1.1732,1.1735,1.1729,1.17305,1.171234,1.171509,1.17096,1.17096,0.00254,0.001391,0.00209
2026.04.29 04:00,1.173,1.1732,1.17285,1.17295,1.17096,1.171234,1.170823,1.17096,0.002377,0.001616,0.00199
2026.04.29 05:00,1.17295,1.173,1.1722,1.17245,1.17096,1.17096,1.170275,1.170549,0.002725,0.00124,0.001901
2026.04.29 06:00,1.1725,1.17285,1.17205,1.17235,1.170549,1.170823,1.170138,1.170412,0.002712,0.001227,0.001938
2026.04.29 07:00,1.1724,1.17325,1.17225,1.17295,1.170275,1.171097,1.170275,1.17096,0.002975,0.001153,0.00199
2026.04.29 08:00,1.17295,1.173,1.1718,1.17235,1.170823,1.170823,1.169864,1.170549,0.003136,0.000977,0.001801
2026.04.29 09:00,1.1724,1.17285,1.17205,1.17215,1.170412,1.170823,1.170138,1.170138,0.002712,0.001227,0.002012
2026.04.29 10:00,1.17215,1.17335,1.17205,1.17335,1.170001,1.171097,1.170001,1.171097,0.003349,0.000953,0.002253
2026.04.29 11:00,1.17335,1.1734,1.17235,1.1725,1.171097,1.171234,1.170412,1.170549,0.002988,0.001116,0.001951
2026.04.29 12:00,1.17255,1.1732,1.1717,1.1723,1.170549,1.171097,1.169864,1.170275,0.003336,0.000603,0.002025
2026.04.29 13:00,1.1723,1.1727,1.17065,1.17125,1.170275,1.170549,1.16877,1.16918,0.00393,0.000101,0.00207
2026.04.29 14:00,1.17125,1.1727,1.1708,1.17245,1.169317,1.170549,1.16877,1.170549,0.00393,0.000251,0.001901
2026.04.29 15:00,1.1725,1.17285,1.1711,1.1718,1.170412,1.170823,1.169317,1.169864,0.003533,0.000277,0.001936
2026.04.29 16:00,1.17185,1.17225,1.1708,1.17085,1.169864,1.170138,1.16877,1.16877,0.00348,0.000662,0.00208
2026.04.29 17:00,1.17085,1.17125,1.17035,1.1712,1.16877,1.169317,1.168497,1.16918,0.002753,0.001033,0.00202
2026.04.29 18:00,1.1711,1.17155,1.1685,1.1696,1.168088,1.168907,1.166725,1.167679,0.004825,-0.000407,0.001921
2026.04.29 19:00,1.1696,1.17045,1.16905,1.17,1.167815,1.168361,1.16727,1.167951,0.00318,0.000689,0.002048
2026.04.29 20:00,1.16995,1.17015,1.1695,1.16995,1.167951,1.168088,1.167542,1.167951,0.002608,0.001412,0.001999
2026.04.29 22:00,1.17005,1.1702,1.16945,1.17015,1.167815,1.168224,1.167542,1.168088,0.002658,0.001226,0.002062
2026.04.29 23:00,1.17015,1.171,1.16995,1.1708,1.168224,1.168907,1.167951,1.168907,0.003049,0.001043,0.001893
2026.04.30 00:00,1.1708,1.1713,1.17025,1.1703,1.16918,1.169317,1.168224,1.168224,0.003076,0.000933,0.002076
2026.04.30 01:00,1.17025,1.1705,1.16965,1.1698,1.168088,1.168497,1.167679,1.167815,0.002821,0.001153,0.001985
2026.04.30 02:00,1.1698,1.17,1.16855,1.169,1.167815,1.168088,1.166589,1.166997,0.003411,0.000462,0.002003
2026.04.30 03:00,1.16905,1.1694,1.16885,1.1689,1.167133,1.167406,1.166861,1.166861,0.002539,0.001444,0.002039
2026.04.30 04:00,1.1689,1.1689,1.16775,1.16835,1.166997,1.166997,1.165909,1.166317,0.002991,0.000753,0.002033
2026.04.30 05:00,1.16835,1.16875,1.1682,1.1682,1.166453,1.166725,1.166317,1.166317,0.002433,0.001475,0.001883
2026.04.30 06:00,1.1682,1.1694,1.16815,1.16935,1.166181,1.167406,1.166181,1.16727,0.003219,0.000744,0.00208
2026.04.30 07:00,1.16935,1.17075,1.16935,1.1703,1.167406,1.168497,1.167406,1.168224,0.003344,0.000853,0.002076
2026.04.30 08:00,1.17025,1.1721,1.16965,1.17025,1.168361,1.170001,1.167951,1.168224,0.004148,-0.000351,0.002026
2026.04.30 09:00,1.17025,1.1721,1.16965,1.1718,1.168497,1.170001,1.167815,1.169864,0.004285,-0.000351,0.001936
2026.04.30 10:00,1.1718,1.1739,1.17125,1.17385,1.169864,1.171646,1.169317,1.171646,0.004583,-0.000396,0.002204
2026.04.30 11:00,1.17385,1.17435,1.1726,1.1729,1.172058,1.172196,1.170686,1.170823,0.003664,0.000404,0.002077
2026.04.30 12:00,1.17285,1.1731,1.1713,1.17165,1.170823,1.170823,1.169317,1.169727,0.003783,0.000477,0.001923
2026.04.30 13:00,1.17165,1.1725,1.17055,1.17135,1.169727,1.170275,1.16877,1.169727,0.00373,0.000275,0.001623
2026.04.30 14:00,1.1714,1.1757,1.17115,1.1752,1.169317,1.173709,1.169317,1.173434,0.006383,-0.002559,0.001766
2026.04.30 15:00,1.17515,1.17595,1.17465,1.1752,1.173158,1.173847,1.172745,1.173296,0.003205,0.000803,0.001904
2026.04.30 16:00,1.17525,1.1759,1.1747,1.1749,1.173158,1.173847,1.172745,1.17302,0.003155,0.000853,0.00188
2026.04.30 17:00,1.17495,1.1756,1.1746,1.17495,1.17302,1.173434,1.172745,1.172883,0.002855,0.001166,0.002067
2026.04.30 18:00,1.17495,1.1764,1.17495,1.176,1.17302,1.174398,1.17302,1.173985,0.003379,0.000552,0.002015
2026.04.30 19:00,1.176,1.17655,1.1756,1.17575,1.17426,1.174398,1.173571,1.173985,0.002979,0.001202,0.001765
2026.04.30 20:00,1.1757,1.17605,1.17535,1.1756,1.173847,1.173985,1.173434,1.173434,0.002616,0.001365,0.002167
2026.04.30 22:00,1.17585,1.1761,1.17535,1.17555,1.173847,1.173847,1.173296,1.173434,0.002804,0.001503,0.002116
2026.04.30 23:00,1.17555,1.1757,1.17525,1.17525,1.173571,1.173709,1.173296,1.173296,0.002404,0.001541,0.001954
2026.05.01 00:00,1.1753,1.17535,1.17475,1.17515,1.173296,1.173296,1.172883,1.173158,0.002467,0.001454,0.001992
2026.05.01 01:00,1.1752,1.17565,1.17485,1.1755,1.173158,1.173571,1.172883,1.173434,0.002767,0.001279,0.002066
2026.05.01 02:00,1.1755,1.1758,1.17535,1.17575,1.173571,1.173847,1.173434,1.173709,0.002366,0.001503,0.002041
2026.05.01 03:00,1.17575,1.176,1.17545,1.17555,1.173847,1.174122,1.173434,1.173571,0.002566,0.001328,0.001979
2026.05.01 04:00,1.1753,1.17535,1.17495,1.17505,1.173434,1.173571,1.17302,1.173158,0.002329,0.001379,0.001892
2026.05.01 05:00,1.175,1.1751,1.1746,1.17465,1.17302,1.173158,1.172608,1.172608,0.002492,0.001442,0.002042
2026.05.01 06:00,1.1746,1.1769,1.17425,1.17595,1.172608,1.174812,1.172333,1.174122,0.004567,-0.000562,0.001828
2026.05.01 07:00,1.17595,1.17655,1.17555,1.17585,1.173847,1.174536,1.173709,1.173847,0.002841,0.001014,0.002003
2026.05.01 08:00,1.17585,1.17715,1.1756,1.1767,1.173985,1.175088,1.173709,1.174674,0.003441,0.000512,0.002026
2026.05.01 09:00,1.17675,1.17675,1.1755,1.17555,1.174674,1.174674,1.173571,1.173709,0.003179,0.000826,0.001841
2026.05.01 10:00,1.1755,1.17695,1.17545,1.17685,1.173571,1.17495,1.173571,1.174812,0.003379,0.0005,0.002038
2026.05.01 11:00,1.1769,1.1782,1.1768,1.17755,1.17495,1.176055,1.174812,1.175503,0.003388,0.000745,0.002047
2026.05.01 12:00,1.1775,1.1793,1.1772,1.1781,1.175641,1.177302,1.175364,1.176332,0.003936,-0.000102,0.001768
2026.05.01 13:00,1.1781,1.17875,1.17675,1.17855,1.176194,1.176609,1.174812,1.176609,0.003938,0.000141,0.001941
2026.05.01 14:00,1.17865,1.1809,1.1783,1.17915,1.176747,1.178828,1.176747,1.177163,0.004153,-0.000528,0.001987
2026.05.01 15:00,1.17915,1.1795,1.1777,1.17785,1.177024,1.17744,1.176055,1.176055,0.003445,0.00026,0.001795
2026.05.01 16:00,1.17785,1.17815,1.1762,1.1762,1.175917,1.176055,1.174398,1.174398,0.003752,0.000145,0.001802
2026.05.01 17:00,1.1762,1.1764,1.17525,1.17575,1.17426,1.174398,1.173434,1.173709,0.002966,0.000852,0.002041
2026.05.01 18:00,1.1757,1.1758,1.17435,1.17515,1.173709,1.173709,1.17247,1.173296,0.00333,0.000641,0.001854
2026.05.01 19:00,1.1751,1.17525,1.17415,1.17435,1.173158,1.173158,1.172196,1.172333,0.003054,0.000992,0.002017
2026.05.01 20:00,1.1743,1.17465,1.17395,1.17445,1.172333,1.172608,1.172058,1.172608,0.002592,0.001342,0.001842
2026.05.04 04:00,1.1761,1.1761,1.1751,1.1752,1.173296,1.173296,1.173158,1.173158,0.002942,0.001804,0.002042
2026.05.04 05:00,1.1752,1.1756,1.1749,1.1754,1.173158,1.173571,1.17302,1.173434,0.00258,0.001329,0.001966
2026.05.04 06:00,1.17535,1.176,1.17445,1.1752,1.173571,1.173985,1.172745,1.173296,0.003255,0.000466,0.001904
2026.05.04 07:00,1.17515,1.1752,1.1738,1.17405,1.173158,1.173158,1.172058,1.172333,0.003142,0.000642,0.001717
2026.05.04 08:00,1.174,1.17465,1.1734,1.1742,1.171921,1.172608,1.171509,1.172333,0.003141,0.000792,0.001867
2026.05.04 09:00,1.17425,1.1747,1.17385,1.17405,1.172333,1.172608,1.172058,1.172058,0.002642,0.001242,0.001992
2026.05.04 10:00,1.17405,1.17405,1.17115,1.1728,1.171921,1.172058,1.169317,1.170823,0.004733,-0.000908,0.001977
2026.05.04 11:00,1.17285,1.17315,1.1716,1.17165,1.17096,1.171097,1.169727,1.169727,0.003422,0.000503,0.001923
2026.05.04 12:00,1.1716,1.17355,1.17155,1.17325,1.169591,1.171509,1.169591,1.171509,0.003959,4.1e-05,0.001741
2026.05.04 13:00,1.1732,1.1741,1.1725,1.1738,1.17096,1.172058,1.170686,1.171783,0.003414,0.000442,0.002017
2026.05.04 14:00,1.17375,1.1739,1.17275,1.173,1.171783,1.171921,1.17096,1.171234,0.00294,0.000829,0.001765
2026.05.04 15:00,1.17305,1.1739,1.1717,1.17205,1.17096,1.171783,1.169727,1.170138,0.004173,-8.3e-05,0.001912
2026.05.04 16:00,1.17205,1.17235,1.1704,1.1705,1.170138,1.170138,1.168497,1.168634,0.003853,0.000262,0.001866
2026.05.04 17:00,1.17055,1.172,1.17045,1.17165,1.168634,1.170001,1.168634,1.169727,0.003366,0.000449,0.001923
2026.05.04 18:00,1.17165,1.1721,1.1711,1.172,1.169591,1.170001,1.169317,1.169591,0.002783,0.001099,0.002409
2026.05.04 19:00,1.172,1.1725,1.1716,1.1718,1.170001,1.170549,1.169727,1.169864,0.002773,0.001051,0.001936
2026.05.04 20:00,1.17185,1.17185,1.171,1.17145,1.169727,1.169727,1.169044,1.169591,0.002806,0.001273,0.001859
2026.05.04 22:00,1.17155,1.17155,1.1711,1.17125,1.169317,1.169591,1.169317,1.169317,0.002233,0.001509,0.001933
2026.05.04 23:00,1.17125,1.17155,1.17125,1.1714,1.169317,1.169591,1.169317,1.169591,0.002233,0.001659,0.001809
2026.05.05 00:00,1.1714,1.17165,1.17075,1.1709,1.169591,1.169727,1.168907,1.169044,0.002743,0.001023,0.001856
2026.05.05 01:00,1.1709,1.17105,1.1702,1.17095,1.168907,1.16918,1.168361,1.168907,0.002689,0.00102,0.002043
2026.05.05 02:00,1.17095,1.1714,1.1709,1.171,1.169044,1.169454,1.169044,1.169044,0.002356,0.001446,0.001956
2026.05.05 03:00,1.17095,1.17105,1.1706,1.17065,1.16918,1.16918,1.16877,1.16877,0.00228,0.00142,0.00188
2026.05.05 04:00,1.1708,1.17095,1.16995,1.17005,1.16877,1.169044,1.168088,1.168088,0.002862,0.000906,0.001962
2026.05.05 05:00,1.17,1.1707,1.1699,1.17055,1.167951,1.16877,1.167951,1.168497,0.002748,0.00113,0.002053
2026.05.05 06:00,1.17055,1.1712,1.1702,1.17085,1.168634,1.16918,1.168361,1.168907,0.002839,0.00102,0.001943
2026.05.05 07:00,1.1709,1.1719,1.17085,1.17115,1.168907,1.169864,1.168907,1.169454,0.002993,0.000986,0.001696
2026.05.05 08:00,1.1711,1.17195,1.17075,1.17115,1.169317,1.169864,1.168907,1.16918,0.003043,0.000886,0.00197
2026.05.05 09:00,1.1711,1.1715,1.17035,1.17125,1.168907,1.169591,1.168634,1.169454,0.002866,0.000759,0.001796
2026.05.05 10:00,1.17125,1.17205,1.17095,1.17125,1.169317,1.169864,1.169044,1.169317,0.003006,0.001086,0.001933
2026.05.05 11:00,1.1712,1.1717,1.17055,1.17115,1.169317,1.169727,1.16877,1.16918,0.00293,0.000823,0.00197
2026.05.05 12:00,1.17115,1.17205,1.17075,1.1715,1.16918,1.170001,1.168907,1.169591,0.003143,0.000749,0.001909
2026.05.05 13:00,1.1715,1.1727,1.17145,1.172,1.169591,1.170686,1.169591,1.170001,0.003109,0.000764,0.001999
2026.05.05 14:00,1.1721,1.17285,1.1714,1.17285,1.170138,1.170823,1.169864,1.170823,0.002986,0.000577,0.002027
2026.05.05 15:00,1.1728,1.17365,1.1724,1.1729,1.17096,1.171646,1.170549,1.171097,0.003101,0.000754,0.001803
2026.05.05 16:00,1.1729,1.1731,1.17205,1.1722,1.17096,1.171097,1.170138,1.170275,0.002962,0.000953,0.001925
2026.05.05 17:00,1.1722,1.1727,1.17185,1.17215,1.170275,1.170686,1.170001,1.170275,0.002699,0.001164,0.001875
2026.05.05 18:00,1.1721,1.17235,1.17195,1.17225,1.170275,1.170412,1.170138,1.170412,0.002212,0.001538,0.001838
2026.05.05 19:00,1.17225,1.17235,1.17165,1.17175,1.170412,1.170412,1.169727,1.169864,0.002623,0.001238,0.001886
2026.05.05 20:00,1.17175,1.17195,1.17145,1.1716,1.169864,1.170001,1.169591,1.169591,0.002359,0.001449,0.002009
2026.05.05 22:00,1.1716,1.1731,1.17135,1.1728,1.169727,1.171234,1.169454,1.170823,0.003646,0.000116,0.001977
2026.05.05 23:00,1.1728,1.17475,1.1727,1.1737,1.17096,1.172745,1.17096,1.171783,0.00379,-4.5e-05,0.001917
2026.05.06 00:00,1.1737,1.17435,1.17335,1.1742,1.171783,1.17247,1.171509,1.172333,0.002841,0.00088,0.001867
2026.05.06 01:00,1.1742,1.1749,1.17395,1.17435,1.17247,1.172883,1.172196,1.17247,0.002705,0.001067,0.00188
2026.05.06 02:00,1.17435,1.1747,1.17375,1.17395,1.172608,1.172745,1.171921,1.172058,0.002779,0.001005,0.001892
2026.05.06 03:00,1.17395,1.1745,1.17385,1.174,1.172058,1.172608,1.172058,1.172058,0.002442,0.001242,0.001942
2026.05.06 04:00,1.17385,1.17655,1.17385,1.1759,1.172058,1.174674,1.171921,1.17426,0.004629,-0.000824,0.00164
2026.05.06 05:00,1.17585,1.176,1.17525,1.1755,1.173985,1.174122,1.173296,1.173571,0.002704,0.001128,0.001929
2026.05.06 06:00,1.17545,1.17575,1.17505,1.1756,1.173847,1.173847,1.173158,1.173709,0.002592,0.001203,0.001891
2026.05.06 07:00,1.17555,1.17605,1.17465,1.17595,1.173709,1.173847,1.172883,1.173847,0.003167,0.000803,0.002103
2026.05.06 08:00,1.176,1.1793,1.1755,1.1785,1.17426,1.177302,1.173709,1.176747,0.005591,-0.001802,0.001753
2026.05.06 09:00,1.1785,1.17995,1.1778,1.17975,1.176747,1.177995,1.176055,1.177856,0.003895,-0.000195,0.001894
2026.05.06 10:00,1.17975,1.18195,1.1789,1.18115,1.177995,1.179941,1.177024,1.179384,0.004925,-0.001041,0.001766
2026.05.06 11:00,1.1811,1.1814,1.179,1.17915,1.179245,1.179523,1.177163,1.177302,0.004237,-0.000523,0.001848
2026.05.06 12:00,1.17925,1.17925,1.17735,1.1776,1.177302,1.177302,1.175503,1.175641,0.003747,4.8e-05,0.001959
2026.05.06 13:00,1.17755,1.17815,1.1768,1.1774,1.175641,1.176194,1.175088,1.175503,0.003062,0.000606,0.001897
2026.05.06 14:00,1.17735,1.1785,1.17665,1.1777,1.175503,1.176609,1.17495,1.175917,0.00355,4.1e-05,0.001783
2026.05.06 15:00,1.1777,1.1781,1.17705,1.17745,1.175779,1.176055,1.175226,1.175641,0.002874,0.000995,0.001809
2026.05.06 16:00,1.17745,1.1775,1.17635,1.17665,1.175641,1.175641,1.174812,1.174812,0.002688,0.000709,0.001838
2026.05.06 17:00,1.1766,1.17775,1.17645,1.177,1.174674,1.175917,1.174674,1.175088,0.003076,0.000533,0.001912
2026.05.06 18:00,1.17705,1.17735,1.17665,1.17715,1.175226,1.175503,1.174812,1.175226,0.002538,0.001148,0.001924
2026.05.06 19:00,1.17715,1.17775,1.17695,1.177,1.175364,1.175917,1.175226,1.175226,0.002524,0.001033,0.001774
2026.05.06 20:00,1.17695,1.17725,1.1767,1.17705,1.17495,1.175364,1.174812,1.175226,0.002438,0.001336,0.001824
2026.05.06 22:00,1.17705,1.17725,1.17685,1.17705,1.175226,1.175503,1.175226,1.175364,0.002024,0.001347,0.001686
2026.05.06 23:00,1.17705,1.17725,1.1767,1.17685,1.175364,1.175641,1.175088,1.175088,0.002162,0.001059,0.001762
2026.05.07 00:00,1.1768,1.17745,1.1767,1.17685,1.175226,1.175779,1.175088,1.175226,0.002362,0.000921,0.001624
2026.05.07 01:00,1.17685,1.17845,1.1767,1.17795,1.175226,1.176609,1.17495,1.176332,0.0035,9.1e-05,0.001618
2026.05.07 02:00,1.1779,1.1781,1.1775,1.1777,1.176194,1.176332,1.175917,1.176055,0.002183,0.001168,0.001645
2026.05.07 03:00,1.17765,1.17765,1.1769,1.1769,1.175917,1.175917,1.175226,1.175226,0.002424,0.000983,0.001674
2026.05.07 04:00,1.1771,1.17735,1.17705,1.1771,1.175226,1.175641,1.175226,1.175503,0.002124,0.001409,0.001597
2026.05.07 05:00,1.17715,1.1774,1.177,1.1772,1.175503,1.175641,1.175364,1.175503,0.002036,0.001359,0.001697
2026.05.07 06:00,1.17715,1.1777,1.17655,1.1768,1.175503,1.175917,1.17495,1.175088,0.00275,0.000633,0.001712
2026.05.07 07:00,1.17685,1.1789,1.17685,1.1787,1.175226,1.177163,1.175226,1.177024,0.003674,-0.000313,0.001675
2026.05.07 08:00,1.17875,1.1795,1.17835,1.1792,1.177024,1.177718,1.176747,1.17744,0.002753,0.000632,0.00176
2026.05.07 09:00,1.1792,1.17985,1.1786,1.1791,1.17744,1.178134,1.177024,1.177302,0.002825,0.000466,0.001798
2026.05.07 10:00,1.17905,1.17965,1.17855,1.17875,1.177302,1.177995,1.177024,1.177163,0.002625,0.000555,0.001587
2026.05.07 11:00,1.17875,1.1791,1.17825,1.17905,1.177024,1.177302,1.176609,1.177302,0.002491,0.000948,0.001748
2026.05.07 12:00,1.17905,1.17985,1.1788,1.1793,1.17744,1.178134,1.177163,1.177718,0.002687,0.000666,0.001582
2026.05.07 13:00,1.1793,1.17975,1.1787,1.1789,1.177579,1.177995,1.177024,1.177302,0.002725,0.000705,0.001598
2026.05.07 14:00,1.17885,1.1798,1.1784,1.17965,1.177302,1.177995,1.176886,1.177995,0.002914,0.000405,0.001655
2026.05.07 15:00,1.17965,1.17985,1.17835,1.1784,1.177995,1.178134,1.176747,1.176747,0.003103,0.000216,0.001653
2026.05.07 16:00,1.17845,1.17865,1.1777,1.1781,1.176609,1.176886,1.176055,1.176332,0.002595,0.000814,0.001768
2026.05.07 17:00,1.1781,1.1781,1.17555,1.17695,1.176332,1.176332,1.174122,1.175226,0.003978,-0.000782,0.001724
2026.05.07 18:00,1.17695,1.17725,1.176,1.177,1.175226,1.175503,1.174536,1.175226,0.002714,0.000497,0.001774
2026.05.07 19:00,1.17705,1.17745,1.17535,1.1754,1.175364,1.175641,1.173847,1.173847,0.003603,-0.000291,0.001553
2026.05.07 20:00,1.17545,1.17705,1.17425,1.1745,1.173709,1.174674,1.172745,1.172745,0.004305,-0.000424,0.001755
2026.05.07 22:00,1.17435,1.17515,1.17405,1.17445,1.17302,1.173434,1.172883,1.172883,0.002267,0.000616,0.001567
2026.05.07 23:00,1.1745,1.1751,1.1744,1.17505,1.172883,1.173434,1.172883,1.173434,0.002217,0.000966,0.001616
2026.05.08 00:00,1.17505,1.1755,1.1746,1.1747,1.173571,1.173847,1.17302,1.173158,0.00248,0.000753,0.001542
2026.05.08 01:00,1.1747,1.17535,1.1747,1.1752,1.173296,1.173709,1.173158,1.173571,0.002192,0.000991,0.001629
2026.05.08 02:00,1.1752,1.1752,1.1744,1.17475,1.173571,1.173571,1.172883,1.173158,0.002317,0.000829,0.001592
2026.05.08 03:00,1.17475,1.1754,1.17465,1.17485,1.173158,1.173709,1.17302,1.173296,0.00238,0.000941,0.001554
2026.05.08 04:00,1.17485,1.17555,1.17465,1.1755,1.173434,1.173847,1.173158,1.173847,0.002392,0.000803,0.001653
2026.05.08 05:00,1.17555,1.17585,1.17525,1.1757,1.173847,1.174122,1.173709,1.174122,0.002141,0.001128,0.001578
2026.05.08 06:00,1.1757,1.1768,1.1757,1.17645,1.17426,1.175088,1.174122,1.174812,0.002678,0.000612,0.001638
2026.05.08 07:00,1.1764,1.17675,1.1762,1.1763,1.17495,1.175088,1.174536,1.174674,0.002214,0.001112,0.001626
2026.05.08 08:00,1.1763,1.17855,1.1762,1.17835,1.174674,1.176747,1.174674,1.176609,0.003876,-0.000547,0.001741
2026.05.08 09:00,1.1784,1.17935,1.17835,1.1789,1.176747,1.177718,1.176747,1.177302,0.002603,0.000632,0.001598
2026.05.08 10:00,1.1789,1.17925,1.17815,1.1784,1.177302,1.177579,1.176609,1.176747,0.002641,0.000571,0.001653
2026.05.08 11:00,1.1784,1.1789,1.17815,1.17855,1.176747,1.177163,1.176609,1.176886,0.002291,0.000987,0.001664
2026.05.08 12:00,1.17855,1.1799,1.17705,1.1794,1.176886,1.178134,1.176332,1.177856,0.003568,-0.001084,0.001544
2026.05.08 13:00,1.17935,1.1807,1.1786,1.1799,1.177718,1.178967,1.177163,1.178134,0.003537,-0.000367,0.001766
2026.05.08 14:00,1.1799,1.18,1.1787,1.1794,1.178134,1.178134,1.177163,1.177718,0.002837,0.000566,0.001682
2026.05.08 15:00,1.17945,1.1798,1.17865,1.1793,1.177718,1.178134,1.177024,1.177718,0.002776,0.000516,0.001582
2026.05.08 16:00,1.17925,1.17985,1.1791,1.1791,1.177718,1.178134,1.17744,1.177579,0.00241,0.000966,0.001521
2026.05.08 17:00,1.17905,1.1796,1.17905,1.17925,1.17744,1.177995,1.17744,1.177718,0.00216,0.001055,0.001532
2026.05.08 18:00,1.1792,1.18015,1.1791,1.17985,1.17744,1.17855,1.17744,1.178273,0.00271,0.00055,0.001577
2026.05.08 19:00,1.17985,1.1803,1.17965,1.18,1.178273,1.178689,1.178134,1.178411,0.002166,0.000961,0.001588
2026.05.08 20:00,1.18,1.18085,1.17985,1.17985,1.178273,1.179106,1.178273,1.178828,0.002577,0.000744,0.001022
2026.05.10 23:00,1.1783,1.1789,1.1783,1.17865,1.176747,1.177302,1.176747,1.177024,0.002153,0.000998,0.001626
2026.05.11 00:00,1.17865,1.1791,1.1785,1.17895,1.177163,1.177579,1.177024,1.177302,0.002076,0.000921,0.001648
2026.05.11 01:00,1.179,1.17905,1.1781,1.1782,1.177302,1.177302,1.176609,1.176609,0.002441,0.000798,0.001591
2026.05.11 02:00,1.1782,1.17855,1.17785,1.17785,1.176747,1.176886,1.176332,1.176332,0.002218,0.000964,0.001518
2026.05.11 03:00,1.17785,1.17785,1.17755,1.17755,1.176194,1.176194,1.176055,1.176055,0.001795,0.001356,0.001495
2026.05.11 04:00,1.1776,1.17765,1.17695,1.177,1.176055,1.176055,1.175364,1.175364,0.002286,0.000895,0.001636
2026.05.11 05:00,1.177,1.1774,1.1768,1.17695,1.175503,1.175779,1.175226,1.175364,0.002174,0.001021,0.001586
2026.05.11 06:00,1.17695,1.17875,1.17695,1.17865,1.175503,1.177163,1.175503,1.177163,0.003247,-0.000213,0.001487
2026.05.11 07:00,1.1787,1.1794,1.1784,1.17915,1.177163,1.177718,1.176886,1.17744,0.002514,0.000682,0.00171
2026.05.11 08:00,1.17915,1.18015,1.179,1.17905,1.17744,1.17855,1.17744,1.177579,0.00271,0.00045,0.001471
2026.05.11 09:00,1.17905,1.1794,1.17865,1.1787,1.17744,1.177718,1.177163,1.177163,0.002237,0.000932,0.001537
2026.05.11 10:00,1.17865,1.17935,1.1784,1.17885,1.177024,1.177718,1.176886,1.177302,0.002464,0.000682,0.001548
2026.05.11 11:00,1.17885,1.1794,1.17825,1.1788,1.177302,1.177856,1.176886,1.177024,0.002514,0.000394,0.001776
2026.05.11 12:00,1.1788,1.1794,1.1784,1.1794,1.177163,1.177856,1.176886,1.177579,0.002514,0.000544,0.001821
2026.05.11 13:00,1.1794,1.1807,1.1794,1.18045,1.177718,1.179106,1.177718,1.178828,0.002982,0.000294,0.001622
2026.05.11 14:00,1.1805,1.18075,1.17985,1.1799,1.178967,1.179106,1.178273,1.178273,0.002477,0.000744,0.001627
2026.05.11 15:00,1.1799,1.18045,1.1796,1.17995,1.178273,1.178828,1.177995,1.178411,0.002455,0.000772,0.001539
2026.05.11 16:00,1.17995,1.18,1.17915,1.1793,1.178411,1.178411,1.177579,1.177718,0.002421,0.000739,0.001582
2026.05.11 17:00,1.1793,1.1798,1.17905,1.17975,1.177718,1.178273,1.177579,1.178134,0.002221,0.000777,0.001616
2026.05.11 18:00,1.17975,1.17995,1.17935,1.1794,1.178273,1.178411,1.177856,1.177856,0.002094,0.000939,0.001544
2026.05.11 19:00,1.1794,1.17975,1.17935,1.17965,1.177856,1.178134,1.177856,1.177995,0.001894,0.001216,0.001655
2026.05.11 20:00,1.1797,1.1803,1.1793,1.18025,1.178134,1.178689,1.177995,1.17855,0.002305,0.000611,0.0017
2026.05.11 22:00,1.18025,1.18065,1.18025,1.1804,1.178967,1.179106,1.178828,1.178828,0.001822,0.001144,0.001572
2026.05.11 23:00,1.1804,1.1804,1.17965,1.1797,1.178828,1.178828,1.178134,1.178134,0.002266,0.000822,0.001566
2026.05.12 00:00,1.1797,1.1797,1.1785,1.1786,1.177995,1.177995,1.177024,1.177024,0.002676,0.000505,0.001575
2026.05.12 01:00,1.17855,1.17875,1.17765,1.17805,1.177024,1.177302,1.176194,1.176471,0.002556,0.000348,0.00158
2026.05.12 02:00,1.17805,1.1783,1.1778,1.17815,1.176471,1.176747,1.176332,1.176609,0.001968,0.001053,0.001541
2026.05.12 03:00,1.1781,1.17815,1.17735,1.17745,1.176609,1.176609,1.175917,1.175917,0.002233,0.000741,0.001533
2026.05.12 04:00,1.1776,1.17785,1.17745,1.17765,1.176055,1.176332,1.175917,1.176055,0.001933,0.001118,0.001595
2026.05.12 05:00,1.17755,1.1787,1.17715,1.1781,1.175917,1.176609,1.175641,1.176609,0.003059,0.000541,0.001491
2026.05.12 06:00,1.17815,1.17845,1.17685,1.1769,1.176747,1.176747,1.175503,1.175503,0.002947,0.000103,0.001397
2026.05.12 07:00,1.1769,1.1772,1.1762,1.17665,1.175364,1.175641,1.174674,1.175088,0.002526,0.000559,0.001562
2026.05.12 08:00,1.17665,1.1769,1.17585,1.17635,1.175088,1.175364,1.174398,1.17495,0.002502,0.000486,0.0014
2026.05.12 09:00,1.1764,1.17705,1.17625,1.1766,1.17495,1.175364,1.174812,1.175088,0.002238,0.000886,0.001512
2026.05.12 10:00,1.1766,1.17675,1.17595,1.17595,1.175088,1.175226,1.174536,1.174536,0.002214,0.000724,0.001414
2026.05.12 11:00,1.17595,1.1767,1.1753,1.17625,1.174398,1.175088,1.173847,1.174812,0.002853,0.000212,0.001438
2026.05.12 12:00,1.1763,1.1769,1.17545,1.17665,1.174674,1.175364,1.173985,1.175088,0.002916,8.6e-05,0.001562
2026.05.12 13:00,1.1766,1.17685,1.17455,1.1749,1.175226,1.175226,1.173158,1.173434,0.003692,-0.000676,0.001467
2026.05.12 14:00,1.1749,1.1755,1.17465,1.1755,1.173434,1.173847,1.173158,1.173847,0.002342,0.000803,0.001653
2026.05.12 15:00,1.17545,1.17555,1.17405,1.1751,1.173985,1.173985,1.172745,1.173709,0.002805,6.5e-05,0.001391
2026.05.12 16:00,1.17515,1.17575,1.17465,1.1747,1.173571,1.174122,1.173158,1.173158,0.002592,0.000528,0.001542
2026.05.12 17:00,1.1747,1.17525,1.17465,1.17525,1.173158,1.173709,1.173158,1.173571,0.002092,0.000941,0.001679
2026.05.12 18:00,1.1752,1.176,1.1748,1.17595,1.173709,1.174398,1.173296,1.174398,0.002704,0.000402,0.001552
2026.05.12 19:00,1.1759,1.1766,1.17585,1.17595,1.174536,1.17495,1.174398,1.174398,0.002202,0.0009,0.001552
2026.05.12 20:00,1.1759,1.176,1.17565,1.1757,1.17426,1.174398,1.174122,1.174398,0.001878,0.001252,0.001302
2026.05.12 22:00,1.17575,1.17585,1.17555,1.17575,1.17426,1.174398,1.174122,1.17426,0.001728,0.001152,0.00149
2026.05.12 23:00,1.17575,1.17595,1.1753,1.1753,1.17426,1.174536,1.173847,1.173847,0.002103,0.000764,0.001453
2026.05.13 00:00,1.1753,1.17565,1.1751,1.17565,1.173847,1.174122,1.173571,1.174122,0.002079,0.000978,0.001528
2026.05.13 01:00,1.1756,1.176,1.175,1.1757,1.174122,1.174536,1.173571,1.174122,0.002429,0.000464,0.001578
2026.05.13 02:00,1.1757,1.176,1.1754,1.17555,1.17426,1.174536,1.173985,1.173985,0.002015,0.000864,0.001565
2026.05.13 03:00,1.17555,1.1756,1.1751,1.17525,1.174122,1.174122,1.173709,1.173847,0.001891,0.000978,0.001403
2026.05.13 04:00,1.1753,1.17535,1.175,1.1753,1.173847,1.173847,1.173571,1.173847,0.001779,0.001153,0.001453
2026.05.13 05:00,1.17525,1.1755,1.1751,1.1752,1.173847,1.173985,1.173571,1.173709,0.001929,0.001115,0.001491
2026.05.13 06:00,1.17525,1.17525,1.1736,1.1738,1.173709,1.173709,1.172196,1.172196,0.003054,-0.000109,0.001604
2026.05.13 07:00,1.1738,1.1741,1.1725,1.17255,1.172333,1.172608,1.171097,1.171097,0.003003,-0.000108,0.001453
2026.05.13 08:00,1.1725,1.173,1.1718,1.1721,1.171097,1.171509,1.170412,1.170686,0.002588,0.000291,0.001414
2026.05.13 09:00,1.17205,1.1725,1.17135,1.17245,1.170686,1.17096,1.170001,1.17096,0.002499,0.00039,0.00149
2026.05.13 10:00,1.1724,1.1733,1.172,1.1731,1.17096,1.171783,1.170686,1.171509,0.002614,0.000217,0.001591
2026.05.13 11:00,1.1731,1.17355,1.17295,1.173,1.171646,1.172058,1.171509,1.171509,0.002041,0.000892,0.001491
2026.05.13 12:00,1.173,1.1734,1.1713,1.172,1.171646,1.171921,1.170138,1.170412,0.003262,-0.000621,0.001588
2026.05.13 13:00,1.172,1.17305,1.17195,1.1728,1.170549,1.171509,1.170549,1.171509,0.002501,0.000441,0.001291
2026.05.13 14:00,1.1728,1.1731,1.17215,1.1726,1.171372,1.171509,1.170686,1.171234,0.002414,0.000641,0.001366
2026.05.13 15:00,1.1726,1.17345,1.17255,1.1729,1.171234,1.171921,1.171097,1.171509,0.002353,0.000629,0.001391
2026.05.13 16:00,1.17285,1.1736,1.1726,1.17265,1.171372,1.172058,1.171234,1.171234,0.002365,0.000542,0.001415
2026.05.13 17:00,1.17265,1.1729,1.1722,1.1722,1.171234,1.171372,1.170823,1.170823,0.002077,0.000828,0.001377
2026.05.13 18:00,1.17225,1.17285,1.1722,1.1726,1.170823,1.171372,1.170823,1.171234,0.002027,0.000828,0.001366
2026.05.13 19:00,1.1726,1.1731,1.17255,1.17285,1.171234,1.171646,1.171234,1.171372,0.001866,0.000904,0.001478
2026.05.13 20:00,1.1728,1.17325,1.1727,1.17305,1.171372,1.171783,1.171234,1.171646,0.002015,0.000917,0.001404
2026.05.13 22:00,1.17315,1.17355,1.17305,1.1734,1.171783,1.172196,1.171783,1.172058,0.001767,0.000854,0.001342
2026.05.13 23:00,1.1734,1.17345,1.1732,1.1732,1.172196,1.172196,1.171921,1.171921,0.001529,0.001004,0.001279
2026.05.14 00:00,1.1732,1.17345,1.1731,1.17335,1.171921,1.172196,1.171783,1.172058,0.001667,0.000904,0.001292
2026.05.14 01:00,1.17335,1.1734,1.1729,1.173,1.171921,1.172058,1.171646,1.171646,0.001754,0.000842,0.001354
2026.05.14 02:00,1.173,1.17315,1.17275,1.1729,1.171783,1.171921,1.171509,1.171646,0.001641,0.000829,0.001254
2026.05.14 03:00,1.17285,1.17315,1.17265,1.1729,1.171646,1.171783,1.171372,1.171509,0.001778,0.000867,0.001391
2026.05.14 04:00,1.1731,1.17335,1.17305,1.1731,1.171509,1.172058,1.171509,1.171783,0.001841,0.000992,0.001317
2026.05.14 05:00,1.1731,1.17325,1.17265,1.1727,1.171783,1.171921,1.171372,1.171372,0.001878,0.000729,0.001328
2026.05.14 06:00,1.17265,1.1738,1.17235,1.17345,1.171509,1.17247,1.171097,1.172196,0.002703,-0.00012,0.001254
2026.05.14 07:00,1.17345,1.1735,1.1722,1.1724,1.172196,1.172196,1.171097,1.171097,0.002403,4e-06,0.001303
2026.05.14 08:00,1.17235,1.17305,1.1721,1.17275,1.171097,1.171646,1.170823,1.171509,0.002227,0.000454,0.001241
2026.05.14 09:00,1.1728,1.17295,1.17225,1.1724,1.171372,1.171646,1.17096,1.171234,0.00199,0.000604,0.001166
2026.05.14 10:00,1.17235,1.1729,1.17215,1.1725,1.17096,1.171372,1.17096,1.171234,0.00194,0.000778,0.001266
2026.05.14 11:00,1.1725,1.1725,1.1716,1.17165,1.171097,1.171097,1.170275,1.170549,0.002225,0.000503,0.001101
2026.05.14 12:00,1.1716,1.17225,1.17125,1.17135,1.170549,1.170823,1.170001,1.170138,0.002249,0.000427,0.001212
2026.05.14 13:00,1.1714,1.1716,1.1702,1.1706,1.170138,1.170138,1.168907,1.169454,0.002693,6.2e-05,0.001146
2026.05.14 14:00,1.17055,1.17165,1.1695,1.1695,1.169044,1.170275,1.168361,1.168361,0.003289,-0.000775,0.001139
2026.05.14 15:00,1.16955,1.16975,1.16875,1.1694,1.168088,1.168497,1.167542,1.168088,0.002208,0.000253,0.001312
2026.05.14 16:00,1.16935,1.16975,1.16865,1.16925,1.168088,1.168361,1.167542,1.167951,0.002208,0.000289,0.001299
2026.05.14 17:00,1.16925,1.1697,1.1692,1.1694,1.168088,1.168361,1.168088,1.168088,0.001612,0.000839,0.001312
2026.05.14 18:00,1.16945,1.1695,1.16905,1.1694,1.168088,1.168224,1.167815,1.168088,0.001685,0.000826,0.001312
2026.05.14 19:00,1.1694,1.16955,1.16845,1.16875,1.168088,1.168224,1.16727,1.167406,0.00228,0.000226,0.001344
2026.05.14 20:00,1.1687,1.16885,1.1682,1.16845,1.167542,1.167542,1.166997,1.16727,0.001853,0.000658,0.00118
2026.05.14 22:00,1.1685,1.1687,1.16845,1.16855,1.167406,1.167542,1.16727,1.16727,0.00143,0.000908,0.00128
2026.05.14 23:00,1.1685,1.16855,1.1677,1.16775,1.16727,1.16727,1.166453,1.166453,0.002097,0.00043,0.001297
2026.05.15 00:00,1.1678,1.16795,1.1668,1.1671,1.166453,1.166589,1.165637,1.166045,0.002313,0.000211,0.001055
2026.05.15 01:00,1.1671,1.16725,1.16615,1.16625,1.165909,1.165909,1.164958,1.165094,0.002292,0.000241,0.001156
2026.05.15 02:00,1.1663,1.16735,1.1661,1.16695,1.164958,1.166045,1.164958,1.165637,0.002392,5.5e-05,0.001313
2026.05.15 03:00,1.1669,1.1671,1.1666,1.16675,1.165637,1.165773,1.165365,1.165637,0.001735,0.000827,0.001113
2026.05.15 04:00,1.16675,1.16685,1.1662,1.1663,1.165501,1.165637,1.164958,1.165094,0.001892,0.000563,0.001206
2026.05.15 05:00,1.16635,1.1664,1.1648,1.16485,1.165094,1.165094,1.163738,1.163738,0.002662,-0.000294,0.001112
2026.05.15 06:00,1.1648,1.16595,1.1648,1.16505,1.163738,1.164687,1.163738,1.163873,0.002212,0.000113,0.001177
2026.05.15 07:00,1.16505,1.16645,1.16475,1.16525,1.163603,1.165094,1.163603,1.163873,0.002847,-0.000344,0.001377
2026.05.15 08:00,1.16525,1.1654,1.1646,1.16485,1.164009,1.164144,1.163467,1.163603,0.001933,0.000456,0.001247
2026.05.15 09:00,1.16485,1.1649,1.1633,1.16435,1.163603,1.163603,1.162115,1.163196,0.002785,-0.000303,0.001154
2026.05.15 10:00,1.16435,1.16715,1.16435,1.1665,1.163061,1.165773,1.163061,1.165365,0.004089,-0.001423,0.001135
2026.05.15 11:00,1.1665,1.16665,1.16455,1.1648,1.16523,1.16523,1.163332,1.163467,0.003318,-0.00068,0.001333
2026.05.15 12:00,1.1647,1.16475,1.16345,1.16415,1.163467,1.163467,1.16225,1.163061,0.0025,-1.7e-05,0.001089
2026.05.15 13:00,1.1642,1.1648,1.16345,1.16395,1.162926,1.163332,1.16225,1.162656,0.00255,0.000118,0.001294
2026.05.15 14:00,1.1639,1.1654,1.16375,1.1645,1.162791,1.164009,1.16252,1.163332,0.00288,-0.000259,0.001168
2026.05.15 15:00,1.1645,1.16465,1.16365,1.1642,1.163332,1.163332,1.162385,1.162926,0.002265,0.000318,0.001274
2026.05.15 16:00,1.16425,1.1647,1.1639,1.16455,1.162926,1.163467,1.162656,1.163332,0.002044,0.000433,0.001218
2026.05.15 17:00,1.16455,1.1651,1.16425,1.16425,1.163196,1.163873,1.163061,1.163061,0.002039,0.000377,0.001189
2026.05.15 18:00,1.16425,1.1643,1.16325,1.16375,1.163061,1.163061,1.162115,1.16252,0.002185,0.000189,0.00123
2026.05.15 19:00,1.1638,1.1639,1.16345,1.1637,1.16252,1.162656,1.16225,1.162385,0.00165,0.000794,0.001315
2026.05.15 20:00,1.1637,1.16415,1.1635,1.1637,1.162385,1.162926,1.16225,1.162926,0.0019,0.000574,0.000774
2026.05.17 23:00,1.16385,1.16385,1.1627,1.16285,1.162656,1.162656,1.161575,1.16171,0.002275,4.4e-05,0.00114
2026.05.18 00:00,1.16295,1.16365,1.16235,1.1627,1.161845,1.162385,1.16117,1.16144,0.00248,-3.5e-05,0.00126
2026.05.18 01:00,1.1627,1.1634,1.16235,1.16325,1.161575,1.16225,1.16117,1.162115,0.00223,0.0001,0.001135
2026.05.18 02:00,1.16325,1.16345,1.16285,1.1631,1.16198,1.16225,1.16171,1.161845,0.00174,0.0006,0.001255
2026.05.18 03:00,1.1631,1.16375,1.16305,1.1637,1.16198,1.16252,1.16198,1.16252,0.00177,0.00053,0.00118
2026.05.18 04:00,1.1637,1.16415,1.16345,1.1636,1.16252,1.162926,1.16225,1.162385,0.0019,0.000524,0.001215
2026.05.18 05:00,1.1636,1.1638,1.1632,1.1638,1.16252,1.16252,1.162115,1.16252,0.001685,0.00068,0.00128
2026.05.18 06:00,1.1638,1.1652,1.1637,1.1651,1.162656,1.164009,1.162656,1.163873,0.002544,-0.000309,0.001227
2026.05.18 07:00,1.1651,1.16555,1.16465,1.16475,1.163873,1.16428,1.163467,1.163603,0.002083,0.00037,0.001147
2026.05.18 08:00,1.1647,1.16605,1.1644,1.16565,1.163738,1.164822,1.163332,1.164551,0.002718,-0.000422,0.001099
2026.05.18 09:00,1.16565,1.16575,1.165,1.165,1.164551,1.164551,1.163873,1.163873,0.001877,0.000449,0.001127
2026.05.18 10:00,1.165,1.1652,1.16415,1.1642,1.163873,1.164009,1.163061,1.163061,0.002139,0.000141,0.001139
2026.05.18 11:00,1.1642,1.1665,1.16415,1.1657,1.163061,1.16523,1.163061,1.164415,0.003439,-0.00108,0.001284
2026.05.18 12:00,1.16575,1.16725,1.1656,1.16665,1.164415,1.166045,1.164415,1.165501,0.002835,-0.000445,0.001149
2026.05.18 13:00,1.16665,1.1671,1.1659,1.1666,1.165501,1.165909,1.164822,1.165501,0.002278,-9e-06,0.001099
2026.05.18 14:00,1.16665,1.16685,1.16565,1.16575,1.165637,1.165637,1.164551,1.164687,0.002299,1.3e-05,0.001063
2026.05.18 15:00,1.16575,1.16685,1.16485,1.1664,1.164551,1.165501,1.163738,1.165365,0.003112,-0.000651,0.001035
2026.05.18 16:00,1.1664,1.16715,1.16595,1.16665,1.165094,1.165909,1.164822,1.165637,0.002328,4.1e-05,0.001013
2026.05.18 17:00,1.16665,1.1669,1.16635,1.16635,1.165501,1.165637,1.16523,1.16523,0.00167,0.000713,0.00112
2026.05.18 18:00,1.16635,1.1664,1.16435,1.1644,1.16523,1.16523,1.163467,1.163467,0.002933,-0.00088,0.000933
2026.05.18 19:00,1.16445,1.16715,1.1644,1.1666,1.163332,1.165909,1.163332,1.165637,0.003818,-0.001509,0.000963
2026.05.18 20:00,1.1666,1.1676,1.1666,1.16705,1.165501,1.166317,1.165501,1.165909,0.002099,0.000283,0.001141
2026.05.18 22:00,1.16735,1.1677,1.1672,1.16725,1.166453,1.166453,1.166181,1.166181,0.001519,0.000747,0.001069
2026.05.18 23:00,1.16725,1.1673,1.1669,1.16695,1.166181,1.166181,1.165773,1.165773,0.001527,0.000719,0.001177
2026.05.19 00:00,1.16695,1.167,1.16585,1.1659,1.165909,1.165909,1.164687,1.164822,0.002313,-5.9e-05,0.001078
2026.05.19 01:00,1.1659,1.1667,1.1658,1.16605,1.164687,1.165637,1.164687,1.165094,0.002013,0.000163,0.000956
2026.05.19 02:00,1.16605,1.16615,1.16555,1.16575,1.164822,1.165094,1.164551,1.164687,0.001599,0.000456,0.001063
2026.05.19 03:00,1.16575,1.166,1.16555,1.16565,1.164687,1.164958,1.164415,1.164551,0.001585,0.000592,0.001099
2026.05.19 04:00,1.1656,1.1658,1.165,1.16515,1.164551,1.164687,1.163873,1.164009,0.001927,0.000313,0.001141
2026.05.19 05:00,1.16515,1.16575,1.16485,1.1657,1.164009,1.164551,1.163738,1.164551,0.002012,0.000299,0.001149
2026.05.19 06:00,1.1657,1.16605,1.1651,1.16515,1.164415,1.164958,1.164009,1.164009,0.002041,0.000142,0.001141
2026.05.19 07:00,1.1651,1.16525,1.16445,1.16495,1.164009,1.164009,1.163332,1.163873,0.001918,0.000441,0.001077
2026.05.19 08:00,1.165,1.16505,1.1637,1.16375,1.163873,1.163873,1.162656,1.162656,0.002394,-0.000173,0.001094
2026.05.19 09:00,1.16375,1.16375,1.1629,1.16335,1.162656,1.162656,1.161845,1.16225,0.001905,0.000244,0.0011
2026.05.19 10:00,1.16335,1.16415,1.16255,1.16365,1.16225,1.162926,1.16144,1.16252,0.00271,-0.000376,0.00113
2026.05.19 11:00,1.16365,1.1637,1.1631,1.1631,1.16252,1.16252,1.162115,1.162115,0.001585,0.00058,0.000985
2026.05.19 12:00,1.1631,1.16385,1.163,1.1631,1.16198,1.162791,1.161845,1.162115,0.002005,0.000209,0.000985
2026.05.19 13:00,1.1631,1.16325,1.16165,1.1628,1.16198,1.16198,1.160497,1.161845,0.002753,-0.00033,0.000955
2026.05.19 14:00,1.16275,1.1631,1.1609,1.161,1.161575,1.16171,1.159958,1.159958,0.003142,-0.00081,0.001042
2026.05.19 15:00,1.161,1.16175,1.1607,1.1616,1.159958,1.160497,1.159689,1.160497,0.002061,0.000203,0.001103
2026.05.19 16:00,1.16165,1.1624,1.16105,1.16215,1.160497,1.161305,1.160093,1.161036,0.002307,-0.000255,0.001114
2026.05.19 17:00,1.1621,1.16265,1.1621,1.16245,1.16117,1.161575,1.161036,1.161575,0.001614,0.000525,0.000875
2026.05.19 18:00,1.16255,1.1629,1.1617,1.16175,1.16144,1.16171,1.160631,1.160766,0.002269,-1e-05,0.000984
2026.05.19 19:00,1.1618,1.16225,1.1617,1.16205,1.160766,1.16117,1.160631,1.160901,0.001619,0.00053,0.001149
2026.05.19 20:00,1.16205,1.16215,1.16175,1.16195,1.160901,1.161036,1.160766,1.160901,0.001384,0.000714,0.001049
2026.05.19 22:00,1.162,1.16235,1.16195,1.1622,1.161036,1.16117,1.160901,1.16117,0.001449,0.00078,0.001029
2026.05.19 23:00,1.16225,1.1627,1.162,1.16205,1.16117,1.161575,1.161036,1.161036,0.001664,0.000425,0.001014
2026.05.20 00:00,1.16205,1.1625,1.16145,1.1615,1.161036,1.161305,1.160497,1.160497,0.002003,0.000145,0.001003
2026.05.20 01:00,1.1615,1.16165,1.16075,1.1611,1.160497,1.160497,1.159689,1.159958,0.001961,0.000253,0.001142
2026.05.20 02:00,1.1611,1.16165,1.1608,1.16125,1.160093,1.160631,1.159824,1.160227,0.001826,0.000169,0.001023
2026.05.20 03:00,1.16115,1.16195,1.16095,1.16165,1.159958,1.160901,1.159958,1.160497,0.001992,4.9e-05,0.001153
2026.05.20 04:00,1.16195,1.16195,1.1611,1.1611,1.160631,1.160901,1.160093,1.160093,0.001857,0.000199,0.001007
2026.05.20 05:00,1.1612,1.16155,1.16055,1.16095,1.160093,1.160362,1.159555,1.159824,0.001995,0.000188,0.001126
2026.05.20 06:00,1.1609,1.162,1.1607,1.16105,1.159824,1.160901,1.159689,1.160093,0.002311,-0.000201,0.000957
2026.05.20 07:00,1.16105,1.1615,1.1606,1.1607,1.159958,1.160497,1.159555,1.159689,0.001945,0.000103,0.001011
2026.05.20 08:00,1.1607,1.1609,1.15975,1.1604,1.159555,1.159824,1.158749,1.15942,0.002151,-7.4e-05,0.00098
2026.05.20 09:00,1.1604,1.16085,1.16025,1.16025,1.15942,1.159824,1.159286,1.159286,0.001564,0.000426,0.000964
2026.05.20 10:00,1.16015,1.1617,1.1601,1.1615,1.159152,1.160631,1.159152,1.160497,0.002548,-0.000531,0.001003
2026.05.20 11:00,1.16145,1.16195,1.161,1.16145,1.160362,1.160766,1.159958,1.160362,0.001992,0.000234,0.001088
2026.05.20 12:00,1.1615,1.1618,1.16075,1.1609,1.160497,1.160631,1.159689,1.159689,0.002111,0.000119,0.001211
2026.05.20 13:00,1.1609,1.1611,1.1603,1.16045,1.159824,1.159958,1.159286,1.15942,0.001814,0.000342,0.00103
2026.05.20 14:00,1.1605,1.16385,1.15965,1.1632,1.15942,1.162656,1.158614,1.16225,0.005236,-0.003006,0.00095
2026.05.20 15:00,1.1632,1.16595,1.16265,1.1633,1.16225,1.164687,1.16171,1.16225,0.00424,-0.002037,0.00105
2026.05.20 16:00,1.1633,1.16445,1.1633,1.164,1.16225,1.163332,1.16225,1.162791,0.0022,-3.2e-05,0.001209
2026.05.20 17:00,1.16385,1.1641,1.16325,1.1633,1.162791,1.162926,1.16225,1.16225,0.00185,0.000324,0.00105
2026.05.20 18:00,1.1633,1.165,1.163,1.16445,1.16198,1.163873,1.16198,1.163603,0.00302,-0.000873,0.000847
2026.05.20 19:00,1.16455,1.165,1.16415,1.1642,1.163467,1.163738,1.163061,1.163061,0.001939,0.000412,0.001139
2026.05.20 20:00,1.16415,1.1643,1.16345,1.16365,1.163061,1.163196,1.162656,1.162926,0.001644,0.000254,0.000724
2026.05.20 22:00,1.1637,1.164,1.16355,1.1638,1.162926,1.163061,1.162791,1.162926,0.001209,0.000489,0.000874
2026.05.20 23:00,1.16375,1.16395,1.16345,1.16365,1.162926,1.163061,1.162656,1.162791,0.001294,0.000389,0.000859
2026.05.21 00:00,1.16365,1.1641,1.16335,1.16405,1.162791,1.163196,1.162656,1.163196,0.001444,0.000154,0.000854
2026.05.21 01:00,1.1641,1.1647,1.16345,1.1638,1.163332,1.163873,1.162656,1.162926,0.002044,-0.000423,0.000874
2026.05.21 02:00,1.1638,1.164,1.16275,1.16295,1.163061,1.163196,1.162115,1.162115,0.001885,-0.000446,0.000835
2026.05.21 03:00,1.163,1.1634,1.1629,1.1631,1.162115,1.162656,1.162115,1.16225,0.001285,0.000244,0.00085
2026.05.21 04:00,1.16305,1.16355,1.16305,1.1634,1.16225,1.162656,1.16225,1.162656,0.0013,0.000394,0.000744
2026.05.21 05:00,1.1634,1.1635,1.16295,1.16335,1.162656,1.162656,1.16225,1.16252,0.00125,0.000294,0.00083
2026.05.21 06:00,1.1633,1.1639,1.16275,1.1632,1.16252,1.162926,1.16198,1.162385,0.00192,-0.000176,0.000815
2026.05.21 07:00,1.1632,1.16325,1.1606,1.1619,1.162385,1.162385,1.159958,1.161036,0.003292,-0.001785,0.000864
2026.05.21 08:00,1.1619,1.16475,1.1618,1.16355,1.161036,1.163738,1.161036,1.16252,0.003714,-0.001938,0.00103
2026.05.21 09:00,1.16355,1.1645,1.1633,1.1639,1.162656,1.163603,1.16252,1.163061,0.00198,-0.000303,0.000839
2026.05.21 10:00,1.16395,1.1642,1.1612,1.1619,1.163061,1.163332,1.160362,1.16117,0.003838,-0.002132,0.00073
2026.05.21 11:00,1.1619,1.1628,1.1608,1.16105,1.161036,1.161845,1.160093,1.160093,0.002707,-0.001045,0.000957
2026.05.21 12:00,1.1611,1.16205,1.1605,1.16095,1.160362,1.16117,1.159689,1.160093,0.002361,-0.00067,0.000857
2026.05.21 13:00,1.1609,1.1613,1.15885,1.16065,1.160093,1.160362,1.158212,1.159824,0.003088,-0.001512,0.000826
2026.05.21 14:00,1.16065,1.16085,1.1596,1.16045,1.159824,1.159958,1.158883,1.159824,0.001967,-0.000358,0.000626
2026.05.21 15:00,1.1605,1.1606,1.1594,1.16,1.159689,1.159689,1.158614,1.159286,0.001986,-0.000289,0.000714
2026.05.21 16:00,1.16005,1.1608,1.15965,1.16075,1.159286,1.159958,1.159017,1.159958,0.001783,-0.000308,0.000792
2026.05.21 17:00,1.16075,1.16425,1.16045,1.16365,1.159958,1.163332,1.159555,1.162791,0.004695,-0.002882,0.000859
2026.05.21 18:00,1.16365,1.1642,1.1619,1.1623,1.162926,1.163332,1.16117,1.161575,0.003029,-0.001432,0.000725
2026.05.21 19:00,1.16235,1.1636,1.16215,1.1633,1.161575,1.162791,1.16144,1.16252,0.00216,-0.000641,0.00078
2026.05.21 20:00,1.16335,1.1635,1.16275,1.1629,1.16252,1.162656,1.16198,1.162115,0.00152,9.4e-05,0.000785
2026.05.21 22:00,1.1629,1.16325,1.1627,1.16295,1.16252,1.16252,1.16198,1.162115,0.00127,0.00018,0.000835
2026.05.21 23:00,1.16295,1.16305,1.1628,1.16295,1.16225,1.16225,1.16198,1.162115,0.00107,0.00055,0.000835
2026.05.22 00:00,1.16295,1.16295,1.16245,1.16265,1.162115,1.162115,1.16171,1.161845,0.00124,0.000335,0.000805
2026.05.22 01:00,1.1626,1.16275,1.16215,1.1622,1.161845,1.16198,1.16144,1.16144,0.00131,0.00017,0.00076
2026.05.22 02:00,1.16215,1.16265,1.16215,1.16235,1.16144,1.161845,1.16144,1.161575,0.00121,0.000305,0.000775
2026.05.22 03:00,1.1624,1.1625,1.16205,1.16235,1.16171,1.16171,1.161305,1.161575,0.001195,0.00034,0.000775
2026.05.22 04:00,1.1626,1.1627,1.1625,1.1627,1.161575,1.16198,1.161575,1.16198,0.001125,0.00052,0.00072
2026.05.22 05:00,1.1627,1.16285,1.16185,1.1621,1.16198,1.162115,1.161305,1.161305,0.001545,-0.000265,0.000795
2026.05.22 06:00,1.16205,1.1626,1.1617,1.16215,1.161305,1.161845,1.160901,1.16144,0.001699,-0.000145,0.00071
2026.05.22 07:00,1.1622,1.1622,1.1613,1.162,1.161036,1.161305,1.160631,1.161305,0.001569,-5e-06,0.000695
2026.05.22 08:00,1.16205,1.16275,1.16155,1.1619,1.161305,1.16171,1.160901,1.16117,0.001849,-0.00016,0.00073
2026.05.22 09:00,1.16195,1.16195,1.1608,1.1616,1.16117,1.16117,1.160093,1.160766,0.001857,-0.000371,0.000834
2026.05.22 10:00,1.1616,1.16195,1.1607,1.16095,1.160901,1.16117,1.159958,1.160093,0.001992,-0.000471,0.000857
2026.05.22 11:00,1.16095,1.1614,1.1605,1.16085,1.160093,1.160497,1.159689,1.159958,0.001711,3e-06,0.000892
2026.05.22 12:00,1.1609,1.1619,1.16065,1.1616,1.160093,1.161036,1.159824,1.160631,0.002076,-0.000386,0.000969
2026.05.22 13:00,1.16165,1.16305,1.16115,1.1616,1.160766,1.162115,1.160362,1.160766,0.002688,-0.000965,0.000834
2026.05.22 14:00,1.1616,1.1616,1.16005,1.161,1.160362,1.160497,1.159286,1.160227,0.002314,-0.000447,0.000773
2026.05.22 15:00,1.161,1.16175,1.1608,1.1615,1.160093,1.160901,1.160093,1.160631,0.001657,-0.000101,0.000869
2026.05.22 16:00,1.1615,1.1623,1.16115,1.1623,1.160497,1.16144,1.160362,1.16144,0.001938,-0.00029,0.00086
2026.05.22 17:00,1.16235,1.1631,1.1621,1.1626,1.161575,1.16225,1.161305,1.16171,0.001795,-0.00015,0.00089
2026.05.22 18:00,1.1625,1.16275,1.16215,1.16235,1.16171,1.161845,1.161305,1.161575,0.001445,0.000305,0.000775
2026.05.22 19:00,1.1624,1.1626,1.16175,1.1618,1.161575,1.16171,1.160901,1.161036,0.001699,4e-05,0.000764
2026.05.22 20:00,1.16175,1.1624,1.161,1.1624,1.161036,1.161036,1.160362,1.160497,0.002038,-3.6e-05,0.001903
2026.05.26 04:00,1.1647,1.1647,1.16405,1.16405,1.163873,1.163873,1.163332,1.163332,0.001368,0.000177,0.000718
2026.05.26 05:00,1.16405,1.16415,1.16385,1.1639,1.163332,1.163332,1.163061,1.163196,0.001089,0.000518,0.000704
2026.05.26 06:00,1.16385,1.16485,1.1638,1.1646,1.163061,1.164009,1.163061,1.163738,0.001789,-0.000209,0.000862
2026.05.26 07:00,1.1646,1.16515,1.1635,1.1648,1.163873,1.16428,1.163061,1.164144,0.002089,-0.00078,0.000656
2026.05.26 08:00,1.16485,1.1653,1.1645,1.16475,1.164009,1.164415,1.163738,1.164009,0.001562,8.5e-05,0.000741
2026.05.26 09:00,1.16475,1.1655,1.16435,1.1654,1.163873,1.164687,1.163738,1.164687,0.001762,-0.000337,0.000713
2026.05.26 10:00,1.1654,1.1656,1.16485,1.16525,1.164687,1.164687,1.164144,1.164551,0.001456,0.000163,0.000699
2026.05.26 11:00,1.16525,1.16555,1.16445,1.16455,1.164551,1.164822,1.163738,1.163738,0.001812,-0.000372,0.000812
2026.05.26 12:00,1.1646,1.16475,1.1642,1.1643,1.163738,1.164009,1.163467,1.163603,0.001283,0.000191,0.000697
2026.05.26 13:00,1.16425,1.16445,1.1628,1.16365,1.163467,1.163603,1.16225,1.162791,0.0022,-0.000803,0.000859
2026.05.26 14:00,1.16365,1.16405,1.16325,1.1636,1.162656,1.163196,1.16252,1.162791,0.00153,5.4e-05,0.000809
2026.05.26 15:00,1.1636,1.16365,1.1627,1.163,1.162791,1.162791,1.162115,1.16225,0.001535,-9.1e-05,0.00075
2026.05.26 16:00,1.16305,1.16405,1.16305,1.16355,1.162385,1.163196,1.162385,1.162791,0.001665,-0.000146,0.000759
2026.05.26 17:00,1.1635,1.16385,1.1632,1.1635,1.162656,1.163061,1.16252,1.162656,0.00133,0.000139,0.000844
2026.05.26 18:00,1.1635,1.16415,1.1634,1.164,1.162656,1.163332,1.162656,1.163332,0.001494,6.8e-05,0.000668
2026.05.26 19:00,1.16405,1.16435,1.1638,1.1643,1.163061,1.163603,1.163061,1.163467,0.001289,0.000197,0.000833
2026.05.26 20:00,1.1643,1.1644,1.1641,1.16425,1.163603,1.163603,1.163467,1.163603,0.000933,0.000497,0.000647
2026.05.26 22:00,1.1641,1.16445,1.164,1.16435,1.163738,1.164009,1.163467,1.163738,0.000983,-9e-06,0.000612
2026.05.26 23:00,1.16435,1.16505,1.16435,1.1647,1.163738,1.164687,1.163738,1.164009,0.001312,-0.000337,0.000691
2026.05.27 00:00,1.16465,1.16515,1.16465,1.16485,1.164009,1.164687,1.164009,1.164144,0.001141,-3.7e-05,0.000706
2026.05.27 01:00,1.1648,1.165,1.1643,1.16445,1.164415,1.164551,1.163603,1.163738,0.001397,-0.000251,0.000712
2026.05.27 02:00,1.16445,1.1649,1.16445,1.1649,1.16428,1.164415,1.163738,1.164144,0.001162,3.5e-05,0.000756
2026.05.27 03:00,1.1649,1.16525,1.16475,1.1649,1.164144,1.164822,1.164009,1.164551,0.001241,-7.2e-05,0.000349
2026.05.27 04:00,1.16495,1.16525,1.16495,1.16515,1.164551,1.164958,1.164144,1.164551,0.001106,-8e-06,0.000599
2026.05.27 05:00,1.1652,1.1655,1.1649,1.165,1.164415,1.165094,1.16428,1.16428,0.00122,-0.000194,0.00072
2026.05.27 06:00,1.16505,1.166,1.16475,1.1656,1.164551,1.165501,1.164144,1.164958,0.001856,-0.000751,0.000642
2026.05.27 07:00,1.1656,1.16595,1.1651,1.1651,1.165094,1.165501,1.164415,1.164415,0.001534,-0.000401,0.000684
2026.05.27 08:00,1.16515,1.16575,1.1649,1.1655,1.164144,1.165365,1.164144,1.164822,0.001606,-0.000465,0.000678
2026.05.27 09:00,1.1655,1.1659,1.16525,1.1655,1.164687,1.165365,1.164687,1.164822,0.001213,-0.000115,0.000678
2026.05.27 10:00,1.1655,1.1655,1.1646,1.165,1.164687,1.165094,1.164009,1.16428,0.001491,-0.000494,0.00072
2026.05.27 11:00,1.16495,1.1652,1.16435,1.1648,1.16428,1.164687,1.163738,1.16428,0.001462,-0.000337,0.00052
2026.05.27 12:00,1.16485,1.1672,1.1645,1.1654,1.164009,1.166453,1.163873,1.164687,0.003327,-0.001953,0.000713
2026.05.27 13:00,1.1654,1.1659,1.1648,1.1652,1.165365,1.165501,1.164144,1.164415,0.001756,-0.000701,0.000785
2026.05.27 14:00,1.1652,1.1663,1.16355,1.1636,1.164415,1.165637,1.163061,1.163061,0.003239,-0.002087,0.000539
2026.05.27 15:00,1.1636,1.1647,1.1633,1.16405,1.162656,1.16428,1.162656,1.163603,0.002044,-0.00098,0.000447
2026.05.27 16:00,1.1641,1.1643,1.16345,1.16425,1.163603,1.163873,1.162926,1.163603,0.001374,-0.000423,0.000647
2026.05.27 17:00,1.16425,1.16435,1.16325,1.1638,1.163873,1.163873,1.16252,1.163061,0.00183,-0.000623,0.000739
2026.05.27 18:00,1.16375,1.1641,1.1633,1.16395,1.163061,1.163467,1.162656,1.163332,0.001444,-0.000167,0.000618
2026.05.27 19:00,1.16395,1.16425,1.1637,1.16395,1.163332,1.163873,1.163061,1.163196,0.001189,-0.000173,0.000754
2026.05.27 20:00,1.16395,1.1641,1.16355,1.16355,1.163196,1.163738,1.162926,1.162926,0.001174,-0.000188,0.000624
2026.05.27 22:00,1.16355,1.1639,1.16345,1.16345,1.163061,1.163332,1.162926,1.162926,0.000974,0.000118,0.000524
2026.05.27 23:00,1.16345,1.16375,1.16245,1.16265,1.162926,1.163332,1.16198,1.162115,0.00177,-0.000882,0.000535
2026.05.28 00:00,1.1626,1.1632,1.16255,1.16295,1.16198,1.162656,1.16198,1.16252,0.00122,-0.000106,0.00043
2026.05.28 01:00,1.16295,1.163,1.1618,1.16185,1.162385,1.162385,1.161305,1.161305,0.001695,-0.000585,0.000545
2026.05.28 02:00,1.1619,1.1624,1.1618,1.1621,1.16144,1.161845,1.161305,1.161575,0.001095,-4.5e-05,0.000525
2026.05.28 03:00,1.1621,1.16225,1.15955,1.15965,1.161575,1.16171,1.159152,1.159152,0.003098,-0.00216,0.000498
2026.05.28 04:00,1.15985,1.1601,1.1596,1.16,1.159152,1.159555,1.159017,1.159555,0.001083,4.5e-05,0.000445
2026.05.28 05:00,1.16005,1.1611,1.15975,1.1608,1.159555,1.160497,1.159286,1.160227,0.001814,-0.000747,0.000573
2026.05.28 06:00,1.1608,1.1621,1.16075,1.16185,1.160227,1.161575,1.160227,1.16144,0.001873,-0.000825,0.00041
2026.05.28 07:00,1.1619,1.1626,1.1619,1.16205,1.161575,1.162115,1.16144,1.16144,0.00116,-0.000215,0.00061
2026.05.28 08:00,1.1621,1.16255,1.1615,1.1624,1.161575,1.16198,1.161036,1.16198,0.001514,-0.00048,0.00042
2026.05.28 09:00,1.1624,1.1628,1.16215,1.1622,1.16198,1.16225,1.161575,1.161575,0.001225,-0.0001,0.000625
2026.05.28 10:00,1.16215,1.16245,1.16125,1.16125,1.16171,1.161845,1.160766,1.160766,0.001684,-0.000595,0.000484
2026.05.28 11:00,1.16125,1.16315,1.16125,1.1626,1.160766,1.16252,1.160766,1.162115,0.002384,-0.00127,0.000485
2026.05.28 12:00,1.16255,1.1647,1.16245,1.16455,1.162115,1.164009,1.16198,1.164009,0.00272,-0.001559,0.000541
2026.05.28 13:00,1.16455,1.1652,1.1638,1.1639,1.164144,1.164551,1.163332,1.163332,0.001868,-0.000751,0.000568
2026.05.28 14:00,1.1639,1.1667,1.16355,1.16565,1.163196,1.166045,1.163061,1.164958,0.003639,-0.002495,0.000692
2026.05.28 15:00,1.16565,1.16655,1.1656,1.1657,1.165365,1.165909,1.16523,1.16523,0.00132,-0.000309,0.00047
2026.05.28 16:00,1.1657,1.16705,1.1654,1.1666,1.16523,1.166317,1.164958,1.166045,0.002092,-0.000917,0.000555
2026.05.28 17:00,1.1666,1.1666,1.16595,1.1662,1.166045,1.166045,1.165501,1.165773,0.001099,-9.5e-05,0.000427
2026.05.28 18:00,1.1662,1.1664,1.1655,1.16565,1.165637,1.165773,1.164958,1.165094,0.001442,-0.000273,0.000556
2026.05.28 19:00,1.16565,1.166,1.1655,1.1657,1.165094,1.165501,1.165094,1.165094,0.000906,-1e-06,0.000606
2026.05.28 20:00,1.16565,1.1659,1.16535,1.16585,1.164958,1.165365,1.164822,1.165365,0.001078,-1.5e-05,0.000485
2026.05.28 22:00,1.16595,1.16615,1.1658,1.16585,1.165501,1.165637,1.165365,1.165365,0.000785,0.000163,0.000485
2026.05.28 23:00,1.16585,1.16615,1.16585,1.1661,1.165365,1.165637,1.165365,1.165637,0.000785,0.000213,0.000463
2026.05.29 00:00,1.166,1.16635,1.16555,1.1657,1.165637,1.165909,1.165094,1.16523,0.001256,-0.000359,0.00047
2026.05.29 01:00,1.16575,1.16645,1.16515,1.16535,1.16523,1.166045,1.164687,1.164822,0.001763,-0.000895,0.000528
2026.05.29 02:00,1.1653,1.1657,1.16515,1.16535,1.164958,1.165365,1.164822,1.164822,0.000878,-0.000215,0.000528
2026.05.29 03:00,1.1653,1.1653,1.16445,1.1645,1.164822,1.164822,1.164009,1.164009,0.001291,-0.000372,0.000491
2026.05.29 04:00,1.1647,1.16475,1.16425,1.1647,1.164144,1.16428,1.163873,1.16428,0.000877,-3e-05,0.00042
2026.05.29 05:00,1.16475,1.1652,1.1646,1.16495,1.16428,1.164687,1.164144,1.164551,0.001056,-8.7e-05,0.000399
2026.05.29 06:00,1.165,1.16625,1.165,1.16615,1.164551,1.165773,1.164551,1.165773,0.001699,-0.000773,0.000377
2026.05.29 07:00,1.1661,1.1662,1.1646,1.16505,1.165501,1.165637,1.164144,1.164551,0.002056,-0.001037,0.000499
2026.05.29 08:00,1.165,1.165,1.1633,1.1636,1.164009,1.16428,1.162926,1.163196,0.002074,-0.00098,0.000404
2026.05.29 09:00,1.16365,1.1651,1.16345,1.165,1.163061,1.164551,1.163061,1.164551,0.002039,-0.001101,0.000449
2026.05.29 10:00,1.165,1.16535,1.1646,1.1651,1.164415,1.164822,1.164144,1.164687,0.001206,-0.000222,0.000413
2026.05.29 11:00,1.1651,1.16565,1.1648,1.16555,1.164551,1.16523,1.164415,1.16523,0.001235,-0.00043,0.00032
2026.05.29 12:00,1.16565,1.16575,1.1649,1.1657,1.16523,1.16523,1.164551,1.16523,0.001199,-0.00033,0.00047
2026.05.29 13:00,1.16575,1.16615,1.1653,1.16555,1.165094,1.165637,1.164822,1.165094,0.001328,-0.000337,0.000456
2026.05.29 14:00,1.16555,1.16825,1.16485,1.1677,1.165094,1.167679,1.164415,1.167542,0.003834,-0.002829,0.000158
2026.05.29 15:00,1.1677,1.1694,1.16755,1.1686,1.167133,1.16877,1.167133,1.168088,0.002267,-0.00122,0.000512
2026.05.29 16:00,1.1686,1.1687,1.16745,1.168,1.168088,1.168088,1.167133,1.167542,0.001567,-0.000638,0.000458
2026.05.29 17:00,1.16805,1.16815,1.16705,1.16705,1.167542,1.167679,1.166589,1.166589,0.001561,-0.000629,0.000461
2026.05.29 18:00,1.167,1.16765,1.1668,1.1672,1.166589,1.167133,1.166589,1.166861,0.001061,-0.000333,0.000339
2026.05.29 19:00,1.1672,1.1678,1.16715,1.1673,1.166861,1.16727,1.166725,1.166725,0.001075,-0.00012,0.000575
2026.05.29 20:00,1.1673,1.16735,1.1666,1.1673,1.166725,1.166725,1.166181,1.166181,0.001169,-0.000125,0.001119
2026.05.31 23:00,1.1662,1.16635,1.1656,1.1656,1.165773,1.165909,1.16523,1.16523,0.00112,-0.000309,0.00037
2026.06.01 00:00,1.1656,1.1661,1.16525,1.1655,1.16523,1.165637,1.164822,1.165094,0.001278,-0.000387,0.000406
2026.06.01 01:00,1.1655,1.16555,1.1649,1.1652,1.164958,1.164958,1.164551,1.164822,0.000999,-5.8e-05,0.000378
2026.06.01 02:00,1.1652,1.16545,1.1651,1.1654,1.164822,1.164958,1.164687,1.164958,0.000763,0.000142,0.000442
2026.06.01 03:00,1.1654,1.16565,1.16495,1.16515,1.164958,1.16523,1.164551,1.164687,0.001099,-0.00028,0.000463
2026.06.01 04:00,1.1651,1.1656,1.1651,1.16555,1.164687,1.16523,1.164687,1.165094,0.000913,-0.00013,0.000456
2026.06.01 05:00,1.16555,1.1661,1.16555,1.1659,1.16523,1.165637,1.16523,1.165365,0.00087,-8.7e-05,0.000535
2026.06.01 06:00,1.16595,1.16725,1.16575,1.1672,1.165637,1.166861,1.165365,1.166861,0.001885,-0.001111,0.000339
2026.06.01 07:00,1.1672,1.1672,1.16595,1.16645,1.166589,1.166589,1.165501,1.166045,0.001699,-0.000639,0.000405
2026.06.01 08:00,1.16645,1.16675,1.1661,1.16655,1.165909,1.166317,1.165637,1.166181,0.001113,-0.000217,0.000369
2026.06.01 09:00,1.1665,1.1668,1.16555,1.16585,1.166317,1.166317,1.16523,1.165365,0.00157,-0.000767,0.000485
2026.06.01 10:00,1.16585,1.16585,1.16535,1.1655,1.165365,1.165365,1.164958,1.165094,0.000892,-1.5e-05,0.000406
2026.06.01 11:00,1.1655,1.16555,1.16495,1.1654,1.165094,1.165094,1.164551,1.164958,0.000999,-0.000144,0.000442
2026.06.01 12:00,1.1654,1.1658,1.1653,1.1655,1.165094,1.165365,1.164958,1.165094,0.000842,-6.5e-05,0.000406
2026.06.01 13:00,1.1655,1.16555,1.1617,1.16175,1.165094,1.165094,1.16144,1.16144,0.00411,-0.003394,0.00031
2026.06.01 14:00,1.1617,1.16255,1.1614,1.1625,1.16117,1.162115,1.161036,1.16198,0.001514,-0.000715,0.00052
2026.06.01 15:00,1.1625,1.1636,1.16225,1.16305,1.162115,1.163061,1.161845,1.162656,0.001755,-0.000811,0.000394
2026.06.01 16:00,1.1631,1.1638,1.16235,1.1637,1.162791,1.163332,1.16198,1.163332,0.00182,-0.000982,0.000368
2026.06.01 17:00,1.1637,1.1646,1.16325,1.16425,1.163332,1.164009,1.162926,1.163873,0.001674,-0.000759,0.000377
2026.06.01 18:00,1.1642,1.1643,1.1638,1.16385,1.163873,1.163873,1.163467,1.163467,0.000833,-7.3e-05,0.000383
2026.06.01 19:00,1.16385,1.16415,1.16345,1.16395,1.163467,1.163738,1.163061,1.163467,0.001089,-0.000288,0.000483
2026.06.01 20:00,1.1639,1.16415,1.1638,1.16385,1.163603,1.163738,1.163332,1.163603,0.000818,6.2e-05,0.000247
2026.06.01 22:00,1.16385,1.16415,1.16385,1.1641,1.163738,1.163873,1.163603,1.163738,0.000547,-2.3e-05,0.000362
2026.06.01 23:00,1.1641,1.1643,1.16395,1.16425,1.163873,1.164009,1.163603,1.163873,0.000697,-5.9e-05,0.000377
2026.06.02 00:00,1.16425,1.16425,1.1636,1.1638,1.163873,1.163873,1.163332,1.163467,0.000918,-0.000273,0.000333
2026.06.02 01:00,1.16385,1.1644,1.16355,1.16375,1.163603,1.164144,1.163196,1.163467,0.001204,-0.000594,0.000283
2026.06.02 02:00,1.16375,1.16415,1.16375,1.16385,1.163467,1.163738,1.163467,1.163467,0.000683,1.2e-05,0.000383
2026.06.02 03:00,1.1638,1.1642,1.1638,1.16415,1.163467,1.163873,1.163467,1.163738,0.000733,-7.3e-05,0.000412
2026.06.02 04:00,1.1642,1.1646,1.16415,1.1645,1.163738,1.16428,1.163738,1.164144,0.000862,-0.00013,0.000356
2026.06.02 05:00,1.1645,1.1647,1.16435,1.1644,1.164144,1.16428,1.164009,1.164009,0.000691,7e-05,0.000391
2026.06.02 06:00,1.16445,1.1659,1.16445,1.16575,1.164144,1.165501,1.164144,1.165365,0.001756,-0.001051,0.000385
2026.06.02 07:00,1.16575,1.1658,1.1652,1.16555,1.16523,1.165365,1.164822,1.16523,0.000978,-0.000165,0.00032
2026.06.02 08:00,1.1656,1.16595,1.1649,1.165,1.16523,1.165501,1.164551,1.164687,0.001399,-0.000601,0.000313
2026.06.02 09:00,1.1651,1.16515,1.1647,1.16505,1.164551,1.164822,1.164415,1.164687,0.000735,-0.000122,0.000363
2026.06.02 10:00,1.165,1.1653,1.16455,1.1651,1.164551,1.164958,1.16428,1.164687,0.00102,-0.000408,0.000413
2026.06.02 11:00,1.16505,1.166,1.16505,1.16565,1.164687,1.165637,1.164687,1.165365,0.001313,-0.000587,0.000285
2026.06.02 12:00,1.1657,1.1663,1.16545,1.16575,1.165365,1.165909,1.16523,1.165365,0.00107,-0.000459,0.000385
2026.06.02 13:00,1.16575,1.16595,1.16465,1.16505,1.165501,1.165501,1.16428,1.164687,0.00167,-0.000851,0.000363
2026.06.02 14:00,1.16505,1.1657,1.16405,1.16505,1.164009,1.16523,1.164009,1.164687,0.001691,-0.00118,0.000363
2026.06.02 15:00,1.16505,1.1652,1.16425,1.1648,1.164687,1.164822,1.164009,1.164415,0.001191,-0.000572,0.000385
2026.06.02 16:00,1.1648,1.1648,1.1634,1.16355,1.164144,1.16428,1.163061,1.163196,0.001739,-0.00088,0.000354
2026.06.02 17:00,1.1635,1.16365,1.1627,1.16285,1.163332,1.163332,1.162385,1.16252,0.001265,-0.000632,0.00033
2026.06.02 18:00,1.16285,1.1637,1.16205,1.1635,1.16252,1.163332,1.16171,1.163196,0.00199,-0.001282,0.000304
2026.06.02 19:00,1.16355,1.164,1.16355,1.16395,1.163332,1.163603,1.163196,1.163603,0.000804,-5.3e-05,0.000347
2026.06.02 20:00,1.1639,1.16415,1.1637,1.16385,1.163603,1.163738,1.163332,1.163467,0.000818,-3.8e-05,0.000383
2026.06.02 22:00,1.16365,1.1637,1.1633,1.1633,1.163332,1.163467,1.163061,1.163061,0.000639,-0.000167,0.000239
2026.06.02 23:00,1.16335,1.1634,1.1626,1.1628,1.163061,1.163061,1.16225,1.16252,0.00115,-0.000461,0.00028
2026.06.03 00:00,1.16275,1.1637,1.1627,1.1635,1.16252,1.163332,1.16252,1.163196,0.00118,-0.000632,0.000304
2026.06.03 01:00,1.16355,1.164,1.16325,1.1636,1.163061,1.163603,1.162926,1.163332,0.001074,-0.000353,0.000268
2026.06.03 02:00,1.16365,1.16385,1.1631,1.16345,1.163332,1.163603,1.162926,1.163196,0.000924,-0.000503,0.000254
2026.06.03 03:00,1.16345,1.1636,1.1633,1.16335,1.163061,1.163332,1.163061,1.163061,0.000539,-3.2e-05,0.000289
2026.06.03 04:00,1.16325,1.16325,1.16305,1.1632,1.163061,1.163061,1.162791,1.162926,0.000459,-1.1e-05,0.000274
2026.06.03 05:00,1.16325,1.16335,1.1625,1.1625,1.162926,1.163061,1.16225,1.16225,0.0011,-0.000561,0.00025
2026.06.03 06:00,1.16255,1.1629,1.1619,1.1623,1.16225,1.16252,1.16171,1.16198,0.00119,-0.00062,0.00032
2026.06.03 07:00,1.1623,1.1631,1.16195,1.1623,1.161845,1.16252,1.16171,1.16198,0.00139,-0.00057,0.00032
2026.06.03 08:00,1.1623,1.16235,1.16115,1.16145,1.161845,1.16198,1.160901,1.16117,0.001449,-0.00083,0.00028
2026.06.03 09:00,1.1614,1.1622,1.1614,1.162,1.161305,1.16198,1.161305,1.16171,0.000895,-0.00058,0.00029
2026.06.03 10:00,1.162,1.16295,1.1619,1.16225,1.16171,1.16252,1.16171,1.16198,0.00124,-0.00062,0.00027
2026.06.03 11:00,1.1623,1.1629,1.16215,1.16245,1.16198,1.16252,1.16198,1.162115,0.00092,-0.00037,0.000335
2026.06.03 12:00,1.16245,1.1625,1.1603,1.16065,1.16198,1.16198,1.160093,1.160362,0.002407,-0.00168,0.000288
2026.06.03 13:00,1.1607,1.1613,1.16035,1.1609,1.160362,1.160901,1.160093,1.160631,0.001207,-0.000551,0.000269
2026.06.03 14:00,1.16095,1.1619,1.1601,1.16185,1.160901,1.161575,1.159824,1.161575,0.002076,-0.001475,0.000275
2026.06.03 15:00,1.1619,1.16195,1.1609,1.1611,1.16144,1.16144,1.160631,1.160766,0.001319,-0.00054,0.000334
2026.06.03 16:00,1.16115,1.16115,1.16015,1.16065,1.160766,1.160766,1.159824,1.160362,0.001326,-0.000616,0.000288
2026.06.03 17:00,1.1607,1.161,1.1603,1.16045,1.160362,1.160631,1.160093,1.160227,0.000907,-0.000331,0.000223
2026.06.03 18:00,1.1605,1.16065,1.16015,1.1605,1.160227,1.160227,1.159958,1.160227,0.000692,-7.7e-05,0.000273
2026.06.03 19:00,1.16045,1.16075,1.16035,1.16045,1.160227,1.160362,1.160093,1.160093,0.000657,-1.2e-05,0.000357
2026.06.03 20:00,1.1604,1.1607,1.16035,1.1605,1.160227,1.160362,1.160093,1.160227,0.000607,-1.2e-05,0.000273
2026.06.03 22:00,1.1604,1.1617,1.15995,1.1611,1.160227,1.161036,1.159824,1.160766,0.001876,-0.001086,0.000334
2026.06.03 23:00,1.16105,1.16155,1.16065,1.16135,1.160901,1.16144,1.160497,1.161305,0.001053,-0.00079,4.5e-05
2026.06.04 00:00,1.16135,1.1617,1.16105,1.16115,1.161305,1.161575,1.160901,1.161036,0.000799,-0.000525,0.000114
2026.06.04 01:00,1.1611,1.1615,1.16085,1.16145,1.160766,1.161305,1.160766,1.161305,0.000734,-0.000455,0.000145
2026.06.04 02:00,1.16145,1.16165,1.1611,1.1615,1.161305,1.16144,1.161036,1.161305,0.000614,-0.00034,0.000195
2026.06.04 03:00,1.16145,1.16145,1.1607,1.16105,1.16117,1.161305,1.160631,1.160901,0.000819,-0.000605,0.000149
2026.06.04 04:00,1.16095,1.1618,1.1609,1.16145,1.160901,1.16144,1.160766,1.161305,0.001034,-0.00054,0.000145
2026.06.04 05:00,1.16145,1.1615,1.161,1.1614,1.161305,1.161305,1.160901,1.161305,0.000599,-0.000305,9.5e-05
2026.06.04 06:00,1.1615,1.16195,1.1612,1.16155,1.161305,1.161845,1.161036,1.16144,0.000914,-0.000645,0.00011
2026.06.04 07:00,1.16155,1.1617,1.16035,1.16085,1.16144,1.161575,1.160227,1.160766,0.001473,-0.001225,8.4e-05
2026.06.04 08:00,1.16085,1.1619,1.1608,1.1618,1.160766,1.16171,1.160766,1.16171,0.001134,-0.00091,9e-05
2026.06.04 09:00,1.1618,1.1633,1.16175,1.16305,1.161845,1.163061,1.161845,1.162926,0.001455,-0.001311,0.000124
2026.06.04 10:00,1.16305,1.1639,1.163,1.16355,1.162926,1.163738,1.162926,1.163467,0.000974,-0.000738,8.3e-05
2026.06.04 11:00,1.16355,1.16505,1.1635,1.16475,1.163603,1.164822,1.163603,1.164551,0.001447,-0.001322,0.000199
2026.06.04 12:00,1.16465,1.165,1.16395,1.1642,1.164822,1.164822,1.163873,1.164144,0.001127,-0.000872,5.6e-05
2026.06.04 13:00,1.16415,1.1645,1.1639,1.1641,1.164009,1.16428,1.163738,1.164009,0.000762,-0.00038,9.1e-05
2026.06.04 14:00,1.1641,1.1645,1.1634,1.16355,1.16428,1.16428,1.163332,1.163467,0.001168,-0.00088,8.3e-05
2026.06.04 15:00,1.1635,1.16365,1.1627,1.1633,1.163467,1.163467,1.162656,1.163196,0.000994,-0.000767,0.000104
2026.06.04 16:00,1.16325,1.16345,1.1628,1.16285,1.163196,1.163332,1.162656,1.162656,0.000794,-0.000532,0.000194
2026.06.04 17:00,1.1628,1.16285,1.1624,1.16255,1.162656,1.162656,1.162385,1.162385,0.000465,-0.000256,0.000165
2026.06.04 18:00,1.16255,1.1627,1.1618,1.162,1.162385,1.16252,1.16171,1.161845,0.00099,-0.00072,0.000155
2026.06.04 19:00,1.16195,1.1621,1.16155,1.16175,1.161845,1.16198,1.16144,1.161575,0.00066,-0.00043,0.000175
2026.06.04 20:00,1.1617,1.16185,1.1613,1.1615,1.161575,1.16171,1.16117,1.16144,0.000679,-0.00041,6e-05
2026.06.04 22:00,1.1617,1.16185,1.16155,1.1616,1.161575,1.16171,1.16144,1.161575,0.00041,-0.00016,2.5e-05
2026.06.04 23:00,1.16165,1.1618,1.1616,1.16165,1.161575,1.16171,1.161575,1.161575,0.000225,-0.00011,7.5e-05
2026.06.05 00:00,1.16165,1.16185,1.16155,1.1617,1.161575,1.16171,1.16144,1.16171,0.00041,-0.00016,-1e-05
2026.06.05 01:00,1.1617,1.1619,1.1614,1.16175,1.161575,1.161845,1.161305,1.16171,0.000595,-0.000445,4e-05
2026.06.05 02:00,1.1618,1.16205,1.16165,1.16185,1.16171,1.16198,1.161575,1.161845,0.000475,-0.00033,5e-06
2026.06.05 03:00,1.16185,1.162,1.1618,1.1619,1.16171,1.161845,1.16171,1.161845,0.00029,-4.5e-05,5.5e-05
2026.06.05 04:00,1.16195,1.16215,1.1618,1.16205,1.161845,1.16198,1.16171,1.16198,0.00044,-0.00018,7e-05
2026.06.05 05:00,1.162,1.16235,1.16195,1.162,1.16198,1.16225,1.161845,1.16198,0.000505,-0.0003,2e-05
2026.06.05 06:00,1.16205,1.1627,1.1617,1.16265,1.161845,1.162656,1.16171,1.16252,0.00099,-0.000956,0.00013
2026.06.05 07:00,1.1626,1.16415,1.1626,1.16365,1.162656,1.164009,1.162656,1.163603,0.001494,-0.001409,4.7e-05
2026.06.05 08:00,1.16365,1.1644,1.16365,1.16405,1.163738,1.16428,1.163738,1.164009,0.000662,-0.00063,4.1e-05
2026.06.05 09:00,1.16405,1.16485,1.1639,1.1643,1.163873,1.164687,1.163873,1.16428,0.000977,-0.000787,2e-05
2026.06.05 10:00,1.1643,1.16485,1.16425,1.16445,1.16428,1.164687,1.164144,1.164415,0.000706,-0.000437,3.5e-05
2026.06.05 11:00,1.16445,1.16465,1.1639,1.16465,1.164415,1.164551,1.163738,1.164415,0.000912,-0.000651,0.000234
2026.06.05 12:00,1.16465,1.16475,1.15905,1.15915,1.164551,1.164551,1.159017,1.159017,0.005733,-0.005501,0.000133
2026.06.05 13:00,1.15905,1.16035,1.15755,1.1576,1.159017,1.160093,1.157541,1.157541,0.002809,-0.002543,5.9e-05
2026.06.05 14:00,1.15765,1.1585,1.1554,1.1563,1.157407,1.158212,1.155402,1.156203,0.003098,-0.002812,9.7e-05
2026.06.05 15:00,1.15635,1.1564,1.15355,1.1536,1.156203,1.156203,1.153536,1.153536,0.002864,-0.002653,6.4e-05
2026.06.05 16:00,1.1537,1.1537,1.15265,1.1536,1.153403,1.153536,1.152605,1.153536,0.001095,-0.000886,6.4e-05
2026.06.05 17:00,1.15365,1.1537,1.15235,1.15285,1.153536,1.153536,1.152339,1.152738,0.001361,-0.001186,0.000112
2026.06.05 18:00,1.15285,1.1533,1.15235,1.15275,1.152738,1.153004,1.152339,1.152605,0.000961,-0.000654,0.000145
2026.06.05 19:00,1.15275,1.15315,1.15225,1.1529,1.152605,1.153004,1.152206,1.152871,0.000944,-0.000754,2.9e-05
2026.06.05 20:00,1.153,1.153,1.1522,1.15275,1.152871,1.152871,1.152206,1.152738,0.000794,-0.000671,1.2e-05
2026.06.07 23:00,1.1517,1.15265,1.1517,1.1526,1.151808,1.152605,1.151808,1.152605,0.000842,-0.000905,-5e-06
2026.06.08 00:00,1.15255,1.1537,1.1525,1.1537,1.152605,1.153536,1.152472,1.153536,0.001228,-0.001036,0.000164
2026.06.08 01:00,1.1537,1.15385,1.15155,1.153,1.153669,1.153802,1.151543,1.152871,0.002307,-0.002252,0.000129
2026.06.08 02:00,1.15305,1.1535,1.15245,1.1532,1.153004,1.153403,1.152472,1.15327,0.001028,-0.000953,-6.9e-05
2026.06.08 03:00,1.15325,1.1536,1.153,1.15355,1.15327,1.153536,1.153004,1.153536,0.000596,-0.000536,1.4e-05
2026.06.08 04:00,1.1536,1.15375,1.1534,1.1535,1.153536,1.153669,1.153403,1.153403,0.000347,-0.000269,9.7e-05
2026.06.08 05:00,1.1535,1.15435,1.15215,1.1523,1.153536,1.154335,1.152074,1.152206,0.002276,-0.002185,9.4e-05
2026.06.08 06:00,1.15235,1.15285,1.15175,1.1519,1.152206,1.152738,1.151676,1.151941,0.001174,-0.000988,-4.1e-05
2026.06.08 07:00,1.15195,1.1531,1.15185,1.15205,1.151941,1.153004,1.151808,1.152074,0.001292,-0.001154,-2.4e-05
2026.06.08 08:00,1.15205,1.1527,1.15115,1.1512,1.151941,1.152472,1.151278,1.15141,0.001422,-0.001322,-0.00021
2026.06.08 09:00,1.1512,1.15185,1.15035,1.15165,1.151145,1.151676,1.150351,1.151676,0.001499,-0.001326,-2.6e-05
2026.06.08 10:00,1.15165,1.15365,1.1514,1.1528,1.151543,1.153136,1.15141,1.152871,0.00224,-0.001737,-7.1e-05
2026.06.08 11:00,1.15285,1.15475,1.15275,1.15405,1.152738,1.154601,1.152738,1.153935,0.002012,-0.001851,0.000115
2026.06.08 12:00,1.154,1.15475,1.1539,1.1546,1.154068,1.154734,1.153935,1.154468,0.000815,-0.000834,0.000132
2026.06.08 13:00,1.1546,1.15585,1.1545,1.1545,1.154601,1.155802,1.154468,1.154601,0.001382,-0.001302,-0.000101
2026.06.08 14:00,1.15455,1.15485,1.15355,1.15465,1.154468,1.154734,1.153669,1.154468,0.001181,-0.001184,0.000182
2026.06.08 15:00,1.15465,1.1552,1.15405,1.1548,1.154734,1.155001,1.154068,1.154868,0.001132,-0.000951,-6.8e-05
2026.06.08 16:00,1.1548,1.155,1.15425,1.1543,1.154734,1.154868,1.154335,1.154335,0.000665,-0.000618,-3.5e-05
2026.06.08 17:00,1.1543,1.15455,1.1539,1.15415,1.154335,1.154468,1.153935,1.154201,0.000615,-0.000568,-5.1e-05
2026.06.08 18:00,1.1542,1.1546,1.1531,1.15315,1.154201,1.154601,1.15327,1.15327,0.00133,-0.001501,-0.00012
2026.06.08 19:00,1.1532,1.1538,1.15315,1.1534,1.153136,1.153802,1.153136,1.153403,0.000664,-0.000652,-3e-06
2026.06.08 20:00,1.15345,1.1537,1.15335,1.1537,1.153403,1.153669,1.153403,1.153536,0.000297,-0.000319,0.000164
2026.06.08 22:00,1.15385,1.1539,1.1532,1.1537,1.153802,1.153802,1.153536,1.153669,0.000364,-0.000602,3.1e-05
2026.06.08 23:00,1.1537,1.15375,1.1531,1.15315,1.153669,1.153802,1.153136,1.153136,0.000613,-0.000702,1.3e-05
2026.06.09 00:00,1.1531,1.15345,1.153,1.15345,1.153136,1.153403,1.153136,1.153403,0.000314,-0.000403,4.7e-05
2026.06.09 01:00,1.1534,1.15425,1.1534,1.15425,1.153403,1.154201,1.153403,1.154201,0.000847,-0.000801,4.9e-05
2026.06.09 02:00,1.1543,1.15435,1.15395,1.1541,1.154335,1.154335,1.154068,1.154068,0.000282,-0.000385,3.2e-05
2026.06.09 03:00,1.15405,1.1543,1.15385,1.15405,1.154068,1.154335,1.153802,1.154068,0.000498,-0.000485,-1.8e-05
2026.06.09 04:00,1.1542,1.15515,1.1542,1.15485,1.154201,1.155135,1.154068,1.154868,0.001082,-0.000935,-1.8e-05
2026.06.09 05:00,1.1549,1.15505,1.1543,1.1548,1.154868,1.155135,1.154335,1.154734,0.000715,-0.000835,6.6e-05
2026.06.09 06:00,1.15485,1.15565,1.15465,1.15475,1.154734,1.155535,1.154734,1.154734,0.000916,-0.000885,1.6e-05
2026.06.09 07:00,1.15475,1.155,1.15405,1.15425,1.154868,1.154868,1.154068,1.154335,0.000932,-0.000818,-8.5e-05
2026.06.09 08:00,1.1542,1.15555,1.1539,1.15535,1.154201,1.155535,1.154068,1.155402,0.001482,-0.001635,-5.2e-05
2026.06.09 09:00,1.1554,1.1567,1.15535,1.15645,1.155402,1.156604,1.155402,1.15647,0.001298,-0.001254,-2e-05
2026.06.09 10:00,1.15645,1.1573,1.1563,1.15685,1.15647,1.157274,1.15647,1.156872,0.00083,-0.000974,-2.2e-05
2026.06.09 11:00,1.15685,1.15775,1.15685,1.1576,1.156872,1.157675,1.156872,1.157541,0.000878,-0.000825,5.9e-05
2026.06.09 12:00,1.1576,1.15785,1.15725,1.1577,1.157675,1.157809,1.157274,1.157809,0.000576,-0.000559,-0.00011
2026.06.09 13:00,1.15775,1.15815,1.1567,1.15695,1.157943,1.158078,1.156738,1.15714,0.001412,-0.001378,-0.00019
2026.06.09 14:00,1.15695,1.15765,1.15615,1.15655,1.15714,1.157675,1.156337,1.156604,0.001313,-0.001525,-5.4e-05
2026.06.09 15:00,1.1566,1.1571,1.1549,1.15585,1.156604,1.157006,1.155001,1.155936,0.002099,-0.002106,-8.6e-05
2026.06.09 16:00,1.1558,1.15605,1.1532,1.1544,1.155936,1.156069,1.15327,1.154201,0.00278,-0.002869,0.000199
2026.06.09 17:00,1.1544,1.15565,1.1543,1.15515,1.154468,1.155535,1.154468,1.155135,0.001182,-0.001235,1.5e-05
2026.06.09 18:00,1.15515,1.15565,1.15495,1.1553,1.155135,1.155668,1.155001,1.155268,0.000649,-0.000718,3.2e-05
2026.06.09 19:00,1.1553,1.15535,1.1543,1.1545,1.155268,1.155268,1.154335,1.154468,0.001015,-0.000968,3.2e-05
2026.06.09 20:00,1.1545,1.1549,1.1544,1.1545,1.154468,1.154868,1.154468,1.154734,0.000432,-0.000468,-0.000234
2026.06.09 22:00,1.15435,1.1544,1.1539,1.15395,1.154201,1.154468,1.153935,1.154068,0.000465,-0.000568,-0.000118
2026.06.09 23:00,1.15395,1.1542,1.1536,1.15375,1.153935,1.154201,1.153802,1.153802,0.000398,-0.000601,-5.2e-05
2026.06.10 00:00,1.15375,1.1546,1.1536,1.1545,1.153802,1.154601,1.153669,1.154601,0.000931,-0.001001,-0.000101
2026.06.10 01:00,1.15455,1.15455,1.1538,1.15405,1.154468,1.154601,1.153935,1.154068,0.000615,-0.000801,-1.8e-05
2026.06.10 02:00,1.15405,1.15475,1.154,1.1545,1.154201,1.154734,1.154068,1.154601,0.000682,-0.000734,-0.000101
2026.06.10 03:00,1.1545,1.1555,1.1545,1.1553,1.154601,1.155402,1.154601,1.155402,0.000899,-0.000902,-0.000102
2026.06.10 04:00,1.15525,1.15525,1.15475,1.15485,1.155402,1.155402,1.154868,1.154868,0.000382,-0.000652,-1.8e-05
2026.06.10 05:00,1.1549,1.15585,1.15485,1.1557,1.155001,1.155802,1.154868,1.155668,0.000982,-0.000952,3.1e-05
2026.06.10 06:00,1.15575,1.1561,1.1551,1.15515,1.155802,1.156069,1.155402,1.155402,0.000698,-0.000969,-0.000252
2026.06.10 07:00,1.1551,1.15615,1.15495,1.1556,1.155135,1.156203,1.155135,1.155668,0.001015,-0.001253,-6.9e-05
2026.06.10 08:00,1.15565,1.15565,1.1551,1.1556,1.155668,1.155668,1.155268,1.155535,0.000382,-0.000569,6.5e-05
2026.06.10 09:00,1.1556,1.15625,1.1553,1.15605,1.155668,1.156203,1.155402,1.156069,0.000848,-0.000903,-1.9e-05
2026.06.10 10:00,1.15605,1.1562,1.1553,1.15545,1.156069,1.156203,1.155535,1.155535,0.000665,-0.000903,-8.5e-05
2026.06.10 11:00,1.1555,1.15555,1.1538,1.154,1.155535,1.155535,1.153935,1.154068,0.001615,-0.001735,-6.8e-05
2026.06.10 12:00,1.15395,1.15675,1.1538,1.1551,1.154068,1.156604,1.153935,1.155402,0.002815,-0.002804,-0.000302
2026.06.10 13:00,1.1551,1.1576,1.15505,1.15655,1.155268,1.157541,1.155135,1.156604,0.002465,-0.002491,-5.4e-05
2026.06.10 14:00,1.15655,1.157,1.15525,1.1555,1.15647,1.157006,1.155402,1.155535,0.001598,-0.001756,-3.5e-05
2026.06.10 15:00,1.15545,1.15595,1.1537,1.1552,1.155535,1.155936,1.154734,1.155135,0.001216,-0.002236,6.5e-05
2026.06.10 16:00,1.15525,1.1562,1.15515,1.15565,1.155402,1.156203,1.155402,1.155668,0.000798,-0.001053,-1.8e-05
2026.06.10 17:00,1.15565,1.15595,1.1547,1.1555,1.155668,1.155936,1.154868,1.155668,0.001082,-0.001236,-0.000168
2026.06.10 18:00,1.15555,1.15605,1.15505,1.1551,1.155668,1.156069,1.155135,1.155268,0.000915,-0.001019,-0.000168
2026.06.10 19:00,1.1551,1.15515,1.15435,1.15445,1.155135,1.155135,1.154468,1.154468,0.000682,-0.000785,-1.8e-05
2026.06.10 20:00,1.1544,1.15445,1.1537,1.15375,1.154468,1.154468,1.153802,1.153935,0.000648,-0.000768,-0.000185
2026.06.10 22:00,1.15375,1.1538,1.15295,1.1531,1.153802,1.153935,1.153136,1.153536,0.000664,-0.000985,-0.000436
2026.06.10 23:00,1.1531,1.1539,1.15265,1.1536,1.15327,1.154068,1.153004,1.153802,0.000896,-0.001418,-0.000202
2026.06.11 00:00,1.15365,1.1544,1.15365,1.15435,1.153935,1.154601,1.153935,1.154601,0.000465,-0.000951,-0.000251
2026.06.11 01:00,1.1544,1.1557,1.15425,1.1555,1.154734,1.155936,1.154601,1.155668,0.001099,-0.001686,-0.000168
2026.06.11 02:00,1.15545,1.1555,1.15475,1.1549,1.155668,1.155668,1.155001,1.155135,0.000499,-0.000919,-0.000235
2026.06.11 03:00,1.1549,1.155,1.1545,1.1546,1.155135,1.155268,1.154734,1.154868,0.000266,-0.000768,-0.000268
2026.06.11 04:00,1.15455,1.1551,1.15445,1.15495,1.154868,1.155402,1.154601,1.155135,0.000499,-0.000952,-0.000185
2026.06.11 05:00,1.1549,1.1552,1.15465,1.15485,1.155135,1.155402,1.154868,1.155135,0.000332,-0.000752,-0.000285
2026.06.11 06:00,1.1548,1.15485,1.15415,1.15425,1.155001,1.155135,1.154468,1.154468,0.000382,-0.000985,-0.000218
2026.06.11 07:00,1.1543,1.15565,1.15425,1.1546,1.154601,1.155802,1.154468,1.154868,0.001182,-0.001552,-0.000268
2026.06.11 08:00,1.15455,1.15465,1.15315,1.1533,1.154868,1.154868,1.153536,1.153669,0.001114,-0.001718,-0.000369
2026.06.11 09:00,1.15325,1.1538,1.15305,1.1535,1.153536,1.154068,1.153403,1.153802,0.000397,-0.001018,-0.000302
2026.06.11 10:00,1.15345,1.1535,1.15245,1.1532,1.153802,1.153802,1.152738,1.153403,0.000762,-0.001352,-0.000203
2026.06.11 11:00,1.15325,1.1543,1.15325,1.15395,1.153536,1.154335,1.153536,1.154201,0.000764,-0.001085,-0.000251
2026.06.11 12:00,1.15395,1.15445,1.15175,1.1541,1.154201,1.154468,1.152339,1.154335,0.002111,-0.002718,-0.000235
2026.06.11 13:00,1.15415,1.15415,1.1518,1.15305,1.154201,1.154201,1.152206,1.153403,0.001944,-0.002401,-0.000353
2026.06.11 14:00,1.1531,1.15315,1.1516,1.15205,1.153403,1.153403,1.151941,1.152074,0.001209,-0.001803,-2.4e-05
2026.06.11 15:00,1.152,1.15255,1.1515,1.15155,1.152339,1.152738,1.151808,1.151808,0.000742,-0.001238,-0.000258
2026.06.11 16:00,1.1516,1.15175,1.1508,1.151,1.151808,1.151941,1.151145,1.151278,0.000605,-0.001141,-0.000278
2026.06.11 17:00,1.151,1.15675,1.1504,1.1552,1.151278,1.156604,1.150616,1.155535,0.006134,-0.006204,-0.000335
2026.06.11 18:00,1.15525,1.15675,1.15425,1.1559,1.155535,1.156872,1.154601,1.15647,0.002149,-0.002622,-0.00057
2026.06.11 19:00,1.15595,1.15915,1.15595,1.158,1.15647,1.158883,1.15647,1.158212,0.00268,-0.002933,-0.000212
2026.06.11 20:00,1.158,1.15845,1.1578,1.15795,1.158212,1.158614,1.157943,1.158212,0.000507,-0.000814,-0.000262
2026.06.11 22:00,1.158,1.1586,1.1574,1.15855,1.158212,1.158749,1.157675,1.158614,0.000925,-0.001349,-6.4e-05
2026.06.11 23:00,1.1586,1.1587,1.1575,1.15755,1.158749,1.158883,1.157809,1.157809,0.00089,-0.001383,-0.00026
2026.06.12 00:00,1.15765,1.1577,1.1567,1.157,1.157943,1.157943,1.157006,1.15714,0.000694,-0.001243,-0.00014
2026.06.12 01:00,1.157,1.157,1.15625,1.1564,1.157274,1.157274,1.15647,1.156604,0.00053,-0.001024,-0.000204
2026.06.12 02:00,1.15645,1.1571,1.15635,1.15675,1.156604,1.157274,1.156604,1.157006,0.000496,-0.000924,-0.000256
2026.06.12 03:00,1.15675,1.1575,1.1566,1.15725,1.157006,1.157809,1.156872,1.157541,0.000628,-0.001209,-0.000291
2026.06.12 04:00,1.15715,1.15755,1.1571,1.1572,1.157541,1.157809,1.157274,1.157407,0.000276,-0.00071,-0.000207
2026.06.12 05:00,1.15725,1.1575,1.1558,1.1558,1.157541,1.157541,1.156203,1.156203,0.001297,-0.001741,-0.000403
2026.06.12 06:00,1.15595,1.15735,1.15595,1.15735,1.156337,1.157675,1.156337,1.157675,0.001013,-0.001725,-0.000325
2026.06.12 07:00,1.1573,1.161,1.1561,1.1609,1.157541,1.157541,1.156069,1.157006,0.004931,-0.001441,0.003894
2026.06.12 08:00,1.161,1.16285,1.16085,1.16195,1.157006,1.158749,1.157006,1.158078,0.005844,0.002101,0.003872
2026.06.12 09:00,1.162,1.1632,1.16165,1.1627,1.158078,1.159286,1.157675,1.158883,0.005525,0.002364,0.003817
2026.06.12 10:00,1.1626,1.16285,1.1612,1.1617,1.158749,1.158883,1.157541,1.157675,0.005309,0.002317,0.004025
2026.06.12 11:00,1.1617,1.16225,1.16135,1.1614,1.157809,1.158346,1.157541,1.157541,0.004709,0.003004,0.003859
2026.06.12 12:00,1.16145,1.16155,1.16025,1.16065,1.157407,1.157541,1.15647,1.156738,0.00508,0.002709,0.003912
2026.06.12 13:00,1.16065,1.16215,1.1605,1.16125,1.156738,1.158078,1.156604,1.157274,0.005546,0.002422,0.003976
2026.06.12 14:00,1.1613,1.16225,1.1609,1.16165,1.15714,1.158078,1.15714,1.157943,0.005111,0.002822,0.003706
2026.06.12 15:00,1.1616,1.16265,1.16125,1.1616,1.157541,1.158614,1.157541,1.157675,0.005109,0.002636,0.003925
2026.06.12 16:00,1.1616,1.16205,1.1612,1.1618,1.157675,1.157809,1.157274,1.157809,0.004776,0.003391,0.003991
2026.06.12 17:00,1.16175,1.1621,1.1615,1.16175,1.157943,1.158078,1.157541,1.157809,0.004559,0.003422,0.00394
2026.06.12 18:00,1.16175,1.16215,1.1615,1.16175,1.157809,1.158212,1.157541,1.157943,0.004609,0.003288,0.003806
2026.06.12 19:00,1.1618,1.16205,1.16115,1.16145,1.157675,1.158078,1.157274,1.157407,0.004776,0.003072,0.004043
2026.06.12 20:00,1.16145,1.16175,1.1609,1.16175,1.157407,1.157407,1.157006,1.15714,0.004744,0.003493,0.00461
2026.06.14 23:00,1.16505,1.1651,1.1644,1.16455,1.16117,1.16117,1.160631,1.160631,0.004469,0.003229,0.003919
2026.06.15 00:00,1.1645,1.1654,1.16405,1.1641,1.160901,1.16144,1.160227,1.160227,0.005173,0.00261,0.003873
2026.06.15 01:00,1.1641,1.1644,1.16365,1.16405,1.160093,1.160497,1.159824,1.160093,0.004576,0.003153,0.003957
2026.06.15 02:00,1.164,1.1644,1.16365,1.1642,1.160227,1.160362,1.159824,1.160227,0.004576,0.003288,0.003973
2026.06.15 03:00,1.1642,1.16475,1.1641,1.1647,1.160362,1.160766,1.160227,1.160766,0.004523,0.003334,0.003934
2026.06.15 04:00,1.1647,1.16555,1.1646,1.1655,1.160766,1.16171,1.160631,1.161575,0.004919,0.00289,0.003925
2026.06.15 05:00,1.1655,1.16645,1.1655,1.16595,1.16171,1.162385,1.16171,1.16198,0.00474,0.003115,0.00397
2026.06.15 06:00,1.16595,1.16605,1.1643,1.1649,1.162115,1.162115,1.160362,1.160901,0.005688,0.002185,0.003999
2026.06.15 07:00,1.1649,1.16535,1.1644,1.1649,1.160766,1.16144,1.160631,1.161036,0.004719,0.00296,0.003864
2026.06.15 08:00,1.16485,1.1653,1.164,1.1644,1.160901,1.161305,1.160093,1.160497,0.005207,0.002695,0.003903
2026.06.15 09:00,1.1644,1.16535,1.1643,1.16495,1.160497,1.161305,1.160497,1.160901,0.004853,0.002995,0.004049
2026.06.15 10:00,1.16495,1.1657,1.16455,1.1653,1.160901,1.16171,1.160766,1.161305,0.004934,0.00284,0.003995
2026.06.15 11:00,1.16535,1.16565,1.16485,1.16515,1.161575,1.16171,1.160901,1.161305,0.004749,0.00314,0.003845
2026.06.15 12:00,1.1651,1.16625,1.1647,1.1658,1.161305,1.162115,1.160766,1.161845,0.005484,0.002585,0.003955
2026.06.15 13:00,1.1658,1.1663,1.1655,1.1659,1.16171,1.162385,1.16171,1.16198,0.00459,0.003115,0.00392
2026.06.15 14:00,1.1659,1.1661,1.1648,1.16505,1.16198,1.162115,1.160901,1.161305,0.005199,0.002685,0.003745
2026.06.15 15:00,1.165,1.165,1.1639,1.16405,1.160901,1.161036,1.160093,1.160227,0.004907,0.002864,0.003823
2026.06.15 16:00,1.1641,1.1648,1.164,1.1646,1.160093,1.160901,1.160093,1.160766,0.004707,0.003099,0.003834
2026.06.15 17:00,1.1646,1.1646,1.164,1.1642,1.160766,1.160766,1.160227,1.160227,0.004373,0.003234,0.003973
2026.06.15 18:00,1.1642,1.16455,1.1636,1.16365,1.160227,1.160497,1.159824,1.159824,0.004726,0.003103,0.003826
2026.06.15 19:00,1.16365,1.16385,1.16265,1.16275,1.159958,1.159958,1.158883,1.158883,0.004967,0.002692,0.003867
2026.06.15 20:00,1.16275,1.1633,1.1626,1.16315,1.158749,1.159286,1.158749,1.159152,0.004551,0.003314,0.003998
2026.06.15 22:00,1.16315,1.1633,1.16275,1.16305,1.159152,1.15942,1.158883,1.159152,0.004417,0.00333,0.003899
2026.06.15 23:00,1.1631,1.1636,1.163,1.16335,1.159152,1.159689,1.159152,1.15942,0.004448,0.003311,0.00393
2026.06.16 00:00,1.1633,1.1636,1.163,1.1635,1.159555,1.159689,1.159152,1.159689,0.004448,0.003311,0.003811
2026.06.16 01:00,1.16345,1.1637,1.16285,1.163,1.159689,1.159824,1.159017,1.159152,0.004683,0.003026,0.003848
2026.06.16 02:00,1.163,1.1631,1.16245,1.163,1.159017,1.159152,1.158614,1.159152,0.004486,0.003298,0.003848
2026.06.16 03:00,1.163,1.16305,1.1626,1.16285,1.159017,1.159152,1.158883,1.159017,0.004167,0.003448,0.003833
2026.06.16 04:00,1.16245,1.16245,1.1618,1.1621,1.159017,1.159017,1.157943,1.158212,0.004506,0.002783,0.003888
2026.06.16 05:00,1.1621,1.1623,1.1617,1.1617,1.158212,1.158346,1.157943,1.157943,0.004357,0.003354,0.003757
2026.06.16 06:00,1.16175,1.16295,1.1616,1.1629,1.157943,1.159017,1.157809,1.159017,0.005141,0.002583,0.003883
2026.06.16 07:00,1.16295,1.16375,1.1627,1.16375,1.158883,1.159824,1.158883,1.159824,0.004867,0.002876,0.003926
2026.06.16 08:00,1.16375,1.16485,1.1635,1.1647,1.159824,1.161036,1.159689,1.160901,0.005161,0.002464,0.003799
2026.06.16 09:00,1.1648,1.16515,1.1642,1.1643,1.161036,1.161305,1.160362,1.160497,0.004788,0.002895,0.003803
2026.06.16 10:00,1.1643,1.16545,1.16425,1.16535,1.160497,1.161575,1.160362,1.161575,0.005088,0.002675,0.003775
2026.06.16 11:00,1.16535,1.1654,1.1639,1.1641,1.16144,1.16144,1.160093,1.160227,0.005307,0.00246,0.003873
2026.06.16 12:00,1.16405,1.16435,1.1633,1.16415,1.160227,1.160497,1.159555,1.160362,0.004795,0.002803,0.003788
2026.06.16 13:00,1.1641,1.1646,1.1633,1.16345,1.160362,1.160631,1.159555,1.159555,0.005045,0.002669,0.003895
2026.06.16 14:00,1.1635,1.16505,1.163,1.16485,1.159958,1.16117,1.159152,1.161036,0.005898,0.00183,0.003814
2026.06.16 15:00,1.16485,1.16605,1.1642,1.1656,1.161036,1.162115,1.160362,1.16171,0.005688,0.002085,0.00389
2026.06.16 16:00,1.1656,1.16615,1.1654,1.16555,1.16171,1.16225,1.161575,1.16171,0.004575,0.00315,0.00384
2026.06.16 17:00,1.16555,1.1656,1.16525,1.16535,1.161575,1.16171,1.16144,1.16144,0.00416,0.00354,0.00391
2026.06.16 18:00,1.16535,1.16565,1.16485,1.1652,1.161575,1.16171,1.161036,1.16144,0.004614,0.00314,0.00376
2026.06.16 19:00,1.1652,1.16555,1.1648,1.16505,1.161575,1.16171,1.161036,1.16117,0.004514,0.00309,0.00388
2026.06.16 20:00,1.16505,1.16515,1.16485,1.165,1.161036,1.161305,1.161036,1.161305,0.004114,0.003545,0.003695
2026.06.16 22:00,1.1651,1.16535,1.1649,1.1653,1.16144,1.16171,1.161305,1.161575,0.004045,0.00319,0.003725
2026.06.16 23:00,1.16525,1.16555,1.16495,1.165,1.161575,1.161845,1.161305,1.161305,0.004245,0.003105,0.003695
2026.06.17 00:00,1.16505,1.1657,1.1649,1.1655,1.161305,1.16198,1.161305,1.161845,0.004395,0.00292,0.003655
2026.06.17 01:00,1.1655,1.16565,1.16505,1.1652,1.16171,1.16198,1.16144,1.161575,0.00421,0.00307,0.003625
2026.06.17 02:00,1.1652,1.1655,1.1649,1.1649,1.161575,1.161845,1.161305,1.161305,0.004195,0.003055,0.003595
2026.06.17 03:00,1.165,1.1652,1.1649,1.1651,1.161305,1.161575,1.161305,1.16144,0.003895,0.003325,0.00366
2026.06.17 04:00,1.16515,1.16535,1.16505,1.1652,1.161305,1.16171,1.161305,1.161575,0.004045,0.00334,0.003625
2026.06.17 05:00,1.16525,1.1655,1.1651,1.1652,1.161575,1.161845,1.16144,1.161575,0.00406,0.003255,0.003625
2026.06.17 06:00,1.16525,1.16545,1.1644,1.16475,1.16144,1.161845,1.160766,1.16117,0.004684,0.002555,0.003579
2026.06.17 07:00,1.1648,1.1655,1.1645,1.16485,1.16117,1.161845,1.160766,1.16117,0.004734,0.002655,0.00368
2026.06.17 08:00,1.1648,1.1648,1.16385,1.16425,1.161036,1.161036,1.160227,1.160497,0.004573,0.002814,0.003753
2026.06.17 09:00,1.1642,1.16465,1.1641,1.1644,1.160497,1.160901,1.160497,1.160766,0.004153,0.003199,0.003634
2026.06.17 10:00,1.1644,1.16445,1.1636,1.16375,1.160631,1.160766,1.159958,1.160093,0.004492,0.002834,0.003657
2026.06.17 11:00,1.1637,1.16375,1.1625,1.1632,1.159958,1.159958,1.158883,1.15942,0.004867,0.002542,0.00378
2026.06.17 12:00,1.1632,1.16425,1.16305,1.1642,1.159555,1.160631,1.15942,1.160631,0.00483,0.002419,0.003569
2026.06.17 13:00,1.1642,1.1643,1.1636,1.16375,1.160497,1.160631,1.159958,1.160093,0.004342,0.002969,0.003657
2026.06.17 14:00,1.1637,1.1639,1.1621,1.163,1.160093,1.160093,1.158749,1.159286,0.005151,0.002007,0.003714
2026.06.17 15:00,1.16295,1.1634,1.1627,1.16325,1.159152,1.159689,1.159017,1.159555,0.004383,0.003011,0.003695
2026.06.17 16:00,1.1633,1.16335,1.1629,1.1632,1.159555,1.159555,1.159286,1.159555,0.004064,0.003345,0.003645
2026.06.17 17:00,1.16315,1.1637,1.1627,1.16355,1.15942,1.159958,1.159286,1.159958,0.004414,0.002742,0.003592
2026.06.17 18:00,1.1636,1.1636,1.1576,1.1579,1.155268,1.156604,1.154068,1.154201,0.009532,0.000996,0.003699
2026.06.17 19:00,1.1579,1.1582,1.1517,1.1535,1.154335,1.154335,1.148237,1.14969,0.009963,-0.002635,0.00381
2026.06.17 20:00,1.15345,1.1546,1.15275,1.15415,1.150086,1.15088,1.149029,1.150483,0.005571,0.00187,0.003667
2026.06.17 22:00,1.1543,1.1546,1.154,1.1545,1.150616,1.151013,1.150351,1.15088,0.004249,0.002987,0.00362
2026.06.17 23:00,1.1545,1.1549,1.1544,1.1547,1.150748,1.151145,1.150748,1.151013,0.004152,0.003255,0.003687
2026.06.18 00:00,1.15475,1.1561,1.1547,1.15565,1.151278,1.152339,1.151278,1.151941,0.004822,0.002361,0.003709
2026.06.18 01:00,1.1556,1.1563,1.15555,1.1557,1.151941,1.152605,1.151941,1.151941,0.004359,0.002945,0.003759
2026.06.18 02:00,1.1557,1.1561,1.15535,1.15585,1.152074,1.152605,1.151676,1.152206,0.004424,0.002745,0.003644
2026.06.18 03:00,1.15585,1.1565,1.1558,1.15635,1.152206,1.152738,1.152074,1.152738,0.004426,0.003062,0.003612
2026.06.18 04:00,1.15645,1.1566,1.1561,1.1564,1.152871,1.152871,1.152472,1.152605,0.004128,0.003229,0.003795
2026.06.18 05:00,1.1564,1.1565,1.15505,1.1551,1.152605,1.152738,1.15141,1.15141,0.00509,0.002312,0.00369
2026.06.18 06:00,1.15515,1.1569,1.15505,1.15605,1.151676,1.153136,1.151676,1.152339,0.005224,0.001914,0.003711
2026.06.18 07:00,1.156,1.15635,1.1547,1.15535,1.152206,1.152339,1.151013,1.151543,0.005337,0.002361,0.003807
2026.06.18 08:00,1.15535,1.1554,1.1523,1.15235,1.151543,1.151676,1.148633,1.148633,0.006767,0.000624,0.003717
2026.06.18 09:00,1.15235,1.15265,1.1515,1.15175,1.148237,1.148897,1.147842,1.148106,0.004808,0.002603,0.003644
2026.06.18 10:00,1.15175,1.15175,1.15,1.1501,1.147974,1.147974,1.146263,1.146395,0.005487,0.002026,0.003705
2026.06.18 11:00,1.1502,1.15075,1.14945,1.1498,1.146526,1.14692,1.145738,1.146132,0.005012,0.00253,0.003668
2026.06.18 12:00,1.14975,1.1522,1.1494,1.151,1.145869,1.148369,1.145738,1.147315,0.006462,0.001031,0.003685
2026.06.18 13:00,1.151,1.15245,1.15035,1.15125,1.147184,1.148633,1.146657,1.147447,0.005792,0.001717,0.003803
2026.06.18 14:00,1.15125,1.1528,1.1508,1.1527,1.147579,1.149029,1.147052,1.148897,0.005748,0.001771,0.003803
2026.06.18 15:00,1.1527,1.1528,1.15095,1.151,1.149029,1.149029,1.147315,1.147315,0.005485,0.001921,0.003685
2026.06.18 16:00,1.151,1.15125,1.1502,1.15055,1.147447,1.147447,1.146526,1.14692,0.004724,0.002753,0.00363
2026.06.18 17:00,1.15065,1.1514,1.1503,1.1503,1.146789,1.14771,1.146526,1.146526,0.004874,0.00259,0.003774
2026.06.18 18:00,1.15035,1.15065,1.14995,1.15,1.146526,1.14692,1.146263,1.146395,0.004387,0.00303,0.003605
2026.06.18 19:00,1.15,1.15035,1.1492,1.14985,1.146263,1.146526,1.145475,1.146132,0.004875,0.002674,0.003718
2026.06.18 20:00,1.1499,1.15035,1.14965,1.1499,1.146,1.146657,1.146,1.146,0.00435,0.002993,0.0039
2026.06.18 22:00,1.15,1.1504,1.14985,1.15035,1.146395,1.146789,1.146263,1.146657,0.004137,0.003061,0.003693
2026.06.18 23:00,1.15035,1.15035,1.1497,1.14985,1.146526,1.146526,1.146132,1.146132,0.004218,0.003174,0.003718
2026.06.19 00:00,1.14985,1.1506,1.14985,1.1502,1.146526,1.146789,1.146395,1.146657,0.004205,0.003061,0.003543
2026.06.19 01:00,1.15025,1.15035,1.14925,1.14935,1.146657,1.146657,1.145607,1.145607,0.004743,0.002593,0.003743
2026.06.19 02:00,1.1493,1.1498,1.1492,1.1495,1.145607,1.146132,1.145475,1.145738,0.004325,0.003068,0.003762
2026.06.19 03:00,1.1495,1.1495,1.1482,1.14825,1.145738,1.145738,1.144558,1.144558,0.004942,0.002462,0.003692
2026.06.21 23:00,1.15025,1.1509,1.1498,1.1502,1.146657,1.14692,1.146132,1.146526,0.004768,0.00288,0.003674
2026.06.22 00:00,1.15025,1.1509,1.14975,1.15065,1.146657,1.14692,1.146132,1.14692,0.004768,0.00283,0.00373
2026.06.22 01:00,1.15065,1.15135,1.15045,1.15045,1.147184,1.147579,1.146789,1.146789,0.004561,0.002871,0.003661
2026.06.22 02:00,1.15035,1.1509,1.14995,1.1506,1.146657,1.147052,1.146395,1.14692,0.004505,0.002898,0.00368
2026.06.22 03:00,1.15055,1.1509,1.14945,1.14955,1.14692,1.147052,1.145869,1.146,0.005031,0.002398,0.00355
2026.06.22 04:00,1.1496,1.1497,1.14925,1.14955,1.146,1.146,1.145607,1.145869,0.004093,0.00325,0.003681
2026.06.22 05:00,1.1496,1.1503,1.14935,1.14945,1.145869,1.146657,1.145869,1.145869,0.004431,0.002693,0.003581
2026.06.22 06:00,1.1494,1.1503,1.14925,1.15,1.145607,1.146526,1.145607,1.146263,0.004693,0.002724,0.003737
2026.06.22 07:00,1.15,1.15025,1.14845,1.1486,1.146395,1.146526,1.14482,1.144951,0.00543,0.001924,0.003649
2026.06.22 08:00,1.1486,1.1493,1.14815,1.14905,1.144951,1.145738,1.144558,1.145344,0.004742,0.002412,0.003706
2026.06.22 09:00,1.1491,1.15025,1.149,1.1498,1.145344,1.146526,1.145344,1.146132,0.004906,0.002474,0.003668
2026.06.22 10:00,1.14975,1.15035,1.14945,1.1496,1.146,1.146657,1.145869,1.145869,0.004481,0.002792,0.003731
2026.06.22 11:00,1.1496,1.15,1.1487,1.14885,1.145738,1.146,1.145082,1.145082,0.004918,0.0027,0.003768
2026.06.22 12:00,1.1489,1.1502,1.14875,1.1495,1.145213,1.146526,1.145213,1.145869,0.004987,0.002224,0.003631
2026.06.22 13:00,1.1495,1.1495,1.14685,1.1469,1.145082,1.145082,1.143249,1.143249,0.006251,0.001768,0.003651
2026.06.22 14:00,1.14685,1.1491,1.1466,1.1485,1.143249,1.145344,1.142857,1.14482,0.006243,0.001256,0.00368
2026.06.22 15:00,1.14855,1.14905,1.14705,1.1472,1.144951,1.145344,1.143511,1.143511,0.005539,0.001706,0.003689
2026.06.22 16:00,1.14725,1.14725,1.1466,1.14715,1.143511,1.143511,1.142857,1.143511,0.004393,0.003089,0.003639
2026.06.22 17:00,1.1471,1.14745,1.14675,1.1469,1.14338,1.143641,1.143118,1.143249,0.004332,0.003109,0.003651
2026.06.22 18:00,1.14695,1.1472,1.1462,1.14645,1.143249,1.143511,1.142596,1.142596,0.004604,0.002689,0.003854
2026.06.22 19:00,1.1464,1.14655,1.1459,1.14645,1.142857,1.142857,1.142204,1.142727,0.004346,0.003043,0.003724
2026.06.22 20:00,1.1465,1.14695,1.14645,1.1468,1.142857,1.143249,1.142857,1.142988,0.004093,0.003201,0.003812
2026.06.22 22:00,1.1467,1.1469,1.14655,1.14675,1.142988,1.143249,1.142857,1.143118,0.004043,0.003301,0.003632
2026.06.22 23:00,1.1467,1.14685,1.14655,1.14665,1.143118,1.143249,1.142988,1.142988,0.003862,0.003301,0.003662
2026.06.23 00:00,1.1466,1.14675,1.14625,1.14665,1.142857,1.143118,1.142596,1.142988,0.004154,0.003132,0.003662
2026.06.23 01:00,1.1467,1.1468,1.1462,1.14665,1.143118,1.143118,1.142596,1.142988,0.004204,0.003082,0.003662
2026.06.23 02:00,1.1467,1.14715,1.1465,1.14655,1.142988,1.143641,1.142857,1.142988,0.004293,0.002859,0.003562
2026.06.23 03:00,1.1466,1.14695,1.14585,1.14695,1.142988,1.143249,1.142335,1.143249,0.004615,0.002601,0.003701
2026.06.23 04:00,1.1469,1.1469,1.14595,1.14605,1.143249,1.14338,1.142335,1.142335,0.004565,0.00257,0.003715
2026.06.23 05:00,1.14605,1.1466,1.1459,1.1463,1.142335,1.142857,1.142335,1.142596,0.004265,0.003043,0.003704
2026.06.23 06:00,1.14625,1.147,1.14595,1.1463,1.142596,1.143249,1.142335,1.142727,0.004665,0.002701,0.003573
2026.06.23 07:00,1.14625,1.1479,1.14495,1.14515,1.142727,1.144165,1.141292,1.141553,0.006608,0.000785,0.003597
2026.06.23 08:00,1.1452,1.1457,1.14445,1.1448,1.141553,1.141944,1.140771,1.141162,0.004929,0.002506,0.003638
2026.06.23 09:00,1.1448,1.1451,1.14455,1.14505,1.141032,1.141422,1.141032,1.141422,0.004068,0.003128,0.003628
2026.06.23 10:00,1.14505,1.1452,1.1435,1.14405,1.141553,1.141553,1.139991,1.140381,0.005209,0.001947,0.003669
2026.06.23 11:00,1.14405,1.14425,1.14235,1.14255,1.140511,1.140511,1.138822,1.138822,0.005428,0.001839,0.003728
2026.06.23 12:00,1.14255,1.14345,1.1422,1.14285,1.138952,1.139861,1.138693,1.139212,0.004757,0.002339,0.003638
2026.06.23 13:00,1.14285,1.14395,1.14245,1.1429,1.139212,1.140251,1.138822,1.139212,0.005128,0.002199,0.003688
2026.06.23 14:00,1.14295,1.1431,1.14125,1.14215,1.139341,1.139341,1.138045,1.138563,0.005055,0.001909,0.003587
2026.06.23 15:00,1.1422,1.1425,1.14145,1.14225,1.138563,1.138822,1.137915,1.138563,0.004585,0.002628,0.003687
2026.06.23 16:00,1.1423,1.14235,1.14185,1.1419,1.138563,1.138693,1.138174,1.138304,0.004176,0.003157,0.003596
2026.06.23 17:00,1.14195,1.14215,1.14165,1.1419,1.138174,1.138433,1.138045,1.138304,0.004105,0.003217,0.003596
2026.06.23 18:00,1.14195,1.14205,1.14155,1.1419,1.138304,1.138433,1.137915,1.138174,0.004135,0.003116,0.003726
2026.06.23 19:00,1.14185,1.14225,1.14185,1.1419,1.138174,1.138563,1.138174,1.138304,0.004076,0.003287,0.003596
2026.06.23 20:00,1.14185,1.14215,1.1418,1.14195,1.138174,1.138563,1.138174,1.138433,0.003976,0.003237,0.003517
2026.06.23 22:00,1.1422,1.14225,1.14185,1.14205,1.138693,1.138693,1.138174,1.138433,0.004076,0.003157,0.003617
2026.06.23 23:00,1.14205,1.14225,1.14185,1.14185,1.138433,1.138693,1.138174,1.138304,0.004076,0.003157,0.003546
2026.06.24 00:00,1.1418,1.14215,1.14125,1.14155,1.138174,1.138563,1.137656,1.137915,0.004494,0.002687,0.003635
2026.06.24 01:00,1.14155,1.1416,1.14105,1.1416,1.137915,1.138045,1.137398,1.137915,0.004202,0.003005,0.003685
2026.06.24 02:00,1.14155,1.1416,1.1406,1.1407,1.137915,1.137915,1.137139,1.137139,0.004461,0.002685,0.003561
2026.06.24 03:00,1.14065,1.1408,1.1401,1.1407,1.137139,1.137139,1.136493,1.13701,0.004307,0.002961,0.00369
2026.06.24 04:00,1.14015,1.14065,1.14005,1.1402,1.13701,1.13701,1.136493,1.136622,0.004157,0.00304,0.003578
2026.06.24 05:00,1.14025,1.14075,1.1402,1.14075,1.136622,1.137139,1.136622,1.13701,0.004128,0.003061,0.00374
2026.06.24 06:00,1.1407,1.14145,1.1397,1.1399,1.137139,1.137786,1.136235,1.136235,0.005216,0.001914,0.003665
2026.06.24 07:00,1.13985,1.1401,1.13905,1.13905,1.136235,1.136364,1.135589,1.135589,0.004511,0.002686,0.003461
2026.06.24 08:00,1.13905,1.1395,1.13775,1.13925,1.135589,1.135847,1.134173,1.135589,0.005327,0.001903,0.003661
2026.06.24 09:00,1.1392,1.1393,1.1384,1.13855,1.135589,1.135718,1.134816,1.135074,0.004484,0.002682,0.003476
2026.06.24 10:00,1.1385,1.13855,1.1378,1.1379,1.134945,1.134945,1.134173,1.13443,0.004377,0.002855,0.00347
2026.06.24 11:00,1.13795,1.13885,1.1376,1.13795,1.13443,1.135203,1.134173,1.134173,0.004677,0.002397,0.003777
2026.06.24 12:00,1.13795,1.13855,1.13645,1.13685,1.13443,1.134816,1.132888,1.133144,0.005662,0.001634,0.003706
2026.06.24 13:00,1.13685,1.1387,1.13635,1.13835,1.133273,1.134945,1.132888,1.134816,0.005812,0.001405,0.003534
2026.06.24 14:00,1.13835,1.13915,1.1375,1.1381,1.134687,1.13546,1.133915,1.13443,0.005235,0.00204,0.00367
2026.06.24 15:00,1.13805,1.14015,1.1379,1.13875,1.13443,1.136364,1.13443,1.135332,0.00572,0.001536,0.003418
2026.06.24 16:00,1.13875,1.1407,1.1386,1.1399,1.135203,1.13701,1.135074,1.136235,0.005626,0.00159,0.003665
2026.06.24 17:00,1.13985,1.14005,1.1388,1.13885,1.136364,1.136364,1.135203,1.135332,0.004847,0.002436,0.003518
2026.06.24 18:00,1.1389,1.14,1.1389,1.1394,1.13546,1.136364,1.13546,1.135718,0.004539,0.002536,0.003682
2026.06.24 19:00,1.1394,1.1398,1.13895,1.1393,1.135976,1.136105,1.13546,1.135718,0.004339,0.002845,0.003582
2026.06.24 20:00,1.13925,1.13995,1.13915,1.1399,1.135589,1.136235,1.135589,1.136105,0.004361,0.002916,0.003795
2026.06.24 22:00,1.1399,1.1399,1.13925,1.1393,1.136364,1.136364,1.135847,1.135847,0.004053,0.002886,0.003453
2026.06.24 23:00,1.13935,1.1394,1.13905,1.13915,1.135847,1.135976,1.135589,1.135718,0.003811,0.003074,0.003432
2026.06.25 00:00,1.1392,1.13925,1.13855,1.1391,1.135589,1.135718,1.135203,1.135589,0.004047,0.002832,0.003511
2026.06.25 01:00,1.1391,1.14055,1.1391,1.1396,1.135718,1.13701,1.135718,1.136105,0.004832,0.00209,0.003495
2026.06.25 02:00,1.13955,1.1403,1.13945,1.1401,1.136105,1.13688,1.136105,1.136622,0.004195,0.00257,0.003478
2026.06.25 03:00,1.14005,1.1409,1.14005,1.1407,1.136751,1.137398,1.136751,1.137268,0.004149,0.002652,0.003432
2026.06.25 04:00,1.14065,1.14085,1.14035,1.1405,1.137398,1.137398,1.13701,1.137139,0.00384,0.002952,0.003361
2026.06.25 05:00,1.14045,1.14055,1.13975,1.1399,1.13701,1.137139,1.136364,1.136493,0.004186,0.002611,0.003407
2026.06.25 06:00,1.13985,1.1403,1.13905,1.13905,1.136622,1.136751,1.135589,1.135718,0.004711,0.002299,0.003332
2026.06.25 07:00,1.13905,1.1398,1.13825,1.1397,1.135718,1.136235,1.134945,1.136235,0.004855,0.002015,0.003466
2026.06.25 08:00,1.13975,1.14105,1.1397,1.14055,1.136364,1.137527,1.136364,1.13701,0.004686,0.002173,0.00354
2026.06.25 09:00,1.14055,1.1412,1.13995,1.13995,1.13701,1.137527,1.136622,1.136622,0.004578,0.002423,0.003328
2026.06.25 10:00,1.13995,1.14,1.1381,1.13835,1.136493,1.136493,1.134687,1.134816,0.005313,0.001607,0.003534
2026.06.25 11:00,1.1384,1.1384,1.13715,1.13755,1.134816,1.134816,1.133658,1.134044,0.004742,0.002334,0.003506
2026.06.25 12:00,1.13755,1.1402,1.1374,1.13915,1.134044,1.136622,1.134044,1.135589,0.006156,0.000778,0.003561
2026.06.25 13:00,1.13915,1.1407,1.1387,1.1401,1.135847,1.13701,1.135332,1.136493,0.005368,0.00169,0.003607
2026.06.25 14:00,1.1401,1.1421,1.14005,1.14125,1.136751,1.138433,1.136751,1.137786,0.005349,0.001617,0.003464
2026.06.25 15:00,1.14125,1.1426,1.1411,1.1422,1.137915,1.139082,1.137786,1.138822,0.004814,0.002018,0.003378
2026.06.25 16:00,1.1422,1.1425,1.1411,1.1412,1.138563,1.138952,1.137656,1.137786,0.004844,0.002148,0.003414
2026.06.25 17:00,1.1412,1.14155,1.14095,1.1412,1.137656,1.138045,1.137527,1.137786,0.004023,0.002905,0.003414
2026.06.25 18:00,1.1412,1.1418,1.14075,1.14105,1.137786,1.138304,1.137398,1.137786,0.004402,0.002446,0.003264
2026.06.25 19:00,1.14105,1.1418,1.14065,1.141,1.137786,1.138174,1.137268,1.137656,0.004532,0.002476,0.003344
2026.06.25 20:00,1.141,1.1412,1.14065,1.14065,1.137656,1.137786,1.137268,1.137268,0.003932,0.002864,0.003382
2026.06.25 22:00,1.14105,1.14105,1.1404,1.1407,1.137656,1.137656,1.137139,1.137268,0.003911,0.002744,0.003432
2026.06.25 23:00,1.1407,1.1408,1.1397,1.13985,1.137268,1.137268,1.136364,1.136493,0.004436,0.002432,0.003357
2026.06.26 00:00,1.1399,1.1404,1.1398,1.1402,1.136493,1.13701,1.136493,1.13688,0.003907,0.00279,0.00332
2026.06.26 01:00,1.1402,1.14065,1.1393,1.1397,1.13701,1.137268,1.136105,1.136235,0.004545,0.002032,0.003466
2026.06.26 02:00,1.13965,1.13995,1.13915,1.1396,1.136235,1.136622,1.135718,1.136235,0.004232,0.002528,0.003366
2026.06.26 03:00,1.1396,1.14085,1.1396,1.1408,1.136235,1.137527,1.136235,1.137398,0.004615,0.002073,0.003402
2026.06.26 04:00,1.14075,1.1414,1.1406,1.1414,1.137398,1.137915,1.137268,1.137915,0.004132,0.002685,0.003485
2026.06.26 05:00,1.14135,1.1419,1.1412,1.14155,1.138045,1.138433,1.137915,1.138304,0.003985,0.002766,0.003246
2026.06.26 06:00,1.1415,1.14195,1.14085,1.1412,1.138174,1.138433,1.137527,1.137915,0.004423,0.002416,0.003285
2026.06.26 07:00,1.1412,1.1426,1.14105,1.14235,1.137786,1.139212,1.137656,1.139082,0.004944,0.001838,0.003268
2026.06.26 08:00,1.14235,1.14445,1.14205,1.14385,1.139082,1.140901,1.138693,1.140511,0.005757,0.001149,0.003339
2026.06.26 09:00,1.14385,1.14495,1.1433,1.1444,1.140381,1.141553,1.139991,1.141032,0.004959,0.001747,0.003368
2026.06.26 10:00,1.1444,1.14455,1.14375,1.14425,1.141162,1.141162,1.140381,1.140771,0.004169,0.002588,0.003479
2026.06.26 11:00,1.14425,1.1444,1.1431,1.1436,1.140901,1.140901,1.139861,1.140121,0.004539,0.002199,0.003479
2026.06.26 12:00,1.1436,1.1471,1.1435,1.14645,1.140121,1.14338,1.140121,1.14338,0.006979,0.00012,0.00307
2026.06.26 13:00,1.1465,1.1467,1.1449,1.14625,1.143118,1.143118,1.141683,1.142727,0.005017,0.001782,0.003523
2026.06.26 14:00,1.14625,1.14685,1.1431,1.14315,1.142857,1.142857,1.139861,1.139861,0.006989,0.000243,0.003289
2026.06.26 15:00,1.1432,1.14455,1.14295,1.144,1.139601,1.141162,1.139601,1.140641,0.004949,0.001788,0.003359
2026.06.26 16:00,1.144,1.1441,1.14205,1.14275,1.140641,1.140641,1.138693,1.139341,0.005407,0.001409,0.003409
2026.06.26 17:00,1.14275,1.14305,1.1422,1.1424,1.139212,1.139601,1.138822,1.138952,0.004228,0.002599,0.003448
2026.06.26 18:00,1.1424,1.1429,1.14225,1.14235,1.138952,1.139471,1.138952,1.139082,0.003948,0.002779,0.003268
2026.06.26 19:00,1.1423,1.14265,1.1418,1.1424,1.138952,1.139212,1.138433,1.139082,0.004217,0.002588,0.003318
2026.06.26 20:00,1.14245,1.1429,1.14185,1.14235,1.139082,1.139471,1.138563,1.139082,0.004337,0.002379,0.003268
2026.06.28 23:00,1.14215,1.14235,1.1419,1.1422,1.138952,1.139082,1.138563,1.138952,0.003787,0.002818,0.003248
2026.06.29 00:00,1.14215,1.1426,1.142,1.1424,1.138952,1.139212,1.138693,1.139212,0.003907,0.002788,0.003188
2026.06.29 01:00,1.14245,1.14275,1.14215,1.14215,1.139082,1.139341,1.138822,1.138822,0.003928,0.002809,0.003328
2026.06.29 02:00,1.14215,1.143,1.1421,1.14245,1.138822,1.139601,1.138822,1.139212,0.004178,0.002499,0.003238
2026.06.29 03:00,1.14245,1.14265,1.14205,1.1421,1.139082,1.139341,1.138822,1.138822,0.003828,0.002709,0.003278
2026.06.29 04:00,1.14195,1.14215,1.14175,1.1419,1.138693,1.138822,1.138433,1.138563,0.003717,0.002928,0.003337
2026.06.29 05:00,1.1419,1.14315,1.1419,1.1431,1.138563,1.139861,1.138563,1.139731,0.004587,0.002039,0.003369
2026.06.29 06:00,1.14305,1.1452,1.1429,1.1449,1.139731,1.141813,1.139601,1.141813,0.005599,0.001087,0.003087
2026.06.29 07:00,1.14485,1.14495,1.14365,1.1439,1.141553,1.141553,1.140381,1.140511,0.004569,0.002097,0.003389
2026.06.29 08:00,1.14395,1.1444,1.14295,1.14325,1.140641,1.141032,1.139601,1.139861,0.004799,0.001919,0.003389
2026.06.29 09:00,1.1433,1.1441,1.14315,1.144,1.139861,1.140511,1.139861,1.140511,0.004239,0.002639,0.003489
2026.06.29 10:00,1.14395,1.14425,1.1436,1.14415,1.140641,1.140901,1.140381,1.140771,0.003869,0.002699,0.003379
2026.06.29 11:00,1.14415,1.14485,1.14355,1.14455,1.140771,1.141422,1.140251,1.141292,0.004599,0.002128,0.003258
2026.06.29 12:00,1.1446,1.1446,1.1437,1.1439,1.141162,1.141162,1.140381,1.140511,0.004219,0.002538,0.003389
2026.06.29 13:00,1.14395,1.1449,1.1437,1.14465,1.140641,1.141422,1.140381,1.141292,0.004519,0.002278,0.003358
2026.06.29 14:00,1.1447,1.146,1.1441,1.14585,1.141422,1.142596,1.140901,1.142465,0.005099,0.001504,0.003384
2026.06.29 15:00,1.14585,1.14615,1.14535,1.14605,1.142465,1.142857,1.142074,1.142596,0.004076,0.002493,0.003454
2026.06.29 16:00,1.14605,1.14675,1.146,1.1463,1.142727,1.14338,1.142727,1.142988,0.004023,0.00262,0.003312
2026.06.29 17:00,1.1463,1.1465,1.1458,1.14635,1.142988,1.143118,1.142465,1.142988,0.004035,0.002682,0.003362
2026.06.29 18:00,1.14635,1.14655,1.1461,1.1462,1.142988,1.143249,1.142857,1.142857,0.003693,0.002851,0.003343
2026.06.29 19:00,1.1462,1.14635,1.14585,1.1462,1.142857,1.142988,1.142596,1.142857,0.003754,0.002862,0.003343
2026.06.29 20:00,1.14625,1.1464,1.1459,1.14595,1.142857,1.142988,1.142596,1.142727,0.003804,0.002912,0.003223
2026.06.29 22:00,1.1458,1.14625,1.1458,1.1461,1.142596,1.142857,1.142596,1.142857,0.003654,0.002943,0.003243
2026.06.29 23:00,1.1461,1.1461,1.14555,1.14555,1.142857,1.142857,1.142335,1.142335,0.003765,0.002693,0.003215
2026.06.30 00:00,1.1455,1.14565,1.14485,1.1452,1.142204,1.142335,1.141553,1.141944,0.004097,0.002515,0.003256
2026.06.30 01:00,1.14525,1.1453,1.14385,1.14405,1.142074,1.142074,1.140771,1.140771,0.004529,0.001776,0.003279
2026.06.30 02:00,1.14405,1.1443,1.1438,1.14395,1.140771,1.140901,1.140641,1.140641,0.003659,0.002899,0.003309
2026.06.30 03:00,1.144,1.1441,1.1433,1.1435,1.140641,1.140901,1.139991,1.140251,0.004109,0.002399,0.003249
2026.06.30 04:00,1.14345,1.14355,1.1425,1.14255,1.140121,1.140251,1.139341,1.139341,0.004209,0.002249,0.003209
2026.06.30 05:00,1.1426,1.1429,1.14185,1.14205,1.139212,1.139601,1.138693,1.138693,0.004207,0.002249,0.003357
2026.06.30 06:00,1.14205,1.14405,1.14195,1.1439,1.138822,1.140641,1.138693,1.140641,0.005357,0.001309,0.003259
2026.06.30 07:00,1.1439,1.14475,1.1433,1.14345,1.140641,1.141162,1.140121,1.140251,0.004629,0.002138,0.003199
2026.06.30 08:00,1.14345,1.1436,1.14195,1.14295,1.139991,1.140121,1.138693,1.139601,0.004907,0.001829,0.003349
2026.06.30 09:00,1.1429,1.14345,1.1425,1.1433,1.139471,1.140121,1.139212,1.140121,0.004238,0.002379,0.003179
2026.06.30 10:00,1.1433,1.1438,1.14285,1.1438,1.139991,1.140511,1.139601,1.140511,0.004199,0.002339,0.003289
2026.06.30 11:00,1.1438,1.14385,1.14225,1.14295,1.140511,1.140511,1.139082,1.139601,0.004768,0.001739,0.003349
2026.06.30 12:00,1.1429,1.14385,1.1425,1.1432,1.139601,1.140511,1.139212,1.139991,0.004638,0.001989,0.003209
2026.06.30 13:00,1.1432,1.1443,1.143,1.14325,1.139991,1.140901,1.139861,1.140121,0.004439,0.002099,0.003129
2026.06.30 14:00,1.14325,1.14715,1.1427,1.1469,1.139991,1.143641,1.139601,1.143641,0.007549,-0.000941,0.003259
2026.06.30 15:00,1.14685,1.14725,1.14515,1.1453,1.143641,1.143641,1.141944,1.141944,0.005306,0.001509,0.003356
2026.06.30 16:00,1.14535,1.1454,1.14485,1.145,1.142074,1.142074,1.141553,1.141683,0.003847,0.002776,0.003317
2026.06.30 17:00,1.14505,1.1458,1.14505,1.14575,1.141813,1.142596,1.141813,1.142465,0.003987,0.002454,0.003285
2026.06.30 18:00,1.1458,1.1463,1.14535,1.1457,1.142465,1.142988,1.142335,1.142596,0.003965,0.002362,0.003104
2026.06.30 19:00,1.14565,1.1463,1.1452,1.14625,1.142335,1.142988,1.141944,1.142988,0.004356,0.002212,0.003262
2026.06.30 20:00,1.1462,1.14635,1.14565,1.1458,1.142988,1.142988,1.142465,1.142465,0.003885,0.002662,0.003335
2026.06.30 22:00,1.1458,1.1459,1.1454,1.14555,1.142596,1.142596,1.142204,1.142335,0.003696,0.002804,0.003215
2026.06.30 23:00,1.1456,1.1456,1.14485,1.14485,1.142335,1.142335,1.141553,1.141683,0.004047,0.002515,0.003167
2026.07.01 00:00,1.1449,1.145,1.1444,1.14455,1.141683,1.141683,1.141162,1.141422,0.003838,0.002717,0.003128
2026.07.01 01:00,1.1445,1.1445,1.14385,1.144,1.141292,1.141292,1.140641,1.140771,0.003859,0.002558,0.003229
2026.07.01 02:00,1.144,1.1444,1.14385,1.1441,1.140771,1.141162,1.140641,1.140901,0.003759,0.002688,0.003199
2026.07.01 03:00,1.1441,1.14435,1.1437,1.144,1.140901,1.141162,1.140511,1.140771,0.003839,0.002538,0.003229
2026.07.01 04:00,1.1438,1.1447,1.1438,1.14445,1.140771,1.141422,1.140641,1.141292,0.004059,0.002378,0.003158
2026.07.01 05:00,1.1444,1.1446,1.1439,1.1441,1.141162,1.141422,1.140771,1.140901,0.003829,0.002478,0.003199
2026.07.01 06:00,1.1441,1.14455,1.14355,1.14385,1.140901,1.141162,1.140381,1.140641,0.004169,0.002388,0.003209
2026.07.01 07:00,1.14385,1.14395,1.14285,1.1438,1.140641,1.140641,1.139601,1.140511,0.004349,0.002209,0.003289
2026.07.01 08:00,1.14375,1.14395,1.143,1.1432,1.140511,1.140641,1.139731,1.139861,0.004219,0.002359,0.003339
2026.07.01 09:00,1.1432,1.1435,1.14205,1.14235,1.139731,1.140251,1.138952,1.139082,0.004548,0.001799,0.003268
2026.07.01 10:00,1.14235,1.14365,1.1422,1.14335,1.139082,1.140251,1.138952,1.140251,0.004698,0.001949,0.003099
2026.07.01 11:00,1.14335,1.14345,1.14205,1.14215,1.140121,1.140121,1.138952,1.138952,0.004498,0.001929,0.003198
2026.07.01 12:00,1.14215,1.14235,1.14045,1.1407,1.138952,1.139082,1.137268,1.137527,0.005082,0.001368,0.003173
2026.07.01 13:00,1.1407,1.14475,1.13975,1.1431,1.137398,1.141292,1.136622,1.139731,0.008128,-0.001542,0.003369
2026.07.01 14:00,1.14315,1.1441,1.142,1.14305,1.140121,1.140641,1.138952,1.139731,0.005148,0.001359,0.003319
2026.07.01 15:00,1.14305,1.14315,1.1414,1.1419,1.139861,1.139861,1.138304,1.138693,0.004846,0.001539,0.003207
2026.07.01 16:00,1.14195,1.14295,1.14155,1.1418,1.138693,1.139731,1.138304,1.138563,0.004646,0.001819,0.003237
2026.07.01 17:00,1.1418,1.14215,1.14145,1.14165,1.138563,1.138952,1.138304,1.138433,0.003846,0.002498,0.003217
2026.07.01 18:00,1.14165,1.1418,1.1411,1.1415,1.138433,1.138563,1.137915,1.138304,0.003885,0.002537,0.003196
2026.07.01 19:00,1.1415,1.1417,1.1413,1.1414,1.138304,1.138433,1.138045,1.138304,0.003655,0.002867,0.003096
2026.07.01 20:00,1.1414,1.1415,1.1409,1.1412,1.138174,1.138304,1.137786,1.138045,0.003714,0.002596,0.003155
2026.07.01 22:00,1.14115,1.1414,1.1411,1.1413,1.138304,1.138304,1.138045,1.138174,0.003355,0.002796,0.003126
2026.07.01 23:00,1.14135,1.14135,1.14115,1.1412,1.138174,1.138174,1.138045,1.138045,0.003305,0.002976,0.003155
2026.07.02 00:00,1.14115,1.1417,1.14085,1.1411,1.138045,1.138563,1.137915,1.138045,0.003785,0.002287,0.003055
2026.07.02 01:00,1.14105,1.142,1.14105,1.1416,1.138045,1.138822,1.138045,1.138433,0.003955,0.002228,0.003167
2026.07.02 02:00,1.1416,1.14225,1.14155,1.14165,1.138433,1.139212,1.138433,1.138563,0.003816,0.002338,0.003087
2026.07.02 03:00,1.14165,1.14175,1.14125,1.14155,1.138563,1.138693,1.138174,1.138563,0.003576,0.002557,0.002987
2026.07.02 04:00,1.14205,1.14225,1.14185,1.1421,1.138563,1.139082,1.138563,1.139082,0.003687,0.002768,0.003018
2026.07.02 05:00,1.1421,1.14225,1.14155,1.14195,1.139082,1.139212,1.138563,1.138952,0.003687,0.002338,0.002998
2026.07.02 06:00,1.14195,1.14385,1.1419,1.1429,1.138952,1.140641,1.138952,1.139861,0.004898,0.001259,0.003039
2026.07.02 07:00,1.1429,1.14435,1.1425,1.1442,1.139731,1.141292,1.139471,1.141162,0.004879,0.001208,0.003038
2026.07.02 08:00,1.1442,1.14555,1.1441,1.1454,1.141162,1.142335,1.141162,1.142204,0.004388,0.001765,0.003196
2026.07.02 09:00,1.14545,1.14555,1.14425,1.14445,1.142335,1.142335,1.141292,1.141553,0.004258,0.001915,0.002897
2026.07.02 10:00,1.1444,1.14455,1.14375,1.14445,1.141292,1.141422,1.140771,1.141292,0.003779,0.002328,0.003158
2026.07.02 11:00,1.1445,1.1449,1.1435,1.1438,1.141422,1.141813,1.140381,1.140641,0.004519,0.001687,0.003159
2026.07.02 12:00,1.14385,1.15065,1.14295,1.1486,1.140641,1.147447,1.139861,1.145344,0.010789,-0.004497,0.003256
2026.07.02 13:00,1.14855,1.1489,1.1473,1.1485,1.145475,1.145738,1.144427,1.145213,0.004473,0.001562,0.003287
2026.07.02 14:00,1.1485,1.14925,1.1468,1.1478,1.145344,1.146132,1.143772,1.144689,0.005478,0.000668,0.003111
2026.07.02 15:00,1.1478,1.1484,1.14735,1.14815,1.144689,1.145344,1.144427,1.145082,0.003973,0.002006,0.003068
2026.07.02 16:00,1.14815,1.1482,1.14695,1.14715,1.145082,1.145082,1.143903,1.144165,0.004297,0.001868,0.002985
2026.07.02 17:00,1.14715,1.14715,1.14625,1.14645,1.144034,1.144034,1.143249,1.143249,0.003901,0.002216,0.003201
2026.07.02 18:00,1.1464,1.14705,1.14635,1.14665,1.14338,1.144034,1.14338,1.143641,0.00367,0.002316,0.003009
2026.07.02 19:00,1.14665,1.14675,1.146,1.14645,1.143641,1.143641,1.142988,1.14338,0.003762,0.002359,0.00307
2026.07.02 20:00,1.1465,1.14695,1.14635,1.14655,1.14338,1.143903,1.14338,1.143641,0.00357,0.002447,0.002909
2026.07.02 22:00,1.1469,1.1469,1.14605,1.1462,1.143641,1.143903,1.143118,1.143118,0.003782,0.002147,0.003082
2026.07.02 23:00,1.14625,1.14635,1.1455,1.14555,1.143249,1.14338,1.142596,1.142596,0.003754,0.00212,0.002954
2026.07.03 00:00,1.1456,1.1464,1.14535,1.1464,1.142727,1.14338,1.142335,1.14338,0.004065,0.00197,0.00302
2026.07.03 01:00,1.1464,1.1478,1.1463,1.147,1.14338,1.144689,1.14338,1.144034,0.00442,0.001611,0.002966
2026.07.03 02:00,1.147,1.1478,1.1469,1.1473,1.144034,1.14482,1.143903,1.144296,0.003897,0.00208,0.003004
2026.07.03 03:00,1.1473,1.1475,1.14705,1.14745,1.144296,1.144427,1.144034,1.144427,0.003466,0.002623,0.003023
