time,futOpen,futHigh,futLow,futClose,futVolume,spotOpen,spotHigh,spotLow,spotClose,spotVolume,hiFP,loFP,fp
2024.07.07 23:00,0.006286,0.006293,0.006284,0.006291,2637,160.761993,160.813004,160.569,160.632004,0,-1.678691,-1.662283,-1.674768
2024.07.08 00:00,0.006291,0.006294,0.006287,0.006292,5675,160.638,160.729996,160.556,160.604996,0,-1.684265,-1.674524,-1.673017
2024.07.08 01:00,0.006293,0.006301,0.006288,0.0063,3909,160.610001,160.714005,160.389999,160.410004,0,-1.680924,-1.685026,-1.679845
2024.07.08 02:00,0.006299,0.006306,0.006297,0.006301,6265,160.410004,160.479996,160.257996,160.369003,0,-1.686821,-1.678866,-1.676626
2024.07.08 03:00,0.006301,0.006303,0.006295,0.006297,3650,160.369003,160.557999,160.352005,160.483002,0,-1.689147,-1.684813,-1.689827
2024.07.08 04:00,0.006297,0.006297,0.006293,0.006295,1707,160.487,160.582001,160.468002,160.539001,0,-1.675284,-1.674827,-1.67015
2024.07.08 05:00,0.006295,0.006295,0.006289,0.006289,3447,160.537994,160.699997,160.524002,160.694,0,-1.679564,-1.68038,-1.686213
2024.07.08 06:00,0.006289,0.006295,0.006282,0.006284,7311,160.692001,160.867004,160.535995,160.835999,0,-1.682028,-1.667144,-1.689032
2024.07.08 07:00,0.006284,0.006285,0.006278,0.006281,8495,160.835999,160.955994,160.778,160.899002,0,-1.682281,-1.681662,-1.688688
2024.07.08 08:00,0.00628,0.006281,0.006272,0.006273,4606,160.893997,161.119995,160.869995,161.095001,0,-1.693927,-1.659681,-1.681643
2024.07.08 09:00,0.006274,0.006277,0.006273,0.006275,3263,161.087006,161.102005,160.979996,161.031998,0,-1.688647,-1.668224,-1.669449
2024.07.08 10:00,0.006276,0.00628,0.006276,0.006279,2761,161.037994,161.039001,160.899994,160.931,0,-1.689153,-1.664321,-1.669973
2024.07.08 11:00,0.006279,0.006282,0.006274,0.006276,2644,160.934006,161.057007,160.862,161.009003,0,-1.681756,-1.677023,-1.671841
2024.07.08 12:00,0.006276,0.00629,0.006276,0.006289,8341,161.007996,161.020004,160.660004,160.690002,0,-1.682842,-1.67749,-1.682215
2024.07.08 13:00,0.006289,0.006293,0.006284,0.00629,10224,160.688995,160.813995,160.582001,160.649994,0,-1.679683,-1.662654,-1.66748
2024.07.08 14:00,0.00629,0.006297,0.00629,0.006292,10594,160.658005,160.660004,160.472,160.615005,0,-1.67749,-1.678825,-1.683027
2024.07.08 15:00,0.006291,0.006293,0.006284,0.006285,5179,160.610992,160.815994,160.587006,160.774002,0,-1.681682,-1.667659,-1.677664
2024.07.08 16:00,0.006285,0.006287,0.006285,0.006287,3195,160.776993,160.794998,160.727005,160.729996,0,-1.686012,-1.681274,-1.671625
2024.07.08 17:00,0.006287,0.006289,0.006287,0.006288,2568,160.727005,160.746994,160.684006,160.720001,0,-1.675969,-1.676218,-1.68692
2024.07.08 18:00,0.006287,0.006288,0.006284,0.006285,7377,160.718994,160.820007,160.707993,160.783997,0,-1.673041,-1.674912,-1.67501
2024.07.08 19:00,0.006285,0.006287,0.006285,0.006285,3278,160.789993,160.798996,160.731003,160.791,0,-1.677348,-1.672632,-1.669352
2024.07.08 20:00,0.006285,0.006286,0.006282,0.006282,971,160.787994,160.843994,160.768997,160.796005,0,-1.659018,-1.685317,-1.611029
2024.07.08 22:00,0.006282,0.006285,0.006282,0.006284,0,160.768997,160.811996,160.757996,160.791,0,-1.62702,-1.636347,-1.656688
2024.07.08 23:00,0.006284,0.006287,0.00628,0.006281,1886,160.781998,160.873001,160.723999,160.858994,0,-1.650009,-1.652974,-1.648679
2024.07.09 00:00,0.006281,0.006285,0.006279,0.00628,3848,160.856003,160.919006,160.759995,160.889008,0,-1.65798,-1.651008,-1.640665
2024.07.09 01:00,0.00628,0.006282,0.006275,0.006276,2793,160.889008,161.018997,160.850006,160.977997,0,-1.656449,-1.652368,-1.653531
2024.07.09 02:00,0.006276,0.006278,0.00627,0.006276,3956,160.973999,161.130997,160.953003,161.005997,0,-1.654078,-1.653924,-1.668835
2024.07.09 03:00,0.006276,0.006279,0.006272,0.006273,0,161.003006,161.102997,160.904007,161.050003,0,-1.664216,-1.64298,-1.636645
2024.07.09 04:00,0.006274,0.00628,0.006274,0.006277,3419,161.054001,161.061996,160.899994,160.960007,0,-1.661347,-1.651651,-1.648235
2024.07.09 05:00,0.006278,0.00628,0.006276,0.00628,2343,160.960007,161.005997,160.897995,160.897995,0,-1.656148,-1.649652,-1.649652
2024.07.09 06:00,0.00628,0.006284,0.006278,0.006282,5744,160.904007,160.934006,160.789993,160.826004,0,-1.660293,-1.655681,-1.6537
2024.07.09 07:00,0.006283,0.006286,0.006278,0.006279,5913,160.824997,160.942993,160.731003,160.923004,0,-1.656592,-1.647322,-1.661977
2024.07.09 08:00,0.006279,0.00628,0.006272,0.006274,4376,160.923996,161.078003,160.880005,161.048004,0,-1.651935,-1.657012,-1.647355
2024.07.09 09:00,0.006274,0.006277,0.006273,0.006274,3091,161.052002,161.078003,160.968002,161.042999,0,-1.664645,-1.656231,-1.655044
2024.07.09 10:00,0.006274,0.006278,0.006274,0.006276,1908,161.044998,161.052994,160.947998,161.014999,0,-1.665039,-1.648919,-1.665151
2024.07.09 11:00,0.006275,0.006275,0.006269,0.006271,5626,161.014999,161.177994,161.011993,161.121002,0,-1.66292,-1.649445,-1.656802
2024.07.09 12:00,0.006271,0.006275,0.00627,0.00627,5759,161.115997,161.162003,161.026993,161.128006,0,-1.659653,-1.664444,-1.651088
2024.07.09 13:00,0.00627,0.006277,0.00627,0.006276,6354,161.128998,161.149994,160.970993,161.014999,0,-1.660355,-1.659222,-1.665151
2024.07.09 14:00,0.006276,0.00628,0.00626,0.006262,17947,161.014999,161.386002,160.886993,161.360992,0,-1.654346,-1.651321,-1.654853
2024.07.09 15:00,0.006262,0.006264,0.006256,0.00626,13555,161.358994,161.516998,161.304001,161.393997,0,-1.657675,-1.648858,-1.649593
2024.07.09 16:00,0.00626,0.006264,0.00626,0.006263,4688,161.397995,161.406006,161.307999,161.320999,0,-1.661601,-1.652856,-1.653107
2024.07.09 17:00,0.006264,0.006267,0.006263,0.006264,3612,161.315994,161.339996,161.223999,161.311996,0,-1.672105,-1.658018,-1.656854
2024.07.09 18:00,0.006264,0.006266,0.006262,0.006264,4253,161.315994,161.339996,161.259003,161.309006,0,-1.659354,-1.667562,-1.653863
2024.07.09 19:00,0.006264,0.006266,0.006264,0.006265,2639,161.315002,161.315002,161.248001,161.285995,0,-1.672607,-1.656561,-1.669075
2024.07.09 20:00,0.006264,0.006266,0.006264,0.006264,1874,161.287003,161.317001,161.251999,161.270004,0,-1.661858,-1.64782,-1.614861
2024.07.09 22:00,0.006264,0.006266,0.006262,0.006262,0,161.279007,161.343994,161.235992,161.330002,0,-1.65061,-1.631813,-1.649359
2024.07.09 23:00,0.006262,0.006262,0.00626,0.006262,2666,161.326996,161.367004,161.315002,161.326996,0,-1.635349,-1.63436,-1.633612
2024.07.10 00:00,0.006262,0.006264,0.006255,0.006257,7340,161.326996,161.511993,161.298004,161.464996,0,-1.639888,-1.642861,-1.643994
2024.07.10 01:00,0.006256,0.006258,0.006253,0.006254,3458,161.462997,161.584,161.445999,161.531998,0,-1.64798,-1.63777,-1.621548
2024.07.10 02:00,0.006254,0.006256,0.006252,0.006256,2960,161.529999,161.591003,161.470001,161.505005,0,-1.64219,-1.636223,-1.658461
2024.07.10 03:00,0.006256,0.00626,0.006256,0.006258,1772,161.501999,161.507996,161.401001,161.427002,0,-1.648672,-1.643833,-1.618773
2024.07.10 04:00,0.006258,0.006259,0.006256,0.006258,1267,161.429993,161.473999,161.404007,161.444,0,-1.640221,-1.634074,-1.635771
2024.07.10 05:00,0.006258,0.006258,0.006254,0.006256,2738,161.444,161.561996,161.425995,161.498001,0,-1.651546,-1.643294,-1.638678
2024.07.10 06:00,0.006256,0.006261,0.006256,0.006261,4443,161.498001,161.501007,161.350006,161.362,0,-1.641684,-1.63111,-1.643103
2024.07.10 07:00,0.006261,0.006262,0.006256,0.006256,6755,161.365005,161.501999,161.335999,161.492004,0,-1.642676,-1.642615,-1.645461
2024.07.10 08:00,0.006256,0.006257,0.006254,0.006256,4075,161.494995,161.537003,161.419998,161.505997,0,-1.63934,-1.598995,-1.646673
2024.07.10 09:00,0.006255,0.006256,0.006251,0.006252,3323,161.507004,161.612,161.507004,161.580002,0,-1.637592,-1.64768,-1.631188
2024.07.10 10:00,0.006252,0.006256,0.006251,0.006254,2782,161.585007,161.608002,161.501007,161.539001,0,-1.646392,-1.641684,-1.641339
2024.07.10 11:00,0.006254,0.006258,0.006254,0.006256,3372,161.541,161.548996,161.449997,161.481995,0,-1.638546,-1.641768,-1.648216
2024.07.10 12:00,0.006256,0.006258,0.006255,0.006258,5143,161.479004,161.511993,161.423004,161.447006,0,-1.639888,-1.640304,-1.638777
2024.07.10 13:00,0.006258,0.006258,0.006251,0.006251,6751,161.445999,161.600006,161.421997,161.597,0,-1.638397,-1.639297,-1.635391
2024.07.10 14:00,0.006252,0.006254,0.006249,0.006249,8483,161.598007,161.686005,161.537994,161.656006,0,-1.6476,-1.627544,-1.630398
2024.07.10 15:00,0.006249,0.006251,0.006246,0.006246,6878,161.660995,161.744995,161.617004,161.738007,0,-1.642531,-1.629809,-1.635543
2024.07.10 16:00,0.006246,0.006249,0.006246,0.006248,2626,161.735001,161.742996,161.647995,161.684998,0,-1.640532,-1.635193,-1.633783
2024.07.10 17:00,0.006249,0.006249,0.006245,0.006246,3363,161.690002,161.766998,161.643997,161.746002,0,-1.638891,-1.631195,-1.643538
2024.07.10 18:00,0.006246,0.006246,0.006243,0.006245,4881,161.744995,161.804993,161.737,161.774994,0,-1.638418,-1.634536,-1.634074
2024.07.10 19:00,0.006245,0.006247,0.006244,0.006246,4895,161.774994,161.791,161.727997,161.735001,0,-1.637254,-1.638351,-1.632537
2024.07.10 20:00,0.006247,0.006248,0.006245,0.006247,2234,161.733994,161.748993,161.645004,161.662994,0,-1.633708,-1.59379,-1.586153
2024.07.10 22:00,0.006249,0.006249,0.006247,0.006248,0,161.563995,161.628006,161.554993,161.589005,0,-1.551165,-1.529385,-1.53779
2024.07.10 23:00,0.006249,0.00625,0.006247,0.006248,1345,161.593994,161.639008,161.552002,161.589005,0,-1.549362,-1.552004,-1.53779
2024.07.11 00:00,0.006248,0.006253,0.006247,0.006249,5482,161.589005,161.615005,161.470001,161.561996,0,-1.550979,-1.533981,-1.536389
2024.07.11 01:00,0.006249,0.006249,0.006245,0.006249,2443,161.563004,161.660995,161.552002,161.582001,0,-1.545711,-1.5392,-1.543597
2024.07.11 02:00,0.006249,0.006251,0.006245,0.006246,3595,161.582001,161.669006,161.531998,161.656006,0,-1.553722,-1.544802,-1.553542
2024.07.11 03:00,0.006246,0.006247,0.006245,0.006247,3484,161.651001,161.684998,161.619003,161.636002,0,-1.544078,-1.554977,-1.546356
2024.07.11 04:00,0.006247,0.006247,0.006244,0.006244,1286,161.632996,161.695007,161.615997,161.682007,0,-1.541261,-1.539156,-1.52826
2024.07.11 05:00,0.006245,0.006245,0.006243,0.006245,2915,161.686005,161.718002,161.662003,161.690994,0,-1.538596,-1.546718,-1.550075
2024.07.11 06:00,0.006244,0.006245,0.006242,0.006243,4468,161.688995,161.753006,161.682999,161.723999,0,-1.547944,-1.542079,-1.544593
2024.07.11 07:00,0.006243,0.006251,0.006241,0.006247,11575,161.725006,161.759003,161.533997,161.632996,0,-1.541104,-1.546801,-1.556155
2024.07.11 08:00,0.006247,0.006252,0.006247,0.006251,5735,161.632996,161.632996,161.498001,161.526993,0,-1.556155,-1.549187,-1.539797
2024.07.11 09:00,0.006251,0.006253,0.00625,0.00625,5223,161.529007,161.556,161.468002,161.548004,0,-1.556002,-1.544762,-1.548007
2024.07.11 10:00,0.00625,0.006252,0.006249,0.00625,2114,161.544006,161.582993,161.507004,161.544006,0,-1.544588,-1.55819,-1.544009
2024.07.11 11:00,0.00625,0.006251,0.006248,0.00625,2375,161.542007,161.589996,161.509995,161.509995,0,-1.538782,-1.522799,-1.509997
2024.07.11 12:00,0.00625,0.006377,0.006247,0.006365,145161,161.531998,161.623993,158.319,158.632996,0,-1.547152,-1.505449,-1.511466
2024.07.11 13:00,0.006364,0.006414,0.006351,0.006366,107875,158.636002,158.970993,157.408997,158.598007,0,-1.515478,-1.500046,-1.513497
2024.07.11 14:00,0.006367,0.006376,0.006358,0.006367,31924,158.602005,158.792007,158.343002,158.554001,0,-1.509843,-1.517152,-1.506493
2024.07.11 15:00,0.006367,0.006372,0.006365,0.006367,16503,158.552002,158.634995,158.445007,158.582001,0,-1.513465,-1.508412,-1.50983
2024.07.11 16:00,0.006367,0.006369,0.006365,0.006367,7454,158.582001,158.643997,158.526993,158.563004,0,-1.522467,-1.516469,-1.515495
2024.07.11 17:00,0.006367,0.006368,0.006354,0.006358,9811,158.561996,158.893005,158.546997,158.807999,0,-1.511827,-1.511823,-1.525834
2024.07.11 18:00,0.006358,0.006363,0.006355,0.006361,13780,158.804001,158.873993,158.707001,158.735992,0,-1.517585,-1.536081,-1.515651
2024.07.11 19:00,0.006361,0.006361,0.006357,0.006357,9510,158.735001,158.832993,158.725998,158.820999,0,-1.513715,-1.530365,-1.526462
2024.07.11 20:00,0.006357,0.006361,0.006353,0.006357,3351,158.817001,158.916,158.753998,158.815002,0,-1.510055,-1.558365,-1.495725
2024.07.11 22:00,0.006352,0.006354,0.006338,0.006338,0,158.932007,159.281006,158.899994,159.266006,0,-1.490083,-1.518816,-1.499972
2024.07.11 23:00,0.006339,0.0064,0.006331,0.006378,47058,159.257004,159.445007,157.727997,158.272995,0,-1.492078,-1.490202,-1.471741
2024.07.12 00:00,0.006378,0.00639,0.006343,0.006346,23114,158.272995,159.132004,157.968002,159.072006,0,-1.477899,-1.473485,-1.492426
2024.07.12 01:00,0.006346,0.006347,0.006334,0.006334,5736,159.078995,159.382996,159.061996,159.358002,0,-1.492417,-1.494834,-1.492343
2024.07.12 02:00,0.006335,0.00636,0.006334,0.006337,10408,159.358002,159.388,158.746994,159.307007,0,-1.509877,-1.51429,-1.503631
2024.07.12 03:00,0.006337,0.006343,0.006336,0.00634,3612,159.307999,159.334,159.149002,159.233994,0,-1.505712,-1.494898,-1.517724
2024.07.12 04:00,0.00634,0.006348,0.00634,0.006344,3024,159.229996,159.237,159.026001,159.113998,0,-1.508289,-1.496068,-1.497165
2024.07.12 05:00,0.006345,0.006355,0.006344,0.006348,5416,159.108994,159.139999,158.862,159.037994,0,-1.498324,-1.493208,-1.508061
2024.07.12 06:00,0.006348,0.006351,0.00634,0.006344,10213,159.035995,159.214005,158.951004,159.132996,0,-1.497735,-1.507876,-1.491321
2024.07.12 07:00,0.006344,0.006344,0.006336,0.00634,9206,159.134995,159.320007,159.112,159.216003,0,-1.504177,-1.495166,-1.499734
2024.07.12 08:00,0.00634,0.006347,0.006339,0.006345,7769,159.216995,159.266006,159.020004,159.104996,0,-1.512419,-1.47766,-1.512996
2024.07.12 09:00,0.006345,0.006347,0.006341,0.006342,6150,159.104004,159.218994,159.042007,159.177994,0,-1.515164,-1.48726,-1.499025
2024.07.12 10:00,0.006342,0.006345,0.006339,0.006345,3575,159.177994,159.255005,159.106995,159.106995,0,-1.501418,-1.502585,-1.502585
2024.07.12 11:00,0.006344,0.006351,0.006344,0.006351,5232,159.110001,159.143005,158.932007,158.972,0,-1.50133,-1.488879,-1.504085
2024.07.12 12:00,0.006351,0.006369,0.006342,0.006357,34427,158.972,159.154999,158.503998,158.807999,0,-1.488463,-1.493474,-1.488721
2024.07.12 13:00,0.006357,0.006417,0.006355,0.006376,71665,158.809998,158.843002,157.358994,158.294006,0,-1.498966,-1.522938,-1.468156
2024.07.12 14:00,0.006379,0.006415,0.006375,0.0064,46195,158.296005,158.350998,157.378006,157.716003,0,-1.48825,-1.493365,-1.478208
2024.07.12 15:00,0.0064,0.006409,0.006386,0.006393,11251,157.716003,158.093002,157.505005,157.893997,0,-1.488196,-1.48659,-1.472912
2024.07.12 16:00,0.006394,0.006396,0.006388,0.006394,4789,157.901001,158.022995,157.837006,157.876999,0,-1.491725,-1.477069,-1.480372
2024.07.12 17:00,0.006394,0.006395,0.006388,0.00639,3710,157.871002,158.014999,157.858002,157.972,0,-1.471486,-1.485837,-1.489719
2024.07.12 18:00,0.00639,0.006395,0.00639,0.006392,5807,157.973999,157.990997,157.858002,157.917999,0,-1.484231,-1.485837,-1.484676
2024.07.12 19:00,0.006392,0.006398,0.006392,0.006396,3518,157.914993,157.925003,157.792999,157.828003,0,-1.479441,-1.494152,-1.492505
2024.07.12 20:00,0.006396,0.006398,0.006392,0.006394,1738,157.828003,157.942993,157.783005,157.848007,0,-1.485201,-1.484157,-1.45138
2024.07.14 23:00,0.006376,0.006382,0.006372,0.006378,3923,158.335999,158.419006,158.164993,158.283005,0,-1.482411,-1.486571,-1.494046
2024.07.15 00:00,0.006378,0.00639,0.006375,0.006385,5585,158.281998,158.365005,157.987,158.108002,0,-1.489962,-1.480233,-1.490929
2024.07.15 01:00,0.006385,0.006391,0.00638,0.006388,4273,158.110992,158.238998,157.947006,158.050003,0,-1.486903,-1.47697,-1.494232
2024.07.15 02:00,0.006388,0.006393,0.006384,0.006388,2785,158.050003,158.136993,157.908005,158.033005,0,-1.495394,-1.48692,-1.501734
2024.07.15 03:00,0.006388,0.006393,0.006388,0.00639,1971,158.028,158.033005,157.906006,157.970001,0,-1.501734,-1.484921,-1.48772
2024.07.15 04:00,0.00639,0.006392,0.006388,0.00639,844,157.968994,158.031998,157.949997,157.992004,0,-1.488484,-1.492204,-1.497487
2024.07.15 05:00,0.00639,0.006396,0.00639,0.006391,2520,157.990005,157.996002,157.826996,157.955994,0,-1.489236,-1.479274,-1.485958
2024.07.15 06:00,0.006392,0.006394,0.00638,0.006385,7557,157.949997,158.242996,157.871994,158.106995,0,-1.4909,-1.487599,-1.489922
2024.07.15 07:00,0.006385,0.006396,0.006384,0.006392,7521,158.104996,158.126999,157.837997,157.927994,0,-1.497658,-1.478061,-1.494671
2024.07.15 08:00,0.006392,0.006398,0.006392,0.006397,5122,157.921997,157.966995,157.776001,157.813004,0,-1.509203,-1.477153,-1.489728
2024.07.15 09:00,0.006397,0.0064,0.00639,0.00639,3994,157.815994,157.979996,157.742996,157.957001,0,-1.485479,-1.480793,-1.474719
2024.07.15 10:00,0.006391,0.006392,0.006385,0.006391,3708,157.957993,158.108002,157.932007,157.951996,0,-1.490929,-1.486444,-1.48196
2024.07.15 11:00,0.006391,0.006394,0.006382,0.006384,3529,157.951004,158.173004,157.889008,158.113998,0,-1.494582,-1.480158,-1.484658
2024.07.15 12:00,0.006384,0.006392,0.006383,0.006391,6178,158.112,158.162003,157.936005,157.960999,0,-1.495857,-1.490442,-1.490963
2024.07.15 13:00,0.006391,0.006394,0.006386,0.006392,9446,157.947998,158.067001,157.867996,157.938995,0,-1.486711,-1.483601,-1.481203
2024.07.15 14:00,0.006392,0.006396,0.006391,0.006395,10865,157.938004,157.951996,157.820007,157.860001,0,-1.48196,-1.472285,-1.487836
2024.07.15 15:00,0.006394,0.006397,0.006392,0.006394,5440,157.858002,157.921997,157.800003,157.889999,0,-1.488674,-1.476728,-1.48115
2024.07.15 16:00,0.006394,0.006424,0.00639,0.0064,21798,157.888,157.962006,157.151001,157.712997,0,-1.479724,-1.48475,-1.475203
2024.07.15 17:00,0.0064,0.0064,0.006388,0.006392,4885,157.710999,158.020004,157.707993,157.921005,0,-1.47649,-1.470198,-1.487682
2024.07.15 18:00,0.006392,0.006396,0.006392,0.006396,5123,157.914001,157.938004,157.837006,157.852005,0,-1.480211,-1.489284,-1.492068
2024.07.15 19:00,0.006395,0.006396,0.00639,0.006393,3602,157.852997,157.981995,157.832001,157.917999,0,-1.487478,-1.484279,-1.496914
2024.07.15 20:00,0.006392,0.006395,0.006383,0.006388,3131,157.916,158.147995,157.876007,158.039001,0,-1.481849,-1.503842,-1.483231
2024.07.15 22:00,0.006386,0.006386,0.006382,0.006384,0,158.061996,158.154999,158.037994,158.125,0,-1.45203,-1.445453,-1.4834
2024.07.15 23:00,0.006384,0.006386,0.006378,0.006382,3793,158.123993,158.251007,158.057007,158.149994,0,-1.462048,-1.476717,-1.471572
2024.07.16 00:00,0.006382,0.006384,0.006373,0.006374,6125,158.147995,158.393005,158.098007,158.360001,0,-1.468727,-1.468667,-1.472648
2024.07.16 01:00,0.006374,0.006375,0.006363,0.006367,7522,158.360992,158.632004,158.348007,158.524994,0,-1.473426,-1.472964,-1.477486
2024.07.16 02:00,0.006367,0.006368,0.006359,0.006361,4261,158.529007,158.725006,158.507996,158.692001,0,-1.479937,-1.472821,-1.47166
2024.07.16 03:00,0.006361,0.006365,0.00636,0.006363,0,158.692001,158.707993,158.585999,158.632996,0,-1.475288,-1.464469,-1.474417
2024.07.16 04:00,0.006363,0.006363,0.006359,0.006363,1457,158.632996,158.725998,158.610001,158.636002,0,-1.480929,-1.463774,-1.477423
2024.07.16 05:00,0.006363,0.006363,0.006357,0.006359,2352,158.636993,158.789001,158.636002,158.729996,0,-1.482101,-1.477423,-1.472571
2024.07.16 06:00,0.006359,0.006369,0.006358,0.006365,5428,158.729004,158.744995,158.460007,158.567001,0,-1.462831,-1.461811,-1.470149
2024.07.16 07:00,0.006365,0.006373,0.006365,0.006369,7587,158.570007,158.576004,158.352997,158.494003,0,-1.466808,-1.453334,-1.471161
2024.07.16 08:00,0.006368,0.00637,0.006364,0.006369,5818,158.492996,158.591003,158.438995,158.468002,0,-1.457126,-1.453126,-1.457479
2024.07.16 09:00,0.006369,0.006375,0.006368,0.006371,3285,158.470993,158.496002,158.326996,158.404007,0,-1.460828,-1.464248,-1.455093
2024.07.16 10:00,0.006371,0.006373,0.006369,0.006371,1609,158.404999,158.451996,158.343994,158.427002,0,-1.4538,-1.444331,-1.453457
2024.07.16 11:00,0.006371,0.006375,0.006369,0.006374,1539,158.429001,158.457993,158.315994,158.341995,0,-1.459797,-1.453246,-1.454643
2024.07.16 12:00,0.006375,0.006378,0.006353,0.006357,18104,158.343002,158.860001,158.238007,158.751999,0,-1.466434,-1.449048,-1.457462
2024.07.16 13:00,0.006357,0.006367,0.006355,0.006363,10444,158.755005,158.807007,158.526993,158.630997,0,-1.46297,-1.479484,-1.472419
2024.07.16 14:00,0.006363,0.006365,0.006359,0.006364,9620,158.630005,158.744995,158.578003,158.587997,0,-1.475201,-1.468807,-1.45412
2024.07.16 15:00,0.006365,0.006367,0.006362,0.006365,7262,158.589996,158.654999,158.531006,158.567993,0,-1.471723,-1.471162,-1.458797
2024.07.16 16:00,0.006365,0.006368,0.006363,0.006366,7747,158.572006,158.632996,158.507996,158.542007,0,-1.462076,-1.472821,-1.457497
2024.07.16 17:00,0.006366,0.006371,0.006366,0.006369,3105,158.542999,158.556,158.425995,158.468002,0,-1.471489,-1.464761,-1.457479
2024.07.16 18:00,0.006369,0.006378,0.006369,0.006375,7752,158.472,158.475006,158.334,158.348007,0,-1.464482,-1.545041,-1.472964
2024.07.16 19:00,0.006375,0.006376,0.006371,0.006373,4712,158.347,158.432007,158.317993,158.388,0,-1.470773,-1.479853,-1.463722
2024.07.16 20:00,0.006373,0.006378,0.006371,0.006378,2628,158.389008,158.406998,158.292999,158.317993,0,-1.458084,-1.504041,-1.529034
2024.07.16 22:00,0.006375,0.006375,0.006371,0.006374,0,158.309006,158.386993,158.285995,158.345993,0,-1.43808,-1.423247,-1.458641
2024.07.16 23:00,0.006373,0.006376,0.006372,0.006373,2656,158.332993,158.371002,158.294006,158.358994,0,-1.434407,-1.443563,-1.447018
2024.07.17 00:00,0.006373,0.006375,0.006365,0.006368,6062,158.358002,158.535995,158.302002,158.483002,0,-1.439143,-1.439254,-1.447827
2024.07.17 01:00,0.006367,0.00637,0.006363,0.006369,4414,158.485992,158.623993,158.421997,158.468002,0,-1.453073,-1.436128,-1.44516
2024.07.17 02:00,0.006369,0.006373,0.006368,0.006371,2186,158.470993,158.475006,158.352997,158.414993,0,-1.439832,-1.428718,-1.441448
2024.07.17 03:00,0.006371,0.006375,0.006369,0.006372,1770,158.414993,158.449997,158.317993,158.371994,0,-1.439473,-1.44295,-1.435399
2024.07.17 04:00,0.006372,0.006378,0.006372,0.006378,2570,158.375,158.386002,158.212006,158.212006,0,-1.449406,-1.435329,-1.435329
2024.07.17 05:00,0.006379,0.006392,0.006378,0.006392,6948,158.212006,158.235992,157.867996,157.895004,0,-1.447034,-1.434673,-1.437212
2024.07.17 06:00,0.006392,0.0064,0.006384,0.006395,14180,157.895004,158.091003,157.699997,157.813004,0,-1.437132,-1.437793,-1.440839
2024.07.17 07:00,0.006395,0.006428,0.006394,0.006425,34349,157.815994,157.830994,157.003006,157.072006,0,-1.434367,-1.433623,-1.429978
2024.07.17 08:00,0.006425,0.006465,0.006424,0.006459,32811,157.072006,157.102005,156.095993,156.240005,0,-1.435754,-1.416954,-1.417279
2024.07.17 09:00,0.00646,0.006465,0.006444,0.006452,23290,156.238007,156.593002,156.100006,156.414993,0,-1.421922,-1.420968,-1.424287
2024.07.17 10:00,0.006452,0.00646,0.006438,0.006439,10976,156.421005,156.735992,156.220993,156.731995,0,-1.420308,-1.422227,-1.428374
2024.07.17 11:00,0.006438,0.006454,0.006437,0.006448,9209,156.735992,156.796997,156.347,156.507996,0,-1.433063,-1.416329,-1.421152
2024.07.17 12:00,0.006448,0.00645,0.006438,0.006446,11591,156.509995,156.742996,156.455994,156.561996,0,-1.427312,-1.429249,-1.427034
2024.07.17 13:00,0.006446,0.006463,0.006444,0.006458,18790,156.570999,156.623993,156.147003,156.274002,0,-1.428836,-1.420098,-1.427296
2024.07.17 14:00,0.006458,0.006458,0.006443,0.006448,16582,156.278,156.634995,156.25,156.498993,0,-1.427791,-1.415284,-1.424166
2024.07.17 15:00,0.006448,0.006449,0.006443,0.006446,9405,156.498001,156.636002,156.481003,156.565002,0,-1.428798,-1.418202,-1.43004
2024.07.17 16:00,0.006446,0.006462,0.006444,0.006457,15406,156.565994,156.593994,156.194,156.292007,0,-1.422914,-1.431179,-1.421325
2024.07.17 17:00,0.006457,0.006462,0.00645,0.00645,8002,156.292007,156.475998,156.184006,156.462006,0,-1.425221,-1.421184,-1.43526
2024.07.17 18:00,0.00645,0.006466,0.006449,0.006466,11260,156.462006,156.488007,156.087006,156.098007,0,-1.425206,-1.431884,-1.430933
2024.07.17 19:00,0.006466,0.006467,0.00646,0.006462,8424,156.100998,156.233994,156.054993,156.184006,0,-1.435228,-1.435737,-1.421184
2024.07.17 20:00,0.006462,0.006464,0.006456,0.006461,6688,156.186996,156.343994,156.125,156.149002,0,-1.437329,-1.433995,-1.374201
2024.07.17 22:00,0.006462,0.006467,0.006455,0.00646,0,156.147003,156.270996,155.983002,156.179993,0,-1.352329,-1.3518,-1.369253
2024.07.17 23:00,0.00646,0.006493,0.006458,0.00648,26353,156.158005,156.203995,155.363998,155.675003,0,-1.345307,-1.340129,-1.354015
2024.07.18 00:00,0.00648,0.006489,0.006473,0.006477,13185,155.667999,155.832993,155.451996,155.731995,0,-1.345124,-1.333174,-1.351443
2024.07.18 01:00,0.006477,0.006478,0.006454,0.006456,10652,155.733994,156.298996,155.714996,156.251999,0,-1.344323,-1.346363,-1.345334
2024.07.18 02:00,0.006456,0.006458,0.006448,0.006453,7069,156.253006,156.440994,156.186005,156.311996,0,-1.354151,-1.351289,-1.345315
2024.07.18 03:00,0.006454,0.006454,0.006442,0.006448,4680,156.311996,156.572006,156.289993,156.432007,0,-1.352755,-1.347317,-1.345163
2024.07.18 04:00,0.006448,0.006459,0.006446,0.006452,8059,156.432999,156.537003,156.173996,156.339996,0,-1.390002,-1.351269,-1.361303
2024.07.18 05:00,0.006452,0.006475,0.006448,0.006465,10036,156.341003,156.453003,155.796005,156.029007,0,-1.366159,-1.343925,-1.349968
2024.07.18 06:00,0.006466,0.006466,0.00645,0.006462,7419,156.024002,156.410004,155.987,156.117996,0,-1.359227,-1.343838,-1.355175
2024.07.18 07:00,0.006461,0.006469,0.006456,0.006456,9411,156.121994,156.255005,155.910004,156.248001,0,-1.360328,-1.338548,-1.353325
2024.07.18 08:00,0.006456,0.006459,0.006442,0.006448,8971,156.244003,156.585999,156.169998,156.460999,0,-1.354708,-1.347272,-1.362125
2024.07.18 09:00,0.006448,0.006454,0.006446,0.006446,4299,156.464005,156.501999,156.298996,156.481995,0,-1.367036,-1.344323,-1.347032
2024.07.18 10:00,0.006446,0.006454,0.006446,0.00645,2680,156.483994,156.498001,156.315002,156.389999,0,-1.351001,-1.36033,-1.351245
2024.07.18 11:00,0.00645,0.00645,0.006444,0.006446,3137,156.393005,156.526001,156.378006,156.492996,0,-1.354921,-1.351261,-1.358033
2024.07.18 12:00,0.006446,0.006458,0.006442,0.006448,12246,156.492004,156.582001,156.175003,156.432007,0,-1.35071,-1.340288,-1.35718
2024.07.18 13:00,0.006448,0.006453,0.006438,0.006442,14695,156.431,156.701996,156.315994,156.587006,0,-1.36219,-1.349312,-1.355715
2024.07.18 14:00,0.006442,0.006446,0.006434,0.006436,15160,156.587997,156.774002,156.498993,156.755997,0,-1.349696,-1.351993,-1.379989
2024.07.18 15:00,0.006434,0.006438,0.006426,0.006426,12345,156.755005,156.983994,156.692001,156.970001,0,-1.366192,-1.352196,-1.352199
2024.07.18 16:00,0.006427,0.006431,0.006419,0.006419,8906,156.970993,157.158005,156.869003,157.143005,0,-1.358365,-1.360105,-1.355505
2024.07.18 17:00,0.006419,0.006421,0.006415,0.006417,5515,157.143005,157.223999,157.087997,157.186996,0,-1.351499,-1.36114,-1.350941
2024.07.18 18:00,0.006417,0.006419,0.006411,0.006413,8924,157.188004,157.330994,157.143997,157.283997,0,-1.361247,-1.356497,-1.362888
2024.07.18 19:00,0.006414,0.006414,0.006409,0.00641,6102,157.281006,157.399994,157.278,157.360992,0,-1.357239,-1.369049,-1.35475
2024.07.18 20:00,0.00641,0.006413,0.006408,0.006409,2498,157.365005,157.397003,157.322998,157.350998,0,-1.342069,-1.40189,-1.308243
2024.07.18 22:00,0.00641,0.006414,0.006409,0.006414,0,157.341995,157.341995,157.229996,157.261002,0,-1.32358,-1.321045,-1.352051
2024.07.18 23:00,0.006414,0.006419,0.006413,0.006417,5002,157.263,157.281998,157.104996,157.173004,0,-1.33658,-1.329621,-1.336949
2024.07.19 00:00,0.006417,0.006422,0.006407,0.006415,11091,157.169998,157.416,157.057999,157.209,0,-1.348886,-1.343268,-1.336499
2024.07.19 01:00,0.006415,0.006416,0.006402,0.006406,4865,157.210999,157.529007,157.192001,157.451996,0,-1.340018,-1.331651,-1.336163
2024.07.19 02:00,0.006406,0.006411,0.006403,0.006407,4193,157.457001,157.520004,157.339005,157.414993,0,-1.343214,-1.344933,-1.347879
2024.07.19 03:00,0.006407,0.006411,0.006406,0.006409,1851,157.416,157.445999,157.322006,157.375,0,-1.342343,-1.340104,-1.356585
2024.07.19 04:00,0.006409,0.006409,0.006404,0.006404,1795,157.373001,157.481995,157.354004,157.479004,0,-1.34178,-1.335589,-1.33879
2024.07.19 05:00,0.006406,0.006406,0.00639,0.006393,12155,157.473999,157.862,157.468994,157.766006,0,-1.355233,-1.353162,-1.344921
2024.07.19 06:00,0.006393,0.006419,0.006391,0.006413,14147,157.766998,157.824005,157.130997,157.268005,0,-1.353969,-1.331357,-1.346897
2024.07.19 07:00,0.006414,0.006426,0.006402,0.006411,23232,157.263,157.554001,156.951996,157.320007,0,-1.35281,-1.334194,-1.338105
2024.07.19 08:00,0.006411,0.006418,0.006407,0.006413,7850,157.315002,157.423996,157.156006,157.259995,0,-1.344711,-1.344226,-1.338886
2024.07.19 09:00,0.006413,0.006419,0.006407,0.006409,4151,157.259995,157.438995,157.139999,157.362,0,-1.347526,-1.34036,-1.343584
2024.07.19 10:00,0.006409,0.006409,0.0064,0.006406,3659,157.363007,157.574997,157.358994,157.453003,0,-1.337202,-1.328415,-1.337171
2024.07.19 11:00,0.006406,0.006411,0.006402,0.006405,4209,157.455002,157.537003,157.324997,157.466995,0,-1.348013,-1.343095,-1.338973
2024.07.19 12:00,0.006405,0.006407,0.006396,0.006396,6958,157.464996,157.697006,157.419006,157.673004,0,-1.349284,-1.339721,-1.337506
2024.07.19 13:00,0.006397,0.006407,0.006396,0.006404,11878,157.669998,157.697998,157.410004,157.509995,0,-1.338061,-1.330718,-1.345402
2024.07.19 14:00,0.006404,0.006413,0.006403,0.006411,11388,157.507996,157.529007,157.261993,157.334,0,-1.352217,-1.340885,-1.339928
2024.07.19 15:00,0.006411,0.006413,0.006406,0.006408,6914,157.337997,157.455002,157.272003,157.389008,0,-1.351346,-1.350895,-1.334074
2024.07.19 16:00,0.006409,0.00641,0.006406,0.006407,2919,157.384995,157.440002,157.337997,157.406998,0,-1.336347,-1.331755,-1.327712
2024.07.19 17:00,0.006407,0.006409,0.006407,0.006407,2810,157.408997,157.427994,157.348999,157.410004,0,-1.336524,-1.330584,-1.330718
2024.07.19 18:00,0.006407,0.006408,0.006404,0.006404,5749,157.412003,157.498001,157.395996,157.492004,0,-1.333409,-1.341062,-1.35179
2024.07.19 19:00,0.006404,0.006405,0.006402,0.006404,2015,157.488007,157.524994,157.460007,157.498993,0,-1.336005,-1.331984,-1.346585
2024.07.19 20:00,0.006404,0.006406,0.006401,0.006402,2163,157.498993,157.528,157.376999,157.425995,0,-1.302412,-1.273343,-1.237006
2024.07.21 23:00,0.006413,0.006417,0.006406,0.006406,3389,157.264999,157.427994,157.149994,157.423004,0,-1.324338,-1.313938,-1.319348
2024.07.22 00:00,0.006406,0.006409,0.006404,0.006407,4358,157.419998,157.490997,157.328003,157.421997,0,-1.326405,-1.309588,-1.330528
2024.07.22 01:00,0.006406,0.006409,0.0064,0.006402,2450,157.423004,157.552002,157.343994,157.542007,0,-1.314207,-1.301239,-1.328625
2024.07.22 02:00,0.006401,0.006402,0.006398,0.006401,2671,157.539993,157.613007,157.520004,157.550003,0,-1.314159,-1.318814,-1.324415
2024.07.22 03:00,0.006402,0.006404,0.0064,0.006404,1015,157.548996,157.569,157.455994,157.475998,0,-1.318996,-1.315779,-1.32359
2024.07.22 04:00,0.006404,0.006407,0.006402,0.006405,2481,157.473999,157.514999,157.386002,157.438004,0,-1.32601,-1.306716,-1.309981
2024.07.22 05:00,0.006406,0.006423,0.006406,0.006421,7218,157.442001,157.442001,157.005005,157.035004,0,-1.326169,-1.3024,-1.308146
2024.07.22 06:00,0.006422,0.006453,0.006421,0.006446,31912,157.033997,157.059998,156.279999,156.447006,0,-1.321022,-1.313317,-1.324068
2024.07.22 07:00,0.006446,0.00645,0.00643,0.006431,10729,156.447006,156.845001,156.341995,156.804993,0,-1.324008,-1.31525,-1.308177
2024.07.22 08:00,0.006431,0.006437,0.006425,0.006431,8482,156.809006,156.966995,156.669998,156.802002,0,-1.324967,-1.318123,-1.317277
2024.07.22 09:00,0.006431,0.006439,0.006429,0.006436,5761,156.789993,156.858002,156.606003,156.690994,0,-1.324911,-1.302382,-1.314987
2024.07.22 10:00,0.006436,0.006442,0.006425,0.006431,7178,156.690994,156.953995,156.554001,156.832993,0,-1.324081,-1.310658,-1.324094
2024.07.22 11:00,0.006431,0.006438,0.006427,0.006429,3672,156.839996,156.899002,156.647995,156.854996,0,-1.317515,-1.308189,-1.309806
2024.07.22 12:00,0.006429,0.006432,0.006419,0.006431,7272,156.852997,157.089005,156.783997,156.787994,0,-1.313629,-1.311362,-1.30327
2024.07.22 13:00,0.006431,0.006435,0.006427,0.006429,7295,156.789993,156.921005,156.688004,156.863998,0,-1.327411,-1.299922,-1.318808
2024.07.22 14:00,0.006429,0.006433,0.006425,0.006429,6364,156.858002,156.955002,156.75,156.873001,0,-1.312974,-1.313612,-1.315721
2024.07.22 15:00,0.006428,0.006429,0.006417,0.00642,7320,156.873993,157.147003,156.860001,157.085999,0,-1.310948,-1.302721,-1.322758
2024.07.22 16:00,0.006419,0.006422,0.006418,0.00642,4028,157.082001,157.130997,157.028,157.072998,0,-1.319217,-1.313269,-1.309758
2024.07.22 17:00,0.006421,0.006422,0.006417,0.006417,3705,157.067993,157.153,157.029999,157.132004,0,-1.316944,-1.315268,-1.308081
2024.07.22 18:00,0.006417,0.006422,0.006416,0.006421,7360,157.136993,157.171005,157.052994,157.061996,0,-1.310655,-1.338263,-1.310889
2024.07.22 19:00,0.006421,0.006421,0.006418,0.006421,1569,157.063004,157.117996,157.056,157.078995,0,-1.306216,-1.317024,-1.327888
2024.07.22 20:00,0.006421,0.006423,0.006418,0.006423,977,157.078995,157.098007,156.990997,157.001007,0,-1.286227,-1.312626,-1.310514
2024.07.22 22:00,0.006423,0.006423,0.006419,0.006421,0,156.940002,157.076004,156.921997,157.011993,0,-1.288503,-1.243626,-1.273018
2024.07.22 23:00,0.006421,0.006427,0.006418,0.006426,2587,157.035995,157.100998,156.882004,156.901001,0,-1.289218,-1.28841,-1.283199
2024.07.23 00:00,0.006427,0.006437,0.006425,0.006437,6378,156.899994,156.927002,156.643997,156.656998,0,-1.284974,-1.292122,-1.293063
2024.07.23 01:00,0.006436,0.00644,0.006429,0.006435,4171,156.656006,156.850998,156.578995,156.703995,0,-1.293718,-1.287435,-1.291769
2024.07.23 02:00,0.006434,0.006442,0.006432,0.006438,3346,156.703995,156.766006,156.516006,156.628998,0,-1.293372,-1.284716,-1.289192
2024.07.23 03:00,0.006437,0.006456,0.006436,0.006452,0,156.632004,156.669006,156.197998,156.278,0,-1.292999,-1.291333,-1.27529
2024.07.23 04:00,0.006451,0.006455,0.006448,0.006451,3323,156.276993,156.384995,156.199997,156.300003,0,-1.286121,-1.28133,-1.285277
2024.07.23 05:00,0.006451,0.006452,0.006445,0.00645,3958,156.304001,156.449997,156.261002,156.315002,0,-1.290958,-1.282308,-1.288257
2024.07.23 06:00,0.006451,0.006455,0.006438,0.006439,10469,156.313004,156.623001,156.216003,156.587006,0,-1.295263,-1.297336,-1.283385
2024.07.23 07:00,0.00644,0.006466,0.006438,0.006462,11934,156.585999,156.634995,155.927994,156.037994,0,-1.295189,-1.272872,-1.28714
2024.07.23 08:00,0.006462,0.006471,0.006458,0.006464,20526,156.039993,156.136002,155.817993,156.011002,0,-1.289295,-1.282376,-1.296069
2024.07.23 09:00,0.006463,0.006471,0.006461,0.006466,7462,156.007004,156.070999,155.819,155.944,0,-1.296198,-1.271439,-1.288878
2024.07.23 10:00,0.006466,0.006466,0.006457,0.006462,5279,155.940994,156.162994,155.916,156.046005,0,-1.292312,-1.272839,-1.283184
2024.07.23 11:00,0.006462,0.006462,0.006456,0.006457,5280,156.050003,156.188995,156.031998,156.153,0,-1.294319,-1.281143,-1.282318
2024.07.23 12:00,0.006457,0.006466,0.006452,0.006462,8842,156.153,156.266006,155.938995,156.024994,0,-1.2753,-1.283873,-1.274139
2024.07.23 13:00,0.006462,0.006464,0.006454,0.00646,7741,156.026993,156.209,155.979996,156.074997,0,-1.278329,-1.277022,-1.276231
2024.07.23 14:00,0.00646,0.006465,0.006455,0.006464,8851,156.091995,156.197006,155.966995,155.975998,0,-1.278339,-1.287957,-1.261065
2024.07.23 15:00,0.006463,0.006466,0.00646,0.006462,6382,155.979996,156.065994,155.938995,156.018005,0,-1.255255,-1.283873,-1.279126
2024.07.23 16:00,0.006462,0.006476,0.006461,0.006473,11674,156.016006,156.054993,155.690994,155.778,0,-1.280192,-1.274687,-1.278194
2024.07.23 17:00,0.006473,0.006482,0.006471,0.006477,10033,155.783005,155.804993,155.572998,155.690002,0,-1.281307,-1.299626,-1.285619
2024.07.23 18:00,0.006477,0.006479,0.006473,0.006479,4265,155.684006,155.755005,155.621002,155.628006,0,-1.27906,-1.288103,-1.283205
2024.07.23 19:00,0.006479,0.006481,0.006477,0.006479,4903,155.626999,155.671005,155.587006,155.639008,0,-1.278544,-1.277927,-1.282291
2024.07.23 20:00,0.006479,0.006485,0.006478,0.006481,3588,155.638,155.649994,155.531998,155.552002,0,-1.281361,-1.329988,-1.242923
2024.07.23 22:00,0.006481,0.006482,0.006477,0.006477,0,155.574997,155.641006,155.550003,155.638,0,-1.248545,-1.276631,-1.245539
2024.07.23 23:00,0.006478,0.006478,0.00647,0.006472,5566,155.632996,155.817001,155.623993,155.761002,0,-1.257494,-1.25536,-1.249257
2024.07.24 00:00,0.006472,0.006472,0.006463,0.006469,6135,155.763,155.990997,155.757996,155.824997,0,-1.264092,-1.246251,-1.253541
2024.07.24 01:00,0.00647,0.006497,0.006467,0.006493,13103,155.820007,155.876007,155.164001,155.248001,0,-1.256751,-1.258653,-1.235985
2024.07.24 02:00,0.006493,0.006494,0.006483,0.006493,5877,155.248993,155.526001,155.223999,155.255997,0,-1.264531,-1.235704,-1.255842
2024.07.24 03:00,0.006493,0.006502,0.006491,0.006502,5902,155.255005,155.292999,155.044006,155.054001,0,-1.245397,-1.245179,-1.243342
2024.07.24 04:00,0.006508,0.006524,0.006506,0.00652,14512,155.054001,155.054993,154.537994,154.600006,0,-1.350724,-1.246054,-1.225769
2024.07.24 05:00,0.006521,0.00653,0.006512,0.00652,11998,154.604996,154.794998,154.350998,154.632004,0,-1.244132,-1.211639,-1.246012
2024.07.24 06:00,0.00652,0.006531,0.006517,0.006522,13501,154.628006,154.688004,154.371994,154.589005,0,-1.243168,-1.244363,-1.250053
2024.07.24 07:00,0.006522,0.006529,0.006509,0.006521,19901,154.585999,154.880997,154.438995,154.591003,0,-1.247565,-1.264453,-1.240292
2024.07.24 08:00,0.006522,0.006523,0.006506,0.00651,8303,154.589996,154.945007,154.541,154.860992,0,-1.252542,-1.237308,-1.251166
2024.07.24 09:00,0.00651,0.006535,0.006506,0.006514,27249,154.860992,154.932007,154.272003,154.770004,0,-1.239542,-1.249819,-1.242718
2024.07.24 10:00,0.006514,0.006526,0.006511,0.006522,5743,154.774002,154.841003,154.485001,154.561005,0,-1.254764,-1.240044,-1.233801
2024.07.24 11:00,0.006522,0.006544,0.006522,0.006538,7203,154.561996,154.578003,154.050995,154.188004,0,-1.239051,-1.239259,-1.236029
2024.07.24 12:00,0.006539,0.006557,0.006537,0.006555,17907,154.186996,154.225006,153.751999,153.806,0,-1.237935,-1.231604,-1.239066
2024.07.24 13:00,0.006554,0.006574,0.006546,0.00657,26605,153.807007,153.996002,153.343002,153.432999,0,-1.230955,-1.240178,-1.226002
2024.07.24 14:00,0.00657,0.006584,0.006564,0.006579,32548,153.431,153.593002,153.100006,153.266998,0,-1.235267,-1.228185,-1.268215
2024.07.24 15:00,0.006577,0.006578,0.006568,0.006572,17098,153.264008,153.498993,153.259995,153.378006,0,-1.234053,-1.22655,-1.217329
2024.07.24 16:00,0.006572,0.006574,0.006564,0.006569,10456,153.378998,153.584,153.337997,153.470001,0,-1.237873,-1.223613,-1.239828
2024.07.24 17:00,0.006569,0.00657,0.006553,0.006553,12058,153.464996,153.858002,153.440994,153.820999,0,-1.2445,-1.22241,-1.230779
2024.07.24 18:00,0.006554,0.006555,0.006479,0.006546,11596,153.822998,154.074005,153.802994,154.003006,0,0.282711,-1.23606,-1.237959
2024.07.24 19:00,0.006546,0.006551,0.006541,0.006545,7070,154.003006,154.100006,153.873993,154.014999,0,-1.229866,-1.237191,-1.23828
2024.07.24 20:00,0.006545,0.006553,0.006545,0.006551,2226,154.016006,154.018005,153.835007,153.886002,0,-1.241286,-1.221505,-1.2492
2024.07.24 22:00,0.006551,0.006562,0.006551,0.006561,0,153.744003,153.789001,153.546997,153.626007,0,-1.152199,-1.154437,-1.210214
2024.07.24 23:00,0.006561,0.006561,0.006545,0.006547,6702,153.585999,153.951996,153.580002,153.917007,0,-1.163603,-1.164209,-1.163631
2024.07.25 00:00,0.006547,0.006593,0.006545,0.006576,28088,153.923996,153.968002,152.835007,153.240005,0,-1.167944,-1.15899,-1.160319
2024.07.25 01:00,0.006575,0.006601,0.006571,0.006592,17187,153.242004,153.345001,152.639999,152.856995,0,-1.161163,-1.159272,-1.157963
2024.07.25 02:00,0.006592,0.006607,0.006588,0.006601,9709,152.856003,152.953995,152.511993,152.636993,0,-1.151343,-1.145918,-1.156266
2024.07.25 03:00,0.006601,0.006619,0.006601,0.006613,15482,152.634003,152.636993,152.225998,152.317001,0,-1.156266,-1.157186,-1.111133
2024.07.25 04:00,0.006611,0.006614,0.006601,0.006603,9566,152.315002,152.653,152.307999,152.619003,0,-1.160806,-1.113564,-1.161224
2024.07.25 05:00,0.006603,0.006604,0.006588,0.006597,10092,152.619995,152.973007,152.578995,152.740005,0,-1.170356,-1.155615,-1.167436
2024.07.25 06:00,0.006597,0.006606,0.006591,0.006593,11633,152.738007,152.867004,152.539993,152.848999,0,-1.156463,-1.162458,-1.161476
2024.07.25 07:00,0.006593,0.006627,0.006589,0.00662,22836,152.845001,152.932999,152.050003,152.192993,0,-1.164903,-1.152159,-1.146994
2024.07.25 08:00,0.00662,0.006632,0.006597,0.006599,29496,152.192993,152.753006,151.934998,152.703995,0,-1.168957,-1.150925,-1.154402
2024.07.25 09:00,0.006599,0.006619,0.006597,0.006615,12452,152.703995,152.740005,152.244003,152.302002,0,-1.155956,-1.152371,-1.141847
2024.07.25 10:00,0.006616,0.006625,0.006614,0.00662,9369,152.304001,152.360001,152.085999,152.207001,0,-1.165566,-1.142601,-1.149602
2024.07.25 11:00,0.00662,0.006622,0.006597,0.006598,15118,152.210007,152.731995,152.167999,152.720001,0,-1.159425,-1.144817,-1.158921
2024.07.25 12:00,0.006598,0.006605,0.006555,0.006564,53514,152.722,153.735992,152.548004,153.520004,0,-1.169058,-1.159008,-1.162269
2024.07.25 13:00,0.006564,0.006568,0.006535,0.006559,45796,153.518005,154.192993,153.410004,153.651993,0,-1.170809,-1.156658,-1.178109
2024.07.25 14:00,0.006558,0.006576,0.006555,0.006559,34149,153.643997,153.742004,153.225998,153.647003,0,-1.17507,-1.157866,-1.17312
2024.07.25 15:00,0.006559,0.006559,0.006539,0.006545,19455,153.641006,154.102005,153.626999,153.977997,0,-1.173427,-1.164731,-1.177939
2024.07.25 16:00,0.006544,0.006547,0.00653,0.006542,15722,153.977005,154.317993,153.899994,154.024994,0,-1.178634,-1.158275,-1.166541
2024.07.25 17:00,0.006542,0.006554,0.006541,0.006541,11993,154.018997,154.042999,153.744995,154.033005,0,-1.172859,-1.166419,-1.162865
2024.07.25 18:00,0.006542,0.006553,0.006541,0.006553,12063,154.026993,154.050003,153.761002,153.783997,0,-1.179863,-1.170782,-1.182131
2024.07.25 19:00,0.006553,0.006553,0.006547,0.006547,9559,153.791,153.917007,153.781006,153.916,0,-1.175289,-1.167504,-1.174282
2024.07.25 20:00,0.006547,0.006552,0.006541,0.006545,4003,153.912994,154.048996,153.794006,153.899002,0,-1.167179,-1.168855,-1.110609
2024.07.25 22:00,0.006547,0.006547,0.006543,0.006547,0,153.923996,153.988998,153.882004,153.906006,0,-1.14223,-1.140285,-1.152629
2024.07.25 23:00,0.006547,0.006569,0.006547,0.006555,15114,153.897995,153.901001,153.373001,153.697006,0,-1.147625,-1.142828,-1.15334
2024.07.26 00:00,0.006555,0.006569,0.006536,0.006546,16930,153.699997,154.139008,153.365997,153.917007,0,-1.14023,-1.135824,-1.151961
2024.07.26 01:00,0.006546,0.006566,0.006539,0.00656,9073,153.919006,154.087997,153.423996,153.587997,0,-1.15942,-1.135863,-1.148976
2024.07.26 02:00,0.00656,0.006561,0.006544,0.006545,6981,153.585007,153.970001,153.561005,153.919006,0,-1.158265,-1.145212,-1.142287
2024.07.26 03:00,0.006546,0.006553,0.006546,0.006553,3672,153.916,153.921997,153.733994,153.753998,0,-1.15695,-1.143774,-1.140496
2024.07.26 04:00,0.006552,0.00656,0.00655,0.006557,4160,153.751999,153.830994,153.574997,153.677994,0,-1.159239,-1.135975,-1.157599
2024.07.26 05:00,0.006557,0.006564,0.006551,0.006557,7545,153.675995,153.804993,153.494003,153.641998,0,-1.156538,-1.136268,-1.144857
2024.07.26 06:00,0.006558,0.006562,0.006553,0.006558,7222,153.639999,153.755997,153.535995,153.634995,0,-1.142495,-1.143436,-1.149483
2024.07.26 07:00,0.006558,0.006561,0.006535,0.006546,11191,153.634003,154.169998,153.563995,153.912003,0,-1.147814,-1.148203,-1.146956
2024.07.26 08:00,0.006546,0.006548,0.006524,0.006529,12194,153.917007,154.432999,153.862,154.300003,0,-1.152799,-1.143613,-1.148914
2024.07.26 09:00,0.006529,0.006541,0.006528,0.006533,7354,154.300995,154.358994,154.029999,154.201996,0,-1.16099,-1.136491,-1.144671
2024.07.26 10:00,0.006533,0.006534,0.006515,0.006518,7413,154.203003,154.647003,154.190002,154.563004,0,-1.155062,-1.144393,-1.141704
2024.07.26 11:00,0.006518,0.00652,0.006511,0.006516,7375,154.567001,154.738007,154.514999,154.608994,0,-1.151768,-1.152526,-1.140603
2024.07.26 12:00,0.006516,0.006541,0.006512,0.006533,22205,154.606995,154.727997,154.020996,154.214996,0,-1.153554,-1.150856,-1.157672
2024.07.26 13:00,0.006533,0.006557,0.006533,0.00655,23508,154.214996,154.223007,153.667999,153.783005,0,-1.153977,-1.147605,-1.11125
2024.07.26 14:00,0.006551,0.006582,0.006538,0.006564,38869,153.798004,154.102997,153.087997,153.5,0,-1.151023,-1.146955,-1.142265
2024.07.26 15:00,0.006564,0.006564,0.006547,0.006548,11305,153.498001,153.875,153.492996,153.875,0,-1.144948,-1.146869,-1.156613
2024.07.26 16:00,0.006548,0.006555,0.006548,0.006551,6805,153.869003,153.876999,153.705002,153.783997,0,-1.158612,-1.138068,-1.147195
2024.07.26 17:00,0.006551,0.006557,0.006547,0.006554,5813,153.783997,153.873993,153.673004,153.729004,0,-1.143941,-1.164232,-1.150428
2024.07.26 18:00,0.006553,0.006555,0.006549,0.006554,8310,153.723007,153.826996,153.703995,153.727997,0,-1.143583,-1.14869,-1.149421
2024.07.26 19:00,0.006554,0.006556,0.006553,0.006553,4623,153.727997,153.766998,153.671005,153.753998,0,-1.153496,-1.138976,-1.152132
2024.07.26 20:00,0.006553,0.006553,0.006551,0.006552,2975,153.751999,153.796997,153.703995,153.718002,0,-1.136899,-1.113775,-1.092851
2024.07.28 23:00,0.006541,0.006542,0.006532,0.006535,9217,154.016006,154.212006,153.977997,154.141998,0,-1.119536,-1.119543,-1.119814
2024.07.29 00:00,0.006535,0.006562,0.006526,0.006555,21924,154.139999,154.350998,153.513,153.658997,0,-1.117774,-1.108825,-1.092062
2024.07.29 01:00,0.006556,0.006574,0.006549,0.006566,10398,153.660004,153.830994,153.233994,153.436996,0,-1.124271,-1.108036,-1.125673
2024.07.29 02:00,0.006565,0.006584,0.006562,0.006566,8517,153.438995,153.533997,153.009003,153.414001,0,-1.129821,-1.114118,-1.11428
2024.07.29 03:00,0.006566,0.00657,0.006555,0.00656,3113,153.414001,153.694,153.324997,153.511002,0,-1.127066,-1.118,-1.08359
2024.07.29 04:00,0.006562,0.00657,0.006558,0.006566,4275,153.509003,153.608002,153.317993,153.408005,0,-1.12249,-1.110996,-1.119872
2024.07.29 05:00,0.006567,0.006571,0.006556,0.006568,5152,153.412994,153.667007,153.298004,153.382004,0,-1.134978,-1.114166,-1.117064
2024.07.29 06:00,0.006568,0.006578,0.006564,0.006569,6735,153.375,153.447998,153.138,153.354996,0,-1.113467,-1.116105,-1.124823
2024.07.29 07:00,0.006569,0.006574,0.006553,0.006557,11874,153.354004,153.723007,153.229004,153.617004,0,-1.109505,-1.114619,-1.119863
2024.07.29 08:00,0.006558,0.006559,0.006545,0.006555,8585,153.623993,153.916,153.576996,153.686005,0,-1.115942,-1.114728,-1.119071
2024.07.29 09:00,0.006555,0.006559,0.006551,0.006554,4650,153.686005,153.772003,153.584,153.697998,0,-1.123548,-1.110116,-1.119422
2024.07.29 10:00,0.006554,0.006559,0.006546,0.006555,4698,153.697998,153.893005,153.598007,153.679993,0,-1.127958,-1.124124,-1.124688
2024.07.29 11:00,0.006555,0.006559,0.006549,0.006549,5567,153.681,153.839005,153.587997,153.832993,0,-1.132281,-1.125729,-1.126269
2024.07.29 12:00,0.006549,0.006552,0.00654,0.006547,12403,153.828995,154.031998,153.75,153.882004,0,-1.126798,-1.124849,-1.128627
2024.07.29 13:00,0.006547,0.006553,0.006533,0.006534,15518,153.884995,154.210999,153.725998,154.175003,0,-1.130249,-1.124132,-1.129394
2024.07.29 14:00,0.006535,0.006541,0.006533,0.006539,14458,154.171005,154.203995,153.996994,154.042007,0,-1.134964,-1.126854,-1.125114
2024.07.29 15:00,0.006539,0.006547,0.006539,0.006543,10643,154.046997,154.048004,153.867004,153.960007,0,-1.131111,-1.125286,-1.124921
2024.07.29 16:00,0.006543,0.006545,0.006537,0.006544,5451,153.962997,154.091003,153.923996,153.942001,0,-1.127328,-1.123938,-1.130265
2024.07.29 17:00,0.006544,0.006547,0.006541,0.006542,4287,153.942993,154.031006,153.880997,154.001999,0,-1.137498,-1.12762,-1.143546
2024.07.29 18:00,0.006541,0.006543,0.006539,0.006543,6651,153.996994,154.054993,153.960999,153.988007,0,-1.1381,-1.125913,-1.141238
2024.07.29 19:00,0.006543,0.006543,0.00654,0.006541,4314,153.988998,154.039001,153.953003,154.0,0,-1.133802,-1.129588,-1.12986
2024.07.29 20:00,0.006541,0.006543,0.006539,0.006539,2580,153.996002,154.054001,153.968002,154.009995,0,-1.125423,-1.121234,-1.093101
2024.07.29 22:00,0.006539,0.006541,0.006537,0.00654,0,153.998001,154.061005,153.957001,154.026993,0,-1.09733,-1.086861,-1.121793
2024.07.29 23:00,0.00654,0.006551,0.006539,0.006547,5770,154.011993,154.028,153.759995,153.835999,0,-1.111107,-1.099896,-1.105947
2024.07.30 00:00,0.006548,0.006557,0.006539,0.006542,8765,153.832993,154.061005,153.612,153.955994,0,-1.132427,-1.103227,-1.09754
2024.07.30 01:00,0.006543,0.006547,0.00653,0.006541,7035,153.960999,154.248001,153.845001,153.975998,0,-1.108642,-1.091625,-1.094181
2024.07.30 02:00,0.006541,0.006543,0.006535,0.006539,2485,153.992004,154.132996,153.947998,154.020996,0,-1.110811,-1.101229,-1.104103
2024.07.30 03:00,0.00654,0.006541,0.006533,0.006539,0,154.024994,154.167007,153.973007,154.067993,0,-1.109683,-1.102867,-1.127718
2024.07.30 04:00,0.006535,0.006537,0.006522,0.006522,5122,154.070007,154.442993,154.057007,154.438004,0,-1.115789,-1.093332,-1.122556
2024.07.30 05:00,0.006522,0.006523,0.006508,0.006512,9265,154.436996,154.768005,154.416,154.664993,0,-1.110972,-1.112308,-1.114127
2024.07.30 06:00,0.006512,0.006516,0.006488,0.006496,12744,154.662003,155.218994,154.595001,155.048996,0,-1.088292,-1.114842,-1.108112
2024.07.30 07:00,0.006497,0.00651,0.006493,0.006502,16803,155.054001,155.143997,154.716003,154.893997,0,-1.120128,-1.106177,-1.106988
2024.07.30 08:00,0.006502,0.006515,0.006502,0.006512,8166,154.897003,154.912003,154.600006,154.664993,0,-1.113175,-1.108065,-1.114127
2024.07.30 09:00,0.006512,0.006512,0.006501,0.006506,6236,154.662003,154.932999,154.656006,154.809006,0,-1.110508,-1.105139,-1.11654
2024.07.30 10:00,0.006506,0.006511,0.006504,0.00651,3727,154.809006,154.878006,154.688004,154.729996,0,-1.114649,-1.101765,-1.108368
2024.07.30 11:00,0.00651,0.00651,0.006503,0.006504,3999,154.729996,154.897995,154.720001,154.884003,0,-1.122813,-1.110175,-1.120646
2024.07.30 12:00,0.006503,0.006506,0.006498,0.0065,10236,154.884003,155.022003,154.807999,154.940002,0,-1.1285,-1.115533,-1.105677
2024.07.30 13:00,0.006502,0.006529,0.006501,0.006525,23025,154.938995,154.940994,154.287994,154.309998,0,-1.118503,-1.113452,-1.053295
2024.07.30 14:00,0.006524,0.006526,0.006513,0.006516,15914,154.332993,154.654999,154.285995,154.595993,0,-1.115923,-1.041038,-1.115834
2024.07.30 15:00,0.006516,0.006556,0.006516,0.006553,46402,154.598999,154.600998,153.643005,153.718994,0,-1.120838,-1.110976,-1.105492
2024.07.30 16:00,0.006553,0.006577,0.006547,0.006574,18545,153.720001,153.856003,153.134003,153.238007,0,-1.114284,-1.088998,-1.112049
2024.07.30 17:00,0.006574,0.006584,0.006567,0.006575,18232,153.235992,153.382004,152.975006,153.203003,0,-1.105468,-1.091649,-1.111748
2024.07.30 18:00,0.006574,0.006578,0.006564,0.006572,15195,153.207993,153.440994,153.132996,153.255997,0,-1.094867,-1.099552,-1.106888
2024.07.30 19:00,0.006572,0.006574,0.00657,0.006572,5297,153.255005,153.319,153.199997,153.274994,0,-1.100416,-1.097173,-1.102737
2024.07.30 20:00,0.006571,0.006598,0.006571,0.006597,6846,153.268997,153.281998,152.630005,152.731995,0,-1.098159,-1.068925,-1.147945
2024.07.30 22:00,0.006594,0.006607,0.006576,0.006586,0,152.658005,153.139008,152.410004,152.934998,0,-1.070876,-1.055375,-1.097764
2024.07.30 23:00,0.006588,0.006607,0.006583,0.006597,7068,152.875,152.973999,152.404999,152.658005,0,-1.067575,-1.061826,-1.073955
2024.07.31 00:00,0.006597,0.006621,0.006593,0.006609,13317,152.654007,152.740997,152.098007,152.378006,0,-1.064981,-1.063418,-1.06918
2024.07.31 01:00,0.006609,0.006618,0.006602,0.006607,6927,152.373001,152.529007,152.162003,152.417007,0,-1.059755,-1.058953,-1.062379
2024.07.31 02:00,0.006607,0.00661,0.006567,0.006586,13682,152.423004,153.345001,152.332001,152.875,0,-1.068466,-1.046071,-1.049295
2024.07.31 03:00,0.006588,0.006646,0.006574,0.00658,16018,152.873993,153.822998,151.567993,153.591995,0,-1.69704,-1.090231,-1.627857
2024.07.31 04:00,0.006574,0.006607,0.006568,0.006601,27168,153.628006,153.893997,152.406006,152.548996,0,-1.652234,-1.051377,-1.056803
2024.07.31 05:00,0.006601,0.006605,0.006574,0.006587,10511,152.552002,153.169006,152.464005,152.863998,0,-1.066182,-1.063545,-1.049821
2024.07.31 06:00,0.006588,0.006615,0.006579,0.006615,16333,152.869995,153.061996,152.209,152.231003,0,-1.063213,-1.048845,-1.05942
2024.07.31 07:00,0.006615,0.006686,0.006607,0.006672,32463,152.238007,152.434006,150.602005,150.921005,0,-1.06793,-1.046927,-1.04091
2024.07.31 08:00,0.006672,0.006708,0.006669,0.006673,44011,150.921005,150.985001,150.042999,150.917999,0,-1.037478,-0.956161,-1.049138
2024.07.31 09:00,0.006672,0.006698,0.006671,0.006696,15670,150.919006,150.945999,150.350998,150.404007,0,-1.043431,-1.041557,-1.049966
2024.07.31 10:00,0.006696,0.006707,0.006687,0.00669,13466,150.403,150.587006,150.141006,150.509995,0,-1.043113,-1.043051,-1.044331
2024.07.31 11:00,0.006691,0.00671,0.006688,0.006705,15378,150.503006,150.582001,150.076004,150.181,0,-1.049292,-1.033606,-1.03857
2024.07.31 12:00,0.006704,0.006727,0.006692,0.006698,31102,150.186996,150.477997,149.781006,150.330002,0,-1.045843,-1.115283,-1.042846
2024.07.31 13:00,0.006699,0.006722,0.006698,0.006721,18320,150.330994,150.350998,149.817993,149.830002,0,-1.041557,-1.052744,-1.053684
2024.07.31 14:00,0.006721,0.006731,0.006683,0.006694,30624,149.820007,150.673996,149.625,150.431,0,-1.040596,-1.047631,-1.032332
2024.07.31 15:00,0.006694,0.006701,0.006688,0.006696,13711,150.434998,150.576996,150.270004,150.380005,0,-1.044287,-1.038547,-1.037119
2024.07.31 16:00,0.006696,0.006697,0.006684,0.006688,7304,150.380997,150.662003,150.362,150.557007,0,-1.050994,-1.041408,-1.046649
2024.07.31 17:00,0.006688,0.006689,0.006671,0.006677,8350,150.557007,150.955002,150.539993,150.815994,0,-1.041206,-1.040814,-1.036923
2024.07.31 18:00,0.006677,0.006698,0.006656,0.006694,25580,150.792999,151.261002,150.326004,150.451004,0,-1.020615,-1.038848,-1.052336
2024.07.31 19:00,0.006694,0.006731,0.006691,0.006723,21478,150.436996,150.498993,149.602005,149.785995,0,-1.044501,-1.024636,-1.031814
2024.07.31 20:00,0.006723,0.006724,0.0067,0.006715,7151,149.800003,150.292999,149.751999,149.968994,0,-1.050404,-1.030999,-1.037578
2024.07.31 22:00,0.006717,0.006719,0.006702,0.006704,0,149.863998,150.192001,149.776993,150.151993,0,-0.971681,-0.945325,-0.976193
2024.07.31 23:00,0.006702,0.006725,0.006696,0.00672,5559,150.169998,150.317993,149.662994,149.781998,0,-0.975107,-0.964114,-0.972473
2024.08.01 00:00,0.006719,0.00674,0.006715,0.006736,18350,149.785004,149.895004,149.343002,149.436005,0,-0.97468,-0.975052,-0.979949
2024.08.01 01:00,0.006736,0.006777,0.006735,0.006748,33507,149.434998,149.464996,148.505997,149.149002,0,-0.975877,-0.958962,-0.945965
2024.08.01 02:00,0.006747,0.006754,0.006719,0.006721,18301,149.138,149.787994,149.029999,149.757996,0,-0.967394,-0.95863,-0.970617
2024.08.01 03:00,0.006721,0.006738,0.006719,0.006729,12927,149.763,149.791,149.382004,149.559998,0,-0.959333,-0.970014,-0.949501
2024.08.01 04:00,0.006735,0.00674,0.006723,0.006725,6694,149.559998,149.716995,149.335999,149.679993,0,-0.973879,-0.968048,-0.970054
2024.08.01 05:00,0.006725,0.006727,0.006708,0.006721,12237,149.684998,150.044998,149.610001,149.755997,0,-0.95816,-0.966371,-0.979678
2024.08.01 06:00,0.006721,0.006729,0.006695,0.00671,17687,149.755997,150.337006,149.563995,150.024994,0,-0.971807,-0.964543,-0.982596
2024.08.01 07:00,0.006709,0.006721,0.006702,0.006717,14359,150.016006,150.197006,149.776001,149.862,0,-0.987811,-0.97755,-0.986017
2024.08.01 08:00,0.006717,0.006733,0.006711,0.006725,19980,149.860992,149.988998,149.421005,149.692001,0,-0.979911,-0.898797,-0.982062
2024.08.01 09:00,0.006724,0.006728,0.006712,0.006713,6662,149.690002,149.968994,149.604004,149.949005,0,-0.982102,-0.971424,-0.984313
2024.08.01 10:00,0.006713,0.006714,0.006702,0.00671,7002,149.949997,150.195999,149.916,150.026993,0,-0.975679,-0.97349,-0.984595
2024.08.01 11:00,0.00671,0.006712,0.006682,0.006688,11374,150.022995,150.621994,149.968002,150.520004,0,-0.977395,-0.970019,-0.987295
2024.08.01 12:00,0.006688,0.006702,0.006672,0.006673,20704,150.522995,150.863998,150.188004,150.854996,0,-0.983904,-0.978808,-0.986135
2024.08.01 13:00,0.006673,0.006693,0.006671,0.006684,11389,150.858994,150.889999,150.388,150.518005,0,-0.987432,-0.978169,-0.906997
2024.08.01 14:00,0.006687,0.006718,0.006687,0.006708,25721,150.518997,150.524994,149.826996,150.044006,0,-0.981101,-0.973169,-0.968273
2024.08.01 15:00,0.006708,0.006716,0.006701,0.006708,13494,150.044998,150.218002,149.867004,150.056,0,-0.986545,-0.968849,-0.969161
2024.08.01 16:00,0.006708,0.006725,0.006704,0.006715,9370,150.059998,150.136993,149.675995,149.893997,0,-0.983439,-0.966056,-0.973673
2024.08.01 17:00,0.006715,0.006727,0.006713,0.006721,8461,149.893997,149.942001,149.639999,149.744995,0,-0.977309,-0.974277,-0.968677
2024.08.01 18:00,0.006722,0.006731,0.006721,0.006731,9420,149.744995,149.768997,149.528,149.552994,0,-0.981619,-0.972698,-0.986654
2024.08.01 19:00,0.006731,0.006735,0.006718,0.006721,7986,149.550995,149.841003,149.468002,149.770996,0,-0.987176,-0.978883,-0.972545
2024.08.01 20:00,0.00672,0.006742,0.00672,0.006741,2956,149.778,149.785995,149.268997,149.335007,0,-0.97647,-0.956052,-1.000066
2024.08.01 22:00,0.006741,0.006756,0.006734,0.00674,0,149.294998,149.442993,148.979004,149.317001,0,-0.942846,-0.951473,-0.949051
2024.08.01 23:00,0.00674,0.006762,0.00674,0.006745,9707,149.304001,149.311005,148.863007,149.207993,0,-0.943054,-0.977761,-0.950022
2024.08.02 00:00,0.006745,0.006757,0.006735,0.006737,11499,149.205002,149.417007,148.945007,149.375,0,-0.949929,-0.950335,-0.951994
2024.08.02 01:00,0.006737,0.006739,0.006719,0.006732,9277,149.378998,149.774002,149.348999,149.498993,0,-0.953401,-0.948024,-0.954728
2024.08.02 02:00,0.006732,0.006744,0.006724,0.006729,7252,149.494003,149.679993,149.227005,149.559998,0,-0.958993,-0.947055,-0.938465
2024.08.02 03:00,0.006729,0.006737,0.006725,0.006733,4852,149.569,149.643997,149.367004,149.487,0,-0.956164,-0.943998,-0.953769
2024.08.02 04:00,0.006733,0.006743,0.006728,0.006743,5408,149.490005,149.584,149.248001,149.259995,0,-0.95142,-0.946056,-0.958049
2024.08.02 05:00,0.006743,0.00676,0.006737,0.006757,8841,149.259003,149.373001,148.886002,148.944,0,-0.949995,-0.946068,-0.949328
2024.08.02 06:00,0.006758,0.006764,0.006742,0.006762,15123,148.938004,149.294998,148.800995,148.852005,0,-0.971061,-0.959477,-0.955831
2024.08.02 07:00,0.006762,0.006772,0.006745,0.006746,19356,148.848007,149.225006,148.617996,149.207993,0,-0.967035,-0.95113,-0.961014
2024.08.02 08:00,0.006745,0.006762,0.00674,0.006752,9936,149.209,149.326004,148.830002,149.070999,0,-0.958054,-0.955693,-0.966738
2024.08.02 09:00,0.006752,0.006762,0.006751,0.00676,7347,149.067001,149.095001,148.817001,148.886002,0,-0.968797,-0.942693,-0.957003
2024.08.02 10:00,0.00676,0.006767,0.006757,0.006764,5774,148.880997,148.957001,148.727005,148.796005,0,-0.962328,-0.951035,-0.954487
2024.08.02 11:00,0.006764,0.006764,0.006749,0.006754,6212,148.796005,149.121994,148.787994,149.007996,0,-0.951893,-0.957407,-0.958544
2024.08.02 12:00,0.006754,0.006846,0.00675,0.006826,57984,149.001999,149.115005,147.014008,147.432999,0,-0.966861,-0.943309,-0.934313
2024.08.02 13:00,0.006826,0.006845,0.006793,0.006843,41347,147.440994,148.167999,147.054001,147.061996,0,-0.957631,-0.951292,-0.927264
2024.08.02 14:00,0.006843,0.006868,0.006828,0.006862,44247,147.076004,147.423004,146.537994,146.667007,0,-0.956512,-0.935202,-0.936902
2024.08.02 15:00,0.006862,0.006874,0.006841,0.006847,30664,146.675003,147.106003,146.412003,146.973007,0,-0.939223,-0.936301,-0.934304
2024.08.02 16:00,0.006847,0.006859,0.006825,0.006853,29760,146.981003,147.460007,146.748993,146.843994,0,-0.939861,-0.944521,-0.933144
2024.08.02 17:00,0.006853,0.006858,0.006849,0.006854,9467,146.839996,146.957993,146.744003,146.839996,0,-0.940619,-0.928898,-0.939793
2024.08.02 18:00,0.006854,0.006873,0.006851,0.00687,15779,146.832993,146.899002,146.432999,146.492004,0,-0.945559,-0.936126,-0.942186
2024.08.02 19:00,0.00687,0.006872,0.006861,0.006866,12762,146.490997,146.694,146.442993,146.582993,0,-0.942649,-0.935532,-0.937787
2024.08.02 20:00,0.006866,0.00687,0.006864,0.006869,3213,146.589996,146.619003,146.464996,146.518997,0,-0.93136,-0.904592,-0.937397
2024.08.04 23:00,0.006878,0.006926,0.006876,0.006911,19353,146.317001,146.343002,145.270996,145.587006,0,-0.920182,-0.897931,-0.900611
2024.08.05 00:00,0.006912,0.006932,0.006895,0.006915,31423,145.589005,145.940994,145.173996,145.518005,0,-0.908364,-0.90508,-0.9153
2024.08.05 01:00,0.006916,0.006952,0.006911,0.006934,21990,145.513,145.591995,144.761993,145.113998,0,-0.905601,-0.908153,-0.907491
2024.08.05 02:00,0.006934,0.006938,0.006914,0.006934,10704,145.117996,145.550003,145.033997,145.134003,0,-0.915928,-0.900245,-0.906702
2024.08.05 03:00,0.006934,0.00698,0.006932,0.006973,15397,145.130005,145.154999,144.237,144.360992,0,-0.906888,-0.970525,-0.950691
2024.08.05 04:00,0.006971,0.00708,0.006967,0.007029,39107,144.360001,144.432007,142.151001,143.177002,0,-0.908502,-0.908061,-0.899135
2024.08.05 05:00,0.007029,0.007066,0.00701,0.007054,26760,143.171997,143.550995,142.408997,142.660004,0,-0.897639,-0.896223,-0.896468
2024.08.05 06:00,0.007055,0.007103,0.007031,0.007048,35082,142.660004,143.110001,141.681,142.753998,0,-0.882726,-0.905325,-0.879836
2024.08.05 07:00,0.007049,0.007052,0.006988,0.007014,24351,142.761993,143.988998,142.714996,143.473999,0,-0.88654,-0.901198,-0.89184
2024.08.05 08:00,0.007014,0.007087,0.007008,0.007067,17256,143.475006,143.559998,141.998001,142.391998,0,-0.876112,-0.884618,-0.88924
2024.08.05 09:00,0.007066,0.007099,0.007058,0.007072,12989,142.393997,142.576004,141.740005,142.281998,0,-0.882771,-0.885014,-0.869288
2024.08.05 10:00,0.007072,0.007091,0.007063,0.007068,7973,142.287003,142.466003,141.901001,142.373001,0,-0.883107,-0.877172,-0.880256
2024.08.05 11:00,0.007068,0.007074,0.007039,0.007071,12116,142.369003,142.962006,142.242004,142.306,0,-0.896368,-0.879265,-0.883288
2024.08.05 12:00,0.007072,0.007095,0.007063,0.007074,16264,142.309998,142.470993,141.826996,142.246002,0,-0.888096,-0.882664,-0.883262
2024.08.05 13:00,0.007074,0.007082,0.007037,0.007049,21756,142.244003,142.981995,142.085999,142.714005,0,-0.875979,-0.882947,-0.849908
2024.08.05 14:00,0.007046,0.00706,0.006992,0.007054,39862,142.701004,143.850998,142.537994,142.653,0,-0.840626,-0.894939,-0.879413
2024.08.05 15:00,0.007054,0.00707,0.006988,0.00699,25509,142.647995,143.990997,142.332001,143.953003,0,-0.878296,-0.879285,-0.881253
2024.08.05 16:00,0.00699,0.006992,0.006944,0.006979,23913,143.962006,144.889008,143.891998,144.179993,0,-0.890158,-0.881626,-0.903252
2024.08.05 17:00,0.006979,0.006993,0.006959,0.006988,10257,144.177994,144.602005,143.901001,144.007004,0,-0.892873,-0.900857,-0.894303
2024.08.05 18:00,0.006988,0.007019,0.006979,0.007016,18945,144.009003,144.164001,143.384995,143.453995,0,-0.887261,-0.924701,-0.912484
2024.08.05 19:00,0.007016,0.007016,0.006994,0.007001,11021,143.451004,143.860001,143.440002,143.737,0,-0.890521,-0.908643,-0.900262
2024.08.05 20:00,0.007001,0.007002,0.006973,0.006983,2703,143.738998,144.281006,143.697998,144.136993,0,-0.880989,-0.891855,-0.94232
2024.08.05 22:00,0.006985,0.007005,0.006945,0.00695,0,144.054993,144.863007,143.619003,144.806,0,-0.874526,-0.863829,-0.921104
2024.08.05 23:00,0.006951,0.006951,0.006899,0.006901,21471,144.759995,145.826004,144.725006,145.794006,0,-0.877464,-0.860815,-0.887474
2024.08.06 00:00,0.006901,0.006947,0.006874,0.006937,30290,145.798996,146.369003,144.832993,145.037003,0,-0.893302,-0.885966,-0.882468
2024.08.06 01:00,0.006938,0.006969,0.006915,0.006948,14049,145.039993,145.485001,144.358002,144.800995,0,-0.871837,-0.875683,-0.885041
2024.08.06 02:00,0.006948,0.006973,0.006921,0.006925,14018,144.800003,145.352005,144.296005,145.298996,0,-0.874651,-0.875427,-0.884241
2024.08.06 03:00,0.006924,0.006933,0.006895,0.006922,0,145.302002,145.912003,145.112,145.347,0,-0.889882,-0.874295,-0.880085
2024.08.06 04:00,0.00692,0.006934,0.006909,0.006915,8812,145.348007,145.645004,145.098007,145.511002,0,-0.895784,-0.881109,-0.897838
2024.08.06 05:00,0.006914,0.006934,0.006884,0.006899,15315,145.507996,146.141998,145.100998,145.867004,0,-0.888166,-0.884099,-0.907956
2024.08.06 06:00,0.006899,0.006919,0.006878,0.006909,24189,145.856995,146.296005,145.417999,145.628998,0,-0.894335,-0.878002,-0.890256
2024.08.06 07:00,0.006909,0.00693,0.006894,0.006925,15755,145.630997,145.936005,145.167999,145.287994,0,-0.892854,-0.878261,-0.87324
2024.08.06 08:00,0.006925,0.006964,0.006921,0.006942,22099,145.292999,145.376007,144.464996,144.919006,0,-0.877781,-0.86936,-0.878673
2024.08.06 09:00,0.006942,0.006963,0.006942,0.00695,11971,144.919006,144.921997,144.494003,144.744995,0,-0.881664,-0.877749,-0.870453
2024.08.06 10:00,0.006951,0.006969,0.006933,0.006944,9398,144.746002,145.119003,144.350006,144.886993,0,-0.881298,-0.867688,-0.86741
2024.08.06 11:00,0.006943,0.006943,0.006917,0.006932,8924,144.886993,145.459,144.886993,145.153,0,-0.88765,-0.857035,-0.884084
2024.08.06 12:00,0.006932,0.006963,0.006929,0.006957,21373,145.149002,145.203003,144.475006,144.598999,0,-0.882031,-0.869057,-0.869206
2024.08.06 13:00,0.006957,0.006985,0.006951,0.006967,21904,144.613998,144.712006,144.039993,144.393005,0,-0.847815,-0.876068,-0.8695
2024.08.06 14:00,0.006967,0.006973,0.006939,0.006963,22277,144.393997,144.990005,144.264999,144.5,0,-0.877021,-0.864983,-0.87343
2024.08.06 15:00,0.006962,0.006963,0.006929,0.006934,13294,144.503998,145.209,144.498993,145.113998,0,-0.888028,-0.872423,-0.886697
2024.08.06 16:00,0.006933,0.006938,0.006918,0.006921,10177,145.106995,145.419998,145.011993,145.373001,0,-0.869551,-0.888621,-0.874775
2024.08.06 17:00,0.006921,0.006936,0.00692,0.006921,6280,145.376007,145.389008,145.046005,145.337006,0,-0.880339,-0.881077,-0.859652
2024.08.06 18:00,0.006922,0.006939,0.006921,0.006938,9043,145.337006,145.363007,144.998993,145.001007,0,-0.885653,-0.886008,-0.877635
2024.08.06 19:00,0.006938,0.006952,0.006936,0.006952,8298,145.001999,145.070007,144.725998,144.733002,0,-0.884298,-0.872157,-0.879161
2024.08.06 20:00,0.006952,0.006979,0.006947,0.006973,6622,144.729004,144.820007,144.136993,144.296005,0,-0.872981,-0.849986,-0.895989
2024.08.06 22:00,0.006966,0.006972,0.00695,0.006959,0,144.509003,144.733994,144.294006,144.496002,0,-0.849098,-0.86314,-0.807515
2024.08.06 23:00,0.006959,0.006967,0.00695,0.00695,4199,144.552002,144.757996,144.373993,144.738998,0,-0.862755,-0.840195,-0.854103
2024.08.07 00:00,0.00695,0.006959,0.006925,0.00695,12048,144.733994,145.253998,144.542007,144.727997,0,-0.860091,-0.843203,-0.853455
2024.08.07 01:00,0.00695,0.006959,0.00682,0.006855,35936,144.722,147.492996,144.556,146.725006,0,-0.865425,-0.857195,-0.856724
2024.08.07 02:00,0.006855,0.006875,0.006845,0.006851,18750,146.729004,146.951004,146.335007,146.847,0,-0.869634,-0.88046,-0.872256
2024.08.07 03:00,0.006851,0.00686,0.006826,0.006831,13343,146.839996,147.369995,146.626999,147.121994,0,-0.860585,-0.854406,-0.730545
2024.08.07 04:00,0.006824,0.006832,0.006801,0.006814,13919,147.113007,147.901001,147.097,147.613007,0,-0.863798,-0.726974,-0.867094
2024.08.07 05:00,0.006815,0.006851,0.006806,0.006845,20194,147.612,147.813995,146.834,146.979004,0,-0.874021,-0.869902,-0.876295
2024.08.07 06:00,0.006845,0.00687,0.006837,0.006863,21921,146.975006,147.136993,146.432999,146.574997,0,-0.874016,-0.861997,-0.855512
2024.08.07 07:00,0.006863,0.006886,0.006846,0.006857,16384,146.574997,146.944,146.080994,146.679993,0,-0.873301,-0.869346,-0.854253
2024.08.07 08:00,0.006857,0.006861,0.006832,0.006833,8515,146.686996,147.229004,146.615997,147.199997,0,-0.869692,-0.864646,-0.851397
2024.08.07 09:00,0.006834,0.006839,0.006814,0.006816,8246,147.199997,147.636002,147.076996,147.574997,0,-0.868556,-0.856792,-0.861386
2024.08.07 10:00,0.006816,0.006841,0.006814,0.006834,6279,147.574005,147.608002,147.037003,147.188995,0,-0.862089,-0.859547,-0.861805
2024.08.07 11:00,0.006834,0.006843,0.00682,0.006834,7174,147.192993,147.505997,146.979996,147.197998,0,-0.867683,-0.855933,-0.870808
2024.08.07 12:00,0.006834,0.006849,0.006832,0.006843,10406,147.197998,147.233994,146.862,146.994995,0,-0.874681,-0.865939,-0.870932
2024.08.07 13:00,0.006844,0.006847,0.006828,0.006832,9169,146.992004,147.339005,146.916,147.218994,0,-0.872513,-0.855972,-0.848968
2024.08.07 14:00,0.006832,0.006859,0.006824,0.00683,16149,147.218002,147.397003,146.645996,147.276993,0,-0.86612,-0.862775,-0.864105
2024.08.07 15:00,0.00683,0.00683,0.006811,0.006824,12098,147.278,147.690002,147.248993,147.416,0,-0.868683,-0.846826,-0.863648
2024.08.07 16:00,0.006823,0.006839,0.00682,0.006834,6938,147.417007,147.498001,147.063995,147.177002,0,-0.87043,-0.854473,-0.849812
2024.08.07 17:00,0.006835,0.006845,0.006824,0.006842,7214,147.175003,147.404999,146.960007,147.026993,0,-0.863377,-0.857298,-0.870897
2024.08.07 18:00,0.006841,0.006858,0.006841,0.006851,11682,147.028,147.044006,146.673996,146.839996,0,-0.866551,-0.858891,-0.865253
2024.08.07 19:00,0.00685,0.006853,0.006835,0.00685,7898,146.837006,147.188004,146.783005,146.845993,0,-0.871521,-0.872154,-0.860592
2024.08.07 20:00,0.006849,0.00686,0.006847,0.006859,3036,146.847,146.906998,146.645996,146.656998,0,-0.868295,-0.873403,-0.873777
2024.08.07 22:00,0.006855,0.00687,0.006849,0.006861,0,146.695999,146.783997,146.339996,146.539993,0,-0.777285,-0.768995,-0.799266
2024.08.07 23:00,0.006861,0.006906,0.006861,0.006872,13426,146.520004,146.535004,145.563995,146.276001,0,-0.783652,-0.762373,-0.76854
2024.08.08 00:00,0.006872,0.006913,0.006861,0.006886,19314,146.283997,146.539001,145.414993,146.001999,0,-0.777035,-0.759991,-0.779805
2024.08.08 01:00,0.006886,0.006888,0.006857,0.006868,12217,146.0,146.619003,145.945999,146.373001,0,-0.793264,-0.776513,-0.780801
2024.08.08 02:00,0.006869,0.00687,0.006845,0.006858,7436,146.371994,146.871002,146.343994,146.589996,0,-0.778968,-0.772993,-0.774891
2024.08.08 03:00,0.006857,0.006872,0.006852,0.00687,3938,146.591003,146.716995,146.300995,146.376007,0,-0.774205,-0.772363,-0.805006
2024.08.08 04:00,0.006877,0.00689,0.006868,0.00688,6499,146.376007,146.388,145.903,146.128006,0,-0.7958,-0.77565,-0.779164
2024.08.08 05:00,0.00688,0.006889,0.006867,0.006888,7789,146.130997,146.401001,145.934006,145.979004,0,-0.777,-0.775058,-0.788445
2024.08.08 06:00,0.006887,0.006892,0.006869,0.006876,9519,145.962006,146.341995,145.871994,146.197006,0,-0.760395,-0.776228,-0.774186
2024.08.08 07:00,0.006876,0.006904,0.006876,0.006892,12723,146.192993,146.225998,145.621994,145.865997,0,-0.792611,-0.778424,-0.770231
2024.08.08 08:00,0.006892,0.006897,0.006874,0.006876,6751,145.867996,146.274994,145.75,146.194,0,-0.788707,-0.748913,-0.77118
2024.08.08 09:00,0.006876,0.006886,0.006863,0.00688,5230,146.188004,146.487,146.014008,146.123993,0,-0.778123,-0.781275,-0.785716
2024.08.08 10:00,0.00688,0.006884,0.006872,0.006882,3587,146.123993,146.300995,146.014008,146.100006,0,-0.782954,-0.760175,-0.782854
2024.08.08 11:00,0.006882,0.006889,0.006872,0.006878,5793,146.104004,146.300995,145.938004,146.160995,0,-0.782954,-0.779056,-0.780459
2024.08.08 12:00,0.006878,0.006888,0.006825,0.006836,24463,146.158997,147.294006,145.942993,147.063995,0,-0.773861,-0.762966,-0.779616
2024.08.08 13:00,0.006837,0.006843,0.006814,0.006833,15940,147.063004,147.546997,146.910995,147.123993,0,-0.790324,-0.776263,-0.775393
2024.08.08 14:00,0.006834,0.006842,0.00682,0.006826,10835,147.125,147.431,146.929993,147.289993,0,-0.792686,-0.773897,-0.791308
2024.08.08 15:00,0.00683,0.006839,0.006826,0.006835,5081,147.289001,147.302002,147.009995,147.091995,0,-0.803317,-0.779097,-0.786219
2024.08.08 16:00,0.006835,0.006835,0.006827,0.006828,3423,147.091995,147.259995,147.069,147.238007,0,-0.782773,-0.773918,-0.782233
2024.08.08 17:00,0.006828,0.006832,0.00682,0.006822,4585,147.233994,147.421005,147.145996,147.360001,0,-0.793434,-0.77597,-0.775417
2024.08.08 18:00,0.006822,0.00683,0.006819,0.006829,6861,147.360001,147.438004,147.199997,147.214005,0,-0.788935,-0.79783,-0.779682
2024.08.08 19:00,0.00683,0.006835,0.006827,0.006832,3522,147.218002,147.270996,147.087006,147.145996,0,-0.793775,-0.791924,-0.786684
2024.08.08 20:00,0.006832,0.006835,0.006824,0.006826,1587,147.139999,147.300003,147.093002,147.214996,0,-0.758381,-0.77652,-0.705587
2024.08.08 22:00,0.00683,0.006831,0.006822,0.006826,0,147.184998,147.307999,147.153,147.289001,0,-0.73416,-0.761551,-0.779592
2024.08.08 23:00,0.006826,0.006827,0.0068,0.006806,6952,147.272995,147.813004,147.235001,147.694,0,-0.754182,-0.757779,-0.775609
2024.08.09 00:00,0.006807,0.00683,0.006803,0.006816,11658,147.688995,147.774994,147.194,147.475998,0,-0.770221,-0.770401,-0.762387
2024.08.09 01:00,0.006816,0.006835,0.00681,0.006835,5989,147.481995,147.615005,147.074005,147.084,0,-0.761346,-0.768229,-0.778223
2024.08.09 02:00,0.006835,0.006837,0.006814,0.006816,6957,147.084,147.505005,147.016006,147.481003,0,-0.759092,-0.753029,-0.756627
2024.08.09 03:00,0.006816,0.006832,0.006812,0.006829,3605,147.487,147.570007,147.139999,147.220993,0,-0.759468,-0.759268,-0.786671
2024.08.09 04:00,0.006828,0.006847,0.006826,0.006843,4174,147.225006,147.255005,146.811996,146.886002,0,-0.767052,-0.751968,-0.761939
2024.08.09 05:00,0.006844,0.006851,0.006834,0.006837,7800,146.880005,147.108002,146.710007,147.009003,0,-0.770112,-0.756564,-0.756713
2024.08.09 06:00,0.006837,0.006843,0.006828,0.006828,8676,147.005997,147.216995,146.880005,147.199997,0,-0.761221,-0.755942,-0.75495
2024.08.09 07:00,0.006829,0.006842,0.006828,0.006828,5085,147.199005,147.214005,146.925995,147.199005,0,-0.768957,-0.769899,-0.753958
2024.08.09 08:00,0.006828,0.006841,0.006823,0.006829,4268,147.203995,147.309006,146.914001,147.205002,0,-0.745911,-0.747221,-0.770679
2024.08.09 09:00,0.006828,0.006832,0.006825,0.006827,3169,147.207993,147.287003,147.136002,147.233002,0,-0.766857,-0.765975,-0.75578
2024.08.09 10:00,0.006828,0.006837,0.006826,0.006832,3115,147.233994,147.266006,147.031998,147.136002,0,-0.767321,-0.75832,-0.75527
2024.08.09 11:00,0.006832,0.006846,0.006831,0.006837,4530,147.136993,147.158005,146.819,147.009995,0,-0.766556,-0.748301,-0.757705
2024.08.09 12:00,0.006837,0.006863,0.006837,0.006849,10892,147.011993,147.033997,146.503006,146.776001,0,-0.771019,-0.79413,-0.758627
2024.08.09 13:00,0.006848,0.006861,0.006848,0.006857,9053,146.776001,146.791,146.507004,146.604004,0,-0.762963,-0.755653,-0.757001
2024.08.09 14:00,0.006857,0.006872,0.006855,0.00686,17658,146.610001,146.634003,146.264999,146.537994,0,-0.76572,-0.757538,-0.765401
2024.08.09 15:00,0.006859,0.006864,0.006851,0.006862,6906,146.537003,146.731995,146.438004,146.494995,0,-0.757251,-0.75036,-0.764889
2024.08.09 16:00,0.006861,0.006863,0.006853,0.006857,2965,146.492996,146.666,146.473999,146.608994,0,-0.75515,-0.754514,-0.761991
2024.08.09 17:00,0.006856,0.006857,0.006849,0.006852,2835,146.608994,146.761993,146.591003,146.695007,0,-0.765933,-0.765264,-0.752217
2024.08.09 18:00,0.006853,0.006857,0.006851,0.006856,3209,146.692993,146.722,146.587997,146.610992,0,-0.757903,-0.751622,-0.753351
2024.08.09 19:00,0.006856,0.006859,0.006853,0.006855,2997,146.608002,146.673004,146.552002,146.643005,0,-0.762154,-0.74753,-0.753447
2024.08.09 20:00,0.006855,0.006857,0.006851,0.006855,1449,146.641006,146.699005,146.542999,146.623001,0,-0.745562,-0.695996,-0.744077
2024.08.11 23:00,0.006839,0.006841,0.006832,0.006834,6482,146.988998,147.128006,146.912994,147.069,0,-0.747274,-0.746214,-0.74181
2024.08.12 00:00,0.006835,0.006848,0.006835,0.006845,4190,147.072006,147.074005,146.794006,146.847,0,-0.757523,-0.765969,-0.754966
2024.08.12 01:00,0.006845,0.006852,0.006838,0.00684,1990,146.852005,146.994003,146.690994,146.960007,0,-0.75241,-0.748204,-0.761175
2024.08.12 02:00,0.00684,0.006845,0.006839,0.006841,1545,146.962006,146.979996,146.837006,146.927994,0,-0.759791,-0.755635,-0.761214
2024.08.12 03:00,0.006841,0.006844,0.006828,0.006828,3558,146.927994,147.220001,146.878006,147.197006,0,-0.764227,-0.764621,-0.751959
2024.08.12 04:00,0.006828,0.006837,0.006828,0.006832,2743,147.194,147.209,147.020004,147.119995,0,-0.753226,-0.746327,-0.749969
2024.08.12 05:00,0.006832,0.006835,0.006828,0.006828,2093,147.115005,147.222,147.080994,147.199997,0,-0.755508,-0.764511,-0.75495
2024.08.12 06:00,0.006829,0.006831,0.006825,0.006828,4972,147.194,147.279999,147.147995,147.223999,0,-0.759853,-0.756546,-0.757507
2024.08.12 07:00,0.006828,0.006834,0.006823,0.006828,5398,147.222,147.320007,147.084,147.218002,0,-0.756913,-0.74611,-0.75151
2024.08.12 08:00,0.006828,0.006829,0.006818,0.006822,4428,147.214005,147.442993,147.184998,147.356003,0,-0.761661,-0.750675,-0.760682
2024.08.12 09:00,0.006822,0.006828,0.00682,0.006823,2130,147.356995,147.382996,147.203003,147.311996,0,-0.755425,-0.757956,-0.748902
2024.08.12 10:00,0.006823,0.006824,0.006818,0.006818,2272,147.315002,147.438004,147.281998,147.417007,0,-0.756671,-0.751115,-0.757182
2024.08.12 11:00,0.006818,0.00682,0.006807,0.006812,5350,147.414993,147.667007,147.378006,147.567993,0,-0.75941,-0.750435,-0.768232
2024.08.12 12:00,0.006811,0.006814,0.006804,0.006804,7287,147.574997,147.737,147.516006,147.710999,0,-0.764633,-0.759333,-0.749424
2024.08.12 13:00,0.006805,0.006806,0.006781,0.006803,23821,147.712997,148.222,147.667007,147.774002,0,-0.761995,-0.748616,-0.769229
2024.08.12 14:00,0.006802,0.006808,0.006794,0.006798,9809,147.770004,147.944,147.656006,147.873993,0,-0.755305,-0.769993,-0.771906
2024.08.12 15:00,0.006798,0.006828,0.006797,0.006812,11309,147.873001,147.891998,147.244003,147.544006,0,-0.768264,-0.777511,-0.755012
2024.08.12 16:00,0.006813,0.006825,0.006812,0.006822,4329,147.539993,147.574005,147.270996,147.348007,0,-0.763465,-0.750851,-0.752687
2024.08.12 17:00,0.006822,0.006834,0.006822,0.00683,5917,147.348999,147.354996,147.084,147.173996,0,-0.770412,-0.75681,-0.750397
2024.08.12 18:00,0.00683,0.006835,0.006823,0.006824,11591,147.175003,147.313004,147.070007,147.300995,0,-0.749909,-0.764231,-0.759373
2024.08.12 19:00,0.006824,0.006836,0.006823,0.00683,4652,147.298996,147.322998,147.039001,147.184006,0,-0.759903,-0.754622,-0.760407
2024.08.12 20:00,0.00683,0.006831,0.006825,0.006828,1918,147.179993,147.279999,147.143997,147.209,0,-0.759853,-0.752548,-0.763952
2024.08.12 22:00,0.006829,0.006832,0.006826,0.006831,0,147.175003,147.223999,147.076996,147.126999,0,-0.714589,-0.696264,-0.73555
2024.08.12 23:00,0.006831,0.006841,0.006826,0.006836,3533,147.130997,147.223007,146.908997,147.020996,0,-0.735055,-0.742217,-0.736617
2024.08.13 00:00,0.006836,0.006837,0.006822,0.006825,4096,147.022003,147.302994,147.0,147.261993,0,-0.729155,-0.737022,-0.741848
2024.08.13 01:00,0.006824,0.006825,0.006812,0.006822,3535,147.261993,147.514008,147.257004,147.322998,0,-0.725013,-0.736858,-0.74916
2024.08.13 02:00,0.006822,0.006826,0.006819,0.00682,1017,147.322006,147.393997,147.223999,147.378006,0,-0.744928,-0.725314,-0.739692
2024.08.13 03:00,0.00682,0.006823,0.006814,0.006815,0,147.375,147.507004,147.304001,147.477997,0,-0.750331,-0.740906,-0.742853
2024.08.13 04:00,0.006815,0.006816,0.0068,0.006804,3015,147.481003,147.794006,147.427994,147.714005,0,-0.735185,-0.725138,-0.730834
2024.08.13 05:00,0.006804,0.00681,0.006799,0.006807,3217,147.714005,147.822998,147.595001,147.649994,0,-0.742542,-0.752127,-0.742397
2024.08.13 06:00,0.006807,0.006812,0.006793,0.006796,5447,147.645004,147.945999,147.548004,147.880997,0,-0.746469,-0.748243,-0.735618
2024.08.13 07:00,0.006796,0.006802,0.006793,0.006797,4606,147.878998,147.945007,147.761002,147.854004,0,-0.745477,-0.74542,-0.741094
2024.08.13 08:00,0.006798,0.006806,0.006797,0.006799,3697,147.854004,147.891998,147.664001,147.841003,0,-0.757448,-0.734824,-0.749738
2024.08.13 09:00,0.006798,0.006804,0.006795,0.006796,2196,147.837006,147.919006,147.697998,147.886002,0,-0.751968,-0.736424,-0.740623
2024.08.13 10:00,0.006796,0.006812,0.006795,0.006812,3273,147.889999,147.916,147.529007,147.531006,0,-0.748962,-0.740013,-0.742012
2024.08.13 11:00,0.006813,0.006822,0.006808,0.00682,4116,147.531998,147.613007,147.306,147.347,0,-0.737773,-0.732161,-0.730181
2024.08.13 12:00,0.006821,0.006836,0.006814,0.006818,12554,147.348007,147.509995,147.050995,147.397995,0,-0.742549,-0.766616,-0.73817
2024.08.13 13:00,0.006819,0.006845,0.006816,0.006834,21267,147.403,147.470993,146.843994,147.076996,0,-0.746617,-0.741286,-0.749806
2024.08.13 14:00,0.006834,0.006843,0.006829,0.006837,8712,147.074997,147.171005,146.889008,146.996002,0,-0.736683,-0.743594,-0.743713
2024.08.13 15:00,0.006838,0.00684,0.006833,0.006839,5515,146.992996,147.093002,146.936996,146.973999,0,-0.744402,-0.738165,-0.753795
2024.08.13 16:00,0.006839,0.006851,0.006839,0.00685,8308,146.964996,146.973007,146.699997,146.729996,0,-0.742109,-0.746554,-0.744594
2024.08.13 17:00,0.00685,0.006851,0.006841,0.006843,3685,146.733002,146.910004,146.703995,146.899994,0,-0.743224,-0.739897,-0.754581
2024.08.13 18:00,0.006842,0.006854,0.006842,0.006853,4157,146.901001,146.901993,146.639999,146.675995,0,-0.745897,-0.739796,-0.743856
2024.08.13 19:00,0.006852,0.006857,0.006844,0.006845,7660,146.675995,146.856003,146.589005,146.828995,0,-0.742618,-0.742002,-0.736961
2024.08.13 20:00,0.006845,0.006847,0.006842,0.006844,2663,146.828995,146.899994,146.774994,146.817993,0,-0.743898,-0.725634,-0.704608
2024.08.13 22:00,0.006845,0.006849,0.006841,0.006845,0,146.830002,146.875,146.729996,146.787994,0,-0.697544,-0.712622,-0.685286
2024.08.13 23:00,0.006844,0.006846,0.006835,0.006839,2389,146.820007,147.013,146.774994,146.940994,0,-0.717919,-0.704295,-0.710096
2024.08.14 00:00,0.006839,0.00684,0.00683,0.006832,4294,146.942993,147.145004,146.914001,147.091995,0,-0.721405,-0.71517,-0.721969
2024.08.14 01:00,0.006832,0.006848,0.006828,0.006843,4421,147.089996,147.184998,146.744995,146.862,0,-0.729224,-0.716958,-0.716586
2024.08.14 02:00,0.006842,0.00688,0.006841,0.006862,8590,146.867004,146.897995,146.067001,146.460999,0,-0.720539,-0.728724,-0.730893
2024.08.14 03:00,0.006861,0.006868,0.006841,0.006845,5603,146.460999,146.903,146.322998,146.774002,0,-0.714857,-0.709602,-0.692632
2024.08.14 04:00,0.006842,0.006845,0.006833,0.006843,4045,146.776001,147.070999,146.75,146.863998,0,-0.722399,-0.66863,-0.718585
2024.08.14 05:00,0.006843,0.006847,0.006832,0.006832,6041,146.863007,147.095993,146.768997,147.082993,0,-0.715261,-0.719637,-0.712966
2024.08.14 06:00,0.006832,0.006841,0.006822,0.006828,7080,147.082993,147.313995,146.897995,147.184998,0,-0.729412,-0.709852,-0.718506
2024.08.14 07:00,0.006828,0.006831,0.006816,0.006818,5880,147.188995,147.423004,147.104996,147.406998,0,-0.720148,-0.713547,-0.725665
2024.08.14 08:00,0.006818,0.006832,0.006813,0.00683,6151,147.406998,147.496002,147.095993,147.113007,0,-0.717783,-0.725967,-0.710839
2024.08.14 09:00,0.006831,0.006835,0.006829,0.006832,2313,147.110001,147.162003,147.024002,147.098007,0,-0.72768,-0.718226,-0.727981
2024.08.14 10:00,0.006832,0.006843,0.00683,0.006843,3567,147.100006,147.147995,146.835999,146.865997,0,-0.724396,-0.711936,-0.731265
2024.08.14 11:00,0.006842,0.006844,0.006837,0.006841,2218,146.863998,146.970993,146.824005,146.886002,0,-0.718703,-0.71062,-0.719222
2024.08.14 12:00,0.006841,0.006861,0.006809,0.006822,20520,146.886002,147.580002,146.507996,147.309006,0,-0.715556,-0.756644,-0.713685
2024.08.14 13:00,0.006822,0.006841,0.006816,0.006839,12336,147.309998,147.440002,146.908005,146.955002,0,-0.726392,-0.719862,-0.724104
2024.08.14 14:00,0.006838,0.006857,0.006836,0.006847,15677,146.957993,147.009003,146.570999,146.761993,0,-0.724624,-0.723996,-0.72329
2024.08.14 15:00,0.006847,0.006853,0.006841,0.006843,4963,146.761993,146.886993,146.632004,146.862,0,-0.720213,-0.710505,-0.716586
2024.08.14 16:00,0.006843,0.006845,0.006837,0.006839,5082,146.867004,146.968002,146.815994,146.945999,0,-0.715713,-0.713286,-0.725795
2024.08.14 17:00,0.006839,0.006839,0.006824,0.006826,5164,146.942001,147.263,146.927994,147.210007,0,-0.721379,-0.718471,-0.722054
2024.08.14 18:00,0.006826,0.006829,0.006824,0.006826,4828,147.210007,147.264999,147.162003,147.238998,0,-0.723377,-0.72768,-0.729589
2024.08.14 19:00,0.006825,0.006826,0.006818,0.006821,3832,147.242004,147.378006,147.199997,147.341995,0,-0.718181,-0.712044,-0.735926
2024.08.14 20:00,0.00682,0.006823,0.006816,0.00682,2437,147.341003,147.440002,147.285995,147.317001,0,-0.715626,-0.722901,-0.700182
2024.08.14 22:00,0.00682,0.006827,0.006819,0.00682,0,147.248993,147.309006,147.130997,147.289001,0,-0.659937,-0.653775,-0.672182
2024.08.14 23:00,0.00682,0.006824,0.006814,0.00682,2656,147.283997,147.404007,147.207993,147.268997,0,-0.658094,-0.65564,-0.652178
2024.08.15 00:00,0.00682,0.006826,0.006817,0.006822,4476,147.268005,147.354996,147.149994,147.223999,0,-0.662902,-0.651309,-0.650161
2024.08.15 01:00,0.006823,0.006824,0.006805,0.006808,4931,147.229004,147.613998,147.195999,147.516998,0,-0.663225,-0.654377,-0.630985
2024.08.15 02:00,0.006809,0.006814,0.006806,0.006812,2129,147.516006,147.584,147.410004,147.460999,0,-0.654822,-0.642558,-0.650459
2024.08.15 03:00,0.006812,0.006817,0.006811,0.006814,1519,147.460007,147.472,147.334,147.401993,0,-0.65068,-0.641906,-0.64532
2024.08.15 04:00,0.00682,0.006822,0.006817,0.006821,2107,147.399994,147.416,147.225998,147.263,0,-0.723907,-0.641414,-0.656931
2024.08.15 05:00,0.006821,0.006831,0.006817,0.006827,3220,147.263,147.345993,147.048996,147.134995,0,-0.653899,-0.657547,-0.657773
2024.08.15 06:00,0.006826,0.006828,0.006818,0.006826,3635,147.132004,147.335007,147.102005,147.160004,0,-0.653674,-0.656958,-0.650594
2024.08.15 07:00,0.006826,0.00683,0.006821,0.006824,2657,147.164993,147.263,147.091995,147.212997,0,-0.656931,-0.668396,-0.660645
2024.08.15 08:00,0.006823,0.006824,0.006815,0.006818,2934,147.207993,147.391998,147.201004,147.332001,0,-0.656855,-0.648651,-0.650668
2024.08.15 09:00,0.006818,0.006818,0.006812,0.006816,2747,147.332993,147.447998,147.317001,147.376007,0,-0.659004,-0.646428,-0.651631
2024.08.15 10:00,0.006815,0.006824,0.006815,0.006822,1692,147.376999,147.384003,147.192993,147.229996,0,-0.648859,-0.651371,-0.645412
2024.08.15 11:00,0.006823,0.006824,0.006818,0.006823,2212,147.229004,147.328995,147.173996,147.218994,0,-0.658422,-0.643113,-0.655899
2024.08.15 12:00,0.006823,0.006825,0.006734,0.006743,43153,147.218994,149.158005,147.179001,148.955994,0,-0.657857,-0.658855,-0.654048
2024.08.15 13:00,0.006743,0.006748,0.006727,0.006737,28244,148.957001,149.324997,148.863998,149.078003,0,-0.659274,-0.660961,-0.654997
2024.08.15 14:00,0.006738,0.006752,0.006735,0.00674,13443,149.078003,149.153,148.774002,149.035004,0,-0.663881,-0.65877,-0.667053
2024.08.15 15:00,0.00674,0.006748,0.00674,0.006746,7197,149.033005,149.035995,148.860001,148.914001,0,-0.668045,-0.667947,-0.667023
2024.08.15 16:00,0.006746,0.006748,0.006739,0.006739,5311,148.912994,149.050003,148.843002,149.039001,0,-0.660031,-0.661921,-0.660041
2024.08.15 17:00,0.006739,0.006744,0.006733,0.006737,6491,149.041,149.184998,148.953995,149.089005,0,-0.673821,-0.663048,-0.65498
2024.08.15 18:00,0.006737,0.006742,0.006737,0.006741,6744,149.093002,149.112,148.977005,149.003998,0,-0.666965,-0.66406,-0.669057
2024.08.15 19:00,0.006741,0.006743,0.006739,0.006739,4693,149.005997,149.048004,148.964996,149.039001,0,-0.658032,-0.663051,-0.660041
2024.08.15 20:00,0.00674,0.006741,0.006723,0.006728,3581,149.042007,149.367996,149.011002,149.270004,0,-0.635934,-0.65406,-0.637424
2024.08.15 22:00,0.006729,0.006739,0.006724,0.006729,0,149.302002,149.311005,149.028,149.253006,0,-0.590005,-0.64904,-0.642509
2024.08.15 23:00,0.006729,0.006734,0.006729,0.006731,2422,149.257996,149.261993,149.143005,149.227005,0,-0.651497,-0.642858,-0.649636
2024.08.16 00:00,0.00673,0.006744,0.006729,0.006733,6463,149.227997,149.268005,148.904007,149.151993,0,-0.646473,-0.635042,-0.640816
2024.08.16 01:00,0.006733,0.006748,0.00673,0.006744,4765,149.151993,149.227005,148.837997,148.914993,0,-0.638595,-0.645944,-0.646029
2024.08.16 02:00,0.006744,0.006752,0.006741,0.006746,3932,148.919006,148.994995,148.735001,148.871994,0,-0.64905,-0.641698,-0.646984
2024.08.16 03:00,0.006746,0.00675,0.006742,0.006743,2138,148.871994,148.955002,148.785995,148.927994,0,-0.642056,-0.648817,-0.626049
2024.08.16 04:00,0.006742,0.006748,0.00674,0.006746,1161,148.931,149.007996,148.828003,148.860992,0,-0.640045,-0.63595,-0.635982
2024.08.16 05:00,0.006747,0.006748,0.006738,0.006744,2610,148.863998,149.056,148.841995,148.916,0,-0.64401,-0.649942,-0.636051
2024.08.16 06:00,0.006744,0.006747,0.006737,0.006737,4648,148.921997,149.095001,148.852005,149.057999,0,-0.649967,-0.637982,-0.634992
2024.08.16 07:00,0.006738,0.006745,0.006738,0.00674,7090,149.056,149.061996,148.893005,149.014999,0,-0.650007,-0.635034,-0.647049
2024.08.16 08:00,0.006739,0.006756,0.006739,0.006754,7120,149.011002,149.054001,148.649994,148.710999,0,-0.653026,-0.644367,-0.650594
2024.08.16 09:00,0.006754,0.006759,0.006752,0.006756,3090,148.707001,148.764999,148.591003,148.675003,0,-0.649767,-0.640123,-0.647472
2024.08.16 10:00,0.006755,0.006771,0.006755,0.00677,4668,148.677002,148.679001,148.320007,148.350998,0,-0.64051,-0.631337,-0.640507
2024.08.16 11:00,0.00677,0.006788,0.00677,0.006784,13233,148.352005,148.354004,147.953995,148.044006,0,-0.643513,-0.635197,-0.638345
2024.08.16 12:00,0.006784,0.006804,0.006781,0.006801,16952,148.042999,148.104996,147.613007,147.682007,0,-0.634125,-0.64064,-0.634
2024.08.16 13:00,0.006801,0.006804,0.006789,0.006796,12083,147.684006,147.932007,147.619995,147.763,0,-0.634904,-0.636825,-0.617622
2024.08.16 14:00,0.006796,0.006796,0.006774,0.006785,15230,147.75,148.259003,147.733994,147.996994,0,-0.635735,-0.588615,-0.623916
2024.08.16 15:00,0.006786,0.006787,0.006773,0.00678,6898,147.998993,148.268997,147.972,148.126999,0,-0.63483,-0.631501,-0.634372
2024.08.16 16:00,0.00678,0.006786,0.006777,0.006786,3790,148.128998,148.192001,147.992004,147.996994,0,-0.644966,-0.629788,-0.634777
2024.08.16 17:00,0.006786,0.006799,0.006785,0.006798,4673,147.996994,148.011002,147.703995,147.744995,0,-0.637924,-0.634357,-0.642908
2024.08.16 18:00,0.006797,0.006803,0.006795,0.006801,6788,147.746002,147.815002,147.639008,147.671005,0,-0.637142,-0.634235,-0.633802
2024.08.16 19:00,0.006801,0.006804,0.006799,0.0068,3879,147.671997,147.723999,147.628006,147.697998,0,-0.643543,-0.644836,-0.639176
2024.08.16 20:00,0.0068,0.006806,0.006799,0.006804,2441,147.699005,147.701004,147.561005,147.589005,0,-0.631366,-0.631827,-0.616638
2024.08.18 23:00,0.006791,0.006793,0.006782,0.006787,4219,147.856995,148.052002,147.822006,147.962006,0,-0.602871,-0.611638,-0.610649
2024.08.19 00:00,0.006785,0.006797,0.006785,0.006793,5436,147.957001,148.001999,147.727997,147.817993,0,-0.607204,-0.615087,-0.618463
2024.08.19 01:00,0.006793,0.006816,0.006791,0.006812,5233,147.811996,147.882996,147.313995,147.408997,0,-0.618438,-0.600385,-0.598457
2024.08.19 02:00,0.006812,0.006817,0.006801,0.006816,2525,147.410004,147.639008,147.289993,147.343994,0,-0.612616,-0.5979,-0.619618
2024.08.19 03:00,0.006815,0.006863,0.006814,0.006856,8134,147.345993,147.373993,146.320999,146.457993,0,-0.606548,-0.612123,-0.600351
2024.08.19 04:00,0.006857,0.006884,0.006849,0.006869,9026,146.457993,146.623993,145.854996,146.186005,0,-0.606619,-0.59061,-0.604404
2024.08.19 05:00,0.006869,0.006906,0.006864,0.006905,14036,146.188004,146.296997,145.408005,145.423004,0,-0.609354,-0.606382,-0.600416
2024.08.19 06:00,0.006905,0.006916,0.006884,0.006884,13963,145.421005,145.876007,145.179993,145.871002,0,-0.601077,-0.587744,-0.606617
2024.08.19 07:00,0.006884,0.006893,0.006866,0.006872,13193,145.873001,146.255997,145.666,146.102997,0,-0.600182,-0.591289,-0.595536
2024.08.19 08:00,0.006873,0.006882,0.006867,0.006874,9860,146.100006,146.229996,145.899002,146.076004,0,-0.605995,-0.592401,-0.610876
2024.08.19 09:00,0.006873,0.00688,0.006865,0.006865,4389,146.076004,146.278,145.955994,146.264999,0,-0.611574,-0.596595,-0.598573
2024.08.19 10:00,0.006865,0.006866,0.006853,0.006861,6910,146.268005,146.520996,146.238007,146.348999,0,-0.599497,-0.592801,-0.597648
2024.08.19 11:00,0.006861,0.006876,0.006859,0.006876,5362,146.348007,146.386993,146.022003,146.035995,0,-0.603772,-0.588616,-0.602608
2024.08.19 12:00,0.006876,0.006882,0.006865,0.006868,5433,146.033997,146.270004,145.927002,146.216003,0,-0.603578,-0.60985,-0.613211
2024.08.19 13:00,0.006868,0.006868,0.006851,0.006859,10693,146.214005,146.576004,146.212006,146.395996,0,-0.60126,-0.59861,-0.612775
2024.08.19 14:00,0.006859,0.006869,0.006846,0.006861,14954,146.395996,146.673996,146.184998,146.360001,0,-0.603297,-0.603397,-0.608649
2024.08.19 15:00,0.006861,0.006861,0.006844,0.006858,7801,146.363007,146.712006,146.350006,146.423996,0,-0.598621,-0.598655,-0.608891
2024.08.19 16:00,0.006858,0.006859,0.00685,0.006855,3838,146.423004,146.595001,146.386002,146.498993,0,-0.6096,-0.60278,-0.609435
2024.08.19 17:00,0.006855,0.006857,0.006849,0.006853,2711,146.494003,146.619003,146.453995,146.535995,0,-0.612292,-0.606992,-0.603857
2024.08.19 18:00,0.006853,0.006855,0.006845,0.006847,6468,146.537994,146.688004,146.475006,146.656998,0,-0.606633,-0.596082,-0.607638
2024.08.19 19:00,0.006847,0.006852,0.006846,0.006849,3024,146.651001,146.679993,146.542999,146.634995,0,-0.609294,-0.600209,-0.617621
2024.08.19 20:00,0.006847,0.006851,0.006845,0.006847,1280,146.630005,146.692001,146.550995,146.576996,0,-0.589293,-0.576251,-0.527636
2024.08.19 22:00,0.00685,0.006851,0.006847,0.006847,0,146.565994,146.645004,146.528,146.626999,0,-0.584976,-0.574557,-0.588296
2024.08.19 23:00,0.006847,0.006848,0.006836,0.006843,3820,146.628006,146.865997,146.604996,146.705002,0,-0.581618,-0.576958,-0.57027
2024.08.20 00:00,0.006843,0.006868,0.006843,0.006861,10188,146.705002,146.723007,146.173996,146.341003,0,-0.577594,-0.571203,-0.579037
2024.08.20 01:00,0.006861,0.006884,0.006852,0.006861,8115,146.341995,146.531006,145.841995,146.337006,0,-0.588216,-0.57761,-0.575039
2024.08.20 02:00,0.006861,0.006863,0.006825,0.00683,7412,146.337006,147.100006,146.291,147.009003,0,-0.579861,-0.571515,-0.596115
2024.08.20 03:00,0.00683,0.006837,0.006822,0.006826,0,146.998001,147.162003,146.835007,147.063995,0,-0.588164,-0.582717,-0.576043
2024.08.20 04:00,0.006834,0.006839,0.006826,0.006834,3066,147.065994,147.102005,146.779999,146.923996,0,-0.592595,-0.570476,-0.586107
2024.08.20 05:00,0.006834,0.006834,0.006814,0.006817,5452,146.925003,147.326996,146.919006,147.279007,0,-0.581083,-0.581117,-0.586913
2024.08.20 06:00,0.006817,0.006834,0.006814,0.006828,6869,147.283005,147.345001,146.899002,147.046997,0,-0.588328,-0.571812,-0.580505
2024.08.20 07:00,0.006828,0.006861,0.006821,0.006851,12813,147.046997,147.194,146.324005,146.556,0,-0.587931,-0.572654,-0.581256
2024.08.20 08:00,0.006851,0.006866,0.006849,0.006853,9555,146.550995,146.584,146.227005,146.520004,0,-0.587939,-0.57119,-0.587866
2024.08.20 09:00,0.006853,0.006859,0.006851,0.006855,3893,146.518997,146.554993,146.376007,146.475006,0,-0.580249,-0.582156,-0.585448
2024.08.20 10:00,0.006855,0.006861,0.006853,0.006855,2494,146.470001,146.507004,146.322006,146.445007,0,-0.585505,-0.570655,-0.576725
2024.08.20 11:00,0.006855,0.006861,0.006851,0.006859,3362,146.444,146.556,146.334,146.373993,0,-0.581256,-0.572033,-0.580142
2024.08.20 12:00,0.006859,0.006871,0.006854,0.006869,8007,146.369003,146.488998,146.123001,146.164001,0,-0.588795,-0.583777,-0.582401
2024.08.20 13:00,0.006868,0.006875,0.006863,0.006872,8420,146.164993,146.294998,146.037994,146.110001,0,-0.586122,-0.583448,-0.581369
2024.08.20 14:00,0.006872,0.006899,0.006865,0.006896,14828,146.110992,146.246002,145.514008,145.597,0,-0.579576,-0.575964,-0.585397
2024.08.20 15:00,0.006895,0.006896,0.006883,0.006891,10481,145.595993,145.867004,145.580002,145.692993,0,-0.581519,-0.568399,-0.576176
2024.08.20 16:00,0.006891,0.006907,0.006888,0.006905,6390,145.692001,145.744003,145.367004,145.395996,0,-0.574517,-0.575867,-0.583887
2024.08.20 17:00,0.006905,0.006907,0.006901,0.006901,4606,145.393005,145.490005,145.341003,145.485001,0,-0.583474,-0.570823,-0.578469
2024.08.20 18:00,0.006901,0.006907,0.006899,0.006906,6471,145.483994,145.535004,145.363007,145.384003,0,-0.575955,-0.57187,-0.58238
2024.08.20 19:00,0.006906,0.006909,0.006904,0.006908,4786,145.384003,145.431,145.317993,145.335999,0,-0.58743,-0.579251,-0.576299
2024.08.20 20:00,0.006908,0.006915,0.006907,0.006911,2451,145.332001,145.360001,145.190002,145.251999,0,-0.579348,-0.566388,-0.555134
2024.08.20 22:00,0.006915,0.006924,0.006914,0.006917,0,145.113007,145.177994,144.981003,145.132996,0,-0.543919,-0.555817,-0.561646
2024.08.20 23:00,0.006917,0.006925,0.006906,0.006907,8997,145.117996,145.350998,144.940002,145.320007,0,-0.549375,-0.546096,-0.549827
2024.08.21 00:00,0.006908,0.006926,0.006897,0.006901,10092,145.317993,145.552002,144.927002,145.444,0,-0.550915,-0.553937,-0.547959
2024.08.21 01:00,0.006902,0.006911,0.006895,0.006903,6010,145.447006,145.584,145.248001,145.408005,0,-0.561879,-0.551136,-0.553942
2024.08.21 02:00,0.006903,0.00691,0.0069,0.006905,2642,145.404007,145.492004,145.268005,145.382996,0,-0.564466,-0.550205,-0.560407
2024.08.21 03:00,0.006905,0.006905,0.006897,0.006901,3823,145.382996,145.567993,145.356995,145.473999,0,-0.566906,-0.544885,-0.556965
2024.08.21 04:00,0.006902,0.006903,0.006888,0.006892,3761,145.473999,145.759003,145.386993,145.667999,0,-0.568444,-0.522445,-0.561713
2024.08.21 05:00,0.006892,0.006899,0.006886,0.006892,4765,145.669006,145.781006,145.511002,145.667007,0,-0.558812,-0.572958,-0.560721
2024.08.21 06:00,0.006891,0.006895,0.006877,0.006878,7461,145.664993,145.979004,145.563995,145.945007,0,-0.56676,-0.541875,-0.564471
2024.08.21 07:00,0.006878,0.00689,0.006865,0.006868,10100,145.947006,146.225998,145.684006,146.141998,0,-0.559572,-0.546121,-0.549798
2024.08.21 08:00,0.006869,0.006881,0.006868,0.006874,4845,146.141998,146.171005,145.876007,146.024994,0,-0.557609,-0.548293,-0.559866
2024.08.21 09:00,0.006874,0.006878,0.006867,0.00687,3178,146.029999,146.182999,145.947006,146.110992,0,-0.558998,-0.555909,-0.550588
2024.08.21 10:00,0.00687,0.006874,0.006865,0.006868,4260,146.117004,146.225006,146.033997,146.175003,0,-0.55858,-0.54771,-0.561607
2024.08.21 11:00,0.006868,0.006874,0.006866,0.006872,2735,146.169998,146.197998,146.029007,146.057007,0,-0.563391,-0.553305,-0.549546
2024.08.21 12:00,0.006873,0.006888,0.006873,0.006886,6835,146.061005,146.061005,145.729004,145.772995,0,-0.564132,-0.548977,-0.550801
2024.08.21 13:00,0.006886,0.006899,0.006884,0.006888,12929,145.776001,145.811005,145.492996,145.735992,0,-0.557172,-0.554953,-0.566506
2024.08.21 14:00,0.006888,0.006903,0.006832,0.006892,54085,145.742004,146.895004,145.408005,145.639008,0,-0.514273,-0.553942,-0.55377
2024.08.21 15:00,0.006892,0.006921,0.006892,0.006913,11233,145.645996,145.647003,145.026001,145.195007,0,-0.551237,-0.548647,-0.550469
2024.08.21 16:00,0.006913,0.006921,0.006912,0.006914,6112,145.199997,145.240997,145.031998,145.190002,0,-0.565072,-0.554644,-0.555927
2024.08.21 17:00,0.006914,0.006926,0.006913,0.006921,6202,145.190994,145.223999,144.934998,145.059998,0,-0.558541,-0.551517,-0.561772
2024.08.21 18:00,0.006919,0.00695,0.006919,0.006936,18900,145.054993,145.063004,144.449997,144.740997,0,-0.54389,-0.554756,-0.555288
2024.08.21 19:00,0.006936,0.006936,0.006921,0.006923,7024,144.742996,145.041,144.733994,145.001999,0,-0.553206,-0.55868,-0.545521
2024.08.21 20:00,0.006923,0.006923,0.006909,0.006911,3658,145.007996,145.292999,145.003006,145.222,0,-0.554257,-0.567388,-0.525135
2024.08.21 22:00,0.006911,0.006925,0.006911,0.006925,0,145.158005,145.171005,144.955002,144.981003,0,-0.47414,-0.550667,-0.576668
2024.08.21 23:00,0.006925,0.006928,0.006913,0.006914,3612,144.886993,145.143997,144.839996,145.123001,0,-0.499459,-0.487777,-0.488926
2024.08.22 00:00,0.006915,0.006923,0.006899,0.006904,8034,145.123001,145.438004,144.938004,145.334,0,-0.49996,-0.491951,-0.49043
2024.08.22 01:00,0.006904,0.00691,0.00689,0.00689,4845,145.328995,145.641006,145.210007,145.612,0,-0.492596,-0.492206,-0.48465
2024.08.22 02:00,0.00689,0.006902,0.00689,0.006899,3377,145.613007,145.632996,145.367004,145.440002,0,-0.495111,-0.481463,-0.491462
2024.08.22 03:00,0.006899,0.006909,0.006897,0.006907,2621,145.445999,145.481995,145.199997,145.261002,0,-0.491422,-0.471722,-0.480349
2024.08.22 04:00,0.006905,0.006921,0.006901,0.006913,5308,145.261002,145.408997,144.979004,145.130997,0,-0.491962,-0.49121,-0.486459
2024.08.22 05:00,0.006914,0.006919,0.006905,0.006907,2677,145.130997,145.302994,145.005997,145.266006,0,-0.490884,-0.476437,-0.495826
2024.08.22 06:00,0.006908,0.00691,0.006898,0.006902,5655,145.264008,145.453003,145.207993,145.380005,0,-0.483445,-0.490192,-0.494463
2024.08.22 07:00,0.006901,0.006915,0.006897,0.006908,7067,145.378998,145.473999,145.084,145.240997,0,-0.483426,-0.481294,-0.481298
2024.08.22 08:00,0.006907,0.006907,0.006888,0.00689,5537,145.244003,145.669998,145.238007,145.634003,0,-0.489971,-0.467826,-0.485592
2024.08.22 09:00,0.00689,0.006894,0.006884,0.006892,4175,145.630005,145.757004,145.554001,145.604996,0,-0.492618,-0.489815,-0.49871
2024.08.22 10:00,0.006891,0.006894,0.006878,0.006884,3533,145.606995,145.888,145.557999,145.761002,0,-0.496903,-0.493812,-0.496616
2024.08.22 11:00,0.006884,0.006884,0.006865,0.006873,7539,145.761002,146.149994,145.733994,145.988007,0,-0.483568,-0.480161,-0.491134
2024.08.22 12:00,0.006873,0.006878,0.006855,0.00687,12669,145.987,146.345993,145.867996,146.046997,0,-0.456435,-0.48746,-0.486593
2024.08.22 13:00,0.00687,0.006881,0.006849,0.006859,15547,146.048996,146.494003,145.817001,146.276001,0,-0.47663,-0.489288,-0.49278
2024.08.22 14:00,0.00686,0.006862,0.006847,0.006861,14620,146.285004,146.524994,146.216003,146.229996,0,-0.486291,-0.485898,-0.489268
2024.08.22 15:00,0.006861,0.006878,0.006857,0.006874,6757,146.233002,146.348999,145.869995,145.964005,0,-0.501996,-0.489459,-0.488303
2024.08.22 16:00,0.006874,0.006874,0.006856,0.006857,8068,145.975998,146.350006,145.960999,146.324997,0,-0.492364,-0.485297,-0.488622
2024.08.22 17:00,0.006857,0.006859,0.006849,0.006857,5778,146.326004,146.490997,146.270004,146.315994,0,-0.494937,-0.486783,-0.490255
2024.08.22 18:00,0.006858,0.006863,0.006856,0.006862,4758,146.313995,146.347,146.195007,146.216995,0,-0.489358,-0.486131,-0.486889
2024.08.22 19:00,0.006862,0.006865,0.006857,0.006859,3264,146.220993,146.322006,146.169998,146.289993,0,-0.496267,-0.492969,-0.496142
2024.08.22 20:00,0.006859,0.006861,0.006855,0.006858,1779,146.292007,146.373001,146.244003,146.268005,0,-0.494077,-0.503276,-0.4529
2024.08.22 22:00,0.006861,0.006865,0.006857,0.006863,0,146.212997,146.276001,146.141998,146.167007,0,-0.450262,-0.475572,-0.468748
2024.08.22 23:00,0.006863,0.006871,0.006861,0.006861,3952,146.177002,146.233994,146.014999,146.207001,0,-0.472027,-0.475775,-0.466273
2024.08.23 00:00,0.006861,0.006877,0.006855,0.006868,10826,146.207001,146.334,145.884995,146.069,0,-0.465717,-0.47275,-0.4768
2024.08.23 01:00,0.006868,0.006897,0.006866,0.006896,7208,146.069,146.106003,145.455002,145.481003,0,-0.450188,-0.464429,-0.4694
2024.08.23 02:00,0.006897,0.006905,0.006886,0.00689,5358,145.479996,145.697006,145.289993,145.597,0,-0.474812,-0.456915,-0.46965
2024.08.23 03:00,0.00689,0.006896,0.006885,0.006887,2054,145.598999,145.718002,145.470993,145.667007,0,-0.474721,-0.45939,-0.465905
2024.08.23 04:00,0.00689,0.00689,0.006876,0.006882,2741,145.666,145.901001,145.572006,145.768005,0,-0.467614,-0.434122,-0.461404
2024.08.23 05:00,0.006882,0.006892,0.006882,0.006887,1792,145.768005,145.768997,145.552002,145.667999,0,-0.472954,-0.466764,-0.466897
2024.08.23 06:00,0.006888,0.006905,0.006881,0.006897,4623,145.673004,145.796005,145.285004,145.451004,0,-0.468291,-0.472894,-0.470934
2024.08.23 07:00,0.006897,0.006899,0.006872,0.00688,7759,145.451004,145.977997,145.408005,145.820999,0,-0.470536,-0.469962,-0.4616
2024.08.23 08:00,0.00688,0.006883,0.00687,0.006874,6284,145.824997,146.026993,145.746002,145.932007,0,-0.477174,-0.460517,-0.466879
2024.08.23 09:00,0.006874,0.006874,0.006865,0.006865,4125,145.929001,146.151993,145.923004,146.136993,0,-0.474964,-0.457876,-0.470567
2024.08.23 10:00,0.006865,0.006872,0.006863,0.006871,2824,146.136993,146.175003,145.988007,146.018005,0,-0.476744,-0.459375,-0.478781
2024.08.23 11:00,0.00687,0.006874,0.006867,0.00687,2628,146.018997,146.102997,145.934006,146.029999,0,-0.478996,-0.458304,-0.469595
2024.08.23 12:00,0.00687,0.006874,0.006863,0.006872,5092,146.028,146.175003,145.940002,145.985992,0,-0.476744,-0.464301,-0.467952
2024.08.23 13:00,0.006872,0.006872,0.006849,0.00686,13119,145.981995,146.483002,145.972,146.246994,0,-0.47629,-0.464539,-0.474401
2024.08.23 14:00,0.006861,0.006921,0.006855,0.006909,51652,146.246002,146.283997,144.945007,145.203003,0,-0.415714,-0.467653,-0.464261
2024.08.23 15:00,0.006909,0.006938,0.006909,0.006925,20980,145.205994,145.210999,144.593002,144.865997,0,-0.472257,-0.46963,-0.472091
2024.08.23 16:00,0.006925,0.00693,0.00692,0.006926,5947,144.865005,144.979004,144.748001,144.843002,0,-0.470335,-0.458263,-0.469938
2024.08.23 17:00,0.006926,0.006951,0.006926,0.006948,9959,144.843002,144.852005,144.339005,144.401001,0,-0.468525,-0.474814,-0.474688
2024.08.23 18:00,0.006948,0.006961,0.006946,0.006952,9365,144.401001,144.449997,144.126999,144.287994,0,-0.471885,-0.45916,-0.45484
2024.08.23 19:00,0.006953,0.006965,0.006952,0.006956,5693,144.291,144.304001,144.042007,144.231995,0,-0.470847,-0.456683,-0.47121
2024.08.23 20:00,0.006956,0.006957,0.006947,0.006948,3525,144.233994,144.410995,144.205002,144.352005,0,-0.463969,-0.454553,-0.436051
2024.08.25 23:00,0.006971,0.006987,0.006965,0.00697,12026,143.891998,144.022003,143.550003,143.919006,0,-0.436679,-0.427058,-0.446983
2024.08.26 00:00,0.006969,0.006992,0.006963,0.00698,11093,143.917999,144.052002,143.440002,143.707993,0,-0.446053,-0.42963,-0.441518
2024.08.26 01:00,0.006981,0.006992,0.006971,0.006979,9213,143.707001,143.882996,143.442001,143.735001,0,-0.44184,-0.431629,-0.437734
2024.08.26 02:00,0.006979,0.006988,0.006967,0.006969,5329,143.738007,143.988007,143.529999,143.931,0,-0.443904,-0.42754,-0.438394
2024.08.26 03:00,0.006969,0.006975,0.006961,0.006967,4674,143.929001,144.089996,143.789001,143.964005,0,-0.44279,-0.430101,-0.440499
2024.08.26 04:00,0.006967,0.006979,0.006964,0.006964,4696,143.964005,144.044998,143.738007,144.035004,0,-0.449362,-0.44074,-0.439368
2024.08.26 05:00,0.006964,0.006969,0.006956,0.006963,4295,144.039001,144.216003,143.921997,144.052002,0,-0.444892,-0.439679,-0.435748
2024.08.26 06:00,0.006963,0.006981,0.006963,0.006977,7152,144.048004,144.065994,143.679993,143.764999,0,-0.439424,-0.434036,-0.447191
2024.08.26 07:00,0.006977,0.006985,0.006971,0.006971,5763,143.764008,143.910004,143.593994,143.889999,0,-0.448274,-0.440318,-0.448844
2024.08.26 08:00,0.006971,0.006977,0.006967,0.006973,2953,143.884995,143.962006,143.774002,143.856995,0,-0.438501,-0.44592,-0.436416
2024.08.26 09:00,0.006973,0.006975,0.006965,0.006967,3351,143.863007,144.001007,143.815994,143.964996,0,-0.436292,-0.436543,-0.441491
2024.08.26 10:00,0.006967,0.006967,0.00696,0.006965,2202,143.966995,144.119003,143.964996,144.031006,0,-0.440841,-0.431198,-0.445682
2024.08.26 11:00,0.006964,0.006967,0.006955,0.006959,4176,144.029007,144.229996,143.960007,144.132004,0,-0.448546,-0.436502,-0.443516
2024.08.26 12:00,0.006959,0.00697,0.006948,0.006969,7931,144.126999,144.365005,143.908005,143.932007,0,-0.449051,-0.435982,-0.439401
2024.08.26 13:00,0.006969,0.006973,0.006946,0.006946,10095,143.932007,144.414993,143.850006,144.406998,0,-0.436881,-0.439705,-0.439242
2024.08.26 14:00,0.006946,0.006961,0.006944,0.006959,10441,144.410004,144.457001,144.102005,144.141998,0,-0.437417,-0.444488,-0.443194
2024.08.26 15:00,0.006959,0.006959,0.006936,0.006942,8537,144.145004,144.604996,144.130005,144.507996,0,-0.440068,-0.4312,-0.446916
2024.08.26 16:00,0.006941,0.006944,0.006937,0.006944,5003,144.503998,144.602005,144.442001,144.459,0,-0.447471,-0.443151,-0.449779
2024.08.26 17:00,0.006944,0.00695,0.006939,0.00694,6349,144.457993,144.556,144.313995,144.518005,0,-0.443015,-0.439453,-0.436164
2024.08.26 18:00,0.006941,0.006942,0.006934,0.006942,8738,144.524994,144.654007,144.498001,144.501999,0,-0.4475,-0.457668,-0.451288
2024.08.26 19:00,0.006942,0.006942,0.006937,0.006937,3760,144.503006,144.598999,144.492996,144.595993,0,-0.444465,-0.442286,-0.441459
2024.08.26 20:00,0.006938,0.006944,0.006936,0.006941,1672,144.593002,144.610992,144.449997,144.516998,0,-0.446065,-0.440776,-0.445539
2024.08.26 22:00,0.006942,0.00695,0.006938,0.006948,0,144.473007,144.511002,144.311005,144.386002,0,-0.387629,-0.415764,-0.449337
2024.08.26 23:00,0.006948,0.006954,0.00694,0.00694,2962,144.360992,144.528,144.227997,144.501999,0,-0.425401,-0.415533,-0.420158
2024.08.27 00:00,0.00694,0.006943,0.006923,0.006925,5863,144.509003,144.858994,144.447006,144.837997,0,-0.423375,-0.417048,-0.423243
2024.08.27 01:00,0.006924,0.006936,0.006919,0.006932,4460,144.845001,144.951004,144.600006,144.695007,0,-0.421444,-0.424693,-0.426091
2024.08.27 02:00,0.006931,0.006934,0.006918,0.006923,4144,144.695007,144.962006,144.643005,144.869995,0,-0.411559,-0.415704,-0.423943
2024.08.27 03:00,0.006923,0.006926,0.006919,0.006924,0,144.869003,144.970993,144.798004,144.828995,0,-0.430995,-0.414524,-0.403809
2024.08.27 04:00,0.006928,0.006935,0.006926,0.006935,3284,144.832001,144.835007,144.621002,144.638,0,-0.451527,-0.424895,-0.441893
2024.08.27 05:00,0.006934,0.006938,0.006922,0.006928,2394,144.632004,144.891998,144.567993,144.787003,0,-0.425083,-0.423851,-0.434783
2024.08.27 06:00,0.006928,0.006934,0.006923,0.006925,5333,144.785995,144.860001,144.638,144.824005,0,-0.424382,-0.421102,-0.430099
2024.08.27 07:00,0.006925,0.006927,0.006908,0.006917,9960,144.819,145.175003,144.774002,144.996994,0,-0.415304,-0.411361,-0.4152
2024.08.27 08:00,0.006917,0.006919,0.006909,0.006913,4760,144.996994,145.149002,144.932007,145.059006,0,-0.420727,-0.402447,-0.414468
2024.08.27 09:00,0.006914,0.00693,0.006913,0.006925,3784,145.063004,145.072006,144.729996,144.828003,0,-0.427468,-0.41944,-0.423668
2024.08.27 10:00,0.006925,0.006932,0.006923,0.006927,2709,144.828995,144.865005,144.675995,144.776993,0,-0.429387,-0.427884,-0.414352
2024.08.27 11:00,0.006928,0.00694,0.006923,0.00694,3661,144.778,144.882004,144.501999,144.531998,0,-0.425526,-0.420158,-0.429399
2024.08.27 12:00,0.00694,0.006949,0.006936,0.006946,11368,144.526993,144.602997,144.330002,144.384003,0,-0.427684,-0.424405,-0.426613
2024.08.27 13:00,0.006946,0.006954,0.006942,0.006949,7654,144.380005,144.485001,144.233994,144.332993,0,-0.423921,-0.431862,-0.427396
2024.08.27 14:00,0.006948,0.006957,0.00694,0.006953,14623,144.335007,144.505997,144.147995,144.248001,0,-0.424156,-0.397546,-0.425193
2024.08.27 15:00,0.006952,0.006956,0.006947,0.006952,6397,144.25,144.367996,144.179001,144.261993,0,-0.42097,-0.418216,-0.408153
2024.08.27 16:00,0.006952,0.006961,0.006951,0.006959,4284,144.263,144.291,144.097,144.136002,0,-0.42681,-0.429161,-0.426869
2024.08.27 17:00,0.006959,0.006968,0.006957,0.006958,6515,144.130997,144.164993,143.938995,144.149002,0,-0.424878,-0.425792,-0.42954
2024.08.27 18:00,0.006958,0.006969,0.006958,0.006964,5039,144.143997,144.151001,143.912003,144.009995,0,-0.431539,-0.419397,-0.414359
2024.08.27 19:00,0.006965,0.006968,0.006961,0.006966,3482,144.013,144.067001,143.938004,143.973999,0,-0.419795,-0.4248,-0.419591
2024.08.27 20:00,0.006967,0.006969,0.006965,0.006967,1258,143.970001,144.009003,143.914993,143.925995,0,-0.423678,-0.422388,-0.381893
2024.08.27 22:00,0.006967,0.006979,0.006965,0.006971,0,143.919998,143.942993,143.677002,143.854996,0,-0.367979,-0.389994,-0.393266
2024.08.27 23:00,0.006971,0.006977,0.006965,0.006965,2177,143.863007,143.981995,143.716003,143.962006,0,-0.40698,-0.387922,-0.386991
2024.08.28 00:00,0.006965,0.006969,0.006952,0.006959,7826,143.960007,144.248993,143.904999,144.106003,0,-0.405492,-0.402095,-0.39687
2024.08.28 01:00,0.006959,0.006959,0.006945,0.006947,4449,144.108994,144.393997,144.082993,144.356995,0,-0.405517,-0.394505,-0.409968
2024.08.28 02:00,0.006946,0.00695,0.006942,0.006943,2279,144.356995,144.460007,144.289993,144.436005,0,-0.398927,-0.405098,-0.406047
2024.08.28 03:00,0.006942,0.006948,0.00694,0.006945,2726,144.438995,144.490005,144.317993,144.410004,0,-0.408165,-0.402039,-0.421523
2024.08.28 04:00,0.006943,0.006947,0.006938,0.006947,3105,144.408997,144.539993,144.337997,144.348007,0,-0.406242,-0.390971,-0.400981
2024.08.28 05:00,0.006947,0.00695,0.006938,0.006944,3431,144.352997,144.535995,144.283997,144.391006,0,-0.402244,-0.399101,-0.392157
2024.08.28 06:00,0.006944,0.006964,0.006934,0.006938,4864,144.393005,144.602997,144.360001,144.533997,0,-0.39649,-0.764365,-0.400245
2024.08.28 07:00,0.006938,0.006948,0.006936,0.006937,3271,144.528,144.570999,144.328995,144.561005,0,-0.406071,-0.39233,-0.40647
2024.08.28 08:00,0.006936,0.006948,0.006936,0.006948,2530,144.559006,144.576004,144.313995,144.343002,0,-0.411076,-0.398041,-0.406338
2024.08.28 09:00,0.006948,0.006961,0.006946,0.00695,4350,144.348007,144.348999,144.056,144.278,0,-0.391609,-0.38816,-0.403458
2024.08.28 10:00,0.00695,0.006952,0.00694,0.006944,3022,144.274002,144.488998,144.240997,144.406998,0,-0.396784,-0.397496,-0.397777
2024.08.28 11:00,0.006944,0.00695,0.00694,0.006948,2799,144.410004,144.487,144.264999,144.322998,0,-0.405159,-0.390457,-0.396685
2024.08.28 12:00,0.006948,0.006949,0.006926,0.00693,9752,144.320999,144.778,144.307999,144.709,0,-0.39452,-0.402402,-0.398444
2024.08.28 13:00,0.00693,0.00693,0.006913,0.006923,17041,144.705994,145.039001,144.697006,144.847,0,-0.394463,-0.396865,-0.400948
2024.08.28 14:00,0.006923,0.006942,0.006923,0.00694,14516,144.843002,144.843002,144.438004,144.488998,0,-0.407384,-0.39767,-0.396784
2024.08.28 15:00,0.00694,0.006947,0.006934,0.006941,9306,144.485001,144.626007,144.343002,144.473007,0,-0.398706,-0.395976,-0.401548
2024.08.28 16:00,0.006942,0.006942,0.006928,0.006928,7037,144.468994,144.757996,144.462997,144.740005,0,-0.405776,-0.401918,-0.387786
2024.08.28 17:00,0.006928,0.006936,0.006925,0.006934,4720,144.735001,144.809006,144.565994,144.630005,0,-0.394251,-0.390681,-0.402704
2024.08.28 18:00,0.006934,0.006939,0.006929,0.006932,7075,144.630005,144.727997,144.505997,144.653,0,-0.407025,-0.393012,-0.404889
2024.08.28 19:00,0.006932,0.006933,0.006928,0.00693,3717,144.647003,144.757996,144.647003,144.697998,0,-0.405776,-0.409298,-0.397857
2024.08.28 20:00,0.00693,0.006944,0.006926,0.006932,3841,144.699997,144.770004,144.410004,144.572006,0,-0.39694,-0.39042,-0.323896
2024.08.28 22:00,0.006935,0.006946,0.006935,0.006946,0,144.432999,144.483002,144.274994,144.322006,0,-0.286894,-0.307239,-0.343894
2024.08.28 23:00,0.006946,0.006949,0.006937,0.006938,3383,144.292999,144.468002,144.214996,144.434998,0,-0.313468,-0.3094,-0.311625
2024.08.29 00:00,0.006938,0.006946,0.006931,0.006939,6564,144.434998,144.598007,144.261993,144.425995,0,-0.318681,-0.304603,-0.31301
2024.08.29 01:00,0.00694,0.006943,0.006928,0.00693,2902,144.427994,144.662003,144.339996,144.630997,0,-0.320204,-0.310038,-0.320441
2024.08.29 02:00,0.00693,0.006938,0.006926,0.006932,2131,144.628998,144.695007,144.462006,144.587006,0,-0.311527,-0.328254,-0.318089
2024.08.29 03:00,0.006932,0.006936,0.00693,0.006934,1563,144.580994,144.615005,144.475998,144.524994,0,-0.314864,-0.31107,-0.308095
2024.08.29 04:00,0.006934,0.006936,0.006925,0.006928,1947,144.522995,144.716003,144.455994,144.671005,0,-0.311669,-0.280681,-0.318786
2024.08.29 05:00,0.006928,0.006933,0.006918,0.00693,4318,144.667999,144.862,144.552994,144.615997,0,-0.311553,-0.315289,-0.305442
2024.08.29 06:00,0.00693,0.006937,0.006928,0.006932,3738,144.615997,144.673004,144.453995,144.578995,0,-0.320785,-0.29946,-0.320487
2024.08.29 07:00,0.006932,0.006933,0.006919,0.006925,4682,144.582001,144.843994,144.550003,144.727997,0,-0.314434,-0.312298,-0.313242
2024.08.29 08:00,0.006925,0.006938,0.006923,0.006926,6274,144.725998,144.742004,144.462006,144.688995,0,-0.306386,-0.317863,-0.315931
2024.08.29 09:00,0.006926,0.006938,0.006925,0.006935,3352,144.690994,144.737,144.440002,144.518997,0,-0.322245,-0.306251,-0.32289
2024.08.29 10:00,0.006935,0.006938,0.006932,0.006936,2234,144.518005,144.585999,144.455994,144.487,0,-0.317082,-0.311851,-0.322072
2024.08.29 11:00,0.006936,0.006937,0.006925,0.006931,2618,144.481995,144.699997,144.457993,144.587006,0,-0.30609,-0.303458,-0.307679
2024.08.29 12:00,0.006931,0.006942,0.006891,0.006893,25151,144.591003,145.423004,144.516006,145.399994,0,-0.306187,-0.465296,-0.325283
2024.08.29 13:00,0.006892,0.006899,0.006888,0.006894,14664,145.399994,145.496002,145.257996,145.363007,0,-0.315975,-0.309455,-0.319856
2024.08.29 14:00,0.006894,0.006903,0.006886,0.006895,14353,145.371002,145.552994,145.182007,145.341995,0,-0.320262,-0.317459,-0.309365
2024.08.29 15:00,0.006895,0.006913,0.006893,0.006913,8544,145.347,145.391006,144.970001,144.983002,0,-0.316295,-0.304543,-0.317543
2024.08.29 16:00,0.006913,0.006917,0.006909,0.006911,5058,144.983002,145.044998,144.897995,144.996994,0,-0.316723,-0.316201,-0.3106
2024.08.29 17:00,0.006911,0.006921,0.00691,0.006919,7160,145.0,145.022003,144.809998,144.852997,0,-0.304203,-0.322204,-0.312999
2024.08.29 18:00,0.006919,0.006925,0.006917,0.006922,6041,144.854004,144.895996,144.723007,144.774002,0,-0.314202,-0.308253,-0.307087
2024.08.29 19:00,0.006922,0.006923,0.006915,0.006915,4163,144.778,144.934998,144.751007,144.912003,0,-0.321834,-0.315389,-0.309297
2024.08.29 20:00,0.006916,0.006917,0.006911,0.006912,2123,144.912994,145.011993,144.895004,144.975006,0,-0.315129,-0.313211,-0.29908
2024.08.29 22:00,0.006913,0.006919,0.006909,0.006917,0,144.960999,145.013,144.835007,144.899002,0,-0.284725,-0.305447,-0.317208
2024.08.29 23:00,0.006917,0.00692,0.006909,0.006917,3520,144.893997,145.072006,144.832993,144.886002,0,-0.322786,-0.324324,-0.304208
2024.08.30 00:00,0.006917,0.006927,0.006915,0.006925,5068,144.884995,144.942993,144.647003,144.723999,0,-0.319379,-0.284362,-0.330092
2024.08.30 01:00,0.006924,0.006926,0.006917,0.006923,2624,144.720001,144.876007,144.694,144.761993,0,-0.315109,-0.320936,-0.315941
2024.08.30 02:00,0.006923,0.006926,0.006919,0.006923,1369,144.761993,144.843994,144.697998,144.770004,0,-0.32488,-0.314518,-0.323952
2024.08.30 03:00,0.006923,0.006924,0.006921,0.006921,1682,144.770004,144.809006,144.746002,144.789001,0,-0.321212,-0.320817,-0.311648
2024.08.30 04:00,0.006921,0.006923,0.006917,0.006919,1299,144.791,144.884995,144.768005,144.841995,0,-0.313645,-0.311527,-0.312435
2024.08.30 05:00,0.006919,0.006921,0.006914,0.006919,1726,144.845001,144.944,144.783997,144.856003,0,-0.309925,-0.306643,-0.316005
2024.08.30 06:00,0.006918,0.006918,0.006907,0.006913,4341,144.856003,145.091995,144.854996,144.949997,0,-0.311342,-0.304549,-0.305459
2024.08.30 07:00,0.006914,0.00692,0.006911,0.006915,3319,144.955002,145.007996,144.811996,144.927994,0,-0.311131,-0.303327,-0.325288
2024.08.30 08:00,0.006915,0.006918,0.006905,0.006906,2974,144.929993,145.136002,144.845001,145.113998,0,-0.323892,-0.294554,-0.312376
2024.08.30 09:00,0.006907,0.006911,0.006904,0.006905,2366,145.113998,145.149994,145.014008,145.128006,0,-0.306424,-0.317143,-0.305418
2024.08.30 10:00,0.006905,0.006906,0.006897,0.006898,2404,145.128998,145.294006,145.104004,145.292007,0,-0.313937,-0.302381,-0.322449
2024.08.30 11:00,0.006898,0.006901,0.00689,0.006892,3312,145.285004,145.455994,145.223007,145.423996,0,-0.318109,-0.316475,-0.31771
2024.08.30 12:00,0.006892,0.0069,0.006876,0.006882,13503,145.423004,145.746002,145.242996,145.634003,0,-0.312615,-0.315458,-0.316851
2024.08.30 13:00,0.006882,0.006891,0.006878,0.006884,8955,145.634003,145.690002,145.419998,145.591995,0,-0.309466,-0.303181,-0.317065
2024.08.30 14:00,0.006884,0.006897,0.006877,0.006884,26541,145.584,145.720001,145.309006,145.591003,0,-0.307757,-0.318433,-0.316074
2024.08.30 15:00,0.006884,0.006885,0.006865,0.006866,12581,145.589996,145.970993,145.556,145.953003,0,-0.293964,-0.312718,-0.307797
2024.08.30 16:00,0.006866,0.006868,0.006853,0.006853,8847,145.953995,146.246994,145.904999,146.225006,0,-0.314855,-0.312798,-0.314156
2024.08.30 17:00,0.006853,0.006861,0.006853,0.006857,5259,146.220993,146.242996,146.069,146.151001,0,-0.310858,-0.307034,-0.314626
2024.08.30 18:00,0.006857,0.006861,0.006855,0.00686,4513,146.151001,146.177002,146.044006,146.087997,0,-0.30872,-0.303279,-0.315404
2024.08.30 19:00,0.006859,0.006861,0.006853,0.006855,3222,146.089005,146.244995,146.065002,146.184006,0,-0.312857,-0.313651,-0.315723
2024.08.30 20:00,0.006855,0.00686,0.006853,0.006856,2211,146.184998,146.212006,146.082993,146.175995,0,-0.301155,-0.3104,-0.318353
2024.09.01 23:00,0.006843,0.006847,0.006835,0.006845,3745,146.442993,146.597,146.354004,146.399002,0,-0.291224,-0.293975,-0.296294
2024.09.02 00:00,0.006845,0.006856,0.006837,0.006854,5531,146.399002,146.544006,146.151993,146.188004,0,-0.291717,-0.294351,-0.2878
2024.09.02 01:00,0.006854,0.006861,0.00685,0.006853,4641,146.184998,146.279007,146.052002,146.212997,0,-0.293606,-0.290036,-0.302147
2024.09.02 02:00,0.006853,0.006868,0.006851,0.006865,4045,146.214996,146.255997,145.897995,145.966003,0,-0.291899,-0.284599,-0.288974
2024.09.02 03:00,0.006865,0.006872,0.006863,0.006865,2963,145.966995,146.011002,145.824005,145.945999,0,-0.291516,-0.295373,-0.279573
2024.09.03 04:00,0.006837,0.006843,0.006835,0.006837,3451,146.541,146.572998,146.389008,146.531006,0,-0.277916,-0.264945,-0.268028
2024.09.03 05:00,0.006837,0.006856,0.006835,0.006847,5611,146.529999,146.593994,146.132004,146.304993,0,-0.277512,-0.274362,-0.255633
2024.09.03 06:00,0.006847,0.006863,0.006843,0.006861,5456,146.309006,146.408005,145.988007,146.016006,0,-0.273272,-0.27913,-0.264655
2024.09.03 07:00,0.006861,0.006868,0.006851,0.006864,9260,146.016006,146.242996,145.884003,145.947006,0,-0.268253,-0.270607,-0.259363
2024.09.03 08:00,0.006865,0.006881,0.006862,0.006872,13940,145.945007,146.016006,145.602005,145.813004,0,-0.285901,-0.274291,-0.284372
2024.09.03 09:00,0.006872,0.006872,0.006863,0.006866,6272,145.815002,145.983994,145.789001,145.944,0,-0.275117,-0.281541,-0.288185
2024.09.03 10:00,0.006865,0.006868,0.006859,0.006861,3162,145.949997,146.065002,145.858002,146.029999,0,-0.271152,-0.265801,-0.278648
2024.09.03 11:00,0.006861,0.006867,0.006851,0.006854,4207,146.031998,146.238007,145.891006,146.169998,0,-0.273909,-0.267006,-0.269795
2024.09.03 12:00,0.006854,0.006868,0.006849,0.006868,6866,146.173996,146.289001,145.869003,145.878006,0,-0.28229,-0.276803,-0.275213
2024.09.03 13:00,0.006868,0.006897,0.006866,0.006889,22297,145.880997,145.923004,145.276993,145.440994,0,-0.277799,-0.275906,-0.282047
2024.09.03 14:00,0.00689,0.006905,0.006878,0.006883,24311,145.421005,145.675995,145.098007,145.565002,0,-0.274325,-0.275419,-0.279517
2024.09.03 15:00,0.006882,0.006882,0.006866,0.00687,19368,145.563995,145.917999,145.563995,145.820007,0,-0.272794,-0.267953,-0.270189
2024.09.03 16:00,0.00687,0.006876,0.006866,0.006874,5108,145.820999,145.921997,145.707993,145.761993,0,-0.266182,-0.274605,-0.275707
2024.09.03 17:00,0.006874,0.006874,0.006867,0.006867,4155,145.764008,145.904007,145.731003,145.895996,0,-0.280006,-0.265875,-0.271995
2024.09.03 18:00,0.006868,0.006873,0.006867,0.006872,5839,145.893997,145.908005,145.764999,145.796005,0,-0.284004,-0.268126,-0.267374
2024.09.03 19:00,0.006871,0.006882,0.00687,0.00688,6502,145.802994,145.834,145.561005,145.628006,0,-0.262998,-0.264962,-0.268607
2024.09.03 20:00,0.00688,0.006888,0.006876,0.006887,2045,145.634003,145.712006,145.434998,145.453995,0,-0.278618,-0.254971,-0.252892
2024.09.03 22:00,0.006889,0.006895,0.006882,0.006892,0,145.399994,145.556,145.264999,145.326996,0,-0.238848,-0.242879,-0.241758
2024.09.03 23:00,0.006893,0.006904,0.00689,0.006891,4448,145.328995,145.395004,145.085007,145.363007,0,-0.246594,-0.241437,-0.246189
2024.09.04 00:00,0.006891,0.006914,0.006882,0.006901,12345,145.360992,145.552002,144.884003,145.173996,0,-0.255959,-0.249927,-0.256962
2024.09.04 01:00,0.006901,0.006901,0.006884,0.006889,6545,145.171005,145.533005,145.139999,145.403,0,-0.258075,-0.243958,-0.244052
2024.09.04 02:00,0.00689,0.006898,0.006885,0.006888,4193,145.401001,145.503998,145.212997,145.442993,0,-0.260716,-0.243439,-0.252434
2024.09.04 03:00,0.006887,0.006895,0.006882,0.006895,2736,145.442993,145.546005,145.264999,145.309006,0,-0.249963,-0.242879,-0.286885
2024.09.04 04:00,0.006888,0.006899,0.006883,0.006897,3134,145.309998,145.537994,145.207001,145.244995,0,-0.252509,-0.247952,-0.254422
2024.09.04 05:00,0.006897,0.006907,0.006897,0.0069,4581,145.248993,145.255997,145.026993,145.162994,0,-0.254909,-0.24634,-0.235456
2024.09.04 06:00,0.0069,0.006915,0.006894,0.006915,7754,145.167999,145.315994,144.852005,144.871994,0,-0.262322,-0.249299,-0.24838
2024.09.04 07:00,0.006915,0.006921,0.006907,0.006909,10532,144.871994,145.042999,144.759003,144.981003,0,-0.251862,-0.260777,-0.252728
2024.09.04 08:00,0.006909,0.006913,0.006898,0.006899,6532,144.979004,145.233002,144.912994,145.205994,0,-0.263443,-0.247536,-0.257453
2024.09.04 09:00,0.006899,0.006905,0.006896,0.006904,2945,145.201996,145.268997,145.065994,145.104996,0,-0.257394,-0.253885,-0.261426
2024.09.04 10:00,0.006903,0.006912,0.006899,0.006905,3619,145.108994,145.188004,144.929993,145.074997,0,-0.24996,-0.254067,-0.252409
2024.09.04 11:00,0.006905,0.006915,0.006905,0.006914,3550,145.067993,145.091995,144.856995,144.886002,0,-0.258917,-0.254289,-0.251926
2024.09.04 12:00,0.006913,0.006914,0.006898,0.006905,10510,144.884995,145.218002,144.876007,145.072998,0,-0.248444,-0.241932,-0.25041
2024.09.04 13:00,0.006905,0.006921,0.006901,0.006919,10260,145.067993,145.147003,144.742004,144.778,0,-0.250962,-0.25421,-0.258886
2024.09.04 14:00,0.006919,0.006957,0.006919,0.00695,42228,144.776993,144.776993,143.996002,144.119003,0,-0.257879,-0.255887,-0.244461
2024.09.04 15:00,0.006951,0.006955,0.006936,0.006942,10550,144.115997,144.416,144.029999,144.307007,0,-0.251073,-0.248549,-0.245927
2024.09.04 16:00,0.006942,0.006957,0.006939,0.006954,5352,144.302994,144.369995,144.007004,144.046005,0,-0.25701,-0.256555,-0.254215
2024.09.04 17:00,0.006954,0.006959,0.006952,0.006954,5811,144.048004,144.082001,143.940994,144.070999,0,-0.248847,-0.252507,-0.258535
2024.09.04 18:00,0.006953,0.006964,0.006951,0.006962,9869,144.074997,144.125,143.854004,143.886002,0,-0.260809,-0.258368,-0.249114
2024.09.04 19:00,0.006963,0.006967,0.006959,0.006965,8908,143.876999,143.947006,143.789993,143.820999,0,-0.248202,-0.245891,-0.245985
2024.09.04 20:00,0.006965,0.006971,0.006963,0.006969,2514,143.822006,143.873993,143.697998,143.720001,0,-0.257739,-0.246561,-0.237683
2024.09.04 22:00,0.006971,0.006977,0.006965,0.006971,0,143.641998,143.746002,143.503998,143.639008,0,-0.181287,-0.175916,-0.197852
2024.09.04 23:00,0.006972,0.006994,0.006969,0.006985,7948,143.619995,143.684998,143.179001,143.332993,0,-0.182094,-0.189083,-0.179317
2024.09.05 00:00,0.006986,0.006988,0.006963,0.006967,9116,143.332001,143.802002,143.294006,143.716003,0,-0.185748,-0.181305,-0.192498
2024.09.05 01:00,0.006967,0.006981,0.006961,0.006967,5616,143.716995,143.830994,143.425995,143.699997,0,-0.183787,-0.180038,-0.176492
2024.09.05 02:00,0.006968,0.006973,0.006958,0.006961,3221,143.699005,143.903,143.602997,143.828003,0,-0.183538,-0.182419,-0.180796
2024.09.05 03:00,0.006961,0.006969,0.006959,0.006965,2913,143.826996,143.878006,143.669998,143.757004,0,-0.189518,-0.18768,-0.171679
2024.09.05 04:00,0.006963,0.006979,0.006961,0.006974,3306,143.757996,143.852005,143.481995,143.574997,0,-0.204799,-0.184728,-0.185264
2024.09.05 05:00,0.006975,0.006987,0.006973,0.006983,4667,143.578003,143.600006,143.315994,143.399994,0,-0.189705,-0.193049,-0.184817
2024.09.05 06:00,0.006983,0.007,0.00698,0.00699,8784,143.399994,143.451004,143.044006,143.235001,0,-0.18453,-0.197064,-0.183713
2024.09.05 07:00,0.00699,0.006992,0.006967,0.006973,9241,143.235992,143.738007,143.222,143.608994,0,-0.193904,-0.191178,-0.188415
2024.09.05 08:00,0.006973,0.006977,0.006965,0.006974,5945,143.610992,143.75,143.522995,143.570999,0,-0.185285,-0.194913,-0.181266
2024.09.05 09:00,0.006975,0.006981,0.006971,0.006973,4587,143.572998,143.645996,143.423996,143.604996,0,-0.194559,-0.188301,-0.184417
2024.09.05 10:00,0.006973,0.006979,0.006971,0.006979,2509,143.608002,143.645996,143.462006,143.490005,0,-0.194559,-0.174998,-0.192739
2024.09.05 11:00,0.006978,0.006982,0.006975,0.006981,2769,143.490997,143.570007,143.410004,143.449005,0,-0.190556,-0.184568,-0.192795
2024.09.05 12:00,0.006981,0.00701,0.006973,0.006998,30365,143.447998,143.598999,142.841003,143.093994,0,-0.188698,-0.177479,-0.185814
2024.09.05 13:00,0.006998,0.007,0.006989,0.006994,15413,143.098007,143.268997,143.029007,143.192001,0,-0.187009,-0.182065,-0.202083
2024.09.05 14:00,0.006992,0.006992,0.006942,0.006957,46672,143.192001,144.229996,143.186005,143.912003,0,-0.189662,-0.155182,-0.18221
2024.09.05 15:00,0.006957,0.006983,0.006952,0.006981,19124,143.910995,144.026001,143.408997,143.432999,0,-0.192847,-0.19382,-0.197303
2024.09.05 16:00,0.006981,0.006984,0.006976,0.006981,7659,143.427994,143.542999,143.365997,143.432007,0,-0.194376,-0.181578,-0.196312
2024.09.05 17:00,0.006981,0.006993,0.006981,0.006985,8647,143.429993,143.449005,143.186005,143.348007,0,-0.192795,-0.18586,-0.194332
2024.09.05 18:00,0.006985,0.006992,0.006979,0.006982,5415,143.343002,143.481995,143.199005,143.417999,0,-0.194987,-0.188633,-0.192564
2024.09.05 19:00,0.006983,0.006987,0.006977,0.006979,4532,143.412003,143.507004,143.307999,143.459,0,-0.189195,-0.185054,-0.182259
2024.09.05 20:00,0.006979,0.006984,0.006979,0.006981,2195,143.460007,143.494003,143.369003,143.434006,0,-0.196737,-0.184584,-0.198311
2024.09.05 22:00,0.006982,0.006985,0.006978,0.006981,0,143.406006,143.455994,143.313004,143.438995,0,-0.148457,-0.149078,-0.193039
2024.09.05 23:00,0.006981,0.006985,0.006977,0.006983,2561,143.410004,143.479996,143.341995,143.388,0,-0.162187,-0.167828,-0.172824
2024.09.06 00:00,0.006983,0.006994,0.006981,0.006992,5826,143.384995,143.419998,143.147995,143.175003,0,-0.163788,-0.168302,-0.164631
2024.09.06 01:00,0.006992,0.006996,0.006983,0.006988,3710,143.173996,143.363007,143.095001,143.274002,0,-0.168333,-0.166391,-0.161301
2024.09.06 02:00,0.006988,0.006992,0.006986,0.006992,2380,143.283997,143.311005,143.166,143.197998,0,-0.167577,-0.155628,-0.167176
2024.09.06 03:00,0.006992,0.007002,0.00699,0.006999,4724,143.195007,143.223999,142.983002,143.028,0,-0.162485,-0.166668,-0.150445
2024.09.06 04:00,0.007002,0.007006,0.007,0.007002,4268,143.026993,143.033005,142.886993,142.988998,0,-0.165659,-0.162379,-0.162464
2024.09.06 05:00,0.007002,0.007031,0.007001,0.007021,9841,142.990005,143.005997,142.404007,142.606995,0,-0.169259,-0.166615,-0.166998
2024.09.06 06:00,0.007021,0.007038,0.007019,0.007031,12526,142.604996,142.654007,142.251999,142.389999,0,-0.17342,-0.16618,-0.162725
2024.09.06 07:00,0.007031,0.007048,0.007024,0.007025,14169,142.391006,142.535995,142.052994,142.518005,0,-0.166974,-0.168774,-0.169254
2024.09.06 08:00,0.007025,0.007027,0.007015,0.00702,7408,142.520996,142.725006,142.477997,142.608994,0,-0.173333,-0.169761,-0.158849
2024.09.06 09:00,0.007021,0.007021,0.007006,0.00701,4383,142.612,142.893997,142.589996,142.800995,0,-0.159194,-0.170281,-0.157816
2024.09.06 10:00,0.00701,0.007012,0.007003,0.007008,4188,142.798996,142.957001,142.789001,142.854004,0,-0.161056,-0.166171,-0.159936
2024.09.06 11:00,0.007008,0.00701,0.006994,0.006998,6791,142.852997,143.126999,142.822006,143.057999,0,-0.157519,-0.158482,-0.160032
2024.09.06 12:00,0.006998,0.007052,0.006948,0.007002,57547,143.057007,144.041,141.979004,142.985992,0,-0.114687,-0.165206,-0.159458
2024.09.06 13:00,0.007002,0.007012,0.006957,0.006976,41725,142.985001,143.897995,142.792007,143.522003,0,-0.15788,-0.169177,-0.17338
2024.09.06 14:00,0.006975,0.00704,0.006975,0.007029,40225,143.520004,143.550003,142.207001,142.429993,0,-0.170552,-0.161547,-0.162249
2024.09.06 15:00,0.007029,0.007062,0.007014,0.007043,56842,142.436005,142.751007,141.764999,142.136993,0,-0.168848,-0.172077,-0.162122
2024.09.06 16:00,0.007043,0.007047,0.007017,0.007028,12433,142.130005,142.666,142.070999,142.440002,0,-0.165105,-0.156578,-0.152011
2024.09.06 17:00,0.007029,0.007039,0.007016,0.007029,5353,142.442993,142.690002,142.229004,142.423004,0,-0.168802,-0.163366,-0.165373
2024.09.06 18:00,0.007029,0.007039,0.007027,0.007033,4439,142.419006,142.481003,142.242004,142.360001,0,-0.162638,-0.166281,-0.173162
2024.09.06 19:00,0.007033,0.007033,0.007027,0.00703,4128,142.356995,142.477005,142.352005,142.419998,0,-0.168769,-0.165167,-0.172487
2024.09.06 20:00,0.007031,0.007039,0.007029,0.007036,3065,142.421997,142.436996,142.214996,142.251007,0,-0.169253,-0.139273,-0.1248
2024.09.08 23:00,0.007043,0.007045,0.007023,0.007025,6577,142.141006,142.528,142.082001,142.487,0,-0.138711,-0.137356,-0.138249
2024.09.09 00:00,0.007025,0.007029,0.007013,0.007015,9487,142.487,142.740997,142.414001,142.692993,0,-0.14867,-0.136134,-0.14132
2024.09.09 01:00,0.007015,0.007019,0.007002,0.007002,6815,142.692993,142.981003,142.604996,142.953995,0,-0.154468,-0.134561,-0.147852
2024.09.09 02:00,0.007002,0.007014,0.007001,0.007009,3616,142.955994,142.988998,142.695007,142.817001,0,-0.152261,-0.133171,-0.143297
2024.09.09 03:00,0.007009,0.007018,0.007002,0.007012,3640,142.815994,142.957993,142.634995,142.757004,0,-0.141659,-0.144254,-0.154507
2024.09.09 04:00,0.007011,0.007013,0.006996,0.007002,4157,142.757996,143.095993,142.735992,142.973007,0,-0.146956,-0.143666,-0.146472
2024.09.09 05:00,0.007002,0.007011,0.006997,0.007004,3858,142.972,143.070007,142.768005,142.910995,0,-0.151613,-0.135001,-0.145628
2024.09.09 06:00,0.007005,0.00701,0.006997,0.007,6862,142.912994,143.057007,142.789993,143.0,0,-0.138612,-0.146814,-0.142862
2024.09.09 07:00,0.007,0.007,0.006983,0.006992,10675,143.001999,143.358002,142.996002,143.156998,0,-0.142825,-0.128656,-0.146626
2024.09.09 08:00,0.006992,0.006995,0.006979,0.006982,9932,143.154007,143.432999,143.089005,143.378006,0,-0.145991,-0.129747,-0.152571
2024.09.09 09:00,0.006982,0.006987,0.006972,0.006977,8368,143.380005,143.574997,143.264008,143.485992,0,-0.144131,-0.141063,-0.147645
2024.09.09 10:00,0.006977,0.006977,0.006962,0.006967,9586,143.485992,143.776993,143.468002,143.667007,0,-0.140105,-0.13992,-0.143502
2024.09.09 11:00,0.006967,0.006974,0.006961,0.00697,9018,143.667999,143.800003,143.533997,143.606003,0,-0.142486,-0.144264,-0.13398
2024.09.09 12:00,0.006971,0.006996,0.006967,0.006988,10311,143.604004,143.695999,143.089005,143.231995,0,-0.151897,-0.139967,-0.139767
2024.09.09 13:00,0.006989,0.007014,0.006988,0.00701,16645,143.229004,143.231995,142.723999,142.789001,0,-0.139767,-0.14184,-0.145822
2024.09.09 14:00,0.00701,0.007017,0.007,0.007013,20751,142.757996,142.992996,142.649994,142.737,0,-0.146054,-0.149099,-0.144673
2024.09.09 15:00,0.007013,0.007014,0.007,0.007004,6637,142.742996,143.011002,142.709,142.921005,0,-0.153863,-0.136998,-0.135258
2024.09.09 16:00,0.007004,0.007009,0.007002,0.007006,4945,142.925003,142.951996,142.822006,142.876007,0,-0.135662,-0.148302,-0.141204
2024.09.09 17:00,0.007006,0.007014,0.007004,0.007009,4002,142.880005,142.917007,142.709,142.811996,0,-0.15164,-0.136998,-0.138292
2024.09.09 18:00,0.007009,0.007012,0.007005,0.00701,15044,142.815002,142.895996,142.755997,142.807007,0,-0.140822,-0.133167,-0.153651
2024.09.09 19:00,0.00701,0.007011,0.007002,0.007002,5889,142.807007,142.960999,142.774994,142.953003,0,-0.144665,-0.14199,-0.14686
2024.09.09 20:00,0.007003,0.007003,0.00699,0.006991,4691,142.953995,143.210007,142.944,143.154999,0,-0.148493,-0.148056,-0.113944
2024.09.09 22:00,0.006992,0.007006,0.00699,0.006997,0,143.117996,143.136993,142.848007,143.026993,0,-0.085705,-0.123393,-0.108598
2024.09.09 23:00,0.006998,0.006998,0.006985,0.00699,4041,143.039001,143.294998,143.037003,143.181,0,-0.120831,-0.128823,-0.129712
2024.09.10 00:00,0.00699,0.006994,0.006975,0.006977,8806,143.177994,143.487,143.113007,143.464996,0,-0.11782,-0.123088,-0.126649
2024.09.10 01:00,0.006976,0.006982,0.006973,0.006978,3893,143.464005,143.546005,143.348999,143.421005,0,-0.125427,-0.123564,-0.113468
2024.09.10 02:00,0.006979,0.00699,0.006978,0.006979,3974,143.421997,143.432007,143.188004,143.404999,0,-0.12447,-0.116253,-0.128259
2024.09.10 03:00,0.006979,0.00699,0.006979,0.006988,0,143.404999,143.429993,143.169998,143.229996,0,-0.132726,-0.11871,-0.127537
2024.09.10 04:00,0.006987,0.006996,0.006985,0.006995,2293,143.231995,143.279999,143.046005,143.080002,0,-0.126323,-0.117395,-0.120744
2024.09.10 05:00,0.006996,0.006998,0.00699,0.006991,3695,143.080002,143.186996,143.031006,143.151993,0,-0.135708,-0.133039,-0.110938
2024.09.10 06:00,0.006992,0.006995,0.006977,0.00698,7704,143.151993,143.453003,143.087006,143.399002,0,-0.135194,-0.127748,-0.132528
2024.09.10 07:00,0.006979,0.006983,0.006969,0.00697,9820,143.397003,143.613998,143.339996,143.600998,0,-0.121393,-0.135067,-0.128975
2024.09.10 08:00,0.006969,0.006978,0.006964,0.006975,14903,143.602005,143.710999,143.434998,143.509995,0,-0.115363,-0.127461,-0.130544
2024.09.10 09:00,0.006975,0.006992,0.006974,0.006992,7304,143.509003,143.520004,143.149002,143.160004,0,-0.130271,-0.12841,-0.129181
2024.09.10 10:00,0.006991,0.007002,0.006989,0.006998,6749,143.160004,143.212006,142.947006,143.039001,0,-0.130018,-0.120471,-0.130822
2024.09.10 11:00,0.006997,0.007,0.00699,0.006993,8085,143.039001,143.188995,142.990005,143.125,0,-0.127482,-0.132867,-0.124856
2024.09.10 12:00,0.006993,0.007012,0.00699,0.007006,7936,143.121994,143.188995,142.753006,142.858002,0,-0.127482,-0.130176,-0.123199
2024.09.10 13:00,0.007006,0.007008,0.006994,0.006999,12625,142.860992,143.108994,142.822006,143.005005,0,-0.119075,-0.117764,-0.12745
2024.09.10 14:00,0.007,0.007023,0.006997,0.007013,30686,143.005997,143.046997,142.526001,142.718002,0,-0.128603,-0.126571,-0.125675
2024.09.10 15:00,0.007013,0.007036,0.007012,0.007034,14890,142.716003,142.731003,142.253006,142.287994,0,-0.128506,-0.126798,-0.121375
2024.09.10 16:00,0.007035,0.007039,0.007025,0.007025,15629,142.287003,142.473007,142.192001,142.460999,0,-0.124256,-0.126363,-0.122371
2024.09.10 17:00,0.007025,0.007032,0.007021,0.007029,10843,142.460999,142.569,142.320007,142.393005,0,-0.129004,-0.112954,-0.125262
2024.09.10 18:00,0.007029,0.007037,0.007026,0.007031,5755,142.393005,142.460007,142.218002,142.341995,0,-0.131512,-0.111987,-0.124827
2024.09.10 19:00,0.007031,0.007034,0.007029,0.007033,4228,142.345993,142.388,142.285995,142.309006,0,-0.120257,-0.119376,-0.122168
2024.09.10 20:00,0.007033,0.007033,0.007024,0.007027,2195,142.307007,142.490997,142.296005,142.432999,0,-0.121975,-0.119277,-0.114634
2024.09.10 22:00,0.007027,0.007031,0.007024,0.007025,0,142.406998,142.472,142.328003,142.464005,0,-0.102978,-0.100728,-0.115254
2024.09.10 23:00,0.007025,0.007037,0.007025,0.007036,2616,142.442993,142.466995,142.205002,142.227005,0,-0.10811,-0.098987,-0.100797
2024.09.11 00:00,0.007035,0.007047,0.007033,0.007033,6847,142.222,142.292999,142.016006,142.287003,0,-0.106161,-0.101585,-0.110275
2024.09.11 01:00,0.007033,0.007072,0.007027,0.007056,16128,142.283997,142.425003,141.494003,141.828003,0,-0.106638,-0.101284,-0.094605
2024.09.11 02:00,0.007056,0.00707,0.007052,0.007056,8410,141.837997,141.899994,141.554001,141.828003,0,-0.1063,-0.111282,-0.094605
2024.09.11 03:00,0.007056,0.007085,0.00705,0.007076,10897,141.832993,141.960007,141.248001,141.395004,0,-0.105975,-0.09478,-0.07222
2024.09.11 04:00,0.007088,0.007103,0.007087,0.007093,12950,141.393997,141.397995,140.886993,141.091003,0,-0.284612,-0.101407,-0.096998
2024.09.11 05:00,0.007093,0.007112,0.007083,0.007083,11184,141.085999,141.292999,140.703995,141.283005,0,-0.109888,-0.096573,-0.099893
2024.09.11 06:00,0.007083,0.00709,0.007075,0.007078,11565,141.281998,141.451996,141.143997,141.373993,0,-0.109241,-0.100273,-0.101124
2024.09.11 07:00,0.007078,0.007089,0.00707,0.007078,14423,141.371002,141.544006,141.164993,141.386002,0,-0.09129,-0.101377,-0.103151
2024.09.11 08:00,0.007078,0.007081,0.007062,0.00707,12215,141.382004,141.699005,141.328003,141.528,0,-0.096064,-0.105015,-0.095285
2024.09.11 09:00,0.00707,0.007083,0.007068,0.007068,8526,141.531998,141.576996,141.285995,141.567993,0,-0.104263,-0.092915,-0.09526
2024.09.11 10:00,0.007068,0.007072,0.007063,0.007068,8120,141.570999,141.694,141.483994,141.570007,0,-0.111103,-0.091274,-0.097275
2024.09.11 11:00,0.007068,0.007072,0.007056,0.007062,16383,141.574997,141.822006,141.498993,141.688995,0,-0.098654,-0.086283,-0.096073
2024.09.11 12:00,0.007062,0.007062,0.00702,0.007033,38889,141.684006,142.546005,141.684006,142.292007,0,-0.095861,-0.091083,-0.095067
2024.09.11 13:00,0.007033,0.007058,0.007023,0.007056,24591,142.291,142.494995,141.774002,141.813995,0,-0.105706,-0.100839,-0.100678
2024.09.11 14:00,0.007056,0.007085,0.00705,0.007076,29445,141.815002,141.929993,141.244003,141.427002,0,-0.075961,-0.100746,-0.104218
2024.09.11 15:00,0.007076,0.007078,0.007056,0.007061,20716,141.429993,141.820007,141.376999,141.722,0,-0.10669,-0.10413,-0.099
2024.09.11 16:00,0.007061,0.007061,0.007046,0.00705,10300,141.725998,142.035004,141.723007,141.945007,0,-0.11051,-0.100007,-0.101038
2024.09.11 17:00,0.00705,0.007052,0.007031,0.007037,10278,141.944,142.324005,141.891998,142.199005,0,-0.106837,-0.098304,-0.103089
2024.09.11 18:00,0.007037,0.007043,0.007035,0.007037,10507,142.203003,142.25,142.089005,142.195007,0,-0.103585,-0.093978,-0.088992
2024.09.11 19:00,0.007037,0.007037,0.007027,0.007029,14700,142.201004,142.410995,142.188004,142.373001,0,-0.10276,-0.092087,-0.095134
2024.09.11 20:00,0.007029,0.00703,0.007025,0.007029,1963,142.373001,142.455994,142.330994,142.347,0,-0.097108,-0.083483,-0.069133
2024.09.11 22:00,0.00703,0.007032,0.00702,0.007021,0,142.272003,142.470001,142.220993,142.455002,0,-0.019857,-0.013939,-0.025151
2024.09.11 23:00,0.007021,0.007021,0.00701,0.007012,4480,142.457001,142.673996,142.436996,142.636002,0,-0.010471,-0.017281,-0.023334
2024.09.12 00:00,0.007011,0.007013,0.006996,0.00701,8144,142.636993,142.949005,142.604004,142.677994,0,-0.010187,-0.011677,-0.024638
2024.09.12 01:00,0.00701,0.007031,0.007008,0.007016,8729,142.682007,142.707993,142.253998,142.542999,0,-0.024107,-0.016606,-0.021799
2024.09.12 02:00,0.007017,0.007026,0.007012,0.007017,2530,142.539993,142.632996,142.341995,142.524994,0,-0.020328,-0.0135,-0.013952
2024.09.12 03:00,0.007017,0.007025,0.007013,0.007014,2632,142.526993,142.613007,142.348007,142.589005,0,-0.02068,-0.00938,-0.017003
2024.09.12 04:00,0.007012,0.007013,0.007002,0.007004,1747,142.587006,142.843002,142.572998,142.785995,0,-0.016467,0.019329,-0.020628
2024.09.12 05:00,0.007004,0.007013,0.006998,0.007002,6352,142.779999,142.914001,142.612,142.830994,0,-0.016035,-0.019673,-0.01466
2024.09.12 06:00,0.007002,0.00702,0.007002,0.007014,8301,142.832001,142.839996,142.462997,142.574997,0,-0.013461,-0.012853,-0.01316
2024.09.12 07:00,0.007015,0.007016,0.006992,0.007006,7468,142.574997,143.044006,142.546997,142.764999,0,-0.023415,-0.005486,-0.020016
2024.09.12 08:00,0.007006,0.007016,0.007006,0.007015,6392,142.764008,142.764008,142.528,142.578995,0,-0.019024,-0.0068,-0.027322
2024.09.12 09:00,0.007014,0.007017,0.007008,0.00701,5384,142.582001,142.710999,142.513,142.673004,0,-0.027113,-0.012105,-0.019648
2024.09.12 10:00,0.00701,0.007014,0.007005,0.007012,3742,142.671005,142.776001,142.585007,142.619003,0,-0.020827,-0.013005,-0.016507
2024.09.12 11:00,0.007012,0.007025,0.007012,0.007016,5308,142.617996,142.641998,142.365997,142.561005,0,-0.019168,-0.017246,-0.019494
2024.09.12 12:00,0.007016,0.007045,0.007012,0.007039,22253,142.563004,142.619003,141.951004,142.098007,0,-0.006336,-0.00636,-0.022284
2024.09.12 13:00,0.007039,0.007047,0.007021,0.007043,20141,142.095001,142.432999,141.906998,142.007996,0,-0.013284,-0.012709,-0.023043
2024.09.12 14:00,0.007043,0.007043,0.00701,0.007019,17607,142.026001,142.660995,142.018005,142.477997,0,-0.017816,-0.033053,-0.007562
2024.09.12 15:00,0.007019,0.007033,0.007016,0.007031,8283,142.483994,142.557007,142.190002,142.240005,0,-0.015496,-0.013275,-0.022837
2024.09.12 16:00,0.007032,0.007033,0.00701,0.007018,9881,142.240005,142.654999,142.207993,142.514008,0,-0.01182,-0.011052,-0.023267
2024.09.12 17:00,0.007018,0.007031,0.007015,0.007029,8589,142.511993,142.567993,142.235001,142.270996,0,-0.01632,-0.007726,-0.013365
2024.09.12 18:00,0.007029,0.007047,0.007025,0.007042,7021,142.266998,142.365997,141.908005,142.022003,0,-0.017246,-0.013716,-0.016892
2024.09.12 19:00,0.007042,0.007056,0.007039,0.007049,9424,142.020996,142.089996,141.746994,141.880997,0,-0.024358,-0.013596,-0.0169
2024.09.12 20:00,0.00705,0.007057,0.007047,0.007052,0,141.880005,141.923996,141.720993,141.791,0,-0.019637,-0.017719,0.002694
2024.09.12 22:00,0.007052,0.007058,0.007048,0.007051,371,141.820007,141.875,141.690002,141.807999,0,-0.000838,-0.00681,0.015858
2024.09.12 23:00,0.00705,0.00707,0.00705,0.007068,618,141.839005,141.841003,141.421005,141.503006,0,0.002966,0.011709,-0.01026
2024.09.13 00:00,0.007066,0.007085,0.007065,0.007083,1545,141.509003,141.557007,141.160004,141.195999,0,-0.01419,-0.006783,-0.022846
2024.09.13 01:00,0.007083,0.007091,0.007078,0.007081,1243,141.190994,141.294006,140.996994,141.225998,0,-0.011156,0.016899,-0.012974
2024.09.13 02:00,0.007081,0.007103,0.007078,0.007091,1798,141.225006,141.289001,140.774002,141.035004,0,-0.006151,0.001673,-0.001228
2024.09.13 03:00,0.00709,0.007101,0.007085,0.007092,627,141.035004,141.132004,140.811996,140.973007,0,0.0013,0.013243,0.030941
2024.09.13 04:00,0.007099,0.00711,0.007091,0.007095,554,140.975998,141.020004,140.639008,140.953995,0,-0.006112,0.01786,0.000263
2024.09.13 05:00,0.007095,0.007105,0.007083,0.007101,491,140.949997,141.175003,140.740005,140.860992,0,0.008108,0.005951,-0.025843
2024.09.13 06:00,0.007099,0.007101,0.007084,0.007087,589,140.860001,141.173004,140.822998,141.087997,0,-0.009818,0.012151,0.025386
2024.09.13 07:00,0.007087,0.007101,0.007072,0.007097,1212,141.087006,141.414001,140.815994,140.912003,0,-0.011283,0.009245,0.00253
2024.09.13 08:00,0.007097,0.007211,0.007095,0.007196,69798,140.912994,140.968994,140.406006,140.699997,0,-0.014736,-1.71937,-1.733902
2024.09.13 09:00,0.007196,0.007213,0.007106,0.007203,8442,140.699997,140.733002,140.358002,140.572006,0,-0.006857,-1.719436,-1.731326
2024.09.13 10:00,0.007114,0.007213,0.007107,0.007108,0,140.569,140.718002,140.360992,140.692993,0,-0.001761,-1.722427,-0.006445
2024.09.13 11:00,0.007196,0.0072,0.007093,0.007189,86850,140.697006,140.979004,140.595001,140.830994,0,-0.00487,-1.715757,-1.729589
2024.09.13 12:00,0.007189,0.007196,0.007092,0.007195,9750,140.830002,141.020004,140.695999,140.725998,0,-0.016056,-1.729904,-1.740593
2024.09.13 13:00,0.007195,0.007217,0.007107,0.007213,26345,140.725998,140.727997,140.278,140.358994,0,-0.011755,-1.725868,-1.730031
2024.09.13 14:00,0.007213,0.007217,0.007103,0.007199,18767,140.352005,140.774994,140.281006,140.639008,0,0.000681,-1.728874,-1.730828
2024.09.13 15:00,0.0072,0.007215,0.007109,0.007109,0,140.639008,140.675995,140.337997,140.660995,0,-0.009232,-1.728255,0.005767
2024.09.13 16:00,0.007198,0.007201,0.007095,0.00719,161396,140.664993,140.942001,140.585999,140.806,0,0.00233,-1.726034,-1.723937
2024.09.13 17:00,0.00719,0.007192,0.007094,0.007185,5981,140.807007,140.964005,140.764999,140.908997,0,0.000191,-1.721614,-1.730152
2024.09.13 18:00,0.007184,0.007188,0.007091,0.007183,6841,140.908005,141.007004,140.832001,140.927994,0,0.006889,-1.720919,-1.710396
2024.09.13 19:00,0.007184,0.007186,0.007094,0.007184,4193,140.931,140.966003,140.880005,140.929993,0,-0.001808,-1.710847,-1.722088
2024.09.13 20:00,0.007183,0.007189,0.007096,0.007189,2870,140.925995,140.936996,140.764008,140.779999,0,-0.012532,-1.662603,-1.678594
2024.09.15 23:00,0.007196,0.007196,0.007097,0.007188,2768,140.686005,140.897003,140.677002,140.843994,0,-0.00232,-1.710907,-1.713562
2024.09.16 00:00,0.007187,0.007209,0.007099,0.007204,4850,140.843994,140.848999,140.417999,140.524994,0,0.005992,-1.712122,-1.713221
2024.09.16 01:00,0.007205,0.007208,0.007114,0.007203,3162,140.524994,140.585999,140.442001,140.537994,0,-0.008225,-1.707261,-1.716584
2024.09.16 02:00,0.007203,0.007207,0.007116,0.007203,2040,140.539993,140.563004,140.468002,140.531006,0,-0.03462,-1.704387,-1.699966
2024.09.16 03:00,0.007204,0.007229,0.007116,0.007225,7075,140.533997,140.542999,140.041,140.119995,0,-0.014616,-1.718848,-1.711687
2024.09.16 04:00,0.007225,0.007234,0.007134,0.007219,5426,140.119995,140.304001,139.957993,140.214996,0,-0.120364,-1.721888,-1.701247
2024.09.16 05:00,0.007132,0.007227,0.007132,0.007221,2965,140.210007,140.287003,140.061996,140.192001,0,-0.073875,-1.701567,-1.716614
2024.09.16 06:00,0.007221,0.007246,0.007136,0.007238,7177,140.194,140.233994,139.720993,139.850998,0,-0.099462,-1.704295,-1.700825
2024.09.16 07:00,0.007238,0.007253,0.007148,0.007238,10130,139.852005,139.934998,139.572006,139.875,0,-0.035724,-1.698024,-1.705744
2024.09.16 08:00,0.007238,0.007244,0.007147,0.007238,4385,139.871994,139.944,139.727997,139.850998,0,-0.015365,-1.692243,-1.700825
2024.09.16 09:00,0.007238,0.00724,0.00713,0.007221,5595,139.850006,140.274994,139.824005,140.205994,0,-0.012706,-1.69292,-1.711432
2024.09.16 10:00,0.007221,0.007229,0.007134,0.007225,4758,140.205002,140.231995,140.020996,140.123993,0,-0.048358,-1.698844,-1.706113
2024.09.16 11:00,0.007225,0.007237,0.007136,0.007237,4710,140.119995,140.164993,139.873993,139.886002,0,-0.040282,-1.695188,-1.707197
2024.09.16 12:00,0.007237,0.007244,0.00712,0.007218,24994,139.886002,140.442993,139.748001,140.235001,0,-0.003414,-1.693195,-1.692468
2024.09.16 13:00,0.007219,0.007219,0.007119,0.007207,11696,140.231003,140.481003,140.207993,140.455002,0,-0.011835,-1.694243,-1.701016
2024.09.16 14:00,0.007207,0.007214,0.007107,0.007207,14631,140.457001,140.707993,140.320007,140.447006,0,-0.011545,-1.700656,-1.702639
2024.09.16 15:00,0.007207,0.007209,0.007184,0.00719,10678,140.445999,140.912003,140.423996,140.796997,0,-1.704097,-1.698881,-1.714935
2024.09.16 16:00,0.00719,0.0072,0.007187,0.007198,6511,140.800003,140.856995,140.598007,140.639999,0,-1.716881,-1.699477,-1.702872
2024.09.16 17:00,0.007198,0.0072,0.007192,0.007196,3557,140.641998,140.766006,140.595993,140.675003,0,-1.712961,-1.697463,-1.718565
2024.09.16 18:00,0.007196,0.0072,0.007192,0.007194,5129,140.677002,140.740005,140.606995,140.712997,0,-1.706289,-1.708464,-1.717931
2024.09.16 19:00,0.007194,0.007195,0.007186,0.007194,3493,140.712997,140.880997,140.692001,140.705002,0,-1.711839,-1.706596,-1.709935
2024.09.16 20:00,0.007194,0.007201,0.007194,0.007199,2008,140.697006,140.720001,140.557007,140.604004,0,-1.705617,-1.697043,-1.695824
2024.09.16 22:00,0.0072,0.0072,0.007185,0.007185,0,140.606995,140.865997,140.597,140.858994,0,-1.687152,-1.708109,-1.680149
2024.09.16 23:00,0.007186,0.007191,0.007166,0.007188,5940,140.860001,141.240997,140.748993,140.792999,0,-1.693134,-1.686276,-1.681917
2024.09.17 00:00,0.00719,0.007205,0.007186,0.007196,6086,140.792007,140.845001,140.466995,140.662003,0,-1.675843,-1.674493,-1.686258
2024.09.17 01:00,0.007196,0.007212,0.007196,0.007207,4635,140.658997,140.669998,140.337006,140.442993,0,-1.694253,-1.679212,-1.698626
2024.09.17 02:00,0.007207,0.007213,0.007199,0.0072,2468,140.438995,140.587997,140.315002,140.572998,0,-1.679818,-1.68604,-1.684107
2024.09.17 03:00,0.0072,0.007206,0.007196,0.0072,0,140.572006,140.667007,140.457993,140.595993,0,-1.691262,-1.684747,-1.697463
2024.09.17 04:00,0.007194,0.007198,0.007191,0.007194,2488,140.595001,140.753006,140.567993,140.675003,0,-1.690289,-1.640511,-1.679936
2024.09.17 05:00,0.007194,0.007203,0.007188,0.007194,3709,140.677994,140.804001,140.5,140.705994,0,-1.692919,-1.67859,-1.691609
2024.09.17 06:00,0.007194,0.007203,0.007192,0.007195,3739,140.703995,140.723007,140.511002,140.677994,0,-1.679622,-1.679962,-1.692589
2024.09.17 07:00,0.007195,0.007211,0.007194,0.007198,5528,140.679001,140.697006,140.343994,140.600006,0,-1.692277,-1.676585,-1.682176
2024.09.17 08:00,0.007199,0.007207,0.007194,0.0072,4169,140.600006,140.695007,140.434006,140.574005,0,-1.690278,-1.68002,-1.675475
2024.09.17 09:00,0.0072,0.007205,0.007196,0.007196,2960,140.570007,140.649994,140.468994,140.641998,0,-1.683899,-1.676492,-1.68556
2024.09.17 10:00,0.007196,0.0072,0.007195,0.007196,2620,140.625,140.684006,140.567993,140.664993,0,-1.698601,-1.679102,-1.698898
2024.09.17 11:00,0.007196,0.007205,0.007192,0.007198,3652,140.664993,140.740997,140.477005,140.604004,0,-1.687952,-1.684503,-1.676521
2024.09.17 12:00,0.007198,0.007201,0.007172,0.00718,23975,140.604996,141.128006,140.535995,140.970001,0,-1.687164,-1.676031,-1.694239
2024.09.17 13:00,0.00718,0.007185,0.007145,0.007148,22617,140.966003,141.664001,140.860992,141.580994,0,-1.696195,-1.682148,-1.68172
2024.09.17 14:00,0.007148,0.007151,0.007132,0.007143,22709,141.580002,141.901001,141.526001,141.695007,0,-1.697705,-1.695193,-1.69781
2024.09.17 15:00,0.007143,0.007149,0.007137,0.007139,8411,141.699005,141.813995,141.574005,141.774002,0,-1.699103,-1.694305,-1.698363
2024.09.17 16:00,0.007139,0.007143,0.007128,0.007141,12216,141.768005,141.994003,141.686005,141.727997,0,-1.692357,-1.688807,-1.681782
2024.09.17 17:00,0.007141,0.007142,0.007128,0.007132,6401,141.727005,142.005997,141.714996,141.901001,0,-1.704351,-1.698192,-1.697705
2024.09.17 18:00,0.007132,0.007138,0.007128,0.007138,4590,141.901993,141.987,141.789993,141.806,0,-1.695188,-1.704541,-1.700925
2024.09.17 19:00,0.007137,0.007138,0.007113,0.007116,9117,141.809006,142.296997,141.776001,142.223007,0,-1.709339,-1.690549,-1.70449
2024.09.17 20:00,0.007116,0.007118,0.007105,0.007107,4445,142.220001,142.464996,142.192001,142.393005,0,-1.709141,-1.703104,-1.686657
2024.09.17 22:00,0.007107,0.007126,0.007107,0.007125,0,142.332993,142.376007,142.007996,142.035004,0,-1.659766,-1.686658,-1.684127
2024.09.17 23:00,0.007125,0.007132,0.007122,0.007126,3449,142.039993,142.097,141.889999,142.001999,0,-1.687007,-1.686704,-1.680661
2024.09.18 00:00,0.007127,0.007149,0.007126,0.007145,7789,142.007996,142.020004,141.546005,141.643997,0,-1.688818,-1.656519,-1.67619
2024.09.18 01:00,0.007145,0.007153,0.007139,0.007151,4526,141.643005,141.761993,141.466995,141.514999,0,-1.686355,-1.665518,-1.674422
2024.09.18 02:00,0.007151,0.007158,0.007146,0.007153,3208,141.516006,141.623993,141.375,141.468002,0,-1.685564,-1.671173,-1.666525
2024.09.18 03:00,0.007154,0.007163,0.007154,0.007157,3284,141.468002,141.468002,141.287003,141.393005,0,-1.686062,-1.67095,-1.679416
2024.09.18 04:00,0.007156,0.007166,0.007149,0.007161,5735,141.389999,141.554993,141.218002,141.315002,0,-1.675293,-1.670139,-1.67945
2024.09.18 05:00,0.007161,0.007163,0.00715,0.007151,4366,141.313995,141.542007,141.276001,141.531998,0,-1.681867,-1.679434,-1.681639
2024.09.18 06:00,0.00715,0.007155,0.007141,0.007149,8616,141.531998,141.703995,141.436005,141.542007,0,-1.677385,-1.683365,-1.672083
2024.09.18 07:00,0.00715,0.00715,0.00713,0.007132,5822,141.544998,141.929001,141.526993,141.876999,0,-1.68638,-1.666852,-1.673703
2024.09.18 08:00,0.007132,0.007144,0.007127,0.007141,4488,141.875,141.996002,141.645996,141.710007,0,-1.684511,-1.668391,-1.683397
2024.09.18 09:00,0.007141,0.007149,0.007136,0.007145,3053,141.707993,141.809998,141.563995,141.645004,0,-1.675466,-1.674509,-1.677198
2024.09.18 10:00,0.007145,0.007149,0.007141,0.007146,3026,141.647003,141.707993,141.544998,141.604996,0,-1.681383,-1.675074,-1.666567
2024.09.18 11:00,0.007147,0.007149,0.007131,0.007135,3207,141.604004,141.912003,141.556,141.841003,0,-1.679217,-1.666514,-1.686835
2024.09.18 12:00,0.007134,0.007136,0.007124,0.00713,6948,141.841003,142.059006,141.807999,141.923996,0,-1.688432,-1.673467,-1.671538
2024.09.18 13:00,0.007131,0.007143,0.007131,0.007138,5691,141.919006,141.923004,141.673996,141.759995,0,-1.690219,-1.676799,-1.674542
2024.09.18 14:00,0.007139,0.007142,0.007124,0.007126,10795,141.759003,142.065994,141.690994,141.998001,0,-1.685565,-1.67419,-1.676663
2024.09.18 15:00,0.007126,0.007134,0.007125,0.00713,7432,142.001999,142.035995,141.856995,141.929993,0,-1.685118,-1.683176,-1.677535
2024.09.18 16:00,0.00713,0.007135,0.007128,0.007132,4563,141.934006,141.988998,141.835999,141.882004,0,-1.687353,-1.681831,-1.678708
2024.09.18 17:00,0.007133,0.007137,0.007122,0.007131,5233,141.878998,142.063995,141.802994,141.906006,0,-1.663852,-1.688101,-1.67322
2024.09.18 18:00,0.007134,0.007205,0.007134,0.007169,53049,141.962006,141.966003,140.432999,141.126007,0,-1.792185,-1.630862,-1.636536
2024.09.18 19:00,0.007169,0.007171,0.00709,0.007103,27696,141.130997,142.710999,141.123993,142.436005,0,-1.667274,-1.673426,-1.650418
2024.09.18 20:00,0.007103,0.007116,0.007101,0.00711,5185,142.440994,142.490997,142.195999,142.272995,0,-1.655848,-1.667616,-1.635905
2024.09.18 22:00,0.007115,0.007128,0.00711,0.007116,0,142.098007,142.207993,141.876007,142.095001,0,-1.570902,-1.574361,-1.566618
2024.09.18 23:00,0.007116,0.007116,0.007083,0.007087,7690,142.106995,142.763,142.104004,142.699997,0,-1.579889,-1.57562,-1.586614
2024.09.19 00:00,0.007086,0.007087,0.007042,0.007047,19385,142.699005,143.591003,142.697998,143.483002,0,-1.585893,-1.584615,-1.588713
2024.09.19 01:00,0.007047,0.00705,0.007025,0.007035,14095,143.481003,143.944,143.414001,143.723999,0,-1.585115,-1.580085,-1.577584
2024.09.19 02:00,0.007035,0.007062,0.007033,0.007061,11532,143.722,143.764008,143.166,143.197006,0,-1.58728,-1.573078,-1.574006
2024.09.19 03:00,0.007061,0.007074,0.007056,0.007066,5839,143.197006,143.320007,142.944,143.164993,0,-1.586609,-1.58126,-1.632196
2024.09.19 04:00,0.007064,0.007068,0.007056,0.007062,5424,143.162994,143.292999,143.050003,143.175995,0,-1.579682,-1.57727,-1.573054
2024.09.19 05:00,0.007062,0.007093,0.007062,0.007093,8569,143.173004,143.199997,142.546005,142.572006,0,-1.587027,-1.571872,-1.578001
2024.09.19 06:00,0.007092,0.007116,0.007083,0.007109,15005,142.572998,142.755997,142.093994,142.242996,0,-1.582844,-1.555734,-1.566346
2024.09.19 07:00,0.007108,0.007119,0.007094,0.007095,12865,142.246002,142.548004,142.035004,142.507996,0,-1.583809,-1.565836,-1.563664
2024.09.19 08:00,0.007097,0.007098,0.007075,0.007081,10092,142.505997,142.917007,142.449997,142.792007,0,-1.574253,-1.565241,-1.578983
2024.09.19 09:00,0.007082,0.007087,0.007072,0.007083,5643,142.792007,142.977005,142.679001,142.757004,0,-1.584286,-1.565617,-1.583851
2024.09.19 10:00,0.007083,0.007085,0.007062,0.007079,8696,142.755005,143.171005,142.722,142.830002,0,-1.578082,-1.568779,-1.567114
2024.09.19 11:00,0.007079,0.007083,0.007059,0.007076,10030,142.828003,143.253006,142.755997,142.917007,0,-1.58988,-1.572885,-1.584244
2024.09.19 12:00,0.007075,0.007087,0.007033,0.007034,22097,142.917007,143.759995,142.703995,143.755997,0,-1.583267,-1.590611,-1.589378
2024.09.19 13:00,0.007034,0.007058,0.007033,0.007054,15359,143.755005,143.768005,143.287994,143.330002,0,-1.581167,-1.594762,-1.576507
2024.09.19 14:00,0.007056,0.007081,0.007054,0.007076,18785,143.328995,143.337006,142.794998,142.908005,0,-1.57347,-1.581974,-1.575241
2024.09.19 15:00,0.007076,0.007085,0.007072,0.007077,7533,142.910995,142.985001,142.727997,142.880997,0,-1.582282,-1.574776,-1.578187
2024.09.19 16:00,0.007078,0.007078,0.007065,0.00707,6004,142.878006,143.134003,142.848007,143.035995,0,-1.591186,-1.575139,-1.583279
2024.09.19 17:00,0.00707,0.007076,0.007066,0.007076,4379,143.033997,143.115005,142.891998,142.916,0,-1.582208,-1.579202,-1.583237
2024.09.19 18:00,0.007076,0.007095,0.007075,0.007088,9395,142.914993,142.931,142.524002,142.658005,0,-1.588245,-1.569744,-1.574482
2024.09.19 19:00,0.007088,0.007093,0.007084,0.007089,5569,142.660004,142.744003,142.567993,142.630997,0,-1.580817,-1.573988,-1.577323
2024.09.19 20:00,0.00709,0.007095,0.007087,0.007089,1318,142.630005,142.673996,142.518997,142.613007,0,-1.580518,-1.564739,-1.549391
2024.09.19 22:00,0.007089,0.007095,0.007087,0.007087,0,142.613998,142.634003,142.514008,142.587006,0,-1.530577,-1.55975,-1.48358
2024.09.19 23:00,0.007087,0.007088,0.007074,0.007077,3592,142.660004,142.925995,142.643997,142.860992,0,-1.573248,-1.560475,-1.558183
2024.09.20 00:00,0.007078,0.007101,0.007075,0.0071,5870,142.862,142.897003,142.404999,142.406998,0,-1.554249,-1.56985,-1.561928
2024.09.20 01:00,0.0071,0.007113,0.007097,0.007101,5893,142.406998,142.477997,142.136002,142.397003,0,-1.563464,-1.548343,-1.571764
2024.09.20 02:00,0.007101,0.007105,0.007081,0.007097,6267,142.397995,142.781998,142.296005,142.462006,0,-1.549034,-1.54015,-1.547473
2024.09.20 03:00,0.007097,0.007122,0.007096,0.007107,9757,142.462006,142.481003,141.947998,142.291,0,-1.556539,-1.528145,-1.574759
2024.09.20 04:00,0.007112,0.007115,0.007105,0.00711,3402,142.289001,142.307999,142.095001,142.184006,0,-1.552144,-1.546862,-1.546915
2024.09.20 05:00,0.007111,0.007112,0.007101,0.007106,4222,142.184006,142.371994,142.139008,142.279999,0,-1.546755,-1.541464,-1.553854
2024.09.20 06:00,0.007105,0.007134,0.007068,0.007071,20541,142.278,143.042999,141.733002,142.979996,0,-1.560256,-1.559183,-1.557284
2024.09.20 07:00,0.007072,0.007079,0.007039,0.007039,20120,142.979004,143.645996,142.815994,143.628006,0,-1.570273,-1.553106,-1.572461
2024.09.20 08:00,0.007039,0.007047,0.007027,0.007031,13136,143.621994,143.882004,143.473007,143.807007,0,-1.563639,-1.558586,-1.569615
2024.09.20 09:00,0.007031,0.007039,0.007023,0.007025,8785,143.802994,143.945007,143.639999,143.936005,0,-1.565848,-1.564276,-1.577119
2024.09.20 10:00,0.007024,0.007033,0.007008,0.007008,9852,143.936996,144.266998,143.768005,144.253006,0,-1.572931,-1.571065,-1.569121
2024.09.20 11:00,0.007008,0.007011,0.007,0.00701,14638,144.253006,144.429993,144.207001,144.214996,0,-1.562647,-1.573997,-1.571817
2024.09.20 12:00,0.00701,0.007042,0.007007,0.007037,14769,144.216003,144.285004,143.572998,143.667007,0,-1.570576,-1.567887,-1.571091
2024.09.20 13:00,0.007037,0.007047,0.007017,0.007017,18955,143.666,144.089996,143.462997,144.072006,0,-1.578954,-1.568709,-1.571111
2024.09.20 14:00,0.007017,0.007019,0.007,0.007001,20874,144.067993,144.445007,144.024002,144.423004,0,-1.577662,-1.563708,-1.586266
2024.09.20 15:00,0.007002,0.007029,0.006997,0.007025,21561,144.417007,144.494995,143.839996,143.906006,0,-1.576601,-1.562129,-1.567379
2024.09.20 16:00,0.007025,0.007039,0.007025,0.007033,8008,143.906998,143.929993,143.641998,143.753006,0,-1.571107,-1.566275,-1.576278
2024.09.20 17:00,0.007033,0.007033,0.007014,0.007022,7981,143.753006,144.151001,143.731995,143.975006,0,-1.578999,-1.555267,-1.565435
2024.09.20 18:00,0.007022,0.007031,0.007022,0.007027,5809,143.973999,143.981003,143.794998,143.869995,0,-1.571431,-1.567723,-1.571877
2024.09.20 19:00,0.007027,0.007036,0.007025,0.007025,3545,143.869995,143.921997,143.714996,143.917999,0,-1.563111,-1.588789,-1.569248
2024.09.20 20:00,0.007025,0.007027,0.007019,0.007025,1931,143.917007,144.048004,143.807999,143.807999,0,-1.567417,-1.499763,-1.469372
2024.09.22 23:00,0.007025,0.007031,0.007016,0.007017,3719,143.923004,144.089005,143.802002,144.078995,0,-1.567804,-1.56461,-1.578099
2024.09.23 00:00,0.007017,0.00702,0.007008,0.007014,5295,144.065002,144.257996,144.024994,144.115997,0,-1.57411,-1.574849,-1.554161
2024.09.23 01:00,0.007015,0.007015,0.006999,0.007003,4336,144.117004,144.459,144.115997,144.376007,0,-1.581445,-1.564324,-1.580063
2024.09.23 02:00,0.007002,0.007006,0.006999,0.007004,2032,144.378006,144.449005,144.302002,144.356995,0,-1.571451,-1.567199,-1.581433
2024.09.23 03:00,0.007004,0.007008,0.007001,0.007006,1556,144.360992,144.401001,144.255997,144.311996,0,-1.564263,-1.572111,-1.577194
2024.09.23 04:00,0.007005,0.007012,0.007004,0.007008,1520,144.311996,144.350006,144.177002,144.255005,0,-1.584639,-1.564335,-1.560937
2024.09.23 05:00,0.007009,0.007016,0.007006,0.007016,1625,144.25,144.319,144.095001,144.112,0,-1.584197,-1.563642,-1.570489
2024.09.23 06:00,0.007016,0.007027,0.007012,0.007022,6470,144.110992,144.195999,143.862,143.988998,0,-1.573169,-1.563882,-1.579427
2024.09.23 07:00,0.007021,0.007043,0.007019,0.007037,14795,143.988007,144.041,143.546005,143.664993,0,-1.570566,-1.571134,-1.569077
2024.09.23 08:00,0.007037,0.007048,0.007034,0.007041,8858,143.602005,143.744995,143.431,143.589005,0,-1.578376,-1.556838,-1.573808
2024.09.23 09:00,0.007041,0.007045,0.007033,0.007039,3368,143.587997,143.746002,143.513,143.625,0,-1.569274,-1.558288,-1.569455
2024.09.23 10:00,0.007039,0.007056,0.007037,0.007052,4315,143.623993,143.667007,143.274002,143.371002,0,-1.571091,-1.560685,-1.567262
2024.09.23 11:00,0.007052,0.007062,0.007039,0.00704,6424,143.367996,143.645004,143.160004,143.606995,0,-1.569281,-1.557063,-1.561541
2024.09.23 12:00,0.00704,0.007048,0.007027,0.007033,7213,143.602997,143.876007,143.451004,143.772003,0,-1.567771,-1.566784,-1.575063
2024.09.23 13:00,0.007032,0.007047,0.007011,0.007019,14391,143.768005,144.205002,143.703995,144.052002,0,-1.571998,-1.809706,-1.571415
2024.09.23 14:00,0.007018,0.007035,0.007004,0.007033,12502,144.057007,144.345001,143.705994,143.770996,0,-1.579634,-1.569683,-1.574056
2024.09.23 15:00,0.007033,0.007043,0.007024,0.007041,10786,143.770996,143.942001,143.567001,143.589996,0,-1.572979,-1.571975,-1.5748
2024.09.23 16:00,0.007041,0.007054,0.007039,0.007054,8940,143.593002,143.626999,143.307999,143.341995,0,-1.571454,-1.554504,-1.568408
2024.09.23 17:00,0.007054,0.007058,0.00705,0.00705,4544,143.337997,143.403,143.248001,143.403,0,-1.559031,-1.554768,-1.569083
2024.09.23 18:00,0.00705,0.007056,0.007049,0.007054,6598,143.404007,143.436005,143.287994,143.319,0,-1.571908,-1.564642,-1.565506
2024.09.23 19:00,0.007055,0.007055,0.007045,0.007046,4347,143.317001,143.509995,143.315994,143.488998,0,-1.56535,-1.572549,-1.564504
2024.09.23 20:00,0.007046,0.007046,0.007038,0.00704,1253,143.488998,143.645004,143.483994,143.598007,0,-1.559185,-1.559499,-1.552554
2024.09.23 22:00,0.007042,0.007042,0.007035,0.007039,0,143.561996,143.699997,143.546005,143.628006,0,-1.543485,-1.540894,-1.552283
2024.09.23 23:00,0.007039,0.007044,0.007031,0.007039,2291,143.623993,143.779999,143.511993,143.628006,0,-1.542607,-1.547202,-1.552283
2024.09.24 00:00,0.007039,0.007049,0.007033,0.007042,4642,143.632004,143.735001,143.404007,143.550995,0,-1.548162,-1.539911,-1.545884
2024.09.24 01:00,0.007042,0.007043,0.007025,0.007038,5330,143.550003,143.910995,143.520996,143.630005,0,-1.562245,-1.536043,-1.544186
2024.09.24 02:00,0.007039,0.00705,0.007034,0.007037,3879,143.626007,143.712997,143.369995,143.666,0,-1.546378,-1.536078,-1.559985
2024.09.24 03:00,0.007035,0.007041,0.007027,0.007032,0,143.662994,143.854996,143.563995,143.770996,0,-1.556878,-1.548799,-1.563943
2024.09.24 04:00,0.007025,0.007031,0.007023,0.007028,3737,143.772003,143.940994,143.746994,143.839005,0,-1.551705,-1.519719,-1.551013
2024.09.24 05:00,0.007029,0.007029,0.007011,0.007016,6385,143.837997,144.194,143.832993,144.091003,0,-1.560996,-1.555126,-1.549493
2024.09.24 06:00,0.007016,0.007017,0.006998,0.007,9437,144.087997,144.466995,144.067001,144.425995,0,-1.558815,-1.555959,-1.558649
2024.09.24 07:00,0.006999,0.007008,0.006987,0.006999,15897,144.421997,144.679001,144.231995,144.451996,0,-1.556056,-1.548109,-1.574441
2024.09.24 08:00,0.006998,0.00701,0.00699,0.007006,9285,144.451004,144.634995,144.210999,144.287994,0,-1.563244,-1.557643,-1.56338
2024.09.24 09:00,0.007007,0.00701,0.006997,0.007008,5085,144.289001,144.477005,144.205994,144.264999,0,-1.558611,-1.552638,-1.560757
2024.09.24 10:00,0.007008,0.007027,0.007003,0.007023,7402,144.261993,144.354004,143.871002,143.934998,0,-1.558059,-1.562766,-1.555838
2024.09.24 11:00,0.007024,0.007029,0.007012,0.007021,7664,143.934998,144.164001,143.824005,143.970001,0,-1.561505,-1.556261,-1.540151
2024.09.24 12:00,0.007021,0.007031,0.007014,0.007022,7494,143.973007,144.121002,143.781006,143.962006,0,-1.559166,-1.553731,-1.552434
2024.09.24 13:00,0.007022,0.007025,0.00701,0.007015,11121,143.962997,144.207001,143.895004,144.098007,0,-1.563822,-1.556377,-1.546334
2024.09.24 14:00,0.007015,0.007048,0.007015,0.007037,26129,143.817001,144.104996,143.425995,143.669998,0,-1.553323,-1.551833,-1.563983
2024.09.24 15:00,0.007037,0.007041,0.007027,0.007031,6660,143.669998,143.869995,143.595001,143.776001,0,-1.561759,-1.559638,-1.558833
2024.09.24 16:00,0.007031,0.007051,0.007031,0.007047,5900,143.776001,143.794006,143.395004,143.455994,0,-1.556614,-1.571148,-1.551635
2024.09.24 17:00,0.007047,0.007048,0.007035,0.007046,5188,143.464005,143.710999,143.425995,143.475006,0,-1.564583,-1.551833,-1.550512
2024.09.24 18:00,0.007047,0.007056,0.007045,0.007051,4940,143.475006,143.494003,143.268005,143.382996,0,-1.549359,-1.544653,-1.559139
2024.09.24 19:00,0.00705,0.007059,0.007048,0.007058,5828,143.384003,143.436005,143.218002,143.238998,0,-1.551784,-1.554877,-1.555806
2024.09.24 20:00,0.007058,0.007064,0.007057,0.007059,2324,143.237,143.257004,143.108002,143.210999,0,-1.553729,-1.545143,-1.547873
2024.09.24 22:00,0.00706,0.007074,0.007056,0.007066,0,143.158997,143.246002,142.884003,143.033005,0,-1.52265,-1.521263,-1.520231
2024.09.24 23:00,0.007066,0.007072,0.007061,0.007072,2955,143.042999,143.147995,142.927002,142.945999,0,-1.524995,-1.524284,-1.53329
2024.09.25 00:00,0.007072,0.007074,0.007054,0.00706,5870,142.944,143.307999,142.904007,143.173004,0,-1.534412,-1.531282,-1.529949
2024.09.25 01:00,0.007061,0.007064,0.007045,0.007047,5226,143.173004,143.473999,143.093002,143.442001,0,-1.53943,-1.530144,-1.52758
2024.09.25 02:00,0.007047,0.007057,0.007045,0.007052,3767,143.444,143.494003,143.242004,143.345001,0,-1.539291,-1.53873,-1.531203
2024.09.25 03:00,0.007052,0.007054,0.007047,0.007054,1866,143.347,143.451004,143.279999,143.298004,0,-1.536583,-1.526504,-1.54451
2024.09.25 04:00,0.007054,0.007058,0.00705,0.007056,2151,143.292007,143.395004,143.216003,143.253006,0,-1.540972,-1.532811,-1.529654
2024.09.25 05:00,0.007056,0.00706,0.00705,0.007056,3320,143.251007,143.376007,143.173996,143.255005,0,-1.54209,-1.530941,-1.541688
2024.09.25 06:00,0.007056,0.007058,0.007033,0.007035,6516,143.255005,143.738998,143.218002,143.677994,0,-1.542058,-1.544839,-1.521482
2024.09.25 07:00,0.007035,0.007041,0.007024,0.007025,8936,143.679993,143.906998,143.567993,143.878998,0,-1.537976,-1.53263,-1.540371
2024.09.25 08:00,0.007025,0.007025,0.007016,0.007023,9236,143.878998,144.063995,143.878006,143.936996,0,-1.532636,-1.529255,-1.537567
2024.09.25 09:00,0.007023,0.007025,0.007006,0.00701,10533,143.938004,144.259995,143.903,144.184006,0,-1.53538,-1.544114,-1.540827
2024.09.25 10:00,0.00701,0.007016,0.007004,0.007006,3881,144.181,144.296005,144.063995,144.281998,0,-1.530638,-1.542795,-1.547195
2024.09.25 11:00,0.007006,0.007006,0.006998,0.007005,9053,144.281998,144.442001,144.259003,144.302994,0,-1.544035,-1.534388,-1.547819
2024.09.25 12:00,0.007005,0.007012,0.007,0.00701,5967,144.298996,144.410004,144.138,144.199997,0,-1.552865,-1.535504,-1.536472
2024.09.25 13:00,0.00701,0.007027,0.00701,0.007017,13600,144.199005,144.212006,143.854004,144.046997,0,-1.548481,-1.535639,-1.535955
2024.09.25 14:00,0.007017,0.007017,0.007,0.007002,12974,144.050003,144.395996,144.039993,144.358002,0,-1.538858,-1.539098,-1.541668
2024.09.25 15:00,0.007002,0.007004,0.00699,0.007,13629,144.356995,144.602997,144.306,144.397995,0,-1.541483,-1.540633,-1.540857
2024.09.25 16:00,0.007,0.007001,0.006993,0.006994,7048,144.401001,144.537994,144.369995,144.533005,0,-1.53785,-1.533257,-1.543087
2024.09.25 17:00,0.006994,0.006996,0.006983,0.006992,5987,144.531998,144.740997,144.477005,144.550995,0,-1.546324,-1.538187,-1.540623
2024.09.25 18:00,0.006992,0.006994,0.006985,0.006987,3844,144.548996,144.716995,144.511002,144.675995,0,-1.55307,-1.541522,-1.55305
2024.09.25 19:00,0.006987,0.00699,0.006982,0.006983,3134,144.677002,144.768005,144.604996,144.757996,0,-1.54257,-1.543482,-1.553066
2024.09.25 20:00,0.006983,0.006984,0.006979,0.006983,2489,144.757004,144.841995,144.722,144.746002,0,-1.544729,-1.537581,-1.530825
2024.09.25 22:00,0.006984,0.006989,0.006983,0.006985,0,144.660995,144.679993,144.535995,144.643005,0,-1.464816,-1.454007,-1.47908
2024.09.25 23:00,0.006985,0.006988,0.006979,0.006982,3498,144.647003,144.772995,144.606003,144.714005,0,-1.496255,-1.493302,-1.488569
2024.09.26 00:00,0.006983,0.006995,0.006981,0.006993,5615,144.714005,144.722,144.438004,144.494003,0,-1.486305,-1.478746,-1.493859
2024.09.26 01:00,0.006993,0.006994,0.006971,0.006977,5182,144.488998,144.945007,144.466995,144.811996,0,-1.49357,-1.477077,-1.473649
2024.09.26 02:00,0.006977,0.006979,0.006971,0.006975,4713,144.813004,144.945007,144.759003,144.830002,0,-1.483278,-1.482263,-1.471101
2024.09.26 03:00,0.006975,0.006978,0.006966,0.006971,3973,144.835007,145.037003,144.783997,144.927002,0,-1.482595,-1.47646,-1.485846
2024.09.26 04:00,0.006975,0.006986,0.006973,0.006983,4828,144.925995,144.966003,144.619995,144.688004,0,-1.565987,-1.476568,-1.483074
2024.09.26 05:00,0.006983,0.006985,0.006974,0.006981,3479,144.690994,144.869995,144.632004,144.714996,0,-1.480262,-1.478328,-1.479301
2024.09.26 06:00,0.006981,0.006986,0.006975,0.006976,7379,144.714996,144.856995,144.612,144.828995,0,-1.487815,-1.468572,-1.480372
2024.09.26 07:00,0.006976,0.006981,0.006959,0.006967,11199,144.830002,145.171997,144.712997,145.024994,0,-1.483509,-1.477302,-1.480892
2024.09.26 08:00,0.006967,0.006983,0.006961,0.006976,10580,145.024002,145.199005,144.677994,144.822998,0,-1.541488,-1.48332,-1.474375
2024.09.26 09:00,0.006977,0.006982,0.006969,0.006982,6512,144.824997,144.968002,144.697006,144.703003,0,-1.475397,-1.471571,-1.477568
2024.09.26 10:00,0.006983,0.007,0.006981,0.006999,11069,144.705002,144.746994,144.332993,144.356995,0,-1.490784,-1.475854,-1.47944
2024.09.26 11:00,0.006999,0.007009,0.006995,0.007008,12300,144.356995,144.432999,144.149994,144.162994,0,-1.473741,-1.47629,-1.479109
2024.09.26 12:00,0.007009,0.007012,0.006981,0.006989,20765,144.162994,144.723007,144.104004,144.559006,0,-1.477051,-1.481174,-1.477018
2024.09.26 13:00,0.006988,0.007002,0.006982,0.006988,12589,144.563004,144.703995,144.298996,144.593002,0,-1.47856,-1.472461,-1.500775
2024.09.26 14:00,0.006988,0.00699,0.006958,0.006976,23516,144.582993,145.220001,144.552002,144.832001,0,-1.500539,-1.480252,-1.483378
2024.09.26 15:00,0.006977,0.006987,0.006971,0.006983,13531,144.832993,144.947006,144.604996,144.673996,0,-1.495569,-1.471815,-1.479322
2024.09.26 16:00,0.006983,0.006983,0.006973,0.006975,6152,144.677002,144.904007,144.675003,144.856003,0,-1.493706,-1.480329,-1.486823
2024.09.26 17:00,0.006975,0.006991,0.006975,0.006982,4369,144.854004,144.856003,144.533005,144.716003,0,-1.476552,-1.49195,-1.490568
2024.09.26 18:00,0.006981,0.006989,0.006979,0.006986,4946,144.712997,144.772995,144.559998,144.623993,0,-1.485987,-1.47801,-1.480565
2024.09.26 19:00,0.006987,0.006992,0.006983,0.006985,3289,144.619995,144.686005,144.503998,144.658005,0,-1.481075,-1.483406,-1.483838
2024.09.26 20:00,0.006985,0.006985,0.006973,0.006977,2454,144.660995,144.899002,144.654999,144.804993,0,-1.488701,-1.480832,-1.487184
2024.09.26 22:00,0.006977,0.006978,0.006968,0.006973,0,144.766998,144.970001,144.746002,144.856995,0,-1.456797,-1.438465,-1.446693
2024.09.26 23:00,0.006973,0.006973,0.006959,0.006963,3241,144.867996,145.141998,144.867004,145.082001,0,-1.453511,-1.466988,-1.455431
2024.09.27 00:00,0.006963,0.00697,0.006944,0.006946,7483,145.078003,145.473007,144.929993,145.455002,0,-1.474157,-1.457969,-1.47689
2024.09.27 01:00,0.006945,0.006954,0.006939,0.006952,9712,145.462006,145.576004,145.266998,145.304993,0,-1.463019,-1.464867,-1.451152
2024.09.27 02:00,0.006952,0.006969,0.00695,0.006962,5740,145.300995,145.345001,144.960007,145.091003,0,-1.460106,-1.457103,-1.454116
2024.09.27 03:00,0.006963,0.006967,0.006955,0.006955,3256,145.087006,145.263,144.977997,145.253006,0,-1.48155,-1.454492,-1.471556
2024.09.27 04:00,0.006948,0.006948,0.006928,0.006928,5608,145.248993,145.800003,145.244003,145.792007,0,-1.468614,-1.328049,-1.460618
2024.09.27 05:00,0.00693,0.00693,0.006894,0.006907,30107,145.792007,146.490997,145.753006,146.255997,0,-1.426811,-1.463268,-1.475344
2024.09.27 06:00,0.006907,0.007058,0.006902,0.007055,71169,146.253006,146.352005,143.130005,143.171005,0,-1.466463,-1.446812,-1.42756
2024.09.27 07:00,0.007054,0.007078,0.007041,0.007055,25293,143.171005,143.468002,142.770004,143.192993,0,-1.442718,-1.487154,-1.449548
2024.09.27 08:00,0.007054,0.007067,0.007026,0.007058,15507,143.186996,143.768997,142.942001,143.141998,0,-1.440502,-1.439243,-1.458806
2024.09.27 09:00,0.007058,0.007061,0.00704,0.007058,14824,143.138,143.494995,143.061996,143.128006,0,-1.449542,-1.438997,-1.434773
2024.09.27 10:00,0.007058,0.007066,0.007048,0.007054,6398,143.130005,143.328003,142.957993,143.218994,0,-1.443783,-1.435203,-1.445407
2024.09.27 11:00,0.007053,0.00706,0.007045,0.007059,6527,143.223007,143.365005,143.085007,143.102997,0,-1.430437,-1.441951,-1.439871
2024.09.27 12:00,0.007059,0.007089,0.007051,0.007088,23342,143.106995,143.220001,142.494995,142.513,0,-1.396145,-1.441321,-1.429478
2024.09.27 13:00,0.007088,0.007089,0.007064,0.007087,17634,142.520996,142.994003,142.490005,142.535995,0,-1.441167,-1.436332,-1.43257
2024.09.27 14:00,0.007087,0.007095,0.00706,0.007072,27199,142.537994,142.994995,142.380005,142.856995,0,-1.361964,-1.435673,-1.444285
2024.09.27 15:00,0.007071,0.007087,0.00706,0.007084,12707,142.856003,143.085999,142.557007,142.595993,0,-1.442943,-1.443623,-1.432807
2024.09.27 16:00,0.007085,0.007093,0.007079,0.007089,10764,142.598999,142.701996,142.406998,142.507996,0,-1.439108,-1.432864,-1.44438
2024.09.27 17:00,0.007089,0.007099,0.007084,0.007098,6477,142.503006,142.602997,142.279007,142.326996,0,-1.439811,-1.424016,-1.44224
2024.09.27 18:00,0.007098,0.00711,0.007093,0.007106,7245,142.326996,142.416,142.074997,142.167999,0,-1.431936,-1.437907,-1.441854
2024.09.27 19:00,0.007106,0.007111,0.007101,0.007106,7706,142.169998,142.264999,142.061996,142.149002,0,-1.42985,-1.434797,-1.422857
2024.09.27 20:00,0.007105,0.007108,0.007099,0.007102,2524,142.154007,142.281998,142.119003,142.149994,0,-1.427006,-1.432455,-1.344588
2024.09.29 23:00,0.00708,0.007084,0.007066,0.007074,5395,142.669998,142.951996,142.578003,142.789993,0,-1.419198,-1.414817,-1.417268
2024.09.30 00:00,0.007073,0.00709,0.00707,0.007078,10237,142.789993,142.841003,142.451996,142.684998,0,-1.408289,-1.408272,-1.412129
2024.09.30 01:00,0.007079,0.007092,0.00707,0.007089,8262,142.681,142.843002,142.408005,142.466003,0,-1.410288,-1.404056,-1.402388
2024.09.30 02:00,0.00709,0.007099,0.007085,0.007087,4964,142.464996,142.552994,142.264008,142.526001,0,-1.41969,-1.409016,-1.412618
2024.09.30 03:00,0.007087,0.007097,0.007087,0.007089,1832,142.522003,142.526001,142.328995,142.447998,0,-1.412618,-1.414462,-1.394324
2024.09.30 04:00,0.007091,0.007109,0.007089,0.007107,3711,142.447006,142.501007,142.076996,142.126007,0,-1.427439,-1.400346,-1.419659
2024.09.30 05:00,0.007107,0.00713,0.007105,0.007128,9365,142.125,142.158005,141.651993,141.703003,0,-1.40215,-1.399535,-1.411192
2024.09.30 06:00,0.007128,0.007131,0.00711,0.007111,8799,141.703995,142.078995,141.638,142.048004,0,-1.422127,-1.405215,-1.420805
2024.09.30 07:00,0.007111,0.007117,0.007092,0.007095,8369,142.052994,142.427994,141.914001,142.365997,0,-1.424045,-1.405359,-1.421666
2024.09.30 08:00,0.007095,0.007097,0.007085,0.007087,8022,142.363007,142.580002,142.337006,142.535004,0,-1.426781,-1.422473,-1.431578
2024.09.30 09:00,0.007087,0.007091,0.007083,0.007087,4345,142.531998,142.602005,142.445999,142.529007,0,-1.418893,-1.42217,-1.435529
2024.09.30 10:00,0.007087,0.007087,0.007074,0.007084,3434,142.528,142.798004,142.528,142.593994,0,-1.435264,-1.414616,-1.430808
2024.09.30 11:00,0.007083,0.007093,0.007083,0.007085,3780,142.602005,142.610992,142.397995,142.561005,0,-1.427881,-1.413931,-1.427701
2024.09.30 12:00,0.007086,0.007087,0.007064,0.007066,7564,142.561005,142.998993,142.537994,142.944,0,-1.426121,-1.424611,-1.431227
2024.09.30 13:00,0.007066,0.007076,0.007056,0.007058,11184,142.942993,143.141998,142.740997,143.123993,0,-1.428681,-1.428201,-1.43076
2024.09.30 14:00,0.007057,0.007072,0.007054,0.007062,15072,143.121002,143.190002,142.817993,143.011993,0,-1.416416,-1.425274,-1.409053
2024.09.30 15:00,0.007062,0.007064,0.007045,0.00705,11844,143.033005,143.367996,142.992004,143.261993,0,-1.433428,-1.429146,-1.428077
2024.09.30 16:00,0.007051,0.00706,0.007048,0.007058,7822,143.255997,143.322998,143.070007,143.110001,0,-1.438778,-1.426952,-1.426808
2024.09.30 17:00,0.007058,0.00707,0.007058,0.007059,6647,143.108002,143.128006,142.923004,143.093002,0,-1.434773,-1.480285,-1.429877
2024.09.30 18:00,0.007059,0.007059,0.007019,0.007031,27688,143.089005,143.914993,143.087006,143.684006,0,-1.434406,-1.42388,-1.446614
2024.09.30 19:00,0.007031,0.007033,0.007019,0.007027,5486,143.682007,143.908997,143.638,143.729004,0,-1.438562,-1.44106,-1.430886
2024.09.30 20:00,0.007028,0.007034,0.007027,0.007033,2015,143.729004,143.746002,143.593994,143.626007,0,-1.437766,-1.427375,-1.429067
2024.09.30 22:00,0.007037,0.007037,0.007028,0.007035,0,143.559998,143.699997,143.528,143.554993,0,-1.412005,-1.421985,-1.418682
2024.09.30 23:00,0.007035,0.007045,0.007027,0.007028,3513,143.552002,143.733994,143.365997,143.710999,0,-1.415629,-1.411285,-1.423007
2024.10.01 00:00,0.007028,0.007029,0.007008,0.007016,7972,143.714005,144.119003,143.679993,143.960999,0,-1.424936,-1.412249,-1.419488
2024.10.01 01:00,0.007015,0.007029,0.007007,0.007027,5233,143.962006,144.130997,143.679001,143.714996,0,-1.416569,-1.411257,-1.416879
2024.10.01 02:00,0.007028,0.00703,0.007012,0.007012,2589,143.712006,144.022003,143.654007,144.001999,0,-1.409336,-1.406496,-1.399503
2024.10.01 03:00,0.007014,0.007016,0.006997,0.007001,0,144.003998,144.330994,143.947998,144.272003,0,-1.412599,-1.416639,-1.435265
2024.10.01 04:00,0.006997,0.007002,0.006994,0.007,2706,144.268005,144.395996,144.218002,144.272003,0,-1.426516,-1.391467,-1.414865
2024.10.01 05:00,0.007,0.007002,0.006993,0.007001,5300,144.272995,144.412994,144.216995,144.253998,0,-1.41285,-1.410852,-1.41726
2024.10.01 06:00,0.007002,0.007004,0.006988,0.006998,7156,144.263,144.529999,144.177994,144.343994,0,-1.417298,-1.412627,-1.435814
2024.10.01 07:00,0.006997,0.00702,0.006997,0.007006,15268,144.332993,144.348999,143.878006,144.173004,0,-1.430605,-1.427862,-1.428021
2024.10.01 08:00,0.007006,0.007029,0.007002,0.007023,10592,144.167999,144.225006,143.694,143.804993,0,-1.408673,-1.416133,-1.415704
2024.10.01 09:00,0.007023,0.007032,0.007022,0.007027,4417,143.804001,143.835007,143.615997,143.729996,0,-1.425435,-1.408944,-1.42176
2024.10.01 10:00,0.007027,0.007029,0.007024,0.007027,2323,143.731003,143.796005,143.671997,143.733994,0,-1.426983,-1.414366,-1.415629
2024.10.01 11:00,0.007027,0.007035,0.007025,0.007027,5242,143.735992,143.787994,143.557999,143.751007,0,-1.429109,-1.421688,-1.432642
2024.10.01 12:00,0.007025,0.007029,0.00701,0.007012,13880,143.751999,144.059006,143.675003,144.035004,0,-1.40565,-1.417372,-1.412174
2024.10.01 13:00,0.007012,0.007054,0.00701,0.007037,30160,144.039993,144.070999,143.175003,143.513,0,-1.417643,-1.421509,-1.406985
2024.10.01 14:00,0.007038,0.007064,0.007019,0.007033,32411,143.511993,143.843002,142.964005,143.598007,0,-1.382709,-1.401146,-1.411169
2024.10.01 15:00,0.007033,0.007037,0.007017,0.00703,13749,143.602997,143.921997,143.524002,143.673004,0,-1.421102,-1.428086,-1.425493
2024.10.01 16:00,0.00703,0.00705,0.007027,0.007031,10999,143.673004,143.718002,143.257004,143.630005,0,-1.419885,-1.402972,-1.412837
2024.10.01 17:00,0.007032,0.007047,0.007021,0.007023,8322,143.634003,143.852997,143.315002,143.813004,0,-1.423146,-1.400581,-1.413574
2024.10.01 18:00,0.007023,0.007033,0.007017,0.007029,16041,143.819,143.919006,143.593002,143.666,0,-1.418111,-1.406164,-1.408369
2024.10.01 19:00,0.00703,0.007037,0.007027,0.007035,4120,143.667007,143.742996,143.507004,143.544998,0,-1.424631,-1.400989,-1.408688
2024.10.01 20:00,0.007035,0.007038,0.007033,0.007035,2917,143.554001,143.589005,143.494995,143.552994,0,-1.412277,-1.409176,-1.416683
2024.10.01 22:00,0.007033,0.007041,0.00703,0.007037,0,143.606003,143.662003,143.414993,143.492996,0,-1.414491,-1.389709,-1.386981
2024.10.01 23:00,0.007037,0.007037,0.007025,0.007026,3057,143.511993,143.759995,143.501999,143.723007,0,-1.401109,-1.385893,-1.394512
2024.10.02 00:00,0.007027,0.00703,0.007019,0.007021,4755,143.723999,143.880997,143.645996,143.815994,0,-1.40041,-1.398485,-1.396279
2024.10.02 01:00,0.007021,0.007035,0.007016,0.007017,3523,143.811996,143.912003,143.557007,143.893005,0,-1.390802,-1.400495,-1.381963
2024.10.02 02:00,0.007017,0.007019,0.007011,0.007012,2956,143.895996,144.024002,143.854996,144.0,0,-1.390998,-1.394702,-1.397504
2024.10.02 03:00,0.007012,0.007019,0.007004,0.007006,3180,143.996994,144.184998,143.876007,144.132004,0,-1.39925,-1.39542,-1.407389
2024.10.02 04:00,0.007008,0.007033,0.007008,0.007025,6383,144.132004,144.151001,143.570999,143.729996,0,-1.446759,-1.394271,-1.391369
2024.10.02 05:00,0.007027,0.007035,0.00702,0.007027,6665,143.727997,143.852997,143.524002,143.709,0,-1.402852,-1.387691,-1.390635
2024.10.02 06:00,0.007027,0.007029,0.007012,0.007017,4604,143.709,144.024002,143.653,143.893005,0,-1.401172,-1.395368,-1.39211
2024.10.02 07:00,0.007017,0.007017,0.007004,0.007009,8149,143.893005,144.186005,143.893005,144.065002,0,-1.400257,-1.381963,-1.391298
2024.10.02 08:00,0.00701,0.007015,0.006996,0.006997,5063,144.059998,144.324997,143.944,144.317993,0,-1.396387,-1.392327,-1.399599
2024.10.02 09:00,0.006996,0.007003,0.006992,0.007,6652,144.319,144.410004,144.197998,144.261002,0,-1.389412,-1.402054,-1.403863
2024.10.02 10:00,0.007,0.007009,0.006971,0.006975,18027,144.261002,144.854996,144.069,144.791,0,-1.403559,-1.395296,-1.411549
2024.10.02 11:00,0.006974,0.006983,0.006969,0.006979,11588,144.785995,144.889008,144.617996,144.720993,0,-1.406689,-1.402819,-1.423726
2024.10.02 12:00,0.006979,0.00698,0.006943,0.006946,17752,144.684006,145.444,144.673004,145.386993,0,-1.414042,-1.40653,-1.429603
2024.10.02 13:00,0.006946,0.00695,0.006928,0.006929,15852,145.363998,145.753998,145.294006,145.744995,0,-1.412199,-1.409111,-1.424023
2024.10.02 14:00,0.006928,0.006937,0.006904,0.006907,25294,145.744003,146.264999,145.574005,146.192993,0,-1.421429,-1.419471,-1.422813
2024.10.02 15:00,0.006907,0.006915,0.006905,0.006914,12926,146.188995,146.255997,146.026001,146.044998,0,-1.422918,-1.423295,-1.410923
2024.10.02 16:00,0.006915,0.006921,0.006909,0.006915,12414,146.046005,146.162994,145.906998,146.028,0,-1.413775,-1.419204,-1.425294
2024.10.02 17:00,0.006916,0.006918,0.006907,0.006909,8038,146.026993,146.192993,145.962006,146.169998,0,-1.422813,-1.411559,-1.420778
2024.10.02 18:00,0.006909,0.006909,0.006899,0.006901,12199,146.164993,146.373001,146.162003,146.332993,0,-1.434958,-1.423261,-1.426461
2024.10.02 19:00,0.006901,0.006903,0.006894,0.006895,9240,146.332001,146.477997,146.292999,146.442001,0,-1.424324,-1.428451,-1.419881
2024.10.02 20:00,0.006895,0.006899,0.006892,0.006895,4468,146.440994,146.516006,146.363007,146.455002,0,-1.42024,-1.414466,-1.422372
2024.10.02 22:00,0.006896,0.006901,0.00687,0.006886,0,146.348007,146.916,146.272995,146.570007,0,-1.366182,-1.355961,-1.35836
2024.10.02 23:00,0.006886,0.006894,0.006876,0.006887,4944,146.591003,146.794006,146.427002,146.574997,0,-1.360619,-1.362816,-1.373895
2024.10.03 00:00,0.006887,0.006892,0.006863,0.006868,14277,146.576996,147.059998,146.457993,146.988007,0,-1.361738,-1.362226,-1.374611
2024.10.03 01:00,0.006867,0.006876,0.006855,0.006876,11371,146.987,147.238998,146.792007,146.800003,0,-1.360074,-1.369188,-1.366616
2024.10.03 02:00,0.006876,0.006882,0.00687,0.006877,4219,146.798004,146.921997,146.677994,146.776001,0,-1.372179,-1.360842,-1.363757
2024.10.03 03:00,0.006878,0.006878,0.006868,0.006874,2212,146.779999,146.964005,146.768005,146.850006,0,-1.371804,-1.366335,-1.374305
2024.10.03 04:00,0.006875,0.006882,0.006872,0.00688,1996,146.850006,146.932007,146.671997,146.722,0,-1.403375,-1.365396,-1.373158
2024.10.03 05:00,0.00688,0.006888,0.006876,0.006888,5296,146.720993,146.811005,146.531006,146.557007,0,-1.367039,-1.361519,-1.366448
2024.10.03 06:00,0.006888,0.006891,0.006878,0.00688,8850,146.548004,146.774994,146.468994,146.722,0,-1.373324,-1.352177,-1.362601
2024.10.03 07:00,0.00688,0.006899,0.006874,0.006892,10937,146.723007,146.858994,146.296005,146.449997,0,-1.372707,-1.357962,-1.364759
2024.10.03 08:00,0.006892,0.006895,0.006876,0.006878,5262,146.447006,146.792007,146.386993,146.744995,0,-1.369188,-1.354363,-1.364459
2024.10.03 09:00,0.006878,0.006879,0.006867,0.00687,10789,146.748001,146.988007,146.742004,146.921997,0,-1.364006,-1.372038,-1.372179
2024.10.03 10:00,0.00687,0.006875,0.00687,0.006874,2793,146.921997,146.945007,146.815994,146.832001,0,-1.374006,-1.361448,-1.366873
2024.10.03 11:00,0.006874,0.006886,0.006866,0.006882,6710,146.835007,146.992996,146.580994,146.664001,0,-1.358389,-1.3588,-1.367959
2024.10.03 12:00,0.006882,0.00689,0.006873,0.006878,9209,146.664993,146.871002,146.490997,146.772003,0,-1.374129,-1.363647,-1.370333
2024.10.03 13:00,0.006877,0.006892,0.006876,0.006881,9509,146.770996,146.787003,146.468002,146.608002,0,-1.364183,-1.361716,-1.280288
2024.10.03 14:00,0.006881,0.006885,0.006858,0.006877,28222,146.591995,147.179993,146.591995,146.770996,0,-1.364888,-1.348714,-1.358752
2024.10.03 15:00,0.006877,0.006886,0.006874,0.006874,7724,146.731995,146.845993,146.600006,146.826004,0,-1.359707,-1.367274,-1.360876
2024.10.03 16:00,0.006874,0.00688,0.00687,0.00688,5094,146.828995,146.927002,146.703003,146.716003,0,-1.366598,-1.364726,-1.356605
2024.10.03 17:00,0.00688,0.006886,0.00688,0.006882,6638,146.712997,146.716003,146.574005,146.651001,0,-1.367161,-1.351811,-1.354958
2024.10.03 18:00,0.006882,0.006882,0.006872,0.006873,8273,146.649002,146.884995,146.645004,146.869003,0,-1.356363,-1.348962,-1.37213
2024.10.03 19:00,0.006872,0.006878,0.006872,0.006873,3550,146.869003,146.882996,146.755997,146.858994,0,-1.364955,-1.364899,-1.362121
2024.10.03 20:00,0.006874,0.006874,0.006868,0.006869,1732,146.858994,146.966995,146.848999,146.921005,0,-1.364203,-1.362713,-1.339405
2024.10.03 22:00,0.006869,0.006874,0.006869,0.006873,0,146.828995,146.897003,146.787003,146.860992,0,-1.315403,-1.300716,-1.36412
2024.10.03 23:00,0.006873,0.006879,0.006872,0.006874,1916,146.848999,146.856995,146.712997,146.841995,0,-1.338954,-1.343031,-1.355709
2024.10.04 00:00,0.006872,0.006884,0.006869,0.006882,4691,146.839996,146.932007,146.610001,146.639999,0,-1.350407,-1.335071,-1.333398
2024.10.04 01:00,0.006882,0.006888,0.006881,0.006886,4268,146.638,146.677002,146.520996,146.550995,0,-1.349288,-1.340969,-1.339348
2024.10.04 02:00,0.006886,0.006894,0.006886,0.006893,5669,146.548996,146.565002,146.388,146.406006,0,-1.33227,-1.34485,-1.331294
2024.10.04 03:00,0.006894,0.006896,0.00689,0.006894,2636,146.408005,146.498001,146.350006,146.369003,0,-1.349591,-1.338403,-1.325853
2024.10.04 04:00,0.006897,0.006905,0.006895,0.006901,4310,146.373001,146.382996,146.145996,146.227005,0,-1.350366,-1.333887,-1.320473
2024.10.04 05:00,0.006902,0.006917,0.006899,0.006909,4584,146.225998,146.309006,145.912003,146.080994,0,-1.349957,-1.330209,-1.331774
2024.10.04 06:00,0.006909,0.006915,0.006901,0.006902,5895,146.085007,146.233002,145.944,146.220001,0,-1.336961,-1.341295,-1.334459
2024.10.04 07:00,0.006903,0.006904,0.006897,0.006899,5039,146.218994,146.341003,146.173996,146.304001,0,-1.339916,-1.330426,-1.344952
2024.10.04 08:00,0.006898,0.006901,0.006893,0.006897,3163,146.298996,146.410004,146.242996,146.337006,0,-1.335292,-1.336464,-1.346433
2024.10.04 09:00,0.006897,0.006897,0.00689,0.00689,2251,146.335999,146.477005,146.334,146.473007,0,-1.339121,-1.332912,-1.345657
2024.10.04 10:00,0.00689,0.006894,0.006886,0.00689,2234,146.472,146.561996,146.410004,146.496994,0,-1.350349,-1.345817,-1.348584
2024.10.04 11:00,0.00689,0.006892,0.006883,0.006885,2524,146.492996,146.619003,146.440002,146.587997,0,-1.333518,-1.333716,-1.344716
2024.10.04 12:00,0.006884,0.00689,0.006788,0.006791,61695,146.585007,148.692001,146.427994,148.641998,0,-1.373203,-1.300644,-1.37744
2024.10.04 13:00,0.00679,0.006805,0.006783,0.006801,34579,148.636993,148.806,148.315994,148.399994,0,-1.367741,-1.365221,-1.362791
2024.10.04 14:00,0.006801,0.006805,0.006793,0.006797,21935,148.404999,148.569,148.307007,148.494995,0,-1.36947,-1.356233,-1.360444
2024.10.04 15:00,0.006797,0.0068,0.006785,0.006787,12466,148.496994,148.761002,148.416,148.695999,0,-1.377071,-1.357179,-1.366346
2024.10.04 16:00,0.006787,0.006789,0.006773,0.006777,9186,148.695999,149.005005,148.669998,148.936005,0,-1.370837,-1.372895,-1.367201
2024.10.04 17:00,0.006777,0.006783,0.006777,0.006783,5350,148.932007,148.953003,148.783997,148.792999,0,-1.3842,-1.367468,-1.365611
2024.10.04 18:00,0.006783,0.006785,0.006779,0.006779,8925,148.787994,148.882996,148.75,148.871002,0,-1.368617,-1.366069,-1.367495
2024.10.04 19:00,0.00678,0.006785,0.006779,0.006785,4726,148.863998,148.895004,148.763,148.768005,0,-1.369742,-1.368205,-1.37321
2024.10.04 20:00,0.006785,0.00679,0.006784,0.006787,3785,148.761993,148.770004,148.628006,148.679001,0,-1.364343,-1.352601,-1.327644
2024.10.06 23:00,0.006777,0.006784,0.006768,0.006783,8156,148.936005,149.113007,148.768005,148.794006,0,-1.358866,-1.362344,-1.355748
2024.10.07 00:00,0.006783,0.006803,0.006783,0.006799,8600,148.792007,148.796005,148.352997,148.421005,0,-1.357747,-1.359021,-1.351367
2024.10.07 01:00,0.006799,0.006804,0.006793,0.006801,4700,148.425003,148.567001,148.320007,148.380997,0,-1.356633,-1.347641,-1.343793
2024.10.07 02:00,0.006801,0.006809,0.006792,0.006793,4650,148.382996,148.584,148.216995,148.578003,0,-1.351963,-1.35255,-1.356806
2024.10.07 03:00,0.006792,0.006802,0.006789,0.006801,2932,148.580002,148.647003,148.352997,148.401993,0,-1.36075,-1.337415,-1.353986
2024.10.07 04:00,0.006801,0.006804,0.006793,0.006794,1875,148.404007,148.539993,148.332001,148.531998,0,-1.340463,-1.34883,-1.343303
2024.10.07 05:00,0.006795,0.006801,0.006791,0.006799,2608,148.533997,148.615997,148.399002,148.429001,0,-1.351439,-1.350995,-1.348545
2024.10.07 06:00,0.006799,0.006803,0.006794,0.006801,4147,148.429993,148.544006,148.332993,148.384995,0,-1.355311,-1.339017,-1.358603
2024.10.07 07:00,0.006801,0.006812,0.006799,0.006806,9803,148.382996,148.447006,148.147003,148.272995,0,-1.35574,-1.347242,-1.354604
2024.10.07 08:00,0.006806,0.006816,0.006803,0.006804,6677,148.274002,148.356995,148.057007,148.313995,0,-1.352222,-1.343396,-1.352421
2024.10.07 09:00,0.006804,0.006809,0.006797,0.006803,5123,148.313004,148.488998,148.207993,148.341995,0,-1.354448,-1.343547,-1.348019
2024.10.07 10:00,0.006803,0.006806,0.006789,0.006789,3397,148.343002,148.643997,148.285004,148.632996,0,-1.357744,-1.355826,-1.346742
2024.10.07 11:00,0.006789,0.006812,0.006787,0.006806,6053,148.634995,148.684998,148.158005,148.270996,0,-1.344499,-1.347465,-1.352605
2024.10.07 12:00,0.006807,0.006818,0.006806,0.006812,11434,148.270996,148.272003,148.022003,148.164993,0,-1.353612,-1.340671,-1.354454
2024.10.07 13:00,0.006811,0.006826,0.006808,0.006823,14355,148.166,148.235001,147.830002,147.917007,0,-1.348987,-1.342049,-1.353913
2024.10.07 14:00,0.006822,0.006824,0.006808,0.006809,11170,147.916,148.244003,147.878998,148.220001,0,-1.347199,-1.348115,-1.355556
2024.10.07 15:00,0.006809,0.006819,0.006806,0.006814,4544,148.220993,148.279007,147.994003,148.125,0,-1.34983,-1.344935,-1.357555
2024.10.07 16:00,0.006814,0.00682,0.00681,0.006819,5038,148.126007,148.192993,147.987,148.001999,0,-1.360892,-1.348686,-1.35293
2024.10.07 17:00,0.006819,0.006824,0.006817,0.006818,3449,147.998993,148.046997,147.880997,148.018997,0,-1.354903,-1.350114,-1.348424
2024.10.07 18:00,0.006818,0.006822,0.006814,0.006814,8337,148.018997,148.106995,147.945007,148.102005,0,-1.339549,-1.349687,-1.345332
2024.10.07 19:00,0.006814,0.006818,0.006812,0.006816,3702,148.102997,148.158997,148.020996,148.072998,0,-1.359235,-1.339664,-1.348622
2024.10.07 20:00,0.006816,0.006816,0.006809,0.006811,1761,148.072006,148.209,148.052994,148.171997,0,-1.344554,-1.339383,-1.350677
2024.10.07 22:00,0.006808,0.006838,0.006808,0.006832,0,148.128006,148.229004,147.707993,147.707993,0,-1.35377,-1.4664,-1.327261
2024.10.07 23:00,0.006832,0.006833,0.00681,0.006812,4290,147.695999,148.158997,147.677994,148.126007,0,-1.316122,-1.329394,-1.326246
2024.10.08 00:00,0.006812,0.00683,0.006809,0.006826,5029,148.130005,148.190994,147.738007,147.815002,0,-1.326549,-1.325119,-1.316317
2024.10.08 01:00,0.006826,0.00683,0.00682,0.006826,2682,147.822998,147.940002,147.746002,147.843002,0,-1.323183,-1.322403,-1.333593
2024.10.08 02:00,0.006826,0.006841,0.006824,0.006832,4097,147.837997,147.858994,147.503998,147.688995,0,-1.328111,-1.326542,-1.329683
2024.10.08 03:00,0.006832,0.006832,0.00682,0.006822,0,147.688995,147.959,147.679993,147.904999,0,-1.320686,-1.32068,-1.33116
2024.10.08 04:00,0.006822,0.006822,0.006813,0.006814,3175,147.912994,148.104004,147.901993,148.074997,0,-1.325785,-1.328154,-1.329084
2024.10.08 05:00,0.006814,0.006825,0.00681,0.00682,3174,148.074997,148.162003,147.832993,147.972,0,-1.329901,-1.312847,-1.333686
2024.10.08 06:00,0.006819,0.006826,0.006812,0.006818,5315,147.968994,148.126999,147.837997,147.985001,0,-1.338005,-1.328588,-1.325176
2024.10.08 07:00,0.006818,0.006848,0.006815,0.006837,13325,147.988007,148.061005,147.341003,147.591003,0,-1.325861,-1.312966,-1.328026
2024.10.08 08:00,0.006837,0.006839,0.006825,0.006825,4316,147.582993,147.852005,147.526001,147.837997,0,-1.33186,-1.295103,-1.317852
2024.10.08 09:00,0.006826,0.006831,0.00682,0.006826,4932,147.835999,147.955002,147.716003,147.819,0,-1.338183,-1.324555,-1.320315
2024.10.08 10:00,0.006826,0.006828,0.006818,0.006824,2513,147.824997,147.996002,147.774994,147.876999,0,-1.325429,-1.31922,-1.335377
2024.10.08 11:00,0.006824,0.006827,0.006818,0.006825,4886,147.876007,147.998993,147.804993,147.852997,0,-1.32842,-1.327771,-1.332851
2024.10.08 12:00,0.006824,0.006824,0.00681,0.006816,8151,147.850998,148.175995,147.848007,148.035004,0,-1.33312,-1.317124,-1.332147
2024.10.08 13:00,0.006816,0.00682,0.006805,0.006806,7663,148.031998,148.285995,147.947998,148.246002,0,-1.335222,-1.320427,-1.327611
2024.10.08 14:00,0.006806,0.006812,0.006803,0.006804,7606,148.253006,148.335007,148.106995,148.307999,0,-1.330234,-1.318,-1.324828
2024.10.08 15:00,0.006804,0.00681,0.006801,0.006808,5410,148.311005,148.362,148.169998,148.225998,0,-1.335608,-1.327124,-1.329194
2024.10.08 16:00,0.006808,0.006816,0.006806,0.00681,4970,148.223007,148.270996,148.035995,148.147003,0,-1.331021,-1.322385,-1.314902
2024.10.08 17:00,0.006811,0.006811,0.006804,0.006806,3051,148.153,148.292999,148.147995,148.244995,0,-1.331425,-1.326675,-1.326604
2024.10.08 18:00,0.006806,0.006809,0.006801,0.006801,3991,148.242004,148.365997,148.199997,148.352997,0,-1.317991,-1.335551,-1.326605
2024.10.08 19:00,0.006801,0.006806,0.006801,0.006806,3602,148.350006,148.382004,148.257996,148.283005,0,-1.333997,-1.328818,-1.34303
2024.10.08 20:00,0.006806,0.006811,0.006803,0.006809,1802,148.283005,148.322998,148.153,148.194,0,-1.329022,-1.33168,-1.329555
2024.10.08 22:00,0.006805,0.006808,0.006803,0.006808,0,148.227005,148.304993,148.182007,148.190002,0,-1.311017,-1.306773,-1.303989
2024.10.08 23:00,0.006808,0.006812,0.006803,0.00681,1456,148.197006,148.311005,148.106003,148.136993,0,-1.306232,-1.306242,-1.304892
2024.10.09 00:00,0.00681,0.006816,0.006806,0.006807,5200,148.139999,148.233002,148.005997,148.220993,0,-1.31461,-1.30314,-1.313396
2024.10.09 01:00,0.006807,0.00681,0.006797,0.006809,4426,148.220993,148.431,148.153,148.169998,0,-1.307265,-1.299341,-1.305552
2024.10.09 02:00,0.006809,0.006814,0.006804,0.006804,4064,148.169998,148.296005,148.070999,148.270996,0,-1.312835,-1.314326,-1.309422
2024.10.09 03:00,0.006804,0.006808,0.006801,0.006803,1675,148.270996,148.348007,148.177002,148.317001,0,-1.310804,-1.301768,-1.312229
2024.10.09 04:00,0.006801,0.006804,0.0068,0.006802,1291,148.315002,148.369003,148.276993,148.332993,0,-1.310182,-1.304626,-1.317411
2024.10.09 05:00,0.006802,0.006803,0.006789,0.00679,4136,148.335007,148.612,148.311005,148.593994,0,-1.304055,-1.306232,-1.318589
2024.10.09 06:00,0.006789,0.006797,0.006787,0.006797,3148,148.589996,148.653,148.421005,148.442993,0,-1.312501,-1.297271,-1.308443
2024.10.09 07:00,0.006797,0.006806,0.006791,0.006793,4537,148.440994,148.563004,148.259995,148.542007,0,-1.320124,-1.32002,-1.320811
2024.10.09 08:00,0.006792,0.006795,0.006783,0.006784,3621,148.541,148.729004,148.473999,148.718994,0,-1.312475,-1.306961,-1.313333
2024.10.09 09:00,0.006784,0.006791,0.006781,0.006789,4010,148.714996,148.755005,148.556,148.617004,0,-1.295,-1.302277,-1.30906
2024.10.09 10:00,0.006789,0.006794,0.006787,0.00679,2883,148.617996,148.694,148.503998,148.597,0,-1.342643,-1.315303,-1.321595
2024.10.09 11:00,0.006789,0.006794,0.006783,0.006784,2218,148.600006,148.737,148.505997,148.720993,0,-1.320471,-1.317302,-1.315332
2024.10.09 12:00,0.006784,0.006786,0.006775,0.006775,4049,148.718002,148.917007,148.667007,148.904999,0,-1.315534,-1.304791,-1.31441
2024.10.09 13:00,0.006776,0.00678,0.006766,0.006766,10284,148.904999,149.123001,148.804993,149.112,0,-1.314269,-1.312366,-1.314183
2024.10.09 14:00,0.006766,0.00677,0.006764,0.006765,6117,149.113998,149.177002,149.024994,149.145996,0,-1.324562,-1.314503,-1.326337
2024.10.09 15:00,0.006765,0.006768,0.00676,0.006762,7173,149.145004,149.266006,149.067001,149.197998,0,-1.326073,-1.323778,-1.323689
2024.10.09 16:00,0.006762,0.006762,0.006758,0.006761,3500,149.192993,149.300003,149.186996,149.231003,0,-1.327225,-1.312688,-1.323889
2024.10.09 17:00,0.006761,0.006764,0.006758,0.006763,3365,149.233994,149.294998,149.167007,149.184998,0,-1.32222,-1.314568,-1.321624
2024.10.09 18:00,0.006764,0.006764,0.006754,0.006755,6449,149.173996,149.365005,149.149994,149.356003,0,-1.315554,-1.308476,-1.317512
2024.10.09 19:00,0.006756,0.006761,0.006756,0.006757,3765,149.360992,149.363998,149.231003,149.320999,0,-1.336467,-1.323889,-1.326327
2024.10.09 20:00,0.006756,0.006758,0.006755,0.006757,1971,149.320007,149.356003,149.281998,149.292007,0,-1.317512,-1.30922,-1.297335
2024.10.09 22:00,0.006758,0.00676,0.006754,0.006757,0,149.147995,149.298996,149.132996,149.233994,0,-1.227627,-1.21494,-1.239321
2024.10.09 23:00,0.006758,0.006762,0.006754,0.00676,2060,149.227997,149.292999,149.136002,149.158005,0,-1.243548,-1.239828,-1.229006
2024.10.10 00:00,0.00676,0.006768,0.006754,0.006758,8304,149.158005,149.289993,148.996994,149.212997,0,-1.229589,-1.231945,-1.251169
2024.10.10 01:00,0.006758,0.006765,0.006758,0.006764,1719,149.212006,149.214005,149.057999,149.087997,0,-1.252176,-1.23834,-1.235558
2024.10.10 02:00,0.006764,0.006764,0.006758,0.006758,1556,149.085999,149.220001,149.065994,149.210007,0,-1.236282,-1.235407,-1.237229
2024.10.10 03:00,0.006758,0.006762,0.006758,0.006758,1225,149.207993,149.225998,149.138,149.218002,0,-1.242279,-1.241827,-1.245224
2024.10.10 04:00,0.006756,0.006756,0.006744,0.00675,2957,149.216995,149.544006,149.216995,149.397995,0,-1.25306,-1.211368,-1.249851
2024.10.10 05:00,0.00675,0.006758,0.006746,0.006756,2473,149.399002,149.468002,149.199997,149.259003,0,-1.242992,-1.238169,-1.24243
2024.10.10 06:00,0.006756,0.006766,0.006756,0.006762,6592,149.259003,149.259003,149.044006,149.117004,0,-1.24243,-1.24619,-1.242696
2024.10.10 07:00,0.006762,0.006772,0.00676,0.006767,8436,149.113998,149.184998,148.899994,149.014008,0,-1.245064,-1.244032,-1.238038
2024.10.10 08:00,0.006768,0.006769,0.006758,0.006765,2886,149.014008,149.210007,148.981995,149.067993,0,-1.237229,-1.249687,-1.248334
2024.10.10 09:00,0.006765,0.006775,0.006764,0.006773,4299,149.065002,149.097,148.826004,148.882004,0,-1.255482,-1.235416,-1.247836
2024.10.10 10:00,0.006773,0.006778,0.006771,0.006775,2017,148.876007,148.934998,148.770996,148.845001,0,-1.246328,-1.234848,-1.254413
2024.10.10 11:00,0.006775,0.006775,0.006764,0.00677,3478,148.841003,149.091995,148.839996,148.953003,0,-1.239556,-1.238523,-1.242512
2024.10.10 12:00,0.00677,0.006806,0.006738,0.006786,36533,148.953003,149.572006,148.225998,148.606003,0,-1.160016,-1.296821,-1.243786
2024.10.10 13:00,0.006787,0.006795,0.006779,0.006788,13956,148.606003,148.766998,148.395004,148.563004,0,-1.241736,-1.238797,-1.244206
2024.10.10 14:00,0.006787,0.006797,0.006773,0.006781,15312,148.557999,148.878006,148.345001,148.716995,0,-1.243838,-1.232091,-1.246125
2024.10.10 15:00,0.006781,0.006793,0.006776,0.006787,9364,148.712006,148.824005,148.438995,148.567001,0,-1.24431,-1.239465,-1.237349
2024.10.10 16:00,0.006787,0.006794,0.00677,0.006772,8062,148.565994,148.960007,148.436996,148.919006,0,-1.249516,-1.248302,-1.25214
2024.10.10 17:00,0.006772,0.006781,0.006764,0.006777,7554,148.917007,149.084,148.727005,148.811996,0,-1.253412,-1.245257,-1.243193
2024.10.10 18:00,0.006776,0.006785,0.006775,0.006779,3809,148.809998,148.839005,148.626007,148.751007,0,-1.248416,-1.242076,-1.236628
2024.10.10 19:00,0.006779,0.006791,0.006779,0.006788,4664,148.751007,148.755005,148.487,148.563004,0,-1.251498,-1.233277,-1.244206
2024.10.10 20:00,0.006788,0.006791,0.006787,0.006788,1338,148.559998,148.593002,148.509003,148.561996,0,-1.241645,-1.244445,-1.243199
2024.10.10 22:00,0.006785,0.006789,0.006783,0.006783,0,148.522995,148.651993,148.5,148.641006,0,-1.224605,-1.202897,-1.224478
2024.10.10 23:00,0.006783,0.006787,0.006779,0.006781,2700,148.658997,148.746002,148.557999,148.703003,0,-1.220739,-1.2175,-1.221255
2024.10.11 00:00,0.006781,0.006793,0.006777,0.006792,4968,148.701004,148.761993,148.412003,148.459,0,-1.214958,-1.212472,-1.226963
2024.10.11 01:00,0.006791,0.006795,0.006776,0.006778,3333,148.457001,148.798004,148.395996,148.759995,0,-1.218309,-1.218135,-1.223846
2024.10.11 02:00,0.006778,0.006783,0.006777,0.006783,2100,148.757004,148.776993,148.634995,148.666,0,-1.21908,-1.218466,-1.227742
2024.10.11 03:00,0.006783,0.006787,0.006779,0.00678,1119,148.666,148.733994,148.576004,148.710999,0,-1.230486,-1.224647,-1.218372
2024.10.11 04:00,0.00678,0.006782,0.006778,0.00678,870,148.705002,148.764008,148.667999,148.705994,0,-1.22786,-1.218868,-1.213367
2024.10.11 05:00,0.006781,0.006785,0.006779,0.006781,1665,148.710007,148.731995,148.598007,148.690994,0,-1.228487,-1.224929,-1.209246
2024.10.11 06:00,0.006781,0.006783,0.006773,0.006781,2802,148.688004,148.856995,148.654999,148.692001,0,-1.222827,-1.21674,-1.221131
2024.10.11 07:00,0.006781,0.006783,0.006775,0.006777,2658,148.688995,148.809998,148.656006,148.772995,0,-1.219409,-1.228618,-1.215082
2024.10.11 08:00,0.006777,0.006782,0.006775,0.006779,3570,148.774002,148.826004,148.664993,148.729996,0,-1.224531,-1.215862,-1.215617
2024.10.11 09:00,0.006779,0.006779,0.006769,0.00677,2851,148.733002,148.955994,148.723007,148.936996,0,-1.223686,-1.2195,-1.226506
2024.10.11 10:00,0.00677,0.006772,0.006764,0.006764,2634,148.942001,149.082993,148.899002,149.054001,0,-1.230553,-1.22124,-1.223413
2024.10.11 11:00,0.006764,0.006768,0.00676,0.006768,4242,149.059006,149.141006,148.992004,149.001007,0,-1.222951,-1.226955,-1.235958
2024.10.11 12:00,0.006766,0.006779,0.006756,0.006764,12211,149.003998,149.261002,148.768005,149.057999,0,-1.233471,-1.242743,-1.227411
2024.10.11 13:00,0.006764,0.006768,0.00676,0.006762,8200,149.061005,149.177002,148.972,149.112,0,-1.237068,-1.228777,-1.226754
2024.10.11 14:00,0.006762,0.006767,0.006754,0.006756,9769,149.098999,149.283005,148.981995,149.257004,0,-1.222601,-1.206025,-1.229473
2024.10.11 15:00,0.006755,0.006764,0.006755,0.006762,3696,149.257996,149.270004,149.061996,149.121994,0,-1.231514,-1.231409,-1.22582
2024.10.11 16:00,0.006762,0.006768,0.006762,0.006767,3424,149.121002,149.130005,148.973999,148.998001,0,-1.233831,-1.219859,-1.222031
2024.10.11 17:00,0.006768,0.006769,0.006762,0.006766,2667,148.994995,149.104996,148.949997,149.031998,0,-1.230687,-1.21769,-1.234181
2024.10.11 18:00,0.006766,0.006766,0.006762,0.006762,2741,149.031006,149.110001,149.028,149.108002,0,-1.224755,-1.219268,-1.222756
2024.10.11 19:00,0.006762,0.006764,0.00676,0.006761,2331,149.108994,149.149994,149.080002,149.139008,0,-1.220995,-1.227562,-1.231894
2024.10.11 20:00,0.006761,0.006762,0.006759,0.00676,1592,149.139008,149.175995,149.070007,149.091003,0,-1.225115,-1.184762,-1.172948
2024.10.13 23:00,0.006752,0.006757,0.00675,0.006754,1500,149.332993,149.391006,149.223999,149.304993,0,-1.231885,-1.229327,-1.233624
2024.10.14 00:00,0.006754,0.00676,0.00675,0.006758,1973,149.306,149.367004,149.136993,149.216995,0,-1.229826,-1.218938,-1.233276
2024.10.14 01:00,0.006758,0.00676,0.006754,0.006758,1715,149.214005,149.278,149.139008,149.210007,0,-1.228548,-1.220952,-1.226287
2024.10.14 02:00,0.006758,0.006758,0.006752,0.006752,1138,149.207993,149.317993,149.184006,149.315002,0,-1.224691,-1.222177,-1.2217
2024.10.14 03:00,0.006752,0.006755,0.006752,0.006753,1321,149.317001,149.352997,149.253006,149.322998,0,-1.237765,-1.214516,-1.240664
2024.10.14 04:00,0.006752,0.006755,0.006752,0.006754,672,149.326996,149.337997,149.253998,149.283005,0,-1.233736,-1.215507,-1.222601
2024.10.14 05:00,0.006754,0.00676,0.006752,0.006757,724,149.287003,149.320999,149.164001,149.220993,0,-1.227697,-1.224068,-1.226321
2024.10.14 06:00,0.006756,0.00676,0.006756,0.006758,1660,149.218002,149.240997,149.164001,149.205002,0,-1.224424,-1.224068,-1.232224
2024.10.14 07:00,0.006758,0.006759,0.00675,0.006751,4395,149.210007,149.397003,149.182999,149.352997,0,-1.237881,-1.232119,-1.226792
2024.10.14 08:00,0.006751,0.006752,0.006746,0.006748,2061,149.358002,149.468002,149.320007,149.419998,0,-1.232014,-1.226705,-1.227945
2024.10.14 09:00,0.006748,0.006752,0.006748,0.006749,1733,149.423004,149.429993,149.339996,149.391998,0,-1.226955,-1.224764,-1.221898
2024.10.14 10:00,0.006749,0.00675,0.006742,0.006744,2557,149.395004,149.539001,149.389999,149.514999,0,-1.226056,-1.230878,-1.23505
2024.10.14 11:00,0.006744,0.006744,0.006734,0.006738,5153,149.511993,149.727005,149.501999,149.639999,0,-1.226858,-1.222049,-1.22801
2024.10.14 12:00,0.006738,0.006739,0.006731,0.006734,7096,149.632996,149.800003,149.621994,149.733994,0,-1.233664,-1.232022,-1.233846
2024.10.14 13:00,0.006734,0.006736,0.006727,0.006732,6065,149.738998,149.882004,149.688004,149.783997,0,-1.227334,-1.231948,-1.239731
2024.10.14 14:00,0.006731,0.006731,0.006723,0.006729,5435,149.781006,149.960007,149.781006,149.841003,0,-1.227944,-1.225704,-1.241551
2024.10.14 15:00,0.006729,0.006731,0.006727,0.00673,2895,149.834,149.897003,149.796997,149.822998,0,-1.242333,-1.230658,-1.234588
2024.10.14 16:00,0.00673,0.006731,0.006725,0.006725,2478,149.822006,149.940994,149.800995,149.927994,0,-1.231055,-1.234656,-1.229114
2024.10.14 17:00,0.006725,0.006729,0.006725,0.006728,1912,149.925995,149.938004,149.845001,149.869003,0,-1.228064,-1.234505,-1.236423
2024.10.14 18:00,0.006728,0.00673,0.006726,0.006727,4791,149.871994,149.914993,149.828003,149.901001,0,-1.238216,-1.239593,-1.235278
2024.10.14 19:00,0.006727,0.006735,0.006723,0.006733,7465,149.901993,149.981003,149.703995,149.757996,0,-1.237887,-1.236916,-1.235787
2024.10.14 20:00,0.006733,0.006735,0.006732,0.006733,2474,149.761993,149.792999,149.703995,149.735992,0,-1.248734,-1.225891,-1.224815
2024.10.14 22:00,0.00673,0.006734,0.00673,0.006733,0,149.753998,149.785995,149.705002,149.725998,0,-1.197586,-1.204855,-1.214821
2024.10.14 23:00,0.006733,0.006737,0.006729,0.006734,2934,149.729996,149.837006,149.662994,149.714996,0,-1.226509,-1.21796,-1.214849
2024.10.15 00:00,0.006734,0.006742,0.006733,0.006741,4853,149.714005,149.744003,149.522003,149.574997,0,-1.221795,-1.209058,-1.218055
2024.10.15 01:00,0.00674,0.006746,0.006739,0.006743,3453,149.569,149.598007,149.434998,149.522995,0,-1.219047,-1.209988,-1.22105
2024.10.15 02:00,0.006743,0.006743,0.006734,0.006739,3067,149.524002,149.714996,149.498993,149.615005,0,-1.214849,-1.197048,-1.214031
2024.10.15 03:00,0.006738,0.006741,0.006735,0.006735,0,149.621002,149.718002,149.565002,149.710999,0,-1.228883,-1.20806,-1.221879
2024.10.15 04:00,0.006735,0.006736,0.006733,0.006736,1211,149.710007,149.757996,149.660004,149.677994,0,-1.224765,-1.203948,-1.221938
2024.10.15 05:00,0.006736,0.006746,0.006735,0.006737,3939,149.673996,149.701996,149.436996,149.639008,0,-1.212877,-1.201008,-1.216001
2024.10.15 06:00,0.006737,0.006752,0.006737,0.006752,5133,149.639999,149.639999,149.300995,149.307007,0,-1.205975,-1.196734,-1.202746
2024.10.15 07:00,0.006752,0.006758,0.006751,0.006756,6100,149.307007,149.335007,149.164993,149.233994,0,-1.208802,-1.203165,-1.206463
2024.10.15 08:00,0.006756,0.006764,0.006756,0.00676,5105,149.227997,149.244995,149.031998,149.153,0,-1.217464,-1.20141,-1.213066
2024.10.15 09:00,0.00676,0.006773,0.006758,0.00677,4130,149.149994,149.167999,148.845001,148.904007,0,-1.206171,-1.199943,-1.204428
2024.10.15 10:00,0.006771,0.006772,0.006758,0.00676,4091,148.899994,149.184006,148.871994,149.143997,0,-1.211228,-1.194232,-1.204064
2024.10.15 11:00,0.00676,0.00676,0.00675,0.00675,4486,149.139008,149.373001,149.138,149.348007,0,-1.213879,-1.198067,-1.199863
2024.10.15 12:00,0.00675,0.006766,0.006748,0.006762,8207,149.347,149.417999,148.996002,149.085007,0,-1.214962,-1.20911,-1.210698
2024.10.15 13:00,0.006762,0.006762,0.006755,0.006758,5711,149.082993,149.248001,149.067993,149.184006,0,-1.209511,-1.193685,-1.200286
2024.10.15 14:00,0.006758,0.006769,0.00675,0.006756,12652,149.186996,149.343994,148.932999,149.231003,0,-1.206815,-1.200691,-1.21443
2024.10.15 15:00,0.006756,0.006758,0.006752,0.006756,5705,149.227997,149.319,149.164001,149.216995,0,-1.214739,-1.202173,-1.200422
2024.10.15 16:00,0.006756,0.006756,0.006744,0.006746,3960,149.220993,149.481003,149.218002,149.449005,0,-1.212038,-1.201429,-1.202026
2024.10.15 17:00,0.006746,0.006747,0.006741,0.006746,4005,149.444,149.544006,149.421005,149.427002,0,-1.209066,-1.206982,-1.191013
2024.10.15 18:00,0.006746,0.006755,0.006746,0.006753,6983,149.432007,149.455002,149.233002,149.276993,0,-1.219013,-1.194511,-1.194658
2024.10.15 19:00,0.006753,0.006758,0.006753,0.006755,3393,149.276001,149.291,149.160004,149.238998,0,-1.208666,-1.198175,-1.200508
2024.10.15 20:00,0.006755,0.006758,0.006755,0.006757,1969,149.240005,149.248001,149.171997,149.188004,0,-1.209511,-1.199219,-1.193331
2024.10.15 22:00,0.006756,0.006758,0.006753,0.006754,0,149.173996,149.261002,149.147995,149.233002,0,-1.178667,-1.175217,-1.172598
2024.10.15 23:00,0.006755,0.006762,0.00675,0.006761,2855,149.225998,149.337997,149.065994,149.087006,0,-1.189853,-1.180749,-1.179892
2024.10.16 00:00,0.006762,0.006764,0.006752,0.006753,3379,149.087997,149.285004,149.026001,149.268997,0,-1.191701,-1.173561,-1.186663
2024.10.16 01:00,0.006754,0.006773,0.006752,0.006764,5021,149.270004,149.298996,148.860001,149.026993,0,-1.183764,-1.214942,-1.185475
2024.10.16 02:00,0.006764,0.006767,0.00676,0.006761,1808,149.028,149.115997,148.947998,149.087006,0,-1.186999,-1.172028,-1.179892
2024.10.16 03:00,0.006762,0.006764,0.006756,0.006758,1749,149.085007,149.201004,149.028,149.173004,0,-1.184431,-1.186482,-1.189285
2024.10.16 04:00,0.006759,0.006759,0.006752,0.006753,1792,149.167999,149.287003,149.128006,149.259995,0,-1.182741,-1.177126,-1.17766
2024.10.16 05:00,0.006754,0.006756,0.006748,0.006748,3459,149.266998,149.373993,149.184006,149.358994,0,-1.18194,-1.178379,-1.177912
2024.10.16 06:00,0.006748,0.006758,0.006748,0.006753,4421,149.360001,149.373993,149.164001,149.266998,0,-1.192912,-1.180282,-1.184664
2024.10.16 07:00,0.006752,0.006758,0.006743,0.006744,4229,149.259995,149.488007,149.162003,149.451004,0,-1.186061,-1.178283,-1.182039
2024.10.16 08:00,0.006744,0.006752,0.006743,0.006744,3961,149.447006,149.490005,149.302994,149.462997,0,-1.18806,-1.187762,-1.183048
2024.10.16 09:00,0.006744,0.006756,0.006744,0.006753,3900,149.460007,149.470993,149.175995,149.276001,0,-1.191043,-1.170368,-1.193666
2024.10.16 10:00,0.006752,0.006754,0.006748,0.006748,2594,149.268005,149.391006,149.210007,149.382004,0,-1.187969,-1.160555,-1.200922
2024.10.16 11:00,0.006748,0.006758,0.006746,0.006758,3104,149.380997,149.421997,149.143997,149.171997,0,-1.186009,-1.182169,-1.188278
2024.10.16 12:00,0.006758,0.006758,0.006744,0.006744,5010,149.173004,149.481995,149.139008,149.444,0,-1.191048,-1.177179,-1.175036
2024.10.16 13:00,0.006744,0.006756,0.006741,0.006751,8100,149.445999,149.535995,149.201996,149.311996,0,-1.19005,-1.185423,-1.185792
2024.10.16 14:00,0.006751,0.006752,0.006731,0.006737,13911,149.307007,149.746002,149.292999,149.636002,0,-1.179663,-1.188738,-1.190968
2024.10.16 15:00,0.006737,0.006741,0.006731,0.006733,5685,149.626999,149.744995,149.539993,149.716995,0,-1.189694,-1.183051,-1.183764
2024.10.16 16:00,0.006733,0.006733,0.00673,0.006731,2786,149.714996,149.774994,149.690002,149.740997,0,-1.186584,-1.178825,-1.174658
2024.10.16 17:00,0.006731,0.006733,0.006729,0.006731,2564,149.744995,149.792007,149.714005,149.75,0,-1.181511,-1.180774,-1.172631
2024.10.16 18:00,0.006731,0.006731,0.006729,0.006731,4470,149.748993,149.800995,149.738998,149.776001,0,-1.190498,-1.183697,-1.198632
2024.10.16 19:00,0.006731,0.006733,0.006729,0.006733,3552,149.774994,149.807007,149.712006,149.714005,0,-1.19651,-1.189797,-1.191796
2024.10.16 20:00,0.006733,0.006737,0.006733,0.006737,2578,149.714005,149.725998,149.587006,149.623993,0,-1.192767,-1.163999,-1.178959
2024.10.16 22:00,0.006737,0.006739,0.006733,0.006737,0,149.559998,149.660004,149.516006,149.570007,0,-1.126773,-1.115032,-1.124973
2024.10.16 23:00,0.006737,0.006739,0.006733,0.006737,1829,149.570999,149.662994,149.516998,149.561996,0,-1.129764,-1.127026,-1.127972
2024.10.17 00:00,0.006737,0.006742,0.006735,0.006737,3684,149.561996,149.617004,149.431,149.539993,0,-1.127885,-1.118054,-1.116987
2024.10.17 01:00,0.006737,0.006749,0.006737,0.006745,3272,149.542007,149.565002,149.292007,149.378998,0,-1.130978,-1.121907,-1.121027
2024.10.17 02:00,0.006745,0.006752,0.006744,0.006744,2362,149.376999,149.421005,149.238007,149.408997,0,-1.130059,-1.122774,-1.129047
2024.10.17 03:00,0.006744,0.006744,0.006737,0.006738,1654,149.406998,149.572006,149.406998,149.552994,0,-1.126972,-1.116051,-1.141004
2024.10.17 04:00,0.006738,0.006744,0.006737,0.006737,1589,149.548996,149.574997,149.388,149.541,0,-1.151991,-1.119036,-1.117994
2024.10.17 05:00,0.006738,0.006741,0.006737,0.006739,2463,149.537003,149.563004,149.445999,149.516006,0,-1.128979,-1.111059,-1.126035
2024.10.17 06:00,0.006739,0.006742,0.006733,0.006733,2768,149.509995,149.647995,149.436996,149.630997,0,-1.136818,-1.124051,-1.11982
2024.10.17 07:00,0.006733,0.006733,0.006727,0.006727,4061,149.628998,149.794006,149.626999,149.772995,0,-1.128284,-1.115822,-1.118325
2024.10.17 08:00,0.006727,0.006729,0.006723,0.006725,2997,149.776001,149.871002,149.727997,149.835007,0,-1.11682,-1.128544,-1.125068
2024.10.17 09:00,0.006725,0.006735,0.006725,0.006733,2635,149.828003,149.834,149.608994,149.639999,0,-1.13512,-1.119874,-1.128822
2024.10.17 10:00,0.006734,0.006737,0.006733,0.006735,2814,149.639008,149.639999,149.544006,149.619003,0,-1.128822,-1.121,-1.129884
2024.10.17 11:00,0.006735,0.00674,0.006733,0.006739,2728,149.617996,149.649002,149.483994,149.522003,0,-1.126794,-1.116043,-1.132031
2024.10.17 12:00,0.006739,0.006741,0.006713,0.006725,22420,149.524002,150.082993,149.459,149.828995,0,-1.129387,-1.124059,-1.130115
2024.10.17 13:00,0.006725,0.006733,0.006719,0.006727,15138,149.828995,149.955002,149.634003,149.779999,0,-1.134401,-1.122826,-1.125329
2024.10.17 14:00,0.006727,0.006729,0.006715,0.006716,14097,149.787003,150.046005,149.722,150.022995,0,-1.136761,-1.122548,-1.124839
2024.10.17 15:00,0.006716,0.006721,0.00671,0.006712,8656,150.020996,150.151993,149.919998,150.128006,0,-1.1318,-1.121547,-1.130023
2024.10.17 16:00,0.006712,0.006712,0.006704,0.006708,6305,150.128006,150.298996,150.117004,150.212006,0,-1.134314,-1.130113,-1.125167
2024.10.17 17:00,0.006708,0.006711,0.006706,0.006706,2588,150.210999,150.257004,150.136993,150.246994,0,-1.125698,-1.127906,-1.1268
2024.10.17 18:00,0.006706,0.006709,0.006704,0.006704,4020,150.246002,150.279999,150.182999,150.272003,0,-1.126444,-1.129491,-1.118448
2024.10.17 19:00,0.006704,0.006708,0.006703,0.006708,3655,150.276993,150.322006,150.190002,150.214996,0,-1.135076,-1.125382,-1.128158
2024.10.17 20:00,0.006708,0.006709,0.006706,0.006708,2625,150.220001,150.244995,150.182999,150.199997,0,-1.135921,-1.129491,-1.113158
2024.10.17 22:00,0.006708,0.00671,0.006706,0.006708,0,150.151001,150.225006,150.123993,150.203995,0,-1.115932,-1.092693,-1.117156
2024.10.17 23:00,0.006708,0.006713,0.006704,0.006712,2138,150.209,150.285995,150.067001,150.100998,0,-1.110196,-1.102309,-1.103015
2024.10.18 00:00,0.006712,0.006721,0.00671,0.006715,5988,150.102997,150.149994,149.893997,150.048004,0,-1.118694,-1.106619,-1.116588
2024.10.18 01:00,0.006714,0.006722,0.006713,0.006715,3254,150.046005,150.061996,149.869003,150.007996,0,-1.108391,-1.103754,-1.098751
2024.10.18 02:00,0.006715,0.006721,0.006712,0.00672,2462,150.009003,150.093994,149.899994,149.919998,0,-1.107102,-1.101543,-1.110473
2024.10.18 03:00,0.006719,0.006723,0.006717,0.006723,1355,149.923996,149.973007,149.848999,149.893997,0,-1.108098,-1.105883,-1.139815
2024.10.18 04:00,0.006721,0.006721,0.006715,0.006721,1670,149.889008,150.018005,149.860001,149.897995,0,-1.108761,-1.083682,-1.110616
2024.10.18 05:00,0.006721,0.006727,0.00672,0.006721,2885,149.899002,149.916,149.764008,149.878998,0,-1.106475,-1.098285,-1.102679
2024.10.18 06:00,0.006721,0.006725,0.006716,0.006718,3743,149.884995,150.014008,149.789993,149.959,0,-1.115852,-1.102161,-1.105173
2024.10.18 07:00,0.006718,0.00672,0.00671,0.006712,5407,149.960007,150.136993,149.912994,150.095001,0,-1.116801,-1.103469,-1.10811
2024.10.18 08:00,0.006712,0.006721,0.006709,0.00672,4893,150.093994,150.156006,149.884003,149.919998,0,-1.102498,-1.107684,-1.110473
2024.10.18 09:00,0.006719,0.006723,0.006719,0.006719,3041,149.919006,149.945007,149.832993,149.921005,0,-1.11334,-1.10093,-1.100405
2024.10.18 10:00,0.006719,0.006725,0.006717,0.006719,15401,149.919006,149.979996,149.572998,149.940002,0,-1.115086,-0.863059,-1.108335
2024.10.18 11:00,0.006719,0.00672,0.006712,0.006716,5449,149.938995,150.100006,149.910004,150.001999,0,-1.113114,-1.100479,-1.103843
2024.10.18 12:00,0.006715,0.006726,0.006713,0.006723,6672,150.0,150.082993,149.781998,149.860992,0,-1.107201,-1.105221,-1.117876
2024.10.18 13:00,0.006723,0.006731,0.006719,0.006729,7877,149.862,149.925003,149.686996,149.737,0,-1.104402,-1.109628,-1.115467
2024.10.18 14:00,0.006729,0.006735,0.006727,0.006735,10976,149.731003,149.751007,149.584,149.598999,0,-1.107378,-1.09488,-1.10988
2024.10.18 15:00,0.006734,0.006738,0.006731,0.006735,7239,149.602005,149.651001,149.509995,149.580002,0,-1.095699,-1.098005,-1.101899
2024.10.18 16:00,0.006735,0.006745,0.006733,0.006742,5250,149.580002,149.632004,149.358002,149.416,0,-1.098773,-1.100031,-1.103055
2024.10.18 17:00,0.006742,0.006743,0.006732,0.006735,4343,149.416,149.651001,149.408997,149.593002,0,-1.106736,-1.107051,-1.114899
2024.10.18 18:00,0.006735,0.006741,0.006735,0.006737,4778,149.593002,149.595993,149.451996,149.528,0,-1.106874,-1.10605,-1.104994
2024.10.18 19:00,0.006737,0.006741,0.006736,0.006738,4187,149.529999,149.569,149.457001,149.520004,0,-1.112945,-1.100059,-1.108014
2024.10.18 20:00,0.006737,0.006741,0.006737,0.006737,1804,149.520004,149.574997,149.440994,149.503006,0,-1.129963,-1.095049,-1.08
2024.10.20 23:00,0.006735,0.006739,0.006733,0.006733,1762,149.563995,149.626007,149.475006,149.604004,0,-1.092776,-1.085034,-1.092827
2024.10.21 00:00,0.006733,0.006749,0.006733,0.006743,4598,149.604004,149.617004,149.248001,149.382004,0,-1.083774,-1.0779,-1.080059
2024.10.21 01:00,0.006743,0.006756,0.006742,0.006752,3708,149.380005,149.410004,149.089005,149.197998,0,-1.086067,-1.072431,-1.093737
2024.10.21 02:00,0.006752,0.006756,0.006748,0.00675,1928,149.199005,149.285995,149.091995,149.225998,0,-1.082958,-1.075422,-1.088819
2024.10.21 03:00,0.00675,0.006757,0.00675,0.00675,1545,149.225006,149.242004,149.085007,149.223007,0,-1.09386,-1.090334,-1.085828
2024.10.21 04:00,0.00675,0.006751,0.006744,0.006746,1795,149.223007,149.358002,149.197998,149.317993,0,-1.089037,-1.071793,-1.082005
2024.10.21 05:00,0.006746,0.006752,0.006744,0.006745,2132,149.320999,149.371994,149.195999,149.362,0,-1.092044,-1.080767,-1.104029
2024.10.21 06:00,0.006744,0.006747,0.006731,0.006732,3391,149.360001,149.645004,149.298004,149.626999,0,-1.078665,-1.083981,-1.082734
2024.10.21 07:00,0.006732,0.006732,0.006722,0.006723,8860,149.630997,149.854996,149.615997,149.830994,0,-1.089746,-1.071732,-1.076812
2024.10.21 08:00,0.006723,0.006723,0.006717,0.006717,5194,149.835999,149.949997,149.817001,149.942001,0,-1.085088,-1.084939,-1.077092
2024.10.21 09:00,0.006717,0.006723,0.006711,0.006712,5001,149.942001,150.091995,149.815994,150.057007,0,-1.082908,-1.072878,-1.070115
2024.10.21 10:00,0.006713,0.006719,0.006712,0.006717,3356,150.059006,150.078995,149.889999,149.942001,0,-1.081011,-1.069399,-1.077092
2024.10.21 11:00,0.006718,0.006721,0.006717,0.006719,3935,149.938004,149.959,149.856003,149.923004,0,-1.083017,-1.079684,-1.091337
2024.10.21 12:00,0.006719,0.006727,0.006714,0.006719,6171,149.919006,150.031006,149.742004,149.917007,0,-1.088495,-1.076282,-1.074261
2024.10.21 13:00,0.006719,0.006719,0.006708,0.00671,9452,149.921005,150.145996,149.916,150.126999,0,-1.081376,-1.073254,-1.084601
2024.10.21 14:00,0.00671,0.006711,0.006703,0.006705,12637,150.126007,150.276993,150.085999,150.231995,0,-1.090063,-1.076911,-1.089565
2024.10.21 15:00,0.006705,0.006707,0.006694,0.006694,9502,150.238007,150.485001,150.188995,150.468994,0,-1.097494,-1.09104,-1.081488
2024.10.21 16:00,0.006694,0.006696,0.00669,0.006692,6860,150.473007,150.559006,150.434998,150.518005,0,-1.082179,-1.092111,-1.085852
2024.10.21 17:00,0.006692,0.006693,0.006679,0.006682,17703,150.511002,150.796005,150.496994,150.744003,0,-1.0842,-1.087162,-1.077012
2024.10.21 18:00,0.006682,0.006684,0.006678,0.006681,7564,150.75,150.834,150.707993,150.776001,0,-1.088569,-1.085789,-1.086612
2024.10.21 19:00,0.006681,0.006683,0.006677,0.006681,12460,150.774002,150.839005,150.722,150.772003,0,-1.082358,-1.0886,-1.082614
2024.10.21 20:00,0.006681,0.006681,0.006675,0.006677,6550,150.772003,150.886993,150.755005,150.817001,0,-1.085479,-1.07681,-1.060355
2024.10.21 22:00,0.006679,0.006686,0.006679,0.006684,0,150.714996,150.766006,150.625,150.686005,0,-1.042991,-1.047557,-1.063801
2024.10.21 23:00,0.006684,0.006688,0.006679,0.006686,3937,150.679001,150.798996,150.593994,150.621002,0,-1.064779,-1.061285,-1.065924
2024.10.22 00:00,0.006686,0.006688,0.006681,0.006686,6740,150.615997,150.763,150.578995,150.630005,0,-1.073611,-1.057467,-1.06375
2024.10.22 01:00,0.006686,0.006692,0.006683,0.006684,4964,150.628998,150.705994,150.490005,150.660004,0,-1.072593,-1.057852,-1.060179
2024.10.22 02:00,0.006685,0.006686,0.006677,0.006677,3350,150.658005,150.845001,150.626999,150.830994,0,-1.06593,-1.049556,-1.063131
2024.10.22 03:00,0.006677,0.006678,0.006671,0.006673,0,150.830002,150.985001,150.807999,150.921997,0,-1.071204,-1.062568,-1.064358
2024.10.22 04:00,0.006671,0.006677,0.006665,0.006675,4302,150.921997,151.102997,150.843994,150.869003,0,-1.07674,-1.064923,-1.067489
2024.10.22 05:00,0.006675,0.006679,0.006671,0.006677,4472,150.869995,150.992996,150.778,150.843994,0,-1.0792,-1.066195,-1.064923
2024.10.22 06:00,0.006676,0.006685,0.006675,0.006677,7809,150.845001,150.876007,150.658005,150.826004,0,-1.074493,-1.069372,-1.069358
2024.10.22 07:00,0.006677,0.006684,0.006667,0.00667,7098,150.826004,151.061005,150.688004,151.0,0,-1.07975,-1.0658,-1.074963
2024.10.22 08:00,0.00667,0.006679,0.006669,0.006671,4613,151.003006,151.035004,150.783997,150.983994,0,-1.087481,-1.060981,-1.070197
2024.10.22 09:00,0.006671,0.006679,0.006669,0.006675,3238,150.990997,151.024002,150.800003,150.884003,0,-1.087723,-1.076988,-1.071265
2024.10.22 10:00,0.006675,0.006681,0.006675,0.006677,3705,150.886993,150.908005,150.744003,150.841003,0,-1.084052,-1.065809,-1.084357
2024.10.22 11:00,0.006677,0.006679,0.006673,0.006676,2693,150.839996,150.936996,150.776993,150.863007,0,-1.079357,-1.065188,-1.072715
2024.10.22 12:00,0.006676,0.006681,0.006673,0.006673,8327,150.860992,150.925003,150.761993,150.910004,0,-1.067364,-1.072604,-1.063595
2024.10.22 13:00,0.006673,0.006688,0.006672,0.006673,9266,150.910004,150.951004,150.600006,150.919006,0,-1.070909,-1.078479,-1.072598
2024.10.22 14:00,0.006673,0.006677,0.006667,0.006671,8744,150.919998,151.072998,150.850006,150.977005,0,-1.080493,-1.070935,-1.074437
2024.10.22 15:00,0.006671,0.006675,0.006663,0.006665,6258,150.970001,151.145996,150.895996,151.108994,0,-1.074709,-1.072043,-1.071489
2024.10.22 16:00,0.006665,0.006668,0.006661,0.006667,4615,151.104004,151.195999,151.042007,151.059998,0,-1.079656,-1.072002,-1.067492
2024.10.22 17:00,0.006667,0.006673,0.006665,0.006671,4228,151.059998,151.117004,150.945999,150.973999,0,-1.068241,-1.077138,-1.060203
2024.10.22 18:00,0.006671,0.006675,0.006667,0.006667,5746,150.977997,151.072006,150.891006,151.059998,0,-1.068259,-1.067054,-1.078743
2024.10.22 19:00,0.006667,0.006668,0.006665,0.006665,4111,151.063995,151.125,151.048004,151.119003,0,-1.076237,-1.077999,-1.081499
2024.10.22 20:00,0.006665,0.006667,0.006663,0.006667,1220,151.117996,151.151993,151.054001,151.063004,0,-1.069452,-1.061495,-1.070498
2024.10.22 22:00,0.006667,0.006668,0.006665,0.006665,0,151.022995,151.080002,150.990005,151.061005,0,-1.031238,-1.02,-1.034747
2024.10.22 23:00,0.006667,0.006667,0.006662,0.006663,2489,151.059998,151.158997,151.039993,151.147995,0,-1.053922,-1.047488,-1.054188
2024.10.23 00:00,0.006662,0.006663,0.006648,0.006648,7334,151.151001,151.475006,151.132004,151.462997,0,-1.042517,-1.049463,-1.041815
2024.10.23 01:00,0.006648,0.00665,0.006634,0.00664,7966,151.462997,151.804993,151.436005,151.643997,0,-1.055014,-1.060062,-1.041583
2024.10.23 02:00,0.00664,0.006641,0.006634,0.006636,3571,151.643005,151.789001,151.632004,151.740997,0,-1.050387,-1.052273,-1.047803
2024.10.23 03:00,0.006636,0.006637,0.006632,0.006636,3052,151.740997,151.830002,151.716003,151.746994,0,-1.045929,-1.04552,-1.0538
2024.10.23 04:00,0.006629,0.006632,0.006619,0.006622,10467,151.746994,152.136002,151.720993,152.070007,0,-1.06719,-0.925549,-1.058231
2024.10.23 05:00,0.006622,0.006624,0.006613,0.006618,10383,152.070999,152.270996,152.016998,152.164993,0,-1.053693,-1.050818,-1.061943
2024.10.23 06:00,0.006617,0.00662,0.006609,0.006613,13486,152.166,152.378998,152.112,152.292999,0,-1.058732,-1.0546,-1.06427
2024.10.23 07:00,0.006613,0.006613,0.006601,0.006609,11913,152.292007,152.557007,152.266006,152.369003,0,-1.064813,-1.060139,-1.060177
2024.10.23 08:00,0.006609,0.006611,0.006601,0.006607,7427,152.369003,152.548996,152.313995,152.414993,0,-1.068269,-1.062387,-1.060364
2024.10.23 09:00,0.006607,0.006607,0.006592,0.006594,7548,152.417007,152.761002,152.404999,152.723999,0,-1.06197,-1.061826,-1.070979
2024.10.23 10:00,0.006594,0.006599,0.006587,0.006589,4613,152.720993,152.876999,152.600006,152.819,0,-1.062822,-1.061899,-1.062412
2024.10.23 11:00,0.00659,0.006592,0.006578,0.00658,7063,152.824005,153.076996,152.757996,153.054001,0,-1.066657,-1.058964,-1.078313
2024.10.23 12:00,0.00658,0.006586,0.006574,0.00658,17402,153.050003,153.186996,152.908005,153.069,0,-1.072612,-1.059251,-1.081771
2024.10.23 13:00,0.006579,0.006588,0.006578,0.006579,12943,153.067993,153.084,152.835007,153.061005,0,-1.073661,-1.055391,-1.062221
2024.10.23 14:00,0.006578,0.006586,0.006577,0.006581,9353,153.065002,153.110001,152.917007,153.024994,0,-1.064996,-1.068253,-1.072404
2024.10.23 15:00,0.006581,0.006593,0.00658,0.00659,11644,153.024994,153.050995,152.753006,152.819,0,-1.075307,-1.065483,-1.073929
2024.10.23 16:00,0.006589,0.00659,0.006585,0.006588,5930,152.820999,152.934006,152.813004,152.858994,0,-1.073719,-1.067933,-1.067855
2024.10.23 17:00,0.006588,0.006592,0.006586,0.006591,6428,152.858994,152.908997,152.764008,152.772995,0,-1.071763,-1.064976,-1.062454
2024.10.23 18:00,0.006591,0.006605,0.006591,0.006597,15009,152.772003,152.776001,152.462006,152.662994,0,-1.06546,-1.061546,-1.078945
2024.10.23 19:00,0.006597,0.006601,0.006595,0.0066,6565,152.662994,152.695999,152.550003,152.591995,0,-1.077467,-1.069276,-1.076843
2024.10.23 20:00,0.0066,0.006601,0.006592,0.006593,2882,152.591003,152.764999,152.548004,152.744995,0,-1.065968,-1.067277,-1.068978
2024.10.23 22:00,0.006593,0.006593,0.006586,0.00659,0,152.654999,152.826996,152.654999,152.755997,0,-1.001291,-0.990476,-1.010926
2024.10.23 23:00,0.006591,0.006597,0.006588,0.006589,3910,152.748001,152.798996,152.602005,152.766998,0,-1.007858,-1.006463,-0.998903
2024.10.24 00:00,0.006589,0.0066,0.006589,0.006595,7608,152.764008,152.770004,152.513,152.634003,0,-1.013416,-0.997848,-1.003984
2024.10.24 01:00,0.006595,0.006596,0.006588,0.006593,3577,152.634003,152.792007,152.602005,152.675003,0,-1.012391,-0.994969,-0.998986
2024.10.24 02:00,0.006593,0.006608,0.006593,0.006604,5971,152.677002,152.695999,152.335999,152.427002,0,-1.008476,-1.00428,-1.003622
2024.10.24 03:00,0.006604,0.006607,0.0066,0.006607,2018,152.427002,152.518005,152.347,152.397003,0,-1.002853,-0.992371,-1.030927
2024.10.24 04:00,0.006609,0.006618,0.006609,0.006613,6365,152.391998,152.397995,152.104996,152.210007,0,-1.089169,-1.001946,-1.004139
2024.10.24 05:00,0.006613,0.006614,0.006605,0.006606,2968,152.212006,152.389008,152.195999,152.389008,0,-1.000011,-1.001565,-1.011472
2024.10.24 06:00,0.006606,0.006621,0.006605,0.00662,9781,152.382004,152.386002,152.044006,152.054001,0,-0.997005,-1.009417,-1.008002
2024.10.24 07:00,0.00662,0.006622,0.006609,0.006617,7349,152.050995,152.317001,152.022995,152.126999,0,-1.008175,-1.011219,-1.001108
2024.10.24 08:00,0.006617,0.006626,0.006613,0.006622,4249,152.136002,152.248001,151.914993,152.007996,0,-1.030698,-1.005761,-1.007613
2024.10.24 09:00,0.006622,0.00663,0.006619,0.006623,3826,152.007004,152.076004,151.824005,151.988998,0,-1.007192,-1.005813,-1.000018
2024.10.24 10:00,0.006624,0.00663,0.006624,0.00663,2646,151.985992,151.990005,151.817993,151.854996,0,-1.012426,-0.999801,-1.014059
2024.10.24 11:00,0.00663,0.006633,0.006619,0.00662,4770,151.850006,152.074005,151.759995,152.046005,0,-1.005193,-0.998649,-1.000007
2024.10.24 12:00,0.00662,0.00663,0.006608,0.00662,18175,152.048004,152.322006,151.832001,152.052994,0,-0.990288,-0.991064,-1.006995
2024.10.24 13:00,0.00662,0.006626,0.006608,0.006614,11352,152.048996,152.332993,151.936996,152.199997,0,-1.001274,-1.004992,-1.005563
2024.10.24 14:00,0.006615,0.00663,0.00661,0.006626,10065,152.199005,152.279007,151.843994,151.925995,0,-0.993077,-1.003058,-1.005383
2024.10.24 15:00,0.006626,0.006632,0.006624,0.006629,6641,151.923004,151.977005,151.779007,151.871994,0,-0.999426,-0.994934,-1.019677
2024.10.24 16:00,0.006628,0.006638,0.006628,0.006636,4308,151.869003,151.884003,151.654007,151.686996,0,-1.008931,-1.006217,-1.005159
2024.10.24 17:00,0.006636,0.006642,0.006632,0.00664,5243,151.686996,151.783997,151.546005,151.623001,0,-0.999924,-1.000276,-1.009253
2024.10.24 18:00,0.00664,0.00664,0.00663,0.00663,7234,151.623993,151.852997,151.612,151.817001,0,-1.01206,-1.009585,-0.987443
2024.10.24 19:00,0.00663,0.00663,0.006627,0.00663,4028,151.820007,151.901993,151.820007,151.832001,0,-1.004149,-1.001815,-0.991064
2024.10.24 20:00,0.00663,0.006631,0.006628,0.00663,1022,151.839996,151.869003,151.785995,151.811996,0,-1.005305,-0.979178,-0.982438
2024.10.24 22:00,0.00663,0.006636,0.006628,0.006636,0,151.798996,151.828003,151.677002,151.695007,0,-0.941546,-0.972461,-0.990466
2024.10.24 23:00,0.006636,0.00664,0.00663,0.00663,4326,151.688004,151.817001,151.576004,151.787994,0,-0.987443,-0.97359,-0.969802
2024.10.25 00:00,0.006631,0.006633,0.006617,0.006622,5326,151.783997,152.106003,151.748001,152.001007,0,-0.980112,-0.986656,-0.989231
2024.10.25 01:00,0.006622,0.00663,0.006619,0.006628,2143,152.007004,152.065002,151.791,151.837997,0,-0.984776,-0.972808,-0.974299
2024.10.25 02:00,0.006628,0.006633,0.006626,0.00663,2361,151.845001,151.891006,151.733002,151.834,0,-0.981774,-0.971657,-0.993063
2024.10.25 03:00,0.006629,0.00663,0.006626,0.006628,1573,151.828003,151.904999,151.811996,151.845001,0,-0.984387,-0.982438,-0.981303
2024.10.25 04:00,0.006634,0.006639,0.006632,0.006634,2231,151.858002,151.869995,151.606003,151.701004,0,-1.085923,-0.980909,-0.973742
2024.10.25 05:00,0.006635,0.006646,0.006633,0.006634,6483,151.699997,151.746994,151.451996,151.727005,0,-0.985649,-0.996868,-0.988391
2024.10.25 06:00,0.006634,0.006636,0.006622,0.006628,4625,151.731995,152.005997,151.673996,151.863007,0,-0.982815,-0.980802,-0.987935
2024.10.25 07:00,0.006628,0.00663,0.00662,0.006624,0,151.863007,152.039993,151.819,151.936005,0,-0.993995,-0.978064,-0.981211
2024.10.25 08:00,0.006622,0.006624,0.00662,0.006623,38258,151.996002,152.059006,151.921997,151.960999,0,-1.001607,-0.967204,-0.972019
2024.10.25 09:00,0.006624,0.006626,0.006618,0.006622,2329,151.964996,152.095001,151.906006,152.001007,0,-0.991951,-0.974002,-0.989231
2024.10.25 10:00,0.006622,0.006628,0.006621,0.006626,1488,152.001999,152.026993,151.860001,151.893005,0,-0.992403,-0.973544,-0.983773
2024.10.25 11:00,0.006626,0.006635,0.006624,0.006631,3277,151.895996,151.938004,151.692001,151.792999,0,-0.98321,-0.976101,-0.986182
2024.10.25 12:00,0.006631,0.006631,0.006618,0.006625,8883,151.787994,152.093002,151.787994,151.917999,0,-0.989952,-0.981177,-0.974601
2024.10.25 13:00,0.006625,0.006628,0.006615,0.006621,9085,151.916,152.162003,151.832001,152.044006,0,-0.990419,-0.968302,-1.009417
2024.10.25 14:00,0.006621,0.006626,0.006617,0.00662,10642,152.016006,152.117996,151.901993,152.026001,0,-0.980693,-0.969989,-0.980002
2024.10.25 15:00,0.00662,0.006624,0.006615,0.006618,6859,152.028,152.143005,151.919998,152.078995,0,-0.971422,-0.965205,-0.975945
2024.10.25 16:00,0.006618,0.006619,0.006611,0.006613,4731,152.082001,152.229996,152.050003,152.192993,0,-0.978387,-0.969777,-0.97569
2024.10.25 17:00,0.006613,0.006618,0.006609,0.006615,4943,152.195999,152.296005,152.089005,152.160004,0,-0.987179,-0.985955,-0.977001
2024.10.25 18:00,0.006615,0.006618,0.006609,0.006611,4984,152.162994,152.281006,152.091995,152.240005,0,-0.983629,-0.988945,-0.976955
2024.10.25 19:00,0.006611,0.006611,0.006605,0.006611,5260,152.246994,152.380005,152.233994,152.259995,0,-0.979545,-0.982385,-0.985511
2024.10.25 20:00,0.006611,0.006614,0.006605,0.006606,1909,152.255005,152.354004,152.177002,152.244003,0,-0.965007,-0.982568,-0.866468
2024.10.28 00:00,0.00658,0.006588,0.006557,0.006557,9494,152.955002,153.481003,152.764999,153.462997,0,-0.972231,-0.962348,-0.965857
2024.10.28 01:00,0.006558,0.006559,0.006539,0.006541,13433,153.459,153.882004,153.434998,153.843994,0,-0.965111,-0.972729,-0.973854
2024.10.28 02:00,0.006541,0.006555,0.006541,0.006553,6027,153.847,153.856995,153.524002,153.576996,0,-0.975177,-0.957068,-0.963494
2024.10.28 03:00,0.006553,0.006557,0.006547,0.006551,3034,153.572998,153.697006,153.492996,153.626007,0,-0.966955,-0.972602,-0.977552
2024.10.28 04:00,0.006551,0.006561,0.006549,0.00655,4084,153.626999,153.654007,153.373993,153.643005,0,-0.970594,-0.9582,-0.971251
2024.10.28 05:00,0.006551,0.006557,0.006545,0.006555,2772,153.643005,153.746994,153.488998,153.539001,0,-0.970275,-0.968604,-0.972067
2024.10.28 06:00,0.006554,0.006568,0.006553,0.00656,3715,153.537003,153.561005,153.229996,153.408997,0,-0.970785,-0.965056,-0.981585
2024.10.28 07:00,0.00656,0.00657,0.006555,0.006564,4562,153.410995,153.531006,153.156006,153.328003,0,-0.975701,-0.960584,-0.970268
2024.10.28 08:00,0.006563,0.00657,0.006559,0.00657,6149,153.328995,153.406006,153.162003,153.177994,0,-0.943738,-0.96658,-0.982572
2024.10.28 09:00,0.006572,0.006582,0.00657,0.006581,6379,153.173996,153.190994,152.897995,152.929001,0,-0.995572,-0.968486,-0.976411
2024.10.28 10:00,0.006581,0.006601,0.006581,0.006598,11690,152.929001,152.929001,152.444,152.531998,0,-0.976411,-0.963273,-0.970917
2024.10.28 11:00,0.006598,0.006601,0.006588,0.006589,8352,152.533005,152.737,152.466995,152.682999,0,-0.957383,-0.963323,-0.926411
2024.10.28 12:00,0.006589,0.006603,0.006589,0.006593,6852,152.727997,152.731995,152.403,152.621994,0,-0.963899,-0.956693,-0.957471
2024.10.28 13:00,0.006594,0.006595,0.006588,0.006588,6121,152.623001,152.764999,152.574005,152.751999,0,-0.962348,-0.955473,-0.960861
2024.10.28 14:00,0.006588,0.006588,0.006574,0.00658,7185,152.755997,153.065002,152.742004,152.944,0,-0.962178,-0.962388,-0.956771
2024.10.28 15:00,0.00658,0.006584,0.006568,0.006568,10169,152.949997,153.235001,152.839996,153.212997,0,-0.970061,-0.968175,-0.948058
2024.10.28 16:00,0.006568,0.006572,0.006566,0.006566,5741,153.205994,153.281998,153.126999,153.259995,0,-0.970675,-0.966322,-0.960273
2024.10.28 17:00,0.006566,0.006568,0.006564,0.006565,4004,153.257004,153.307999,153.197998,153.276001,0,-0.973468,-0.956234,-0.953075
2024.10.28 18:00,0.006566,0.006568,0.006562,0.006566,4973,153.278,153.376999,153.227997,153.261993,0,-0.972823,-0.963057,-0.962272
2024.10.28 19:00,0.006566,0.006569,0.006566,0.006568,1897,153.261993,153.266998,153.194,153.227997,0,-0.967276,-0.963827,-0.963057
2024.10.28 20:00,0.006568,0.006569,0.006564,0.006566,836,153.229004,153.302002,153.195007,153.276001,0,-0.967471,-0.964834,-0.976279
2024.10.28 22:00,0.006566,0.006566,0.006561,0.006564,0,153.222,153.358994,153.203003,153.304001,0,-0.943201,-0.91487,-0.957874
2024.10.28 23:00,0.006564,0.006571,0.006563,0.006571,1400,153.298996,153.322998,153.160995,153.177002,0,-0.953653,-0.977157,-0.993163
2024.10.29 00:00,0.00657,0.00658,0.006566,0.006576,5494,153.139008,153.242004,152.891998,153.011993,0,-0.942283,-0.92786,-0.943862
2024.10.29 01:00,0.006576,0.006582,0.00657,0.006579,2750,153.011993,153.132996,152.858002,152.936005,0,-0.937573,-0.940036,-0.937221
2024.10.29 02:00,0.006579,0.006583,0.006574,0.006577,2216,152.938004,153.050995,152.843994,152.992004,0,-0.93661,-0.93757,-0.947
2024.10.29 03:00,0.006576,0.006579,0.00657,0.006575,0,152.992004,153.162994,152.940002,153.037003,0,-0.94441,-0.941219,-0.945748
2024.10.29 04:00,0.006577,0.006582,0.006576,0.00658,1966,153.037003,153.046005,152.867996,152.921005,0,-0.989438,-0.926953,-0.933776
2024.10.29 05:00,0.00658,0.006588,0.006578,0.006584,1872,152.919006,152.957001,152.75,152.828003,0,-0.935105,-0.947348,-0.933119
2024.10.29 06:00,0.006584,0.006584,0.006574,0.006576,2512,152.835999,153.070999,152.830994,152.998001,0,-0.956614,-0.936109,-0.941434
2024.10.29 07:00,0.006576,0.006576,0.006564,0.00657,4895,152.996994,153.278,152.996002,153.166,0,-0.943469,-0.927871,-0.947416
2024.10.29 08:00,0.006569,0.00657,0.006557,0.00656,6962,153.162003,153.447998,153.154999,153.395004,0,-0.939226,-0.936415,-0.94436
2024.10.29 09:00,0.00656,0.006562,0.006557,0.006559,3334,153.389999,153.442993,153.320999,153.406998,0,-0.945852,-0.940042,-0.933114
2024.10.29 10:00,0.006559,0.006562,0.006555,0.006562,5948,153.410995,153.490005,153.313004,153.339996,0,-0.946339,-0.932046,-0.935821
2024.10.29 11:00,0.006562,0.006562,0.006547,0.006547,6550,153.337997,153.673996,153.317993,153.673996,0,-0.943944,-0.937036,-0.943944
2024.10.29 12:00,0.006547,0.006549,0.006539,0.006543,14859,153.675995,153.865997,153.649994,153.759003,0,-0.93742,-0.943271,-0.935587
2024.10.29 13:00,0.006543,0.00655,0.006541,0.006549,11649,153.764008,153.809998,153.621002,153.645004,0,-0.939858,-0.949248,-0.961592
2024.10.29 14:00,0.006549,0.00658,0.006549,0.00656,17875,153.639999,153.664001,152.936005,153.378998,0,-0.968929,-0.948775,-0.939976
2024.10.29 15:00,0.00656,0.00656,0.006544,0.006555,11849,153.386002,153.748993,153.369995,153.494003,0,-0.937257,-0.942584,-0.938699
2024.10.29 16:00,0.006555,0.006561,0.006551,0.006553,6528,153.488998,153.584,153.356003,153.544998,0,-0.947198,-0.94021,-0.931496
2024.10.29 17:00,0.006553,0.006564,0.006551,0.006559,7216,153.550003,153.598007,153.304993,153.417999,0,-0.949552,-0.947258,-0.944116
2024.10.29 18:00,0.006559,0.00656,0.006553,0.006558,4546,153.414001,153.554001,153.376007,153.425995,0,-0.952135,-0.948596,-0.940484
2024.10.29 19:00,0.006559,0.00656,0.006555,0.006558,3460,153.425003,153.507996,153.371002,153.421005,0,-0.952691,-0.931981,-0.935494
2024.10.29 20:00,0.006559,0.006562,0.006557,0.006561,1643,153.425003,153.445007,153.324997,153.341003,0,-0.947866,-0.932437,-0.925211
2024.10.29 22:00,0.006559,0.006567,0.006559,0.006564,0,153.335999,153.391006,153.195007,153.244995,0,-0.928738,-0.918472,-0.910464
2024.10.29 23:00,0.006565,0.006569,0.00656,0.006564,2382,153.248001,153.352005,153.151001,153.285004,0,-0.924593,-0.920828,-0.950473
2024.10.30 00:00,0.006564,0.006572,0.006562,0.006565,4161,153.259003,153.306,153.067993,153.248001,0,-0.925043,-0.918884,-0.925075
2024.10.30 01:00,0.006564,0.00657,0.006562,0.006566,2048,153.242004,153.313004,153.104996,153.216995,0,-0.932046,-0.909573,-0.917273
2024.10.30 02:00,0.006566,0.006566,0.006557,0.006562,2248,153.214005,153.440994,153.197006,153.313004,0,-0.932222,-0.908873,-0.920444
2024.10.30 03:00,0.006562,0.006564,0.006558,0.006561,1875,153.313995,153.399994,153.279999,153.341995,0,-0.914483,-0.922264,-0.926203
2024.10.30 04:00,0.00656,0.006568,0.00656,0.00656,1559,153.335999,153.373993,153.188004,153.354996,0,-0.934971,-0.923064,-0.915974
2024.10.30 05:00,0.00656,0.006567,0.00656,0.006566,2154,153.350998,153.367004,153.186996,153.225006,0,-0.91636,-0.910461,-0.925284
2024.10.30 06:00,0.006564,0.006568,0.006556,0.006564,2290,153.225998,153.462997,153.190002,153.270004,0,-0.930968,-0.925063,-0.923877
2024.10.30 07:00,0.006562,0.006564,0.006559,0.006562,3603,153.270996,153.380005,153.255005,153.328995,0,-0.917737,-0.920474,-0.924819
2024.10.30 08:00,0.006562,0.006584,0.00656,0.006582,7880,153.324005,153.362,152.800995,152.848007,0,-0.922978,-0.929174,-0.918499
2024.10.30 09:00,0.006582,0.006583,0.006568,0.006573,6483,152.850998,153.195007,152.830994,153.057999,0,-0.930068,-0.92457,-0.920466
2024.10.30 10:00,0.006574,0.006582,0.006573,0.00658,5727,153.054993,153.059006,152.828995,152.895004,0,-0.921473,-0.911029,-0.930866
2024.10.30 11:00,0.00658,0.006585,0.006574,0.006574,3741,152.893997,153.042999,152.774994,153.028,0,-0.928615,-0.914707,-0.925176
2024.10.30 12:00,0.006574,0.006576,0.006554,0.00656,24170,153.029999,153.494995,152.987,153.354004,0,-0.916419,-0.918868,-0.926592
2024.10.30 13:00,0.00656,0.006582,0.006557,0.006578,10776,153.352997,153.432999,152.865005,152.934006,0,-0.924226,-0.923963,-0.923667
2024.10.30 14:00,0.006578,0.00658,0.006562,0.006564,10955,152.936996,153.328995,152.901993,153.261993,0,-0.924819,-0.914763,-0.927462
2024.10.30 15:00,0.006564,0.00657,0.006559,0.006569,8524,153.261002,153.386993,153.147995,153.153,0,-0.924725,-0.929411,-0.922827
2024.10.30 16:00,0.00657,0.006576,0.006566,0.006572,4879,153.151001,153.218994,152.998001,153.076004,0,-0.930861,-0.918314,-0.926895
2024.10.30 17:00,0.006572,0.006572,0.006564,0.006566,5354,153.078003,153.259995,153.078003,153.231003,0,-0.925463,-0.928894,-0.91968
2024.10.30 18:00,0.006566,0.006568,0.006564,0.006565,4211,153.225006,153.264999,153.160004,153.242004,0,-0.918873,-0.91824,-0.919078
2024.10.30 19:00,0.006565,0.006566,0.006557,0.006563,6946,153.242004,153.432007,153.233002,153.298004,0,-0.923235,-0.921679,-0.928659
2024.10.30 20:00,0.006563,0.006564,0.006557,0.006558,2215,153.298996,153.429001,153.261993,153.401993,0,-0.920229,-0.927462,-0.916481
2024.10.30 22:00,0.006559,0.006562,0.006557,0.00656,0,153.309998,153.335999,153.235001,153.294998,0,-0.838858,-0.842441,-0.844354
2024.10.30 23:00,0.006559,0.006564,0.006557,0.006562,2531,153.296005,153.356003,153.199997,153.240997,0,-0.847231,-0.842262,-0.848437
2024.10.31 00:00,0.006562,0.006566,0.006547,0.006549,5511,153.233994,153.578995,153.154007,153.524002,0,-0.848943,-0.842684,-0.840589
2024.10.31 01:00,0.006549,0.006555,0.006549,0.006551,3697,153.522995,153.557007,153.389008,153.490005,0,-0.850284,-0.833703,-0.853203
2024.10.31 02:00,0.006551,0.006564,0.006545,0.006555,4601,153.485001,153.615997,153.175003,153.397003,0,-0.839278,-0.840472,-0.841698
2024.10.31 03:00,0.006555,0.006574,0.006555,0.006569,5019,153.397995,153.408997,152.936996,153.050995,0,-0.842062,-0.834172,-0.820822
2024.10.31 04:00,0.006576,0.00658,0.006574,0.006576,3359,153.050995,153.078003,152.815994,152.917007,0,-0.963618,-0.840306,-0.837321
2024.10.31 05:00,0.006576,0.00658,0.006568,0.00658,3294,152.917007,153.085007,152.826004,152.839996,0,-0.843243,-0.838775,-0.852767
2024.10.31 06:00,0.00658,0.006613,0.006574,0.006608,15108,152.839996,152.962997,152.048996,152.171005,0,-0.848613,-0.831693,-0.839287
2024.10.31 07:00,0.006607,0.006613,0.006591,0.006604,14487,152.171997,152.587006,152.048004,152.248993,0,-0.85345,-0.842136,-0.825613
2024.10.31 08:00,0.006605,0.006619,0.006597,0.006598,10664,152.251007,152.442993,151.916,152.399002,0,-0.847451,-0.835774,-0.837922
2024.10.31 09:00,0.006597,0.006602,0.006591,0.006591,8065,152.399002,152.569,152.298996,152.554001,0,-0.835445,-0.829744,-0.84346
2024.10.31 10:00,0.006591,0.006605,0.006591,0.006595,4136,152.552002,152.563004,152.240005,152.462997,0,-0.840961,-0.828092,-0.844465
2024.10.31 11:00,0.006595,0.006595,0.006578,0.006584,7836,152.462997,152.847,152.460999,152.722,0,-0.836661,-0.830979,-0.838643
2024.10.31 12:00,0.006584,0.006591,0.006572,0.006586,14179,152.718002,152.979996,152.559006,152.690002,0,-0.830887,-0.848464,-0.841248
2024.10.31 13:00,0.006585,0.006591,0.006572,0.006574,11851,152.688004,152.990997,152.556,152.964996,0,-0.830321,-0.833958,-0.839039
2024.10.31 14:00,0.006574,0.006595,0.00657,0.006589,13211,152.962997,153.050003,152.464005,152.584,0,-0.843006,-0.833985,-0.827412
2024.10.31 15:00,0.00659,0.006612,0.006584,0.006601,21533,152.585007,152.710007,152.074997,152.356003,0,-0.838186,-0.834829,-0.863809
2024.10.31 16:00,0.006601,0.006605,0.006593,0.006597,9116,152.356003,152.509995,152.223999,152.444,0,-0.845472,-0.835002,-0.848458
2024.10.31 17:00,0.006596,0.006608,0.006595,0.006608,5649,152.445007,152.490005,152.154007,152.173004,0,-0.848487,-0.822288,-0.841286
2024.10.31 18:00,0.006607,0.006622,0.006607,0.006613,9638,152.169998,152.173996,151.828003,152.052002,0,-0.830823,-0.827621,-0.834699
2024.10.31 19:00,0.006613,0.006619,0.006609,0.006618,4417,152.048004,152.147003,151.906998,151.934006,0,-0.838177,-0.826771,-0.830956
2024.10.31 20:00,0.006618,0.006619,0.006611,0.006615,2371,151.925995,152.093002,151.906998,152.018997,0,-0.841394,-0.826771,-0.835995
2024.10.31 22:00,0.006614,0.006615,0.006608,0.006611,0,152.041,152.136993,152.013,152.061005,0,-0.805275,-0.829998,-0.809396
2024.10.31 23:00,0.006612,0.006624,0.006611,0.006615,4983,152.057999,152.061005,151.778,151.927994,0,-0.809396,-0.800421,-0.756411
2024.11.01 00:00,0.006615,0.006619,0.006607,0.006613,5464,151.981003,152.164001,151.869003,152.028,0,-0.820829,-0.800191,-0.810697
2024.11.01 01:00,0.006613,0.006618,0.006601,0.006609,4299,152.020996,152.291,151.914001,152.113998,0,-0.810273,-0.810951,-0.805173
2024.11.01 02:00,0.006609,0.006609,0.006599,0.006601,3682,152.112,152.352997,152.108994,152.298004,0,-0.814889,-0.800168,-0.817277
2024.11.01 03:00,0.006601,0.006603,0.006596,0.006596,1711,152.298004,152.423004,152.240005,152.416,0,-0.815968,-0.805157,-0.808964
2024.11.01 04:00,0.006593,0.006595,0.006591,0.006593,2491,152.412003,152.541,152.412003,152.481995,0,-0.807445,-0.79347,-0.805978
2024.11.01 05:00,0.006593,0.006597,0.006586,0.006591,3029,152.481995,152.651993,152.401993,152.541,0,-0.814759,-0.806451,-0.807445
2024.11.01 06:00,0.006591,0.0066,0.006589,0.006597,3134,152.542007,152.570007,152.330994,152.395996,0,-0.81342,-0.815841,-0.823427
2024.11.01 07:00,0.006597,0.006605,0.006589,0.006591,9161,152.389008,152.580002,152.197998,152.542007,0,-0.823414,-0.809001,-0.808452
2024.11.01 08:00,0.006591,0.006591,0.006585,0.006586,5979,152.544998,152.692001,152.518005,152.641998,0,-0.831715,-0.807464,-0.816294
2024.11.01 09:00,0.006587,0.00659,0.006578,0.006581,4609,152.628006,152.832993,152.557999,152.776001,0,-0.822654,-0.812928,-0.823411
2024.11.01 10:00,0.00658,0.006586,0.006578,0.006585,3697,152.776993,152.848007,152.664001,152.671005,0,-0.814563,-0.815248,-0.810719
2024.11.01 11:00,0.006586,0.006589,0.00658,0.006586,3175,152.671005,152.800003,152.585999,152.669006,0,-0.812774,-0.817903,-0.820252
2024.11.01 12:00,0.006585,0.006624,0.006579,0.006613,36080,152.667999,152.820007,151.787003,152.037994,0,-0.821224,-0.820822,-0.820691
2024.11.01 13:00,0.006613,0.006615,0.006593,0.006595,25509,152.037003,152.488998,151.968994,152.363007,0,-0.812982,-0.808839,-0.732988
2024.11.01 14:00,0.006596,0.006606,0.006572,0.006575,28565,152.393005,152.960999,152.237,152.891998,0,-0.811889,-0.859464,-0.800744
2024.11.01 15:00,0.006576,0.00658,0.006568,0.006573,11833,152.893997,153.067993,152.798996,152.944,0,-0.814648,-0.811767,-0.806468
2024.11.01 16:00,0.006574,0.006578,0.00657,0.006576,6177,152.938004,153.044006,152.824005,152.886002,0,-0.825422,-0.802109,-0.806315
2024.11.01 17:00,0.006576,0.006577,0.006568,0.006574,4986,152.888,153.067993,152.854004,152.908005,0,-0.814648,-0.808999,-0.805181
2024.11.01 18:00,0.006575,0.006578,0.006572,0.006572,6109,152.906998,152.960999,152.847,152.960999,0,-0.811889,-0.813556,-0.811889
2024.11.01 19:00,0.006572,0.006574,0.00657,0.006572,3788,152.960007,153.020996,152.932999,152.968994,0,-0.813999,-0.807041,-0.808317
2024.11.01 20:00,0.006572,0.006574,0.006566,0.006572,3189,152.968002,153.093994,152.895996,152.945999,0,-0.805861,-0.770038,-0.785322
2024.11.04 00:00,0.006602,0.006615,0.006601,0.006611,5613,152.287003,152.287994,151.998001,152.067993,0,-0.807267,-0.814998,-0.816385
2024.11.04 01:00,0.006611,0.006628,0.006611,0.006624,8605,152.072006,152.078995,151.699997,151.785995,0,-0.815944,-0.81354,-0.819815
2024.11.04 02:00,0.006624,0.006625,0.006615,0.006623,5898,151.785004,151.964005,151.766998,151.807007,0,-0.80385,-0.8236,-0.818027
2024.11.04 03:00,0.006623,0.006632,0.006622,0.006626,5041,151.811005,151.811996,151.593994,151.733994,0,-0.811614,-0.821281,-0.813381
2024.11.04 04:00,0.006626,0.006628,0.00662,0.006622,1208,151.735001,151.856995,151.686996,151.817993,0,-0.810996,-0.811925,-0.794811
2024.11.04 05:00,0.006622,0.006622,0.006617,0.006621,1722,151.817993,151.962997,151.811996,151.854004,0,-0.825694,-0.811614,-0.819415
2024.11.04 06:00,0.006621,0.006623,0.006608,0.006608,2910,151.845993,152.154999,151.792007,152.147003,0,-0.82328,-0.803028,-0.815285
2024.11.04 07:00,0.006609,0.006611,0.006603,0.006607,6023,152.147003,152.279007,152.080002,152.177002,0,-0.821228,-0.816951,-0.810926
2024.11.04 08:00,0.006607,0.006615,0.006605,0.006611,5885,152.171997,152.227997,151.960999,152.089996,0,-0.816083,-0.800844,-0.815512
2024.11.04 09:00,0.00661,0.006623,0.006609,0.006619,5119,152.085999,152.141998,151.798004,151.884995,0,-0.844621,-0.809024,-0.804768
2024.11.04 10:00,0.006619,0.006626,0.006614,0.006623,2408,151.884995,152.011002,151.748001,151.809006,0,-0.816567,-0.815997,-0.820026
2024.11.04 11:00,0.006622,0.006635,0.006622,0.006634,4300,151.806,151.815002,151.528,151.550003,0,-0.81462,-0.812099,-0.811389
2024.11.04 12:00,0.006634,0.006634,0.006622,0.006623,5655,151.550995,151.824997,151.542007,151.809006,0,-0.813221,-0.814746,-0.820026
2024.11.04 13:00,0.006622,0.006626,0.006611,0.006622,9995,151.809998,152.067001,151.723999,151.828003,0,-0.815393,-0.803387,-0.816227
2024.11.04 14:00,0.006622,0.00663,0.006615,0.006622,7244,151.830994,151.970001,151.621994,151.811005,0,-0.809846,-0.803802,-0.810622
2024.11.04 15:00,0.006622,0.006628,0.006609,0.006615,10342,151.815002,152.104004,151.697998,151.988007,0,-0.806627,-0.811541,-0.816423
2024.11.04 16:00,0.006615,0.006617,0.006607,0.006613,8104,151.990997,152.156006,151.923004,152.022003,0,-0.812833,-0.808535,-0.816135
2024.11.04 17:00,0.006613,0.006619,0.006609,0.006614,4508,152.018005,152.113998,151.886993,152.007996,0,-0.816622,-0.795361,-0.813561
2024.11.04 18:00,0.006614,0.006615,0.006606,0.006612,4629,152.011002,152.197998,151.981003,152.056,0,-0.820463,-0.798,-0.815832
2024.11.04 19:00,0.006611,0.006611,0.006607,0.006607,6321,152.061005,152.171997,152.056,152.149002,0,-0.805921,-0.804391,-0.805829
2024.11.04 20:00,0.006607,0.006609,0.006607,0.006607,2828,152.147995,152.179993,152.097,152.149002,0,-0.813917,-0.799623,-0.805829
2024.11.04 21:00,0.006607,0.006609,0.006606,0.006609,1239,152.149002,152.194,152.112,152.119003,0,-0.816465,-0.791733,-0.798737
2024.11.04 23:00,0.006607,0.006609,0.006601,0.006601,0,152.112,152.264999,152.093002,152.246994,0,-0.761327,-0.772736,-0.743322
2024.11.05 00:00,0.006601,0.006609,0.006595,0.006601,6560,152.272995,152.399002,152.106995,152.281006,0,-0.78047,-0.786729,-0.788812
2024.11.05 01:00,0.006601,0.006603,0.006594,0.006601,3209,152.274002,152.445007,152.218994,152.274994,0,-0.791988,-0.784146,-0.794267
2024.11.05 02:00,0.006601,0.006606,0.006601,0.006602,2151,152.268997,152.294006,152.160004,152.255005,0,-0.790334,-0.782468,-0.785753
2024.11.05 03:00,0.006602,0.006603,0.006595,0.006597,1543,152.251007,152.417007,152.246002,152.378006,0,-0.786988,-0.811154,-0.793957
2024.11.05 04:00,0.006597,0.006597,0.006592,0.006593,0,152.380997,152.498001,152.378998,152.464005,0,-0.79897,-0.783456,-0.787988
2024.11.05 05:00,0.006593,0.006597,0.006589,0.006595,1678,152.466003,152.544006,152.350998,152.427002,0,-0.787419,-0.778429,-0.796983
2024.11.05 06:00,0.006595,0.006601,0.006594,0.006598,1948,152.427002,152.447006,152.259995,152.345993,0,-0.793986,-0.779267,-0.784913
2024.11.05 07:00,0.006599,0.006605,0.006597,0.006601,3593,152.343002,152.367004,152.175995,152.266998,0,-0.782955,-0.786998,-0.786271
2024.11.05 08:00,0.006601,0.006605,0.006597,0.006605,4149,152.270996,152.386002,152.164993,152.184998,0,-0.79046,-0.775997,-0.796001
2024.11.05 09:00,0.006605,0.006609,0.006603,0.006605,3708,152.188004,152.246002,152.082001,152.184006,0,-0.799695,-0.784624,-0.795009
2024.11.05 10:00,0.006605,0.006607,0.006601,0.006602,3574,152.179993,152.272003,152.134995,152.255005,0,-0.791276,-0.780366,-0.785753
2024.11.05 11:00,0.006602,0.006607,0.006601,0.006607,2071,152.253006,152.264008,152.136993,152.154007,0,-0.78328,-0.782365,-0.787931
2024.11.05 12:00,0.006607,0.006609,0.006599,0.006601,3075,152.153,152.339996,152.080002,152.287994,0,-0.790403,-0.782625,-0.784322
2024.11.05 13:00,0.006601,0.006615,0.006599,0.006611,8636,152.289001,152.322998,151.955002,152.037994,0,-0.796364,-0.783419,-0.786386
2024.11.05 14:00,0.006611,0.006623,0.006609,0.006621,9263,152.044998,152.117004,151.768005,151.811996,0,-0.796738,-0.779025,-0.777407
2024.11.05 15:00,0.00662,0.006622,0.006603,0.006611,19214,151.802002,152.233994,151.798004,152.042007,0,-0.787686,-0.786228,-0.778957
2024.11.05 16:00,0.006611,0.006617,0.006609,0.006615,6316,152.042007,152.095993,151.897995,151.960999,0,-0.787167,-0.783525,-0.789415
2024.11.05 17:00,0.006615,0.006632,0.006615,0.006627,5898,151.959,151.962006,151.589996,151.679993,0,-0.790422,-0.794552,-0.782149
2024.11.05 18:00,0.006627,0.006641,0.006626,0.006633,5550,151.679993,151.697998,151.363998,151.556,0,-0.788766,-0.784267,-0.794655
2024.11.05 19:00,0.006633,0.006642,0.00663,0.006638,4847,151.550003,151.628998,151.332001,151.451004,0,-0.788061,-0.786271,-0.791873
2024.11.05 20:00,0.006638,0.00664,0.006633,0.006634,3564,151.453003,151.546005,151.386993,151.528,0,-0.78466,-0.784579,-0.789386
2024.11.05 21:00,0.006634,0.006635,0.006628,0.00663,2393,151.524002,151.654999,151.496002,151.608994,0,-0.7913,-0.780102,-0.779435
2024.11.05 23:00,0.00663,0.006639,0.006617,0.006636,0,151.576004,151.906006,151.395996,151.460999,0,-0.768702,-0.770903,-0.779161
2024.11.06 00:00,0.006638,0.006644,0.006572,0.006573,20359,151.442001,152.921005,151.281998,152.916,0,-0.771896,-0.770254,-0.778468
2024.11.06 01:00,0.006573,0.006584,0.006564,0.006573,15018,152.917007,153.123993,152.682007,152.925003,0,-0.766258,-0.810186,-0.787471
2024.11.06 02:00,0.006572,0.006574,0.006522,0.006524,21581,152.925003,154.112,152.867996,154.050995,0,-0.784795,-0.765172,-0.770795
2024.11.06 03:00,0.006524,0.006544,0.006513,0.006529,21061,154.048996,154.337997,153.705002,153.936005,0,-0.798922,-0.893266,-0.761462
2024.11.06 04:00,0.006529,0.006543,0.006522,0.006539,12665,153.934998,154.089005,153.440994,153.556,0,-0.773557,-0.617579,-0.639107
2024.11.06 05:00,0.006552,0.006564,0.006536,0.006537,17001,153.556,153.772003,153.125,153.746002,0,-0.773226,-0.767265,-0.770636
2024.11.06 06:00,0.006537,0.006541,0.00651,0.006524,13349,153.742004,154.380997,153.660004,154.048996,0,-0.78296,-0.766496,-0.768796
2024.11.06 07:00,0.006524,0.006539,0.00652,0.006529,18826,154.046997,154.134003,153.690002,153.940002,0,-0.771529,-0.773109,-0.777193
2024.11.06 08:00,0.006529,0.006534,0.00652,0.006531,12569,153.936996,154.141006,153.809998,153.897995,0,-0.778533,-0.764388,-0.770364
2024.11.06 09:00,0.006531,0.006535,0.006525,0.006526,8986,153.899994,154.033005,153.792999,153.996002,0,-0.776302,-0.770815,-0.77452
2024.11.06 10:00,0.006526,0.006531,0.006518,0.006526,6850,153.998001,154.181,153.867996,154.0,0,-0.771471,-0.763804,-0.766776
2024.11.06 11:00,0.006526,0.006529,0.006516,0.006518,7733,153.996994,154.253998,153.929993,154.218994,0,-0.773838,-0.75545,-0.785933
2024.11.06 12:00,0.006517,0.006522,0.006508,0.006509,7958,154.214996,154.457993,154.112,154.404999,0,-0.789151,-0.773048,-0.771567
2024.11.06 13:00,0.006508,0.006524,0.006508,0.006514,11800,154.406006,154.438995,154.054001,154.302002,0,-0.770153,-0.773801,-0.774715
2024.11.06 14:00,0.006514,0.006518,0.006506,0.006514,10658,154.307007,154.477997,154.205994,154.287994,0,-0.785532,-0.772932,-0.784269
2024.11.06 15:00,0.006514,0.006528,0.006511,0.006512,19540,154.281998,154.369003,153.975006,154.347,0,-0.782764,-0.777003,-0.772557
2024.11.06 16:00,0.006512,0.006518,0.006498,0.006502,11286,154.354004,154.666,154.203995,154.582993,0,-0.772497,-0.770933,-0.772334
2024.11.06 17:00,0.006502,0.006507,0.006497,0.006498,8155,154.584,154.682999,154.460999,154.666,0,-0.77765,-0.780346,-0.78433
2024.11.06 18:00,0.006498,0.006512,0.006497,0.006508,8024,154.662994,154.697998,154.348007,154.429001,0,-0.768965,-0.773564,-0.771968
2024.11.06 19:00,0.006508,0.00651,0.006503,0.006508,8536,154.423004,154.559006,154.367996,154.442001,0,-0.783823,-0.769959,-0.784968
2024.11.06 20:00,0.006508,0.00651,0.006502,0.006502,4750,154.445999,154.572006,154.397003,154.557999,0,-0.773179,-0.775375,-0.770989
2024.11.06 21:00,0.006502,0.006503,0.006498,0.006499,1400,154.559006,154.660004,154.554001,154.615997,0,-0.778333,-0.778818,-0.746169
2024.11.06 23:00,0.0065,0.006514,0.006499,0.00651,0,154.520996,154.546005,154.207001,154.307999,0,-0.676177,-0.69149,-0.709962
2024.11.07 00:00,0.00651,0.006514,0.006493,0.006499,7131,154.307007,154.712997,154.218994,154.569,0,-0.700981,-0.715269,-0.699172
2024.11.07 01:00,0.006498,0.006507,0.006495,0.006502,4309,154.574005,154.671005,154.376007,154.511993,0,-0.706414,-0.695354,-0.713166
2024.11.07 02:00,0.006502,0.006509,0.006501,0.006504,4330,154.507004,154.526993,154.322998,154.436996,0,-0.704502,-0.689567,-0.697274
2024.11.07 03:00,0.006504,0.006512,0.0065,0.00651,2529,154.436005,154.524994,154.272003,154.315994,0,-0.690668,-0.69756,-0.694366
2024.11.07 04:00,0.00651,0.006526,0.006508,0.006518,4532,154.320007,154.375,153.929001,154.171005,0,-0.706158,-0.695777,-0.737944
2024.11.07 05:00,0.006514,0.006523,0.006511,0.00652,3155,154.171005,154.287994,153.985001,154.003006,0,-0.701755,-0.681308,-0.640532
2024.11.07 06:00,0.006522,0.006526,0.006515,0.006526,3009,154.007996,154.201004,153.927994,153.932007,0,-0.709063,-0.69477,-0.68705
2024.11.07 07:00,0.006526,0.006537,0.006523,0.006523,7846,153.931,154.007004,153.647995,154.001007,0,-0.703311,-0.68432,-0.697314
2024.11.07 08:00,0.006524,0.006531,0.00652,0.006522,6026,154.0,154.072006,153.809998,154.035995,0,-0.697769,-0.694092,-0.697044
2024.11.07 09:00,0.006521,0.006528,0.006518,0.006526,4292,154.042007,154.134003,153.891998,153.942993,0,-0.700941,-0.693995,-0.698036
2024.11.07 10:00,0.006526,0.006529,0.006522,0.006522,1893,153.945007,154.039993,153.871994,154.014999,0,-0.701042,-0.697452,-0.699552
2024.11.07 11:00,0.006522,0.006524,0.006518,0.00652,2332,154.014999,154.100998,153.981003,154.065994,0,-0.691469,-0.689063,-0.703521
2024.11.07 12:00,0.00652,0.006534,0.006518,0.006533,5503,154.063004,154.110001,153.735001,153.763,0,-0.688701,-0.689391,-0.69397
2024.11.07 13:00,0.006533,0.006547,0.006532,0.006545,15296,153.761002,153.785995,153.447006,153.496002,0,-0.693526,-0.705288,-0.695944
2024.11.07 14:00,0.006545,0.006562,0.006542,0.006557,19672,153.5,153.557999,153.082001,153.222,0,-0.699545,-0.689441,-0.701606
2024.11.07 15:00,0.006557,0.006572,0.006553,0.006568,22039,153.223999,153.285004,152.848007,152.960999,0,-0.694784,-0.687331,-0.696059
2024.11.07 16:00,0.006568,0.006569,0.006556,0.00656,10152,152.960999,153.227005,152.923996,153.132004,0,-0.694975,-0.693823,-0.704592
2024.11.07 17:00,0.00656,0.006568,0.006557,0.006565,4983,153.134003,153.201004,152.953995,153.013,0,-0.703863,-0.689055,-0.690074
2024.11.07 18:00,0.006565,0.006572,0.006564,0.006567,7754,153.011993,153.026993,152.858994,152.962006,0,-0.692462,-0.686737,-0.68547
2024.11.07 19:00,0.006567,0.006572,0.006546,0.006562,16966,152.957001,153.472,152.847,153.076004,0,-0.706953,-0.686323,-0.695047
2024.11.07 20:00,0.006562,0.00658,0.00656,0.006572,7676,153.080994,153.145004,152.686996,152.850998,0,-0.705983,-0.699767,-0.701889
2024.11.07 21:00,0.006572,0.006574,0.006568,0.006568,1337,152.848999,152.962997,152.794006,152.923004,0,-0.698058,-0.691182,-0.681241
2024.11.07 23:00,0.006569,0.006569,0.006557,0.006558,0,152.929001,153.188004,152.912003,153.151993,0,-0.690863,-0.68183,-0.666481
2024.11.08 00:00,0.006559,0.006567,0.006555,0.00656,5932,153.169998,153.237,152.964996,153.130997,0,-0.693333,-0.688461,-0.691975
2024.11.08 01:00,0.00656,0.006564,0.00655,0.006562,4031,153.126999,153.365997,153.042007,153.093002,0,-0.694243,-0.695881,-0.688827
2024.11.08 02:00,0.006562,0.006568,0.006557,0.00656,4537,153.089996,153.188995,152.955002,153.121994,0,-0.691854,-0.690062,-0.682973
2024.11.08 03:00,0.00656,0.006576,0.00656,0.006574,3045,153.125,153.130997,152.727005,152.809998,0,-0.691975,-0.658873,-0.68404
2024.11.08 04:00,0.006574,0.006586,0.006572,0.006577,3319,152.811005,152.839005,152.546997,152.735992,0,-0.689895,-0.698243,-0.690988
2024.11.08 05:00,0.006577,0.006578,0.006569,0.006574,1652,152.731003,152.917007,152.707001,152.804001,0,-0.686835,-0.685105,-0.689616
2024.11.08 06:00,0.006574,0.00658,0.006568,0.006576,2702,152.800995,152.955994,152.658997,152.766006,0,-0.702648,-0.683308,-0.697875
2024.11.08 07:00,0.006576,0.006582,0.00657,0.006581,3790,152.759995,152.897995,152.608002,152.636993,0,-0.690998,-0.690036,-0.684404
2024.11.08 08:00,0.006581,0.006595,0.006577,0.006594,8145,152.638,152.746994,152.317001,152.348007,0,-0.701989,-0.686982,-0.694987
2024.11.08 09:00,0.006594,0.006598,0.006589,0.006597,2929,152.347,152.447998,152.25,152.281006,0,-0.69141,-0.68892,-0.685464
2024.11.08 10:00,0.006597,0.006603,0.006591,0.006601,4172,152.276001,152.397995,152.138,152.177002,0,-0.687454,-0.691693,-0.696275
2024.11.08 11:00,0.006601,0.006603,0.006589,0.006591,4897,152.179001,152.447006,152.136002,152.425995,0,-0.690418,-0.678223,-0.703953
2024.11.08 12:00,0.006591,0.006593,0.006585,0.006593,4586,152.425003,152.546997,152.356995,152.367996,0,-0.68671,-0.692472,-0.69198
2024.11.08 13:00,0.006593,0.006595,0.006574,0.006577,9794,152.373993,152.817001,152.328003,152.740005,0,-0.691044,-0.686484,-0.695001
2024.11.08 14:00,0.006576,0.006586,0.006572,0.006578,10704,152.740997,152.858994,152.529999,152.701996,0,-0.698317,-0.692765,-0.6801
2024.11.08 15:00,0.006578,0.006593,0.006574,0.006591,14970,152.692993,152.789993,152.376999,152.421005,0,-0.687169,-0.689476,-0.68745
2024.11.08 16:00,0.006591,0.006591,0.006578,0.006583,9477,152.421997,152.718002,152.404999,152.589005,0,-0.696106,-0.682957,-0.68258
2024.11.08 17:00,0.006584,0.006584,0.006574,0.00658,6152,152.589996,152.813995,152.570007,152.654999,0,-0.699611,-0.68665,-0.690861
2024.11.08 18:00,0.00658,0.006585,0.006574,0.00658,3700,152.654999,152.815994,152.539993,152.694,0,-0.690037,-0.679707,-0.706771
2024.11.08 19:00,0.00658,0.00658,0.006574,0.00658,4056,152.688995,152.796997,152.651993,152.671997,0,-0.694173,-0.687855,-0.684768
2024.11.08 20:00,0.00658,0.006587,0.006576,0.006586,3162,152.669998,152.753998,152.490005,152.514008,0,-0.685866,-0.675828,-0.676774
2024.11.08 21:00,0.006586,0.00659,0.006581,0.006582,1956,152.513,152.636993,152.427994,152.608002,0,-0.684404,-0.682923,-0.666959
2024.11.11 00:00,0.006568,0.00657,0.006559,0.006559,5072,152.906998,153.147003,152.865005,153.139999,0,-0.67312,-0.669583,-0.666116
2024.11.11 01:00,0.006559,0.006564,0.006554,0.006555,3193,153.139008,153.222,153.024994,153.222,0,-0.643424,-0.678867,-0.678334
2024.11.11 02:00,0.006555,0.006559,0.006547,0.006548,3911,153.216995,153.432999,153.126007,153.389999,0,-0.679622,-0.663739,-0.671613
2024.11.11 03:00,0.006548,0.006551,0.006545,0.006545,2043,153.382996,153.460999,153.304001,153.449005,0,-0.672605,-0.667199,-0.672286
2024.11.11 04:00,0.006546,0.006546,0.006537,0.006541,4207,153.445999,153.643997,153.438995,153.570007,0,-0.668631,-0.673948,-0.6765
2024.11.11 05:00,0.006541,0.006545,0.006537,0.006543,3189,153.570007,153.671005,153.468002,153.524002,0,-0.683934,-0.667944,-0.677233
2024.11.11 06:00,0.006543,0.006548,0.00654,0.006547,2301,153.528,153.589005,153.391998,153.399994,0,-0.683805,-0.673612,-0.669942
2024.11.11 07:00,0.006548,0.006551,0.006537,0.006537,3934,153.395004,153.666,153.311996,153.632996,0,-0.678929,-0.663542,-0.669321
2024.11.11 08:00,0.006537,0.006539,0.006528,0.006532,8941,153.638,153.854996,153.608002,153.761002,0,-0.668718,-0.667727,-0.668532
2024.11.11 09:00,0.006533,0.006539,0.006529,0.006539,3176,153.763,153.854004,153.591003,153.617004,0,-0.679462,-0.662426,-0.676729
2024.11.11 10:00,0.006538,0.006541,0.006533,0.006535,1653,153.621002,153.75,153.550003,153.682007,0,-0.680969,-0.679863,-0.659823
2024.11.11 11:00,0.006535,0.006535,0.006531,0.006532,1879,153.684998,153.776993,153.679993,153.753998,0,-0.672801,-0.669507,-0.661528
2024.11.11 12:00,0.006533,0.006533,0.006529,0.006531,2246,153.751007,153.850998,153.731995,153.789001,0,-0.676456,-0.662964,-0.673096
2024.11.11 13:00,0.006531,0.006535,0.006524,0.006531,6848,153.792007,153.951996,153.716003,153.774994,0,-0.671796,-0.682108,-0.670802
2024.11.11 14:00,0.006532,0.006537,0.006526,0.006529,6897,153.776001,153.912003,153.639999,153.845001,0,-0.678778,-0.664633,-0.670459
2024.11.11 15:00,0.006529,0.006531,0.006524,0.006528,7141,153.845001,153.947998,153.798004,153.858994,0,-0.667798,-0.670373,-0.672716
2024.11.11 16:00,0.006529,0.006531,0.006526,0.006529,4153,153.858002,153.908997,153.766998,153.822006,0,-0.675772,-0.662806,-0.670917
2024.11.11 17:00,0.00653,0.006531,0.006526,0.006527,2955,153.824005,153.910995,153.770004,153.878006,0,-0.677771,-0.665812,-0.668264
2024.11.11 18:00,0.006528,0.006533,0.006528,0.00653,2684,153.878006,153.880997,153.742996,153.806,0,-0.682994,-0.673966,-0.666641
2024.11.11 19:00,0.00653,0.006534,0.00653,0.006533,4289,153.802002,153.811996,153.720993,153.764008,0,-0.672637,-0.675384,-0.683258
2024.11.11 20:00,0.006532,0.006538,0.006532,0.006537,2573,153.764999,153.768005,153.623993,153.647995,0,-0.675535,-0.672019,-0.672628
2024.11.11 21:00,0.006537,0.006538,0.006534,0.006535,1497,153.645004,153.733002,153.625,153.697006,0,-0.687392,-0.673026,-0.66311
2024.11.11 23:00,0.006533,0.006544,0.006531,0.006542,0,153.714005,153.770004,153.464996,153.473007,0,-0.654099,-0.65326,-0.614554
2024.11.12 00:00,0.006542,0.006543,0.006529,0.006532,5452,153.518005,153.813004,153.479996,153.764999,0,-0.650194,-0.65658,-0.672529
2024.11.12 01:00,0.006531,0.006533,0.006523,0.006523,3681,153.768997,153.966003,153.733994,153.962006,0,-0.662311,-0.653244,-0.658313
2024.11.12 02:00,0.006524,0.006533,0.006519,0.006529,4120,153.957993,154.061005,153.735992,153.807007,0,-0.663245,-0.666962,-0.655918
2024.11.12 03:00,0.006529,0.006539,0.006529,0.006536,3964,153.809006,153.815994,153.572998,153.651993,0,-0.664905,-0.64442,-0.653215
2024.11.12 04:00,0.006537,0.006543,0.006536,0.006543,0,153.656006,153.656006,153.479996,153.503006,0,-0.657229,-0.65658,-0.656237
2024.11.12 05:00,0.006544,0.006547,0.006538,0.006538,3268,153.496994,153.615005,153.403,153.610992,0,-0.663031,-0.661281,-0.659018
2024.11.12 06:00,0.006539,0.006539,0.006529,0.00653,4174,153.613998,153.830994,153.606995,153.774994,0,-0.656451,-0.66672,-0.635635
2024.11.12 07:00,0.006531,0.006534,0.006526,0.006529,4451,153.783997,153.891998,153.695007,153.822998,0,-0.658774,-0.649398,-0.660189
2024.11.12 08:00,0.006529,0.006533,0.006524,0.006524,4996,153.822998,153.949005,153.701004,153.934006,0,-0.657065,-0.64368,-0.653806
2024.11.12 09:00,0.006524,0.006526,0.006514,0.006517,5744,153.934998,154.167007,153.880005,154.104004,0,-0.663283,-0.658523,-0.659168
2024.11.12 10:00,0.006517,0.006522,0.006516,0.006519,3701,154.102005,154.123993,153.973999,154.044998,0,-0.655602,-0.646795,-0.647239
2024.11.12 11:00,0.006518,0.006524,0.006516,0.006518,2924,154.050995,154.139008,153.927994,154.072006,0,-0.658848,-0.647794,-0.650707
2024.11.12 12:00,0.006518,0.006521,0.006513,0.006518,3584,154.072998,154.190002,153.996002,154.074005,0,-0.650927,-0.645291,-0.664477
2024.11.12 13:00,0.006518,0.006519,0.006504,0.006505,8483,154.070007,154.397003,154.052002,154.376007,0,-0.65728,-0.654243,-0.648104
2024.11.12 14:00,0.006505,0.006509,0.0065,0.006504,11441,154.382004,154.496994,154.285004,154.414993,0,-0.650843,-0.651572,-0.651636
2024.11.12 15:00,0.006504,0.006508,0.006498,0.0065,10216,154.414001,154.550003,154.322998,154.516998,0,-0.6565,-0.654156,-0.65901
2024.11.12 16:00,0.0065,0.006502,0.006489,0.00649,8762,154.520004,154.768005,154.455994,154.740997,0,-0.649184,-0.657166,-0.657794
2024.11.12 17:00,0.006491,0.006491,0.006483,0.006488,14068,154.744995,154.925003,154.707001,154.779007,0,-0.663533,-0.64753,-0.648305
2024.11.12 18:00,0.006489,0.006491,0.006485,0.006491,5448,154.778,154.856003,154.716995,154.729996,0,-0.665884,-0.669393,-0.658665
2024.11.12 19:00,0.006491,0.006493,0.006489,0.00649,4384,154.729004,154.764999,154.664001,154.748001,0,-0.669921,-0.663847,-0.664798
2024.11.12 20:00,0.006489,0.006498,0.006489,0.006497,7222,154.748993,154.785004,154.542007,154.578003,0,-0.666182,-0.660337,-0.660807
2024.11.12 21:00,0.006497,0.0065,0.006493,0.006496,2891,154.576996,154.669998,154.507996,154.602005,0,-0.657982,-0.650007,-0.661121
2024.11.12 23:00,0.006497,0.006499,0.006493,0.006493,0,154.520004,154.664993,154.488998,154.660995,0,-0.641124,-0.61917,-0.648979
2024.11.13 00:00,0.006493,0.006493,0.006481,0.006481,6621,154.653,154.931,154.647995,154.931,0,-0.645723,-0.635978,-0.645723
2024.11.13 01:00,0.006481,0.006495,0.006481,0.006495,4652,154.932007,154.938995,154.591995,154.600006,0,-0.641824,-0.639258,-0.647269
2024.11.13 02:00,0.006495,0.006498,0.006487,0.006489,2179,154.602005,154.807007,154.533005,154.733994,0,-0.640665,-0.639502,-0.638915
2024.11.13 03:00,0.006489,0.006491,0.006483,0.006487,1339,154.737,154.897995,154.686005,154.802994,0,-0.648414,-0.638403,-0.648526
2024.11.13 04:00,0.006487,0.006489,0.006483,0.006485,1361,154.804001,154.891006,154.746002,154.845001,0,-0.641425,-0.639048,-0.63111
2024.11.13 05:00,0.006486,0.006488,0.006481,0.006483,2105,154.848007,154.936005,154.770004,154.914993,0,-0.650728,-0.639302,-0.653523
2024.11.13 06:00,0.006483,0.006483,0.006472,0.006477,5070,154.908997,155.154999,154.889999,155.037994,0,-0.643254,-0.640418,-0.645533
2024.11.13 07:00,0.006477,0.006481,0.006473,0.006474,2894,155.041,155.119995,154.921997,155.113998,0,-0.64405,-0.636721,-0.649987
2024.11.13 08:00,0.006474,0.00648,0.006469,0.006478,4532,155.112,155.238007,154.962006,155.007004,0,-0.64266,-0.641018,-0.638371
2024.11.13 09:00,0.006478,0.006487,0.006476,0.006483,3895,155.005005,155.065002,154.792007,154.895004,0,-0.648695,-0.63754,-0.645423
2024.11.13 10:00,0.006483,0.006484,0.006479,0.006479,1644,154.895004,155.0,154.867996,154.992996,0,-0.643284,-0.64221,-0.648195
2024.11.13 11:00,0.006479,0.006487,0.006477,0.006487,3284,154.988998,155.031998,154.796005,154.819,0,-0.651446,-0.629663,-0.652658
2024.11.13 12:00,0.006487,0.006489,0.006481,0.006482,4788,154.817993,154.962006,154.746994,154.921997,0,-0.652927,-0.640039,-0.648625
2024.11.13 13:00,0.006481,0.006504,0.006475,0.0065,29531,154.919998,155.069,154.406998,154.509003,0,-0.640767,-0.643641,-0.651014
2024.11.13 14:00,0.0065,0.006506,0.006483,0.006485,15562,154.509995,154.882996,154.335007,154.835999,0,-0.645313,-0.630738,-0.64588
2024.11.13 15:00,0.006485,0.006487,0.006473,0.006479,13593,154.835007,155.139008,154.792999,154.983002,0,-0.639202,-0.638532,-0.6382
2024.11.13 16:00,0.006479,0.006479,0.006465,0.006466,6948,154.988007,155.300003,154.977997,155.279999,0,-0.620964,-0.645097,-0.636838
2024.11.13 17:00,0.006467,0.006469,0.00646,0.006461,5690,155.278,155.432007,155.216003,155.412003,0,-0.645224,-0.632609,-0.637202
2024.11.13 18:00,0.006462,0.006462,0.006453,0.006454,4981,155.412003,155.615997,155.399002,155.591995,0,-0.649315,-0.636181,-0.649319
2024.11.13 19:00,0.006454,0.00646,0.006452,0.006456,5557,155.595993,155.628006,155.423004,155.544998,0,-0.6373,-0.636222,-0.638333
2024.11.13 20:00,0.006456,0.006458,0.006454,0.006454,2318,155.544006,155.598007,155.494995,155.589005,0,-0.643335,-0.648289,-0.634332
2024.11.13 21:00,0.006454,0.00646,0.006454,0.006458,2973,155.589996,155.593994,155.410004,155.445999,0,-0.639321,-0.623221,-0.599293
2024.11.13 23:00,0.006459,0.006462,0.006456,0.006458,0,155.401993,155.475006,155.315002,155.419006,0,-0.58033,-0.552181,-0.5723
2024.11.14 00:00,0.006459,0.006459,0.006444,0.006446,5231,155.410004,155.774994,155.397995,155.716003,0,-0.591882,-0.575268,-0.569003
2024.11.14 01:00,0.006446,0.006447,0.006438,0.00644,5118,155.716995,155.921005,155.699997,155.863998,0,-0.5812,-0.589092,-0.584499
2024.11.14 02:00,0.00644,0.006442,0.006432,0.006434,3164,155.869003,156.063004,155.830002,156.005005,0,-0.590369,-0.586659,-0.580699
2024.11.14 03:00,0.006435,0.006442,0.006435,0.006437,1669,156.009995,156.011002,155.807007,155.947998,0,-0.598776,-0.587755,-0.584064
2024.11.14 04:00,0.006437,0.006437,0.006429,0.006433,1699,155.945999,156.134995,155.938004,156.054993,0,-0.577715,-0.586129,-0.594446
2024.11.14 05:00,0.00643,0.006436,0.006429,0.006434,1540,156.056,156.134003,155.947998,156.018005,0,-0.588813,-0.571991,-0.593699
2024.11.14 06:00,0.006434,0.006442,0.006433,0.006438,3183,156.014999,156.044006,155.807999,155.919006,0,-0.583459,-0.576708,-0.579201
2024.11.14 07:00,0.006438,0.006446,0.006436,0.006442,4823,155.919998,155.960007,155.697998,155.839996,0,-0.583999,-0.575059,-0.596653
2024.11.14 08:00,0.006441,0.006445,0.006437,0.006437,2780,155.832001,155.959,155.735992,155.942993,0,-0.595065,-0.576953,-0.579059
2024.11.14 09:00,0.006437,0.006438,0.006429,0.00643,2967,155.945007,156.147995,155.927002,156.108994,0,-0.590715,-0.587196,-0.588
2024.11.14 10:00,0.006431,0.006432,0.006425,0.006432,2443,156.108994,156.242004,156.048004,156.057007,0,-0.587871,-0.575369,-0.584372
2024.11.14 11:00,0.006433,0.006438,0.006429,0.006438,4135,156.057999,156.143005,155.893005,155.921997,0,-0.585726,-0.577321,-0.594259
2024.11.14 12:00,0.006438,0.00644,0.006433,0.006435,2959,155.916,156.029999,155.854996,155.994003,0,-0.581526,-0.575496,-0.593845
2024.11.14 13:00,0.006435,0.006444,0.006427,0.006434,12454,155.990997,156.195999,155.766006,156.020996,0,-0.590308,-0.594926,-0.59669
2024.11.14 14:00,0.006433,0.006454,0.006433,0.006442,11096,156.022003,156.026993,155.514999,155.800003,0,-0.590605,-0.584329,-0.580751
2024.11.14 15:00,0.006443,0.006449,0.006431,0.006437,9514,155.800995,156.076996,155.645996,155.951996,0,-0.592271,-0.583195,-0.588061
2024.11.14 16:00,0.006437,0.006446,0.006433,0.006435,6155,155.947998,156.041,155.710007,155.968002,0,-0.580453,-0.575044,-0.57992
2024.11.14 17:00,0.006435,0.006448,0.006433,0.006445,5368,155.970001,156.042007,155.669998,155.740005,0,-0.58146,-0.583154,-0.580966
2024.11.14 18:00,0.006446,0.006447,0.006437,0.006438,2167,155.742004,155.944,155.692001,155.888,0,-0.592126,-0.581096,-0.572316
2024.11.14 19:00,0.006439,0.00644,0.006435,0.006438,2786,155.891006,156.0,155.847,155.921005,0,-0.587774,-0.579547,-0.593267
2024.11.14 20:00,0.006438,0.00644,0.006417,0.006423,13632,155.919006,156.419006,155.882996,156.294998,0,-0.595084,-0.603496,-0.592393
2024.11.14 21:00,0.006422,0.006424,0.006419,0.006424,2169,156.294998,156.371002,156.233994,156.242996,0,-0.595627,-0.567742,-0.576745
2024.11.14 23:00,0.006422,0.006423,0.006411,0.006414,0,156.268005,156.535004,156.242004,156.501007,0,-0.565257,-0.563634,-0.592057
2024.11.15 00:00,0.006415,0.006416,0.006403,0.006407,7440,156.481003,156.748001,156.427994,156.628998,0,-0.571211,-0.567644,-0.549713
2024.11.15 01:00,0.006407,0.00642,0.006407,0.006411,4654,156.632004,156.645996,156.322998,156.550003,0,-0.566711,-0.559758,-0.580257
2024.11.15 02:00,0.006411,0.006421,0.006411,0.006417,2483,156.548996,156.556,156.320007,156.391998,0,-0.561928,-0.5689,-0.568076
2024.11.15 03:00,0.006418,0.006423,0.006413,0.006413,1549,156.386993,156.514999,156.270004,156.5,0,-0.581743,-0.567399,-0.566744
2024.11.15 04:00,0.006413,0.006421,0.006411,0.00642,2792,156.501007,156.548004,156.300003,156.356003,0,-0.578258,-0.561027,-0.592763
2024.11.15 05:00,0.006417,0.00642,0.006415,0.006415,1602,156.356003,156.455002,156.324005,156.449997,0,-0.570361,-0.560765,-0.565356
2024.11.15 06:00,0.006415,0.006433,0.006413,0.006429,3787,156.455002,156.505005,156.031006,156.097,0,-0.571748,-0.570459,-0.563909
2024.11.15 07:00,0.00643,0.006444,0.006427,0.006442,4585,156.098007,156.171997,155.755997,155.779999,0,-0.578403,-0.56084,-0.560747
2024.11.15 08:00,0.006443,0.006459,0.006442,0.006454,5942,155.779007,155.779999,155.386002,155.516006,0,-0.560747,-0.563275,-0.57333
2024.11.15 09:00,0.006454,0.006464,0.006445,0.00646,8059,155.516006,155.729996,155.259995,155.365997,0,-0.570956,-0.568989,-0.567232
2024.11.15 10:00,0.00646,0.006466,0.006456,0.006463,6473,155.365997,155.459,155.214005,155.298004,0,-0.552334,-0.570844,-0.571099
2024.11.15 11:00,0.006462,0.006465,0.006454,0.006455,3869,155.304001,155.511002,155.253998,155.494995,0,-0.568325,-0.574959,-0.576328
2024.11.15 12:00,0.006455,0.00646,0.006449,0.006459,3089,155.494003,155.630005,155.367004,155.391998,0,-0.567204,-0.568239,-0.569272
2024.11.15 13:00,0.006459,0.006469,0.006446,0.006462,17618,155.386002,155.722,155.149994,155.324997,0,-0.575,-0.554647,-0.562176
2024.11.15 14:00,0.006462,0.006471,0.006443,0.006452,21804,155.324997,155.781006,155.117996,155.544998,0,-0.573803,-0.570435,-0.554292
2024.11.15 15:00,0.006452,0.006482,0.00645,0.006477,19641,155.550003,155.598007,154.835007,154.949005,0,-0.571262,-0.561634,-0.568453
2024.11.15 16:00,0.006477,0.006495,0.006475,0.006493,22901,154.949005,155.016998,154.524002,154.595001,0,-0.576848,-0.559411,-0.571132
2024.11.15 17:00,0.006493,0.00651,0.006492,0.006506,15124,154.593994,154.606995,154.179993,154.281998,0,-0.57126,-0.558365,-0.565913
2024.11.15 18:00,0.006506,0.006524,0.006504,0.006521,12095,154.278,154.307007,153.856995,153.927994,0,-0.567284,-0.565055,-0.577282
2024.11.15 19:00,0.006521,0.006522,0.006503,0.006508,11207,153.923004,154.343002,153.908005,154.212997,0,-0.56782,-0.569053,-0.555965
2024.11.15 20:00,0.006508,0.00651,0.0065,0.006506,6169,154.214005,154.421005,154.169998,154.287994,0,-0.563017,-0.560172,-0.571909
2024.11.15 21:00,0.006505,0.006505,0.006497,0.006502,3577,154.287003,154.479996,154.233002,154.311996,0,-0.5628,-0.505099,-0.501338
2024.11.18 00:00,0.006489,0.006523,0.006489,0.006505,13745,154.636002,154.658997,153.834,154.268997,0,-0.552042,-0.530307,-0.541094
2024.11.18 01:00,0.006506,0.006512,0.006469,0.006491,20676,154.266998,155.138,154.089005,154.595993,0,-0.542654,-0.538138,-0.548391
2024.11.18 02:00,0.006491,0.006492,0.006477,0.006485,5709,154.595001,154.927002,154.580994,154.727997,0,-0.54645,-0.545259,-0.525987
2024.11.18 03:00,0.006485,0.00649,0.006479,0.006489,3079,154.729004,154.891998,154.615997,154.649002,0,-0.547197,-0.532794,-0.53018
2024.11.18 04:00,0.006489,0.006499,0.006487,0.00649,2790,154.654999,154.692993,154.410004,154.647995,0,-0.538526,-0.540175,-0.564791
2024.11.18 05:00,0.006489,0.006499,0.006485,0.006491,3498,154.647995,154.759995,154.410004,154.595001,0,-0.546103,-0.540175,-0.547399
2024.11.18 06:00,0.006491,0.006504,0.00649,0.006492,3793,154.589996,154.626999,154.292999,154.584,0,-0.543795,-0.541466,-0.548265
2024.11.18 07:00,0.006493,0.006497,0.006484,0.006493,5134,154.582001,154.766006,154.473007,154.565994,0,-0.54022,-0.543974,-0.542125
2024.11.18 08:00,0.006493,0.006495,0.006476,0.006477,6012,154.567001,154.953995,154.498001,154.949997,0,-0.537687,-0.53341,-0.545614
2024.11.18 09:00,0.006476,0.006493,0.006476,0.006483,3573,154.947006,154.973999,154.550003,154.772003,0,-0.557692,-0.537987,-0.53432
2024.11.18 10:00,0.006483,0.006483,0.006472,0.006475,4829,154.778,155.052002,154.770004,154.996994,0,-0.540257,-0.532321,-0.544914
2024.11.18 11:00,0.006475,0.006475,0.006469,0.006472,2529,154.998993,155.126007,154.947006,155.057007,0,-0.554551,-0.518773,-0.545262
2024.11.18 12:00,0.006472,0.006473,0.006462,0.006463,4138,155.056,155.279007,155.024002,155.266006,0,-0.540128,-0.536133,-0.539102
2024.11.18 13:00,0.006462,0.006481,0.006459,0.006478,7054,155.268005,155.358994,154.862,154.904007,0,-0.536267,-0.552921,-0.535374
2024.11.18 14:00,0.006479,0.006491,0.006475,0.006483,8636,154.906006,154.985992,154.576996,154.794006,0,-0.545842,-0.529394,-0.544425
2024.11.18 15:00,0.006483,0.006485,0.006472,0.006475,7781,154.804001,155.052994,154.746994,154.992004,0,-0.541249,-0.544984,-0.539924
2024.11.18 16:00,0.006475,0.006483,0.006471,0.006483,4772,154.992004,155.070007,154.785995,154.792999,0,-0.546322,-0.536414,-0.543418
2024.11.18 17:00,0.006483,0.006489,0.006481,0.006487,3043,154.798004,154.850998,154.634003,154.701004,0,-0.553827,-0.527048,-0.534662
2024.11.18 18:00,0.006487,0.006491,0.006483,0.006489,3741,154.697006,154.789001,154.585007,154.630997,0,-0.551319,-0.525536,-0.535919
2024.11.18 19:00,0.00649,0.006493,0.006485,0.006485,5252,154.630005,154.757996,154.563995,154.740997,0,-0.544104,-0.540126,-0.550879
2024.11.18 20:00,0.006485,0.006492,0.006485,0.006492,3121,154.740005,154.742004,154.584,154.589996,0,-0.551886,-0.548265,-0.554262
2024.11.18 21:00,0.006491,0.006493,0.006487,0.006488,0,154.593002,154.690002,154.561996,154.649002,0,-0.535535,-0.538127,-0.5183
2024.11.18 23:00,0.00649,0.006497,0.006489,0.006489,1619,154.623993,154.649002,154.416,154.612,0,-0.53018,-0.510652,-0.516921
2024.11.19 00:00,0.006489,0.006503,0.006489,0.0065,4843,154.610001,154.613998,154.294006,154.373001,0,-0.51892,-0.518824,-0.52685
2024.11.19 01:00,0.0065,0.006514,0.006498,0.00651,3775,154.376007,154.404999,154.037003,154.113998,0,-0.523328,-0.521492,-0.515961
2024.11.19 02:00,0.006511,0.006516,0.006505,0.006508,2377,154.115997,154.248993,153.968002,154.149994,0,-0.52109,-0.51139,-0.504757
2024.11.19 03:00,0.006509,0.006518,0.006506,0.006508,2278,154.154999,154.214005,153.947006,154.175003,0,-0.521539,-0.513945,-0.51797
2024.11.19 04:00,0.006508,0.006511,0.006495,0.006497,0,154.177002,154.473007,154.106995,154.417007,0,-0.52027,-0.520756,-0.511659
2024.11.19 05:00,0.0065,0.006503,0.006494,0.006497,1658,154.419006,154.520004,154.292999,154.423004,0,-0.531709,-0.517817,-0.517656
2024.11.19 06:00,0.006498,0.006502,0.006491,0.006494,2029,154.417999,154.582001,154.339996,154.513,0,-0.52253,-0.529338,-0.524706
2024.11.19 07:00,0.006493,0.006497,0.006488,0.006493,3681,154.505997,154.656006,154.438004,154.526001,0,-0.525304,-0.50897,-0.525846
2024.11.19 08:00,0.006493,0.006547,0.006491,0.006526,34120,154.526993,154.574005,153.272003,153.746002,0,-0.526403,-0.518627,-0.52452
2024.11.19 09:00,0.006526,0.006543,0.006514,0.006526,29734,153.744995,154.078003,153.345001,153.766998,0,-0.574278,-0.521586,-0.522041
2024.11.19 10:00,0.006526,0.006539,0.006523,0.006525,8567,153.763,153.826996,153.434006,153.776001,0,-0.523303,-0.517113,-0.519298
2024.11.19 11:00,0.006525,0.006527,0.006508,0.006512,6693,153.776001,154.175995,153.720993,154.093994,0,-0.530758,-0.511251,-0.531346
2024.11.19 12:00,0.006512,0.006517,0.006506,0.006516,6653,154.076996,154.210007,153.960007,153.977005,0,-0.517541,-0.515171,-0.520393
2024.11.19 13:00,0.006516,0.006541,0.006516,0.006539,14743,153.975006,154.011002,153.404999,153.470993,0,-0.530842,-0.523181,-0.530718
2024.11.19 14:00,0.006538,0.006539,0.00651,0.006514,23092,153.470993,154.136993,153.442001,154.046997,0,-0.527167,-0.513424,-0.51971
2024.11.19 15:00,0.006513,0.006522,0.006506,0.006518,12999,154.048996,154.233002,153.843994,153.962997,0,-0.516917,-0.51679,-0.529936
2024.11.19 16:00,0.006518,0.00652,0.006495,0.006501,12855,153.957001,154.494003,153.912003,154.348007,0,-0.517567,-0.526011,-0.525516
2024.11.19 17:00,0.006501,0.006504,0.006483,0.006485,9026,154.345993,154.753998,154.255005,154.720993,0,-0.516315,-0.515282,-0.507102
2024.11.19 18:00,0.006485,0.006491,0.006482,0.006491,6443,154.718994,154.794006,154.572998,154.585007,0,-0.520634,-0.525396,-0.513676
2024.11.19 19:00,0.006491,0.006491,0.006485,0.006486,4429,154.587006,154.707001,154.557999,154.694,0,-0.516882,-0.510397,-0.515771
2024.11.19 20:00,0.006487,0.006489,0.006485,0.006487,3292,154.695999,154.733002,154.628998,154.684998,0,-0.51911,-0.510176,-0.53053
2024.11.19 21:00,0.006487,0.006489,0.006485,0.006487,1327,154.682999,154.727997,154.608002,154.632004,0,-0.514105,-0.512924,-0.48942
2024.11.19 23:00,0.00649,0.006493,0.006483,0.006484,0,154.572998,154.755005,154.518005,154.714996,0,-0.505424,-0.494136,-0.48921
2024.11.20 00:00,0.006484,0.006489,0.006475,0.006476,6265,154.716995,154.936996,154.580994,154.916,0,-0.508763,-0.485916,-0.499693
2024.11.20 01:00,0.006476,0.006485,0.006473,0.006482,3916,154.917007,154.988007,154.690002,154.770996,0,-0.488201,-0.499884,-0.497624
2024.11.20 02:00,0.006483,0.006484,0.006476,0.006479,3041,154.768005,154.906006,154.720001,154.865997,0,-0.489698,-0.494215,-0.509281
2024.11.20 03:00,0.006479,0.00648,0.006473,0.006475,2006,154.867004,154.985992,154.815994,154.949997,0,-0.498124,-0.495006,-0.497917
2024.11.20 04:00,0.006475,0.006475,0.006467,0.006471,2861,154.955002,155.139999,154.938995,155.052002,0,-0.508798,-0.498845,-0.516385
2024.11.20 05:00,0.006469,0.006473,0.006465,0.006465,1378,155.052994,155.186005,154.985992,155.186005,0,-0.506966,-0.486187,-0.506966
2024.11.20 06:00,0.006466,0.006466,0.006454,0.006458,5778,155.184998,155.459,155.156998,155.354996,0,-0.504327,-0.513837,-0.496308
2024.11.20 07:00,0.006458,0.00646,0.006444,0.006445,6143,155.356003,155.682007,155.320007,155.656006,0,-0.498895,-0.509268,-0.496967
2024.11.20 08:00,0.006445,0.006448,0.006442,0.006446,8540,155.658005,155.748001,155.576004,155.632996,0,-0.504658,-0.501177,-0.498033
2024.11.20 09:00,0.006446,0.006448,0.006437,0.006442,5065,155.626999,155.850006,155.595001,155.75,0,-0.498131,-0.496128,-0.506657
2024.11.20 10:00,0.006441,0.006445,0.006438,0.006442,3267,155.755005,155.847,155.660004,155.744003,0,-0.507194,-0.500964,-0.50066
2024.11.20 11:00,0.006441,0.006443,0.006437,0.006438,5965,155.746994,155.863998,155.710007,155.832001,0,-0.500064,-0.502803,-0.504262
2024.11.20 12:00,0.006438,0.006444,0.006435,0.006444,4297,155.830002,155.886002,155.681,155.690994,0,-0.49792,-0.497888,-0.507882
2024.11.20 13:00,0.006444,0.006446,0.00644,0.006442,5036,155.688004,155.789993,155.625,155.729996,0,-0.498434,-0.502061,-0.498705
2024.11.20 14:00,0.006442,0.006456,0.006438,0.006448,14583,155.727005,155.841003,155.382996,155.600998,0,-0.501198,-0.500317,-0.502124
2024.11.20 15:00,0.006448,0.006471,0.006447,0.00645,20256,155.600006,155.610992,155.052002,155.529999,0,-0.500087,-0.504441,-0.503254
2024.11.20 16:00,0.00645,0.006463,0.006447,0.006456,7645,155.522003,155.610992,155.225998,155.382004,0,-0.500087,-0.499093,-0.499325
2024.11.20 17:00,0.006456,0.006465,0.006454,0.006464,4054,155.382996,155.444,155.177994,155.220001,0,-0.501324,-0.498955,-0.505068
2024.11.20 18:00,0.006464,0.006464,0.006454,0.006458,6613,155.220001,155.436996,155.195007,155.341003,0,-0.49432,-0.492034,-0.494297
2024.11.20 19:00,0.006458,0.006462,0.006456,0.006457,4080,155.335999,155.376007,155.235992,155.365005,0,-0.493329,-0.497113,-0.494323
2024.11.20 20:00,0.006458,0.006458,0.00645,0.006453,3054,155.363007,155.520004,155.358994,155.475006,0,-0.493259,-0.500306,-0.508324
2024.11.20 21:00,0.006452,0.006458,0.00645,0.006454,0,155.473999,155.542999,155.343002,155.397995,0,-0.504245,-0.496296,-0.455319
2024.11.20 23:00,0.006454,0.00646,0.006454,0.006458,1157,155.326996,155.369995,155.227997,155.294998,0,-0.427319,-0.441214,-0.460283
2024.11.21 00:00,0.006458,0.006473,0.006458,0.006467,6313,155.274002,155.298996,154.919998,155.078995,0,-0.440308,-0.444053,-0.447793
2024.11.21 01:00,0.006467,0.006475,0.006466,0.006469,3093,155.074997,155.091995,154.876007,155.041,0,-0.448834,-0.435857,-0.445654
2024.11.21 02:00,0.006469,0.006475,0.006466,0.006471,2769,155.039993,155.087006,154.871002,154.964996,0,-0.443845,-0.430852,-0.429379
2024.11.21 03:00,0.006472,0.006475,0.006469,0.006473,1194,154.960999,155.035004,154.886993,154.925003,0,-0.451609,-0.434914,-0.449058
2024.11.21 04:00,0.006473,0.006476,0.006466,0.006467,2271,154.921997,155.110992,154.858994,155.057999,0,-0.45587,-0.442686,-0.438743
2024.11.21 05:00,0.006466,0.006469,0.00646,0.006462,2734,155.052002,155.263,155.035995,155.186996,0,-0.452261,-0.440649,-0.448117
2024.11.21 06:00,0.006462,0.006493,0.006462,0.006481,16767,155.190002,155.190002,154.552002,154.757004,0,-0.451123,-0.551847,-0.447925
2024.11.21 07:00,0.00648,0.006487,0.006469,0.006474,10400,154.755005,155.044006,154.604004,154.901001,0,-0.44866,-0.437662,-0.43699
2024.11.21 08:00,0.006474,0.006495,0.006469,0.006493,13020,154.904999,155.037003,154.399994,154.438004,0,-0.453608,-0.447257,-0.437849
2024.11.21 09:00,0.006493,0.006508,0.006493,0.006495,14787,154.438995,154.447998,154.080002,154.397003,0,-0.447843,-0.434765,-0.444266
2024.11.21 10:00,0.006495,0.006504,0.006494,0.006495,3884,154.397003,154.434998,154.197998,154.403,0,-0.446703,-0.446464,-0.450263
2024.11.21 11:00,0.006496,0.006497,0.006487,0.00649,4683,154.397995,154.585999,154.300003,154.528,0,-0.443415,-0.37097,-0.444796
2024.11.21 12:00,0.00649,0.0065,0.006483,0.006494,6001,154.531998,154.716995,154.294006,154.440994,0,-0.455525,-0.436018,-0.452699
2024.11.21 13:00,0.006494,0.006508,0.006482,0.006502,18560,154.438995,154.690994,154.097,154.248993,0,-0.417622,-0.439967,-0.450165
2024.11.21 14:00,0.006502,0.006514,0.006489,0.006508,18294,154.251007,154.544006,153.960007,154.093002,0,-0.448928,-0.456282,-0.435969
2024.11.21 15:00,0.006508,0.006516,0.006497,0.006498,20092,154.098007,154.350998,153.901993,154.319,0,-0.44565,-0.433602,-0.43733
2024.11.21 16:00,0.006499,0.0065,0.006484,0.006485,12115,154.320007,154.667999,154.306,154.656006,0,-0.442213,-0.448011,-0.442114
2024.11.21 17:00,0.006484,0.006495,0.006483,0.006493,7522,154.651993,154.692993,154.401001,154.438995,0,-0.45531,-0.448264,-0.438841
2024.11.21 18:00,0.006494,0.006494,0.006483,0.006489,4236,154.436005,154.699997,154.427994,154.548004,0,-0.438527,-0.439699,-0.44105
2024.11.21 19:00,0.006489,0.006492,0.006485,0.006491,4178,154.548004,154.645996,154.475998,154.507004,0,-0.443986,-0.440263,-0.447533
2024.11.21 20:00,0.006491,0.006493,0.006487,0.006491,3174,154.505997,154.591995,154.447006,154.503998,0,-0.437528,-0.43499,-0.444527
2024.11.21 21:00,0.006491,0.006493,0.006489,0.00649,1812,154.501999,154.570007,154.444,154.522003,0,-0.451186,-0.431984,-0.4388
2024.11.21 23:00,0.006491,0.006507,0.006489,0.006505,0,154.470993,154.529007,154.100998,154.149002,0,-0.433929,-0.420345,-0.421099
2024.11.22 00:00,0.006504,0.006513,0.006493,0.006497,6601,154.154999,154.417007,153.960007,154.330994,0,-0.416853,-0.420931,-0.425645
2024.11.22 01:00,0.006498,0.006502,0.006493,0.006494,3706,154.332001,154.440002,154.218002,154.412994,0,-0.427986,-0.419175,-0.4247
2024.11.22 02:00,0.006494,0.006497,0.006491,0.006495,2572,154.410004,154.496002,154.345001,154.395004,0,-0.424671,-0.415968,-0.418568
2024.11.22 03:00,0.006495,0.006504,0.006491,0.0065,2597,154.389999,154.483994,154.182007,154.264999,0,-0.424523,-0.41865,-0.418849
2024.11.22 04:00,0.0065,0.0065,0.006493,0.006494,1763,154.264008,154.445999,154.263,154.419998,0,-0.42213,-0.41685,-0.431703
2024.11.22 05:00,0.006489,0.00649,0.006481,0.006481,3177,154.419006,154.731995,154.419006,154.703995,0,-0.434824,-0.335803,-0.418718
2024.11.22 06:00,0.006482,0.006483,0.006471,0.006473,4484,154.701996,154.957001,154.679001,154.904007,0,-0.433315,-0.42942,-0.428062
2024.11.22 07:00,0.006473,0.006483,0.006473,0.006481,4251,154.897003,154.927994,154.654999,154.725006,0,-0.428188,-0.417316,-0.427835
2024.11.22 08:00,0.006481,0.006495,0.006475,0.00649,8893,154.727005,154.869003,154.393005,154.511002,0,-0.428853,-0.416569,-0.427798
2024.11.22 09:00,0.00649,0.006501,0.006477,0.006491,15051,154.511993,154.822006,154.242004,154.5,0,-0.441455,-0.419513,-0.428669
2024.11.22 10:00,0.006491,0.0065,0.006488,0.006497,4708,154.501999,154.552002,154.246002,154.326004,0,-0.4213,-0.411677,-0.420656
2024.11.22 11:00,0.006499,0.0065,0.006491,0.006498,2715,154.324005,154.468002,154.278,154.311996,0,-0.4204,-0.420011,-0.430326
2024.11.22 12:00,0.006498,0.006499,0.006488,0.00649,4592,154.313004,154.548996,154.287994,154.498993,0,-0.418294,-0.418166,-0.415789
2024.11.22 13:00,0.006491,0.006503,0.006487,0.0065,7171,154.498001,154.567993,154.186005,154.268997,0,-0.425409,-0.410822,-0.434672
2024.11.22 14:00,0.0065,0.0065,0.006468,0.006475,15739,154.270004,155.024994,154.268997,154.869003,0,-0.417694,-0.422847,-0.428853
2024.11.22 15:00,0.006475,0.006486,0.006473,0.006473,12838,154.871994,154.914993,154.591995,154.891998,0,-0.427124,-0.413766,-0.416054
2024.11.22 16:00,0.006473,0.006481,0.006473,0.006481,8411,154.897995,154.923996,154.707001,154.733002,0,-0.436127,-0.421724,-0.423923
2024.11.22 17:00,0.006481,0.006483,0.006477,0.006479,3045,154.735992,154.826004,154.669998,154.757004,0,-0.433543,-0.420417,-0.424104
2024.11.22 18:00,0.00648,0.006482,0.006477,0.00648,2129,154.757996,154.807999,154.697006,154.735992,0,-0.427447,-0.423634,-0.415004
2024.11.22 19:00,0.006481,0.006483,0.006477,0.006478,3353,154.740997,154.815994,154.658005,154.798996,0,-0.423533,-0.420322,-0.430363
2024.11.22 20:00,0.006477,0.00648,0.006474,0.006476,5445,154.798004,154.886993,154.738998,154.835999,0,-0.422982,-0.41801,-0.419691
2024.11.22 21:00,0.006476,0.00648,0.006475,0.00648,1805,154.834,154.854004,154.688004,154.729996,0,-0.42577,-0.367015,-0.409008
2024.11.25 00:00,0.006504,0.006518,0.006502,0.006502,11030,154.151993,154.205002,153.813995,154.205002,0,-0.394343,-0.404467,-0.394343
2024.11.25 01:00,0.006502,0.006526,0.0065,0.006521,10528,154.201996,154.235001,153.641998,153.766998,0,-0.400675,-0.408774,-0.416287
2024.11.25 02:00,0.006521,0.00653,0.00652,0.006521,7697,153.764999,153.804993,153.544998,153.761002,0,-0.419001,-0.405639,-0.41029
2024.11.25 03:00,0.00652,0.006527,0.006512,0.006513,6302,153.761002,153.962006,153.626007,153.945999,0,-0.411139,-0.416265,-0.406923
2024.11.25 04:00,0.006513,0.006514,0.006504,0.006506,3608,153.940994,154.169006,153.934998,154.097,0,-0.417473,-0.407711,-0.380915
2024.11.25 05:00,0.006506,0.006506,0.006493,0.0065,5423,154.091003,154.399994,154.087997,154.261002,0,-0.399839,-0.395532,-0.403013
2024.11.25 06:00,0.0065,0.006503,0.006491,0.006498,5012,154.263,154.481003,154.177994,154.300003,0,-0.409672,-0.402811,-0.4065
2024.11.25 07:00,0.006498,0.006504,0.006487,0.006488,5265,154.300003,154.557999,154.147995,154.537994,0,-0.415415,-0.408272,-0.407293
2024.11.25 08:00,0.006489,0.006491,0.006481,0.006481,11581,154.537994,154.723007,154.479004,154.694,0,-0.413929,-0.407673,-0.408724
2024.11.25 09:00,0.006481,0.006495,0.006481,0.006493,5129,154.688004,154.699005,154.352997,154.423004,0,-0.401834,-0.40026,-0.410988
2024.11.25 10:00,0.006493,0.006496,0.006491,0.006493,2953,154.421005,154.481995,154.341995,154.417999,0,-0.410664,-0.401111,-0.405983
2024.11.25 11:00,0.006493,0.006497,0.006489,0.006489,3304,154.419006,154.507996,154.311996,154.501999,0,-0.412917,-0.406648,-0.406921
2024.11.25 12:00,0.006489,0.006506,0.006487,0.006502,7949,154.5,154.561996,154.130005,154.197998,0,-0.407529,-0.41392,-0.410988
2024.11.25 13:00,0.006502,0.006521,0.006502,0.006514,18031,154.195007,154.197006,153.753998,153.923004,0,-0.398179,-0.403286,-0.407494
2024.11.25 14:00,0.006514,0.006526,0.00651,0.006521,12460,153.929001,154.020996,153.623993,153.748001,0,-0.399368,-0.402511,-0.397289
2024.11.25 15:00,0.006522,0.006526,0.006494,0.006495,19734,153.744995,154.391998,153.639999,154.371994,0,-0.403703,-0.406775,-0.407403
2024.11.25 16:00,0.006495,0.006499,0.006489,0.006498,15674,154.363007,154.516998,154.274002,154.294998,0,-0.398177,-0.404173,-0.413328
2024.11.25 17:00,0.006498,0.006501,0.006494,0.006497,4363,154.292999,154.384995,154.220001,154.317993,0,-0.3967,-0.39751,-0.412645
2024.11.25 18:00,0.006497,0.006506,0.006497,0.006506,5415,154.317993,154.341003,154.091003,154.102997,0,-0.41197,-0.398538,-0.398728
2024.11.25 19:00,0.006506,0.00651,0.006502,0.006505,7283,154.108994,154.199005,153.990997,154.132996,0,-0.400178,-0.39296,-0.405093
2024.11.25 20:00,0.006505,0.006507,0.006502,0.006504,4031,154.132996,154.179993,154.072998,154.136002,0,-0.392983,-0.392345,-0.396279
2024.11.25 21:00,0.006504,0.006504,0.0065,0.006502,1823,154.139999,154.264999,154.134003,154.182007,0,-0.407011,-0.39428,-0.394997
2024.11.25 23:00,0.006504,0.006514,0.006487,0.006493,0,154.100006,154.485001,153.876007,154.360001,0,-0.342417,-0.372282,-0.347984
2024.11.26 00:00,0.006493,0.006512,0.006491,0.006508,9173,154.380005,154.414993,153.929993,154.009003,0,-0.367391,-0.35555,-0.363766
2024.11.26 01:00,0.006508,0.006516,0.006504,0.006506,6021,154.009995,154.110992,153.830002,154.048004,0,-0.359459,-0.361611,-0.355539
2024.11.26 02:00,0.006506,0.006513,0.0065,0.00651,2497,154.048004,154.220993,153.893997,153.981003,0,-0.363004,-0.354922,-0.359375
2024.11.26 03:00,0.00651,0.00652,0.006506,0.00652,4432,153.979004,154.063995,153.718002,153.737,0,-0.37153,-0.355529,-0.362762
2024.11.26 04:00,0.00652,0.006523,0.006513,0.006515,0,153.738998,153.910995,153.660995,153.830994,0,-0.37192,-0.357303,-0.339052
2024.11.26 05:00,0.006519,0.006529,0.006519,0.006521,5454,153.837997,153.841995,153.539993,153.714005,0,-0.444236,-0.365451,-0.363293
2024.11.26 06:00,0.006522,0.006526,0.006506,0.006506,4861,153.710999,154.065002,153.595001,154.052994,0,-0.372537,-0.361777,-0.360528
2024.11.26 07:00,0.006507,0.006508,0.006499,0.006507,8358,154.054001,154.220993,154.026001,154.029999,0,-0.351164,-0.357159,-0.349346
2024.11.26 08:00,0.006508,0.006518,0.006507,0.00651,6680,154.035995,154.054993,153.785995,153.968002,0,-0.37434,-0.364696,-0.358176
2024.11.26 09:00,0.00651,0.006514,0.006504,0.006512,4083,153.966003,154.121002,153.878006,153.925003,0,-0.369469,-0.350719,-0.362355
2024.11.26 10:00,0.006512,0.006522,0.00651,0.006519,2709,153.923996,153.981995,153.703995,153.764999,0,-0.372169,-0.365043,-0.36724
2024.11.26 11:00,0.006518,0.006521,0.006514,0.006518,2904,153.764999,153.869995,153.712006,153.778,0,-0.36627,-0.361294,-0.368471
2024.11.26 12:00,0.006518,0.006549,0.006518,0.006541,29201,153.776993,153.804001,153.061996,153.255005,0,-0.37094,-0.366924,-0.361497
2024.11.26 13:00,0.006541,0.006552,0.006531,0.006533,14493,153.255005,153.483002,152.983002,153.429001,0,-0.367096,-0.357851,-0.35997
2024.11.26 14:00,0.006533,0.006535,0.006522,0.006529,14992,153.432007,153.679001,153.391998,153.509995,0,-0.351797,-0.358102,-0.347185
2024.11.26 15:00,0.006529,0.006535,0.00652,0.006532,14688,153.507004,153.720993,153.360001,153.462006,0,-0.358519,-0.349515,-0.369536
2024.11.26 16:00,0.006532,0.006533,0.006522,0.006531,7884,153.466003,153.682999,153.408997,153.485001,0,-0.367551,-0.351672,-0.357369
2024.11.26 17:00,0.006531,0.006541,0.006529,0.006538,5124,153.488007,153.516998,153.248001,153.324997,0,-0.36591,-0.354494,-0.373023
2024.11.26 18:00,0.006537,0.00654,0.006531,0.006535,5007,153.324997,153.487,153.264008,153.376999,0,-0.359368,-0.358808,-0.366514
2024.11.26 19:00,0.006535,0.006549,0.006534,0.006547,8397,153.371002,153.412994,153.074005,153.108994,0,-0.367385,-0.367282,-0.355617
2024.11.26 20:00,0.006547,0.006551,0.006545,0.006549,5020,153.106003,153.141998,153.020996,153.054993,0,-0.365279,-0.360898,-0.34827
2024.11.26 21:00,0.006549,0.006551,0.006545,0.006547,2712,153.057007,153.151993,152.992996,153.061005,0,-0.351935,-0.356194,-0.307628
2024.11.26 23:00,0.006548,0.006555,0.006541,0.006555,0,153.052994,153.233002,152.942001,152.964005,0,-0.351184,-0.375067,-0.39707
2024.11.27 00:00,0.006555,0.006562,0.006551,0.006555,7274,152.925995,153.011993,152.753998,152.906006,0,-0.363539,-0.361438,-0.350701
2024.11.27 01:00,0.006555,0.006573,0.00655,0.006571,8902,152.910004,153.031998,152.5,152.544998,0,-0.360243,-0.362467,-0.36116
2024.11.27 02:00,0.006571,0.006572,0.006562,0.006567,3797,152.544998,152.748001,152.518997,152.639999,0,-0.355441,-0.358321,-0.363464
2024.11.27 03:00,0.006568,0.006578,0.006566,0.006575,3769,152.636002,152.654007,152.376999,152.445007,0,-0.365874,-0.36666,-0.353753
2024.11.27 04:00,0.006575,0.006584,0.006574,0.006581,4935,152.445999,152.466995,152.244003,152.306,0,-0.364171,-0.360646,-0.35341
2024.11.27 05:00,0.006582,0.006584,0.006574,0.006576,3957,152.307007,152.477005,152.229004,152.432999,0,-0.351047,-0.357183,-0.364867
2024.11.27 06:00,0.006576,0.006592,0.006575,0.006591,5856,152.436005,152.466995,152.061996,152.078995,0,-0.375741,-0.362965,-0.356952
2024.11.27 07:00,0.006591,0.006601,0.006588,0.006597,10780,152.078003,152.167999,151.837006,151.951996,0,-0.365348,-0.356278,-0.367946
2024.11.27 08:00,0.006597,0.006619,0.006597,0.006602,22386,151.947006,151.957001,151.423996,151.826004,0,-0.361459,-0.355184,-0.356752
2024.11.27 09:00,0.006603,0.006622,0.006599,0.006617,9850,151.822006,151.893005,151.348007,151.473999,0,-0.366371,-0.347625,-0.359529
2024.11.27 10:00,0.006617,0.006628,0.006617,0.00662,7652,151.473999,151.490997,151.220001,151.397003,0,-0.365106,-0.356303,-0.351004
2024.11.27 11:00,0.006621,0.006622,0.006611,0.006617,6215,151.397003,151.615005,151.362,151.485001,0,-0.363397,-0.338818,-0.35911
2024.11.27 12:00,0.006617,0.006625,0.006613,0.006617,7484,151.483994,151.591003,151.302002,151.483002,0,-0.362274,-0.358604,-0.368532
2024.11.27 13:00,0.006617,0.006626,0.00661,0.006624,13308,151.481995,151.632004,151.292007,151.330002,0,-0.346074,-0.360003,-0.352423
2024.11.27 14:00,0.006624,0.006638,0.006617,0.006621,22580,151.328003,151.490997,150.994003,151.371994,0,-0.365106,-0.357562,-0.337405
2024.11.27 15:00,0.006621,0.006642,0.006603,0.006634,25072,151.360001,151.804001,150.927002,151.098999,0,-0.357694,-0.35861,-0.360385
2024.11.27 16:00,0.006634,0.006663,0.006622,0.006651,26787,151.100998,151.373001,150.449005,150.707001,0,-0.361225,-0.355199,-0.364968
2024.11.27 17:00,0.006651,0.006659,0.006644,0.006648,12780,150.703995,150.865005,150.526993,150.763,0,-0.353262,-0.343019,-0.353133
2024.11.27 18:00,0.006649,0.006653,0.006644,0.006645,5701,150.763,150.882996,150.673004,150.856003,0,-0.359932,-0.353576,-0.366915
2024.11.27 19:00,0.006644,0.006645,0.006636,0.006638,14062,150.854996,151.057007,150.848007,151.018997,0,-0.363813,-0.358919,-0.359867
2024.11.27 20:00,0.006638,0.006638,0.00663,0.006634,6683,151.018005,151.190002,151.018005,151.091003,0,-0.349066,-0.358875,-0.352389
2024.11.27 21:00,0.006634,0.006634,0.00663,0.006632,1566,151.093002,151.192993,151.052994,151.052994,0,-0.352057,-0.31438,-0.268921
2024.11.27 23:00,0.006634,0.006639,0.006619,0.006621,0,150.912994,151.378998,150.893005,151.373001,0,-0.298771,-0.267912,-0.338412
2024.11.28 00:00,0.006621,0.006624,0.006605,0.006605,6899,151.334,151.707993,151.276993,151.681,0,-0.296079,-0.299414,-0.292003
2024.11.28 01:00,0.006605,0.006618,0.006603,0.006617,7115,151.681,151.746002,151.401993,151.429993,0,-0.299695,-0.298943,-0.292689
2024.11.28 02:00,0.006617,0.006621,0.006609,0.006616,3386,151.429993,151.615997,151.337006,151.444,0,-0.295731,-0.302416,-0.295272
2024.11.28 03:00,0.006617,0.006617,0.006605,0.006609,2698,151.442993,151.716003,151.412003,151.628006,0,-0.30409,-0.297533,-0.30774
2024.11.28 04:00,0.006609,0.006613,0.006607,0.006608,1902,151.621002,151.654999,151.526993,151.623993,0,-0.30037,-0.298263,-0.292274
2024.12.02 00:00,0.006684,0.006687,0.006665,0.006669,9536,149.860992,150.287994,149.800003,150.199997,0,-0.261737,-0.25611,-0.252474
2024.12.02 01:00,0.006669,0.006671,0.006653,0.006655,8340,150.201004,150.554001,150.145996,150.529007,0,-0.25716,-0.254666,-0.26605
2024.12.02 02:00,0.006655,0.006657,0.006648,0.006651,5984,150.531006,150.686996,150.468002,150.593994,0,-0.254508,-0.261464,-0.251961
2024.12.02 03:00,0.006651,0.006656,0.006646,0.006655,4300,150.593002,150.744003,150.496994,150.526993,0,-0.266241,-0.256608,-0.264036
2024.12.02 04:00,0.006655,0.006659,0.006648,0.006652,3750,150.528,150.679993,150.432007,150.574997,0,-0.25881,-0.248033,-0.244267
2024.12.02 05:00,0.006653,0.006655,0.006644,0.006646,3628,150.576004,150.75,150.509995,150.720993,0,-0.249585,-0.258319,-0.254544
2024.12.02 06:00,0.006646,0.006667,0.006646,0.006663,6069,150.720001,150.727997,150.25,150.328995,0,-0.272869,-0.257495,-0.257708
2024.12.02 07:00,0.006664,0.006679,0.006659,0.006667,5944,150.326996,150.449997,149.983994,150.248001,0,-0.266023,-0.249777,-0.266746
2024.12.02 08:00,0.006667,0.006675,0.006661,0.006669,8226,150.248993,150.375,150.072006,150.216995,0,-0.258656,-0.259268,-0.258237
2024.12.02 09:00,0.006669,0.006676,0.006659,0.006663,4868,150.218002,150.442001,150.042007,150.343002,0,-0.269307,-0.251716,-0.260462
2024.12.02 10:00,0.006663,0.006671,0.006661,0.006671,3810,150.345993,150.386993,150.156998,150.173004,0,-0.27065,-0.25443,-0.259208
2024.12.02 11:00,0.006671,0.006675,0.006668,0.006671,3548,150.175003,150.240997,150.067993,150.149002,0,-0.270992,-0.255255,-0.257672
2024.12.02 12:00,0.006671,0.006682,0.006671,0.006673,6089,150.147995,150.167999,149.914993,150.130005,0,-0.265432,-0.259204,-0.261144
2024.12.02 13:00,0.006673,0.006676,0.006663,0.006675,10478,150.132996,150.354004,150.037994,150.074005,0,-0.260197,-0.247703,-0.261267
2024.12.02 14:00,0.006675,0.006686,0.006674,0.006678,12026,150.078003,150.093002,149.828003,149.977005,0,-0.257822,-0.261749,-0.231574
2024.12.02 15:00,0.006678,0.006691,0.006667,0.006684,20622,149.964005,150.227997,149.716995,149.880005,0,-0.246742,-0.262503,-0.268997
2024.12.02 16:00,0.006684,0.00672,0.00668,0.006711,24249,149.867004,149.947998,149.076004,149.266998,0,-0.247402,-0.266479,-0.257911
2024.12.02 17:00,0.006711,0.006713,0.006695,0.006696,5655,149.266006,149.626999,149.209,149.597,0,-0.261801,-0.255394,-0.265257
2024.12.02 18:00,0.006696,0.006698,0.006688,0.006694,5092,149.598007,149.791,149.539993,149.654999,0,-0.269473,-0.252837,-0.256331
2024.12.02 19:00,0.006694,0.006701,0.006692,0.0067,8440,149.647995,149.688004,149.477997,149.524002,0,-0.25585,-0.24654,-0.259135
2024.12.02 20:00,0.0067,0.006713,0.006694,0.006699,11165,149.522003,149.647003,149.220993,149.537994,0,-0.270647,-0.2563,-0.261983
2024.12.02 21:00,0.006699,0.0067,0.006696,0.006696,2454,149.541,149.613007,149.5,149.570999,0,-0.258965,-0.257404,-0.239256
2024.12.02 23:00,0.0067,0.0067,0.006686,0.006699,0,149.514008,149.822998,149.490005,149.507996,0,-0.245555,-0.24741,-0.231985
2024.12.03 00:00,0.006698,0.0067,0.006681,0.006683,8772,149.507996,149.934998,149.494003,149.880997,0,-0.245608,-0.240267,-0.247596
2024.12.03 01:00,0.006684,0.006696,0.006679,0.006683,5158,149.880997,149.975006,149.591995,149.873993,0,-0.240789,-0.237954,-0.240592
2024.12.03 02:00,0.006683,0.006687,0.006677,0.006684,3143,149.873001,149.996994,149.783005,149.858002,0,-0.240348,-0.239112,-0.235798
2024.12.03 03:00,0.006684,0.006684,0.006671,0.006673,4697,149.858994,150.138,149.839996,150.093994,0,-0.24667,-0.228988,-0.247585
2024.12.03 04:00,0.006673,0.006675,0.006668,0.00667,0,150.095001,150.218994,150.042007,150.139999,0,-0.248989,-0.22927,-0.214963
2024.12.03 05:00,0.00667,0.006677,0.006668,0.006677,2867,150.143997,150.235992,149.985992,150.028,0,-0.265987,-0.229346,-0.248928
2024.12.03 06:00,0.006676,0.006679,0.00667,0.006673,3063,150.028,150.164993,149.960007,150.106995,0,-0.239957,-0.22579,-0.238134
2024.12.03 07:00,0.006673,0.006683,0.006671,0.006677,5733,150.110001,150.132996,149.869003,150.005997,0,-0.241665,-0.235603,-0.238134
2024.12.03 08:00,0.006677,0.006685,0.006669,0.006682,11830,150.003998,150.184006,149.820007,149.917999,0,-0.236483,-0.231374,-0.251008
2024.12.03 09:00,0.006682,0.006687,0.006679,0.006686,3753,149.917007,149.955994,149.772995,149.813995,0,-0.244189,-0.229102,-0.247741
2024.12.03 10:00,0.006686,0.006688,0.006673,0.006675,11558,149.815994,150.080994,149.761002,150.046997,0,-0.234585,-0.228292,-0.234259
2024.12.03 11:00,0.006675,0.006692,0.006672,0.00669,4968,150.048004,150.110001,149.681,149.733002,0,-0.229906,-0.237678,-0.245
2024.12.03 12:00,0.00669,0.006696,0.006683,0.006692,4436,149.731003,149.873993,149.595993,149.679001,0,-0.240592,-0.253107,-0.235679
2024.12.03 13:00,0.006692,0.006731,0.006691,0.006729,18292,149.684998,149.699005,148.794006,148.854996,0,-0.244513,-0.238705,-0.244499
2024.12.03 14:00,0.006729,0.006739,0.006719,0.006731,21080,148.854996,149.072006,148.641006,148.815002,0,-0.240339,-0.240032,-0.248663
2024.12.03 15:00,0.006731,0.006733,0.006711,0.006715,25329,148.815994,149.253006,148.731003,149.149994,0,-0.243919,-0.208795,-0.24075
2024.12.03 16:00,0.006716,0.006719,0.006698,0.006717,17360,149.149994,149.520996,149.076004,149.119003,0,-0.23384,-0.233258,-0.231935
2024.12.03 17:00,0.006717,0.006718,0.0067,0.006713,8398,149.117996,149.509995,149.078003,149.205002,0,-0.245127,-0.224176,-0.240309
2024.12.03 18:00,0.006713,0.006723,0.006713,0.006721,4972,149.203995,149.212006,148.975998,149.037994,0,-0.236214,-0.243936,-0.239543
2024.12.03 19:00,0.006721,0.006723,0.006698,0.006699,9288,149.033997,149.539001,148.959,149.505997,0,-0.240699,-0.226937,-0.229986
2024.12.03 20:00,0.0067,0.006704,0.006698,0.006702,3927,149.507004,149.524002,149.397995,149.453003,0,-0.236846,-0.233313,-0.232683
2024.12.03 21:00,0.006702,0.006702,0.006695,0.006696,1637,149.466995,149.636002,149.438995,149.589996,0,-0.270803,-0.2298,-0.24711
2024.12.03 23:00,0.006696,0.006696,0.00669,0.006694,0,149.565994,149.697998,149.550995,149.649002,0,-0.209996,-0.208109,-0.261496
2024.12.04 00:00,0.006694,0.006698,0.00668,0.006682,6633,149.613007,149.910995,149.514999,149.869995,0,-0.210399,-0.216696,-0.214206
2024.12.04 01:00,0.006682,0.006691,0.006673,0.00668,6390,149.867004,150.078995,149.675995,149.925995,0,-0.210134,-0.221503,-0.225398
2024.12.04 02:00,0.00668,0.00669,0.006679,0.006686,3227,149.919998,149.951996,149.684006,149.774002,0,-0.217779,-0.207179,-0.218924
2024.12.04 03:00,0.006687,0.006693,0.006679,0.00668,4833,149.774002,149.934998,149.617996,149.932007,0,-0.223193,-0.208164,-0.23141
2024.12.04 04:00,0.006679,0.006682,0.006669,0.006679,6862,149.927002,150.169998,149.873001,149.966995,0,-0.222475,-0.20601,-0.24398
2024.12.04 05:00,0.00668,0.006682,0.006672,0.006673,5378,149.966003,150.106003,149.876999,150.098007,0,-0.225908,-0.210008,-0.229146
2024.12.04 06:00,0.006673,0.006682,0.006669,0.006676,3705,150.097,150.167007,149.854004,150.007004,0,-0.219484,-0.209405,-0.216712
2024.12.04 07:00,0.006677,0.006677,0.006657,0.00666,8124,150.003006,150.436996,149.975006,150.376999,0,-0.230458,-0.21836,-0.226848
2024.12.04 08:00,0.006659,0.006663,0.006653,0.006657,8292,150.376999,150.544006,150.289993,150.438995,0,-0.224578,-0.218706,-0.221183
2024.12.04 09:00,0.006657,0.006657,0.006642,0.006649,11358,150.434006,150.781998,150.429993,150.626999,0,-0.213606,-0.223455,-0.228445
2024.12.04 10:00,0.006649,0.006649,0.006637,0.006638,8253,150.619995,150.891998,150.610001,150.865997,0,-0.221515,-0.211447,-0.218207
2024.12.04 11:00,0.006638,0.006642,0.00663,0.006638,9131,150.867004,151.050003,150.772003,150.888,0,-0.220445,-0.214938,-0.24021
2024.12.04 12:00,0.006637,0.006638,0.006622,0.006625,9270,150.886002,151.225998,150.854004,151.169006,0,-0.225616,-0.217563,-0.225608
2024.12.04 13:00,0.006625,0.006642,0.006622,0.006629,15152,151.169998,151.231003,150.789993,151.069,0,-0.219227,-0.221601,-0.216684
2024.12.04 14:00,0.006629,0.00664,0.006626,0.006639,9977,151.072998,151.130997,150.804993,150.848007,0,-0.221764,-0.213921,-0.222914
2024.12.04 15:00,0.006639,0.006664,0.006639,0.006659,21702,150.832001,150.850006,150.276993,150.404999,0,-0.224913,-0.216968,-0.243572
2024.12.04 16:00,0.006659,0.006675,0.006657,0.006668,11828,150.403,150.444,150.050003,150.184006,0,-0.226188,-0.22605,-0.214
2024.12.04 17:00,0.006669,0.006677,0.006666,0.006669,8832,150.184006,150.242004,149.990005,150.169998,0,-0.227003,-0.222142,-0.21124
2024.12.04 18:00,0.006669,0.006675,0.006657,0.006658,8319,150.164001,150.427002,150.033997,150.410995,0,-0.20919,-0.221259,-0.21574
2024.12.04 19:00,0.006659,0.006667,0.00665,0.006657,13462,150.350006,150.597,150.216003,150.438004,0,-0.232366,-0.212256,-0.231465
2024.12.04 20:00,0.006657,0.006657,0.006647,0.006653,7999,150.438004,150.675003,150.425003,150.514999,0,-0.231196,-0.218465,-0.218158
2024.12.04 21:00,0.006653,0.006655,0.006647,0.006648,2693,150.520996,150.660995,150.481003,150.539001,0,-0.217188,-0.218046,-0.117819
2024.12.04 23:00,0.00665,0.006651,0.00664,0.00665,0,150.501999,150.774002,150.501999,150.572998,0,-0.171588,-0.159966,-0.197055
2024.12.05 00:00,0.00665,0.006665,0.00665,0.006664,6473,150.546997,150.548004,150.182999,150.223999,0,-0.172062,-0.156741,-0.163975
2024.12.05 01:00,0.006664,0.006665,0.006644,0.00665,7350,150.222,150.679993,150.177002,150.531998,0,-0.168249,-0.150745,-0.167363
2024.12.05 02:00,0.00665,0.006664,0.006649,0.006659,3465,150.537003,150.563004,150.212006,150.334,0,-0.16445,-0.151981,-0.172572
2024.12.05 03:00,0.006659,0.006665,0.006659,0.006661,2182,150.330994,150.343994,150.190002,150.281998,0,-0.16002,-0.152498,-0.143121
2024.12.05 04:00,0.006661,0.006663,0.006655,0.006656,2331,150.287994,150.427994,150.229996,150.389008,0,-0.176318,-0.158709,-0.148621
2024.12.05 05:00,0.006663,0.006684,0.006663,0.006677,7577,150.384995,150.397003,149.779007,149.931,0,-0.303197,-0.167999,-0.163137
2024.12.05 06:00,0.006677,0.006689,0.006677,0.006684,4798,149.931,149.932999,149.656006,149.778,0,-0.176353,-0.156827,-0.166992
2024.12.05 07:00,0.006684,0.006687,0.006673,0.006684,3880,149.779999,150.020004,149.707001,149.781006,0,-0.162365,-0.163108,-0.158802
2024.12.05 08:00,0.006684,0.00669,0.006664,0.006665,5534,149.785004,150.212997,149.649994,150.190002,0,-0.152973,-0.161992,-0.163745
2024.12.05 09:00,0.006665,0.006669,0.00666,0.00666,3770,150.188995,150.313004,150.100006,150.309006,0,-0.162852,-0.163727,-0.158855
2024.12.05 10:00,0.00666,0.006671,0.006659,0.006669,3132,150.309998,150.352005,150.085999,150.117996,0,-0.168031,-0.172202,-0.170473
2024.12.05 11:00,0.006669,0.006672,0.006663,0.006667,2480,150.117996,150.237,150.037994,150.156998,0,-0.165713,-0.1579,-0.164492
2024.12.05 12:00,0.006667,0.006667,0.006652,0.006656,9311,150.158005,150.503998,150.141006,150.399994,0,-0.173268,-0.159752,-0.159608
2024.12.05 13:00,0.006657,0.006665,0.006643,0.006648,14588,150.399994,150.695999,150.186005,150.604996,0,-0.161603,-0.159747,-0.172507
2024.12.05 14:00,0.006648,0.006661,0.006647,0.006653,7037,150.612,150.615997,150.270004,150.483994,0,-0.17219,-0.153661,-0.164565
2024.12.05 15:00,0.006653,0.006667,0.006652,0.006663,9860,150.483002,150.501999,150.171997,150.246994,0,-0.171269,-0.16825,-0.164453
2024.12.05 16:00,0.006663,0.00667,0.006659,0.006665,9064,150.248001,150.339996,150.091003,150.201004,0,-0.156022,-0.165967,-0.1635
2024.12.05 17:00,0.006665,0.006671,0.006665,0.006668,3368,150.203003,150.218002,150.065002,150.128998,0,-0.169239,-0.173672,-0.158992
2024.12.05 18:00,0.006668,0.006669,0.006659,0.006667,3384,150.128006,150.348999,150.115997,150.154007,0,-0.165025,-0.168474,-0.172752
2024.12.05 19:00,0.006667,0.006677,0.006667,0.006673,6619,150.153,150.156998,149.914993,150.020004,0,-0.175743,-0.158347,-0.162365
2024.12.05 20:00,0.006673,0.006677,0.006669,0.006671,2691,150.020996,150.108002,149.945007,150.072998,0,-0.160479,-0.165936,-0.159202
2024.12.05 21:00,0.00667,0.006672,0.006669,0.006669,1131,150.080002,150.125,150.029007,150.072998,0,-0.166242,-0.148912,-0.125475
2024.12.05 23:00,0.006669,0.006671,0.006663,0.006667,0,150.046005,150.231003,150.031998,150.197998,0,-0.148462,-0.118202,-0.216743
2024.12.06 00:00,0.006668,0.006679,0.006661,0.006669,6203,150.119995,150.272003,149.858002,150.100998,0,-0.144399,-0.134986,-0.14224
2024.12.06 01:00,0.006669,0.006673,0.006663,0.006671,5035,150.098999,150.222,150.014999,150.037994,0,-0.139459,-0.146138,-0.146664
2024.12.06 02:00,0.006671,0.006682,0.006671,0.006681,4169,150.037994,150.042007,149.811996,149.824997,0,-0.150677,-0.145006,-0.135608
2024.12.06 03:00,0.006681,0.006684,0.006677,0.006679,2937,149.826004,149.919006,149.761993,149.876007,0,-0.139935,-0.13979,-0.14179
2024.12.06 04:00,0.006679,0.006681,0.006673,0.006674,2122,149.880005,150.022995,149.824997,149.977005,0,-0.154134,-0.146802,-0.141825
2024.12.06 05:00,0.006671,0.006679,0.00667,0.006676,2815,149.973999,150.067993,149.869995,149.932999,0,-0.142956,-0.135778,-0.142707
2024.12.06 06:00,0.006676,0.006684,0.006672,0.006679,3712,149.938004,150.022995,149.764999,149.863998,0,-0.1429,-0.142796,-0.152193
2024.12.06 07:00,0.006679,0.006682,0.006665,0.006669,4837,149.865005,150.171005,149.813995,150.091003,0,-0.144748,-0.147004,-0.14348
2024.12.06 08:00,0.006669,0.006669,0.006655,0.006657,6326,150.091995,150.417999,150.089996,150.363998,0,-0.155042,-0.142473,-0.146186
2024.12.06 09:00,0.006657,0.006657,0.006646,0.006648,11091,150.365997,150.604996,150.354996,150.574005,0,-0.149868,-0.137184,-0.141516
2024.12.06 10:00,0.006647,0.006651,0.006642,0.006648,5409,150.570007,150.699005,150.494003,150.567993,0,-0.14194,-0.140676,-0.146811
2024.12.06 11:00,0.006648,0.006653,0.006646,0.00665,3439,150.572998,150.621002,150.470993,150.505997,0,-0.154553,-0.151565,-0.141362
2024.12.06 12:00,0.00665,0.006657,0.006644,0.006655,4135,150.507004,150.656998,150.363007,150.401993,0,-0.145254,-0.145194,-0.150317
2024.12.06 13:00,0.006655,0.006689,0.006648,0.006689,34047,150.403,150.572998,149.647995,149.660004,0,-0.140509,-0.148816,-0.160825
2024.12.06 14:00,0.006688,0.006702,0.006679,0.006688,36059,149.664993,149.884003,149.356003,149.649994,0,-0.149786,-0.146807,-0.139636
2024.12.06 15:00,0.006688,0.00669,0.006671,0.006679,17867,149.643997,150.044006,149.634995,149.862,0,-0.141439,-0.146992,-0.150194
2024.12.06 16:00,0.006679,0.006688,0.006669,0.006682,11036,149.867004,150.115005,149.673996,149.792999,0,-0.156247,-0.141287,-0.1484
2024.12.06 17:00,0.006682,0.006682,0.006671,0.006675,4479,149.787994,150.042007,149.787994,149.962006,0,-0.150677,-0.143395,-0.149268
2024.12.06 18:00,0.006675,0.006679,0.006671,0.006673,3521,149.957993,150.044998,149.873001,149.990997,0,-0.14243,-0.138784,-0.144589
2024.12.06 19:00,0.006674,0.006675,0.006667,0.006675,6028,149.985001,150.134003,149.959,149.968994,0,-0.152748,-0.146262,-0.156256
2024.12.06 20:00,0.006675,0.006675,0.006671,0.006675,3307,149.968994,150.056,149.944,149.957993,0,-0.153432,-0.142486,-0.145255
2024.12.06 21:00,0.006675,0.006676,0.00667,0.006671,1663,149.959,150.059998,149.936005,149.988998,0,-0.134961,-0.145713,-0.075202
2024.12.09 00:00,0.006677,0.006686,0.006674,0.006679,6763,149.886993,149.968994,149.684006,149.841995,0,-0.133814,-0.128928,-0.13019
2024.12.09 01:00,0.00668,0.006684,0.00667,0.006677,5653,149.843002,150.052994,149.746002,149.906998,0,-0.127957,-0.123799,-0.127926
2024.12.09 02:00,0.006677,0.006679,0.006673,0.006676,2474,149.912994,149.996002,149.854996,149.904999,0,-0.127141,-0.120779,-0.114707
2024.12.09 03:00,0.006677,0.006677,0.006671,0.006673,1814,149.906006,150.035995,149.871994,149.973999,0,-0.133428,-0.115348,-0.12759
2024.12.09 04:00,0.006673,0.006679,0.006673,0.006679,1765,149.975006,149.994995,149.834,149.889008,0,-0.137356,-0.122195,-0.154791
2024.12.09 05:00,0.006677,0.006679,0.006673,0.006674,2323,149.891006,149.988998,149.854004,149.966003,0,-0.120137,-0.130989,-0.130824
2024.12.09 06:00,0.006674,0.006675,0.006663,0.006666,4541,149.966995,150.192993,149.938995,150.143997,0,-0.121706,-0.126258,-0.128996
2024.12.09 07:00,0.006667,0.006667,0.006656,0.006657,7463,150.139008,150.348999,150.102005,150.341995,0,-0.108613,-0.12075,-0.124183
2024.12.09 08:00,0.006657,0.006659,0.006649,0.006654,7999,150.343994,150.522995,150.309006,150.419006,0,-0.124441,-0.125032,-0.133462
2024.12.09 09:00,0.006654,0.006657,0.00665,0.006653,4519,150.419006,150.488998,150.343994,150.414993,0,-0.124364,-0.126182,-0.118152
2024.12.09 10:00,0.006654,0.006657,0.006651,0.006652,9262,150.410004,150.481995,150.347,150.453003,0,-0.128667,-0.129188,-0.122273
2024.12.09 11:00,0.006652,0.006655,0.00665,0.00665,4525,150.457993,150.501999,150.384995,150.485001,0,-0.126056,-0.122038,-0.120366
2024.12.09 12:00,0.00665,0.006653,0.006635,0.006638,20992,150.488998,150.843994,150.434998,150.766006,0,-0.128094,-0.126869,-0.129565
2024.12.09 13:00,0.006638,0.00664,0.00663,0.006634,13187,150.761002,150.949005,150.735992,150.875,0,-0.119447,-0.122245,-0.125021
2024.12.09 14:00,0.006634,0.006642,0.00663,0.006631,14593,150.875,150.947998,150.694,150.929993,0,-0.129806,-0.125608,-0.123175
2024.12.09 15:00,0.006631,0.006632,0.006617,0.006628,21016,150.931,151.242996,150.919998,151.020004,0,-0.128527,-0.124554,-0.133548
2024.12.09 16:00,0.006628,0.00663,0.006617,0.006618,9097,151.020996,151.246002,150.964005,151.237,0,-0.120111,-0.123068,-0.13395
2024.12.09 17:00,0.006618,0.006619,0.006613,0.006613,7627,151.238007,151.347,151.190002,151.322998,0,-0.118271,-0.109776,-0.11713
2024.12.09 18:00,0.006613,0.006618,0.006613,0.006616,4661,151.330002,151.337997,151.225006,151.268997,0,-0.13213,-0.121956,-0.120269
2024.12.09 19:00,0.006617,0.00662,0.006615,0.006618,11853,151.270004,151.315002,151.179001,151.235992,0,-0.132,-0.121602,-0.132942
2024.12.09 20:00,0.006618,0.006621,0.006615,0.006619,4333,151.238998,151.294998,151.154007,151.214005,0,-0.123415,-0.119418,-0.133778
2024.12.09 21:00,0.006619,0.006622,0.006617,0.006619,1850,151.212997,151.251999,151.128998,151.203995,0,-0.137529,-0.128615,-0.112363
2024.12.09 23:00,0.006619,0.006619,0.006609,0.006611,0,151.223007,151.432999,151.167999,151.417999,0,-0.112733,-0.099187,-0.143515
2024.12.10 00:00,0.00661,0.006617,0.006605,0.006607,7124,151.391006,151.488998,151.220993,151.436005,0,-0.100002,-0.095102,-0.092832
2024.12.10 01:00,0.006609,0.006615,0.006603,0.006613,3856,151.436996,151.548004,151.278,151.311996,0,-0.113156,-0.106417,-0.106129
2024.12.10 02:00,0.006613,0.006626,0.006613,0.006619,4908,151.313004,151.315002,151.033997,151.201004,0,-0.109135,-0.113385,-0.109372
2024.12.10 03:00,0.006619,0.006626,0.006615,0.006624,2249,151.201004,151.272003,151.028,151.072006,0,-0.111848,-0.107388,-0.117213
2024.12.10 04:00,0.006624,0.00663,0.006622,0.006622,0,151.065994,151.143997,150.944,151.123001,0,-0.120815,-0.103064,-0.111225
2024.12.10 05:00,0.006621,0.006632,0.006615,0.00663,6432,151.128006,151.298996,150.893005,150.929993,0,-0.115993,-0.108933,-0.100434
2024.12.10 06:00,0.00663,0.006632,0.006615,0.006618,6301,150.936996,151.276993,150.899002,151.223007,0,-0.116838,-0.103558,-0.119957
2024.12.10 07:00,0.006617,0.006619,0.006601,0.006603,5950,151.220001,151.584,151.173004,151.565002,0,-0.103272,-0.104192,-0.118695
2024.12.10 08:00,0.006603,0.006605,0.006593,0.0066,13121,151.554993,151.785995,151.5,151.634003,0,-0.109979,-0.111003,-0.11885
2024.12.10 09:00,0.006599,0.006609,0.006598,0.006601,12976,151.634003,151.667007,151.408997,151.598999,0,-0.105927,-0.100171,-0.118272
2024.12.10 10:00,0.006601,0.006607,0.006601,0.006602,5349,151.598999,151.612,151.464996,151.587006,0,-0.119806,-0.110368,-0.117753
2024.12.10 11:00,0.006602,0.006603,0.006595,0.006597,3728,151.587006,151.733994,151.570007,151.699005,0,-0.115461,-0.112228,-0.103463
2024.12.10 12:00,0.006597,0.006603,0.006592,0.006593,5325,151.703995,151.796997,151.554001,151.783997,0,-0.097966,-0.107694,-0.10798
2024.12.10 13:00,0.006593,0.006605,0.006591,0.006598,8463,151.783005,151.835999,151.524994,151.673996,0,-0.113956,-0.11308,-0.112916
2024.12.10 14:00,0.006598,0.006601,0.006591,0.006591,8136,151.679993,151.828003,151.582001,151.824005,0,-0.117462,-0.101273,-0.113464
2024.12.10 15:00,0.006591,0.006595,0.006576,0.006578,20006,151.819,152.169998,151.748001,152.121994,0,-0.113431,-0.106483,-0.111655
2024.12.10 16:00,0.006578,0.006585,0.006576,0.006582,8411,152.125,152.181,151.970001,152.050003,0,-0.112868,-0.109715,-0.10896
2024.12.10 17:00,0.006582,0.006584,0.006578,0.006579,5441,152.046005,152.149002,151.985992,152.110992,0,-0.115558,-0.114171,-0.112209
2024.12.10 18:00,0.00658,0.006589,0.006579,0.006587,4816,152.108994,152.121002,151.875,151.921997,0,-0.122219,-0.106904,-0.10782
2024.12.10 19:00,0.006588,0.006591,0.006586,0.006587,6515,151.917007,151.955002,151.841995,151.931,0,-0.117768,-0.10844,-0.116823
2024.12.10 20:00,0.006587,0.006591,0.006586,0.006587,7897,151.932007,151.947998,151.822998,151.929993,0,-0.110764,-0.112457,-0.115815
2024.12.10 21:00,0.006586,0.006588,0.006585,0.006586,1342,151.931,151.988007,151.891006,151.923004,0,-0.12772,-0.11139,-0.07425
2024.12.10 23:00,0.006587,0.006593,0.006584,0.00659,0,151.932007,151.945007,151.774002,151.832001,0,-0.06165,-0.086479,-0.08693
2024.12.11 00:00,0.006591,0.006595,0.006588,0.006595,4610,151.841995,151.873993,151.699005,151.727997,0,-0.082855,-0.080473,-0.097978
2024.12.11 01:00,0.006595,0.006596,0.006591,0.006595,3169,151.723999,151.828003,151.692001,151.703995,0,-0.094447,-0.084965,-0.085463
2024.12.11 02:00,0.006595,0.006607,0.006595,0.006607,6478,151.705002,151.722,151.438004,151.445999,0,-0.103468,-0.094831,-0.09137
2024.12.11 03:00,0.006607,0.006609,0.006599,0.006603,3052,151.445999,151.639999,151.410004,151.544998,0,-0.090406,-0.089738,-0.098691
2024.12.11 04:00,0.006603,0.006607,0.0066,0.006603,2928,151.546997,151.617004,151.459,151.537994,0,-0.101852,-0.092924,-0.091687
2024.12.11 05:00,0.006603,0.006603,0.006593,0.006593,3058,151.539001,151.766006,151.526993,151.748001,0,-0.101484,-0.080686,-0.083478
2024.12.11 06:00,0.006593,0.006599,0.006592,0.006593,4160,151.753006,151.789993,151.619995,151.761002,0,-0.090962,-0.081888,-0.084985
2024.12.11 07:00,0.006593,0.006608,0.006592,0.006599,8602,151.761002,151.794998,151.417007,151.654007,0,-0.095967,-0.085289,-0.104414
2024.12.11 08:00,0.006598,0.006606,0.006595,0.006599,7708,151.647995,151.716995,151.460999,151.626999,0,-0.086976,-0.083463,-0.088891
2024.12.11 09:00,0.006599,0.006601,0.006551,0.006553,49045,151.626007,152.723999,151.0,152.682999,0,-0.087197,0.492193,-0.092779
2024.12.11 10:00,0.006553,0.006562,0.006549,0.006557,9266,152.675003,152.794998,152.483994,152.589005,0,-0.099926,-0.079818,-0.091864
2024.12.11 11:00,0.006557,0.00656,0.006553,0.006559,3331,152.593994,152.710999,152.507996,152.550995,0,-0.097497,-0.080584,-0.088727
2024.12.11 12:00,0.00656,0.00656,0.006553,0.006555,6155,152.546005,152.705002,152.524002,152.651993,0,-0.0915,-0.084981,-0.096688
2024.12.11 13:00,0.006555,0.006581,0.006546,0.00657,24809,152.649994,152.863998,152.048996,152.291,0,-0.098951,-0.096406,-0.084004
2024.12.11 14:00,0.00657,0.006586,0.006569,0.006577,21337,152.296005,152.330002,151.914993,152.134003,0,-0.099829,-0.089289,-0.088998
2024.12.11 15:00,0.006577,0.00658,0.00656,0.006564,17209,152.138,152.520004,152.076996,152.457001,0,-0.092593,-0.089766,-0.099266
2024.12.11 16:00,0.006563,0.006572,0.006559,0.006568,11089,152.457993,152.557999,152.237,152.339005,0,-0.09573,-0.08789,-0.085659
2024.12.11 17:00,0.006568,0.00657,0.00656,0.006562,3279,152.337006,152.542007,152.309998,152.494003,0,-0.091363,-0.091414,-0.089828
2024.12.11 18:00,0.006562,0.006569,0.006553,0.006553,5258,152.496002,152.690994,152.313004,152.673996,0,-0.089129,-0.082831,-0.083776
2024.12.11 19:00,0.006553,0.00656,0.006552,0.006555,12730,152.675995,152.718994,152.528,152.645996,0,-0.093843,-0.088978,-0.10233
2024.12.11 20:00,0.006555,0.00656,0.006555,0.006557,3099,152.647003,152.647003,152.518997,152.591003,0,-0.091698,-0.091586,-0.082231
2024.12.11 21:00,0.006557,0.006563,0.006557,0.006563,4121,152.587997,152.598999,152.408005,152.410995,0,-0.090227,-0.03866,-0.04165
2024.12.11 23:00,0.006562,0.00657,0.006561,0.006569,0,152.404999,152.449005,152.229996,152.257996,0,-0.033213,-0.022999,-0.027823
2024.12.12 00:00,0.00657,0.006576,0.006566,0.006572,4734,152.261993,152.339005,152.093002,152.182999,0,-0.039283,-0.024871,-0.022322
2024.12.12 01:00,0.006572,0.006582,0.006572,0.006582,5398,152.186996,152.197998,151.947006,151.977997,0,-0.037321,-0.029041,-0.036954
2024.12.12 02:00,0.006582,0.006583,0.006567,0.006567,3907,151.975006,152.320007,151.947998,152.317993,0,-0.043472,-0.041574,-0.041458
2024.12.12 03:00,0.006566,0.006572,0.006563,0.006565,2514,152.309998,152.414993,152.207001,152.354996,0,-0.045648,-0.046324,-0.03207
2024.12.12 04:00,0.006565,0.006572,0.006564,0.006572,1649,152.350006,152.391006,152.177002,152.190002,0,-0.04488,-0.027893,-0.029326
2024.12.12 05:00,0.006568,0.006571,0.006555,0.006559,5553,152.188995,152.608994,152.177002,152.494995,0,-0.042059,0.006837,-0.032727
2024.12.12 06:00,0.006559,0.00656,0.006547,0.00656,4605,152.490997,152.774002,152.453995,152.483002,0,-0.032283,-0.026583,-0.032358
2024.12.12 07:00,0.00656,0.006569,0.006555,0.006556,6805,152.479004,152.587006,152.268997,152.569,0,-0.031701,-0.038824,-0.036971
2024.12.12 08:00,0.006555,0.006564,0.006553,0.006559,8877,152.570999,152.660004,152.360001,152.5,0,-0.046502,-0.02547,-0.037732
2024.12.12 09:00,0.006559,0.006561,0.006553,0.006558,4651,152.496002,152.628998,152.440994,152.524002,0,-0.038778,-0.025202,-0.038491
2024.12.12 10:00,0.006557,0.006572,0.006557,0.006567,5269,152.522995,152.537994,152.197998,152.315002,0,-0.040853,-0.025741,-0.038467
2024.12.12 11:00,0.006568,0.006574,0.006566,0.006573,4800,152.315002,152.343002,152.158997,152.184998,0,-0.04328,-0.044612,-0.047465
2024.12.12 12:00,0.006572,0.006576,0.006565,0.006569,6086,152.184998,152.362,152.113998,152.270004,0,-0.039073,-0.034312,-0.039831
2024.12.12 13:00,0.006568,0.006589,0.006563,0.006579,24058,152.266998,152.382996,151.815994,152.029007,0,-0.01365,-0.047899,-0.030224
2024.12.12 14:00,0.006579,0.006586,0.006563,0.00657,17226,152.033005,152.399002,151.873001,152.242004,0,-0.029657,-0.035767,-0.035008
2024.12.12 15:00,0.00657,0.006576,0.006564,0.006568,10326,152.244995,152.380997,152.102997,152.289001,0,-0.046466,-0.02331,-0.047238
2024.12.12 16:00,0.006568,0.006578,0.006567,0.006578,7512,152.279999,152.313995,152.039001,152.074997,0,-0.03746,-0.028663,-0.041553
2024.12.12 17:00,0.006578,0.006579,0.006568,0.006569,4416,152.074997,152.300003,152.035995,152.264008,0,-0.046658,-0.037212,-0.033835
2024.12.12 18:00,0.00657,0.00657,0.006558,0.00656,7540,152.257996,152.522995,152.233994,152.481995,0,-0.037484,-0.026997,-0.031351
2024.12.12 19:00,0.00656,0.006562,0.006557,0.006557,6525,152.475006,152.546997,152.431,152.537003,0,-0.038225,-0.026824,-0.02823
2024.12.12 20:00,0.006557,0.006557,0.006551,0.006552,7050,152.537994,152.675003,152.518997,152.656998,0,-0.038201,-0.021856,-0.031847
2024.12.12 21:00,0.006551,0.006555,0.006551,0.006553,4499,152.658997,152.690994,152.587006,152.602005,0,-0.04254,-0.031701,0.011497
2024.12.12 23:00,0.006554,0.006559,0.006551,0.006553,0,152.565994,152.641998,152.445007,152.580994,0,-0.005196,0.017261,0.020872
2024.12.13 00:00,0.006554,0.006555,0.006538,0.006544,4221,152.589005,152.951996,152.550003,152.822998,0,-2.2e-05,0.005302,-0.011262
2024.12.13 01:00,0.006543,0.006549,0.006539,0.006546,1466,152.820999,152.953003,152.690994,152.766998,0,-0.024425,-0.007582,-0.001951
2024.12.13 02:00,0.006547,0.006552,0.00654,0.006541,639,152.759995,152.917999,152.639999,152.904999,0,-0.0128,-0.014848,-0.034859
2024.12.13 03:00,0.00654,0.006542,0.006535,0.00654,667,152.901001,153.050003,152.869995,152.897003,0,-0.016107,-0.011542,0.008196
2024.12.13 04:00,0.006541,0.006541,0.006533,0.006539,468,152.895996,153.087997,152.884003,152.955002,0,-0.018967,-0.002185,-0.014727
2024.12.13 05:00,0.006535,0.006541,0.006535,0.006541,522,152.951996,153.033997,152.875,152.895004,0,-0.011812,0.006817,-0.013187
2024.12.13 06:00,0.006541,0.00655,0.006537,0.006549,451,152.891006,153.001007,152.669998,152.710999,0,-0.02564,0.001756,-0.027586
2024.12.13 07:00,0.006549,0.006549,0.006541,0.006545,820,152.705994,152.895004,152.705994,152.794006,0,-0.013187,0.000729,-0.017287
2024.12.13 08:00,0.006544,0.006545,0.006529,0.006529,1781,152.794006,153.184006,152.789993,153.158005,0,-0.009463,0.010065,-0.006916
2024.12.13 09:00,0.006529,0.006603,0.006516,0.006591,46598,153.156006,153.477997,153.115005,153.412994,0,-0.009606,-1.680157,-1.702453
2024.12.13 10:00,0.006591,0.006593,0.006515,0.006589,5997,153.406006,153.496002,153.363007,153.466003,0,-0.004061,-1.68699,-1.697908
2024.12.13 11:00,0.006589,0.006589,0.00651,0.006582,8263,153.466003,153.623993,153.438995,153.623993,0,-0.025956,-1.682408,-1.706027
2024.12.13 12:00,0.006582,0.006595,0.006508,0.006589,11094,153.623001,153.667007,153.315002,153.455002,0,-0.009975,-1.69647,-1.698414
2024.12.13 13:00,0.00659,0.006597,0.006514,0.006596,9237,153.455002,153.531998,153.257004,153.296997,0,-0.016487,-1.684434,-1.689961
2024.12.13 14:00,0.006596,0.006597,0.00651,0.006511,11759,153.298996,153.630997,153.294998,153.595993,0,-0.021171,-1.699456,-0.009754
2024.12.13 15:00,0.006583,0.006589,0.006507,0.00658,14106,153.597,153.688995,153.453003,153.664001,0,-0.008343,-1.696415,-1.699863
2024.12.13 16:00,0.006508,0.006585,0.006504,0.006577,12193,153.664993,153.778,153.548004,153.755997,0,-0.026466,-1.687718,-1.710992
2024.12.13 17:00,0.006577,0.00658,0.006502,0.00658,7287,153.751007,153.802002,153.679001,153.686996,0,-0.014992,-1.691771,-1.699767
2024.12.13 18:00,0.00658,0.00658,0.006505,0.006578,3923,153.692001,153.742996,153.656998,153.699997,0,-0.015093,-1.69286,-1.689658
2024.12.13 19:00,0.006579,0.00658,0.006505,0.00658,4638,153.694,153.746994,153.673996,153.679993,0,-0.019091,-1.698308,-1.692763
2024.12.13 20:00,0.00658,0.006581,0.006506,0.006581,3878,153.684998,153.729004,153.645996,153.651001,0,-0.012919,-1.693407,-1.698411
2024.12.13 21:00,0.006581,0.006584,0.006508,0.00658,2676,153.656006,153.697006,153.576996,153.682999,0,-0.028164,-1.682111,-1.695769
2024.12.16 00:00,0.006589,0.006594,0.006499,0.006574,9487,153.449997,153.897995,153.320007,153.811005,0,-0.028166,-1.666988,-1.685047
2024.12.16 01:00,0.006574,0.006578,0.006497,0.00657,4011,153.809006,153.931,153.699997,153.906006,0,-0.025652,-1.678101,-1.687422
2024.12.16 02:00,0.00657,0.006572,0.006497,0.006571,2298,153.906006,153.970993,153.839996,153.869995,0,-0.065645,-1.67932,-1.686156
2024.12.16 03:00,0.006571,0.006576,0.006502,0.006574,3287,153.873001,153.882004,153.746994,153.819,0,-0.071345,-1.690427,-1.693043
2024.12.16 04:00,0.006574,0.006578,0.006501,0.006577,1788,153.813004,153.893005,153.720993,153.744995,0,-0.070514,-1.687549,-1.69999
2024.12.16 05:00,0.006577,0.006582,0.006503,0.00658,2527,153.740997,153.772995,153.600006,153.656998,0,0.002187,-1.682041,-1.69286
2024.12.16 06:00,0.00658,0.006585,0.006576,0.00658,2845,153.660004,153.770004,153.542007,153.643997,0,-1.701873,-1.681721,-1.679859
2024.12.16 07:00,0.00658,0.006588,0.006508,0.006586,5176,153.647003,153.688004,153.473007,153.526001,0,-0.019162,-1.693391,-1.688767
2024.12.16 08:00,0.006586,0.00659,0.006506,0.006579,6240,153.526001,153.722,153.440002,153.692993,0,-0.017731,-1.694932,-1.69421
2024.12.16 09:00,0.006579,0.006582,0.006503,0.006574,4831,153.694,153.828995,153.639999,153.802002,0,-0.053812,-1.698957,-1.699178
2024.12.16 10:00,0.006574,0.006581,0.006502,0.006573,3584,153.798004,153.845001,153.641998,153.830002,0,-0.046174,-1.689409,-1.692469
2024.12.16 11:00,0.006572,0.006577,0.006502,0.006574,3344,153.826996,153.858994,153.738998,153.798004,0,-0.048335,-1.693994,-1.69518
2024.12.16 12:00,0.006574,0.006575,0.006489,0.006562,6188,153.798996,154.097,153.774994,154.082001,0,-0.001922,-1.683739,-1.689441
2024.12.16 13:00,0.006562,0.006567,0.006489,0.006565,9451,154.082001,154.102005,153.966995,154.024002,0,-0.006927,-1.69046,-1.701076
2024.12.16 14:00,0.006564,0.006566,0.006479,0.006553,13045,154.018005,154.358994,154.001999,154.298996,0,-0.002277,-1.690676,-1.69713
2024.12.16 15:00,0.006553,0.006556,0.006475,0.006556,16600,154.302994,154.477997,154.223007,154.233002,0,-0.049763,-1.690978,-1.700972
2024.12.16 16:00,0.006555,0.00656,0.006553,0.006558,10119,154.233994,154.311996,154.123993,154.171005,0,-1.698494,-1.684971,-1.685494
2024.12.16 17:00,0.006559,0.006563,0.006555,0.006559,5023,154.175003,154.251007,154.048996,154.153,0,-1.695702,-1.679651,-1.690732
2024.12.16 18:00,0.00656,0.006564,0.006557,0.006563,2927,154.147995,154.201996,154.044006,154.052002,0,-1.704855,-1.686271,-1.682657
2024.12.16 19:00,0.006564,0.006565,0.00656,0.00656,7580,154.054001,154.136993,154.001999,154.117996,0,-1.686349,-1.679073,-1.678975
2024.12.16 20:00,0.00656,0.006562,0.006559,0.00656,3586,154.123001,154.162994,154.084,154.149994,0,-1.700726,-1.69144,-1.69935
2024.12.16 21:00,0.006559,0.00656,0.006557,0.00656,1545,154.151993,154.218002,154.106995,154.115005,0,-1.697608,-1.667973,-1.664362
2024.12.16 23:00,0.006559,0.006562,0.006554,0.006561,0,154.121002,154.261002,154.070999,154.080002,0,-1.682425,-1.678439,-1.664209
2024.12.17 00:00,0.006561,0.006564,0.006551,0.006559,5726,154.093994,154.339996,154.007004,154.145004,0,-1.679898,-1.660877,-1.671121
2024.12.17 01:00,0.006559,0.006566,0.006555,0.006561,4765,154.136002,154.231995,153.968002,154.091995,0,-1.67669,-1.679869,-1.676203
2024.12.17 02:00,0.00656,0.006574,0.00656,0.006565,5513,154.091995,154.106995,153.794998,153.998993,0,-1.679583,-1.680614,-1.676067
2024.12.17 03:00,0.006564,0.00657,0.006561,0.006562,2771,154.001007,154.084,153.865997,154.044998,0,-1.668207,-1.670575,-1.664041
2024.12.17 04:00,0.006563,0.006564,0.006557,0.006562,0,154.039001,154.207001,153.996002,154.065002,0,-1.686606,-1.661471,-1.684045
2024.12.17 05:00,0.00656,0.006564,0.006555,0.00656,2394,154.063004,154.261002,154.024994,154.134003,0,-1.694067,-1.667259,-1.683359
2024.12.17 06:00,0.006559,0.006564,0.006558,0.006559,2778,154.128006,154.171997,154.026001,154.134995,0,-1.686486,-1.679874,-1.672726
2024.12.17 07:00,0.006559,0.006568,0.006558,0.006562,6111,154.136993,154.167007,153.919998,154.063995,0,-1.681496,-1.678235,-1.683038
2024.12.17 08:00,0.006562,0.006573,0.006558,0.006571,5636,154.065994,154.167999,153.802994,153.856003,0,-1.682488,-1.665461,-1.672164
2024.12.17 09:00,0.006572,0.006578,0.006569,0.006574,5201,153.854996,153.912003,153.705002,153.792007,0,-1.68183,-1.671558,-1.677623
2024.12.17 10:00,0.006574,0.006578,0.00657,0.006572,2557,153.792999,153.884003,153.707993,153.839996,0,-1.677006,-1.674548,-1.66774
2024.12.17 11:00,0.006572,0.006578,0.006568,0.006569,3865,153.839996,153.927994,153.679001,153.904999,0,-1.674649,-1.668662,-1.674826
2024.12.17 12:00,0.006568,0.006574,0.006568,0.006572,2259,153.906998,153.938995,153.804993,153.817993,0,-1.674056,-1.679035,-1.668884
2024.12.17 13:00,0.006572,0.00658,0.006566,0.006575,9519,153.815002,153.996994,153.649994,153.770996,0,-1.685671,-1.674306,-1.679741
2024.12.17 14:00,0.006575,0.006584,0.006575,0.006584,10251,153.768997,153.774002,153.548996,153.557999,0,-1.682747,-1.677175,-1.674641
2024.12.17 15:00,0.006584,0.006591,0.006583,0.006586,9746,153.557007,153.576996,153.417007,153.511993,0,-1.670572,-1.683452,-1.686289
2024.12.17 16:00,0.006586,0.006591,0.00658,0.006591,5946,153.503006,153.641998,153.393997,153.412003,0,-1.67786,-1.671955,-1.678447
2024.12.17 17:00,0.00659,0.006597,0.00659,0.006597,5276,153.412994,153.421997,153.238007,153.266998,0,-1.676926,-1.665437,-1.671456
2024.12.17 18:00,0.006597,0.006601,0.006591,0.006597,5200,153.268997,153.391998,153.154999,153.274994,0,-1.669956,-1.662805,-1.679452
2024.12.17 19:00,0.006597,0.006598,0.006593,0.006593,3227,153.274994,153.343994,153.223007,153.339005,0,-1.667977,-1.661927,-1.674482
2024.12.17 20:00,0.006593,0.006594,0.006584,0.006586,4765,153.339996,153.561996,153.324005,153.520996,0,-1.678639,-1.670985,-1.672242
2024.12.17 21:00,0.006586,0.006588,0.006582,0.006586,1402,153.516998,153.595993,153.445999,153.445999,0,-1.666484,-1.666383,-1.620295
2024.12.17 23:00,0.006588,0.006591,0.006582,0.006583,0,153.414993,153.593994,153.380005,153.578995,0,-1.652951,-1.646449,-1.672571
2024.12.18 00:00,0.006582,0.006584,0.006574,0.006578,6001,153.567993,153.768997,153.537994,153.684006,0,-1.666173,-1.654637,-1.650562
2024.12.18 01:00,0.006578,0.006582,0.006574,0.006582,3696,153.688004,153.785004,153.574005,153.591003,0,-1.659046,-1.644496,-1.661495
2024.12.18 02:00,0.006582,0.006582,0.006575,0.006578,1981,153.589996,153.748993,153.572006,153.688995,0,-1.657738,-1.654041,-1.655551
2024.12.18 03:00,0.006578,0.006582,0.006576,0.00658,1374,153.688004,153.727997,153.557999,153.617004,0,-1.659865,-1.640033,-1.652866
2024.12.18 04:00,0.00658,0.006592,0.00658,0.006588,2645,153.613007,153.654007,153.348999,153.442993,0,-1.666778,-1.649968,-1.651855
2024.12.18 05:00,0.006589,0.006593,0.006588,0.006592,1818,153.440994,153.464005,153.335999,153.352005,0,-1.661353,-1.648475,-1.652974
2024.12.18 06:00,0.006592,0.006593,0.006586,0.006587,2827,153.352997,153.494003,153.330002,153.472,0,-1.65677,-1.653985,-1.657823
2024.12.18 07:00,0.006586,0.006592,0.00658,0.006582,3914,153.466995,153.649994,153.348007,153.574005,0,-1.662764,-1.648976,-1.644496
2024.12.18 08:00,0.006582,0.006584,0.00658,0.006582,4597,153.574005,153.621994,153.516006,153.565002,0,-1.657856,-1.644185,-1.647037
2024.12.18 09:00,0.006583,0.006584,0.006575,0.00658,6095,153.561996,153.742996,153.529007,153.630005,0,-1.651742,-1.64565,-1.654317
2024.12.18 10:00,0.00658,0.006584,0.006577,0.006582,3241,153.628006,153.695999,153.546997,153.574997,0,-1.650994,-1.652113,-1.657031
2024.12.18 11:00,0.006582,0.006583,0.006577,0.006578,2518,153.574005,153.697006,153.565994,153.660995,0,-1.652001,-1.65957,-1.650657
2024.12.18 12:00,0.006579,0.00658,0.006572,0.006572,3085,153.658005,153.828003,153.632004,153.820999,0,-1.655746,-1.656316,-1.660322
2024.12.18 13:00,0.006572,0.006572,0.006566,0.00657,7122,153.824997,153.953003,153.804993,153.847,0,-1.66487,-1.655884,-1.651578
2024.12.18 14:00,0.006571,0.006576,0.006568,0.006574,7440,153.841995,153.903,153.699997,153.781006,0,-1.649655,-1.64343,-1.666621
2024.12.18 15:00,0.006574,0.006578,0.006562,0.006564,7581,153.779007,154.054001,153.675995,154.020996,0,-1.661441,-1.654099,-1.663261
2024.12.18 16:00,0.006563,0.006566,0.00656,0.006564,7378,154.020996,154.089005,153.960007,153.996002,0,-1.649983,-1.660285,-1.638267
2024.12.18 17:00,0.006564,0.006576,0.006564,0.006572,6115,153.998993,154.018005,153.737,153.826004,0,-1.66027,-1.657313,-1.653747
2024.12.18 18:00,0.006572,0.006576,0.006572,0.006575,3997,153.820007,153.835999,153.707001,153.725006,0,-1.663742,-1.638869,-1.633752
2024.12.18 19:00,0.006574,0.006574,0.006536,0.006536,33019,153.720993,154.660995,153.703003,154.647003,0,-1.662218,-1.577045,-1.648226
2024.12.18 20:00,0.006536,0.00655,0.006531,0.006535,19143,154.647995,154.776993,154.324005,154.686005,0,-1.672801,-1.652251,-1.66382
2024.12.18 21:00,0.006535,0.006543,0.006528,0.006529,3496,154.688004,154.869995,154.498001,154.815002,0,-1.671992,-1.651233,-1.663914
2024.12.18 23:00,0.006531,0.006543,0.006529,0.006533,0,154.733994,154.768997,154.427994,154.699005,0,-1.594455,-1.592908,-1.629975
2024.12.19 00:00,0.006533,0.006539,0.006524,0.006526,6187,154.664993,154.895004,154.531998,154.817993,0,-1.603064,-1.60342,-1.596511
2024.12.19 01:00,0.006526,0.006535,0.006525,0.006534,4975,154.822998,154.862,154.626999,154.643005,0,-1.605297,-1.593103,-1.597396
2024.12.19 02:00,0.006535,0.006543,0.006507,0.006515,10463,154.643005,155.278,154.462006,155.084,0,-1.597347,-1.615237,-1.592058
2024.12.19 03:00,0.006516,0.006522,0.006501,0.006508,8943,155.091995,155.442001,154.953003,155.264008,0,-1.61951,-1.614051,-1.618771
2024.12.19 04:00,0.006509,0.006514,0.006506,0.006506,1472,155.259003,155.352005,155.139999,155.304993,0,-1.63592,-1.612713,-1.588908
2024.12.19 05:00,0.006506,0.006511,0.0065,0.00651,4211,155.302002,155.472,155.188004,155.225998,0,-1.625849,-1.601765,-1.616172
2024.12.19 06:00,0.00651,0.006524,0.006471,0.006473,22125,155.220001,156.145996,154.910995,156.104004,0,-1.610379,-1.619056,-1.628059
2024.12.19 07:00,0.006473,0.006474,0.006444,0.006458,23847,156.100998,156.781998,156.095993,156.470001,0,-1.610917,-1.631982,-1.623295
2024.12.19 08:00,0.006458,0.00646,0.006433,0.006442,19577,156.472,157.067993,156.427994,156.876007,0,-1.631605,-1.629228,-1.644716
2024.12.19 09:00,0.006442,0.006448,0.00643,0.006435,13133,156.867996,157.139999,156.716995,157.039001,0,-1.619006,-1.630152,-1.638843
2024.12.19 10:00,0.006435,0.006444,0.006434,0.006438,5537,157.039993,157.063004,156.819,156.951996,0,-1.638698,-1.623844,-1.636311
2024.12.19 11:00,0.006438,0.00645,0.006434,0.006449,5255,156.947006,157.061996,156.669998,156.688995,0,-1.63769,-1.619221,-1.626194
2024.12.19 12:00,0.006448,0.00645,0.006438,0.006439,5743,156.692993,156.977997,156.684006,156.938995,0,-1.638191,-1.633229,-1.635374
2024.12.19 13:00,0.00644,0.006462,0.006435,0.00644,15636,156.938004,157.050003,156.391006,156.906998,0,-1.637777,-1.640152,-1.639545
2024.12.19 14:00,0.00644,0.006442,0.006423,0.006429,18785,156.908005,157.348999,156.867996,157.171005,0,-1.646394,-1.624653,-1.625815
2024.12.19 15:00,0.006429,0.006431,0.006407,0.006408,14206,157.169006,157.735001,157.149002,157.712006,0,-1.643531,-1.640104,-1.657072
2024.12.19 16:00,0.006407,0.006413,0.006404,0.006407,14686,157.712997,157.807007,157.585007,157.727997,0,-1.642415,-1.639589,-1.636527
2024.12.19 17:00,0.006407,0.006415,0.006405,0.006409,7872,157.729996,157.768005,157.522003,157.694,0,-1.639983,-1.637362,-1.651245
2024.12.19 18:00,0.006409,0.006415,0.006407,0.006415,9095,157.690002,157.729996,157.524002,157.541,0,-1.638526,-1.639361,-1.644206
2024.12.19 19:00,0.006415,0.006422,0.006413,0.006419,6953,157.535995,157.554001,157.343994,157.419998,0,-1.632893,-1.629264,-1.644623
2024.12.19 20:00,0.006419,0.006425,0.006419,0.006423,5172,157.421005,157.436996,157.300995,157.328003,0,-1.649496,-1.646862,-1.63751
2024.12.19 21:00,0.006423,0.006424,0.006419,0.006419,3478,157.330002,157.451004,157.317001,157.417007,0,-1.651365,-1.65075,-1.641632
2024.12.19 23:00,0.006419,0.00642,0.006409,0.006409,0,157.419006,157.669006,157.382004,157.647995,0,-1.626251,-1.618764,-1.62958
2024.12.20 00:00,0.00641,0.006412,0.006398,0.006407,9059,157.645996,157.925003,157.597,157.742996,0,-1.638372,-1.639419,-1.651527
2024.12.20 01:00,0.006407,0.006431,0.006404,0.006425,7075,157.731995,157.783005,157.139999,157.276001,0,-1.642791,-1.631101,-1.646087
2024.12.20 02:00,0.006425,0.006441,0.006421,0.006437,6864,157.276001,157.378006,156.876999,156.972,0,-1.63903,-1.621602,-1.620125
2024.12.20 03:00,0.006437,0.006443,0.006429,0.006433,4255,156.966995,157.156998,156.830002,157.063995,0,-1.623907,-1.622799,-1.627607
2024.12.20 04:00,0.006434,0.006434,0.006423,0.006424,2686,157.061996,157.311996,157.052002,157.296005,0,-1.633626,-1.627696,-1.629754
2024.12.20 05:00,0.006427,0.006438,0.006427,0.006435,2606,157.298996,157.317993,156.960007,157.035004,0,-1.712302,-1.620201,-1.634845
2024.12.20 06:00,0.006435,0.006442,0.006431,0.006437,6481,157.031006,157.134003,156.863007,156.979996,0,-1.625104,-1.631716,-1.628121
2024.12.20 07:00,0.006437,0.006446,0.006435,0.006443,4278,156.983002,157.056,156.759995,156.828003,0,-1.643774,-1.625032,-1.6208
2024.12.20 08:00,0.006444,0.006447,0.006438,0.006441,5788,156.830994,156.966995,156.729996,156.884003,0,-1.639257,-1.619091,-1.628606
2024.12.20 09:00,0.006441,0.006452,0.00644,0.006448,4893,156.882996,156.917007,156.615005,156.720001,0,-1.625448,-1.612296,-1.645174
2024.12.20 10:00,0.006448,0.006452,0.006446,0.006446,3820,156.716995,156.772003,156.630005,156.738007,0,-1.63704,-1.627295,-1.615068
2024.12.20 11:00,0.006447,0.00645,0.006443,0.006446,2506,156.740997,156.843994,156.671997,156.772003,0,-1.636791,-1.62122,-1.63704
2024.12.20 12:00,0.006446,0.006452,0.006444,0.006448,3247,156.772995,156.817001,156.589996,156.733002,0,-1.633889,-1.611303,-1.634128
2024.12.20 13:00,0.006447,0.006463,0.006444,0.006455,12871,156.735001,156.798004,156.347,156.516006,0,-1.626924,-1.620095,-1.597339
2024.12.20 14:00,0.006458,0.006464,0.00645,0.006454,9774,156.511993,156.660004,156.315002,156.595001,0,-1.621249,-1.623997,-1.640329
2024.12.20 15:00,0.006453,0.00646,0.006446,0.006457,12962,156.589996,156.772003,156.397995,156.501999,0,-1.625003,-1.611213,-1.631317
2024.12.20 16:00,0.006457,0.006474,0.006454,0.006473,10855,156.503006,156.582001,156.095993,156.106003,0,-1.627328,-1.631982,-1.630058
2024.12.20 17:00,0.006473,0.00648,0.006471,0.006475,5884,156.104004,156.160004,155.947006,156.069,0,-1.624387,-1.626018,-1.62885
2024.12.20 18:00,0.006475,0.006477,0.006469,0.006475,5437,156.072006,156.212006,156.018005,156.087006,0,-1.628611,-1.613622,-1.634926
2024.12.20 19:00,0.006475,0.006479,0.006473,0.006477,4242,156.082993,156.108994,155.968002,156.003006,0,-1.621125,-1.623201,-1.622454
2024.12.20 20:00,0.006477,0.006478,0.006463,0.006463,6746,156.009003,156.358994,155.992004,156.356995,0,-1.632089,-1.623371,-1.63009
2024.12.20 21:00,0.006462,0.006466,0.006458,0.00646,2721,156.358994,156.470993,156.278,156.406998,0,-1.624287,-1.610926,-1.608232
2024.12.23 00:00,0.006452,0.006458,0.006449,0.00645,4294,156.559006,156.651001,156.421005,156.606003,0,-1.5882,-1.58629,-1.579258
2024.12.23 01:00,0.006451,0.006461,0.006447,0.006458,3223,156.604996,156.690994,156.343994,156.453995,0,-1.580089,-1.569193,-1.595307
2024.12.23 02:00,0.006458,0.006462,0.006452,0.006452,2775,156.449997,156.557999,156.328995,156.552994,0,-1.579306,-1.57814,-1.574301
2024.12.23 03:00,0.006452,0.006456,0.00645,0.006454,1395,156.554001,156.610001,156.481995,156.516006,0,-1.571246,-1.575329,-1.57333
2024.12.23 04:00,0.006454,0.006455,0.006449,0.00645,2130,156.516998,156.626007,156.481995,156.576996,0,-1.563206,-1.563328,-1.550251
2024.12.23 05:00,0.006451,0.006452,0.006448,0.006448,1675,156.576996,156.662003,156.550995,156.641006,0,-1.575159,-1.572302,-1.566179
2024.12.23 06:00,0.006448,0.006454,0.006448,0.00645,2728,156.643005,156.664001,156.516006,156.610992,0,-1.565128,-1.561334,-1.560216
2024.12.23 07:00,0.00645,0.00645,0.006442,0.006442,2640,156.615005,156.809998,156.608002,156.792999,0,-1.566655,-1.581257,-1.561708
2024.12.23 08:00,0.006442,0.006456,0.006442,0.006452,5520,156.794998,156.798996,156.457993,156.567001,0,-1.567705,-1.563316,-1.564292
2024.12.23 09:00,0.006452,0.006454,0.006444,0.006446,2239,156.572006,156.761002,156.483994,156.695999,0,-1.565845,-1.553323,-1.561036
2024.12.23 10:00,0.006446,0.006448,0.006441,0.006441,2186,156.697998,156.830002,156.651993,156.820007,0,-1.574605,-1.565149,-1.56461
2024.12.23 11:00,0.00644,0.006444,0.006438,0.00644,1649,156.820007,156.878998,156.744995,156.847,0,-1.563313,-1.549838,-1.5675
2024.12.23 12:00,0.00644,0.00644,0.006425,0.006427,4016,156.847,157.188004,156.839005,157.143997,0,-1.558089,-1.559505,-1.56251
2024.12.23 13:00,0.006428,0.006429,0.006423,0.006425,8087,157.134003,157.257004,157.100006,157.220993,0,-1.566511,-1.554816,-1.56686
2024.12.23 14:00,0.006425,0.006431,0.006423,0.006426,6292,157.210007,157.231995,157.044998,157.162994,0,-1.553624,-1.548182,-1.545193
2024.12.23 15:00,0.006425,0.00643,0.006423,0.006428,6083,157.175003,157.266998,157.076004,157.128006,0,-1.564393,-1.55501,-1.558623
2024.12.23 16:00,0.006428,0.006433,0.006425,0.006432,6015,157.130005,157.214005,157.020996,157.029007,0,-1.559871,-1.560449,-1.556372
2024.12.23 17:00,0.006433,0.006434,0.006427,0.006427,4073,157.028,157.173004,156.975006,157.156998,0,-1.567313,-1.5507,-1.551306
2024.12.23 18:00,0.006427,0.006431,0.006425,0.006427,3077,157.158005,157.209,157.065994,157.130005,0,-1.566971,-1.557096,-1.548517
2024.12.23 19:00,0.006428,0.006431,0.006427,0.006429,4242,157.128998,157.154999,157.052994,157.102997,0,-1.561405,-1.568269,-1.557807
2024.12.23 20:00,0.006429,0.006431,0.006427,0.006427,2026,157.097,157.154007,157.044998,157.141998,0,-1.560413,-1.560274,-1.560511
2024.12.23 21:00,0.006427,0.006429,0.006425,0.006427,580,157.143005,157.182007,157.085007,157.095993,0,-1.539979,-1.527727,-1.502399
2024.12.23 23:00,0.006425,0.00643,0.006423,0.006426,0,157.132004,157.238007,157.093994,157.169006,0,-1.559636,-1.573,-1.551205
2024.12.24 00:00,0.006426,0.006427,0.006417,0.006421,4247,157.175995,157.393005,157.153,157.311005,0,-1.55695,-1.571512,-1.572029
2024.12.24 01:00,0.006421,0.006431,0.006421,0.006429,2408,157.307007,157.309998,157.050995,157.126007,0,-1.558891,-1.56627,-1.568727
2024.12.24 02:00,0.006429,0.006431,0.006427,0.006429,1161,157.119003,157.177994,157.052994,157.119995,0,-1.572302,-1.568269,-1.562715
2024.12.24 03:00,0.006429,0.006431,0.006428,0.006431,534,157.119995,157.132996,157.046005,157.080002,0,-1.563613,-1.561281,-1.571103
2024.12.24 04:00,0.006431,0.006437,0.00643,0.006433,0,157.078003,157.089996,156.923996,157.009995,0,-1.569003,-1.560062,-1.573606
2024.12.26 05:00,0.006413,0.006417,0.006413,0.006416,1297,157.423996,157.432999,157.304001,157.348999,0,-1.499742,-1.480078,-1.488649
2024.12.26 06:00,0.006416,0.006417,0.006413,0.006415,950,157.348007,157.417999,157.322998,157.365997,0,-1.484743,-1.474796,-1.493497
2024.12.26 07:00,0.006415,0.006417,0.006412,0.006415,1397,157.367996,157.445999,157.332993,157.373001,0,-1.488418,-1.484791,-1.48836
2024.12.26 08:00,0.006415,0.006417,0.006413,0.006417,2081,157.373001,157.414993,157.335007,157.341995,0,-1.493885,-1.498951,-1.50594
2024.12.26 09:00,0.006417,0.006418,0.006412,0.006413,2714,157.343994,157.462997,157.302002,157.429001,0,-1.505416,-1.490222,-1.495744
2024.12.26 10:00,0.006413,0.006415,0.006412,0.006412,440,157.429993,157.455002,157.395996,157.438995,0,-1.497421,-1.499201,-1.481414
2024.12.26 11:00,0.006413,0.006413,0.006406,0.006407,1872,157.440994,157.589996,157.427994,157.585007,0,-1.486341,-1.494737,-1.493537
2024.12.26 12:00,0.006407,0.006407,0.006402,0.006404,3581,157.582993,157.664001,157.576996,157.643005,0,-1.475012,-1.485526,-1.490597
2024.12.26 13:00,0.006404,0.006407,0.006396,0.006396,5823,157.651001,157.843002,157.591995,157.832001,0,-1.483065,-1.500526,-1.484279
2024.12.26 14:00,0.006396,0.006396,0.006392,0.006392,5930,157.835999,157.945007,157.824005,157.932007,0,-1.487215,-1.488507,-1.486444
2024.12.26 15:00,0.006392,0.006394,0.006386,0.006386,7461,157.929993,158.072006,157.876007,158.065994,0,-1.491716,-1.47938,-1.485704
2024.12.26 16:00,0.006386,0.00639,0.006386,0.006389,4892,158.067993,158.084,157.979004,158.014008,0,-1.491458,-1.484487,-1.49499
2024.12.26 17:00,0.006389,0.006392,0.006384,0.006388,4074,158.013,158.072006,157.927002,158.037003,0,-1.430407,-1.48144,-1.481232
2024.12.26 18:00,0.006388,0.006395,0.006386,0.006392,5394,158.037003,158.074005,157.865005,157.931,0,-1.481464,-1.492841,-1.485437
2024.12.26 19:00,0.006392,0.006393,0.006388,0.00639,4940,157.923996,158.024002,157.912003,157.988998,0,-1.480488,-1.490917,-1.482232
2024.12.26 20:00,0.00639,0.006394,0.00639,0.00639,2028,157.981003,157.985992,157.882996,157.964996,0,-1.479226,-1.486369,-1.482715
2024.12.26 21:00,0.006391,0.006394,0.006388,0.006394,978,157.966003,158.035995,157.932007,157.932007,0,-1.492482,-1.53538,-1.53538
2024.12.26 23:00,0.006387,0.006396,0.006387,0.006392,0,157.863998,157.886002,157.666,157.738998,0,-1.317972,-1.330503,-1.293436
2024.12.27 00:00,0.006392,0.006397,0.006384,0.006386,5676,157.763,157.953003,157.651993,157.916,0,-1.323662,-1.328717,-1.33571
2024.12.27 01:00,0.006386,0.006396,0.006385,0.006394,5990,157.916,157.947998,157.675003,157.744995,0,-1.330926,-1.327281,-1.336146
2024.12.27 02:00,0.006393,0.006403,0.006392,0.0064,4915,157.740005,157.766006,157.501999,157.597,0,-1.320444,-1.325209,-1.334797
2024.12.27 03:00,0.006399,0.0064,0.006394,0.006397,1521,157.600998,157.718002,157.589996,157.645996,0,-1.321375,-1.327793,-1.322721
2024.12.27 04:00,0.006397,0.006401,0.006396,0.0064,1158,157.643005,157.673996,157.541,157.569,0,-1.338498,-1.315413,-1.318996
2024.12.27 05:00,0.0064,0.0064,0.006392,0.006392,1354,157.570999,157.772003,157.552994,157.761993,0,-1.326441,-1.315199,-1.328671
2024.12.27 06:00,0.006393,0.006396,0.00639,0.006393,2666,157.757004,157.815994,157.654999,157.751999,0,-1.333713,-1.319501,-1.330914
2024.12.27 07:00,0.006392,0.006394,0.006389,0.00639,2849,157.744995,157.856003,157.727005,157.809998,0,-1.336985,-1.318156,-1.327716
2024.12.27 08:00,0.00639,0.006392,0.006386,0.00639,2984,157.813995,157.917007,157.779007,157.837006,0,-1.324466,-1.321214,-1.330239
2024.12.27 09:00,0.00639,0.006392,0.006387,0.006388,1895,157.848007,157.899994,157.746002,157.878006,0,-1.331964,-1.312679,-1.334492
2024.12.27 10:00,0.006388,0.006395,0.006388,0.006393,1846,157.875,157.880005,157.697998,157.755005,0,-1.324234,-1.325833,-1.33392
2024.12.27 11:00,0.006393,0.006399,0.006392,0.006397,2104,157.755997,157.789001,157.615997,157.649002,0,-1.343439,-1.341581,-1.325727
2024.12.27 12:00,0.006397,0.0064,0.006391,0.006391,3023,157.653,157.796005,157.580002,157.794998,0,-1.325969,-1.329998,-1.324962
2024.12.27 13:00,0.006391,0.006396,0.006388,0.00639,3091,157.794006,157.871994,157.679001,157.794998,0,-1.32848,-1.319064,-1.312717
2024.12.27 14:00,0.006391,0.006396,0.006386,0.00639,7128,157.792999,157.897003,157.684006,157.815002,0,-1.316713,-1.324069,-1.320485
2024.12.27 15:00,0.00639,0.006402,0.006388,0.0064,9575,157.813995,157.876007,157.528,157.572006,0,-1.320236,-1.314617,-1.309803
2024.12.27 16:00,0.0064,0.006409,0.006394,0.006394,11518,157.569,157.737,157.343994,157.731003,0,-1.32815,-1.325579,-1.322153
2024.12.27 17:00,0.006394,0.006396,0.006389,0.00639,2842,157.729004,157.845993,157.671005,157.820999,0,-1.326976,-1.311068,-1.314233
2024.12.27 18:00,0.00639,0.006392,0.006388,0.006389,2539,157.824997,157.856003,157.761993,157.830994,0,-1.324732,-1.328671,-1.311976
2024.12.27 19:00,0.006389,0.006389,0.006384,0.006384,4512,157.828003,157.944,157.824997,157.944,0,-1.31466,-1.30598,-1.31466
2024.12.27 20:00,0.006384,0.006388,0.006384,0.006386,3517,157.942993,157.945007,157.845001,157.903,0,-1.315667,-1.313731,-1.310459
2024.12.27 21:00,0.006386,0.00639,0.006386,0.00639,2735,157.904007,157.925003,157.772003,157.772003,0,-1.320197,-1.277486,-1.277486
2024.12.30 00:00,0.006386,0.006394,0.006382,0.006384,5546,157.897003,157.990005,157.688004,157.942993,0,-1.311584,-1.291377,-1.301394
2024.12.30 01:00,0.006384,0.006393,0.006384,0.00639,1901,157.940994,157.960999,157.722,157.792999,0,-1.307127,-1.300915,-1.298482
2024.12.30 02:00,0.00639,0.006394,0.006389,0.00639,1519,157.794006,157.828003,157.690002,157.809006,0,-1.308986,-1.293376,-1.326724
2024.12.30 03:00,0.00639,0.00639,0.006388,0.00639,1221,157.807999,157.848999,157.789993,157.809006,0,-1.317729,-1.307712,-1.302239
2024.12.30 04:00,0.00639,0.006392,0.006389,0.006392,538,157.815994,157.822998,157.751007,157.789993,0,-1.303981,-1.293215,-1.332201
2024.12.30 05:00,0.00639,0.006392,0.006384,0.006388,1883,157.791,157.962997,157.764008,157.858002,0,-1.309126,-1.306215,-1.302231
2024.12.30 06:00,0.006388,0.006389,0.006379,0.006388,3903,157.852997,158.074997,157.813995,157.871002,0,-1.310612,-1.294978,-1.315231
2024.12.30 07:00,0.006387,0.00639,0.006386,0.006386,2593,157.871002,157.891998,157.800995,157.886002,0,-1.311708,-1.306478,-1.305711
2024.12.30 08:00,0.006387,0.00639,0.006385,0.006386,2167,157.888,157.932007,157.807999,157.901993,0,-1.314935,-1.301232,-1.321703
2024.12.30 09:00,0.006386,0.006388,0.006382,0.006388,2674,157.901993,157.987,157.847,157.873001,0,-1.308578,-1.303486,-1.31723
2024.12.30 10:00,0.006388,0.006392,0.006387,0.006391,1974,157.871002,157.882004,157.75,157.781998,0,-1.313974,-1.304438,-1.311962
2024.12.30 11:00,0.006391,0.0064,0.006391,0.006397,2828,157.779007,157.783005,157.554001,157.634995,0,-1.312969,-1.291797,-1.311719
2024.12.30 12:00,0.006397,0.006403,0.006396,0.0064,2700,157.632996,157.649994,157.483002,157.554001,0,-1.302272,-1.306212,-1.303997
2024.12.30 13:00,0.0064,0.006404,0.006396,0.006404,5138,157.552994,157.645004,157.444,157.451996,0,-1.309507,-1.303786,-1.299588
2024.12.30 14:00,0.006404,0.006421,0.0064,0.006419,11878,157.451004,157.550995,157.059998,157.089005,0,-1.3132,-1.308891,-1.301504
2024.12.30 15:00,0.006419,0.006437,0.006411,0.006415,17734,157.085999,157.281998,156.666,157.169998,0,-1.300095,-1.302066,-1.297498
2024.12.30 16:00,0.006415,0.006422,0.006411,0.006411,5820,157.175995,157.296005,157.0,157.261993,0,-1.314103,-1.28527,-1.292247
2024.12.30 17:00,0.006411,0.006418,0.006409,0.006417,2903,157.259995,157.356003,157.110001,157.151001,0,-1.313248,-1.298221,-1.302799
2024.12.30 18:00,0.006417,0.006425,0.006416,0.006424,3803,157.149994,157.153,156.936996,156.970993,0,-1.29265,-1.294968,-1.304742
2024.12.30 19:00,0.006424,0.006426,0.006418,0.006419,5360,156.973999,157.104004,156.917007,157.093994,0,-1.292224,-1.299206,-1.306494
2024.12.30 20:00,0.006419,0.006431,0.006418,0.00643,4395,157.084,157.115005,156.798004,156.820999,0,-1.303226,-1.301188,-1.300005
2024.12.30 21:00,0.006429,0.006433,0.006427,0.006429,1394,156.822998,156.880005,156.751007,156.850006,0,-1.298517,-1.29046,-1.304816
2024.12.30 23:00,0.006429,0.006429,0.00642,0.006423,0,156.865005,157.063004,156.826996,156.988998,0,-1.299763,-1.281806,-1.286393
2024.12.31 00:00,0.006423,0.006435,0.006421,0.006435,1565,157.003998,157.044998,156.686996,156.697998,0,-1.306022,-1.286838,-1.29784
2024.12.31 01:00,0.006435,0.006448,0.006433,0.006446,3228,156.695999,156.744003,156.362,156.438004,0,-1.307615,-1.287173,-1.291003
2024.12.31 02:00,0.006445,0.006449,0.006443,0.006448,2180,156.442001,156.505997,156.362,156.388,0,-1.298793,-1.299199,-1.301157
2024.12.31 03:00,0.006448,0.006451,0.006444,0.006446,1320,156.386993,156.479996,156.328995,156.436996,0,-1.308915,-1.314268,-1.289996
2024.12.31 04:00,0.006446,0.006458,0.006445,0.006454,0,156.436005,156.460999,156.139008,156.231003,0,-1.301959,-1.28032,-1.288326
2024.12.31 05:00,0.006456,0.006458,0.006454,0.006454,1401,156.229996,156.238007,156.132996,156.233994,0,-1.29533,-1.29828,-1.291317
2024.12.31 06:00,0.006454,0.006458,0.006448,0.00645,2731,156.231995,156.380005,156.145996,156.356003,0,-1.305178,-1.311281,-1.305226
2024.12.31 07:00,0.00645,0.006462,0.006449,0.006456,4348,156.356003,156.363007,156.059006,156.201996,0,-1.300206,-1.308151,-1.307319
2024.12.31 08:00,0.006456,0.006464,0.006454,0.006458,4121,156.203995,156.257004,156.014008,156.147003,0,-1.314327,-1.299075,-1.300297
2024.12.31 09:00,0.006458,0.006458,0.006437,0.006438,3663,156.149002,156.675003,156.119003,156.643997,0,-1.311069,-1.284288,-1.304192
2024.12.31 10:00,0.006438,0.006439,0.006424,0.006429,5746,156.641998,156.962006,156.606003,156.835999,0,-1.295755,-1.302382,-1.290808
2024.12.31 11:00,0.006429,0.006438,0.006429,0.006431,3238,156.835007,156.841995,156.630005,156.798996,0,-1.296805,-1.290199,-1.290098
2024.12.31 12:00,0.006431,0.006441,0.006427,0.006427,2956,156.796005,156.893005,156.548996,156.889999,0,-1.299411,-1.293599,-1.296405
2024.12.31 13:00,0.006427,0.006429,0.006419,0.006422,3097,156.893997,157.087997,156.822006,157.014999,0,-1.288358,-1.288915,-1.300269
2024.12.31 14:00,0.006423,0.006435,0.006419,0.006432,6361,157.013,157.067993,156.677994,156.770996,0,-1.292618,-1.289912,-1.298361
2024.12.31 15:00,0.006431,0.006435,0.006414,0.006416,10940,156.770996,157.194,156.703995,157.160004,0,-1.28505,-1.303836,-1.299654
2024.12.31 16:00,0.006416,0.006419,0.006406,0.006407,7533,157.158997,157.425003,157.098007,157.369995,0,-1.309171,-1.298368,-1.302881
2024.12.31 17:00,0.006407,0.006409,0.0064,0.006407,6425,157.367996,157.548996,157.307999,157.358002,0,-1.298992,-1.289583,-1.290887
2024.12.31 18:00,0.006407,0.006413,0.006407,0.00641,1829,157.363998,157.395996,157.227997,157.294998,0,-1.304527,-1.29474,-1.288756
2024.12.31 19:00,0.00641,0.006413,0.006409,0.00641,2030,157.294998,157.311005,157.231995,157.307999,0,-1.292589,-1.286577,-1.301756
2024.12.31 20:00,0.00641,0.006411,0.006407,0.006409,2341,157.307999,157.376007,157.287994,157.343002,0,-1.296722,-1.306092,-1.312424
2024.12.31 21:00,0.006409,0.006415,0.006408,0.006415,1005,157.345993,157.347,157.147995,157.210007,0,-1.292066,-1.263354,-1.313212
