time,futOpen,futHigh,futLow,futClose,futVolume,spotOpen,spotHigh,spotLow,spotClose,spotVolume,hiFP,loFP,fp
2025.01.02 05:00,0.006421,0.006421,0.006414,0.006415,1219,157.022995,157.209,156.973007,157.205002,0,-1.300049,-1.246149,-1.308207
2025.01.02 06:00,0.006415,0.006437,0.006414,0.006437,3722,157.203995,157.212006,156.647995,156.664001,0,-1.303055,-1.29612,-1.300067
2025.01.02 07:00,0.006437,0.006446,0.006433,0.006437,6879,156.662003,156.746994,156.429993,156.669998,0,-1.298522,-1.282993,-1.306064
2025.01.02 08:00,0.006436,0.006444,0.006429,0.006431,5362,156.666,156.828003,156.457993,156.781998,0,-1.294912,-1.286912,-1.297273
2025.01.02 09:00,0.006432,0.006433,0.006425,0.006431,2729,156.776993,156.919006,156.744003,156.792007,0,-1.276978,-1.307615,-1.307283
2025.01.02 10:00,0.006431,0.006431,0.006416,0.006417,3902,156.787994,157.166,156.781006,157.132996,0,-1.30565,-1.28419,-1.29694
2025.01.02 11:00,0.006417,0.006421,0.006411,0.006414,4816,157.128006,157.285004,157.046997,157.199997,0,-1.303101,-1.308021,-1.291046
2025.01.02 12:00,0.006414,0.006421,0.006413,0.006419,3280,157.203003,157.216995,157.007996,157.080002,0,-1.295887,-1.281138,-1.292501
2025.01.02 13:00,0.006419,0.006434,0.006413,0.006429,10345,157.072998,157.237,156.714005,156.824997,0,-1.303743,-1.289699,-1.291906
2025.01.02 14:00,0.00643,0.006438,0.006418,0.006421,9955,156.826996,157.115005,156.632004,157.020996,0,-1.303226,-1.292198,-1.28202
2025.01.02 15:00,0.006421,0.006431,0.006415,0.006417,10101,157.024994,157.186005,156.778,157.149002,0,-1.28921,-1.281184,-1.3008
2025.01.02 16:00,0.006416,0.006417,0.006392,0.006395,12097,157.145004,157.751007,157.130005,157.660004,0,-1.305445,-1.293949,-1.287839
2025.01.02 17:00,0.006395,0.006402,0.006388,0.006399,7776,157.660004,157.852005,157.487,157.563004,0,-1.296234,-1.285809,-1.288587
2025.01.02 18:00,0.0064,0.006404,0.006396,0.006402,2844,157.563995,157.632004,157.460007,157.494995,0,-1.296506,-1.307599,-1.281612
2025.01.02 19:00,0.006402,0.006402,0.006394,0.006398,6223,157.501007,157.675003,157.466003,157.619995,0,-1.290608,-1.277014,-1.30894
2025.01.02 20:00,0.006397,0.0064,0.006396,0.006397,3722,157.619003,157.656006,157.561005,157.628006,0,-1.296069,-1.298801,-1.304731
2025.01.02 21:00,0.006396,0.006402,0.006396,0.0064,1221,157.626007,157.632004,157.445999,157.445999,0,-1.296506,-1.25701,-1.195995
2025.01.02 23:00,0.006402,0.006409,0.006399,0.006408,0,157.451004,157.563995,157.345993,157.354004,0,-1.289579,-1.303238,-1.29907
2025.01.03 00:00,0.006407,0.006415,0.006406,0.006413,1782,157.350006,157.399994,157.169998,157.210999,0,-1.296338,-1.285357,-1.28989
2025.01.03 01:00,0.006413,0.006415,0.006406,0.006411,1241,157.210007,157.406006,157.179993,157.274994,0,-1.290173,-1.283198,-1.293092
2025.01.03 02:00,0.006411,0.006412,0.006408,0.006409,851,157.283005,157.358994,157.240997,157.313004,0,-1.30406,-1.283416,-1.294588
2025.01.03 03:00,0.00641,0.006415,0.006404,0.00641,1797,157.307999,157.460007,157.182007,157.307007,0,-1.307599,-1.285212,-1.300765
2025.01.03 04:00,0.00641,0.006412,0.006407,0.006411,854,157.307999,157.389008,157.244003,157.281998,0,-1.297538,-1.286422,-1.300095
2025.01.03 05:00,0.006409,0.006412,0.006408,0.00641,964,157.283005,157.356003,157.233002,157.300003,0,-1.301069,-1.27542,-1.293761
2025.01.03 06:00,0.006411,0.006417,0.006411,0.006415,1289,157.294998,157.300003,157.126007,157.169006,0,-1.305932,-1.289951,-1.296506
2025.01.03 07:00,0.006416,0.006421,0.006411,0.006417,4230,157.167999,157.264999,157.031998,157.134995,0,-1.295253,-1.293022,-1.298939
2025.01.03 08:00,0.006417,0.006417,0.006405,0.006409,3347,157.136002,157.425003,157.125,157.328995,0,-1.296981,-1.301078,-1.31058
2025.01.03 09:00,0.006409,0.006419,0.006409,0.006413,2549,157.330994,157.334,157.084,157.251999,0,-1.303421,-1.28436,-1.306581
2025.01.03 10:00,0.006413,0.006415,0.006407,0.006407,1922,157.25,157.384003,157.162994,157.376007,0,-1.292533,-1.290494,-1.284538
2025.01.03 11:00,0.006407,0.006414,0.006406,0.006413,1604,157.376007,157.389999,157.197998,157.244003,0,-1.286344,-1.289048,-1.310747
2025.01.03 12:00,0.006413,0.006421,0.006412,0.006415,3253,157.244003,157.257996,157.054993,157.162994,0,-1.300414,-1.303886,-1.290494
2025.01.03 13:00,0.006416,0.006422,0.006413,0.006415,3139,157.162994,157.240005,157.020004,157.186005,0,-1.294588,-1.305274,-1.28921
2025.01.03 14:00,0.006415,0.006418,0.006409,0.006417,6880,157.186005,157.311996,157.108994,157.112,0,-1.293581,-1.297214,-1.275944
2025.01.03 15:00,0.006417,0.006417,0.006402,0.006407,10040,157.121002,157.490997,157.121002,157.395004,0,-1.302008,-1.2728,-1.303535
2025.01.03 16:00,0.006406,0.006414,0.006406,0.006414,4621,157.393005,157.401993,157.195007,157.197998,0,-1.298337,-1.286057,-1.289048
2025.01.03 17:00,0.006414,0.006428,0.006414,0.006416,6346,157.203003,157.212006,156.869995,157.160995,0,-1.303055,-1.300612,-1.300645
2025.01.03 18:00,0.006415,0.006418,0.006413,0.006416,2989,157.167999,157.240997,157.100998,157.166,0,-1.307741,-1.289218,-1.30565
2025.01.03 19:00,0.006415,0.006419,0.006413,0.006414,2988,157.167007,157.227005,157.097,157.203995,0,-1.293749,-1.297361,-1.295044
2025.01.03 20:00,0.006415,0.006417,0.006409,0.006409,2900,157.205002,157.350006,157.136002,157.337006,0,-1.307251,-1.299946,-1.29425
2025.01.03 21:00,0.006409,0.006411,0.006407,0.00641,1508,157.337006,157.380997,157.182999,157.235992,0,-1.301711,-1.213252,-1.22975
2025.01.06 00:00,0.0064,0.006401,0.006387,0.006398,8081,157.503998,157.830002,157.494003,157.584,0,-1.261972,-1.268415,-1.285152
2025.01.06 01:00,0.006398,0.006402,0.006394,0.006396,2749,157.585999,157.667999,157.479996,157.615005,0,-1.283604,-1.278805,-1.279508
2025.01.06 02:00,0.006396,0.006398,0.00639,0.006392,2952,157.615997,157.778,157.559998,157.716995,0,-1.283483,-1.273366,-1.271433
2025.01.06 03:00,0.006392,0.006395,0.006389,0.006392,1901,157.716003,157.783005,157.647995,157.714005,0,-1.263987,-1.27583,-1.268442
2025.01.06 04:00,0.006392,0.006394,0.00639,0.006392,1369,157.714005,157.753006,157.651001,157.712006,0,-1.270725,-1.266606,-1.266443
2025.01.06 05:00,0.006392,0.006394,0.006388,0.00639,2394,157.712006,157.809006,157.671005,157.778,0,-1.277735,-1.262156,-1.271234
2025.01.06 06:00,0.00639,0.006396,0.006389,0.006395,1771,157.774002,157.792999,157.626007,157.649994,0,-1.273982,-1.26607,-1.277829
2025.01.06 07:00,0.006396,0.0064,0.006393,0.006394,3239,157.643997,157.695999,157.529007,157.658997,0,-1.274914,-1.279003,-1.274602
2025.01.06 08:00,0.006394,0.006396,0.00639,0.006394,4291,157.664001,157.766998,157.613007,157.664993,0,-1.272481,-1.265285,-1.280598
2025.01.06 09:00,0.006394,0.006398,0.00639,0.006391,3926,157.660995,157.764008,157.584,157.731995,0,-1.281726,-1.272945,-1.261959
2025.01.06 10:00,0.006391,0.006394,0.006384,0.006384,3744,157.737,157.917007,157.677994,157.903,0,-1.275408,-1.269144,-1.273659
2025.01.06 11:00,0.006384,0.006415,0.006382,0.006413,18556,157.897995,157.960999,157.160004,157.197998,0,-1.282577,-1.275363,-1.27689
2025.01.06 12:00,0.006413,0.006437,0.006413,0.00643,15645,157.197006,157.210999,156.615997,156.781998,0,-1.28989,-1.264123,-1.261004
2025.01.06 13:00,0.00643,0.006453,0.006429,0.006438,16319,156.783005,156.811005,156.235992,156.610992,0,-1.265815,-1.26931,-1.271187
2025.01.06 14:00,0.006438,0.006443,0.006404,0.006409,23811,156.613007,157.423004,156.460999,157.291,0,-1.28279,-1.253795,-1.272585
2025.01.06 15:00,0.00641,0.006413,0.006394,0.006402,12648,157.292999,157.656998,157.192001,157.533997,0,-1.272603,-1.258745,-1.320614
2025.01.06 16:00,0.0064,0.006407,0.006396,0.006399,6361,157.531998,157.612,157.341995,157.542007,0,-1.276502,-1.274881,-1.267591
2025.01.06 17:00,0.0064,0.006403,0.006396,0.006401,3043,157.544998,157.600006,157.462006,157.507004,0,-1.264508,-1.285216,-1.281416
2025.01.06 18:00,0.0064,0.006404,0.006394,0.0064,3128,157.507004,157.669006,157.421997,157.535995,0,-1.272379,-1.257405,-1.273792
2025.01.06 19:00,0.0064,0.006402,0.006398,0.006399,4174,157.533997,157.591003,157.466995,157.544998,0,-1.279949,-1.265805,-1.270582
2025.01.06 20:00,0.0064,0.006402,0.006396,0.006396,2032,157.544006,157.639008,157.487,157.621994,0,-1.279071,-1.273617,-1.274272
2025.01.06 21:00,0.006396,0.006398,0.006394,0.006395,2032,157.623001,157.662994,157.542007,157.550003,0,-1.278599,-1.230953,-1.177838
2025.01.06 23:00,0.006397,0.006397,0.006388,0.00639,0,157.574997,157.811005,157.574997,157.748001,0,-1.267491,-1.251722,-1.26572
2025.01.07 00:00,0.006391,0.006391,0.006371,0.006376,11622,157.733994,158.223999,157.731995,158.106995,0,-1.275085,-1.261959,-1.256552
2025.01.07 01:00,0.006376,0.006378,0.006363,0.006367,8896,158.100998,158.416,158.035995,158.311996,0,-1.257422,-1.259319,-1.252152
2025.01.07 02:00,0.006367,0.006374,0.006367,0.006369,2794,158.309006,158.320007,158.136002,158.274994,0,-1.260163,-1.248649,-1.26447
2025.01.07 03:00,0.006368,0.006377,0.006367,0.006375,2899,158.274994,158.311996,158.080002,158.126007,0,-1.252152,-1.266451,-1.263259
2025.01.07 04:00,0.006375,0.006379,0.006373,0.006376,0,158.121994,158.156998,158.007004,158.082993,0,-1.257335,-1.242618,-1.257142
2025.01.07 05:00,0.006376,0.006388,0.006374,0.006386,3050,158.080002,158.154999,157.779999,157.858994,0,-1.267647,-1.248728,-1.266452
2025.01.07 06:00,0.006386,0.006393,0.006386,0.00639,3577,157.865005,157.865005,157.677994,157.757004,0,-1.272464,-1.256909,-1.274723
2025.01.07 07:00,0.00639,0.006402,0.006388,0.006401,7675,157.748001,157.796005,157.451996,157.492996,0,-1.264735,-1.263007,-1.267408
2025.01.07 08:00,0.0064,0.006404,0.006396,0.006404,6288,157.494995,157.602997,157.397003,157.423004,0,-1.267499,-1.256789,-1.258412
2025.01.07 09:00,0.006403,0.006407,0.006393,0.006396,3624,157.427002,157.681,157.362,157.608002,0,-1.259915,-1.27053,-1.26028
2025.01.07 10:00,0.006396,0.006398,0.006389,0.00639,2532,157.602005,157.783005,157.557999,157.744995,0,-1.263987,-1.259151,-1.262714
2025.01.07 11:00,0.00639,0.006396,0.006386,0.006392,2777,157.744995,157.850998,157.617996,157.712006,0,-1.258457,-1.258059,-1.266443
2025.01.07 12:00,0.006392,0.006392,0.006386,0.00639,2654,157.709,157.848007,157.677994,157.742004,0,-1.267717,-1.244671,-1.259723
2025.01.07 13:00,0.006391,0.006397,0.006389,0.006394,5955,157.738998,157.783005,157.578003,157.667999,0,-1.263987,-1.254728,-1.271372
2025.01.07 14:00,0.006394,0.0064,0.006387,0.00639,6286,157.667007,157.835999,157.531998,157.718002,0,-1.267969,-1.269794,-1.235721
2025.01.07 15:00,0.00639,0.00639,0.006363,0.006382,27050,157.740997,158.427002,157.710999,157.940994,0,-1.268424,-1.204232,-1.262572
2025.01.07 16:00,0.006383,0.006396,0.006379,0.006387,13507,157.942993,158.041,157.617004,157.832001,0,-1.276615,-1.281507,-1.263971
2025.01.07 17:00,0.006387,0.006396,0.006386,0.006392,5745,157.828995,157.852005,157.617004,157.692993,0,-1.271715,-1.257068,-1.25967
2025.01.07 18:00,0.006392,0.006397,0.006384,0.006387,3551,157.695999,157.917007,157.580994,157.841995,0,-1.275408,-1.257718,-1.273966
2025.01.07 19:00,0.006386,0.00639,0.006386,0.00639,3501,157.841003,157.867996,157.75,157.772003,0,-1.26319,-1.267719,-1.265237
2025.01.07 20:00,0.006389,0.006392,0.006386,0.006386,3164,157.776993,157.871994,157.731003,157.869003,0,-1.267188,-1.28544,-1.264197
2025.01.07 21:00,0.006386,0.006386,0.006376,0.006379,1716,157.871994,158.093002,157.863007,158.011993,0,-1.267152,-1.258201,-1.247608
2025.01.07 23:00,0.006376,0.006378,0.006369,0.006371,0,158.013,158.244995,158.013,158.214996,0,-1.246799,-1.224042,-1.241451
2025.01.08 00:00,0.006371,0.006384,0.00637,0.006373,5042,158.223007,158.233002,157.897995,158.164993,0,-1.247132,-1.244123,-1.240714
2025.01.08 01:00,0.006373,0.006382,0.006373,0.00638,2519,158.166,158.173996,157.927994,157.970001,0,-1.26202,-1.249572,-1.242467
2025.01.08 02:00,0.006381,0.006384,0.006373,0.006375,2068,157.970001,158.141998,157.929993,158.098999,0,-1.242335,-1.276121,-1.236251
2025.01.08 03:00,0.006375,0.006376,0.006371,0.006371,3893,158.095001,158.216003,158.067993,158.199005,0,-1.242458,-1.242143,-1.250091
2025.01.08 04:00,0.006371,0.006373,0.006369,0.00637,2238,158.199005,158.263,158.156006,158.229004,0,-1.240158,-1.231727,-1.243134
2025.01.08 05:00,0.006369,0.006375,0.006369,0.006373,1986,158.227997,158.268997,158.093002,158.169006,0,-1.258473,-1.230254,-1.244728
2025.01.08 06:00,0.006373,0.00638,0.006373,0.006377,1653,158.173004,158.173004,157.985992,158.052002,0,-1.248725,-1.233897,-1.238451
2025.01.08 07:00,0.006378,0.006382,0.006375,0.006375,4456,158.046997,158.138,157.923004,158.112,0,-1.262957,-1.244582,-1.249251
2025.01.08 08:00,0.006376,0.006376,0.006368,0.006369,4547,158.113998,158.285004,158.097,158.246994,0,-1.249829,-1.246557,-1.248798
2025.01.08 09:00,0.006369,0.006378,0.006369,0.006373,3552,158.242004,158.248993,158.046997,158.158005,0,-1.250797,-1.245743,-1.258342
2025.01.08 10:00,0.006373,0.006373,0.006365,0.006366,3688,158.160995,158.348999,158.143997,158.324005,0,-1.239803,-1.244334,-1.239495
2025.01.08 11:00,0.006367,0.006367,0.006357,0.006364,10978,158.322006,158.554001,158.309998,158.375,0,-1.2471,-1.250153,-1.241123
2025.01.08 12:00,0.006365,0.006365,0.006357,0.006359,4585,158.367996,158.550003,158.347,158.505005,0,-1.255466,-1.237804,-1.24758
2025.01.08 13:00,0.006359,0.006373,0.006359,0.006371,12509,158.501999,158.505997,158.169998,158.218994,0,-1.260927,-1.245719,-1.25776
2025.01.08 14:00,0.006371,0.006374,0.006361,0.006365,8653,158.214996,158.464996,158.136993,158.352005,0,-1.244655,-1.249641,-1.255153
2025.01.08 15:00,0.006365,0.006371,0.006363,0.006365,8312,158.347,158.421005,158.214005,158.371002,0,-1.250085,-1.240459,-1.249472
2025.01.08 16:00,0.006364,0.006368,0.006362,0.006367,4775,158.371002,158.442993,158.285995,158.320007,0,-1.259718,-1.250821,-1.260163
2025.01.08 17:00,0.006367,0.006367,0.006359,0.006363,3513,158.319,158.496002,158.307007,158.386993,0,-1.238577,-1.247163,-1.240767
2025.01.08 18:00,0.006364,0.006369,0.006359,0.006361,3957,158.393005,158.501007,158.268997,158.462006,0,-1.243582,-1.258473,-1.254014
2025.01.08 19:00,0.006361,0.006365,0.006359,0.006361,4511,158.436005,158.518997,158.350006,158.464996,0,-1.261572,-1.253154,-1.257005
2025.01.08 20:00,0.006361,0.006366,0.006361,0.006365,2499,158.464005,158.466003,158.319,158.360001,0,-1.258012,-1.23449,-1.250805
2025.01.08 21:00,0.006365,0.006366,0.006362,0.006364,1569,158.360001,158.436996,158.326996,158.335007,0,-1.253721,-1.242485,-1.201129
2025.01.08 23:00,0.006365,0.006369,0.006361,0.006369,0,158.298004,158.397995,158.179993,158.186996,0,-1.177654,-1.169469,-1.176473
2025.01.09 00:00,0.006369,0.006373,0.006363,0.006366,5597,158.188004,158.326996,158.097,158.259995,0,-1.180769,-1.172721,-1.175484
2025.01.09 01:00,0.006367,0.006374,0.006365,0.006373,2698,158.257996,158.289993,158.065994,158.110992,0,-1.168463,-1.178642,-1.186714
2025.01.09 02:00,0.006373,0.006377,0.006371,0.006373,2232,158.106003,158.138,157.985992,158.085999,0,-1.189087,-1.172441,-1.186336
2025.01.09 03:00,0.006373,0.00638,0.006373,0.006378,2608,158.085007,158.095001,157.912003,157.972,0,-1.183026,-1.184469,-1.183041
2025.01.09 04:00,0.006378,0.006386,0.006378,0.00638,3331,157.970993,157.977997,157.755997,157.923996,0,-1.176743,-1.163455,-1.1719
2025.01.09 05:00,0.006373,0.006377,0.006371,0.006374,3604,157.921997,158.147995,157.888,158.059006,0,-1.186761,-1.074449,-1.171653
2025.01.09 06:00,0.006374,0.006375,0.006369,0.006371,3356,158.059006,158.197006,158.026001,158.141006,0,-1.186482,-1.163253,-1.167461
2025.01.09 07:00,0.006371,0.006376,0.006369,0.006369,4456,158.145004,158.201004,158.022003,158.188004,0,-1.19048,-1.17156,-1.17748
2025.01.09 08:00,0.006369,0.006375,0.006365,0.006371,6368,158.197006,158.285995,158.057999,158.134003,0,-1.189143,-1.182955,-1.185089
2025.01.09 09:00,0.006371,0.006376,0.00637,0.006373,2366,158.128006,158.177994,158.003006,158.082001,0,-1.192124,-1.177156,-1.182338
2025.01.09 10:00,0.006373,0.006378,0.006373,0.006377,2315,158.082993,158.102005,157.951004,157.992996,0,-1.190029,-1.174327,-1.179445
2025.01.09 11:00,0.006377,0.006384,0.006376,0.00638,3394,157.992996,158.026993,157.817001,157.901993,0,-1.188853,-1.175402,-1.174459
2025.01.09 12:00,0.00638,0.006391,0.00638,0.006388,7430,157.901993,157.929001,157.647995,157.744995,0,-1.189193,-1.177959,-1.189224
2025.01.09 13:00,0.006388,0.006394,0.006383,0.006391,6584,157.744003,157.848007,157.572006,157.656998,0,-1.181861,-1.175379,-1.186962
2025.01.09 14:00,0.00639,0.006392,0.006382,0.006384,4738,157.656998,157.863998,157.647995,157.817001,0,-1.17331,-1.190202,-1.16313
2025.01.09 15:00,0.006384,0.006384,0.006378,0.006378,3221,157.820999,157.975998,157.809998,157.968994,0,-1.174744,-1.168398,-1.180035
2025.01.09 16:00,0.006378,0.00638,0.006376,0.006376,3078,157.973007,158.031006,157.917999,158.014008,0,-1.180563,-1.178191,-1.175868
2025.01.09 17:00,0.006376,0.006377,0.006371,0.006372,3405,158.013,158.136002,157.979004,158.100998,0,-1.174767,-1.165453,-1.164403
2025.01.09 18:00,0.006373,0.006374,0.00637,0.006374,1408,158.102005,158.162003,158.057999,158.067993,0,-1.176133,-1.170646,-1.180641
2025.01.09 19:00,0.006373,0.006375,0.006372,0.006372,1552,158.072006,158.123993,158.050995,158.112,0,-1.187398,-1.175951,-1.175404
2025.01.09 20:00,0.006372,0.006373,0.006371,0.006371,728,158.110992,158.126007,158.076996,158.121002,0,-1.177093,-1.177333,-1.172088
2025.01.09 21:00,0.006371,0.006373,0.006371,0.006372,952,158.121994,158.149002,158.074005,158.108994,0,-1.175457,-1.174342,-1.172398
2025.01.09 23:00,0.006372,0.006376,0.006369,0.006375,0,158.126007,158.154999,158.007996,158.041,0,-1.156803,-1.157553,-1.165957
2025.01.10 00:00,0.006375,0.006378,0.006367,0.006376,6318,158.039993,158.231003,157.947006,157.998993,0,-1.158832,-1.170329,-1.160853
2025.01.10 01:00,0.006376,0.006378,0.006369,0.006371,3908,157.998001,158.175003,157.923996,158.126999,0,-1.164479,-1.147319,-1.153454
2025.01.10 02:00,0.006371,0.006372,0.006365,0.006365,3728,158.126007,158.283005,158.098999,158.266998,0,-1.161475,-1.162404,-1.157803
2025.01.10 03:00,0.006365,0.006369,0.006365,0.006367,1986,158.259003,158.274002,158.177994,158.235001,0,-1.152472,-1.155151,-1.16283
2025.01.10 04:00,0.006366,0.006367,0.006359,0.006361,3490,158.235001,158.408997,158.227005,158.382996,0,-1.151572,-1.154834,-1.162654
2025.01.10 05:00,0.00636,0.006361,0.006359,0.006359,2715,158.386002,158.425003,158.350006,158.416,0,-1.155209,-1.154374,-1.158576
2025.01.10 06:00,0.006359,0.006363,0.006359,0.006363,3038,158.410004,158.427002,158.302002,158.324997,0,-1.157208,-1.155775,-1.154077
2025.01.10 07:00,0.006363,0.006365,0.006357,0.00636,3039,158.322998,158.445999,158.257004,158.384003,0,-1.151462,-1.147808,-1.151298
2025.01.10 08:00,0.006361,0.006386,0.006359,0.006384,24377,158.382004,158.427002,157.748001,157.820999,0,-1.157208,-1.167711,-1.167127
2025.01.10 09:00,0.006384,0.006391,0.006378,0.006378,10569,157.820999,157.947006,157.610992,157.929001,0,-1.145752,-1.140957,-1.152324
2025.01.10 10:00,0.006378,0.006382,0.00637,0.006373,5673,157.931,158.132004,157.858002,158.074005,0,-1.146134,-1.155033,-1.149726
2025.01.10 11:00,0.006373,0.006376,0.006369,0.006376,4355,158.078003,158.173004,157.985001,157.996002,0,-1.174809,-1.146861,-1.157862
2025.01.10 12:00,0.006376,0.00638,0.006375,0.006376,2838,157.994995,158.024002,157.888,157.990005,0,-1.148959,-1.148192,-1.151865
2025.01.10 13:00,0.006376,0.00638,0.006333,0.006353,34003,157.988998,158.878998,157.897995,158.548996,0,-0.975951,-1.170461,-1.14305
2025.01.10 14:00,0.006353,0.006386,0.006349,0.006378,32653,158.548004,158.654007,157.759995,157.945999,0,-1.148892,-1.155189,-1.144745
2025.01.10 15:00,0.006377,0.006407,0.006369,0.006394,32230,157.949997,158.162994,157.220993,157.554001,0,-1.164799,-1.153879,-1.157374
2025.01.10 16:00,0.006394,0.006394,0.00638,0.006388,10347,157.554993,157.873993,157.537994,157.688004,0,-1.146459,-1.153599,-1.14449
2025.01.10 17:00,0.006388,0.006392,0.006384,0.006388,3503,157.686996,157.800995,157.574005,157.664001,0,-1.147123,-1.140682,-1.132731
2025.01.10 18:00,0.006389,0.006389,0.006377,0.00638,3912,157.667999,157.960007,157.656006,157.899002,0,-1.146455,-1.136988,-1.146906
2025.01.10 19:00,0.00638,0.006384,0.006376,0.006381,4013,157.899002,157.983994,157.802994,157.869003,0,-1.145853,-1.149122,-1.153753
2025.01.10 20:00,0.00638,0.006384,0.006378,0.006384,2979,157.871994,157.932999,157.804993,157.809006,0,-1.156322,-1.151121,-1.155134
2025.01.10 21:00,0.006383,0.00639,0.006383,0.006386,1646,157.813995,157.815994,157.606003,157.656998,0,-1.149848,-1.111486,-1.076708
2025.01.13 00:00,0.00638,0.006384,0.006377,0.006384,3165,157.903,157.964005,157.781998,157.783005,0,-1.150453,-1.152657,-1.141405
2025.01.13 01:00,0.006384,0.006406,0.006381,0.006398,4648,157.781998,157.865005,157.264008,157.444,0,-1.149755,-1.148175,-1.145153
2025.01.13 02:00,0.006398,0.0064,0.00639,0.006395,2637,157.440994,157.651993,157.393005,157.518997,0,-1.145227,-1.15521,-1.146832
2025.01.13 03:00,0.006396,0.0064,0.00639,0.0064,2207,157.511002,157.641998,157.404007,157.412994,0,-1.147481,-1.154003,-1.150791
2025.01.13 04:00,0.0064,0.0064,0.006392,0.006394,1136,157.412003,157.580994,157.406998,157.542999,0,-1.147671,-1.156994,-1.158604
2025.01.13 05:00,0.006394,0.006404,0.006394,0.0064,1457,157.539993,157.548004,157.278,157.408005,0,-1.151377,-1.137786,-1.158001
2025.01.13 06:00,0.0064,0.006407,0.006392,0.006394,3524,157.406998,157.595993,157.242004,157.526001,0,-1.150431,-1.150535,-1.141606
2025.01.13 07:00,0.006395,0.006404,0.006394,0.006398,5529,157.533005,157.548996,157.291,157.457993,0,-1.164601,-1.150786,-1.146938
2025.01.13 08:00,0.006398,0.006402,0.006389,0.006392,8111,157.455994,157.669998,157.384995,157.602997,0,-1.150981,-1.171612,-1.145204
2025.01.13 09:00,0.006392,0.006415,0.006392,0.006412,10737,157.600998,157.615005,157.029999,157.106003,0,-1.157213,-1.145358,-1.148422
2025.01.13 10:00,0.006413,0.006416,0.006398,0.006399,7100,157.106003,157.432999,157.007004,157.431,0,-1.146368,-1.146654,-1.156583
2025.01.13 11:00,0.006398,0.006407,0.006397,0.006404,3926,157.431,157.473007,157.216003,157.315994,0,-1.149732,-1.136718,-1.151402
2025.01.13 12:00,0.006404,0.00642,0.006398,0.006415,8110,157.315002,157.460999,156.921997,157.026993,0,-1.149944,-1.158757,-1.142352
2025.01.13 13:00,0.006415,0.00642,0.006408,0.006409,7430,157.029999,157.205002,156.908005,157.201996,0,-1.150068,-1.144765,-1.159241
2025.01.13 14:00,0.006409,0.006412,0.006399,0.006402,9166,157.203003,157.427002,157.098999,157.348999,0,-1.152586,-1.141418,-1.147808
2025.01.13 15:00,0.006402,0.006404,0.006393,0.006395,8679,157.345993,157.584,157.306,157.514008,0,-1.162915,-1.141407,-1.141843
2025.01.13 16:00,0.006395,0.006397,0.006384,0.006395,9179,157.516006,157.789993,157.460007,157.511002,0,-1.148394,-1.136731,-1.138837
2025.01.13 17:00,0.006395,0.006404,0.006393,0.006403,3700,157.516006,157.570999,157.306,157.324997,0,-1.149914,-1.141407,-1.148207
2025.01.13 18:00,0.006403,0.006404,0.006395,0.006396,3386,157.326004,157.524994,157.287994,157.477997,0,-1.152829,-1.135586,-1.142499
2025.01.13 19:00,0.006396,0.006396,0.006382,0.006383,5557,157.475006,157.820007,157.473999,157.813004,0,-1.141585,-1.138501,-1.146858
2025.01.13 20:00,0.006383,0.006392,0.006383,0.00639,4380,157.813004,157.813995,157.602997,157.647003,0,-1.147849,-1.157434,-1.152486
2025.01.13 21:00,0.00639,0.006398,0.006388,0.006397,2566,157.647995,157.697006,157.449005,157.459,0,-1.153492,-1.150157,-1.135724
2025.01.13 23:00,0.006401,0.006411,0.006396,0.006403,0,157.304993,157.453995,157.112,157.343994,0,-1.118497,-1.130097,-1.167204
2025.01.14 00:00,0.006402,0.006409,0.006392,0.006394,6738,157.304993,157.580002,157.139999,157.533005,0,-1.134439,-1.121584,-1.124155
2025.01.14 01:00,0.006394,0.006413,0.006373,0.006398,21594,157.537003,158.028,157.031998,157.425995,0,-1.116024,-1.110889,-1.127147
2025.01.14 02:00,0.006397,0.006398,0.006386,0.006388,3101,157.434998,157.729996,157.434998,157.695007,0,-1.12519,-1.123943,-1.139237
2025.01.14 03:00,0.006388,0.006394,0.006385,0.006392,2283,157.694,157.753998,157.520996,157.557999,0,-1.136925,-1.124369,-1.124676
2025.01.14 04:00,0.006393,0.006396,0.006392,0.006396,0,157.552994,157.584,157.457993,157.483002,0,-1.138437,-1.122495,-1.123065
2025.01.14 05:00,0.006392,0.006402,0.006386,0.006392,6609,157.485001,157.723007,157.354004,157.582993,0,-1.130466,-1.140621,-1.13743
2025.01.14 06:00,0.006392,0.006397,0.006387,0.006396,2799,157.578003,157.697998,157.449997,157.481995,0,-1.129969,-1.126722,-1.134273
2025.01.14 07:00,0.006396,0.006404,0.006393,0.006394,6034,157.481995,157.554993,157.294998,157.524994,0,-1.133908,-1.130406,-1.140599
2025.01.14 08:00,0.006394,0.0064,0.006386,0.006387,7100,157.520004,157.733002,157.382004,157.694,0,-1.14046,-1.1198,-1.125971
2025.01.14 09:00,0.006387,0.006388,0.006373,0.006378,9725,157.695007,158.029999,157.677994,157.938004,0,-1.130336,-1.122223,-1.13675
2025.01.14 10:00,0.006378,0.006382,0.006376,0.006382,3031,157.936996,157.981995,157.824005,157.830002,0,-1.131552,-1.121037,-1.127033
2025.01.14 11:00,0.006382,0.006382,0.006376,0.006377,1999,157.826004,157.955994,157.826004,157.936996,0,-1.130143,-1.123036,-1.123445
2025.01.14 12:00,0.006378,0.006381,0.006369,0.00638,4811,157.938004,158.130997,157.835007,157.869003,0,-1.132801,-1.119757,-1.141469
2025.01.14 13:00,0.006381,0.0064,0.006378,0.006384,17814,157.860001,157.925003,157.386993,157.768005,0,-1.136044,-1.12479,-1.114134
2025.01.14 14:00,0.006384,0.00639,0.006378,0.006383,7284,157.774002,157.919006,157.619003,157.802994,0,-1.130048,-1.124486,-1.136848
2025.01.14 15:00,0.006383,0.006386,0.006369,0.006376,16495,157.802994,158.151993,157.740005,157.962006,0,-1.12915,-1.1352,-1.136155
2025.01.14 16:00,0.006376,0.006382,0.006372,0.006377,8521,157.962997,158.078003,157.826996,157.947998,0,-1.141408,-1.136307,-1.134447
2025.01.14 17:00,0.006376,0.006378,0.006367,0.006369,5308,157.947998,158.197998,157.899994,158.130005,0,-1.138154,-1.123317,-1.119481
2025.01.14 18:00,0.006369,0.006376,0.006369,0.006375,4016,158.132996,158.139999,157.972,158.005997,0,-1.129476,-1.121557,-1.130953
2025.01.14 19:00,0.006375,0.006378,0.006372,0.006378,3985,158.005997,158.076004,157.901001,157.942993,0,-1.139409,-1.124324,-1.141739
2025.01.14 20:00,0.006378,0.00638,0.006376,0.006376,4044,157.938995,157.988007,157.865005,157.981003,0,-1.137564,-1.125197,-1.13056
2025.01.14 21:00,0.006376,0.006378,0.006374,0.006376,1148,157.979996,158.020004,157.914001,157.947998,0,-1.132652,-1.125043,-1.109858
2025.01.14 23:00,0.006376,0.006378,0.006371,0.006373,0,157.942001,158.065994,157.888,158.041,0,-1.11708,-1.099042,-1.116722
2025.01.15 00:00,0.006372,0.006378,0.006371,0.006375,4561,158.046997,158.082001,157.891998,157.970001,0,-1.120766,-1.115322,-1.107253
2025.01.15 01:00,0.006375,0.006382,0.006373,0.006378,2867,157.972,158.035004,157.824005,157.899002,0,-1.123028,-1.121037,-1.110043
2025.01.15 02:00,0.006378,0.006379,0.006375,0.006376,1694,157.897995,157.975006,157.875,157.947006,0,-1.112258,-1.110615,-1.121156
2025.01.15 03:00,0.006376,0.00638,0.006376,0.006379,1626,157.942001,157.953995,157.837006,157.889008,0,-1.115855,-1.109472,-1.124622
2025.01.15 04:00,0.006379,0.006391,0.006377,0.006389,6871,157.882996,157.936005,157.582001,157.598999,0,-1.122453,-1.111965,-1.079982
2025.01.15 05:00,0.006394,0.006407,0.006394,0.006402,11030,157.602997,157.606995,157.190994,157.317993,0,-1.198145,-1.111709,-1.116802
2025.01.15 06:00,0.006402,0.006404,0.006396,0.0064,5807,157.317001,157.444,157.279007,157.337997,0,-1.108503,-1.114415,-1.100203
2025.01.15 07:00,0.0064,0.006421,0.0064,0.00642,12306,157.345001,157.345993,156.837006,156.880997,0,-1.108198,-1.110148,-1.117757
2025.01.15 08:00,0.00642,0.006426,0.006402,0.00641,14395,156.880997,157.214996,156.716003,157.112,0,-1.013806,-1.098202,-1.105757
2025.01.15 09:00,0.006411,0.006427,0.006409,0.006421,9946,157.104996,157.126999,156.703995,156.863998,0,-1.108584,-1.110401,-1.112891
2025.01.15 10:00,0.006421,0.006425,0.006418,0.006423,3373,156.862,156.927994,156.738998,156.787994,0,-1.116214,-1.09697,-1.097502
2025.01.15 11:00,0.006423,0.006427,0.006412,0.006414,4171,156.783997,157.059998,156.710999,157.005997,0,-1.102416,-1.105307,-1.097046
2025.01.15 12:00,0.006414,0.006421,0.006413,0.006416,3284,157.007996,157.052002,156.852997,156.977005,0,-1.106584,-1.10189,-1.116655
2025.01.15 13:00,0.006416,0.006446,0.006411,0.00644,27521,156.975006,157.089996,156.246994,156.391998,0,-1.12025,-1.112031,-1.100439
2025.01.15 14:00,0.00644,0.006459,0.006437,0.006444,21397,156.395004,156.460999,155.934998,156.281998,0,-1.109124,-1.112271,-1.110917
2025.01.15 15:00,0.006444,0.006453,0.006434,0.006445,17297,156.283005,156.526993,156.072006,156.291,0,-1.102687,-1.105324,-1.131961
2025.01.15 16:00,0.00644,0.006441,0.006425,0.006431,11991,156.289001,156.733994,156.283997,156.600006,0,-1.091965,-1.028599,-1.10319
2025.01.15 17:00,0.006431,0.006436,0.006431,0.006433,4281,156.598999,156.608994,156.475998,156.544006,0,-1.112177,-1.099991,-1.095534
2025.01.15 18:00,0.006433,0.006439,0.006432,0.006435,3997,156.550003,156.578003,156.399994,156.498993,0,-1.105368,-1.096373,-1.110911
2025.01.15 19:00,0.006435,0.006438,0.006433,0.006437,5065,156.496002,156.565994,156.427994,156.462006,0,-1.105447,-1.100255,-1.098071
2025.01.15 20:00,0.006437,0.006439,0.006435,0.006438,4850,156.462997,156.507004,156.404999,156.466003,0,-1.106845,-1.101378,-1.126198
2025.01.15 21:00,0.006438,0.006438,0.006433,0.006437,1209,156.462006,156.552994,156.421997,156.434998,0,-1.104521,-1.082191,-1.071063
2025.01.15 23:00,0.006439,0.006444,0.006435,0.006444,0,156.373001,156.404999,156.209,156.233002,0,-1.016917,-1.037919,-1.037845
2025.01.16 00:00,0.006444,0.006446,0.006431,0.006444,6729,156.216995,156.528,156.162003,156.181,0,-1.031184,-1.015002,-1.00992
2025.01.16 01:00,0.006446,0.006475,0.006446,0.006471,12281,156.184998,156.188004,155.475006,155.550995,0,-1.041003,-1.022926,-1.015378
2025.01.16 02:00,0.006471,0.006485,0.006462,0.006464,15183,155.548996,155.774002,155.201996,155.729004,0,-1.023147,-1.011877,-1.014071
2025.01.16 03:00,0.006464,0.006465,0.006458,0.006462,3993,155.729004,155.856003,155.697998,155.768997,0,-1.021287,-1.018959,-1.006176
2025.01.16 04:00,0.006462,0.006469,0.006454,0.006455,2722,155.772003,155.970001,155.598007,155.951004,0,-1.027325,-1.014613,-1.032337
2025.01.16 05:00,0.006452,0.006454,0.006448,0.006448,2712,155.953003,156.119995,155.938995,156.110001,0,-1.033151,-0.996319,-1.023157
2025.01.16 06:00,0.006448,0.006451,0.00644,0.006448,4602,156.115005,156.313995,156.024002,156.093994,0,-1.022436,-1.009276,-1.00715
2025.01.16 07:00,0.006448,0.006452,0.006442,0.006445,5537,156.093994,156.240005,156.022003,156.182999,0,-1.008715,-1.019293,-1.023959
2025.01.16 08:00,0.006444,0.006458,0.006442,0.006457,6897,156.184006,156.235992,155.856003,155.897995,0,-1.016741,-1.009297,-1.027313
2025.01.16 09:00,0.006457,0.006469,0.006456,0.006466,4083,155.893997,155.934006,155.608002,155.679993,0,-1.02734,-1.012655,-1.024871
2025.01.16 10:00,0.006466,0.006467,0.006462,0.006466,4351,155.681,155.770996,155.628006,155.662003,0,-1.020141,-1.00875,-1.018842
2025.01.16 11:00,0.006466,0.006467,0.006458,0.006462,3285,155.664993,155.876007,155.643997,155.779999,0,-1.017319,-1.024742,-1.017177
2025.01.16 12:00,0.006461,0.006461,0.006444,0.006448,6273,155.785004,156.199005,155.776001,156.110001,0,-1.015893,-1.0012,-1.011127
2025.01.16 13:00,0.006448,0.006458,0.006438,0.006456,11381,156.104004,156.363998,155.841003,155.903,0,-1.024193,-1.006288,-1.020322
2025.01.16 14:00,0.006455,0.006457,0.006445,0.006447,8269,155.903,156.175995,155.895004,156.130005,0,-1.016956,-1.024322,-1.0191
2025.01.16 15:00,0.006448,0.006477,0.006444,0.006477,18956,156.130997,156.195999,155.384995,155.427994,0,-1.012887,-1.004443,-1.02361
2025.01.16 16:00,0.006476,0.00649,0.006471,0.006476,16899,155.427002,155.554001,155.098007,155.438995,0,-1.018384,-1.014804,-1.022688
2025.01.16 17:00,0.006475,0.006487,0.006473,0.006483,7165,155.436996,155.511002,155.167999,155.266006,0,-1.011196,-1.001657,-1.004536
2025.01.16 18:00,0.006483,0.006487,0.006477,0.006479,3987,155.270996,155.386993,155.143005,155.354004,0,-1.006442,-1.000422,-1.009203
2025.01.16 19:00,0.006479,0.006487,0.006478,0.006481,5138,155.350998,155.376999,155.164993,155.292999,0,-1.008366,-1.010526,-1.007723
2025.01.16 20:00,0.006481,0.006487,0.006481,0.006485,3850,155.294006,155.317993,155.166,155.201996,0,-1.008915,-0.999658,-1.011877
2025.01.16 21:00,0.006485,0.00649,0.006484,0.006489,1830,155.201996,155.237,155.082993,155.106003,0,-1.011213,-0.999789,-0.987181
2025.01.16 23:00,0.006489,0.006489,0.006477,0.006479,0,155.156998,155.376999,155.145996,155.376999,0,-0.984538,-1.027174,-1.020283
2025.01.17 00:00,0.006479,0.006495,0.006473,0.006487,9852,155.369995,155.483002,154.973007,155.186996,0,-1.007057,-1.008416,-1.020654
2025.01.17 01:00,0.006487,0.006488,0.006479,0.006485,3767,155.182007,155.373001,155.136993,155.212997,0,-1.016285,-1.006292,-1.022879
2025.01.17 02:00,0.006485,0.006487,0.006475,0.006476,3404,155.210999,155.466995,155.154007,155.427994,0,-1.014915,-0.999539,-1.011686
2025.01.17 03:00,0.006476,0.006479,0.006474,0.006475,2967,155.429001,155.464005,155.337997,155.442001,0,-0.999993,-1.005098,-1.001851
2025.01.17 04:00,0.006475,0.006479,0.006473,0.006479,2202,155.442993,155.496002,155.360001,155.382004,0,-1.008133,-1.015199,-1.025287
2025.01.17 05:00,0.006478,0.006479,0.006465,0.006471,6593,155.389008,155.688995,155.358002,155.559998,0,-1.009957,-1.001285,-1.012436
2025.01.17 06:00,0.006471,0.006472,0.006463,0.006467,4467,155.561996,155.740005,155.509995,155.641998,0,-1.013101,-0.99825,-1.010796
2025.01.17 07:00,0.006467,0.006472,0.006462,0.006469,3939,155.641006,155.772003,155.524994,155.608002,0,-1.021148,-1.013249,-1.012655
2025.01.17 08:00,0.006469,0.006477,0.006464,0.006465,4384,155.615005,155.725006,155.403,155.697998,0,-1.010073,-0.998617,-1.018959
2025.01.17 09:00,0.006464,0.006477,0.006458,0.006464,11614,155.703003,155.850006,155.403,155.737,0,-1.0033,-1.010539,-1.022067
2025.01.17 10:00,0.006464,0.006468,0.006462,0.006462,2702,155.731995,155.783005,155.604004,155.772003,0,-1.020183,-0.996704,-1.009182
2025.01.17 11:00,0.006462,0.006467,0.00646,0.006465,2336,155.772003,155.804001,155.630005,155.695007,0,-1.017218,-0.998803,-1.015969
2025.01.17 12:00,0.006465,0.006469,0.006462,0.006464,3058,155.694,155.751007,155.582993,155.714005,0,-1.012128,-1.011537,-1.011031
2025.01.17 13:00,0.006464,0.006471,0.006464,0.006465,4690,155.718002,155.720001,155.546005,155.686005,0,-1.017028,-0.998444,-1.006966
2025.01.17 14:00,0.006465,0.006466,0.006444,0.00645,16831,155.684998,156.194,155.647003,156.041,0,-1.010888,-1.003842,-1.014255
2025.01.17 15:00,0.00645,0.006462,0.006446,0.006448,10575,156.031006,156.139008,155.774994,156.104004,0,-1.016069,-1.012172,-1.01716
2025.01.17 16:00,0.006448,0.006448,0.006437,0.00644,7290,156.104996,156.373993,156.098007,156.304001,0,-1.022118,-1.011163,-1.012441
2025.01.17 17:00,0.00644,0.006444,0.006438,0.006442,4890,156.309998,156.343002,156.220993,156.255005,0,-1.015264,-1.025836,-1.011662
2025.01.17 18:00,0.006442,0.006447,0.00644,0.006444,3083,156.253998,156.287003,156.117996,156.188995,0,-1.01955,-1.007091,-1.017915
2025.01.17 19:00,0.006444,0.006447,0.006443,0.006446,3542,156.188004,156.231995,156.100006,156.141998,0,-1.024791,-0.989101,-1.007035
2025.01.17 20:00,0.006446,0.006448,0.006444,0.006446,2970,156.141998,156.195999,156.100998,156.145004,0,-1.024919,-1.014154,-1.022066
2025.01.17 21:00,0.006446,0.006448,0.006438,0.006438,2289,156.145996,156.313004,156.121994,156.266006,0,-0.985265,-1.02312,-0.938268
2025.01.20 00:00,0.006438,0.006452,0.006437,0.006452,5461,156.304001,156.358002,155.975998,155.981003,0,-0.994067,-0.997305,-1.00231
2025.01.20 01:00,0.006452,0.006457,0.006447,0.006454,3745,155.981995,156.108994,155.856995,155.921005,0,-0.998088,-0.986313,-0.990334
2025.01.20 02:00,0.006455,0.006456,0.00645,0.006454,2425,155.923996,156.048996,155.878006,155.938004,0,-0.998219,-0.98333,-0.995327
2025.01.20 03:00,0.006454,0.006464,0.006453,0.006462,2253,155.938004,155.966003,155.699997,155.740997,0,-0.999321,-0.985064,-0.990142
2025.01.20 04:00,0.006462,0.006463,0.00645,0.006452,1363,155.742004,156.029007,155.723007,155.970001,0,-1.002262,-0.996102,-0.991308
2025.01.21 05:00,0.006489,0.00649,0.006479,0.006479,1894,155.063995,155.328003,155.0,155.311005,0,-0.971287,-0.916796,-0.978105
2025.01.21 06:00,0.006479,0.006479,0.006469,0.006471,3449,155.309006,155.552994,155.309006,155.516998,0,-0.969599,-0.964204,-0.969437
2025.01.21 07:00,0.006471,0.006471,0.006462,0.006464,5763,155.514008,155.751007,155.494003,155.675003,0,-0.988186,-0.970318,-0.972029
2025.01.21 08:00,0.006464,0.006467,0.00646,0.006462,4460,155.675003,155.770996,155.610001,155.744003,0,-0.97223,-0.978799,-0.981182
2025.01.21 09:00,0.006462,0.006463,0.006452,0.006455,4960,155.740005,155.957001,155.699997,155.895004,0,-0.978308,-0.973092,-0.976337
2025.01.21 10:00,0.006455,0.006459,0.00645,0.006452,3789,155.899994,156.003006,155.804001,155.981003,0,-0.964252,-0.981274,-0.978293
2025.01.21 11:00,0.006451,0.006456,0.006448,0.006454,4081,155.981995,156.052994,155.867996,155.901001,0,-0.978167,-0.985318,-0.97033
2025.01.21 12:00,0.006454,0.006462,0.006453,0.006458,3682,155.919998,155.951004,155.705002,155.820007,0,-0.984322,-0.966123,-0.973301
2025.01.21 13:00,0.006458,0.006473,0.006458,0.006472,8509,155.819,155.837997,155.455994,155.488007,0,-0.97931,-0.968125,-0.976262
2025.01.21 14:00,0.006473,0.006481,0.006464,0.006469,17349,155.487,155.671997,155.330002,155.576004,0,-0.980992,-1.032831,-0.980658
2025.01.21 15:00,0.006469,0.006482,0.006462,0.006479,9530,155.580002,155.735001,155.246994,155.330994,0,-0.984146,-0.973622,-0.986192
2025.01.21 16:00,0.006479,0.006479,0.006469,0.006472,6568,155.326004,155.572998,155.302994,155.494003,0,-0.977652,-0.970094,-0.982259
2025.01.21 17:00,0.006472,0.006475,0.006468,0.006469,4120,155.492004,155.580994,155.412003,155.572006,0,-0.973694,-0.971852,-0.97666
2025.01.21 18:00,0.006469,0.006475,0.006468,0.006471,2794,155.576996,155.595993,155.421005,155.509003,0,-0.988693,-0.980855,-0.985317
2025.01.21 19:00,0.006471,0.006473,0.006468,0.006469,4348,155.507996,155.587006,155.466003,155.554001,0,-0.979706,-0.966198,-0.970606
2025.01.21 20:00,0.006469,0.006471,0.006467,0.006471,2535,155.554993,155.595001,155.509995,155.511993,0,-0.975746,-0.974378,-0.976376
2025.01.21 21:00,0.006471,0.006473,0.006469,0.006473,1289,155.518997,155.559998,155.445007,155.518997,0,-0.976603,-0.957138,-1.019191
2025.01.21 23:00,0.006475,0.006475,0.006456,0.00646,0,155.447998,155.828003,155.440002,155.768005,0,-0.945325,-0.999852,-0.96924
2025.01.22 00:00,0.00646,0.006477,0.00646,0.006474,7271,155.738998,155.766998,155.350006,155.419998,0,-0.968233,-0.969454,-0.955987
2025.01.22 01:00,0.006474,0.006475,0.006462,0.006463,3297,155.423004,155.716995,155.395996,155.684006,0,-0.954174,-0.955846,-0.957101
2025.01.22 02:00,0.006463,0.006466,0.00646,0.00646,3421,155.682999,155.764008,155.626007,155.735992,0,-0.953268,-0.958933,-0.94921
2025.01.22 03:00,0.00646,0.006464,0.006452,0.006453,3385,155.742996,155.959,155.673996,155.923996,0,-0.95629,-0.959063,-0.957314
2025.01.22 04:00,0.006453,0.006462,0.006452,0.006458,2750,155.919006,155.927994,155.712006,155.796005,0,-0.949301,-0.949184,-0.96129
2025.01.22 05:00,0.006457,0.006458,0.006452,0.006457,2410,155.794998,155.955002,155.781998,155.828995,0,-0.964296,-0.947282,-0.958313
2025.01.22 06:00,0.006457,0.006463,0.006451,0.006454,4288,155.828995,155.977997,155.675995,155.882996,0,-0.96327,-0.94909,-0.952325
2025.01.22 07:00,0.006454,0.006458,0.006447,0.006448,5323,155.882996,156.074005,155.796005,156.046997,0,-0.9631,-0.96129,-0.960153
2025.01.22 08:00,0.006448,0.006469,0.006446,0.006462,11397,156.046997,156.115997,155.546997,155.720993,0,-0.968997,-0.975541,-0.970138
2025.01.22 09:00,0.006462,0.006464,0.006457,0.006464,5404,155.718994,155.826004,155.641998,155.667999,0,-0.955322,-0.950993,-0.965026
2025.01.22 10:00,0.006464,0.006466,0.006459,0.00646,2988,155.671997,155.785995,155.625,155.763,0,-0.963269,-0.957926,-0.964235
2025.01.22 11:00,0.00646,0.006461,0.006454,0.006455,2531,155.759003,155.899994,155.709,155.869003,0,-0.969323,-0.934199,-0.950336
2025.01.22 12:00,0.006454,0.006458,0.006448,0.006458,5692,155.869003,156.050995,155.800003,155.809006,0,-0.952121,-0.953297,-0.950318
2025.01.22 13:00,0.006458,0.00646,0.006452,0.006454,4561,155.811005,155.972,155.740997,155.891998,0,-0.96929,-0.954215,-0.949322
2025.01.22 14:00,0.006454,0.006458,0.006442,0.006443,9805,155.889999,156.188995,155.807999,156.154007,0,-0.957705,-0.949311,-0.946804
2025.01.22 15:00,0.006444,0.006448,0.006433,0.006433,12962,156.153,156.423996,156.044006,156.406006,0,-0.963449,-0.945133,-0.969618
2025.01.22 16:00,0.006433,0.006435,0.006423,0.006424,13632,156.408005,156.647995,156.375,156.621002,0,-0.957502,-0.962774,-0.954751
2025.01.22 17:00,0.006425,0.006427,0.006421,0.006425,8749,156.617996,156.707993,156.554993,156.613998,0,-0.956886,-0.961399,-0.959865
2025.01.22 18:00,0.006425,0.006429,0.006424,0.006426,4643,156.610001,156.630997,156.496002,156.576996,0,-0.964746,-0.950812,-0.959194
2025.01.22 19:00,0.006426,0.006431,0.006426,0.006429,4208,156.572998,156.585999,156.468002,156.514999,0,-0.968197,-0.959104,-0.95772
2025.01.22 20:00,0.006429,0.006432,0.006427,0.006427,3391,156.516006,156.561005,156.442001,156.544998,0,-0.967411,-0.969367,-0.963511
2025.01.22 21:00,0.006427,0.006429,0.006426,0.006428,1340,156.546005,156.593994,156.483002,156.494003,0,-0.976192,-0.937812,-0.924621
2025.01.22 23:00,0.006429,0.006431,0.006426,0.00643,0,156.406998,156.518005,156.365997,156.432007,0,-0.900204,-0.869181,-0.911013
2025.01.23 00:00,0.006429,0.006435,0.006429,0.006431,4651,156.432999,156.459,156.306,156.388,0,-0.91381,-0.893774,-0.903276
2025.01.23 01:00,0.006431,0.006436,0.006425,0.006425,3494,156.393997,156.563004,156.279999,156.548996,0,-0.920975,-0.903992,-0.906968
2025.01.23 02:00,0.006425,0.006429,0.006422,0.006427,3287,156.546997,156.610001,156.447006,156.492004,0,-0.89527,-0.901816,-0.89841
2025.01.23 03:00,0.006427,0.006428,0.006425,0.006427,1235,156.485992,156.559006,156.468994,156.5,0,-0.904873,-0.899611,-0.906406
2025.01.23 04:00,0.006427,0.006429,0.006423,0.006423,1487,156.498993,156.615005,156.468002,156.587006,0,-0.912401,-0.910723,-0.896513
2025.01.23 05:00,0.006421,0.006421,0.006416,0.006419,2889,156.589996,156.751007,156.580994,156.703995,0,-0.890657,-0.854136,-0.904355
2025.01.23 06:00,0.006419,0.006427,0.006418,0.006423,4152,156.699005,156.725998,156.479996,156.604996,0,-0.914218,-0.898508,-0.914503
2025.01.23 07:00,0.006423,0.006426,0.006419,0.006423,3265,156.604996,156.688995,156.518005,156.610001,0,-0.91362,-0.900204,-0.907396
2025.01.23 08:00,0.006423,0.006429,0.006421,0.006428,4551,156.610992,156.632996,156.447006,156.481003,0,-0.906138,-0.901816,-0.91162
2025.01.23 09:00,0.006427,0.006433,0.006425,0.006433,3831,156.483994,156.548996,156.345993,156.373001,0,-0.906968,-0.909605,-0.912454
2025.01.23 10:00,0.006433,0.00644,0.006431,0.006431,5590,156.376999,156.401993,156.199997,156.399994,0,-0.917268,-0.920497,-0.915269
2025.01.23 11:00,0.006431,0.006433,0.006425,0.006425,2563,156.397995,156.557999,156.358994,156.542007,0,-0.903866,-0.910521,-0.899979
2025.01.23 12:00,0.006425,0.006433,0.006423,0.006431,3948,156.548996,156.598007,156.363007,156.395996,0,-0.907515,-0.90246,-0.911272
2025.01.23 13:00,0.006431,0.006444,0.006431,0.00644,11260,156.397995,156.419998,156.100006,156.205994,0,-0.9111,-0.916894,-0.914434
2025.01.23 14:00,0.00644,0.006442,0.006431,0.006438,7022,156.201996,156.404007,156.130005,156.251007,0,-0.919282,-0.910753,-0.911201
2025.01.23 15:00,0.006438,0.006442,0.006428,0.00644,13087,156.248993,156.475998,156.141998,156.162994,0,-0.906615,-0.898655,-0.895541
2025.01.23 16:00,0.00644,0.006454,0.006431,0.006448,18496,156.167999,156.320999,155.858002,156.005997,0,-0.836275,-0.915325,-0.907123
2025.01.23 17:00,0.006448,0.006452,0.006442,0.006452,3722,156.005005,156.128998,155.873993,155.912994,0,-0.909746,-0.8953,-0.910285
2025.01.23 18:00,0.006451,0.006453,0.006448,0.006448,3330,155.910004,156.001007,155.871994,155.990997,0,-0.902134,-0.905312,-0.904154
2025.01.23 19:00,0.006448,0.006458,0.006446,0.006456,4649,155.994003,156.035995,155.738007,155.804993,0,-0.913057,-0.903291,-0.898327
2025.01.23 20:00,0.006456,0.006458,0.006448,0.006449,4956,155.800003,155.972,155.748001,155.955994,0,-0.897173,-0.901295,-0.893193
2025.01.23 21:00,0.006448,0.00645,0.006444,0.006445,1707,155.966995,156.072006,155.944,156.024994,0,-0.900926,-0.893223,-0.865955
2025.01.23 23:00,0.006445,0.006451,0.00644,0.006442,0,156.022003,156.177994,155.938004,156.149994,0,-0.886434,-0.923277,-0.906651
2025.01.24 00:00,0.006441,0.006447,0.006435,0.006437,3727,156.132996,156.274994,156.001999,156.240005,0,-0.886912,-0.891094,-0.888131
2025.01.24 01:00,0.006437,0.006442,0.006433,0.006435,2079,156.242004,156.350998,156.130997,156.307007,0,-0.890451,-0.887654,-0.894781
2025.01.24 02:00,0.006434,0.006452,0.006431,0.006448,3920,156.304993,156.373001,155.875,155.981003,0,-0.888277,-0.896307,-0.906176
2025.01.24 03:00,0.006448,0.006471,0.006428,0.006469,13776,155.970993,156.412003,155.421997,155.475998,0,-0.84262,-0.874436,-0.892603
2025.01.24 04:00,0.006469,0.006489,0.006467,0.006483,12021,155.475998,155.511993,155.0,155.227005,0,-0.892738,-0.893045,-0.977424
2025.01.24 05:00,0.006484,0.006485,0.006469,0.006474,6155,155.225998,155.468994,155.095993,155.363998,0,-0.873648,-0.882102,-0.899987
2025.01.24 06:00,0.006474,0.006495,0.006458,0.006475,23845,155.352997,155.751007,154.834,155.352005,0,-0.892319,-0.881263,-0.899925
2025.01.24 07:00,0.006473,0.006479,0.00646,0.006473,12368,155.354996,155.638,155.216995,155.382996,0,-0.839235,-0.884096,-0.88319
2025.01.24 08:00,0.006473,0.006491,0.006469,0.006473,19547,155.384003,155.451996,154.934006,155.376007,0,-0.88054,-0.874535,-0.876201
2025.01.24 09:00,0.006473,0.006483,0.006462,0.006464,9841,155.380005,155.626999,155.115005,155.580994,0,-0.88812,-0.877323,-0.889988
2025.01.24 10:00,0.006464,0.006466,0.006448,0.006451,8367,155.582993,155.964005,155.546005,155.904999,0,-0.877161,-0.878931,-0.890272
2025.01.24 11:00,0.00645,0.006451,0.006442,0.006442,10490,155.908997,156.106995,155.897995,156.095993,0,-0.887743,-0.883268,-0.876741
2025.01.24 12:00,0.006442,0.006444,0.006427,0.006428,13530,156.093002,156.468994,156.059998,156.459,0,-0.8754,-0.876886,-0.889617
2025.01.24 13:00,0.006427,0.006437,0.006423,0.006433,15408,156.460007,156.576996,156.237,156.317993,0,-0.874391,-0.885125,-0.881605
2025.01.24 14:00,0.006433,0.006442,0.006427,0.006434,18877,156.319,156.488007,156.093994,156.306,0,-0.894412,-0.862703,-0.881694
2025.01.24 15:00,0.006433,0.006462,0.006431,0.006458,20751,156.304001,156.393005,155.623993,155.725998,0,-0.884107,-0.885114,-0.879292
2025.01.24 16:00,0.006458,0.006465,0.006454,0.006464,9262,155.725998,155.813004,155.572998,155.584,0,-0.882333,-0.893959,-0.892994
2025.01.24 17:00,0.006464,0.006467,0.006457,0.006458,5348,155.580002,155.757004,155.509995,155.744995,0,-0.886322,-0.890739,-0.898289
2025.01.24 18:00,0.006458,0.006458,0.006446,0.00645,4623,155.746002,156.022003,155.722,155.931,0,-0.88704,-0.887285,-0.892245
2025.01.24 19:00,0.00645,0.006456,0.006448,0.006454,5107,155.934006,155.962006,155.774002,155.817001,0,-0.887179,-0.879326,-0.886331
2025.01.24 20:00,0.006454,0.006454,0.006448,0.00645,4720,155.815002,155.983994,155.811996,155.903,0,-0.88512,-0.881326,-0.876255
2025.01.24 21:00,0.00645,0.006452,0.006446,0.006448,1179,155.901993,156.005997,155.852005,155.919998,0,-0.871034,-0.861299,-0.821125
2025.01.27 00:00,0.006458,0.006471,0.006452,0.006466,8094,155.718002,155.845993,155.388,155.524002,0,-0.8673,-0.864315,-0.856928
2025.01.27 01:00,0.006466,0.006476,0.006463,0.006468,7424,155.529007,155.602997,155.283997,155.479004,0,-0.876092,-0.867689,-0.871704
2025.01.27 02:00,0.006467,0.006471,0.00646,0.006462,4106,155.479996,155.666,155.414001,155.636002,0,-0.879218,-0.86644,-0.87318
2025.01.27 03:00,0.006462,0.006462,0.006452,0.006454,4015,155.636993,155.876999,155.613007,155.789993,0,-0.874289,-0.862152,-0.859322
2025.01.27 04:00,0.006454,0.006455,0.006444,0.006446,2638,155.792999,156.057999,155.781998,156.013,0,-0.862842,-0.863331,-0.866
2025.01.27 05:00,0.006445,0.006449,0.006442,0.006444,3872,156.009995,156.095001,155.931,156.059998,0,-0.87575,-0.868199,-0.876886
2025.01.27 06:00,0.006444,0.006447,0.006436,0.006446,5522,156.057999,156.248001,155.970993,155.992004,0,-0.871994,-0.860088,-0.869066
2025.01.27 07:00,0.006446,0.00646,0.006446,0.006452,10189,155.988998,155.998001,155.677994,155.876007,0,-0.863038,-0.879228,-0.885301
2025.01.27 08:00,0.006452,0.006487,0.00645,0.006483,18539,155.880005,155.910004,155.046005,155.132996,0,-0.883259,-0.879663,-0.871525
2025.01.27 09:00,0.006483,0.006507,0.006481,0.006505,32291,155.130005,155.188004,154.462006,154.595993,0,-0.878925,-0.781353,-0.86809
2025.01.27 10:00,0.006506,0.006541,0.006506,0.006531,33043,154.593994,154.600998,153.731995,153.973999,0,-0.884913,-0.861855,-0.869807
2025.01.27 11:00,0.006532,0.006543,0.006526,0.006532,22433,153.972,154.089005,153.707993,153.962997,0,-0.867523,-0.861224,-0.870528
2025.01.27 12:00,0.006533,0.006537,0.006521,0.006529,17920,153.962006,154.227997,153.860001,154.039993,0,-0.877285,-0.872929,-0.877184
2025.01.27 13:00,0.006529,0.006535,0.006511,0.006522,19737,154.041,154.460007,153.893997,154.203003,0,-0.873768,-0.871813,-0.887555
2025.01.27 14:00,0.006522,0.006532,0.006514,0.006515,19918,154.201996,154.391998,153.949005,154.365005,0,-0.864712,-0.856535,-0.873064
2025.01.27 15:00,0.006516,0.00652,0.006502,0.006516,23642,154.360001,154.684006,154.225998,154.341995,0,-0.873347,-0.863524,-0.861836
2025.01.27 16:00,0.006515,0.006526,0.006512,0.006521,16373,154.339005,154.421005,154.097,154.227005,0,-0.870139,-0.863776,-0.876293
2025.01.27 17:00,0.00652,0.006523,0.006512,0.006518,9038,154.223999,154.431,154.169998,154.292999,0,-0.868352,-0.866305,-0.8717
2025.01.27 18:00,0.006518,0.006522,0.006506,0.006512,7384,154.292999,154.589005,154.218994,154.429993,0,-0.884736,-0.880043,-0.867344
2025.01.27 19:00,0.006512,0.006512,0.0065,0.006507,14001,154.431,154.722,154.423996,154.542007,0,-0.864011,-0.861348,-0.861355
2025.01.27 20:00,0.006508,0.006508,0.0065,0.006506,7751,154.544006,154.699005,154.528,154.580002,0,-0.86468,-0.859158,-0.863917
2025.01.27 21:00,0.006506,0.006511,0.006502,0.006508,3736,154.580002,154.660995,154.447998,154.501999,0,-0.862168,-0.861759,-0.856762
2025.01.27 23:00,0.006508,0.006508,0.006487,0.006491,0,154.522995,154.985001,154.5,154.910004,0,-0.842417,-0.854763,-0.838673
2025.01.28 00:00,0.006491,0.006495,0.006481,0.006481,11828,154.912003,155.158005,154.792007,155.139999,0,-0.848926,-0.839271,-0.842828
2025.01.28 01:00,0.006481,0.006483,0.00646,0.006467,14157,155.145996,155.636002,155.113998,155.488998,0,-0.849219,-0.852528,-0.857797
2025.01.28 02:00,0.006467,0.006471,0.00646,0.006464,8434,155.483002,155.671005,155.395004,155.544006,0,-0.860266,-0.859387,-0.853001
2025.01.28 03:00,0.006464,0.006467,0.006456,0.006456,4702,155.544998,155.744995,155.481995,155.735001,0,-0.862317,-0.850793,-0.852322
2025.01.28 04:00,0.006457,0.006457,0.006448,0.006455,0,155.729004,155.949997,155.718002,155.783997,0,-0.851123,-0.84732,-0.865329
2025.01.28 05:00,0.006454,0.00646,0.006454,0.006458,3634,155.783997,155.832001,155.641998,155.699997,0,-0.877328,-0.843233,-0.865281
2025.01.28 06:00,0.006458,0.006466,0.006452,0.006455,5229,155.701996,155.847,155.514999,155.770996,0,-0.856294,-0.847926,-0.852329
2025.01.28 07:00,0.006456,0.006459,0.006446,0.006451,8757,155.772995,155.977997,155.667999,155.865005,0,-0.855058,-0.845273,-0.850279
2025.01.28 08:00,0.006451,0.006464,0.006448,0.006456,9624,155.863998,155.932999,155.548004,155.731995,0,-0.858172,-0.856999,-0.849316
2025.01.28 09:00,0.006457,0.006477,0.006453,0.006469,9163,155.727005,155.819,155.25,155.440994,0,-0.852318,-0.857539,-0.8576
2025.01.28 10:00,0.006469,0.006479,0.006466,0.006467,4559,155.442993,155.496994,155.203003,155.468994,0,-0.853833,-0.858202,-0.849739
2025.01.28 11:00,0.006467,0.006477,0.006466,0.006469,2411,155.470001,155.496002,155.242004,155.432999,0,-0.852841,-0.849543,-0.861543
2025.01.28 12:00,0.006469,0.006477,0.006467,0.006476,4552,155.434998,155.483994,155.244003,155.276993,0,-0.852792,-0.851542,-0.860685
2025.01.28 13:00,0.006476,0.006478,0.006464,0.006466,7667,155.272003,155.565994,155.210999,155.485001,0,-0.851061,-0.842365,-0.84184
2025.01.28 14:00,0.006467,0.006485,0.006464,0.006475,10276,155.485992,155.565002,155.044006,155.287994,0,-0.862029,-0.853888,-0.859761
2025.01.28 15:00,0.006476,0.006479,0.006456,0.006456,9529,155.279999,155.744003,155.205994,155.714005,0,-0.861325,-0.849277,-0.831326
2025.01.28 16:00,0.006457,0.006463,0.006456,0.00646,6657,155.720993,155.759995,155.578003,155.658005,0,-0.865318,-0.851098,-0.847265
2025.01.28 17:00,0.00646,0.006464,0.006458,0.006462,2968,155.658997,155.699005,155.548004,155.608002,0,-0.852299,-0.845031,-0.84518
2025.01.28 18:00,0.006462,0.006466,0.006458,0.006459,3126,155.602997,155.682007,155.516006,155.682007,0,-0.847291,-0.860884,-0.85928
2025.01.28 19:00,0.006459,0.006466,0.006457,0.006465,5251,155.677994,155.727005,155.503998,155.533997,0,-0.856323,-0.860837,-0.854958
2025.01.28 20:00,0.006465,0.006467,0.006462,0.006466,3071,155.533005,155.600998,155.488007,155.518997,0,-0.862119,-0.868751,-0.851923
2025.01.28 21:00,0.006466,0.006467,0.006464,0.006466,1926,155.518005,155.561996,155.485992,155.501007,0,-0.847064,-0.854791,-0.833933
2025.01.28 23:00,0.006466,0.006466,0.006461,0.006463,0,155.518005,155.613007,155.498001,155.554001,0,-0.838206,-0.830927,-0.827096
2025.01.29 00:00,0.006463,0.006469,0.00646,0.00646,6409,155.556,155.651001,155.427994,155.626007,0,-0.840261,-0.832647,-0.839225
2025.01.29 01:00,0.006461,0.006462,0.006454,0.006456,3426,155.632996,155.792007,155.584,155.712006,0,-0.849331,-0.833145,-0.829327
2025.01.29 02:00,0.006456,0.006462,0.006454,0.00646,2116,155.710999,155.783005,155.585999,155.621994,0,-0.840328,-0.835144,-0.835212
2025.01.29 03:00,0.00646,0.006473,0.00646,0.006469,3241,155.619003,155.626007,155.311005,155.423004,0,-0.839225,-0.823136,-0.827658
2025.01.29 04:00,0.006469,0.006477,0.006469,0.006475,2261,155.419998,155.432999,155.225006,155.294998,0,-0.837652,-0.820623,-0.842918
2025.01.29 05:00,0.006477,0.006487,0.006475,0.006486,4575,155.289993,155.300003,154.996994,155.014999,0,-0.87177,-0.830652,-0.83677
2025.01.29 06:00,0.006485,0.006486,0.006473,0.006477,4058,155.009003,155.315994,154.996002,155.220001,0,-0.840049,-0.817773,-0.815618
2025.01.29 07:00,0.006477,0.006481,0.006469,0.006474,5967,155.220993,155.408005,155.136002,155.285995,0,-0.82461,-0.826923,-0.821984
2025.01.29 08:00,0.006474,0.006486,0.006472,0.00648,4973,155.281998,155.337006,155.003998,155.145996,0,-0.825261,-0.825768,-0.825008
2025.01.29 09:00,0.006481,0.006483,0.006471,0.006472,3503,155.149002,155.363007,155.085007,155.339996,0,-0.839321,-0.823536,-0.828252
2025.01.29 10:00,0.006472,0.006473,0.006467,0.006471,2760,155.345001,155.455994,155.311996,155.384995,0,-0.836738,-0.824128,-0.837433
2025.01.29 11:00,0.006471,0.006473,0.006464,0.006469,2904,155.384003,155.520004,155.319,155.419006,0,-0.828999,-0.819194,-0.82366
2025.01.29 12:00,0.006469,0.006473,0.006466,0.006471,3630,155.417007,155.496002,155.319,155.362,0,-0.828928,-0.819194,-0.826383
2025.01.29 13:00,0.006471,0.006476,0.006466,0.006469,7951,155.358994,155.468002,155.25,155.421005,0,-0.824841,-0.833692,-0.825659
2025.01.29 14:00,0.006469,0.006479,0.006468,0.006479,7160,155.421005,155.445999,155.167007,155.190002,0,-0.838699,-0.822206,-0.833286
2025.01.29 15:00,0.006478,0.006489,0.006473,0.006486,10879,155.192993,155.324005,154.934006,155.005005,0,-0.836136,-0.815184,-0.826776
2025.01.29 16:00,0.006486,0.006487,0.006477,0.006477,7122,155.005005,155.240997,154.966995,155.223999,0,-0.836614,-0.824412,-0.843447
2025.01.29 17:00,0.006477,0.006485,0.006477,0.006485,4934,155.222,155.233002,155.042999,155.046997,0,-0.840541,-0.829108,-0.833106
2025.01.29 18:00,0.006484,0.006487,0.006479,0.006481,7019,155.052994,155.171005,154.998001,155.139999,0,-0.826204,-0.831659,-0.830921
2025.01.29 19:00,0.006481,0.006484,0.006461,0.006477,16242,155.130005,155.610992,155.080994,155.242004,0,-0.836191,-0.855207,-0.837621
2025.01.29 20:00,0.006477,0.006483,0.00647,0.006471,7281,155.240005,155.388,155.091995,155.354004,0,-0.828493,-0.830525,-0.830318
2025.01.29 21:00,0.006471,0.006479,0.006471,0.006477,1947,155.352005,155.376999,155.182007,155.190994,0,-0.841382,-0.825291,-0.798533
2025.01.29 23:00,0.006475,0.006483,0.006473,0.006477,0,155.171997,155.235992,155.029999,155.182999,0,-0.736187,-0.768528,-0.778615
2025.01.30 00:00,0.006477,0.006497,0.006475,0.006496,10839,155.169998,155.203003,154.671997,154.716995,0,-0.762853,-0.766649,-0.776111
2025.01.30 01:00,0.006495,0.006507,0.006495,0.006499,9366,154.716003,154.723007,154.457001,154.639008,0,-0.77027,-0.776348,-0.769179
2025.01.30 02:00,0.006498,0.006514,0.006498,0.00651,8629,154.638,154.660995,154.276993,154.373001,0,-0.779325,-0.761482,-0.774964
2025.01.30 03:00,0.00651,0.006514,0.006502,0.006504,5547,154.378006,154.548004,154.309998,154.529007,0,-0.760995,-0.782711,-0.76565
2025.01.30 04:00,0.006504,0.006506,0.006497,0.006501,6608,154.526993,154.681,154.477005,154.602005,0,-0.775652,-0.772736,-0.779514
2025.01.30 05:00,0.006503,0.006508,0.0065,0.006506,3412,154.600998,154.636002,154.412003,154.481995,0,-0.789851,-0.766766,-0.76591
2025.01.30 06:00,0.006506,0.006511,0.006495,0.006508,5493,154.481995,154.731995,154.345993,154.434006,0,-0.767403,-0.759754,-0.776973
2025.01.30 07:00,0.006508,0.00651,0.0065,0.006505,6759,154.429993,154.636002,154.363998,154.492996,0,-0.778013,-0.765961,-0.765093
2025.01.30 08:00,0.006505,0.006508,0.006499,0.006506,6226,154.494995,154.647995,154.429001,154.481003,0,-0.778166,-0.771968,-0.776734
2025.01.30 09:00,0.006506,0.006512,0.006502,0.006508,5669,154.477997,154.591995,154.309998,154.449997,0,-0.781337,-0.759131,-0.781155
2025.01.30 10:00,0.006507,0.006511,0.006504,0.006505,3258,154.442001,154.537994,154.347,154.494995,0,-0.774637,-0.760761,-0.767092
2025.01.30 11:00,0.006506,0.006508,0.006501,0.006502,4718,154.494995,154.602997,154.416,154.593994,0,-0.780506,-0.758967,-0.783336
2025.01.30 12:00,0.006502,0.006522,0.0065,0.00652,7861,154.591003,154.598007,154.091995,154.151001,0,-0.763682,-0.764791,-0.765009
2025.01.30 13:00,0.00652,0.006533,0.006514,0.006531,20452,154.151001,154.266998,153.830994,153.901993,0,-0.763273,-0.773669,-0.774361
2025.01.30 14:00,0.006531,0.006533,0.006516,0.006524,17045,153.904007,154.225998,153.841995,154.057007,0,-0.769386,-0.772965,-0.788556
2025.01.30 15:00,0.006524,0.006535,0.00652,0.006521,14207,154.052994,154.151001,153.785004,154.134003,0,-0.765009,-0.762819,-0.783291
2025.01.30 16:00,0.00652,0.006523,0.006506,0.006508,10629,154.132004,154.477997,154.067993,154.427994,0,-0.773728,-0.7643,-0.782757
2025.01.30 17:00,0.006508,0.006516,0.006507,0.006514,5664,154.419006,154.449997,154.255997,154.292007,0,-0.769344,-0.775837,-0.776497
2025.01.30 18:00,0.006514,0.006514,0.006505,0.00651,3727,154.292999,154.494995,154.283997,154.373993,0,-0.767092,-0.75671,-0.775956
2025.01.30 19:00,0.00651,0.006522,0.00651,0.006522,5848,154.380997,154.382004,154.080994,154.106995,0,-0.772178,-0.765546,-0.768043
2025.01.30 20:00,0.006522,0.006526,0.006507,0.006516,13955,154.108994,154.455002,153.992004,154.25,0,-0.774349,-0.75878,-0.769841
2025.01.30 21:00,0.006515,0.006518,0.006506,0.006514,4903,154.251999,154.457993,154.179001,154.266006,0,-0.765527,-0.769472,-0.73872
2025.01.30 23:00,0.006514,0.006523,0.006504,0.006522,0,154.212997,154.498993,154.067993,154.089996,0,-0.75927,-0.7643,-0.762792
2025.01.31 00:00,0.006522,0.006524,0.00651,0.006512,6820,154.085007,154.363007,154.013,154.304993,0,-0.764969,-0.74455,-0.754126
2025.01.31 01:00,0.006512,0.006529,0.006512,0.006522,8614,154.306,154.319,153.910004,154.087997,0,-0.756352,-0.747194,-0.749046
2025.01.31 02:00,0.006522,0.006529,0.006516,0.006518,3500,154.087997,154.218002,153.927994,154.177994,0,-0.76139,-0.753451,-0.756694
2025.01.31 03:00,0.006518,0.006519,0.006508,0.00651,4641,154.177994,154.423996,154.145996,154.358994,0,-0.755154,-0.748237,-0.760956
2025.01.31 04:00,0.00651,0.006512,0.006506,0.006507,3226,154.352997,154.445007,154.307999,154.438995,0,-0.752542,-0.74535,-0.758343
2025.01.31 05:00,0.006505,0.006506,0.006488,0.006495,8290,154.436996,154.878006,154.429993,154.718994,0,-0.747304,-0.713908,-0.766257
2025.01.31 06:00,0.006495,0.006498,0.006486,0.006497,6489,154.712997,154.936005,154.639999,154.688995,0,-0.757775,-0.758329,-0.759962
2025.01.31 07:00,0.006497,0.006501,0.006493,0.006498,5537,154.688995,154.764999,154.576004,154.651001,0,-0.752983,-0.753513,-0.757498
2025.01.31 08:00,0.006497,0.006502,0.006491,0.0065,6915,154.649994,154.811005,154.542999,154.589005,0,-0.751534,-0.744172,-0.742854
2025.01.31 09:00,0.0065,0.006506,0.006495,0.006495,6234,154.602997,154.718002,154.479996,154.718002,0,-0.765265,-0.763911,-0.765265
2025.01.31 10:00,0.006495,0.006497,0.006493,0.006497,3299,154.718994,154.785995,154.669006,154.673996,0,-0.762126,-0.739973,-0.744963
2025.01.31 11:00,0.006497,0.0065,0.006489,0.00649,3843,154.669998,154.854004,154.600006,154.839996,0,-0.758926,-0.742017,-0.756793
2025.01.31 12:00,0.006489,0.006493,0.006487,0.006491,3995,154.839996,154.893997,154.755005,154.824005,0,-0.751413,-0.742988,-0.752674
2025.01.31 13:00,0.006491,0.006494,0.006483,0.006491,12247,154.822006,155.020004,154.731995,154.796005,0,-0.758534,-0.7437,-0.748403
2025.01.31 14:00,0.006492,0.006502,0.006484,0.006499,14239,154.794998,154.977005,154.554993,154.619003,0,-0.751219,-0.744334,-0.749175
2025.01.31 15:00,0.0065,0.006503,0.006489,0.006489,16877,154.621002,154.876007,154.524002,154.820007,0,-0.757185,-0.74882,-0.724929
2025.01.31 16:00,0.006491,0.006491,0.006483,0.006486,15393,154.830002,155.003998,154.800003,154.914001,0,-0.742527,-0.752401,-0.735772
2025.01.31 17:00,0.006487,0.006497,0.006484,0.006493,12441,154.919998,154.973007,154.654999,154.764008,0,-0.747221,-0.737803,-0.751991
2025.01.31 18:00,0.006493,0.006493,0.006474,0.006477,16567,154.763,155.220993,154.753998,155.139008,0,-0.756982,-0.753843,-0.746546
2025.01.31 19:00,0.006477,0.006483,0.006475,0.006477,6298,155.139999,155.203003,154.988007,155.139008,0,-0.762853,-0.750324,-0.758456
2025.01.31 20:00,0.006477,0.006479,0.006475,0.006479,6232,155.138,155.212006,155.082001,155.089005,0,-0.759926,-0.749101,-0.756105
2025.01.31 21:00,0.006479,0.006483,0.006473,0.006475,3182,155.087997,155.218994,155.011002,155.182007,0,-0.743049,-0.749531,-0.729927
2025.02.03 00:00,0.006467,0.006467,0.006448,0.006453,12478,155.352005,155.802994,155.339996,155.697998,0,-0.71615,-0.720741,-0.731316
2025.02.03 01:00,0.006454,0.006456,0.006444,0.006454,7989,155.701996,155.886993,155.641998,155.707993,0,-0.703882,-0.735333,-0.75332
2025.02.03 02:00,0.006453,0.006463,0.006446,0.00646,5787,155.699997,155.873001,155.464996,155.535995,0,-0.738038,-0.738091,-0.73723
2025.02.03 03:00,0.00646,0.006462,0.006451,0.006456,2460,155.539001,155.759003,155.488007,155.651993,0,-0.744276,-0.737152,-0.745328
2025.02.03 04:00,0.006455,0.006459,0.006452,0.006453,2414,155.653,155.746994,155.557999,155.718002,0,-0.744284,-0.735272,-0.75132
2025.02.03 05:00,0.006453,0.006463,0.006453,0.006458,1612,155.710007,155.716003,155.459,155.574997,0,-0.749321,-0.732095,-0.740281
2025.02.03 06:00,0.006458,0.006471,0.006457,0.006467,3432,155.574997,155.613007,155.276993,155.378006,0,-0.742325,-0.741376,-0.746804
2025.02.03 07:00,0.006466,0.006467,0.006454,0.006456,4664,155.378006,155.666,155.376999,155.625,0,-0.73533,-0.745797,-0.742322
2025.02.03 08:00,0.006456,0.006469,0.006453,0.006464,6567,155.617996,155.716995,155.341003,155.451004,0,-0.750313,-0.745657,-0.736071
2025.02.03 09:00,0.006464,0.006483,0.006463,0.006483,6850,155.453003,155.472,154.996994,155.001999,0,-0.745095,-0.747413,-0.752418
2025.02.03 10:00,0.006483,0.006489,0.006477,0.006485,7722,154.998993,155.132996,154.828995,154.936996,0,-0.740535,-0.733917,-0.746878
2025.02.03 11:00,0.006485,0.0065,0.006484,0.006499,12641,154.936005,154.964996,154.589996,154.608002,0,-0.73921,-0.743846,-0.738173
2025.02.03 12:00,0.006499,0.006512,0.006498,0.006501,24032,154.606003,154.623001,154.283005,154.570007,0,-0.741331,-0.732138,-0.747516
2025.02.03 13:00,0.006501,0.006508,0.006489,0.006497,15139,154.567993,154.837006,154.397003,154.645004,0,-0.741927,-0.73997,-0.739656
2025.02.03 14:00,0.006497,0.006509,0.006493,0.006503,15240,154.647003,154.746002,154.373993,154.528,0,-0.745847,-0.740562,-0.752817
2025.02.03 15:00,0.006502,0.006525,0.006488,0.006495,48000,154.526001,154.865005,154.003998,154.723007,0,-0.734304,-0.747295,-0.746571
2025.02.03 16:00,0.006494,0.006502,0.006488,0.006496,17836,154.723999,154.869995,154.537994,154.692001,0,-0.739293,-0.750985,-0.751117
2025.02.03 17:00,0.006496,0.006503,0.006494,0.006497,12300,154.688004,154.725006,154.516006,154.647995,0,-0.736711,-0.740824,-0.742647
2025.02.03 18:00,0.006497,0.0065,0.006482,0.006484,6622,154.651001,155.013,154.567993,154.951996,0,-0.739628,-0.733668,-0.72621
2025.02.03 19:00,0.006485,0.00649,0.006483,0.006487,9906,154.959,155.001999,154.822998,154.899994,0,-0.740528,-0.739794,-0.733652
2025.02.03 20:00,0.006487,0.006497,0.006487,0.006495,5664,154.895996,154.901993,154.649002,154.703995,0,-0.735651,-0.731807,-0.739403
2025.02.03 21:00,0.006495,0.006502,0.006485,0.006491,5530,154.707993,154.925995,154.539993,154.688995,0,-0.735876,-0.741166,-0.629524
2025.02.03 23:00,0.006491,0.006491,0.006469,0.006471,0,154.785995,155.296005,154.770004,155.285004,0,-0.724549,-0.710533,-0.737442
2025.02.04 00:00,0.006471,0.006474,0.006464,0.006469,7288,155.263,155.403,155.179001,155.307007,0,-0.711995,-0.714989,-0.71166
2025.02.04 01:00,0.006469,0.006479,0.006465,0.006477,5802,155.309998,155.395996,155.042007,155.108994,0,-0.716958,-0.709108,-0.716532
2025.02.04 02:00,0.006477,0.00648,0.006471,0.006475,4708,155.106995,155.255005,155.037003,155.149002,0,-0.719388,-0.716014,-0.708852
2025.02.04 03:00,0.006475,0.006479,0.006469,0.006473,3223,155.149994,155.304993,155.063004,155.203995,0,-0.709646,-0.706287,-0.704189
2025.02.04 04:00,0.006473,0.006473,0.006469,0.006471,0,155.212997,155.289993,155.179001,155.279999,0,-0.718538,-0.703056,-0.732437
2025.02.04 05:00,0.006485,0.006487,0.00647,0.006471,7969,155.283997,155.335999,154.819,155.25,0,-0.776491,-0.664533,-0.726314
2025.02.04 06:00,0.006471,0.006475,0.006465,0.006472,3883,155.25,155.391998,155.154007,155.218994,0,-0.71296,-0.713857,-0.707249
2025.02.04 07:00,0.006473,0.006475,0.006466,0.006468,4040,155.220001,155.360992,155.166,155.326996,0,-0.70587,-0.71392,-0.719696
2025.02.04 08:00,0.006468,0.006477,0.00646,0.006471,11713,155.322006,155.488007,155.123993,155.242996,0,-0.677267,-0.71961,-0.719311
2025.02.04 09:00,0.006471,0.006479,0.006466,0.006467,4274,155.244995,155.356995,155.063995,155.337997,0,-0.713834,-0.707279,-0.706796
2025.02.04 10:00,0.006467,0.006471,0.006466,0.00647,3362,155.339996,155.363007,155.238007,155.268997,0,-0.719846,-0.70239,-0.70949
2025.02.04 11:00,0.006471,0.006475,0.006467,0.006468,3283,155.270004,155.339005,155.136002,155.309006,0,-0.719749,-0.707768,-0.701706
2025.02.04 12:00,0.006468,0.006471,0.006464,0.00647,3120,155.315002,155.397003,155.233994,155.276993,0,-0.705998,-0.710308,-0.717485
2025.02.04 13:00,0.006469,0.006471,0.006465,0.006471,6114,155.278,155.388,155.235001,155.261002,0,-0.708962,-0.711315,-0.71344
2025.02.04 14:00,0.006471,0.006483,0.006471,0.006481,13471,155.259003,155.263,154.951004,155.007996,0,-0.727384,-0.713321,-0.722719
2025.02.04 15:00,0.006481,0.006501,0.00648,0.006495,23108,155.011993,155.035004,154.533005,154.671997,0,-0.714016,-0.710514,-0.707406
2025.02.04 16:00,0.006495,0.006504,0.006495,0.0065,12187,154.673004,154.675003,154.462006,154.561005,0,-0.710412,-0.710472,-0.714854
2025.02.04 17:00,0.0065,0.006514,0.006497,0.006512,10614,154.557007,154.626007,154.244003,154.268997,0,-0.720659,-0.716717,-0.718131
2025.02.04 18:00,0.006512,0.006517,0.00651,0.006512,9930,154.268997,154.335007,154.164001,154.298996,0,-0.713379,-0.719166,-0.724553
2025.02.04 19:00,0.006511,0.006514,0.00651,0.006512,10966,154.300995,154.337006,154.223999,154.287003,0,-0.715378,-0.720274,-0.71256
2025.02.04 20:00,0.006512,0.006514,0.00651,0.006513,4880,154.285004,154.320007,154.231003,154.264008,0,-0.710181,-0.703716,-0.724932
2025.02.04 21:00,0.006513,0.006514,0.006509,0.006509,2342,154.259003,154.345993,154.227997,154.317993,0,-0.712562,-0.712486,-0.684562
2025.02.04 23:00,0.006509,0.006522,0.006504,0.006517,0,154.348007,154.459,154.026993,154.149994,0,-0.695642,-0.688041,-0.705158
2025.02.05 00:00,0.006517,0.006531,0.006508,0.006529,11377,154.139999,154.358994,153.820999,153.850006,0,-0.701961,-0.705094,-0.698917
2025.02.05 01:00,0.006529,0.006545,0.006529,0.00654,16675,153.862,153.862,153.462006,153.608994,0,-0.710911,-0.685286,-0.703794
2025.02.05 02:00,0.00654,0.006559,0.006539,0.006549,14786,153.604004,153.641998,153.167999,153.382004,0,-0.701723,-0.705731,-0.686931
2025.02.05 03:00,0.006549,0.006564,0.006546,0.006557,10645,153.384995,153.462006,153.085007,153.220001,0,-0.696959,-0.73888,-0.699607
2025.02.05 04:00,0.006557,0.006561,0.006549,0.006551,7137,153.214996,153.389999,153.104004,153.356003,0,-0.694927,-0.688211,-0.695904
2025.02.05 05:00,0.006549,0.006549,0.006541,0.006547,4455,153.360001,153.570999,153.345001,153.419998,0,-0.700859,-0.649929,-0.689947
2025.02.05 06:00,0.006547,0.006559,0.006547,0.006558,6027,153.421005,153.451996,153.158997,153.188004,0,-0.698619,-0.696728,-0.702492
2025.02.05 07:00,0.006558,0.006562,0.006551,0.006553,11859,153.184998,153.365005,153.061996,153.302994,0,-0.704907,-0.681039,-0.689492
2025.02.05 08:00,0.006553,0.00657,0.006549,0.006564,13648,153.300995,153.391998,152.912003,153.052994,0,-0.696926,-0.693419,-0.706867
2025.02.05 09:00,0.006564,0.006581,0.00656,0.006572,16061,153.054001,153.134003,152.638,152.837997,0,-0.694981,-0.685411,-0.688888
2025.02.05 10:00,0.006572,0.006585,0.006572,0.006582,12519,152.839005,152.841995,152.548004,152.638,0,-0.692886,-0.687718,-0.696958
2025.02.05 11:00,0.006581,0.006582,0.00657,0.006572,9901,152.639008,152.886002,152.623001,152.869995,0,-0.690579,-0.693492,-0.697738
2025.02.05 12:00,0.006571,0.006576,0.006568,0.006572,6738,152.869995,152.949005,152.735992,152.860992,0,-0.684066,-0.679425,-0.688736
2025.02.05 13:00,0.006571,0.006576,0.006561,0.006564,18973,152.860001,153.108002,152.733002,153.042007,0,-0.692209,-0.66487,-0.695881
2025.02.05 14:00,0.006564,0.006575,0.006557,0.006574,17543,153.044006,153.205994,152.766998,152.787994,0,-0.697221,-0.675744,-0.68517
2025.02.05 15:00,0.006575,0.006605,0.006575,0.006603,45040,152.785995,152.791,152.108994,152.138,0,-0.699746,-0.69708,-0.691693
2025.02.05 16:00,0.006603,0.006604,0.006592,0.006595,15429,152.139008,152.389008,152.110001,152.337006,0,-0.689976,-0.686621,-0.695487
2025.02.05 17:00,0.006595,0.006598,0.006589,0.006597,7278,152.335999,152.442993,152.25,152.289993,0,-0.686405,-0.68892,-0.694451
2025.02.05 18:00,0.006596,0.006599,0.006591,0.006595,4871,152.287003,152.408997,152.242004,152.319,0,-0.698455,-0.692411,-0.688981
2025.02.05 19:00,0.006595,0.006595,0.006586,0.006586,8515,152.315002,152.542999,152.304993,152.524002,0,-0.694245,-0.674974,-0.686768
2025.02.05 20:00,0.006586,0.006586,0.006576,0.006578,7129,152.520004,152.768997,152.518005,152.694,0,-0.68931,-0.692301,-0.683662
2025.02.05 21:00,0.006578,0.006584,0.006578,0.006583,3538,152.694,152.710007,152.570007,152.597,0,-0.688111,-0.68665,-0.690576
2025.02.05 23:00,0.006583,0.006586,0.006574,0.006578,0,152.559006,152.751007,152.455994,152.641998,0,-0.636622,-0.630289,-0.63166
2025.02.06 00:00,0.006578,0.006593,0.006577,0.006591,8447,152.649994,152.684006,152.326996,152.354004,0,-0.639001,-0.639473,-0.631962
2025.02.06 01:00,0.006591,0.006615,0.00659,0.006605,12553,152.352997,152.384995,151.807999,152.024002,0,-0.639924,-0.636415,-0.635006
2025.02.06 02:00,0.006606,0.00661,0.006593,0.006595,8238,152.022995,152.300995,151.929993,152.253998,0,-0.636472,-0.644063,-0.635466
2025.02.06 03:00,0.006595,0.006604,0.006595,0.006597,3849,152.253998,152.289001,152.050003,152.231995,0,-0.647483,-0.626623,-0.636453
2025.02.06 04:00,0.006597,0.006601,0.006591,0.006591,1706,152.235001,152.358994,152.126007,152.343002,0,-0.625438,-0.633814,-0.62096
2025.02.06 05:00,0.006594,0.006599,0.006584,0.006588,7396,152.350006,152.514008,152.160004,152.417007,0,-0.642187,-0.633369,-0.637391
2025.02.06 06:00,0.006588,0.006589,0.006581,0.006582,3568,152.416,152.589996,152.393005,152.561996,0,-0.637407,-0.62491,-0.632488
2025.02.06 07:00,0.006582,0.006586,0.006578,0.006581,10574,152.557999,152.673996,152.483994,152.574997,0,-0.640552,-0.63524,-0.622407
2025.02.06 08:00,0.006582,0.006587,0.006576,0.006578,8797,152.576996,152.699997,152.447998,152.641998,0,-0.631865,-0.633821,-0.63166
2025.02.06 09:00,0.006579,0.006583,0.006568,0.006578,8794,152.634003,152.897003,152.533997,152.656998,0,-0.632064,-0.627573,-0.635102
2025.02.06 10:00,0.006578,0.006584,0.006577,0.006584,3598,152.660004,152.684006,152.501007,152.529999,0,-0.639001,-0.629186,-0.646642
2025.02.06 11:00,0.006583,0.006591,0.006582,0.006588,3754,152.531006,152.542999,152.356003,152.431,0,-0.625034,-0.622447,-0.639861
2025.02.06 12:00,0.006588,0.006595,0.006586,0.00659,11850,152.427994,152.468994,152.259995,152.371994,0,-0.63176,-0.629975,-0.626923
2025.02.06 13:00,0.006591,0.006604,0.006583,0.006603,13500,152.375,152.529999,152.050003,152.076004,0,-0.623575,-0.626623,-0.629697
2025.02.06 14:00,0.006603,0.006613,0.006597,0.006602,16372,152.078995,152.216003,151.856995,152.108002,0,-0.631954,-0.628265,-0.638749
2025.02.06 15:00,0.006601,0.006622,0.006599,0.006619,17461,152.108002,152.154999,151.656006,151.686996,0,-0.628364,-0.632824,-0.60677
2025.02.06 16:00,0.00662,0.006621,0.006605,0.006605,14402,151.688995,152.046005,151.662994,152.044998,0,-0.634092,-0.628405,-0.644539
2025.02.06 17:00,0.006605,0.006613,0.006604,0.006613,6138,152.039993,152.063004,151.848999,151.867004,0,-0.639624,-0.643131,-0.638275
2025.02.06 18:00,0.006612,0.006636,0.006612,0.006636,20299,151.867004,151.880005,151.307999,151.337997,0,-0.639837,-0.626161,-0.633456
2025.02.06 19:00,0.006636,0.00664,0.006631,0.006634,10485,151.330002,151.434006,151.233002,151.382996,0,-0.627189,-0.630588,-0.633017
2025.02.06 20:00,0.006633,0.006634,0.006626,0.006628,6612,151.386993,151.537994,151.352005,151.531006,0,-0.628762,-0.624743,-0.644549
2025.02.06 21:00,0.006627,0.006632,0.006626,0.00663,2666,151.524994,151.537994,151.334,151.334,0,-0.628762,-0.538556,-0.515807
2025.02.06 23:00,0.00663,0.006642,0.006628,0.006641,0,151.440994,151.447006,151.156998,151.214005,0,-0.571935,-0.611268,-0.634274
2025.02.07 00:00,0.006642,0.006651,0.006638,0.00664,12077,151.166,151.264999,150.951996,151.214005,0,-0.605869,-0.598668,-0.600257
2025.02.07 01:00,0.00664,0.00664,0.006619,0.006624,11094,151.214996,151.660004,151.203003,151.572006,0,-0.591192,-0.589255,-0.594427
2025.02.07 02:00,0.006624,0.006625,0.006617,0.006622,4983,151.570007,151.740005,151.539993,151.602997,0,-0.602702,-0.596595,-0.591221
2025.02.07 03:00,0.006622,0.006629,0.006617,0.006623,3011,151.602005,151.733994,151.442001,151.576004,0,-0.59669,-0.589685,-0.587024
2025.02.07 04:00,0.006624,0.006625,0.006617,0.006619,1813,151.580002,151.714005,151.535004,151.679001,0,-0.599535,-0.591606,-0.598774
2025.02.07 05:00,0.006621,0.006621,0.006614,0.006617,2827,151.675003,151.792007,151.612,151.716995,0,-0.597573,-0.57741,-0.591104
2025.02.07 06:00,0.006617,0.006623,0.006612,0.006613,4363,151.714005,151.835999,151.585007,151.830002,0,-0.59583,-0.596027,-0.601272
2025.02.07 07:00,0.006613,0.006619,0.006609,0.006613,6496,151.834,151.888,151.660004,151.820999,0,-0.590624,-0.591192,-0.59227
2025.02.07 08:00,0.006613,0.006619,0.006609,0.006617,5813,151.822998,151.893005,151.660995,151.742996,0,-0.595629,-0.592184,-0.605693
2025.02.07 09:00,0.006617,0.006618,0.006613,0.006613,4562,151.740005,151.835999,151.688995,151.822006,0,-0.607269,-0.585945,-0.604703
2025.02.07 10:00,0.006613,0.006613,0.006599,0.006599,6873,151.822006,152.162003,151.796997,152.136002,0,-0.61241,-0.591129,-0.597894
2025.02.07 11:00,0.006599,0.006603,0.006598,0.006599,4414,152.130005,152.186005,152.065002,152.149994,0,-0.624924,-0.607224,-0.600401
2025.02.07 12:00,0.006599,0.006606,0.006595,0.006605,6218,152.154007,152.244995,151.977997,152.007996,0,-0.603477,-0.600461,-0.596082
2025.02.07 13:00,0.006605,0.006636,0.006586,0.006607,37671,152.011993,152.425003,151.300003,151.949997,0,-0.599298,-0.595462,-0.595368
2025.02.07 14:00,0.006607,0.006628,0.006605,0.006626,17289,151.953995,152.0,151.479996,151.529999,0,-0.611003,-0.593539,-0.609387
2025.02.07 15:00,0.006626,0.006637,0.006615,0.006632,32896,151.522003,151.761002,151.272003,151.388,0,-0.600847,-0.60152,-0.603928
2025.02.07 16:00,0.006632,0.006652,0.006624,0.006636,24949,151.388,151.565002,150.923996,151.302994,0,-0.598822,-0.593266,-0.598453
2025.02.07 17:00,0.006636,0.006638,0.006611,0.006619,29120,151.302994,151.852005,151.261002,151.662003,0,-0.577521,-0.601871,-0.593191
2025.02.07 18:00,0.006619,0.006634,0.006617,0.006632,6067,151.667007,151.738998,151.345993,151.384995,0,-0.613107,-0.596014,-0.612281
2025.02.07 19:00,0.006632,0.00664,0.006626,0.006632,12260,151.380997,151.529007,151.195999,151.380997,0,-0.597003,-0.604927,-0.608283
2025.02.07 20:00,0.006632,0.006638,0.00663,0.006636,4095,151.376007,151.429001,151.248001,151.300995,0,-0.610809,-0.61156,-0.607801
2025.02.07 21:00,0.006636,0.006637,0.006629,0.006632,1856,151.300995,151.457001,151.266998,151.376999,0,-0.604684,-0.596515,-0.581555
2025.02.10 00:00,0.006609,0.006621,0.006608,0.006609,6952,151.873993,151.919006,151.619003,151.871002,0,-0.587288,-0.584414,-0.573625
2025.02.10 01:00,0.00661,0.00661,0.006599,0.006604,6021,151.871002,152.138,151.865997,152.009995,0,-0.588407,-0.580068,-0.586615
2025.02.10 02:00,0.006605,0.006609,0.006595,0.006598,4441,152.005997,152.210999,151.904007,152.147995,0,-0.580979,-0.583741,-0.586915
2025.02.10 03:00,0.006599,0.006609,0.006599,0.006607,2581,152.145004,152.151001,151.878998,151.923004,0,-0.601408,-0.581621,-0.579831
2025.02.10 04:00,0.006608,0.006612,0.006606,0.006609,1432,151.917999,151.968994,151.820007,151.903,0,-0.591459,-0.579839,-0.582734
2025.02.10 05:00,0.006608,0.006608,0.006603,0.006607,1438,151.899994,152.046005,151.899994,151.951004,0,-0.588226,-0.568275,-0.596375
2025.02.10 06:00,0.006607,0.006615,0.006606,0.006609,3105,151.947998,151.968994,151.759003,151.893997,0,-0.591459,-0.576,-0.585171
2025.02.10 07:00,0.006609,0.006611,0.006596,0.006597,6014,151.891998,152.192001,151.856995,152.167007,0,-0.584965,-0.582511,-0.582958
2025.02.10 08:00,0.006597,0.006599,0.006582,0.006588,11169,152.164993,152.537994,152.123993,152.386993,0,-0.596951,-0.5744,-0.584342
2025.02.10 09:00,0.006588,0.006597,0.006587,0.006596,6077,152.382996,152.410004,152.164001,152.190994,0,-0.595826,-0.579952,-0.583958
2025.02.10 10:00,0.006596,0.006601,0.006591,0.006601,3074,152.192993,152.307999,152.065994,152.089005,0,-0.585956,-0.585267,-0.585332
2025.02.10 11:00,0.006601,0.006604,0.006597,0.006599,3587,152.087006,152.195007,152.009003,152.119995,0,-0.599465,-0.585623,-0.593361
2025.02.10 12:00,0.006599,0.006603,0.006594,0.006601,4945,152.119995,152.244003,152.024994,152.065994,0,-0.590984,-0.590146,-0.585267
2025.02.10 13:00,0.006602,0.006613,0.006601,0.006611,6572,152.063004,152.084,151.800003,151.860001,0,-0.591806,-0.5827,-0.585517
2025.02.10 14:00,0.006611,0.006622,0.006611,0.00662,8670,151.862,151.863998,151.580994,151.636002,0,-0.589515,-0.580611,-0.578602
2025.02.10 15:00,0.00662,0.006624,0.006617,0.006622,8927,151.634995,151.694,151.559006,151.608994,0,-0.579531,-0.581427,-0.585812
2025.02.10 16:00,0.006622,0.006623,0.006613,0.006616,6187,151.606995,151.792007,151.567993,151.720993,0,-0.58614,-0.579013,-0.572265
2025.02.10 17:00,0.006617,0.006617,0.006608,0.00661,4668,151.725006,151.919998,151.703995,151.865997,0,-0.58828,-0.578104,-0.580068
2025.02.10 18:00,0.006611,0.006611,0.006601,0.006603,4060,151.863007,152.072998,151.854004,152.035004,0,-0.592271,-0.590953,-0.588696
2025.02.10 19:00,0.006603,0.006607,0.006602,0.006606,6539,152.035995,152.061005,151.944,151.975006,0,-0.591752,-0.577924,-0.597471
2025.02.10 20:00,0.006605,0.006607,0.006603,0.006607,2725,151.973999,152.033005,151.944,151.949005,0,-0.586698,-0.589371,-0.594376
2025.02.10 21:00,0.006607,0.006609,0.006604,0.006605,1216,151.947998,152.011002,151.916,151.988007,0,-0.587622,-0.595734,-0.59901
2025.02.10 23:00,0.006608,0.006615,0.006607,0.006614,0,151.873993,151.959,151.744995,151.787003,0,-0.592924,-0.573412,-0.592568
2025.02.11 00:00,0.006614,0.006619,0.006609,0.006613,3517,151.785004,151.886002,151.681,151.802994,0,-0.588625,-0.589368,-0.585691
2025.02.11 01:00,0.006613,0.006613,0.006602,0.006604,4188,151.802002,152.059998,151.789993,152.018997,0,-0.590745,-0.584125,-0.595617
2025.02.11 02:00,0.006603,0.006607,0.006603,0.006606,2637,152.018005,152.039001,151.917999,151.970993,0,-0.592694,-0.574826,-0.593458
2025.02.11 03:00,0.006605,0.006608,0.006602,0.006605,2164,151.964996,152.050003,151.910995,151.985001,0,-0.580751,-0.579277,-0.584541
2025.02.11 04:00,0.006605,0.006605,0.006603,0.006605,0,151.983994,152.041,151.973999,151.983994,0,-0.583222,-0.585002,-0.583534
2025.02.11 05:00,0.006605,0.006607,0.006605,0.006607,981,151.988007,152.003998,151.934998,151.949997,0,-0.592084,-0.580369,-0.595368
2025.02.11 06:00,0.006607,0.006612,0.006605,0.006608,4425,151.951996,151.988007,151.826996,151.917007,0,-0.587547,-0.586828,-0.585289
2025.02.11 07:00,0.006609,0.00661,0.006603,0.006607,3982,151.917999,152.046005,151.867996,151.949997,0,-0.611157,-0.582067,-0.595368
2025.02.11 08:00,0.006607,0.00662,0.0066,0.00661,8941,151.949997,152.098007,151.645004,151.863998,0,-0.582855,-0.587605,-0.578069
2025.02.11 09:00,0.006611,0.006612,0.006605,0.006607,3077,151.863998,152.0,151.822006,151.945999,0,-0.588087,-0.581838,-0.59137
2025.02.11 10:00,0.006607,0.006607,0.006598,0.006599,4427,151.945007,152.149002,151.938995,152.132996,0,-0.587922,-0.584367,-0.583403
2025.02.11 11:00,0.006599,0.006599,0.006588,0.006589,5028,152.128006,152.376999,152.115997,152.334,0,-0.585861,-0.566404,-0.577412
2025.02.11 12:00,0.006589,0.006595,0.006586,0.006588,5225,152.335007,152.412994,152.218002,152.373993,0,-0.58729,-0.587983,-0.582855
2025.02.11 13:00,0.006588,0.006591,0.006582,0.006591,7280,152.373993,152.509003,152.298004,152.302994,0,-0.591037,-0.587463,-0.592452
2025.02.11 14:00,0.006591,0.006595,0.006584,0.006592,7463,152.300995,152.464005,152.220993,152.287994,0,-0.592183,-0.579474,-0.588963
2025.02.11 15:00,0.006591,0.006594,0.006578,0.006583,14280,152.287994,152.597,152.229996,152.490005,0,-0.586661,-0.576976,-0.583581
2025.02.11 16:00,0.006583,0.006594,0.006581,0.006588,7739,152.496002,152.535004,152.246002,152.363998,0,-0.582414,-0.592982,-0.57286
2025.02.11 17:00,0.006588,0.006592,0.006587,0.006588,2830,152.363007,152.406006,152.287994,152.367004,0,-0.591829,-0.588963,-0.575866
2025.02.11 18:00,0.006588,0.006592,0.006584,0.006586,3216,152.365005,152.479004,152.285995,152.431,0,-0.58412,-0.586964,-0.582246
2025.02.11 19:00,0.006586,0.006591,0.00658,0.006583,5744,152.431,152.556,152.289993,152.490997,0,-0.591862,-0.579452,-0.584573
2025.02.11 20:00,0.006584,0.006585,0.006578,0.00658,4901,152.490997,152.606003,152.445999,152.554001,0,-0.595664,-0.585713,-0.589863
2025.02.11 21:00,0.00658,0.006586,0.00658,0.006584,1681,152.557007,152.561996,152.419998,152.470001,0,-0.597858,-0.582764,-0.586644
2025.02.11 23:00,0.006582,0.006586,0.00657,0.00657,0,152.436996,152.766998,152.414993,152.738007,0,-0.571576,-0.566239,-0.542584
2025.02.12 00:00,0.006572,0.006572,0.006551,0.006553,10809,152.764999,153.227997,152.722,153.184998,0,-0.579542,-0.561323,-0.571496
2025.02.12 01:00,0.006552,0.006557,0.006539,0.006541,9292,153.184998,153.485992,153.069,153.470001,0,-0.569099,-0.560228,-0.576494
2025.02.12 02:00,0.00654,0.006545,0.006537,0.006541,6845,153.470001,153.529007,153.358994,153.455994,0,-0.565332,-0.5706,-0.574176
2025.02.12 03:00,0.006541,0.006541,0.006531,0.006533,4841,153.457993,153.681,153.449005,153.630997,0,-0.565094,-0.567188,-0.573672
2025.02.12 04:00,0.006533,0.006535,0.006529,0.006531,4798,153.632996,153.733002,153.574005,153.684998,0,-0.558459,-0.56352,-0.580805
2025.02.12 05:00,0.006533,0.006538,0.006531,0.006537,3226,153.686005,153.705994,153.524002,153.539001,0,-0.601801,-0.572028,-0.575327
2025.02.12 06:00,0.006537,0.006539,0.00653,0.006535,3714,153.537994,153.705002,153.501007,153.585007,0,-0.565643,-0.560732,-0.574521
2025.02.12 07:00,0.006535,0.006543,0.006531,0.006531,6979,153.587006,153.686005,153.410004,153.679001,0,-0.570099,-0.563235,-0.574809
2025.02.12 08:00,0.006531,0.006539,0.006522,0.006537,9890,153.677002,153.886002,153.498993,153.552994,0,-0.570554,-0.570415,-0.565923
2025.02.12 09:00,0.006537,0.006543,0.006535,0.006538,5848,153.550995,153.593994,153.408997,153.518997,0,-0.57181,-0.562228,-0.567023
2025.02.12 10:00,0.006539,0.006539,0.006531,0.006535,3460,153.514999,153.695999,153.485001,153.580994,0,-0.568368,-0.568107,-0.570508
2025.02.12 11:00,0.006535,0.006541,0.006535,0.006537,3224,153.578003,153.636002,153.459,153.552002,0,-0.613817,-0.577182,-0.576635
2025.02.12 12:00,0.006537,0.006544,0.006533,0.006537,7322,153.552994,153.643997,153.376999,153.559006,0,-0.563248,-0.565263,-0.571935
2025.02.12 13:00,0.006537,0.006547,0.006498,0.0065,30251,153.557007,154.455994,153.261993,154.414001,0,-0.574323,-0.531942,-0.579676
2025.02.12 14:00,0.0065,0.006512,0.006497,0.0065,17221,154.414993,154.477005,154.147003,154.425995,0,-0.571657,-0.584355,-0.568006
2025.02.12 15:00,0.0065,0.006504,0.006491,0.0065,20852,154.425003,154.617996,154.309998,154.438995,0,-0.570394,-0.558464,-0.581007
2025.02.12 16:00,0.006499,0.006502,0.006484,0.006491,19421,154.436996,154.802994,154.393997,154.623001,0,-0.577208,-0.583339,-0.575399
2025.02.12 17:00,0.006491,0.006504,0.006491,0.006502,11379,154.626007,154.630997,154.313995,154.350006,0,-0.583395,-0.574272,-0.562996
2025.02.12 18:00,0.006503,0.006506,0.006497,0.006502,7882,154.352005,154.492996,154.278,154.365005,0,-0.575801,-0.573731,-0.566178
2025.02.12 19:00,0.006502,0.006504,0.006497,0.0065,4791,154.363007,154.481003,154.304001,154.423004,0,-0.575655,-0.564278,-0.565015
2025.02.12 20:00,0.0065,0.006504,0.006498,0.0065,3898,154.429001,154.462006,154.322006,154.432007,0,-0.580335,-0.570473,-0.574018
2025.02.12 21:00,0.0065,0.006502,0.006497,0.0065,3079,154.432007,154.485992,154.367996,154.401001,0,-0.568797,-0.569169,-0.566676
2025.02.12 23:00,0.006501,0.006507,0.006495,0.006505,0,154.348007,154.468994,154.179993,154.264008,0,-0.504403,-0.49934,-0.536105
2025.02.13 00:00,0.006505,0.00651,0.006491,0.006492,5969,154.231995,154.554993,154.117996,154.535004,0,-0.507391,-0.50817,-0.499269
2025.02.13 01:00,0.006492,0.006506,0.006487,0.006504,5882,154.535004,154.669006,154.220001,154.257996,0,-0.514539,-0.503916,-0.506462
2025.02.13 02:00,0.006504,0.006508,0.0065,0.006506,3335,154.257004,154.350006,154.156006,154.227997,0,-0.515681,-0.498973,-0.511912
2025.02.13 03:00,0.006505,0.006507,0.006502,0.006504,2136,154.227005,154.292999,154.171997,154.244003,0,-0.50599,-0.491344,-0.49247
2025.02.13 04:00,0.006504,0.006506,0.006495,0.006499,3388,154.238998,154.488998,154.214005,154.358002,0,-0.512562,-0.49792,-0.488173
2025.02.13 05:00,0.006499,0.006509,0.006499,0.006508,3103,154.358994,154.408997,154.130997,154.166,0,-0.539168,-0.497565,-0.497158
2025.02.13 06:00,0.006508,0.006516,0.006504,0.006513,5270,154.164001,154.235992,153.957001,154.048004,0,-0.49627,-0.500388,-0.508928
2025.02.13 07:00,0.006512,0.006517,0.006502,0.006504,6835,154.046997,154.313995,153.951996,154.272003,0,-0.503337,-0.50716,-0.508646
2025.02.13 08:00,0.006503,0.006514,0.0065,0.006514,6563,154.279999,154.339996,154.014999,154.014999,0,-0.505671,-0.499489,-0.499489
2025.02.13 09:00,0.006514,0.006518,0.006511,0.006516,4924,154.018997,154.091003,153.891998,153.975998,0,-0.504764,-0.48247,-0.495838
2025.02.13 10:00,0.006516,0.006524,0.006514,0.006524,3517,153.973999,154.018005,153.766998,153.787994,0,-0.502495,-0.498548,-0.496054
2025.02.13 11:00,0.006524,0.006526,0.00652,0.006522,4781,153.789001,153.880005,153.729996,153.847,0,-0.505768,-0.508514,-0.508049
2025.02.13 12:00,0.006522,0.006526,0.006519,0.006521,5657,153.843994,153.906998,153.737,153.852997,0,-0.509238,-0.492042,-0.502285
2025.02.13 13:00,0.006522,0.006539,0.006514,0.006535,22625,153.848999,154.014999,153.436996,153.524002,0,-0.499489,-0.520103,-0.513517
2025.02.13 14:00,0.006535,0.006543,0.006532,0.006535,13399,153.511002,153.606003,153.347,153.514999,0,-0.513533,-0.500232,-0.504514
2025.02.13 15:00,0.006536,0.006555,0.006526,0.006551,23598,153.514999,153.722,153.070999,153.134995,0,-0.500518,-0.504065,-0.498192
2025.02.13 16:00,0.006552,0.006561,0.00655,0.00655,12288,153.132996,153.173996,152.919998,153.173004,0,-0.502241,-0.504206,-0.50125
2025.02.13 17:00,0.00655,0.006555,0.006549,0.006551,7003,153.175995,153.197006,153.042999,153.164993,0,-0.501934,-0.499333,-0.504895
2025.02.13 18:00,0.00655,0.006551,0.006543,0.006546,7039,153.164001,153.347,153.130005,153.268005,0,-0.500232,-0.493203,-0.502958
2025.02.13 19:00,0.006546,0.006568,0.006545,0.00656,10297,153.268005,153.276993,152.766006,152.929001,0,-0.500274,-0.501067,-0.501589
2025.02.13 20:00,0.00656,0.00657,0.006558,0.006568,8207,152.929001,152.992996,152.697006,152.740997,0,-0.507485,-0.490009,-0.499234
2025.02.13 21:00,0.006569,0.006569,0.006564,0.006566,1898,152.738998,152.848007,152.725006,152.783997,0,-0.50188,-0.494833,-0.484275
2025.02.13 23:00,0.006564,0.006566,0.006551,0.006558,0,152.834,153.151001,152.783997,152.975998,0,-0.502546,-0.484275,-0.490487
2025.02.14 00:00,0.006558,0.006576,0.006553,0.006573,9342,152.983002,153.100998,152.569,152.639008,0,-0.510778,-0.489313,-0.501475
2025.02.14 01:00,0.006573,0.006582,0.006573,0.006576,5155,152.638,152.643005,152.442001,152.563995,0,-0.505473,-0.500958,-0.484309
2025.02.14 02:00,0.006576,0.006578,0.006562,0.006564,3894,152.567001,152.878006,152.516006,152.824997,0,-0.497049,-0.494111,-0.490466
2025.02.14 03:00,0.006564,0.006566,0.006557,0.006564,2650,152.826004,153.005997,152.800995,152.835007,0,-0.508856,-0.489672,-0.48888
2025.02.14 04:00,0.006564,0.006574,0.006562,0.006574,2179,152.834,152.893997,152.617004,152.632004,0,-0.501437,-0.491047,-0.506046
2025.02.14 05:00,0.006574,0.006576,0.006568,0.006574,2425,152.632004,152.735001,152.552994,152.617004,0,-0.493237,-0.496426,-0.51418
2025.02.14 06:00,0.006574,0.006582,0.00657,0.006578,3907,152.612,152.690994,152.436005,152.5,0,-0.495572,-0.494962,-0.489661
2025.02.14 07:00,0.006579,0.006584,0.006568,0.00657,5232,152.498001,152.742996,152.380005,152.725998,0,-0.501233,-0.48512,-0.507414
2025.02.14 08:00,0.006569,0.00658,0.006566,0.006568,5313,152.723999,152.785995,152.477005,152.751999,0,-0.497862,-0.489776,-0.498654
2025.02.14 09:00,0.006568,0.006579,0.006565,0.006578,4611,152.744995,152.839996,152.498001,152.513,0,-0.51707,-0.499218,-0.491105
2025.02.14 10:00,0.006578,0.00658,0.006575,0.006578,3043,152.511002,152.589005,152.462006,152.520996,0,-0.49775,-0.486317,-0.4991
2025.02.14 11:00,0.006578,0.006579,0.006568,0.00657,3489,152.520004,152.742004,152.483994,152.701004,0,-0.500241,-0.48521,-0.494007
2025.02.14 12:00,0.00657,0.006574,0.006568,0.006568,3657,152.703995,152.740005,152.591995,152.735992,0,-0.498242,-0.489171,-0.494229
2025.02.14 13:00,0.006568,0.006597,0.006564,0.006593,22941,152.737,152.824005,152.095001,152.179001,0,-0.489474,-0.499459,-0.491478
2025.02.14 14:00,0.006593,0.006598,0.006587,0.00659,11198,152.171997,152.309998,152.059006,152.240997,0,-0.49582,-0.497925,-0.495926
2025.02.14 15:00,0.006589,0.006597,0.006584,0.006595,15680,152.240997,152.378006,152.093002,152.134995,0,-0.494649,-0.49746,-0.493476
2025.02.14 16:00,0.006594,0.006599,0.006589,0.006589,6399,152.139008,152.261002,152.020996,152.248001,0,-0.492906,-0.494362,-0.491413
2025.02.14 17:00,0.00659,0.006591,0.006586,0.006588,4343,152.248993,152.348007,152.216995,152.296005,0,-0.499253,-0.494953,-0.493354
2025.02.14 18:00,0.006588,0.006588,0.006584,0.006588,3159,152.292007,152.391998,152.276001,152.300995,0,-0.497114,-0.484863,-0.498343
2025.02.14 19:00,0.006588,0.006593,0.006585,0.006591,5914,152.302002,152.343994,152.171997,152.205994,0,-0.483708,-0.49598,-0.495452
2025.02.14 20:00,0.006591,0.006591,0.006585,0.006586,2665,152.209,152.356003,152.207993,152.328003,0,-0.495716,-0.497451,-0.502298
2025.02.14 21:00,0.006586,0.00659,0.006585,0.006588,2600,152.326996,152.352005,152.225998,152.270996,0,-0.491718,-0.480927,-0.468345
2025.02.17 00:00,0.006599,0.006609,0.006595,0.006605,5303,152.003998,152.113007,151.781006,151.876999,0,-0.471488,-0.483629,-0.476539
2025.02.17 01:00,0.006605,0.006611,0.006603,0.006604,2901,151.878006,151.908997,151.733994,151.893997,0,-0.474149,-0.470943,-0.470617
2025.02.17 02:00,0.006604,0.006622,0.006603,0.006619,7878,151.893997,151.934006,151.503006,151.548004,0,-0.476227,-0.49123,-0.479192
2025.02.17 03:00,0.00662,0.00662,0.006615,0.006616,2069,151.552002,151.664001,151.529999,151.617996,0,-0.480999,-0.484,-0.469268
2025.02.17 04:00,0.006617,0.006617,0.006609,0.006613,3180,151.617996,151.776993,151.600998,151.679993,0,-0.479616,-0.463694,-0.474125
2025.02.18 05:00,0.006589,0.006599,0.006589,0.006599,4217,152.136993,152.220993,151.985992,152.005005,0,-0.464405,-0.447885,-0.466897
2025.02.18 06:00,0.006599,0.006603,0.006595,0.006601,3344,152.0,152.074005,151.878006,151.934998,0,-0.455473,-0.443158,-0.45427
2025.02.18 07:00,0.006602,0.006607,0.006597,0.006597,4632,151.940002,152.067993,151.787003,152.054993,0,-0.472451,-0.44383,-0.459451
2025.02.18 08:00,0.006597,0.006607,0.006595,0.006601,4560,152.052002,152.102997,151.811996,151.942993,0,-0.472978,-0.457368,-0.462266
2025.02.18 09:00,0.006601,0.006608,0.006601,0.006606,2483,151.942001,151.968994,151.789001,151.843002,0,-0.465322,-0.457283,-0.465467
2025.02.18 10:00,0.006606,0.006611,0.006605,0.006609,3667,151.835007,151.848007,151.701996,151.763,0,-0.459011,-0.450387,-0.465624
2025.02.18 11:00,0.006609,0.006613,0.006607,0.006609,2414,151.764999,151.811996,151.673004,151.783997,0,-0.457368,-0.455701,-0.463731
2025.02.18 12:00,0.006609,0.006611,0.006604,0.006611,4293,151.783997,151.882004,151.707993,151.722,0,-0.458624,-0.456384,-0.458949
2025.02.18 13:00,0.006611,0.006615,0.006609,0.006611,6422,151.725006,151.761993,151.623993,151.699005,0,-0.453168,-0.45241,-0.447397
2025.02.18 14:00,0.006612,0.006615,0.006605,0.006607,6694,151.697998,151.856995,151.639999,151.815002,0,-0.456535,-0.456997,-0.460374
2025.02.18 15:00,0.006607,0.006619,0.006607,0.006614,8744,151.811996,151.811996,151.526001,151.653,0,-0.468824,-0.457189,-0.458565
2025.02.18 16:00,0.006613,0.006615,0.006605,0.006609,6790,151.656998,151.867996,151.641998,151.787003,0,-0.456083,-0.458996,-0.466737
2025.02.18 17:00,0.006608,0.006609,0.006601,0.006602,3795,151.789993,151.962997,151.774002,151.934006,0,-0.459325,-0.453736,-0.464754
2025.02.18 18:00,0.006601,0.006603,0.006597,0.0066,4864,151.929993,152.044006,151.906006,151.975998,0,-0.471437,-0.459699,-0.460846
2025.02.18 19:00,0.006599,0.006605,0.006599,0.006603,7951,151.977005,151.988998,151.865005,151.921997,0,-0.462364,-0.453092,-0.464218
2025.02.18 20:00,0.006602,0.006603,0.006596,0.006599,3767,151.923996,152.063004,151.921997,152.018997,0,-0.455967,-0.464218,-0.469404
2025.02.18 21:00,0.006599,0.006599,0.006593,0.006597,1665,152.011002,152.128006,151.998001,152.048996,0,-0.463483,-0.459894,-0.464947
2025.02.18 23:00,0.006597,0.006602,0.006595,0.006602,0,152.057999,152.095001,151.921997,151.934006,0,-0.453483,-0.452745,-0.464754
2025.02.19 00:00,0.006601,0.006605,0.006593,0.006595,5686,151.917999,152.108994,151.828995,152.074997,0,-0.444471,-0.439998,-0.444978
2025.02.19 01:00,0.006595,0.006609,0.006591,0.006593,7521,152.067993,152.162003,151.742004,152.141006,0,-0.451461,-0.444628,-0.453483
2025.02.19 02:00,0.006593,0.006599,0.006584,0.006597,5636,152.132004,152.313004,151.966995,152.029999,0,-0.441182,-0.440361,-0.445949
2025.02.19 03:00,0.006597,0.006604,0.006595,0.006603,3204,152.031006,152.089005,151.856003,151.891006,0,-0.447486,-0.432623,-0.433228
2025.02.19 04:00,0.006603,0.00661,0.006601,0.006609,3301,151.889008,151.936996,151.738007,151.759995,0,-0.444803,-0.452077,-0.439728
2025.02.19 05:00,0.006609,0.006611,0.006604,0.006609,3765,151.759995,151.873001,151.703995,151.753998,0,-0.449621,-0.440944,-0.445172
2025.02.19 06:00,0.006609,0.006617,0.006608,0.006614,5436,151.753998,151.776993,151.587006,151.636002,0,-0.445274,-0.449702,-0.441567
2025.02.19 07:00,0.006615,0.006617,0.006608,0.006613,5085,151.632004,151.783997,151.584,151.662003,0,-0.452278,-0.446696,-0.444699
2025.02.19 08:00,0.006613,0.006615,0.006605,0.006611,3853,151.658997,151.858002,151.608994,151.722,0,-0.446088,-0.43741,-0.447516
2025.02.19 09:00,0.00661,0.006619,0.006609,0.006613,4388,151.718994,151.753998,151.546997,151.649994,0,-0.456621,-0.455365,-0.444126
2025.02.19 10:00,0.006613,0.006613,0.006605,0.00661,4148,151.651993,151.834,151.647995,151.733002,0,-0.445003,-0.442127,-0.447072
2025.02.19 11:00,0.006609,0.00661,0.0066,0.006605,3342,151.731003,151.955002,151.727005,151.843002,0,-0.439849,-0.441076,-0.442543
2025.02.19 12:00,0.006605,0.006609,0.006601,0.006603,3155,151.839005,151.929993,151.753998,151.906998,0,-0.449265,-0.445172,-0.449219
2025.02.19 13:00,0.006602,0.006612,0.006601,0.006611,5232,151.908005,151.912003,151.688004,151.692001,0,-0.431275,-0.447835,-0.440393
2025.02.19 14:00,0.006611,0.006628,0.006611,0.006628,14479,151.692993,151.722,151.322006,151.334,0,-0.447516,-0.446935,-0.447543
2025.02.19 15:00,0.006628,0.006632,0.00662,0.006624,14020,151.335007,151.503006,151.242004,151.417007,0,-0.445607,-0.44656,-0.450827
2025.02.19 16:00,0.006624,0.006624,0.006611,0.006613,8489,151.417999,151.695007,151.417999,151.671997,0,-0.431957,-0.44042,-0.443268
2025.02.19 17:00,0.006613,0.006615,0.006609,0.006611,5093,151.667999,151.759003,151.623993,151.710999,0,-0.438737,-0.44099,-0.436515
2025.02.19 18:00,0.006611,0.006615,0.006605,0.006615,5878,151.712006,151.830994,151.615005,151.634003,0,-0.430534,-0.432003,-0.451
2025.02.19 19:00,0.006613,0.006625,0.006613,0.006619,7232,151.632996,151.671005,151.389999,151.520004,0,-0.442276,-0.446601,-0.451192
2025.02.19 20:00,0.006619,0.006622,0.006617,0.006622,2390,151.522003,151.569,151.445999,151.472,0,-0.443109,-0.445617,-0.448818
2025.02.19 21:00,0.006621,0.006622,0.006619,0.006621,2328,151.477005,151.528,151.449997,151.451996,0,-0.447773,-0.438221,-0.417406
2025.02.19 23:00,0.006622,0.006634,0.00662,0.006628,0,151.378998,151.427994,151.115997,151.220001,0,-0.370595,-0.366018,-0.356303
2025.02.20 00:00,0.006629,0.006646,0.006629,0.00664,10853,151.220993,151.231995,150.830994,150.983994,0,-0.379678,-0.375866,-0.370246
2025.02.20 01:00,0.006639,0.006659,0.006639,0.006655,14610,150.981995,150.992004,150.567993,150.634003,0,-0.366911,-0.384019,-0.382327
2025.02.20 02:00,0.006655,0.006664,0.00665,0.006653,9284,150.634995,150.759003,150.447006,150.699005,0,-0.38306,-0.386982,-0.379577
2025.02.20 03:00,0.006653,0.006667,0.00665,0.006664,5207,150.699997,150.744995,150.382004,150.431,0,-0.369053,-0.378256,-0.370975
2025.02.20 04:00,0.006665,0.006673,0.006662,0.006671,5136,150.425995,150.481003,150.238998,150.248993,0,-0.375929,-0.370137,-0.357662
2025.02.20 05:00,0.006675,0.006675,0.006665,0.006665,5633,150.251007,150.406006,150.179993,150.399994,0,-0.379749,-0.35604,-0.373737
2025.02.20 06:00,0.006666,0.006684,0.006665,0.006682,15215,150.399002,150.412003,149.979004,150.046005,0,-0.374498,-0.379179,-0.379014
2025.02.20 07:00,0.006682,0.006686,0.006673,0.006675,18032,150.044006,150.222,149.945007,150.171005,0,-0.375591,-0.378753,-0.369491
2025.02.20 08:00,0.006676,0.006677,0.006666,0.006668,12026,150.169998,150.391006,150.158005,150.341003,0,-0.376005,-0.378933,-0.370998
2025.02.20 09:00,0.006668,0.006675,0.006664,0.00667,4696,150.341995,150.432999,150.195007,150.309998,0,-0.372974,-0.371055,-0.384961
2025.02.20 10:00,0.006669,0.006681,0.006669,0.00668,6004,150.304993,150.317993,150.057007,150.076004,0,-0.381714,-0.367617,-0.375408
2025.02.20 11:00,0.00668,0.006682,0.006672,0.006673,5479,150.072998,150.253998,149.979996,150.222,0,-0.373903,-0.335397,-0.375591
2025.02.20 12:00,0.006673,0.006687,0.006673,0.006679,10427,150.220993,150.231995,149.927002,150.093002,0,-0.374355,-0.383109,-0.381197
2025.02.20 13:00,0.006679,0.006696,0.006677,0.006679,21187,150.091003,150.139999,149.701996,150.082993,0,-0.372136,-0.370253,-0.371187
2025.02.20 14:00,0.006679,0.006693,0.006673,0.006692,15779,150.087997,150.218002,149.794006,149.819,0,-0.371594,-0.384175,-0.375678
2025.02.20 15:00,0.006692,0.006708,0.00669,0.006706,19160,149.815002,149.858002,149.464996,149.511002,0,-0.381175,-0.378158,-0.379696
2025.02.20 16:00,0.006705,0.006706,0.006695,0.0067,14086,149.511002,149.738998,149.494995,149.628998,0,-0.3738,-0.363689,-0.375262
2025.02.20 17:00,0.0067,0.006711,0.006698,0.006707,6804,149.623993,149.701996,149.393005,149.470001,0,-0.392555,-0.383918,-0.372046
2025.02.20 18:00,0.006707,0.006708,0.0067,0.0067,4645,149.468994,149.636993,149.457993,149.626007,0,-0.372126,-0.371154,-0.372271
2025.02.20 19:00,0.0067,0.0067,0.006692,0.006694,7540,149.625,149.815002,149.619003,149.774002,0,-0.371681,-0.365267,-0.375334
2025.02.20 20:00,0.006693,0.006699,0.006691,0.006698,4848,149.776001,149.826996,149.643997,149.649994,0,-0.372504,-0.367986,-0.362838
2025.02.20 21:00,0.006699,0.006702,0.006698,0.0067,1556,149.654007,149.675003,149.589996,149.608002,0,-0.3767,-0.369676,-0.354266
2025.02.20 23:00,0.006701,0.006715,0.006698,0.006706,0,149.526993,149.636002,149.261002,149.436005,0,-0.348846,-0.340677,-0.304699
2025.02.21 00:00,0.006706,0.006706,0.006686,0.00669,11562,149.475006,149.908005,149.466003,149.832993,0,-0.352927,-0.356929,-0.367329
2025.02.21 01:00,0.00669,0.006692,0.006663,0.006667,15724,149.832993,150.447998,149.783997,150.339996,0,-0.354191,-0.363,-0.358742
2025.02.21 02:00,0.006667,0.006675,0.00665,0.006661,13755,150.343002,150.735992,150.151993,150.479004,0,-0.36005,-0.350479,-0.36266
2025.02.21 03:00,0.006661,0.006673,0.006659,0.006669,6929,150.473999,150.535004,150.220001,150.309006,0,-0.35103,-0.35114,-0.350247
2025.02.21 04:00,0.006669,0.006678,0.006667,0.006669,7356,150.311996,150.339005,150.117996,150.326996,0,-0.35775,-0.372566,-0.368238
2025.02.21 05:00,0.006667,0.006669,0.006661,0.006667,3255,150.328995,150.490005,150.311005,150.363998,0,-0.351129,-0.352246,-0.360251
2025.02.21 06:00,0.006667,0.006669,0.006659,0.006659,4067,150.363998,150.546005,150.289993,150.516006,0,-0.362031,-0.353714,-0.354579
2025.02.21 07:00,0.00666,0.006667,0.006653,0.006659,7116,150.516006,150.654007,150.354004,150.546005,0,-0.357166,-0.350257,-0.362031
2025.02.21 08:00,0.006658,0.006667,0.006655,0.006663,7850,150.546005,150.617996,150.339005,150.425995,0,-0.36632,-0.346499,-0.354708
2025.02.21 09:00,0.006663,0.006671,0.00666,0.006661,3881,150.427002,150.496994,150.255005,150.470993,0,-0.346843,-0.352437,-0.35465
2025.02.21 10:00,0.006661,0.006667,0.006659,0.006665,2767,150.470001,150.535995,150.345001,150.373993,0,-0.363301,-0.352496,-0.347736
2025.02.21 11:00,0.006665,0.006674,0.006663,0.00667,2800,150.373993,150.429001,150.184998,150.272995,0,-0.357714,-0.349818,-0.347958
2025.02.21 12:00,0.006671,0.006671,0.00666,0.006661,4037,150.270004,150.488998,150.240005,150.475006,0,-0.338847,-0.348675,-0.347402
2025.02.21 13:00,0.006661,0.006668,0.00666,0.006663,8258,150.472,150.514008,150.322006,150.432007,0,-0.363856,-0.352001,-0.36072
2025.02.21 14:00,0.006663,0.006694,0.006663,0.006692,17298,150.431,150.440994,149.744003,149.785995,0,-0.358454,-0.356497,-0.353842
2025.02.21 15:00,0.006692,0.006704,0.00669,0.006702,16480,149.787003,149.839005,149.503998,149.550995,0,-0.362178,-0.350443,-0.352933
2025.02.21 16:00,0.006702,0.00671,0.006699,0.006706,11867,149.550003,149.621002,149.388,149.492996,0,-0.344991,-0.356701,-0.36169
2025.02.21 17:00,0.006705,0.006719,0.006704,0.006717,7887,149.492004,149.531998,149.194,149.216003,0,-0.356198,-0.351254,-0.351094
2025.02.21 18:00,0.006717,0.006729,0.006717,0.006722,11064,149.212006,149.223999,148.966995,149.123993,0,-0.348016,-0.356499,-0.358744
2025.02.21 19:00,0.006722,0.006731,0.006721,0.006724,13130,149.123993,149.139999,148.921997,149.067001,0,-0.352621,-0.355658,-0.346001
2025.02.21 20:00,0.006725,0.006727,0.00672,0.006721,5374,149.072006,149.167999,148.996002,149.132996,0,-0.358474,-0.352373,-0.356677
2025.02.21 21:00,0.006721,0.006723,0.006712,0.006715,3817,149.134003,149.345993,149.117996,149.264999,0,-0.34801,-0.363814,-0.355755
2025.02.24 00:00,0.00671,0.006735,0.00671,0.006731,7846,149.404999,149.404999,148.839005,148.923996,0,-0.362601,-0.349885,-0.357657
2025.02.24 01:00,0.006731,0.006731,0.006715,0.006717,8695,148.927002,149.259003,148.914001,149.235992,0,-0.349758,-0.347662,-0.348924
2025.02.24 02:00,0.006716,0.006717,0.006704,0.006717,15861,149.240005,149.498001,149.223007,149.227997,0,-0.344446,-0.347024,-0.340928
2025.02.24 03:00,0.006717,0.006722,0.006711,0.00672,3471,149.231003,149.348007,149.112,149.158005,0,-0.33892,-0.34675,-0.34848
2025.02.24 04:00,0.006719,0.006721,0.006713,0.006718,1667,149.158997,149.313004,149.123993,149.205002,0,-0.348311,-0.347675,-0.351175
2025.02.24 05:00,0.006718,0.006718,0.006706,0.00671,2915,149.210007,149.464996,149.182007,149.399994,0,-0.355922,-0.32818,-0.357596
2025.02.24 06:00,0.006709,0.006712,0.006702,0.006706,3108,149.403,149.544998,149.337997,149.462006,0,-0.346936,-0.340014,-0.352931
2025.02.24 07:00,0.006706,0.006713,0.006703,0.006706,7402,149.464996,149.537003,149.319,149.455002,0,-0.350072,-0.343209,-0.345928
2025.02.24 08:00,0.006708,0.006717,0.006702,0.006708,6013,149.455002,149.570007,149.227997,149.417999,0,-0.360812,-0.352014,-0.353379
2025.02.24 09:00,0.006708,0.00671,0.0067,0.006702,6680,149.417999,149.598007,149.375,149.563995,0,-0.355411,-0.354808,-0.343675
2025.02.24 10:00,0.006702,0.006702,0.006698,0.0067,3075,149.561996,149.671005,149.548004,149.626007,0,-0.361564,-0.349942,-0.36114
2025.02.24 11:00,0.0067,0.0067,0.006692,0.006694,2973,149.625,149.792007,149.600006,149.731995,0,-0.348686,-0.35741,-0.355638
2025.02.24 12:00,0.006695,0.0067,0.00669,0.006693,7375,149.731003,149.835007,149.615997,149.763,0,-0.35818,-0.362261,-0.353169
2025.02.24 13:00,0.006694,0.0067,0.006688,0.006693,14333,149.768005,149.875,149.604004,149.763,0,-0.353473,-0.350268,-0.353169
2025.02.24 14:00,0.006693,0.006714,0.00669,0.006713,9981,149.761993,149.820999,149.292007,149.317001,0,-0.355335,-0.349497,-0.34121
2025.02.24 15:00,0.006713,0.006719,0.006708,0.006714,14959,149.320007,149.429001,149.184998,149.298004,0,-0.342162,-0.35333,-0.355494
2025.02.24 16:00,0.006713,0.006714,0.006693,0.006702,12665,149.294998,149.764008,149.294998,149.572006,0,-0.354176,-0.352488,-0.362811
2025.02.24 17:00,0.006702,0.006704,0.006696,0.006701,5351,149.570999,149.712006,149.509995,149.574005,0,-0.357964,-0.345313,-0.342548
2025.02.24 18:00,0.006702,0.00671,0.0067,0.006701,5255,149.576996,149.615005,149.382004,149.587997,0,-0.36127,-0.350704,-0.35654
2025.02.24 19:00,0.006701,0.006702,0.006692,0.006697,8315,149.587997,149.802002,149.584,149.675003,0,-0.35868,-0.363679,-0.354412
2025.02.24 20:00,0.006697,0.0067,0.006692,0.006695,4514,149.673996,149.792999,149.608002,149.720993,0,-0.360846,-0.354266,-0.355795
2025.02.24 21:00,0.006695,0.006696,0.006692,0.006696,1840,149.722,149.792999,149.684006,149.684006,0,-0.349677,-0.352263,-0.329964
2025.02.24 23:00,0.006696,0.006696,0.006686,0.006686,0,149.714005,149.910004,149.692001,149.871002,0,-0.332561,-0.349115,-0.304748
2025.02.25 00:00,0.006686,0.006686,0.006673,0.006675,9545,149.908997,150.186996,149.908005,150.147003,0,-0.329357,-0.34175,-0.345489
2025.02.25 01:00,0.006675,0.006679,0.006669,0.006679,5699,150.139008,150.300995,150.046005,150.052994,0,-0.342237,-0.3342,-0.341189
2025.02.25 02:00,0.006679,0.00669,0.006677,0.006689,5176,150.052002,150.093002,149.806,149.824997,0,-0.336356,-0.329173,-0.325818
2025.02.25 03:00,0.00669,0.006699,0.006686,0.006696,3420,149.822006,149.903,149.608002,149.662994,0,-0.336745,-0.331991,-0.331251
2025.02.25 04:00,0.006696,0.006706,0.006694,0.006702,0,149.662994,149.712997,149.455994,149.563004,0,-0.336641,-0.335799,-0.342683
2025.02.25 05:00,0.006702,0.006704,0.006692,0.006695,5323,149.559006,149.770996,149.503006,149.710007,0,-0.349999,-0.338324,-0.344809
2025.02.25 06:00,0.006694,0.006698,0.006688,0.006693,4224,149.714005,149.867996,149.619003,149.763,0,-0.335287,-0.331847,-0.353169
2025.02.25 07:00,0.006692,0.006718,0.006692,0.006714,9380,149.759995,149.783997,149.186005,149.279999,0,-0.340675,-0.332178,-0.337488
2025.02.25 08:00,0.006715,0.006717,0.0067,0.006706,8488,149.278,149.610992,149.216003,149.453003,0,-0.346125,-0.340021,-0.343929
2025.02.25 09:00,0.006706,0.006707,0.006692,0.0067,5606,149.453003,149.761002,149.434006,149.595001,0,-0.340005,-0.33605,-0.330134
2025.02.25 10:00,0.0067,0.0067,0.00669,0.006692,4019,149.598007,149.830002,149.589005,149.764999,0,-0.342,-0.335269,-0.344002
2025.02.25 11:00,0.006692,0.006697,0.006684,0.00669,4135,149.763,149.955002,149.656006,149.809006,0,-0.343994,-0.335415,-0.332179
2025.02.25 12:00,0.00669,0.006704,0.00669,0.006696,6922,149.802994,149.809998,149.479996,149.682007,0,-0.344334,-0.326441,-0.327966
2025.02.25 13:00,0.006696,0.006712,0.00669,0.006707,9996,149.684006,149.819,149.328003,149.432007,0,-0.342173,-0.33002,-0.334051
2025.02.25 14:00,0.006708,0.006722,0.006702,0.006719,15243,149.436005,149.539993,149.106995,149.182999,0,-0.341931,-0.341745,-0.340252
2025.02.25 15:00,0.006719,0.006746,0.006719,0.006723,37433,149.181,149.182007,148.561996,149.070999,0,-0.350339,-0.336986,-0.338937
2025.02.25 16:00,0.006723,0.006737,0.006721,0.006723,16520,149.070999,149.134995,148.772003,149.095001,0,-0.336543,-0.326969,-0.340819
2025.02.25 17:00,0.006723,0.006727,0.006715,0.006723,8935,149.093002,149.255005,149.007996,149.072998,0,-0.345761,-0.342273,-0.340936
2025.02.25 18:00,0.006723,0.006724,0.006715,0.006719,4975,149.074997,149.248993,149.048004,149.169006,0,-0.339749,-0.327004,-0.337339
2025.02.25 19:00,0.006719,0.006727,0.006719,0.006723,5540,149.164001,149.173996,148.998001,149.074997,0,-0.342328,-0.332278,-0.342935
2025.02.25 20:00,0.006723,0.006731,0.006723,0.006729,3655,149.074997,149.095993,148.899994,148.945999,0,-0.341811,-0.333655,-0.335502
2025.02.25 21:00,0.006729,0.006729,0.006725,0.006726,2121,148.945999,149.039001,148.929993,149.022995,0,-0.340122,-0.33054,-0.346218
2025.02.25 23:00,0.006721,0.006733,0.006717,0.006723,0,149.121002,149.179001,148.847,149.067993,0,-0.314092,-0.324792,-0.335931
2025.02.26 00:00,0.006724,0.006743,0.006722,0.006731,9526,149.048996,149.082993,148.615005,148.899994,0,-0.317743,-0.31306,-0.322625
2025.02.26 01:00,0.00673,0.006739,0.006715,0.006715,9653,148.903,149.233994,148.742004,149.220001,0,-0.324749,-0.352032,-0.310757
2025.02.26 02:00,0.006715,0.006718,0.006704,0.006705,6039,149.220001,149.470993,149.167999,149.460007,0,-0.317438,-0.314172,-0.317577
2025.02.26 03:00,0.006706,0.006712,0.006703,0.006708,3472,149.457993,149.518005,149.307999,149.393005,0,-0.331075,-0.310015,-0.317272
2025.02.26 04:00,0.006708,0.006713,0.006701,0.006706,2731,149.389999,149.556,149.281006,149.438995,0,-0.324543,-0.316313,-0.318801
2025.02.26 05:00,0.0067,0.006708,0.006698,0.006706,6409,149.438004,149.632004,149.403,149.429993,0,-0.322563,-0.316161,-0.320919
2025.02.26 06:00,0.006706,0.006706,0.006698,0.0067,3645,149.434998,149.630997,149.427002,149.574005,0,-0.332694,-0.317928,-0.320269
2025.02.26 07:00,0.0067,0.00671,0.006698,0.006702,4404,149.570007,149.604996,149.326996,149.526001,0,-0.31784,-0.306803,-0.316805
2025.02.26 08:00,0.006702,0.006715,0.006701,0.006713,6316,149.528,149.546005,149.246994,149.291,0,-0.314548,-0.32667,-0.326308
2025.02.26 09:00,0.006713,0.006714,0.006706,0.00671,3846,149.289993,149.440994,149.251007,149.362,0,-0.33192,-0.308497,-0.319602
2025.02.26 10:00,0.00671,0.006715,0.006702,0.006702,3310,149.363007,149.528,149.218994,149.518997,0,-0.318804,-0.30975,-0.320935
2025.02.26 11:00,0.006702,0.006704,0.0067,0.006702,4205,149.514008,149.591995,149.470993,149.542007,0,-0.327128,-0.306311,-0.321687
2025.02.26 12:00,0.006702,0.006706,0.006696,0.006698,3854,149.544006,149.645996,149.442993,149.610992,0,-0.314253,-0.311687,-0.31269
2025.02.26 13:00,0.006698,0.006712,0.006695,0.006701,9033,149.613007,149.688004,149.304001,149.533005,0,-0.322805,-0.317109,-0.301548
2025.02.26 14:00,0.006702,0.006713,0.006693,0.006696,16810,149.537994,149.733994,149.289993,149.660995,0,-0.324162,-0.314202,-0.318109
2025.02.26 15:00,0.006696,0.006708,0.006686,0.006704,17996,149.660004,149.886993,149.397995,149.488007,0,-0.30955,-0.322261,-0.323325
2025.02.26 16:00,0.006704,0.00672,0.006702,0.00672,12529,149.488007,149.531006,149.117996,149.132004,0,-0.32181,-0.308471,-0.322479
2025.02.26 17:00,0.00672,0.006725,0.006715,0.006719,12009,149.134003,149.248001,149.009003,149.149002,0,-0.327677,-0.32117,-0.317335
2025.02.26 18:00,0.006719,0.006734,0.006719,0.006729,11130,149.149994,149.156998,148.826996,148.921997,0,-0.314251,-0.326849,-0.3115
2025.02.26 19:00,0.006729,0.006735,0.006727,0.006733,9889,148.921997,148.968002,148.809998,148.835007,0,-0.324373,-0.320878,-0.32383
2025.02.26 20:00,0.006733,0.006733,0.006724,0.006725,5425,148.832993,149.052994,148.824997,149.029007,0,-0.331994,-0.31382,-0.319068
2025.02.26 21:00,0.006725,0.006726,0.006715,0.006721,4068,149.024994,149.235001,148.983994,149.076004,0,-0.325756,-0.307217,-0.299686
2025.02.26 23:00,0.006725,0.006735,0.006723,0.006729,0,148.968002,149.014999,148.740997,148.828995,0,-0.260817,-0.262894,-0.218498
2025.02.27 00:00,0.006729,0.006733,0.006715,0.006717,9483,148.873993,149.177002,148.778,149.134003,0,-0.256677,-0.255792,-0.269093
2025.02.27 01:00,0.006717,0.006721,0.006706,0.006708,6683,149.136002,149.403,149.067993,149.354996,0,-0.271694,-0.269542,-0.268157
2025.02.27 02:00,0.006707,0.006716,0.006706,0.006712,4366,149.356995,149.380005,149.164001,149.257996,0,-0.270931,-0.265846,-0.260012
2025.02.27 03:00,0.006712,0.006715,0.006708,0.006714,1775,149.259003,149.356003,149.184998,149.218994,0,-0.269164,-0.253581,-0.276484
2025.02.27 04:00,0.006713,0.00672,0.006712,0.006719,2505,149.218994,149.264999,149.072006,149.097,0,-0.267016,-0.262481,-0.2764
2025.02.27 05:00,0.006714,0.006714,0.006706,0.006708,4195,149.098007,149.371994,149.095001,149.339005,0,-0.26292,-0.152491,-0.263271
2025.02.27 06:00,0.006708,0.006715,0.006704,0.006712,4107,149.341003,149.423996,149.197006,149.255005,0,-0.259314,-0.26559,-0.268113
2025.02.27 07:00,0.006712,0.006715,0.006708,0.006712,3019,149.255997,149.332001,149.182007,149.261993,0,-0.267381,-0.261682,-0.26401
2025.02.27 08:00,0.006712,0.006717,0.006691,0.006692,13472,149.264999,149.729996,149.154007,149.714005,0,-0.275504,-0.266939,-0.270683
2025.02.27 09:00,0.006692,0.006695,0.00668,0.006686,9711,149.712006,149.966995,149.626007,149.837997,0,-0.266399,-0.260809,-0.260554
2025.02.27 10:00,0.006686,0.006687,0.006679,0.006685,6139,149.841003,149.972,149.796005,149.848007,0,-0.260195,-0.252113,-0.259374
2025.02.27 11:00,0.006685,0.006692,0.006683,0.006688,4724,149.852997,149.899994,149.677002,149.796997,0,-0.266593,-0.256005,-0.27547
2025.02.27 12:00,0.006688,0.006698,0.006688,0.006694,7911,149.792999,149.800003,149.556,149.651993,0,-0.267294,-0.268844,-0.253325
2025.02.27 13:00,0.006694,0.00671,0.006684,0.006691,22540,149.649994,149.880997,149.348007,149.722,0,-0.269988,-0.316708,-0.267508
2025.02.27 14:00,0.006691,0.006695,0.006673,0.00669,17561,149.725006,150.139999,149.639008,149.731003,0,-0.271138,-0.273809,-0.265339
2025.02.27 15:00,0.00669,0.0067,0.006674,0.006682,22811,149.731003,150.102005,149.535995,149.942993,0,-0.266825,-0.271128,-0.276002
2025.02.27 16:00,0.006681,0.006689,0.006671,0.006686,12725,149.942001,150.162994,149.761993,149.806,0,-0.260427,-0.262814,-0.250922
2025.02.27 17:00,0.006688,0.006688,0.006677,0.00668,4343,149.807007,150.016006,149.776001,149.966995,0,-0.25936,-0.265643,-0.266399
2025.02.27 18:00,0.006681,0.006682,0.006672,0.006673,3918,149.962006,150.154007,149.910995,150.110992,0,-0.273912,-0.266396,-0.264584
2025.02.27 19:00,0.006673,0.006688,0.006673,0.006685,7450,150.113007,150.123001,149.781998,149.860992,0,-0.276592,-0.27164,-0.272359
2025.02.27 20:00,0.006684,0.006696,0.006684,0.006692,6669,149.852997,149.862,149.619995,149.692993,0,-0.262174,-0.265954,-0.271996
2025.02.27 21:00,0.006692,0.006694,0.006686,0.006686,2354,149.694,149.824997,149.662994,149.800995,0,-0.258743,-0.264326,-0.245917
2025.02.27 23:00,0.006686,0.006698,0.006673,0.006674,0,149.751007,150.065994,149.529999,150.046997,0,-0.208355,-0.242843,-0.211817
2025.02.28 00:00,0.006674,0.006707,0.006671,0.006706,12558,150.076996,150.141998,149.350006,149.363998,0,-0.239431,-0.252051,-0.243804
2025.02.28 01:00,0.006706,0.00671,0.006699,0.00671,8351,149.371002,149.529999,149.268005,149.296005,0,-0.253988,-0.247813,-0.253607
2025.02.28 02:00,0.00671,0.006719,0.006697,0.006699,7992,149.298004,149.565994,149.093994,149.529007,0,-0.245403,-0.251248,-0.252996
2025.02.28 03:00,0.0067,0.006702,0.006694,0.006695,5038,149.524002,149.630005,149.455994,149.600006,0,-0.253648,-0.257932,-0.234808
2025.02.28 04:00,0.006695,0.0067,0.006692,0.006696,3228,149.606995,149.697006,149.514999,149.606995,0,-0.253684,-0.250132,-0.252953
2025.02.28 05:00,0.00669,0.006695,0.006684,0.006686,5544,149.604996,149.884995,149.576004,149.828995,0,-0.262791,-0.210806,-0.251552
2025.02.28 06:00,0.006685,0.006688,0.006671,0.006675,8241,149.828995,150.117004,149.779999,150.044006,0,-0.214437,-0.24729,-0.242492
2025.02.28 07:00,0.006675,0.006681,0.006652,0.006659,12447,150.039001,150.570007,149.932007,150.429993,0,-0.239277,-0.253812,-0.246019
2025.02.28 08:00,0.006659,0.006663,0.006648,0.006653,12386,150.431,150.686005,150.309998,150.563995,0,-0.253516,-0.238711,-0.255867
2025.02.28 09:00,0.006653,0.00667,0.006649,0.006667,8988,150.565994,150.634995,150.184006,150.248001,0,-0.236441,-0.258969,-0.255496
2025.02.28 10:00,0.006667,0.006667,0.006661,0.006661,4334,150.25,150.395996,150.238007,150.373993,0,-0.257119,-0.245501,-0.246389
2025.02.28 11:00,0.006661,0.006665,0.006657,0.006661,3130,150.371002,150.488007,150.285995,150.389008,0,-0.258908,-0.248491,-0.250131
2025.02.28 12:00,0.006661,0.006661,0.006646,0.006649,5661,150.388,150.718002,150.378006,150.660995,0,-0.251553,-0.239129,-0.262442
2025.02.28 13:00,0.006648,0.006651,0.006634,0.006649,24538,150.658005,150.990005,150.595001,150.651001,0,-0.262744,-0.252968,-0.252447
2025.02.28 14:00,0.00665,0.006666,0.006642,0.006647,20020,150.643997,150.813004,150.279007,150.684006,0,-0.244612,-0.264005,-0.240199
2025.02.28 15:00,0.006648,0.006655,0.00664,0.006648,16536,150.686005,150.863998,150.503998,150.677002,0,-0.250251,-0.252322,-0.244513
2025.02.28 16:00,0.006647,0.006668,0.006642,0.006649,17514,150.675995,150.792999,150.231995,150.641006,0,-0.24727,-0.261989,-0.242453
2025.02.28 17:00,0.00665,0.006663,0.006648,0.006662,5655,150.641998,150.682007,150.332001,150.365005,0,-0.260824,-0.24946,-0.259931
2025.02.28 18:00,0.006662,0.006667,0.006653,0.006663,9111,150.362,150.546005,150.238007,150.326996,0,-0.249164,-0.245501,-0.255709
2025.02.28 19:00,0.006663,0.006665,0.006651,0.006654,10440,150.326004,150.600006,150.302994,150.539993,0,-0.246678,-0.25423,-0.254449
2025.02.28 20:00,0.006653,0.006659,0.00665,0.006655,5481,150.539993,150.623993,150.434998,150.505005,0,-0.259359,-0.251024,-0.253329
2025.02.28 21:00,0.006655,0.006657,0.00665,0.00665,2669,150.507004,150.621994,150.481995,150.544998,0,-0.234752,-0.252896,-0.180364
2025.03.03 00:00,0.006642,0.006655,0.006635,0.006653,7052,150.806,150.949997,150.488007,150.541,0,-0.234096,-0.236331,-0.232872
2025.03.03 01:00,0.006653,0.006663,0.006646,0.006659,5201,150.541,150.720993,150.309006,150.408005,0,-0.243231,-0.226465,-0.246578
2025.03.03 02:00,0.006659,0.006665,0.006656,0.006659,5688,150.408997,150.475998,150.264999,150.406006,0,-0.235612,-0.238742,-0.233311
2025.03.03 03:00,0.006659,0.006667,0.006655,0.006657,4463,150.401001,150.488998,150.240997,150.449997,0,-0.237322,-0.23725,-0.232185
2025.03.03 04:00,0.006657,0.006662,0.006655,0.006662,2558,150.453003,150.516998,150.320007,150.337006,0,-0.242748,-0.214933,-0.231931
2025.03.03 05:00,0.006662,0.006662,0.006653,0.006659,2881,150.330002,150.533997,150.328995,150.408005,0,-0.237156,-0.223921,-0.224031
2025.03.03 06:00,0.006659,0.006665,0.006653,0.006657,3607,150.412994,150.526001,150.266998,150.460999,0,-0.22916,-0.229494,-0.2319
2025.03.03 07:00,0.006656,0.006671,0.006653,0.006669,3925,150.460007,150.524994,150.147995,150.167999,0,-0.228153,-0.234199,-0.23172
2025.03.03 08:00,0.006669,0.006677,0.006667,0.006672,8036,150.171005,150.242004,150.024002,150.110001,0,-0.238257,-0.244931,-0.229906
2025.03.03 09:00,0.006672,0.006679,0.006661,0.006661,6720,150.110001,150.371002,149.942001,150.343994,0,-0.232125,-0.230196,-0.227651
2025.03.03 10:00,0.006661,0.006661,0.006637,0.00664,13802,150.341003,150.893005,150.341003,150.837997,0,-0.222522,-0.22466,-0.235583
2025.03.03 11:00,0.00664,0.006642,0.006622,0.006624,14865,150.834,151.238007,150.787994,151.207001,0,-0.226231,-0.230929,-0.229422
2025.03.03 12:00,0.006624,0.006628,0.006619,0.006622,12665,151.205002,151.302994,151.110001,151.235992,0,-0.222767,-0.234929,-0.224217
2025.03.03 13:00,0.006622,0.006636,0.006619,0.006634,9676,151.238007,151.302002,150.938004,150.966003,0,-0.23319,-0.233462,-0.238742
2025.03.03 14:00,0.006634,0.006651,0.006634,0.00665,15340,150.966995,150.973999,150.582993,150.613007,0,-0.235385,-0.240959,-0.237064
2025.03.03 15:00,0.006649,0.006673,0.006642,0.006667,33071,150.612,150.675003,150.076004,150.231003,0,-0.117938,-0.229595,-0.227255
2025.03.03 16:00,0.006667,0.006675,0.006661,0.00667,11482,150.237,150.373001,150.046997,150.169006,0,-0.234124,-0.234259,-0.24397
2025.03.03 17:00,0.006669,0.006671,0.006662,0.006669,6999,150.169998,150.339996,150.126007,150.177994,0,-0.234922,-0.234677,-0.241715
2025.03.03 18:00,0.006669,0.006675,0.006666,0.006669,11052,150.182007,150.251999,150.059006,150.179001,0,-0.236997,-0.246268,-0.231478
2025.03.03 19:00,0.006669,0.006671,0.006663,0.006665,8702,150.177994,150.304993,150.136002,150.248001,0,-0.233706,-0.233434,-0.221744
2025.03.03 20:00,0.006666,0.006717,0.006665,0.006704,37252,150.251007,150.259995,149.095993,149.419006,0,-0.233737,-0.231084,-0.243206
2025.03.03 21:00,0.006704,0.006704,0.006694,0.0067,4142,149.417007,149.628998,149.410004,149.485001,0,-0.23033,-0.234204,-0.220133
2025.03.03 23:00,0.006696,0.006715,0.006692,0.006708,0,149.563995,149.623001,149.139999,149.309006,0,-0.202004,-0.208583,-0.222167
2025.03.04 00:00,0.006706,0.006723,0.006698,0.006715,10222,149.309006,149.529007,148.975006,149.149002,0,-0.219566,-0.220824,-0.217585
2025.03.04 01:00,0.006714,0.006739,0.00671,0.006723,16451,149.149994,149.257996,148.591995,148.932999,0,-0.215598,-0.213035,-0.200936
2025.03.04 02:00,0.006725,0.006729,0.006702,0.006708,6832,148.929993,149.423996,148.835007,149.298004,0,-0.2148,-0.213474,-0.211166
2025.03.04 03:00,0.006708,0.006719,0.006706,0.006714,4728,149.287994,149.345001,149.028,149.162003,0,-0.213695,-0.207399,-0.219492
2025.03.04 04:00,0.006713,0.006725,0.006713,0.006715,0,149.160995,149.177994,148.912003,149.138,0,-0.224388,-0.202063,-0.206584
2025.03.04 05:00,0.00671,0.006715,0.0067,0.006704,6196,149.136002,149.462997,149.089996,149.376999,0,-0.220402,-0.180752,-0.212317
2025.03.04 06:00,0.006704,0.006708,0.006696,0.006697,4336,149.380997,149.563004,149.270996,149.531998,0,-0.208962,-0.206376,-0.211406
2025.03.04 07:00,0.006697,0.006719,0.006696,0.006706,9899,149.529007,149.576996,149.057999,149.345001,0,-0.222955,-0.215252,-0.213695
2025.03.04 08:00,0.006706,0.006721,0.006701,0.006717,11677,149.343994,149.453995,148.998001,149.089005,0,-0.222538,-0.210622,-0.213022
2025.03.04 09:00,0.006717,0.006731,0.006714,0.006719,13284,149.085999,149.149994,148.794998,149.048996,0,-0.207484,-0.21763,-0.228395
2025.03.04 10:00,0.006719,0.006732,0.006719,0.006731,6612,149.048004,149.048996,148.757996,148.798996,0,-0.228395,-0.21373,-0.221627
2025.03.04 11:00,0.006731,0.006754,0.006729,0.00675,18170,148.798004,148.835007,148.287994,148.363998,0,-0.213474,-0.216626,-0.215854
2025.03.04 12:00,0.00675,0.006762,0.00675,0.006756,17634,148.360992,148.365997,148.093002,148.227997,0,-0.228819,-0.218694,-0.22237
2025.03.04 13:00,0.006757,0.006758,0.006741,0.006757,22343,148.223999,148.561996,148.182999,148.207993,0,-0.216051,-0.22117,-0.21332
2025.03.04 14:00,0.006758,0.006758,0.006735,0.006747,21719,148.205994,148.710007,148.194,148.429001,0,-0.220887,-0.221222,-0.214978
2025.03.04 15:00,0.006748,0.006758,0.006739,0.00675,29456,148.432999,148.612,148.192001,148.350006,0,-0.211025,-0.230173,-0.212827
2025.03.04 16:00,0.006751,0.006753,0.006727,0.00673,19457,148.352005,148.860992,148.300003,148.817001,0,-0.217363,-0.217669,-0.228592
2025.03.04 17:00,0.006729,0.006735,0.006725,0.006733,12053,148.811996,148.916,148.686005,148.740005,0,-0.21712,-0.218926,-0.217797
2025.03.04 18:00,0.006733,0.006735,0.006715,0.006717,12022,148.746002,149.134995,148.699997,149.093002,0,-0.22575,-0.210878,-0.217019
2025.03.04 19:00,0.006717,0.006719,0.006704,0.006707,16921,149.097,149.371994,149.046997,149.315994,0,-0.218439,-0.204251,-0.218039
2025.03.04 20:00,0.006706,0.006721,0.006698,0.006717,15784,149.315002,149.514008,149.003998,149.100006,0,-0.204567,-0.205547,-0.212938
2025.03.04 21:00,0.006717,0.006719,0.006682,0.006684,12052,149.098999,149.876999,149.039993,149.800995,0,-0.210008,-0.219393,-0.20117
2025.03.04 23:00,0.006686,0.006692,0.006677,0.006683,0,149.733994,149.970001,149.639008,149.729996,0,-0.19093,-0.195686,-0.096595
2025.03.05 00:00,0.006684,0.006694,0.006679,0.006679,7395,149.830994,149.921997,149.572998,149.910995,0,-0.198982,-0.196641,-0.19919
2025.03.05 01:00,0.006679,0.006685,0.006667,0.006677,13676,149.912003,150.184006,149.779999,149.977005,0,-0.1915,-0.191366,-0.197934
2025.03.05 02:00,0.006677,0.006687,0.006675,0.006684,5783,149.970993,150.005997,149.742996,149.828003,0,-0.204483,-0.199103,-0.205799
2025.03.05 03:00,0.006684,0.006688,0.006671,0.006677,9746,149.828003,150.095993,149.707993,149.972,0,-0.204663,-0.197635,-0.192929
2025.03.05 04:00,0.006677,0.006689,0.006677,0.006684,2997,149.973007,149.973007,149.703995,149.824997,0,-0.193936,-0.204816,-0.202793
2025.03.05 05:00,0.006681,0.006689,0.006681,0.006688,6579,149.824997,149.893997,149.692001,149.714005,0,-0.204608,-0.192822,-0.203647
2025.03.05 06:00,0.006689,0.006696,0.006686,0.006689,4145,149.712006,149.75,149.565994,149.682999,0,-0.194922,-0.211953,-0.18382
2025.03.05 07:00,0.006689,0.006702,0.006684,0.0067,6868,149.686996,149.817001,149.410004,149.442001,0,-0.205993,-0.200808,-0.188265
2025.03.05 08:00,0.0067,0.006712,0.006692,0.00671,15874,149.445999,149.641998,149.197006,149.223999,0,-0.198676,-0.199023,-0.203807
2025.03.05 09:00,0.00671,0.006717,0.0067,0.006704,11241,149.220001,149.449997,149.093994,149.373001,0,-0.196261,-0.206926,-0.197201
2025.03.05 10:00,0.006703,0.006706,0.006694,0.006704,12040,149.369003,149.565994,149.309998,149.339005,0,-0.189638,-0.200923,-0.18545
2025.03.05 11:00,0.006705,0.006708,0.006696,0.006702,6139,149.341995,149.544006,149.287994,149.393005,0,-0.20112,-0.212261,-0.194943
2025.03.05 12:00,0.006702,0.006713,0.006697,0.006698,11254,149.395004,149.513,149.151001,149.511993,0,-0.192409,-0.197395,-0.202552
2025.03.05 13:00,0.006697,0.006723,0.006688,0.00672,29486,149.507996,149.738998,148.931,149.016998,0,-0.206289,-0.198937,-0.207473
2025.03.05 14:00,0.006719,0.006748,0.006719,0.006747,32152,149.016006,149.028,148.386002,148.386002,0,-0.207399,-0.20492,-0.171979
2025.03.05 15:00,0.006745,0.006746,0.006715,0.006724,33103,148.382004,149.106995,148.382004,148.912994,0,-0.19775,-0.156994,-0.191994
2025.03.05 16:00,0.006725,0.006744,0.006721,0.006728,25832,148.914001,148.983994,148.470001,148.828995,0,-0.196615,-0.201037,-0.196415
2025.03.05 17:00,0.006729,0.006737,0.006724,0.006727,9172,148.830994,148.912994,148.630997,148.858002,0,-0.191994,-0.185963,-0.192279
2025.03.05 18:00,0.006727,0.006731,0.00672,0.006722,9656,148.865997,149.020004,148.764008,148.953003,0,-0.210479,-0.186639,-0.187754
2025.03.05 19:00,0.006723,0.006731,0.006714,0.006729,9550,148.953003,149.143005,148.778,148.787003,0,-0.200495,-0.200631,-0.18755
2025.03.05 20:00,0.00673,0.006732,0.006725,0.006725,5858,148.787003,148.895004,148.733994,148.878998,0,-0.196124,-0.189728,-0.191165
2025.03.05 21:00,0.006727,0.006728,0.006721,0.006726,2642,148.880997,148.998993,148.804993,148.863007,0,-0.200542,-0.172413,-0.18623
2025.03.05 23:00,0.006727,0.006731,0.006721,0.006723,0,148.806,148.940994,148.716003,148.893997,0,-0.142543,-0.149664,-0.161935
2025.03.06 00:00,0.006723,0.006724,0.006704,0.006712,8755,148.878998,149.309998,148.854996,149.151993,0,-0.134198,-0.133996,-0.154009
2025.03.06 01:00,0.006712,0.006719,0.006704,0.006718,5013,149.153,149.330994,148.960007,148.994995,0,-0.166312,-0.139406,-0.141168
2025.03.06 02:00,0.006719,0.006721,0.006708,0.006709,4883,148.992004,149.223007,148.944,149.195999,0,-0.147274,-0.156622,-0.142491
2025.03.06 03:00,0.006709,0.006713,0.006705,0.006708,3094,149.194,149.285004,149.112,149.231995,0,-0.142574,-0.136208,-0.145156
2025.03.06 04:00,0.006707,0.006711,0.006704,0.00671,2355,149.235992,149.307007,149.154007,149.188004,0,-0.153452,-0.14492,-0.167811
2025.03.06 05:00,0.00671,0.006721,0.006708,0.006721,3273,149.188004,149.220993,148.923996,148.934006,0,-0.145259,-0.136617,-0.146627
2025.03.06 06:00,0.006721,0.006729,0.006719,0.006728,4767,148.927994,148.964005,148.742996,148.779007,0,-0.143404,-0.143544,-0.146427
2025.03.06 07:00,0.006727,0.006752,0.006727,0.006746,19466,148.781998,148.783005,148.261993,148.371994,0,-0.139375,-0.146761,-0.146984
2025.03.06 08:00,0.006747,0.00676,0.006744,0.006756,17949,148.375,148.414993,148.063004,148.156006,0,-0.146029,-0.144948,-0.150379
2025.03.06 09:00,0.006756,0.006773,0.006756,0.006769,15184,148.154999,148.158005,147.781998,147.878998,0,-0.152378,-0.14783,-0.146691
2025.03.06 10:00,0.006769,0.006778,0.00676,0.00677,9548,147.884003,148.072998,147.694,147.860992,0,-0.143999,-0.157852,-0.1396
2025.03.06 11:00,0.00677,0.006775,0.006764,0.006772,4978,147.865005,147.985992,147.757996,147.830002,0,-0.155405,-0.145626,-0.15224
2025.03.06 12:00,0.006772,0.006783,0.00677,0.006781,9039,147.828995,147.878998,147.559998,147.608002,0,-0.157605,-0.143469,-0.147997
2025.03.06 13:00,0.006782,0.006793,0.006778,0.006791,23286,147.612,147.681,147.348007,147.431,0,-0.144852,-0.148477,-0.166442
2025.03.06 14:00,0.00679,0.006795,0.00677,0.006783,20401,147.423996,147.848999,147.307999,147.563995,0,-0.14942,-0.14096,-0.147467
2025.03.06 15:00,0.006783,0.006787,0.006749,0.006753,27742,147.563995,148.315002,147.488007,148.238007,0,-0.144902,-0.13665,-0.155672
2025.03.06 16:00,0.006752,0.006768,0.006746,0.006768,18983,148.238007,148.391998,147.899994,147.908997,0,-0.145019,-0.145853,-0.143947
2025.03.06 17:00,0.006768,0.006779,0.006762,0.006768,10503,147.908997,148.026993,147.647003,147.912003,0,-0.152684,-0.143496,-0.146953
2025.03.06 18:00,0.006768,0.006775,0.006766,0.006773,8750,147.910004,147.960999,147.738007,147.800995,0,-0.152267,-0.147418,-0.155936
2025.03.06 19:00,0.006773,0.006783,0.00677,0.006777,11281,147.798996,147.854996,147.563004,147.688004,0,-0.144505,-0.135616,-0.140969
2025.03.06 20:00,0.006777,0.006779,0.00677,0.006772,4643,147.690994,147.876999,147.660004,147.807007,0,-0.155606,-0.134741,-0.151045
2025.03.06 21:00,0.006772,0.006772,0.006761,0.006764,2661,147.811005,148.059006,147.800995,147.975998,0,-0.151892,-0.145033,-0.14541
2025.03.06 23:00,0.006766,0.006768,0.006756,0.006756,0,147.945999,148.139008,147.876007,148.093994,0,-0.111477,-0.121867,-0.077421
2025.03.07 00:00,0.006756,0.006779,0.006755,0.006764,10373,148.145004,148.162003,147.649994,147.957001,0,-0.123512,-0.135615,-0.126413
2025.03.07 01:00,0.006764,0.006772,0.006758,0.006767,7426,147.955994,148.123001,147.809006,147.897995,0,-0.139282,-0.131243,-0.122025
2025.03.07 02:00,0.006768,0.006783,0.006762,0.006781,5898,147.899002,148.035995,147.550003,147.593002,0,-0.139822,-0.122615,-0.132997
2025.03.07 03:00,0.006781,0.006789,0.006779,0.006781,3865,147.593994,147.656006,147.440002,147.604996,0,-0.141627,-0.132058,-0.134125
2025.03.07 04:00,0.006781,0.006787,0.006776,0.006777,3190,147.602005,147.710007,147.472,147.669998,0,-0.130312,-0.131501,-0.112085
2025.03.07 05:00,0.006775,0.006789,0.006774,0.006788,2736,147.673996,147.755005,147.447998,147.455994,0,-0.131737,-0.140053,-0.137196
2025.03.07 06:00,0.006788,0.006791,0.006779,0.006786,5011,147.451996,147.647995,147.384003,147.494995,0,-0.133616,-0.13028,-0.132778
2025.03.07 07:00,0.006787,0.006787,0.006774,0.006779,8611,147.490005,147.751007,147.483002,147.651001,0,-0.127739,-0.131645,-0.125738
2025.03.07 08:00,0.006778,0.006799,0.006774,0.006793,17298,147.651001,147.744995,147.199997,147.335999,0,-0.121727,-0.130359,-0.136468
2025.03.07 09:00,0.006793,0.006795,0.006781,0.006789,7907,147.337997,147.584,147.285004,147.436996,0,-0.123995,-0.128796,-0.129052
2025.03.07 10:00,0.006788,0.006791,0.006783,0.006783,4025,147.438004,147.561005,147.376999,147.554993,0,-0.133617,-0.123276,-0.127605
2025.03.07 11:00,0.006783,0.006784,0.006775,0.006777,3987,147.552994,147.746994,147.494003,147.695007,0,-0.134624,-0.088342,-0.126204
2025.03.07 12:00,0.006777,0.006779,0.006769,0.006775,8173,147.690002,147.854004,147.623001,147.742004,0,-0.121697,-0.119494,-0.129635
2025.03.07 13:00,0.006775,0.006804,0.006764,0.006799,30150,147.746002,147.973007,147.112,147.225006,0,-0.120567,-0.139633,-0.13374
2025.03.07 14:00,0.006799,0.006812,0.006777,0.006785,26922,147.225998,147.677002,147.007996,147.511993,0,-0.129967,-0.208234,-0.128063
2025.03.07 15:00,0.006785,0.0068,0.006775,0.006785,29983,147.513,147.731003,147.190002,147.516998,0,-0.140414,-0.131181,-0.133068
2025.03.07 16:00,0.006785,0.006808,0.006781,0.006803,16069,147.518997,147.597,147.022003,147.132996,0,-0.126129,-0.125199,-0.128223
2025.03.07 17:00,0.006803,0.006811,0.006776,0.006787,13941,147.138,147.707993,146.955994,147.490997,0,-0.128298,-0.134674,-0.13964
2025.03.07 18:00,0.006786,0.006786,0.006762,0.006764,17094,147.483994,148.031006,147.477997,147.973999,0,-0.134832,-0.11578,-0.121559
2025.03.07 19:00,0.006764,0.006769,0.006754,0.006761,12003,147.973999,148.199997,147.858002,148.035004,0,-0.128628,-0.125695,-0.12789
2025.03.07 20:00,0.006761,0.006768,0.006758,0.006764,7255,148.033005,148.117004,147.884995,147.951996,0,-0.133285,-0.119945,-0.121408
2025.03.07 21:00,0.006764,0.00677,0.00676,0.006762,2157,147.953003,148.050995,147.830002,148.018005,0,-0.132939,-0.119511,-0.121832
2025.03.10 00:00,0.006781,0.006797,0.006778,0.006795,9116,147.585999,147.647003,147.225998,147.296005,0,-0.110855,-0.113088,-0.118144
2025.03.10 01:00,0.006795,0.006804,0.006787,0.006789,8360,147.289001,147.445999,147.087997,147.417007,0,-0.116346,-0.115631,-0.119904
2025.03.10 02:00,0.006789,0.006793,0.006779,0.00678,4973,147.416,147.634003,147.326996,147.608002,0,-0.10874,-0.105799,-0.115375
2025.03.10 03:00,0.00678,0.006783,0.006773,0.006779,3607,147.612,147.742996,147.542007,147.636993,0,-0.097938,-0.103749,-0.111731
2025.03.10 04:00,0.006778,0.006783,0.006777,0.006779,1765,147.638,147.671005,147.531998,147.634995,0,-0.113092,-0.115469,-0.120615
2025.03.10 05:00,0.006779,0.006783,0.006771,0.006783,4065,147.634003,147.792999,147.516998,147.522003,0,-0.104329,-0.10047,-0.105474
2025.03.10 06:00,0.006783,0.006785,0.006773,0.006775,3734,147.522003,147.757004,147.498993,147.701004,0,-0.122836,-0.115062,-0.110416
2025.03.10 07:00,0.006776,0.006785,0.006772,0.006782,6279,147.697998,147.789001,147.494995,147.563995,0,-0.111239,-0.111065,-0.114864
2025.03.10 08:00,0.006781,0.006801,0.006779,0.006799,12282,147.567001,147.639999,147.136993,147.184006,0,-0.12562,-0.110602,-0.114368
2025.03.10 09:00,0.006799,0.006801,0.006791,0.006797,8712,147.182999,147.360001,147.145996,147.233002,0,-0.106278,-0.119605,-0.120092
2025.03.10 10:00,0.006797,0.006812,0.006795,0.006812,13097,147.227997,147.285004,146.908997,146.919998,0,-0.117965,-0.120002,-0.120237
2025.03.10 11:00,0.006812,0.006814,0.006801,0.006803,10106,146.916,147.139008,146.860001,147.123993,0,-0.112616,-0.114088,-0.11922
2025.03.10 12:00,0.006802,0.006821,0.006801,0.006807,13581,147.123001,147.149994,146.718002,147.016006,0,-0.112791,-0.111933,-0.108409
2025.03.10 13:00,0.006807,0.006818,0.0068,0.006804,18332,147.014008,147.175003,146.766006,147.065994,0,-0.116181,-0.106181,-0.10442
2025.03.10 14:00,0.006805,0.006826,0.006805,0.006819,27441,147.065002,147.070007,146.628006,146.766006,0,-0.119234,-0.140053,-0.116938
2025.03.10 15:00,0.006818,0.00682,0.006794,0.006801,15002,146.763,147.306,146.748001,147.151001,0,-0.117305,-0.109687,-0.113798
2025.03.10 16:00,0.006801,0.006806,0.006793,0.006796,10477,147.149994,147.307007,147.048004,147.263,0,-0.107476,-0.118827,-0.117622
2025.03.10 17:00,0.006795,0.006806,0.006793,0.006799,6513,147.261993,147.317001,147.035995,147.186996,0,-0.117471,-0.106818,-0.117358
2025.03.10 18:00,0.006799,0.006799,0.006789,0.006797,18040,147.186005,147.389008,147.169998,147.238007,0,-0.102754,-0.10036,-0.114272
2025.03.10 19:00,0.006797,0.006804,0.006787,0.006795,23279,147.238998,147.466995,147.080994,147.292999,0,-0.115638,-0.108627,-0.115138
2025.03.10 20:00,0.006794,0.006797,0.006791,0.006795,2767,147.287994,147.367996,147.225998,147.253006,0,-0.114273,-0.102263,-0.096798
2025.03.10 22:00,0.006798,0.006809,0.006798,0.006807,0,147.139999,147.173996,146.947998,146.983002,0,-0.071909,-0.083552,-0.075405
2025.03.10 23:00,0.006808,0.006818,0.006803,0.006804,6879,146.987,147.095001,146.770004,147.067993,0,-0.090228,-0.088672,-0.084823
2025.03.11 00:00,0.006804,0.006828,0.006803,0.006818,13242,147.074997,147.100998,146.537994,146.751007,0,-0.096225,-0.092947,-0.091182
2025.03.11 01:00,0.006819,0.006826,0.00681,0.006816,8778,146.75,146.929001,146.589996,146.806,0,-0.096899,-0.102044,-0.103144
2025.03.11 02:00,0.006816,0.006818,0.006799,0.006811,9830,146.807007,147.192001,146.757996,146.914993,0,-0.100735,-0.087423,-0.093674
2025.03.11 03:00,0.00681,0.006811,0.0068,0.006801,0,146.916,147.156998,146.910004,147.112,0,-0.098176,-0.088684,-0.085608
2025.03.11 04:00,0.006803,0.00681,0.006797,0.006808,8302,147.115005,147.225006,146.917999,146.968002,0,-0.090455,-0.085898,-0.092769
2025.03.11 05:00,0.006808,0.006811,0.006793,0.006797,10124,146.968994,147.289001,146.916,147.220993,0,-0.089471,-0.094681,-0.086442
2025.03.11 06:00,0.006797,0.006798,0.006789,0.006796,22198,147.220993,147.404007,147.186996,147.233002,0,-0.096062,-0.084909,-0.087623
2025.03.11 07:00,0.006796,0.006818,0.006793,0.00681,22536,147.233994,147.287994,146.757004,146.942001,0,-0.088464,-0.097179,-0.099127
2025.03.11 08:00,0.00681,0.006813,0.006793,0.006793,14528,146.936996,147.302994,146.873001,147.287003,0,-0.081797,-0.094782,-0.087472
2025.03.11 09:00,0.006793,0.006797,0.006783,0.00679,17408,147.283997,147.518005,147.214005,147.371002,0,-0.090618,-0.09027,-0.095597
2025.03.11 10:00,0.006789,0.00679,0.006777,0.006781,7059,147.375,147.645004,147.367004,147.556,0,-0.097969,-0.0916,-0.095995
2025.03.11 11:00,0.006781,0.006785,0.006773,0.006779,8121,147.557999,147.725998,147.472,147.606995,0,-0.09183,-0.08807,-0.092616
2025.03.11 12:00,0.006779,0.006792,0.006764,0.006772,21780,147.606003,147.936996,147.328003,147.759995,0,-0.095479,-0.095966,-0.093128
2025.03.11 13:00,0.006772,0.006777,0.006756,0.006772,28056,147.761993,148.113998,147.628998,147.763,0,-0.097425,-0.081963,-0.085238
2025.03.11 14:00,0.006772,0.006795,0.006754,0.006791,34184,147.772995,148.084,147.264008,147.352997,0,-0.034548,-0.096969,-0.099274
2025.03.11 15:00,0.006791,0.006794,0.006772,0.006785,18966,147.356995,147.740997,147.287003,147.496002,0,-0.085036,-0.098308,-0.101207
2025.03.11 16:00,0.006785,0.006795,0.006783,0.006793,22561,147.494995,147.522003,147.246002,147.292999,0,-0.105474,-0.089795,-0.093469
2025.03.11 17:00,0.006794,0.006806,0.006793,0.006799,12360,147.291,147.294006,147.018005,147.188004,0,-0.094476,-0.099614,-0.096738
2025.03.11 18:00,0.006799,0.0068,0.006765,0.006769,17730,147.182999,147.914993,147.149994,147.824997,0,-0.095335,-0.091172,-0.09269
2025.03.11 19:00,0.006769,0.006779,0.006768,0.006772,12816,147.826004,147.858994,147.604996,147.751999,0,-0.104853,-0.079733,-0.096037
2025.03.11 20:00,0.006772,0.006773,0.006768,0.006772,3940,147.755005,147.865997,147.735992,147.764999,0,-0.100948,-0.090934,-0.098133
2025.03.11 22:00,0.006772,0.006772,0.006764,0.006765,0,147.722,147.934998,147.714005,147.891006,0,-0.082558,-0.058043,-0.071348
2025.03.11 23:00,0.006765,0.006769,0.006757,0.006758,2748,147.893997,148.065994,147.806,148.039993,0,-0.071322,-0.073693,-0.067215
2025.03.12 00:00,0.006758,0.006763,0.006753,0.006754,8709,148.050995,148.151001,147.938995,148.130005,0,-0.068666,-0.075622,-0.069601
2025.03.12 01:00,0.006754,0.006768,0.006754,0.006758,5568,148.128006,148.151993,147.841003,148.031006,0,-0.080624,-0.075954,-0.069178
2025.03.12 02:00,0.006759,0.006767,0.006757,0.006758,5955,148.037994,148.067993,147.860992,148.041,0,-0.073321,-0.085022,-0.079172
2025.03.12 03:00,0.006758,0.006764,0.006756,0.006756,2919,148.042007,148.104996,147.917999,148.072006,0,-0.088423,-0.076481,-0.066379
2025.03.12 04:00,0.006752,0.006756,0.006748,0.006754,3383,148.072998,148.270004,148.057999,148.147995,0,-0.077951,-0.052372,-0.076626
2025.03.12 05:00,0.006754,0.006759,0.006748,0.006758,4312,148.149994,148.287994,148.022995,148.052994,0,-0.084957,-0.072115,-0.080216
2025.03.12 06:00,0.006758,0.006762,0.006742,0.006744,6155,148.048004,148.408005,147.957001,148.360001,0,-0.084068,-0.071755,-0.069054
2025.03.12 07:00,0.006744,0.006748,0.006733,0.006733,9243,148.365005,148.602005,148.270996,148.591995,0,-0.079797,-0.067959,-0.069787
2025.03.12 08:00,0.006733,0.006748,0.00673,0.006745,10779,148.593002,148.651993,148.257004,148.339005,0,-0.063583,-0.075922,-0.081034
2025.03.12 09:00,0.006744,0.006746,0.006729,0.006733,12809,148.339005,148.675995,148.302002,148.604996,0,-0.076543,-0.076992,-0.071765
2025.03.12 10:00,0.006733,0.006737,0.006725,0.006729,11374,148.602005,148.770004,148.522003,148.682007,0,-0.071124,-0.076969,-0.07151
2025.03.12 11:00,0.006729,0.006733,0.006726,0.006727,7940,148.682007,148.75,148.595993,148.737,0,-0.073223,-0.073785,-0.082329
2025.03.12 12:00,0.006727,0.006758,0.006706,0.006709,42195,148.731995,149.182007,148.072998,149.130997,0,-0.050701,-0.10022,-0.077489
2025.03.12 13:00,0.00671,0.006732,0.006708,0.006728,25240,149.126999,149.149994,148.613998,148.703995,0,-0.07426,-0.069733,-0.071415
2025.03.12 14:00,0.006729,0.006748,0.006728,0.006746,24467,148.701996,148.709,148.287994,148.315994,0,-0.07642,-0.084957,-0.080006
2025.03.12 15:00,0.006746,0.006751,0.00674,0.006746,14249,148.315994,148.445999,148.203003,148.317001,0,-0.078049,-0.076798,-0.070022
2025.03.12 16:00,0.006746,0.006752,0.006741,0.006748,11919,148.320999,148.434006,148.192993,148.281998,0,-0.077064,-0.077761,-0.07896
2025.03.12 17:00,0.006748,0.006755,0.006744,0.006754,10243,148.279007,148.362,148.117996,148.126007,0,-0.08205,-0.079506,-0.076555
2025.03.12 18:00,0.006754,0.006756,0.006741,0.006745,13209,148.126999,148.414993,148.104004,148.343994,0,-0.080053,-0.076473,-0.086023
2025.03.12 19:00,0.006744,0.006748,0.006743,0.006744,5365,148.341995,148.380005,148.264008,148.348999,0,-0.07806,-0.082926,-0.080034
2025.03.12 20:00,0.006745,0.006749,0.006744,0.006748,1220,148.350006,148.367996,148.223999,148.227997,0,-0.07705,-0.053898,-0.035943
2025.03.12 22:00,0.00675,0.006754,0.006744,0.006748,0,148.197006,148.292999,148.093002,148.220993,0,-0.024035,-0.032598,-0.039912
2025.03.12 23:00,0.006748,0.006754,0.006744,0.006745,1965,148.223007,148.304993,148.082993,148.279999,0,-0.025043,-0.033541,-0.022028
2025.03.13 00:00,0.006744,0.006753,0.006741,0.006753,4292,148.292999,148.376007,148.100998,148.112,0,-0.030062,-0.018663,-0.029665
2025.03.13 01:00,0.006754,0.006755,0.006744,0.006752,4645,148.106995,148.326004,148.074005,148.115997,0,-0.035057,-0.035515,-0.022695
2025.03.13 02:00,0.006753,0.006754,0.006747,0.00675,2881,148.113998,148.237,148.091995,148.175995,0,-0.022977,-0.020627,-0.027851
2025.03.13 03:00,0.00675,0.006757,0.006747,0.006756,2274,148.171997,148.25,148.014008,148.041,0,-0.035977,-0.019335,-0.035373
2025.03.13 04:00,0.006753,0.006766,0.006753,0.006764,4112,148.037994,148.117004,147.817993,147.847,0,-0.03467,-0.031101,-0.016413
2025.03.13 05:00,0.006765,0.006772,0.006762,0.006771,3877,147.848007,147.931,147.692993,147.712006,0,-0.034826,-0.026127,-0.023336
2025.03.13 06:00,0.006771,0.006777,0.006767,0.006768,6818,147.712997,147.809006,147.574005,147.792007,0,-0.033036,-0.016092,-0.037867
2025.03.13 07:00,0.006768,0.006772,0.006761,0.006768,6116,147.791,147.942001,147.701996,147.789993,0,-0.034888,-0.024234,-0.024944
2025.03.13 08:00,0.006768,0.006772,0.006762,0.006762,6550,147.785004,147.919006,147.679001,147.919006,0,-0.022833,-0.023039,-0.022833
2025.03.13 09:00,0.006762,0.006766,0.006749,0.006751,9715,147.917999,148.201004,147.815002,148.149994,0,-0.030903,-0.02811,-0.023789
2025.03.13 10:00,0.006752,0.006754,0.006748,0.006751,5994,148.147003,148.237,148.076004,148.151001,0,-0.033962,-0.026552,-0.024796
2025.03.13 11:00,0.00675,0.006762,0.00675,0.006758,9923,148.153,148.186005,147.895996,147.994995,0,-0.026883,-0.021688,-0.033167
2025.03.13 12:00,0.006759,0.006775,0.006746,0.006749,17649,147.992996,148.257004,147.712006,148.203995,0,-0.031994,-0.110532,-0.033894
2025.03.13 13:00,0.006748,0.006756,0.006742,0.006754,12858,148.209,148.356003,148.026001,148.106995,0,-0.032066,-0.020374,-0.035626
2025.03.13 14:00,0.006754,0.006766,0.00675,0.006764,13471,148.104996,148.177002,147.837006,147.871994,0,-0.039823,-0.028274,-0.030476
2025.03.13 15:00,0.006764,0.006775,0.006759,0.006772,20058,147.873993,147.981995,147.639999,147.701996,0,-0.031115,-0.02763,-0.024234
2025.03.13 16:00,0.006772,0.00678,0.006766,0.006777,12525,147.705994,147.832001,147.526993,147.585007,0,-0.034184,-0.034366,-0.037972
2025.03.13 17:00,0.006777,0.006785,0.006772,0.006775,18463,147.587006,147.707001,147.410004,147.630005,0,-0.040134,-0.036926,-0.028532
2025.03.13 18:00,0.006775,0.006777,0.006768,0.00677,8073,147.626999,147.787994,147.563004,147.746002,0,-0.033854,-0.015969,-0.035512
2025.03.13 19:00,0.00677,0.006775,0.006768,0.006772,7548,147.746002,147.779999,147.628006,147.697006,0,-0.025858,-0.026533,-0.03014
2025.03.13 20:00,0.006772,0.006772,0.006766,0.006766,3514,147.697006,147.828995,147.692993,147.798004,0,-0.031178,-0.037031,-0.011112
2025.03.13 22:00,0.006766,0.006767,0.006758,0.00676,0,147.722,147.985992,147.714005,147.932999,0,-0.013214,0.061966,0.006935
2025.03.13 23:00,0.00676,0.006763,0.006758,0.006761,863,147.929993,147.972,147.858002,147.923004,0,0.000778,0.005372,-0.01589
2025.03.14 00:00,0.006761,0.006764,0.006742,0.006744,2968,147.938004,148.328995,147.841995,148.294006,0,-0.016049,-0.000477,-0.014057
2025.03.14 01:00,0.006743,0.00675,0.006737,0.006749,984,148.298004,148.429993,148.151993,148.173996,0,-0.006986,-0.003848,-0.003895
2025.03.14 02:00,0.006748,0.006749,0.006744,0.006746,264,148.169006,148.313995,148.156006,148.246002,0,-0.023049,0.014095,-0.010014
2025.03.14 03:00,0.006746,0.006746,0.006739,0.006741,983,148.246002,148.391006,148.244995,148.335007,0,-0.012046,0.001984,0.021935
2025.03.14 04:00,0.006741,0.006741,0.006733,0.006735,1502,148.330002,148.556,148.320007,148.496994,0,-0.022769,0.025938,-0.007875
2025.03.14 05:00,0.006735,0.006737,0.006727,0.006737,4643,148.492996,148.649994,148.425003,148.468002,0,0.004676,0.009021,-0.033978
2025.03.14 06:00,0.006735,0.006737,0.006723,0.006723,4774,148.466995,148.753998,148.425995,148.705994,0,-0.021935,-0.002989,0.026069
2025.03.14 07:00,0.006725,0.006732,0.006711,0.006723,1027,148.705002,149.024002,148.552002,148.751007,0,-0.014915,-0.007737,-0.007891
2025.03.14 08:00,0.006725,0.006727,0.006717,0.006717,986,148.751007,148.914001,148.654007,148.875,0,-0.026933,0.000663,0.000983
2025.03.14 09:00,0.006717,0.006719,0.006713,0.006713,7742,148.876999,149.005005,148.845001,148.968002,0,-0.029214,-0.013334,0.007789
2025.03.14 10:00,0.006713,0.006799,0.006713,0.006791,56966,148.970001,148.985992,148.602005,148.802002,0,-0.010201,-1.532367,-1.537444
2025.03.14 11:00,0.006791,0.006797,0.006721,0.006793,7722,148.800995,148.819,148.636993,148.727005,0,-0.020549,-1.524083,-1.527474
2025.03.14 12:00,0.006725,0.0068,0.006721,0.006797,7819,148.725006,148.804001,148.580002,148.658005,0,-0.027683,-1.52118,-1.53427
2025.03.14 13:00,0.006797,0.006803,0.006721,0.006796,11309,148.654007,148.792007,148.518005,148.679993,0,-0.015689,-1.52403,-1.534614
2025.03.14 14:00,0.006796,0.00681,0.006717,0.006806,21114,148.679993,148.897995,148.343994,148.457001,0,-0.022012,-1.50112,-1.527824
2025.03.14 15:00,0.006806,0.00681,0.006731,0.006804,9085,148.462997,148.544998,148.365997,148.518005,0,0.010303,-1.523123,-1.534835
2025.03.14 16:00,0.006733,0.006816,0.006733,0.00681,6676,148.518005,148.524994,148.255997,148.358994,0,-0.002786,-1.542386,-1.526892
2025.03.14 17:00,0.006811,0.006813,0.006735,0.006807,6452,148.358002,148.505005,148.313995,148.440002,0,-0.026902,-1.535776,-1.532405
2025.03.14 18:00,0.006807,0.006807,0.006731,0.006803,5828,148.434006,148.584,148.434006,148.535995,0,-0.028698,-1.526409,-1.54202
2025.03.14 19:00,0.006733,0.006804,0.006727,0.006798,7545,148.537003,148.660004,148.492996,148.641998,0,-0.016374,-1.531422,-1.539911
2025.03.14 20:00,0.006798,0.006801,0.006728,0.006798,2291,148.641998,148.675003,148.548004,148.606003,0,-0.042423,-1.521613,-1.503916
2025.03.17 00:00,0.006799,0.006806,0.006717,0.00679,6995,148.598999,148.888,148.459,148.794006,0,-0.012018,-1.519025,-1.518602
2025.03.17 01:00,0.00679,0.006801,0.006717,0.006799,3635,148.792007,148.899002,148.556,148.617996,0,-0.011934,-1.507993,-1.52673
2025.03.17 02:00,0.006799,0.006802,0.006727,0.006797,2950,148.612,148.707001,148.531998,148.641006,0,-0.063371,-1.516416,-1.517272
2025.03.17 03:00,0.006797,0.006801,0.00672,0.006793,2385,148.645996,148.813004,148.565994,148.723999,0,-0.003479,-1.517988,-1.502802
2025.03.17 04:00,0.006793,0.006793,0.006713,0.006779,5868,148.723007,149.041,148.718002,149.035004,0,-0.076308,-1.507634,-1.520625
2025.03.17 05:00,0.006779,0.006785,0.00671,0.006781,4181,149.037003,149.067001,148.886993,148.990997,0,-0.035702,-1.513916,-1.520127
2025.03.17 06:00,0.006781,0.006789,0.006717,0.006782,6116,148.977997,149.098007,148.796997,148.964996,0,-0.210939,-1.510744,-1.515865
2025.03.17 07:00,0.006782,0.006789,0.006713,0.006788,6372,148.960999,148.994995,148.817993,148.834,0,-0.030303,-1.52089,-1.515202
2025.03.17 08:00,0.006788,0.006795,0.006721,0.006784,8637,148.837006,148.981995,148.677002,148.921997,0,-0.183544,-1.509963,-1.516336
2025.03.17 09:00,0.006784,0.006799,0.006716,0.006796,6125,148.936996,148.936996,148.598007,148.664993,0,-0.038841,-1.517551,-1.519615
2025.03.17 10:00,0.006796,0.006804,0.006729,0.006804,4512,148.664993,148.679001,148.475998,148.496002,0,-0.068504,-1.514424,-1.523636
2025.03.17 11:00,0.006804,0.006808,0.006732,0.006806,4846,148.498001,148.552994,148.410995,148.455002,0,-0.008728,-1.524982,-1.515027
2025.03.17 12:00,0.006805,0.006818,0.006717,0.006789,14879,148.455002,148.953003,148.261002,148.819,0,-0.065935,-1.590429,-1.511056
2025.03.17 13:00,0.006789,0.006793,0.006708,0.006788,17829,148.815002,149.054001,148.720993,148.830002,0,0.032838,-1.510625,-1.511204
2025.03.17 14:00,0.006789,0.0068,0.006719,0.006799,10976,148.830002,148.848007,148.563995,148.600998,0,-0.027407,-1.505174,-1.520542
2025.03.17 15:00,0.006799,0.006806,0.006797,0.006801,11838,148.598007,148.658997,148.438995,148.554993,0,-1.524446,-1.520604,-1.517789
2025.03.17 16:00,0.006802,0.006803,0.006793,0.006793,5503,148.554993,148.729996,148.516006,148.729004,0,-1.519628,-1.522031,-1.518636
2025.03.17 17:00,0.006793,0.006795,0.006779,0.006781,8270,148.727997,149.028,148.695007,148.988998,0,-1.524493,-1.517146,-1.518128
2025.03.17 18:00,0.006781,0.006783,0.00677,0.006772,12796,148.990005,149.240997,148.947998,149.175995,0,-1.519604,-1.52061,-1.520033
2025.03.17 19:00,0.006772,0.006774,0.006768,0.006773,6854,149.175995,149.283997,149.134003,149.158005,0,-1.529856,-1.510735,-1.512946
2025.03.17 20:00,0.006773,0.006778,0.006768,0.006772,5278,149.156998,149.259003,149.050003,149.195999,0,-1.51578,-1.513855,-1.529133
2025.03.17 22:00,0.006773,0.006773,0.006764,0.006764,0,149.136002,149.330994,149.128998,149.326004,0,-1.478554,-1.483939,-1.484486
2025.03.17 23:00,0.006764,0.006765,0.00676,0.006761,3024,149.328003,149.399994,149.306,149.378006,0,-1.481938,-1.486341,-1.470892
2025.03.18 00:00,0.006762,0.006768,0.006756,0.006758,6671,149.395004,149.485992,149.253998,149.462997,0,-1.480365,-1.488948,-1.490219
2025.03.18 01:00,0.006758,0.006763,0.006755,0.00676,4241,149.460007,149.535004,149.358002,149.423996,0,-1.496513,-1.494628,-1.494997
2025.03.18 02:00,0.00676,0.006762,0.006746,0.006749,6005,149.421997,149.725006,149.393997,149.673004,0,-1.489018,-1.497824,-1.502903
2025.03.18 03:00,0.006748,0.00675,0.006746,0.006748,0,149.673004,149.725006,149.639999,149.679993,0,-1.489018,-1.491855,-1.487939
2025.03.18 04:00,0.006748,0.006754,0.006746,0.006754,1857,149.684998,149.731003,149.539993,149.548996,0,-1.495014,-1.490542,-1.488592
2025.03.18 05:00,0.006754,0.006756,0.006745,0.006746,2307,149.554993,149.738998,149.509995,149.738007,0,-1.481027,-1.482464,-1.491028
2025.03.18 06:00,0.006745,0.006746,0.006739,0.006746,6943,149.738998,149.878998,149.723999,149.735001,0,-1.489026,-1.488011,-1.488022
2025.03.18 07:00,0.006746,0.006747,0.00674,0.006741,5850,149.735992,149.860001,149.705994,149.828995,0,-1.49205,-1.491971,-1.494054
2025.03.18 08:00,0.006741,0.00675,0.006739,0.006745,6614,149.830002,149.901993,149.649994,149.753006,0,-1.501018,-1.50185,-1.495035
2025.03.18 09:00,0.006746,0.006747,0.006741,0.006744,3247,149.751999,149.848007,149.697998,149.783997,0,-1.491065,-1.483975,-1.49305
2025.03.18 10:00,0.006743,0.006752,0.006742,0.00675,5306,149.785995,149.817993,149.593994,149.651993,0,-1.494056,-1.489733,-1.503848
2025.03.18 11:00,0.00675,0.006754,0.006744,0.006745,4487,149.649002,149.770996,149.559998,149.746002,0,-1.502031,-1.488629,-1.488031
2025.03.18 12:00,0.006745,0.00675,0.006737,0.006741,7985,149.740997,149.936005,149.628006,149.841995,0,-1.50198,-1.490827,-1.49605
2025.03.18 13:00,0.006741,0.006752,0.006739,0.006752,11993,149.841995,149.893997,149.587006,149.597,0,-1.493022,-1.482744,-1.492739
2025.03.18 14:00,0.006752,0.006759,0.006745,0.006749,11089,149.597,149.751999,149.445999,149.669006,0,-1.494028,-1.495119,-1.498906
2025.03.18 15:00,0.006749,0.00676,0.006748,0.006757,8587,149.669998,149.699997,149.412994,149.490997,0,-1.49696,-1.494939,-1.496325
2025.03.18 16:00,0.006757,0.006766,0.00675,0.00676,8506,149.492004,149.638,149.279999,149.419006,0,-1.489856,-1.493106,-1.500951
2025.03.18 17:00,0.00676,0.00677,0.00676,0.006768,9874,149.416,149.423004,149.210999,149.248993,0,-1.483071,-1.489606,-1.483944
2025.03.18 18:00,0.006768,0.006775,0.006768,0.006768,7131,149.248993,149.255005,149.093994,149.233002,0,-1.489956,-1.492521,-1.489779
2025.03.18 19:00,0.006769,0.006772,0.006766,0.006766,4988,149.233002,149.291,149.141006,149.272003,0,-1.493184,-1.485045,-1.485111
2025.03.18 20:00,0.006767,0.006768,0.006762,0.006767,2376,149.274002,149.389999,149.25,149.253998,0,-1.493826,-1.484951,-1.478028
2025.03.18 22:00,0.006766,0.006768,0.006759,0.006759,0,149.229996,149.399994,149.177002,149.384995,0,-1.449114,-1.433779,-1.434114
2025.03.18 23:00,0.006759,0.006764,0.006756,0.006757,1507,149.386993,149.468002,149.279999,149.462997,0,-1.440471,-1.449411,-1.468325
2025.03.19 00:00,0.006758,0.006764,0.006748,0.00675,6370,149.438995,149.645996,149.294006,149.602997,0,-1.442959,-1.441567,-1.443875
2025.03.19 01:00,0.006749,0.006757,0.006748,0.006756,1952,149.602997,149.643997,149.431,149.457993,0,-1.44096,-1.436327,-1.44142
2025.03.19 02:00,0.006756,0.006768,0.006752,0.006758,5356,149.459,149.559006,149.199997,149.423996,0,-1.454745,-1.434948,-1.440277
2025.03.19 03:00,0.006758,0.006764,0.006753,0.006763,1755,149.419998,149.518005,149.298004,149.324005,0,-1.435671,-1.445564,-1.460632
2025.03.19 04:00,0.00676,0.006762,0.006751,0.006753,2366,149.322006,149.572006,149.300003,149.529999,0,-1.445802,-1.403829,-1.447664
2025.03.19 05:00,0.006752,0.006752,0.006741,0.006741,3960,149.531998,149.776993,149.529999,149.770004,0,-1.442052,-1.436697,-1.435064
2025.03.19 06:00,0.006742,0.006748,0.006731,0.006748,18206,149.770004,150.020996,149.557999,149.658997,0,-1.443628,-1.376917,-1.455959
2025.03.19 07:00,0.006746,0.00677,0.006746,0.006764,15046,149.660004,149.682999,149.136002,149.274002,0,-1.457989,-1.436422,-1.443415
2025.03.19 08:00,0.006764,0.006764,0.006746,0.006748,7126,149.272003,149.684998,149.272003,149.626999,0,-1.438019,-1.430485,-1.445918
2025.03.19 09:00,0.006748,0.006751,0.006741,0.006742,6405,149.625,149.792999,149.563995,149.757996,0,-1.436057,-1.437791,-1.44505
2025.03.19 10:00,0.006742,0.006746,0.006739,0.006741,7319,149.757996,149.813995,149.666,149.774994,0,-1.435035,-1.430012,-1.440053
2025.03.19 11:00,0.006741,0.006742,0.006737,0.006739,5553,149.772995,149.882996,149.75,149.826004,0,-1.437962,-1.437055,-1.447044
2025.03.19 12:00,0.006739,0.00675,0.006739,0.006741,6329,149.830002,149.850006,149.591003,149.792999,0,-1.449031,-1.442859,-1.447054
2025.03.19 13:00,0.006741,0.006743,0.006727,0.006728,12922,149.794006,150.108002,149.738007,150.074997,0,-1.442279,-1.436061,-1.442417
2025.03.19 14:00,0.006727,0.006741,0.006725,0.006737,10817,150.076996,150.147003,149.792007,149.876999,0,-1.437064,-1.446062,-1.442974
2025.03.19 15:00,0.006737,0.00674,0.006729,0.00673,7447,149.876999,150.050003,149.807999,150.026993,0,-1.450551,-1.440048,-1.438583
2025.03.19 16:00,0.006731,0.006739,0.00673,0.006734,4257,150.029999,150.031998,149.845001,149.942001,0,-1.443588,-1.444026,-1.441854
2025.03.19 17:00,0.006735,0.006737,0.006731,0.006735,3976,149.938995,149.998001,149.869995,149.906998,0,-1.4427,-1.435971,-1.417878
2025.03.19 18:00,0.006735,0.006793,0.006733,0.006785,27389,149.906006,149.938995,148.658997,148.824005,0,-1.416787,-1.448629,-1.42921
2025.03.19 19:00,0.006785,0.006787,0.00677,0.006784,15590,148.826996,149.145996,148.766006,148.843994,0,-1.435506,-1.436354,-1.438333
2025.03.19 20:00,0.006783,0.006795,0.006781,0.006791,3159,148.839996,148.901001,148.593002,148.679001,0,-1.440996,-1.425964,-1.436122
2025.03.19 22:00,0.006787,0.006798,0.006783,0.006795,0,148.800995,148.871994,148.544006,148.591995,0,-1.433735,-1.441919,-1.435788
2025.03.19 23:00,0.006795,0.006802,0.00679,0.006801,3670,148.593994,148.712997,148.472,148.485992,0,-1.437593,-1.456419,-1.459601
2025.03.20 00:00,0.006802,0.00681,0.006799,0.006809,6889,148.462997,148.520996,148.272995,148.300995,0,-1.42973,-1.419336,-1.436549
2025.03.20 01:00,0.006809,0.006814,0.006804,0.006809,3457,148.296005,148.419006,148.195999,148.302994,0,-1.435836,-1.428554,-1.438548
2025.03.20 02:00,0.006809,0.006814,0.006803,0.006803,4229,148.302994,148.432007,148.175995,148.431,0,-1.427234,-1.430082,-1.437024
2025.03.20 03:00,0.006803,0.006808,0.006803,0.006806,2858,148.427994,148.449005,148.326996,148.363007,0,-1.444232,-1.430192,-1.433829
2025.03.20 04:00,0.006808,0.006809,0.006804,0.006804,1722,148.367004,148.417007,148.298004,148.391998,0,-1.444641,-1.433558,-1.430424
2025.03.20 05:00,0.006805,0.006808,0.006801,0.006806,1980,148.395004,148.462997,148.339996,148.367996,0,-1.425794,-1.443192,-1.428022
2025.03.20 06:00,0.006806,0.006815,0.006806,0.00681,5695,148.367004,148.367004,148.175003,148.276001,0,-1.437827,-1.439859,-1.433126
2025.03.20 07:00,0.00681,0.006811,0.006793,0.006795,7503,148.274994,148.645004,148.251007,148.585007,0,-1.434636,-1.429687,-1.428799
2025.03.20 08:00,0.006795,0.006805,0.006791,0.006798,10751,148.585999,148.684998,148.391998,148.542007,0,-1.431275,-1.441225,-1.43992
2025.03.20 09:00,0.006797,0.006798,0.006787,0.006787,8761,148.541,148.781998,148.533997,148.744003,0,-1.441499,-1.431909,-1.414351
2025.03.20 10:00,0.006789,0.006802,0.006789,0.006795,7100,148.744003,148.746994,148.436996,148.598999,0,-1.439049,-1.421415,-1.431961
2025.03.20 11:00,0.006795,0.006804,0.006793,0.006801,4086,148.593002,148.639008,148.393997,148.455994,0,-1.439477,-1.432423,-1.429602
2025.03.20 12:00,0.006801,0.006804,0.006791,0.006797,8906,148.457001,148.695007,148.395996,148.559006,0,-1.441285,-1.434422,-1.435271
2025.03.20 13:00,0.006797,0.006802,0.006785,0.006787,9533,148.559006,148.826004,148.447006,148.776993,0,-1.442073,-1.431425,-1.425636
2025.03.20 14:00,0.006786,0.006791,0.00678,0.00679,10396,148.781006,148.921997,148.684998,148.699005,0,-1.42937,-1.431275,-1.4236
2025.03.20 15:00,0.00679,0.006791,0.006779,0.006784,6368,148.703003,148.960999,148.681,148.848999,0,-1.435736,-1.438121,-1.443338
2025.03.20 16:00,0.006784,0.006789,0.006779,0.006788,5603,148.847,148.959,148.720001,148.753006,0,-1.433737,-1.422898,-1.434208
2025.03.20 17:00,0.006787,0.006789,0.006781,0.006787,3474,148.753006,148.923996,148.744003,148.766998,0,-1.442248,-1.436059,-1.437346
2025.03.20 18:00,0.006787,0.00679,0.006782,0.006786,5684,148.768997,148.882996,148.710007,148.804993,0,-1.433865,-1.434602,-1.442776
2025.03.20 19:00,0.006786,0.006789,0.006783,0.006787,4927,148.804001,148.858994,148.742004,148.785004,0,-1.442465,-1.43406,-1.433647
2025.03.20 20:00,0.006787,0.006789,0.006785,0.006787,0,148.787003,148.824005,148.742996,148.764999,0,-1.42921,-1.435052,-1.4245
2025.03.20 22:00,0.006785,0.006789,0.006785,0.006789,668,148.757996,148.794998,148.671997,148.720993,0,-1.400203,-1.385744,-1.413048
2025.03.20 23:00,0.006789,0.006795,0.006786,0.006793,2698,148.716995,148.770996,148.576996,148.617004,0,-1.408779,-1.399135,-1.406637
2025.03.21 00:00,0.006793,0.006795,0.006775,0.006777,7770,148.619003,149.031998,148.587006,148.996002,0,-1.419628,-1.419967,-1.427199
2025.03.21 01:00,0.006777,0.006778,0.006767,0.006772,6422,148.994995,149.194,148.940002,149.085999,0,-1.41803,-1.403854,-1.408236
2025.03.21 02:00,0.006772,0.006779,0.006772,0.006772,2675,149.087997,149.102997,148.927994,149.069,0,-1.425235,-1.413615,-1.413039
2025.03.21 03:00,0.006773,0.006777,0.006764,0.006766,3364,149.072006,149.248001,148.975006,149.207993,0,-1.406483,-1.406203,-1.410176
2025.03.21 04:00,0.006763,0.006764,0.006754,0.006756,4671,149.207001,149.481003,149.199997,149.410995,0,-1.420599,-1.347557,-1.405369
2025.03.21 05:00,0.006757,0.006757,0.006747,0.006751,7254,149.416,149.634995,149.408005,149.554993,0,-1.420972,-1.413332,-1.428788
2025.03.21 06:00,0.00675,0.006756,0.006748,0.00675,7985,149.550995,149.613007,149.436005,149.572998,0,-1.420953,-1.408474,-1.424854
2025.03.21 07:00,0.00675,0.006765,0.006746,0.006762,8769,149.567993,149.662003,149.240005,149.309998,0,-1.426014,-1.420347,-1.424752
2025.03.21 08:00,0.006762,0.006764,0.006752,0.006754,8182,149.311005,149.535995,149.255997,149.479996,0,-1.420763,-1.414479,-1.419592
2025.03.21 09:00,0.006754,0.006763,0.006754,0.006758,4724,149.481003,149.485001,149.276001,149.382996,0,-1.424596,-1.412628,-1.410218
2025.03.21 10:00,0.006758,0.006766,0.006756,0.006766,5357,149.384003,149.442001,149.194,149.197006,0,-1.425428,-1.407108,-1.410114
2025.03.21 11:00,0.006766,0.006783,0.006766,0.006781,8986,149.197998,149.220001,148.850998,148.886993,0,-1.422185,-1.412739,-1.416123
2025.03.21 12:00,0.006781,0.006793,0.006779,0.006791,15525,148.884003,148.936996,148.632996,148.669006,0,-1.411734,-1.411799,-1.415284
2025.03.21 13:00,0.006791,0.006794,0.00678,0.006781,13760,148.669006,148.904999,148.600006,148.869003,0,-1.412372,-1.411311,-1.408998
2025.03.21 14:00,0.006781,0.006786,0.006775,0.006781,11434,148.869003,148.996994,148.768005,148.871002,0,-1.406406,-1.405789,-1.410997
2025.03.21 15:00,0.006781,0.006789,0.006776,0.006777,13434,148.869003,148.990997,148.701996,148.983002,0,-1.411302,-1.415743,-1.414198
2025.03.21 16:00,0.006776,0.006779,0.006764,0.006764,13021,148.981995,149.257004,148.932007,149.233994,0,-1.415486,-1.406744,-1.403406
2025.03.21 17:00,0.006764,0.006768,0.006761,0.006765,6569,149.235992,149.313004,149.154007,149.229004,0,-1.40589,-1.410784,-1.409345
2025.03.21 18:00,0.006765,0.006768,0.006761,0.006766,5198,149.223007,149.320007,149.171005,149.214996,0,-1.412894,-1.416865,-1.41718
2025.03.21 19:00,0.006766,0.006768,0.00676,0.00676,3382,149.216003,149.343994,149.154999,149.335999,0,-1.414995,-1.411776,-1.417943
2025.03.21 20:00,0.00676,0.006762,0.006759,0.006761,1826,149.332993,149.365005,149.255997,149.268997,0,-1.414125,-1.381688,-1.361883
2025.03.24 00:00,0.006744,0.006754,0.006739,0.006741,6645,149.662003,149.779999,149.453995,149.742004,0,-1.401038,-1.393591,-1.407064
2025.03.24 01:00,0.006741,0.006744,0.006731,0.006737,3970,149.737,149.953003,149.679001,149.820999,0,-1.397701,-1.399051,-1.397993
2025.03.24 02:00,0.006738,0.006741,0.006737,0.006737,1683,149.820007,149.847,149.727005,149.832001,0,-1.401966,-1.392065,-1.397976
2025.03.24 03:00,0.006737,0.006741,0.006734,0.00674,1262,149.832993,149.912003,149.731003,149.809006,0,-1.411855,-1.396062,-1.441055
2025.03.24 04:00,0.006738,0.006743,0.006737,0.00674,1982,149.807999,149.824997,149.703995,149.770004,0,-1.401991,-1.40205,-1.402054
2025.03.24 05:00,0.00674,0.006745,0.006735,0.006744,4055,149.768997,149.867004,149.651993,149.690002,0,-1.399926,-1.394022,-1.399056
2025.03.24 06:00,0.006744,0.00675,0.006739,0.006745,6706,149.690002,149.783997,149.529999,149.662003,0,-1.405036,-1.39282,-1.404032
2025.03.24 07:00,0.006745,0.006747,0.006737,0.006745,5775,149.662994,149.850006,149.610001,149.645004,0,-1.404972,-1.395978,-1.387033
2025.03.24 08:00,0.006746,0.006751,0.006741,0.006746,5812,149.647995,149.753006,149.524002,149.619995,0,-1.40706,-1.397797,-1.394985
2025.03.24 09:00,0.006747,0.006751,0.006742,0.006748,5684,149.623993,149.714996,149.511993,149.559998,0,-1.391059,-1.385789,-1.378916
2025.03.24 10:00,0.006749,0.006752,0.006746,0.006747,3560,149.563004,149.623993,149.488007,149.604004,0,-1.398983,-1.394704,-1.389981
2025.03.24 11:00,0.006747,0.006747,0.006739,0.006741,5903,149.602005,149.800003,149.598999,149.75,0,-1.399028,-1.384976,-1.393058
2025.03.24 12:00,0.006741,0.006743,0.006735,0.006737,6912,149.75,149.869995,149.697006,149.826004,0,-1.391892,-1.395061,-1.402998
2025.03.24 13:00,0.006737,0.006741,0.006718,0.006719,17624,149.824005,150.257996,149.746994,150.238007,0,-1.404169,-1.401049,-1.406339
2025.03.24 14:00,0.006719,0.006723,0.006705,0.006708,21496,150.237,150.542999,150.132004,150.470001,0,-1.40057,-1.399941,-1.394268
2025.03.24 15:00,0.006708,0.00671,0.006696,0.006696,17018,150.470993,150.757004,150.442001,150.738998,0,-1.402962,-1.410702,-1.407255
2025.03.24 16:00,0.006696,0.006706,0.006696,0.006704,7807,150.738007,150.753998,150.524002,150.570999,0,-1.399956,-1.403808,-1.406317
2025.03.24 17:00,0.006704,0.006708,0.0067,0.006702,9850,150.572006,150.639999,150.477997,150.606003,0,-1.386263,-1.402263,-1.407941
2025.03.24 18:00,0.006702,0.006708,0.006701,0.006706,8428,150.606003,150.630997,150.485992,150.546005,0,-1.399539,-1.410259,-1.414699
2025.03.24 19:00,0.006706,0.006707,0.0067,0.0067,4046,150.539993,150.656006,150.5,150.645996,0,-1.40227,-1.402044,-1.4034
2025.03.24 20:00,0.006701,0.006702,0.006698,0.006698,2578,150.645996,150.718994,150.636002,150.686996,0,-1.409553,-1.415681,-1.388694
2025.03.24 22:00,0.006698,0.006699,0.006694,0.006696,0,150.664993,150.761002,150.651993,150.723999,0,-1.384645,-1.375982,-1.392256
2025.03.24 23:00,0.006696,0.0067,0.00669,0.006694,3381,150.725006,150.863998,150.653,150.791,0,-1.398335,-1.388132,-1.403494
2025.03.25 00:00,0.006694,0.006694,0.006686,0.006687,6790,150.776001,150.942993,150.770004,150.931,0,-1.387915,-1.393648,-1.387107
2025.03.25 01:00,0.006688,0.006702,0.006687,0.006699,4577,150.934006,150.938004,150.597,150.666,0,-1.394111,-1.387805,-1.389989
2025.03.25 02:00,0.006699,0.006703,0.006694,0.006694,3426,150.664001,150.792007,150.582001,150.770996,0,-1.393339,-1.395071,-1.38349
2025.03.25 03:00,0.006694,0.006702,0.006694,0.006702,0,150.772003,150.798996,150.598007,150.617996,0,-1.400328,-1.388812,-1.408801
2025.03.25 04:00,0.0067,0.006706,0.0067,0.006704,1952,150.619003,150.660004,150.507004,150.554993,0,-1.395136,-1.386809,-1.390311
2025.03.25 05:00,0.006704,0.00671,0.006704,0.00671,2576,150.554993,150.570007,150.419006,150.425995,0,-1.394207,-1.387707,-1.383597
2025.03.25 06:00,0.00671,0.00671,0.006703,0.006704,3173,150.429993,150.574997,150.410995,150.544006,0,-1.388067,-1.390803,-1.390452
2025.03.25 07:00,0.006704,0.006705,0.006696,0.006697,4741,150.546005,150.742004,150.535004,150.723007,0,-1.399118,-1.392574,-1.402416
2025.03.25 08:00,0.006696,0.006704,0.006695,0.006701,4831,150.720993,150.766998,150.541,150.621002,0,-1.4018,-1.387446,-1.389545
2025.03.25 09:00,0.006701,0.00671,0.006699,0.006707,8086,150.623001,150.669998,150.399002,150.485992,0,-1.393987,-1.37881,-1.388037
2025.03.25 10:00,0.006706,0.006721,0.006706,0.00672,10766,150.492004,150.501999,150.171997,150.205994,0,-1.392925,-1.373546,-1.396469
2025.03.25 11:00,0.00672,0.006727,0.006717,0.006721,9702,150.201996,150.259995,150.056,150.175003,0,-1.395085,-1.390277,-1.387624
2025.03.25 12:00,0.006721,0.006735,0.006721,0.006731,12893,150.173996,150.177994,149.858994,149.966003,0,-1.390615,-1.38089,-1.388635
2025.03.25 13:00,0.00673,0.006741,0.00673,0.006739,17944,149.966003,149.977005,149.716003,149.779007,0,-1.388595,-1.381063,-1.389035
2025.03.25 14:00,0.006739,0.006744,0.006735,0.006741,12844,149.781998,149.869003,149.660995,149.720993,0,-1.3909,-1.381046,-1.386053
2025.03.25 15:00,0.006741,0.00675,0.006737,0.006739,20774,149.718002,149.807007,149.544006,149.763,0,-1.384,-1.384885,-1.38404
2025.03.25 16:00,0.006739,0.006742,0.006737,0.006739,10208,149.761993,149.828003,149.701996,149.774002,0,-1.382969,-1.378059,-1.38403
2025.03.25 17:00,0.006739,0.006741,0.006735,0.006741,4660,149.772003,149.856003,149.723007,149.748001,0,-1.388924,-1.377062,-1.391059
2025.03.25 18:00,0.006741,0.006742,0.006735,0.006735,4681,149.744003,149.860992,149.707001,149.848007,0,-1.382889,-1.383064,-1.380929
2025.03.25 19:00,0.006735,0.006736,0.006731,0.006735,5722,149.843994,149.940994,149.841995,149.858002,0,-1.385693,-1.38594,-1.379898
2025.03.25 20:00,0.006735,0.006735,0.006731,0.006733,1386,149.856995,149.940002,149.848007,149.893005,0,-1.384701,-1.380929,-1.381828
2025.03.25 22:00,0.006732,0.006734,0.006729,0.00673,0,149.871002,149.981003,149.854004,149.957001,0,-1.370506,-1.353857,-1.368591
2025.03.25 23:00,0.006731,0.006731,0.006728,0.006731,1892,149.953003,150.009995,149.914001,149.942001,0,-1.377414,-1.3587,-1.364633
2025.03.26 00:00,0.006731,0.006735,0.006719,0.00672,6677,149.944,150.195999,149.837997,150.175003,0,-1.375399,-1.370919,-1.365478
2025.03.26 01:00,0.006721,0.006726,0.006715,0.006725,3818,150.173996,150.279999,150.048996,150.072998,0,-1.370754,-1.372219,-1.374118
2025.03.26 02:00,0.006725,0.006726,0.006716,0.006716,1891,150.070007,150.276993,150.044006,150.261993,0,-1.378837,-1.367229,-1.363838
2025.03.26 03:00,0.006717,0.006717,0.006707,0.006708,3477,150.261002,150.466995,150.235001,150.432999,0,-1.36904,-1.359018,-1.34616
2025.03.26 04:00,0.006706,0.006708,0.006704,0.006704,5526,150.429993,150.548004,150.427002,150.539993,0,-1.372204,-1.351268,-1.375312
2025.03.26 05:00,0.006704,0.006708,0.0067,0.006707,7281,150.539001,150.625,150.447006,150.468994,0,-1.371264,-1.360168,-1.371039
2025.03.26 06:00,0.006707,0.006708,0.006701,0.006708,3252,150.470001,150.608994,150.434998,150.444,0,-1.377536,-1.370378,-1.368267
2025.03.26 07:00,0.006708,0.006712,0.006702,0.00671,3961,150.442993,150.589996,150.363007,150.397003,0,-1.369676,-1.376115,-1.376811
2025.03.26 08:00,0.00671,0.006724,0.00671,0.006723,9246,150.393005,150.410004,150.089996,150.117996,0,-1.367606,-1.368996,-1.363814
2025.03.26 09:00,0.006723,0.006726,0.006719,0.006723,5057,150.121002,150.194,150.042999,150.113007,0,-1.3734,-1.366222,-1.380944
2025.03.26 10:00,0.006723,0.006727,0.006719,0.00672,4281,150.110001,150.225998,150.013,150.182007,0,-1.383251,-1.369371,-1.372482
2025.03.26 11:00,0.006719,0.006722,0.006716,0.006719,3127,150.186005,150.270996,150.130005,150.205994,0,-1.372841,-1.364756,-1.374326
2025.03.26 12:00,0.006719,0.006723,0.006709,0.00671,5369,150.205994,150.438004,150.110001,150.391998,0,-1.384495,-1.366884,-1.371806
2025.03.26 13:00,0.006711,0.006714,0.006704,0.00671,9516,150.391006,150.550995,150.302994,150.401993,0,-1.375195,-1.360483,-1.370693
2025.03.26 14:00,0.00671,0.006711,0.006701,0.006703,6367,150.403,150.595993,150.373993,150.557007,0,-1.364536,-1.364906,-1.370077
2025.03.26 15:00,0.006703,0.006704,0.006694,0.006698,11901,150.557999,150.744995,150.544998,150.677994,0,-1.368638,-1.369198,-1.368553
2025.03.26 16:00,0.006698,0.00671,0.006698,0.006702,8236,150.682999,150.684998,150.404007,150.572006,0,-1.375557,-1.372708,-1.362811
2025.03.26 17:00,0.006703,0.006714,0.006696,0.006709,9384,150.572006,150.718994,150.307007,150.419998,0,-1.364953,-1.364496,-1.36649
2025.03.26 18:00,0.006709,0.006711,0.006701,0.006708,6924,150.419006,150.604004,150.376999,150.455994,0,-1.372547,-1.367912,-1.369155
2025.03.26 19:00,0.006708,0.006708,0.006702,0.006702,4556,150.455002,150.598999,150.442993,150.576996,0,-1.378679,-1.367259,-1.378934
2025.03.26 20:00,0.006702,0.006706,0.006702,0.006702,1503,150.576004,150.598999,150.503006,150.557007,0,-1.378679,-1.3717,-1.336686
2025.03.26 22:00,0.006702,0.006712,0.006699,0.006712,0,150.520996,150.597,150.302994,150.307007,0,-1.320989,-1.316102,-1.320115
2025.03.26 23:00,0.006713,0.006713,0.006704,0.006704,4260,150.302994,150.481995,150.279999,150.453003,0,-1.317313,-1.315306,-1.299448
2025.03.27 00:00,0.006705,0.006708,0.006698,0.006704,6122,150.470001,150.619995,150.391998,150.479996,0,-1.321692,-1.316265,-1.326441
2025.03.27 01:00,0.006705,0.006723,0.006705,0.006721,7033,150.479004,150.481995,150.080994,150.119995,0,-1.339565,-1.326812,-1.332616
2025.03.27 02:00,0.006721,0.006721,0.006713,0.006719,4271,150.119003,150.283997,150.108994,150.179001,0,-1.330391,-1.321615,-1.336254
2025.03.27 03:00,0.006719,0.006721,0.006715,0.006719,3218,150.179993,150.257996,150.098007,150.147995,0,-1.326579,-1.321689,-1.316327
2025.03.27 04:00,0.006719,0.006723,0.006717,0.006717,2534,150.147995,150.216995,150.056,150.197006,0,-1.329927,-1.323937,-1.321023
2025.03.27 05:00,0.006717,0.00672,0.006713,0.006715,2476,150.195999,150.294006,150.134003,150.240997,0,-1.329314,-1.324478,-1.331753
2025.03.27 06:00,0.006715,0.006719,0.006706,0.006708,4094,150.235992,150.451004,150.149994,150.393005,0,-1.33081,-1.329393,-1.317272
2025.03.27 07:00,0.006708,0.006713,0.006702,0.006702,5256,150.388,150.546005,150.278,150.529999,0,-1.325685,-1.313307,-1.320803
2025.03.27 08:00,0.006702,0.006704,0.006698,0.006698,10543,150.535004,150.632004,150.490005,150.625,0,-1.322563,-1.325324,-1.326697
2025.03.27 09:00,0.006698,0.006699,0.006684,0.006684,10192,150.628006,150.931,150.595993,150.927994,0,-1.319991,-1.319982,-1.316985
2025.03.27 10:00,0.006684,0.006686,0.006682,0.006684,7137,150.927002,150.981003,150.878006,150.927002,0,-1.314012,-1.311752,-1.315994
2025.03.27 11:00,0.006684,0.00669,0.00668,0.00668,6467,150.921997,151.024994,150.815994,151.022995,0,-1.324398,-1.327992,-1.322399
2025.03.27 12:00,0.006681,0.006696,0.006677,0.006694,11567,151.022003,151.091995,150.667007,150.727997,0,-1.324132,-1.335264,-1.329329
2025.03.27 13:00,0.006694,0.0067,0.006686,0.006686,10830,150.725006,150.897003,150.574997,150.873993,0,-1.330749,-1.332401,-1.318915
2025.03.27 14:00,0.006687,0.006692,0.006679,0.006681,11050,150.873001,151.057999,150.763,151.009995,0,-1.323782,-1.330847,-1.320605
2025.03.27 15:00,0.006681,0.006696,0.006679,0.006683,14859,151.014008,151.033997,150.654999,150.970993,0,-1.322192,-1.323256,-1.337593
2025.03.27 16:00,0.006683,0.006686,0.006674,0.006681,11021,150.966995,151.156006,150.910004,151.009995,0,-1.320826,-1.332561,-1.320605
2025.03.27 17:00,0.006681,0.006683,0.006675,0.006677,4784,151.005997,151.143997,150.960007,151.078003,0,-1.331259,-1.326606,-1.321357
2025.03.27 18:00,0.006677,0.006679,0.006675,0.006676,4218,151.072006,151.145996,151.033997,151.115005,0,-1.322043,-1.322192,-1.324714
2025.03.27 19:00,0.006677,0.006681,0.006675,0.006679,3823,151.113998,151.147995,151.014008,151.039993,0,-1.324042,-1.324618,-1.328188
2025.03.27 20:00,0.006679,0.00668,0.006679,0.006679,910,151.046005,151.061996,151.020004,151.035004,0,-1.327779,-1.319408,-1.300787
2025.03.27 22:00,0.006679,0.006679,0.006675,0.006679,0,151.031006,151.115997,151.003006,151.044998,0,-1.30326,-1.291201,-1.310781
2025.03.27 23:00,0.006679,0.006691,0.006677,0.006686,6188,151.048004,151.061996,150.759995,150.863998,0,-1.30535,-1.305502,-1.30892
2025.03.28 00:00,0.006686,0.006688,0.006671,0.006682,8504,150.845993,151.207993,150.824005,150.960999,0,-1.294196,-1.302478,-1.30521
2025.03.28 01:00,0.006682,0.006693,0.006682,0.006691,5165,150.960999,150.975006,150.695999,150.748001,0,-1.308015,-1.286167,-1.293509
2025.03.28 02:00,0.006691,0.006692,0.006686,0.006688,2365,150.746994,150.854996,150.733994,150.830002,0,-1.288741,-1.30184,-1.297293
2025.03.28 03:00,0.006688,0.006693,0.006686,0.006688,1990,150.826996,150.867996,150.707001,150.807999,0,-1.301742,-1.297169,-1.286471
2025.03.28 04:00,0.006688,0.006689,0.006683,0.006686,1766,150.806,150.942001,150.75,150.871002,0,-1.308601,-1.250821,-1.304748
2025.03.28 05:00,0.006686,0.006692,0.006683,0.00669,2130,150.869003,150.936005,150.735001,150.764008,0,-1.302604,-1.291679,-1.298344
2025.03.28 06:00,0.00669,0.006698,0.006688,0.006698,3444,150.764999,150.845993,150.602997,150.610001,0,-1.313284,-1.304694,-1.30056
2025.03.28 07:00,0.006698,0.006708,0.006696,0.006708,5472,150.613007,150.649994,150.380997,150.393005,0,-1.307108,-1.294158,-1.306167
2025.03.28 08:00,0.006708,0.006708,0.0067,0.006701,5055,150.393005,150.546997,150.356003,150.533005,0,-1.304401,-1.291383,-1.301548
2025.03.28 09:00,0.006701,0.006702,0.006696,0.006699,3041,150.529007,150.656998,150.498001,150.576996,0,-1.302956,-1.299939,-1.300985
2025.03.28 10:00,0.006698,0.0067,0.006692,0.006692,2557,150.578995,150.733002,150.559006,150.718002,0,-1.300848,-1.294138,-1.297005
2025.03.28 11:00,0.006693,0.006694,0.006686,0.006689,3260,150.712997,150.865997,150.679993,150.800003,0,-1.299743,-1.292486,-1.300824
2025.03.28 12:00,0.006688,0.0067,0.006678,0.006696,7363,150.802994,150.932999,150.557999,150.641006,0,-1.187568,-1.293131,-1.309263
2025.03.28 13:00,0.006696,0.006708,0.00669,0.006706,14089,150.639008,150.785995,150.386993,150.436996,0,-1.309169,-1.300155,-1.30569
2025.03.28 14:00,0.006705,0.006729,0.006704,0.006721,29840,150.434998,150.445007,149.904999,150.085999,0,-1.291453,-1.305546,-1.29862
2025.03.28 15:00,0.006721,0.006725,0.00671,0.006713,14189,150.091995,150.330002,149.994995,150.259003,0,-1.298702,-1.296115,-1.29431
2025.03.28 16:00,0.006713,0.006723,0.006712,0.006721,12311,150.255005,150.296997,150.028,150.085999,0,-1.299014,-1.295938,-1.287548
2025.03.28 17:00,0.006721,0.006731,0.006719,0.006726,9010,150.087006,150.113998,149.856003,149.981995,0,-1.293398,-1.289663,-1.305218
2025.03.28 18:00,0.006726,0.006729,0.006719,0.006727,6355,149.979004,150.134995,149.908005,149.960007,0,-1.292248,-1.297508,-1.294284
2025.03.28 19:00,0.006726,0.006737,0.006725,0.006736,6662,149.962006,150.003998,149.740997,149.748993,0,-1.294059,-1.295963,-1.292937
2025.03.28 20:00,0.006735,0.006739,0.006729,0.006731,5872,149.746994,149.889008,149.679993,149.798004,0,-1.289555,-1.290021,-1.242703
2025.03.30 23:00,0.006748,0.006756,0.006741,0.006741,7384,149.5,149.626999,149.291,149.619995,0,-1.281053,-1.263469,-1.285055
2025.03.31 00:00,0.006741,0.006766,0.00674,0.006756,17000,149.612,149.638,149.054993,149.298004,0,-1.27005,-1.2681,-1.270473
2025.03.31 01:00,0.006756,0.006768,0.006752,0.006762,9668,149.296997,149.376999,149.018997,149.156006,0,-1.272738,-1.275774,-1.27076
2025.03.31 02:00,0.006762,0.006782,0.00676,0.006775,9357,149.156998,149.195999,148.718994,148.888,0,-1.277944,-1.269863,-1.286527
2025.03.31 03:00,0.006774,0.006781,0.006772,0.006773,2596,148.889008,148.949997,148.729996,148.919006,0,-1.283131,-1.269991,-1.284839
2025.03.31 04:00,0.006773,0.006777,0.006762,0.006766,3716,148.925003,149.145996,148.828995,149.076004,0,-1.271688,-1.271081,-1.278188
2025.03.31 05:00,0.006766,0.006772,0.006758,0.006768,5185,149.078995,149.246002,148.947998,149.039001,0,-1.284174,-1.270236,-1.273952
2025.03.31 06:00,0.006768,0.006779,0.006765,0.00677,9680,149.042999,149.097,148.802002,148.998001,0,-1.277341,-1.287623,-1.276608
2025.03.31 07:00,0.00677,0.006783,0.006762,0.006762,11880,148.994995,149.167999,148.697006,149.143997,0,-1.282754,-1.269618,-1.269689
2025.03.31 08:00,0.006763,0.00677,0.006758,0.006766,6973,149.138,149.292007,148.955994,149.056,0,-1.319229,-1.256414,-1.269107
2025.03.31 09:00,0.006767,0.00677,0.006758,0.00676,3210,149.052002,149.246002,148.964005,149.197006,0,-1.284174,-1.264425,-1.278951
2025.03.31 10:00,0.00676,0.006762,0.00675,0.006754,3739,149.195999,149.432007,149.160004,149.322006,0,-1.283863,-1.274758,-1.272555
2025.03.31 11:00,0.006754,0.006762,0.006751,0.006752,4713,149.319,149.410995,149.151993,149.373001,0,-1.284791,-1.277684,-1.26874
2025.03.31 12:00,0.006752,0.006754,0.006741,0.006742,10721,149.375,149.639008,149.343994,149.600998,0,-1.282066,-1.272626,-1.277061
2025.03.31 13:00,0.006742,0.006751,0.006733,0.006739,14664,149.598999,149.800995,149.401993,149.660004,0,-1.278787,-1.275788,-1.270032
2025.03.31 14:00,0.006739,0.006746,0.006729,0.006746,25074,149.662003,149.886993,149.509995,149.516006,0,-1.287541,-1.274006,-1.280018
2025.03.31 15:00,0.006746,0.006748,0.006726,0.006729,15086,149.513,149.957993,149.453995,149.906998,0,-1.281216,-1.272913,-1.285465
2025.03.31 16:00,0.006729,0.006733,0.006725,0.006729,7728,149.908997,149.985001,149.794998,149.897003,0,-1.286121,-1.283821,-1.286506
2025.03.31 17:00,0.006729,0.006729,0.006719,0.006723,6354,149.893005,150.100998,149.867996,150.024994,0,-1.280397,-1.268544,-1.292932
2025.03.31 18:00,0.006724,0.006724,0.006712,0.006719,10489,150.020996,150.266998,150.009995,150.117996,0,-1.280107,-1.288995,-1.286329
2025.03.31 19:00,0.006719,0.006729,0.006717,0.006726,8920,150.117996,150.154007,149.867996,149.962006,0,-1.278024,-1.268544,-1.285229
2025.03.31 20:00,0.006726,0.006729,0.006724,0.006725,1749,149.957993,150.011002,149.884003,149.938004,0,-1.290002,-1.273506,-1.250171
2025.03.31 22:00,0.006726,0.006731,0.006723,0.006729,0,149.886993,149.985001,149.828003,149.884995,0,-1.252938,-1.261664,-1.263462
2025.03.31 23:00,0.006729,0.006729,0.006717,0.006726,3537,149.891006,150.139999,149.876007,149.940994,0,-1.27509,-1.26551,-1.264217
2025.04.01 00:00,0.006726,0.006738,0.006724,0.006735,8190,149.945999,149.983002,149.671997,149.723999,0,-1.262002,-1.260007,-1.25692
2025.04.01 01:00,0.006735,0.00674,0.006727,0.006731,5391,149.731995,149.912003,149.630997,149.820007,0,-1.268373,-1.263046,-1.264706
2025.04.01 02:00,0.006731,0.006737,0.00673,0.006731,2472,149.824997,149.852997,149.686005,149.839996,0,-1.264587,-1.25198,-1.262628
2025.04.01 03:00,0.00673,0.006739,0.006727,0.006738,0,149.843994,149.917007,149.654007,149.658005,0,-1.262337,-1.253032,-1.246015
2025.04.01 04:00,0.006741,0.006744,0.006739,0.006744,2272,149.656006,149.664001,149.526993,149.559006,0,-1.27403,-1.258028,-1.268059
2025.04.01 05:00,0.006744,0.006744,0.006727,0.006731,4106,149.556,149.921997,149.542007,149.830002,0,-1.267327,-1.262058,-1.263662
2025.04.01 06:00,0.006731,0.006735,0.006724,0.006726,4664,149.828003,149.990997,149.75,149.942001,0,-1.269997,-1.260881,-1.265224
2025.04.01 07:00,0.006726,0.006742,0.006726,0.006741,5582,149.940994,149.947998,149.580002,149.617996,0,-1.271221,-1.267056,-1.261054
2025.04.01 08:00,0.006741,0.006746,0.006737,0.006739,4572,149.613998,149.690002,149.496994,149.662003,0,-1.266996,-1.250015,-1.261028
2025.04.01 09:00,0.006739,0.006744,0.006736,0.006741,3977,149.666,149.722,149.529007,149.621994,0,-1.265945,-1.260042,-1.265052
2025.04.01 10:00,0.00674,0.006752,0.006739,0.00675,8397,149.617996,149.658005,149.354996,149.401001,0,-1.268033,-1.261694,-1.263822
2025.04.01 11:00,0.00675,0.006764,0.00675,0.00676,7182,149.399994,149.434006,149.117004,149.197998,0,-1.274884,-1.264565,-1.268999
2025.04.01 12:00,0.00676,0.006763,0.006751,0.006751,8132,149.195007,149.393997,149.123001,149.386002,0,-1.267793,-1.259628,-1.259797
2025.04.01 13:00,0.006751,0.006752,0.006744,0.006745,12383,149.386002,149.544006,149.380997,149.473007,0,-1.25306,-1.265765,-1.215036
2025.04.01 14:00,0.006746,0.00677,0.006743,0.006756,27181,149.485992,149.509003,148.970001,149.279007,0,-1.207057,-1.259511,-1.262434
2025.04.01 15:00,0.006756,0.00676,0.006746,0.00675,11514,149.285995,149.511993,149.197006,149.404999,0,-1.265014,-1.268007,-1.26782
2025.04.01 16:00,0.006751,0.006752,0.006735,0.006746,11632,149.404999,149.742996,149.376007,149.511993,0,-1.264893,-1.260775,-1.276005
2025.04.01 17:00,0.006746,0.006752,0.006744,0.006748,4846,149.513,149.561005,149.380005,149.459,0,-1.270058,-1.264773,-1.277918
2025.04.01 18:00,0.006748,0.006758,0.006748,0.00675,5909,149.457993,149.470001,149.231995,149.395996,0,-1.277948,-1.259217,-1.258817
2025.04.01 19:00,0.00675,0.006752,0.006739,0.006741,2951,149.397995,149.645996,149.386002,149.615997,0,-1.267036,-1.270769,-1.281057
2025.04.01 20:00,0.006741,0.006744,0.00674,0.006741,1692,149.613998,149.639999,149.522003,149.587006,0,-1.272049,-1.253039,-1.24106
2025.04.01 22:00,0.006739,0.006739,0.006727,0.00673,0,149.641006,149.888,149.600006,149.832001,0,-1.244371,-1.221046,-1.243591
2025.04.01 23:00,0.006731,0.006735,0.006729,0.006734,2364,149.820999,149.869995,149.738998,149.751007,0,-1.259498,-1.249879,-1.25086
2025.04.02 00:00,0.006734,0.006737,0.006727,0.006732,8387,149.746994,149.919006,149.682999,149.791,0,-1.253284,-1.237965,-1.246735
2025.04.02 01:00,0.006733,0.006733,0.006725,0.006729,4424,149.789993,149.947998,149.774002,149.863007,0,-1.249118,-1.240771,-1.241474
2025.04.02 02:00,0.006729,0.006733,0.006727,0.006733,2377,149.856003,149.891006,149.755997,149.787994,0,-1.247377,-1.24482,-1.254764
2025.04.02 03:00,0.006733,0.006735,0.006732,0.006733,1394,149.789993,149.796005,149.703003,149.746002,0,-1.25174,-1.235924,-1.234825
2025.04.02 04:00,0.006733,0.006733,0.006727,0.006727,1897,149.744003,149.916,149.722,149.903,0,-1.250278,-1.210823,-1.25937
2025.04.02 05:00,0.006727,0.00673,0.006725,0.006728,5107,149.895996,149.951004,149.826004,149.888,0,-1.252124,-1.237594,-1.25542
2025.04.02 06:00,0.006727,0.006735,0.006723,0.006733,6348,149.889008,150.001007,149.723999,149.759995,0,-1.257891,-1.245896,-1.248818
2025.04.02 07:00,0.006733,0.00674,0.006731,0.006737,5455,149.759995,149.824005,149.643005,149.671005,0,-1.257666,-1.275055,-1.247999
2025.04.02 08:00,0.006738,0.006744,0.006737,0.006739,5176,149.669006,149.679993,149.516998,149.656998,0,-1.256986,-1.248034,-1.256023
2025.04.02 09:00,0.006739,0.006749,0.006736,0.006748,4574,149.654007,149.718002,149.421997,149.447006,0,-1.261947,-1.251896,-1.254953
2025.04.02 10:00,0.006748,0.006754,0.006746,0.00675,9301,149.445999,149.483002,149.311996,149.403,0,-1.257992,-1.251592,-1.243878
2025.04.02 11:00,0.00675,0.00676,0.006749,0.006758,5215,149.406998,149.432999,149.190002,149.216995,0,-1.262898,-1.250069,-1.244217
2025.04.02 12:00,0.006758,0.006764,0.00675,0.00676,10475,149.216995,149.408997,149.098007,149.173996,0,-1.249875,-1.256489,-1.244997
2025.04.02 13:00,0.00676,0.006761,0.006742,0.006745,15557,149.173996,149.567993,149.147003,149.503006,0,-1.244056,-1.239889,-1.245035
2025.04.02 14:00,0.006746,0.006746,0.006732,0.006737,15997,149.507996,149.787994,149.487,149.697006,0,-1.243729,-1.240021,-1.251972
2025.04.02 15:00,0.006737,0.006739,0.006719,0.006723,16434,149.692001,150.091003,149.632004,149.987,0,-1.259336,-1.242032,-1.254937
2025.04.02 16:00,0.006723,0.006725,0.006711,0.006715,12203,149.988998,150.255005,149.949005,150.190994,0,-1.245918,-1.239066,-1.259578
2025.04.02 17:00,0.006714,0.00672,0.006713,0.006717,4777,150.190002,150.207001,150.059006,150.134003,0,-1.253395,-1.249481,-1.246934
2025.04.02 18:00,0.006717,0.006727,0.006715,0.006727,6247,150.136002,150.164993,149.921005,149.925995,0,-1.255749,-1.266335,-1.260272
2025.04.02 19:00,0.006727,0.006727,0.006719,0.006722,6355,149.927002,150.085999,149.916,150.028,0,-1.254331,-1.250278,-1.262751
2025.04.02 20:00,0.006721,0.006758,0.0067,0.006756,26515,150.024994,150.490997,149.216995,149.255997,0,-1.248402,-1.233276,-1.239424
2025.04.02 22:00,0.00678,0.006804,0.006776,0.006793,0,148.679993,148.701996,148.143005,148.410004,0,-1.122301,-1.181431,-1.188807
2025.04.02 23:00,0.006793,0.006826,0.006793,0.006818,19142,148.406006,148.408997,147.681,147.880997,0,-1.1878,-1.182314,-1.199664
2025.04.03 00:00,0.006817,0.006826,0.006796,0.006818,20996,147.880997,148.335007,147.684998,147.884003,0,-1.189628,-1.186312,-1.20267
2025.04.03 01:00,0.006818,0.006834,0.006807,0.006823,15927,147.884995,148.106995,147.537994,147.75,0,-1.199398,-1.200105,-1.186905
2025.04.03 02:00,0.006823,0.006835,0.006817,0.006822,12495,147.753006,147.888,147.516006,147.785995,0,-1.195907,-1.199524,-1.190675
2025.04.03 03:00,0.006822,0.006853,0.006822,0.006847,10216,147.783005,147.792999,147.113007,147.270004,0,-1.197679,-1.191508,-1.220644
2025.04.03 04:00,0.006843,0.006849,0.006832,0.006832,9709,147.268997,147.557007,147.201996,147.550995,0,-1.197694,-1.184622,-1.191683
2025.04.03 05:00,0.006832,0.006861,0.006828,0.006858,14424,147.550995,147.638,146.964996,147.009995,0,-1.192953,-1.213645,-1.194889
2025.04.03 06:00,0.006858,0.006867,0.00684,0.006866,17936,147.007996,147.389999,146.819,146.832993,0,-1.191167,-1.194999,-1.187787
2025.04.03 07:00,0.006866,0.006868,0.006837,0.006846,20051,146.834,147.470993,146.802994,147.259995,0,-1.197315,-1.189598,-1.189296
2025.04.03 08:00,0.006846,0.006872,0.006841,0.006867,16552,147.266006,147.363998,146.682999,146.811996,0,-1.197218,-1.175538,-1.187996
2025.04.03 09:00,0.006867,0.006891,0.006865,0.006878,18565,146.813004,146.856995,146.302002,146.557007,0,-1.190568,-1.185185,-1.176471
2025.04.03 10:00,0.006878,0.006893,0.00687,0.006872,18059,146.554001,146.75,146.255005,146.701004,0,-1.189596,-1.180294,-1.172372
2025.04.03 11:00,0.006872,0.006904,0.006868,0.006903,16101,146.707001,146.774002,146.018997,146.041,0,-1.181802,-1.175427,-1.186937
2025.04.03 12:00,0.006903,0.006918,0.006888,0.006911,28736,146.042007,146.360001,145.746994,145.889008,0,-1.179974,-1.196547,-1.181681
2025.04.03 13:00,0.006911,0.006928,0.006901,0.006923,31671,145.888,146.084,145.524002,145.617996,0,-1.177468,-1.171783,-1.161518
2025.04.03 14:00,0.006924,0.006944,0.006908,0.006932,41377,145.610992,145.904007,145.182007,145.431,0,-1.144308,-1.172786,-1.162083
2025.04.03 15:00,0.006932,0.006935,0.006893,0.006903,36448,145.429993,146.253998,145.358002,146.044006,0,-1.179286,-1.161894,-1.179458
2025.04.03 16:00,0.006903,0.006905,0.006884,0.006898,21112,146.044006,146.429001,146.009995,146.151993,0,-1.175168,-1.176916,-1.182434
2025.04.03 17:00,0.006897,0.006905,0.006892,0.006901,8396,146.153,146.274994,146.003998,146.087006,0,-1.189756,-1.181409,-1.190965
2025.04.03 18:00,0.006901,0.006907,0.006882,0.006886,12517,146.085999,146.481995,145.962997,146.414993,0,-1.185952,-1.182344,-1.182261
2025.04.03 19:00,0.006886,0.006895,0.00688,0.006894,10042,146.425003,146.518997,146.216003,146.218994,0,-1.18072,-1.183373,-1.154808
2025.04.03 20:00,0.006894,0.006903,0.006891,0.006903,3298,146.223999,146.307999,146.014008,146.059006,0,-1.191181,-1.159944,-1.204943
2025.04.03 22:00,0.006907,0.006925,0.006903,0.006921,0,145.938004,146.009995,145.531998,145.606995,0,-1.155931,-1.138091,-1.129641
2025.04.03 23:00,0.006922,0.006923,0.006892,0.006892,6552,145.630005,146.266998,145.617004,146.253006,0,-1.160712,-1.160526,-1.15724
2025.04.04 00:00,0.006892,0.006913,0.006885,0.006906,11617,146.255997,146.408005,145.807007,145.960007,0,-1.164723,-1.152005,-1.158384
2025.04.04 01:00,0.006907,0.006909,0.006886,0.006901,13122,145.960007,146.404007,145.884003,146.070999,0,-1.171275,-1.155727,-1.164467
2025.04.04 02:00,0.006901,0.006905,0.006891,0.006899,7499,146.063995,146.292007,145.985001,146.123001,0,-1.17519,-1.151922,-1.163953
2025.04.04 03:00,0.006899,0.006922,0.006896,0.006919,9254,146.121002,146.179001,145.617996,145.667007,0,-1.167398,-1.151081,-1.12701
2025.04.04 04:00,0.006919,0.006934,0.006913,0.006932,7533,145.660995,145.796997,145.356003,145.421997,0,-1.152459,-1.149496,-1.153081
2025.04.04 05:00,0.006932,0.006938,0.006908,0.006912,9689,145.425995,145.899994,145.294006,145.858002,0,-1.140295,-1.149864,-1.182076
2025.04.04 06:00,0.006911,0.006915,0.006897,0.006903,12231,145.854004,146.158997,145.770004,146.035004,0,-1.178927,-1.15684,-1.170456
2025.04.04 07:00,0.006903,0.006914,0.00689,0.006892,16987,146.035004,146.302002,145.792007,146.276001,0,-1.174652,-1.157932,-1.169715
2025.04.04 08:00,0.006892,0.006897,0.006881,0.006884,15565,146.268997,146.487,146.143997,146.404007,0,-1.159286,-1.153424,-1.150174
2025.04.04 09:00,0.006884,0.006892,0.006878,0.006888,9951,146.417007,146.550995,146.270996,146.326996,0,-1.170459,-1.16471,-1.157509
2025.04.04 10:00,0.006888,0.00695,0.006886,0.006946,37862,146.326004,146.371002,145.022003,145.102997,0,-1.159355,-1.137108,-1.135242
2025.04.04 11:00,0.006946,0.006975,0.00693,0.006932,45931,145.112,145.466003,144.544006,145.393997,0,-1.155448,-1.164555,-1.135489
2025.04.04 12:00,0.006933,0.006951,0.006921,0.006923,43409,145.395004,145.645996,145.011993,145.598999,0,-1.168642,-1.147803,-1.163381
2025.04.04 13:00,0.006923,0.006944,0.006915,0.006918,25994,145.595993,145.794006,145.171997,145.712006,0,-1.180842,-1.162776,-1.161559
2025.04.04 14:00,0.006918,0.00695,0.00691,0.006928,33992,145.710999,145.876007,145.039993,145.518997,0,-1.158207,-1.144753,-1.166778
2025.04.04 15:00,0.006928,0.006928,0.006894,0.006908,54456,145.518005,146.223999,145.492004,145.923004,0,-1.170327,-1.150206,-1.163305
2025.04.04 16:00,0.006908,0.006911,0.006868,0.00687,21869,145.921005,146.783005,145.854004,146.716995,0,-1.169609,-1.157139,-1.167177
2025.04.04 17:00,0.00687,0.006879,0.006841,0.006846,24460,146.710999,147.363998,146.526993,147.246002,0,-1.175855,-1.157026,-1.175303
2025.04.04 18:00,0.006845,0.006874,0.006837,0.006863,22647,147.244003,147.432007,146.634995,146.888,0,-1.179717,-1.148708,-1.179124
2025.04.04 19:00,0.006863,0.006873,0.006844,0.006865,16754,146.895004,147.289993,146.671997,146.824997,0,-1.176608,-1.175124,-1.158571
2025.04.04 20:00,0.006865,0.006868,0.006855,0.006857,4649,146.826996,147.005997,146.757996,146.964996,0,-1.127072,-1.155203,-1.139257
2025.04.06 23:00,0.006943,0.00696,0.006929,0.00693,17023,145.158997,145.438995,144.813004,145.432999,0,-1.118024,-1.134841,-1.122443
2025.04.07 00:00,0.00693,0.006942,0.006911,0.006913,15894,145.432007,145.848007,145.182007,145.819,0,-1.14068,-1.120927,-1.153542
2025.04.07 01:00,0.006912,0.006914,0.006888,0.006895,13722,145.813004,146.339996,145.779999,146.186996,0,-1.149437,-1.145924,-1.154367
2025.04.07 02:00,0.006895,0.006899,0.006863,0.006874,12458,146.184006,146.852005,146.091003,146.619003,0,-1.153746,-1.15296,-1.143302
2025.04.07 03:00,0.006874,0.006894,0.006874,0.00689,8171,146.623001,146.628006,146.192001,146.283005,0,-1.152304,-1.148851,-1.14512
2025.04.07 04:00,0.00689,0.006913,0.006882,0.006909,8549,146.287003,146.468994,145.806,145.878998,0,-1.162393,-1.140541,-1.150723
2025.04.07 05:00,0.006909,0.006918,0.00689,0.006915,12772,145.876999,146.251007,145.686005,145.742996,0,-1.123657,-1.135558,-1.140291
2025.04.07 06:00,0.006916,0.006946,0.006907,0.006933,19690,145.744003,145.942001,145.112,145.382004,0,-1.161348,-1.144244,-1.144299
2025.04.07 07:00,0.006933,0.006948,0.006913,0.006914,17132,145.380005,145.806,145.069,145.787994,0,-1.150997,-1.142687,-1.153919
2025.04.07 08:00,0.006914,0.006918,0.006886,0.006894,16846,145.789993,146.369995,145.697006,146.218994,0,-1.158348,-1.146559,-1.154808
2025.04.07 09:00,0.006894,0.006913,0.006888,0.006903,15047,146.218994,146.341003,145.811005,146.020996,0,-1.160977,-1.145546,-1.145952
2025.04.07 10:00,0.006903,0.006903,0.006874,0.006893,15431,146.024994,146.623993,146.009995,146.229004,0,-1.158865,-1.145447,-1.154293
2025.04.07 11:00,0.006893,0.006897,0.00688,0.006886,11929,146.233994,146.5,146.130005,146.376999,0,-1.161723,-1.149935,-1.154805
2025.04.07 12:00,0.006886,0.006886,0.006836,0.006858,36014,146.382996,147.048996,146.378998,146.979996,0,-0.764617,-1.156804,-1.164891
2025.04.07 13:00,0.006857,0.00688,0.006853,0.006854,25049,146.985001,147.091995,146.509995,147.054001,0,-1.159857,-1.150596,-1.153797
2025.04.07 14:00,0.006855,0.006861,0.00681,0.00683,68312,147.057999,147.983002,146.919998,147.565002,0,-1.1509,-1.158032,-1.162835
2025.04.07 15:00,0.00683,0.006851,0.006812,0.006812,36600,147.563995,147.973007,147.102005,147.964005,0,-1.162468,-1.137907,-1.164243
2025.04.07 16:00,0.006812,0.00682,0.006806,0.006813,10660,147.962006,148.108002,147.802994,147.940994,0,-1.168027,-1.16468,-1.162775
2025.04.07 17:00,0.006813,0.006825,0.006804,0.006814,12492,147.938004,148.149002,147.675003,147.938995,0,-1.165832,-1.154858,-1.17155
2025.04.07 18:00,0.006813,0.006822,0.006804,0.006817,14699,147.936005,148.128998,147.738007,147.858994,0,-1.167423,-1.153423,-1.1669
2025.04.07 19:00,0.006816,0.006832,0.00681,0.006813,18896,147.863998,148.014008,147.520996,147.938004,0,-1.160348,-1.161684,-1.159784
2025.04.07 20:00,0.006813,0.006822,0.006804,0.006822,5481,147.957993,148.143005,147.761002,147.837006,0,-1.159835,-1.165681,-1.241685
2025.04.07 22:00,0.006822,0.006824,0.006804,0.006815,0,147.716995,148.117996,147.688995,147.886993,0,-1.156422,-1.147373,-1.15185
2025.04.07 23:00,0.006815,0.006822,0.006804,0.00682,5453,147.882996,148.121002,147.729004,147.792007,0,-1.159428,-1.155165,-1.153693
2025.04.08 00:00,0.00682,0.006833,0.006812,0.006828,13983,147.789993,147.970993,147.5,147.602997,0,-1.160453,-1.1514,-1.136505
2025.04.08 01:00,0.006828,0.006837,0.006824,0.006831,9326,147.604996,147.707001,147.397995,147.541,0,-1.154648,-1.145705,-1.149552
2025.04.08 02:00,0.006832,0.006845,0.00683,0.006841,4112,147.544006,147.550003,147.248001,147.320007,0,-1.147836,-1.145293,-1.153227
2025.04.08 03:00,0.006841,0.006844,0.006828,0.006828,0,147.320007,147.628006,147.259003,147.595001,0,-1.182959,-1.145618,-1.149954
2025.04.08 04:00,0.006827,0.006835,0.00682,0.00682,3536,147.589996,147.768997,147.447006,147.763,0,-1.141426,-1.151924,-1.146181
2025.04.08 05:00,0.00682,0.006829,0.006818,0.006828,4505,147.755005,147.800003,147.574005,147.604004,0,-1.140178,-1.139683,-1.14823
2025.04.08 06:00,0.006828,0.006845,0.006828,0.006845,8157,147.600998,147.600998,147.227997,147.242996,0,-1.134506,-1.146626,-1.140288
2025.04.08 07:00,0.006845,0.006857,0.006837,0.006837,15449,147.240997,147.410995,146.964005,147.393005,0,-1.137318,-1.127629,-1.140716
2025.04.08 08:00,0.006837,0.006855,0.006834,0.006836,11618,147.393005,147.485001,147.018005,147.417999,0,-1.147111,-1.128447,-1.13362
2025.04.08 09:00,0.006837,0.006851,0.006832,0.006847,10660,147.427002,147.518005,147.108002,147.188004,0,-1.147979,-1.133258,-1.127975
2025.04.08 10:00,0.006847,0.006863,0.006843,0.006862,10936,147.184998,147.272003,146.848007,146.869003,0,-1.137271,-1.128522,-1.138898
2025.04.08 11:00,0.006861,0.006866,0.006847,0.00686,12246,146.869003,147.182999,146.766006,146.903,0,-1.133639,-1.131399,-1.130407
2025.04.08 12:00,0.006861,0.006871,0.006857,0.006864,14695,146.904007,146.968002,146.671005,146.824005,0,-1.142263,-1.131781,-1.136362
2025.04.08 13:00,0.006865,0.006872,0.006837,0.006839,23076,146.824997,147.406006,146.658997,147.356003,0,-1.153716,-1.130365,-1.14648
2025.04.08 14:00,0.006839,0.006845,0.006825,0.00684,18686,147.354004,147.667999,147.218002,147.337006,0,-1.147854,-1.136632,-1.138174
2025.04.08 15:00,0.006841,0.006866,0.006837,0.006855,13781,147.337997,147.391006,146.796005,147.020996,0,-1.138717,-1.14019,-1.142072
2025.04.08 16:00,0.006855,0.00688,0.006851,0.006878,19837,147.020004,147.097,146.490005,146.529007,0,-1.143557,-1.130607,-1.13791
2025.04.08 17:00,0.006878,0.006891,0.006871,0.006872,28320,146.529007,146.669998,146.244995,146.649994,0,-1.130774,-1.128178,-1.131953
2025.04.08 18:00,0.006872,0.00689,0.006868,0.006884,20054,146.647995,146.737,146.253998,146.386993,0,-1.134207,-1.116114,-1.122608
2025.04.08 19:00,0.006884,0.006904,0.006882,0.006889,17216,146.384995,146.447006,145.957993,146.279007,0,-1.129854,-1.114423,-1.120059
2025.04.08 20:00,0.006888,0.00689,0.00688,0.006889,3189,146.278,146.477005,146.216995,146.248001,0,-1.128163,-1.089645,-1.089054
2025.04.08 22:00,0.006893,0.006905,0.006886,0.006903,0,146.285004,146.345001,145.891006,145.983002,0,-1.112269,-1.078897,-1.107958
2025.04.08 23:00,0.006903,0.006921,0.006901,0.006909,10600,145.981003,146.001999,145.595993,145.854004,0,-1.095467,-1.097767,-1.104784
2025.04.09 00:00,0.006909,0.006944,0.006905,0.00693,17793,145.848999,145.906998,145.128006,145.408997,0,-1.094888,-1.108422,-1.119259
2025.04.09 01:00,0.00693,0.006936,0.006915,0.006923,15930,145.404999,145.716003,145.294006,145.574997,0,-1.113298,-1.118693,-1.128945
2025.04.09 02:00,0.006921,0.00693,0.006905,0.00692,10884,145.570007,145.942001,145.417999,145.623993,0,-1.108923,-1.107444,-1.115324
2025.04.09 03:00,0.006919,0.006937,0.006913,0.006936,9231,145.630005,145.772995,145.255997,145.328995,0,-1.128457,-1.101462,-1.143285
2025.04.09 04:00,0.006948,0.006971,0.006944,0.006953,20219,145.330002,145.414001,144.574005,144.940002,0,-1.394418,-1.122568,-1.117194
2025.04.09 05:00,0.006953,0.006959,0.006928,0.006946,14772,144.940994,145.459,144.843002,145.102005,0,-1.117201,-1.154515,-1.123893
2025.04.09 06:00,0.006945,0.006965,0.006924,0.006959,13261,145.106995,145.546005,144.699997,144.817993,0,-1.12082,-1.135282,-1.108861
2025.04.09 07:00,0.006959,0.006961,0.00692,0.006925,23950,144.811996,145.638,144.778,145.520996,0,-1.129331,-1.110161,-1.106242
2025.04.09 08:00,0.006925,0.006942,0.006913,0.006936,13005,145.522995,145.781998,145.175003,145.294998,0,-1.116539,-1.113924,-1.119685
2025.04.09 09:00,0.006936,0.006942,0.006926,0.006932,10056,145.294998,145.488007,145.158005,145.367996,0,-1.114942,-1.107294,-1.119886
2025.04.09 10:00,0.006932,0.006953,0.006929,0.006938,13781,145.371002,145.444,144.936005,145.240005,0,-1.123028,-1.113196,-1.116633
2025.04.09 11:00,0.006938,0.006967,0.006938,0.006967,34005,145.233994,145.246994,144.643997,144.651001,0,-1.113242,-1.120492,-1.106899
2025.04.09 12:00,0.006967,0.006999,0.006967,0.006983,31308,144.647995,144.656998,144.031998,144.319,0,-1.112895,-1.154443,-1.124327
2025.04.09 13:00,0.006983,0.00699,0.006947,0.006955,25147,144.320007,145.084,144.203995,144.964005,0,-1.136973,-1.132245,-1.182555
2025.04.09 14:00,0.006954,0.006973,0.006946,0.006963,23662,145.026001,145.089005,144.531006,144.720993,0,-1.121249,-1.110428,-1.115044
2025.04.09 15:00,0.006963,0.006963,0.006946,0.006946,14211,144.722,145.098007,144.722,145.095993,0,-1.130252,-1.105746,-1.128238
2025.04.09 16:00,0.006946,0.006956,0.00694,0.006954,9803,145.095993,145.205002,144.876007,144.925003,0,-1.123161,-1.115223,-1.122872
2025.04.09 17:00,0.006954,0.006971,0.006843,0.006851,67280,144.921997,147.259003,144.567001,147.061005,0,-1.13494,-1.115564,-1.086261
2025.04.09 18:00,0.006851,0.006853,0.006796,0.006835,35247,147.076996,148.281006,147.039001,147.434006,0,-1.135628,-1.128151,-1.128229
2025.04.09 19:00,0.006835,0.006841,0.006803,0.006812,8708,147.440994,148.147995,147.283997,147.947998,0,-1.143222,-1.106541,-1.148237
2025.04.09 20:00,0.006812,0.006825,0.006808,0.006818,3537,147.945007,148.018997,147.643997,147.714996,0,-1.143764,-1.123852,-1.044423
2025.04.09 22:00,0.006831,0.006841,0.006824,0.006835,0,147.362,147.535995,147.257004,147.401001,0,-0.983643,-1.090224,-1.084519
2025.04.09 23:00,0.006835,0.006837,0.00682,0.006835,7441,147.408005,147.710007,147.360001,147.401993,0,-1.093188,-1.086323,-1.08551
2025.04.10 00:00,0.006835,0.006868,0.006832,0.006866,12406,147.403,147.460007,146.677002,146.725006,0,-1.08998,-1.084801,-1.079801
2025.04.10 01:00,0.006866,0.00687,0.006852,0.006856,12230,146.722,147.035004,146.641006,146.944,0,-1.092214,-1.080602,-1.086358
2025.04.10 02:00,0.006856,0.00687,0.006854,0.006865,8348,146.945999,146.983002,146.645004,146.746002,0,-1.082798,-1.0846,-1.079576
2025.04.10 03:00,0.006865,0.006872,0.00686,0.006862,6311,146.746002,146.856995,146.602997,146.828003,0,-1.084402,-1.084956,-1.097897
2025.04.10 04:00,0.006866,0.006876,0.006865,0.006871,5060,146.828995,146.897995,146.5,146.619003,0,-1.220966,-1.07718,-1.079779
2025.04.10 05:00,0.006871,0.006879,0.006866,0.006872,4341,146.615997,146.744003,146.447998,146.606003,0,-1.088188,-1.078031,-1.077371
2025.04.10 06:00,0.006871,0.006872,0.006847,0.006851,8632,146.604996,147.145996,146.604996,147.046997,0,-1.085967,-1.076364,-1.0829
2025.04.10 07:00,0.006851,0.006888,0.006851,0.006887,12052,147.044998,147.061005,146.233994,146.266006,0,-1.086261,-1.064507,-1.064904
2025.04.10 08:00,0.006887,0.006892,0.00688,0.006886,11995,146.270004,146.427994,146.141998,146.309006,0,-1.079152,-1.046232,-1.076274
2025.04.10 09:00,0.006886,0.006901,0.006884,0.006899,7208,146.307999,146.335007,145.992996,146.014999,0,-1.081174,-1.075962,-1.076956
2025.04.10 10:00,0.006899,0.006922,0.006899,0.006921,12201,146.009003,146.035995,145.550003,145.557999,0,-1.076947,-1.083088,-1.070205
2025.04.10 11:00,0.006921,0.006932,0.006917,0.006923,14092,145.557007,145.645996,145.332001,145.526001,0,-1.074646,-1.063084,-1.069523
2025.04.10 12:00,0.006923,0.006954,0.006919,0.006927,26525,145.526001,145.598999,144.865997,145.453003,0,-1.079885,-1.063866,-1.090362
2025.04.10 13:00,0.006926,0.006959,0.006923,0.006957,19685,145.451004,145.539993,144.776993,144.815994,0,-1.083515,-1.078188,-1.086202
2025.04.10 14:00,0.006957,0.006969,0.006946,0.006964,21234,144.809998,145.054001,144.557999,144.662003,0,-1.075889,-1.065393,-1.066367
2025.04.10 15:00,0.006964,0.006996,0.006961,0.006979,25552,144.664001,144.738007,144.003998,144.348007,0,-1.070167,-1.065179,-1.071267
2025.04.10 16:00,0.006979,0.006993,0.00697,0.006971,23259,144.348007,144.541,144.063995,144.531998,0,-1.068977,-1.063851,-1.070268
2025.04.10 17:00,0.00697,0.006975,0.006954,0.00696,16887,144.528,144.873993,144.436005,144.753998,0,-1.082203,-1.056554,-1.075835
2025.04.10 18:00,0.00696,0.006973,0.006956,0.006969,15803,144.751007,144.832993,144.468002,144.576996,0,-1.072208,-1.057701,-1.074092
2025.04.10 19:00,0.006968,0.006969,0.006942,0.006965,14898,144.578003,145.134003,144.572006,144.662003,0,-1.083292,-1.069102,-1.086988
2025.04.10 20:00,0.006964,0.006975,0.006956,0.006974,3005,144.656998,144.837997,144.406006,144.421005,0,-1.077213,-1.036826,-1.031272
2025.04.10 22:00,0.006968,0.006997,0.006968,0.006992,0,144.494995,144.552002,143.966995,144.149002,0,-1.038798,-1.048601,-1.11818
2025.04.10 23:00,0.006991,0.00701,0.006984,0.007008,10689,144.076996,144.237,143.710999,143.757004,0,-1.05258,-1.047474,-1.052762
2025.04.11 00:00,0.007007,0.007051,0.007006,0.007027,25717,143.748993,143.772003,142.867004,143.350006,0,-1.0372,-1.043148,-1.031641
2025.04.11 01:00,0.007027,0.007033,0.007005,0.007018,16112,143.354996,143.710999,143.229004,143.533997,0,-0.955824,-1.042166,-1.043256
2025.04.11 02:00,0.007019,0.007031,0.007008,0.007016,10090,143.533005,143.740997,143.266998,143.574997,0,-1.04693,-1.039724,-1.053797
2025.04.11 03:00,0.007016,0.007038,0.007015,0.007034,7202,143.574997,143.608002,143.121994,143.188995,0,-1.056329,-1.036175,-1.022376
2025.04.11 04:00,0.007034,0.007051,0.007029,0.007048,6814,143.188004,143.326996,142.876007,142.921997,0,-1.049129,-1.05215,-1.047835
2025.04.11 05:00,0.007048,0.007048,0.007006,0.007014,9602,142.921005,143.783997,142.917999,143.602997,0,-1.049194,-1.043837,-1.04116
2025.04.11 06:00,0.007014,0.007017,0.006988,0.007001,13276,143.598007,144.143005,143.550003,143.889008,0,-1.050778,-1.049108,-1.05227
2025.04.11 07:00,0.007,0.007054,0.006998,0.007052,21936,143.889999,143.944,142.796997,142.828995,0,-1.056236,-1.043503,-1.035301
2025.04.11 08:00,0.007052,0.007087,0.007041,0.007074,25398,142.830002,143.082993,142.061996,142.380997,0,-1.047629,-0.968519,-1.008271
2025.04.11 09:00,0.007074,0.007093,0.007058,0.007068,21646,142.528,142.712006,142.059998,142.520004,0,-1.028813,-1.075933,-1.047272
2025.04.11 10:00,0.007068,0.007068,0.007033,0.007045,17470,142.518005,143.220993,142.516006,142.988007,0,-1.044265,-1.043274,-1.043362
2025.04.11 11:00,0.007045,0.007069,0.007043,0.007064,12075,142.990005,143.042999,142.5,142.598999,0,-1.047973,-1.037276,-1.036141
2025.04.11 12:00,0.007064,0.007074,0.007046,0.007068,18478,142.602005,142.962006,142.395996,142.522995,0,-1.037511,-1.033256,-1.050262
2025.04.11 13:00,0.007068,0.007083,0.007016,0.007039,33557,142.516006,143.572006,142.212006,143.097,0,-1.050806,-1.038853,-1.021277
2025.04.11 14:00,0.007039,0.007053,0.007015,0.007017,32342,143.100998,143.610001,142.824997,143.529007,0,-1.058328,-1.041357,-1.028112
2025.04.11 15:00,0.007023,0.007029,0.007009,0.007016,24327,143.526993,143.720993,143.300003,143.572006,0,-1.047289,-1.042372,-1.050806
2025.04.11 16:00,0.007016,0.007017,0.006996,0.007006,15974,143.580002,143.985992,143.557999,143.776001,0,-1.047174,-1.046956,-1.051386
2025.04.11 17:00,0.007006,0.007011,0.006986,0.006989,11528,143.781006,144.199005,143.681,144.136002,0,-1.055578,-1.047996,-1.054014
2025.04.11 18:00,0.00699,0.007009,0.006988,0.007006,9733,144.128006,144.167999,143.723007,143.804001,0,-1.06554,-1.049303,-1.059018
2025.04.11 19:00,0.007005,0.007019,0.007004,0.007016,5854,143.804993,143.848999,143.509003,143.593994,0,-1.063252,-1.048709,-1.062635
2025.04.11 20:00,0.007016,0.007023,0.007013,0.007021,3509,143.595001,143.653,143.423996,143.490005,0,-1.060673,-1.024566,-1.060155
2025.04.13 23:00,0.007012,0.007016,0.007,0.00701,4310,143.649994,143.897995,143.563995,143.688004,0,-1.040857,-1.022485,-1.034648
2025.04.14 00:00,0.00701,0.007049,0.007007,0.007048,11069,143.690994,143.744995,142.886002,142.904007,0,-1.030567,-1.021905,-1.029845
2025.04.14 01:00,0.007048,0.007081,0.007045,0.00706,16032,142.903,142.970993,142.246994,142.671005,0,-1.036424,-1.03397,-1.02795
2025.04.14 02:00,0.00706,0.007066,0.007044,0.007045,7891,142.673996,143.0,142.569,142.966003,0,-1.035209,-1.036203,-1.031435
2025.04.14 03:00,0.007046,0.007058,0.007035,0.007041,5581,142.959,143.190994,142.710007,143.016998,0,-1.034483,-1.026814,-1.001802
2025.04.14 04:00,0.007043,0.007061,0.007034,0.007043,4732,143.018005,143.201996,142.634995,143.035004,0,-1.035377,-1.011995,-1.039977
2025.04.14 05:00,0.007042,0.00706,0.00703,0.007056,5315,143.035004,143.276001,142.662003,142.764008,0,-1.02849,-1.028971,-1.040655
2025.04.14 06:00,0.007056,0.007077,0.007048,0.007072,9810,142.761993,142.908997,142.339996,142.421997,0,-1.034834,-1.037186,-1.019279
2025.04.14 07:00,0.007072,0.007083,0.007039,0.00704,12893,142.425003,143.089005,142.253998,143.076004,0,-1.023366,-1.060917,-1.030551
2025.04.14 08:00,0.00704,0.007052,0.007036,0.007048,6443,143.080002,143.164993,142.820007,142.912003,0,-1.038786,-1.016267,-1.027782
2025.04.14 09:00,0.007048,0.007056,0.007039,0.007041,5788,142.912003,143.095993,142.755997,143.070999,0,-1.040448,-1.022598,-1.035636
2025.04.14 10:00,0.007041,0.007041,0.007029,0.007039,7554,143.070007,143.298004,143.048004,143.098007,0,-1.03026,-1.032808,-1.032369
2025.04.14 11:00,0.007039,0.007043,0.007026,0.007032,6650,143.097,143.356995,143.003998,143.235992,0,-1.028499,-1.029127,-1.028939
2025.04.14 12:00,0.007033,0.007037,0.00701,0.007011,9785,143.240997,143.701004,143.147003,143.671005,0,-1.037479,-1.030897,-1.038001
2025.04.14 13:00,0.007011,0.007018,0.006991,0.007012,20591,143.669998,144.080002,143.511993,143.630005,0,-1.038947,-1.021253,-1.027509
2025.04.14 14:00,0.007012,0.007031,0.007004,0.00703,17992,143.638,143.824005,143.261993,143.281998,0,-1.038258,-1.024601,-1.034487
2025.04.14 15:00,0.007029,0.007049,0.007027,0.007045,16993,143.281998,143.341003,142.886993,142.970993,0,-1.032768,-1.022897,-1.026349
2025.04.14 16:00,0.007045,0.007054,0.007033,0.007033,14508,142.970993,143.238998,142.779007,143.216003,0,-1.042058,-1.025513,-1.029165
2025.04.14 17:00,0.007033,0.00705,0.007027,0.007041,8897,143.218994,143.352997,142.875,143.069,0,-1.034632,-1.020968,-1.033637
2025.04.14 18:00,0.007041,0.00705,0.007035,0.007049,7153,143.065994,143.173996,142.860992,142.889008,0,-1.027581,-1.027076,-1.024911
2025.04.14 19:00,0.007049,0.00705,0.007039,0.007043,6607,142.891006,143.074997,142.856003,143.024002,0,-1.019452,-1.022086,-1.028976
2025.04.14 20:00,0.007043,0.007043,0.007035,0.007043,2562,143.022003,143.186005,142.970001,142.990005,0,-1.029493,-0.985049,-0.994979
2025.04.14 22:00,0.007043,0.007046,0.007033,0.007037,0,142.962006,143.179993,142.903,143.115997,0,-1.003265,-0.978506,-1.020081
2025.04.14 23:00,0.007038,0.007043,0.007026,0.007033,2550,143.106003,143.332993,143.001007,143.212997,0,-1.004497,-1.016054,-1.016057
2025.04.15 00:00,0.007032,0.007034,0.007014,0.007018,6925,143.210999,143.591003,143.171005,143.507996,0,-1.008845,-1.004386,-1.017255
2025.04.15 01:00,0.007018,0.007029,0.007014,0.007024,4915,143.507996,143.593994,143.268005,143.384995,0,-1.011835,-1.010374,-1.015973
2025.04.15 02:00,0.007024,0.007039,0.007024,0.007037,3481,143.384003,143.388,143.091995,143.123001,0,-1.018979,-1.016272,-1.006895
2025.04.15 03:00,0.007036,0.00704,0.007034,0.007037,0,143.126999,143.182999,143.044998,143.123993,0,-1.01638,-0.999545,-1.007887
2025.04.15 04:00,0.007037,0.007047,0.007031,0.007041,2508,143.121994,143.220001,142.901001,143.037003,0,-1.002833,-1.006712,-1.011719
2025.04.15 05:00,0.007041,0.007043,0.007032,0.007039,2791,143.037994,143.216995,142.988007,143.070999,0,-1.009942,-1.003054,-1.005361
2025.04.15 06:00,0.007039,0.00705,0.007023,0.007027,6077,143.067993,143.382004,142.841003,143.320007,0,-1.002844,-1.007087,-1.001643
2025.04.15 07:00,0.007027,0.007029,0.007018,0.007028,8191,143.320007,143.509003,143.266998,143.300995,0,-1.018262,-0.999255,-1.013003
2025.04.15 08:00,0.007028,0.00705,0.007027,0.007047,8478,143.298996,143.306,142.837006,142.906006,0,-1.007882,-1.003089,-1.001647
2025.04.15 09:00,0.007047,0.007058,0.007046,0.007046,7504,142.904999,142.936005,142.679993,142.927994,0,-1.01151,-1.00683,-1.0035
2025.04.15 10:00,0.007047,0.00705,0.007043,0.00705,3784,142.931,142.990997,142.834,142.841995,0,-1.016126,-1.000083,-1.008078
2025.04.15 11:00,0.00705,0.007052,0.007033,0.007047,6609,142.841003,143.184006,142.817993,142.899994,0,-1.007278,-1.004195,-1.005705
2025.04.15 12:00,0.007047,0.007063,0.007046,0.007049,13555,142.897995,142.925995,142.593002,142.869995,0,-1.001501,-1.010105,-1.005899
2025.04.15 13:00,0.007048,0.007054,0.007035,0.00704,10100,142.873993,143.138,142.768005,143.044998,0,-1.00169,-0.994419,-0.999545
2025.04.15 14:00,0.00704,0.007059,0.007029,0.007056,19782,143.048996,143.266006,142.667999,142.723007,0,-0.998263,-1.004874,-0.999655
2025.04.15 15:00,0.007056,0.007058,0.007033,0.007037,8749,142.722,143.192993,142.684006,143.100006,0,-1.006155,-1.000813,-1.00409
2025.04.15 16:00,0.007037,0.00704,0.00703,0.007038,4319,143.097,143.251007,143.048004,143.091003,0,-1.003496,-1.002551,-1.005184
2025.04.15 17:00,0.007039,0.007041,0.007031,0.007037,3541,143.089005,143.248001,143.037994,143.117004,0,-1.010609,-1.002631,-1.010989
2025.04.15 18:00,0.007037,0.007037,0.007032,0.007035,3794,143.119003,143.223999,143.110001,143.158005,0,-1.016945,-1.003985,-1.01159
2025.04.15 19:00,0.007035,0.007036,0.007031,0.007033,2540,143.158005,143.225998,143.134003,143.188004,0,-1.00883,-1.007795,-1.011276
2025.04.15 20:00,0.007033,0.007036,0.007029,0.007031,1285,143.190002,143.279007,143.130005,143.246002,0,-1.011263,-1.003797,-1.018727
2025.04.15 22:00,0.007031,0.007047,0.007031,0.007039,0,143.179993,143.190994,142.899994,143.070999,0,-0.973826,-0.985573,-0.995276
2025.04.15 23:00,0.007039,0.007039,0.007028,0.007034,3741,143.052994,143.281998,143.042007,143.158997,0,-0.994006,-0.986462,-0.992377
2025.04.16 00:00,0.007035,0.007054,0.007033,0.007047,7368,143.156998,143.173004,142.759995,142.886993,0,-0.996276,-0.986408,-0.992705
2025.04.16 01:00,0.007047,0.007056,0.007042,0.00705,3971,142.889999,142.994003,142.699997,142.813995,0,-0.988893,-0.98668,-0.980079
2025.04.16 02:00,0.007051,0.007059,0.00705,0.007056,2483,142.811005,142.820007,142.649994,142.718002,0,-0.986091,-0.986868,-0.99465
2025.04.16 03:00,0.007056,0.007067,0.007055,0.007065,3535,142.716003,142.733994,142.490005,142.522995,0,-0.990548,-0.987247,-0.980179
2025.04.16 04:00,0.007066,0.007066,0.007058,0.00706,3175,142.522995,142.673004,142.464996,142.630005,0,-0.989812,-0.952223,-0.996973
2025.04.16 05:00,0.00706,0.007087,0.007058,0.007085,7156,142.626007,142.675003,142.098007,142.139999,0,-0.991811,-0.984624,-0.986778
2025.04.16 06:00,0.007084,0.007087,0.007066,0.00707,8720,142.139999,142.511002,142.098999,142.410995,0,-0.988212,-0.995574,-0.978281
2025.04.16 07:00,0.00707,0.007089,0.007068,0.007087,9344,142.412003,142.459,142.039993,142.095001,0,-0.986267,-0.986319,-0.981618
2025.04.16 08:00,0.007086,0.007087,0.007044,0.00706,22737,142.097,142.955002,142.063995,142.619995,0,-0.990211,-0.970518,-0.986964
2025.04.16 09:00,0.00706,0.007066,0.007047,0.00705,6914,142.619003,142.880005,142.487,142.830002,0,-0.985716,-0.974226,-0.97597
2025.04.16 10:00,0.00705,0.007061,0.007045,0.007052,6034,142.841995,142.916,142.606995,142.796005,0,-0.981432,-0.983995,-0.982207
2025.04.16 11:00,0.007052,0.00706,0.007051,0.007058,4374,142.794998,142.813995,142.619995,142.656998,0,-0.990139,-0.986964,-0.983835
2025.04.16 12:00,0.007059,0.00707,0.007052,0.007059,11093,142.656006,142.785995,142.431,142.639999,0,-0.992301,-0.978284,-0.976874
2025.04.16 13:00,0.00706,0.007071,0.007057,0.00707,10407,142.645996,142.690002,142.399002,142.436005,0,-0.986728,-0.976291,-0.983288
2025.04.16 14:00,0.00707,0.007075,0.007056,0.007066,11414,142.436005,142.710007,142.315002,142.505005,0,-0.976608,-0.972248,-0.972207
2025.04.16 15:00,0.007066,0.007066,0.007052,0.007062,7045,142.507996,142.860001,142.488998,142.576996,0,-1.046203,-0.976225,-0.984073
2025.04.16 16:00,0.007062,0.007066,0.007059,0.007064,4070,142.570999,142.643997,142.488007,142.550003,0,-0.980871,-0.975233,-0.997166
2025.04.16 17:00,0.007064,0.007076,0.007056,0.007074,7937,142.548996,142.695999,142.307007,142.350998,0,-0.982682,-0.984223,-0.978273
2025.04.16 18:00,0.007074,0.007088,0.007069,0.007087,8657,142.352005,142.442993,142.063995,142.100006,0,-0.980269,-0.980473,-0.986623
2025.04.16 19:00,0.007086,0.00711,0.007085,0.007086,15749,142.098999,142.128998,141.638,142.108994,0,-0.985741,-0.981133,-0.985651
2025.04.16 20:00,0.007085,0.007101,0.007081,0.007097,4217,142.108994,142.199997,141.792007,141.837006,0,-0.977009,-0.976686,-0.922473
2025.04.16 22:00,0.007099,0.007104,0.007091,0.007097,0,141.744003,141.957001,141.703995,141.858994,0,-0.943108,-0.938231,-0.944461
2025.04.16 23:00,0.007097,0.007109,0.007091,0.007093,4341,141.837997,141.970001,141.608994,141.927994,0,-0.936225,-0.942231,-0.933988
2025.04.17 00:00,0.007092,0.007096,0.007058,0.00706,13603,141.925003,142.604996,141.845001,142.582001,0,-0.931833,-0.920537,-0.938945
2025.04.17 01:00,0.00706,0.007063,0.007045,0.007053,9546,142.582993,142.863007,142.507996,142.718002,0,-0.908294,-0.925099,-0.934363
2025.04.17 02:00,0.007053,0.007069,0.007052,0.00706,5559,142.714005,142.731003,142.382004,142.557999,0,-0.927262,-0.91928,-0.924967
2025.04.17 03:00,0.007061,0.007067,0.007056,0.007058,2523,142.557999,142.641998,142.427994,142.610001,0,-0.928681,-0.925235,-0.926808
2025.04.17 04:00,0.007058,0.00706,0.007054,0.007055,1771,142.604996,142.692993,142.576996,142.671997,0,-0.939499,-0.923906,-0.928551
2025.04.17 05:00,0.007056,0.007064,0.007045,0.007052,4105,142.669998,142.865997,142.485001,142.733002,0,-0.931429,-0.922142,-0.929261
2025.04.17 06:00,0.007052,0.007056,0.007045,0.007052,4867,142.738998,142.882004,142.643997,142.738007,0,-0.937359,-0.920645,-0.934266
2025.04.17 07:00,0.007052,0.007058,0.007043,0.007045,6038,142.737,142.912994,142.602997,142.891998,0,-0.928042,-0.919804,-0.937286
2025.04.17 08:00,0.007044,0.007056,0.007035,0.007055,7854,142.891006,143.087006,142.641998,142.677002,0,-0.930494,-0.928681,-0.933556
2025.04.17 09:00,0.007054,0.007056,0.007047,0.00705,2831,142.677002,142.843994,142.643005,142.768005,0,-0.929573,-0.929688,-0.934089
2025.04.17 10:00,0.00705,0.007064,0.007048,0.00706,5762,142.766006,142.817001,142.496994,142.582001,0,-0.942839,-0.924122,-0.928911
2025.04.17 11:00,0.00706,0.007066,0.007058,0.007059,2639,142.580994,142.619995,142.451996,142.595993,0,-0.926762,-0.919198,-0.932867
2025.04.17 12:00,0.00706,0.007074,0.007054,0.007074,10208,142.593002,142.697006,142.285995,142.317993,0,-0.933471,-0.933249,-0.945268
2025.04.17 13:00,0.007073,0.007082,0.007071,0.007082,12798,142.315994,142.358994,142.136002,142.141998,0,-0.936282,-0.93295,-0.938946
2025.04.17 14:00,0.007082,0.007093,0.007074,0.007078,15495,142.143005,142.278,141.895004,142.212997,0,-0.925253,-0.920871,-0.930147
2025.04.17 15:00,0.007078,0.007081,0.00707,0.007072,9253,142.212006,142.369995,142.141006,142.332993,0,-0.927276,-0.918018,-0.930274
2025.04.17 16:00,0.007072,0.007079,0.007058,0.007066,9980,142.332993,142.632004,142.186005,142.460999,0,-0.938771,-0.933087,-0.928201
2025.04.17 17:00,0.007066,0.00707,0.00706,0.00706,4986,142.460999,142.565002,142.389999,142.559006,0,-0.931971,-0.937283,-0.925974
2025.04.17 18:00,0.00706,0.00707,0.007053,0.007067,6252,142.559006,142.718002,142.358002,142.445007,0,-0.934363,-0.925287,-0.942249
2025.04.17 19:00,0.007066,0.007071,0.007066,0.00707,3141,142.444,142.460007,142.347,142.395004,0,-0.937217,-0.924289,-0.942288
2025.04.17 20:00,0.00707,0.007071,0.007064,0.007066,1480,142.395996,142.516006,142.352997,142.388,0,-0.953148,-0.930286,-0.865211
2025.04.20 23:00,0.007101,0.007113,0.007099,0.007108,7961,141.733994,141.766006,141.492996,141.589996,0,-0.891177,-0.905338,-0.903448
2025.04.21 00:00,0.007109,0.00713,0.007108,0.007128,13573,141.587997,141.593994,141.136993,141.188004,0,-0.907446,-0.894372,-0.906035
2025.04.21 01:00,0.007128,0.00714,0.007128,0.007139,7165,141.188995,141.203003,140.962997,140.979996,0,-0.901357,-0.897171,-0.904357
2025.04.21 02:00,0.007139,0.007158,0.007134,0.007149,11673,140.977005,141.084,140.610992,140.787994,0,-0.900363,-0.907165,-0.898508
2025.04.21 03:00,0.007149,0.007155,0.007146,0.007151,2948,140.787994,140.835007,140.651993,140.757996,0,-0.896578,-0.899353,-0.917418
2025.04.21 04:00,0.00715,0.00715,0.007138,0.007149,3826,140.757004,140.977005,140.755997,140.764999,0,-0.881738,-0.895856,-0.895075
2025.04.21 05:00,0.007149,0.007157,0.007149,0.007155,4166,140.764999,140.783997,140.613007,140.645996,0,-0.894511,-0.899418,-0.893356
2025.04.21 06:00,0.007156,0.007157,0.007143,0.00715,3355,140.645004,140.906006,140.615997,140.755997,0,-0.908809,-0.902408,-0.895856
2025.04.21 07:00,0.00715,0.007161,0.007147,0.00716,6439,140.757996,140.820999,140.542007,140.554993,0,-0.902155,-0.896703,-0.890189
2025.04.21 08:00,0.007161,0.007161,0.007151,0.007159,3849,140.548996,140.727005,140.537994,140.570007,0,-0.896197,-0.89269,-0.895447
2025.04.21 09:00,0.007159,0.007165,0.007153,0.007155,4892,140.572006,140.690994,140.466995,140.653,0,-0.889517,-0.889917,-0.90036
2025.04.21 10:00,0.007155,0.007156,0.007138,0.007138,6582,140.653,140.994003,140.630997,140.983002,0,-0.888929,-0.888124,-0.897549
2025.04.21 11:00,0.007138,0.00715,0.007134,0.007149,6596,140.985992,141.076004,140.744995,140.789993,0,-0.892367,-0.884854,-0.900507
2025.04.21 12:00,0.007149,0.007155,0.007136,0.007149,7262,140.791,141.018997,140.638,140.783005,0,-0.894286,-0.88536,-0.893519
2025.04.21 13:00,0.007149,0.007153,0.007136,0.007151,7765,140.781998,141.041,140.699005,140.738998,0,-0.906468,-0.897527,-0.898421
2025.04.21 14:00,0.007151,0.00716,0.007141,0.007143,11017,140.740005,140.919006,140.563995,140.901993,0,-0.892397,-0.899192,-0.894993
2025.04.21 15:00,0.007143,0.007148,0.007137,0.007147,7756,140.901001,141.014008,140.789993,140.813995,0,-0.899115,-0.89072,-0.895152
2025.04.21 16:00,0.007147,0.007149,0.007139,0.007147,6408,140.813995,140.973999,140.766006,140.834,0,-0.89836,-0.896082,-0.905364
2025.04.21 17:00,0.007146,0.007157,0.007141,0.007155,5563,140.832001,140.923996,140.634003,140.643005,0,-0.897387,-0.900895,-0.890365
2025.04.21 18:00,0.007155,0.00716,0.007153,0.007159,6363,140.645004,140.692993,140.557007,140.578003,0,-0.90128,-0.892203,-0.903443
2025.04.21 19:00,0.007159,0.007161,0.007143,0.007145,6960,140.578003,140.889008,140.546997,140.858994,0,-0.901602,-0.891948,-0.891187
2025.04.21 20:00,0.007145,0.007149,0.007139,0.007145,2453,140.856995,140.979996,140.789993,140.824997,0,-0.904357,-0.900507,-0.866987
2025.04.21 22:00,0.007147,0.007152,0.007143,0.007151,0,140.800003,140.860992,140.703995,140.729004,0,-0.863795,-0.882965,-0.878645
2025.04.21 23:00,0.007151,0.007155,0.007141,0.007143,5372,140.735001,140.914001,140.647003,140.869003,0,-0.877594,-0.874834,-0.881598
2025.04.22 00:00,0.007143,0.007145,0.007128,0.007144,11707,140.873993,141.171997,140.845993,140.850998,0,-0.880186,-0.878186,-0.873393
2025.04.22 01:00,0.007144,0.007149,0.007138,0.007143,5835,140.854996,140.992004,140.751007,140.863998,0,-0.88693,-0.881083,-0.876593
2025.04.22 02:00,0.007144,0.00716,0.007143,0.00716,3728,140.862,140.863998,140.539001,140.546997,0,-0.876593,-0.874198,-0.882193
2025.04.22 03:00,0.00716,0.007183,0.00716,0.007178,0,140.548004,140.550003,140.085007,140.201996,0,-0.885199,-0.867409,-0.897124
2025.04.22 04:00,0.007182,0.007183,0.007177,0.007178,3985,140.203003,140.210999,140.082001,140.192001,0,-0.877014,-0.864403,-0.877432
2025.04.22 05:00,0.007178,0.007194,0.00717,0.007192,12096,140.194,140.345993,139.888,139.921005,0,-0.875981,-0.873616,-0.87762
2025.04.22 06:00,0.007192,0.007194,0.007161,0.007167,10989,139.916,140.509003,139.882004,140.395004,0,-0.87345,-0.867619,-0.866607
2025.04.22 07:00,0.007167,0.007177,0.007161,0.007173,11810,140.393997,140.511993,140.203995,140.279007,0,-0.876441,-0.87001,-0.867322
2025.04.22 08:00,0.007173,0.007178,0.007155,0.007161,7522,140.281998,140.630997,140.188004,140.514008,0,-0.868597,-0.863727,-0.878455
2025.04.22 09:00,0.007161,0.00717,0.007158,0.007165,5378,140.514999,140.574997,140.322998,140.455002,0,-0.871169,-0.862705,-0.877924
2025.04.22 10:00,0.007164,0.007177,0.007163,0.007171,4304,140.453003,140.475006,140.205994,140.328003,0,-0.878439,-0.872009,-0.877436
2025.04.22 11:00,0.00717,0.007179,0.007167,0.007174,6347,140.328003,140.386993,140.166,140.246002,0,-0.868332,-0.870833,-0.863463
2025.04.22 12:00,0.007175,0.007176,0.007159,0.007161,9574,140.253006,140.565994,140.205994,140.529007,0,-0.871927,-0.862299,-0.873958
2025.04.22 13:00,0.007161,0.007161,0.007147,0.007149,10242,140.529999,140.796997,140.507996,140.761993,0,-0.868362,-0.862691,-0.872507
2025.04.22 14:00,0.007148,0.007155,0.007141,0.007151,10925,140.763,140.919998,140.625,140.716995,0,-0.873783,-0.862601,-0.876417
2025.04.22 15:00,0.007151,0.007153,0.00714,0.007143,10381,140.714005,140.923004,140.654999,140.871002,0,-0.866979,-0.863286,-0.873805
2025.04.22 16:00,0.007143,0.007148,0.007118,0.007121,20467,140.873001,141.362,140.785995,141.302994,0,-0.882963,-0.886722,-0.873278
2025.04.22 17:00,0.007122,0.007134,0.007116,0.00713,13581,141.300995,141.391006,141.035995,141.108994,0,-0.87249,-0.872003,-0.866372
2025.04.22 18:00,0.00713,0.007131,0.007111,0.007112,5790,141.110992,141.509995,141.102997,141.490005,0,-0.882795,-0.870211,-0.872696
2025.04.22 19:00,0.007112,0.007114,0.007105,0.007105,6618,141.490997,141.634995,141.436005,141.610001,0,-0.879139,-0.868113,-0.873951
2025.04.22 20:00,0.007106,0.007111,0.007103,0.007107,4195,141.610001,141.669998,141.498001,141.509003,0,-0.874507,-0.870802,-0.792761
2025.04.22 22:00,0.007058,0.00706,0.007025,0.007035,0,142.542999,143.218002,142.533005,142.992004,0,-0.869251,-0.889949,-0.855694
2025.04.22 23:00,0.007035,0.007058,0.007031,0.007051,12416,143.009995,143.102005,142.552994,142.699997,0,-0.87473,-0.869801,-0.87614
2025.04.23 00:00,0.007051,0.007083,0.00705,0.007081,12044,142.697006,142.718994,142.057007,142.082001,0,-0.875025,-0.863926,-0.859012
2025.04.23 01:00,0.007081,0.007102,0.007073,0.007097,11574,142.082993,142.253998,141.662003,141.759995,0,-0.871276,-0.856597,-0.865312
2025.04.23 02:00,0.007097,0.007098,0.007085,0.007091,5744,141.757996,142.003006,141.744995,141.899994,0,-0.859749,-0.860239,-0.866218
2025.04.23 03:00,0.007091,0.007095,0.007076,0.007076,5306,141.899002,142.195999,141.798996,142.190994,0,-0.863235,-0.854665,-0.878198
2025.04.23 04:00,0.007074,0.007089,0.007073,0.007087,3757,142.188004,142.246002,141.912994,141.955994,0,-0.863281,-0.849379,-0.862516
2025.04.23 05:00,0.007087,0.007098,0.007078,0.007081,5067,141.955994,142.147003,141.729004,142.074005,0,-0.864152,-0.844248,-0.860981
2025.04.23 06:00,0.007081,0.007105,0.007078,0.007099,7799,142.072006,142.147003,141.597,141.716995,0,-0.864152,-0.841145,-0.862004
2025.04.23 07:00,0.0071,0.007109,0.007088,0.007092,8755,141.710007,141.944,141.524002,141.863998,0,-0.860478,-0.847352,-0.86005
2025.04.23 08:00,0.007093,0.0071,0.00709,0.007099,5428,141.865005,141.949997,141.701996,141.738007,0,-0.906273,-0.856926,-0.863177
2025.04.23 09:00,0.007098,0.007107,0.007088,0.007091,8968,141.737,141.942001,141.574005,141.880997,0,-0.858479,-0.857764,-0.857168
2025.04.23 10:00,0.007091,0.007095,0.007083,0.007085,6063,141.882004,142.031998,141.794998,141.988998,0,-0.858845,-0.84074,-0.845741
2025.04.23 11:00,0.007085,0.007103,0.007076,0.007103,7304,141.994995,142.188004,141.643005,141.649994,0,-0.85524,-0.857419,-0.854503
2025.04.23 12:00,0.007103,0.007107,0.007091,0.007093,7002,141.647995,141.884003,141.572006,141.839996,0,-0.860174,-0.855765,-0.855932
2025.04.23 13:00,0.007092,0.007097,0.00705,0.00705,33485,141.839996,142.694,141.75,142.690002,0,-0.860083,-0.855317,-0.856086
2025.04.23 14:00,0.007051,0.007073,0.007045,0.007054,27360,142.686996,142.798004,142.240005,142.632004,0,-0.85336,-0.857284,-0.858417
2025.04.23 15:00,0.007054,0.007076,0.007048,0.007053,25740,142.632996,142.725006,142.177002,142.638,0,-0.840786,-0.854218,-0.854361
2025.04.23 16:00,0.007054,0.007057,0.007031,0.007034,25509,142.645996,143.074005,142.563995,143.018997,0,-0.856837,-0.860721,-0.852378
2025.04.23 17:00,0.007035,0.007039,0.007021,0.007023,13490,143.018997,143.291,142.927994,143.237,0,-0.86115,-0.852271,-0.85784
2025.04.23 18:00,0.007023,0.007023,0.00701,0.007014,16084,143.235992,143.496002,143.233994,143.436005,0,-0.852823,-0.854834,-0.853846
2025.04.23 19:00,0.007014,0.007023,0.007011,0.007016,8091,143.429993,143.487,143.238007,143.393005,0,-0.853996,-0.848717,-0.861646
2025.04.23 20:00,0.007016,0.007016,0.007007,0.007013,3701,143.391998,143.574005,143.382004,143.488007,0,-0.859577,-0.850644,-0.89568
2025.04.23 22:00,0.007021,0.007039,0.007021,0.007027,0,143.149994,143.186996,142.869995,143.095001,0,-0.767281,-0.804357,-0.796883
2025.04.23 23:00,0.007027,0.007031,0.007019,0.007023,4599,143.113998,143.279007,143.046997,143.195007,0,-0.818713,-0.809605,-0.805718
2025.04.24 00:00,0.007023,0.00704,0.007016,0.007036,10508,143.194,143.337997,142.856995,142.942993,0,-0.816797,-0.811541,-0.816786
2025.04.24 01:00,0.007035,0.007048,0.007029,0.007045,9743,142.945999,143.078995,142.703995,142.759995,0,-0.811251,-0.819775,-0.805282
2025.04.24 02:00,0.007045,0.007053,0.007042,0.007043,10126,142.759995,142.811005,142.597,142.783005,0,-0.805894,-0.81336,-0.808134
2025.04.24 03:00,0.007044,0.007045,0.007038,0.007041,2571,142.781006,142.897003,142.738007,142.865997,0,-0.811184,-0.803438,-0.830634
2025.04.24 04:00,0.007043,0.007047,0.007039,0.007045,1724,142.863007,142.916,142.718994,142.751999,0,-0.860455,-0.804573,-0.81743
2025.04.24 05:00,0.007045,0.007047,0.007035,0.007043,5084,142.75,142.959,142.727997,142.785995,0,-0.812584,-0.813576,-0.811124
2025.04.24 06:00,0.007043,0.00705,0.007039,0.007048,3797,142.783005,142.884995,142.662994,142.688995,0,-0.819356,-0.808962,-0.814833
2025.04.24 07:00,0.007048,0.007055,0.007045,0.007054,6158,142.690002,142.746994,142.546005,142.578995,0,-0.812425,-0.80256,-0.805408
2025.04.24 08:00,0.007054,0.007058,0.007047,0.007051,6630,142.580994,142.737,142.483994,142.634003,0,-0.822578,-0.800801,-0.810146
2025.04.24 09:00,0.007051,0.007062,0.007048,0.00706,3794,142.643997,142.697998,142.419998,142.451004,0,-0.813778,-0.807028,-0.817972
2025.04.24 10:00,0.00706,0.007068,0.007058,0.007059,7025,142.449005,142.513,142.302994,142.490997,0,-0.819768,-0.810248,-0.827872
2025.04.24 11:00,0.007058,0.007066,0.007052,0.007053,6929,142.488998,142.634003,142.348999,142.595001,0,-0.820205,-0.816201,-0.811361
2025.04.24 12:00,0.007054,0.007068,0.007052,0.007062,8164,142.591995,142.634995,142.285995,142.403,0,-0.821197,-0.813263,-0.810077
2025.04.24 13:00,0.007063,0.007067,0.007054,0.007058,7350,142.397995,142.585999,142.315994,142.498993,0,-0.812412,-0.813236,-0.80576
2025.04.24 14:00,0.007058,0.007069,0.007052,0.007059,10851,142.496994,142.606003,142.274002,142.472,0,-0.812309,-0.811278,-0.808874
2025.04.24 15:00,0.00706,0.00706,0.007043,0.00705,8413,142.472,142.776001,142.445007,142.654999,0,-0.791048,-0.811976,-0.81103
2025.04.24 16:00,0.00705,0.007054,0.007043,0.00705,6916,142.656006,142.792007,142.565994,142.645996,0,-0.807055,-0.8125,-0.812079
2025.04.24 17:00,0.00705,0.007052,0.007041,0.007043,5256,142.645996,142.830002,142.615997,142.783997,0,-0.814805,-0.822303,-0.809125
2025.04.24 18:00,0.007043,0.007047,0.007041,0.007047,3312,142.781998,142.834,142.709,142.729996,0,-0.808716,-0.804641,-0.815575
2025.04.24 19:00,0.007046,0.007058,0.007046,0.007048,5071,142.731003,142.733994,142.483994,142.694,0,-0.809499,-0.81083,-0.80978
2025.04.24 20:00,0.007048,0.007056,0.007046,0.007052,2410,142.692993,142.744003,142.511002,142.643005,0,-0.819509,-0.787649,-0.829207
2025.04.24 22:00,0.00705,0.00705,0.007041,0.007046,0,142.682007,142.789993,142.632004,142.701004,0,-0.774797,-0.788035,-0.77651
2025.04.24 23:00,0.007045,0.007046,0.007033,0.007039,4992,142.714005,142.927994,142.688004,142.852005,0,-0.741156,-0.763509,-0.786367
2025.04.25 00:00,0.007039,0.007041,0.007025,0.007029,10815,142.850998,143.115997,142.817001,143.063004,0,-0.767246,-0.781638,-0.785137
2025.04.25 01:00,0.007029,0.007036,0.007026,0.007033,4441,143.063995,143.108994,142.906998,142.962997,0,-0.780498,-0.78079,-0.776159
2025.04.25 02:00,0.007033,0.007039,0.007032,0.007033,3522,142.960999,142.983994,142.822998,142.964005,0,-0.77694,-0.767453,-0.787277
2025.04.25 03:00,0.007033,0.007037,0.007001,0.007001,10808,142.962006,143.666,142.891006,143.645004,0,-0.829263,-0.774901,-0.808266
2025.04.25 04:00,0.006994,0.007004,0.006994,0.007001,11620,143.639999,143.800995,143.567993,143.615005,0,-0.811077,-0.782246,-0.778268
2025.04.25 05:00,0.007001,0.007006,0.006992,0.007001,6266,143.612,143.798996,143.505997,143.621002,0,-0.778404,-0.781382,-0.784264
2025.04.25 06:00,0.007001,0.00701,0.00699,0.007004,7260,143.617996,143.850006,143.438004,143.550995,0,-0.778256,-0.774479,-0.785628
2025.04.25 07:00,0.007004,0.007021,0.006998,0.007012,14554,143.539993,143.684998,143.220001,143.397995,0,-0.787031,-0.780005,-0.785328
2025.04.25 08:00,0.007012,0.007019,0.007006,0.007011,4276,143.395004,143.520996,143.246994,143.416,0,-0.786193,-0.766407,-0.782996
2025.04.25 09:00,0.007011,0.007021,0.007001,0.007002,6239,143.416,143.634995,143.231003,143.610992,0,-0.798257,-0.791006,-0.794659
2025.04.25 10:00,0.007002,0.007019,0.006996,0.007017,9510,143.612,143.733002,143.251007,143.300995,0,-0.783964,-0.780572,-0.789953
2025.04.25 11:00,0.007017,0.007021,0.007013,0.007014,3715,143.300003,143.389008,143.246994,143.373001,0,-0.796681,-0.806997,-0.790842
2025.04.25 12:00,0.007014,0.007017,0.007011,0.007012,4303,143.375,143.423996,143.300003,143.414993,0,-0.790992,-0.788961,-0.802326
2025.04.25 13:00,0.007011,0.007012,0.006989,0.006995,12217,143.412994,143.871002,143.406998,143.751999,0,-0.789014,-0.784168,-0.792741
2025.04.25 14:00,0.006994,0.007002,0.006983,0.006983,17551,143.753006,143.988998,143.617004,143.985001,0,-0.784069,-0.790469,-0.790327
2025.04.25 15:00,0.006983,0.006996,0.006981,0.006995,10873,143.981003,144.029999,143.722,143.748993,0,-0.784042,-0.783182,-0.789735
2025.04.25 16:00,0.006995,0.006998,0.006992,0.006992,5813,143.75,143.817001,143.673004,143.811996,0,-0.786179,-0.775037,-0.791405
2025.04.25 17:00,0.006992,0.00701,0.00699,0.007006,8961,143.811005,143.847,143.436996,143.522003,0,-0.785487,-0.783641,-0.797389
2025.04.25 18:00,0.007006,0.007009,0.007001,0.007004,5653,143.522995,143.632004,143.453995,143.556,0,-0.795266,-0.780291,-0.790633
2025.04.25 19:00,0.007004,0.007008,0.007,0.007,3776,143.557999,143.651993,143.487,143.651001,0,-0.784647,-0.782757,-0.783655
2025.04.25 20:00,0.007,0.007001,0.00699,0.006998,4419,143.645996,143.848999,143.615997,143.647003,0,-0.797711,-0.77926,-0.749036
2025.04.27 23:00,0.006994,0.006996,0.006988,0.00699,2380,143.766998,143.876999,143.709,143.845993,0,-0.77454,-0.770181,-0.774243
2025.04.28 00:00,0.006989,0.007008,0.006989,0.007007,8559,143.848999,143.850998,143.475998,143.483994,0,-0.76901,-0.771756,-0.769566
2025.04.28 01:00,0.007008,0.007014,0.006996,0.006996,8350,143.488007,143.718002,143.341995,143.710999,0,-0.779184,-0.769993,-0.77218
2025.04.28 02:00,0.006996,0.007,0.006989,0.006997,6914,143.712006,143.858994,143.645004,143.692001,0,-0.777005,-0.777659,-0.773607
2025.04.28 03:00,0.006997,0.007006,0.006997,0.007002,2569,143.692001,143.701996,143.507996,143.582001,0,-0.783601,-0.773193,-0.775858
2025.04.28 04:00,0.007002,0.007016,0.007,0.007015,3515,143.580994,143.641006,143.313004,143.320999,0,-0.773661,-0.771493,-0.769326
2025.04.28 05:00,0.007015,0.007017,0.007004,0.007007,3322,143.320999,143.537003,143.283997,143.490005,0,-0.771635,-0.772954,-0.775578
2025.04.28 06:00,0.007007,0.007007,0.006989,0.00699,5264,143.490997,143.856003,143.488998,143.828003,0,-0.774015,-0.774571,-0.766489
2025.04.28 07:00,0.00699,0.007,0.006987,0.007,8054,143.832993,143.893997,143.617996,143.632004,0,-0.771052,-0.771054,-0.774865
2025.04.28 08:00,0.007,0.007005,0.006996,0.007004,4347,143.630997,143.705994,143.533005,143.548996,0,-0.777383,-0.77783,-0.773435
2025.04.28 09:00,0.007004,0.007015,0.007002,0.007009,4562,143.550995,143.578003,143.326996,143.447998,0,-0.77186,-0.775323,-0.774294
2025.04.28 10:00,0.007009,0.007012,0.007006,0.007008,3971,143.447998,143.503006,143.380005,143.460007,0,-0.778391,-0.767338,-0.776121
2025.04.28 11:00,0.007008,0.007014,0.007004,0.007013,3243,143.462006,143.546997,143.341003,143.373001,0,-0.78163,-0.769002,-0.780674
2025.04.28 12:00,0.007012,0.007024,0.007012,0.007014,6485,143.371002,143.376999,143.141006,143.341995,0,-0.774503,-0.771985,-0.759836
2025.04.28 13:00,0.007014,0.007027,0.00701,0.007027,9142,143.341995,143.436996,143.061996,143.084,0,-0.773472,-0.763879,-0.775764
2025.04.28 14:00,0.007027,0.00705,0.007025,0.007038,24433,143.080994,143.126999,142.595993,142.848007,0,-0.778248,-0.762076,-0.762188
2025.04.28 15:00,0.007039,0.007048,0.007037,0.007045,11069,142.848999,142.886002,142.639008,142.703995,0,-0.769896,-0.764845,-0.75935
2025.04.28 16:00,0.007045,0.007066,0.007045,0.007064,10695,142.703003,142.710999,142.268005,142.335999,0,-0.766354,-0.755232,-0.77314
2025.04.28 17:00,0.007064,0.007074,0.007062,0.007062,9594,142.334,142.369995,142.115997,142.356995,0,-0.767054,-0.753257,-0.764072
2025.04.28 18:00,0.007062,0.007075,0.007061,0.007074,8275,142.358994,142.384995,142.104004,142.121994,0,-0.761995,-0.761249,-0.759254
2025.04.28 19:00,0.007074,0.007078,0.007072,0.007078,4225,142.123993,142.156998,142.029007,142.061005,0,-0.764278,-0.756138,-0.76818
2025.04.28 20:00,0.007077,0.007081,0.007076,0.00708,2908,142.063995,142.098007,141.953995,141.955994,0,-0.765243,-0.731006,-0.713054
2025.04.28 22:00,0.007078,0.007081,0.007069,0.00707,0,142.069,142.223999,141.996002,142.214996,0,-0.761275,-0.763039,-0.76228
2025.04.28 23:00,0.00707,0.007076,0.007064,0.007071,3764,142.214996,142.315002,142.078003,142.179001,0,-0.752144,-0.755219,-0.75629
2025.04.29 00:00,0.007072,0.007077,0.007066,0.007068,5235,142.182999,142.279999,142.063004,142.242996,0,-0.767225,-0.760194,-0.770264
2025.04.29 01:00,0.007068,0.007073,0.007058,0.00706,5675,142.240005,142.436005,142.158005,142.408997,0,-0.762842,-0.775283,-0.755907
2025.04.29 02:00,0.00706,0.007074,0.007059,0.007061,4249,142.412003,142.425003,142.112,142.380997,0,-0.761877,-0.74926,-0.757997
2025.04.29 03:00,0.007061,0.007064,0.007056,0.007058,0,142.382004,142.490005,142.309998,142.427994,0,-0.756607,-0.757161,-0.754831
2025.04.29 04:00,0.007058,0.00706,0.007051,0.007054,3252,142.427994,142.576996,142.403,142.524994,0,-0.753139,-0.759945,-0.761459
2025.04.29 05:00,0.007054,0.007061,0.007052,0.007058,4317,142.524002,142.550003,142.382004,142.445007,0,-0.756309,-0.759004,-0.761815
2025.04.29 06:00,0.007058,0.007066,0.007053,0.007057,5302,142.445999,142.556,142.298996,142.472,0,-0.77236,-0.766198,-0.768726
2025.04.29 07:00,0.007056,0.007062,0.007054,0.007061,7462,142.472,142.529999,142.343002,142.386993,0,-0.766464,-0.75008,-0.763993
2025.04.29 08:00,0.007061,0.007064,0.00705,0.007051,3621,142.386002,142.610001,142.322998,142.587997,0,-0.755969,-0.76014,-0.764141
2025.04.29 09:00,0.007051,0.007054,0.007043,0.007043,4875,142.587997,142.755997,142.528,142.738998,0,-0.771044,-0.754413,-0.764127
2025.04.29 10:00,0.007043,0.007048,0.007043,0.007047,3014,142.737,142.755005,142.638,142.645996,0,-0.759979,-0.75378,-0.751707
2025.04.29 11:00,0.007047,0.007051,0.007043,0.007043,3173,142.658005,142.757004,142.584,142.735992,0,-0.761977,-0.760143,-0.761121
2025.04.29 12:00,0.007044,0.007068,0.007043,0.007065,7678,142.740005,142.755997,142.25,142.304001,0,-0.771044,-0.767257,-0.761184
2025.04.29 13:00,0.007065,0.007078,0.007062,0.007068,13848,142.307007,142.363998,142.042007,142.199997,0,-0.761058,-0.759157,-0.727264
2025.04.29 14:00,0.00707,0.007079,0.007061,0.007062,14751,142.199997,142.393997,142.005005,142.369003,0,-0.770997,-0.752087,-0.766062
2025.04.29 15:00,0.007062,0.007074,0.007062,0.007065,7255,142.367996,142.375,142.126007,142.294998,0,-0.76203,-0.753282,-0.752182
2025.04.29 16:00,0.007066,0.007082,0.007065,0.007078,6233,142.294006,142.304001,141.968002,142.042999,0,-0.761184,-0.764951,-0.760149
2025.04.29 17:00,0.007078,0.00708,0.007066,0.007066,3453,142.042999,142.302002,142.007004,142.287994,0,-0.769204,-0.764064,-0.775221
2025.04.29 18:00,0.007066,0.007068,0.007062,0.007066,7912,142.287003,142.378998,142.246002,142.281998,0,-0.776057,-0.77327,-0.769224
2025.04.29 19:00,0.007066,0.00707,0.007062,0.007064,6778,142.283005,142.380997,142.199997,142.313004,0,-0.768027,-0.767282,-0.760167
2025.04.29 20:00,0.007065,0.007068,0.007058,0.007062,3958,142.313995,142.447006,142.253998,142.263,0,-0.763814,-0.761252,-0.670078
2025.04.29 22:00,0.007068,0.00707,0.007062,0.007067,0,142.268005,142.365997,142.186996,142.268005,0,-0.753028,-0.73428,-0.765247
2025.04.29 23:00,0.007066,0.007072,0.007064,0.007066,2126,142.263,142.322998,142.154007,142.255005,0,-0.750126,-0.741298,-0.742232
2025.04.30 00:00,0.007067,0.007071,0.007054,0.007058,6892,142.257996,142.509995,142.169006,142.429001,0,-0.746459,-0.746295,-0.755838
2025.04.30 01:00,0.007058,0.007068,0.007056,0.007058,4661,142.427002,142.459,142.223007,142.445007,0,-0.745682,-0.750275,-0.751775
2025.04.30 02:00,0.007057,0.007062,0.007052,0.007056,4141,142.442993,142.548004,142.356995,142.457993,0,-0.744263,-0.744025,-0.744675
2025.04.30 03:00,0.007057,0.007063,0.007053,0.007054,1917,142.460999,142.529999,142.322006,142.513,0,-0.746359,-0.739109,-0.749465
2025.04.30 04:00,0.007053,0.007059,0.007052,0.007054,1737,142.511993,142.554993,142.412994,142.514999,0,-0.751252,-0.749869,-0.741413
2025.04.30 05:00,0.007054,0.007057,0.007052,0.007054,2036,142.514999,142.546997,142.447998,142.490997,0,-0.753303,-0.744724,-0.737503
2025.04.30 06:00,0.007055,0.007056,0.007043,0.00705,5347,142.501999,142.718994,142.488998,142.584,0,-0.744123,-0.7556,-0.750083
2025.04.30 07:00,0.00705,0.00705,0.007035,0.007039,7309,142.584,142.888,142.574005,142.798004,0,-0.741585,-0.740088,-0.742459
2025.04.30 08:00,0.007039,0.007044,0.007033,0.007035,6646,142.802994,142.945999,142.718002,142.906006,0,-0.749059,-0.753211,-0.749494
2025.04.30 09:00,0.007035,0.007036,0.007023,0.007025,5504,142.901993,143.154007,142.869003,143.110001,0,-0.754577,-0.742796,-0.76125
2025.04.30 10:00,0.007025,0.007029,0.007024,0.007027,2406,143.106995,143.110001,142.996002,143.063995,0,-0.740979,-0.738371,-0.745631
2025.04.30 11:00,0.007027,0.007035,0.007023,0.007029,3085,143.067001,143.136002,142.895996,143.014999,0,-0.756842,-0.739484,-0.757368
2025.04.30 12:00,0.007029,0.007045,0.007027,0.007039,13595,143.011993,143.048996,142.684006,142.817001,0,-0.750878,-0.739361,-0.751363
2025.04.30 13:00,0.007039,0.007048,0.007035,0.007047,11137,142.815994,142.908997,142.639008,142.664993,0,-0.752485,-0.754787,-0.760634
2025.04.30 14:00,0.007047,0.007052,0.007028,0.007048,16034,142.662994,143.042007,142.580994,142.634995,0,-0.754016,-0.767196,-0.750774
2025.04.30 15:00,0.007048,0.007054,0.007033,0.007048,15851,142.632004,142.940002,142.490997,142.628998,0,-0.743062,-0.737503,-0.744778
2025.04.30 16:00,0.007048,0.00705,0.007042,0.007046,5433,142.626007,142.761002,142.589005,142.675995,0,-0.755891,-0.745036,-0.751501
2025.04.30 17:00,0.007046,0.00705,0.007037,0.007037,5914,142.673004,142.845993,142.598007,142.835007,0,-0.750077,-0.743975,-0.73909
2025.04.30 18:00,0.007038,0.007042,0.007029,0.007041,14281,142.835999,143.007004,142.755005,142.774002,0,-0.749372,-0.749894,-0.758805
2025.04.30 19:00,0.007041,0.007044,0.007031,0.007035,5949,142.774002,142.979996,142.712006,142.914001,0,-0.762828,-0.747215,-0.75749
2025.04.30 20:00,0.007034,0.007035,0.007021,0.007028,5204,142.910995,143.190002,142.899994,143.063004,0,-0.750006,-0.753579,-0.775012
2025.04.30 22:00,0.007027,0.007027,0.007021,0.007025,0,142.951004,143.072998,142.934998,142.977005,0,-0.653283,-0.63688,-0.638378
2025.04.30 23:00,0.007025,0.007028,0.007022,0.007025,2020,143.009995,143.078003,142.951004,143.022995,0,-0.668431,-0.663012,-0.674244
2025.05.01 00:00,0.007025,0.007032,0.007025,0.007025,5007,143.022995,143.037994,142.875,143.003998,0,-0.679109,-0.667946,-0.665371
2025.05.01 01:00,0.007026,0.007027,0.007014,0.007016,3368,143.0,143.242996,142.988007,143.195999,0,-0.670994,-0.679771,-0.674799
2025.05.01 02:00,0.007016,0.007023,0.007016,0.007022,2628,143.197998,143.210999,143.052994,143.080002,0,-0.669488,-0.663705,-0.67043
2025.05.01 03:00,0.007022,0.007028,0.006988,0.006992,11580,143.082993,143.751999,142.916,143.688004,0,-0.659771,-0.628009,-0.657181
2025.05.01 04:00,0.006986,0.00699,0.006982,0.006983,4251,143.684998,143.897995,143.684998,143.873993,0,-0.67256,-0.613247,-0.669064
2025.05.01 05:00,0.006983,0.006983,0.006965,0.006975,12111,143.878006,144.253998,143.865997,144.048004,0,-0.678984,-0.671324,-0.678824
2025.05.01 06:00,0.006975,0.006977,0.006948,0.006949,10462,144.044998,144.593994,144.001999,144.585999,0,-0.67804,-0.673917,-0.680402
2025.05.01 07:00,0.006949,0.006962,0.006941,0.006959,16098,144.580002,144.742996,144.304001,144.367004,0,-0.671537,-0.667113,-0.6682
2025.05.01 08:00,0.006959,0.00697,0.006959,0.006967,6333,144.362,144.391006,144.149994,144.216995,0,-0.681874,-0.677971,-0.672893
2025.05.01 09:00,0.006966,0.006971,0.006957,0.006958,3604,144.216995,144.393997,144.119995,144.389008,0,-0.643548,-0.668558,-0.669546
2025.05.01 10:00,0.006958,0.006965,0.006957,0.006963,2913,144.393005,144.423996,144.242996,144.274994,0,-0.673547,-0.667982,-0.669045
2025.05.01 11:00,0.006964,0.006969,0.00695,0.006954,7005,144.274994,144.554993,144.154007,144.481003,0,-0.68045,-0.671688,-0.678872
2025.05.01 12:00,0.006954,0.006969,0.00694,0.006942,18524,144.483002,144.766006,144.145996,144.701004,0,-0.673792,-0.663678,-0.660671
2025.05.01 13:00,0.006943,0.006952,0.006938,0.006952,11650,144.707993,144.800995,144.535004,144.535004,0,-0.677622,-0.681163,-0.681163
2025.05.01 14:00,0.00695,0.006951,0.006905,0.006913,26020,144.539993,145.505005,144.535004,145.348999,0,-0.682417,-0.670813,-0.683541
2025.05.01 15:00,0.006913,0.006918,0.006898,0.006906,17572,145.347,145.660004,145.227997,145.475998,0,-0.690445,-0.67755,-0.674375
2025.05.01 16:00,0.006906,0.006912,0.006903,0.00691,9395,145.472,145.539001,145.348999,145.389999,0,-0.674454,-0.673073,-0.672199
2025.05.01 17:00,0.006911,0.006911,0.006901,0.006903,5473,145.397995,145.582001,145.354996,145.529007,0,-0.68596,-0.668601,-0.674944
2025.05.01 18:00,0.006903,0.006904,0.006894,0.006897,7712,145.535995,145.740997,145.516998,145.681,0,-0.687325,-0.673428,-0.679912
2025.05.01 19:00,0.006897,0.006905,0.006895,0.006903,8813,145.677002,145.707001,145.5,145.531998,0,-0.68488,-0.677412,-0.66745
2025.05.01 20:00,0.006903,0.006913,0.006903,0.006909,3992,145.537003,145.559998,145.322998,145.343994,0,-0.684953,-0.667996,-0.605252
2025.05.01 22:00,0.006909,0.006915,0.006909,0.006912,0,145.283005,145.397995,145.248001,145.360001,0,-0.648775,-0.645295,-0.684075
2025.05.01 23:00,0.006913,0.006913,0.006899,0.006909,4073,145.332001,145.610992,145.328003,145.408005,0,-0.662452,-0.662545,-0.669263
2025.05.02 00:00,0.006909,0.006913,0.006884,0.006886,10122,145.406006,145.923996,145.317001,145.867004,0,-0.659611,-0.651543,-0.655357
2025.05.02 01:00,0.006887,0.006908,0.006887,0.006907,6652,145.869995,145.875,145.427002,145.434998,0,-0.673898,-0.667303,-0.664817
2025.05.02 02:00,0.006907,0.006914,0.006904,0.006906,4542,145.436005,145.507996,145.292007,145.462997,0,-0.664426,-0.657932,-0.661375
2025.05.02 03:00,0.006906,0.006921,0.006905,0.006917,3204,145.457993,145.473999,145.160004,145.223007,0,-0.661889,-0.67221,-0.651657
2025.05.02 04:00,0.006913,0.006917,0.006908,0.006909,4371,145.220001,145.421997,145.212997,145.389999,0,-0.662298,-0.6521,-0.661724
2025.05.02 05:00,0.00691,0.006919,0.006909,0.006916,3793,145.388,145.414001,145.173996,145.251007,0,-0.67526,-0.654882,-0.658758
2025.05.02 06:00,0.006916,0.006926,0.006913,0.006919,7322,145.25,145.300995,145.039993,145.201004,0,-0.656457,-0.666929,-0.661006
2025.05.02 07:00,0.006919,0.006926,0.006915,0.006923,7684,145.201996,145.270996,145.031006,145.130997,0,-0.66829,-0.657941,-0.674519
2025.05.02 08:00,0.006922,0.006937,0.006919,0.006936,5588,145.126007,145.207001,144.813995,144.830994,0,-0.667003,-0.659461,-0.666066
2025.05.02 09:00,0.006936,0.006955,0.006932,0.006949,7879,144.824997,144.901993,144.436005,144.570007,0,-0.653882,-0.654555,-0.664411
2025.05.02 10:00,0.006948,0.00695,0.006937,0.006944,4924,144.567993,144.813995,144.539993,144.666,0,-0.659461,-0.665451,-0.656779
2025.05.02 11:00,0.006944,0.006959,0.006942,0.00695,5778,144.664993,144.714005,144.360001,144.556,0,-0.673671,-0.650868,-0.671104
2025.05.02 12:00,0.00695,0.006961,0.00693,0.006946,25046,144.557007,144.962006,144.330994,144.639999,0,-0.661864,-0.673476,-0.661887
2025.05.02 13:00,0.006946,0.00699,0.006946,0.006983,26058,144.641006,144.643997,143.727005,143.848999,0,-0.665885,-0.665491,-0.64407
2025.05.02 14:00,0.006983,0.00699,0.006969,0.006976,16954,143.865005,144.158005,143.725006,144.007996,0,-0.655101,-0.663493,-0.659372
2025.05.02 15:00,0.006977,0.006977,0.006946,0.006952,10716,144.009003,144.634995,144.005005,144.522003,0,-0.667239,-0.666658,-0.668163
2025.05.02 16:00,0.006951,0.006953,0.006938,0.006944,11621,144.524994,144.794006,144.483994,144.671997,0,-0.670634,-0.661185,-0.662776
2025.05.02 17:00,0.006944,0.006948,0.006939,0.006942,8329,144.671997,144.779007,144.574997,144.720993,0,-0.666022,-0.659043,-0.670283
2025.05.02 18:00,0.006942,0.006944,0.006925,0.006927,8879,144.723007,145.084,144.673004,145.024002,0,-0.669245,-0.663783,-0.661361
2025.05.02 19:00,0.006927,0.006934,0.006925,0.006929,6642,145.028,145.076004,144.880005,144.981003,0,-0.661249,-0.663106,-0.660031
2025.05.02 20:00,0.006929,0.006936,0.006925,0.00693,3040,144.981995,145.061996,144.834,144.899994,0,-0.66809,-0.64829,-0.589438
2025.05.04 23:00,0.00694,0.006952,0.006935,0.006945,2770,144.751999,144.860992,144.505997,144.651001,0,-0.664885,-0.652156,-0.662521
2025.05.05 00:00,0.006946,0.006947,0.006938,0.006946,3709,144.649002,144.798004,144.608002,144.639999,0,-0.664252,-0.660975,-0.661887
2025.05.05 01:00,0.006946,0.006971,0.006946,0.006965,9409,144.638,144.641006,144.100998,144.231995,0,-0.673251,-0.659842,-0.65698
2025.05.05 02:00,0.006965,0.006973,0.006961,0.006968,4126,144.231003,144.315002,144.059998,144.166,0,-0.667796,-0.659981,-0.652797
2025.05.05 03:00,0.006969,0.006969,0.006959,0.006963,3615,144.169006,144.348999,144.149994,144.292007,0,-0.660511,-0.657388,-0.665437
2025.05.05 04:00,0.006963,0.006971,0.006962,0.006969,2191,144.289993,144.294006,144.089996,144.143997,0,-0.657119,-0.648841,-0.651391
2025.05.05 05:00,0.006969,0.006978,0.006965,0.006968,3120,144.149994,144.233994,143.960007,144.175003,0,-0.669278,-0.65247,-0.661799
2025.05.05 06:00,0.006968,0.006969,0.006957,0.006961,3452,144.177002,144.419006,144.164993,144.322998,0,-0.668557,-0.662089,-0.665481
2025.05.05 07:00,0.006961,0.006967,0.006956,0.006959,3299,144.320999,144.423004,144.192001,144.360001,0,-0.651892,-0.658203,-0.671513
2025.05.05 08:00,0.006959,0.006982,0.006959,0.006974,6941,144.358002,144.369003,143.891006,144.052994,0,-0.659871,-0.665571,-0.663261
2025.05.05 09:00,0.006974,0.006985,0.006973,0.006983,5739,144.048996,144.070999,143.813004,143.863007,0,-0.670983,-0.659328,-0.658077
2025.05.05 10:00,0.006983,0.006987,0.006977,0.006979,3831,143.860992,144.0,143.794006,143.953995,0,-0.671918,-0.660826,-0.666987
2025.05.05 11:00,0.006979,0.006989,0.006978,0.006984,4906,143.953003,143.973007,143.742004,143.847,0,-0.66547,-0.660016,-0.662581
2025.05.05 12:00,0.006983,0.006998,0.006982,0.006994,5834,143.848999,143.895004,143.567993,143.636002,0,-0.669569,-0.659813,-0.666522
2025.05.05 13:00,0.006994,0.007,0.00699,0.006995,7554,143.632004,143.705994,143.535004,143.645996,0,-0.634244,-0.667658,-0.686738
2025.05.05 14:00,0.006992,0.006994,0.006975,0.006988,13868,143.641006,144.028,143.630005,143.774994,0,-0.648549,-0.650311,-0.662293
2025.05.05 15:00,0.006988,0.006996,0.006976,0.006978,6787,143.770996,144.005005,143.632996,143.977997,0,-0.656382,-0.704385,-0.67046
2025.05.05 16:00,0.006977,0.006979,0.006965,0.006969,9394,143.975998,144.233994,143.947006,144.167007,0,-0.658979,-0.64974,-0.664103
2025.05.05 17:00,0.006969,0.006975,0.006968,0.006972,3702,144.166,144.173996,144.031006,144.095993,0,-0.660792,-0.661826,-0.665127
2025.05.05 18:00,0.006971,0.006983,0.00697,0.006981,6879,144.095001,144.136993,143.882996,143.917007,0,-0.66497,-0.667819,-0.660797
2025.05.05 19:00,0.006981,0.006992,0.006981,0.006988,4635,143.917999,143.925995,143.690002,143.764008,0,-0.669785,-0.65918,-0.67178
2025.05.05 20:00,0.006988,0.006993,0.006987,0.006991,1988,143.761993,143.792007,143.649994,143.688995,0,-0.669062,-0.649849,-0.647941
2025.05.05 22:00,0.006993,0.006995,0.006988,0.006988,0,143.695007,143.753998,143.617004,143.742004,0,-0.651539,-0.657747,-0.649777
2025.05.05 23:00,0.00699,0.006998,0.006986,0.006991,2179,143.746002,143.804993,143.542007,143.701996,0,-0.661565,-0.654243,-0.660941
2025.05.06 00:00,0.006992,0.006992,0.006976,0.006977,5231,143.701996,144.020996,143.682007,143.998993,0,-0.672373,-0.651184,-0.660646
2025.05.06 01:00,0.006977,0.006979,0.006963,0.006975,6917,143.996994,144.274994,143.942001,144.046997,0,-0.65874,-0.654994,-0.667546
2025.05.06 02:00,0.006975,0.006994,0.006974,0.006985,5579,144.044998,144.059998,143.647995,143.817993,0,-0.670265,-0.658077,-0.654068
2025.05.06 03:00,0.006985,0.00699,0.006983,0.006988,0,143.815002,143.860992,143.727005,143.785004,0,-0.656063,-0.655255,-0.682545
2025.05.06 04:00,0.006988,0.006996,0.006987,0.00699,2863,143.787003,143.802994,143.617996,143.709,0,-0.680049,-0.668959,-0.657712
2025.05.06 05:00,0.00699,0.006992,0.006985,0.006987,1479,143.710999,143.832001,143.690994,143.796005,0,-0.657834,-0.660172,-0.662825
2025.05.06 06:00,0.006987,0.006994,0.00698,0.006991,3415,143.791,143.927994,143.639999,143.690002,0,-0.661519,-0.660306,-0.648948
2025.05.06 07:00,0.006991,0.007016,0.00699,0.00701,10170,143.690002,143.727005,143.195999,143.326996,0,-0.655255,-0.66464,-0.663471
2025.05.06 08:00,0.007009,0.007031,0.007008,0.007019,12053,143.328995,143.354996,142.899994,143.128998,0,-0.660928,-0.662602,-0.658563
2025.05.06 09:00,0.007019,0.007022,0.007008,0.00701,4423,143.128998,143.352005,143.063004,143.302002,0,-0.657937,-0.653432,-0.658823
2025.05.06 10:00,0.00701,0.007023,0.00701,0.007023,2759,143.300995,143.324005,143.046997,143.078995,0,-0.660481,-0.657708,-0.679565
2025.05.06 11:00,0.007023,0.007038,0.007019,0.007036,6907,143.102005,143.125,142.742004,142.774994,0,-0.664706,-0.656185,-0.648786
2025.05.06 12:00,0.007037,0.00705,0.007027,0.007049,15946,142.774994,142.962006,142.485992,142.511002,0,-0.663888,-0.652076,-0.646905
2025.05.06 13:00,0.007049,0.007058,0.007037,0.007052,13978,142.511002,142.751999,142.348999,142.462997,0,-0.656083,-0.665807,-0.659257
2025.05.06 14:00,0.007052,0.007055,0.007031,0.007033,12704,142.460007,142.891006,142.406006,142.854004,0,-0.653614,-0.66256,-0.667166
2025.05.06 15:00,0.007033,0.007038,0.007028,0.007037,7375,142.852005,142.942001,142.746994,142.770996,0,-0.65401,-0.661175,-0.65489
2025.05.06 16:00,0.007037,0.007043,0.007024,0.007039,9702,142.770996,143.033997,142.656998,142.725006,0,-0.664975,-0.661971,-0.659368
2025.05.06 17:00,0.007039,0.00705,0.007039,0.00705,5116,142.723999,142.737,142.501999,142.511002,0,-0.661276,-0.65803,-0.65697
2025.05.06 18:00,0.00705,0.007054,0.007043,0.007052,4754,142.509995,142.647995,142.429001,142.440002,0,-0.652969,-0.665466,-0.646308
2025.05.06 19:00,0.007052,0.007058,0.007051,0.007056,4623,142.444,142.475998,142.347,142.393005,0,-0.652141,-0.653767,-0.669653
2025.05.06 20:00,0.007055,0.007056,0.00705,0.007052,3031,142.395996,142.503998,142.373001,142.414001,0,-0.670081,-0.649649,-0.620307
2025.05.06 22:00,0.007054,0.007055,0.007008,0.007013,0,142.419998,143.281998,142.389008,143.220001,0,-0.58793,-0.645562,-0.627674
2025.05.06 23:00,0.007013,0.007025,0.00701,0.00702,5755,143.238998,143.309998,142.998993,143.087997,0,-0.656642,-0.640107,-0.637853
2025.05.07 00:00,0.00702,0.007033,0.00701,0.007027,11816,143.089005,143.302994,142.834,142.949997,0,-0.649638,-0.637059,-0.641761
2025.05.07 01:00,0.007027,0.007037,0.007016,0.007027,6207,142.945007,143.173004,142.740005,142.953995,0,-0.641645,-0.644089,-0.655877
2025.05.07 02:00,0.007026,0.007026,0.007015,0.007018,3882,142.951996,143.195999,142.951996,143.126007,0,-0.644326,-0.623501,-0.635267
2025.05.07 03:00,0.007019,0.007021,0.007014,0.00702,4463,143.121002,143.214005,143.052002,143.106995,0,-0.642003,-0.632287,-0.65685
2025.05.07 04:00,0.00702,0.007022,0.007008,0.007011,2313,143.104996,143.324997,143.039993,143.279999,0,-0.641112,-0.630422,-0.646995
2025.05.07 05:00,0.00701,0.007024,0.00701,0.007022,2293,143.278,143.304001,142.996002,143.054993,0,-0.650645,-0.62698,-0.645421
2025.05.07 06:00,0.007021,0.007033,0.007019,0.007031,4179,143.056,143.095001,142.824005,142.862,0,-0.634708,-0.647277,-0.644831
2025.05.07 07:00,0.007031,0.007031,0.00701,0.007016,5465,142.858994,143.278,142.858994,143.169006,0,-0.634821,-0.631719,-0.637647
2025.05.07 08:00,0.007016,0.007016,0.007002,0.007009,5981,143.175003,143.440994,143.169006,143.311996,0,-0.634851,-0.637647,-0.638292
2025.05.07 09:00,0.007009,0.007012,0.007002,0.007009,3299,143.317001,143.453995,143.255005,143.317993,0,-0.647852,-0.632175,-0.644289
2025.05.07 10:00,0.00701,0.007017,0.007009,0.007012,2734,143.317993,143.322998,143.154007,143.251007,0,-0.649294,-0.642965,-0.648511
2025.05.07 11:00,0.007012,0.007014,0.007004,0.007006,3176,143.248993,143.414993,143.186996,143.391006,0,-0.639432,-0.62516,-0.646023
2025.05.07 12:00,0.007006,0.007011,0.007002,0.007006,5104,143.391998,143.449005,143.270004,143.352997,0,-0.642862,-0.637,-0.628382
2025.05.07 13:00,0.007008,0.007019,0.007007,0.007014,6886,143.352005,143.360001,143.112,143.209,0,-0.645573,-0.631413,-0.636998
2025.05.07 14:00,0.007014,0.007018,0.007005,0.00701,7083,143.207993,143.393997,143.136002,143.304001,0,-0.638823,-0.645261,-0.640476
2025.05.07 15:00,0.00701,0.007014,0.007,0.007001,7478,143.304993,143.473999,143.205002,143.472,0,-0.627057,-0.633,-0.635262
2025.05.07 16:00,0.007002,0.007005,0.006996,0.007004,6598,143.473007,143.587006,143.395004,143.410995,0,-0.637968,-0.63983,-0.635434
2025.05.07 17:00,0.007004,0.007012,0.006998,0.007007,5929,143.412003,143.542999,143.257996,143.354996,0,-0.634819,-0.645328,-0.640568
2025.05.07 18:00,0.00701,0.007029,0.006986,0.006999,23698,143.341995,143.783005,142.901993,143.520004,0,-0.639577,-0.634249,-0.64245
2025.05.07 19:00,0.007,0.007002,0.006977,0.006985,12186,143.518005,143.975998,143.464996,143.813004,0,-0.647916,-0.648663,-0.638837
2025.05.07 20:00,0.006985,0.006987,0.006975,0.006984,2819,143.809006,143.998993,143.764008,143.811005,0,-0.629813,-0.630827,-0.626585
2025.05.07 22:00,0.006984,0.006985,0.006977,0.006979,0,143.761993,143.914993,143.731995,143.895004,0,-0.597185,-0.568069,-0.607997
2025.05.07 23:00,0.006979,0.006987,0.006979,0.006979,1664,143.882004,143.888,143.727005,143.858994,0,-0.600993,-0.593824,-0.582253
2025.05.08 00:00,0.006981,0.006994,0.006976,0.006981,6349,143.863998,143.955002,143.561996,143.852005,0,-0.606379,-0.592517,-0.595795
2025.05.08 01:00,0.00698,0.007,0.006979,0.006998,7865,143.852005,143.897003,143.440002,143.503998,0,-0.599736,-0.582864,-0.616233
2025.05.08 02:00,0.006997,0.007,0.006989,0.00699,3598,143.507004,143.677994,143.462006,143.667007,0,-0.596006,-0.59466,-0.595257
2025.05.08 03:00,0.006989,0.006996,0.006988,0.006992,1821,143.671005,143.675995,143.524994,143.598999,0,-0.583767,-0.586176,-0.578407
2025.05.08 04:00,0.006992,0.006993,0.006983,0.006984,2420,143.602005,143.785004,143.544006,143.774002,0,-0.59033,-0.543862,-0.589582
2025.05.08 05:00,0.006984,0.006984,0.006969,0.006977,9673,143.779007,144.070999,143.763,143.925003,0,-0.588681,-0.578581,-0.596921
2025.05.08 06:00,0.006977,0.006981,0.006952,0.006954,12142,143.923004,144.432999,143.839005,144.404007,0,-0.589497,-0.593048,-0.591543
2025.05.08 07:00,0.006954,0.006959,0.006948,0.006957,6753,144.408997,144.518005,144.307999,144.322006,0,-0.591692,-0.598866,-0.592214
2025.05.08 08:00,0.006959,0.006961,0.006932,0.006934,7212,144.322006,144.848007,144.257004,144.807999,0,-0.599897,-0.589164,-0.5911
2025.05.08 09:00,0.006934,0.006938,0.006917,0.006934,11409,144.807007,144.949997,144.735001,144.794998,0,-0.389099,-0.601249,-0.588491
2025.05.08 10:00,0.006935,0.006942,0.006928,0.006936,6309,144.798004,145.005005,144.654999,144.779007,0,-0.663206,-0.604288,-0.593297
2025.05.08 11:00,0.006936,0.006944,0.006934,0.006942,5322,144.778,144.811996,144.593994,144.639999,0,-0.605489,-0.595144,-0.599666
2025.05.08 12:00,0.006942,0.006948,0.006932,0.00694,11706,144.643997,144.860001,144.507996,144.684998,0,-0.591084,-0.592041,-0.592783
2025.05.08 13:00,0.00694,0.006952,0.00694,0.006947,8314,144.684998,144.684998,144.429001,144.537003,0,-0.603157,-0.585499,-0.589976
2025.05.08 14:00,0.006947,0.006952,0.00692,0.006925,18519,144.539993,145.117996,144.432007,145.011002,0,-0.609327,-0.588505,-0.606667
2025.05.08 15:00,0.006925,0.00693,0.006897,0.006903,24924,145.009003,145.591995,144.897995,145.462006,0,-0.601422,-0.597854,-0.597458
2025.05.08 16:00,0.006903,0.006903,0.006888,0.006891,13425,145.462006,145.785995,145.447998,145.720993,0,-0.595437,-0.593935,-0.604176
2025.05.08 17:00,0.00689,0.006895,0.00688,0.006891,10856,145.723007,145.949005,145.615005,145.714005,0,-0.610728,-0.592885,-0.597187
2025.05.08 18:00,0.006891,0.006893,0.006881,0.006883,4828,145.712997,145.927994,145.671997,145.878998,0,-0.60028,-0.597286,-0.593512
2025.05.08 19:00,0.006884,0.006886,0.00687,0.006882,9697,145.882004,146.177002,145.813004,145.914993,0,-0.606,-0.601356,-0.618951
2025.05.08 20:00,0.006882,0.006887,0.006879,0.006882,2074,145.914001,145.972,145.802002,145.908997,0,-0.602033,-0.6009,-0.591845
2025.05.08 22:00,0.006881,0.006888,0.006879,0.006885,0,145.917007,145.938995,145.757004,145.820999,0,-0.569029,-0.576977,-0.577717
2025.05.08 23:00,0.006884,0.006886,0.006874,0.006879,3474,145.822006,146.067993,145.796005,145.944,0,-0.581707,-0.584358,-0.574034
2025.05.09 00:00,0.006879,0.006892,0.006868,0.006892,8363,145.949997,146.186996,145.669998,145.695007,0,-0.5736,-0.58476,-0.588721
2025.05.09 01:00,0.006891,0.006895,0.006884,0.006889,7331,145.695007,145.832001,145.617996,145.748001,0,-0.578168,-0.585366,-0.589054
2025.05.09 02:00,0.006888,0.006894,0.006878,0.006892,5235,145.75,145.970001,145.639008,145.664993,0,-0.578904,-0.574821,-0.579755
2025.05.09 03:00,0.006893,0.006903,0.006891,0.006892,4462,145.664001,145.710007,145.459,145.654007,0,-0.593189,-0.583956,-0.558241
2025.05.09 04:00,0.006899,0.006903,0.006896,0.006901,3706,145.653,145.656998,145.444,145.501007,0,-0.645394,-0.579452,-0.583973
2025.05.09 05:00,0.006901,0.006905,0.006894,0.006904,4167,145.5,145.630005,145.397003,145.421997,0,-0.586854,-0.574415,-0.578427
2025.05.09 06:00,0.006903,0.006913,0.006901,0.006911,9026,145.425995,145.460007,145.233994,145.289993,0,-0.553475,-0.578991,-0.582666
2025.05.09 07:00,0.006911,0.006918,0.006905,0.006916,12104,145.289993,145.412003,145.128998,145.171997,0,-0.578924,-0.578551,-0.579748
2025.05.09 08:00,0.006917,0.006921,0.006909,0.006916,8999,145.169006,145.326996,145.070999,145.182999,0,-0.588254,-0.583205,-0.59075
2025.05.09 09:00,0.006915,0.00692,0.006909,0.006909,4733,145.184006,145.324997,145.091995,145.311996,0,-0.575777,-0.583326,-0.583721
2025.05.09 10:00,0.006909,0.006914,0.006905,0.006911,2961,145.313004,145.404007,145.214996,145.287994,0,-0.581419,-0.580921,-0.580667
2025.05.09 11:00,0.006911,0.006928,0.006909,0.006919,10995,145.289001,145.330002,144.927002,145.126007,0,-0.580782,-0.585203,-0.586009
2025.05.09 12:00,0.006918,0.006919,0.006908,0.006913,7585,145.126007,145.350006,145.093994,145.248001,0,-0.590307,-0.57488,-0.592999
2025.05.09 13:00,0.006913,0.006923,0.006911,0.006917,8184,145.246002,145.298996,145.016998,145.154999,0,-0.591669,-0.58138,-0.583649
2025.05.09 14:00,0.006917,0.006933,0.006911,0.006925,15536,145.154007,145.270004,144.820007,145.001007,0,-0.58361,-0.582302,-0.586253
2025.05.09 15:00,0.006924,0.006924,0.006915,0.006917,7444,144.998001,145.203003,144.994003,145.149994,0,-0.589839,-0.568818,-0.589096
2025.05.09 16:00,0.006917,0.006921,0.006911,0.006911,5374,145.149994,145.300003,145.052002,145.279007,0,-0.592676,-0.574648,-0.582142
2025.05.09 17:00,0.006911,0.006915,0.006908,0.006913,3530,145.274994,145.352997,145.197006,145.231995,0,-0.593298,-0.583842,-0.587457
2025.05.09 18:00,0.006913,0.006918,0.006909,0.006911,3758,145.233002,145.309006,145.141998,145.263,0,-0.58073,-0.591551,-0.576606
2025.05.09 19:00,0.006912,0.006913,0.006907,0.00691,3361,145.259995,145.369995,145.244995,145.296997,0,-0.589342,-0.579537,-0.579197
2025.05.09 20:00,0.00691,0.006911,0.006905,0.006907,1806,145.298004,145.380997,145.287003,145.322998,0,-0.568887,-0.579676,-0.542345
2025.05.11 23:00,0.006884,0.00689,0.00688,0.006884,3523,145.837997,145.919998,145.694,145.837997,0,-0.571156,-0.56665,-0.563068
2025.05.12 00:00,0.006884,0.006889,0.006872,0.006881,6706,145.832993,146.080994,145.727005,145.906006,0,-0.573533,-0.568057,-0.578292
2025.05.12 01:00,0.006881,0.006884,0.006863,0.006872,8748,145.903,146.285004,145.841003,146.089996,0,-0.565518,-0.566074,-0.571956
2025.05.12 02:00,0.006872,0.00689,0.006872,0.006884,7813,146.087997,146.104996,145.714005,145.848999,0,-0.576364,-0.565594,-0.574069
2025.05.12 03:00,0.006884,0.006889,0.00688,0.006889,1596,145.848007,145.914993,145.718994,145.727005,0,-0.576716,-0.560047,-0.568057
2025.05.12 04:00,0.006889,0.00689,0.006879,0.00688,1484,145.723999,145.938995,145.712006,145.925995,0,-0.569029,-0.563595,-0.566596
2025.05.12 05:00,0.00688,0.006881,0.00687,0.006876,4105,145.921005,146.128006,145.884995,146.009003,0,-0.567602,-0.557281,-0.575615
2025.05.12 06:00,0.006876,0.006882,0.006868,0.00687,7712,146.007996,146.167007,145.869995,146.119995,0,-0.564215,-0.573952,-0.570177
2025.05.12 07:00,0.00687,0.006872,0.006783,0.006787,53430,146.119003,147.994003,146.097,147.914993,0,-0.566615,-0.568368,-0.563636
2025.05.12 08:00,0.006787,0.006801,0.006773,0.006795,23148,147.914993,148.227997,147.621002,147.755005,0,-0.582938,-0.572996,-0.577144
2025.05.12 09:00,0.006794,0.006799,0.006777,0.00678,8900,147.751999,148.147995,147.662003,148.065994,0,-0.579192,-0.570737,-0.573368
2025.05.12 10:00,0.006779,0.00678,0.006756,0.006764,14666,148.067993,148.591003,148.041,148.401993,0,-0.57443,-0.548374,-0.571405
2025.05.12 11:00,0.006764,0.006789,0.006764,0.006789,15114,148.401993,148.414993,147.862,147.878006,0,-0.584406,-0.564896,-0.580903
2025.05.12 12:00,0.006789,0.006789,0.006772,0.006781,10140,147.871994,148.242996,147.871994,148.085007,0,-0.57613,-0.564049,-0.614136
2025.05.12 13:00,0.006781,0.006792,0.006777,0.006779,9820,148.029999,148.145996,147.807999,148.085007,0,-0.577193,-0.575962,-0.5815
2025.05.12 14:00,0.006779,0.006785,0.006768,0.006775,17266,148.085999,148.328003,147.966003,148.195007,0,-0.562954,-0.582073,-0.582638
2025.05.12 15:00,0.006775,0.006782,0.006773,0.006779,10992,148.195999,148.218994,148.024002,148.093002,0,-0.573935,-0.574871,-0.56774
2025.05.12 16:00,0.006779,0.006781,0.006758,0.00676,10385,148.095993,148.557007,148.042007,148.511002,0,-0.584229,-0.571137,-0.582003
2025.05.12 17:00,0.00676,0.006762,0.006754,0.006761,6571,148.511993,148.636002,148.468994,148.496002,0,-0.58655,-0.57282,-0.588888
2025.05.12 18:00,0.00676,0.00677,0.006753,0.006768,6314,148.496002,148.651001,148.274002,148.337997,0,-0.568666,-0.574423,-0.572948
2025.05.12 19:00,0.006768,0.006772,0.006764,0.006766,3865,148.337006,148.436005,148.257004,148.382004,0,-0.583565,-0.579242,-0.584188
2025.05.12 20:00,0.006766,0.006767,0.006762,0.006762,1548,148.378006,148.479004,148.352997,148.444,0,-0.58283,-0.577027,-0.569692
2025.05.12 22:00,0.006764,0.006768,0.006762,0.006766,0,148.320007,148.436996,148.306,148.365005,0,-0.551751,-0.551859,-0.567189
2025.05.12 23:00,0.006766,0.006774,0.006762,0.00677,3905,148.363998,148.455994,148.186996,148.255997,0,-0.55982,-0.563729,-0.556417
2025.05.13 00:00,0.006771,0.006792,0.006771,0.006791,11809,148.255005,148.259003,147.787994,147.813995,0,-0.570333,-0.555957,-0.560273
2025.05.13 01:00,0.006791,0.006793,0.006781,0.006789,7061,147.809998,148.029999,147.755005,147.826996,0,-0.569994,-0.555474,-0.540743
2025.05.13 02:00,0.00679,0.006793,0.006783,0.006784,4616,147.832001,147.990997,147.753998,147.957001,0,-0.56361,-0.554467,-0.55134
2025.05.13 03:00,0.006785,0.006795,0.006783,0.006795,0,147.962006,147.990005,147.723999,147.751999,0,-0.562618,-0.556961,-0.574138
2025.05.13 04:00,0.006791,0.006797,0.006786,0.006796,2939,147.75,147.917007,147.686996,147.701004,0,-0.554791,-0.563262,-0.555626
2025.05.13 05:00,0.006797,0.006799,0.006787,0.006791,4554,147.694,147.908005,147.639999,147.817993,0,-0.567506,-0.559543,-0.56427
2025.05.13 06:00,0.006791,0.006793,0.006783,0.006785,4661,147.817001,147.987,147.779007,147.938004,0,-0.559612,-0.55781,-0.564926
2025.05.13 07:00,0.006785,0.006793,0.00678,0.006789,8133,147.938995,148.056,147.757004,147.856995,0,-0.563373,-0.546636,-0.559891
2025.05.13 08:00,0.006789,0.006795,0.00678,0.006786,4623,147.848007,148.061005,147.729996,147.914993,0,-0.568378,-0.552135,-0.552777
2025.05.13 09:00,0.006786,0.006789,0.006781,0.006783,2844,147.917007,148.026993,147.858994,147.975998,0,-0.566988,-0.551049,-0.559469
2025.05.13 10:00,0.006783,0.006785,0.006776,0.00678,3578,147.979004,148.134995,147.940002,148.052002,0,-0.555299,-0.556072,-0.559375
2025.05.13 11:00,0.006779,0.006781,0.006777,0.006777,3367,148.057007,148.136993,148.020004,148.121002,0,-0.56819,-0.559999,-0.563089
2025.05.13 12:00,0.006777,0.006789,0.00677,0.006783,16278,148.115997,148.274994,147.839996,147.988998,0,-0.553601,-0.553743,-0.561611
2025.05.13 13:00,0.006783,0.006799,0.006782,0.006787,16269,147.990005,148.016006,147.654007,147.878006,0,-0.566875,-0.562741,-0.537507
2025.05.13 14:00,0.006787,0.006791,0.006779,0.006789,11734,147.880997,148.063004,147.807999,147.841003,0,-0.559496,-0.554276,-0.55475
2025.05.13 15:00,0.006789,0.006797,0.006787,0.006793,8191,147.841003,147.910995,147.694,147.751999,0,-0.559638,-0.55945,-0.552468
2025.05.13 16:00,0.006793,0.006808,0.006791,0.006801,7502,147.751999,147.800995,147.449997,147.606995,0,-0.558116,-0.553193,-0.558988
2025.05.13 17:00,0.0068,0.006803,0.006793,0.006801,3954,147.606995,147.772003,147.559998,147.608994,0,-0.550807,-0.566022,-0.560987
2025.05.13 18:00,0.0068,0.006808,0.006798,0.006805,5648,147.608994,147.664993,147.455994,147.498001,0,-0.562906,-0.559189,-0.547227
2025.05.13 19:00,0.006805,0.006811,0.006803,0.006809,4116,147.507004,147.561005,147.369003,147.423996,0,-0.567029,-0.547684,-0.55955
2025.05.13 20:00,0.006808,0.006811,0.006806,0.006807,2046,147.425995,147.490005,147.371994,147.468994,0,-0.560828,-0.550674,-0.561397
2025.05.13 22:00,0.006804,0.006814,0.006803,0.006812,0,147.472,147.490005,147.298996,147.352005,0,-0.49603,-0.531551,-0.552244
2025.05.13 23:00,0.006812,0.006812,0.006803,0.006804,2929,147.348007,147.546005,147.337006,147.520004,0,-0.541232,-0.537244,-0.547638
2025.05.14 00:00,0.006804,0.006815,0.006797,0.00681,6477,147.520996,147.669998,147.274994,147.362,0,-0.546264,-0.53985,-0.529898
2025.05.14 01:00,0.006811,0.006828,0.006808,0.006818,9056,147.362,147.412003,147.0,147.203003,0,-0.536769,-0.533508,-0.543178
2025.05.14 02:00,0.006818,0.006822,0.006814,0.006818,4014,147.201004,147.302994,147.112,147.195007,0,-0.546321,-0.538161,-0.535182
2025.05.14 03:00,0.006818,0.006825,0.006817,0.006823,2704,147.195007,147.240005,147.035995,147.084,0,-0.547912,-0.51585,-0.520905
2025.05.14 04:00,0.006824,0.006834,0.006822,0.00683,4401,147.082001,147.162003,146.875,146.945007,0,-0.577419,-0.537111,-0.54284
2025.05.14 05:00,0.00683,0.006835,0.006824,0.006824,3343,146.944,147.070007,146.834,147.061996,0,-0.539124,-0.528223,-0.531114
2025.05.14 06:00,0.006824,0.00683,0.006818,0.00682,4814,147.063995,147.214996,146.955994,147.156006,0,-0.544423,-0.532394,-0.539187
2025.05.14 07:00,0.00682,0.006831,0.006818,0.006829,5562,147.154007,147.212006,146.921997,146.977997,0,-0.541433,-0.530548,-0.543674
2025.05.14 08:00,0.006829,0.006869,0.006828,0.006863,25948,146.975006,146.985001,146.123001,146.248993,0,-0.539953,-0.541401,-0.540117
2025.05.14 09:00,0.006863,0.006894,0.006859,0.00688,18705,146.25,146.350998,145.600998,145.882004,0,-0.546526,-0.536812,-0.533162
2025.05.14 10:00,0.00688,0.006884,0.006871,0.006878,7556,145.880005,146.072998,145.783997,145.923004,0,-0.533774,-0.530164,-0.531907
2025.05.14 11:00,0.006878,0.006878,0.006866,0.006866,6423,145.923996,146.203003,145.917007,146.175003,0,-0.547188,-0.52591,-0.540396
2025.05.14 12:00,0.006867,0.006874,0.006856,0.006866,10033,146.175003,146.393997,145.998993,146.190994,0,-0.536355,-0.523291,-0.545789
2025.05.14 13:00,0.006866,0.006886,0.006856,0.006875,13617,146.190002,146.391998,145.757004,146.001007,0,-0.534356,-0.53481,-0.546461
2025.05.14 14:00,0.006874,0.006875,0.006859,0.00686,16250,146.0,146.348999,145.988007,146.309998,0,-0.544527,-0.53346,-0.537405
2025.05.14 15:00,0.00686,0.006863,0.006845,0.006849,17215,146.309006,146.651001,146.251999,146.550003,0,-0.548292,-0.532514,-0.543292
2025.05.14 16:00,0.006849,0.006853,0.006822,0.006842,20902,146.546005,147.121002,146.459,146.695999,0,-0.547164,-0.537501,-0.539903
2025.05.14 17:00,0.006843,0.006854,0.006841,0.006848,6635,146.695007,146.731003,146.432999,146.574005,0,-0.54286,-0.532795,-0.545968
2025.05.14 18:00,0.006848,0.006849,0.006837,0.006841,6859,146.572998,146.798004,146.546005,146.723007,0,-0.535026,-0.539294,-0.534864
2025.05.14 19:00,0.006841,0.006841,0.006832,0.006837,5036,146.718002,146.899994,146.714005,146.820007,0,-0.540682,-0.536549,-0.54633
2025.05.14 20:00,0.006837,0.00684,0.006833,0.006839,1693,146.819,146.893005,146.725006,146.740997,0,-0.544405,-0.526174,-0.510099
2025.05.14 22:00,0.006841,0.006846,0.006839,0.006844,0,146.623993,146.688004,146.550995,146.610001,0,-0.478481,-0.480296,-0.496616
2025.05.14 23:00,0.006844,0.006853,0.006841,0.006842,3298,146.613007,146.660995,146.421997,146.634995,0,-0.494215,-0.489859,-0.478899
2025.05.15 00:00,0.006843,0.006865,0.006837,0.006863,7535,146.632996,146.751999,146.156006,146.212006,0,-0.499709,-0.478977,-0.49252
2025.05.15 01:00,0.006863,0.006868,0.006857,0.006859,4964,146.207001,146.330002,146.065994,146.281998,0,-0.493627,-0.473794,-0.488147
2025.05.15 02:00,0.006859,0.006863,0.006855,0.006862,3934,146.283005,146.378006,146.192001,146.225006,0,-0.488448,-0.483125,-0.4949
2025.05.15 03:00,0.006862,0.006875,0.006859,0.006868,3739,146.225006,146.285995,145.947998,146.087997,0,-0.502774,-0.493452,-0.485205
2025.05.15 04:00,0.006872,0.006874,0.006865,0.006868,2425,146.089996,146.171005,145.973999,146.089996,0,-0.493976,-0.487713,-0.487204
2025.05.15 05:00,0.006868,0.006876,0.006866,0.006873,3013,146.087997,146.141006,145.929993,145.979996,0,-0.485191,-0.486027,-0.483123
2025.05.15 06:00,0.006874,0.006897,0.006868,0.006894,7958,145.979004,146.091003,145.477997,145.533997,0,-0.488211,-0.487424,-0.490846
2025.05.15 07:00,0.006894,0.006895,0.006876,0.006878,6318,145.533997,145.940994,145.524002,145.884003,0,-0.497028,-0.491372,-0.492905
2025.05.15 08:00,0.006878,0.006889,0.006872,0.006884,5166,145.882004,145.992996,145.639008,145.746002,0,-0.485535,-0.48006,-0.481617
2025.05.15 09:00,0.006884,0.006885,0.006875,0.006876,3058,145.748993,145.947998,145.725006,145.934006,0,-0.493452,-0.481724,-0.49004
2025.05.15 10:00,0.006876,0.00688,0.006873,0.006874,2980,145.934998,145.979996,145.824997,145.972,0,-0.483123,-0.465598,-0.485714
2025.05.15 11:00,0.006874,0.006876,0.006868,0.006868,4327,145.973999,146.100006,145.899994,146.082001,0,-0.48661,-0.477174,-0.479208
2025.05.15 12:00,0.006868,0.00689,0.006861,0.006882,16486,146.080994,146.253998,145.628006,145.800003,0,-0.492031,-0.479596,-0.482851
2025.05.15 13:00,0.006882,0.006892,0.006876,0.006882,12323,145.796997,145.927002,145.572998,145.794998,0,-0.483036,-0.48776,-0.488397
2025.05.15 14:00,0.006882,0.006901,0.00687,0.006879,12142,145.796005,146.041,145.408997,145.858994,0,-0.491182,-0.491962,-0.489027
2025.05.15 15:00,0.006879,0.00689,0.006876,0.00689,7745,145.858002,145.917999,145.606995,145.615997,0,-0.495179,-0.479645,-0.488647
2025.05.15 16:00,0.006891,0.006894,0.006886,0.006891,6049,145.613007,145.714996,145.531006,145.615997,0,-0.492802,-0.487855,-0.49918
2025.05.15 17:00,0.00689,0.006893,0.006884,0.006884,4991,145.613998,145.766998,145.554001,145.751999,0,-0.492069,-0.479289,-0.498166
2025.05.15 18:00,0.006884,0.00689,0.006884,0.006888,4525,145.753006,145.753998,145.608994,145.686005,0,-0.489612,-0.481644,-0.495446
2025.05.15 19:00,0.006887,0.006894,0.006886,0.00689,3128,145.682999,145.725998,145.537994,145.619003,0,-0.493266,-0.484322,-0.481119
2025.05.15 20:00,0.00689,0.006892,0.006886,0.006888,1558,145.619995,145.697006,145.565994,145.653,0,-0.485359,-0.480756,-0.462441
2025.05.15 22:00,0.006888,0.006898,0.006887,0.006897,0,145.567001,145.669006,145.436996,145.440002,0,-0.467904,-0.467438,-0.438915
2025.05.15 23:00,0.006897,0.006899,0.006887,0.006892,2584,145.460999,145.679993,145.421005,145.574005,0,-0.47889,-0.461957,-0.467719
2025.05.16 00:00,0.006892,0.006919,0.00689,0.006915,10947,145.572998,145.623001,144.996994,145.087006,0,-0.474591,-0.456996,-0.473842
2025.05.16 01:00,0.006915,0.006921,0.006907,0.006911,4588,145.089005,145.255997,144.960007,145.182007,0,-0.475344,-0.461781,-0.47468
2025.05.16 02:00,0.006911,0.006913,0.006899,0.006899,3926,145.181,145.425003,145.119995,145.412003,0,-0.465955,-0.464993,-0.473959
2025.05.16 03:00,0.006899,0.006907,0.006897,0.006907,3942,145.408005,145.464005,145.225998,145.259003,0,-0.473432,-0.455818,-0.488822
2025.05.16 04:00,0.006904,0.006905,0.006901,0.006905,2402,145.259003,145.384003,145.188004,145.304993,0,-0.466969,-0.375894,-0.471914
2025.05.16 05:00,0.006904,0.006911,0.006901,0.006909,2848,145.302994,145.373001,145.167007,145.223999,0,-0.47696,-0.480613,-0.474779
2025.05.16 06:00,0.006909,0.006918,0.006901,0.006916,7213,145.223999,145.367996,144.983994,145.052002,0,-0.471955,-0.433547,-0.459753
2025.05.16 07:00,0.006916,0.006923,0.006906,0.006908,6127,145.061996,145.261002,144.916,145.235001,0,-0.459379,-0.459522,-0.475301
2025.05.16 08:00,0.006907,0.006908,0.006899,0.006905,6276,145.237,145.419006,145.222,145.296997,0,-0.459958,-0.462301,-0.463919
2025.05.16 09:00,0.006904,0.006907,0.00689,0.006892,5730,145.298996,145.595001,145.259995,145.557999,0,-0.467651,-0.468858,-0.462232
2025.05.16 10:00,0.006892,0.006898,0.00689,0.006894,2872,145.561005,145.600006,145.438004,145.539001,0,-0.462122,-0.468445,-0.474815
2025.05.16 11:00,0.006894,0.006898,0.006886,0.006888,3639,145.531006,145.677994,145.436005,145.641998,0,-0.466346,-0.466446,-0.461971
2025.05.16 12:00,0.006888,0.006895,0.006886,0.006894,4083,145.643997,145.692993,145.479996,145.511002,0,-0.460261,-0.457875,-0.457329
2025.05.16 13:00,0.006894,0.006899,0.00689,0.006895,5822,145.509003,145.600006,145.421997,145.498993,0,-0.472656,-0.473457,-0.466363
2025.05.16 14:00,0.006894,0.006899,0.006868,0.006874,15699,145.5,146.078003,145.395996,145.959,0,-0.47521,-0.457953,-0.472713
2025.05.16 15:00,0.006874,0.006876,0.006869,0.00687,8447,145.947998,146.054001,145.914001,146.026001,0,-0.472401,-0.470036,-0.465597
2025.05.16 16:00,0.00687,0.006878,0.006866,0.006874,6184,146.018997,146.102997,145.860001,145.938004,0,-0.468389,-0.468903,-0.462302
2025.05.16 17:00,0.006874,0.006876,0.00687,0.006875,2868,145.934006,146.031998,145.886002,145.916,0,-0.471593,-0.463182,-0.461454
2025.05.16 18:00,0.006876,0.00688,0.006874,0.006876,2597,145.914001,145.932007,145.822998,145.889008,0,-0.456305,-0.463599,-0.466188
2025.05.16 19:00,0.006876,0.00688,0.006872,0.006873,3595,145.897995,145.983994,145.822998,145.959,0,-0.465953,-0.474156,-0.462127
2025.05.16 20:00,0.006874,0.006892,0.006874,0.006891,4163,145.957993,145.962997,145.516006,145.630005,0,-0.476711,-0.430768,-0.513188
2025.05.18 23:00,0.006911,0.006912,0.006897,0.006907,3696,145.156006,145.445999,145.121994,145.231995,0,-0.455426,-0.446068,-0.451342
2025.05.19 00:00,0.006907,0.006928,0.006902,0.006923,8379,145.233994,145.334,144.835007,144.904999,0,-0.448458,-0.482788,-0.448521
2025.05.19 01:00,0.006923,0.006928,0.006909,0.006911,5371,144.901993,145.184998,144.804001,145.130005,0,-0.456722,-0.451782,-0.44361
2025.05.19 02:00,0.006911,0.006915,0.006904,0.006907,4711,145.130005,145.304001,145.039001,145.220993,0,-0.460431,-0.436296,-0.44034
2025.05.19 03:00,0.006907,0.006913,0.006904,0.006907,1847,145.227997,145.292007,145.110992,145.240997,0,-0.448437,-0.445534,-0.44986
2025.05.19 04:00,0.006907,0.006907,0.006901,0.006903,2237,145.238007,145.345001,145.216003,145.313004,0,-0.44896,-0.445823,-0.448456
2025.05.19 05:00,0.006903,0.006911,0.006903,0.00691,2145,145.311996,145.315994,145.147995,145.167007,0,-0.461931,-0.45113,-0.449207
2025.05.19 06:00,0.006911,0.006919,0.006909,0.006919,4429,145.164001,145.214005,144.979004,144.992996,0,-0.464785,-0.449444,-0.452998
2025.05.19 07:00,0.006919,0.006934,0.006913,0.006925,11740,144.988998,145.093994,144.656006,144.850006,0,-0.449456,-0.449499,-0.445671
2025.05.19 08:00,0.006925,0.006926,0.006916,0.006923,6256,144.848999,145.026993,144.824005,144.882996,0,-0.434744,-0.440525,-0.447377
2025.05.19 09:00,0.006924,0.00693,0.006919,0.006926,4189,144.878006,144.975998,144.748001,144.834,0,-0.456884,-0.437445,-0.460935
2025.05.19 10:00,0.006926,0.006932,0.006925,0.006928,2900,144.824997,144.880997,144.699997,144.798996,0,-0.48709,-0.441489,-0.457197
2025.05.19 11:00,0.006928,0.006928,0.006916,0.006923,3640,144.800995,145.042999,144.774002,144.897003,0,-0.45075,-0.442613,-0.440525
2025.05.19 12:00,0.006923,0.006925,0.006917,0.006917,4411,144.897003,145.022995,144.858002,145.018005,0,-0.451645,-0.453667,-0.446656
2025.05.19 13:00,0.006917,0.006925,0.006911,0.006919,9589,145.016998,145.134003,144.863998,144.992004,0,-0.447608,-0.449244,-0.452007
2025.05.19 14:00,0.006919,0.006926,0.006908,0.006923,9732,144.979996,145.216003,144.826004,144.895004,0,-0.456304,-0.452939,-0.459386
2025.05.19 15:00,0.006923,0.006928,0.006917,0.006919,8379,144.891998,145.016998,144.779999,144.990005,0,-0.445649,-0.44861,-0.450008
2025.05.19 16:00,0.006919,0.00692,0.006913,0.006919,10087,144.988007,145.089005,144.951996,144.985992,0,-0.444467,-0.443327,-0.445995
2025.05.19 17:00,0.006919,0.006921,0.006913,0.006916,6928,144.979996,145.112,144.923004,145.037994,0,-0.446541,-0.44565,-0.445745
2025.05.19 18:00,0.006916,0.00692,0.006913,0.006919,3772,145.039001,145.089996,144.947998,144.970993,0,-0.445458,-0.439329,-0.451879
2025.05.19 19:00,0.006919,0.006928,0.006919,0.006925,3235,144.968994,144.985992,144.792999,144.848007,0,-0.445995,-0.451201,-0.454101
2025.05.19 20:00,0.006926,0.006928,0.006923,0.006925,2242,144.848007,144.891006,144.768005,144.850006,0,-0.455388,-0.436616,-0.445671
2025.05.19 22:00,0.006925,0.006926,0.006919,0.00692,0,144.854004,144.973007,144.824005,144.934998,0,-0.433009,-0.440525,-0.426329
2025.05.19 23:00,0.006921,0.006925,0.006917,0.006919,2406,144.940994,145.013,144.837997,144.979004,0,-0.431207,-0.423243,-0.439006
2025.05.20 00:00,0.006918,0.006918,0.006893,0.006905,9639,144.973999,145.514008,144.972,145.270996,0,-0.439296,-0.421553,-0.437918
2025.05.20 01:00,0.006905,0.00693,0.006905,0.006922,10194,145.266998,145.270996,144.723007,144.897003,0,-0.437918,-0.422866,-0.430088
2025.05.20 02:00,0.006923,0.006929,0.006903,0.006911,6152,144.895996,145.296005,144.742004,145.121002,0,-0.431457,-0.421033,-0.434608
2025.05.20 03:00,0.006911,0.006928,0.006909,0.006927,0,145.115997,145.181,144.768997,144.807999,0,-0.43178,-0.427199,-0.445357
2025.05.20 04:00,0.006926,0.006931,0.006925,0.006928,2356,144.807007,144.852005,144.707993,144.759003,0,-0.43725,-0.428666,-0.417204
2025.05.20 05:00,0.006929,0.00695,0.006928,0.006947,6576,144.759995,144.764999,144.315994,144.375,0,-0.43361,-0.420754,-0.427973
2025.05.20 06:00,0.006947,0.006951,0.00694,0.006942,7505,144.378006,144.529999,144.296997,144.498993,0,-0.437784,-0.432806,-0.437914
2025.05.20 07:00,0.006942,0.006961,0.006941,0.006959,9671,144.496002,144.511002,144.087997,144.123993,0,-0.439542,-0.440791,-0.425188
2025.05.20 08:00,0.006959,0.00696,0.006942,0.006942,5475,144.123993,144.488007,144.121002,144.481995,0,-0.437296,-0.442839,-0.431284
2025.05.20 09:00,0.006942,0.006948,0.006936,0.006942,3990,144.485001,144.615997,144.367004,144.475998,0,-0.430288,-0.43034,-0.425287
2025.05.20 10:00,0.006942,0.006943,0.006936,0.006936,2729,144.483994,144.623993,144.451004,144.591003,0,-0.438283,-0.421046,-0.426076
2025.05.20 11:00,0.006937,0.006944,0.006933,0.006937,4485,144.591995,144.671005,144.453003,144.593994,0,-0.4333,-0.433419,-0.43946
2025.05.20 12:00,0.006936,0.006938,0.006925,0.006926,6788,144.593002,144.837006,144.548004,144.809998,0,-0.432671,-0.424632,-0.436933
2025.05.20 13:00,0.006926,0.006927,0.006918,0.006925,10384,144.809006,144.977005,144.800995,144.848999,0,-0.426558,-0.438354,-0.434244
2025.05.20 14:00,0.006925,0.00694,0.006923,0.006938,10434,144.848007,144.860992,144.509003,144.561005,0,-0.425374,-0.427162,-0.437632
2025.05.20 15:00,0.006938,0.006939,0.006928,0.006931,6458,144.556,144.770996,144.546997,144.714005,0,-0.439607,-0.434012,-0.434678
2025.05.20 16:00,0.00693,0.006935,0.006923,0.006926,4791,144.720993,144.884003,144.615005,144.811005,0,-0.43795,-0.418898,-0.43794
2025.05.20 17:00,0.006926,0.006935,0.006923,0.006934,4818,144.807999,144.884995,144.628006,144.636993,0,-0.428516,-0.431898,-0.430486
2025.05.20 18:00,0.006934,0.006941,0.006932,0.006939,3427,144.641006,144.694,144.496994,144.544006,0,-0.425084,-0.425535,-0.431021
2025.05.20 19:00,0.006938,0.006944,0.006938,0.00694,3414,144.544998,144.552002,144.427002,144.542007,0,-0.42863,-0.428152,-0.439409
2025.05.20 20:00,0.006939,0.006944,0.006938,0.00694,1826,144.539993,144.570999,144.445999,144.492996,0,-0.426857,-0.426415,-0.411155
2025.05.20 22:00,0.00694,0.006957,0.00694,0.006944,0,144.472,144.490005,144.156006,144.429001,0,-0.397791,-0.405557,-0.41978
2025.05.20 23:00,0.006944,0.00695,0.006943,0.00695,1941,144.421005,144.438995,144.292007,144.313995,0,-0.409037,-0.417465,-0.418755
2025.05.21 00:00,0.00695,0.006959,0.006948,0.006957,7898,144.313004,144.348007,144.108994,144.171005,0,-0.421694,-0.399861,-0.420556
2025.05.21 01:00,0.006957,0.006963,0.006948,0.006954,5223,144.169998,144.350998,144.035004,144.209,0,-0.414333,-0.408434,-0.41721
2025.05.21 02:00,0.006955,0.006973,0.006954,0.006971,6011,144.203003,144.235992,143.843002,143.863007,0,-0.423528,-0.422424,-0.421851
2025.05.21 03:00,0.006971,0.006978,0.006966,0.006976,4513,143.860001,143.972,143.718002,143.787003,0,-0.417592,-0.410465,-0.438379
2025.05.21 04:00,0.006974,0.006982,0.006971,0.006977,2787,143.787003,143.873001,143.638,143.740997,0,-0.421564,-0.412565,-0.40265
2025.05.21 05:00,0.006977,0.006988,0.006975,0.006985,3266,143.742004,143.776001,143.526001,143.569,0,-0.406821,-0.4133,-0.415325
2025.05.21 06:00,0.006985,0.006992,0.006975,0.006979,8100,143.569,143.794006,143.455994,143.707001,0,-0.414555,-0.425171,-0.419993
2025.05.21 07:00,0.006979,0.00698,0.006967,0.006969,7548,143.701004,143.962006,143.677002,143.901001,0,-0.417903,-0.410528,-0.408395
2025.05.21 08:00,0.006969,0.006973,0.006956,0.006958,6317,143.901993,144.192001,143.828995,144.117996,0,-0.42089,-0.408416,-0.398534
2025.05.21 09:00,0.006959,0.006966,0.006956,0.006965,4243,144.113998,144.181,143.977997,143.983994,0,-0.420215,-0.423589,-0.419278
2025.05.21 10:00,0.006965,0.00699,0.006963,0.006981,12300,143.981003,144.022003,143.460999,143.664001,0,-0.416054,-0.40971,-0.407792
2025.05.21 11:00,0.006981,0.006986,0.006972,0.006977,4147,143.660995,143.852005,143.550995,143.751007,0,-0.421139,-0.407567,-0.422925
2025.05.21 12:00,0.006977,0.006983,0.006971,0.006979,6681,143.751007,143.858994,143.619995,143.688995,0,-0.417838,-0.404818,-0.412255
2025.05.21 13:00,0.00698,0.006984,0.006969,0.006979,8448,143.686996,143.889999,143.589996,143.714996,0,-0.407681,-0.405577,-0.41773
2025.05.21 14:00,0.006978,0.006986,0.00697,0.006981,10342,143.714005,143.893997,143.554001,143.673004,0,-0.421974,-0.410573,-0.416794
2025.05.21 15:00,0.006981,0.006985,0.006975,0.00698,5187,143.669998,143.779007,143.595001,143.682999,0,-0.420106,-0.420834,-0.416524
2025.05.21 16:00,0.00698,0.006983,0.006977,0.006981,3289,143.684006,143.770996,143.619995,143.647995,0,-0.432649,-0.404818,-0.4123
2025.05.21 17:00,0.006981,0.006999,0.00698,0.00699,12841,143.647995,143.686996,143.278,143.488998,0,-0.420522,-0.400445,-0.417248
2025.05.21 18:00,0.00699,0.006992,0.006981,0.006983,6555,143.481995,143.669998,143.449997,143.634003,0,-0.413788,-0.419175,-0.418826
2025.05.21 19:00,0.006982,0.006986,0.006979,0.00698,7683,143.636002,143.694,143.546997,143.686996,0,-0.41726,-0.40357,-0.420522
2025.05.21 20:00,0.006979,0.006983,0.006976,0.006981,2100,143.686005,143.764999,143.626999,143.662003,0,-0.416376,-0.411822,-0.416046
2025.05.21 22:00,0.006975,0.006981,0.006942,0.006957,0,143.636002,144.397995,143.630005,144.085999,0,-0.336916,-0.373795,-0.335549
2025.05.21 23:00,0.006957,0.006978,0.006954,0.006977,3951,144.095993,144.151001,143.639008,143.688004,0,-0.359211,-0.331471,-0.349657
2025.05.22 00:00,0.006977,0.006996,0.006975,0.006987,10733,143.695007,143.727997,143.283997,143.468002,0,-0.358817,-0.355386,-0.345057
2025.05.22 01:00,0.006987,0.007001,0.006979,0.006993,7004,143.470001,143.645004,143.195999,143.345993,0,-0.347738,-0.359261,-0.345849
2025.05.22 02:00,0.006993,0.007004,0.006987,0.007,4068,143.350006,143.468002,143.141006,143.190994,0,-0.345057,-0.355259,-0.344052
2025.05.22 03:00,0.007001,0.007002,0.006993,0.006995,2349,143.188995,143.358994,143.175003,143.313004,0,-0.358849,-0.348468,-0.353746
2025.05.22 04:00,0.006996,0.006998,0.00699,0.006996,2077,143.315002,143.393005,143.25,143.298996,0,-0.341717,-0.34182,-0.349959
2025.05.22 05:00,0.006995,0.006998,0.006989,0.006992,2579,143.292999,143.436005,143.233994,143.367004,0,-0.354017,-0.346229,-0.346413
2025.05.22 06:00,0.006992,0.007006,0.006991,0.006993,5291,143.367996,143.391006,143.097,143.330002,0,-0.349952,-0.352017,-0.329857
2025.05.22 07:00,0.006994,0.00701,0.00699,0.007008,9032,143.328995,143.391998,143.0,143.048996,0,-0.34071,-0.346644,-0.344754
2025.05.22 08:00,0.007008,0.007019,0.006992,0.006996,10424,143.052002,143.388,142.798004,143.276001,0,-0.357178,-0.337711,-0.347391
2025.05.22 09:00,0.006996,0.006998,0.006983,0.006987,5874,143.272003,143.552994,143.255005,143.475006,0,-0.348065,-0.346825,-0.341825
2025.05.22 10:00,0.006987,0.00699,0.006976,0.006978,5134,143.479004,143.694,143.404007,143.654999,0,-0.345377,-0.342493,-0.347462
2025.05.22 11:00,0.006977,0.006994,0.006972,0.006992,6701,143.656006,143.779999,143.332993,143.360992,0,-0.349133,-0.343074,-0.35062
2025.05.22 12:00,0.006993,0.006996,0.006977,0.006983,7017,143.360001,143.695999,143.266998,143.552002,0,-0.357652,-0.338388,-0.357328
2025.05.22 13:00,0.006983,0.006989,0.006966,0.006967,14673,143.550995,143.901001,143.429001,143.878998,0,-0.346593,-0.347013,-0.3452
2025.05.22 14:00,0.006967,0.006977,0.006963,0.006973,11418,143.878006,143.964996,143.675995,143.759003,0,-0.348742,-0.358186,-0.348701
2025.05.22 15:00,0.006973,0.006973,0.006959,0.006967,13520,143.759995,144.048004,143.751999,143.893997,0,-0.3492,-0.341697,-0.349895
2025.05.22 16:00,0.006967,0.006969,0.006956,0.006961,6356,143.893997,144.117004,143.858002,144.018997,0,-0.35622,-0.355098,-0.351158
2025.05.22 17:00,0.006961,0.006961,0.006946,0.006951,10516,144.018005,144.330994,143.998001,144.216003,0,-0.352881,-0.340484,-0.351813
2025.05.22 18:00,0.00695,0.006957,0.006948,0.006954,5955,144.218994,144.276993,144.087997,144.147003,0,-0.350679,-0.347882,-0.355213
2025.05.22 19:00,0.006954,0.006965,0.006954,0.006961,4106,144.145996,144.151001,143.921997,143.996002,0,-0.34887,-0.346983,-0.348796
2025.05.22 20:00,0.006961,0.006967,0.00696,0.006961,1656,143.996002,144.024002,143.895004,144.003006,0,-0.345839,-0.350902,-0.335167
2025.05.22 22:00,0.006959,0.006971,0.006957,0.006971,0,144.067993,144.070007,143.800995,143.815994,0,-0.319558,-0.339266,-0.354265
2025.05.22 23:00,0.006971,0.006973,0.006965,0.006969,2244,143.811005,143.921997,143.757996,143.854004,0,-0.346983,-0.347694,-0.3511
2025.05.23 00:00,0.006968,0.006973,0.006961,0.006968,7406,143.854004,144.014008,143.748001,143.863007,0,-0.35649,-0.347985,-0.349803
2025.05.23 01:00,0.006969,0.006981,0.006963,0.006981,5172,143.862,143.968002,143.582001,143.598007,0,-0.362053,-0.346306,-0.352051
2025.05.23 02:00,0.006981,0.006984,0.006978,0.006983,2365,143.598999,143.654007,143.535995,143.548996,0,-0.34647,-0.351576,-0.354322
2025.05.23 03:00,0.006983,0.00699,0.006983,0.00699,2473,143.546005,143.550995,143.410004,143.434006,0,-0.356321,-0.34849,-0.362256
2025.05.23 04:00,0.00699,0.006992,0.006987,0.006988,2737,143.432007,143.485992,143.356003,143.462006,0,-0.352812,-0.345631,-0.349304
2025.05.23 05:00,0.006988,0.00699,0.006982,0.00699,3321,143.464996,143.582001,143.404007,143.425003,0,-0.356566,-0.352719,-0.353253
2025.05.23 06:00,0.006989,0.006994,0.006983,0.006989,4976,143.423996,143.563995,143.330002,143.427994,0,-0.348819,-0.340084,-0.346006
2025.05.23 07:00,0.00699,0.006999,0.006988,0.006995,4680,143.429993,143.470001,143.229004,143.307999,0,-0.3573,-0.351449,-0.348741
2025.05.23 08:00,0.006995,0.006996,0.00699,0.006995,4335,143.306,143.421005,143.276001,143.311005,0,-0.349255,-0.347391,-0.351747
2025.05.23 09:00,0.006995,0.007003,0.006994,0.006995,4892,143.311005,143.335999,143.141006,143.306,0,-0.356305,-0.345062,-0.346742
2025.05.23 10:00,0.006996,0.006997,0.00699,0.006992,2983,143.309006,143.391006,143.268005,143.369995,0,-0.339718,-0.349611,-0.349403
2025.05.23 11:00,0.006992,0.007035,0.006989,0.007029,35590,143.367004,143.431,142.505997,142.623001,0,-0.349012,-0.349485,-0.355257
2025.05.23 12:00,0.007029,0.007037,0.007019,0.007029,20456,142.626007,142.826996,142.449997,142.602005,0,-0.356561,-0.354081,-0.344374
2025.05.23 13:00,0.00703,0.007033,0.007016,0.007019,15246,142.606995,142.895004,142.524994,142.800003,0,-0.353493,-0.348266,-0.339709
2025.05.23 14:00,0.007019,0.007033,0.007016,0.007027,14891,142.798004,142.886993,142.516998,142.660004,0,-0.345483,-0.34027,-0.341639
2025.05.23 15:00,0.007027,0.007033,0.007019,0.007029,6755,142.662003,142.835999,142.541,142.612,0,-0.355412,-0.34406,-0.354368
2025.05.23 16:00,0.007029,0.007029,0.007021,0.007028,5089,142.610001,142.785995,142.610001,142.641998,0,-0.345999,-0.342257,-0.354007
2025.05.23 17:00,0.007027,0.007033,0.007023,0.00703,6658,142.643997,142.733002,142.522003,142.589996,0,-0.343713,-0.345275,-0.342485
2025.05.23 18:00,0.00703,0.007039,0.007029,0.007033,4552,142.593994,142.621002,142.417999,142.520996,0,-0.343135,-0.342276,-0.344268
2025.05.23 19:00,0.007033,0.007037,0.007032,0.007035,4399,142.516998,142.554993,142.453995,142.501999,0,-0.347939,-0.34798,-0.345487
2025.05.23 20:00,0.007035,0.007035,0.007031,0.007031,1515,142.501007,142.587006,142.479996,142.537994,0,-0.349613,-0.343685,-0.31072
2025.05.25 23:00,0.00702,0.007021,0.007012,0.007017,2923,142.785004,142.934998,142.748001,142.826996,0,-0.332501,-0.328286,-0.315954
2025.05.26 00:00,0.007018,0.007032,0.007015,0.007031,4793,142.820999,142.882996,142.531998,142.563995,0,-0.331323,-0.324944,-0.326603
2025.05.26 01:00,0.007031,0.007044,0.007025,0.007041,4695,142.565994,142.682999,142.292007,142.369003,0,-0.334248,-0.327216,-0.33364
2025.05.26 02:00,0.007041,0.007047,0.007039,0.007041,4121,142.363998,142.395004,142.222,142.341995,0,-0.329366,-0.327711,-0.326799
2025.05.26 03:00,0.007041,0.007042,0.007031,0.007035,2517,142.341003,142.567001,142.332001,142.457001,0,-0.329609,-0.32689,-0.310586
2025.05.26 04:00,0.007035,0.007035,0.007025,0.007031,2347,142.453003,142.669006,142.453003,142.565002,0,-0.330379,-0.316692,-0.337728
2025.05.26 05:00,0.007031,0.007035,0.007021,0.007033,3078,142.565994,142.751999,142.470993,142.513,0,-0.332284,-0.334682,-0.326162
2025.05.26 06:00,0.007033,0.007033,0.007019,0.007021,3578,142.514999,142.802994,142.498001,142.751007,0,-0.332559,-0.321273,-0.331292
2025.05.26 07:00,0.007021,0.007024,0.007013,0.007014,3516,142.753006,142.917007,142.701996,142.895996,0,-0.324681,-0.332974,-0.334159
2025.05.26 08:00,0.007014,0.007021,0.007014,0.007014,2856,142.893005,142.921005,142.75,142.891006,0,-0.338846,-0.32015,-0.32917
2025.05.26 09:00,0.007015,0.007016,0.00701,0.007016,2229,142.893997,142.988998,142.858002,142.873001,0,-0.325474,-0.326642,-0.33149
2025.05.26 10:00,0.007016,0.007018,0.007012,0.007016,2070,142.871002,142.953003,142.824005,142.858994,0,-0.340336,-0.333265,-0.327634
2025.05.26 11:00,0.007016,0.007018,0.007011,0.007012,1306,142.856003,142.970001,142.813995,142.927994,0,-0.336997,-0.323255,-0.315327
2025.05.26 12:00,0.007013,0.007016,0.007008,0.007011,3045,142.932007,143.033997,142.862,142.975006,0,-0.329754,-0.320489,-0.342002
2025.05.26 13:00,0.00701,0.007018,0.00701,0.007017,2216,142.970993,142.988007,142.822006,142.835007,0,-0.334651,-0.331266,-0.334111
2025.05.26 14:00,0.007017,0.007021,0.007016,0.00702,4958,142.832993,142.860992,142.744003,142.779999,0,-0.339792,-0.324288,-0.329854
2025.05.26 15:00,0.007021,0.007021,0.007016,0.007017,2732,142.779007,142.858994,142.759003,142.845001,0,-0.337793,-0.329152,-0.333959
2025.05.26 16:00,0.007016,0.007023,0.007016,0.007023,1133,142.841995,142.873001,142.720001,142.725006,0,-0.33149,-0.340842,-0.325576
2025.05.26 17:00,0.007023,0.007024,0.00702,0.007021,1915,142.722,142.789001,142.701996,142.768005,0,-0.338857,-0.332974,-0.34829
2025.05.26 18:00,0.007021,0.007021,0.007021,0.007021,516,142.766006,142.772003,142.744995,142.757996,0,-0.332006,-0.32528,-0.338281
2025.05.26 19:00,0.007021,0.007022,0.00702,0.007021,788,142.755997,142.779007,142.735992,142.774002,0,-0.328863,-0.326421,-0.334005
2025.05.26 20:00,0.007021,0.007021,0.007017,0.007018,638,142.770996,142.843994,142.753998,142.828003,0,-0.332952,-0.334283,-0.337263
2025.05.26 22:00,0.007019,0.007027,0.007019,0.007024,1728,142.740005,142.753998,142.634995,142.684998,0,-0.283563,-0.31663,-0.315976
2025.05.26 23:00,0.007024,0.007027,0.007021,0.007027,2309,142.679993,142.748001,142.612,142.628998,0,-0.308004,-0.313882,-0.310633
2025.05.27 00:00,0.007027,0.007045,0.007027,0.007044,8581,142.630005,142.630005,142.244003,142.276993,0,-0.321769,-0.309435,-0.312202
2025.05.27 01:00,0.007045,0.007052,0.007039,0.007044,6594,142.274994,142.384995,142.110001,142.283005,0,-0.319356,-0.316306,-0.318214
2025.05.27 02:00,0.007044,0.00705,0.007038,0.007039,3587,142.279999,142.408005,142.158005,142.384995,0,-0.322186,-0.314036,-0.319356
2025.05.27 03:00,0.007039,0.007041,0.007035,0.007036,0,142.382996,142.459,142.345993,142.445007,0,-0.322689,-0.31063,-0.3188
2025.05.27 04:00,0.007037,0.007038,0.007015,0.007016,7388,142.440994,142.860992,142.380005,142.854996,0,-0.309319,-0.294186,-0.323636
2025.05.27 05:00,0.007016,0.007016,0.006987,0.006996,14505,142.850998,143.438004,142.850998,143.255997,0,-0.315059,-0.309487,-0.327386
2025.05.27 06:00,0.006996,0.00701,0.006985,0.006986,10982,143.257996,143.490005,142.972,143.462997,0,-0.315839,-0.308476,-0.31957
2025.05.27 07:00,0.006986,0.006992,0.006967,0.006972,21297,143.462997,143.863998,143.324997,143.742004,0,-0.319896,-0.314625,-0.311138
2025.05.27 08:00,0.006973,0.006978,0.006965,0.006967,10106,143.740005,143.886993,143.615005,143.869003,0,-0.322278,-0.307469,-0.324901
2025.05.27 09:00,0.006966,0.006969,0.006957,0.006964,5308,143.865997,144.044006,143.802994,143.914001,0,-0.314214,-0.320675,-0.318366
2025.05.27 10:00,0.006964,0.006965,0.006952,0.006952,10555,143.912003,144.177994,143.893005,144.141998,0,-0.324153,-0.317991,-0.308844
2025.05.27 11:00,0.006953,0.006959,0.006953,0.006955,3695,144.141998,144.149002,144.003998,144.097,0,-0.326194,-0.305193,-0.31555
2025.05.27 12:00,0.006956,0.006959,0.00695,0.006959,8434,144.091995,144.188004,144.005005,144.024002,0,-0.313461,-0.316517,-0.31487
2025.05.27 13:00,0.006959,0.006965,0.006951,0.006952,10231,144.020996,144.182999,143.871002,144.173996,0,-0.318808,-0.306287,-0.320156
2025.05.27 14:00,0.006952,0.006952,0.006938,0.00694,22423,144.171005,144.460007,144.167007,144.391006,0,-0.315864,-0.323506,-0.309165
2025.05.27 15:00,0.006941,0.006949,0.00694,0.006941,9213,144.389008,144.414001,144.220001,144.376999,0,-0.311403,-0.314405,-0.305539
2025.05.27 16:00,0.006942,0.006946,0.006938,0.006942,5819,144.380005,144.438004,144.287994,144.375,0,-0.314631,-0.320239,-0.324289
2025.05.27 17:00,0.006942,0.006946,0.006942,0.006944,3565,144.371002,144.375,144.274002,144.317993,0,-0.324289,-0.306247,-0.319143
2025.05.27 18:00,0.006944,0.006948,0.006944,0.006947,5289,144.315002,144.341003,144.238998,144.257996,0,-0.32142,-0.312685,-0.310969
2025.05.27 19:00,0.006948,0.006948,0.006944,0.006944,4576,144.259003,144.334,144.229996,144.322006,0,-0.314416,-0.303682,-0.323156
2025.05.27 20:00,0.006944,0.006946,0.00694,0.006942,1295,144.320999,144.412994,144.291,144.313004,0,-0.32078,-0.312888,-0.262293
2025.05.27 22:00,0.006947,0.006951,0.006944,0.00695,0,144.263,144.298996,144.160004,144.188995,0,-0.300146,-0.295813,-0.3041
2025.05.27 23:00,0.00695,0.006953,0.006944,0.006952,2280,144.177994,144.309006,144.128006,144.132996,0,-0.299785,-0.305198,-0.299841
2025.05.28 00:00,0.006953,0.006967,0.006952,0.006952,6853,144.132004,144.138,143.847,144.121002,0,-0.304846,-0.302898,-0.287848
2025.05.28 01:00,0.006953,0.006955,0.006922,0.006942,13294,144.123001,144.766998,144.076996,144.339005,0,-0.300083,-0.295546,-0.298671
2025.05.28 02:00,0.006942,0.006949,0.006928,0.00693,9794,144.339005,144.643005,144.207001,144.600998,0,-0.301207,-0.301404,-0.31126
2025.05.28 03:00,0.00693,0.006944,0.006922,0.006944,9814,144.598999,144.766006,144.294006,144.360992,0,-0.299091,-0.295156,-0.351771
2025.05.28 04:00,0.006939,0.006944,0.006935,0.006939,3484,144.358994,144.505005,144.264999,144.423996,0,-0.308897,-0.255778,-0.311011
2025.05.28 05:00,0.006938,0.006947,0.006922,0.006946,12700,144.421997,144.772003,144.248001,144.274994,0,-0.305088,-0.300975,-0.317604
2025.05.28 06:00,0.006946,0.006948,0.006934,0.006934,6955,144.276993,144.526993,144.216995,144.524994,0,-0.299692,-0.301041,-0.308095
2025.05.28 07:00,0.006934,0.006956,0.006933,0.006952,7252,144.526001,144.541,144.067001,144.143997,0,-0.303295,-0.29589,-0.300496
2025.05.28 08:00,0.006952,0.006959,0.006949,0.006957,4269,144.149994,144.203995,143.990997,144.037994,0,-0.298398,-0.30251,-0.308202
2025.05.28 09:00,0.006957,0.006959,0.006947,0.006948,4187,144.037994,144.257004,143.996994,144.223007,0,-0.309977,-0.29819,-0.307053
2025.05.28 10:00,0.006948,0.006955,0.006944,0.006946,2903,144.225006,144.309998,144.078003,144.274994,0,-0.311148,-0.296553,-0.296882
2025.05.28 11:00,0.006946,0.00695,0.006938,0.006939,9327,144.272003,144.429993,144.188995,144.423996,0,-0.30662,-0.293755,-0.311011
2025.05.28 12:00,0.006938,0.006944,0.006933,0.006934,9338,144.421005,144.535995,144.304001,144.514008,0,-0.29829,-0.29478,-0.3075
2025.05.28 13:00,0.006934,0.006934,0.006913,0.006916,19276,144.513,144.973007,144.509003,144.893005,0,-0.307549,-0.302496,-0.300756
2025.05.28 14:00,0.006917,0.006934,0.006915,0.006918,19449,144.888,144.919006,144.511002,144.847,0,-0.305842,-0.294103,-0.296553
2025.05.28 15:00,0.006919,0.006919,0.006907,0.006909,10896,144.841995,145.076996,144.822006,145.044006,0,-0.306816,-0.302893,-0.294786
2025.05.28 16:00,0.006909,0.006915,0.006909,0.006915,4160,145.039993,145.050995,144.906006,144.912003,0,-0.301775,-0.3033,-0.298839
2025.05.28 17:00,0.006915,0.006919,0.006914,0.006917,3350,144.914993,144.940994,144.822006,144.888,0,-0.306919,-0.302893,-0.306207
2025.05.28 18:00,0.006917,0.006923,0.006911,0.006919,4843,144.884995,145.007996,144.75,144.837006,0,-0.311131,-0.293522,-0.307446
2025.05.28 19:00,0.006919,0.00692,0.006915,0.006915,4245,144.835007,144.925003,144.813004,144.904999,0,-0.301389,-0.304335,-0.302293
2025.05.28 20:00,0.006915,0.006919,0.006915,0.006919,2046,144.903,144.910004,144.807999,144.824997,0,-0.29684,-0.288885,-0.284999
2025.05.28 22:00,0.006917,0.006919,0.006912,0.006913,0,144.815994,144.936005,144.770004,144.906006,0,-0.260079,-0.240444,-0.261468
2025.05.28 23:00,0.006901,0.006901,0.00686,0.006874,22554,144.895996,146.026001,144.880997,145.720001,0,-0.253408,0.015044,-0.254873
2025.05.29 00:00,0.006874,0.00688,0.006856,0.006856,15571,145.716003,146.102005,145.600998,146.091995,0,-0.244363,-0.252156,-0.234353
2025.05.29 01:00,0.006857,0.006874,0.006846,0.006872,11676,146.095993,146.276001,145.733002,145.776001,0,-0.205302,-0.2573,-0.247369
2025.05.29 02:00,0.006872,0.00688,0.006866,0.006872,6096,145.772003,145.904999,145.593994,145.787994,0,-0.249184,-0.255717,-0.259363
2025.05.29 03:00,0.006871,0.006879,0.00687,0.006873,5402,145.785004,145.813995,145.615997,145.738998,0,-0.242994,-0.246031,-0.242125
2025.05.29 04:00,0.00687,0.006878,0.00687,0.006874,2382,145.738007,145.848999,145.658997,145.742004,0,-0.288595,-0.257327,-0.255718
2025.05.29 05:00,0.006874,0.006875,0.006857,0.006864,5766,145.742996,146.093002,145.697006,145.932999,0,-0.245999,-0.24246,-0.245355
2025.05.29 06:00,0.006864,0.006886,0.006861,0.006882,13593,145.934006,146.018005,145.470001,145.578003,0,-0.256039,-0.247807,-0.260851
2025.05.29 07:00,0.006882,0.006899,0.00688,0.006897,7791,145.576996,145.608002,145.199005,145.255997,0,-0.25916,-0.260962,-0.254909
2025.05.29 08:00,0.006897,0.006902,0.006892,0.006896,5886,145.257996,145.360001,145.134003,145.268005,0,-0.253715,-0.248461,-0.256402
2025.05.29 09:00,0.006896,0.006907,0.006895,0.006898,3916,145.264008,145.289993,145.022995,145.218002,0,-0.257363,-0.242342,-0.248444
2025.05.29 10:00,0.006898,0.006912,0.006897,0.006908,5360,145.220993,145.235001,144.923996,145.014999,0,-0.254931,-0.24807,-0.2553
2025.05.29 11:00,0.006909,0.006915,0.006903,0.006905,5503,145.011002,145.115005,144.876007,145.084,0,-0.250458,-0.252393,-0.250921
2025.05.29 12:00,0.006905,0.006937,0.006904,0.006936,17600,145.082001,145.082001,144.404007,144.432999,0,-0.238431,-0.249473,-0.257686
2025.05.29 13:00,0.006936,0.006944,0.00693,0.006939,15425,144.429993,144.539001,144.263,144.358994,0,-0.249264,-0.25378,-0.246009
2025.05.29 14:00,0.00694,0.006949,0.006934,0.006937,13033,144.360992,144.464005,144.149994,144.403,0,-0.257497,-0.244397,-0.248466
2025.05.29 15:00,0.006938,0.006954,0.006936,0.006952,13421,144.399994,144.417007,144.052002,144.095993,0,-0.25208,-0.260212,-0.262839
2025.05.29 16:00,0.006952,0.006954,0.006948,0.00695,9968,144.093002,144.175003,144.042999,144.145996,0,-0.259049,-0.251209,-0.250756
2025.05.29 17:00,0.00695,0.006958,0.006944,0.006954,6563,144.141998,144.255997,143.975006,144.044006,0,-0.257147,-0.255544,-0.252217
2025.05.29 18:00,0.006954,0.006959,0.006954,0.006957,5100,144.048004,144.074997,143.955994,143.998001,0,-0.262533,-0.257189,-0.257886
2025.05.29 19:00,0.006957,0.006957,0.00695,0.00695,4130,144.001007,144.141998,143.973999,144.139008,0,-0.257103,-0.244206,-0.254112
2025.05.29 20:00,0.00695,0.006952,0.006945,0.006949,1920,144.134003,144.244995,144.100006,144.231003,0,-0.256515,-0.246166,-0.325406
2025.05.29 22:00,0.00695,0.006962,0.006948,0.006954,0,144.125,144.156998,143.897995,144.018997,0,-0.230684,-0.261108,-0.227207
2025.05.29 23:00,0.006956,0.006969,0.006952,0.006968,4676,144.011993,144.089005,143.737,143.755997,0,-0.235164,-0.234095,-0.242793
2025.05.30 00:00,0.006967,0.006975,0.006954,0.006967,11721,143.755005,144.037003,143.582001,143.770004,0,-0.234872,-0.2231,-0.236206
2025.05.30 01:00,0.006967,0.006983,0.006959,0.006961,8017,143.768997,143.940994,143.429993,143.903,0,-0.24219,-0.225063,-0.245483
2025.05.30 02:00,0.006961,0.006964,0.006957,0.006959,4670,143.901993,143.994003,143.819,143.925995,0,-0.243554,-0.223364,-0.22719
2025.05.30 03:00,0.006959,0.006964,0.006959,0.006963,2957,143.927994,143.985001,143.826996,143.856003,0,-0.286196,-0.23136,-0.229433
2025.05.30 04:00,0.006963,0.006971,0.006963,0.006967,2986,143.858002,143.862,143.690002,143.772003,0,-0.23543,-0.228273,-0.227901
2025.05.30 05:00,0.006967,0.006969,0.006957,0.006965,4118,143.774002,143.968002,143.707001,143.824005,0,-0.23821,-0.224682,-0.238681
2025.05.30 06:00,0.006965,0.006968,0.006949,0.006963,6951,143.826004,144.139999,143.755005,143.852005,0,-0.234403,-0.241801,-0.235751
2025.05.30 07:00,0.006963,0.006964,0.006948,0.006954,9193,143.854004,144.158005,143.828995,144.026993,0,-0.24205,-0.233359,-0.235203
2025.05.30 08:00,0.006954,0.006961,0.006952,0.006954,5536,144.022995,144.119995,143.889999,144.048996,0,-0.266155,-0.22216,-0.236532
2025.05.30 09:00,0.006954,0.006956,0.006945,0.006954,3914,144.048996,144.225006,143.996994,144.041,0,-0.236526,-0.23621,-0.238869
2025.05.30 10:00,0.006954,0.006963,0.006954,0.006959,2719,144.042999,144.054001,143.783997,143.927994,0,-0.241537,-0.167743,-0.239506
2025.05.30 11:00,0.006959,0.006965,0.006954,0.006963,4439,143.932007,144.031998,143.811005,143.845001,0,-0.240208,-0.22568,-0.228747
2025.05.30 12:00,0.006963,0.006981,0.006963,0.006969,16223,143.845993,143.863007,143.466003,143.725006,0,-0.236437,-0.230308,-0.242688
2025.05.30 13:00,0.006969,0.00697,0.00695,0.006956,11135,143.720001,144.138,143.705994,143.994995,0,-0.24276,-0.23397,-0.234211
2025.05.30 14:00,0.006956,0.006965,0.006934,0.006943,24971,143.996002,144.442993,143.804001,144.268005,0,-0.236486,-0.228987,-0.238047
2025.05.30 15:00,0.006944,0.006952,0.00694,0.006947,11455,144.264008,144.332001,144.070007,144.184006,0,-0.239786,-0.226506,-0.236979
2025.05.30 16:00,0.006947,0.006961,0.006947,0.006961,9744,144.181,144.188995,143.882004,143.895004,0,-0.241969,-0.234797,-0.227165
2025.05.30 17:00,0.006961,0.006966,0.006958,0.006963,5014,143.893997,143.951996,143.787994,143.871002,0,-0.232534,-0.233586,-0.244432
2025.05.30 18:00,0.006962,0.006964,0.006959,0.006961,5278,143.869995,143.940002,143.828003,143.891006,0,-0.23087,-0.232367,-0.233489
2025.05.30 19:00,0.006961,0.006963,0.006956,0.006962,3460,143.886993,144.003998,143.867004,143.876007,0,-0.232886,-0.240434,-0.23912
2025.05.30 20:00,0.006961,0.006962,0.006952,0.006954,2119,143.875,144.087997,143.867004,144.014999,0,-0.234157,-0.230117,-0.202535
2025.06.01 23:00,0.006963,0.006969,0.006962,0.006965,2996,143.837006,143.865005,143.718994,143.789993,0,-0.228118,-0.21609,-0.214979
2025.06.02 00:00,0.006965,0.006978,0.006965,0.006977,6867,143.798004,143.798996,143.524002,143.535004,0,-0.213672,-0.216465,-0.217195
2025.06.02 01:00,0.006978,0.006988,0.006975,0.006981,6809,143.539001,143.595001,143.320999,143.462006,0,-0.225821,-0.21854,-0.216049
2025.06.02 02:00,0.006981,0.006983,0.006975,0.006978,3838,143.460007,143.597,143.410004,143.528,0,-0.217549,-0.21533,-0.220463
2025.06.02 03:00,0.006978,0.006979,0.006973,0.006977,2381,143.522003,143.643005,143.503998,143.522003,0,-0.222427,-0.21699,-0.204194
2025.06.02 04:00,0.006979,0.006979,0.006974,0.006977,2076,143.522995,143.613007,143.505005,143.533997,0,-0.223274,-0.217997,-0.216188
2025.06.02 05:00,0.006977,0.006989,0.006976,0.006987,3922,143.539993,143.557999,143.300003,143.350998,0,-0.209375,-0.218015,-0.217817
2025.06.02 06:00,0.006987,0.006998,0.006986,0.006992,6691,143.352005,143.376999,143.126999,143.223999,0,-0.233571,-0.218819,-0.213627
2025.06.02 07:00,0.006993,0.007012,0.00699,0.007008,8587,143.220001,143.281998,142.822006,142.904007,0,-0.23071,-0.209339,-0.220122
2025.06.02 08:00,0.007009,0.007014,0.007006,0.007008,7400,142.899994,142.951996,142.789001,142.929993,0,-0.217193,-0.206843,-0.22575
2025.06.02 09:00,0.007008,0.007014,0.007007,0.007008,5568,142.931,142.936996,142.778,142.936005,0,-0.222569,-0.216163,-0.231762
2025.06.02 10:00,0.007007,0.007016,0.007005,0.007013,4299,142.936005,142.973999,142.748001,142.806,0,-0.218825,-0.216642,-0.213673
2025.06.02 11:00,0.007013,0.007022,0.007011,0.007016,5898,142.809006,142.854004,142.617996,142.755005,0,-0.221,-0.208425,-0.213494
2025.06.02 12:00,0.007016,0.007019,0.007008,0.007012,22251,142.755997,142.895996,142.682999,142.826996,0,-0.212111,-0.222705,-0.204166
2025.06.02 13:00,0.007012,0.007012,0.007,0.007009,11964,142.830002,143.072006,142.822998,142.899994,0,-0.225064,-0.210331,-0.22629
2025.06.02 14:00,0.007009,0.007027,0.007009,0.00702,20518,142.897003,142.899994,142.535004,142.669006,0,-0.22629,-0.216639,-0.218862
2025.06.02 15:00,0.007019,0.007022,0.007012,0.007016,8364,142.669006,142.843994,142.625,142.772995,0,-0.221164,-0.215428,-0.231484
2025.06.02 16:00,0.007016,0.007016,0.007004,0.007007,4929,142.770004,142.994003,142.757996,142.929993,0,-0.228636,-0.216485,-0.215565
2025.06.02 17:00,0.007007,0.00701,0.007004,0.007006,4025,142.931,142.996994,142.869995,142.960999,0,-0.221433,-0.206471,-0.226196
2025.06.02 18:00,0.007006,0.007013,0.007004,0.007013,5308,142.960007,143.001007,142.804993,142.813995,0,-0.225446,-0.212666,-0.221669
2025.06.02 19:00,0.007013,0.00702,0.00701,0.007018,4024,142.815002,142.858994,142.662994,142.707993,0,-0.215814,-0.21285,-0.217252
2025.06.02 20:00,0.007019,0.00702,0.007016,0.007017,1510,142.707001,142.742996,142.662003,142.682999,0,-0.221796,-0.211858,-0.182103
2025.06.02 22:00,0.007019,0.007027,0.007017,0.007027,0,142.662003,142.701004,142.516006,142.518997,0,-0.189962,-0.207771,-0.200632
2025.06.02 23:00,0.007027,0.007033,0.007023,0.007032,3715,142.526993,142.591003,142.371994,142.423996,0,-0.211844,-0.195266,-0.216942
2025.06.03 00:00,0.007031,0.007031,0.007014,0.007017,5626,142.425995,142.787003,142.417999,142.707001,0,-0.204844,-0.200831,-0.206105
2025.06.03 01:00,0.007017,0.007017,0.006992,0.006996,10592,142.707993,143.227005,142.701996,143.128998,0,-0.206413,-0.2011,-0.200387
2025.06.03 02:00,0.006996,0.007002,0.00699,0.006998,3823,143.123001,143.251999,143.005005,143.100006,0,-0.200711,-0.198862,-0.202039
2025.06.03 03:00,0.006998,0.007002,0.00699,0.006995,0,143.095993,143.261002,143.018997,143.154999,0,-0.189252,-0.202664,-0.195741
2025.06.03 04:00,0.006994,0.007008,0.006994,0.007006,4905,143.158997,143.216995,142.897995,142.942993,0,-0.247516,-0.203927,-0.19801
2025.06.03 05:00,0.007006,0.007009,0.006997,0.007006,4287,142.945007,143.125,142.863998,142.951996,0,-0.206606,-0.190294,-0.207013
2025.06.03 06:00,0.007006,0.00701,0.006998,0.007008,3322,142.949005,143.098007,142.850006,142.884995,0,-0.210243,-0.206827,-0.201109
2025.06.03 07:00,0.007008,0.007023,0.007004,0.007012,6988,142.889008,142.975998,142.606003,142.824997,0,-0.210631,-0.206573,-0.202167
2025.06.03 08:00,0.007012,0.007018,0.007008,0.007013,5023,142.826996,142.904007,142.669998,142.798004,0,-0.199765,-0.179258,-0.205677
2025.06.03 09:00,0.007012,0.007014,0.007006,0.00701,2893,142.796005,142.932007,142.766998,142.856003,0,-0.197204,-0.194997,-0.202647
2025.06.03 10:00,0.00701,0.007012,0.006998,0.007,5405,142.852005,143.078995,142.834,143.056,0,-0.19123,-0.21117,-0.198861
2025.06.03 11:00,0.007,0.007,0.006994,0.006998,5511,143.057007,143.160995,143.042007,143.078995,0,-0.191516,-0.195065,-0.19123
2025.06.03 12:00,0.006999,0.007,0.006981,0.006981,9205,143.078003,143.447006,143.044998,143.421005,0,-0.20105,-0.198056,-0.18531
2025.06.03 13:00,0.006982,0.006987,0.006973,0.006975,16361,143.417007,143.615005,143.326004,143.535995,0,-0.194427,-0.203059,-0.177095
2025.06.03 14:00,0.006975,0.006976,0.006957,0.006965,21879,143.531998,143.938995,143.531998,143.774002,0,-0.19888,-0.183375,-0.198988
2025.06.03 15:00,0.006965,0.006967,0.006955,0.006957,12440,143.772003,143.990997,143.718002,143.942001,0,-0.209547,-0.194497,-0.201886
2025.06.03 16:00,0.006957,0.006961,0.006948,0.006955,5940,143.938995,144.108994,143.876007,143.977005,0,-0.193039,-0.208168,-0.195555
2025.06.03 17:00,0.006956,0.006961,0.006952,0.006961,4574,143.979996,144.029007,143.835999,143.843002,0,-0.195853,-0.188792,-0.195796
2025.06.03 18:00,0.006961,0.006962,0.006957,0.006959,3950,143.847,143.942993,143.835007,143.906998,0,-0.192544,-0.198119,-0.197865
2025.06.03 19:00,0.006959,0.006959,0.00695,0.006951,2804,143.904999,144.106995,143.893997,144.072998,0,-0.211754,-0.195193,-0.208807
2025.06.03 20:00,0.00695,0.006957,0.00695,0.006954,1534,144.072998,144.076996,143.923996,143.960007,0,-0.1921,-0.173547,-0.147543
2025.06.03 22:00,0.006954,0.006958,0.006951,0.006956,0,143.942993,144.042999,143.893005,143.955994,0,-0.178809,-0.173544,-0.184882
2025.06.03 23:00,0.006956,0.006963,0.006952,0.006962,1901,143.959,144.033005,143.794998,143.817993,0,-0.189503,-0.189049,-0.181106
2025.06.04 00:00,0.006963,0.006965,0.006952,0.006954,5092,143.815994,144.026993,143.770996,143.992996,0,-0.183491,-0.185672,-0.180532
2025.06.04 01:00,0.006954,0.006969,0.006939,0.006965,9000,143.990005,144.298004,143.662003,143.755005,0,-0.185019,-0.179684,-0.19029
2025.06.04 02:00,0.006965,0.006968,0.006954,0.006957,4175,143.755005,143.977005,143.699997,143.919006,0,-0.174874,-0.186793,-0.189214
2025.06.04 03:00,0.006957,0.006962,0.006948,0.00695,3154,143.921005,144.106003,143.832993,144.057007,0,-0.179689,-0.196105,-0.182465
2025.06.04 04:00,0.006953,0.006953,0.00694,0.006942,2949,144.059006,144.281998,143.979004,144.253006,0,-0.189783,-0.156195,-0.191927
2025.06.04 05:00,0.006941,0.006947,0.006934,0.006944,5026,144.251007,144.395004,144.132004,144.210999,0,-0.178106,-0.184977,-0.191415
2025.06.04 06:00,0.006944,0.006959,0.006938,0.006954,6229,144.209,144.315994,143.880997,143.970993,0,-0.182242,-0.182192,-0.179203
2025.06.04 07:00,0.006954,0.006963,0.006949,0.006949,5066,143.975006,144.095993,143.787994,144.087006,0,-0.190396,-0.182045,-0.181409
2025.06.04 08:00,0.006949,0.006961,0.006945,0.006959,4701,144.093002,144.181,143.841995,143.891006,0,-0.192519,-0.174156,-0.192202
2025.06.04 09:00,0.006959,0.006961,0.006948,0.006949,3722,143.891006,144.106003,143.843002,144.091003,0,-0.190048,-0.175163,-0.185407
2025.06.04 10:00,0.006949,0.006951,0.006938,0.006941,13456,144.089005,144.311005,144.048004,144.25,0,-0.187632,-0.183814,-0.178541
2025.06.04 11:00,0.006941,0.006946,0.006938,0.00694,3151,144.246002,144.313995,144.136002,144.270004,0,-0.180244,-0.178611,-0.188163
2025.06.04 12:00,0.00694,0.006977,0.00694,0.006975,20060,144.270004,144.272003,143.501999,143.554001,0,-0.179789,-0.18419,-0.1951
2025.06.04 13:00,0.006975,0.006977,0.006961,0.006967,15623,143.554001,143.830994,143.509003,143.690994,0,-0.183787,-0.180921,-0.167489
2025.06.04 14:00,0.00697,0.007003,0.00697,0.006995,22651,143.690994,143.690994,142.990005,143.132004,0,-0.218971,-0.194061,-0.172746
2025.06.04 15:00,0.006996,0.007006,0.006991,0.007006,10412,143.132004,143.229996,142.910995,142.917007,0,-0.188941,-0.186381,-0.182205
2025.06.04 16:00,0.007006,0.007021,0.007006,0.00702,6676,142.917007,142.919998,142.600006,142.634995,0,-0.185195,-0.180291,-0.18485
2025.06.04 17:00,0.00702,0.007021,0.007013,0.007014,4743,142.639999,142.783997,142.621994,142.772995,0,-0.19167,-0.181997,-0.190836
2025.06.04 18:00,0.007013,0.007016,0.00701,0.007012,5708,142.774994,142.835007,142.707993,142.809998,0,-0.181651,-0.176633,-0.187167
2025.06.04 19:00,0.007012,0.007012,0.007006,0.007008,4218,142.807007,142.925995,142.781998,142.882004,0,-0.191192,-0.179501,-0.177762
2025.06.04 20:00,0.007008,0.007016,0.007007,0.007012,1435,142.878006,142.897003,142.690002,142.720993,0,-0.182575,-0.168802,-0.108326
2025.06.04 22:00,0.007012,0.007014,0.007008,0.007011,0,142.733994,142.828995,142.716003,142.759995,0,-0.134927,-0.133845,-0.126991
2025.06.04 23:00,0.007012,0.007023,0.007008,0.007014,3518,142.764008,142.830994,142.520004,142.725998,0,-0.136926,-0.130715,-0.143839
2025.06.05 00:00,0.007014,0.007019,0.007007,0.007016,5177,142.720993,142.850006,142.604996,142.660995,0,-0.135578,-0.134561,-0.129636
2025.06.05 01:00,0.007016,0.007021,0.007001,0.007004,5404,142.664993,142.972,142.567993,142.919998,0,-0.135262,-0.138143,-0.134251
2025.06.05 02:00,0.007004,0.007008,0.007001,0.007004,2994,142.919998,142.973007,142.811996,142.889008,0,-0.136269,-0.128111,-0.12364
2025.06.05 03:00,0.007006,0.007014,0.006998,0.007,3983,142.888,143.024994,142.699997,142.994003,0,-0.137229,-0.13816,-0.147061
2025.06.05 04:00,0.007004,0.007004,0.006996,0.006998,1769,142.992996,143.076004,142.899002,143.026993,0,-0.137186,-0.133635,-0.139228
2025.06.05 05:00,0.006998,0.007,0.006992,0.006992,2110,143.029007,143.175003,143.0,143.151993,0,-0.144181,-0.132654,-0.141621
2025.06.05 06:00,0.006992,0.006998,0.006988,0.006988,4855,143.151993,143.242004,143.026993,143.227005,0,-0.139546,-0.129026,-0.134778
2025.06.05 07:00,0.006988,0.006996,0.006981,0.006983,6392,143.229996,143.393997,143.070007,143.345993,0,-0.137787,-0.131189,-0.141064
2025.06.05 08:00,0.006983,0.006988,0.00698,0.006986,3681,143.341995,143.404007,143.248001,143.281006,0,-0.137533,-0.1353,-0.137578
2025.06.05 09:00,0.006986,0.006994,0.006985,0.006989,3608,143.276993,143.300995,143.110001,143.214996,0,-0.137069,-0.140521,-0.133008
2025.06.05 10:00,0.006989,0.006999,0.006989,0.006994,2824,143.220001,143.225006,143.026001,143.132996,0,-0.143018,-0.148447,-0.143077
2025.06.05 11:00,0.006993,0.006996,0.006984,0.006987,3492,143.128006,143.322998,143.057999,143.268005,0,-0.138578,-0.129388,-0.134825
2025.06.05 12:00,0.006987,0.007011,0.006967,0.006982,27186,143.268005,143.686996,142.770996,143.365005,0,-0.142894,-0.137992,-0.13957
2025.06.05 13:00,0.006982,0.007004,0.006974,0.006998,18497,143.365997,143.531998,142.901993,143.026001,0,-0.142265,-0.136626,-0.138236
2025.06.05 14:00,0.006998,0.006999,0.006972,0.006978,17424,143.020996,143.544006,143.020996,143.455002,0,-0.11314,-0.143442,-0.147465
2025.06.05 15:00,0.006977,0.006977,0.006952,0.006958,15944,143.455002,143.972,143.449997,143.865005,0,-0.138846,-0.132188,-0.145544
2025.06.05 16:00,0.006957,0.006974,0.006952,0.006974,9522,143.860992,143.977005,143.518005,143.531998,0,-0.133504,-0.128272,-0.142265
2025.06.05 17:00,0.006974,0.006975,0.006958,0.006966,5919,143.529999,143.854004,143.514008,143.677994,0,-0.134542,-0.134557,-0.123586
2025.06.05 18:00,0.006967,0.006972,0.006963,0.006969,5191,143.681,143.759995,143.567993,143.628998,0,-0.133425,-0.137127,-0.136392
2025.06.05 19:00,0.006969,0.006977,0.006963,0.006967,7683,143.630997,143.764008,143.468002,143.686005,0,-0.137438,-0.129655,-0.141902
2025.06.05 20:00,0.006966,0.006975,0.006962,0.006973,1889,143.684998,143.781006,143.479004,143.494003,0,-0.144118,-0.099553,-0.083702
2025.06.05 22:00,0.006975,0.006977,0.006971,0.006973,0,143.518997,143.557999,143.442993,143.514008,0,-0.116843,-0.114911,-0.113991
2025.06.05 23:00,0.006974,0.006977,0.00697,0.006972,1563,143.518005,143.597,143.453995,143.554001,0,-0.124977,-0.125913,-0.123135
2025.06.06 00:00,0.006971,0.006973,0.006963,0.006963,5124,143.552002,143.748993,143.526001,143.718002,0,-0.122423,-0.125985,-0.112053
2025.06.06 01:00,0.006963,0.006969,0.006961,0.006967,4543,143.727005,143.789993,143.613007,143.664993,0,-0.122154,-0.110103,-0.120891
2025.06.06 02:00,0.006967,0.006967,0.006955,0.006957,3053,143.666,143.899994,143.641998,143.839005,0,-0.118544,-0.118493,-0.109212
2025.06.06 03:00,0.006958,0.006964,0.006958,0.006962,2791,143.841003,143.850006,143.712006,143.759003,0,-0.130544,-0.11637,-0.122115
2025.06.06 04:00,0.00696,0.006961,0.006957,0.006959,2777,143.757996,143.880997,143.729996,143.837006,0,-0.130548,-0.072478,-0.127873
2025.06.06 05:00,0.006959,0.006959,0.006952,0.006957,3864,143.832993,143.977997,143.809998,143.863998,0,-0.124156,-0.12151,-0.113549
2025.06.06 06:00,0.006957,0.006959,0.006944,0.006949,6931,143.865005,144.132004,143.806,144.022995,0,-0.122783,-0.107195,-0.117398
2025.06.06 07:00,0.006949,0.00696,0.006944,0.006955,7377,144.022003,144.136993,143.798004,143.906006,0,-0.127772,-0.119841,-0.124556
2025.06.06 08:00,0.006955,0.006956,0.006947,0.006948,4493,143.906998,144.067993,143.876007,144.052002,0,-0.120967,-0.115223,-0.115338
2025.06.06 09:00,0.006947,0.006951,0.006942,0.006942,9533,144.052994,144.190994,143.994995,144.158997,0,-0.129915,-0.130804,-0.118663
2025.06.06 10:00,0.006943,0.006949,0.006943,0.006946,2862,144.156006,144.160004,144.014999,144.087997,0,-0.130046,-0.109403,-0.130607
2025.06.06 11:00,0.006946,0.006948,0.006941,0.006942,4443,144.080994,144.186005,144.052002,144.156006,0,-0.114545,-0.115338,-0.115672
2025.06.06 12:00,0.006943,0.006944,0.006915,0.006921,31793,144.151993,144.699005,144.076004,144.617996,0,-0.075391,-0.05642,-0.11977
2025.06.06 13:00,0.00692,0.006923,0.006904,0.006911,40669,144.623001,144.972,144.550003,144.904007,0,-0.12843,-0.114385,-0.207142
2025.06.06 14:00,0.006909,0.006921,0.006901,0.006907,22467,144.904999,145.029007,144.613007,144.897995,0,-0.132966,-0.114781,-0.117342
2025.06.06 15:00,0.006907,0.006913,0.006899,0.006908,14495,144.895996,145.089005,144.764008,144.876007,0,-0.140464,-0.11947,-0.116308
2025.06.06 16:00,0.006908,0.006969,0.006903,0.006904,6920,144.878998,144.981995,144.809006,144.964005,0,-0.127932,-1.3164,-0.120435
2025.06.06 17:00,0.006904,0.006911,0.006904,0.006909,5591,144.966995,144.968002,144.824005,144.867004,0,-0.124432,-0.116678,-0.117785
2025.06.06 18:00,0.006909,0.006911,0.006907,0.00691,4035,144.862,144.906998,144.807007,144.843994,0,-0.126345,-0.120612,-0.126194
2025.06.06 19:00,0.00691,0.006913,0.006909,0.006912,3583,144.848007,144.848007,144.770004,144.781998,0,-0.119732,-0.125466,-0.106072
2025.06.06 20:00,0.006913,0.006913,0.006908,0.006909,1068,144.781998,144.891006,144.776001,144.815994,0,-0.131307,-0.120999,-0.087719
2025.06.08 23:00,0.006917,0.006921,0.006914,0.006917,1828,144.690994,144.746994,144.593994,144.692993,0,-0.112919,-0.1062,-0.111199
2025.06.09 00:00,0.006917,0.006922,0.006904,0.006904,8019,144.690002,144.947998,144.574005,144.932007,0,-0.104428,-0.10709,-0.088437
2025.06.09 01:00,0.006905,0.006927,0.006905,0.006923,4574,144.938004,144.938995,144.470001,144.542007,0,-0.105917,-0.10736,-0.106389
2025.06.09 02:00,0.006923,0.006933,0.006923,0.006925,3385,144.541,144.570999,144.345001,144.496002,0,-0.114521,-0.107296,-0.102096
2025.06.09 03:00,0.006926,0.006932,0.006925,0.006926,1579,144.494003,144.509995,144.348999,144.492004,0,-0.10566,-0.100889,-0.108524
2025.06.09 04:00,0.006925,0.006932,0.006925,0.006932,1273,144.488998,144.494995,144.345993,144.376999,0,-0.101088,-0.097883,-0.108083
2025.06.09 05:00,0.006932,0.006932,0.006926,0.00693,2068,144.378998,144.496002,144.347,144.412994,0,-0.112522,-0.09889,-0.112853
2025.06.09 06:00,0.00693,0.00694,0.006928,0.00694,3833,144.412003,144.464005,144.195007,144.209,0,-0.111785,-0.102793,-0.106401
2025.06.09 07:00,0.00694,0.006945,0.006934,0.006943,4598,144.207993,144.298996,144.098007,144.143005,0,-0.082097,-0.109527,-0.113047
2025.06.09 08:00,0.006943,0.006948,0.006941,0.006942,8024,144.143005,144.175995,144.031998,144.154999,0,-0.104535,-0.105684,-0.104288
2025.06.09 09:00,0.006942,0.006951,0.006942,0.006944,5571,144.153,144.166,143.970001,144.102997,0,-0.11529,-0.105811,-0.104147
2025.06.09 10:00,0.006944,0.006948,0.00694,0.006942,4076,144.102997,144.188995,144.029007,144.171997,0,-0.107154,-0.102694,-0.110918
2025.06.09 11:00,0.006942,0.006942,0.006925,0.006926,11371,144.169998,144.529007,144.154007,144.485001,0,-0.114252,-0.113673,-0.101521
2025.06.09 12:00,0.006926,0.006929,0.006917,0.006919,7620,144.492004,144.692001,144.434006,144.628006,0,-0.110208,-0.113034,-0.098446
2025.06.09 13:00,0.006919,0.006921,0.006913,0.006917,10970,144.632996,144.772003,144.591995,144.662994,0,-0.106545,-0.114641,-0.102097
2025.06.09 14:00,0.006917,0.006924,0.006914,0.00692,13112,144.662003,144.751007,144.528,144.612,0,-0.116932,-0.102814,-0.103331
2025.06.09 15:00,0.00692,0.006933,0.00692,0.006932,7828,144.612,144.621994,144.343994,144.371002,0,-0.113325,-0.106289,-0.102086
2025.06.09 16:00,0.006932,0.006932,0.006928,0.00693,3196,144.367004,144.460007,144.360001,144.397003,0,-0.118208,-0.11189,-0.107265
2025.06.09 17:00,0.00693,0.00693,0.006927,0.006928,2571,144.397003,144.473999,144.384995,144.459,0,-0.111358,-0.095257,-0.10678
2025.06.09 18:00,0.006928,0.00693,0.006922,0.006923,12044,144.462997,144.567001,144.384995,144.557007,0,-0.100086,-0.095257,-0.110955
2025.06.09 19:00,0.006923,0.006925,0.006921,0.006923,3470,144.552994,144.598999,144.496002,144.559998,0,-0.111205,-0.102096,-0.103519
2025.06.09 20:00,0.006923,0.006923,0.006919,0.006921,1067,144.561996,144.634995,144.522003,144.539993,0,-0.105435,-0.075951,-0.041767
2025.06.09 22:00,0.006918,0.006921,0.006917,0.00692,0,144.524002,144.651001,144.492996,144.598007,0,-0.090103,-0.015642,-0.089338
2025.06.09 23:00,0.006921,0.006925,0.006917,0.006922,1773,144.593002,144.653,144.496002,144.561005,0,-0.092102,-0.081248,-0.094089
2025.06.10 00:00,0.006921,0.00693,0.006917,0.006924,5985,144.563004,144.656998,144.393997,144.520996,0,-0.085648,-0.083441,-0.09581
2025.06.10 01:00,0.006924,0.006928,0.006898,0.0069,9252,144.516998,145.059998,144.423996,145.009995,0,-0.090439,-0.082197,-0.082457
2025.06.10 02:00,0.006899,0.006905,0.006887,0.006904,9897,145.009003,145.289993,144.891998,144.931,0,-0.088891,-0.079889,-0.08743
2025.06.10 03:00,0.006904,0.006909,0.006901,0.006909,0,144.931,144.985992,144.779999,144.824005,0,-0.079461,-0.051724,-0.085263
2025.06.10 04:00,0.006909,0.006909,0.006903,0.006904,2459,144.824997,144.949005,144.800995,144.932999,0,-0.084457,-0.051775,-0.089429
2025.06.10 05:00,0.006904,0.006928,0.006904,0.006922,11276,144.936005,144.942001,144.444,144.554993,0,-0.098431,-0.091781,-0.088077
2025.06.10 06:00,0.006923,0.006928,0.006917,0.006921,16783,144.552994,144.658997,144.421005,144.589996,0,-0.098099,-0.089616,-0.09177
2025.06.10 07:00,0.006921,0.006923,0.006909,0.006913,6907,144.585007,144.830994,144.537003,144.740005,0,-0.092252,-0.080524,-0.095467
2025.06.10 08:00,0.006915,0.006921,0.006915,0.006918,3349,144.740997,144.744995,144.561005,144.645996,0,-0.121381,-0.083651,-0.095549
2025.06.10 09:00,0.006918,0.006919,0.006912,0.006916,2777,144.647003,144.772995,144.617996,144.682999,0,-0.097069,-0.088436,-0.09075
2025.06.10 10:00,0.006917,0.006921,0.006914,0.006919,2652,144.679993,144.738007,144.587006,144.600998,0,-0.103931,-0.08878,-0.081884
2025.06.10 11:00,0.00692,0.006925,0.006919,0.006921,5680,144.606003,144.619995,144.477997,144.582993,0,-0.100881,-0.08409,-0.095199
2025.06.10 12:00,0.006921,0.006926,0.006917,0.006918,8151,144.582993,144.647995,144.453003,144.634995,0,-0.087097,-0.079938,-0.084548
2025.06.10 13:00,0.006918,0.006928,0.006917,0.006923,11440,144.641006,144.677994,144.438004,144.529007,0,-0.0962,-0.085784,-0.093389
2025.06.10 14:00,0.006923,0.006924,0.00691,0.006911,8178,144.529007,144.834,144.511993,144.798004,0,-0.116199,-0.086808,-0.101139
2025.06.10 15:00,0.006909,0.006911,0.006903,0.006905,9264,144.807999,144.947998,144.789993,144.914001,0,-0.093935,-0.082666,-0.080923
2025.06.10 16:00,0.006905,0.006907,0.006899,0.006903,7489,144.914001,145.044006,144.871994,144.968994,0,-0.095466,-0.091341,-0.09395
2025.06.10 17:00,0.006903,0.006905,0.0069,0.006904,4062,144.966995,145.024002,144.910004,144.934998,0,-0.096464,-0.076925,-0.091428
2025.06.10 18:00,0.006904,0.006905,0.0069,0.006903,5090,144.932007,145.020996,144.893005,144.955002,0,-0.093458,-0.080896,-0.090454
2025.06.10 19:00,0.006903,0.006911,0.006899,0.006905,5370,144.957001,145.033005,144.778,144.906006,0,-0.084465,-0.081135,-0.093896
2025.06.10 20:00,0.006905,0.006907,0.006905,0.006907,5765,144.901993,144.932007,144.822998,144.850006,0,-0.098928,-0.052818,-0.058869
2025.06.10 22:00,0.006907,0.006909,0.006902,0.006902,0,144.845993,144.966003,144.813004,144.942001,0,-0.080462,-0.063784,-0.05646
2025.06.10 23:00,0.006903,0.00691,0.006892,0.006909,6660,144.957993,145.162994,144.792999,144.843002,0,-0.067228,-0.075199,-0.093782
2025.06.11 00:00,0.006908,0.006917,0.006902,0.006904,6588,144.841995,144.966003,144.677994,144.919006,0,-0.080462,-0.0962,-0.075436
2025.06.11 01:00,0.006904,0.006907,0.006899,0.0069,3825,144.923996,145.037003,144.837997,145.005005,0,-0.077954,-0.067817,-0.077467
2025.06.11 02:00,0.0069,0.006907,0.006893,0.006903,3684,145.005997,145.149994,144.848007,144.947006,0,-0.075283,-0.077827,-0.071962
2025.06.11 03:00,0.006903,0.006903,0.006897,0.006899,2148,144.945999,145.061996,144.919006,145.007004,0,-0.081927,-0.064943,-0.058464
2025.06.11 04:00,0.006899,0.006905,0.006897,0.006899,3332,145.003006,145.072998,144.886002,145.029999,0,-0.082425,-0.073892,-0.07095
2025.06.11 05:00,0.006898,0.006901,0.006893,0.006901,6448,145.031998,145.050003,144.975998,144.979996,0,0.024708,-0.069466,-0.073464
2025.06.11 06:00,0.006901,0.006901,0.006888,0.006894,13780,144.981003,145.246002,144.964005,145.126999,0,-0.076516,-0.067964,-0.073326
2025.06.11 07:00,0.006894,0.006896,0.00689,0.006894,9502,145.125,145.242004,145.078995,145.115997,0,-0.093594,-0.067392,-0.062325
2025.06.11 08:00,0.006894,0.0069,0.006893,0.006897,11760,145.117004,145.147995,144.998001,145.065994,0,-0.073284,-0.070463,-0.075421
2025.06.11 09:00,0.006897,0.006903,0.006895,0.006895,12962,145.065994,145.095993,144.917007,145.082001,0,-0.063363,-0.062944,-0.05988
2025.06.11 10:00,0.006897,0.006897,0.006892,0.006894,12038,145.078995,145.166,145.041,145.125,0,-0.070234,-0.060931,-0.060814
2025.06.11 11:00,0.006894,0.006894,0.006884,0.006886,34544,145.141006,145.335999,145.108994,145.281006,0,-0.071613,-0.065843,-0.069358
2025.06.11 12:00,0.006886,0.006932,0.006872,0.006913,73256,145.281998,145.466003,144.320999,144.731003,0,0.041457,-0.072889,-0.076001
2025.06.11 13:00,0.006913,0.006919,0.006891,0.006897,61984,144.727997,145.184006,144.608002,145.046005,0,-0.067188,-0.078442,-0.065935
2025.06.11 14:00,0.006897,0.006913,0.006895,0.006911,27830,145.050003,145.087997,144.731003,144.791,0,-0.065877,-0.076001,-0.083673
2025.06.11 15:00,0.006909,0.006926,0.006908,0.006925,35530,144.822006,144.845001,144.462006,144.487,0,-0.085302,-0.078526,-0.072245
2025.06.11 16:00,0.006925,0.006927,0.006918,0.006919,23230,144.490005,144.628006,144.434998,144.615997,0,-0.077559,-0.072356,-0.076
2025.06.11 17:00,0.006919,0.006923,0.006917,0.006923,10670,144.613998,144.651993,144.509995,144.524994,0,-0.080643,-0.074376,-0.078942
2025.06.11 18:00,0.006923,0.006932,0.006922,0.006923,24764,144.524994,144.542007,144.320999,144.505005,0,-0.075092,-0.072889,-0.069387
2025.06.11 19:00,0.006924,0.006924,0.006917,0.006918,12810,144.509003,144.647995,144.494003,144.630005,0,-0.076645,-0.068818,-0.079558
2025.06.11 20:00,0.006918,0.006921,0.006915,0.006919,4552,144.630005,144.692993,144.518005,144.541,0,-0.069379,-0.040652,-0.021887
2025.06.11 22:00,0.006921,0.006936,0.006919,0.006934,0,144.531998,144.531998,144.192001,144.227997,0,-0.012884,-0.027074,-0.011098
2025.06.11 23:00,0.006934,0.00694,0.00693,0.006938,9976,144.253006,144.317993,144.110001,144.179993,0,-0.017852,-0.017786,-0.03585
2025.06.12 00:00,0.006938,0.006948,0.006929,0.006944,14958,144.177002,144.345001,143.949997,144.042007,0,-0.024029,-0.023683,-0.022424
2025.06.12 01:00,0.006944,0.006959,0.006941,0.006947,18118,144.037994,144.102005,143.720993,143.981995,0,-0.030546,-0.022189,-0.034968
2025.06.12 02:00,0.006947,0.00695,0.00694,0.006948,10636,143.981995,144.093994,143.903,143.949997,0,-0.012153,-0.028458,-0.023683
2025.06.12 03:00,0.006948,0.006954,0.006944,0.006952,5848,143.953003,144.054993,143.834,143.893005,0,-0.035409,-0.021535,-0.039165
2025.06.12 04:00,0.006946,0.00695,0.006944,0.006948,2035,143.893997,144.046005,143.884995,143.942993,0,-0.036784,-0.010452,-0.01668
2025.06.12 05:00,0.006948,0.006961,0.006946,0.006959,6350,143.942001,143.983994,143.669998,143.731995,0,-0.026603,-0.022792,-0.03319
2025.06.12 06:00,0.006959,0.006964,0.00695,0.006959,8178,143.731995,143.923996,143.630997,143.733994,0,-0.0391,-0.035361,-0.035189
2025.06.12 07:00,0.006959,0.006959,0.00694,0.006952,12719,143.733994,144.139008,143.733994,143.873993,0,-0.036409,-0.024861,-0.020152
2025.06.12 08:00,0.006952,0.006957,0.006949,0.006956,5235,143.878006,143.942001,143.748001,143.794998,0,-0.036405,-0.018208,-0.023886
2025.06.12 09:00,0.006956,0.006967,0.006952,0.006961,6627,143.789993,143.873001,143.561005,143.697998,0,-0.0295,-0.0375,-0.030159
2025.06.12 10:00,0.006961,0.006973,0.006958,0.006968,10073,143.697998,143.755005,143.444,143.548004,0,-0.035543,-0.033699,-0.0348
2025.06.12 11:00,0.006968,0.006975,0.006957,0.006965,6802,143.546997,143.787003,143.399994,143.619003,0,-0.036553,-0.030814,-0.033679
2025.06.12 12:00,0.006965,0.006985,0.006959,0.006981,20914,143.617004,143.742004,143.179993,143.287994,0,-0.032872,-0.005826,-0.031784
2025.06.12 13:00,0.006981,0.006985,0.006969,0.006972,28098,143.285995,143.522995,143.195007,143.464996,0,-0.020091,-0.031082,-0.03413
2025.06.12 14:00,0.006972,0.006973,0.006957,0.006959,21464,143.462997,143.753006,143.423004,143.735001,0,-0.023213,-0.022988,-0.025868
2025.06.12 15:00,0.006959,0.006965,0.00695,0.006963,11717,143.731995,143.904007,143.587997,143.647003,0,-0.029465,-0.023282,-0.030749
2025.06.12 16:00,0.006963,0.006967,0.006959,0.006965,5698,143.643997,143.738007,143.542007,143.610992,0,-0.039202,-0.018502,-0.035978
2025.06.12 17:00,0.006965,0.006969,0.006959,0.006968,6339,143.606995,143.733994,143.522003,143.542007,0,-0.035189,-0.029397,-0.028804
2025.06.12 18:00,0.006967,0.006971,0.006965,0.006969,7130,143.548004,143.595001,143.468002,143.524002,0,-0.030286,-0.016565,-0.031396
2025.06.12 19:00,0.006969,0.006971,0.006965,0.006967,6906,143.561996,143.598999,143.481003,143.572998,0,-0.034284,-0.019273,-0.028896
2025.06.12 20:00,0.006967,0.006971,0.006965,0.006971,3852,143.576004,143.595001,143.445007,143.445007,0,-0.030286,-0.003852,0.016722
2025.06.12 22:00,0.00697,0.006975,0.006969,0.006971,0,143.505005,143.541,143.380005,143.466995,0,-0.048395,-0.021104,-0.02584
2025.06.12 23:00,0.006973,0.00699,0.006971,0.00699,425,143.449997,143.462997,143.070999,143.091995,0,-0.021842,-0.009486,-0.030482
2025.06.13 00:00,0.006988,0.007005,0.006984,0.006992,5907,143.089996,143.192001,142.789993,143.037003,0,-0.007582,-0.034819,-0.00618
2025.06.13 01:00,0.006992,0.006998,0.006979,0.006986,1532,143.039993,143.292007,142.914993,143.171997,0,-0.015267,-0.006813,-0.02857
2025.06.13 02:00,0.006985,0.006996,0.006983,0.006989,706,143.171005,143.238007,142.947998,143.074005,0,-0.02283,-0.00918,0.007983
2025.06.13 03:00,0.00699,0.00699,0.006958,0.006971,717,143.074997,143.744003,143.072006,143.494003,0,-0.024542,-0.000256,-0.032274
2025.06.13 04:00,0.006969,0.006969,0.006956,0.006961,534,143.494995,143.768005,143.427002,143.651993,0,-0.007221,0.055317,0.005525
2025.06.13 05:00,0.006962,0.006969,0.006951,0.006968,1175,143.649002,143.873001,143.505005,143.537994,0,-0.00881,-0.002101,-0.024791
2025.06.13 06:00,0.006967,0.006975,0.006957,0.006961,1952,143.537003,143.740997,143.376007,143.647003,0,-0.011205,0.003444,0.010514
2025.06.13 07:00,0.006963,0.006967,0.006955,0.006955,1475,143.645004,143.796005,143.528,143.794998,0,-0.014555,-0.004495,-0.013548
2025.06.13 08:00,0.006954,0.007033,0.00695,0.007027,84735,143.794006,143.895004,143.662003,143.791,0,-0.010109,-1.475164,-1.472636
2025.06.13 09:00,0.007027,0.007029,0.006938,0.007011,10889,143.791,144.162994,143.746002,144.110992,0,-0.018852,-1.468135,-1.477989
2025.06.13 10:00,0.00701,0.007017,0.006925,0.007,12485,144.108994,144.399002,143.968002,144.352005,0,-0.005095,-1.467107,-1.484659
2025.06.13 11:00,0.007,0.007011,0.006924,0.00701,6424,144.350998,144.445007,144.098007,144.123993,0,-0.019822,-1.465003,-1.480814
2025.06.13 12:00,0.00701,0.007012,0.00693,0.007002,8218,144.128998,144.317993,144.082993,144.292999,0,-0.028255,-1.480496,-1.476666
2025.06.13 13:00,0.007002,0.007014,0.006922,0.007012,12881,144.289993,144.483994,144.050003,144.100006,0,-0.017078,-1.478001,-1.477176
2025.06.13 14:00,0.007011,0.007016,0.006935,0.007011,15075,144.098007,144.207001,144.014008,144.121002,0,-0.010893,-1.472497,-1.487998
2025.06.13 15:00,0.00701,0.007019,0.006936,0.007014,8095,144.121002,144.190002,143.951996,144.046997,0,-0.004293,-1.481561,-1.474995
2025.06.13 16:00,0.007014,0.007018,0.007013,0.007015,4289,144.042007,144.070999,143.960999,144.033005,0,-1.478672,-1.470258,-1.481332
2025.06.13 17:00,0.007016,0.007016,0.007008,0.007012,4879,144.031006,144.195999,144.011002,144.091003,0,-1.491757,-1.479642,-1.478336
2025.06.13 18:00,0.007012,0.007025,0.007012,0.007019,6209,144.091995,144.098007,143.848999,143.951996,0,-1.48534,-1.490113,-1.481561
2025.06.13 19:00,0.007019,0.007023,0.007017,0.00702,5626,143.957993,143.996002,143.852005,143.934998,0,-1.495107,-1.472846,-1.484853
2025.06.13 20:00,0.00702,0.007021,0.00701,0.00701,2452,143.934998,144.149002,143.923004,144.072998,0,-1.485478,-1.493154,-1.409473
2025.06.15 23:00,0.006992,0.006994,0.00698,0.006988,4761,144.470993,144.748993,144.419998,144.570007,0,-1.482519,-1.43008,-1.47778
2025.06.16 00:00,0.006989,0.007,0.006987,0.006998,4921,144.569,144.604996,144.347,144.365005,0,-1.471815,-1.479654,-1.467039
2025.06.16 01:00,0.006998,0.007008,0.006997,0.006999,3824,144.369003,144.384995,144.156998,144.345001,0,-1.4666,-1.473112,-1.467447
2025.06.16 02:00,0.007,0.007002,0.006994,0.006996,2376,144.339996,144.464005,144.287994,144.410995,0,-1.474086,-1.461459,-1.482385
2025.06.16 03:00,0.006996,0.007,0.006992,0.006993,1343,144.412994,144.488007,144.332993,144.477005,0,-1.477634,-1.465647,-1.476861
2025.06.16 04:00,0.006993,0.007002,0.006993,0.007001,1786,144.481003,144.481995,144.283997,144.304001,0,-1.48185,-1.467663,-1.467263
2025.06.16 05:00,0.007002,0.007018,0.007001,0.007013,3944,144.298004,144.315994,143.968002,144.067001,0,-1.479256,-1.477262,-1.474674
2025.06.16 06:00,0.007014,0.007016,0.007004,0.007004,3611,144.065994,144.242996,143.990997,144.229004,0,-1.477629,-1.469797,-1.463637
2025.06.16 07:00,0.007004,0.00701,0.006997,0.007008,5381,144.233994,144.391006,144.132004,144.175995,0,-1.472612,-1.468479,-1.471753
2025.06.16 08:00,0.007007,0.007012,0.006999,0.007004,13694,144.181,144.350998,144.091003,144.259995,0,-1.473443,-1.468173,-1.474247
2025.06.16 09:00,0.007004,0.007011,0.007,0.00701,5422,144.259995,144.339005,144.095001,144.112,0,-1.471659,-1.461997,-1.46882
2025.06.16 10:00,0.00701,0.007016,0.007008,0.007014,2189,144.112,144.177002,144.007004,144.042007,0,-1.47276,-1.465493,-1.470006
2025.06.16 11:00,0.007014,0.007017,0.007008,0.00701,2983,144.044006,144.158005,143.972,144.115005,0,-1.463937,-1.460958,-1.471826
2025.06.16 12:00,0.00701,0.007012,0.007002,0.007012,5857,144.110992,144.281998,144.076004,144.093994,0,-1.465664,-1.463337,-1.471164
2025.06.16 13:00,0.007011,0.007027,0.007011,0.007025,11223,144.098007,144.112,143.768005,143.807999,0,-1.478996,-1.45977,-1.469372
2025.06.16 14:00,0.007025,0.007033,0.00701,0.007014,16120,143.807007,144.119995,143.649002,144.052002,0,-1.466639,-1.462164,-1.48
2025.06.16 15:00,0.007014,0.007016,0.007006,0.00701,9946,144.046005,144.207993,143.985992,144.134003,0,-1.463009,-1.464792,-1.480647
2025.06.16 16:00,0.00701,0.007012,0.007005,0.007007,4059,144.132004,144.225006,144.084,144.171005,0,-1.469832,-1.46117,-1.456578
2025.06.16 17:00,0.007008,0.007008,0.006996,0.006998,3032,144.166,144.414001,144.151993,144.365005,0,-1.464964,-1.468108,-1.467039
2025.06.16 18:00,0.006998,0.006998,0.006987,0.006987,7745,144.369995,144.604996,144.363998,144.598999,0,-1.471815,-1.466032,-1.465818
2025.06.16 19:00,0.006987,0.006987,0.006973,0.006975,6172,144.598999,144.876007,144.587997,144.856003,0,-1.475991,-1.465052,-1.476552
2025.06.16 20:00,0.006974,0.006981,0.006973,0.00698,2333,144.860001,144.865997,144.695999,144.725006,0,-1.465981,-1.439789,-1.458532
2025.06.16 22:00,0.006981,0.006987,0.006971,0.006984,0,144.701004,144.824005,144.570999,144.602005,0,-1.362276,-1.437818,-1.417585
2025.06.16 23:00,0.006985,0.006985,0.006975,0.006981,2591,144.617004,144.798996,144.602005,144.684006,0,-1.440095,-1.43808,-1.448311
2025.06.17 00:00,0.006981,0.006982,0.006961,0.006963,7914,144.681,145.112,144.669998,145.061005,0,-1.454482,-1.444563,-1.444751
2025.06.17 01:00,0.006963,0.006977,0.006963,0.006973,4510,145.061996,145.063995,144.787994,144.869003,0,-1.458046,-1.449647,-1.448425
2025.06.17 02:00,0.006972,0.006975,0.006966,0.006969,3139,144.865005,144.998001,144.811005,144.945999,0,-1.443593,-1.441825,-1.453393
2025.06.17 03:00,0.006969,0.006984,0.006967,0.00698,0,144.940994,144.966995,144.615005,144.660004,0,-1.433197,-1.430586,-1.393529
2025.06.17 04:00,0.006986,0.006996,0.006985,0.006985,3345,144.656998,144.671005,144.397995,144.587997,0,-1.496838,-1.448958,-1.434322
2025.06.17 05:00,0.006986,0.00699,0.006979,0.006982,2654,144.587997,144.725998,144.496002,144.662994,0,-1.43899,-1.434489,-1.437559
2025.06.17 06:00,0.006982,0.006988,0.006971,0.006971,6263,144.662003,144.891998,144.554993,144.889999,0,-1.450843,-1.442292,-1.448844
2025.06.17 07:00,0.006971,0.006994,0.006965,0.006988,8028,144.886993,145.024002,144.401993,144.526993,0,-1.448988,-1.432513,-1.434765
2025.06.17 08:00,0.006988,0.006992,0.006971,0.006971,5716,144.528,144.899994,144.462997,144.899002,0,-1.448557,-1.432175,-1.447565
2025.06.17 09:00,0.006971,0.006977,0.006968,0.006975,6056,144.899994,144.942001,144.772003,144.815994,0,-1.428798,-1.433656,-1.436543
2025.06.17 10:00,0.006975,0.006982,0.006975,0.006981,2671,144.822006,144.832993,144.660004,144.688995,0,-1.453542,-1.434568,-1.443039
2025.06.17 11:00,0.006981,0.006992,0.006981,0.006985,5545,144.686996,144.705002,144.483002,144.615005,0,-1.448792,-1.452179,-1.45108
2025.06.17 12:00,0.006985,0.006998,0.006971,0.006973,11490,144.610992,144.914993,144.363007,144.856003,0,-1.453264,-1.454827,-1.445701
2025.06.17 13:00,0.006973,0.006981,0.006969,0.006971,5205,144.858994,144.940002,144.684998,144.884995,0,-1.457684,-1.439041,-1.443839
2025.06.17 14:00,0.006971,0.006973,0.006952,0.006957,15434,144.880997,145.292999,144.852005,145.184006,0,-1.449498,-1.441704,-1.44389
2025.06.17 15:00,0.006957,0.006966,0.006956,0.006964,5986,145.184998,145.207001,145.009995,145.039001,0,-1.446216,-1.455587,-1.443366
2025.06.17 16:00,0.006965,0.006971,0.006954,0.006955,7141,145.039001,145.257004,144.901993,145.223007,0,-1.454873,-1.440263,-1.441557
2025.06.17 17:00,0.006956,0.00696,0.006952,0.006954,4742,145.218002,145.300003,145.123993,145.244003,0,-1.456502,-1.44583,-1.441872
2025.06.17 18:00,0.006954,0.006957,0.006948,0.006948,4463,145.240005,145.375,145.186005,145.367004,0,-1.448687,-1.445889,-1.45105
2025.06.17 19:00,0.006948,0.006957,0.006948,0.006956,3083,145.365997,145.382996,145.199997,145.218002,0,-1.456682,-1.449548,-1.446891
2025.06.17 20:00,0.006956,0.006957,0.00695,0.006953,1007,145.212006,145.326996,145.195007,145.253006,0,-1.452454,-1.444558,-1.430198
2025.06.17 22:00,0.00695,0.006956,0.006946,0.006948,0,145.205994,145.391006,145.188004,145.380005,0,-1.433616,-1.427219,-1.44334
2025.06.17 23:00,0.006948,0.006951,0.006946,0.006949,1686,145.380005,145.434006,145.311996,145.382004,0,-1.455894,-1.447806,-1.476407
2025.06.18 00:00,0.006948,0.006957,0.006945,0.006951,5182,145.408997,145.427994,145.214005,145.315994,0,-1.439513,-1.473889,-1.451804
2025.06.18 01:00,0.00695,0.006959,0.00695,0.006958,4089,145.315002,145.341003,145.147995,145.160004,0,-1.445763,-1.438863,-1.440542
2025.06.18 02:00,0.006958,0.006961,0.006956,0.006961,2276,145.160995,145.223007,145.102005,145.123001,0,-1.451896,-1.444488,-1.455162
2025.06.18 03:00,0.006961,0.006964,0.006959,0.006963,1957,145.121994,145.134003,145.035995,145.067001,0,-1.435198,-1.44036,-1.440431
2025.06.18 04:00,0.006963,0.00697,0.006961,0.006965,1661,145.067993,145.110992,144.919998,145.016006,0,-1.443153,-1.447975,-1.451291
2025.06.18 05:00,0.006965,0.006971,0.006963,0.006965,2093,145.016998,145.057007,144.897003,145.016006,0,-1.451058,-1.455847,-1.451291
2025.06.18 06:00,0.006965,0.006973,0.006963,0.006971,4117,145.011002,145.078995,144.854004,144.899994,0,-1.452425,-1.433426,-1.448557
2025.06.18 07:00,0.006971,0.006973,0.006963,0.006968,3389,144.895996,145.048996,144.848007,144.953003,0,-1.443047,-1.437706,-1.439799
2025.06.18 08:00,0.006968,0.006969,0.006959,0.006967,2819,144.957001,145.128006,144.927002,144.964996,0,-1.439518,-1.444683,-1.441491
2025.06.18 09:00,0.006967,0.006971,0.006965,0.006969,2852,144.964996,145.024994,144.895004,144.927994,0,-1.43967,-1.443567,-1.435388
2025.06.18 10:00,0.006969,0.006976,0.006969,0.006975,3257,144.929993,144.955994,144.796005,144.822998,0,-1.45309,-1.447382,-1.453818
2025.06.18 11:00,0.006975,0.006975,0.006969,0.006973,3122,144.822006,144.929001,144.807999,144.848007,0,-1.446682,-1.449098,-1.447991
2025.06.18 12:00,0.006973,0.006979,0.006968,0.006971,8382,144.843994,144.964996,144.735992,144.889008,0,-1.451793,-1.438726,-1.437571
2025.06.18 13:00,0.006971,0.00698,0.006969,0.006973,6370,144.891006,144.921005,144.710999,144.865997,0,-1.438687,-1.444524,-1.445419
2025.06.18 14:00,0.006973,0.006982,0.006967,0.006977,13085,144.860001,144.966995,144.671005,144.800995,0,-1.44349,-1.44557,-1.462648
2025.06.18 15:00,0.006975,0.006988,0.006975,0.006987,6719,144.802002,144.815002,144.563995,144.572998,0,-1.456102,-1.451294,-1.439817
2025.06.18 16:00,0.006987,0.006988,0.006981,0.006981,3807,144.576004,144.688995,144.520004,144.675995,0,-1.443039,-1.427777,-1.4403
2025.06.18 17:00,0.006982,0.006983,0.006975,0.006977,2955,144.679001,144.822998,144.636002,144.751999,0,-1.453818,-1.441328,-1.43419
2025.06.18 18:00,0.006977,0.006998,0.006962,0.006964,14974,144.757004,145.085999,144.320007,145.042999,0,-1.449111,-1.432243,-1.447363
2025.06.18 19:00,0.006965,0.006966,0.006956,0.006961,9516,145.044998,145.223999,144.994003,145.115997,0,-1.452887,-1.439595,-1.448158
2025.06.18 20:00,0.00696,0.006963,0.006957,0.006961,1317,145.119995,145.190002,145.059998,145.095001,0,-1.449887,-1.433428,-1.427162
2025.06.18 22:00,0.006963,0.006969,0.006956,0.006963,0,145.050003,145.145996,144.889008,145.009003,0,-1.374884,-1.396402,-1.403054
2025.06.18 23:00,0.006965,0.006967,0.00696,0.006966,1832,144.994003,145.080994,144.923004,144.953995,0,-1.402831,-1.389206,-1.399587
2025.06.19 00:00,0.006965,0.006971,0.006965,0.006969,2372,144.953995,144.981995,144.835999,144.884003,0,-1.39667,-1.394843,-1.401684
2025.06.19 01:00,0.006969,0.006977,0.006956,0.006957,4722,144.884003,145.158005,144.731995,145.145996,0,-1.39722,-1.393648,-1.395547
2025.06.19 02:00,0.006957,0.006961,0.006954,0.006955,3382,145.143997,145.214996,145.061005,145.177002,0,-1.402532,-1.403487,-1.395552
2025.06.19 03:00,0.006955,0.006962,0.006953,0.006961,2854,145.175995,145.220993,145.029007,145.070007,0,-1.398185,-1.392119,-1.402168
2025.06.19 04:00,0.006961,0.006963,0.006959,0.006961,924,145.070007,145.108994,145.016006,145.035995,0,-1.399861,-1.389437,-1.388789
2025.06.19 05:00,0.006961,0.006962,0.006951,0.006959,1745,145.033997,145.264999,145.028,145.110992,0,-1.400809,-1.391112,-1.40186
2025.06.19 06:00,0.006958,0.006958,0.006946,0.006951,4498,145.110992,145.356995,145.110992,145.261993,0,-1.389239,-1.391531,-1.397803
2025.06.19 07:00,0.00695,0.006952,0.006944,0.006945,4962,145.261002,145.404007,145.235992,145.386002,0,-1.384423,-1.382152,-1.397521
2025.06.19 08:00,0.006945,0.006952,0.006944,0.00695,4031,145.382996,145.410004,145.248993,145.283005,0,-1.400783,-1.395152,-1.398109
2025.06.19 09:00,0.00695,0.006952,0.006941,0.006942,3072,145.279007,145.473007,145.244003,145.436996,0,-1.401548,-1.400502,-1.396663
2025.06.19 10:00,0.006942,0.006944,0.006927,0.00693,6836,145.432999,145.757004,145.408005,145.695007,0,-1.394363,-1.398784,-1.384452
2025.06.19 11:00,0.00693,0.006936,0.006926,0.006932,4539,145.699997,145.770004,145.578995,145.664001,0,-1.39694,-1.393285,-1.395085
2025.06.19 12:00,0.006931,0.006939,0.00693,0.006938,3606,145.669998,145.712006,145.496994,145.542999,0,-1.40145,-1.384009,-1.398857
2025.06.19 13:00,0.006937,0.006947,0.006936,0.006944,3902,145.542007,145.576004,145.341003,145.421997,0,-1.390294,-1.393977,-1.402413
2025.06.19 14:00,0.006943,0.006944,0.006929,0.00693,6322,145.419006,145.716003,145.399002,145.705994,0,-1.395032,-1.400152,-1.405852
2025.06.19 15:00,0.00693,0.006935,0.006928,0.006933,4555,145.705002,145.746002,145.602997,145.634003,0,-1.404204,-1.406889,-1.396298
2025.06.19 16:00,0.006934,0.006934,0.006928,0.006929,1352,145.639008,145.733002,145.621002,145.710999,0,-1.401612,-1.393701,-1.390027
2025.06.19 17:00,0.00693,0.006941,0.006929,0.00694,1834,145.712997,145.731003,145.464996,145.503998,0,-1.410031,-1.393537,-1.401399
2025.06.19 18:00,0.00694,0.006944,0.006938,0.00694,1048,145.501999,145.535004,145.410004,145.485992,0,-1.401252,-1.39042,-1.393778
2025.06.19 19:00,0.00694,0.006947,0.00694,0.006943,1037,145.487,145.488998,145.339996,145.432007,0,-1.396784,-1.39297,-1.402049
2025.06.19 20:00,0.006942,0.006944,0.00694,0.006942,849,145.432999,145.494003,145.378998,145.444,0,-1.412162,-1.380148,-1.39329
2025.06.19 22:00,0.006942,0.006944,0.006936,0.00694,1440,145.449005,145.563995,145.382996,145.487,0,-1.388682,-1.373775,-1.384401
2025.06.19 23:00,0.00694,0.006954,0.006939,0.006952,3952,145.487,145.505997,145.190994,145.229004,0,-1.393012,-1.388863,-1.385503
2025.06.20 00:00,0.006952,0.006957,0.006948,0.006951,4672,145.231995,145.313004,145.119003,145.246994,0,-1.376339,-1.389211,-1.382803
2025.06.20 01:00,0.006951,0.006953,0.006946,0.006947,2872,145.251999,145.356995,145.214005,145.335007,0,-1.389239,-1.391196,-1.38798
2025.06.20 02:00,0.006947,0.006952,0.006946,0.00695,2867,145.332993,145.363998,145.225998,145.246994,0,-1.385886,-1.372157,-1.372452
2025.06.20 03:00,0.00695,0.006954,0.006948,0.00695,1295,145.246002,145.313995,145.186005,145.274002,0,-1.387682,-1.383874,-1.389107
2025.06.20 04:00,0.006951,0.006952,0.006944,0.006946,1954,145.272003,145.395996,145.238007,145.345001,0,-1.376412,-1.384166,-1.377246
2025.06.20 05:00,0.006946,0.006948,0.006939,0.006942,2585,145.347,145.485001,145.302002,145.438995,0,-1.372016,-1.375688,-1.377916
2025.06.20 06:00,0.006941,0.006949,0.00694,0.006944,3437,145.438995,145.477005,145.279999,145.380997,0,-1.384791,-1.374402,-1.382147
2025.06.20 07:00,0.006944,0.006949,0.006942,0.006943,2787,145.382004,145.438004,145.287003,145.412003,0,-1.387293,-1.381406,-1.382045
2025.06.20 08:00,0.006943,0.00695,0.006943,0.006947,3032,145.412003,145.414001,145.261993,145.326996,0,-1.384044,-1.377098,-1.379969
2025.06.20 09:00,0.006947,0.006951,0.006946,0.006946,2157,145.324005,145.354996,145.248001,145.337997,0,-1.38724,-1.38381,-1.380607
2025.06.20 10:00,0.006947,0.006948,0.006941,0.006942,1712,145.337997,145.447006,145.289001,145.436005,0,-1.375547,-1.373047,-1.385294
2025.06.20 11:00,0.006942,0.006942,0.006934,0.006934,5492,145.436005,145.613998,145.410004,145.587006,0,-1.386697,-1.36967,-1.380498
2025.06.20 12:00,0.006934,0.006941,0.006928,0.006934,9889,145.593002,145.716003,145.442001,145.591995,0,-1.384614,-1.370542,-1.385488
2025.06.20 13:00,0.006934,0.006936,0.006923,0.006927,7938,145.587997,145.822006,145.554993,145.738998,0,-1.386388,-1.37968,-1.376357
2025.06.20 14:00,0.006926,0.006928,0.006917,0.006919,14824,145.744003,145.945999,145.729996,145.910995,0,-1.374649,-1.377777,-1.381436
2025.06.20 15:00,0.006919,0.006925,0.006917,0.006919,9638,145.914001,145.957993,145.783005,145.925003,0,-1.386643,-1.37867,-1.385005
2025.06.20 16:00,0.006918,0.006925,0.006917,0.006922,5246,145.925995,145.945999,145.783997,145.839005,0,-1.374649,-1.369242,-1.372089
2025.06.20 17:00,0.006923,0.006925,0.006919,0.006919,4978,145.835999,145.908997,145.774002,145.897003,0,-1.368999,-1.380095,-1.367443
2025.06.20 18:00,0.006919,0.006921,0.006915,0.006916,4896,145.899002,145.994003,145.850006,145.970993,0,-1.380839,-1.372652,-1.378744
2025.06.20 19:00,0.006916,0.006917,0.006905,0.006906,6955,145.972,146.194,145.964005,146.173996,0,-1.381891,-1.382211,-1.372373
2025.06.20 20:00,0.006907,0.006912,0.006905,0.00691,3530,146.182007,146.216003,146.052994,146.074005,0,-1.382925,-1.377068,-1.356205
2025.06.22 23:00,0.006897,0.006905,0.006894,0.006904,2419,146.362,146.423996,146.201004,146.212006,0,-1.380846,-1.367926,-1.368436
2025.06.23 00:00,0.006905,0.006907,0.006889,0.006892,6105,146.207993,146.520996,146.138,146.451004,0,-1.362049,-1.36782,-1.365766
2025.06.23 01:00,0.006893,0.006894,0.006878,0.006882,4833,146.447998,146.764008,146.423004,146.666,0,-1.37291,-1.369332,-1.369958
2025.06.23 02:00,0.006882,0.006897,0.006881,0.006888,3491,146.667999,146.701004,146.367996,146.563004,0,-1.37329,-1.366909,-1.382977
2025.06.23 03:00,0.006888,0.00689,0.00688,0.00688,3601,146.563004,146.731995,146.511993,146.694,0,-1.383153,-1.374109,-1.355723
2025.06.23 04:00,0.006881,0.006881,0.006866,0.006868,5172,146.697998,147.031006,146.690994,146.981995,0,-1.3858,-1.36328,-1.368599
2025.06.23 05:00,0.006868,0.00687,0.006853,0.006862,9631,146.983002,147.294998,146.942993,147.100006,0,-1.3735,-1.371992,-1.3699
2025.06.23 06:00,0.006861,0.006864,0.006848,0.006859,6999,147.104996,147.395996,147.061996,147.158997,0,-1.367958,-1.374353,-1.375775
2025.06.23 07:00,0.006859,0.006865,0.006851,0.006851,5932,147.156998,147.343002,147.035995,147.339996,0,-1.378905,-1.369569,-1.386553
2025.06.23 08:00,0.006852,0.006852,0.006837,0.006839,7357,147.337997,147.628998,147.337997,147.604004,0,-1.376708,-1.395207,-1.373106
2025.06.23 09:00,0.006839,0.006839,0.006823,0.006827,14635,147.606003,147.951996,147.606003,147.869003,0,-1.388901,-1.375105,-1.391782
2025.06.23 10:00,0.006826,0.00683,0.006821,0.006822,7361,147.869995,147.987,147.768005,147.981995,0,-1.38093,-1.344406,-1.386674
2025.06.23 11:00,0.006822,0.006843,0.006819,0.006839,10326,147.979996,148.029007,147.507996,147.591003,0,-1.379938,-1.373263,-1.381481
2025.06.23 12:00,0.006839,0.006851,0.006837,0.006847,14621,147.591003,147.634003,147.348007,147.412003,0,-1.381713,-1.373264,-1.3733
2025.06.23 13:00,0.006847,0.006861,0.006843,0.006853,13955,147.416,147.505005,147.136002,147.309998,0,-1.380942,-1.374035,-1.388499
2025.06.23 14:00,0.006853,0.00689,0.006852,0.006888,30072,147.309998,147.332001,146.490997,146.563004,0,-1.389211,-1.363647,-1.382977
2025.06.23 15:00,0.006887,0.006899,0.006886,0.006892,14685,146.561005,146.619995,146.328995,146.468002,0,-1.387263,-1.369946,-1.372236
2025.06.23 16:00,0.006892,0.006903,0.006889,0.006897,9662,146.466003,146.539993,146.227997,146.362,0,-1.381046,-1.373934,-1.371427
2025.06.23 17:00,0.006897,0.006907,0.00689,0.006904,9839,146.356003,146.524002,146.147003,146.209,0,-1.375592,-1.36635,-1.36543
2025.06.23 18:00,0.006904,0.006914,0.006903,0.006907,10325,146.209,146.244003,146.005005,146.154999,0,-1.368959,-1.37093,-1.374346
2025.06.23 19:00,0.006907,0.006911,0.006905,0.006908,3919,146.162994,146.203003,146.078003,146.143997,0,-1.369925,-1.370676,-1.384298
2025.06.23 20:00,0.006907,0.006913,0.006907,0.006907,1955,146.145996,146.167007,146.022003,146.153,0,-1.37587,-1.356545,-1.361863
2025.06.23 22:00,0.006905,0.006925,0.006903,0.006917,0,146.128006,146.177002,145.751999,145.955002,0,-1.312454,-1.347664,-1.373208
2025.06.23 23:00,0.006917,0.006928,0.006911,0.006917,4529,145.925995,146.041,145.695999,145.919998,0,-1.344135,-1.354201,-1.359101
2025.06.24 00:00,0.006917,0.006934,0.006917,0.006932,7565,145.919006,145.936996,145.559998,145.598007,0,-1.355203,-1.343099,-1.349897
2025.06.24 01:00,0.006932,0.006938,0.006926,0.006929,3836,145.602997,145.733002,145.472,145.677002,0,-1.359937,-1.348628,-1.35603
2025.06.24 02:00,0.006928,0.00694,0.006928,0.006937,4077,145.677994,145.707993,145.432007,145.505005,0,-1.355773,-1.350166,-1.350471
2025.06.24 03:00,0.006937,0.006948,0.006937,0.006942,0,145.505005,145.511002,145.285004,145.412003,0,-1.356467,-1.348339,-1.371669
2025.06.24 04:00,0.006938,0.006946,0.006936,0.006942,2091,145.414001,145.514008,145.330002,145.419006,0,-1.34908,-1.35189,-1.357927
2025.06.24 05:00,0.006942,0.006948,0.006936,0.006946,2417,145.417007,145.513,145.281006,145.306,0,-1.348073,-1.354692,-1.34861
2025.06.24 06:00,0.006947,0.006959,0.006946,0.006952,7183,145.302994,145.313004,145.033005,145.195999,0,-1.345248,-1.3342,-1.342159
2025.06.24 07:00,0.006952,0.006961,0.006942,0.006946,11451,145.195007,145.408997,144.992004,145.311005,0,-1.347917,-1.334487,-1.343249
2025.06.24 08:00,0.006946,0.006963,0.006946,0.006957,5497,145.313995,145.334,144.940994,145.091995,0,-1.355887,-1.32474,-1.341546
2025.06.24 09:00,0.006957,0.006969,0.006954,0.006963,5653,145.089996,145.149994,144.845993,144.966995,0,-1.33753,-1.343089,-1.340425
2025.06.24 10:00,0.006963,0.006965,0.006955,0.006957,4479,144.964996,145.126999,144.910004,145.093994,0,-1.345549,-1.345289,-1.343545
2025.06.24 11:00,0.006957,0.006966,0.006954,0.006963,2872,145.095993,145.147995,144.895996,144.962006,0,-1.356205,-1.341588,-1.345752
2025.06.24 12:00,0.006963,0.006965,0.006952,0.006961,13612,144.962997,145.182007,144.919998,144.988007,0,-1.328166,-1.344984,-1.3408
2025.06.24 13:00,0.006962,0.006968,0.006952,0.006959,10845,144.988007,145.195999,144.850006,145.048004,0,-1.352498,-1.336802,-1.338872
2025.06.24 14:00,0.006958,0.006985,0.006957,0.006973,23767,145.048996,145.050003,144.509003,144.738007,0,-1.32021,-1.334836,-1.33799
2025.06.24 15:00,0.006975,0.006981,0.006965,0.006966,12603,144.738998,144.906006,144.600006,144.901993,0,-1.341291,-1.364311,-1.347585
2025.06.24 16:00,0.006966,0.006977,0.006963,0.006975,4710,144.897995,144.962997,144.658005,144.703003,0,-1.346744,-1.340196,-1.344102
2025.06.24 17:00,0.006975,0.006982,0.006973,0.006975,5520,144.703003,144.751999,144.557999,144.727997,0,-1.341697,-1.332563,-1.348546
2025.06.24 18:00,0.006975,0.006977,0.006973,0.006976,3392,144.727997,144.768997,144.647995,144.682007,0,-1.348419,-1.330186,-1.333384
2025.06.24 19:00,0.006976,0.006977,0.006971,0.006973,3491,144.677994,144.789001,144.651993,144.772995,0,-1.347846,-1.334184,-1.352417
2025.06.24 20:00,0.006972,0.006972,0.006965,0.006967,1272,144.772995,144.917007,144.768005,144.884003,0,-1.341993,-1.337139,-1.3399
2025.06.24 22:00,0.006965,0.006971,0.006962,0.006964,0,144.802994,144.962997,144.802994,144.932007,0,-1.32611,-1.341264,-1.336371
2025.06.24 23:00,0.006964,0.006971,0.006961,0.006963,2276,144.927002,144.973007,144.787994,144.927994,0,-1.325801,-1.336557,-1.322045
2025.06.25 00:00,0.006963,0.006972,0.006958,0.006966,6938,144.929993,145.044998,144.766006,144.880997,0,-1.325536,-1.33514,-1.326589
2025.06.25 01:00,0.006966,0.006979,0.006965,0.006977,5067,144.884003,144.893997,144.621002,144.654007,0,-1.318983,-1.323735,-1.325925
2025.06.25 02:00,0.006977,0.006979,0.006969,0.00697,2523,144.654007,144.837006,144.604004,144.798996,0,-1.334102,-1.327264,-1.326973
2025.06.25 03:00,0.00697,0.006971,0.006961,0.006961,1769,144.800003,144.981003,144.779999,144.972,0,-1.323485,-1.328562,-1.324794
2025.06.25 04:00,0.006961,0.006967,0.006961,0.006963,1992,144.970001,144.988007,144.860001,144.936005,0,-1.320167,-1.326202,-1.319751
2025.06.25 05:00,0.006963,0.006963,0.006952,0.006959,3380,144.942001,145.162994,144.938004,145.031006,0,-1.32984,-1.32175,-1.321873
2025.06.25 06:00,0.006959,0.00696,0.006944,0.006946,4948,145.033997,145.334,145.001999,145.296005,0,-1.33515,-1.323836,-1.32825
2025.06.25 07:00,0.006946,0.006948,0.006942,0.006946,5144,145.298996,145.371994,145.227997,145.311005,0,-1.331661,-1.312043,-1.332892
2025.06.25 08:00,0.006945,0.006948,0.006936,0.006937,3329,145.307007,145.496994,145.231003,145.473007,0,-1.321681,-1.315048,-1.318473
2025.06.25 09:00,0.006938,0.006938,0.006928,0.00693,5546,145.475998,145.679001,145.451996,145.623001,0,-1.326782,-1.318244,-1.32286
2025.06.25 10:00,0.00693,0.006932,0.006924,0.006925,4340,145.625,145.751007,145.542999,145.729004,0,-1.325821,-1.284491,-1.324669
2025.06.25 11:00,0.006925,0.006928,0.006921,0.006925,4638,145.729996,145.798996,145.664001,145.748993,0,-1.321642,-1.332612,-1.334238
2025.06.25 12:00,0.006924,0.006926,0.006916,0.006919,6982,145.75,145.923004,145.697006,145.860001,0,-1.330755,-1.323942,-1.330441
2025.06.25 13:00,0.006919,0.006923,0.006915,0.006919,8433,145.856003,145.951004,145.751999,145.860992,0,-1.32739,-1.316381,-1.320995
2025.06.25 14:00,0.006919,0.006933,0.006919,0.006927,12147,145.858994,145.876007,145.567001,145.697006,0,-1.336009,-1.329296,-1.334365
2025.06.25 15:00,0.006926,0.006935,0.006925,0.006932,8606,145.701004,145.735001,145.522995,145.589996,0,-1.341094,-1.326887,-1.32108
2025.06.25 16:00,0.006932,0.006942,0.006932,0.006938,3207,145.591003,145.602997,145.389999,145.447006,0,-1.33408,-1.32892,-1.313254
2025.06.25 17:00,0.006938,0.006942,0.006936,0.006941,2138,145.447006,145.507996,145.362,145.391998,0,-1.322286,-1.321666,-1.320539
2025.06.25 18:00,0.006942,0.006954,0.00694,0.006953,6105,145.389008,145.404999,145.143997,145.151993,0,-1.323158,-1.331533,-1.329184
2025.06.25 19:00,0.006953,0.006955,0.006948,0.006949,3669,145.147995,145.244995,145.098999,145.235992,0,-1.318682,-1.317549,-1.330396
2025.06.25 20:00,0.006949,0.006951,0.006944,0.006947,2939,145.242004,145.335007,145.184998,145.238998,0,-1.325786,-1.320807,-1.291972
2025.06.25 22:00,0.006946,0.00695,0.006945,0.006947,0,145.169006,145.261993,145.149002,145.225998,0,-1.273513,-1.253762,-1.278971
2025.06.25 23:00,0.006946,0.006964,0.006946,0.006962,3618,145.222,145.227005,144.871002,144.912994,0,-1.269615,-1.275366,-1.276107
2025.06.26 00:00,0.006962,0.006973,0.006961,0.006973,5252,144.912003,144.944,144.675995,144.690002,0,-1.276161,-1.265693,-1.279701
2025.06.26 01:00,0.006973,0.006974,0.006961,0.006971,4176,144.688004,144.927994,144.669006,144.722,0,-1.270476,-1.279273,-1.270563
2025.06.26 02:00,0.006971,0.006974,0.006965,0.006973,3182,144.716003,144.841003,144.658997,144.692001,0,-1.276288,-1.269264,-1.2817
2025.06.26 03:00,0.006973,0.006979,0.006967,0.006968,2895,144.688004,144.817993,144.567001,144.785004,0,-1.273891,-1.279994,-1.2718
2025.06.26 04:00,0.006962,0.006971,0.006959,0.006968,2860,144.781998,144.964996,144.727005,144.779007,0,-1.276509,-1.265276,-1.265803
2025.06.26 05:00,0.006968,0.006977,0.006962,0.006977,4015,144.783005,144.919998,144.578995,144.643005,0,-1.283111,-1.240648,-1.304658
2025.06.26 06:00,0.006973,0.006992,0.006973,0.006991,8845,144.641998,144.703003,144.278,144.307999,0,-1.292701,-1.267628,-1.266944
2025.06.26 07:00,0.006992,0.00701,0.006992,0.007003,10160,144.304001,144.313004,143.929993,144.061005,0,-1.282181,-1.266468,-1.26506
2025.06.26 08:00,0.007004,0.007019,0.007002,0.00701,10144,144.061005,144.102997,143.746994,143.925995,0,-1.276462,-1.266407,-1.272639
2025.06.26 09:00,0.00701,0.007012,0.007,0.007003,8050,143.923996,144.128006,143.893997,144.072006,0,-1.270868,-1.271167,-1.276062
2025.06.26 10:00,0.007003,0.007006,0.006996,0.006996,4049,144.067993,144.218994,144.0,144.197998,0,-1.269957,-1.265197,-1.25918
2025.06.26 11:00,0.006996,0.006997,0.006984,0.006987,5610,144.199997,144.444,144.190994,144.382996,0,-1.259581,-1.2726,-1.260051
2025.06.26 12:00,0.006987,0.007,0.006982,0.006991,11247,144.391006,144.496994,144.121994,144.306,0,-1.271559,-1.254648,-1.264945
2025.06.26 13:00,0.006991,0.006998,0.006981,0.006994,7645,144.306,144.496002,144.162994,144.231003,0,-1.260307,-1.265028,-1.261523
2025.06.26 14:00,0.006994,0.006998,0.006983,0.006987,12565,144.229996,144.472,144.151993,144.406998,0,-1.267071,-1.264228,-1.273817
2025.06.26 15:00,0.006987,0.006991,0.006979,0.00699,7759,144.410995,144.537003,144.311996,144.337997,0,-1.260262,-1.270942,-1.276484
2025.06.26 16:00,0.00699,0.007003,0.006985,0.006994,5998,144.339005,144.419006,144.052002,144.246002,0,-1.265331,-1.256057,-1.276523
2025.06.26 17:00,0.006994,0.007,0.006993,0.006997,3714,144.244995,144.274002,144.128006,144.186005,0,-1.273858,-1.26066,-1.26761
2025.06.26 18:00,0.006996,0.006998,0.006993,0.006996,3367,144.188004,144.264008,144.147995,144.199005,0,-1.263863,-1.26023,-1.270395
2025.06.26 19:00,0.006996,0.006996,0.006987,0.006988,3097,144.201004,144.404007,144.192993,144.369003,0,-1.270826,-1.264383,-1.266544
2025.06.26 20:00,0.006988,0.00699,0.006983,0.006986,2136,144.371002,144.472,144.326004,144.352005,0,-1.277326,-1.26449,-1.208578
2025.06.26 22:00,0.006987,0.006987,0.006973,0.006977,0,144.343994,144.660004,144.320007,144.598007,0,-1.259987,-1.197062,-1.269925
2025.06.26 23:00,0.006977,0.006986,0.006969,0.006973,4936,144.570007,144.742996,144.388,144.679001,0,-1.25039,-1.244573,-1.258423
2025.06.27 00:00,0.006973,0.00698,0.006966,0.006973,7033,144.675995,144.807999,144.518005,144.649994,0,-1.253591,-1.251531,-1.249977
2025.06.27 01:00,0.006974,0.006992,0.006969,0.006991,5578,144.647995,144.740997,144.272003,144.279999,0,-1.248392,-1.251411,-1.238944
2025.06.27 02:00,0.006991,0.006996,0.006986,0.006989,2865,144.281006,144.393005,144.190994,144.324005,0,-1.249578,-1.241957,-1.242017
2025.06.27 03:00,0.006989,0.006993,0.006981,0.006983,1773,144.324997,144.501999,144.248001,144.457001,0,-1.245789,-1.247857,-1.241824
2025.06.27 04:00,0.006983,0.006985,0.006977,0.006979,1740,144.453995,144.587006,144.406998,144.542007,0,-1.248659,-1.243072,-1.244741
2025.06.27 05:00,0.006979,0.006988,0.006976,0.006985,2284,144.546005,144.591003,144.356003,144.423004,0,-1.24238,-1.243302,-1.248837
2025.06.27 06:00,0.006985,0.006996,0.006981,0.006993,2907,144.425003,144.503006,144.199997,144.240005,0,-1.257049,-1.25096,-1.239861
2025.06.27 07:00,0.006994,0.006996,0.006978,0.006981,4355,144.238998,144.552994,144.171997,144.481995,0,-1.245457,-1.243387,-1.246299
2025.06.27 08:00,0.006982,0.006992,0.00698,0.006985,2921,144.479004,144.514999,144.253998,144.417999,0,-1.248525,-1.243626,-1.243832
2025.06.27 09:00,0.006985,0.006988,0.006981,0.006981,1827,144.421997,144.490997,144.341995,144.485992,0,-1.255302,-1.239536,-1.250297
2025.06.27 10:00,0.006982,0.006983,0.006973,0.006979,2819,144.481995,144.681,144.459,144.535004,0,-1.260421,-1.243823,-1.247996
2025.06.27 11:00,0.006979,0.006981,0.006975,0.006981,2808,144.531006,144.628998,144.483994,144.492004,0,-1.249547,-1.248298,-1.246048
2025.06.27 12:00,0.006981,0.006988,0.006975,0.006983,7895,144.488007,144.623993,144.360001,144.442993,0,-1.244542,-1.247299,-1.248319
2025.06.27 13:00,0.006983,0.006987,0.006965,0.00697,11506,144.440994,144.804993,144.375,144.720993,0,-1.240278,-1.241819,-1.24897
2025.06.27 14:00,0.006969,0.006977,0.006959,0.006963,14623,144.718994,144.945007,144.563995,144.880005,0,-1.246203,-1.246187,-1.253435
2025.06.27 15:00,0.006963,0.006975,0.006961,0.006969,6115,144.878006,144.910004,144.606003,144.735992,0,-1.242164,-1.247102,-1.253674
2025.06.27 16:00,0.006969,0.006979,0.006969,0.006973,4660,144.735001,144.753998,144.535995,144.645004,0,-1.251094,-1.248988,-1.244988
2025.06.27 17:00,0.006975,0.006977,0.006961,0.006969,4565,144.645004,144.904007,144.578003,144.737,0,-1.2568,-1.239656,-1.244394
2025.06.27 18:00,0.006969,0.006973,0.006964,0.006971,6268,144.738007,144.850006,144.630997,144.699005,0,-1.25437,-1.23098,-1.257849
2025.06.27 19:00,0.006971,0.006973,0.006967,0.006969,2575,144.697006,144.794006,144.651993,144.75,0,-1.249904,-1.251976,-1.257394
2025.06.27 20:00,0.006969,0.006975,0.006968,0.006973,1144,144.751007,144.761002,144.604004,144.613998,0,-1.247798,-1.224553,-1.213982
2025.06.29 23:00,0.006982,0.006985,0.006979,0.006979,2741,144.473999,144.539993,144.378006,144.498001,0,-1.242727,-1.22433,-1.221261
2025.06.30 00:00,0.006979,0.006981,0.006967,0.006975,4630,144.498993,144.761993,144.468994,144.615997,0,-1.238488,-1.233299,-1.236546
2025.06.30 01:00,0.006974,0.006992,0.006973,0.006988,4400,144.615997,144.651993,144.240997,144.328003,0,-1.231414,-1.230625,-1.235775
2025.06.30 02:00,0.006989,0.007,0.006989,0.00699,5378,144.326004,144.330994,144.085999,144.283005,0,-1.249006,-1.239056,-1.221491
2025.06.30 03:00,0.006991,0.006997,0.00699,0.006994,1413,144.287994,144.311996,144.154999,144.216003,0,-1.240246,-1.236604,-1.23631
2025.06.30 04:00,0.006994,0.007009,0.006993,0.007007,3275,144.218002,144.233994,143.906998,143.944,0,-1.233849,-1.233293,-1.229573
2025.06.30 05:00,0.007007,0.007014,0.007007,0.007009,4443,143.944,143.947998,143.789993,143.908005,0,-1.23357,-1.217992,-1.234301
2025.06.30 06:00,0.007008,0.007012,0.007004,0.00701,4034,143.906006,144.018005,143.848007,143.882004,0,-1.242444,-1.225177,-1.238825
2025.06.30 07:00,0.00701,0.007015,0.006996,0.006998,5554,143.880997,144.169006,143.778,144.126007,0,-1.240396,-1.226327,-1.238242
2025.06.30 08:00,0.006998,0.007004,0.006994,0.006999,3216,144.121994,144.214996,144.011993,144.110001,0,-1.235303,-1.226246,-1.232446
2025.06.30 09:00,0.006999,0.007002,0.006992,0.006992,3358,144.113007,144.266998,144.050003,144.264999,0,-1.236176,-1.23367,-1.234177
2025.06.30 10:00,0.006992,0.006996,0.00699,0.006996,1694,144.264008,144.289001,144.171997,144.179001,0,-1.227488,-1.233179,-1.240182
2025.06.30 11:00,0.006996,0.006997,0.006988,0.006988,2379,144.182007,144.341995,144.149002,144.328995,0,-1.239536,-1.230608,-1.236767
2025.06.30 12:00,0.006988,0.00699,0.006981,0.006982,4756,144.326996,144.494003,144.281998,144.459,0,-1.237793,-1.23071,-1.233564
2025.06.30 13:00,0.006982,0.006989,0.00698,0.006987,8369,144.455994,144.511002,144.313995,144.363998,0,-1.244527,-1.232007,-1.230818
2025.06.30 14:00,0.006987,0.006994,0.006981,0.006983,10415,144.363007,144.501007,144.207993,144.445007,0,-1.244797,-1.238513,-1.229831
2025.06.30 15:00,0.006983,0.006997,0.00698,0.006997,8655,144.447006,144.496994,144.151993,144.162994,0,-1.23052,-1.233598,-1.2446
2025.06.30 16:00,0.006996,0.006998,0.006985,0.006994,4337,144.162994,144.388,144.136002,144.223999,0,-1.234325,-1.227822,-1.244306
2025.06.30 17:00,0.006994,0.006997,0.006988,0.006993,4683,144.223999,144.324005,144.147003,144.251999,0,-1.231778,-1.228609,-1.251854
2025.06.30 18:00,0.006992,0.006998,0.00699,0.006995,5899,144.251999,144.296005,144.123001,144.199997,0,-1.244717,-1.235236,-1.240739
2025.06.30 19:00,0.006995,0.007005,0.006992,0.007002,4939,144.203003,144.244995,143.988007,144.035004,0,-1.234623,-1.232832,-1.228861
2025.06.30 20:00,0.007002,0.007007,0.007002,0.007004,2367,144.037994,144.054001,143.947006,144.029007,0,-1.237667,-1.232579,-1.26364
2025.06.30 22:00,0.007004,0.007011,0.007002,0.007008,0,143.998001,144.029007,143.850998,143.914993,0,-1.222864,-1.217994,-1.210751
2025.06.30 23:00,0.007008,0.007015,0.007006,0.007014,3305,143.916,143.929993,143.770004,143.802002,0,-1.205378,-1.218331,-1.219843
2025.07.01 00:00,0.007014,0.007026,0.007013,0.007025,9998,143.804001,143.809998,143.550003,143.563995,0,-1.217671,-1.221508,-1.215244
2025.07.01 01:00,0.007025,0.007031,0.007013,0.007014,6896,143.565002,143.807007,143.432007,143.792007,0,-1.21468,-1.214839,-1.209849
2025.07.01 02:00,0.007014,0.007021,0.007012,0.007017,2800,143.796997,143.834,143.636993,143.723007,0,-1.221332,-1.217278,-1.222112
2025.07.01 03:00,0.007017,0.007022,0.007009,0.00701,0,143.727005,143.891006,143.626999,143.878998,0,-1.217302,-1.217427,-1.215473
2025.07.01 04:00,0.00701,0.007016,0.00701,0.007016,1423,143.876999,143.934006,143.746002,143.751007,0,-1.28065,-1.224802,-1.219648
2025.07.01 05:00,0.007016,0.007025,0.007016,0.007025,2851,143.746002,143.75,143.567001,143.582001,0,-1.2288,-1.208116,-1.223115
2025.07.01 06:00,0.007025,0.007026,0.007016,0.00702,4905,143.576004,143.761993,143.544006,143.671005,0,-1.220483,-1.215511,-1.220861
2025.07.01 07:00,0.00702,0.007049,0.007017,0.007049,11424,143.669006,143.738998,143.063004,143.069,0,-1.227956,-1.198907,-1.204904
2025.07.01 08:00,0.007049,0.007058,0.007046,0.007051,14596,143.065002,143.136002,142.886002,143.035995,0,-1.211507,-1.202809,-1.212139
2025.07.01 09:00,0.007052,0.007062,0.007045,0.007056,7820,143.039001,143.167007,142.820007,142.942993,0,-1.222363,-1.207038,-1.219641
2025.07.01 10:00,0.007056,0.007062,0.007053,0.007054,4401,142.942001,142.994003,142.817993,142.983002,0,-1.210364,-1.205023,-1.209415
2025.07.01 11:00,0.007054,0.007068,0.007054,0.007066,7088,142.985001,142.990005,142.699005,142.735992,0,-1.216419,-1.20626,-1.213203
2025.07.01 12:00,0.007066,0.007068,0.007048,0.00705,8505,142.731995,143.093994,142.675995,143.065994,0,-1.209774,-1.203262,-1.211962
2025.07.01 13:00,0.007049,0.007056,0.007038,0.007047,14102,143.061996,143.287003,142.932007,143.065002,0,-1.201184,-1.208654,-1.170714
2025.07.01 14:00,0.007047,0.007047,0.00702,0.007031,15254,143.057007,143.479996,143.033005,143.438995,0,-1.029851,-1.128646,-1.211721
2025.07.01 15:00,0.007031,0.007031,0.00702,0.007025,10879,143.434998,143.667999,143.434998,143.576004,0,-1.217855,-1.207723,-1.217118
2025.07.01 16:00,0.007024,0.007024,0.007014,0.007019,5585,143.578995,143.779999,143.572998,143.692993,0,-1.207997,-1.203976,-1.212406
2025.07.01 17:00,0.007019,0.007023,0.007016,0.007022,3859,143.690994,143.751999,143.600006,143.621994,0,-1.220639,-1.210717,-1.212422
2025.07.01 18:00,0.007021,0.007022,0.007014,0.007017,4516,143.625,143.792007,143.619003,143.720001,0,-1.220006,-1.209432,-1.219106
2025.07.01 19:00,0.007017,0.007025,0.007013,0.007015,6835,143.722,143.802002,143.578003,143.770996,0,-1.209675,-1.219117,-1.219323
2025.07.01 20:00,0.007014,0.007033,0.007014,0.007032,3719,143.770996,143.770996,143.371994,143.386993,0,-1.209159,-1.185156,-1.17994
2025.07.01 22:00,0.00703,0.007033,0.007027,0.007029,0,143.380997,143.442001,143.332993,143.404999,0,-1.143884,-1.146154,-1.147367
2025.07.01 23:00,0.007029,0.007033,0.007026,0.007031,2282,143.404007,143.473007,143.335999,143.371002,0,-1.144512,-1.14916,-1.143727
2025.07.02 00:00,0.007031,0.007034,0.007017,0.007026,7189,143.367004,143.658997,143.317001,143.473007,0,-1.147954,-1.150382,-1.144512
2025.07.02 01:00,0.007027,0.007027,0.007016,0.007018,3208,143.473999,143.686005,143.438004,143.654007,0,-1.144494,-1.139886,-1.163267
2025.07.02 02:00,0.007017,0.007025,0.007012,0.007023,2988,143.649994,143.746002,143.505997,143.548996,0,-1.143506,-1.147111,-1.159707
2025.07.02 03:00,0.007023,0.007025,0.007021,0.007023,1997,143.542007,143.589005,143.475006,143.528,0,-1.149008,-1.136379,-1.12857
2025.07.02 04:00,0.007025,0.007027,0.007019,0.007023,2067,143.529007,143.608994,143.455994,143.552994,0,-1.1487,-1.147758,-1.153564
2025.07.02 05:00,0.007023,0.007023,0.007007,0.007012,6941,143.550995,143.854004,143.535995,143.757004,0,-1.139576,-1.136566,-1.154507
2025.07.02 06:00,0.007012,0.007016,0.007006,0.00701,4219,143.751999,143.886002,143.669998,143.807007,0,-1.151199,-1.138639,-1.153651
2025.07.02 07:00,0.00701,0.00701,0.006998,0.007006,6644,143.806,144.050003,143.800003,143.899002,0,-1.162238,-1.146647,-1.154019
2025.07.02 08:00,0.007005,0.007012,0.007002,0.007002,2545,143.897995,143.973007,143.774002,143.964005,0,-1.156674,-1.151172,-1.157862
2025.07.02 09:00,0.007002,0.007004,0.006989,0.006993,5738,143.964996,144.244003,143.925003,144.147003,0,-1.162015,-1.149442,-1.146859
2025.07.02 10:00,0.006994,0.007008,0.006993,0.007004,4532,144.145996,144.156998,143.860001,143.921005,0,-1.156853,-1.155758,-1.155638
2025.07.02 11:00,0.007004,0.007006,0.006991,0.006992,2788,143.917999,144.197998,143.888,144.177994,0,-1.156944,-1.153198,-1.147171
2025.07.02 12:00,0.006992,0.007026,0.00699,0.007006,22993,144.177002,144.212997,143.481995,143.871002,0,-1.161709,-1.153499,-1.146388
2025.07.02 13:00,0.007006,0.007019,0.006994,0.007,9300,143.871994,144.130997,143.630005,144.007996,0,-1.151303,-1.149418,-1.161053
2025.07.02 14:00,0.007,0.007005,0.006993,0.006999,9528,143.996994,144.153,143.899994,144.026001,0,-1.152855,-1.144819,-1.148447
2025.07.02 15:00,0.006999,0.007013,0.006998,0.007012,7699,144.024002,144.039993,143.731003,143.757004,0,-1.152229,-1.138676,-1.134174
2025.07.02 16:00,0.007012,0.007017,0.007012,0.007014,3286,143.757004,143.807999,143.651993,143.733002,0,-1.185169,-1.14095,-1.150843
2025.07.02 17:00,0.007014,0.007019,0.007012,0.007016,3089,143.735992,143.744995,143.613998,143.692993,0,-1.142499,-1.143564,-1.151482
2025.07.02 18:00,0.007016,0.007021,0.007014,0.007019,3471,143.694,143.731995,143.576004,143.617996,0,-1.149836,-1.146154,-1.157703
2025.07.02 19:00,0.007019,0.007021,0.007017,0.007019,2892,143.619003,143.667999,143.567001,143.615005,0,-1.156957,-1.147286,-1.144571
2025.07.02 20:00,0.007019,0.007019,0.007016,0.007017,1055,143.615997,143.690994,143.604996,143.638,0,-1.149483,-1.144702,-1.126958
2025.07.02 22:00,0.007018,0.007022,0.007017,0.007019,0,143.606003,143.658005,143.548996,143.604996,0,-1.157109,-1.139424,-1.144702
2025.07.02 23:00,0.00702,0.007026,0.007019,0.007024,2191,143.610001,143.615997,143.477997,143.520004,0,-1.155704,-1.149502,-1.150982
2025.07.03 00:00,0.007024,0.007029,0.007019,0.007021,10484,143.518997,143.612,143.442001,143.582001,0,-1.151706,-1.174258,-1.15215
2025.07.03 01:00,0.007021,0.007026,0.007016,0.007023,3568,143.587006,143.690002,143.483002,143.548996,0,-1.158643,-1.154506,-1.149566
2025.07.03 02:00,0.007023,0.007023,0.007012,0.007016,2716,143.550995,143.763,143.542999,143.679001,0,-1.150333,-1.14357,-1.147641
2025.07.03 03:00,0.007016,0.007016,0.007006,0.007008,2301,143.681,143.880005,143.666,143.850006,0,-1.15539,-1.1448,-1.155938
2025.07.04 04:00,0.006977,0.006984,0.006976,0.006982,17530,144.518997,144.526001,144.324005,144.373001,0,-1.177378,-1.139586,-1.147566
2025.07.04 05:00,0.006983,0.006985,0.006981,0.006984,1530,144.375,144.399002,144.300995,144.335999,0,-1.142792,-1.147319,-1.151579
2025.07.04 06:00,0.006983,0.006992,0.006979,0.006988,3674,144.335007,144.429001,144.179993,144.246002,0,-1.152261,-1.14917,-1.153775
2025.07.04 07:00,0.006988,0.006988,0.006979,0.006981,3439,144.244995,144.427994,144.231995,144.408005,0,-1.151254,-1.139767,-1.151795
2025.07.04 08:00,0.006981,0.006986,0.006981,0.006983,2147,144.404999,144.416,144.279999,144.341003,0,-1.15979,-1.136571,-1.14633
2025.07.04 09:00,0.006983,0.006987,0.006983,0.006985,1958,144.337997,144.373001,144.270996,144.309998,0,-1.157824,-1.148051,-1.146072
2025.07.04 10:00,0.006985,0.006987,0.006981,0.006984,1677,144.311996,144.384003,144.278,144.339996,0,-1.148308,-1.144819,-1.155577
2025.07.04 11:00,0.006983,0.006985,0.006981,0.006981,1979,144.343002,144.401001,144.298004,144.391006,0,-1.144791,-1.134079,-1.14505
2025.07.04 12:00,0.006981,0.006983,0.006978,0.006979,1922,144.393997,144.445999,144.352005,144.423004,0,-1.138462,-1.147076,-1.146264
2025.07.04 13:00,0.006979,0.006981,0.006975,0.006978,1479,144.419998,144.509003,144.382996,144.455994,0,-1.150102,-1.1473,-1.148457
2025.07.04 14:00,0.006979,0.00698,0.006973,0.006975,2165,144.457993,144.567993,144.404007,144.518005,0,-1.147415,-1.137533,-1.148825
2025.07.04 15:00,0.006975,0.006975,0.006973,0.006975,1475,144.522003,144.554001,144.5,144.529007,0,-1.153984,-1.141099,-1.149556
2025.07.04 16:00,0.006974,0.006977,0.006973,0.006975,854,144.531006,144.548004,144.472,144.498001,0,-1.147988,-1.143918,-1.1391
2025.07.06 23:00,0.006975,0.006977,0.006971,0.006975,2035,144.483002,144.582993,144.457001,144.487,0,-1.131556,-1.128919,-1.128099
2025.07.07 00:00,0.006975,0.006985,0.006975,0.006983,5064,144.487,144.505997,144.292007,144.352005,0,-1.136817,-1.128082,-1.136828
2025.07.07 01:00,0.006982,0.006989,0.006971,0.006973,4366,144.350006,144.578995,144.220001,144.531998,0,-1.137839,-1.138013,-1.121696
2025.07.07 02:00,0.006973,0.006975,0.006959,0.006959,4165,144.535004,144.839005,144.492004,144.815994,0,-1.129872,-1.133104,-1.127507
2025.07.07 03:00,0.006959,0.006965,0.006958,0.006959,1815,144.809998,144.850006,144.703995,144.832001,0,-1.130544,-1.128981,-1.133196
2025.07.07 04:00,0.006959,0.006961,0.006951,0.006952,3014,144.828995,145.001007,144.774994,144.983994,0,-1.136816,-1.127787,-1.140492
2025.07.07 05:00,0.006952,0.006954,0.006948,0.006952,2757,144.979004,145.078003,144.932999,144.983002,0,-1.141338,-1.120534,-1.129161
2025.07.07 06:00,0.006952,0.006954,0.006944,0.00695,5544,144.981003,145.158005,144.945007,145.018997,0,-1.138421,-1.132543,-1.123757
2025.07.07 07:00,0.00695,0.006952,0.006941,0.006941,7815,145.018005,145.201996,144.975006,145.192001,0,-1.130536,-1.131505,-1.120542
2025.07.07 08:00,0.006941,0.006946,0.006934,0.006935,5847,145.197998,145.345001,145.108002,145.332001,0,-1.138494,-1.129889,-1.135893
2025.07.07 09:00,0.006935,0.006938,0.006928,0.00693,5148,145.332993,145.488007,145.270004,145.429993,0,-1.135787,-1.125862,-1.129851
2025.07.07 10:00,0.00693,0.006932,0.006925,0.00693,4051,145.434998,145.533005,145.391006,145.429001,0,-1.12867,-1.132499,-1.139263
2025.07.07 11:00,0.00693,0.006933,0.006926,0.006927,4030,145.434006,145.513,145.369003,145.492004,0,-1.139936,-1.131298,-1.129363
2025.07.07 12:00,0.006928,0.006928,0.00692,0.006922,5996,145.492996,145.645996,145.475998,145.589996,0,-1.137327,-1.123779,-1.123081
2025.07.07 13:00,0.006923,0.006923,0.006913,0.006915,7225,145.585999,145.783005,145.567993,145.733994,0,-1.138467,-1.132375,-1.131288
2025.07.07 14:00,0.006916,0.006919,0.006911,0.006913,6850,145.735001,145.815002,145.662994,145.794006,0,-1.128608,-1.133435,-1.128548
2025.07.07 15:00,0.006913,0.006913,0.006908,0.006909,4988,145.796005,145.893005,145.776001,145.865005,0,-1.133306,-1.131463,-1.13673
2025.07.07 16:00,0.006909,0.006915,0.006897,0.006897,13693,145.865005,146.145996,145.733994,146.117996,0,-1.144909,-1.131288,-1.137926
2025.07.07 17:00,0.006898,0.006903,0.006892,0.0069,6776,146.115005,146.235001,146.011002,146.061005,0,-1.139234,-1.135957,-1.133467
2025.07.07 18:00,0.006901,0.006901,0.006892,0.006894,5855,146.059006,146.240997,146.050003,146.171997,0,-1.134711,-1.132969,-1.128847
2025.07.07 19:00,0.006895,0.006903,0.006894,0.006901,3910,146.169006,146.186996,145.996994,146.050003,0,-1.143846,-1.12195,-1.132969
2025.07.07 20:00,0.0069,0.006901,0.006896,0.0069,2807,146.052994,146.158997,146.007996,146.007996,0,-1.147393,-1.111955,-1.080458
2025.07.07 22:00,0.006901,0.00691,0.0069,0.006909,0,145.992996,146.033005,145.834,145.841003,0,-1.105467,-1.116199,-1.102261
2025.07.07 23:00,0.006909,0.006909,0.006899,0.006908,3004,145.860001,146.069,145.852005,145.880005,0,-1.12046,-1.12373,-1.120306
2025.07.08 00:00,0.006909,0.00691,0.006892,0.006895,7682,145.878998,146.212006,145.828003,146.160004,0,-1.116239,-1.110203,-1.127374
2025.07.08 01:00,0.006895,0.006901,0.006882,0.006891,6613,146.154007,146.442993,146.039001,146.246002,0,-1.125841,-1.121967,-1.129185
2025.07.08 02:00,0.00689,0.006901,0.00689,0.006899,3108,146.242996,146.285004,146.037994,146.091995,0,-1.136593,-1.12096,-1.132947
2025.07.08 03:00,0.006898,0.0069,0.006894,0.006899,0,146.091003,146.167999,146.037003,146.072006,0,-1.124849,-1.109465,-1.123466
2025.07.08 04:00,0.006903,0.006908,0.0069,0.006903,3516,146.070999,146.104004,145.876999,145.992004,0,-1.176466,-1.1173,-1.11696
2025.07.08 05:00,0.006902,0.006905,0.006897,0.006897,3604,145.992996,146.108002,145.942993,146.093002,0,-1.127932,-1.120405,-1.112933
2025.07.08 06:00,0.006897,0.006899,0.00689,0.006891,5375,146.093002,146.248993,146.059006,146.244995,0,-1.121643,-1.110466,-1.128178
2025.07.08 07:00,0.006891,0.006903,0.006888,0.006901,4511,146.244995,146.279999,145.992004,146.037994,0,-1.110512,-1.11696,-1.131462
2025.07.08 08:00,0.006901,0.006901,0.006892,0.006894,7129,146.033005,146.242004,146.029999,146.188004,0,-1.135718,-1.123467,-1.123817
2025.07.08 09:00,0.006893,0.0069,0.00689,0.006892,3368,146.190994,146.266998,146.052994,146.231003,0,-1.129114,-1.125456,-1.124717
2025.07.08 10:00,0.006892,0.006892,0.006884,0.006884,3636,146.225006,146.408997,146.218994,146.401993,0,-1.134067,-1.123228,-1.127063
2025.07.08 11:00,0.006884,0.006886,0.006872,0.006875,6323,146.401993,146.651001,146.350006,146.587006,0,-1.122369,-1.127812,-1.132459
2025.07.08 12:00,0.006874,0.006881,0.00687,0.006872,5006,146.587006,146.688995,146.451996,146.649002,0,-1.128591,-1.124282,-1.130961
2025.07.08 13:00,0.006872,0.006872,0.00686,0.006866,11982,146.647995,146.899002,146.626007,146.772003,0,-1.126409,-1.118546,-1.126798
2025.07.08 14:00,0.006866,0.006867,0.006857,0.006859,10216,146.770004,146.960007,146.748001,146.917999,0,-1.134267,-1.124,-1.134778
2025.07.08 15:00,0.006859,0.006866,0.006857,0.006864,7471,146.912994,146.975998,146.761993,146.813995,0,-1.128995,-1.116788,-1.126352
2025.07.08 16:00,0.006864,0.006869,0.006862,0.006868,5577,146.813004,146.863998,146.701996,146.744003,0,-1.133893,-1.120396,-1.130607
2025.07.08 17:00,0.006868,0.006872,0.006865,0.006868,3129,146.744003,146.807007,146.651993,146.716003,0,-1.129978,-1.133952,-1.123803
2025.07.08 18:00,0.006869,0.006872,0.006866,0.006871,2260,146.710999,146.763,146.649002,146.662003,0,-1.128393,-1.130961,-1.122778
2025.07.08 19:00,0.006872,0.006874,0.00687,0.006874,3488,146.658005,146.694,146.610992,146.621994,0,-1.133596,-1.124706,-1.135708
2025.07.08 20:00,0.006874,0.006878,0.006872,0.006876,3113,146.621994,146.641998,146.507996,146.595001,0,-1.123958,-1.116898,-1.172181
2025.07.08 22:00,0.006876,0.006876,0.006872,0.006874,0,146.520996,146.613998,146.520996,146.580994,0,-1.106537,-1.098176,-1.105292
2025.07.08 23:00,0.006874,0.006874,0.006861,0.006861,3952,146.585007,146.876007,146.578995,146.869003,0,-1.114041,-1.103293,-1.117652
2025.07.09 00:00,0.006861,0.006867,0.006859,0.006865,5575,146.867996,146.910004,146.729996,146.789001,0,-1.105531,-1.105995,-1.111972
2025.07.09 01:00,0.006865,0.006867,0.006853,0.006861,5289,146.791,147.029999,146.748001,146.863007,0,-1.1085,-1.124,-1.111655
2025.07.09 02:00,0.006861,0.006864,0.00685,0.006853,2918,146.863998,147.093002,146.787994,147.056,0,-1.107601,-1.100351,-1.123861
2025.07.09 03:00,0.006852,0.006852,0.006847,0.006851,2899,147.057999,147.182007,147.052994,147.098999,0,-1.121978,-1.110204,-1.124255
2025.07.09 04:00,0.006851,0.006853,0.006847,0.006853,1337,147.102997,147.147003,147.022995,147.039001,0,-1.1083,-1.101496,-1.117503
2025.07.09 05:00,0.006853,0.006859,0.006851,0.006855,3393,147.035004,147.067993,146.895996,146.985992,0,-1.11455,-1.112775,-1.11771
2025.07.09 06:00,0.006855,0.006864,0.006853,0.006864,3716,146.981995,147.033997,146.794998,146.806,0,-1.112498,-1.107355,-1.118356
2025.07.09 07:00,0.006864,0.00687,0.006861,0.006863,5053,146.800003,146.878998,146.677994,146.841003,0,-1.127647,-1.106992,-1.121518
2025.07.09 08:00,0.006862,0.006874,0.006861,0.00687,3735,146.841003,146.869995,146.589996,146.677002,0,-1.118644,-1.114295,-1.116598
2025.07.09 09:00,0.00687,0.006876,0.00687,0.006872,2716,146.677002,146.694,146.535995,146.626999,0,-1.122999,-1.113176,-1.119538
2025.07.09 10:00,0.006872,0.006876,0.00687,0.006871,2870,146.625,146.688995,146.535995,146.654007,0,-1.117994,-1.102608,-1.114783
2025.07.09 11:00,0.006871,0.006873,0.006866,0.006866,3125,146.656998,146.779999,146.604004,146.764999,0,-1.124184,-1.107131,-1.109184
2025.07.09 12:00,0.006866,0.00688,0.006866,0.006879,8030,146.763,146.766006,146.462997,146.481003,0,-1.110191,-1.114155,-1.111036
2025.07.09 13:00,0.006879,0.006884,0.006876,0.00688,8221,146.485001,146.544006,146.354996,146.460007,0,-1.110619,-1.101163,-1.111165
2025.07.09 14:00,0.00688,0.006889,0.006878,0.00688,7788,146.460007,146.503006,146.266998,146.462006,0,-1.111909,-1.108051,-1.102607
2025.07.09 15:00,0.00688,0.00688,0.006875,0.006877,4199,146.462006,146.565994,146.445007,146.531998,0,-1.111448,-1.10673,-1.119754
2025.07.09 16:00,0.006877,0.006886,0.006876,0.006883,2439,146.531006,146.531006,146.328003,146.408997,0,-1.108186,-1.116356,-1.123511
2025.07.09 17:00,0.006882,0.006889,0.006882,0.006886,2924,146.412994,146.434006,146.276001,146.332001,0,-1.116854,-1.117053,-1.099269
2025.07.09 18:00,0.006886,0.00689,0.006884,0.006886,5278,146.330994,146.391006,146.246002,146.328003,0,-1.116077,-1.118652,-1.105809
2025.07.09 19:00,0.006886,0.00689,0.006884,0.006888,2647,146.330994,146.371002,146.248993,146.313995,0,-1.106617,-1.100583,-1.123436
2025.07.09 20:00,0.006888,0.006888,0.006878,0.006886,2033,146.315994,146.485992,146.291,146.294998,0,-1.105456,-1.100441,-1.072804
2025.07.09 22:00,0.006886,0.00689,0.006883,0.006888,0,146.300995,146.320999,146.207993,146.229996,0,-1.035514,-1.059582,-1.049969
2025.07.09 23:00,0.006888,0.006896,0.006886,0.006894,2828,146.238007,146.302994,146.067993,146.104996,0,-1.070262,-1.05639,-1.061845
2025.07.10 00:00,0.006894,0.006911,0.006894,0.006909,7429,146.104996,146.117996,145.75,145.813995,0,-1.064324,-1.063605,-1.064776
2025.07.10 01:00,0.006908,0.006911,0.006902,0.006905,3170,145.811996,145.953995,145.757996,145.886002,0,-1.068453,-1.061131,-1.052923
2025.07.10 02:00,0.006905,0.006907,0.006895,0.006895,4586,145.889008,146.095001,145.850006,146.082993,0,-1.062371,-1.058869,-1.060872
2025.07.10 03:00,0.006895,0.006895,0.006887,0.006888,2644,146.078003,146.257996,146.065002,146.251007,0,-1.056893,-1.042882,-1.081521
2025.07.10 04:00,0.006887,0.00689,0.00688,0.00689,2481,146.251007,146.410995,146.201996,146.218002,0,-1.062153,-1.064112,-1.069592
2025.07.10 05:00,0.00689,0.006892,0.006884,0.006888,2316,146.214996,146.343994,146.167999,146.255005,0,-1.069064,-1.061713,-1.064446
2025.07.10 06:00,0.006887,0.006894,0.006882,0.006892,4191,146.255005,146.360001,146.121994,146.149002,0,-1.063958,-1.057808,-1.063764
2025.07.10 07:00,0.006892,0.006896,0.006878,0.006886,5335,146.147003,146.464005,146.061996,146.278,0,-1.062334,-1.050393,-1.055806
2025.07.10 08:00,0.006886,0.006887,0.00688,0.006883,2138,146.281006,146.410004,146.259995,146.354996,0,-1.071726,-1.058892,-1.06951
2025.07.10 09:00,0.006882,0.006892,0.006882,0.006891,1907,146.352997,146.373993,146.167999,146.179993,0,-1.067391,-1.061713,-1.063175
2025.07.10 10:00,0.006891,0.006895,0.006888,0.006894,1600,146.173996,146.253006,146.080002,146.117996,0,-1.062447,-1.057881,-1.064324
2025.07.10 11:00,0.006894,0.006894,0.00688,0.006888,3051,146.121002,146.393005,146.080994,146.25,0,-1.054728,-1.037843,-1.069973
2025.07.10 12:00,0.006888,0.00689,0.006874,0.006878,7284,146.25,146.544006,146.201996,146.434006,0,-1.05772,-1.053586,-1.05347
2025.07.10 13:00,0.006878,0.006883,0.00687,0.006872,7594,146.438004,146.613007,146.343994,146.578995,0,-1.063188,-1.058509,-1.071534
2025.07.10 14:00,0.006872,0.006876,0.006862,0.006876,13467,146.580002,146.787003,146.475006,146.509003,0,-1.056897,-1.03104,-1.065037
2025.07.10 15:00,0.006875,0.006881,0.006873,0.006878,6756,146.509995,146.565994,146.378006,146.460999,0,-1.069121,-1.050292,-1.059328
2025.07.10 16:00,0.006878,0.006881,0.006876,0.006877,2469,146.457001,146.509995,146.386002,146.462006,0,-1.066029,-1.058288,-1.049761
2025.07.10 17:00,0.006878,0.006885,0.006877,0.006884,2020,146.462997,146.479004,146.307007,146.324997,0,-1.06676,-1.063725,-1.071164
2025.07.10 18:00,0.006884,0.00689,0.006884,0.006888,2895,146.324997,146.332993,146.199005,146.242996,0,-1.068607,-1.061121,-1.07351
2025.07.10 19:00,0.006888,0.006892,0.006886,0.006888,2387,146.240997,146.287994,146.164001,146.238007,0,-1.065801,-1.057715,-1.05798
2025.07.10 20:00,0.006888,0.006891,0.006888,0.006888,1271,146.238998,146.255005,146.175995,146.238998,0,-1.064446,-1.059178,-1.048439
2025.07.10 22:00,0.006888,0.006891,0.006886,0.006888,0,146.220993,146.266998,146.164001,146.207001,0,-1.044804,-1.047184,-1.037514
2025.07.10 23:00,0.006888,0.006892,0.006884,0.006886,1580,146.207001,146.296997,146.126007,146.270996,0,-1.043164,-1.040769,-1.038264
2025.07.11 00:00,0.006886,0.006887,0.006868,0.006872,8621,146.272995,146.641006,146.238998,146.554993,0,-1.048806,-1.037896,-1.047532
2025.07.11 01:00,0.006872,0.006874,0.006859,0.006863,6800,146.548004,146.837997,146.511002,146.761993,0,-1.054776,-1.045874,-1.042508
2025.07.11 02:00,0.006862,0.006864,0.00685,0.006851,5970,146.764008,147.039993,146.735992,147.018005,0,-1.054592,-1.048349,-1.043262
2025.07.11 03:00,0.006851,0.006858,0.006851,0.006854,2752,147.014008,147.033005,146.854004,146.945007,0,-1.058261,-1.038899,-1.044804
2025.07.11 04:00,0.006854,0.006854,0.006843,0.006849,4143,146.949997,147.184006,146.912003,147.076004,0,-1.049273,-1.011799,-1.05863
2025.07.11 05:00,0.006848,0.006859,0.006847,0.006858,3894,147.074005,147.110001,146.824005,146.867996,0,-1.049972,-1.040784,-1.052891
2025.07.11 06:00,0.006858,0.006863,0.006855,0.006855,3449,146.865005,146.942001,146.729996,146.919998,0,-1.052443,-1.031737,-1.051716
2025.07.11 07:00,0.006856,0.006865,0.006855,0.006859,3730,146.921997,146.921997,146.716003,146.850998,0,-1.053715,-1.038974,-1.057147
2025.07.11 08:00,0.006859,0.006863,0.006852,0.006853,3566,146.852997,147.001999,146.748001,146.983994,0,-1.059209,-1.049742,-1.051855
2025.07.11 09:00,0.006853,0.006855,0.006848,0.006851,2064,146.985001,147.084,146.912994,147.009003,0,-1.055962,-1.03407,-1.044905
2025.07.11 10:00,0.006851,0.006862,0.006851,0.00686,2538,147.009003,147.022995,146.761002,146.815994,0,-1.058897,-1.030896,-1.043401
2025.07.11 11:00,0.006861,0.006863,0.00685,0.006851,1817,146.813004,147.033997,146.764008,147.024002,0,-1.048595,-1.055131,-1.049258
2025.07.11 12:00,0.006851,0.006862,0.006847,0.006853,5889,147.018005,147.093994,146.785995,146.970993,0,-1.055291,-1.05589,-1.049494
2025.07.11 13:00,0.006854,0.006856,0.006839,0.006839,8085,146.972,147.283997,146.901993,147.283997,0,-1.053099,-1.044351,-1.053099
2025.07.11 14:00,0.006839,0.006839,0.006828,0.006836,18417,147.285004,147.522995,147.268005,147.337997,0,-1.056503,-1.047801,-1.053618
2025.07.11 15:00,0.006835,0.006839,0.006831,0.006837,7707,147.334,147.431,147.257004,147.292007,0,-1.039551,-1.047481,-1.039718
2025.07.11 16:00,0.006838,0.006839,0.006832,0.006834,4988,147.291,147.406006,147.25,147.363007,0,-1.046693,-1.040478,-1.035817
2025.07.11 17:00,0.006835,0.006837,0.006832,0.006833,3943,147.363007,147.419006,147.313004,147.389999,0,-1.04898,-1.039326,-1.041399
2025.07.11 18:00,0.006834,0.006835,0.00683,0.006831,5461,147.386993,147.449005,147.341003,147.444,0,-1.046838,-1.035227,-1.052552
2025.07.11 19:00,0.006831,0.006834,0.00683,0.006834,5247,147.445999,147.479004,147.367996,147.373993,0,-1.055405,-1.040806,-1.046803
2025.07.11 20:00,0.006834,0.006835,0.00683,0.00683,1961,147.375,147.470001,147.339005,147.410995,0,-1.046402,-1.043923,-1.008828
2025.07.14 04:00,0.006832,0.006841,0.00683,0.006833,0,147.302002,147.444,147.194,147.375,0,-1.041833,-1.02722,-1.0264
2025.07.14 05:00,0.006834,0.006837,0.006828,0.006834,2276,147.369995,147.483994,147.279007,147.362,0,-1.038946,-1.026717,-1.034809
2025.07.14 06:00,0.006834,0.006841,0.006831,0.006839,3885,147.360001,147.425003,147.222,147.255997,0,-1.033554,-1.033857,-1.035792
2025.07.14 07:00,0.006839,0.00684,0.006834,0.006834,3939,147.261002,147.371002,147.235992,147.365997,0,-1.043812,-1.037161,-1.038807
2025.07.14 08:00,0.006834,0.006843,0.006833,0.006837,2761,147.371994,147.384003,147.167999,147.317993,0,-1.035403,-1.033267,-1.044316
2025.07.14 09:00,0.006836,0.006843,0.006835,0.006838,2267,147.317993,147.345993,147.151001,147.279007,0,-1.040217,-1.026938,-1.037414
2025.07.14 10:00,0.006838,0.006843,0.006838,0.006841,2022,147.281006,147.287994,147.147003,147.201996,0,-1.046401,-1.02294,-1.035216
2025.07.14 11:00,0.006841,0.006841,0.006829,0.006832,2686,147.199997,147.464005,147.199997,147.406998,0,-1.029682,-1.033217,-1.036971
2025.07.14 12:00,0.006832,0.006841,0.00683,0.006832,4014,147.408005,147.444,147.216003,147.389008,0,-1.041833,-1.02786,-1.018981
2025.07.14 13:00,0.006832,0.006837,0.006828,0.006834,7888,147.389999,147.487,147.307007,147.354004,0,-1.041952,-1.033329,-1.026814
2025.07.14 14:00,0.006834,0.006836,0.006826,0.006829,8639,147.350006,147.522003,147.315994,147.459,0,-1.034051,-1.031615,-1.024677
2025.07.14 15:00,0.00683,0.006831,0.006818,0.006818,11099,147.462006,147.701996,147.432999,147.690002,0,-1.031423,-1.04155,-1.030177
2025.07.14 16:00,0.006818,0.00682,0.006815,0.006818,9007,147.690994,147.759003,147.656006,147.709,0,-1.023859,-1.028435,-1.027667
2025.07.14 17:00,0.006818,0.00682,0.006816,0.006818,3954,147.710007,147.761993,147.667999,147.714996,0,-1.037617,-1.040428,-1.033664
2025.07.14 18:00,0.006818,0.006818,0.006815,0.006815,11061,147.716003,147.764999,147.703995,147.761993,0,-1.029856,-1.033422,-1.02685
2025.07.14 19:00,0.006816,0.006818,0.006815,0.006818,3780,147.761002,147.766006,147.701996,147.723007,0,-1.030863,-1.031423,-1.041675
2025.07.14 20:00,0.006817,0.006818,0.006814,0.006816,2366,147.720993,147.779999,147.681,147.684006,0,-1.034086,-0.999667,-0.970395
2025.07.14 22:00,0.006816,0.006819,0.006813,0.006814,0,147.709,147.789001,147.658005,147.766998,0,-1.010782,-1.008936,-1.021086
2025.07.14 23:00,0.006814,0.006815,0.006808,0.006814,3161,147.759995,147.886993,147.759003,147.783005,0,-1.01176,-1.023859,-1.015559
2025.07.15 00:00,0.006814,0.006824,0.006813,0.006823,5631,147.779999,147.794006,147.557007,147.582001,0,-1.015787,-1.026124,-1.018906
2025.07.15 01:00,0.006823,0.006824,0.006812,0.006814,3938,147.585007,147.800003,147.580002,147.770996,0,-1.011009,-1.027649,-1.025083
2025.07.15 02:00,0.006814,0.006822,0.006812,0.006822,2726,147.776001,147.822998,147.595993,147.610992,0,-1.023237,-1.022155,-1.026409
2025.07.15 03:00,0.006822,0.006824,0.006818,0.006819,0,147.610001,147.684998,147.548004,147.667007,0,-1.025172,-1.017121,-1.017939
2025.07.15 04:00,0.00682,0.006822,0.006818,0.00682,1162,147.671997,147.712997,147.610001,147.662994,0,-1.031665,-1.01468,-1.02468
2025.07.15 05:00,0.00682,0.006825,0.006819,0.006824,1267,147.660995,147.671005,147.548004,147.567001,0,-1.021937,-1.027859,-1.025379
2025.07.15 06:00,0.006824,0.006824,0.006816,0.006818,3129,147.569,147.748001,147.569,147.697998,0,-1.023625,-1.016648,-1.027425
2025.07.15 07:00,0.006818,0.00682,0.006814,0.006816,3258,147.697998,147.787994,147.636002,147.733994,0,-1.020549,-1.019182,-1.020383
2025.07.15 08:00,0.006816,0.00682,0.006815,0.006819,3227,147.731003,147.766998,147.647003,147.675995,0,-1.031855,-1.030184,-1.026926
2025.07.15 09:00,0.006818,0.006822,0.006816,0.006818,1862,147.671005,147.746002,147.606003,147.705994,0,-1.032392,-1.021419,-1.024661
2025.07.15 10:00,0.006818,0.00682,0.006814,0.006816,2052,147.707001,147.774994,147.654007,147.729996,0,-1.018321,-1.015693,-1.005619
2025.07.15 11:00,0.006816,0.006816,0.006806,0.006808,5071,147.731995,147.949997,147.712006,147.908997,0,-1.02082,-1.009149,-1.012192
2025.07.15 12:00,0.006808,0.006829,0.006797,0.006809,19669,147.914001,148.147995,147.647003,147.893997,0,-1.02426,-1.212681,-1.029551
2025.07.15 13:00,0.006809,0.006809,0.006774,0.006777,18843,147.886993,148.656998,147.884003,148.580994,0,-1.03373,-1.019557,-1.02308
2025.07.15 14:00,0.006777,0.006777,0.006762,0.006766,22691,148.576004,148.899002,148.565994,148.815002,0,-1.024694,-1.018959,-1.02811
2025.07.15 15:00,0.006767,0.006769,0.006757,0.006769,16637,148.815994,149.022995,148.751999,148.757996,0,-1.028323,-1.019692,-1.025688
2025.07.15 16:00,0.006769,0.006771,0.006759,0.006763,5890,148.753006,148.981003,148.707993,148.895004,0,-1.030123,-1.019323,-1.031631
2025.07.15 17:00,0.006764,0.006764,0.006758,0.00676,3802,148.893997,148.996002,148.873001,148.936005,0,-1.023224,-1.031483,-1.017949
2025.07.15 18:00,0.00676,0.006766,0.00676,0.006764,6155,148.938004,148.962006,148.820007,148.852005,0,-1.033007,-1.022191,-1.021417
2025.07.15 19:00,0.006764,0.006767,0.006762,0.006766,4205,148.850998,148.921997,148.802994,148.843994,0,-1.036752,-1.027024,-1.035263
2025.07.15 20:00,0.006766,0.006766,0.006763,0.006764,1579,148.845001,148.888,148.822998,148.878006,0,-1.024627,-1.025182,-1.036488
2025.07.15 22:00,0.006766,0.006766,0.00676,0.006762,0,148.841995,148.927002,148.820999,148.884995,0,-1.008946,-1.023183,-1.010686
2025.07.15 23:00,0.006764,0.00677,0.00676,0.006768,3649,148.878006,148.942001,148.718002,148.774002,0,-1.013003,-1.007512,-1.008953
2025.07.16 00:00,0.006767,0.00677,0.006756,0.006758,5223,148.781006,149.037994,148.701004,148.977997,0,-1.010463,-1.001425,-1.016169
2025.07.16 01:00,0.006758,0.00677,0.006756,0.006766,3901,148.975006,149.035995,148.733994,148.822998,0,-1.019422,-1.012601,-1.014266
2025.07.16 02:00,0.006765,0.006766,0.006759,0.006762,2312,148.820999,148.972,148.820007,148.904007,0,-1.02112,-1.011276,-1.007833
2025.07.16 03:00,0.006762,0.006764,0.006754,0.006755,3027,148.904999,149.089005,148.858994,149.035004,0,-1.017636,-1.006554,-0.996513
2025.07.16 04:00,0.006754,0.006762,0.00675,0.00676,4262,149.033005,149.186005,148.908005,148.925995,0,-1.026883,-1.011831,-1.007939
2025.07.16 05:00,0.00676,0.006768,0.00676,0.006766,3764,148.931,148.949005,148.781998,148.815002,0,-1.020006,-1.016948,-1.017186
2025.07.16 06:00,0.006766,0.006775,0.006764,0.006773,5148,148.809998,148.871994,148.615997,148.649002,0,-1.019554,-1.014524,-1.014835
2025.07.16 07:00,0.006774,0.006775,0.006761,0.006763,5030,148.647003,148.927994,148.613998,148.886002,0,-1.02088,-1.012525,-1.022628
2025.07.16 08:00,0.006762,0.00677,0.006762,0.006765,3566,148.882004,148.899994,148.720001,148.837006,0,-1.014748,-1.009511,-1.017347
2025.07.16 09:00,0.006765,0.006773,0.006762,0.00677,3615,148.832993,148.889008,148.649002,148.718002,0,-1.014699,-1.003943,-1.018423
2025.07.16 10:00,0.00677,0.006774,0.00677,0.00677,2121,148.718002,148.737,148.643997,148.710007,0,-1.015607,-1.020729,-1.010427
2025.07.16 11:00,0.00677,0.006775,0.006768,0.006768,2571,148.714005,148.785004,148.621994,148.764999,0,-1.019954,-1.020521,-1.010859
2025.07.16 12:00,0.006768,0.006781,0.006765,0.006771,11610,148.764999,148.835007,148.464005,148.701996,0,-1.015348,-1.003999,-1.013326
2025.07.16 13:00,0.006771,0.006775,0.00676,0.006766,8478,148.705002,148.929001,148.600006,148.807007,0,-1.010945,-1.009418,-1.009191
2025.07.16 14:00,0.006766,0.006789,0.006764,0.006782,22735,148.807007,148.852005,148.304001,148.470001,0,-1.021417,-1.017748,-1.02087
2025.07.16 15:00,0.006781,0.006854,0.006779,0.006799,94969,148.468994,148.511993,146.904007,148.100998,0,-1.008486,-1.003803,-1.009732
2025.07.16 16:00,0.006799,0.006812,0.006786,0.006801,15599,148.106003,148.378006,147.813004,148.044006,0,-1.015789,-1.002464,-1.017615
2025.07.16 17:00,0.006802,0.006827,0.006801,0.006818,10396,148.044006,148.059006,147.483002,147.681,0,-1.010999,-1.00578,-1.021175
2025.07.16 18:00,0.006818,0.00682,0.006805,0.006806,6257,147.679001,147.953003,147.639999,147.942993,0,-1.002229,-1.012429,-1.003018
2025.07.16 19:00,0.006806,0.006811,0.006802,0.00681,3685,147.945007,148.022995,147.819,147.841995,0,-1.007414,-0.997681,-0.999121
2025.07.16 20:00,0.00681,0.006812,0.006807,0.00681,1430,147.845993,147.914001,147.809998,147.824005,0,-1.006404,-0.999458,-0.970346
2025.07.16 22:00,0.006809,0.006812,0.006803,0.006806,0,147.798004,147.929993,147.716995,147.882004,0,-0.936017,-0.928001,-0.952827
2025.07.16 23:00,0.006806,0.006811,0.006797,0.006801,2882,147.876007,148.070007,147.761993,147.988007,0,-0.935457,-0.940674,-0.94
2025.07.17 00:00,0.0068,0.006801,0.006781,0.006783,5826,147.990997,148.425995,147.979996,148.378006,0,-0.944247,-0.931989,-0.939747
2025.07.17 01:00,0.006783,0.006787,0.006777,0.006785,4779,148.378006,148.492996,148.274002,148.339005,0,-0.945961,-0.933503,-0.944209
2025.07.17 02:00,0.006785,0.006785,0.006777,0.006779,2271,148.343994,148.501007,148.339005,148.449997,0,-0.943094,-0.944209,-0.94649
2025.07.17 03:00,0.006779,0.006779,0.00677,0.006775,3202,148.451004,148.660995,148.436005,148.544998,0,-0.939603,-0.932497,-0.943525
2025.07.17 04:00,0.006774,0.006781,0.006772,0.006781,2450,148.548004,148.613007,148.404999,148.416,0,-0.957045,-0.944994,-0.934252
2025.07.17 05:00,0.006781,0.006783,0.006777,0.006778,2419,148.419006,148.494995,148.363998,148.481995,0,-0.94796,-0.936611,-0.945847
2025.07.17 06:00,0.006777,0.006779,0.006764,0.006771,6866,148.477997,148.804993,148.447006,148.628006,0,-0.952553,-0.932627,-0.939336
2025.07.17 07:00,0.006771,0.006773,0.006765,0.006767,3833,148.626999,148.766998,148.585999,148.720993,0,-0.94734,-0.94094,-0.945023
2025.07.17 08:00,0.006767,0.006773,0.006764,0.006773,3319,148.716003,148.785004,148.580002,148.582993,0,-0.954416,-0.934943,-0.937934
2025.07.17 09:00,0.006773,0.006776,0.006765,0.006766,2915,148.585999,148.772995,148.518005,148.748001,0,-0.953336,-0.93831,-0.939269
2025.07.17 10:00,0.006766,0.006772,0.006762,0.00677,3418,148.748993,148.834,148.610001,148.639008,0,-0.937826,-0.943134,-0.939428
2025.07.17 11:00,0.006771,0.006772,0.006764,0.006765,5052,148.636993,148.800995,148.598999,148.766998,0,-0.948555,-0.943037,-0.94734
2025.07.17 12:00,0.006766,0.006772,0.00675,0.006768,14205,148.761993,149.087006,148.593994,148.714005,0,-0.949827,-0.938032,-0.948955
2025.07.17 13:00,0.006768,0.006779,0.006766,0.006773,11114,148.712997,148.753006,148.449997,148.574005,0,-0.95519,-0.935618,-0.939838
2025.07.17 14:00,0.006773,0.006783,0.00677,0.006778,7861,148.585007,148.658005,148.376999,148.481003,0,-0.947514,-0.93874,-0.944855
2025.07.17 15:00,0.006778,0.006779,0.006772,0.006775,6275,148.481003,148.610992,148.451004,148.552002,0,-0.955031,-0.947497,-0.950529
2025.07.17 16:00,0.006775,0.006779,0.006768,0.006772,5903,148.552994,148.703995,148.470993,148.625,0,-0.949854,-0.94573,-0.958134
2025.07.17 17:00,0.006772,0.006775,0.006769,0.00677,2501,148.619995,148.673004,148.556,148.658997,0,-0.940697,-0.94363,-0.937604
2025.07.17 18:00,0.00677,0.00677,0.006766,0.006766,4410,148.654999,148.753006,148.639999,148.725006,0,-0.944274,-0.94042,-0.938114
2025.07.17 19:00,0.006766,0.006775,0.006766,0.006773,3495,148.720993,148.753006,148.546005,148.585999,0,-0.95519,-0.944532,-0.94094
2025.07.17 20:00,0.006773,0.006775,0.006772,0.006773,1251,148.585007,148.621002,148.533005,148.563995,0,-0.954136,-0.931532,-0.918937
2025.07.17 22:00,0.006777,0.006786,0.006771,0.006785,0,148.514999,148.567001,148.292999,148.319,0,-0.878331,-0.930783,-0.924205
2025.07.17 23:00,0.006785,0.006787,0.006779,0.006779,1987,148.313004,148.453995,148.285004,148.445007,0,-0.939616,-0.933647,-0.930628
2025.07.18 00:00,0.006779,0.006785,0.006771,0.006773,5458,148.442993,148.626999,148.326996,148.580002,0,-0.938329,-0.932201,-0.934943
2025.07.18 01:00,0.006773,0.006781,0.006771,0.006777,2784,148.580994,148.621994,148.378006,148.485001,0,-0.933324,-0.918001,-0.927087
2025.07.18 02:00,0.006777,0.006781,0.006773,0.006775,2651,148.487,148.576004,148.408005,148.518997,0,-0.930945,-0.926257,-0.928409
2025.07.18 03:00,0.006775,0.006777,0.006768,0.006769,2961,148.516006,148.669998,148.472,148.667999,0,-0.926775,-0.924965,-0.935692
2025.07.18 04:00,0.006766,0.006771,0.006766,0.006769,2544,148.664993,148.723999,148.613998,148.667007,0,-0.926183,-0.925328,-0.9347
2025.07.18 05:00,0.006768,0.006768,0.006762,0.006764,2425,148.664001,148.809006,148.664001,148.753998,0,-0.92376,-0.920778,-0.92341
2025.07.18 06:00,0.006765,0.006768,0.00676,0.006766,3534,148.759995,148.837006,148.688995,148.740005,0,-0.91895,-0.923946,-0.931274
2025.07.18 07:00,0.006766,0.00677,0.006758,0.006764,3765,148.740997,148.884003,148.647995,148.779999,0,-0.922174,-0.926602,-0.927559
2025.07.18 08:00,0.006764,0.006777,0.006764,0.006772,4453,148.776993,148.781006,148.496994,148.585007,0,-0.939488,-0.939081,-0.91814
2025.07.18 09:00,0.006772,0.006775,0.006766,0.006767,1902,148.595001,148.723999,148.509003,148.703995,0,-0.926183,-0.918414,-0.928025
2025.07.18 10:00,0.006766,0.006777,0.006766,0.006775,2125,148.703995,148.718002,148.494003,148.514008,0,-0.93111,-0.9252,-0.923419
2025.07.18 11:00,0.006776,0.006779,0.006772,0.006776,2263,148.518997,148.582993,148.447998,148.503006,0,-0.927031,-0.922735,-0.923311
2025.07.18 12:00,0.006776,0.006785,0.006775,0.006783,4529,148.501007,148.528,148.319,148.356003,0,-0.937412,-0.924205,-0.917744
2025.07.18 13:00,0.006783,0.006791,0.006777,0.006787,8781,148.358994,148.468002,148.188004,148.257996,0,-0.920967,-0.923446,-0.917497
2025.07.18 14:00,0.006787,0.006791,0.006775,0.006777,8150,148.259995,148.516998,148.179993,148.475998,0,-0.92641,-0.92627,-0.928963
2025.07.18 15:00,0.006777,0.006783,0.006773,0.006774,4885,148.479004,148.563004,148.358002,148.548996,0,-0.928836,-0.919743,-0.925728
2025.07.18 16:00,0.006774,0.006776,0.006766,0.006768,4932,148.554001,148.731995,148.507996,148.686996,0,-0.934178,-0.928301,-0.921947
2025.07.18 17:00,0.006768,0.00677,0.006763,0.006766,3598,148.684006,148.794006,148.649994,148.714005,0,-0.930633,-0.928601,-0.927112
2025.07.18 18:00,0.006766,0.006767,0.006764,0.006764,4116,148.714996,148.785004,148.695999,148.764008,0,-0.932564,-0.920029,-0.911568
2025.07.18 19:00,0.006764,0.006766,0.006762,0.006766,3247,148.770004,148.807999,148.729996,148.744003,0,-0.922753,-0.932179,-0.935272
2025.07.18 20:00,0.006765,0.006768,0.00676,0.006764,2129,148.744003,148.852997,148.690994,148.748993,0,-0.913063,-0.925945,-0.907475
2025.07.20 23:00,0.006772,0.006782,0.006769,0.006779,1779,148.587006,148.664993,148.371002,148.453003,0,-0.932686,-0.921871,-0.92774
2025.07.21 00:00,0.006779,0.006788,0.006777,0.006781,3513,148.449997,148.485992,148.235992,148.384003,0,-0.938958,-0.917195,-0.913132
2025.07.21 01:00,0.006781,0.006784,0.006775,0.006776,2287,148.384995,148.541,148.328003,148.513,0,-0.939527,-0.922342,-0.933305
2025.07.21 02:00,0.006775,0.006779,0.006773,0.006776,1026,148.514008,148.576004,148.432999,148.498001,0,-0.941837,-0.91862,-0.918306
2025.07.21 03:00,0.006776,0.006781,0.006774,0.006778,1059,148.498993,148.559006,148.389008,148.477005,0,-0.935738,-0.918137,-0.940857
2025.07.21 04:00,0.006778,0.006779,0.006775,0.006779,633,148.457993,148.539993,148.417007,148.444,0,-0.949405,-0.9135,-0.929621
2025.07.21 05:00,0.006779,0.006787,0.006779,0.006785,1414,148.440002,148.485001,148.257996,148.296005,0,-0.959738,-0.917497,-0.922927
2025.07.21 06:00,0.006785,0.00681,0.006785,0.006803,8440,148.296005,148.307999,147.770004,147.932999,0,-0.924068,-0.92713,-0.928226
2025.07.21 07:00,0.006802,0.006803,0.006788,0.006795,7169,147.934998,148.244995,147.912003,148.104004,0,-0.926197,-0.918027,-0.926143
2025.07.21 08:00,0.006795,0.006814,0.006793,0.006804,5138,148.102997,148.134995,147.688004,147.895004,0,-0.924627,-0.920558,-0.93343
2025.07.21 09:00,0.006804,0.006806,0.006801,0.006803,2578,147.895996,147.972,147.843002,147.921005,0,-0.934797,-0.913825,-0.927029
2025.07.21 10:00,0.006803,0.00681,0.006801,0.00681,1687,147.917007,147.977005,147.751999,147.755005,0,-0.950613,-0.919898,-0.922904
2025.07.21 11:00,0.006811,0.006822,0.00681,0.00682,8570,147.753006,147.766006,147.503998,147.544998,0,-0.933905,-0.930159,-0.928179
2025.07.21 12:00,0.00682,0.00683,0.00682,0.006822,12345,147.546005,147.554001,147.328003,147.488998,0,-0.92643,-0.915115,-0.91516
2025.07.21 13:00,0.006822,0.006823,0.006812,0.00682,6094,147.494003,147.723007,147.490005,147.526993,0,-0.923246,-0.926911,-0.910174
2025.07.21 14:00,0.00682,0.006832,0.00682,0.006826,8464,147.526001,147.546997,147.281998,147.423996,0,-0.930178,-0.911971,-0.925311
2025.07.21 15:00,0.006826,0.006834,0.006826,0.006833,5975,147.425003,147.427994,147.251007,147.268997,0,-0.929308,-0.923817,-0.920397
2025.07.21 16:00,0.006833,0.006841,0.00683,0.006838,6315,147.270004,147.332001,147.078003,147.158005,0,-0.919113,-0.911223,-0.916412
2025.07.21 17:00,0.006838,0.006841,0.006832,0.006834,3831,147.162994,147.309006,147.110001,147.248993,0,-0.928274,-0.921858,-0.921803
2025.07.21 18:00,0.006834,0.006835,0.006828,0.00683,5661,147.253998,147.382004,147.214005,147.328003,0,-0.915512,-0.918923,-0.925836
2025.07.21 19:00,0.00683,0.006832,0.006828,0.006828,3063,147.326004,147.373993,147.268005,147.358002,0,-0.928946,-0.908693,-0.912954
2025.07.21 20:00,0.006829,0.00683,0.006826,0.006828,1042,147.354996,147.436996,147.324997,147.326004,0,-0.927587,-0.912109,-0.87023
2025.07.21 22:00,0.006828,0.006831,0.006826,0.006826,0,147.307007,147.414001,147.289001,147.386002,0,-0.904592,-0.897553,-0.898049
2025.07.21 23:00,0.006827,0.006827,0.006822,0.006826,2594,147.395004,147.496002,147.386002,147.401001,0,-0.911418,-0.90878,-0.913048
2025.07.22 00:00,0.006826,0.006827,0.006812,0.006822,6708,147.395996,147.712997,147.388,147.488007,0,-0.913236,-0.910779,-0.903423
2025.07.22 01:00,0.006822,0.006824,0.006815,0.006818,2424,147.481995,147.641998,147.447998,147.582001,0,-0.906855,-0.895645,-0.911428
2025.07.22 02:00,0.006818,0.006826,0.006818,0.006823,1449,147.578995,147.585999,147.406998,147.457993,0,-0.915426,-0.897588,-0.894898
2025.07.22 03:00,0.006823,0.006826,0.006817,0.006818,0,147.464005,147.612,147.414001,147.574997,0,-0.919906,-0.904592,-0.904424
2025.07.22 04:00,0.006816,0.00682,0.006814,0.006815,2827,147.574005,147.671997,147.533997,147.639008,0,-0.904552,-0.906426,-0.903864
2025.07.22 05:00,0.006816,0.006817,0.006807,0.006809,2735,147.638,147.809006,147.598007,147.772995,0,-0.901409,-0.905914,-0.908549
2025.07.22 06:00,0.00681,0.006811,0.006802,0.006806,4084,147.766998,147.931,147.716995,147.817001,0,-0.915418,-0.895676,-0.89861
2025.07.22 07:00,0.006806,0.006812,0.006801,0.006812,4366,147.822998,147.947006,147.699997,147.705002,0,-0.909803,-0.911003,-0.894462
2025.07.22 08:00,0.006812,0.006816,0.006809,0.006816,3997,147.705994,147.763,147.604004,147.613998,0,-0.898555,-0.901148,-0.900388
2025.07.22 09:00,0.006817,0.006825,0.006816,0.006824,4149,147.615005,147.615005,147.419006,147.432007,0,-0.912149,-0.898861,-0.890385
2025.07.22 10:00,0.006824,0.006828,0.006819,0.00682,1613,147.436996,147.556,147.358994,147.535004,0,-0.906931,-0.90322,-0.89669
2025.07.22 11:00,0.00682,0.006837,0.006818,0.006835,6321,147.531006,147.570999,147.153,147.192001,0,-0.900426,-0.90071,-0.896919
2025.07.22 12:00,0.006835,0.006857,0.006833,0.006854,13660,147.192001,147.253998,146.738007,146.800995,0,-0.905398,-0.891004,-0.900791
2025.07.22 13:00,0.006855,0.006868,0.00685,0.006865,14904,146.798004,146.889999,146.501999,146.572998,0,-0.904598,-0.899206,-0.895969
2025.07.22 14:00,0.006865,0.006876,0.006859,0.00687,15541,146.574005,146.673996,146.320007,146.447998,0,-0.890775,-0.88662,-0.89818
2025.07.22 15:00,0.00687,0.006876,0.006866,0.006874,9890,146.445999,146.529999,146.337997,146.367004,0,-0.895391,-0.894031,-0.901876
2025.07.22 16:00,0.006874,0.006877,0.00687,0.006872,6268,146.363998,146.475006,146.302002,146.421997,0,-0.904005,-0.889758,-0.893365
2025.07.22 17:00,0.006872,0.006872,0.006864,0.006866,4480,146.423996,146.585999,146.423004,146.556,0,-0.898355,-0.894373,-0.900185
2025.07.22 18:00,0.006866,0.006866,0.006864,0.006865,3323,146.550003,146.593002,146.520004,146.565002,0,-0.905359,-0.885397,-0.887973
2025.07.22 19:00,0.006865,0.006868,0.006863,0.006865,4217,146.565994,146.604004,146.487,146.561005,0,-0.895128,-0.884207,-0.894578
2025.07.22 20:00,0.006866,0.006866,0.006859,0.006861,3364,146.561996,146.682999,146.548004,146.621994,0,-0.899777,-0.892189,-0.860028
2025.07.22 22:00,0.006861,0.006863,0.006855,0.006859,0,146.593002,146.774994,146.567001,146.703003,0,-0.885436,-0.847516,-0.898531
2025.07.22 23:00,0.006859,0.00688,0.006847,0.006855,14454,146.688004,146.945007,146.242004,146.757004,0,-0.884979,-0.882606,-0.878079
2025.07.23 00:00,0.006855,0.006882,0.006853,0.00687,16088,146.761993,146.811996,146.194,146.434998,0,-0.890498,-0.876848,-0.885179
2025.07.23 01:00,0.00687,0.006872,0.006857,0.006862,10833,146.434006,146.725006,146.384995,146.604996,0,-0.888631,-0.866954,-0.87489
2025.07.23 02:00,0.006862,0.00687,0.006834,0.006847,17159,146.608994,147.203995,146.416,146.927994,0,-0.876805,-0.866182,-0.878634
2025.07.23 03:00,0.006847,0.006856,0.006843,0.006847,3670,146.934006,147.018005,146.742004,146.925003,0,-0.883273,-0.884363,-0.875643
2025.07.23 04:00,0.006845,0.006847,0.00684,0.006847,2156,146.925003,147.076996,146.908005,146.944,0,-0.878164,-0.869302,-0.883972
2025.07.23 05:00,0.006847,0.00685,0.006834,0.006836,3467,146.938004,147.207001,146.852005,147.156006,0,-0.879811,-0.866604,-0.871627
2025.07.23 06:00,0.006836,0.00686,0.006834,0.00685,10552,147.158997,147.214996,146.647003,146.858002,0,-0.887806,-0.87441,-0.8726
2025.07.23 07:00,0.00685,0.006863,0.006849,0.006855,5417,146.856995,146.884995,146.593002,146.751999,0,-0.878283,-0.873517,-0.883716
2025.07.23 08:00,0.006855,0.006861,0.006849,0.006853,5633,146.748001,146.904007,146.636993,146.792999,0,-0.886633,-0.875027,-0.882149
2025.07.23 09:00,0.006853,0.006869,0.006853,0.006868,3798,146.789001,146.798996,146.462006,146.501007,0,-0.877497,-0.880405,-0.887611
2025.07.23 10:00,0.006868,0.006877,0.006865,0.006872,4324,146.5,146.548996,146.276001,146.408005,0,-0.88257,-0.863757,-0.879373
2025.07.23 11:00,0.006871,0.006886,0.006871,0.006881,6593,146.404007,146.419006,146.104004,146.201996,0,-0.879782,-0.88181,-0.874282
2025.07.23 12:00,0.006882,0.006883,0.006867,0.006871,7161,146.205002,146.498001,146.160004,146.414001,0,-0.874,-0.874518,-0.874777
2025.07.23 13:00,0.006871,0.006873,0.006857,0.006866,9965,146.414993,146.729004,146.367004,146.539993,0,-0.882001,-0.870131,-0.884178
2025.07.23 14:00,0.006865,0.006877,0.006863,0.00687,9482,146.544006,146.593002,146.287003,146.416,0,-0.884126,-0.874758,-0.866182
2025.07.23 15:00,0.006871,0.00688,0.006863,0.006865,8013,146.417007,146.570007,146.231995,146.548004,0,-0.871748,-0.872596,-0.870975
2025.07.23 16:00,0.006865,0.006871,0.006861,0.006863,4696,146.550003,146.615005,146.406998,146.576004,0,-0.874278,-0.867773,-0.867128
2025.07.23 17:00,0.006863,0.006868,0.006861,0.006866,3427,146.576996,146.623001,146.470001,146.529007,0,-0.87165,-0.877801,-0.873192
2025.07.23 18:00,0.006866,0.006874,0.006865,0.006869,3106,146.531998,146.542999,146.367004,146.464996,0,-0.876573,-0.880718,-0.883396
2025.07.23 19:00,0.006868,0.006871,0.006863,0.006866,3662,146.464996,146.580002,146.421997,146.529007,0,-0.881743,-0.882773,-0.883801
2025.07.23 20:00,0.006866,0.00687,0.006866,0.006866,1221,146.529999,146.537003,146.447006,146.498993,0,-0.881187,-0.876005,-0.864386
2025.07.23 22:00,0.006866,0.00687,0.006863,0.006868,0,146.445007,146.516998,146.378006,146.444,0,-0.818739,-0.828188,-0.830604
2025.07.23 23:00,0.006868,0.006877,0.006867,0.006872,2782,146.444,146.451004,146.238007,146.347,0,-0.827003,-0.825762,-0.82896
2025.07.24 00:00,0.006872,0.006876,0.006865,0.006868,5254,146.341995,146.492004,146.261993,146.427002,0,-0.825578,-0.818027,-0.824209
2025.07.24 01:00,0.006868,0.006895,0.006868,0.006892,8289,146.431,146.436996,145.850006,145.932999,0,-0.834204,-0.827885,-0.826713
2025.07.24 02:00,0.006892,0.006892,0.006881,0.006886,4315,145.931,146.153,145.931,146.039001,0,-0.825286,-0.824714,-0.816808
2025.07.24 03:00,0.006886,0.006893,0.006884,0.006888,1904,146.039001,146.108994,145.893997,146.003998,0,-0.834064,-0.819286,-0.823971
2025.07.24 04:00,0.006885,0.006892,0.006884,0.006887,1672,146.005005,146.082001,145.927002,146.016998,0,-0.828168,-0.820716,-0.815896
2025.07.24 05:00,0.006888,0.00689,0.006883,0.006888,2938,146.016006,146.113007,145.951996,146.009995,0,-0.827521,-0.824646,-0.819436
2025.07.24 06:00,0.006888,0.006888,0.006874,0.006875,5721,146.011993,146.304001,145.985992,146.274994,0,-0.828299,-0.816506,-0.820448
2025.07.24 07:00,0.006875,0.006882,0.006866,0.006868,5465,146.270004,146.460007,146.139999,146.416,0,-0.825399,-0.822847,-0.8238
2025.07.24 08:00,0.006868,0.006874,0.006862,0.006863,4400,146.419006,146.565994,146.307999,146.544998,0,-0.835888,-0.821712,-0.825513
2025.07.24 09:00,0.006863,0.006863,0.006857,0.006862,3498,146.546005,146.647003,146.520004,146.554001,0,-0.821264,-0.821745,-0.823895
2025.07.24 10:00,0.006863,0.006863,0.006857,0.006861,2401,146.554993,146.660004,146.522995,146.572006,0,-0.823628,-0.824736,-0.820655
2025.07.24 11:00,0.006861,0.006866,0.006859,0.006866,2292,146.567001,146.623993,146.460007,146.479004,0,-0.830142,-0.825399,-0.823189
2025.07.24 12:00,0.006865,0.006867,0.006849,0.006851,10356,146.483002,146.832001,146.444,146.789993,0,-0.825289,-0.819999,-0.81525
2025.07.24 13:00,0.006851,0.006866,0.006847,0.006863,11419,146.794998,146.873001,146.477005,146.542007,0,-0.823641,-0.82119,-0.822522
2025.07.24 14:00,0.006863,0.006872,0.006849,0.006851,10439,146.539001,146.817993,146.352997,146.781006,0,-0.821933,-0.824365,-0.827563
2025.07.24 15:00,0.006851,0.006853,0.006844,0.006845,7415,146.778,146.945999,146.733994,146.927002,0,-0.832614,-0.823143,-0.834968
2025.07.24 16:00,0.006845,0.006851,0.006843,0.006846,4210,146.923004,146.953003,146.779999,146.899002,0,-0.82894,-0.815901,-0.828303
2025.07.24 17:00,0.006847,0.006853,0.006847,0.00685,3276,146.901993,146.901993,146.748001,146.813004,0,-0.841964,-0.826503,-0.827602
2025.07.24 18:00,0.00685,0.006851,0.006845,0.006845,2137,146.813995,146.929993,146.792007,146.917999,0,-0.827284,-0.817264,-0.825966
2025.07.24 19:00,0.006845,0.006848,0.006843,0.006845,4964,146.917007,146.968994,146.847,146.936996,0,-0.823581,-0.818963,-0.834288
2025.07.24 20:00,0.006845,0.006847,0.006841,0.006841,1877,146.932999,147.026001,146.880997,147.0,0,-0.837858,-0.820968,-0.83322
2025.07.24 22:00,0.006835,0.006839,0.00683,0.006838,0,147.089996,147.233002,147.020996,147.033005,0,-0.809402,-0.800792,-0.791412
2025.07.24 23:00,0.006839,0.006843,0.006835,0.006841,2801,147.052994,147.115997,146.957993,147.001007,0,-0.810221,-0.812579,-0.812864
2025.07.25 00:00,0.006841,0.006841,0.006824,0.00683,8658,147.003006,147.341995,146.979996,147.203995,0,-0.811112,-0.813216,-0.801827
2025.07.25 01:00,0.00683,0.006834,0.006819,0.006824,5539,147.205002,147.460999,147.156998,147.360001,0,-0.81193,-0.819108,-0.818379
2025.07.25 02:00,0.006824,0.006824,0.006818,0.006821,3590,147.360992,147.492996,147.343994,147.416,0,-0.811664,-0.802372,-0.809931
2025.07.25 03:00,0.006821,0.006832,0.00682,0.006832,3102,147.414993,147.438004,147.188004,147.218994,0,-0.810433,-0.807272,-0.838262
2025.07.25 04:00,0.006832,0.006837,0.006828,0.006835,2643,147.214996,147.272995,147.095993,147.134003,0,-0.817221,-0.822315,-0.81752
2025.07.25 05:00,0.006834,0.006849,0.006833,0.006843,7423,147.136002,147.162003,146.807999,146.932999,0,-0.813403,-0.811938,-0.798266
2025.07.25 06:00,0.006844,0.006847,0.006837,0.006838,4577,146.934006,147.095993,146.845001,147.059006,0,-0.822315,-0.806298,-0.817413
2025.07.25 07:00,0.006838,0.006839,0.006822,0.006823,5104,147.054993,147.414993,147.035995,147.384003,0,-0.819673,-0.815791,-0.820908
2025.07.25 08:00,0.006823,0.006824,0.006802,0.006806,16630,147.378998,147.832001,147.354004,147.753998,0,-0.816419,-0.812382,-0.814023
2025.07.25 09:00,0.006806,0.006807,0.006799,0.006801,4837,147.755005,147.893997,147.723007,147.865997,0,-0.813541,-0.81541,-0.817991
2025.07.25 10:00,0.006801,0.006806,0.006799,0.006805,2786,147.869003,147.901993,147.746994,147.774002,0,-0.821537,-0.807019,-0.823228
2025.07.25 11:00,0.006804,0.006811,0.006797,0.00681,4605,147.772003,147.940002,147.639999,147.673996,0,-0.816268,-0.81868,-0.831121
2025.07.25 12:00,0.006809,0.006812,0.006797,0.006801,5565,147.677002,147.936005,147.600006,147.856003,0,-0.823095,-0.811012,-0.818799
2025.07.25 13:00,0.006801,0.006816,0.006798,0.00681,20923,147.854996,147.919998,147.595993,147.669006,0,-0.817911,-0.882383,-0.826132
2025.07.25 14:00,0.00681,0.006816,0.006806,0.006807,12505,147.666,147.764008,147.524994,147.729996,0,-0.824033,-0.811383,-0.822399
2025.07.25 15:00,0.006808,0.00681,0.006804,0.006804,8128,147.727005,147.806,147.656006,147.783005,0,-0.822829,-0.813131,-0.82143
2025.07.25 16:00,0.006805,0.006807,0.006802,0.006806,3264,147.776993,147.835999,147.725006,147.755997,0,-0.820417,-0.817409,-0.816022
2025.07.25 17:00,0.006806,0.00681,0.006804,0.00681,3408,147.761002,147.779999,147.651993,147.671997,0,-0.818424,-0.809118,-0.818338
2025.07.25 18:00,0.006809,0.006816,0.006809,0.006814,3841,147.673004,147.682999,147.544006,147.565002,0,-0.818553,-0.81963,-0.81909
2025.07.25 19:00,0.006814,0.006816,0.006812,0.006812,2642,147.565994,147.617004,147.524994,147.613998,0,-0.817243,-0.822138,-0.814237
2025.07.25 20:00,0.006812,0.006812,0.006809,0.00681,1427,147.615997,147.690994,147.612,147.621994,0,-0.826549,-0.823005,-0.768335
2025.07.28 00:00,0.006809,0.006812,0.006803,0.006812,2688,147.783997,147.813004,147.597,147.615997,0,-0.808231,-0.797239,-0.805458
2025.07.28 01:00,0.006812,0.006816,0.006799,0.0068,4635,147.613007,147.876999,147.514008,147.865997,0,-0.807361,-0.811151,-0.807176
2025.07.28 02:00,0.0068,0.006802,0.006793,0.006802,4095,147.865997,148.022003,147.822006,147.835999,0,-0.811635,-0.806425,-0.820417
2025.07.28 03:00,0.006801,0.006808,0.0068,0.006807,2191,147.837006,147.869995,147.684006,147.710007,0,-0.811174,-0.797993,-0.80241
2025.07.28 04:00,0.006807,0.006811,0.006804,0.006806,1669,147.712006,147.792999,147.621994,147.744003,0,-0.809829,-0.800674,-0.804029
2025.07.28 05:00,0.006805,0.006806,0.006799,0.006801,1862,147.744995,147.876007,147.727997,147.854996,0,-0.806369,-0.79882,-0.806989
2025.07.28 06:00,0.006801,0.006801,0.006784,0.006793,7546,147.858002,148.210007,147.835007,148.018997,0,-0.804346,-0.808615,-0.797801
2025.07.28 07:00,0.006793,0.006804,0.006778,0.006781,9713,148.014008,148.337997,147.785995,148.292007,0,-0.801849,-0.802825,-0.81026
2025.07.28 08:00,0.00678,0.006787,0.006777,0.006781,8732,148.292007,148.373993,148.151001,148.270004,0,-0.80519,-0.799644,-0.799134
2025.07.28 09:00,0.006781,0.006783,0.006775,0.006777,3373,148.268005,148.414001,148.222,148.384995,0,-0.812528,-0.805471,-0.816191
2025.07.28 10:00,0.006777,0.006781,0.006775,0.006775,3569,148.386993,148.434006,148.287994,148.406006,0,-0.821636,-0.806247,-0.804533
2025.07.28 11:00,0.006775,0.006791,0.006773,0.006788,8797,148.410995,148.447006,148.074005,148.139008,0,-0.801948,-0.809447,-0.82021
2025.07.28 12:00,0.006787,0.006793,0.006785,0.006791,5539,148.139999,148.184998,148.026001,148.052002,0,-0.81192,-0.804804,-0.809123
2025.07.28 13:00,0.006792,0.006797,0.006779,0.006781,9365,148.052002,148.328003,147.934006,148.289001,0,-0.813624,-0.799455,-0.807254
2025.07.28 14:00,0.00678,0.006789,0.006779,0.006781,7619,148.291,148.322006,148.093994,148.276001,0,-0.818499,-0.807741,-0.80513
2025.07.28 15:00,0.006781,0.006781,0.006771,0.006772,6964,148.276993,148.494995,148.253998,148.455994,0,-0.806325,-0.793993,-0.800032
2025.07.28 16:00,0.006772,0.006773,0.00677,0.006771,5274,148.459,148.520004,148.438004,148.485992,0,-0.809514,-0.803836,-0.797322
2025.07.28 17:00,0.006771,0.006775,0.006769,0.00677,3919,148.483994,148.546005,148.389008,148.520996,0,-0.813698,-0.798419,-0.799603
2025.07.28 18:00,0.00677,0.006772,0.006767,0.006768,6526,148.520996,148.578995,148.473007,148.557007,0,-0.803025,-0.806141,-0.802866
2025.07.28 19:00,0.006768,0.00677,0.006768,0.006768,2117,148.554993,148.559998,148.516006,148.548996,0,-0.805857,-0.805516,-0.805773
2025.07.28 20:00,0.006768,0.006771,0.006768,0.006769,2321,148.544998,148.576996,148.429001,148.496994,0,-0.811946,-0.740331,-0.764687
2025.07.28 22:00,0.006768,0.00677,0.006766,0.00677,0,148.548004,148.580002,148.485992,148.518005,0,-0.782186,-0.786413,-0.807515
2025.07.28 23:00,0.00677,0.006772,0.006764,0.006772,2501,148.5,148.636993,148.451996,148.457001,0,-0.795475,-0.78513,-0.790134
2025.07.29 00:00,0.006772,0.006773,0.00676,0.006762,6945,148.451996,148.710999,148.436005,148.684006,0,-0.792943,-0.801837,-0.787832
2025.07.29 01:00,0.006762,0.006772,0.006761,0.006766,4143,148.682007,148.705002,148.462006,148.584,0,-0.797888,-0.784243,-0.786183
2025.07.29 02:00,0.006766,0.00678,0.006766,0.006777,3098,148.585999,148.615005,148.287003,148.341003,0,-0.817189,-0.794376,-0.793969
2025.07.29 03:00,0.006777,0.006779,0.006772,0.006777,0,148.345993,148.453995,148.304001,148.373001,0,-0.798033,-0.789622,-0.825966
2025.07.29 04:00,0.006775,0.006778,0.00677,0.006777,1954,148.373001,148.498001,148.328003,148.348007,0,-0.798422,-0.791855,-0.790094
2025.07.29 05:00,0.006777,0.006785,0.006775,0.006782,3109,148.345001,148.406998,148.169998,148.235001,0,-0.794628,-0.79692,-0.78587
2025.07.29 06:00,0.006782,0.006785,0.006768,0.00677,5243,148.237,148.542007,148.153,148.520004,0,-0.787867,-0.779922,-0.798611
2025.07.29 07:00,0.00677,0.00677,0.006759,0.006766,6138,148.516998,148.751999,148.483994,148.576996,0,-0.801119,-0.784414,-0.790103
2025.07.29 08:00,0.006766,0.006775,0.006765,0.006768,4851,148.574005,148.606003,148.350006,148.548996,0,-0.786344,-0.748533,-0.794856
2025.07.29 09:00,0.006768,0.006772,0.006766,0.006768,3262,148.548996,148.574997,148.444,148.550995,0,-0.788105,-0.788039,-0.785945
2025.07.29 10:00,0.006768,0.006776,0.006766,0.006768,2316,148.550003,148.613007,148.380997,148.544006,0,-0.804275,-0.801302,-0.789866
2025.07.29 11:00,0.006768,0.00677,0.006758,0.00676,3311,148.542999,148.755997,148.511993,148.716995,0,-0.794168,-0.7906,-0.79894
2025.07.29 12:00,0.00676,0.006766,0.006758,0.006761,6940,148.716003,148.772003,148.600006,148.692001,0,-0.788284,-0.791274,-0.784888
2025.07.29 13:00,0.006761,0.006768,0.006756,0.006767,8834,148.699997,148.807999,148.524002,148.554001,0,-0.791426,-0.780779,-0.778031
2025.07.29 14:00,0.006768,0.006773,0.006759,0.006772,12438,148.559998,148.748001,148.429993,148.472,0,-0.797121,-0.784934,-0.794238
2025.07.29 15:00,0.006771,0.006777,0.006764,0.006767,9123,148.468002,148.623001,148.350006,148.570999,0,-0.792414,-0.792093,-0.795029
2025.07.29 16:00,0.006767,0.006772,0.006766,0.006768,4964,148.574997,148.602997,148.447998,148.561996,0,-0.794265,-0.792036,-0.796947
2025.07.29 17:00,0.006767,0.006777,0.006766,0.006771,5384,148.561005,148.585007,148.332993,148.488998,0,-0.798114,-0.785958,-0.800328
2025.07.29 18:00,0.006771,0.006773,0.006768,0.006773,3602,148.485001,148.559006,148.427002,148.429001,0,-0.804865,-0.792834,-0.783942
2025.07.29 19:00,0.006773,0.006777,0.00677,0.00677,4091,148.427994,148.505005,148.341995,148.501007,0,-0.794514,-0.79496,-0.801428
2025.07.29 20:00,0.00677,0.006773,0.00677,0.006772,0,148.5,148.513,148.416,148.417999,0,-0.80251,-0.770942,-0.751133
2025.07.29 22:00,0.006773,0.006773,0.00677,0.006771,667,148.445007,148.496002,148.417999,148.466003,0,-0.774609,-0.772941,-0.777333
2025.07.29 23:00,0.006771,0.006773,0.006768,0.006773,1492,148.466995,148.524994,148.410004,148.417999,0,-0.781771,-0.764945,-0.772941
2025.07.30 00:00,0.006773,0.006791,0.006772,0.00679,8676,148.423996,148.449005,148.031998,148.056,0,-0.771243,-0.778275,-0.780595
2025.07.30 01:00,0.00679,0.006795,0.006785,0.006786,6562,148.054993,148.162994,147.940002,148.141998,0,-0.768199,-0.772964,-0.779782
2025.07.30 02:00,0.006785,0.006791,0.006785,0.00679,2537,148.136002,148.154007,148.026993,148.044006,0,-0.759212,-0.77327,-0.768602
2025.07.30 03:00,0.006791,0.006799,0.006791,0.006794,5095,148.044006,148.044006,147.843002,147.973999,0,-0.779448,-0.773364,-0.785304
2025.07.30 04:00,0.006787,0.006789,0.006785,0.006785,3213,147.970001,148.171005,147.960007,148.154007,0,-0.77621,-0.673754,-0.770076
2025.07.30 05:00,0.006785,0.006799,0.006785,0.006791,4718,148.154999,148.171997,147.852005,148.024002,0,-0.777202,-0.771549,-0.781123
2025.07.30 06:00,0.006791,0.006799,0.006787,0.006797,5322,148.028,148.134003,147.856995,147.897003,0,-0.782646,-0.776538,-0.773269
2025.07.30 07:00,0.006797,0.006802,0.006789,0.006789,4372,147.897003,148.082001,147.798004,148.078003,0,-0.774056,-0.782423,-0.770058
2025.07.30 08:00,0.006788,0.006795,0.006787,0.006794,3338,148.078995,148.117996,147.919006,147.960007,0,-0.777497,-0.762799,-0.771312
2025.07.30 09:00,0.006794,0.006799,0.006789,0.006791,2920,147.955994,148.070007,147.852005,148.035004,0,-0.772904,-0.760739,-0.781281
2025.07.30 10:00,0.006791,0.006793,0.006779,0.006784,3476,148.035995,148.294006,147.977005,148.171005,0,-0.768744,-0.755808,-0.765344
2025.07.30 11:00,0.006784,0.006787,0.006776,0.006778,4562,148.169998,148.358994,148.108994,148.309998,0,-0.779298,-0.757636,-0.77385
2025.07.30 12:00,0.006778,0.00678,0.006752,0.006753,20884,148.311005,148.886993,148.259995,148.847,0,-0.771761,-0.767368,-0.764666
2025.07.30 13:00,0.006753,0.006754,0.006741,0.006744,18837,148.850998,149.104996,148.826004,149.050995,0,-0.75905,-0.7656,-0.760048
2025.07.30 14:00,0.006744,0.006753,0.006744,0.00675,14535,149.048996,149.057007,148.867004,148.921005,0,-0.777057,-0.78467,-0.772861
2025.07.30 15:00,0.00675,0.006754,0.006741,0.006743,8482,148.921997,149.113998,148.841995,149.076004,0,-0.779058,-0.770627,-0.774059
2025.07.30 16:00,0.006743,0.00675,0.00674,0.006749,4671,149.072998,149.132004,148.923004,148.934006,0,-0.764053,-0.77486,-0.763905
2025.07.30 17:00,0.00675,0.006756,0.00675,0.006756,4285,148.929993,148.932999,148.766006,148.789993,0,-0.773877,-0.749433,-0.77342
2025.07.30 18:00,0.006755,0.006768,0.00673,0.006731,22025,148.766998,149.354004,148.518005,149.347,0,-0.765594,-0.774782,-0.769632
2025.07.30 19:00,0.006731,0.006736,0.006726,0.006728,10567,149.350006,149.438004,149.220001,149.408005,0,-0.761227,-0.763946,-0.775425
2025.07.30 20:00,0.006728,0.00673,0.006722,0.006723,2970,149.412003,149.554001,149.358002,149.477005,0,-0.788752,-0.769592,-0.733889
2025.07.30 22:00,0.006723,0.006731,0.006722,0.00673,0,149.451004,149.466003,149.291,149.315002,0,-0.700754,-0.713632,-0.726593
2025.07.30 23:00,0.00673,0.006735,0.006727,0.006734,4051,149.311996,149.393997,149.203003,149.220001,0,-0.728275,-0.713884,-0.719854
2025.07.31 00:00,0.006734,0.006736,0.006726,0.006731,6369,149.225006,149.393005,149.171997,149.302994,0,-0.716229,-0.715942,-0.725625
2025.07.31 01:00,0.00673,0.006746,0.006729,0.006745,7241,149.300995,149.339996,148.962006,148.973999,0,-0.7295,-0.726017,-0.716028
2025.07.31 02:00,0.006746,0.00676,0.006744,0.006752,7524,148.973999,149.0,148.634003,148.832993,0,-0.731035,-0.715947,-0.71776
2025.07.31 03:00,0.006752,0.006763,0.006748,0.006756,4863,148.835007,148.919998,148.582001,148.744995,0,-0.727945,-0.718627,-0.728422
2025.07.31 04:00,0.006753,0.006754,0.006746,0.00675,2844,148.746002,148.957993,148.729004,148.886002,0,-0.722004,-0.657635,-0.72688
2025.07.31 05:00,0.006749,0.006756,0.006748,0.006754,2179,148.886002,148.925995,148.738007,148.785004,0,-0.722958,-0.710476,-0.713635
2025.07.31 06:00,0.006754,0.006758,0.00674,0.00675,9456,148.785995,149.091995,148.679993,148.878006,0,-0.724045,-0.718164,-0.729862
2025.07.31 07:00,0.00675,0.00675,0.006712,0.006727,14785,148.875,149.722,148.848007,149.395996,0,-0.724017,-0.710828,-0.730273
2025.07.31 08:00,0.006727,0.006731,0.006713,0.006715,7582,149.395996,149.699997,149.292999,149.628006,0,-0.724206,-0.715631,-0.718762
2025.07.31 09:00,0.006715,0.006717,0.006701,0.006701,9723,149.634003,149.959,149.617996,149.947006,0,-0.727542,-0.730928,-0.715549
2025.07.31 10:00,0.006702,0.006704,0.006698,0.006702,7284,149.949005,150.046997,149.865997,149.944,0,-0.737556,-0.712443,-0.72368
2025.07.31 11:00,0.006702,0.006708,0.006694,0.006705,9630,149.942001,150.102997,149.807999,149.876007,0,-0.72664,-0.72116,-0.733578
2025.07.31 12:00,0.006704,0.006708,0.006688,0.00669,11199,149.876999,150.259003,149.807007,150.186996,0,-0.726293,-0.731273,-0.721333
2025.07.31 13:00,0.00669,0.006691,0.006673,0.006674,14784,150.188995,150.584,150.173004,150.567001,0,-0.72636,-0.718512,-0.731821
2025.07.31 14:00,0.006674,0.006682,0.006671,0.006677,16021,150.561005,150.634003,150.371994,150.477997,0,-0.731435,-0.727395,-0.721351
2025.07.31 15:00,0.006678,0.006684,0.006672,0.006673,12303,150.477005,150.602997,150.343002,150.600998,0,-0.722902,-0.731994,-0.732137
2025.07.31 16:00,0.006672,0.006673,0.006664,0.006669,8688,150.600998,150.789993,150.589005,150.684998,0,-0.729969,-0.731365,-0.726239
2025.07.31 17:00,0.006669,0.006674,0.006667,0.006669,4981,150.681,150.723999,150.554993,150.660995,0,-0.731494,-0.719813,-0.724716
2025.07.31 18:00,0.00667,0.00667,0.006665,0.006666,6193,150.662003,150.785995,150.658997,150.757996,0,-0.737232,-0.73396,-0.742994
2025.07.31 19:00,0.006665,0.006668,0.006663,0.006663,4441,150.757004,150.802002,150.686996,150.796997,0,-0.730715,-0.716991,-0.72571
2025.07.31 20:00,0.006664,0.006667,0.006661,0.006665,2036,150.794006,150.841995,150.710999,150.729004,0,-0.725652,-0.707251,-0.68024
2025.07.31 22:00,0.006667,0.006668,0.006663,0.006665,0,150.697006,150.796997,150.673004,150.712997,0,-0.70319,-0.702999,-0.664234
2025.07.31 23:00,0.006665,0.006669,0.006659,0.006663,5108,150.738998,150.882004,150.634995,150.807999,0,-0.709309,-0.698715,-0.714192
2025.08.01 00:00,0.006663,0.006672,0.006658,0.006666,8251,150.807007,150.893997,150.589996,150.737,0,-0.698742,-0.709901,-0.721998
2025.08.01 01:00,0.006665,0.006671,0.006657,0.006658,5400,150.737,150.919006,150.626999,150.901993,0,-0.712468,-0.713203,-0.706738
2025.08.01 02:00,0.006658,0.006667,0.006658,0.006665,3403,150.901001,150.912994,150.699005,150.757004,0,-0.717739,-0.7065,-0.70824
2025.08.01 03:00,0.006665,0.006674,0.006664,0.006672,3160,150.764008,150.778,150.548004,150.587997,0,-0.717976,-0.712824,-0.707903
2025.08.01 04:00,0.006671,0.006673,0.006669,0.006671,2826,150.589005,150.660004,150.546005,150.606995,0,-0.712481,-0.677144,-0.715664
2025.08.01 05:00,0.006671,0.006679,0.006669,0.006677,4016,150.602005,150.660004,150.410004,150.475006,0,-0.723725,-0.698199,-0.707143
2025.08.01 06:00,0.006677,0.006679,0.006669,0.006671,5949,150.475006,150.649002,150.444,150.602005,0,-0.712723,-0.709783,-0.710675
2025.08.01 07:00,0.006672,0.006678,0.006671,0.006675,5134,150.604996,150.621994,150.449997,150.533005,0,-0.719426,-0.704566,-0.709052
2025.08.01 08:00,0.006675,0.006676,0.006671,0.006671,3837,150.537003,150.626999,150.503998,150.610001,0,-0.713203,-0.713706,-0.71867
2025.08.01 09:00,0.006671,0.00668,0.006671,0.006676,4207,150.604996,150.630005,150.414993,150.509003,0,-0.727437,-0.714397,-0.718711
2025.08.01 10:00,0.006677,0.006684,0.006676,0.006682,4396,150.503006,150.513,150.319,150.358994,0,-0.722709,-0.719175,-0.714394
2025.08.01 11:00,0.006682,0.006686,0.006675,0.006675,4045,150.354996,150.529007,150.278,150.520004,0,-0.716269,-0.711745,-0.71849
2025.08.01 12:00,0.006676,0.006764,0.006672,0.00676,51137,150.514008,150.597,148.559998,148.634003,0,-0.716905,-0.707558,-0.715947
2025.08.01 13:00,0.00676,0.00679,0.006759,0.006782,41870,148.634003,148.660995,147.983002,148.132004,0,-0.710115,-0.707597,-0.682873
2025.08.01 14:00,0.006783,0.006812,0.006779,0.006785,31183,148.134003,148.225006,147.477997,148.089005,0,-0.699743,-0.689002,-0.705074
2025.08.01 15:00,0.006785,0.006793,0.006781,0.006787,9149,148.085007,148.184998,147.923004,148.054993,0,-0.70325,-0.701808,-0.714494
2025.08.01 16:00,0.006787,0.006799,0.006784,0.006797,8582,148.056,148.108994,147.778,147.828003,0,-0.703332,-0.697544,-0.704268
2025.08.01 17:00,0.006797,0.006801,0.006791,0.006795,8567,147.822006,147.949997,147.723999,147.876007,0,-0.707118,-0.697607,-0.708969
2025.08.01 18:00,0.006795,0.006804,0.006794,0.006796,11825,147.878006,147.901001,147.677994,147.852005,0,-0.712306,-0.705627,-0.706627
2025.08.01 19:00,0.006796,0.00682,0.006795,0.006815,15691,147.850006,147.862,147.322006,147.438004,0,-0.694961,-0.694435,-0.70286
2025.08.01 20:00,0.006814,0.006822,0.006795,0.006795,5206,147.436005,147.459,147.287994,147.380997,0,-0.302792,-0.703411,-0.224789
2025.08.03 23:00,0.006823,0.00683,0.006817,0.006818,3970,147.242004,147.384995,147.112,147.345001,0,-0.692901,-0.6884,-0.685176
2025.08.04 00:00,0.006819,0.006822,0.006803,0.006804,9609,147.343002,147.692993,147.266006,147.651993,0,-0.68822,-0.681423,-0.690418
2025.08.04 01:00,0.006804,0.006806,0.006793,0.006799,6814,147.654999,147.906998,147.617996,147.759995,0,-0.69663,-0.688819,-0.679538
2025.08.04 02:00,0.006799,0.006806,0.006795,0.006798,4021,147.764999,147.867004,147.621994,147.794006,0,-0.689144,-0.682019,-0.691919
2025.08.04 03:00,0.006798,0.006808,0.006798,0.006803,2179,147.794998,147.794998,147.584,147.692001,0,-0.692911,-0.687195,-0.687229
2025.08.04 04:00,0.006803,0.006809,0.006802,0.006803,1793,147.688995,147.710007,147.550003,147.686005,0,-0.694425,-0.685557,-0.692029
2025.08.04 05:00,0.006803,0.006804,0.006794,0.006799,2894,147.681,147.871994,147.649994,147.779999,0,-0.683299,-0.677627,-0.688733
2025.08.04 06:00,0.006799,0.00681,0.006795,0.006805,5875,147.781006,147.847,147.528,147.636002,0,-0.679962,-0.685125,-0.685228
2025.08.04 07:00,0.006805,0.006807,0.006787,0.006793,9588,147.643997,148.044998,147.591995,147.882004,0,-0.693641,-0.684398,-0.682473
2025.08.04 08:00,0.006793,0.006795,0.006785,0.006793,4849,147.880997,148.087997,147.858002,147.895004,0,-0.693202,-0.680141,-0.684636
2025.08.04 09:00,0.006793,0.006804,0.006791,0.006797,4057,147.893997,147.945007,147.675003,147.811996,0,-0.691285,-0.691833,-0.688262
2025.08.04 10:00,0.006797,0.006808,0.006795,0.006808,3170,147.811996,147.854004,147.559998,147.574005,0,-0.686965,-0.673984,-0.677201
2025.08.04 11:00,0.006808,0.006819,0.006807,0.006818,7120,147.576996,147.598007,147.339005,147.343994,0,-0.69041,-0.689936,-0.684169
2025.08.04 12:00,0.006819,0.006834,0.006814,0.006826,9579,147.343002,147.438995,147.001999,147.190002,0,-0.693083,-0.674809,-0.680593
2025.08.04 13:00,0.006826,0.006837,0.00682,0.00683,10912,147.186996,147.319,146.951996,147.087997,0,-0.691429,-0.689018,-0.68583
2025.08.04 14:00,0.006831,0.006841,0.006822,0.006824,15200,147.085999,147.261993,146.860001,147.229996,0,-0.688155,-0.682545,-0.677643
2025.08.04 15:00,0.006824,0.006832,0.006818,0.00683,9150,147.229004,147.354996,147.039993,147.093002,0,-0.684423,-0.680681,-0.680115
2025.08.04 16:00,0.00683,0.006835,0.006824,0.006832,4606,147.097,147.216995,147.0,147.037003,0,-0.686112,-0.683518,-0.67769
2025.08.04 17:00,0.006832,0.006837,0.00683,0.006836,2899,147.035995,147.097,146.955994,146.968994,0,-0.684113,-0.682316,-0.684615
2025.08.04 18:00,0.006836,0.006839,0.006835,0.006837,6229,146.968002,147.007004,146.906998,146.945999,0,-0.690521,-0.686793,-0.683021
2025.08.04 19:00,0.006837,0.006839,0.006832,0.006833,4017,146.945999,147.059006,146.908005,147.028,0,-0.688979,-0.677107,-0.6794
2025.08.04 20:00,0.006834,0.006837,0.00683,0.00683,2332,147.029007,147.113998,146.949997,147.067993,0,-0.690399,-0.676319,-0.665826
2025.08.04 22:00,0.00683,0.006839,0.00683,0.006838,0,147.087997,147.102005,146.873001,146.932999,0,-0.689118,-0.652797,-0.691406
2025.08.04 23:00,0.006838,0.006847,0.006837,0.006843,2969,146.906998,146.932007,146.692001,146.791,0,-0.669029,-0.653298,-0.666938
2025.08.05 00:00,0.006843,0.006851,0.006832,0.006837,6405,146.789993,147.035995,146.615997,146.925995,0,-0.665969,-0.662554,-0.663017
2025.08.05 01:00,0.006837,0.006839,0.006828,0.006832,3902,146.925995,147.113998,146.878006,147.050995,0,-0.668951,-0.657802,-0.670263
2025.08.05 02:00,0.006831,0.006832,0.006823,0.006825,3238,147.042999,147.229004,147.035004,147.186996,0,-0.665909,-0.664977,-0.666851
2025.08.05 03:00,0.006825,0.006828,0.006822,0.006824,0,147.184006,147.261002,147.126999,147.216003,0,-0.676418,-0.660507,-0.674381
2025.08.05 04:00,0.006824,0.006834,0.006824,0.00683,1892,147.214996,147.261993,147.0,147.084,0,-0.709641,-0.662111,-0.671112
2025.08.05 05:00,0.00683,0.00683,0.006822,0.006826,1591,147.084,147.240997,147.054001,147.173004,0,-0.667159,-0.651834,-0.663595
2025.08.05 06:00,0.006826,0.006832,0.006818,0.006818,3960,147.169006,147.341995,147.026993,147.324997,0,-0.671422,-0.66768,-0.665172
2025.08.05 07:00,0.006818,0.006826,0.006812,0.006816,5835,147.326004,147.487,147.151993,147.382996,0,-0.67646,-0.66404,-0.669385
2025.08.05 08:00,0.006816,0.006818,0.006804,0.006806,4354,147.388,147.634995,147.330994,147.584,0,-0.67342,-0.671169,-0.665608
2025.08.05 09:00,0.006807,0.006812,0.006804,0.006804,3365,147.578995,147.639008,147.447006,147.626999,0,-0.677433,-0.658012,-0.665424
2025.08.05 10:00,0.006804,0.006806,0.006798,0.006805,5140,147.623993,147.779999,147.578003,147.615997,0,-0.677912,-0.659612,-0.665224
2025.08.05 11:00,0.006804,0.006808,0.006801,0.006804,2602,147.615997,147.695999,147.544006,147.632996,0,-0.658796,-0.657993,-0.671421
2025.08.05 12:00,0.006805,0.006808,0.006799,0.006803,5979,147.630997,147.757004,147.539993,147.660004,0,-0.665738,-0.66476,-0.666028
2025.08.05 13:00,0.006803,0.00681,0.006795,0.006799,7208,147.662003,147.835007,147.501999,147.729996,0,-0.667968,-0.669898,-0.63873
2025.08.05 14:00,0.0068,0.006818,0.006799,0.006813,14751,147.729996,147.731995,147.350006,147.447998,0,-0.662357,-0.668674,-0.669779
2025.08.05 15:00,0.006812,0.00682,0.006808,0.00681,7704,147.449997,147.570007,147.302994,147.496002,0,-0.673203,-0.66468,-0.663901
2025.08.05 16:00,0.00681,0.006814,0.006806,0.006808,3854,147.494995,147.591995,147.423996,147.546005,0,-0.662818,-0.667323,-0.659992
2025.08.05 17:00,0.006808,0.006812,0.006803,0.006804,2489,147.542007,147.656006,147.483002,147.615997,0,-0.66203,-0.672462,-0.654423
2025.08.05 18:00,0.006805,0.006806,0.006802,0.006806,3299,147.615997,147.681,147.587997,147.604004,0,-0.665418,-0.65882,-0.664029
2025.08.05 19:00,0.006806,0.006806,0.006801,0.006806,2780,147.608994,147.703995,147.578003,147.608994,0,-0.666791,-0.659612,-0.669019
2025.08.05 20:00,0.006806,0.00681,0.006805,0.006806,902,147.608002,147.619995,147.496002,147.600998,0,-0.669221,-0.653128,-0.671821
2025.08.05 22:00,0.006805,0.006808,0.006804,0.006807,0,147.563995,147.638,147.542007,147.557999,0,-0.65483,-0.645203,-0.650402
2025.08.05 23:00,0.006806,0.006809,0.006803,0.006808,1665,147.559006,147.645996,147.514008,147.526993,0,-0.641223,-0.649562,-0.651759
2025.08.06 00:00,0.006809,0.006812,0.006804,0.006806,3518,147.522003,147.621994,147.445007,147.584,0,-0.66042,-0.656013,-0.654822
2025.08.06 01:00,0.006806,0.006806,0.006799,0.006801,3617,147.585007,147.729004,147.580002,147.695007,0,-0.648548,-0.640027,-0.647001
2025.08.06 02:00,0.006801,0.006808,0.006799,0.006807,2975,147.695007,147.748993,147.524002,147.557007,0,-0.657727,-0.648768,-0.64941
2025.08.06 03:00,0.006808,0.006818,0.006807,0.006814,2005,147.557007,147.557999,147.328003,147.395004,0,-0.650402,-0.64667,-0.649092
2025.08.06 04:00,0.006812,0.006819,0.006812,0.006817,3111,147.399002,147.447006,147.302002,147.341995,0,-0.647245,-0.652933,-0.649902
2025.08.06 05:00,0.006817,0.006817,0.006808,0.006812,1568,147.341995,147.544006,147.330994,147.451996,0,-0.647202,-0.6389,-0.652235
2025.08.06 06:00,0.006812,0.006816,0.006808,0.006808,2886,147.449997,147.550995,147.360001,147.550003,0,-0.664982,-0.64639,-0.66399
2025.08.06 07:00,0.006808,0.006808,0.006801,0.006806,4085,147.546005,147.692993,147.529999,147.559006,0,-0.644987,-0.643986,-0.640614
2025.08.06 08:00,0.006807,0.006807,0.006794,0.006795,4126,147.563004,147.845001,147.552002,147.802002,0,-0.656306,-0.644405,-0.645794
2025.08.06 09:00,0.006795,0.006799,0.006792,0.006795,2412,147.809998,147.886002,147.705002,147.822998,0,-0.653965,-0.635364,-0.645137
2025.08.06 10:00,0.006795,0.006807,0.006794,0.006806,2628,147.820007,147.841003,147.556,147.580002,0,-0.652308,-0.648403,-0.66161
2025.08.06 11:00,0.006806,0.006812,0.006803,0.006808,3225,147.580994,147.654999,147.436005,147.535004,0,-0.661023,-0.64701,-0.65977
2025.08.06 12:00,0.006808,0.006814,0.006805,0.006813,3026,147.537994,147.593994,147.406006,147.442001,0,-0.64322,-0.649333,-0.663782
2025.08.06 13:00,0.006812,0.006822,0.006812,0.006822,5929,147.438995,147.453003,147.235992,147.240005,0,-0.653242,-0.651409,-0.655422
2025.08.06 14:00,0.006822,0.006822,0.006813,0.006814,5082,147.246002,147.440994,147.244003,147.389999,0,-0.662775,-0.648683,-0.644087
2025.08.06 15:00,0.006814,0.006823,0.006803,0.006821,9122,147.389008,147.664993,147.207993,147.255997,0,-0.660221,-0.644898,-0.649928
2025.08.06 16:00,0.006822,0.006823,0.006814,0.006817,4447,147.261993,147.419998,147.210999,147.341995,0,-0.652553,-0.647904,-0.649902
2025.08.06 17:00,0.006816,0.006823,0.006814,0.006822,2746,147.348999,147.404999,147.214005,147.242004,0,-0.659086,-0.65091,-0.657421
2025.08.06 18:00,0.006822,0.006834,0.00682,0.00683,6230,147.235992,147.276001,146.972,147.067001,0,-0.659182,-0.64481,-0.654114
2025.08.06 19:00,0.00683,0.00683,0.006824,0.006824,2675,147.067993,147.186996,147.061996,147.177994,0,-0.645375,-0.649109,-0.647111
2025.08.06 20:00,0.006825,0.006825,0.006803,0.006816,9514,147.182007,147.634003,147.160004,147.352997,0,-0.62923,-0.639858,-0.639386
2025.08.06 22:00,0.006816,0.00682,0.006813,0.00682,0,147.328995,147.356995,147.194,147.222,0,-0.578776,-0.577181,-0.594429
2025.08.06 23:00,0.00682,0.006823,0.006818,0.00682,1815,147.214005,147.253006,147.145004,147.188995,0,-0.593181,-0.58191,-0.572176
2025.08.07 00:00,0.006821,0.006822,0.006802,0.006803,6691,147.195007,147.600006,147.167007,147.582993,0,-0.584425,-0.593169,-0.589017
2025.08.07 01:00,0.006803,0.006808,0.006798,0.006807,4651,147.582001,147.686005,147.475998,147.492996,0,-0.583917,-0.579194,-0.585399
2025.08.07 02:00,0.006807,0.006809,0.006803,0.006804,2473,147.490005,147.576996,147.440002,147.559998,0,-0.58302,-0.575557,-0.576827
2025.08.07 03:00,0.006804,0.006808,0.006797,0.006806,3040,147.561005,147.710999,147.475998,147.509995,0,-0.587264,-0.579194,-0.580817
2025.08.07 04:00,0.006808,0.006818,0.006808,0.006816,2793,147.509995,147.533997,147.264008,147.300003,0,-0.637192,-0.582675,-0.597147
2025.08.07 05:00,0.006816,0.00682,0.006814,0.006817,2867,147.300003,147.345993,147.210007,147.278,0,-0.58932,-0.582436,-0.585906
2025.08.07 06:00,0.006818,0.006839,0.006816,0.006837,5101,147.276993,147.304993,146.796005,146.854996,0,-0.591382,-0.586483,-0.592018
2025.08.07 07:00,0.006837,0.006845,0.006832,0.006839,6447,146.850006,146.962997,146.688004,146.800003,0,-0.592971,-0.585295,-0.579799
2025.08.07 08:00,0.006839,0.00684,0.006821,0.006824,6489,146.804001,147.182999,146.776993,147.128006,0,-0.57693,-0.578161,-0.575653
2025.08.07 09:00,0.006824,0.006824,0.006814,0.006814,3430,147.130997,147.352997,147.110001,147.339996,0,-0.585551,-0.579118,-0.583323
2025.08.07 10:00,0.006814,0.006817,0.006811,0.006815,4191,147.343994,147.403,147.278,147.326004,0,-0.58168,-0.585906,-0.59086
2025.08.07 11:00,0.006814,0.006818,0.006806,0.006816,6121,147.324997,147.494003,147.253006,147.309006,0,-0.575612,-0.582433,-0.584629
2025.08.07 12:00,0.006816,0.006829,0.006812,0.006816,7934,147.311996,147.391998,147.014008,147.281998,0,-0.581459,-0.579685,-0.579141
2025.08.07 13:00,0.006816,0.006824,0.006816,0.006817,6856,147.285004,147.319,147.104996,147.270996,0,-0.594624,-0.574113,-0.578903
2025.08.07 14:00,0.006817,0.00682,0.006805,0.006808,11489,147.268997,147.542999,147.192001,147.487,0,-0.592226,-0.575182,-0.590195
2025.08.07 15:00,0.006807,0.006814,0.006803,0.006813,5061,147.492004,147.585007,147.320007,147.360992,0,-0.591031,-0.574095,-0.582773
2025.08.07 16:00,0.006814,0.006816,0.00681,0.006812,4193,147.360992,147.436005,147.298996,147.358994,0,-0.59313,-0.585386,-0.569999
2025.08.07 17:00,0.006813,0.006814,0.006808,0.00681,3030,147.358994,147.470001,147.356003,147.417999,0,-0.594768,-0.588557,-0.575125
2025.08.07 18:00,0.00681,0.006812,0.006803,0.006804,3276,147.421005,147.567993,147.382004,147.561996,0,-0.574017,-0.582243,-0.58963
2025.08.07 19:00,0.006804,0.006832,0.006804,0.006826,14062,147.559998,147.567001,146.942001,147.080002,0,-0.583831,-0.582689,-0.581317
2025.08.07 20:00,0.006826,0.006832,0.006823,0.006825,2843,147.082001,147.156998,146.953995,147.095001,0,-0.593903,-0.583969,-0.574856
2025.08.07 22:00,0.006828,0.006837,0.006826,0.006831,0,147.024994,147.059998,146.807007,146.923996,0,-0.550588,-0.554717,-0.532547
2025.08.07 23:00,0.006832,0.006841,0.006832,0.006839,3043,146.945007,146.957001,146.755005,146.804001,0,-0.576269,-0.566862,-0.583797
2025.08.08 00:00,0.006839,0.006842,0.00682,0.006822,6979,146.800995,147.194,146.716003,147.147995,0,-0.566429,-0.559908,-0.563411
2025.08.08 01:00,0.006822,0.006824,0.006812,0.006816,4499,147.143997,147.373993,147.128998,147.285995,0,-0.563453,-0.576645,-0.572385
2025.08.08 02:00,0.006816,0.006822,0.006815,0.00682,2129,147.281998,147.313004,147.149994,147.195007,0,-0.57786,-0.554673,-0.567437
2025.08.08 03:00,0.00682,0.006821,0.006815,0.00682,1552,147.197006,147.307999,147.162003,147.186996,0,-0.572855,-0.555933,-0.548682
2025.08.08 04:00,0.006822,0.006824,0.00682,0.006822,1613,147.186005,147.210999,147.112,147.156998,0,-0.572685,-0.570378,-0.572414
2025.08.08 05:00,0.006822,0.006822,0.00681,0.00681,2496,147.158997,147.421005,147.143997,147.412003,0,-0.567346,-0.570159,-0.569128
2025.08.08 06:00,0.00681,0.006818,0.006808,0.006814,2604,147.406998,147.451004,147.244003,147.326996,0,-0.564991,-0.57343,-0.570323
2025.08.08 07:00,0.006814,0.006822,0.006811,0.006814,3627,147.322998,147.395004,147.132004,147.324005,0,-0.573685,-0.558165,-0.567332
2025.08.08 08:00,0.006814,0.006822,0.006797,0.006799,7488,147.322006,147.697006,147.156006,147.645996,0,-0.573272,-0.571422,-0.56554
2025.08.08 09:00,0.006799,0.006804,0.006796,0.006797,4118,147.647003,147.725998,147.539993,147.703995,0,-0.58062,-0.567627,-0.569444
2025.08.08 10:00,0.006796,0.006799,0.006791,0.006792,5039,147.705994,147.837006,147.638,147.798004,0,-0.572448,-0.557544,-0.565967
2025.08.08 11:00,0.006791,0.006796,0.00679,0.006791,3325,147.802002,147.850006,147.707001,147.813995,0,-0.574601,-0.561622,-0.571116
2025.08.08 12:00,0.006791,0.0068,0.006788,0.00679,5876,147.809998,147.891998,147.632996,147.845001,0,-0.5732,-0.574174,-0.569597
2025.08.08 13:00,0.00679,0.006799,0.006787,0.006789,6139,147.837997,147.901993,147.639999,147.878998,0,-0.57234,-0.570361,-0.571053
2025.08.08 14:00,0.006788,0.006797,0.006787,0.006791,7904,147.878006,147.904007,147.688004,147.813004,0,-0.574354,-0.575093,-0.570124
2025.08.08 15:00,0.006791,0.0068,0.006791,0.006797,5631,147.815994,147.832993,147.630005,147.705002,0,-0.568435,-0.571183,-0.570451
2025.08.08 16:00,0.006797,0.006798,0.006791,0.006795,3021,147.707001,147.835999,147.673996,147.733994,0,-0.571441,-0.571909,-0.556133
2025.08.08 17:00,0.006795,0.006799,0.006794,0.006795,3877,147.733994,147.751007,147.654007,147.740005,0,-0.562312,-0.562741,-0.572967
2025.08.08 18:00,0.006795,0.0068,0.006793,0.006799,5942,147.746994,147.776993,147.626999,147.664993,0,-0.577462,-0.568177,-0.573727
2025.08.08 19:00,0.006799,0.006799,0.006791,0.006795,2910,147.662003,147.819,147.641998,147.753006,0,-0.576121,-0.561542,-0.575145
2025.08.08 20:00,0.006794,0.006798,0.006792,0.006798,1399,147.753998,147.804993,147.651001,147.716003,0,-0.572956,-0.548914,-0.613916
2025.08.10 23:00,0.006796,0.006801,0.006793,0.006799,1054,147.725998,147.770996,147.619995,147.651993,0,-0.571465,-0.571988,-0.571537
2025.08.11 00:00,0.006799,0.006804,0.006795,0.006799,2755,147.649002,147.740005,147.567993,147.662003,0,-0.562145,-0.584823,-0.570737
2025.08.11 01:00,0.006799,0.006802,0.006797,0.006801,1823,147.658997,147.716003,147.585999,147.615005,0,-0.581453,-0.570417,-0.577802
2025.08.11 02:00,0.006801,0.006805,0.006801,0.006804,1358,147.612,147.617996,147.516998,147.554993,0,-0.580793,-0.566225,-0.571822
2025.08.11 03:00,0.006804,0.006809,0.006801,0.006807,1744,147.556,147.602005,147.427002,147.475006,0,-0.575613,-0.562556,-0.567409
2025.08.11 04:00,0.006808,0.00681,0.006806,0.006807,1503,147.475998,147.494995,147.421997,147.481995,0,-0.565818,-0.568338,-0.574398
2025.08.11 05:00,0.006806,0.006808,0.006805,0.006805,1941,147.481003,147.533005,147.468002,147.522003,0,-0.582231,-0.571198,-0.571229
2025.08.11 06:00,0.006805,0.006808,0.006801,0.006801,2998,147.516006,147.608994,147.468994,147.591995,0,-0.57179,-0.57219,-0.565604
2025.08.11 07:00,0.006802,0.006812,0.006799,0.006812,4462,147.591995,147.662003,147.350006,147.389008,0,-0.581546,-0.561012,-0.578468
2025.08.11 08:00,0.006811,0.006814,0.006804,0.006806,2922,147.386993,147.548996,147.347,147.505997,0,-0.576629,-0.579555,-0.566022
2025.08.11 09:00,0.006806,0.006807,0.006797,0.006797,2881,147.501999,147.707001,147.481995,147.684006,0,-0.57245,-0.574398,-0.571096
2025.08.11 10:00,0.006797,0.006799,0.006795,0.006795,2116,147.684998,147.744003,147.660995,147.735001,0,-0.566142,-0.56973,-0.567962
2025.08.11 11:00,0.006795,0.006796,0.006785,0.006789,7118,147.735992,147.947006,147.716003,147.860992,0,-0.573928,-0.570625,-0.563889
2025.08.11 12:00,0.006789,0.006791,0.006785,0.006791,3719,147.865997,147.949997,147.804001,147.806,0,-0.576919,-0.561122,-0.563121
2025.08.11 13:00,0.006792,0.006793,0.006785,0.006788,4380,147.804001,147.944,147.781998,147.886993,0,-0.570922,-0.57163,-0.568196
2025.08.11 14:00,0.006788,0.006789,0.006779,0.006781,7248,147.886002,148.072998,147.869003,148.046997,0,-0.569491,-0.561059,-0.576126
2025.08.11 15:00,0.006781,0.006785,0.006778,0.006783,6646,148.048004,148.113007,147.940002,147.996994,0,-0.576859,-0.566925,-0.558735
2025.08.11 16:00,0.006783,0.006787,0.006781,0.006783,2787,147.994995,148.029999,147.908005,147.988998,0,-0.569994,-0.567506,-0.561611
2025.08.11 17:00,0.006784,0.006785,0.00678,0.006783,1866,147.988007,148.067993,147.966995,147.992996,0,-0.575366,-0.5722,-0.576468
2025.08.11 18:00,0.006783,0.006783,0.006775,0.006777,5920,147.994003,148.166,147.975998,148.136002,0,-0.564527,-0.559469,-0.578088
2025.08.11 19:00,0.006777,0.006778,0.006772,0.006772,4447,148.130005,148.240005,148.115997,148.229004,0,-0.573139,-0.579849,-0.573042
2025.08.11 20:00,0.006773,0.006779,0.006772,0.006777,1156,148.227005,148.251999,148.089996,148.139008,0,-0.574237,-0.564734,-0.570204
2025.08.11 22:00,0.006779,0.006779,0.006771,0.006773,0,148.098999,148.233994,148.084,148.190002,0,-0.545323,-0.558737,-0.555835
2025.08.11 23:00,0.006773,0.006777,0.006772,0.006775,1897,148.190002,148.220993,148.113998,148.151993,0,-0.554127,-0.545195,-0.561404
2025.08.12 00:00,0.006775,0.006777,0.006762,0.006764,5368,148.145996,148.432999,148.128006,148.404999,0,-0.55869,-0.559203,-0.552559
2025.08.12 01:00,0.006764,0.006772,0.006764,0.006768,3048,148.406006,148.406006,148.203995,148.300003,0,-0.553566,-0.548033,-0.55678
2025.08.12 02:00,0.006768,0.00677,0.006766,0.006769,1284,148.300995,148.343002,148.253998,148.296005,0,-0.55611,-0.554418,-0.563698
2025.08.12 03:00,0.006769,0.00677,0.006762,0.006763,0,148.294998,148.444,148.264008,148.410004,0,-0.558755,-0.542615,-0.54663
2025.08.12 04:00,0.006764,0.006766,0.006762,0.006766,1516,148.410995,148.445007,148.341003,148.352997,0,-0.548834,-0.554111,-0.566104
2025.08.12 05:00,0.006766,0.006772,0.006764,0.006766,2605,148.348999,148.401993,148.231995,148.339005,0,-0.560475,-0.554232,-0.552112
2025.08.12 06:00,0.006766,0.006776,0.006764,0.00677,4308,148.335999,148.403,148.145996,148.266006,0,-0.55056,-0.566301,-0.555516
2025.08.12 07:00,0.00677,0.006773,0.006766,0.00677,2754,148.272995,148.367996,148.201996,148.264008,0,-0.559265,-0.556937,-0.564428
2025.08.12 08:00,0.00677,0.00677,0.00676,0.006763,3410,148.259995,148.466003,148.255997,148.423004,0,-0.547948,-0.545506,-0.559631
2025.08.12 09:00,0.006763,0.006766,0.00676,0.006761,2370,148.423004,148.485001,148.347,148.468002,0,-0.566945,-0.549184,-0.560889
2025.08.12 10:00,0.00676,0.006765,0.00676,0.006761,1774,148.468002,148.481003,148.363998,148.464996,0,-0.552004,-0.54434,-0.557883
2025.08.12 11:00,0.006761,0.006762,0.00676,0.006762,3235,148.462997,148.494003,148.438004,148.442993,0,-0.55407,-0.552758,-0.557748
2025.08.12 12:00,0.006762,0.006789,0.006758,0.006781,21841,148.438004,148.518997,147.841003,148.039001,0,-0.557169,-0.5439,-0.568131
2025.08.12 13:00,0.00678,0.006787,0.006762,0.006773,24413,148.033005,148.447006,147.904007,148.205002,0,-0.561761,-0.574354,-0.559943
2025.08.12 14:00,0.006773,0.006779,0.006764,0.006775,9952,148.205002,148.401001,148.070007,148.156998,0,-0.559483,-0.555628,-0.555525
2025.08.12 15:00,0.006775,0.006802,0.006775,0.006791,18185,148.158997,148.177002,147.574005,147.804993,0,-0.564632,-0.558424,-0.55127
2025.08.12 16:00,0.006791,0.006798,0.006789,0.006795,4787,147.806,147.862,147.654999,147.712997,0,-0.564896,-0.552912,-0.55679
2025.08.12 17:00,0.006795,0.006797,0.006791,0.006793,3368,147.710999,147.794006,147.684998,147.759995,0,-0.551127,-0.561263,-0.549627
2025.08.12 18:00,0.006793,0.006797,0.006791,0.006795,4513,147.764008,147.804993,147.690002,147.737,0,-0.562114,-0.555452,-0.559139
2025.08.12 19:00,0.006794,0.006797,0.006793,0.006793,2476,147.738007,147.787003,147.694,147.755997,0,-0.565806,-0.55945,-0.556466
2025.08.12 20:00,0.006793,0.006794,0.006788,0.006789,1452,147.757004,147.876007,147.740997,147.835007,0,-0.557209,-0.552302,-0.537904
2025.08.12 22:00,0.006789,0.006792,0.006788,0.006791,0,147.820007,147.843994,147.755005,147.783997,0,-0.525196,-0.522968,-0.530274
2025.08.12 23:00,0.006791,0.006794,0.006789,0.006792,1708,147.792999,147.820007,147.729996,147.770004,0,-0.533754,-0.541301,-0.537967
2025.08.13 00:00,0.006793,0.006795,0.006787,0.006791,5119,147.768997,147.893997,147.697998,147.804993,0,-0.553498,-0.54179,-0.55127
2025.08.13 01:00,0.006791,0.006794,0.006777,0.006779,4110,147.800995,148.087006,147.727997,148.056,0,-0.539971,-0.539302,-0.530737
2025.08.13 02:00,0.006779,0.00678,0.006773,0.006779,3371,148.054993,148.169006,148.022003,148.044006,0,-0.534839,-0.529376,-0.540499
2025.08.13 03:00,0.006779,0.006783,0.006777,0.006781,2154,148.046005,148.108002,147.955994,147.996002,0,-0.539198,-0.528606,-0.525132
2025.08.13 04:00,0.006779,0.006785,0.006777,0.006785,2260,147.998001,148.100998,147.927002,147.931,0,-0.543085,-0.532207,-0.536205
2025.08.13 05:00,0.006785,0.006786,0.006781,0.006785,2290,147.929993,148.009003,147.891006,147.929993,0,-0.538132,-0.52879,-0.535198
2025.08.13 06:00,0.006785,0.006795,0.006783,0.006791,4392,147.929001,147.947998,147.716003,147.781006,0,-0.531469,-0.538143,-0.538127
2025.08.13 07:00,0.006791,0.00681,0.006791,0.006804,9724,147.783005,147.794998,147.397995,147.524002,0,-0.541275,-0.544336,-0.540832
2025.08.13 08:00,0.006803,0.006818,0.006803,0.006816,6780,147.526993,147.535004,147.195999,147.268005,0,-0.541028,-0.536174,-0.543629
2025.08.13 09:00,0.006816,0.00682,0.006815,0.006818,4534,147.264008,147.270004,147.173996,147.212006,0,-0.534861,-0.535682,-0.552181
2025.08.13 10:00,0.006818,0.006818,0.006808,0.006808,3785,147.214005,147.417999,147.188004,147.408997,0,-0.542766,-0.528178,-0.533763
2025.08.13 11:00,0.006809,0.006814,0.006801,0.006814,7719,147.408005,147.565994,147.268997,147.278,0,-0.539603,-0.523085,-0.532087
2025.08.13 12:00,0.006814,0.00682,0.006805,0.006809,7495,147.279007,147.490997,147.151993,147.410004,0,-0.540224,-0.535174,-0.545558
2025.08.13 13:00,0.006808,0.006819,0.006808,0.006818,6973,147.408997,147.434006,147.188004,147.203003,0,-0.537201,-0.538935,-0.543178
2025.08.13 14:00,0.006818,0.006824,0.006816,0.00682,8930,147.197006,147.25,147.098999,147.145004,0,-0.547144,-0.546646,-0.528185
2025.08.13 15:00,0.006821,0.006824,0.006814,0.006816,6221,147.143997,147.311996,147.087006,147.248993,0,-0.544551,-0.545384,-0.546137
2025.08.13 16:00,0.006816,0.006818,0.006811,0.006812,2444,147.246002,147.350998,147.210007,147.341003,0,-0.529678,-0.528674,-0.541242
2025.08.13 17:00,0.006812,0.006813,0.006808,0.00681,2984,147.345001,147.423996,147.313995,147.388,0,-0.537983,-0.535776,-0.545126
2025.08.13 18:00,0.00681,0.00681,0.006804,0.006808,3953,147.386002,147.513,147.384003,147.431,0,-0.540634,-0.530343,-0.534195
2025.08.13 19:00,0.006808,0.00681,0.006806,0.006807,3176,147.434006,147.475006,147.380005,147.442001,0,-0.535031,-0.526346,-0.534404
2025.08.13 20:00,0.006807,0.006813,0.006806,0.00681,1087,147.445007,147.457001,147.315994,147.354996,0,-0.538609,-0.537775,-0.501336
2025.08.13 22:00,0.00681,0.006814,0.006808,0.006814,0,147.274002,147.362,147.242996,147.259003,0,-0.486766,-0.475551,-0.491557
2025.08.13 23:00,0.006814,0.00682,0.006814,0.00682,1675,147.255997,147.259003,147.108002,147.123001,0,-0.491557,-0.480431,-0.484687
2025.08.14 00:00,0.00682,0.006843,0.00682,0.00684,11462,147.121994,147.123001,146.615997,146.688004,0,-0.484687,-0.491935,-0.489172
2025.08.14 01:00,0.006839,0.006855,0.006839,0.006849,14190,146.688004,146.692993,146.369003,146.494995,0,-0.483471,-0.479445,-0.488284
2025.08.14 02:00,0.006849,0.006849,0.006838,0.006839,5530,146.492996,146.735001,146.492996,146.699997,0,-0.493408,-0.486285,-0.490475
2025.08.14 03:00,0.006839,0.006847,0.006837,0.006846,3500,146.695999,146.751007,146.537003,146.544006,0,-0.488029,-0.476974,-0.473308
2025.08.14 04:00,0.006847,0.006857,0.006847,0.006854,3641,146.542007,146.565994,146.332001,146.382996,0,-0.505966,-0.484998,-0.482792
2025.08.14 05:00,0.006854,0.006854,0.006845,0.006851,7092,146.384003,146.570007,146.380005,146.468002,0,-0.488637,-0.479801,-0.493259
2025.08.14 06:00,0.006851,0.006862,0.006847,0.006849,10080,146.466995,146.526993,146.210007,146.483994,0,-0.477633,-0.479901,-0.487933
2025.08.14 07:00,0.006849,0.006857,0.006845,0.006846,9054,146.481003,146.584,146.307999,146.548004,0,-0.481291,-0.482259,-0.477305
2025.08.14 08:00,0.006846,0.006853,0.006843,0.006847,5570,146.546997,146.632996,146.419998,146.552002,0,-0.487582,-0.48786,-0.502642
2025.08.14 09:00,0.006847,0.006851,0.006841,0.006843,4879,146.550995,146.653,146.432999,146.630997,0,-0.48622,-0.479556,-0.496264
2025.08.14 10:00,0.006843,0.006851,0.006841,0.006847,2811,146.630005,146.669998,146.429001,146.526001,0,-0.481855,-0.475558,-0.487298
2025.08.14 11:00,0.006847,0.006852,0.006843,0.006849,4538,146.524002,146.628998,146.431,146.492996,0,-0.483584,-0.48821,-0.475622
2025.08.14 12:00,0.006849,0.006852,0.00682,0.006828,23134,146.492004,147.106003,146.421997,146.949997,0,-0.489184,-0.479207,-0.483505
2025.08.14 13:00,0.006828,0.006828,0.006806,0.006806,20234,146.953995,147.417999,146.945007,147.414993,0,-0.488822,-0.489233,-0.485816
2025.08.14 14:00,0.006806,0.006808,0.006799,0.006803,12512,147.410995,147.557999,147.360992,147.481995,0,-0.477542,-0.485759,-0.488019
2025.08.14 15:00,0.006803,0.006804,0.006788,0.006793,10473,147.481995,147.804001,147.470001,147.690994,0,-0.485203,-0.486831,-0.491464
2025.08.14 16:00,0.006793,0.006793,0.006784,0.006785,5802,147.692001,147.891998,147.684006,147.845001,0,-0.486337,-0.484475,-0.471923
2025.08.14 17:00,0.006787,0.006791,0.006783,0.006785,3235,147.847,147.908005,147.746994,147.865997,0,-0.480617,-0.482436,-0.482067
2025.08.14 18:00,0.006785,0.006786,0.006781,0.006785,4665,147.863998,147.962006,147.848007,147.876999,0,-0.480258,-0.485791,-0.493068
2025.08.14 19:00,0.006785,0.00679,0.006785,0.006789,3167,147.871994,147.880005,147.761993,147.774002,0,-0.48521,-0.486589,-0.487749
2025.08.14 20:00,0.006789,0.006791,0.006789,0.006789,1920,147.774994,147.783997,147.718002,147.753006,0,-0.486893,-0.475123,-0.455903
2025.08.14 22:00,0.006788,0.006791,0.006787,0.006789,0,147.768005,147.809006,147.733994,147.785995,0,-0.468507,-0.469436,-0.478051
2025.08.14 23:00,0.006789,0.006794,0.006784,0.006793,4386,147.776001,147.867996,147.656998,147.679001,0,-0.462335,-0.468303,-0.468633
2025.08.15 00:00,0.006793,0.006803,0.006791,0.006802,4724,147.682007,147.727005,147.462006,147.483002,0,-0.462447,-0.457233,-0.46742
2025.08.15 01:00,0.006803,0.006816,0.006801,0.006812,5341,147.475998,147.514999,147.197998,147.285004,0,-0.466993,-0.473622,-0.474464
2025.08.15 02:00,0.006811,0.006812,0.006806,0.006812,3257,147.281998,147.393997,147.248001,147.283997,0,-0.475606,-0.459007,-0.473457
2025.08.15 03:00,0.006812,0.006816,0.00681,0.006814,2077,147.283997,147.296997,147.173996,147.227005,0,-0.464896,-0.47114,-0.470332
2025.08.15 04:00,0.006816,0.006819,0.006816,0.006818,1536,147.225998,147.233002,147.110001,147.134003,0,-0.508625,-0.460932,-0.474178
2025.08.15 05:00,0.006818,0.006822,0.006816,0.006818,3243,147.139008,147.173004,147.042007,147.151993,0,-0.470148,-0.457424,-0.47066
2025.08.15 06:00,0.006818,0.006822,0.006814,0.00682,4597,147.145996,147.223007,147.044998,147.095001,0,-0.477095,-0.47116,-0.46743
2025.08.15 07:00,0.00682,0.006826,0.006814,0.006824,4789,147.093994,147.223007,146.975998,147.005005,0,-0.477095,-0.477313,-0.474122
2025.08.15 08:00,0.006824,0.006832,0.006824,0.006832,4429,147.003006,147.014008,146.848007,146.852005,0,-0.472386,-0.467275,-0.471273
2025.08.15 09:00,0.006832,0.006836,0.006829,0.00683,4997,146.854996,146.912003,146.753998,146.891998,0,-0.47768,-0.469619,-0.468399
2025.08.15 10:00,0.00683,0.006834,0.006826,0.006827,4509,146.889008,146.970001,146.798004,146.951996,0,-0.482049,-0.470814,-0.474774
2025.08.15 11:00,0.006827,0.006829,0.006822,0.006825,3400,146.949005,147.054001,146.901993,146.979996,0,-0.480162,-0.46767,-0.45985
2025.08.15 12:00,0.006825,0.006837,0.006812,0.00683,15323,146.983002,147.279999,146.733994,146.889999,0,-0.480238,-0.471016,-0.477112
2025.08.15 13:00,0.00683,0.006835,0.00682,0.006826,7696,146.882004,147.098999,146.764008,146.960999,0,-0.471428,-0.458231,-0.451589
2025.08.15 14:00,0.006826,0.006834,0.006822,0.006832,14116,146.960007,147.048996,146.796005,146.850006,0,-0.475158,-0.468815,-0.469274
2025.08.15 15:00,0.006831,0.006834,0.006822,0.006824,4290,146.850998,147.046005,146.809998,147.005997,0,-0.472167,-0.472108,-0.475114
2025.08.15 16:00,0.006824,0.006824,0.006812,0.006816,5925,147.0,147.264008,146.998993,147.201004,0,-0.464246,-0.46811,-0.476628
2025.08.15 17:00,0.006816,0.006816,0.006809,0.006814,2831,147.195999,147.332001,147.195007,147.238007,0,-0.467555,-0.470631,-0.481333
2025.08.15 18:00,0.006814,0.006816,0.00681,0.006814,4341,147.233002,147.309006,147.197998,147.210999,0,-0.466131,-0.473622,-0.465086
2025.08.15 19:00,0.006814,0.006816,0.006813,0.006814,1873,147.210999,147.253006,147.188004,147.238998,0,-0.474787,-0.463627,-0.471553
2025.08.15 20:00,0.006814,0.006818,0.006812,0.006815,1219,147.235001,147.255997,147.138,147.177002,0,-0.467002,-0.467427,-0.441858
2025.08.17 23:00,0.006816,0.006816,0.006806,0.006813,2217,147.169998,147.384995,147.160995,147.233002,0,-0.455817,-0.447385,-0.454783
2025.08.18 00:00,0.006812,0.006813,0.006803,0.006804,4625,147.225998,147.462997,147.220993,147.421005,0,-0.458225,-0.442774,-0.448639
2025.08.18 01:00,0.006804,0.006808,0.006797,0.006808,3518,147.421005,147.584,147.328003,147.330002,0,-0.449449,-0.452769,-0.443989
2025.08.18 02:00,0.006808,0.00681,0.006799,0.006802,1411,147.328003,147.524994,147.294006,147.460999,0,-0.455356,-0.451132,-0.445417
2025.08.18 03:00,0.006802,0.006808,0.006801,0.006806,1944,147.451996,147.483994,147.330002,147.382996,0,-0.457602,-0.454768,-0.453818
2025.08.18 04:00,0.006806,0.006808,0.006801,0.006806,2084,147.380005,147.507004,147.348007,147.373001,0,-0.458997,-0.451203,-0.443824
2025.08.18 05:00,0.006806,0.006808,0.006803,0.006806,1697,147.373001,147.455002,147.330002,147.380005,0,-0.450229,-0.443989,-0.450828
2025.08.18 06:00,0.006806,0.006809,0.006801,0.006806,4031,147.378998,147.498993,147.315002,147.378006,0,-0.46179,-0.450557,-0.448829
2025.08.18 07:00,0.006806,0.006818,0.006802,0.006803,7026,147.369995,147.470001,147.113007,147.447998,0,-0.45442,-0.442434,-0.443225
2025.08.18 08:00,0.006803,0.006812,0.006799,0.006808,6432,147.447998,147.520996,147.246002,147.335999,0,-0.451358,-0.446241,-0.449985
2025.08.18 09:00,0.006808,0.00681,0.006802,0.006804,2878,147.335999,147.473007,147.272995,147.408005,0,-0.457426,-0.440894,-0.44643
2025.08.18 10:00,0.006805,0.006807,0.006802,0.006804,2502,147.410995,147.468994,147.358002,147.421005,0,-0.453413,-0.450405,-0.448639
2025.08.18 11:00,0.006804,0.006806,0.006797,0.006798,2276,147.419998,147.574005,147.358994,147.548004,0,-0.45027,-0.440602,-0.445917
2025.08.18 12:00,0.006799,0.0068,0.006787,0.00679,8048,147.546997,147.794006,147.511993,147.727997,0,-0.453507,-0.453172,-0.452592
2025.08.18 13:00,0.00679,0.006791,0.006781,0.006786,7426,147.727997,147.919998,147.707993,147.820007,0,-0.449128,-0.45427,-0.457791
2025.08.18 14:00,0.006785,0.006791,0.006778,0.00678,7890,147.809998,147.979996,147.682007,147.936005,0,-0.443848,-0.439128,-0.443378
2025.08.18 15:00,0.006781,0.00679,0.006779,0.006789,5779,147.936005,147.985001,147.729996,147.753998,0,-0.459738,-0.454591,-0.456895
2025.08.18 16:00,0.006789,0.006793,0.006787,0.006787,2917,147.753998,147.807007,147.673996,147.789993,0,-0.45565,-0.452799,-0.449494
2025.08.18 17:00,0.006787,0.006793,0.006785,0.006787,2668,147.789993,147.824997,147.654007,147.796997,0,-0.451919,-0.454476,-0.44564
2025.08.18 18:00,0.006787,0.006789,0.006784,0.006784,3090,147.796997,147.863998,147.735001,147.858994,0,-0.458337,-0.437897,-0.453332
2025.08.18 19:00,0.006784,0.006785,0.006783,0.006785,2120,147.856995,147.886002,147.819,147.819,0,-0.447743,-0.445922,-0.43507
2025.08.18 20:00,0.006786,0.006787,0.006781,0.006783,1869,147.819,147.925003,147.800995,147.869003,0,-0.454132,-0.449638,-0.430745
2025.08.18 22:00,0.006784,0.006787,0.006782,0.006783,0,147.798004,147.884995,147.751999,147.854004,0,-0.435863,-0.4115,-0.415745
2025.08.18 23:00,0.006783,0.006783,0.006777,0.006781,1853,147.871002,147.981003,147.871002,147.916,0,-0.433968,-0.443614,-0.434252
2025.08.19 00:00,0.00678,0.006787,0.006778,0.006787,3949,147.916,147.981995,147.766998,147.776001,0,-0.445847,-0.437346,-0.435502
2025.08.19 01:00,0.006787,0.006794,0.006772,0.006789,6779,147.770996,148.113007,147.615005,147.746002,0,-0.44614,-0.426311,-0.438058
2025.08.19 02:00,0.006789,0.006793,0.006785,0.006785,1781,147.740005,147.826996,147.656006,147.802994,0,-0.443065,-0.434809,-0.429916
2025.08.19 03:00,0.006786,0.006789,0.006783,0.006785,0,147.809998,147.878006,147.718002,147.824005,0,-0.439747,-0.420899,-0.440075
2025.08.19 04:00,0.006785,0.006789,0.006783,0.006788,2199,147.830002,147.875,147.735992,147.753998,0,-0.458471,-0.428048,-0.4352
2025.08.19 05:00,0.006788,0.006795,0.006787,0.006793,2999,147.759995,147.778,147.608002,147.639008,0,-0.448347,-0.440963,-0.42864
2025.08.19 06:00,0.006793,0.006797,0.006791,0.006795,3181,147.641998,147.707001,147.565994,147.595001,0,-0.442443,-0.44226,-0.427963
2025.08.19 07:00,0.006795,0.006798,0.00679,0.006791,3299,147.598007,147.710007,147.526993,147.699005,0,-0.434602,-0.424906,-0.445282
2025.08.19 08:00,0.006791,0.006795,0.006789,0.006792,2691,147.703995,147.75,147.617004,147.664001,0,-0.442055,-0.439144,-0.431964
2025.08.19 09:00,0.006793,0.006794,0.006785,0.006788,1861,147.658997,147.813004,147.617004,147.764008,0,-0.439926,-0.428309,-0.44521
2025.08.19 10:00,0.006788,0.006795,0.006788,0.00679,2595,147.764008,147.770004,147.595993,147.712997,0,-0.451206,-0.439785,-0.437593
2025.08.19 11:00,0.00679,0.006793,0.006785,0.00679,3150,147.705002,147.820007,147.641998,147.705994,0,-0.436077,-0.43163,-0.430589
2025.08.19 12:00,0.006791,0.006791,0.006783,0.006787,4318,147.705994,147.852997,147.688995,147.776001,0,-0.436468,-0.424437,-0.435502
2025.08.19 13:00,0.006787,0.006794,0.006781,0.006793,5721,147.776001,147.903,147.630997,147.647003,0,-0.442995,-0.442302,-0.436635
2025.08.19 14:00,0.006793,0.006797,0.006786,0.006789,4978,147.647003,147.807007,147.546997,147.725998,0,-0.44479,-0.434087,-0.439745
2025.08.19 15:00,0.006789,0.006794,0.006787,0.006789,3754,147.731995,147.791,147.623993,147.725998,0,-0.439643,-0.435298,-0.439745
2025.08.19 16:00,0.00679,0.006797,0.00679,0.006794,2697,147.725998,147.725998,147.548996,147.619003,0,-0.450593,-0.425261,-0.430308
2025.08.19 17:00,0.006794,0.006803,0.006793,0.006801,4158,147.619003,147.647003,147.438995,147.472,0,-0.447473,-0.434223,-0.445609
2025.08.19 18:00,0.006801,0.006803,0.006797,0.006799,3388,147.468994,147.578003,147.445999,147.507004,0,-0.443452,-0.441226,-0.426548
2025.08.19 19:00,0.006799,0.006802,0.006796,0.006797,1991,147.507004,147.587006,147.453995,147.578003,0,-0.441627,-0.438413,-0.443452
2025.08.19 20:00,0.006796,0.006796,0.006791,0.006792,1328,147.578003,147.697998,147.578003,147.654999,0,-0.444275,-0.432625,-0.422962
2025.08.19 22:00,0.006795,0.006795,0.006792,0.006795,0,147.563004,147.647003,147.546005,147.595993,0,-0.414966,-0.389798,-0.418132
2025.08.19 23:00,0.006795,0.006795,0.006787,0.006788,2011,147.593994,147.755997,147.589005,147.738998,0,-0.426344,-0.421966,-0.420201
2025.08.20 00:00,0.006788,0.006799,0.006785,0.006796,5454,147.733002,147.817001,147.498993,147.567993,0,-0.422206,-0.418537,-0.422615
2025.08.20 01:00,0.006797,0.006803,0.006791,0.006799,5830,147.567993,147.666,147.416,147.496994,0,-0.423121,-0.411228,-0.427356
2025.08.20 02:00,0.006799,0.006801,0.006793,0.006795,4080,147.492004,147.621994,147.464996,147.578995,0,-0.422463,-0.41699,-0.422787
2025.08.20 03:00,0.006795,0.006801,0.006795,0.006799,3665,147.572998,147.591003,147.449005,147.526001,0,-0.423965,-0.422614,-0.434735
2025.08.20 04:00,0.006799,0.006801,0.006795,0.006795,1466,147.522003,147.608002,147.449997,147.574997,0,-0.430141,-0.412794,-0.418789
2025.08.20 05:00,0.006796,0.006804,0.006796,0.006801,2534,147.574997,147.580994,147.399002,147.455002,0,-0.435615,-0.426635,-0.417798
2025.08.20 06:00,0.006801,0.006816,0.006801,0.006805,9482,147.455994,147.475998,147.132004,147.371994,0,-0.427991,-0.418393,-0.42122
2025.08.20 07:00,0.006804,0.006807,0.006791,0.006793,9783,147.378006,147.695999,147.324005,147.621002,0,-0.431441,-0.416408,-0.410634
2025.08.20 08:00,0.006793,0.006798,0.006793,0.006795,5118,147.621994,147.647003,147.518005,147.582001,0,-0.425807,-0.415918,-0.425793
2025.08.20 09:00,0.006795,0.006803,0.006795,0.006801,3751,147.580002,147.591003,147.417007,147.473007,0,-0.423965,-0.412235,-0.425001
2025.08.20 10:00,0.0068,0.006806,0.006799,0.006801,3943,147.473007,147.494003,147.363007,147.451004,0,-0.424365,-0.423032,-0.424612
2025.08.20 11:00,0.006801,0.006803,0.006797,0.006797,2734,147.445999,147.546997,147.412003,147.533005,0,-0.423262,-0.418027,-0.420095
2025.08.20 12:00,0.006798,0.006812,0.006797,0.00681,11466,147.533005,147.539001,147.235001,147.270004,0,-0.426091,-0.424461,-0.42713
2025.08.20 13:00,0.00681,0.006819,0.006802,0.006816,8860,147.270004,147.440002,147.078003,147.145004,0,-0.424421,-0.428934,-0.420628
2025.08.20 14:00,0.006816,0.006828,0.006811,0.006822,15926,147.151993,147.255005,146.865997,146.994995,0,-0.433685,-0.42095,-0.421157
2025.08.20 15:00,0.006822,0.006825,0.006813,0.006814,7152,146.990005,147.210999,146.944,147.190002,0,-0.432779,-0.423855,-0.422557
2025.08.20 16:00,0.006814,0.006818,0.006812,0.006817,3665,147.190002,147.231003,147.091995,147.110992,0,-0.420463,-0.410663,-0.418899
2025.08.20 17:00,0.006817,0.006822,0.006816,0.006822,2464,147.113007,147.141006,147.007004,147.022995,0,-0.427396,-0.42242,-0.427674
2025.08.20 18:00,0.006822,0.006822,0.006809,0.00681,3913,147.020004,147.287003,146.992996,147.268997,0,-0.422557,-0.408412,-0.415338
2025.08.20 19:00,0.00681,0.006811,0.006806,0.006806,3256,147.266006,147.356995,147.231995,147.341995,0,-0.41702,-0.410675,-0.423604
2025.08.20 20:00,0.006806,0.006808,0.0068,0.006807,3552,147.332993,147.492996,147.281006,147.309006,0,-0.434175,-0.405772,-0.401409
2025.08.20 22:00,0.006807,0.006808,0.006804,0.006804,0,147.296005,147.369995,147.248001,147.339005,0,-0.386825,-0.361988,-0.366638
2025.08.20 23:00,0.006804,0.006806,0.006801,0.006806,2520,147.339005,147.412994,147.292007,147.296997,0,-0.364988,-0.36283,-0.36782
2025.08.21 00:00,0.006806,0.006808,0.006799,0.006802,5472,147.298004,147.462006,147.248993,147.382996,0,-0.37074,-0.373759,-0.367414
2025.08.21 01:00,0.006803,0.006806,0.006797,0.0068,4918,147.380997,147.507004,147.307007,147.421005,0,-0.372453,-0.367032,-0.362184
2025.08.21 02:00,0.006801,0.006808,0.006799,0.006804,3801,147.423996,147.453995,147.25,147.337006,0,-0.373538,-0.374766,-0.375431
2025.08.21 03:00,0.006804,0.006806,0.006799,0.006801,2074,147.337006,147.447006,147.283005,147.419006,0,-0.377368,-0.364613,-0.381803
2025.08.21 04:00,0.006801,0.006804,0.006801,0.006802,1409,147.414001,147.429993,147.341003,147.380997,0,-0.381986,-0.368637,-0.365415
2025.08.21 05:00,0.006803,0.006803,0.006797,0.006801,2877,147.382004,147.5,147.363998,147.421997,0,-0.376265,-0.370023,-0.37399
2025.08.21 06:00,0.0068,0.006804,0.006793,0.006794,4250,147.423004,147.578995,147.332993,147.559006,0,-0.368627,-0.371418,-0.370311
2025.08.21 07:00,0.006793,0.006797,0.00679,0.006793,6482,147.559006,147.639008,147.505997,147.589996,0,-0.363603,-0.371446,-0.3688
2025.08.21 08:00,0.006793,0.006794,0.006791,0.006793,3907,147.589996,147.626007,147.550995,147.582001,0,-0.372284,-0.3623,-0.371633
2025.08.21 09:00,0.006793,0.006797,0.006787,0.006789,3826,147.585007,147.697006,147.473999,147.664993,0,-0.367353,-0.361089,-0.36789
2025.08.21 10:00,0.006789,0.006789,0.006779,0.006781,6614,147.669998,147.891006,147.656006,147.848007,0,-0.365744,-0.369753,-0.366259
2025.08.21 11:00,0.006781,0.006782,0.006777,0.006777,5740,147.835999,147.932999,147.815994,147.923996,0,-0.375085,-0.366863,-0.376961
2025.08.21 12:00,0.006777,0.006793,0.006777,0.006785,11309,147.919006,147.929993,147.574997,147.75,0,-0.372079,-0.364629,-0.366069
2025.08.21 13:00,0.006785,0.006793,0.006777,0.006783,10834,147.748993,147.940994,147.578003,147.789001,0,-0.372191,-0.367635,-0.361614
2025.08.21 14:00,0.006783,0.006783,0.006766,0.006767,11155,147.794006,148.169998,147.789001,148.151993,0,-0.372182,-0.372473,-0.376023
2025.08.21 15:00,0.006766,0.00677,0.006756,0.006757,21252,148.156006,148.403,148.072998,148.352997,0,-0.375469,-0.362508,-0.358325
2025.08.21 16:00,0.006758,0.006762,0.006756,0.00676,3219,148.352005,148.395004,148.272003,148.281998,0,-0.378431,-0.375829,-0.363942
2025.08.21 17:00,0.006761,0.006766,0.00676,0.006762,4656,148.281998,148.306,148.164993,148.272003,0,-0.377001,-0.378101,-0.375829
2025.08.21 18:00,0.006762,0.006764,0.006758,0.006758,3962,148.266006,148.348007,148.227005,148.341003,0,-0.375229,-0.374565,-0.379175
2025.08.21 19:00,0.006758,0.006759,0.006756,0.006756,2598,148.347,148.406998,148.339005,148.371002,0,-0.379467,-0.388124,-0.365375
2025.08.21 20:00,0.006756,0.00676,0.006756,0.006757,1321,148.371002,148.384995,148.315002,148.352005,0,-0.379368,-0.375069,-0.357333
2025.08.21 22:00,0.006758,0.006759,0.006756,0.006758,0,148.341995,148.378006,148.311996,148.328003,0,-0.350475,-0.361116,-0.344284
2025.08.21 23:00,0.006758,0.00676,0.006752,0.006756,3534,148.328003,148.453995,148.287994,148.386002,0,-0.349734,-0.358996,-0.358471
2025.08.22 00:00,0.006755,0.00676,0.00675,0.006751,5607,148.378998,148.505997,148.274994,148.468994,0,-0.368818,-0.345995,-0.34279
2025.08.22 01:00,0.006752,0.006754,0.006742,0.006748,5604,148.470001,148.684998,148.404999,148.544006,0,-0.361061,-0.355547,-0.351953
2025.08.22 02:00,0.006748,0.006752,0.006748,0.006751,2971,148.544006,148.559998,148.451004,148.488007,0,-0.35696,-0.346743,-0.361802
2025.08.22 03:00,0.006751,0.006752,0.006741,0.006741,2838,148.483994,148.716995,148.477997,148.669998,0,-0.360053,-0.362765,-0.335058
2025.08.22 04:00,0.006741,0.006742,0.006738,0.006739,2527,148.666,148.763,148.639008,148.744995,0,-0.351011,-0.326062,-0.355023
2025.08.22 05:00,0.006739,0.006746,0.006737,0.006742,2505,148.738998,148.778,148.593994,148.656998,0,-0.354994,-0.347015,-0.344052
2025.08.22 06:00,0.006742,0.006754,0.006741,0.00675,5690,148.658997,148.707993,148.416,148.511993,0,-0.362047,-0.355596,-0.352872
2025.08.22 07:00,0.00675,0.006754,0.006745,0.006746,3075,148.509995,148.621994,148.406006,148.600998,0,-0.364023,-0.356554,-0.365009
2025.08.22 08:00,0.006746,0.006748,0.006742,0.006744,2637,148.604004,148.675003,148.539993,148.634003,0,-0.362058,-0.358912,-0.365038
2025.08.22 09:00,0.006744,0.006746,0.006741,0.006741,1997,148.632004,148.710007,148.595001,148.707001,0,-0.364061,-0.359013,-0.361055
2025.08.22 10:00,0.006741,0.006745,0.00674,0.006744,1958,148.692993,148.733994,148.615005,148.626999,0,-0.366043,-0.357035,-0.358034
2025.08.22 11:00,0.006744,0.006746,0.006739,0.006741,3754,148.626999,148.740005,148.591995,148.710007,0,-0.361045,-0.356007,-0.364061
2025.08.22 12:00,0.006741,0.006746,0.006741,0.006741,3749,148.709,148.722,148.597,148.705994,0,-0.365058,-0.350021,-0.360048
2025.08.22 13:00,0.006741,0.006751,0.00674,0.006746,8948,148.699005,148.720001,148.488007,148.598999,0,-0.352051,-0.361802,-0.35202
2025.08.22 14:00,0.006746,0.006829,0.006746,0.006826,66852,148.598999,148.602997,146.800995,146.852997,0,-0.367008,-0.366672,-0.365044
2025.08.22 15:00,0.006826,0.006839,0.006824,0.006828,17924,146.848999,146.895996,146.567993,146.817993,0,-0.365113,-0.358471,-0.351501
2025.08.22 16:00,0.006828,0.006836,0.006826,0.006833,8472,146.826996,146.850998,146.641998,146.707993,0,-0.363045,-0.357619,-0.359393
2025.08.22 17:00,0.006834,0.006839,0.006832,0.006836,6795,146.701996,146.738007,146.572006,146.636993,0,-0.357275,-0.362484,-0.352614
2025.08.22 18:00,0.006836,0.006839,0.006825,0.006826,8777,146.645004,146.875,146.598999,146.858994,0,-0.354855,-0.368101,-0.360308
2025.08.22 19:00,0.006826,0.006827,0.006819,0.006821,4457,146.865005,147.001007,146.839005,146.962997,0,-0.351938,-0.361783,-0.356928
2025.08.22 20:00,0.006822,0.006826,0.00682,0.006826,2500,146.964996,146.988007,146.860992,146.914001,0,-0.360436,-0.362307,-0.415316
2025.08.24 23:00,0.006816,0.006816,0.006804,0.006806,4953,147.063004,147.306,147.039001,147.263,0,-0.344425,-0.336145,-0.344609
2025.08.25 00:00,0.006806,0.006807,0.006794,0.006801,6989,147.261993,147.526993,147.242996,147.384995,0,-0.338298,-0.335399,-0.336988
2025.08.25 01:00,0.006801,0.006807,0.006797,0.006801,5847,147.384995,147.460999,147.248001,147.397003,0,-0.337264,-0.340404,-0.348997
2025.08.25 02:00,0.006801,0.006801,0.006795,0.006799,2654,147.391006,147.514999,147.388,147.432999,0,-0.347961,-0.339994,-0.341733
2025.08.25 03:00,0.006799,0.006804,0.006799,0.006803,2135,147.432999,147.436996,147.298996,147.337006,0,-0.345731,-0.337422,-0.332233
2025.08.25 04:00,0.006803,0.006809,0.006802,0.006808,2697,147.335007,147.358002,147.199997,147.227997,0,-0.34242,-0.335551,-0.341984
2025.08.25 05:00,0.006808,0.006808,0.006801,0.006804,2588,147.229996,147.376007,147.225998,147.296005,0,-0.349616,-0.329194,-0.334431
2025.08.25 06:00,0.006805,0.006814,0.006804,0.006811,5614,147.294006,147.319,147.091995,147.164993,0,-0.346634,-0.335322,-0.343674
2025.08.25 07:00,0.006811,0.006812,0.006801,0.006803,4658,147.158005,147.371002,147.134003,147.330994,0,-0.344611,-0.334241,-0.337018
2025.08.25 08:00,0.006803,0.006806,0.006801,0.006806,2884,147.330994,147.369003,147.25,147.285995,0,-0.3318,-0.331609,-0.346021
2025.08.25 09:00,0.006806,0.006808,0.006801,0.006803,2443,147.281006,147.382996,147.216003,147.343002,0,-0.345792,-0.34077,-0.33823
2025.08.25 10:00,0.006803,0.006804,0.006798,0.006798,2048,147.343002,147.447998,147.315994,147.438995,0,-0.345911,-0.332824,-0.336908
2025.08.25 11:00,0.006798,0.006806,0.006797,0.006804,2797,147.434006,147.445999,147.276993,147.315994,0,-0.333089,-0.337018,-0.332824
2025.08.25 12:00,0.006804,0.006804,0.006798,0.006801,4954,147.322006,147.451996,147.307007,147.380997,0,-0.349909,-0.33464,-0.343793
2025.08.25 13:00,0.006801,0.006804,0.006793,0.006804,7766,147.375,147.546005,147.298996,147.298996,0,-0.335637,-0.337422,-0.326629
2025.08.25 14:00,0.006804,0.006805,0.006795,0.006796,6958,147.313995,147.494995,147.285004,147.488998,0,-0.338787,-0.33423,-0.34362
2025.08.25 15:00,0.006797,0.006801,0.006787,0.00679,9426,147.481995,147.673004,147.393997,147.606003,0,-0.343351,-0.345991,-0.330598
2025.08.25 16:00,0.006791,0.006795,0.006789,0.006793,4040,147.606003,147.630997,147.511002,147.533005,0,-0.333894,-0.343963,-0.333474
2025.08.25 17:00,0.006794,0.006795,0.006791,0.006793,2771,147.531006,147.595993,147.494995,147.561996,0,-0.34227,-0.338787,-0.3408
2025.08.25 18:00,0.006793,0.006793,0.00678,0.006781,10508,147.554993,147.826004,147.531006,147.807999,0,-0.333377,-0.331475,-0.347994
2025.08.25 19:00,0.006781,0.006782,0.006775,0.006781,7601,147.804993,147.936996,147.783005,147.822006,0,-0.346408,-0.333874,-0.351136
2025.08.25 20:00,0.006781,0.006787,0.006781,0.006783,2589,147.813995,147.854996,147.658005,147.763,0,-0.373248,-0.328352,-0.346472
2025.08.25 22:00,0.006784,0.006789,0.006781,0.006784,0,147.669998,147.792007,147.645004,147.740005,0,-0.321137,-0.33706,-0.334344
2025.08.25 23:00,0.006785,0.006785,0.006779,0.006781,2351,147.725006,147.854004,147.688004,147.809006,0,-0.328741,-0.314926,-0.327258
2025.08.26 00:00,0.006781,0.006818,0.006777,0.006813,25255,147.809998,147.876007,146.981003,147.104996,0,-0.318094,-0.321178,-0.326777
2025.08.26 01:00,0.006812,0.006813,0.006801,0.006803,6627,147.104996,147.378998,147.102005,147.317993,0,-0.330991,-0.323786,-0.324017
2025.08.26 02:00,0.006804,0.006806,0.006789,0.006793,5923,147.313004,147.608002,147.248001,147.516006,0,-0.321749,-0.318824,-0.316476
2025.08.26 03:00,0.006793,0.006793,0.006781,0.006781,0,147.511993,147.807007,147.509995,147.791,0,-0.325259,-0.310464,-0.32013
2025.08.26 04:00,0.006781,0.006785,0.006781,0.006782,2932,147.791,147.813995,147.714996,147.768005,0,-0.332247,-0.320201,-0.318874
2025.08.26 05:00,0.006783,0.006787,0.006777,0.006785,5289,147.770996,147.886993,147.664993,147.710007,0,-0.32908,-0.313636,-0.326076
2025.08.26 06:00,0.006785,0.006788,0.006779,0.006782,4978,147.705994,147.830994,147.630005,147.776001,0,-0.327486,-0.311207,-0.32687
2025.08.26 07:00,0.006781,0.006789,0.006776,0.006786,6378,147.770996,147.908005,147.632996,147.690002,0,-0.32831,-0.325051,-0.327786
2025.08.26 08:00,0.006786,0.006795,0.006785,0.006791,4506,147.690002,147.699997,147.487,147.572006,0,-0.326919,-0.319961,-0.329127
2025.08.26 09:00,0.006791,0.006795,0.006789,0.006793,3828,147.563995,147.621994,147.481995,147.542999,0,-0.324891,-0.314956,-0.321803
2025.08.26 10:00,0.006793,0.006797,0.006787,0.006791,2702,147.544006,147.667007,147.468002,147.582993,0,-0.326508,-0.333452,-0.32927
2025.08.26 11:00,0.006791,0.006799,0.006789,0.006797,7526,147.582001,147.623001,147.393997,147.462006,0,-0.325898,-0.324359,-0.327455
2025.08.26 12:00,0.006797,0.006803,0.006792,0.006793,6205,147.455994,147.548996,147.320999,147.535995,0,-0.316959,-0.316226,-0.314799
2025.08.26 13:00,0.006793,0.006793,0.006786,0.006792,6350,147.544006,147.686005,147.529007,147.544998,0,-0.323788,-0.318639,-0.312961
2025.08.26 14:00,0.006792,0.006795,0.006784,0.006795,7645,147.539001,147.720993,147.483002,147.496002,0,-0.315332,-0.326794,-0.318141
2025.08.26 15:00,0.006795,0.006804,0.006795,0.006804,5720,147.496002,147.501999,147.289001,147.309998,0,-0.324138,-0.327427,-0.326827
2025.08.26 16:00,0.006804,0.006813,0.006804,0.006804,8071,147.313004,147.315994,147.093994,147.302002,0,-0.332824,-0.315775,-0.329635
2025.08.26 17:00,0.006804,0.006806,0.0068,0.0068,3486,147.302002,147.386993,147.264999,147.380997,0,-0.328172,-0.325025,-0.322175
2025.08.26 18:00,0.0068,0.006802,0.006793,0.0068,5624,147.386993,147.544006,147.330002,147.373993,0,-0.32281,-0.31442,-0.315171
2025.08.26 19:00,0.0068,0.006804,0.006797,0.006798,2488,147.376007,147.442993,147.298996,147.432007,0,-0.330083,-0.326629,-0.32992
2025.08.26 20:00,0.006797,0.006799,0.006795,0.006798,1205,147.431,147.488998,147.309006,147.358002,0,-0.32196,-0.239368,-0.255914
2025.08.26 22:00,0.006801,0.006801,0.006794,0.006797,0,147.382996,147.481995,147.339005,147.444,0,-0.2933,-0.312613,-0.320266
2025.08.26 23:00,0.006797,0.0068,0.006794,0.006795,1485,147.425003,147.509003,147.354996,147.470001,0,-0.320308,-0.296174,-0.302963
2025.08.27 00:00,0.006795,0.006798,0.006791,0.006791,4626,147.466995,147.582993,147.397995,147.582993,0,-0.318435,-0.295908,-0.318435
2025.08.27 01:00,0.00679,0.006793,0.006787,0.006789,5656,147.574997,147.649002,147.507996,147.595993,0,-0.319349,-0.297628,-0.30974
2025.08.27 02:00,0.006789,0.006789,0.006783,0.006784,2097,147.600006,147.737,147.593994,147.723999,0,-0.309612,-0.307741,-0.318338
2025.08.27 03:00,0.006784,0.006784,0.006778,0.006779,5551,147.714996,147.852005,147.705994,147.824997,0,-0.315857,-0.300333,-0.299734
2025.08.27 04:00,0.006776,0.006778,0.006773,0.006773,5790,147.824997,147.957993,147.820999,147.938004,0,-0.312934,-0.284851,-0.303836
2025.08.27 05:00,0.006773,0.006779,0.006772,0.006779,5187,147.938004,147.968994,147.796997,147.811996,0,-0.302128,-0.29349,-0.297617
2025.08.27 06:00,0.006779,0.006787,0.006778,0.006784,6194,147.809006,147.839996,147.649002,147.710007,0,-0.303848,-0.308503,-0.304346
2025.08.27 07:00,0.006784,0.006785,0.006775,0.006782,4458,147.705002,147.895996,147.705002,147.751007,0,-0.305408,-0.310207,-0.301876
2025.08.27 08:00,0.006782,0.006783,0.00677,0.006775,5029,147.757996,148.003998,147.738007,147.910004,0,-0.304418,-0.299748,-0.297634
2025.08.27 09:00,0.006775,0.006777,0.00677,0.00677,3572,147.910004,148.031006,147.858002,148.026993,0,-0.309613,-0.300088,-0.3056
2025.08.27 10:00,0.006769,0.006772,0.006764,0.006765,5888,148.031998,148.145004,147.959,148.117004,0,-0.314417,-0.303038,-0.297346
2025.08.27 11:00,0.006765,0.006769,0.006762,0.006764,8858,148.113007,148.182999,148.026001,148.141006,0,-0.30869,-0.293694,-0.310419
2025.08.27 12:00,0.006764,0.006772,0.006764,0.006768,5724,148.136002,148.145996,147.977997,148.069,0,-0.304478,-0.311131,-0.303951
2025.08.27 13:00,0.006768,0.006775,0.006765,0.006767,8492,148.063995,148.128006,147.912003,148.084,0,-0.308347,-0.299633,-0.30803
2025.08.27 14:00,0.006766,0.006779,0.006766,0.006777,7720,148.080002,148.093994,147.819,147.858994,0,-0.307102,-0.304621,-0.311959
2025.08.27 15:00,0.006777,0.006785,0.006777,0.006783,8524,147.863007,147.865997,147.684998,147.742004,0,-0.308084,-0.31192,-0.303746
2025.08.27 16:00,0.006783,0.006801,0.006782,0.006801,8597,147.742004,147.753998,147.332993,147.352997,0,-0.304867,-0.306601,-0.30499
2025.08.27 17:00,0.006801,0.006804,0.006797,0.006801,5877,147.360992,147.427994,147.287003,147.348999,0,-0.304259,-0.303832,-0.300992
2025.08.27 18:00,0.006801,0.006801,0.006795,0.006799,3760,147.356995,147.488998,147.348999,147.401993,0,-0.311138,-0.300992,-0.310727
2025.08.27 19:00,0.006798,0.006798,0.006793,0.006795,3414,147.408997,147.520996,147.401993,147.473999,0,-0.310628,-0.299906,-0.306961
2025.08.27 20:00,0.006795,0.006799,0.006793,0.006799,2970,147.473999,147.516998,147.367996,147.378998,0,-0.30663,-0.28754,-0.287732
2025.08.27 22:00,0.006798,0.006804,0.006795,0.006801,0,147.376007,147.412994,147.195007,147.272003,0,-0.235134,-0.233433,-0.2348
2025.08.27 23:00,0.006801,0.006804,0.006798,0.006799,3131,147.276001,147.343002,147.216003,147.337006,0,-0.240915,-0.232833,-0.24574
2025.08.28 00:00,0.006799,0.006801,0.006792,0.0068,5068,147.330002,147.488998,147.270004,147.289993,0,-0.256961,-0.232801,-0.231172
2025.08.28 01:00,0.0068,0.006806,0.006793,0.006797,3121,147.292007,147.447006,147.184998,147.339996,0,-0.247476,-0.245023,-0.227086
2025.08.28 02:00,0.006798,0.006804,0.006797,0.006803,2484,147.337006,147.367004,147.227005,147.242004,0,-0.24327,-0.243835,-0.248029
2025.08.28 03:00,0.006803,0.00681,0.006801,0.00681,2927,147.242996,147.291,147.076996,147.089005,0,-0.253797,-0.244894,-0.24613
2025.08.28 04:00,0.006808,0.006809,0.006804,0.006806,2296,147.089005,147.207993,147.078003,147.156998,0,-0.246418,-0.213557,-0.238606
2025.08.28 05:00,0.006806,0.00681,0.006804,0.006808,1971,147.154007,147.207993,147.076996,147.156998,0,-0.235626,-0.244894,-0.270984
2025.08.28 06:00,0.006808,0.006814,0.006798,0.0068,4831,147.065002,147.345993,146.992996,147.302002,0,-0.243906,-0.236323,-0.24318
2025.08.28 07:00,0.0068,0.006806,0.006795,0.006806,4510,147.302002,147.403,147.149994,147.162003,0,-0.235961,-0.231603,-0.232825
2025.08.28 08:00,0.006806,0.006808,0.006797,0.006806,2771,147.162003,147.369003,147.125,147.182999,0,-0.245269,-0.238987,-0.243024
2025.08.28 09:00,0.006806,0.006811,0.006806,0.006808,3152,147.188995,147.188995,147.059998,147.134003,0,-0.249021,-0.238678,-0.237198
2025.08.28 10:00,0.006808,0.006818,0.006806,0.006818,4781,147.134003,147.164993,146.901993,146.921997,0,-0.246602,-0.242168,-0.251424
2025.08.28 11:00,0.006818,0.006824,0.006816,0.006817,6070,146.921997,146.966995,146.802002,146.923004,0,-0.242619,-0.249649,-0.230911
2025.08.28 12:00,0.006818,0.006821,0.006806,0.00681,7959,146.923004,147.169006,146.848999,147.098007,0,-0.239829,-0.24293,-0.244348
2025.08.28 13:00,0.006809,0.006813,0.006803,0.00681,8022,147.102997,147.231995,147.020996,147.091995,0,-0.238019,-0.242777,-0.238336
2025.08.28 14:00,0.00681,0.00682,0.006808,0.006815,6162,147.084,147.117004,146.869995,146.968002,0,-0.241771,-0.231681,-0.232859
2025.08.28 15:00,0.006816,0.006816,0.006811,0.006814,5781,146.966995,147.070007,146.942993,146.990997,0,-0.248688,-0.229383,-0.245085
2025.08.28 16:00,0.006814,0.006822,0.006814,0.006822,4268,146.988007,146.996994,146.824005,146.841995,0,-0.240321,-0.239421,-0.246675
2025.08.28 17:00,0.006821,0.00683,0.006821,0.006823,6573,146.850006,146.854004,146.654007,146.800995,0,-0.247935,-0.241119,-0.2379
2025.08.28 18:00,0.006824,0.006824,0.006819,0.006822,2308,146.802002,146.888,146.796005,146.815994,0,-0.238932,-0.243653,-0.23141
2025.08.28 19:00,0.006822,0.006822,0.006816,0.006818,2271,146.817001,146.934998,146.802002,146.917007,0,-0.232141,-0.228163,-0.235675
2025.08.28 20:00,0.006818,0.006818,0.006814,0.006816,2104,146.917999,146.996994,146.895004,146.917999,0,-0.251081,-0.224431,-0.215143
2025.08.28 22:00,0.006816,0.006818,0.00681,0.006813,0,146.934006,147.082001,146.908005,147.026993,0,-0.249899,-0.237432,-0.248774
2025.08.28 23:00,0.006813,0.006824,0.006813,0.006822,2953,147.033997,147.035004,146.789993,146.830002,0,-0.256785,-0.237641,-0.245418
2025.08.29 00:00,0.006822,0.006825,0.006815,0.006822,4481,146.830002,146.975998,146.753998,146.819,0,-0.240854,-0.233852,-0.245162
2025.08.29 01:00,0.006822,0.006824,0.006809,0.006814,4389,146.819,147.113998,146.776993,147.005005,0,-0.249553,-0.235371,-0.248332
2025.08.29 02:00,0.006814,0.006822,0.006814,0.006819,1992,146.992996,147.003998,146.822006,146.889008,0,-0.236552,-0.248168,-0.239939
2025.08.29 03:00,0.006818,0.006818,0.006814,0.006815,1478,146.888,146.992996,146.886002,146.987,0,-0.236323,-0.226177,-0.251856
2025.08.29 04:00,0.006814,0.006819,0.006813,0.006818,1425,146.981003,147.039993,146.897995,146.897995,0,-0.261774,-0.248926,-0.23817
2025.08.29 05:00,0.006818,0.006818,0.006813,0.006814,1757,146.899002,147.026001,146.897003,147.009995,0,-0.247782,-0.237178,-0.242549
2025.08.29 06:00,0.006814,0.006816,0.006806,0.006808,4778,147.001007,147.173996,146.953995,147.154007,0,-0.234021,-0.240384,-0.257203
2025.08.29 07:00,0.006806,0.006816,0.006804,0.006814,5329,147.154007,147.197998,146.955002,146.996002,0,-0.236424,-0.230626,-0.239329
2025.08.29 08:00,0.006814,0.00682,0.006812,0.006816,3898,146.996002,147.029999,146.863007,146.953003,0,-0.241004,-0.235436,-0.250147
2025.08.29 09:00,0.006816,0.006817,0.006808,0.00681,2693,146.945007,147.113007,146.932007,147.089996,0,-0.237773,-0.239913,-0.236337
2025.08.29 10:00,0.00681,0.00681,0.006803,0.006804,3373,147.089996,147.248993,147.072006,147.190994,0,-0.24422,-0.239905,-0.22942
2025.08.29 11:00,0.006804,0.006806,0.006801,0.006802,3389,147.190994,147.264008,147.169006,147.244995,0,-0.237616,-0.239829,-0.229414
2025.08.29 12:00,0.006802,0.006808,0.006795,0.006799,8658,147.251007,147.410995,147.126007,147.322006,0,-0.243957,-0.239994,-0.24155
2025.08.29 13:00,0.006799,0.00681,0.006796,0.006808,9603,147.315002,147.389999,147.078003,147.093994,0,-0.244621,-0.245902,-0.21876
2025.08.29 14:00,0.00681,0.006823,0.00681,0.006822,12465,147.104004,147.104004,146.802002,146.824997,0,-0.250345,-0.238907,-0.240413
2025.08.29 15:00,0.006822,0.006825,0.006815,0.006818,6755,146.826996,146.972,146.761002,146.899994,0,-0.236856,-0.240856,-0.229421
2025.08.29 16:00,0.006818,0.00682,0.006816,0.006818,4199,146.906998,146.964005,146.848007,146.908005,0,-0.239628,-0.231188,-0.237432
2025.08.29 17:00,0.006818,0.00682,0.006814,0.006815,2221,146.910004,147.007004,146.878006,146.975998,0,-0.239558,-0.239692,-0.240854
2025.08.29 18:00,0.006815,0.006816,0.006812,0.006813,2724,146.975998,147.026993,146.953995,147.014999,0,-0.237998,-0.229618,-0.23678
2025.08.29 19:00,0.006814,0.006818,0.006812,0.006816,3407,147.009003,147.044998,146.916,146.955002,0,-0.245237,-0.245427,-0.241391
2025.08.29 20:00,0.006816,0.006817,0.006808,0.006814,1903,146.962006,147.121994,146.919998,146.998001,0,-0.24676,-0.227905,-0.230556
2025.08.31 23:00,0.006808,0.00681,0.006804,0.006808,2368,147.119995,147.188995,147.076004,147.112,0,-0.227421,-0.222345,-0.215195
2025.09.01 00:00,0.006807,0.006808,0.006801,0.006803,3729,147.119995,147.257004,147.113007,147.227005,0,-0.2198,-0.216202,-0.222232
2025.09.01 01:00,0.006802,0.006805,0.006795,0.0068,4668,147.227005,147.382004,147.175995,147.289001,0,-0.225796,-0.225221,-0.23018
2025.09.01 02:00,0.0068,0.00682,0.006799,0.006818,5159,147.287994,147.296997,146.843994,146.891998,0,-0.227359,-0.216423,-0.221425
2025.09.01 03:00,0.006818,0.006821,0.006813,0.006818,3342,146.891998,147.003006,146.835007,146.880005,0,-0.224787,-0.228938,-0.22018
2025.09.02 04:00,0.00678,0.006781,0.006772,0.006779,7692,147.699005,147.860992,147.679001,147.720001,0,-0.205031,-0.197253,-0.194738
2025.09.02 05:00,0.006779,0.00678,0.00677,0.00677,5167,147.716995,147.923996,147.692993,147.912994,0,-0.202603,-0.200366,-0.202504
2025.09.02 06:00,0.00677,0.00677,0.006764,0.006768,13098,147.917999,148.050995,147.901001,147.957993,0,-0.198555,-0.201422,-0.192943
2025.09.02 07:00,0.006768,0.006768,0.006733,0.006737,45015,147.968002,148.742996,147.945999,148.649994,0,-0.209765,-0.191859,-0.20496
2025.09.02 08:00,0.006736,0.006756,0.006731,0.006746,20425,148.656006,148.792999,148.216995,148.438995,0,-0.215631,-0.200422,-0.203007
2025.09.02 09:00,0.006746,0.006749,0.006737,0.006741,11500,148.434998,148.645996,148.367004,148.559006,0,-0.211972,-0.196904,-0.21306
2025.09.02 10:00,0.006741,0.006742,0.006734,0.006739,4079,148.556,148.709,148.529999,148.600998,0,-0.208852,-0.206062,-0.211026
2025.09.02 11:00,0.006739,0.006742,0.006732,0.006738,6994,148.591995,148.744003,148.507996,148.619995,0,-0.199738,-0.19505,-0.208005
2025.09.02 12:00,0.006738,0.006742,0.006723,0.006729,22515,148.621994,148.945007,148.526993,148.824005,0,-0.212945,-0.203056,-0.202473
2025.09.02 13:00,0.006729,0.00675,0.006728,0.006748,14003,148.822998,148.848007,148.341995,148.404999,0,-0.215427,-0.204816,-0.201961
2025.09.02 14:00,0.006748,0.006769,0.006748,0.006763,27967,148.406998,148.410004,147.929993,148.082001,0,-0.21795,-0.197686,-0.218627
2025.09.02 15:00,0.006762,0.006764,0.006751,0.006756,9870,148.082993,148.337006,148.063004,148.225006,0,-0.210801,-0.210564,-0.208433
2025.09.02 16:00,0.006756,0.006757,0.006751,0.006752,3985,148.225006,148.337006,148.195999,148.294998,0,-0.210801,-0.201327,-0.201696
2025.09.02 17:00,0.006753,0.006756,0.006748,0.006748,5289,148.292007,148.419006,148.240997,148.382004,0,-0.215969,-0.213466,-0.200922
2025.09.02 18:00,0.006748,0.00675,0.006741,0.006745,13007,148.376999,148.533997,148.363007,148.468002,0,-0.199056,-0.214862,-0.210031
2025.09.02 19:00,0.006745,0.006752,0.006744,0.00675,3940,148.475006,148.483002,148.311996,148.352005,0,-0.214037,-0.196764,-0.203861
2025.09.02 20:00,0.00675,0.006752,0.006748,0.00675,1198,148.352005,148.412994,148.302994,148.354996,0,-0.209957,-0.209692,-0.206851
2025.09.02 22:00,0.00675,0.006752,0.006741,0.006743,0,148.319,148.559998,148.296005,148.496994,0,-0.203056,-0.180773,-0.195049
2025.09.02 23:00,0.006744,0.006745,0.006739,0.006739,2818,148.496994,148.587006,148.444,148.576996,0,-0.186031,-0.186029,-0.198036
2025.09.03 00:00,0.006739,0.006742,0.006731,0.006731,5211,148.580994,148.766006,148.505005,148.751007,0,-0.188638,-0.181068,-0.184668
2025.09.03 01:00,0.006731,0.006733,0.006725,0.006727,4521,148.753006,148.901993,148.718994,148.865997,0,-0.192054,-0.185763,-0.200275
2025.09.03 02:00,0.006726,0.006733,0.006725,0.006727,6201,148.858994,148.903,148.703995,148.835007,0,-0.193061,-0.181787,-0.191377
2025.09.03 03:00,0.006727,0.006729,0.006723,0.006725,1814,148.835007,148.919006,148.804001,148.906006,0,-0.186944,-0.193504,-0.207126
2025.09.03 04:00,0.006725,0.00674,0.006725,0.006739,6016,148.906006,148.923004,148.548004,148.582001,0,-0.224124,-0.180054,-0.181026
2025.09.03 05:00,0.006739,0.006744,0.006736,0.006739,2965,148.582001,148.658997,148.483994,148.589005,0,-0.202941,-0.193047,-0.18803
2025.09.03 06:00,0.006738,0.006742,0.006735,0.006737,4523,148.598007,148.682999,148.505997,148.606003,0,-0.204895,-0.18206,-0.182996
2025.09.03 07:00,0.006737,0.006737,0.006715,0.006733,17583,148.608994,149.136993,148.606003,148.731003,0,-0.205577,-0.182996,-0.197772
2025.09.03 08:00,0.006732,0.006739,0.006731,0.006739,4034,148.735001,148.772995,148.557999,148.585999,0,-0.195626,-0.179038,-0.196027
2025.09.03 09:00,0.006739,0.006746,0.006733,0.006741,5544,148.580994,148.707993,148.427002,148.552002,0,-0.185784,-0.191013,-0.19506
2025.09.03 10:00,0.00674,0.006744,0.006733,0.006734,3564,148.552002,148.735001,148.470993,148.695007,0,-0.20177,-0.191043,-0.19486
2025.09.03 11:00,0.006734,0.006739,0.006733,0.006737,6663,148.688004,148.727005,148.593002,148.612,0,-0.193774,-0.192027,-0.188993
2025.09.03 12:00,0.006738,0.006741,0.006729,0.006733,17806,148.610992,148.798004,148.541,148.720993,0,-0.187507,-0.195055,-0.187762
2025.09.03 13:00,0.006733,0.006739,0.006729,0.006737,24670,148.720993,148.796997,148.567993,148.632004,0,-0.1865,-0.189033,-0.18697
2025.09.03 14:00,0.006736,0.006762,0.006736,0.006758,22913,148.626007,148.638,148.065002,148.166,0,-0.181945,-0.190694,-0.182281
2025.09.03 15:00,0.006758,0.006769,0.006756,0.006767,10013,148.167007,148.201004,147.925003,147.964005,0,-0.195377,-0.192696,-0.188034
2025.09.03 16:00,0.006767,0.00677,0.006764,0.006768,5978,147.964996,148.031006,147.903,147.934998,0,-0.200418,-0.192509,-0.191775
2025.09.03 17:00,0.006768,0.006771,0.006763,0.006764,3871,147.934006,148.056,147.875,148.033997,0,-0.192626,-0.18633,-0.192479
2025.09.03 18:00,0.006764,0.00677,0.006762,0.006767,4150,148.031998,148.069,147.912003,147.966003,0,-0.183755,-0.19061,-0.190033
2025.09.03 19:00,0.006767,0.006767,0.00676,0.00676,3033,147.968994,148.132996,147.959,148.132004,0,-0.193062,-0.18303,-0.19207
2025.09.03 20:00,0.00676,0.006762,0.006758,0.00676,0,148.130005,148.160004,148.072006,148.072006,0,-0.187226,-0.175833,-0.143007
2025.09.03 22:00,0.00676,0.006762,0.006757,0.006762,1331,148.042999,148.143997,148.028,148.054001,0,-0.149325,-0.142754,-0.157827
2025.09.03 23:00,0.00676,0.006766,0.00676,0.006764,2253,148.050003,148.061996,147.944,147.972,0,-0.143941,-0.146184,-0.141413
2025.09.04 00:00,0.006765,0.006768,0.006756,0.006762,6700,147.970993,148.169998,147.899002,148.022995,0,-0.142467,-0.144862,-0.148686
2025.09.04 01:00,0.006762,0.006773,0.006758,0.006763,3979,148.024002,148.110992,147.783997,148.009003,0,-0.149164,-0.149829,-0.145629
2025.09.04 02:00,0.006762,0.006763,0.006754,0.006756,2480,148.005997,148.190994,148.005997,148.132004,0,-0.141543,-0.142623,-0.126377
2025.09.04 03:00,0.006758,0.006758,0.006751,0.006752,2103,148.134995,148.263,148.113998,148.242004,0,-0.136796,-0.130279,-0.148702
2025.09.04 04:00,0.006752,0.006757,0.00675,0.006752,2016,148.242004,148.283997,148.123001,148.238998,0,-0.135852,-0.128329,-0.145696
2025.09.04 05:00,0.006752,0.006756,0.00675,0.006753,1885,148.233994,148.281006,148.154999,148.220993,0,-0.143827,-0.138426,-0.138658
2025.09.04 06:00,0.006753,0.006757,0.006752,0.006754,8599,148.222,148.246002,148.126007,148.190002,0,-0.141741,-0.131335,-0.129598
2025.09.04 07:00,0.006754,0.006758,0.006744,0.006747,6324,148.190994,148.414001,148.106003,148.360992,0,-0.145037,-0.144175,-0.14697
2025.09.04 08:00,0.006746,0.006757,0.006744,0.006754,10008,148.358994,148.404999,148.130997,148.210999,0,-0.136034,-0.136324,-0.13963
2025.09.04 09:00,0.006754,0.006756,0.006746,0.006749,3927,148.210999,148.371994,148.162003,148.313995,0,-0.146984,-0.134472,-0.143895
2025.09.04 10:00,0.006749,0.006754,0.006748,0.006752,2540,148.313995,148.335999,148.199005,148.257004,0,-0.143945,-0.138601,-0.141772
2025.09.04 11:00,0.006752,0.006752,0.006746,0.006748,4268,148.257004,148.391006,148.244995,148.337006,0,-0.155018,-0.129763,-0.133968
2025.09.04 12:00,0.006748,0.006764,0.006739,0.006744,14857,148.337006,148.529999,148.001999,148.421997,0,-0.140027,-0.149559,-0.13105
2025.09.04 13:00,0.006744,0.006747,0.006739,0.006744,9328,148.421997,148.528,148.345001,148.417007,0,-0.14904,-0.130978,-0.126061
2025.09.04 14:00,0.006744,0.006746,0.006729,0.006729,14960,148.417007,148.751007,148.380005,148.733994,0,-0.14051,-0.133026,-0.134541
2025.09.04 15:00,0.006729,0.006735,0.006728,0.006735,8409,148.731995,148.778,148.621002,148.626007,0,-0.14542,-0.131883,-0.136888
2025.09.04 16:00,0.006735,0.006736,0.006729,0.006735,3114,148.625,148.740005,148.591995,148.621002,0,-0.140553,-0.13594,-0.153924
2025.09.04 17:00,0.006735,0.006735,0.006733,0.006733,2154,148.615997,148.673004,148.600998,148.638,0,-0.139773,-0.133919,-0.126824
2025.09.04 18:00,0.006734,0.006739,0.006733,0.006737,3041,148.638,148.651001,148.533005,148.565002,0,-0.139824,-0.143033,-0.141996
2025.09.04 19:00,0.006738,0.006743,0.006737,0.006741,2922,148.554993,148.565994,148.449005,148.481995,0,-0.142988,-0.14706,-0.147054
2025.09.04 20:00,0.006741,0.006743,0.006739,0.006741,2361,148.479004,148.552002,148.425995,148.466003,0,-0.151027,-0.12405,-0.131063
2025.09.04 22:00,0.006742,0.006744,0.006739,0.006741,0,148.395996,148.514999,148.375,148.440002,0,-0.125027,-0.09505,-0.094057
2025.09.04 23:00,0.006741,0.006748,0.006739,0.006744,2834,148.472,148.505005,148.294998,148.386993,0,-0.126045,-0.091961,-0.096047
2025.09.05 00:00,0.006744,0.006756,0.006742,0.006755,5858,148.416,148.438004,148.097,148.167999,0,-0.125058,-0.091373,-0.129509
2025.09.05 01:00,0.006755,0.006758,0.00675,0.006756,3928,148.164001,148.264008,148.084,148.134995,0,-0.126829,-0.122171,-0.129368
2025.09.05 02:00,0.006756,0.006759,0.006754,0.006755,3180,148.134995,148.181,148.076004,148.173004,0,-0.131548,-0.125124,-0.134514
2025.09.05 03:00,0.006754,0.006758,0.006753,0.006755,1833,148.179993,148.207001,148.104996,148.169998,0,-0.124666,-0.121276,-0.131508
2025.09.05 04:00,0.006754,0.006755,0.006752,0.006752,1211,148.175995,148.237,148.162994,148.212997,0,-0.132738,-0.124504,-0.108736
2025.09.05 05:00,0.006752,0.006755,0.006752,0.006755,1799,148.214005,148.218002,148.166,148.167007,0,-0.1247,-0.12751,-0.128517
2025.09.05 06:00,0.006754,0.006756,0.00675,0.006752,4544,148.167007,148.274002,148.143005,148.235001,0,-0.125858,-0.126432,-0.130739
2025.09.05 07:00,0.006752,0.006754,0.006751,0.006753,5251,148.231995,148.257996,148.186005,148.207993,0,-0.131791,-0.1256,-0.125658
2025.09.05 08:00,0.006752,0.006757,0.006752,0.006756,5328,148.212006,148.223007,148.108002,148.156006,0,-0.129705,-0.113329,-0.128475
2025.09.05 09:00,0.006756,0.006759,0.006754,0.006754,2007,148.158005,148.188004,148.082001,148.167007,0,-0.127599,-0.131121,-0.117556
2025.09.05 10:00,0.006754,0.006759,0.006754,0.006756,2439,148.167007,148.184998,148.076004,148.139999,0,-0.135546,-0.125124,-0.123426
2025.09.05 11:00,0.006756,0.006756,0.006751,0.006754,3428,148.139999,148.251007,148.128998,148.192001,0,-0.124802,-0.123371,-0.131597
2025.09.05 12:00,0.006754,0.006801,0.006754,0.006795,50875,148.192001,148.197998,147.166,147.292999,0,-0.12663,-0.117994,-0.125961
2025.09.05 13:00,0.006795,0.006807,0.006787,0.006806,36963,147.296997,147.466995,147.035995,147.050995,0,-0.137343,-0.128398,-0.132604
2025.09.05 14:00,0.006806,0.00681,0.006799,0.006806,29228,147.057999,147.209,146.985992,147.072998,0,-0.128543,-0.132333,-0.133023
2025.09.05 15:00,0.006805,0.006817,0.006805,0.006816,14251,147.072006,147.085007,146.811996,146.837006,0,-0.134233,-0.119903,-0.123395
2025.09.05 16:00,0.006816,0.006817,0.006801,0.006803,9273,146.839005,147.151001,146.817001,147.141998,0,-0.124609,-0.124908,-0.137226
2025.09.05 17:00,0.006802,0.006803,0.006795,0.006796,6565,147.139008,147.302994,147.126007,147.270004,0,-0.135955,-0.121234,-0.124626
2025.09.05 18:00,0.006796,0.006797,0.006787,0.006787,5095,147.270004,147.485001,147.259995,147.460007,0,-0.133644,-0.125444,-0.119508
2025.09.05 19:00,0.006787,0.006791,0.006785,0.006787,5271,147.459,147.501999,147.369003,147.464996,0,-0.128921,-0.126124,-0.124497
2025.09.05 20:00,0.006787,0.006793,0.006785,0.006787,3285,147.457993,147.505997,147.324997,147.393997,0,-0.132919,-0.114629,-0.053498
2025.09.07 23:00,0.006742,0.006752,0.006741,0.006748,5624,148.427994,148.451996,148.203003,148.317001,0,-0.117055,-0.098742,-0.113964
2025.09.08 00:00,0.006748,0.006748,0.006735,0.006746,8654,148.315002,148.576996,148.287003,148.332993,0,-0.098893,-0.105921,-0.097004
2025.09.08 01:00,0.006746,0.006756,0.006744,0.006755,9430,148.332993,148.386993,148.117996,148.134995,0,-0.107044,-0.112369,-0.096504
2025.09.08 02:00,0.006756,0.006762,0.006754,0.006758,5011,148.130997,148.153,148.0,148.076004,0,-0.103548,-0.114755,-0.103226
2025.09.08 03:00,0.006758,0.006761,0.006752,0.006752,5995,148.074997,148.223007,148.009003,148.197006,0,-0.107775,-0.101889,-0.092745
2025.09.08 04:00,0.006753,0.006756,0.00675,0.006754,2040,148.195999,148.253006,148.106003,148.169006,0,-0.104862,-0.100376,-0.119555
2025.09.08 05:00,0.006754,0.006762,0.006754,0.006756,5795,148.158997,148.179993,147.998993,148.134995,0,-0.119589,-0.113748,-0.107464
2025.09.08 06:00,0.006756,0.006772,0.006754,0.00677,7835,148.136002,148.160995,147.796997,147.826996,0,-0.111544,-0.119235,-0.116505
2025.09.08 07:00,0.00677,0.006784,0.00677,0.006783,12784,147.820007,147.834,147.509995,147.524994,0,-0.123509,-0.104333,-0.108465
2025.09.08 08:00,0.006783,0.006787,0.006774,0.006777,5340,147.524994,147.740005,147.460007,147.682007,0,-0.116738,-0.119508,-0.113203
2025.09.08 09:00,0.006776,0.006777,0.006772,0.006773,2754,147.679993,147.770996,147.656006,147.748001,0,-0.115034,-0.098093,-0.102942
2025.09.08 10:00,0.006773,0.006773,0.006768,0.006771,4687,147.751007,147.878998,147.740997,147.800995,0,-0.124857,-0.10683,-0.112325
2025.09.08 11:00,0.006771,0.006777,0.00677,0.006772,13373,147.802994,147.819,147.671997,147.772995,0,-0.10851,-0.103194,-0.106129
2025.09.08 12:00,0.006772,0.006778,0.006768,0.006776,5981,147.774002,147.880997,147.643005,147.695007,0,-0.115947,-0.106857,-0.115312
2025.09.08 13:00,0.006775,0.006783,0.006774,0.006777,9981,147.690002,147.744003,147.533005,147.671005,0,-0.120736,-0.105617,-0.102202
2025.09.08 14:00,0.006777,0.006779,0.006768,0.006773,11046,147.677002,147.873993,147.617996,147.744003,0,-0.119852,-0.103617,-0.098945
2025.09.08 15:00,0.006773,0.006783,0.006772,0.006781,7746,147.748993,147.764999,147.541,147.582993,0,-0.109038,-0.113613,-0.101245
2025.09.08 16:00,0.006781,0.006783,0.006772,0.006776,3760,147.582993,147.776993,147.548004,147.686996,0,-0.121031,-0.109746,-0.107301
2025.09.08 17:00,0.006776,0.006777,0.006773,0.006775,5092,147.679993,147.766006,147.667007,147.729004,0,-0.120948,-0.098204,-0.116634
2025.09.08 18:00,0.006775,0.006787,0.006774,0.006787,10012,147.725006,147.731003,147.442001,147.459,0,-0.107735,-0.112349,-0.107643
2025.09.08 19:00,0.006787,0.006793,0.006786,0.006789,4438,147.455002,147.473999,147.330994,147.410995,0,-0.111782,-0.109797,-0.103051
2025.09.08 20:00,0.006789,0.006791,0.006783,0.006785,2669,147.410995,147.539001,147.373993,147.447998,0,-0.111614,-0.12027,-0.053203
2025.09.08 22:00,0.006785,0.006789,0.006783,0.006789,0,147.492996,147.511002,147.378006,147.404007,0,-0.072743,-0.080903,-0.106904
2025.09.08 23:00,0.006789,0.006797,0.006788,0.00679,4294,147.404999,147.419006,147.205994,147.367996,0,-0.100208,-0.093084,-0.092592
2025.09.09 00:00,0.006789,0.0068,0.006787,0.006791,7014,147.367996,147.432007,147.145996,147.339005,0,-0.091508,-0.087175,-0.085282
2025.09.09 01:00,0.006791,0.006798,0.006789,0.006797,3492,147.343002,147.399002,147.194,147.238007,0,-0.091057,-0.091913,-0.103456
2025.09.09 02:00,0.006797,0.006797,0.006791,0.006792,3087,147.231003,147.341003,147.205994,147.328003,0,-0.098124,-0.093084,-0.095966
2025.09.09 03:00,0.006791,0.006793,0.006789,0.00679,0,147.328003,147.401993,147.315994,147.356995,0,-0.094048,-0.094798,-0.08159
2025.09.09 04:00,0.006793,0.006803,0.006793,0.006801,3513,147.356995,147.376007,147.089005,147.123001,0,-0.15481,-0.095029,-0.09661
2025.09.09 05:00,0.006801,0.006814,0.006801,0.006814,13505,147.126999,147.132004,146.839996,146.854004,0,-0.0948,-0.094084,-0.097331
2025.09.09 06:00,0.006814,0.006816,0.006801,0.006805,9117,146.845993,147.134003,146.811996,147.046005,0,-0.096799,-0.098386,-0.095231
2025.09.09 07:00,0.006805,0.006808,0.006793,0.006797,10510,147.046005,147.315002,146.990997,147.201004,0,-0.093806,-0.094193,-0.088094
2025.09.09 08:00,0.006797,0.006828,0.006793,0.006825,51674,147.201004,147.332993,146.552994,146.621994,0,-0.122625,-0.09722,-0.101849
2025.09.09 09:00,0.006825,0.00684,0.006825,0.006837,18112,146.619995,146.621002,146.304001,146.343994,0,-0.100857,-0.105169,-0.091705
2025.09.09 10:00,0.006838,0.006839,0.00683,0.006832,5723,146.343002,146.520004,146.322998,146.464996,0,-0.096405,-0.0921,-0.105684
2025.09.09 11:00,0.006832,0.006832,0.006818,0.00682,11907,146.464996,146.764999,146.455994,146.729004,0,-0.094426,-0.096681,-0.101433
2025.09.09 12:00,0.00682,0.00682,0.006807,0.006811,16739,146.725006,147.007004,146.720993,146.917999,0,-0.099407,-0.093422,-0.09668
2025.09.09 13:00,0.00681,0.006818,0.006808,0.006814,10837,146.917999,146.966003,146.770996,146.863998,0,-0.09077,-0.089664,-0.096553
2025.09.09 14:00,0.006814,0.00683,0.006801,0.006803,27614,146.869995,147.132996,146.514008,147.095001,0,-0.095792,-0.090408,-0.090228
2025.09.09 15:00,0.006803,0.006803,0.006791,0.006797,11175,147.093994,147.348999,147.089996,147.231003,0,-0.084441,-0.096021,-0.096452
2025.09.09 16:00,0.006796,0.006799,0.006792,0.006795,4465,147.231003,147.335999,147.173996,147.268005,0,-0.103961,-0.09354,-0.100967
2025.09.09 17:00,0.006795,0.006796,0.00679,0.006791,4102,147.266006,147.360992,147.231003,147.347,0,-0.085588,-0.085624,-0.082442
2025.09.09 18:00,0.006791,0.006793,0.006787,0.006789,5194,147.352997,147.432007,147.309998,147.395004,0,-0.091508,-0.088801,-0.08706
2025.09.09 19:00,0.006789,0.006789,0.006785,0.006787,2579,147.397995,147.462006,147.384003,147.442993,0,-0.088928,-0.0869,-0.102494
2025.09.09 20:00,0.006787,0.006789,0.006785,0.006788,1293,147.445007,147.470001,147.373993,147.395004,0,-0.086071,-0.066048,-0.076206
2025.09.09 22:00,0.006789,0.006791,0.006787,0.00679,0,147.365997,147.414993,147.335999,147.343002,0,-0.074494,-0.071441,-0.067598
2025.09.09 23:00,0.006791,0.006791,0.006785,0.006789,1956,147.348999,147.451004,147.330002,147.389008,0,-0.077926,-0.076279,-0.081063
2025.09.10 00:00,0.006788,0.006789,0.006785,0.006787,4351,147.389008,147.475998,147.363007,147.417999,0,-0.081203,-0.076753,-0.0775
2025.09.10 01:00,0.006787,0.006791,0.006779,0.006788,4503,147.417999,147.570999,147.326996,147.389999,0,-0.067492,-0.073273,-0.071201
2025.09.10 02:00,0.006789,0.006793,0.006787,0.006792,2479,147.389999,147.412003,147.291,147.296005,0,-0.08235,-0.069804,-0.063968
2025.09.10 03:00,0.006793,0.006793,0.006788,0.006789,1863,147.294998,147.399002,147.264008,147.388,0,-0.080204,-0.064477,-0.080056
2025.09.10 04:00,0.006786,0.006791,0.006785,0.006791,3443,147.388,147.459,147.317993,147.326004,0,-0.085922,-0.075114,-0.083125
2025.09.10 05:00,0.006791,0.006794,0.006783,0.006787,3431,147.320999,147.485001,147.274994,147.425995,0,-0.068472,-0.086299,-0.074638
2025.09.10 06:00,0.006787,0.006791,0.006779,0.00678,4309,147.419006,147.585999,147.328003,147.565002,0,-0.071619,-0.07428,-0.072376
2025.09.10 07:00,0.006781,0.006789,0.00678,0.006783,5624,147.567993,147.570007,147.388,147.492996,0,-0.077381,-0.080056,-0.076468
2025.09.10 08:00,0.006783,0.006787,0.006781,0.006783,6547,147.492996,147.557007,147.389999,147.516998,0,-0.075259,-0.060347,-0.07874
2025.09.10 09:00,0.006782,0.006789,0.006781,0.006787,4585,147.511993,147.541,147.391006,147.417999,0,-0.080995,-0.083062,-0.0775
2025.09.10 10:00,0.006787,0.006787,0.006784,0.006785,2316,147.423004,147.483002,147.389999,147.470993,0,-0.077341,-0.060347,-0.076198
2025.09.10 11:00,0.006784,0.006785,0.006781,0.006783,4159,147.475006,147.544006,147.440994,147.507996,0,-0.084001,-0.067916,-0.080608
2025.09.10 12:00,0.006783,0.006802,0.006774,0.006782,19801,147.507996,147.647003,147.084,147.526993,0,-0.023735,-0.068418,-0.077862
2025.09.10 13:00,0.006782,0.006794,0.006779,0.006791,24132,147.526993,147.604004,147.268997,147.335999,0,-0.089625,-0.080302,-0.071441
2025.09.10 14:00,0.006791,0.006794,0.006787,0.006787,10066,147.339996,147.427002,147.257996,147.401001,0,-0.075645,-0.069301,-0.071348
2025.09.10 15:00,0.006787,0.006792,0.006786,0.006789,6049,147.401993,147.440002,147.307999,147.362,0,-0.077786,-0.075962,-0.075746
2025.09.10 16:00,0.006789,0.006793,0.006787,0.006789,4846,147.360992,147.412003,147.274994,147.371002,0,-0.08235,-0.064626,-0.073899
2025.09.10 17:00,0.006789,0.006795,0.006788,0.006791,3676,147.371002,147.391006,147.242004,147.328003,0,-0.072209,-0.074966,-0.085124
2025.09.10 18:00,0.006791,0.006795,0.006791,0.006791,6856,147.328003,147.352997,147.242004,147.320007,0,-0.088439,-0.074966,-0.077128
2025.09.10 19:00,0.006791,0.006792,0.006785,0.006787,25097,147.320007,147.466995,147.309006,147.412994,0,-0.0722,-0.076969,-0.083342
2025.09.10 20:00,0.006787,0.006789,0.006785,0.006785,3605,147.406998,147.462997,147.373993,147.449005,0,-0.068202,-0.07689,-0.05421
2025.09.10 22:00,0.006785,0.006787,0.006783,0.006787,0,147.369003,147.421997,147.332993,147.343994,0,-0.005468,-0.00334,-0.003495
2025.09.10 23:00,0.006788,0.006791,0.006786,0.006787,1741,147.337006,147.376999,147.276993,147.347,0,-0.014782,-0.012435,-0.017347
2025.09.11 00:00,0.006787,0.006787,0.006782,0.006783,3785,147.348999,147.466995,147.341003,147.455002,0,-0.017864,-0.011351,-0.016743
2025.09.11 01:00,0.006782,0.006789,0.006781,0.006785,2958,147.453995,147.475998,147.315002,147.384995,0,-0.015993,-0.017899,-0.001064
2025.09.11 02:00,0.006785,0.006786,0.006781,0.006782,2205,147.386993,147.479004,147.369995,147.460999,0,-0.018999,-0.007778,-0.011867
2025.09.11 03:00,0.006781,0.006783,0.006781,0.006783,1637,147.457001,147.475998,147.427002,147.440002,0,-0.015993,-0.010473,-0.001744
2025.09.11 04:00,0.006783,0.006784,0.006783,0.006783,1252,147.440002,147.455002,147.408997,147.432007,0,-0.016743,-0.003336,-0.015478
2025.09.11 05:00,0.006783,0.006784,0.006776,0.006777,2458,147.429001,147.585999,147.421005,147.578003,0,-0.006303,-0.015344,-0.0092
2025.09.11 06:00,0.006777,0.006777,0.006767,0.00677,8913,147.578003,147.789993,147.554001,147.718994,0,-0.014023,-0.006966,-0.008504
2025.09.11 07:00,0.00677,0.006773,0.006765,0.006768,9487,147.718994,147.832001,147.649002,147.772995,0,-0.012342,-0.003943,-0.007946
2025.09.11 08:00,0.006768,0.006768,0.006764,0.006764,11221,147.772995,147.863007,147.761993,147.845993,0,-0.021489,-0.007853,-0.004475
2025.09.11 09:00,0.006764,0.006764,0.006758,0.00676,4913,147.843002,147.990005,147.834,147.955994,0,-0.017227,-0.003412,-0.01606
2025.09.11 10:00,0.00676,0.006762,0.006758,0.006759,3147,147.955994,147.988007,147.891006,147.968994,0,-0.015229,-0.005761,-0.018114
2025.09.11 11:00,0.006759,0.006762,0.006758,0.006759,4385,147.964996,147.987,147.897003,147.962997,0,-0.014221,-0.011758,-0.012117
2025.09.11 12:00,0.006759,0.006787,0.006748,0.006779,33765,147.962997,148.179993,147.354996,147.524994,0,0.012061,-0.014497,-0.010615
2025.09.11 13:00,0.006779,0.006788,0.006775,0.006787,13765,147.522995,147.619995,147.322998,147.354004,0,-0.018522,-0.0042,-0.013505
2025.09.11 14:00,0.006787,0.006804,0.006786,0.006795,23806,147.354004,147.376999,146.988007,147.182999,0,-0.014782,-0.01564,-0.005138
2025.09.11 15:00,0.006795,0.006801,0.006789,0.006795,13958,147.186005,147.307999,147.048004,147.167007,0,-0.021746,2e-06,-0.0108
2025.09.11 16:00,0.006796,0.006804,0.006796,0.006801,4283,147.162003,147.169006,146.979996,147.054001,0,-0.023628,-0.007629,-0.005994
2025.09.11 17:00,0.006801,0.006801,0.006789,0.00679,4940,147.052002,147.304001,147.044998,147.285995,0,-0.017748,-0.007795,-0.010591
2025.09.11 18:00,0.00679,0.006797,0.006789,0.006795,7626,147.285995,147.306,147.139999,147.169998,0,-0.008897,-0.005449,-0.013791
2025.09.11 19:00,0.006795,0.006799,0.006795,0.006796,18548,147.173004,147.192001,147.082001,147.162003,0,-0.01414,-0.012363,-0.016624
2025.09.11 20:00,0.006796,0.006797,0.006792,0.006793,0,147.158997,147.242996,147.110001,147.192993,0,-0.010959,0.00291,0.017375
2025.09.11 22:00,0.006793,0.006796,0.006792,0.006794,1673,147.171997,147.229004,147.110001,147.197006,0,0.003033,0.035378,-0.008311
2025.09.11 23:00,0.006794,0.006795,0.006791,0.006792,1299,147.179993,147.237,147.143997,147.223007,0,0.00588,0.01221,0.00903
2025.09.12 00:00,0.006793,0.006795,0.006787,0.006793,738,147.223007,147.337997,147.158997,147.225006,0,-0.008345,0.018864,-0.003809
2025.09.12 01:00,0.006793,0.006793,0.006783,0.006783,1218,147.225006,147.447006,147.207001,147.410995,0,-0.008748,0.014196,0.027263
2025.09.12 02:00,0.006783,0.006784,0.00678,0.006783,278,147.412994,147.477997,147.393005,147.417007,0,0.01463,0.012656,-0.000479
2025.09.12 03:00,0.006781,0.006783,0.00678,0.006782,916,147.417007,147.479004,147.417007,147.440994,0,0.013623,0.01038,0.008137
2025.09.12 04:00,0.006781,0.006781,0.006777,0.006779,616,147.440994,147.544998,147.440994,147.501007,0,0.012915,0.029876,0.013372
2025.09.12 05:00,0.006779,0.006787,0.006777,0.006787,610,147.501999,147.554001,147.324997,147.347,0,-0.006966,0.015502,-0.006501
2025.09.12 06:00,0.006787,0.006787,0.00678,0.006783,530,147.341003,147.505997,147.317993,147.397995,0,-0.01337,0.022506,0.018534
2025.09.12 07:00,0.006783,0.006791,0.006781,0.006782,5201,147.404007,147.483002,147.235992,147.453995,0,-0.001254,0.01773,-0.004864
2025.09.12 08:00,0.006781,0.006835,0.00676,0.006824,38755,147.449997,147.925995,147.447006,147.889999,0,0.003004,-1.130524,-1.348377
2025.09.12 09:00,0.006824,0.006826,0.006757,0.006823,5620,147.895996,147.981995,147.850006,147.921997,0,0.012678,-1.351321,-1.358902
2025.09.12 10:00,0.006823,0.006832,0.006761,0.006831,3136,147.921005,147.938004,147.735992,147.746002,0,-0.03089,-1.355261,-1.354553
2025.09.12 11:00,0.00683,0.006834,0.006763,0.006827,7531,147.748001,147.854996,147.679001,147.834,0,0.008378,-1.351811,-1.356778
2025.09.12 12:00,0.006828,0.006828,0.006753,0.006826,10237,147.835007,148.072006,147.802002,147.843994,0,0.010328,-1.356955,-1.356042
2025.09.12 13:00,0.006826,0.006834,0.006762,0.006832,6856,147.845001,147.886993,147.690002,147.718002,0,0.00918,-1.352113,-1.347976
2025.09.12 14:00,0.006832,0.006839,0.006768,0.006835,13983,147.720001,147.761002,147.584,147.666,0,-0.006861,-1.363795,-1.360224
2025.09.12 15:00,0.006835,0.006836,0.006762,0.006826,4538,147.667007,147.863998,147.645996,147.852005,0,0.01031,-1.361617,-1.364052
2025.09.12 16:00,0.006826,0.006837,0.006762,0.006835,6560,147.852005,147.875,147.625,147.679001,0,-0.000691,-1.351322,-1.362518
2025.09.12 17:00,0.006835,0.006843,0.006773,0.00684,3885,147.679001,147.684006,147.507996,147.556,0,-0.038947,-1.362582,-1.357168
2025.09.12 18:00,0.00684,0.006845,0.006777,0.006844,3588,147.554001,147.561005,147.466003,147.481995,0,-0.003091,-1.363295,-1.36861
2025.09.12 19:00,0.006843,0.006845,0.006775,0.006839,5451,147.481995,147.608994,147.457993,147.585007,0,-0.00752,-1.365959,-1.364802
2025.09.12 20:00,0.006839,0.00684,0.006769,0.006836,3557,147.576004,147.722,147.572006,147.645004,0,0.010307,-1.373174,-1.360625
2025.09.14 23:00,0.006834,0.006837,0.00677,0.006772,0,147.703995,147.725998,147.621994,147.669998,0,-0.015507,-1.359016,0.007764
2025.09.15 00:00,0.006835,0.006841,0.006772,0.006841,3403,147.669998,147.688995,147.539993,147.546005,0,-0.011233,-1.35185,-1.357862
2025.09.15 01:00,0.006841,0.006841,0.006776,0.006839,1417,147.542999,147.585999,147.533997,147.570007,0,-0.006303,-1.367217,-1.360485
2025.09.15 02:00,0.006839,0.006843,0.006838,0.006843,1368,147.570007,147.610001,147.501007,147.511002,0,-1.368408,-1.366275,-1.365588
2025.09.15 03:00,0.006843,0.006847,0.006779,0.006847,1754,147.511993,147.516998,147.397995,147.423004,0,0.008264,-1.359292,-1.362976
2025.09.15 04:00,0.006847,0.006851,0.006783,0.006848,2163,147.423004,147.453003,147.334,147.397995,0,-0.014744,-1.369902,-1.369957
2025.09.15 05:00,0.006848,0.006848,0.006779,0.006843,835,147.397995,147.520004,147.386002,147.509003,0,-0.016497,-1.357964,-1.37427
2025.09.15 06:00,0.006843,0.006843,0.006775,0.006842,2442,147.505997,147.606995,147.492004,147.524994,0,0.005375,-1.367942,-1.368898
2025.09.15 07:00,0.006842,0.006849,0.006775,0.006845,3685,147.524994,147.593994,147.367996,147.462997,0,-0.003406,-1.361285,-1.360289
2025.09.15 08:00,0.006845,0.006849,0.006782,0.006847,1603,147.464996,147.483002,147.369995,147.406998,0,-0.033871,-1.363284,-1.368295
2025.09.15 09:00,0.006847,0.006852,0.006783,0.006785,0,147.406998,147.429001,147.304993,147.365997,0,-0.001613,-1.362203,0.007081
2025.09.15 10:00,0.006849,0.006855,0.006786,0.006848,22201,147.362,147.406006,147.238007,147.389999,0,-0.043789,-1.369724,-1.361962
2025.09.15 11:00,0.006849,0.006851,0.006781,0.006847,3764,147.388,147.477997,147.317001,147.410004,0,-0.017992,-1.363558,-1.360644
2025.09.15 12:00,0.006847,0.006855,0.006785,0.006855,4583,147.412003,147.417007,147.242996,147.266006,0,-0.04393,-1.364072,-1.376448
2025.09.15 13:00,0.006854,0.006856,0.006787,0.006849,5590,147.264999,147.352997,147.225998,147.347,0,-0.00164,-1.368356,-1.35094
2025.09.15 14:00,0.00685,0.00685,0.006781,0.006847,5800,147.345993,147.470001,147.343002,147.414001,0,-0.009996,-1.357601,-1.364641
2025.09.15 15:00,0.006847,0.006854,0.006847,0.006854,2971,147.417007,147.434998,147.264008,147.268005,0,-1.374969,-1.363804,-1.367802
2025.09.15 16:00,0.006854,0.006855,0.006847,0.006851,3577,147.268005,147.416,147.238007,147.328995,0,-1.36664,-1.359082,-1.364897
2025.09.15 17:00,0.006851,0.006855,0.006849,0.006855,2141,147.328995,147.371002,147.238007,147.248001,0,-1.364291,-1.359082,-1.369077
2025.09.15 18:00,0.006855,0.006855,0.006851,0.006851,3828,147.248001,147.326996,147.235992,147.326004,0,-1.362898,-1.357068,-1.361907
2025.09.15 19:00,0.006851,0.006852,0.006847,0.006849,1684,147.319,147.412994,147.304993,147.382996,0,-1.374291,-1.362203,-1.365622
2025.09.15 20:00,0.006848,0.006849,0.006846,0.006846,936,147.382996,147.429993,147.358002,147.378006,0,-1.359294,-1.361941,-1.307307
2025.09.15 22:00,0.006849,0.006849,0.006847,0.006847,0,147.315994,147.401001,147.315994,147.393005,0,-1.351641,-1.319934,-1.343645
2025.09.15 23:00,0.006847,0.006851,0.006846,0.006847,2547,147.386993,147.425995,147.330002,147.395004,0,-1.355296,-1.355258,-1.345644
2025.09.16 00:00,0.006847,0.006849,0.006842,0.006845,4125,147.399002,147.501999,147.343994,147.436996,0,-1.345903,-1.347934,-1.344963
2025.09.16 01:00,0.006845,0.006853,0.00684,0.006849,5285,147.440002,147.537994,147.257996,147.347,0,-1.339162,-1.347145,-1.35094
2025.09.16 02:00,0.006849,0.00686,0.006849,0.006859,3615,147.347,147.352997,147.112,147.145996,0,-1.356936,-1.339406,-1.362775
2025.09.16 03:00,0.006857,0.006866,0.006857,0.006861,0,147.145996,147.197998,147.014008,147.098007,0,-1.361623,-1.358192,-1.336041
2025.09.16 04:00,0.006862,0.006868,0.006861,0.006866,3280,147.095993,147.128006,146.966995,147.009003,0,-1.387278,-1.353599,-1.353188
2025.09.16 05:00,0.006866,0.00687,0.006863,0.006866,2548,147.009003,147.070999,146.910004,146.990005,0,-1.362123,-1.339002,-1.3448
2025.09.16 06:00,0.006866,0.006876,0.006865,0.00687,7308,146.985992,147.026001,146.774002,146.897995,0,-1.359575,-1.340615,-1.348177
2025.09.16 07:00,0.006871,0.00688,0.00687,0.006871,6344,146.895004,146.899002,146.686005,146.888,0,-1.349184,-1.347727,-1.348776
2025.09.16 08:00,0.00687,0.006872,0.006861,0.006866,5991,146.889008,147.093002,146.871994,146.994003,0,-1.352275,-1.343362,-1.348798
2025.09.16 09:00,0.006866,0.006872,0.006866,0.006868,3711,146.992996,147.005005,146.860001,146.957001,0,-1.34919,-1.34196,-1.343605
2025.09.16 10:00,0.006868,0.006868,0.006861,0.006863,2095,146.957001,147.089996,146.940994,147.054001,0,-1.349269,-1.338202,-1.345124
2025.09.16 11:00,0.006863,0.006872,0.006861,0.006868,3715,147.050003,147.113998,146.869003,146.949997,0,-1.352032,-1.340372,-1.336601
2025.09.16 12:00,0.006868,0.00687,0.006853,0.006861,12310,146.947006,147.255997,146.901993,147.098007,0,-1.345146,-1.341589,-1.336041
2025.09.16 13:00,0.006861,0.006878,0.006859,0.006878,10508,147.100006,147.136993,146.729996,146.753998,0,-1.343143,-1.338898,-1.352328
2025.09.16 14:00,0.006877,0.006888,0.006875,0.006888,13948,146.753998,146.804001,146.511002,146.520996,0,-1.349455,-1.330975,-1.340969
2025.09.16 15:00,0.006888,0.006889,0.00688,0.006886,7837,146.520996,146.682007,146.494003,146.552994,0,-1.34373,-1.335056,-1.3308
2025.09.16 16:00,0.006886,0.006896,0.006886,0.006896,5488,146.552994,146.563004,146.345993,146.350006,0,-1.34081,-1.33439,-1.338403
2025.09.16 17:00,0.006896,0.006899,0.006894,0.006895,6148,146.356003,146.399994,146.274002,146.371002,0,-1.346321,-1.335959,-1.338372
2025.09.16 18:00,0.006895,0.006897,0.006894,0.006897,4468,146.373993,146.397003,146.320007,146.337997,0,-1.332817,-1.339938,-1.33691
2025.09.16 19:00,0.006896,0.006897,0.006889,0.00689,5508,146.343994,146.498993,146.339005,146.483994,0,-1.340045,-1.337917,-1.335583
2025.09.16 20:00,0.006889,0.006892,0.006889,0.00689,1365,146.485992,146.505997,146.429001,146.477005,0,-1.347049,-1.322715,-1.349655
2025.09.16 22:00,0.006892,0.006892,0.006888,0.006888,0,146.438004,146.514008,146.397003,146.509995,0,-1.323449,-1.290717,-1.340508
2025.09.16 23:00,0.006889,0.006897,0.006888,0.006892,4201,146.483994,146.494995,146.306,146.410995,0,-1.325509,-1.315427,-1.325757
2025.09.17 00:00,0.006892,0.006902,0.006885,0.006886,8872,146.408005,146.569,146.207001,146.531006,0,-1.325719,-1.321459,-1.319358
2025.09.17 01:00,0.006886,0.006892,0.006883,0.006888,3756,146.529999,146.604004,146.425995,146.494995,0,-1.318518,-1.319709,-1.325509
2025.09.17 02:00,0.006888,0.006888,0.006884,0.006887,2049,146.492996,146.589996,146.488998,146.535995,0,-1.325611,-1.319512,-1.334893
2025.09.17 03:00,0.006887,0.00689,0.006886,0.006886,1419,146.533997,146.563004,146.470993,146.529999,0,-1.330271,-1.322583,-1.318351
2025.09.17 04:00,0.006886,0.006891,0.006886,0.00689,1025,146.528,146.544006,146.429993,146.453003,0,-1.332359,-1.313175,-1.325653
2025.09.17 05:00,0.00689,0.006894,0.006886,0.006888,2243,146.451004,146.554001,146.363007,146.511993,0,-1.321269,-1.309334,-1.321434
2025.09.17 06:00,0.006888,0.00689,0.006886,0.006888,3452,146.509995,146.544006,146.457993,146.494003,0,-1.332359,-1.320108,-1.324517
2025.09.17 07:00,0.006888,0.006889,0.00688,0.00688,4547,146.494995,146.679993,146.473999,146.662994,0,-1.320594,-1.315051,-1.324717
2025.09.17 08:00,0.00688,0.006894,0.00688,0.00689,4007,146.662003,146.682007,146.367996,146.451004,0,-1.322608,-1.314324,-1.323654
2025.09.17 09:00,0.00689,0.006899,0.00689,0.006897,3890,146.445999,146.453995,146.272003,146.313995,0,-1.31611,-1.312955,-1.323422
2025.09.17 10:00,0.006897,0.006902,0.006894,0.006899,4932,146.317001,146.389008,146.199997,146.268005,0,-1.324821,-1.314455,-1.329962
2025.09.17 11:00,0.006899,0.006901,0.006895,0.006895,3912,146.270996,146.341995,146.216003,146.332993,0,-1.319875,-1.309472,-1.310872
2025.09.17 12:00,0.006896,0.006897,0.006889,0.006894,6581,146.332993,146.477997,146.315002,146.376999,0,-1.319049,-1.313915,-1.312813
2025.09.17 13:00,0.006894,0.0069,0.006893,0.006896,6854,146.373993,146.401001,146.242004,146.337006,0,-1.32629,-1.314466,-1.325402
2025.09.17 14:00,0.006896,0.006902,0.006894,0.006895,8204,146.337006,146.391998,146.205002,146.337006,0,-1.327812,-1.31946,-1.314885
2025.09.17 15:00,0.006895,0.006897,0.006894,0.006895,5453,146.337997,146.384995,146.298996,146.360001,0,-1.320808,-1.318926,-1.327371
2025.09.17 16:00,0.006894,0.0069,0.006894,0.006898,3573,146.356995,146.376007,146.25,146.285995,0,-1.332857,-1.322462,-1.316437
2025.09.17 17:00,0.006898,0.006899,0.006894,0.006899,3700,146.281998,146.367996,146.238007,146.251007,0,-1.324846,-1.299963,-1.291959
2025.09.17 18:00,0.0069,0.006936,0.006871,0.006878,83185,146.248993,146.856995,145.475998,146.710999,0,-1.31777,-1.31107,-1.319901
2025.09.17 19:00,0.006878,0.006891,0.006872,0.006875,15130,146.716003,146.847,146.434998,146.779007,0,-1.318368,-1.31818,-1.324461
2025.09.17 20:00,0.006876,0.006876,0.006862,0.006865,5419,146.778,147.048004,146.746994,146.938995,0,-1.317898,-1.313607,-1.272569
2025.09.17 22:00,0.006866,0.006872,0.006863,0.00687,0,146.919006,146.983002,146.787994,146.837997,0,-1.263516,-1.269954,-1.277593
2025.09.17 23:00,0.00687,0.006873,0.006866,0.006868,3706,146.832993,146.908997,146.761993,146.876007,0,-1.274389,-1.26512,-1.262611
2025.09.18 00:00,0.006868,0.00687,0.006861,0.006866,8129,146.876007,147.028,146.848007,146.912003,0,-1.276649,-1.277006,-1.277395
2025.09.18 01:00,0.006867,0.00687,0.006855,0.006861,5600,146.908997,147.147003,146.841003,147.020004,0,-1.278721,-1.280599,-1.268653
2025.09.18 02:00,0.006861,0.006867,0.006859,0.006866,2414,147.018997,147.069,146.891006,146.899994,0,-1.275149,-1.267006,-1.265386
2025.09.18 03:00,0.006866,0.00687,0.006861,0.006861,1161,146.901001,147.052002,146.848007,147.046005,0,-1.290036,-1.277006,-1.284039
2025.09.18 04:00,0.00686,0.006861,0.006851,0.006853,3260,147.046005,147.220001,147.035004,147.201996,0,-1.266558,-1.273037,-1.269857
2025.09.18 05:00,0.006853,0.006854,0.006843,0.006846,4418,147.201996,147.404999,147.167999,147.350998,0,-1.280936,-1.267796,-1.280299
2025.09.18 06:00,0.006846,0.006847,0.006837,0.006843,10761,147.348007,147.531998,147.326996,147.406006,0,-1.279708,-1.266967,-1.271274
2025.09.18 07:00,0.006843,0.006861,0.006842,0.006857,10301,147.404007,147.425995,147.022003,147.117004,0,-1.269899,-1.281275,-1.280629
2025.09.18 08:00,0.006857,0.006858,0.00684,0.006842,7765,147.110992,147.488007,147.095993,147.429993,0,-1.289175,-1.280888,-1.273897
2025.09.18 09:00,0.006842,0.006855,0.006841,0.00685,8564,147.429993,147.453995,147.154999,147.270996,0,-1.276539,-1.276074,-1.285595
2025.09.18 10:00,0.006851,0.006851,0.006846,0.006851,2945,147.272003,147.371002,147.220001,147.255997,0,-1.300303,-1.266558,-1.281253
2025.09.18 11:00,0.006851,0.006852,0.006843,0.006845,5587,147.255997,147.423996,147.209,147.378006,0,-1.278583,-1.26621,-1.275297
2025.09.18 12:00,0.006845,0.006845,0.006825,0.006826,17264,147.376999,147.800995,147.358002,147.783997,0,-1.280849,-1.265968,-1.285311
2025.09.18 13:00,0.006826,0.006826,0.006804,0.006814,30807,147.787003,148.266998,147.785004,148.057999,0,-1.283828,-1.286318,-1.290553
2025.09.18 14:00,0.006813,0.006821,0.00681,0.006816,14505,148.052994,148.126999,147.897003,148.011993,0,-1.284124,-1.290934,-1.287617
2025.09.18 15:00,0.006816,0.00682,0.006812,0.006815,10945,148.007004,148.080002,147.897995,148.018997,0,-1.280241,-1.281176,-1.283854
2025.09.18 16:00,0.006814,0.006823,0.006814,0.006822,4387,148.018005,148.042007,147.850998,147.860992,0,-1.285334,-1.287903,-1.276409
2025.09.18 17:00,0.006822,0.006825,0.006821,0.006822,5846,147.860001,147.893005,147.800003,147.869003,0,-1.286936,-1.279858,-1.273683
2025.09.18 18:00,0.006822,0.006824,0.006819,0.006821,4871,147.869995,147.929001,147.819,147.878998,0,-1.279932,-1.277378,-1.272929
2025.09.18 19:00,0.006821,0.006823,0.006818,0.006818,4804,147.875,147.960007,147.839005,147.940994,0,-1.289434,-1.27591,-1.270421
2025.09.18 20:00,0.006818,0.006819,0.006815,0.006816,1659,147.940994,148.016998,147.938004,147.975998,0,-1.281855,-1.288935,-1.273142
2025.09.18 22:00,0.006815,0.006818,0.006814,0.006817,0,147.957001,147.979996,147.897003,147.932007,0,-1.234083,-1.237178,-1.239913
2025.09.18 23:00,0.006816,0.006818,0.006814,0.006816,1615,147.932007,148.007004,147.929993,147.957001,0,-1.250331,-1.24866,-1.24339
2025.09.19 00:00,0.006816,0.00682,0.00681,0.006814,4565,147.959,148.113007,147.889008,148.007004,0,-1.259347,-1.250694,-1.261091
2025.09.19 01:00,0.006814,0.006818,0.00681,0.006812,4463,148.001999,148.093994,147.927994,148.059006,0,-1.25112,-1.246661,-1.248466
2025.09.19 02:00,0.006812,0.006817,0.00681,0.006815,2448,148.054993,148.104004,147.942993,147.990997,0,-1.261129,-1.2509,-1.255854
2025.09.19 03:00,0.006816,0.006843,0.006815,0.006832,13322,147.977997,147.992004,147.363998,147.623001,0,-1.256861,-1.239936,-1.263689
2025.09.19 04:00,0.006845,0.006851,0.006835,0.006837,13888,147.619003,147.626007,147.192001,147.516998,0,-1.320231,-1.238558,-1.243321
2025.09.19 05:00,0.006836,0.006841,0.006834,0.006837,3922,147.516998,147.582001,147.410995,147.507996,0,-1.244111,-1.244215,-1.234318
2025.09.19 06:00,0.006837,0.006839,0.006815,0.006821,16198,147.505997,147.988007,147.462006,147.845993,0,-1.252863,-1.231108,-1.239924
2025.09.19 07:00,0.006821,0.00683,0.006816,0.006818,8029,147.845993,147.955994,147.656998,147.925995,0,-1.253137,-1.233398,-1.244662
2025.09.19 08:00,0.006818,0.006823,0.006812,0.006821,4152,147.929001,148.033005,147.806,147.854004,0,-1.24401,-1.242905,-1.247935
2025.09.19 09:00,0.006821,0.006826,0.006816,0.006816,3502,147.848999,147.983994,147.748001,147.953003,0,-1.259617,-1.238591,-1.250147
2025.09.19 10:00,0.006816,0.00682,0.006816,0.006817,1704,147.951996,147.975998,147.850006,147.940002,0,-1.251622,-1.233187,-1.247909
2025.09.19 11:00,0.006817,0.006818,0.006804,0.006807,5450,147.936996,148.197006,147.927002,148.164001,0,-1.235432,-1.245669,-1.256404
2025.09.19 12:00,0.006807,0.006814,0.006801,0.006807,7829,148.160995,148.283005,148.011002,148.154007,0,-1.256613,-1.243556,-1.24641
2025.09.19 13:00,0.006807,0.006824,0.006807,0.006822,9498,148.151993,148.158997,147.800003,147.830002,0,-1.2514,-1.247651,-1.234681
2025.09.19 14:00,0.006822,0.006824,0.006818,0.00682,8524,147.830002,147.923004,147.785004,147.882004,0,-1.252431,-1.243382,-1.24369
2025.09.19 15:00,0.006819,0.006822,0.006816,0.006822,6735,147.882004,147.951004,147.822006,147.830994,0,-1.248148,-1.237422,-1.235673
2025.09.19 16:00,0.006822,0.006824,0.006818,0.006821,2799,147.830002,147.925995,147.789993,147.843994,0,-1.244662,-1.237641,-1.237925
2025.09.19 17:00,0.006821,0.006822,0.006816,0.006816,3542,147.843994,147.951996,147.839005,147.938004,0,-1.238385,-1.243684,-1.235147
2025.09.19 18:00,0.006817,0.006818,0.006815,0.006816,3121,147.938004,147.975006,147.912994,147.957993,0,-1.239862,-1.242421,-1.233616
2025.09.19 19:00,0.006816,0.006818,0.006814,0.006816,2314,147.962997,147.994995,147.914993,147.938995,0,-1.249082,-1.24442,-1.236139
2025.09.19 20:00,0.006816,0.006817,0.006814,0.006816,1724,147.934006,147.992996,147.891998,147.912003,0,-1.236323,-1.199905,-1.187626
2025.09.22 04:00,0.006798,0.006801,0.006797,0.0068,0,148.330994,148.369003,148.268005,148.283005,0,-1.234453,-1.219999,-1.224183
2025.09.22 05:00,0.0068,0.006804,0.006799,0.006801,2003,148.281006,148.304993,148.218002,148.25,0,-1.235355,-1.234832,-1.223608
2025.09.22 06:00,0.006801,0.006814,0.006801,0.00681,5241,148.248993,148.259995,147.990997,148.072006,0,-1.222791,-1.223552,-1.229132
2025.09.22 07:00,0.00681,0.006818,0.006808,0.006808,6945,148.072998,148.132004,147.884003,148.110001,0,-1.235199,-1.224178,-1.223987
2025.09.22 08:00,0.006808,0.006822,0.006808,0.00682,5877,148.112,148.126999,147.813995,147.843994,0,-1.230195,-1.229412,-1.216423
2025.09.22 09:00,0.00682,0.006823,0.006816,0.006819,4468,147.852005,147.944,147.792999,147.871002,0,-1.23039,-1.229905,-1.221933
2025.09.22 10:00,0.006818,0.006822,0.006816,0.00682,2146,147.871002,147.931,147.813995,147.852005,0,-1.228144,-1.229412,-1.224434
2025.09.22 11:00,0.00682,0.006826,0.006818,0.00682,3517,147.852997,147.906998,147.737,147.837997,0,-1.236425,-1.22759,-1.221178
2025.09.22 12:00,0.006821,0.006824,0.006816,0.00682,3837,147.837997,147.929993,147.757996,147.835999,0,-1.216382,-1.227113,-1.219179
2025.09.22 13:00,0.006821,0.006826,0.006815,0.006822,8861,147.835007,147.966003,147.723999,147.815994,0,-1.23086,-1.225314,-1.23141
2025.09.22 14:00,0.006822,0.006822,0.006814,0.006819,5765,147.817001,147.983002,147.811005,147.871002,0,-1.226329,-1.226421,-1.221933
2025.09.22 15:00,0.006819,0.006822,0.006818,0.006821,4803,147.876999,147.901993,147.813004,147.830994,0,-1.23142,-1.217683,-1.224925
2025.09.22 16:00,0.006821,0.006826,0.006819,0.006825,3858,147.830994,147.886993,147.727997,147.740997,0,-1.237925,-1.218587,-1.220852
2025.09.22 17:00,0.006826,0.00683,0.006824,0.006828,4452,147.735992,147.779999,147.651001,147.679993,0,-1.227646,-1.227402,-1.224219
2025.09.22 18:00,0.006828,0.006829,0.006824,0.006826,5931,147.682999,147.772995,147.654999,147.723999,0,-1.231373,-1.220676,-1.225314
2025.09.22 19:00,0.006826,0.006828,0.006825,0.006826,2254,147.723999,147.738998,147.684006,147.735992,0,-1.218853,-1.217514,-1.226583
2025.09.22 20:00,0.006826,0.006827,0.006824,0.006826,1658,147.735001,147.779007,147.688004,147.701996,0,-1.237385,-1.210782,-1.203311
2025.09.22 22:00,0.006826,0.006829,0.006826,0.006827,0,147.690994,147.738998,147.649994,147.707993,0,-1.229589,-1.215671,-1.230771
2025.09.22 23:00,0.006828,0.006828,0.006824,0.006826,1806,147.692993,147.766998,147.675995,147.727005,0,-1.225376,-1.230947,-1.22832
2025.09.23 00:00,0.006826,0.00683,0.006824,0.006829,2177,147.727005,147.766006,147.645996,147.664001,0,-1.224385,-1.222397,-1.229679
2025.09.23 01:00,0.006829,0.006832,0.006828,0.006831,2681,147.662994,147.701004,147.595993,147.612,0,-1.234512,-1.225967,-1.220551
2025.09.23 02:00,0.006831,0.006832,0.006822,0.006823,2835,147.619995,147.813995,147.600998,147.787994,0,-1.229412,-1.220266,-1.2249
2025.09.23 03:00,0.006822,0.006825,0.00682,0.006824,0,147.787994,147.865005,147.744003,147.759003,0,-1.226692,-1.223858,-1.217381
2025.09.23 04:00,0.006823,0.006824,0.006822,0.006822,1023,147.753006,147.813004,147.725998,147.796005,0,-1.22842,-1.195115,-1.222167
2025.09.23 05:00,0.006822,0.006826,0.006821,0.006822,824,147.794006,147.839996,147.733002,147.798004,0,-1.233927,-1.223592,-1.224166
2025.09.23 06:00,0.006822,0.00683,0.006821,0.006826,2127,147.794006,147.834,147.632004,147.707993,0,-1.227931,-1.229836,-1.22004
2025.09.23 07:00,0.006826,0.00683,0.006822,0.006826,3922,147.707993,147.822006,147.639999,147.725006,0,-1.226686,-1.227112,-1.226321
2025.09.23 08:00,0.006826,0.006835,0.006824,0.006834,4521,147.723999,147.776001,147.531006,147.563995,0,-1.234379,-1.225229,-1.226106
2025.09.23 09:00,0.006834,0.006836,0.006831,0.006832,3328,147.559006,147.623993,147.503006,147.604004,0,-1.232544,-1.218627,-1.223272
2025.09.23 10:00,0.006832,0.006832,0.006824,0.006826,2475,147.604004,147.768005,147.574005,147.712006,0,-1.226383,-1.214693,-1.224053
2025.09.23 11:00,0.006826,0.006828,0.006822,0.006824,3389,147.710999,147.794998,147.682999,147.764008,0,-1.22116,-1.216507,-1.233125
2025.09.23 12:00,0.006824,0.006824,0.006819,0.006824,3761,147.757004,147.884003,147.751007,147.766006,0,-1.234934,-1.220124,-1.224385
2025.09.23 13:00,0.006824,0.006828,0.006818,0.006828,8452,147.766006,147.886002,147.656006,147.673996,0,-1.226177,-1.210958,-1.228949
2025.09.23 14:00,0.006828,0.006831,0.006822,0.006824,6352,147.671005,147.800995,147.610992,147.761993,0,-1.227156,-1.219544,-1.23111
2025.09.23 15:00,0.006824,0.006825,0.006817,0.006821,5904,147.761993,147.925995,147.744003,147.835007,0,-1.233901,-1.223858,-1.228938
2025.09.23 16:00,0.006821,0.006828,0.006816,0.006824,9104,147.837006,147.927002,147.679993,147.766006,0,-1.224146,-1.213501,-1.224385
2025.09.23 17:00,0.006824,0.006837,0.006824,0.006833,7971,147.766998,147.774002,147.485001,147.572998,0,-1.23238,-1.222023,-1.224398
2025.09.23 18:00,0.006832,0.006838,0.00683,0.006833,6069,147.572998,147.623001,147.455994,147.578003,0,-1.220834,-1.214401,-1.229403
2025.09.23 19:00,0.006833,0.006835,0.00683,0.00683,2823,147.582001,147.632004,147.544006,147.623001,0,-1.229836,-1.227524,-1.220834
2025.09.23 20:00,0.00683,0.006832,0.006828,0.00683,1555,147.623001,147.673004,147.576996,147.604996,0,-1.21723,-1.217683,-1.192108
2025.09.23 22:00,0.006831,0.006834,0.00683,0.00683,0,147.561005,147.628998,147.535004,147.610001,0,-1.21611,-1.197114,-1.207833
2025.09.23 23:00,0.006831,0.006832,0.006828,0.006831,1926,147.612,147.664001,147.567993,147.600006,0,-1.208228,-1.197967,-1.208557
2025.09.24 00:00,0.006832,0.006835,0.006821,0.006822,7276,147.595993,147.828003,147.511002,147.776001,0,-1.221934,-1.205225,-1.202163
2025.09.24 01:00,0.006823,0.006826,0.006821,0.006824,4050,147.770996,147.811996,147.709,147.75,0,-1.205927,-1.210314,-1.208378
2025.09.24 02:00,0.006824,0.006825,0.006822,0.006824,2702,147.753006,147.789001,147.718002,147.764008,0,-1.215163,-1.197857,-1.211655
2025.09.24 03:00,0.006823,0.006824,0.006818,0.006818,3179,147.764008,147.876999,147.753998,147.865005,0,-1.206426,-1.201645,-1.20518
2025.09.24 04:00,0.006818,0.006818,0.006814,0.006817,5551,147.869995,147.960999,147.865005,147.903,0,-1.204325,-1.194432,-1.210906
2025.09.24 05:00,0.006817,0.006821,0.006816,0.006818,3376,147.895004,147.940002,147.804993,147.871002,0,-1.215626,-1.198924,-1.200429
2025.09.24 06:00,0.006818,0.006818,0.006808,0.00681,6544,147.876999,148.106003,147.863998,148.052994,0,-1.21999,-1.204173,-1.210119
2025.09.24 07:00,0.00681,0.006812,0.006808,0.00681,3472,148.052994,148.100006,147.998993,148.039001,0,-1.213993,-1.199232,-1.2069
2025.09.24 08:00,0.00681,0.006812,0.006799,0.006801,6170,148.037994,148.292007,148.011002,148.264008,0,-1.211551,-1.21124,-1.216001
2025.09.24 09:00,0.006801,0.006803,0.006797,0.006799,7137,148.259995,148.343994,148.203003,148.272003,0,-1.209443,-1.19823,-1.202365
2025.09.24 10:00,0.006799,0.006799,0.006793,0.006795,5272,148.278,148.421005,148.272003,148.389999,0,-1.210637,-1.202365,-1.212139
2025.09.24 11:00,0.006795,0.006795,0.006789,0.006789,8419,148.389999,148.518005,148.369003,148.494995,0,-1.220902,-1.201965,-1.208742
2025.09.24 12:00,0.006789,0.006793,0.006779,0.006781,18415,148.494995,148.716003,148.425995,148.667007,0,-1.212496,-1.215627,-1.207002
2025.09.24 13:00,0.006782,0.006784,0.006777,0.00678,15083,148.664993,148.774994,148.610992,148.699997,0,-1.217081,-1.205331,-1.20737
2025.09.24 14:00,0.006781,0.006785,0.006776,0.006781,10791,148.709,148.779999,148.587006,148.705994,0,-1.200304,-1.213928,-1.224246
2025.09.24 15:00,0.006781,0.006781,0.006777,0.00678,10148,148.705994,148.774002,148.690002,148.707001,0,-1.216089,-1.208255,-1.214374
2025.09.24 16:00,0.00678,0.006781,0.006777,0.006777,4102,148.712006,148.792007,148.679993,148.759995,0,-1.223204,-1.219988,-1.21296
2025.09.24 17:00,0.006777,0.006781,0.006777,0.006779,2508,148.759995,148.766998,148.699997,148.733994,0,-1.219963,-1.218249,-1.208731
2025.09.24 18:00,0.006779,0.006779,0.006772,0.006774,7268,148.735992,148.871994,148.731995,148.835007,0,-1.216032,-1.217616,-1.211739
2025.09.24 19:00,0.006775,0.006775,0.006772,0.006773,4657,148.843002,148.888,148.830002,148.854996,0,-1.221134,-1.217632,-1.220828
2025.09.24 20:00,0.006773,0.006773,0.00677,0.006772,2264,148.858994,148.914993,148.848999,148.889999,0,-1.215414,-1.214832,-1.212237
2025.09.24 22:00,0.006772,0.006775,0.006772,0.006774,0,148.753998,148.848999,148.753998,148.794998,0,-1.171237,-1.152525,-1.17173
2025.09.24 23:00,0.006774,0.006777,0.006772,0.006775,3227,148.798996,148.832993,148.720993,148.778,0,-1.177031,-1.173958,-1.16563
2025.09.25 00:00,0.006775,0.006785,0.006774,0.006785,11468,148.778,148.792007,148.557007,148.569,0,-1.16874,-1.173076,-1.174205
2025.09.25 01:00,0.006784,0.006785,0.006771,0.006776,6018,148.569,148.858994,148.554001,148.746994,0,-1.170323,-1.17007,-1.167299
2025.09.25 02:00,0.006776,0.006782,0.006776,0.006776,4854,148.746994,148.757996,148.608994,148.744003,0,-1.178301,-1.159862,-1.164308
2025.09.25 03:00,0.006776,0.00678,0.006775,0.006779,2744,148.748001,148.774002,148.654007,148.667999,0,-1.172529,-1.16138,-1.164492
2025.09.25 04:00,0.006779,0.006783,0.006779,0.006783,4360,148.664001,148.699997,148.595001,148.600006,0,-1.174734,-1.167613,-1.161747
2025.09.25 05:00,0.006783,0.006783,0.006773,0.006773,2452,148.602005,148.813004,148.593002,148.806,0,-1.167945,-1.165615,-1.160941
2025.09.25 06:00,0.006773,0.006777,0.006771,0.006775,4802,148.804993,148.860992,148.723999,148.778,0,-1.172322,-1.155196,-1.16563
2025.09.25 07:00,0.006775,0.006781,0.006772,0.006772,4424,148.781006,148.826996,148.630005,148.822006,0,-1.171034,-1.159134,-1.166045
2025.09.25 08:00,0.006773,0.00678,0.006772,0.006777,3156,148.815002,148.824005,148.658005,148.737,0,-1.168043,-1.165378,-1.168196
2025.09.25 09:00,0.006777,0.006779,0.006773,0.006775,2114,148.737,148.811996,148.679993,148.785995,0,-1.166938,-1.176485,-1.173626
2025.09.25 10:00,0.006774,0.006777,0.006774,0.006774,2075,148.791,148.798996,148.720001,148.798996,0,-1.175728,-1.162088,-1.175728
2025.09.25 11:00,0.006773,0.006774,0.00677,0.006772,4136,148.794998,148.893005,148.789993,148.830002,0,-1.171612,-1.166726,-1.163136
2025.09.25 12:00,0.006772,0.006773,0.006748,0.006754,26685,148.835007,149.354996,148.794006,149.242004,0,-1.173914,-1.159839,-1.170636
2025.09.25 13:00,0.006754,0.006758,0.006743,0.006746,19894,149.237,149.475006,149.132004,149.421997,0,-1.173061,-1.159226,-1.175018
2025.09.25 14:00,0.006745,0.006749,0.006736,0.006736,14351,149.425003,149.636002,149.335007,149.630005,0,-1.179946,-1.164906,-1.173949
2025.09.25 15:00,0.006736,0.006737,0.006727,0.006729,14065,149.628998,149.843002,149.619003,149.783005,0,-1.188332,-1.173969,-1.172508
2025.09.25 16:00,0.006729,0.006733,0.006725,0.006728,14844,149.785004,149.865997,149.703995,149.806,0,-1.178165,-1.170764,-1.17342
2025.09.25 17:00,0.006727,0.00673,0.006723,0.006728,12562,149.813004,149.919998,149.753006,149.804993,0,-1.176882,-1.164596,-1.172413
2025.09.25 18:00,0.006729,0.006731,0.006723,0.006725,7538,149.804993,149.927994,149.720001,149.882996,0,-1.184878,-1.1647,-1.184116
2025.09.25 19:00,0.006725,0.006732,0.006725,0.00673,6590,149.886002,149.897003,149.720993,149.770996,0,-1.187064,-1.176728,-1.182586
2025.09.25 20:00,0.006729,0.006731,0.006728,0.006728,2031,149.766998,149.811005,149.740997,149.783997,0,-1.178425,-1.174658,-1.151416
2025.09.25 22:00,0.006728,0.006731,0.006727,0.006731,0,149.740997,149.804993,149.710007,149.751007,0,-1.161363,-1.154705,-1.173639
2025.09.25 23:00,0.006731,0.006731,0.006719,0.006725,6065,149.729004,149.955994,149.725006,149.867996,0,-1.135393,-1.158667,-1.158057
2025.09.26 00:00,0.006725,0.006735,0.006721,0.006733,10864,149.867996,149.945007,149.632004,149.679001,0,-1.157629,-1.153901,-1.156793
2025.09.26 01:00,0.006733,0.006735,0.006725,0.006727,4978,149.677994,149.848007,149.626999,149.822006,0,-1.160174,-1.15992,-1.156284
2025.09.26 02:00,0.006727,0.006733,0.006726,0.006731,3322,149.824997,149.832001,149.686005,149.716995,0,-1.155224,-1.152774,-1.150656
2025.09.26 03:00,0.006731,0.006733,0.00673,0.006732,1928,149.716995,149.744003,149.666,149.699997,0,-1.155594,-1.154823,-1.155732
2025.09.26 04:00,0.006733,0.006735,0.006731,0.006735,2159,149.699997,149.729996,149.638,149.639008,0,-1.163656,-1.159897,-1.160904
2025.09.26 05:00,0.006735,0.006736,0.006731,0.006731,2778,149.639008,149.720993,149.610992,149.707993,0,-1.154654,-1.154937,-1.152691
2025.09.26 06:00,0.006731,0.006733,0.006728,0.006731,5177,149.710007,149.798004,149.690002,149.716995,0,-1.165424,-1.167794,-1.161694
2025.09.26 07:00,0.006731,0.006732,0.006725,0.006726,7364,149.720001,149.884995,149.718994,149.845993,0,-1.175055,-1.174729,-1.169216
2025.09.26 08:00,0.006725,0.006735,0.006725,0.00673,3485,149.841995,149.848007,149.645004,149.744003,0,-1.160174,-1.166901,-1.155594
2025.09.26 09:00,0.00673,0.006731,0.006728,0.006729,2892,149.744995,149.796005,149.705994,149.781006,0,-1.163425,-1.150692,-1.159473
2025.09.26 10:00,0.006729,0.006729,0.006721,0.006723,2544,149.785004,149.951004,149.774002,149.886002,0,-1.174686,-1.15247,-1.153939
2025.09.26 11:00,0.006723,0.00673,0.006723,0.006729,2750,149.891998,149.897995,149.75,149.781998,0,-1.154879,-1.16159,-1.160465
2025.09.26 12:00,0.006728,0.006737,0.006726,0.006735,13438,149.781998,149.839005,149.580994,149.623001,0,-1.162228,-1.157987,-1.155923
2025.09.26 13:00,0.006736,0.006741,0.006729,0.006731,12066,149.617996,149.783005,149.505005,149.735001,0,-1.161472,-1.159059,-1.179699
2025.09.26 14:00,0.006731,0.006743,0.006731,0.006741,14001,149.740997,149.740997,149.457001,149.498001,0,-1.174658,-1.155056,-1.163061
2025.09.26 15:00,0.006741,0.006745,0.006738,0.006741,7143,149.496994,149.574005,149.419998,149.518997,0,-1.162015,-1.162027,-1.173052
2025.09.26 16:00,0.006741,0.006742,0.006737,0.006739,4045,149.518997,149.595001,149.488007,149.552002,0,-1.160977,-1.16407,-1.173042
2025.09.26 17:00,0.006739,0.006742,0.006739,0.006741,3796,149.546005,149.559998,149.472,149.514999,0,-1.159023,-1.159055,-1.158057
2025.09.26 18:00,0.006741,0.006746,0.006739,0.006744,4775,149.516998,149.552994,149.399994,149.434006,0,-1.163022,-1.153015,-1.165041
2025.09.26 19:00,0.006744,0.006744,0.006739,0.006741,4794,149.440002,149.559006,149.431,149.501999,0,-1.169034,-1.162035,-1.167058
2025.09.26 20:00,0.006741,0.006744,0.006739,0.006744,2054,149.505997,149.548996,149.438995,149.505005,0,-1.159024,-1.159046,-1.225055
2025.09.28 23:00,0.006741,0.006748,0.006741,0.006744,2325,149.464005,149.473999,149.332993,149.410004,0,-1.139059,-1.140939,-1.130054
2025.09.29 00:00,0.006744,0.006758,0.006744,0.006755,7392,149.408005,149.421005,149.106003,149.171997,0,-1.141056,-1.133225,-1.133507
2025.09.29 01:00,0.006755,0.006762,0.00675,0.006759,5226,149.171005,149.279007,149.011993,149.085999,0,-1.141828,-1.137685,-1.135118
2025.09.29 02:00,0.006759,0.006768,0.006758,0.006766,6459,149.089005,149.104996,148.895996,148.938004,0,-1.132218,-1.141856,-1.140187
2025.09.29 03:00,0.006766,0.006769,0.006766,0.006767,3156,148.936996,148.959,148.878998,148.929001,0,-1.150268,-1.146691,-1.153031
2025.09.29 04:00,0.006766,0.006768,0.006764,0.006766,3100,148.931,148.977997,148.882004,148.942993,0,-1.147409,-1.138781,-1.145177
2025.09.29 05:00,0.006766,0.006775,0.006764,0.006773,6945,148.942993,148.979004,148.737,148.776993,0,-1.148416,-1.135526,-1.131934
2025.09.29 06:00,0.006773,0.006777,0.00677,0.006772,6047,148.772995,148.852997,148.705002,148.817001,0,-1.142506,-1.136198,-1.139239
2025.09.29 07:00,0.006772,0.006785,0.006771,0.006783,9565,148.822006,148.837006,148.516998,148.570007,0,-1.148336,-1.14392,-1.131749
2025.09.29 08:00,0.006783,0.006787,0.006781,0.006785,8923,148.572998,148.621002,148.466995,148.522003,0,-1.139254,-1.137343,-1.127208
2025.09.29 09:00,0.006785,0.006787,0.00678,0.006781,4645,148.522995,148.634995,148.466995,148.598007,0,-1.142368,-1.137343,-1.138002
2025.09.29 10:00,0.006781,0.006783,0.006778,0.006778,2854,148.598007,148.684998,148.565994,148.664993,0,-1.14885,-1.138606,-1.128845
2025.09.29 11:00,0.006778,0.006781,0.006772,0.00678,5411,148.662003,148.798996,148.615997,148.628998,0,-1.143034,-1.134249,-1.136371
2025.09.29 12:00,0.00678,0.006783,0.006772,0.006781,7726,148.623993,148.811996,148.570007,148.598007,0,-1.134234,-1.131749,-1.127137
2025.09.29 13:00,0.006781,0.006787,0.006775,0.006782,7028,148.598007,148.738007,148.475006,148.576996,0,-1.125637,-1.123649,-1.127865
2025.09.29 14:00,0.006782,0.006785,0.006779,0.006779,7698,148.572998,148.651993,148.524994,148.643997,0,-1.12673,-1.130199,-1.129618
2025.09.29 15:00,0.006779,0.006786,0.006779,0.006783,7377,148.649994,148.651001,148.494995,148.567993,0,-1.125738,-1.132778,-1.140605
2025.09.29 16:00,0.006783,0.006783,0.006781,0.006783,2458,148.563004,148.615005,148.552994,148.578003,0,-1.133258,-1.125606,-1.139744
2025.09.29 17:00,0.006782,0.006784,0.006779,0.006782,3441,148.574997,148.647995,148.544998,148.580994,0,-1.133616,-1.139337,-1.131863
2025.09.29 18:00,0.006782,0.006784,0.006779,0.006779,6946,148.580002,148.641006,148.539993,148.634003,0,-1.126627,-1.134332,-1.119624
2025.09.29 19:00,0.006779,0.006783,0.006777,0.00678,3086,148.632004,148.673996,148.552002,148.626999,0,-1.126961,-1.124614,-1.134372
2025.09.29 20:00,0.00678,0.006781,0.006777,0.006781,1555,148.626007,148.695999,148.559006,148.578003,0,-1.138086,-1.099001,-1.107132
2025.09.29 22:00,0.006782,0.006782,0.006779,0.006781,0,148.576004,148.653,148.554993,148.595993,0,-1.127737,-1.105862,-1.114245
2025.09.29 23:00,0.006781,0.006785,0.006779,0.006779,3014,148.591995,148.630005,148.494995,148.613007,0,-1.115626,-1.111065,-1.098627
2025.09.30 00:00,0.006779,0.006783,0.00677,0.006772,8699,148.613998,148.845001,148.546005,148.789993,0,-1.123608,-1.118617,-1.112231
2025.09.30 01:00,0.006772,0.006781,0.006772,0.006773,5122,148.792999,148.792999,148.595993,148.746994,0,-1.126133,-1.114245,-1.112827
2025.09.30 02:00,0.006773,0.006779,0.006772,0.006775,2488,148.746002,148.802002,148.621994,148.714005,0,-1.12424,-1.118487,-1.112531
2025.09.30 03:00,0.006775,0.006785,0.006775,0.006784,0,148.710999,148.720993,148.507996,148.511002,0,-1.11952,-1.113201,-1.105341
2025.09.30 04:00,0.006783,0.006791,0.006781,0.006789,4997,148.511002,148.591003,148.382996,148.401993,0,-1.120133,-1.118438,-1.11574
2025.09.30 05:00,0.006789,0.006797,0.006788,0.006795,5464,148.397003,148.444,148.220001,148.285004,0,-1.125202,-1.107091,-1.107143
2025.09.30 06:00,0.006795,0.006806,0.006792,0.006805,6765,148.281006,148.350998,148.042007,148.072006,0,-1.118961,-1.102033,-1.121232
2025.09.30 07:00,0.006804,0.00681,0.006799,0.006806,9219,148.061996,148.177994,147.934998,148.046997,0,-1.108356,-1.102896,-1.107022
2025.09.30 08:00,0.006805,0.006816,0.006804,0.006814,8090,148.044998,148.093994,147.832001,147.852997,0,-1.110824,-1.107624,-1.107084
2025.09.30 09:00,0.006814,0.006816,0.006809,0.00681,4091,147.850006,147.985992,147.826004,147.968002,0,-1.121547,-1.101628,-1.114343
2025.09.30 10:00,0.00681,0.006812,0.006806,0.006806,3406,147.968002,148.035995,147.893997,148.024002,0,-1.117604,-1.105003,-1.105611
2025.09.30 11:00,0.006807,0.00681,0.006803,0.00681,3910,148.020004,148.098007,147.960007,147.964005,0,-1.104031,-1.106347,-1.110345
2025.09.30 12:00,0.00681,0.006812,0.006806,0.00681,7389,147.966003,148.026001,147.889999,147.951004,0,-1.10761,-1.101005,-1.097345
2025.09.30 13:00,0.00681,0.006817,0.006805,0.006812,9609,147.955002,148.061996,147.802994,147.908997,0,-1.111223,-1.1109,-1.120002
2025.09.30 14:00,0.006811,0.006824,0.006808,0.006822,18746,147.897003,148.003998,147.647003,147.681,0,-1.117985,-1.105381,-1.096416
2025.09.30 15:00,0.006822,0.006823,0.006807,0.006809,10037,147.684006,148.018005,147.654999,147.966995,0,-1.110408,-1.091904,-1.10255
2025.09.30 16:00,0.00681,0.006821,0.006809,0.00682,4833,147.962006,147.966003,147.699005,147.738007,0,-1.101558,-1.092936,-1.099693
2025.09.30 17:00,0.00682,0.006824,0.006814,0.006818,4958,147.735992,147.847,147.645004,147.776993,0,-1.101087,-1.092652,-1.10642
2025.09.30 18:00,0.006818,0.006818,0.006813,0.006814,4157,147.781006,147.882996,147.764008,147.863007,0,-1.104777,-1.093435,-1.095561
2025.09.30 19:00,0.006814,0.006816,0.006811,0.006814,4663,147.871002,147.923996,147.822998,147.860001,0,-1.102676,-1.098622,-1.103327
2025.09.30 20:00,0.006814,0.006814,0.006809,0.006812,2443,147.865005,147.979996,147.852997,147.893005,0,-1.11555,-1.096324,-1.104011
2025.09.30 22:00,0.006814,0.006816,0.006811,0.006812,0,147.845001,147.923004,147.800003,147.906006,0,-1.101684,-1.075627,-1.095466
2025.09.30 23:00,0.006812,0.006816,0.006806,0.006806,2693,147.908997,148.028,147.800995,148.020996,0,-1.088025,-1.087384,-1.091819
2025.10.01 00:00,0.006806,0.006806,0.006797,0.006803,8195,148.016006,148.225998,148.014999,148.100998,0,-1.102263,-1.085822,-1.096225
2025.10.01 01:00,0.006803,0.00681,0.006799,0.006809,3962,148.102005,148.167007,147.934998,147.949005,0,-1.097369,-1.081338,-1.084559
2025.10.01 02:00,0.00681,0.006812,0.006807,0.006811,3409,147.949005,148.039001,147.880997,147.910995,0,-1.131404,-1.092002,-1.089676
2025.10.01 03:00,0.006811,0.006813,0.006807,0.006811,1817,147.908997,147.998993,147.863007,147.925003,0,-1.091396,-1.084788,-1.103683
2025.10.01 04:00,0.00681,0.006828,0.00681,0.006828,4290,147.921005,147.957001,147.544006,147.550003,0,-1.103341,-1.077514,-1.083511
2025.10.01 05:00,0.006828,0.006832,0.006824,0.006829,6834,147.552994,147.641998,147.453995,147.522003,0,-1.089646,-1.083969,-1.087681
2025.10.01 06:00,0.006829,0.006846,0.006829,0.006843,10793,147.526993,147.526993,147.162994,147.225998,0,-1.09267,-1.092296,-1.091266
2025.10.01 07:00,0.006843,0.006853,0.006839,0.006848,12976,147.229996,147.322006,147.013,147.123001,0,-1.101802,-1.091502,-1.094964
2025.10.01 08:00,0.006848,0.006859,0.006847,0.006847,9081,147.119003,147.153,146.891998,147.149002,0,-1.092971,-1.098147,-1.088973
2025.10.01 09:00,0.006847,0.00685,0.006843,0.006845,5250,147.143997,147.227005,147.065002,147.203003,0,-1.092273,-1.079601,-1.100294
2025.10.01 10:00,0.006844,0.006851,0.006841,0.00685,6084,147.205994,147.266006,147.050995,147.072998,0,-1.099226,-1.076251,-1.087597
2025.10.01 11:00,0.00685,0.006853,0.006849,0.006853,3826,147.074005,147.108002,146.990005,146.996994,0,-1.10129,-1.079155,-1.086144
2025.10.01 12:00,0.006853,0.006873,0.006848,0.006863,38666,147.0,147.117004,146.580002,146.794006,0,-1.088967,-1.083129,-1.074521
2025.10.01 13:00,0.006863,0.006872,0.006859,0.006868,13919,146.789993,146.873001,146.612,146.714996,0,-1.08978,-1.083368,-1.1016
2025.10.01 14:00,0.006868,0.006868,0.006851,0.00686,23874,146.714005,147.048996,146.682999,146.858002,0,-1.095553,-1.080206,-1.085409
2025.10.01 15:00,0.00686,0.006861,0.006843,0.006847,14121,146.860001,147.210999,146.837006,147.149994,0,-1.086936,-1.096278,-1.089965
2025.10.01 16:00,0.006846,0.006849,0.006842,0.006846,4795,147.141006,147.253998,147.089005,147.156006,0,-1.097902,-1.082293,-1.085307
2025.10.01 17:00,0.006847,0.006848,0.006845,0.006846,3866,147.156998,147.190994,147.108994,147.166,0,-1.088286,-1.080956,-1.095302
2025.10.01 18:00,0.006845,0.006853,0.006843,0.006849,7484,147.162994,147.229004,147.016998,147.084,0,-1.083591,-1.08486,-1.077288
2025.10.01 19:00,0.006849,0.006851,0.006847,0.006849,3773,147.087997,147.158997,147.046997,147.091995,0,-1.098968,-1.0829,-1.085284
2025.10.01 20:00,0.006849,0.006851,0.006845,0.006849,1905,147.091995,147.166,147.029999,147.046005,0,-1.08463,-1.055255,-1.049945
2025.10.01 22:00,0.00685,0.006851,0.006847,0.006851,0,147.035995,147.065994,146.992996,147.005005,0,-1.027291,-1.039553,-1.040907
2025.10.01 23:00,0.006851,0.006851,0.006846,0.006847,2640,147.003998,147.112,146.992996,147.104004,0,-1.041301,-1.039553,-1.043975
2025.10.02 00:00,0.006847,0.006847,0.006836,0.006842,8162,147.108002,147.322006,147.102005,147.188004,0,-1.037627,-1.041976,-1.031908
2025.10.02 01:00,0.006842,0.006853,0.006841,0.006852,4105,147.188004,147.225006,146.953003,146.981003,0,-1.04755,-1.042153,-1.038213
2025.10.02 02:00,0.006852,0.006854,0.006843,0.006843,2606,146.979996,147.184998,146.932007,147.160004,0,-1.050265,-1.031803,-1.035941
2025.10.02 03:00,0.006844,0.006849,0.006842,0.006849,2135,147.160995,147.195007,147.046005,147.080994,0,-1.038911,-1.039294,-1.06362
2025.10.02 04:00,0.006847,0.006847,0.006842,0.006843,1575,147.080994,147.199005,147.067993,147.167999,0,-1.042909,-1.007965,-1.043937
2025.10.02 05:00,0.006843,0.006846,0.006839,0.006844,2926,147.167999,147.266998,147.112,147.160004,0,-1.046794,-1.041301,-1.046619
2025.10.02 06:00,0.006844,0.006856,0.006834,0.006844,11986,147.158005,147.380005,146.884995,147.156006,0,-1.042116,-1.027353,-1.042621
2025.10.02 07:00,0.006844,0.006851,0.006841,0.006847,5318,147.156006,147.216003,147.005997,147.076996,0,-1.049223,-1.031253,-1.038293
2025.10.02 08:00,0.006847,0.006864,0.006847,0.006861,6313,147.076004,147.082001,146.720993,146.789001,0,-1.032641,-1.03335,-1.03765
2025.10.02 09:00,0.006861,0.00687,0.006861,0.006869,5226,146.787994,146.809006,146.593994,146.615997,0,-1.047039,-1.03359,-1.034397
2025.10.02 10:00,0.006869,0.006869,0.006862,0.006868,5718,146.617996,146.770004,146.615997,146.639008,0,-1.039898,-1.034397,-1.036215
2025.10.02 11:00,0.006868,0.006869,0.006857,0.006861,5379,146.636002,146.860992,146.619995,146.792007,0,-1.035253,-1.038395,-1.040656
2025.10.02 12:00,0.006861,0.006863,0.006841,0.006843,10868,146.791,147.199005,146.738998,147.156998,0,-1.032225,-1.040739,-1.032935
2025.10.02 13:00,0.006843,0.006849,0.006839,0.006841,11671,147.160004,147.268005,147.052994,147.218002,0,-1.037108,-1.03562,-1.040547
2025.10.02 14:00,0.006841,0.006844,0.006835,0.006835,10562,147.223007,147.343002,147.147003,147.328995,0,-1.037226,-1.033618,-1.033913
2025.10.02 15:00,0.006835,0.006836,0.006827,0.006835,9086,147.326004,147.514008,147.322998,147.343994,0,-1.036786,-1.038619,-1.027512
2025.10.02 16:00,0.006835,0.006843,0.006834,0.006843,5933,147.345993,147.365997,147.156998,147.160995,0,-1.038807,-1.032935,-1.026263
2025.10.02 17:00,0.006843,0.006845,0.00684,0.006843,3441,147.162994,147.235992,147.136002,147.173996,0,-1.037161,-1.033293,-1.028583
2025.10.02 18:00,0.006843,0.006843,0.006841,0.006841,5980,147.173996,147.218994,147.158005,147.212997,0,-1.041538,-1.033942,-1.046217
2025.10.02 19:00,0.006841,0.006845,0.006839,0.00684,3812,147.207993,147.251999,147.125,147.235992,0,-1.042477,-1.032966,-1.037161
2025.10.02 20:00,0.00684,0.006842,0.006837,0.006839,3054,147.231995,147.292999,147.182007,147.248001,0,-1.030021,-1.025911,-1.017103
2025.10.02 22:00,0.006839,0.006843,0.006839,0.006841,0,147.197006,147.223999,147.151993,147.184006,0,-0.993101,-1.006579,-1.017226
2025.10.02 23:00,0.006841,0.006846,0.006841,0.006843,1368,147.186005,147.203995,147.087997,147.151001,0,-1.026539,-1.017299,-1.016269
2025.10.03 00:00,0.006843,0.006843,0.006833,0.006834,7116,147.149994,147.380997,147.149002,147.347,0,-1.032397,-1.024939,-1.01981
2025.10.03 01:00,0.006834,0.006841,0.006819,0.006826,13139,147.347,147.684006,147.173996,147.507996,0,-1.034937,-1.007216,-1.020043
2025.10.03 02:00,0.006827,0.006827,0.006818,0.00682,2459,147.505005,147.686005,147.492004,147.649994,0,-1.02618,-1.014783,-1.022423
2025.10.03 03:00,0.00682,0.006822,0.006814,0.006822,2052,147.645004,147.766006,147.608994,147.623001,0,-1.020094,-1.013673,-1.02768
2025.10.03 04:00,0.006821,0.006822,0.006816,0.006817,1313,147.623001,147.742996,147.587997,147.718994,0,-1.029386,-0.992677,-1.026901
2025.10.03 05:00,0.006817,0.006824,0.006812,0.006814,6340,147.718994,147.815002,147.567993,147.783005,0,-1.026008,-1.015641,-1.026332
2025.10.03 06:00,0.006814,0.006827,0.006814,0.006822,4081,147.783005,147.804001,147.492996,147.600006,0,-1.036556,-1.015775,-1.026168
2025.10.03 07:00,0.006822,0.006832,0.006818,0.006831,4539,147.600006,147.682999,147.403,147.410995,0,-1.023174,-1.022268,-1.019547
2025.10.03 08:00,0.006832,0.006837,0.00683,0.006835,4112,147.406998,147.440994,147.274002,147.324997,0,-1.038827,-1.021712,-1.029915
2025.10.03 09:00,0.006835,0.006836,0.00683,0.006834,2469,147.324997,147.434006,147.306,147.369995,0,-1.031838,-1.021621,-1.032106
2025.10.03 10:00,0.006834,0.006837,0.006832,0.006835,1599,147.365005,147.391006,147.306,147.322998,0,-1.031694,-1.032322,-1.027916
2025.10.03 11:00,0.006835,0.006841,0.006831,0.006837,3539,147.315002,147.421997,147.214005,147.274002,0,-1.030548,-1.025861,-1.021712
2025.10.03 12:00,0.006838,0.006839,0.006832,0.006839,6488,147.274002,147.412003,147.225006,147.263,0,-1.031271,-1.015484,-1.032103
2025.10.03 13:00,0.006839,0.006841,0.006832,0.006833,7217,147.257996,147.382004,147.212006,147.354996,0,-1.022691,-1.023863,-1.006396
2025.10.03 14:00,0.006834,0.006847,0.006826,0.00683,15762,147.356995,147.518005,147.018005,147.445999,0,-1.030053,-0.979302,-1.0224
2025.10.03 15:00,0.00683,0.006837,0.006828,0.006835,7711,147.440002,147.490997,147.300003,147.332001,0,-1.024505,-1.026325,-1.015518
2025.10.03 16:00,0.006835,0.006835,0.006826,0.006828,3291,147.337006,147.535995,147.320999,147.505005,0,-1.026586,-1.015223,-1.038513
2025.10.03 17:00,0.006827,0.006832,0.006826,0.006827,2475,147.498993,147.514008,147.401993,147.505997,0,-1.026055,-1.021261,-1.028775
2025.10.03 18:00,0.006827,0.006829,0.006825,0.006828,5714,147.505997,147.544006,147.459,147.496002,0,-1.023861,-1.024677,-1.02951
2025.10.03 19:00,0.006827,0.00683,0.006826,0.006829,2715,147.496994,147.524994,147.451004,147.457993,0,-1.026309,-1.027405,-1.02367
2025.10.03 20:00,0.006829,0.006832,0.006827,0.006829,2472,147.451996,147.514999,147.376999,147.399002,0,-1.037778,-1.017687,-0.96468
2025.10.06 04:00,0.00671,0.006711,0.006698,0.006699,0,150.057007,150.343002,149.839996,150.311996,0,-1.033561,-0.830909,-1.035986
2025.10.06 05:00,0.006698,0.006703,0.006694,0.006702,5886,150.309006,150.436005,150.220001,150.251999,0,-1.037336,-1.033071,-1.031679
2025.10.06 06:00,0.006702,0.006713,0.006698,0.006712,9451,150.255005,150.348999,150.003998,150.031006,0,-1.039558,-1.028207,-1.033022
2025.10.06 07:00,0.006712,0.006715,0.006703,0.006712,16690,150.026001,150.216995,149.944,150.024994,0,-1.030065,-1.023676,-1.027011
2025.10.06 08:00,0.006712,0.006713,0.006695,0.006696,18015,150.029007,150.399994,149.992004,150.365005,0,-1.034796,-1.027312,-1.033262
2025.10.06 09:00,0.006696,0.0067,0.006692,0.006696,7693,150.363007,150.475998,150.294998,150.371994,0,-1.032676,-1.030131,-1.040251
2025.10.06 10:00,0.006696,0.0067,0.006694,0.0067,4261,150.376999,150.434006,150.272003,150.279007,0,-1.046499,-1.029407,-1.036411
2025.10.06 11:00,0.0067,0.006703,0.006695,0.006696,5292,150.279007,150.406006,150.214005,150.367996,0,-1.040808,-1.027074,-1.036253
2025.10.06 12:00,0.006696,0.006725,0.006696,0.006723,41330,150.365997,150.389008,149.746002,149.778,0,-1.034966,-1.036063,-1.034884
2025.10.06 13:00,0.006723,0.006725,0.00671,0.006716,11885,149.778,150.082993,149.748001,149.929993,0,-1.040595,-1.038062,-1.031837
2025.10.06 14:00,0.006717,0.006723,0.006708,0.006715,14420,149.927994,150.113007,149.794998,149.955002,0,-1.048387,-1.040816,-1.034677
2025.10.06 15:00,0.006715,0.006717,0.006708,0.006712,9676,149.960999,150.113998,149.917007,150.020004,0,-1.049378,-1.041025,-1.033113
2025.10.06 16:00,0.006713,0.006715,0.006706,0.006706,6471,150.024002,150.171997,149.949005,150.156998,0,-1.051803,-1.039761,-1.036803
2025.10.06 17:00,0.006706,0.00671,0.006703,0.006704,5337,150.156006,150.238007,150.072998,150.201004,0,-1.051076,-1.041699,-1.036322
2025.10.06 18:00,0.006704,0.006706,0.006699,0.0067,8109,150.205002,150.320999,150.156006,150.292999,0,-1.044988,-1.046932,-1.039263
2025.10.06 19:00,0.0067,0.006704,0.006698,0.006699,5045,150.294006,150.334,150.220993,150.317001,0,-1.046844,-1.045193,-1.04099
2025.10.06 20:00,0.0067,0.006701,0.006696,0.006697,3291,150.317001,150.397003,150.281006,150.345001,0,-1.054117,-1.049549,-1.02441
2025.10.06 22:00,0.006698,0.006702,0.006695,0.006699,0,150.248001,150.388,150.244003,150.320007,0,-1.022802,-1.023683,-1.043996
2025.10.06 23:00,0.006699,0.006701,0.006695,0.006696,3029,150.313004,150.395004,150.255997,150.360001,0,-1.029806,-1.024539,-1.028258
2025.10.07 00:00,0.006696,0.006697,0.006685,0.00669,10056,150.358994,150.617996,150.354004,150.485992,0,-1.029363,-1.033413,-1.020329
2025.10.07 01:00,0.00669,0.006696,0.006685,0.00669,3967,150.485992,150.612,150.360992,150.501999,0,-1.023366,-1.018106,-1.025172
2025.10.07 02:00,0.00669,0.006698,0.006688,0.006689,2557,150.503006,150.535995,150.335999,150.531006,0,-1.025638,-1.026557,-1.031827
2025.10.07 03:00,0.006689,0.006696,0.006688,0.006696,0,150.526001,150.533997,150.354996,150.360992,0,-1.023639,-1.023253,-1.018106
2025.10.07 04:00,0.006698,0.006702,0.006693,0.006694,2774,150.356995,150.442993,150.242996,150.408997,0,-1.033161,-1.022676,-1.02149
2025.10.07 05:00,0.006694,0.006694,0.006688,0.00669,3753,150.410995,150.541,150.397003,150.492004,0,-1.030643,-1.020647,-1.015177
2025.10.07 06:00,0.00669,0.00669,0.006682,0.006685,7604,150.492996,150.697006,150.490997,150.621994,0,-1.030015,-1.025333,-1.033361
2025.10.07 07:00,0.006684,0.006688,0.006681,0.006684,5837,150.619995,150.710999,150.531998,150.619003,0,-1.021609,-1.02164,-1.019178
2025.10.07 08:00,0.006685,0.00669,0.006675,0.006677,7397,150.621994,150.832001,150.520004,150.785995,0,-1.030487,-1.032002,-1.018132
2025.10.07 09:00,0.006677,0.00668,0.006675,0.006679,4522,150.785995,150.830002,150.720993,150.75,0,-1.028488,-1.020397,-1.026985
2025.10.07 10:00,0.006679,0.006681,0.006677,0.006678,6137,150.751007,150.794006,150.701996,150.763,0,-1.026143,-1.012606,-1.01757
2025.10.07 11:00,0.006677,0.006678,0.006669,0.006672,10260,150.772003,150.949997,150.755997,150.891006,0,-1.013718,-1.010566,-1.010912
2025.10.07 12:00,0.006673,0.006677,0.006666,0.006675,15006,150.897003,151.039001,150.800995,150.826996,0,-1.024,-1.033132,-1.014258
2025.10.07 13:00,0.006675,0.00668,0.006671,0.006671,11916,150.826996,150.940994,150.729004,150.929001,0,-1.027198,-1.028408,-1.026433
2025.10.07 14:00,0.006671,0.006672,0.006659,0.00666,16267,150.934006,151.205002,150.904007,151.173996,0,-1.032307,-1.023912,-1.023845
2025.10.07 15:00,0.006661,0.006669,0.006659,0.006661,14007,151.169998,151.203995,150.975998,151.175003,0,-1.0313,-1.01724,-1.036126
2025.10.07 16:00,0.006661,0.006663,0.00665,0.006653,10151,151.171997,151.408997,151.095001,151.322998,0,-1.033054,-1.023714,-1.026157
2025.10.07 17:00,0.006654,0.006657,0.006644,0.006645,8041,151.320007,151.533005,151.246994,151.514999,0,-1.03259,-1.029182,-1.025912
2025.10.07 18:00,0.006646,0.006646,0.006626,0.006632,19910,151.511993,151.934006,151.490005,151.822998,0,-1.024773,-1.034878,-1.027554
2025.10.07 19:00,0.006632,0.006635,0.006626,0.006628,8062,151.819,151.953003,151.733994,151.899994,0,-1.032391,-1.018093,-1.024922
2025.10.07 20:00,0.006628,0.006629,0.006622,0.006628,7222,151.903,152.044006,151.873001,151.891998,0,-1.03223,-1.020684,-1.0283
2025.10.07 22:00,0.006628,0.006635,0.006627,0.006631,0,151.841003,151.891006,151.729004,151.841003,0,-0.993163,-1.013103,-1.034186
2025.10.07 23:00,0.006632,0.006632,0.006619,0.00662,7212,151.809006,152.093002,151.787994,152.054993,0,-1.012776,-1.015281,-1.008994
2025.10.08 00:00,0.006621,0.006621,0.006607,0.00661,15402,152.052002,152.376999,152.052002,152.304993,0,-1.02237,-1.017413,-1.019063
2025.10.08 01:00,0.006609,0.006611,0.006597,0.006597,10173,152.304993,152.602005,152.266006,152.595993,0,-1.017956,-1.014398,-1.011944
2025.10.08 02:00,0.006597,0.00661,0.006595,0.006603,6155,152.602005,152.647003,152.300003,152.483002,0,-1.016984,-1.014074,-1.025223
2025.10.08 03:00,0.006602,0.006605,0.006599,0.006605,4068,152.479996,152.563995,152.397995,152.406998,0,-1.025888,-1.008998,-1.006538
2025.10.08 04:00,0.006605,0.006609,0.006602,0.006607,3484,152.406998,152.492996,152.304001,152.363007,0,-1.023744,-1.006624,-1.019834
2025.10.08 05:00,0.006608,0.006611,0.006605,0.006605,4176,152.360001,152.440994,152.281006,152.404999,0,-1.029081,-1.017955,-1.016002
2025.10.08 06:00,0.006606,0.006613,0.006601,0.006608,8357,152.404007,152.520996,152.248993,152.339005,0,-1.017324,-1.020263,-1.007286
2025.10.08 07:00,0.006608,0.006609,0.006599,0.006599,6520,152.339005,152.554001,152.324997,152.539001,0,-1.015893,-1.004731,-1.012367
2025.10.08 08:00,0.006599,0.006607,0.006589,0.006591,9012,152.539001,152.787003,152.371002,152.748001,0,-1.018907,-1.016373,-1.025959
2025.10.08 09:00,0.006591,0.006592,0.00658,0.006582,12142,152.742996,152.998001,152.712006,152.972,0,-1.022313,-1.012974,-1.030957
2025.10.08 10:00,0.006581,0.006595,0.00658,0.006591,12577,152.966995,152.996994,152.645004,152.727005,0,-1.021306,-1.026472,-1.016464
2025.10.08 11:00,0.006592,0.006595,0.006586,0.006593,9348,152.735001,152.848007,152.639999,152.686996,0,-1.022303,-1.021467,-1.01098
2025.10.08 12:00,0.006593,0.006605,0.006591,0.006601,11329,152.686996,152.746994,152.432007,152.501999,0,-1.024952,-1.020093,-1.009805
2025.10.08 13:00,0.006601,0.006607,0.006595,0.006598,9287,152.505005,152.662003,152.369003,152.587997,0,-1.020484,-1.014374,-1.026917
2025.10.08 14:00,0.006597,0.006605,0.006595,0.006601,10439,152.582001,152.671005,152.425995,152.5,0,-1.029487,-1.014081,-1.007807
2025.10.08 15:00,0.006601,0.006601,0.006589,0.006592,10767,152.498993,152.792007,152.498001,152.727005,0,-1.023912,-1.017274,-1.027974
2025.10.08 16:00,0.006592,0.006593,0.006589,0.006591,4674,152.723007,152.796997,152.686996,152.757996,0,-1.028901,-1.022474,-1.02444
2025.10.08 17:00,0.006591,0.006591,0.006585,0.006586,3983,152.751999,152.886002,152.740997,152.865997,0,-1.025715,-1.030456,-1.017243
2025.10.08 18:00,0.006586,0.006595,0.006582,0.006592,10555,152.869995,152.945007,152.639008,152.712006,0,-1.027042,-1.020475,-1.012974
2025.10.08 19:00,0.006593,0.006595,0.006591,0.006593,5281,152.716003,152.751999,152.634995,152.705994,0,-1.029957,-1.016462,-1.029977
2025.10.08 20:00,0.006593,0.006595,0.006591,0.006593,1906,152.707993,152.733994,152.643997,152.677002,0,-1.023452,-1.013978,-1.012479
2025.10.08 22:00,0.006593,0.006599,0.006591,0.006597,0,152.651001,152.669006,152.485992,152.520004,0,-0.946964,-0.959358,-0.935955
2025.10.08 23:00,0.006598,0.006601,0.006589,0.00659,5748,152.522995,152.720993,152.457993,152.709,0,-0.964405,-0.954321,-0.963929
2025.10.09 00:00,0.006589,0.006601,0.006588,0.00659,8647,152.707993,152.737,152.449997,152.699005,0,-0.957383,-0.957803,-0.953934
2025.10.09 01:00,0.006589,0.006603,0.006587,0.006598,9235,152.701996,152.764999,152.404007,152.514999,0,-0.950822,-0.946228,-0.953919
2025.10.09 02:00,0.006597,0.006603,0.006594,0.006601,4595,152.520996,152.606003,152.399994,152.457993,0,-0.952983,-0.953687,-0.954321
2025.10.09 03:00,0.0066,0.006601,0.006595,0.006599,2701,152.457993,152.578995,152.447998,152.505005,0,-0.960463,-0.944326,-0.955412
2025.10.09 04:00,0.006597,0.006601,0.006595,0.0066,2983,152.505005,152.597,152.447998,152.462006,0,-0.955482,-0.955805,-0.946853
2025.10.09 05:00,0.0066,0.0066,0.006591,0.006593,3794,152.466003,152.656006,152.460999,152.630005,0,-0.945465,-0.945846,-0.942482
2025.10.09 06:00,0.006593,0.006593,0.006571,0.006578,11844,152.632996,153.136002,152.628006,152.979996,0,-0.952163,-0.951989,-0.946552
2025.10.09 07:00,0.006578,0.006584,0.006568,0.006574,11678,152.979004,153.216995,152.848999,153.063995,0,-0.96365,-0.954115,-0.961171
2025.10.09 08:00,0.006574,0.006588,0.006572,0.006586,7889,153.067993,153.136993,152.753006,152.796005,0,-0.964737,-0.961868,-0.970301
2025.10.09 09:00,0.006586,0.006601,0.006584,0.006597,23250,152.791,152.854996,152.464005,152.548004,0,-0.971639,-0.960332,-0.952462
2025.10.09 10:00,0.006597,0.006599,0.006588,0.006593,7211,152.552002,152.748001,152.490005,152.660004,0,-0.968385,-0.963371,-0.972481
2025.10.09 11:00,0.006592,0.006593,0.006584,0.006586,4492,152.654007,152.841003,152.649002,152.794006,0,-0.957646,-0.961479,-0.968302
2025.10.09 12:00,0.006586,0.006593,0.006584,0.006588,8190,152.791,152.843002,152.649002,152.744995,0,-0.959645,-0.961479,-0.965379
2025.10.09 13:00,0.006589,0.006617,0.00658,0.006583,81941,152.738998,152.953995,152.095993,152.854996,0,-0.966765,-0.95869,-0.948572
2025.10.09 14:00,0.006584,0.006584,0.00657,0.006576,17581,152.865997,153.184006,152.854996,153.037003,0,-0.965422,-0.960111,-0.957316
2025.10.09 15:00,0.006576,0.00658,0.006568,0.006575,9190,153.037003,153.231995,152.940994,153.050995,0,-0.967055,-0.965306,-0.95974
2025.10.09 16:00,0.006576,0.006578,0.006571,0.006578,4839,153.044998,153.145996,152.988007,153.003006,0,-0.962157,-0.966111,-0.969562
2025.10.09 17:00,0.006577,0.006582,0.006573,0.006575,6407,152.998993,153.098999,152.903,153.046005,0,-0.961466,-0.961957,-0.954751
2025.10.09 18:00,0.006576,0.006578,0.006568,0.00657,7124,153.048004,153.212997,152.994995,153.177002,0,-0.959652,-0.973099,-0.958418
2025.10.09 19:00,0.00657,0.006575,0.00657,0.006575,6114,153.177994,153.179001,153.042999,153.061996,0,-0.960417,-0.951745,-0.970742
2025.10.09 20:00,0.006575,0.006578,0.006574,0.006575,1881,153.061996,153.100998,152.998993,153.061005,0,-0.97504,-0.965549,-0.96975
2025.10.09 22:00,0.006574,0.006578,0.006573,0.006576,0,153.050003,153.084,152.968002,153.026993,0,-0.946467,-0.934558,-0.958861
2025.10.09 23:00,0.006576,0.006578,0.006565,0.006576,8694,153.024002,153.274994,152.957001,153.020004,0,-0.952068,-0.946662,-0.940317
2025.10.10 00:00,0.006576,0.006579,0.00657,0.006578,6344,153.022995,153.164993,152.940994,152.951004,0,-0.957996,-0.942211,-0.940665
2025.10.10 01:00,0.006578,0.006584,0.006574,0.006576,6362,152.949997,153.048996,152.835007,153.016006,0,-0.946172,-0.951649,-0.93632
2025.10.10 02:00,0.006576,0.006582,0.006575,0.00658,3262,153.016006,153.035004,152.858994,152.914001,0,-0.943749,-0.941028,-0.949863
2025.10.10 03:00,0.00658,0.006592,0.00658,0.006591,4097,152.908997,152.934998,152.638,152.660004,0,-0.947768,-0.938969,-0.937961
2025.10.10 04:00,0.006591,0.006592,0.006584,0.006587,4140,152.660004,152.830002,152.632004,152.751007,0,-0.958181,-0.932972,-0.93683
2025.10.10 05:00,0.006587,0.00659,0.006583,0.006584,4176,152.744995,152.848999,152.681,152.824997,0,-0.942575,-0.935929,-0.94164
2025.10.10 06:00,0.006584,0.006603,0.00658,0.006597,31121,152.832001,152.916,152.376999,152.526993,0,-0.951862,-0.942151,-0.942943
2025.10.10 07:00,0.006597,0.006599,0.00658,0.006584,11618,152.531998,152.949997,152.479004,152.843002,0,-0.962768,-0.940896,-0.948118
2025.10.10 08:00,0.006584,0.006595,0.00658,0.006593,10523,152.847,152.936996,152.589996,152.641006,0,-0.949767,-0.948478,-0.953483
2025.10.10 09:00,0.006593,0.006593,0.006584,0.006586,3404,152.639999,152.845993,152.606995,152.789993,0,-0.951109,-0.942472,-0.95276
2025.10.10 10:00,0.006586,0.006593,0.006586,0.006589,2587,152.787003,152.809998,152.625,152.712006,0,-0.961244,-0.937477,-0.94391
2025.10.10 11:00,0.006589,0.006597,0.006588,0.006593,2644,152.714996,152.757996,152.539001,152.625,0,-0.955344,-0.954952,-0.948983
2025.10.10 12:00,0.006593,0.006598,0.006593,0.006595,8605,152.625,152.651001,152.511993,152.552002,0,-0.963478,-0.950913,-0.93347
2025.10.10 13:00,0.006595,0.006597,0.00659,0.006591,15078,152.552994,152.692001,152.524994,152.643997,0,-0.94693,-0.940945,-0.933456
2025.10.10 14:00,0.006591,0.006603,0.006589,0.006601,14334,152.654007,152.712997,152.412994,152.460007,0,-0.944902,-0.955216,-0.956335
2025.10.10 15:00,0.006601,0.006642,0.006601,0.006623,50937,152.459,152.462006,151.5,151.942001,0,-0.969812,-0.942935,-0.953021
2025.10.10 16:00,0.006623,0.006627,0.006613,0.006626,11363,151.936996,152.186996,151.837006,151.889008,0,-0.958267,-0.939162,-0.957003
2025.10.10 17:00,0.006626,0.006632,0.006623,0.006626,7988,151.884003,151.947006,151.716995,151.862,0,-0.958026,-0.944282,-0.952767
2025.10.10 18:00,0.006626,0.006636,0.006625,0.006633,5355,151.858994,151.899002,151.628006,151.716995,0,-0.955604,-0.946168,-0.95565
2025.10.10 19:00,0.006632,0.00664,0.006629,0.006638,5595,151.710007,151.806,151.522995,151.593002,0,-0.953683,-0.931923,-0.945212
2025.10.10 20:00,0.006638,0.006659,0.006632,0.006657,8042,151.591003,151.727997,151.119003,151.119003,0,-0.955284,-0.946309,-0.912465
2025.10.12 23:00,0.006624,0.006632,0.006617,0.006617,6573,151.925995,152.085007,151.731995,152.063995,0,-0.947703,-0.936551,-0.949526
2025.10.13 00:00,0.006617,0.00663,0.006617,0.006628,7496,152.061005,152.074997,151.792007,151.839996,0,-0.949106,-0.951071,-0.95354
2025.10.13 01:00,0.006628,0.006629,0.006621,0.006622,4780,151.837006,151.977997,151.800003,151.951996,0,-0.943407,-0.947686,-0.94022
2025.10.13 02:00,0.006622,0.006628,0.006621,0.006623,2463,151.953003,151.985001,151.845001,151.934998,0,-0.950411,-0.958545,-0.946018
2025.10.13 03:00,0.006624,0.006624,0.006619,0.006624,1300,151.929993,152.014008,151.897003,151.923996,0,-0.945196,-0.94221,-0.946417
2025.10.13 04:00,0.006623,0.006628,0.006622,0.006624,1990,151.927002,151.968002,151.804993,151.906006,0,-0.956226,-0.941294,-0.939826
2025.10.13 05:00,0.006624,0.00663,0.006624,0.006626,2293,151.906998,151.914001,151.755997,151.876999,0,-0.959208,-0.937805,-0.956387
2025.10.13 06:00,0.006626,0.006632,0.006619,0.006623,4685,151.869995,152.026993,151.712006,151.936996,0,-0.958181,-0.939292,-0.948017
2025.10.13 07:00,0.006623,0.006624,0.006604,0.006607,8286,151.938004,152.376007,151.906998,152.294998,0,-0.952627,-0.940817,-0.951825
2025.10.13 08:00,0.006607,0.006609,0.0066,0.006605,4813,152.296005,152.447998,152.244003,152.339996,0,-0.932846,-0.946626,-0.951
2025.10.13 09:00,0.006605,0.006613,0.006605,0.006613,2539,152.334,152.369995,152.156998,152.166,0,-0.958082,-0.95113,-0.937271
2025.10.13 10:00,0.006613,0.006615,0.00661,0.006613,1387,152.166,152.231003,152.121994,152.166,0,-0.945073,-0.950411,-0.948697
2025.10.13 11:00,0.006613,0.006622,0.006613,0.006615,6282,152.162994,152.171997,151.973007,152.102005,0,-0.954694,-0.949825,-0.94185
2025.10.13 12:00,0.006616,0.006619,0.006609,0.006611,4183,152.102005,152.266998,152.046997,152.210999,0,-0.958172,-0.955365,-0.947948
2025.10.13 13:00,0.006611,0.006615,0.006609,0.006613,4332,152.209,152.264999,152.098999,152.182999,0,-0.944733,-0.938844,-0.954269
2025.10.13 14:00,0.006612,0.006613,0.006601,0.006604,7311,152.186996,152.447006,152.177994,152.363007,0,-0.943334,-0.949264,-0.939627
2025.10.13 15:00,0.006605,0.006609,0.006603,0.006609,3529,152.363998,152.391006,152.235001,152.259995,0,-0.944699,-0.937624,-0.951169
2025.10.13 16:00,0.006609,0.006611,0.006607,0.006608,2467,152.253998,152.302002,152.188995,152.276993,0,-0.958829,-0.937387,-0.945274
2025.10.13 17:00,0.006609,0.00661,0.006605,0.006609,1896,152.274994,152.347,152.227997,152.259995,0,-0.958004,-0.942067,-0.939728
2025.10.13 18:00,0.006609,0.006611,0.006605,0.006607,6450,152.259003,152.334,152.212006,152.283005,0,-0.93354,-0.937522,-0.939832
2025.10.13 19:00,0.006607,0.006609,0.006606,0.006607,1875,152.276993,152.324997,152.246994,152.320999,0,-0.947462,-0.949617,-0.954923
2025.10.13 20:00,0.006607,0.006608,0.006605,0.006607,1479,152.322006,152.350006,152.259003,152.263,0,-0.949547,-0.927284,-0.908372
2025.10.13 22:00,0.006609,0.006611,0.006604,0.006605,0,152.235992,152.345001,152.179001,152.339996,0,-0.921621,-0.927392,-0.939537
2025.10.13 23:00,0.006605,0.006607,0.006599,0.006599,3010,152.334,152.460007,152.274994,152.451004,0,-0.933372,-0.931821,-0.92437
2025.10.14 00:00,0.006599,0.006601,0.006593,0.006599,8734,152.451004,152.613007,152.423004,152.466995,0,-0.93699,-0.930811,-0.940361
2025.10.14 01:00,0.006599,0.006604,0.006598,0.0066,6412,152.462006,152.498993,152.348999,152.457993,0,-0.937913,-0.925619,-0.94284
2025.10.14 02:00,0.006599,0.006604,0.006599,0.006603,3001,152.451996,152.485992,152.354004,152.376007,0,-0.936399,-0.930624,-0.9297
2025.10.14 03:00,0.006603,0.006617,0.006603,0.006614,0,152.376007,152.393997,152.044006,152.143005,0,-0.936218,-0.929537,-0.948571
2025.10.14 04:00,0.006617,0.006629,0.006617,0.006626,7500,152.145996,152.149994,151.772003,151.854996,0,-1.024103,-0.919687,-0.934384
2025.10.14 05:00,0.006626,0.006628,0.006622,0.006622,1748,151.852997,151.945999,151.804993,151.917999,0,-0.934223,-0.929921,-0.917617
2025.10.14 06:00,0.006632,0.006634,0.006621,0.006624,14579,151.848999,151.975006,151.694,151.889999,0,-0.940417,-0.955386,-0.935206
2025.10.14 07:00,0.006624,0.006634,0.006617,0.006622,11912,151.893005,152.076996,151.667999,151.955994,0,-0.951105,-0.929385,-0.932812
2025.10.14 08:00,0.006621,0.006623,0.006614,0.00662,10029,151.955994,152.126007,151.925995,151.973999,0,-0.931573,-0.937015,-0.928
2025.10.14 09:00,0.006621,0.006621,0.006613,0.006615,3921,151.968994,152.153,151.966003,152.106003,0,-0.935697,-0.931414,-0.93442
2025.10.14 10:00,0.006615,0.006624,0.006615,0.006622,3320,152.110001,152.123001,151.908997,151.942993,0,-0.939998,-0.931417,-0.931217
2025.10.14 11:00,0.006622,0.006622,0.006614,0.006616,3156,151.944,152.128006,151.932999,152.085999,0,-0.933572,-0.921223,-0.93727
2025.10.14 12:00,0.006615,0.006626,0.006614,0.006617,9600,152.085999,152.126999,151.856003,152.046005,0,-0.932564,-0.935391,-0.931536
2025.10.14 13:00,0.006617,0.006628,0.006613,0.00662,11418,152.044998,152.164001,151.815002,151.992004,0,-0.935272,-0.928546,-0.934605
2025.10.14 14:00,0.00662,0.006628,0.006615,0.006628,9877,151.988007,152.102005,151.826004,151.830994,0,-0.94185,-0.939547,-0.944537
2025.10.14 15:00,0.006627,0.006631,0.006622,0.00663,11930,151.826004,151.938004,151.735992,151.776001,0,-0.937621,-0.929175,-0.935064
2025.10.14 16:00,0.00663,0.006634,0.006624,0.006632,7457,151.774002,151.917007,151.662994,151.731003,0,-0.950827,-0.935733,-0.935559
2025.10.14 17:00,0.006631,0.006634,0.006626,0.006632,4294,151.731003,151.867996,151.669006,151.723999,0,-0.947384,-0.930392,-0.939927
2025.10.14 18:00,0.006632,0.006633,0.006628,0.00663,3739,151.723007,151.802002,151.692001,151.755005,0,-0.938303,-0.930656,-0.936813
2025.10.14 19:00,0.00663,0.006637,0.00663,0.006634,8447,151.755005,151.774994,151.598007,151.686005,0,-0.934057,-0.927524,-0.936026
2025.10.14 20:00,0.006634,0.006634,0.006627,0.006627,1873,151.682999,151.834,151.679001,151.832001,0,-0.936156,-0.929022,-0.934157
2025.10.14 22:00,0.006629,0.00663,0.006625,0.006628,0,151.692993,151.869995,151.690002,151.800003,0,-0.926597,-0.87181,-0.924932
2025.10.14 23:00,0.006628,0.006632,0.006626,0.006632,3425,151.800003,151.852005,151.688995,151.701996,0,-0.931393,-0.916282,-0.917923
2025.10.15 00:00,0.006632,0.006642,0.006626,0.006638,11853,151.699997,151.832001,151.492004,151.565994,0,-0.922768,-0.934939,-0.929553
2025.10.15 01:00,0.006638,0.00665,0.006637,0.00665,6617,151.563995,151.604004,151.294998,151.300003,0,-0.933521,-0.919056,-0.92406
2025.10.15 02:00,0.00665,0.006662,0.00665,0.006661,5895,151.296005,151.315002,151.029999,151.048996,0,-0.92776,-0.924925,-0.921392
2025.10.15 03:00,0.006661,0.006663,0.006656,0.006657,3818,151.052994,151.167999,150.998001,151.132004,0,-0.927613,-0.91546,-0.914192
2025.10.15 04:00,0.006659,0.006659,0.006653,0.006653,2787,151.132004,151.248993,151.085007,151.242004,0,-0.929564,-0.912312,-0.922576
2025.10.15 05:00,0.006652,0.006658,0.006651,0.006654,3307,151.242996,151.270996,151.106003,151.203995,0,-0.917668,-0.910748,-0.91845
2025.10.15 06:00,0.006653,0.006667,0.006653,0.006661,6869,151.199005,151.201996,150.893997,151.037994,0,-0.905155,-0.912743,-0.921651
2025.10.15 07:00,0.006661,0.006663,0.00665,0.006653,6068,151.031998,151.296997,150.979996,151.246002,0,-0.921054,-0.908709,-0.926574
2025.10.15 08:00,0.006652,0.006657,0.006646,0.006653,11965,151.246002,151.395004,151.119995,151.216003,0,-0.917242,-0.913457,-0.919162
2025.10.15 09:00,0.006653,0.006653,0.006644,0.006648,5457,151.209,151.432999,151.209,151.345001,0,-0.909935,-0.912159,-0.923819
2025.10.15 10:00,0.006648,0.006648,0.006642,0.006647,3631,151.345001,151.492996,151.328995,151.360992,0,-0.924604,-0.907812,-0.917185
2025.10.15 11:00,0.006647,0.006649,0.006641,0.006642,3048,151.362,151.511002,151.315994,151.498993,0,-0.931271,-0.91744,-0.930601
2025.10.15 12:00,0.006642,0.006643,0.006633,0.006636,9956,151.496994,151.686996,151.449997,151.634995,0,-0.925651,-0.915601,-0.930453
2025.10.15 13:00,0.006635,0.006646,0.006631,0.006646,10785,151.630005,151.737,151.395996,151.401993,0,-0.930182,-0.929547,-0.92423
2025.10.15 14:00,0.006645,0.00665,0.00664,0.006646,6791,151.360001,151.511993,151.311005,151.395996,0,-0.920922,-0.923763,-0.929547
2025.10.15 15:00,0.006646,0.006662,0.006642,0.006654,11353,151.395996,151.460007,151.031998,151.212006,0,-0.914277,-0.926923,-0.926461
2025.10.15 16:00,0.006654,0.006656,0.006649,0.006655,4519,151.216995,151.322006,151.171005,151.190994,0,-0.923452,-0.930619,-0.928037
2025.10.15 17:00,0.006655,0.006661,0.006648,0.006649,5717,151.192001,151.341003,151.059998,151.324005,0,-0.919821,-0.921121,-0.925451
2025.10.15 18:00,0.006648,0.006653,0.006646,0.006649,7075,151.324997,151.391006,151.209,151.326996,0,-0.935879,-0.912159,-0.928442
2025.10.15 19:00,0.006648,0.006653,0.006648,0.006652,2552,151.335007,151.343994,151.227997,151.248001,0,-0.934127,-0.919868,-0.917271
2025.10.15 20:00,0.006653,0.006661,0.006651,0.00666,2989,151.255005,151.274002,151.026001,151.033005,0,-0.920674,-0.898397,-0.882854
2025.10.15 22:00,0.006659,0.006672,0.006657,0.006665,0,151.050995,151.102005,150.742004,150.899994,0,-0.895467,-0.86191,-0.86249
2025.10.15 23:00,0.006665,0.006666,0.006659,0.006661,2387,150.906998,151.037994,150.876999,150.983002,0,-0.876567,-0.861997,-0.866658
2025.10.16 00:00,0.006661,0.006683,0.006657,0.006674,14141,150.983002,151.091003,150.507004,150.707001,0,-0.873191,-0.873603,-0.871821
2025.10.16 01:00,0.006674,0.006683,0.006671,0.006679,8340,150.701996,150.772995,150.507996,150.595993,0,-0.870427,-0.874595,-0.872978
2025.10.16 02:00,0.006679,0.006681,0.006671,0.006671,2796,150.595001,150.776993,150.563004,150.772995,0,-0.874425,-0.873614,-0.870427
2025.10.16 03:00,0.006671,0.006673,0.006666,0.006667,2990,150.772003,150.886002,150.723999,150.863998,0,-0.871,-0.87759,-0.871493
2025.10.16 04:00,0.006667,0.006667,0.006656,0.006659,3830,150.863998,151.113007,150.860001,151.039001,0,-0.87262,-0.867495,-0.866307
2025.10.16 05:00,0.006659,0.006661,0.006653,0.006659,5393,151.033997,151.192001,151.011993,151.057007,0,-0.872573,-0.873117,-0.873033
2025.10.16 06:00,0.006659,0.006663,0.006649,0.006653,5365,151.050995,151.270996,150.955002,151.195007,0,-0.872442,-0.861195,-0.875579
2025.10.16 07:00,0.006653,0.006663,0.006644,0.00665,11481,151.197998,151.382004,150.936005,151.233994,0,-0.87026,-0.864718,-0.869359
2025.10.16 08:00,0.00665,0.006659,0.006648,0.00665,5229,151.240005,151.287994,151.054001,151.238007,0,-0.878127,-0.870027,-0.873372
2025.10.16 09:00,0.00665,0.00665,0.006644,0.006648,6472,151.238007,151.397003,151.235992,151.285995,0,-0.87394,-0.871358,-0.876128
2025.10.16 10:00,0.006648,0.006654,0.006648,0.006653,1968,151.289001,151.300995,151.158005,151.173996,0,-0.868506,-0.87246,-0.865867
2025.10.16 11:00,0.006653,0.006654,0.006644,0.00665,2052,151.173004,151.373993,151.156998,151.237,0,-0.873578,-0.871453,-0.872365
2025.10.16 12:00,0.006651,0.006659,0.006649,0.006657,7302,151.237,151.281998,151.022003,151.098007,0,-0.883444,-0.860576,-0.868909
2025.10.16 13:00,0.006657,0.006661,0.006648,0.006657,8566,151.098999,151.287003,151.011002,151.100998,0,-0.877135,-0.872125,-0.883186
2025.10.16 14:00,0.006657,0.006672,0.006656,0.006671,9849,151.100006,151.121002,150.748993,150.774002,0,-0.880616,-0.868898,-0.871434
2025.10.16 15:00,0.006671,0.006673,0.006667,0.006672,7904,150.768997,150.867004,150.714996,150.753998,0,-0.863257,-0.868588,-0.873903
2025.10.16 16:00,0.006673,0.006695,0.006671,0.006688,21164,150.751007,150.792999,150.229996,150.397995,0,-0.879203,-0.864798,-0.876468
2025.10.16 17:00,0.006688,0.006694,0.006684,0.006691,12171,150.397995,150.473007,150.244995,150.328995,0,-0.873182,-0.857489,-0.874503
2025.10.16 18:00,0.00669,0.006696,0.006687,0.00669,8059,150.324997,150.421997,150.218002,150.330002,0,-0.878104,-0.863961,-0.853175
2025.10.16 19:00,0.00669,0.006696,0.006686,0.006688,9679,150.335999,150.429993,150.203995,150.399002,0,-0.874915,-0.861109,-0.866293
2025.10.16 20:00,0.006688,0.00669,0.006686,0.006686,3220,150.397003,150.449997,150.339996,150.419006,0,-0.872554,-0.863169,-0.852752
2025.10.16 22:00,0.006686,0.006694,0.006685,0.006693,0,150.382004,150.434006,150.238007,150.261002,0,-0.845373,-0.8505,-0.85117
2025.10.16 23:00,0.006694,0.006702,0.006692,0.006698,5955,150.251999,150.292007,150.046005,150.149002,0,-0.859854,-0.847943,-0.861846
2025.10.17 00:00,0.006698,0.006703,0.006694,0.006695,9928,150.147995,150.231003,150.037003,150.229004,0,-0.854646,-0.850072,-0.863806
2025.10.17 01:00,0.006694,0.006698,0.006689,0.006692,6783,150.223999,150.360992,150.167007,150.309998,0,-0.861813,-0.857566,-0.866676
2025.10.17 02:00,0.006691,0.006702,0.006688,0.006697,5486,150.309006,150.389008,150.054001,150.175995,0,-0.856298,-0.844805,-0.855404
2025.10.17 03:00,0.006698,0.00671,0.006698,0.006704,4880,150.182007,150.182007,149.884003,150.011993,0,-0.872566,-0.852703,-0.858439
2025.10.17 04:00,0.006701,0.006708,0.006699,0.006706,3749,150.007004,150.139999,149.934006,149.960007,0,-0.863988,-0.858272,-0.850933
2025.10.17 05:00,0.006706,0.006717,0.006706,0.006717,4177,149.957993,149.972,149.731995,149.746994,0,-0.862926,-0.844926,-0.859926
2025.10.17 06:00,0.006717,0.006723,0.006706,0.006722,9808,149.740997,149.977005,149.619995,149.626007,0,-0.867931,-0.865813,-0.860758
2025.10.17 07:00,0.006721,0.006733,0.006715,0.006719,20714,149.630997,149.783005,149.369995,149.701996,0,-0.86268,-0.858818,-0.870328
2025.10.17 08:00,0.006719,0.006724,0.006709,0.006715,8573,149.697998,149.916,149.578995,149.779007,0,-0.862492,-0.857995,-0.858682
2025.10.17 09:00,0.006715,0.006723,0.00671,0.00672,5057,149.776001,149.903,149.598007,149.667007,0,-0.860602,-0.854891,-0.857482
2025.10.17 10:00,0.006719,0.00672,0.006706,0.006708,7022,149.667999,149.960999,149.664001,149.925003,0,-0.851924,-0.854476,-0.860383
2025.10.17 11:00,0.006708,0.00671,0.00669,0.006694,16084,149.925003,150.330994,149.863007,150.233994,0,-0.86533,-0.842814,-0.857637
2025.10.17 12:00,0.006694,0.006694,0.006681,0.006688,12973,150.231995,150.542007,150.225998,150.384003,0,-0.852618,-0.849641,-0.862475
2025.10.17 13:00,0.006688,0.006698,0.006685,0.006689,12861,150.382996,150.447006,150.156006,150.356995,0,-0.858373,-0.857703,-0.857816
2025.10.17 14:00,0.006689,0.00669,0.006679,0.006686,12654,150.345993,150.591995,150.341003,150.419998,0,-0.857778,-0.853001,-0.853744
2025.10.17 15:00,0.006686,0.006696,0.006685,0.00669,9122,150.414001,150.453995,150.199005,150.324997,0,-0.865362,-0.856119,-0.84817
2025.10.17 16:00,0.00669,0.00669,0.006683,0.006686,5569,150.343994,150.5,150.324005,150.408005,0,-0.8666,-0.847178,-0.852927
2025.10.17 17:00,0.006687,0.006689,0.006684,0.006684,4251,150.408005,150.492004,150.354004,150.468002,0,-0.869801,-0.854825,-0.845799
2025.10.17 18:00,0.006684,0.006687,0.006681,0.006683,5060,150.488007,150.533997,150.404007,150.494995,0,-0.855802,-0.860114,-0.861595
2025.10.17 19:00,0.006682,0.006685,0.006682,0.006684,3235,150.498001,150.520996,150.447006,150.481003,0,-0.865207,-0.858373,-0.858799
2025.10.17 20:00,0.006684,0.006684,0.006677,0.006683,2744,150.468002,150.639999,150.457001,150.584,0,-0.860928,-0.845992,-0.950599
2025.10.19 23:00,0.006667,0.006669,0.006661,0.006664,5474,150.822998,150.964996,150.798004,150.917007,0,-0.848653,-0.839246,-0.856983
2025.10.20 00:00,0.006663,0.006671,0.006661,0.006664,11840,150.912994,150.977005,150.759995,150.908005,0,-0.838128,-0.846198,-0.84798
2025.10.20 01:00,0.006664,0.006665,0.006651,0.006661,8981,150.901993,151.199997,150.858002,150.951004,0,-0.846669,-0.831744,-0.83466
2025.10.20 02:00,0.006663,0.006669,0.006661,0.006666,5192,150.951004,150.996994,150.800995,150.865005,0,-0.858117,-0.842237,-0.850004
2025.10.20 03:00,0.006665,0.006675,0.006665,0.006672,3673,150.865005,150.886993,150.634003,150.722,0,-0.849489,-0.821265,-0.841905
2025.10.20 04:00,0.006672,0.006681,0.006671,0.006678,3634,150.718994,150.768997,150.501999,150.593994,0,-0.855201,-0.823804,-0.848563
2025.10.20 05:00,0.006677,0.006682,0.006673,0.006675,4176,150.595993,150.690002,150.487,150.643005,0,-0.843594,-0.831211,-0.841491
2025.10.20 06:00,0.006676,0.00668,0.006671,0.006674,6039,150.647995,150.744003,150.542999,150.686996,0,-0.852673,-0.842403,-0.851817
2025.10.20 07:00,0.006673,0.006675,0.006667,0.006671,3006,150.677994,150.830002,150.645004,150.740005,0,-0.837496,-0.832267,-0.837438
2025.10.20 08:00,0.006671,0.006679,0.006669,0.006678,6384,150.737,150.796005,150.570999,150.578995,0,-0.837247,-0.836782,-0.833564
2025.10.20 09:00,0.006679,0.006692,0.00667,0.006671,11013,150.578003,150.770996,150.266006,150.720001,0,-0.845959,-0.833853,-0.828671
2025.10.20 10:00,0.006671,0.006674,0.006667,0.006672,3682,150.729996,150.835007,150.660995,150.712006,0,-0.831259,-0.825816,-0.831911
2025.10.20 11:00,0.006673,0.006674,0.006665,0.006673,2933,150.699997,150.856003,150.662994,150.695999,0,-0.829746,-0.827814,-0.827138
2025.10.20 12:00,0.006673,0.006677,0.006669,0.006674,6019,150.697998,150.774994,150.600998,150.667999,0,-0.838715,-0.833135,-0.832819
2025.10.20 13:00,0.006675,0.006677,0.006667,0.006669,6070,150.671997,150.852005,150.606995,150.761002,0,-0.848258,-0.827923,-0.824723
2025.10.20 14:00,0.006669,0.006686,0.006668,0.006677,8538,150.761002,150.811005,150.404999,150.587997,0,-0.840999,-0.827556,-0.831351
2025.10.20 15:00,0.006677,0.006682,0.006677,0.006678,13039,150.591003,150.621994,150.479996,150.589005,0,-0.842923,-0.835397,-0.843574
2025.10.20 16:00,0.006677,0.006681,0.006673,0.006673,3635,150.584,150.695999,150.522995,150.671005,0,-0.83836,-0.833606,-0.824597
2025.10.20 17:00,0.006673,0.006675,0.006669,0.006669,2446,150.667999,150.796997,150.658997,150.776001,0,-0.838239,-0.835044,-0.839722
2025.10.20 18:00,0.006669,0.006675,0.006667,0.006673,6404,150.776993,150.826996,150.656006,150.684998,0,-0.845741,-0.832053,-0.827358
2025.10.20 19:00,0.006673,0.006676,0.006671,0.006673,2336,150.690002,150.731003,150.621994,150.692993,0,-0.839672,-0.831702,-0.824132
2025.10.20 20:00,0.006673,0.006673,0.00667,0.006672,1870,150.690994,150.766006,150.677994,150.731003,0,-0.84097,-0.831585,-0.850908
2025.10.20 22:00,0.006673,0.006673,0.006669,0.006671,0,150.643997,150.763,150.615997,150.742996,0,-0.826721,-0.769589,-0.840429
2025.10.20 23:00,0.006671,0.006671,0.006667,0.006667,2252,150.725006,150.822006,150.709,150.817993,0,-0.818259,-0.806432,-0.814246
2025.10.21 00:00,0.006667,0.006682,0.006665,0.006674,8003,150.807007,150.850006,150.462997,150.654007,0,-0.823749,-0.807209,-0.818827
2025.10.21 01:00,0.006673,0.00668,0.006659,0.006659,6844,150.651993,150.994003,150.518005,150.975006,0,-0.821309,-0.817409,-0.813579
2025.10.21 02:00,0.006659,0.006661,0.006652,0.006653,6633,150.973999,151.145004,150.957001,151.110992,0,-0.814274,-0.818124,-0.802864
2025.10.21 03:00,0.006653,0.006659,0.006651,0.006657,0,151.117996,151.149002,150.994995,151.042999,0,-0.806969,-0.811021,-0.813901
2025.10.21 04:00,0.006656,0.006664,0.006648,0.006655,9227,151.041,151.238998,150.876007,151.076004,0,-0.817816,-0.815983,-0.813047
2025.10.21 05:00,0.006655,0.006665,0.006636,0.006636,14777,151.074997,151.520996,150.856003,151.498993,0,-0.827802,-0.818499,-0.817155
2025.10.21 06:00,0.006636,0.006649,0.006632,0.006648,7715,151.509003,151.606995,151.212006,151.255997,0,-0.822922,-0.813452,-0.823508
2025.10.21 07:00,0.006648,0.006656,0.006648,0.006653,7859,151.246994,151.263,151.056,151.151001,0,-0.830512,-0.815613,-0.831573
2025.10.21 08:00,0.006652,0.006656,0.006629,0.006632,15667,151.149994,151.677002,151.061996,151.608994,0,-0.824685,-0.82161,-0.824921
2025.10.21 09:00,0.006632,0.006633,0.006623,0.006624,8088,151.604004,151.802002,151.585007,151.789993,0,-0.813022,-0.823662,-0.812414
2025.10.21 10:00,0.006624,0.006626,0.006613,0.006618,13004,151.792007,152.048004,151.733994,151.917007,0,-0.819275,-0.813381,-0.813957
2025.10.21 11:00,0.006619,0.006623,0.006615,0.006617,8101,151.925995,152.009003,151.802994,151.944,0,-0.837419,-0.814014,-0.818109
2025.10.21 12:00,0.006617,0.006619,0.006607,0.006614,8682,151.945007,152.173996,151.886993,152.026993,0,-0.830823,-0.818181,-0.832558
2025.10.21 13:00,0.006614,0.006633,0.006611,0.006633,29660,152.022995,152.091003,151.580002,151.598007,0,-0.839395,-0.818657,-0.836662
2025.10.21 14:00,0.006632,0.006638,0.00662,0.006621,18607,151.593002,151.882996,151.449005,151.871002,0,-0.825596,-0.812564,-0.836413
2025.10.21 15:00,0.00662,0.006629,0.00662,0.006626,7117,151.869003,151.876007,151.675003,151.722,0,-0.830008,-0.822686,-0.812768
2025.10.21 16:00,0.006628,0.00663,0.006617,0.006621,7922,151.723007,151.949997,151.645996,151.850006,0,-0.835527,-0.816438,-0.815417
2025.10.21 17:00,0.006622,0.006623,0.006617,0.006618,3061,151.854996,151.972,151.800995,151.919006,0,-0.834697,-0.812015,-0.815956
2025.10.21 18:00,0.006619,0.00662,0.006618,0.006619,3006,151.919006,151.927002,151.869995,151.908005,0,-0.823952,-0.823996,-0.816373
2025.10.21 19:00,0.006619,0.006619,0.006617,0.006619,4153,151.910004,151.970001,151.886002,151.912994,0,-0.832698,-0.81719,-0.821362
2025.10.21 20:00,0.006619,0.00662,0.006617,0.006618,2075,151.908005,151.947006,151.863998,151.921997,0,-0.832537,-0.818,-0.818947
2025.10.21 22:00,0.006619,0.006621,0.006617,0.006617,0,151.865997,151.925995,151.848999,151.925003,0,-0.800104,-0.81441,-0.799112
2025.10.21 23:00,0.006617,0.00662,0.006616,0.00662,2642,151.931,151.959,151.856003,151.873001,0,-0.810271,-0.810004,-0.815602
2025.10.22 00:00,0.00662,0.006632,0.00662,0.00663,11455,151.873001,151.876999,151.598007,151.628006,0,-0.8196,-0.802563,-0.809814
2025.10.22 01:00,0.006631,0.006637,0.006626,0.006626,6523,151.626007,151.753006,151.483994,151.744003,0,-0.821002,-0.81351,-0.823391
2025.10.22 02:00,0.006626,0.006632,0.006625,0.00663,3230,151.742996,151.759995,151.582993,151.628998,0,-0.816596,-0.810279,-0.810806
2025.10.22 03:00,0.006631,0.006631,0.006624,0.006624,2250,151.626999,151.817993,151.623001,151.794006,0,-0.851813,-0.816184,-0.827826
2025.10.22 04:00,0.006622,0.006626,0.00662,0.006626,2984,151.794006,151.875,151.75,151.757996,0,-0.817601,-0.817996,-0.825991
2025.10.22 05:00,0.006626,0.006626,0.00662,0.006621,1997,151.751999,151.873001,151.714005,151.854996,0,-0.827002,-0.804772,-0.820406
2025.10.22 06:00,0.006621,0.006628,0.006617,0.006626,6067,151.854996,151.949005,151.690002,151.737,0,-0.823114,-0.814931,-0.816387
2025.10.22 07:00,0.006626,0.006631,0.006621,0.006622,4859,151.738007,151.858994,151.615005,151.822006,0,-0.824404,-0.808188,-0.821624
2025.10.22 08:00,0.006622,0.00663,0.006619,0.006628,5133,151.822006,151.908997,151.625,151.682999,0,-0.817365,-0.806808,-0.8193
2025.10.22 09:00,0.006628,0.00663,0.006622,0.006623,1873,151.684006,151.826004,151.641998,151.815002,0,-0.825622,-0.81244,-0.826023
2025.10.22 10:00,0.006622,0.006626,0.006622,0.006622,2683,151.813004,151.834,151.710999,151.813004,0,-0.822224,-0.801766,-0.812621
2025.10.22 11:00,0.006622,0.006626,0.006619,0.006624,3594,151.813004,151.893005,151.714005,151.781998,0,-0.824193,-0.804772,-0.815817
2025.10.22 12:00,0.006624,0.006625,0.006616,0.006617,6165,151.783005,151.968002,151.748001,151.921997,0,-0.819274,-0.804603,-0.796106
2025.10.22 13:00,0.006617,0.00662,0.006613,0.006616,8509,151.925003,152.044998,151.863998,151.966995,0,-0.827695,-0.806599,-0.818267
2025.10.22 14:00,0.006616,0.00662,0.006615,0.006619,7669,151.964005,152.009995,151.854004,151.880005,0,-0.826992,-0.808005,-0.811193
2025.10.22 15:00,0.006619,0.006626,0.006619,0.006624,6143,151.880005,151.910004,151.744995,151.792007,0,-0.818372,-0.812991,-0.814428
2025.10.22 16:00,0.006624,0.006636,0.006622,0.006624,15375,151.781998,151.843994,151.496994,151.761993,0,-0.820812,-0.815156,-0.795813
2025.10.22 17:00,0.006624,0.006632,0.006622,0.00663,5953,151.753006,151.811005,151.591995,151.630997,0,-0.810622,-0.796551,-0.801438
2025.10.22 18:00,0.00663,0.00663,0.006619,0.00662,5011,151.630997,151.891006,151.628006,151.869003,0,-0.81078,-0.798448,-0.811604
2025.10.22 19:00,0.006619,0.006621,0.006614,0.006615,3163,151.878998,152.007004,151.839996,151.975998,0,-0.812569,-0.805407,-0.804415
2025.10.22 20:00,0.006615,0.006619,0.006614,0.006617,1727,151.975998,152.011002,151.893997,151.979996,0,-0.816567,-0.802365,-0.842692
2025.10.22 22:00,0.006616,0.00662,0.006615,0.006617,0,151.858002,151.927002,151.813004,151.895996,0,-0.766847,-0.755604,-0.758693
2025.10.22 23:00,0.006617,0.006617,0.006613,0.006613,2320,151.893997,151.996994,151.893997,151.981003,0,-0.768265,-0.756694,-0.775135
2025.10.23 00:00,0.006613,0.006613,0.006601,0.006605,7864,151.975998,152.261993,151.960999,152.136993,0,-0.7698,-0.755131,-0.747997
2025.10.23 01:00,0.006606,0.006607,0.006593,0.006595,6921,152.139999,152.455994,152.104996,152.412994,0,-0.76847,-0.750367,-0.771476
2025.10.23 02:00,0.006594,0.006595,0.006591,0.006592,4560,152.408005,152.501007,152.373001,152.459,0,-0.767451,-0.754469,-0.759968
2025.10.23 03:00,0.006592,0.006595,0.006591,0.006591,3211,152.455994,152.483994,152.384003,152.470993,0,-0.761951,-0.765471,-0.760452
2025.10.23 04:00,0.006589,0.006595,0.006588,0.006595,2619,152.464005,152.574997,152.397995,152.406998,0,-0.795381,-0.756476,-0.765479
2025.10.23 05:00,0.006594,0.006599,0.006594,0.006596,2523,152.408005,152.425995,152.311005,152.373993,0,-0.772975,-0.761412,-0.766957
2025.10.23 06:00,0.006596,0.006598,0.006584,0.006584,5085,152.369003,152.647995,152.320999,152.636002,0,-0.776174,-0.759919,-0.764181
2025.10.23 07:00,0.006584,0.006596,0.006584,0.006591,5799,152.636002,152.645996,152.371002,152.496002,0,-0.774175,-0.763966,-0.77396
2025.10.23 08:00,0.006591,0.006593,0.006584,0.006586,3071,152.492996,152.649994,152.449005,152.606995,0,-0.766637,-0.772988,-0.769761
2025.10.23 09:00,0.006586,0.00659,0.006584,0.006588,2473,152.602997,152.664993,152.501007,152.569,0,-0.770109,-0.755936,-0.766349
2025.10.23 10:00,0.006587,0.006588,0.006578,0.006579,3034,152.563004,152.774994,152.559998,152.759003,0,-0.764655,-0.768859,-0.76022
2025.10.23 11:00,0.006579,0.006584,0.006578,0.006584,2351,152.764999,152.792007,152.656998,152.666,0,-0.770112,-0.762113,-0.771116
2025.10.23 12:00,0.006584,0.006593,0.006582,0.006589,5269,152.666,152.718994,152.447998,152.533997,0,-0.777951,-0.771981,-0.777409
2025.10.23 13:00,0.006589,0.006591,0.00658,0.006583,7580,152.529999,152.731995,152.468002,152.677994,0,-0.767857,-0.757461,-0.77157
2025.10.23 14:00,0.006583,0.006588,0.006582,0.006586,7367,152.684998,152.709,152.570007,152.606995,0,-0.767957,-0.767356,-0.769761
2025.10.23 15:00,0.006586,0.006588,0.006579,0.006581,6691,152.610992,152.764008,152.576004,152.725998,0,-0.765224,-0.773353,-0.773408
2025.10.23 16:00,0.006581,0.006583,0.006578,0.006582,3452,152.722,152.796997,152.664001,152.712006,0,-0.763553,-0.757577,-0.770963
2025.10.23 17:00,0.006582,0.006586,0.006579,0.006586,5033,152.712006,152.768005,152.606003,152.613998,0,-0.769222,-0.757249,-0.765244
2025.10.23 18:00,0.006586,0.00659,0.006584,0.006589,3486,152.606995,152.647995,152.514999,152.531998,0,-0.776174,-0.769929,-0.77541
2025.10.23 19:00,0.006589,0.006591,0.006588,0.006588,2787,152.531998,152.567993,152.488007,152.552994,0,-0.776855,-0.765964,-0.761855
2025.10.23 20:00,0.006588,0.006588,0.006586,0.006586,1438,152.559006,152.608994,152.535995,152.552002,0,-0.77176,-0.756379,-0.726297
2025.10.23 22:00,0.006588,0.006589,0.006586,0.006586,0,152.529999,152.593002,152.496994,152.589005,0,-0.755769,-0.740406,-0.7633
2025.10.23 23:00,0.006587,0.006587,0.006583,0.006586,1573,152.580002,152.673996,152.557007,152.598007,0,-0.767572,-0.74283,-0.749253
2025.10.24 00:00,0.006586,0.006591,0.006583,0.006584,6215,152.606003,152.664001,152.464996,152.641998,0,-0.757577,-0.754455,-0.758641
2025.10.24 01:00,0.006584,0.006584,0.006573,0.006573,5956,152.641998,152.899994,152.632004,152.893005,0,-0.762461,-0.748647,-0.755473
2025.10.24 02:00,0.006572,0.006578,0.006572,0.006573,4313,152.893005,152.914001,152.761002,152.882996,0,-0.753325,-0.739106,-0.745463
2025.10.24 03:00,0.006574,0.00658,0.006572,0.006579,4112,152.886002,152.914001,152.703995,152.761993,0,-0.753325,-0.739857,-0.76321
2025.10.24 04:00,0.006575,0.006576,0.006572,0.006573,2199,152.768997,152.912003,152.759995,152.886002,0,-0.762893,-0.680308,-0.748469
2025.10.24 05:00,0.006573,0.006574,0.006566,0.00657,5008,152.886002,153.035995,152.871994,152.949997,0,-0.747862,-0.757609,-0.754575
2025.10.24 06:00,0.00657,0.006572,0.006566,0.006572,3153,152.949997,153.061996,152.903,152.914993,0,-0.750673,-0.730743,-0.742737
2025.10.24 07:00,0.006572,0.006579,0.00657,0.006576,5064,152.903,152.953003,152.746002,152.826996,0,-0.757581,-0.747219,-0.747309
2025.10.24 08:00,0.006576,0.006576,0.006568,0.00657,3475,152.826996,153.018997,152.804001,152.936005,0,-0.754058,-0.747434,-0.740582
2025.10.24 09:00,0.00657,0.006572,0.006568,0.00657,2763,152.932007,152.994995,152.897003,152.947998,0,-0.74165,-0.747894,-0.741001
2025.10.24 10:00,0.00657,0.006572,0.006569,0.006569,1248,152.957001,152.983002,152.897003,152.973999,0,-0.752829,-0.747894,-0.743826
2025.10.24 11:00,0.00657,0.006572,0.006569,0.006571,2722,152.973007,152.992004,152.893997,152.934998,0,-0.761831,-0.744888,-0.751159
2025.10.24 12:00,0.006572,0.006605,0.00657,0.006582,29603,152.925003,152.960999,152.216995,152.658997,0,-0.754002,-0.816536,-0.741031
2025.10.24 13:00,0.006582,0.006586,0.006568,0.006576,14767,152.673004,153.018997,152.585999,152.824997,0,-0.765652,-0.748765,-0.756865
2025.10.24 14:00,0.006576,0.006582,0.006573,0.006578,10454,152.826996,152.901993,152.690002,152.766998,0,-0.76446,-0.74896,-0.75666
2025.10.24 15:00,0.006578,0.006581,0.006574,0.006576,4307,152.764008,152.878006,152.701004,152.820999,0,-0.763621,-0.748414,-0.752868
2025.10.24 16:00,0.006576,0.006578,0.006574,0.006575,2268,152.817001,152.876007,152.776001,152.837006,0,-0.750049,-0.754105,-0.745751
2025.10.24 17:00,0.006576,0.006579,0.006576,0.006576,1699,152.828995,152.839005,152.744003,152.804993,0,-0.770873,-0.74522,-0.748425
2025.10.24 18:00,0.006577,0.006577,0.006573,0.006574,2226,152.800003,152.889999,152.789993,152.858002,0,-0.752467,-0.744988,-0.743617
2025.10.24 19:00,0.006574,0.006577,0.006572,0.006576,2644,152.858002,152.895996,152.796005,152.824997,0,-0.746887,-0.751,-0.756865
2025.10.24 20:00,0.006576,0.006579,0.006573,0.006574,1856,152.820999,152.889999,152.744003,152.809998,0,-0.752467,-0.74522,-0.695613
2025.10.27 00:00,0.006564,0.006575,0.006561,0.006572,7294,153.061005,153.153,152.820999,152.891006,0,-0.737207,-0.729745,-0.741897
2025.10.27 01:00,0.006572,0.006583,0.006568,0.006575,5282,152.886002,152.990005,152.641006,152.834,0,-0.748242,-0.734582,-0.742745
2025.10.27 02:00,0.006574,0.006576,0.006567,0.006568,3229,152.826996,153.014008,152.817993,152.968002,0,-0.737472,-0.738306,-0.726239
2025.10.27 03:00,0.006568,0.00657,0.006566,0.006566,1964,152.981003,153.050995,152.944,153.035995,0,-0.739672,-0.737003,-0.736274
2025.10.27 04:00,0.006566,0.006566,0.00656,0.006562,3458,153.035995,153.164001,153.028,153.130005,0,-0.73659,-0.728278,-0.737445
2025.10.27 05:00,0.006562,0.006563,0.006557,0.006562,3720,153.130005,153.255005,153.104996,153.123001,0,-0.73461,-0.73565,-0.730441
2025.10.27 06:00,0.006562,0.006575,0.006562,0.006569,4367,153.125,153.136993,152.826996,152.972,0,-0.744433,-0.735741,-0.741827
2025.10.27 07:00,0.006568,0.006574,0.006566,0.006567,4507,152.970001,153.029007,152.854996,153.014008,0,-0.740874,-0.729038,-0.737472
2025.10.27 08:00,0.006567,0.006579,0.006565,0.006576,4516,153.007996,153.076996,152.733994,152.811996,0,-0.75407,-0.73521,-0.73231
2025.10.27 09:00,0.006576,0.006581,0.006576,0.006579,3071,152.815994,152.820999,152.692001,152.738998,0,-0.741312,-0.739412,-0.740215
2025.10.27 10:00,0.006578,0.006579,0.006574,0.006578,2657,152.738998,152.848999,152.716995,152.766998,0,-0.746175,-0.718212,-0.745102
2025.10.27 11:00,0.006578,0.006586,0.006576,0.006584,4075,152.766998,152.807007,152.589996,152.634995,0,-0.75044,-0.741242,-0.74011
2025.10.27 12:00,0.006584,0.006586,0.006572,0.006575,6168,152.632004,152.897995,152.559006,152.835999,0,-0.748886,-0.733301,-0.744744
2025.10.27 13:00,0.006574,0.006576,0.006559,0.006563,9417,152.834,153.195999,152.802002,153.108002,0,-0.733731,-0.73387,-0.738656
2025.10.27 14:00,0.006563,0.006568,0.00656,0.006568,4929,153.104996,153.190002,152.992996,152.996994,0,-0.750981,-0.739651,-0.732055
2025.10.27 15:00,0.006568,0.006568,0.006563,0.006564,5775,153.001007,153.119995,152.979996,153.084,0,-0.75065,-0.738232,-0.737873
2025.10.27 16:00,0.006564,0.006568,0.006564,0.006568,3448,153.085007,153.091003,152.970993,152.992004,0,-0.744877,-0.729229,-0.750241
2025.10.27 17:00,0.006568,0.00657,0.006564,0.006565,1456,152.990005,153.093994,152.936005,153.057007,0,-0.747867,-0.740582,-0.734081
2025.10.27 18:00,0.006566,0.006578,0.006565,0.006576,6689,153.054993,153.070999,152.753998,152.813995,0,-0.748073,-0.743659,-0.734309
2025.10.27 19:00,0.006576,0.006576,0.00657,0.006572,3549,152.819,152.953003,152.809998,152.906998,0,-0.746006,-0.741866,-0.746321
2025.10.27 20:00,0.006572,0.006574,0.006572,0.006574,1843,152.899002,152.910995,152.839005,152.873993,0,-0.738739,-0.73618,-0.759608
2025.10.27 22:00,0.006576,0.006578,0.006575,0.006578,0,152.839996,152.839996,152.727005,152.740005,0,-0.748742,-0.716666,-0.71811
2025.10.27 23:00,0.006578,0.006584,0.006577,0.00658,2285,152.742004,152.776993,152.626007,152.703995,0,-0.731988,-0.731123,-0.739857
2025.10.28 00:00,0.00658,0.006593,0.006579,0.006588,8071,152.692001,152.735992,152.389008,152.492996,0,-0.737209,-0.712991,-0.71338
2025.10.28 01:00,0.006589,0.006599,0.006588,0.006593,5037,152.488998,152.511993,152.257996,152.399002,0,-0.732377,-0.719888,-0.734479
2025.10.28 02:00,0.006593,0.006597,0.006589,0.006591,2621,152.399002,152.472,152.291,152.451996,0,-0.715412,-0.718431,-0.729954
2025.10.28 03:00,0.006591,0.006603,0.00659,0.006601,0,152.455002,152.473999,152.160004,152.276993,0,-0.728928,-0.725156,-0.773321
2025.10.28 04:00,0.006598,0.006617,0.006598,0.006616,7243,152.268997,152.302002,151.847,151.873001,0,-0.740922,-0.721109,-0.724273
2025.10.28 05:00,0.006615,0.006621,0.006611,0.006615,6739,151.873001,151.970001,151.753006,151.906006,0,-0.718393,-0.718417,-0.723003
2025.10.28 06:00,0.006614,0.006619,0.006607,0.006609,4160,151.906006,152.059006,151.804993,152.013,0,-0.715833,-0.713361,-0.715624
2025.10.28 07:00,0.006609,0.006609,0.006595,0.006604,7615,152.018997,152.352997,152.011993,152.141998,0,-0.722978,-0.714617,-0.718618
2025.10.28 08:00,0.006604,0.006617,0.006603,0.006613,6278,152.138,152.162003,151.837006,151.945999,0,-0.727155,-0.711115,-0.71727
2025.10.28 09:00,0.006613,0.006615,0.006607,0.006615,5352,151.945999,152.080002,151.867996,151.910004,0,-0.725373,-0.707841,-0.727001
2025.10.28 10:00,0.006614,0.006617,0.006611,0.006616,4893,151.910004,151.987,151.820007,151.856995,0,-0.712516,-0.705538,-0.708266
2025.10.28 11:00,0.006616,0.006617,0.006607,0.006609,4590,151.858002,152.082001,151.854004,152.029999,0,-0.727372,-0.7167,-0.709733
2025.10.28 12:00,0.006609,0.006609,0.006601,0.006605,7527,152.029007,152.218002,152.014008,152.128006,0,-0.71433,-0.716631,-0.716092
2025.10.28 13:00,0.006605,0.006605,0.006594,0.006603,8090,152.132996,152.371002,152.123993,152.195007,0,-0.717982,-0.723533,-0.737228
2025.10.28 14:00,0.006601,0.006611,0.006599,0.006611,8322,152.192993,152.261993,151.968002,151.985992,0,-0.723886,-0.716394,-0.722942
2025.10.28 15:00,0.006611,0.006617,0.006603,0.006604,15757,151.981995,152.177994,151.845993,152.136002,0,-0.720215,-0.720102,-0.712622
2025.10.28 16:00,0.006604,0.006605,0.006597,0.006605,13337,152.136002,152.306,152.104996,152.106003,0,-0.72195,-0.715999,-0.717006
2025.10.28 17:00,0.006605,0.006606,0.006602,0.006603,2691,152.108994,152.195007,152.087006,152.171005,0,-0.725755,-0.70947,-0.724698
2025.10.28 18:00,0.006603,0.006607,0.0066,0.006606,6408,152.175003,152.246002,152.084,152.098007,0,-0.73085,-0.717924,-0.720472
2025.10.28 19:00,0.006605,0.006613,0.006605,0.006607,4873,152.098999,152.104004,151.940994,152.048996,0,-0.715007,-0.712265,-0.705823
2025.10.28 20:00,0.006608,0.006608,0.006605,0.006605,1853,152.048004,152.130997,152.037003,152.098999,0,-0.719083,-0.705284,-0.69854
2025.10.28 22:00,0.006605,0.006605,0.006601,0.006603,0,152.033997,152.179001,152.020004,152.164001,0,-0.698274,-0.631008,-0.706223
2025.10.28 23:00,0.006603,0.006622,0.006601,0.006621,6924,152.160995,152.192993,151.781998,151.828003,0,-0.7008,-0.770222,-0.793414
2025.10.29 00:00,0.00662,0.00663,0.006615,0.006625,15930,151.735992,151.888,151.529999,151.634003,0,-0.704998,-0.689062,-0.690605
2025.10.29 01:00,0.006626,0.006629,0.006613,0.006614,6635,151.626999,151.916,151.542007,151.889999,0,-0.698697,-0.689691,-0.695565
2025.10.29 02:00,0.006613,0.006615,0.006603,0.006611,4509,151.888,152.141998,151.884003,151.981003,0,-0.695691,-0.701,-0.706519
2025.10.29 03:00,0.00661,0.006613,0.006607,0.006608,1712,151.977005,152.054993,151.910004,152.052002,0,-0.71182,-0.692701,-0.720283
2025.10.29 04:00,0.006607,0.006611,0.006605,0.006606,2677,152.048996,152.113998,151.953995,152.070007,0,-0.702085,-0.702386,-0.692472
2025.10.29 05:00,0.006607,0.006607,0.006586,0.006593,9494,152.067993,152.542999,152.057007,152.360992,0,-0.705765,-0.690931,-0.69647
2025.10.29 06:00,0.006594,0.006604,0.00659,0.006603,3281,152.358002,152.451996,152.123001,152.139999,0,-0.706925,-0.699621,-0.705151
2025.10.29 07:00,0.006603,0.006609,0.006602,0.006607,4952,152.141006,152.179001,151.996002,152.054001,0,-0.709749,-0.698625,-0.710828
2025.10.29 08:00,0.006607,0.006607,0.006595,0.006595,4272,152.059998,152.332993,152.042007,152.332993,0,-0.702973,-0.698835,-0.702973
2025.10.29 09:00,0.006595,0.006601,0.006589,0.006599,4442,152.332001,152.468994,152.188995,152.231995,0,-0.700898,-0.696802,-0.70536
2025.10.29 10:00,0.006599,0.006601,0.006595,0.006599,1816,152.231003,152.343002,152.201004,152.240997,0,-0.712983,-0.708811,-0.70289
2025.10.29 11:00,0.006599,0.006603,0.006592,0.006599,3624,152.237,152.406006,152.130005,152.240997,0,-0.706975,-0.683698,-0.70289
2025.10.29 12:00,0.006599,0.006603,0.006597,0.006599,4001,152.238998,152.296997,152.156006,152.238998,0,-0.712948,-0.698227,-0.712364
2025.10.29 13:00,0.006599,0.006615,0.006599,0.00661,14723,152.242004,152.242996,151.858994,151.992996,0,-0.704889,-0.698839,-0.707067
2025.10.29 14:00,0.006609,0.006611,0.006603,0.006608,5835,151.996002,152.167999,151.977997,152.029999,0,-0.71022,-0.714946,-0.69828
2025.10.29 15:00,0.006609,0.006614,0.006607,0.006613,9044,152.029999,152.061005,151.899994,151.912003,0,-0.717832,-0.705559,-0.706135
2025.10.29 16:00,0.006613,0.006614,0.006602,0.006603,9718,151.906998,152.177994,151.891998,152.147003,0,-0.708742,-0.697564,-0.712155
2025.10.29 17:00,0.006603,0.006606,0.006594,0.006598,4840,152.145004,152.317001,152.084,152.244003,0,-0.663982,-0.706464,-0.682923
2025.10.29 18:00,0.006597,0.006603,0.006564,0.006574,42051,152.246994,153.054993,152.173996,152.809998,0,-0.708866,-0.727689,-0.707173
2025.10.29 19:00,0.006574,0.006577,0.006564,0.006574,12067,152.820999,153.059998,152.744995,152.813995,0,-0.713871,-0.69999,-0.711171
2025.10.29 20:00,0.006575,0.006584,0.006572,0.006578,3156,152.815994,152.876007,152.582001,152.714005,0,-0.726898,-0.71018,-0.692109
2025.10.29 22:00,0.006579,0.00658,0.006576,0.006578,0,152.645996,152.735992,152.602005,152.690002,0,-0.656306,-0.626317,-0.656558
2025.10.29 23:00,0.006578,0.006582,0.006574,0.006576,2464,152.684006,152.755997,152.580002,152.725006,0,-0.641612,-0.650493,-0.656875
2025.10.30 00:00,0.006576,0.006586,0.006566,0.00658,9197,152.718994,152.945999,152.498001,152.626999,0,-0.657866,-0.649247,-0.651311
2025.10.30 01:00,0.00658,0.006588,0.006578,0.006584,6642,152.626999,152.679001,152.445999,152.537994,0,-0.668662,-0.654861,-0.654637
2025.10.30 02:00,0.006584,0.006593,0.006583,0.006593,3853,152.541,152.561005,152.309998,152.322006,0,-0.654581,-0.645475,-0.64599
2025.10.30 03:00,0.006593,0.0066,0.006559,0.006566,22509,152.322006,153.138,152.154999,152.957993,0,-0.664117,-0.639846,-0.646669
2025.10.30 04:00,0.006571,0.006583,0.006566,0.006574,9765,152.957001,153.020996,152.554001,152.766006,0,-0.732863,-0.647577,-0.663182
2025.10.30 05:00,0.006574,0.006578,0.006562,0.006562,4048,152.755997,153.042007,152.667999,153.037003,0,-0.649447,-0.646103,-0.644443
2025.10.30 06:00,0.006562,0.006567,0.006542,0.006549,14053,153.035995,153.516998,152.927994,153.332001,0,-0.658545,-0.651458,-0.636928
2025.10.30 07:00,0.006549,0.006553,0.00654,0.006547,9521,153.337997,153.546005,153.270996,153.401001,0,-0.640806,-0.657494,-0.659282
2025.10.30 08:00,0.006547,0.006547,0.006526,0.006532,17369,153.397995,153.886993,153.397995,153.742004,0,-0.653769,-0.644619,-0.649534
2025.10.30 09:00,0.006531,0.006537,0.006529,0.006531,6352,153.740005,153.800995,153.617996,153.779007,0,-0.649906,-0.654321,-0.651375
2025.10.30 10:00,0.00653,0.006531,0.006523,0.006523,5661,153.774994,153.959,153.766006,153.955994,0,-0.655307,-0.650101,-0.652301
2025.10.30 11:00,0.006523,0.006527,0.006514,0.006516,10593,153.951996,154.173996,153.858994,154.115005,0,-0.658486,-0.649252,-0.658393
2025.10.30 12:00,0.006516,0.006518,0.00651,0.00651,11346,154.112,154.287994,154.074005,154.287994,0,-0.666367,-0.652706,-0.666367
2025.10.30 13:00,0.006509,0.006515,0.006502,0.006512,17717,154.283997,154.444,154.130997,154.192993,0,-0.656991,-0.639055,-0.642127
2025.10.30 14:00,0.006514,0.006519,0.006512,0.006513,13118,154.197998,154.320999,154.048004,154.285995,0,-0.746556,-0.650245,-0.74692
2025.10.30 15:00,0.006574,0.006574,0.006507,0.006514,14348,154.283997,154.341995,154.039001,154.169998,0,-0.661343,-1.924617,-0.654488
2025.10.30 16:00,0.006514,0.006518,0.006512,0.006518,5381,154.167999,154.229004,154.063004,154.093994,0,-0.654561,-0.653475,-0.660933
2025.10.30 17:00,0.006518,0.006519,0.006514,0.006517,2304,154.093994,154.169998,154.044998,154.098007,0,-0.666273,-0.647239,-0.653171
2025.10.30 18:00,0.006518,0.00652,0.006516,0.006518,3418,154.097,154.149002,154.044998,154.078003,0,-0.668843,-0.659006,-0.644942
2025.10.30 19:00,0.006518,0.006521,0.006518,0.006518,6228,154.080002,154.089996,154.014999,154.070007,0,-0.656935,-0.664288,-0.660479
2025.10.30 20:00,0.006518,0.00652,0.006514,0.006516,1972,154.076996,154.156006,154.035004,154.115005,0,-0.652281,-0.660766,-0.658393
2025.10.30 22:00,0.00652,0.00652,0.006515,0.006516,0,154.059006,154.136993,154.024002,154.106995,0,-0.645052,-0.63801,-0.650382
2025.10.30 23:00,0.006516,0.006528,0.006514,0.006525,4261,154.102005,154.164001,153.830994,153.904999,0,-0.636715,-0.632991,-0.648296
2025.10.31 00:00,0.006525,0.006528,0.006519,0.006525,6913,153.899994,154.035995,153.815002,153.893005,0,-0.638236,-0.628725,-0.636303
2025.10.31 01:00,0.006526,0.006535,0.006524,0.006528,9334,153.888,153.921005,153.645004,153.830002,0,-0.640806,-0.634519,-0.643725
2025.10.31 02:00,0.006528,0.006531,0.006526,0.006526,3124,153.828995,153.884003,153.733994,153.882004,0,-0.639046,-0.629801,-0.637047
2025.10.31 03:00,0.006526,0.006527,0.006518,0.006518,2460,153.880005,154.067993,153.845993,154.035004,0,-0.646694,-0.636251,-0.625475
2025.10.31 04:00,0.006524,0.006525,0.00652,0.006523,2857,154.031998,154.057007,153.899994,153.936005,0,-0.682769,-0.643291,-0.632312
2025.10.31 05:00,0.006524,0.006528,0.006518,0.006524,4312,153.931,154.054993,153.826004,153.910995,0,-0.645464,-0.639727,-0.642545
2025.10.31 06:00,0.006525,0.006526,0.006511,0.006512,6482,153.906998,154.235001,153.876999,154.220993,0,-0.648762,-0.632042,-0.64655
2025.10.31 07:00,0.006511,0.006514,0.006504,0.006508,14571,154.218994,154.395004,154.164993,154.304993,0,-0.655281,-0.637707,-0.64796
2025.10.31 08:00,0.006508,0.006512,0.006503,0.00651,5844,154.304001,154.412994,154.216995,154.242004,0,-0.637812,-0.642553,-0.643967
2025.10.31 09:00,0.00651,0.006516,0.006508,0.006515,2715,154.242004,154.291,154.095993,154.123001,0,-0.645764,-0.627603,-0.63106
2025.10.31 10:00,0.006516,0.006517,0.006513,0.006516,1769,154.134003,154.184006,154.078003,154.125,0,-0.64493,-0.633167,-0.644841
2025.10.31 11:00,0.006516,0.006518,0.006513,0.006516,2545,154.125,154.184006,154.039993,154.089005,0,-0.64493,-0.630465,-0.632392
2025.10.31 12:00,0.006516,0.006526,0.00651,0.006515,9847,154.098999,154.251999,153.878998,154.128998,0,-0.642173,-0.634041,-0.637056
2025.10.31 13:00,0.006516,0.006518,0.006511,0.006518,7962,154.132996,154.231003,154.042999,154.070999,0,-0.644764,-0.633471,-0.637938
2025.10.31 14:00,0.006518,0.006526,0.006517,0.006523,9179,154.076996,154.095993,153.886993,153.942001,0,-0.651157,-0.642036,-0.638309
2025.10.31 15:00,0.006523,0.006524,0.006517,0.006519,10220,153.940994,154.093994,153.910995,154.039993,0,-0.649158,-0.642545,-0.642234
2025.10.31 16:00,0.006519,0.006522,0.006514,0.006516,7584,154.035004,154.173004,153.962997,154.110992,0,-0.645718,-0.64755,-0.642602
2025.10.31 17:00,0.006516,0.006518,0.006513,0.006516,3912,154.112,154.175995,154.076004,154.089996,0,-0.636919,-0.642943,-0.633384
2025.10.31 18:00,0.006516,0.006519,0.006515,0.006518,5111,154.091003,154.134003,154.029999,154.082001,0,-0.642061,-0.632239,-0.648939
2025.10.31 19:00,0.006518,0.006518,0.006515,0.006516,3656,154.085999,154.134995,154.056,154.108002,0,-0.643053,-0.6347,-0.639611
2025.10.31 20:00,0.006516,0.006521,0.006516,0.00652,4754,154.110001,154.119995,153.932999,153.936005,0,-0.651605,-0.582287,-0.573531
2025.11.03 00:00,0.006516,0.006516,0.006512,0.006514,1069,154.199005,154.216003,154.113998,154.169998,0,-0.665137,-0.657386,-0.642712
2025.11.03 01:00,0.006514,0.006518,0.006513,0.006516,2416,154.169998,154.188004,154.070999,154.110001,0,-0.648928,-0.637938,-0.64161
2025.11.03 02:00,0.006516,0.00652,0.006516,0.006518,1559,154.108994,154.126007,154.029999,154.078995,0,-0.645848,-0.644007,-0.645933
2025.11.03 03:00,0.006517,0.00652,0.006517,0.006518,1304,154.082001,154.095001,154.035004,154.063004,0,-0.650165,-0.649012,-0.641704
2025.11.03 04:00,0.006518,0.006522,0.006518,0.006518,1158,154.059998,154.085999,153.983994,154.072998,0,-0.652937,-0.645042,-0.639937
2025.11.03 05:00,0.006518,0.006518,0.006515,0.006516,1785,154.070007,154.134003,154.054001,154.117996,0,-0.642061,-0.644472,-0.637837
2025.11.03 06:00,0.006515,0.006516,0.00651,0.006512,3015,154.117996,154.242004,154.098007,154.184006,0,-0.632178,-0.641395,-0.633139
2025.11.03 07:00,0.006512,0.006516,0.006508,0.006516,4626,154.184006,154.283997,154.102005,154.104996,0,-0.63876,-0.645393,-0.636605
2025.11.03 08:00,0.006516,0.006518,0.006512,0.006516,3900,154.106995,154.205994,154.044998,154.102997,0,-0.643345,-0.63547,-0.646385
2025.11.03 09:00,0.006516,0.006518,0.006514,0.006514,1897,154.102997,154.169006,154.080994,154.160995,0,-0.653496,-0.647932,-0.645485
2025.11.03 10:00,0.006514,0.006516,0.006513,0.006514,1050,154.160995,154.190002,154.126007,154.164993,0,-0.650927,-0.645848,-0.649483
2025.11.03 11:00,0.006514,0.006517,0.006513,0.006514,1743,154.166,154.184998,154.091995,154.147003,0,-0.645922,-0.647159,-0.643278
2025.11.03 12:00,0.006514,0.006514,0.006512,0.006513,2121,154.147003,154.190994,154.136002,154.177002,0,-0.640128,-0.632277,-0.637926
2025.11.03 13:00,0.006513,0.006514,0.006508,0.00651,9150,154.175995,154.296005,154.171005,154.246002,0,-0.650769,-0.643719,-0.636176
2025.11.03 14:00,0.00651,0.006518,0.006509,0.006516,5680,154.242996,154.272995,154.069,154.095001,0,-0.639564,-0.647701,-0.638389
2025.11.03 15:00,0.006517,0.006524,0.006514,0.006517,13357,154.085999,154.158005,153.884003,154.093994,0,-0.642494,-0.615552,-0.649158
2025.11.03 16:00,0.006517,0.006518,0.006514,0.006515,8417,154.097,154.166,154.063004,154.126999,0,-0.65049,-0.641704,-0.635058
2025.11.03 17:00,0.006516,0.006518,0.006513,0.006514,3897,154.126007,154.175003,154.054993,154.149994,0,-0.635927,-0.645464,-0.634484
2025.11.03 18:00,0.006514,0.006516,0.00651,0.006514,4349,154.149002,154.240005,154.115005,154.167007,0,-0.641968,-0.646615,-0.639721
2025.11.03 19:00,0.006514,0.006516,0.00651,0.006513,9659,154.162994,154.251999,154.132004,154.184998,0,-0.642173,-0.651844,-0.645922
2025.11.03 20:00,0.006513,0.006514,0.006512,0.006513,2997,154.190002,154.218994,154.169006,154.188995,0,-0.644551,-0.64172,-0.64992
2025.11.03 21:00,0.006513,0.006514,0.006512,0.006512,1180,154.188995,154.216003,154.171997,154.199005,0,-0.641561,-0.64471,-0.636357
2025.11.03 23:00,0.00651,0.006513,0.00651,0.006512,0,154.190002,154.223999,154.151001,154.195999,0,-0.625962,-0.611925,-0.621556
2025.11.04 00:00,0.006511,0.006512,0.006503,0.006506,6735,154.203995,154.397003,154.192001,154.332993,0,-0.621821,-0.629353,-0.628724
2025.11.04 01:00,0.006506,0.006508,0.0065,0.006506,5737,154.332993,154.481995,154.294998,154.322998,0,-0.624006,-0.626156,-0.630533
2025.11.04 02:00,0.006506,0.006516,0.006505,0.006516,3903,154.322998,154.358002,154.100006,154.102997,0,-0.630099,-0.631616,-0.622837
2025.11.04 03:00,0.006516,0.006518,0.006514,0.006516,5258,154.102005,154.158005,154.048004,154.082993,0,-0.642494,-0.626705,-0.62638
2025.11.04 04:00,0.006517,0.006529,0.006516,0.006518,0,154.078995,154.100998,153.804993,154.056,0,-0.632607,-0.63045,-0.6347
2025.11.04 05:00,0.00652,0.006533,0.00652,0.006531,4329,154.056,154.080994,153.684006,153.727005,0,-0.706756,-0.614975,-0.622813
2025.11.04 06:00,0.006531,0.006541,0.006529,0.006537,9083,153.729996,153.789993,153.488998,153.621002,0,-0.638905,-0.618859,-0.633931
2025.11.04 07:00,0.006537,0.006549,0.006535,0.006538,7699,153.619995,153.630997,153.326996,153.574997,0,-0.620511,-0.631923,-0.623023
2025.11.04 08:00,0.006537,0.006547,0.006533,0.006535,8670,153.578003,153.697006,153.380997,153.649002,0,-0.627976,-0.62762,-0.626818
2025.11.04 09:00,0.006535,0.006545,0.006531,0.006542,6451,153.643997,153.755005,153.397003,153.479996,0,-0.627373,-0.620284,-0.621542
2025.11.04 10:00,0.006542,0.006549,0.006537,0.006538,4199,153.481003,153.600998,153.311996,153.574997,0,-0.637323,-0.628584,-0.623023
2025.11.04 11:00,0.006539,0.006547,0.006538,0.006539,3865,153.572006,153.591995,153.367996,153.570007,0,-0.640021,-0.61462,-0.629732
2025.11.04 12:00,0.006539,0.006541,0.006537,0.006541,4798,153.569,153.625,153.498993,153.522995,0,-0.637929,-0.628853,-0.629488
2025.11.04 13:00,0.006541,0.006549,0.00654,0.006547,7816,153.522003,153.541,153.311005,153.386993,0,-0.635801,-0.627592,-0.633617
2025.11.04 14:00,0.006546,0.006547,0.006539,0.006543,6909,153.382004,153.541,153.363998,153.475006,0,-0.624107,-0.62228,-0.628238
2025.11.04 15:00,0.006542,0.006548,0.006537,0.006547,8534,153.468994,153.597,153.332993,153.378998,0,-0.621633,-0.614606,-0.625621
2025.11.04 16:00,0.006547,0.006548,0.006539,0.006539,4001,153.380997,153.552002,153.334,153.548996,0,-0.623424,-0.615613,-0.632103
2025.11.04 17:00,0.006539,0.006541,0.006535,0.006538,3117,153.546005,153.639999,153.518005,153.585007,0,-0.629514,-0.624498,-0.633033
2025.11.04 18:00,0.006537,0.006539,0.006535,0.006539,4008,153.585007,153.660995,153.541,153.563004,0,-0.6271,-0.624107,-0.634426
2025.11.04 19:00,0.006539,0.006539,0.006535,0.006535,3531,153.557999,153.641006,153.557999,153.626999,0,-0.630521,-0.629421,-0.616514
2025.11.04 20:00,0.006535,0.006537,0.006533,0.006537,3615,153.626999,153.690994,153.617004,153.621994,0,-0.621964,-0.629933,-0.634923
2025.11.04 21:00,0.006536,0.006537,0.006533,0.006535,1551,153.626007,153.682999,153.593994,153.654007,0,-0.625674,-0.618627,-0.643522
2025.11.04 23:00,0.006535,0.00654,0.006533,0.006539,0,153.630997,153.692993,153.503998,153.580002,0,-0.612244,-0.598798,-0.651424
2025.11.05 00:00,0.006539,0.006553,0.006531,0.006553,8892,153.544006,153.746994,153.225998,153.235001,0,-0.619363,-0.612496,-0.621499
2025.11.05 01:00,0.006551,0.006564,0.006549,0.006555,11413,153.229996,153.298004,152.955002,153.162003,0,-0.614592,-0.597267,-0.606698
2025.11.05 02:00,0.006555,0.00656,0.006548,0.006549,4537,153.156998,153.322998,153.061005,153.311005,0,-0.604612,-0.610361,-0.604282
2025.11.05 03:00,0.006549,0.006549,0.006538,0.00654,6091,153.311005,153.565994,153.294998,153.505997,0,-0.61402,-0.611586,-0.600797
2025.11.05 04:00,0.006541,0.006545,0.006539,0.006541,1994,153.505997,153.528,153.384003,153.481003,0,-0.611107,-0.595609,-0.610863
2025.11.05 05:00,0.00654,0.006545,0.006538,0.006539,3335,153.477997,153.565002,153.401993,153.516998,0,-0.613028,-0.601935,-0.600105
2025.11.05 06:00,0.00654,0.006543,0.006531,0.006533,4611,153.514999,153.740005,153.447006,153.660995,0,-0.612374,-0.600238,-0.603671
2025.11.05 07:00,0.006534,0.006543,0.006533,0.006538,9779,153.662003,153.690002,153.442993,153.554001,0,-0.609253,-0.607908,-0.602027
2025.11.05 08:00,0.006539,0.006544,0.006533,0.006541,3685,153.559006,153.664001,153.412003,153.492004,0,-0.606677,-0.600267,-0.610187
2025.11.05 09:00,0.006541,0.006541,0.006532,0.006533,3474,153.492004,153.707001,153.481995,153.682999,0,-0.614531,-0.600177,-0.613968
2025.11.05 10:00,0.006533,0.006535,0.006526,0.006535,4879,153.684006,153.841995,153.613998,153.626007,0,-0.608771,-0.603513,-0.615522
2025.11.05 11:00,0.006535,0.006537,0.006532,0.006536,2201,153.619995,153.707993,153.570007,153.610001,0,-0.615523,-0.606332,-0.611223
2025.11.05 12:00,0.006536,0.006538,0.00653,0.006532,2971,153.610001,153.748993,153.559006,153.705002,0,-0.609634,-0.607032,-0.612532
2025.11.05 13:00,0.006532,0.006533,0.00652,0.00652,8035,153.705002,153.990997,153.684998,153.975998,0,-0.605005,-0.604248,-0.601761
2025.11.05 14:00,0.00652,0.006524,0.006518,0.006522,7543,153.981003,154.031998,153.891998,153.936005,0,-0.610698,-0.600058,-0.597053
2025.11.05 15:00,0.006521,0.006521,0.006506,0.006506,19902,153.936996,154.311005,153.927994,154.300003,0,-0.606736,-0.577282,-0.607538
2025.11.05 16:00,0.006506,0.006515,0.006504,0.006514,7398,154.300995,154.356003,154.102005,154.115005,0,-0.604469,-0.610064,-0.599495
2025.11.05 17:00,0.006514,0.006517,0.006514,0.006516,4076,154.115005,154.143997,154.050995,154.072006,0,-0.616711,-0.606159,-0.603616
2025.11.05 18:00,0.006516,0.00652,0.006514,0.006514,6109,154.076004,154.143005,154.001999,154.125,0,-0.615719,-0.616007,-0.60949
2025.11.05 19:00,0.006514,0.006517,0.006514,0.006515,5270,154.121002,154.130005,154.052994,154.108994,0,-0.602718,-0.608158,-0.617052
2025.11.05 20:00,0.006515,0.006516,0.006514,0.006514,2973,154.102997,154.134995,154.076996,154.115997,0,-0.607708,-0.608605,-0.600487
2025.11.05 21:00,0.006514,0.006516,0.006513,0.006514,1635,154.115997,154.141998,154.076004,154.110001,0,-0.602923,-0.595845,-0.606276
2025.11.05 23:00,0.006514,0.006518,0.006514,0.006514,0,154.052002,154.087006,153.973007,154.076004,0,-0.559719,-0.551708,-0.548717
2025.11.06 00:00,0.006514,0.006524,0.006512,0.006522,6269,154.082001,154.139999,153.843994,153.886993,0,-0.565557,-0.552054,-0.559789
2025.11.06 01:00,0.006522,0.006526,0.00652,0.006523,3700,153.886993,153.940994,153.798004,153.865005,0,-0.566757,-0.56478,-0.561313
2025.11.06 02:00,0.006523,0.006526,0.006517,0.00652,3338,153.865005,154.001007,153.789993,153.942993,0,-0.556171,-0.556769,-0.557001
2025.11.06 03:00,0.00652,0.006524,0.006518,0.006523,1709,153.942993,153.994003,153.828003,153.865005,0,-0.560942,-0.559553,-0.561313
2025.11.06 04:00,0.006523,0.006524,0.006516,0.00652,1601,153.867004,154.024994,153.854996,153.947006,0,-0.568382,-0.563056,-0.561014
2025.11.06 05:00,0.006522,0.006524,0.00652,0.006522,2658,153.949005,154.005997,153.826004,153.880005,0,-0.643523,-0.557554,-0.564557
2025.11.06 06:00,0.006522,0.006526,0.006518,0.006518,2976,153.878006,154.005997,153.804001,153.975998,0,-0.572935,-0.559044,-0.566469
2025.11.06 07:00,0.006518,0.006527,0.006518,0.006523,2165,153.975998,153.992996,153.768997,153.863007,0,-0.559935,-0.559256,-0.559314
2025.11.06 08:00,0.006523,0.006537,0.006523,0.006536,6882,153.862,153.871002,153.526993,153.557007,0,-0.567309,-0.563318,-0.558229
2025.11.06 09:00,0.006536,0.006537,0.006527,0.006529,4692,153.561005,153.770996,153.552002,153.718002,0,-0.561254,-0.564931,-0.555193
2025.11.06 10:00,0.006529,0.00653,0.006527,0.006528,1635,153.714005,153.774002,153.697998,153.742004,0,-0.56426,-0.558639,-0.555727
2025.11.06 11:00,0.006529,0.006535,0.006528,0.006533,2546,153.742004,153.764008,153.584,153.645004,0,-0.566004,-0.561815,-0.564255
2025.11.06 12:00,0.006532,0.006535,0.006529,0.006535,4105,153.639008,153.740005,153.580002,153.600998,0,-0.565463,-0.557818,-0.567102
2025.11.06 13:00,0.006533,0.006544,0.006533,0.006539,7225,153.600998,153.636993,153.401001,153.5,0,-0.556244,-0.589265,-0.559725
2025.11.06 14:00,0.006538,0.006543,0.006535,0.006542,7350,153.496002,153.585999,153.380005,153.404999,0,-0.552103,-0.55659,-0.546545
2025.11.06 15:00,0.006543,0.006558,0.006542,0.006557,16010,153.408005,153.410004,153.039001,153.044006,0,-0.55155,-0.55349,-0.546865
2025.11.06 16:00,0.006558,0.006561,0.006553,0.00656,10679,153.044006,153.167999,152.968994,152.975998,0,-0.554497,-0.553202,-0.548586
2025.11.06 17:00,0.006561,0.006568,0.006557,0.00656,10784,152.975998,153.061996,152.826004,153.009003,0,-0.564856,-0.561065,-0.558359
2025.11.06 18:00,0.006559,0.006563,0.006556,0.006558,4462,153.009003,153.087006,152.914001,153.046005,0,-0.554976,-0.544656,-0.560494
2025.11.06 19:00,0.006558,0.006559,0.006553,0.006553,5859,153.048996,153.158005,153.022995,153.143005,0,-0.556139,-0.549112,-0.552785
2025.11.06 20:00,0.006553,0.00656,0.006553,0.006559,5344,153.139999,153.143997,152.992996,153.024002,0,-0.553777,-0.553975,-0.561734
2025.11.06 21:00,0.006558,0.00656,0.006555,0.006558,2880,153.031006,153.102005,152.992004,153.041,0,-0.558339,-0.552983,-0.555489
2025.11.06 23:00,0.006557,0.006566,0.006556,0.00656,0,153.042999,153.067001,152.813995,152.962997,0,-0.534972,-0.514273,-0.535586
2025.11.07 00:00,0.006561,0.006564,0.006548,0.006551,6881,152.949997,153.248993,152.852997,153.179993,0,-0.530606,-0.518466,-0.531538
2025.11.07 01:00,0.006551,0.006557,0.006545,0.006553,6358,153.181,153.307007,153.044998,153.126007,0,-0.530288,-0.536226,-0.524142
2025.11.07 02:00,0.006553,0.00656,0.006551,0.006553,4250,153.126999,153.175003,152.955994,153.141006,0,-0.526548,-0.516972,-0.527504
2025.11.07 03:00,0.006553,0.006558,0.006551,0.006556,2221,153.141998,153.186996,153.011993,153.056,0,-0.538542,-0.526482,-0.52397
2025.11.07 04:00,0.006556,0.006558,0.006551,0.006555,2925,153.054001,153.182007,153.009995,153.110992,0,-0.533552,-0.524483,-0.544058
2025.11.07 05:00,0.006549,0.006551,0.006543,0.006543,2394,153.110001,153.367004,153.108002,153.352005,0,-0.531919,-0.4712,-0.52859
2025.11.07 06:00,0.006543,0.006543,0.006536,0.006537,4445,153.348007,153.526001,153.347,153.505005,0,-0.527224,-0.523585,-0.529638
2025.11.07 07:00,0.006537,0.006542,0.006535,0.006542,3366,153.505005,153.539001,153.378006,153.388,0,-0.528516,-0.519553,-0.529547
2025.11.07 08:00,0.006541,0.006544,0.006537,0.006537,4288,153.386993,153.514999,153.345993,153.503006,0,-0.527928,-0.534257,-0.527639
2025.11.07 09:00,0.006537,0.00654,0.006536,0.006537,3405,153.507996,153.522003,153.438004,153.492004,0,-0.523226,-0.532804,-0.528329
2025.11.07 10:00,0.006537,0.006545,0.006537,0.006544,3001,153.490997,153.496002,153.317001,153.352005,0,-0.532327,-0.528608,-0.540269
2025.11.07 11:00,0.006543,0.006559,0.006543,0.006553,6258,153.350998,153.360992,153.005997,153.128998,0,-0.537577,-0.532113,-0.538778
2025.11.07 12:00,0.006553,0.006557,0.006551,0.006555,4445,153.126007,153.175995,153.033005,153.089996,0,-0.539193,-0.524232,-0.523062
2025.11.07 13:00,0.006555,0.006559,0.006543,0.006543,8074,153.093002,153.375,153.003998,153.352997,0,-0.528231,-0.54173,-0.529582
2025.11.07 14:00,0.006543,0.006553,0.006539,0.006544,9070,153.352997,153.475006,153.130997,153.309998,0,-0.534731,-0.517495,-0.498262
2025.11.07 15:00,0.006545,0.006557,0.006545,0.006553,10241,153.326004,153.343994,153.018997,153.134995,0,-0.543936,-0.521856,-0.521493
2025.11.07 16:00,0.006553,0.006558,0.006551,0.006556,5217,153.134003,153.175995,153.009003,153.059006,0,-0.539193,-0.523491,-0.526976
2025.11.07 17:00,0.006555,0.006557,0.006549,0.006555,4969,153.056,153.223999,153.035004,153.093994,0,-0.528927,-0.526231,-0.52706
2025.11.07 18:00,0.006555,0.006557,0.006547,0.006548,3916,153.089996,153.266998,153.029999,153.251999,0,-0.52528,-0.532858,-0.533612
2025.11.07 19:00,0.006547,0.006549,0.006533,0.006535,9048,153.257996,153.582993,153.216003,153.557007,0,-0.525668,-0.520931,-0.523111
2025.11.07 20:00,0.006535,0.006543,0.006533,0.006541,7243,153.552002,153.595001,153.354996,153.429001,0,-0.537677,-0.51991,-0.535493
2025.11.07 21:00,0.00654,0.006541,0.006535,0.006535,2272,153.425003,153.483994,153.369003,153.378006,0,-0.450098,-0.498863,-0.34411
2025.11.10 00:00,0.006524,0.006541,0.00652,0.006522,11841,153.824005,153.914001,153.401001,153.847,0,-0.539764,-0.530861,-0.531553
2025.11.10 01:00,0.006522,0.006526,0.006518,0.006524,4697,153.852997,153.953995,153.774002,153.822006,0,-0.532695,-0.529045,-0.530066
2025.11.10 02:00,0.006524,0.006525,0.00652,0.00652,2269,153.822998,153.899994,153.796997,153.884995,0,-0.53752,-0.540294,-0.522521
2025.11.10 03:00,0.00652,0.00652,0.006514,0.006518,4846,153.884995,154.026001,153.884995,153.932007,0,-0.522276,-0.522521,-0.522478
2025.11.10 04:00,0.006518,0.006525,0.006518,0.006522,2493,153.929993,153.953995,153.781006,153.878998,0,-0.520933,-0.524303,-0.540046
2025.11.10 05:00,0.006522,0.006522,0.006513,0.006519,3569,153.873993,154.070999,153.862,153.938995,0,-0.531923,-0.523048,-0.541236
2025.11.10 06:00,0.006519,0.00652,0.006513,0.006514,2698,153.936005,154.082993,153.895996,154.022003,0,-0.543917,-0.533523,-0.518278
2025.11.10 07:00,0.006514,0.006518,0.00651,0.006514,4130,154.026001,154.151993,153.945999,154.039993,0,-0.530365,-0.536471,-0.524483
2025.11.10 08:00,0.006514,0.006518,0.006508,0.006508,4274,154.042007,154.179001,153.944,154.166,0,-0.533764,-0.534472,-0.520764
2025.11.10 09:00,0.006509,0.00651,0.006506,0.00651,6115,154.166,154.231003,154.141006,154.158005,0,-0.538538,-0.53118,-0.536377
2025.11.10 10:00,0.006509,0.006513,0.006508,0.00651,2109,154.154007,154.177994,154.056,154.156006,0,-0.532757,-0.516924,-0.534378
2025.11.10 11:00,0.006509,0.006512,0.006506,0.00651,2129,154.162003,154.248993,154.110001,154.123993,0,-0.532908,-0.535558,-0.525956
2025.11.10 12:00,0.00651,0.006515,0.00651,0.006512,2461,154.126999,154.167007,154.033005,154.108994,0,-0.54538,-0.541063,-0.534551
2025.11.10 13:00,0.006511,0.006517,0.00651,0.006514,4064,154.115005,154.139008,153.979996,154.057007,0,-0.54097,-0.53516,-0.52972
2025.11.10 14:00,0.006514,0.006516,0.00651,0.006513,5797,154.054993,154.164993,153.998001,154.078003,0,-0.543365,-0.541389,-0.538927
2025.11.10 15:00,0.006512,0.006516,0.00651,0.006515,5725,154.082001,154.141998,154.005997,154.024002,0,-0.532172,-0.525837,-0.532061
2025.11.10 16:00,0.006514,0.006521,0.006513,0.006516,6568,154.026001,154.067993,153.884995,153.990997,0,-0.528917,-0.534283,-0.522607
2025.11.10 17:00,0.006516,0.006519,0.006514,0.006518,4105,153.992996,154.042999,153.919998,153.955994,0,-0.539274,-0.522239,-0.534694
2025.11.10 18:00,0.006518,0.00652,0.006515,0.006516,3394,153.955002,154.020004,153.917999,153.987,0,-0.528063,-0.532007,-0.518609
2025.11.10 19:00,0.006516,0.006518,0.006512,0.006514,8955,153.992004,154.074997,153.947998,154.052002,0,-0.52413,-0.526699,-0.524715
2025.11.10 20:00,0.006514,0.006516,0.006512,0.006514,2383,154.048996,154.082993,153.992996,154.029999,0,-0.532126,-0.536384,-0.526274
2025.11.10 21:00,0.006515,0.006515,0.006509,0.00651,2106,154.029999,154.169998,154.018997,154.141006,0,-0.536567,-0.527056,-0.53118
2025.11.10 23:00,0.006512,0.006514,0.006508,0.006509,0,154.031998,154.154999,154.024994,154.138,0,-0.509762,-0.509484,-0.504569
2025.11.11 00:00,0.00651,0.006511,0.006502,0.006502,8008,154.145996,154.311005,154.097,154.309998,0,-0.523995,-0.510761,-0.522988
2025.11.11 01:00,0.006502,0.006502,0.006495,0.006502,9268,154.309006,154.494995,154.302994,154.320999,0,-0.518558,-0.515984,-0.510341
2025.11.11 02:00,0.006502,0.006504,0.006498,0.0065,4193,154.317993,154.391006,154.253006,154.362,0,-0.509336,-0.501472,-0.515849
2025.11.11 03:00,0.0065,0.006506,0.0065,0.006504,1882,154.360001,154.365005,154.216003,154.259995,0,-0.518855,-0.511735,-0.508461
2025.11.11 04:00,0.006504,0.006506,0.0065,0.006503,0,154.259003,154.352005,154.218994,154.294006,0,-0.51768,-0.514725,-0.518824
2025.11.11 05:00,0.006504,0.006512,0.006504,0.00651,4052,154.298996,154.309998,154.082001,154.123001,0,-0.54664,-0.519352,-0.513175
2025.11.11 06:00,0.00651,0.006512,0.006504,0.006507,2787,154.121002,154.266998,154.082993,154.194,0,-0.515465,-0.520344,-0.513348
2025.11.11 07:00,0.006507,0.006509,0.006505,0.006508,2052,154.190002,154.251007,154.145996,154.188995,0,-0.523104,-0.512565,-0.520153
2025.11.11 08:00,0.006508,0.006508,0.006499,0.0065,4332,154.190002,154.389008,154.162994,154.373993,0,-0.519179,-0.505961,-0.516004
2025.11.11 09:00,0.006499,0.006504,0.006497,0.006502,3654,154.378998,154.440994,154.279999,154.324997,0,-0.511961,-0.516642,-0.526169
2025.11.11 10:00,0.006501,0.006506,0.0065,0.006505,1960,154.330002,154.360992,154.203003,154.246002,0,-0.526667,-0.510538,-0.518099
2025.11.11 11:00,0.006506,0.006506,0.006504,0.006504,1470,154.237,154.266006,154.209,154.253006,0,-0.514473,-0.516534,-0.513283
2025.11.11 12:00,0.006505,0.006508,0.006504,0.006507,3051,154.246002,154.268005,154.164001,154.188995,0,-0.528282,-0.518765,-0.508343
2025.11.11 13:00,0.006507,0.00653,0.006507,0.006525,28701,154.188995,154.197998,153.660004,153.774994,0,-0.517345,-0.520644,-0.518291
2025.11.11 14:00,0.006526,0.006528,0.006515,0.006516,6985,153.770004,154.007004,153.695007,153.996994,0,-0.515062,-0.50873,-0.516835
2025.11.11 15:00,0.006516,0.006519,0.00651,0.006517,9374,153.998001,154.132996,153.917007,153.966995,0,-0.511368,-0.519248,-0.522159
2025.11.11 16:00,0.006516,0.006518,0.006514,0.006515,3914,153.968994,154.022995,153.940002,154.003006,0,-0.51927,-0.518703,-0.511065
2025.11.11 17:00,0.006516,0.006516,0.00651,0.006512,2602,153.996002,154.121994,153.994003,154.067001,0,-0.512168,-0.513844,-0.516135
2025.11.11 18:00,0.006512,0.006513,0.00651,0.00651,2274,154.074997,154.145004,154.044998,154.106003,0,-0.523376,-0.505922,-0.507966
2025.11.11 19:00,0.00651,0.006513,0.006509,0.00651,1587,154.102005,154.145004,154.057007,154.115005,0,-0.511573,-0.517931,-0.505179
2025.11.11 20:00,0.00651,0.006512,0.006509,0.00651,1778,154.115005,154.143005,154.076004,154.115997,0,-0.509574,-0.513356,-0.506171
2025.11.11 21:00,0.00651,0.00651,0.006508,0.006509,866,154.115997,154.175995,154.110992,154.145996,0,-0.518962,-0.512955,-0.512565
2025.11.11 23:00,0.00651,0.006513,0.006508,0.006512,0,154.054001,154.158005,154.026001,154.080002,0,-0.512768,-0.486925,-0.505559
2025.11.12 00:00,0.006512,0.006512,0.006502,0.006502,5882,154.078003,154.302002,154.042007,154.292999,0,-0.503174,-0.491141,-0.494172
2025.11.12 01:00,0.006502,0.006504,0.0065,0.006502,4238,154.292999,154.352005,154.255997,154.322998,0,-0.505854,-0.504463,-0.51234
2025.11.12 02:00,0.006501,0.006502,0.006497,0.0065,4024,154.315994,154.412994,154.307999,154.343994,0,-0.495799,-0.49734,-0.497843
2025.11.12 03:00,0.0065,0.006504,0.006498,0.0065,2461,154.343994,154.380005,154.233994,154.341995,0,-0.498335,-0.494271,-0.495845
2025.11.12 04:00,0.0065,0.0065,0.006483,0.006484,11208,154.339996,154.742996,154.335007,154.731995,0,-0.505313,-0.500681,-0.506208
2025.11.12 05:00,0.006483,0.006491,0.006482,0.006487,11780,154.731003,154.789993,154.561005,154.634995,0,-0.516621,-0.501534,-0.492411
2025.11.12 06:00,0.006487,0.00649,0.006483,0.006489,3065,154.634995,154.759003,154.578003,154.606003,0,-0.509421,-0.494799,-0.499048
2025.11.12 07:00,0.006489,0.006494,0.006487,0.006489,4972,154.606003,154.669998,154.488007,154.615005,0,-0.503656,-0.499712,-0.496184
2025.11.12 08:00,0.006489,0.006489,0.006483,0.006483,4121,154.615997,154.774994,154.612,154.757996,0,-0.513523,-0.505045,-0.508414
2025.11.12 09:00,0.006483,0.006485,0.006477,0.006479,6076,154.757004,154.906998,154.699005,154.843994,0,-0.502614,-0.508887,-0.499193
2025.11.12 10:00,0.006479,0.006483,0.006477,0.006479,5279,154.839005,154.897003,154.751999,154.858994,0,-0.49262,-0.502418,-0.502277
2025.11.12 11:00,0.006479,0.006481,0.006477,0.006481,3366,154.865005,154.886993,154.798004,154.802002,0,-0.506442,-0.500833,-0.504831
2025.11.12 12:00,0.006481,0.006485,0.00648,0.006481,3967,154.800995,154.834,154.692993,154.807999,0,-0.513012,-0.502875,-0.510828
2025.11.12 13:00,0.006481,0.006483,0.006473,0.006475,6942,154.800995,154.994995,154.757996,154.942001,0,-0.507126,-0.508414,-0.501851
2025.11.12 14:00,0.006475,0.006479,0.006471,0.006478,11987,154.942001,155.046005,154.854996,154.865997,0,-0.510388,-0.510194,-0.497364
2025.11.12 15:00,0.006479,0.006485,0.006475,0.006484,7212,154.863007,154.923004,154.727005,154.733994,0,-0.494771,-0.513113,-0.508207
2025.11.12 16:00,0.006483,0.006487,0.006483,0.006487,5829,154.737,154.774002,154.639999,154.641998,0,-0.512532,-0.497416,-0.499415
2025.11.12 17:00,0.006488,0.006494,0.006488,0.00649,7637,154.641998,154.645996,154.490997,154.593994,0,-0.515294,-0.502703,-0.510791
2025.11.12 18:00,0.006489,0.006491,0.006486,0.006486,2389,154.589996,154.686996,154.574997,154.686005,0,-0.508767,-0.503666,-0.507775
2025.11.12 19:00,0.006486,0.006489,0.006484,0.006485,6087,154.679001,154.729996,154.602005,154.712006,0,-0.504209,-0.506927,-0.498114
2025.11.12 20:00,0.006485,0.006486,0.006483,0.006483,3634,154.714005,154.766998,154.686996,154.748993,0,-0.505528,-0.508767,-0.499412
2025.11.12 21:00,0.006483,0.006483,0.006479,0.006481,3316,154.757996,154.869003,154.748001,154.768005,0,-0.512287,-0.49842,-0.458927
2025.11.12 23:00,0.006482,0.006485,0.006481,0.006483,0,154.690002,154.755997,154.682999,154.712997,0,-0.458826,-0.469107,-0.475315
2025.11.13 00:00,0.006483,0.006484,0.006473,0.006473,8230,154.701004,154.959,154.686996,154.942001,0,-0.471131,-0.46121,-0.466057
2025.11.13 01:00,0.006473,0.006483,0.00647,0.006482,6269,154.936005,155.014999,154.701004,154.731995,0,-0.455492,-0.463321,-0.458622
2025.11.13 02:00,0.006483,0.006487,0.006479,0.006485,4253,154.731995,154.789993,154.615997,154.654007,0,-0.457094,-0.46153,-0.463888
2025.11.13 03:00,0.006485,0.006487,0.006481,0.006482,1548,154.654007,154.759995,154.617996,154.729004,0,-0.462823,-0.463529,-0.455631
2025.11.13 04:00,0.006482,0.006487,0.006477,0.006478,2056,154.729004,154.854996,154.636993,154.820007,0,-0.462535,-0.470651,-0.451374
2025.11.13 05:00,0.006476,0.006477,0.006471,0.006473,2856,154.815994,154.998993,154.806,154.945007,0,-0.463376,-0.425448,-0.457138
2025.11.13 06:00,0.006473,0.006477,0.006471,0.006475,3404,154.947998,155.005997,154.858994,154.884003,0,-0.458435,-0.466532,-0.455769
2025.11.13 07:00,0.006475,0.006483,0.006473,0.006483,4160,154.888,154.951004,154.697998,154.710007,0,-0.463135,-0.460315,-0.460425
2025.11.13 08:00,0.006483,0.006491,0.006481,0.006491,8040,154.710007,154.774002,154.507996,154.520004,0,-0.464923,-0.460394,-0.460533
2025.11.13 09:00,0.006491,0.0065,0.006489,0.006491,10856,154.513,154.585999,154.320007,154.526993,0,-0.467177,-0.462019,-0.467522
2025.11.13 10:00,0.006491,0.006493,0.006485,0.006485,3588,154.520996,154.677002,154.479004,154.654999,0,-0.474992,-0.466987,-0.46488
2025.11.13 11:00,0.006485,0.006486,0.006481,0.006482,6279,154.654007,154.764999,154.636002,154.735992,0,-0.455921,-0.457772,-0.46262
2025.11.13 12:00,0.006482,0.006489,0.006481,0.006487,4270,154.735001,154.755005,154.584,154.602005,0,-0.469728,-0.465178,-0.459421
2025.11.13 13:00,0.006487,0.006491,0.006481,0.006485,5124,154.595993,154.740005,154.533997,154.645996,0,-0.454729,-0.462666,-0.455877
2025.11.13 14:00,0.006486,0.006497,0.006485,0.006497,7779,154.643005,154.677002,154.382996,154.393005,0,-0.474992,-0.4658,-0.463972
2025.11.13 15:00,0.006496,0.006508,0.00649,0.006505,13198,154.389999,154.539001,154.121994,154.194,0,-0.455798,-0.464961,-0.466097
2025.11.13 16:00,0.006504,0.006506,0.006495,0.006497,14595,154.192993,154.436005,154.154007,154.399002,0,-0.459568,-0.461542,-0.469969
2025.11.13 17:00,0.006497,0.006503,0.006493,0.0065,9120,154.395004,154.475006,154.235992,154.315002,0,-0.46299,-0.46081,-0.468852
2025.11.13 18:00,0.0065,0.006502,0.006495,0.006495,6538,154.311996,154.442001,154.268997,154.421997,0,-0.47741,-0.458339,-0.46926
2025.11.13 19:00,0.006495,0.006498,0.006493,0.006493,3856,154.417007,154.485992,154.348007,154.464996,0,-0.462123,-0.454504,-0.464842
2025.11.13 20:00,0.006493,0.006493,0.00649,0.00649,3290,154.468002,154.541,154.453995,154.535004,0,-0.457797,-0.45384,-0.4518
2025.11.13 21:00,0.00649,0.006493,0.006488,0.006491,2295,154.539993,154.585999,154.459,154.550003,0,-0.455297,-0.446983,-0.478672
2025.11.13 23:00,0.006489,0.006489,0.006483,0.006486,0,154.514008,154.686005,154.5,154.634995,0,-0.448322,-0.404922,-0.456765
2025.11.14 00:00,0.006485,0.006489,0.006481,0.006487,6627,154.630005,154.744995,154.559006,154.602997,0,-0.447824,-0.440184,-0.448529
2025.11.14 01:00,0.006487,0.006494,0.006483,0.006491,4004,154.598999,154.684006,154.434998,154.505005,0,-0.446323,-0.446703,-0.445534
2025.11.14 02:00,0.006491,0.006494,0.006488,0.006494,2388,154.498001,154.576004,154.429993,154.445007,0,-0.445302,-0.441698,-0.456713
2025.11.14 03:00,0.006493,0.0065,0.006489,0.00649,5515,154.444,154.574005,154.304001,154.537003,0,-0.455183,-0.45785,-0.453799
2025.11.14 04:00,0.006489,0.006495,0.006488,0.006493,1982,154.535995,154.574997,154.414993,154.414993,0,-0.444295,-0.438557,-0.414839
2025.11.14 05:00,0.006494,0.006497,0.006491,0.006493,1931,154.414993,154.503998,154.360992,154.475998,0,-0.444527,-0.443797,-0.452129
2025.11.14 06:00,0.006492,0.006494,0.006485,0.006487,2814,154.475998,154.660995,154.427002,154.593994,0,-0.447104,-0.438707,-0.439527
2025.11.14 07:00,0.006487,0.006493,0.006484,0.006484,3114,154.595001,154.682007,154.447998,154.673996,0,-0.456221,-0.435982,-0.44821
2025.11.14 08:00,0.006484,0.006493,0.006481,0.006489,5485,154.675995,154.735001,154.449997,154.548996,0,-0.43783,-0.43798,-0.442041
2025.11.14 09:00,0.006489,0.006489,0.006483,0.006483,3639,154.548996,154.701004,154.548996,154.684998,0,-0.439534,-0.453918,-0.435416
2025.11.14 10:00,0.006483,0.006485,0.006481,0.006481,2804,154.688004,154.763,154.660004,154.742004,0,-0.453922,-0.446112,-0.432926
2025.11.14 11:00,0.006481,0.006486,0.006481,0.006485,3063,154.740997,154.748001,154.625,154.651993,0,-0.438922,-0.446771,-0.438101
2025.11.14 12:00,0.006485,0.00652,0.006485,0.00652,25042,154.651001,154.662994,153.802994,153.813004,0,-0.449103,-0.44052,-0.45053
2025.11.14 13:00,0.00652,0.006529,0.006506,0.006508,24953,153.804001,154.143005,153.610992,154.085999,0,-0.45054,-0.448183,-0.440762
2025.11.14 14:00,0.006509,0.006514,0.006497,0.006498,20264,154.082993,154.345993,153.979004,154.339005,0,-0.440645,-0.451717,-0.445502
2025.11.14 15:00,0.006497,0.006502,0.006491,0.006494,14559,154.337997,154.494003,154.229996,154.421997,0,-0.446401,-0.442986,-0.433702
2025.11.14 16:00,0.006494,0.006497,0.006485,0.006485,12062,154.421997,154.664001,154.345993,154.636002,0,-0.45011,-0.440645,-0.433992
2025.11.14 17:00,0.006485,0.006487,0.006481,0.006485,7483,154.636002,154.742996,154.612,154.636993,0,-0.433918,-0.445658,-0.434984
2025.11.14 18:00,0.006485,0.006489,0.006485,0.006487,6166,154.636993,154.660995,154.550995,154.574997,0,-0.447104,-0.44404,-0.432413
2025.11.14 19:00,0.006488,0.00649,0.006488,0.006489,3568,154.574997,154.582001,154.520996,154.554001,0,-0.451299,-0.437793,-0.435179
2025.11.14 20:00,0.006489,0.006491,0.006489,0.006491,3138,154.557007,154.567993,154.494995,154.524002,0,-0.449171,-0.435524,-0.452671
2025.11.14 21:00,0.006491,0.006491,0.006487,0.006489,1987,154.529999,154.598007,154.459,154.492996,0,-0.455423,-0.399529,-0.386042
2025.11.17 00:00,0.006487,0.006495,0.006483,0.006485,7045,154.591995,154.658997,154.410004,154.636002,0,-0.421314,-0.433567,-0.433992
2025.11.17 01:00,0.006485,0.00649,0.006484,0.006487,3515,154.632004,154.654007,154.505997,154.569,0,-0.428221,-0.422793,-0.426417
2025.11.17 02:00,0.006488,0.006488,0.006481,0.006483,2516,154.569,154.710007,154.565994,154.688004,0,-0.42473,-0.435292,-0.426533
2025.11.17 03:00,0.006483,0.006483,0.006479,0.006481,3757,154.684998,154.785995,154.682007,154.707001,0,-0.429279,-0.432426,-0.421724
2025.11.17 04:00,0.006481,0.006486,0.006481,0.006485,1401,154.707001,154.731003,154.602997,154.628006,0,-0.433832,-0.424767,-0.414114
2025.11.17 05:00,0.006485,0.006487,0.006481,0.006483,1609,154.623001,154.716003,154.584,154.686996,0,-0.430727,-0.417658,-0.437415
2025.11.17 06:00,0.006483,0.006485,0.006477,0.006483,2681,154.682999,154.813004,154.634003,154.677002,0,-0.432452,-0.420111,-0.439319
2025.11.17 07:00,0.006483,0.006485,0.006479,0.006483,2511,154.673004,154.792999,154.639008,154.688004,0,-0.436283,-0.425116,-0.426533
2025.11.17 08:00,0.006483,0.006485,0.006476,0.006482,7753,154.692001,154.832001,154.619995,154.710999,0,-0.415693,-0.429876,-0.437626
2025.11.17 09:00,0.006481,0.006485,0.006479,0.00648,2088,154.705994,154.785995,154.649002,154.748993,0,-0.429279,-0.435111,-0.428005
2025.11.17 10:00,0.006481,0.006482,0.006476,0.006477,2790,154.75,154.843994,154.690994,154.839005,0,-0.427687,-0.417622,-0.434621
2025.11.17 11:00,0.006477,0.006479,0.006475,0.006478,1997,154.837006,154.871002,154.763,154.789001,0,-0.430852,-0.430101,-0.420368
2025.11.17 12:00,0.006478,0.006481,0.006475,0.006476,1916,154.789001,154.871994,154.731995,154.845001,0,-0.431844,-0.434824,-0.428694
2025.11.17 13:00,0.006476,0.006477,0.006473,0.006475,4822,154.843002,154.916,154.832001,154.888,0,-0.428132,-0.427617,-0.435921
2025.11.17 14:00,0.006474,0.006475,0.006468,0.006469,11476,154.884995,155.035004,154.860992,155.024994,0,-0.427704,-0.420842,-0.429647
2025.11.17 15:00,0.006469,0.006469,0.006456,0.006462,19252,155.031998,155.304001,155.0,155.194,0,-0.409324,-0.428544,-0.431179
2025.11.17 16:00,0.006461,0.006467,0.006461,0.006461,7896,155.192993,155.205002,155.052002,155.197006,0,-0.430201,-0.432746,-0.422205
2025.11.17 17:00,0.006462,0.006464,0.00646,0.006462,3526,155.199997,155.231995,155.136002,155.158005,0,-0.433229,-0.421069,-0.419126
2025.11.17 18:00,0.006463,0.006464,0.006461,0.006464,1860,155.151993,155.207001,155.121994,155.136002,0,-0.4322,-0.430989,-0.433028
2025.11.17 19:00,0.006464,0.006467,0.006458,0.006459,9020,155.134995,155.251007,155.063995,155.240997,0,-0.416292,-0.44474,-0.418271
2025.11.17 20:00,0.006459,0.006462,0.006458,0.00646,4950,155.242004,155.257004,155.160995,155.223007,0,-0.422288,-0.422117,-0.424242
2025.11.17 21:00,0.00646,0.006461,0.006458,0.006458,1582,155.222,155.261002,155.205002,155.261002,0,-0.414295,-0.430201,-0.426286
2025.11.17 23:00,0.00646,0.006462,0.006457,0.006458,0,155.175995,155.287003,155.167007,155.266006,0,-0.416321,-0.416153,-0.407319
2025.11.18 00:00,0.006458,0.006462,0.006453,0.006458,4605,155.272995,155.378998,155.173996,155.253998,0,-0.412316,-0.411175,-0.407292
2025.11.18 01:00,0.006458,0.006463,0.006454,0.00646,2588,155.257996,155.360992,155.139999,155.194,0,-0.40632,-0.413094,-0.407218
2025.11.18 02:00,0.00646,0.006462,0.006457,0.006461,1309,155.197006,155.283005,155.166,155.182999,0,-0.412323,-0.415146,-0.408198
2025.11.18 03:00,0.006462,0.006464,0.006461,0.006462,1507,155.188004,155.201004,155.106003,155.169998,0,-0.426203,-0.414998,-0.419143
2025.11.18 04:00,0.006462,0.006477,0.006461,0.006466,0,155.169998,155.190994,154.809006,155.050995,0,-0.416193,-0.416545,-0.407834
2025.11.18 05:00,0.006467,0.006469,0.006464,0.006466,1929,155.052002,155.102005,154.990005,155.076996,0,-0.411,-0.394659,-0.409922
2025.11.18 06:00,0.006465,0.006475,0.00646,0.006462,4486,155.076996,155.216003,154.862,155.177994,0,-0.417238,-0.40992,-0.427139
2025.11.18 07:00,0.006462,0.006474,0.00646,0.006469,6651,155.169998,155.216995,154.865997,154.990005,0,-0.406256,-0.401986,-0.41855
2025.11.18 08:00,0.006469,0.006473,0.00646,0.006464,5269,154.990005,155.218994,154.904999,155.123001,0,-0.420228,-0.405193,-0.408068
2025.11.18 09:00,0.006464,0.006466,0.006458,0.006459,3161,155.123001,155.264999,155.078003,155.231003,0,-0.418293,-0.410929,-0.408276
2025.11.18 10:00,0.006459,0.00646,0.006451,0.006452,2940,155.227005,155.423996,155.201004,155.423004,0,-0.409269,-0.402238,-0.420294
2025.11.18 11:00,0.006452,0.006454,0.00645,0.006451,3256,155.421997,155.440994,155.354004,155.421005,0,-0.414249,-0.411328,-0.406279
2025.11.18 12:00,0.006451,0.006462,0.00645,0.006462,6178,155.423004,155.438004,155.171005,155.182007,0,-0.411258,-0.408184,-0.419185
2025.11.18 13:00,0.006461,0.006467,0.006458,0.006462,8224,155.175003,155.261993,155.056,155.167007,0,-0.415287,-0.424798,-0.404186
2025.11.18 14:00,0.006462,0.006464,0.006452,0.00646,5828,155.164993,155.380997,155.136002,155.222,0,-0.402304,-0.421069,-0.41126
2025.11.18 15:00,0.00646,0.006467,0.006458,0.006458,9775,155.227997,155.281998,155.046997,155.272995,0,-0.42331,-0.415795,-0.426289
2025.11.18 16:00,0.006458,0.006458,0.006448,0.00645,10550,155.274002,155.505005,155.253006,155.442001,0,-0.418161,-0.41829,-0.415256
2025.11.18 17:00,0.00645,0.006451,0.00644,0.00644,5679,155.436996,155.695007,155.423996,155.686005,0,-0.415508,-0.409269,-0.406505
2025.11.18 18:00,0.00644,0.006446,0.006438,0.006444,4823,155.686996,155.733994,155.554001,155.589996,0,-0.418309,-0.407001,-0.406884
2025.11.18 19:00,0.006444,0.006448,0.006442,0.006447,3923,155.591995,155.636993,155.494995,155.520004,0,-0.417742,-0.420168,-0.409099
2025.11.18 20:00,0.006446,0.006449,0.006446,0.006447,3664,155.520996,155.563004,155.472,155.520996,0,-0.416003,-0.409199,-0.410091
2025.11.18 21:00,0.006446,0.006448,0.006446,0.006448,1442,155.526001,155.548996,155.477997,155.477997,0,-0.414033,-0.40317,-0.40317
2025.11.18 23:00,0.006448,0.006448,0.006444,0.006446,0,155.496002,155.591995,155.473999,155.539993,0,-0.408883,-0.387155,-0.40503
2025.11.19 00:00,0.006446,0.006453,0.006444,0.006449,5042,155.524002,155.578995,155.367004,155.470001,0,-0.395883,-0.400322,-0.4072
2025.11.19 01:00,0.006448,0.00645,0.006446,0.006448,2992,155.464996,155.537003,155.425995,155.496002,0,-0.40204,-0.39925,-0.409158
2025.11.19 02:00,0.006448,0.006455,0.006445,0.006454,2991,155.488998,155.552002,155.317993,155.352005,0,-0.392963,-0.399326,-0.409329
2025.11.19 03:00,0.006454,0.00646,0.006452,0.006456,5052,155.348007,155.384003,155.205994,155.285995,0,-0.40531,-0.395254,-0.403317
2025.11.19 04:00,0.006456,0.006456,0.006449,0.006455,2845,155.285995,155.468002,155.285995,155.317001,0,-0.405201,-0.391319,-0.398334
2025.11.19 05:00,0.006454,0.006457,0.006452,0.006453,1890,155.317001,155.378998,155.255005,155.363998,0,-0.400305,-0.384323,-0.397316
2025.11.19 06:00,0.006453,0.006454,0.006449,0.00645,2525,155.363998,155.459,155.319,155.444,0,-0.396199,-0.388329,-0.393223
2025.11.19 07:00,0.006449,0.006451,0.006446,0.006446,2726,155.449997,155.529999,155.401993,155.516006,0,-0.40706,-0.387266,-0.393068
2025.11.19 08:00,0.006447,0.006448,0.00644,0.006442,3939,155.511002,155.677994,155.473999,155.630005,0,-0.398494,-0.387155,-0.398714
2025.11.19 09:00,0.006442,0.006446,0.006429,0.006429,10180,155.630005,155.964996,155.550003,155.955002,0,-0.407717,-0.403003,-0.397722
2025.11.19 10:00,0.006429,0.006429,0.006416,0.006417,8510,155.947006,156.255997,155.929993,156.242996,0,-0.395647,-0.384803,-0.406941
2025.11.19 11:00,0.006417,0.006423,0.006415,0.006423,4572,156.240997,156.300995,156.076996,156.100998,0,-0.4042,-0.398625,-0.398393
2025.11.19 12:00,0.006423,0.006425,0.006416,0.006417,3584,156.100998,156.264008,156.059998,156.240997,0,-0.403657,-0.405864,-0.392795
2025.11.19 13:00,0.006417,0.006425,0.006415,0.006415,9336,156.240997,156.296997,156.033997,156.276993,0,-0.412356,-0.404082,-0.392352
2025.11.19 14:00,0.006415,0.006416,0.006401,0.006401,12985,156.281006,156.630997,156.259995,156.617004,0,-0.405409,-0.399644,-0.391417
2025.11.19 15:00,0.006401,0.006407,0.006397,0.006406,17565,156.628998,156.718994,156.492004,156.501007,0,-0.395719,-0.400535,-0.397351
2025.11.19 16:00,0.006406,0.006407,0.006398,0.0064,8333,156.498993,156.707001,156.457993,156.632004,0,-0.408153,-0.390878,-0.394209
2025.11.19 17:00,0.006401,0.006402,0.006392,0.006396,9972,156.630997,156.873001,156.615997,156.75,0,-0.415209,-0.402615,-0.390063
2025.11.19 18:00,0.006396,0.006398,0.006392,0.006394,3535,156.748993,156.850006,156.686005,156.781006,0,-0.392214,-0.399374,-0.384379
2025.11.19 19:00,0.006394,0.006397,0.006384,0.006384,11109,156.779007,157.039993,156.751999,157.024994,0,-0.398394,-0.428724,-0.395653
2025.11.19 20:00,0.006384,0.006388,0.006384,0.006388,4324,157.020996,157.046005,156.932999,156.962006,0,-0.404406,-0.401728,-0.406235
2025.11.19 21:00,0.006388,0.006388,0.006378,0.00638,5905,156.959,157.184998,156.953995,157.138,0,-0.396039,-0.410481,-0.410467
2025.11.19 23:00,0.006381,0.006384,0.006377,0.006383,0,157.070007,157.158997,156.977997,156.979004,0,-0.345445,-0.336397,-0.312858
2025.11.20 00:00,0.006384,0.006388,0.006375,0.00638,11346,156.990005,157.209,156.873001,157.072998,0,-0.346252,-0.341731,-0.33319
2025.11.20 01:00,0.00638,0.006382,0.006365,0.006367,7726,157.069,157.436996,157.031998,157.414993,0,-0.340144,-0.341309,-0.342823
2025.11.20 02:00,0.006366,0.006371,0.006364,0.006371,7095,157.414993,157.477997,157.283005,157.311996,0,-0.344119,-0.334091,-0.338451
2025.11.20 03:00,0.00637,0.006372,0.006366,0.006366,5086,157.317993,157.436005,157.272995,157.417999,0,-0.351494,-0.3364,-0.333489
2025.11.20 04:00,0.006366,0.006373,0.006366,0.006367,4870,157.410995,157.421997,157.255997,157.391998,0,-0.337487,-0.331718,-0.319828
2025.11.20 05:00,0.006363,0.006366,0.00636,0.006361,4611,157.391998,157.580994,157.389008,157.552002,0,-0.348289,-0.304497,-0.331661
2025.11.20 06:00,0.006359,0.006363,0.006353,0.006353,4964,157.554001,157.738007,157.485001,157.731995,0,-0.332061,-0.338774,-0.338428
2025.11.20 07:00,0.006353,0.006368,0.006351,0.006365,6509,157.727997,157.781998,157.371002,157.455002,0,-0.33887,-0.335828,-0.333472
2025.11.20 08:00,0.006365,0.006378,0.006363,0.006377,7239,157.449997,157.5,157.104004,157.145004,0,-0.353773,-0.327327,-0.331453
2025.11.20 09:00,0.006377,0.006378,0.006373,0.006376,5687,157.145004,157.278,157.119995,157.175003,0,-0.353721,-0.331036,-0.336863
2025.11.20 10:00,0.006376,0.006377,0.006367,0.006367,3932,157.175003,157.412994,157.147003,157.376999,0,-0.340824,-0.333452,-0.329491
2025.11.20 11:00,0.006368,0.006369,0.006362,0.006363,2624,157.376999,157.544998,157.350006,157.509003,0,-0.361723,-0.327164,-0.350424
2025.11.20 12:00,0.006363,0.006363,0.006353,0.006355,3734,157.503998,157.738998,157.501007,157.695007,0,-0.333053,-0.330087,-0.3386
2025.11.20 13:00,0.006355,0.006375,0.006345,0.006361,26310,157.695007,157.875,157.210999,157.563004,0,-0.27059,-0.335955,-0.342662
2025.11.20 14:00,0.006361,0.006363,0.006349,0.006357,12762,157.563995,157.830994,157.488007,157.619995,0,-0.338273,-0.329428,-0.325458
2025.11.20 15:00,0.006357,0.006358,0.006347,0.006355,12343,157.613998,157.891998,157.612,157.673996,0,-0.337251,-0.329835,-0.329959
2025.11.20 16:00,0.006355,0.006372,0.006355,0.006366,16945,157.673996,157.690002,157.281006,157.419998,0,-0.345966,-0.34441,-0.335488
2025.11.20 17:00,0.006367,0.006373,0.006361,0.006362,9286,157.417999,157.544998,157.257004,157.514008,0,-0.349366,-0.345028,-0.330732
2025.11.20 18:00,0.006363,0.006366,0.006355,0.006365,5224,157.520004,157.697006,157.421005,157.453003,0,-0.340599,-0.336495,-0.331473
2025.11.20 19:00,0.006365,0.006365,0.006361,0.006361,3627,157.466003,157.563995,157.444,157.533997,0,-0.343654,-0.334805,-0.326005
2025.11.20 20:00,0.006361,0.006363,0.006357,0.00636,4889,157.535004,157.649002,157.511002,157.569,0,-0.354465,-0.340082,-0.336296
2025.11.20 21:00,0.006359,0.006366,0.006359,0.006365,4564,157.569,157.595993,157.427002,157.457001,0,-0.338568,-0.342492,-0.347805
2025.11.20 23:00,0.006365,0.006375,0.006363,0.006367,0,157.455994,157.481003,157.184006,157.382004,0,-0.322425,-0.308962,-0.309833
2025.11.21 00:00,0.006367,0.006374,0.006361,0.00637,6022,157.380005,157.541,157.214996,157.309006,0,-0.320659,-0.327644,-0.323136
2025.11.21 01:00,0.006369,0.006375,0.006362,0.006363,4670,157.313995,157.498993,157.201996,157.481995,0,-0.315718,-0.326952,-0.323416
2025.11.21 02:00,0.006363,0.006371,0.006363,0.006369,2633,157.479996,157.494003,157.292999,157.343002,0,-0.323083,-0.319454,-0.32016
2025.11.21 03:00,0.006369,0.006371,0.006365,0.00637,1409,157.341995,157.431,157.289001,157.302994,0,-0.334148,-0.315456,-0.317124
2025.11.21 04:00,0.00637,0.00638,0.00637,0.006371,4659,157.294006,157.309006,157.076996,157.268997,0,-0.323136,-0.3249,-0.320083
2025.11.21 05:00,0.006374,0.006376,0.00637,0.006373,2798,157.268005,157.307999,157.160004,157.223007,0,-0.322129,-0.309561,-0.323344
2025.11.21 06:00,0.006373,0.00638,0.006373,0.006376,3798,157.222,157.259995,157.044998,157.171997,0,-0.335716,-0.317464,-0.321554
2025.11.21 07:00,0.006376,0.006398,0.006375,0.006394,10391,157.164001,157.195999,156.606995,156.735992,0,-0.333251,-0.320364,-0.327143
2025.11.21 08:00,0.006394,0.0064,0.006384,0.006386,12130,156.733002,156.949997,156.561996,156.910995,0,-0.320656,-0.311993,-0.318454
2025.11.21 09:00,0.006386,0.006396,0.006384,0.006392,7283,156.906006,156.953003,156.667999,156.753006,0,-0.323662,-0.332502,-0.319683
2025.11.21 10:00,0.006392,0.006402,0.00639,0.006392,7787,156.759003,156.826004,156.550995,156.776993,0,-0.343723,-0.337612,-0.33143
2025.11.21 11:00,0.006392,0.006394,0.006387,0.006389,3050,156.776993,156.899002,156.742004,156.847,0,-0.330973,-0.333155,-0.327983
2025.11.21 12:00,0.006389,0.006398,0.006387,0.006393,12384,156.847,156.899002,156.602997,156.753998,0,-0.330973,-0.316366,-0.332913
2025.11.21 13:00,0.006392,0.006396,0.006388,0.00639,5380,156.742004,156.867004,156.673004,156.807999,0,-0.335734,-0.313067,-0.325717
2025.11.21 14:00,0.00639,0.006397,0.006384,0.006395,10051,156.807999,156.970001,156.649002,156.697998,0,-0.340661,-0.325727,-0.325833
2025.11.21 15:00,0.006395,0.006416,0.006394,0.006402,46263,156.701996,156.723999,156.192001,156.531006,0,-0.327372,-0.331651,-0.329815
2025.11.21 16:00,0.006402,0.006405,0.006392,0.0064,21830,156.533005,156.759003,156.457001,156.565994,0,-0.32568,-0.328978,-0.328199
2025.11.21 17:00,0.0064,0.006404,0.006394,0.006402,6603,156.565994,156.733002,156.492004,156.539001,0,-0.336375,-0.339596,-0.325619
2025.11.21 18:00,0.006401,0.006404,0.006398,0.0064,5063,156.535995,156.647003,156.455002,156.570007,0,-0.335948,-0.314788,-0.332212
2025.11.21 19:00,0.0064,0.006413,0.0064,0.00641,4980,156.574005,156.585007,156.257004,156.324005,0,-0.335003,-0.335896,-0.317763
2025.11.21 20:00,0.006411,0.006411,0.006405,0.006408,4670,156.324997,156.455002,156.311996,156.389999,0,-0.32698,-0.317925,-0.335066
2025.11.21 21:00,0.006408,0.006411,0.006403,0.006407,4654,156.378998,156.503998,156.294998,156.378006,0,-0.327208,-0.300927,-0.298721
2025.11.24 00:00,0.006396,0.006397,0.006391,0.006394,2213,156.677994,156.804001,156.651993,156.729004,0,-0.333965,-0.328717,-0.320155
2025.11.24 01:00,0.006394,0.006398,0.006393,0.006394,2557,156.729996,156.755997,156.630997,156.714996,0,-0.334912,-0.319942,-0.318369
2025.11.24 02:00,0.006394,0.006399,0.006394,0.006396,2420,156.710999,156.738998,156.600998,156.684006,0,-0.330149,-0.326582,-0.324069
2025.11.24 03:00,0.006396,0.0064,0.006396,0.006398,1909,156.684006,156.695999,156.582993,156.645004,0,-0.336062,-0.332989,-0.333949
2025.11.24 04:00,0.006398,0.006403,0.006397,0.006402,1165,156.634995,156.667007,156.503998,156.546005,0,-0.343732,-0.327208,-0.344815
2025.11.24 05:00,0.006401,0.006404,0.0064,0.0064,1387,156.552994,156.593002,156.494995,156.574997,0,-0.330799,-0.330403,-0.324993
2025.11.24 06:00,0.0064,0.006402,0.006394,0.006394,1971,156.574997,156.740005,156.537994,156.731003,0,-0.331156,-0.324612,-0.334376
2025.11.24 07:00,0.006394,0.006396,0.006388,0.00639,5933,156.720001,156.893997,156.671005,156.835007,0,-0.338226,-0.335508,-0.32824
2025.11.24 08:00,0.00639,0.006398,0.006386,0.006387,4099,156.843002,156.938995,156.643005,156.893997,0,-0.334189,-0.33195,-0.325968
2025.11.24 09:00,0.006387,0.006396,0.006386,0.006393,5117,156.893997,156.938995,156.673996,156.75,0,-0.334189,-0.326274,-0.328915
2025.11.24 10:00,0.006393,0.006396,0.006392,0.006394,2692,156.742004,156.781006,156.692001,156.705994,0,-0.323213,-0.332065,-0.321599
2025.11.24 11:00,0.006394,0.006395,0.006388,0.00639,2332,156.707001,156.865997,156.694,156.832001,0,-0.334727,-0.321835,-0.325234
2025.11.24 12:00,0.00639,0.006394,0.006388,0.006388,1822,156.830002,156.873993,156.738998,156.850006,0,-0.330479,-0.330149,-0.318736
2025.11.24 13:00,0.006389,0.006389,0.006384,0.006386,3907,156.847,156.988007,156.843994,156.912994,0,-0.334135,-0.324977,-0.320453
2025.11.24 14:00,0.006386,0.006388,0.006376,0.006381,12008,156.908997,157.162994,156.880005,157.050003,0,-0.324854,-0.324234,-0.334753
2025.11.24 15:00,0.006381,0.006394,0.006375,0.006391,16969,157.044006,157.192993,156.733002,156.791,0,-0.330245,-0.336375,-0.320964
2025.11.24 16:00,0.006391,0.006392,0.006385,0.006386,7312,156.792007,156.947006,156.763,156.938995,0,-0.329934,-0.317438,-0.334189
2025.11.24 17:00,0.006386,0.006389,0.006384,0.006388,3623,156.934998,156.983994,156.850006,156.880997,0,-0.330122,-0.330989,-0.325226
2025.11.24 18:00,0.006388,0.006391,0.006387,0.006391,1835,156.880997,156.895996,156.783005,156.789001,0,-0.327967,-0.312969,-0.318966
2025.11.24 19:00,0.006391,0.006395,0.006388,0.006394,8465,156.783997,156.880997,156.705002,156.733002,0,-0.337483,-0.332837,-0.324152
2025.11.24 20:00,0.006394,0.006394,0.006389,0.00639,3646,156.729996,156.848999,156.725998,156.832993,0,-0.329982,-0.329371,-0.338475
2025.11.24 21:00,0.00639,0.00639,0.006386,0.006388,1541,156.822998,156.921997,156.815002,156.876999,0,-0.329456,-0.332721,-0.345729
2025.11.24 23:00,0.006386,0.006388,0.006384,0.006385,0,156.854004,156.960999,156.834,156.917999,0,-0.307127,-0.302729,-0.300927
2025.11.25 00:00,0.006386,0.006394,0.006382,0.006394,5599,156.901001,156.988998,156.667999,156.694,0,-0.29831,-0.283604,-0.309605
2025.11.25 01:00,0.006394,0.0064,0.006392,0.006396,5899,156.682999,156.751999,156.548004,156.647003,0,-0.306437,-0.285801,-0.287066
2025.11.25 02:00,0.006396,0.006398,0.006392,0.006394,2264,156.656998,156.731003,156.600998,156.669006,0,-0.29768,-0.289943,-0.284611
2025.11.25 03:00,0.006395,0.006397,0.00639,0.00639,2660,156.669006,156.785004,156.608002,156.772995,0,-0.290487,-0.284726,-0.290714
2025.11.25 04:00,0.00639,0.006392,0.006388,0.00639,0,156.768997,156.854996,156.751999,156.796997,0,-0.299225,-0.294206,-0.290231
2025.11.25 05:00,0.006388,0.006394,0.006388,0.006392,2182,156.796997,156.850006,156.690002,156.735001,0,-0.294235,-0.293376,-0.289438
2025.11.25 06:00,0.006392,0.006394,0.00639,0.006394,4559,156.727005,156.802994,156.664001,156.675995,0,-0.308477,-0.279606,-0.2916
2025.11.25 07:00,0.006394,0.006401,0.006394,0.006397,6455,156.675003,156.699005,156.518005,156.619003,0,-0.302378,-0.292418,-0.295728
2025.11.25 08:00,0.006397,0.006404,0.006394,0.006402,5079,156.610992,156.701996,156.432999,156.490005,0,-0.293146,-0.292784,-0.301016
2025.11.25 09:00,0.006402,0.006417,0.006402,0.006411,7811,156.485992,156.501007,156.138,156.292999,0,-0.299816,-0.301945,-0.298928
2025.11.25 10:00,0.00641,0.006414,0.006406,0.006408,4159,156.294998,156.401993,156.197006,156.348007,0,-0.298337,-0.288056,-0.293073
2025.11.25 11:00,0.006408,0.006408,0.006401,0.006404,3603,156.341003,156.526001,156.341003,156.438004,0,-0.300413,-0.28607,-0.297789
2025.11.25 12:00,0.006404,0.006411,0.006402,0.006411,5394,156.436005,156.514008,156.289993,156.294006,0,-0.300625,-0.295922,-0.299935
2025.11.25 13:00,0.006411,0.006422,0.006409,0.006417,11908,156.294006,156.348999,156.024002,156.139999,0,-0.306244,-0.309272,-0.291797
2025.11.25 14:00,0.006417,0.006427,0.006411,0.00642,10818,156.139999,156.281998,155.889008,156.065002,0,-0.300095,-0.295413,-0.301762
2025.11.25 15:00,0.006421,0.006427,0.006415,0.006417,14486,156.048004,156.177994,155.888,156.147995,0,-0.305494,-0.282309,-0.299793
2025.11.25 16:00,0.006417,0.006421,0.00641,0.00641,7044,156.147995,156.317993,156.054993,156.298996,0,-0.311751,-0.303886,-0.292754
2025.11.25 17:00,0.006409,0.006431,0.006409,0.006427,14387,156.311996,156.334,155.796997,155.893005,0,-0.291244,-0.300181,-0.287314
2025.11.25 18:00,0.006427,0.006429,0.006423,0.006426,5969,155.891998,155.977997,155.828995,155.906998,0,-0.287504,-0.283805,-0.289196
2025.11.25 19:00,0.006426,0.006431,0.006424,0.00643,4681,155.906998,155.959,155.800995,155.822006,0,-0.292749,-0.292097,-0.301013
2025.11.25 20:00,0.006429,0.00643,0.006415,0.006419,4951,155.822006,156.188004,155.817001,156.097,0,-0.303363,-0.296008,-0.297361
2025.11.25 21:00,0.006418,0.00643,0.006418,0.00643,1483,156.095001,156.110992,156.022003,156.041,0,-0.299212,-0.501009,-0.520007
2025.11.25 23:00,0.006422,0.006423,0.006413,0.006414,0,156.001007,156.235001,155.992004,156.186005,0,-0.301744,-0.289399,-0.277054
2025.11.26 00:00,0.006414,0.006419,0.006408,0.006412,6162,156.192001,156.354004,156.087997,156.248993,0,-0.29907,-0.300497,-0.291412
2025.11.26 01:00,0.006412,0.00643,0.006407,0.006425,14298,156.248993,156.373001,155.809006,155.942001,0,-0.293716,-0.288012,-0.287868
2025.11.26 02:00,0.006425,0.006437,0.006421,0.006429,6174,155.938004,156.022995,155.645004,155.841995,0,-0.296137,-0.29313,-0.284715
2025.11.26 03:00,0.006429,0.006433,0.006427,0.006427,3117,155.841995,155.910995,155.740997,155.875,0,-0.305304,-0.28045,-0.281406
2025.11.26 04:00,0.006427,0.006427,0.006417,0.00642,3921,155.875,156.132996,155.871002,156.026993,0,-0.309073,-0.277408,-0.263753
2025.11.26 05:00,0.006419,0.00642,0.006415,0.006418,8266,156.035004,156.184998,156.024002,156.108002,0,-0.300357,-0.260762,-0.296222
2025.11.26 06:00,0.006417,0.00642,0.006411,0.006414,2854,156.112,156.287003,156.044006,156.201996,0,-0.292931,-0.280766,-0.293045
2025.11.26 07:00,0.006413,0.006416,0.006404,0.006407,5224,156.201004,156.462006,156.143997,156.378006,0,-0.297413,-0.283647,-0.286536
2025.11.26 08:00,0.006407,0.006409,0.006402,0.006404,5220,156.386993,156.494995,156.311996,156.447006,0,-0.293804,-0.281418,-0.306792
2025.11.26 09:00,0.006404,0.006409,0.006402,0.006404,6797,156.447006,156.503998,156.328995,156.451996,0,-0.302807,-0.28624,-0.287404
2025.11.26 10:00,0.006404,0.006409,0.006402,0.006403,2936,156.449005,156.513,156.322006,156.472,0,-0.299618,-0.279251,-0.29521
2025.11.26 11:00,0.006402,0.006407,0.006398,0.006403,5165,156.472,156.578995,156.369995,156.473007,0,-0.292364,-0.29071,-0.296217
2025.11.26 12:00,0.006402,0.006404,0.006398,0.006402,5859,156.470001,156.591003,156.436005,156.473007,0,-0.292156,-0.283597,-0.284018
2025.11.26 13:00,0.006403,0.006409,0.006394,0.006396,13304,156.472,156.688004,156.326004,156.658997,0,-0.291377,-0.283249,-0.29906
2025.11.26 14:00,0.006395,0.006402,0.006392,0.006398,8178,156.656998,156.740997,156.494003,156.606995,0,-0.295435,-0.292813,-0.29594
2025.11.26 15:00,0.006398,0.006406,0.006396,0.006405,7712,156.610001,156.645996,156.410004,156.412994,0,-0.298274,-0.294171,-0.284972
2025.11.26 16:00,0.006405,0.006411,0.006404,0.006407,5544,156.410995,156.468002,156.283997,156.384995,0,-0.30341,-0.302094,-0.293525
2025.11.26 17:00,0.006407,0.006409,0.006403,0.006406,2571,156.378006,156.464005,156.335007,156.399002,0,-0.287215,-0.292251,-0.28317
2025.11.26 18:00,0.006406,0.006409,0.006402,0.006403,2543,156.399002,156.516006,156.339996,156.466995,0,-0.302624,-0.297241,-0.290205
2025.11.26 19:00,0.006404,0.006405,0.006402,0.006404,2740,156.460999,156.511002,156.425003,156.455002,0,-0.297619,-0.296981,-0.29041
2025.11.26 20:00,0.006404,0.006406,0.006402,0.006404,2145,156.449997,156.494995,156.401993,156.444,0,-0.306006,-0.28616,-0.291592
2025.11.26 21:00,0.006404,0.006406,0.006402,0.006404,1006,156.447006,156.477997,156.401993,156.449997,0,-0.264614,-0.298337,-0.285405
2025.11.26 23:00,0.006404,0.006411,0.006403,0.006411,0,156.417007,156.425003,156.212997,156.223007,0,-0.248213,-0.231095,-0.241105
2025.11.27 00:00,0.006411,0.006427,0.006411,0.006419,5609,156.216003,156.242004,155.854004,156.029999,0,-0.260102,-0.248313,-0.230359
2025.11.27 01:00,0.006419,0.006432,0.006413,0.006417,7277,156.031006,156.182999,155.716003,156.044998,0,-0.249742,-0.243369,-0.221076
2025.11.27 02:00,0.006419,0.006423,0.006413,0.006415,2615,156.050995,156.188995,155.923004,156.113998,0,-0.243577,-0.244633,-0.229358
2025.11.27 03:00,0.006415,0.006419,0.006414,0.006417,1069,156.113998,156.156998,156.026001,156.074005,0,-0.248047,-0.226362,-0.23795
2025.11.27 04:00,0.006417,0.006423,0.006416,0.00642,1445,156.076004,156.102997,155.932999,156.005997,0,-0.242647,-0.242506,-0.242757
2025.12.01 00:00,0.006423,0.006433,0.006423,0.006427,9280,155.901001,155.908997,155.669998,155.802002,0,-0.206392,-0.209451,-0.208408
2025.12.01 01:00,0.006427,0.00644,0.006419,0.006434,18463,155.798996,155.992004,155.475006,155.634003,0,-0.204504,-0.207553,-0.209697
2025.12.01 02:00,0.006433,0.006443,0.006433,0.00644,5879,155.634003,155.651993,155.423996,155.496994,0,-0.215605,-0.216793,-0.205435
2025.12.01 03:00,0.00644,0.006444,0.006435,0.006441,2782,155.5,155.598007,155.406998,155.455002,0,-0.209925,-0.211841,-0.199605
2025.12.01 04:00,0.006441,0.006444,0.006435,0.006438,2648,155.455002,155.604996,155.389008,155.544006,0,-0.216914,-0.217927,-0.216268
2025.12.01 05:00,0.006438,0.006444,0.006435,0.006435,6592,155.542007,155.619995,155.406006,155.591003,0,-0.207769,-0.210849,-0.202921
2025.12.01 06:00,0.006435,0.006437,0.006431,0.006437,6759,155.591003,155.692001,155.550003,155.557999,0,-0.207277,-0.198128,-0.194064
2025.12.01 07:00,0.006437,0.006448,0.006435,0.006446,8906,155.561005,155.628006,155.298996,155.360992,0,-0.21578,-0.212152,-0.213992
2025.12.01 08:00,0.006446,0.00645,0.006437,0.00644,12461,155.360992,155.561996,155.253998,155.483002,0,-0.210122,-0.203221,-0.191442
2025.12.01 09:00,0.00644,0.00645,0.006438,0.006448,16542,155.479996,155.533005,155.253998,155.285995,0,-0.21732,-0.203221,-0.211168
2025.12.01 10:00,0.006449,0.006454,0.006448,0.00645,5355,155.281006,155.307999,155.156006,155.253998,0,-0.209125,-0.213329,-0.203221
2025.12.01 11:00,0.00645,0.006456,0.006446,0.006456,4536,155.248001,155.343002,155.093994,155.098007,0,-0.208039,-0.199318,-0.203331
2025.12.01 12:00,0.006456,0.006471,0.006454,0.006469,13321,155.098007,155.149994,154.757004,154.783005,0,-0.207317,-0.209442,-0.19961
2025.12.01 13:00,0.006469,0.006475,0.006465,0.006467,12103,154.783005,154.897003,154.658997,154.835007,0,-0.217965,-0.206917,-0.203805
2025.12.01 14:00,0.006467,0.006467,0.006458,0.00646,11783,154.841995,155.063004,154.830002,154.985001,0,-0.204316,-0.1988,-0.198218
2025.12.01 15:00,0.00646,0.006469,0.006452,0.006456,13770,154.994003,155.197006,154.848999,155.097,0,-0.2063,-0.265604,-0.202324
2025.12.01 16:00,0.006456,0.006456,0.006447,0.006448,10958,155.091003,155.313995,155.091003,155.287003,0,-0.20309,-0.196327,-0.212176
2025.12.01 17:00,0.006448,0.006449,0.006444,0.006446,6509,155.281006,155.384995,155.255997,155.350006,0,-0.213914,-0.193196,-0.215043
2025.12.01 18:00,0.006446,0.006446,0.00644,0.00644,4583,155.343994,155.498001,155.335007,155.488007,0,-0.206442,-0.200044,-0.208507
2025.12.01 19:00,0.00644,0.006442,0.006438,0.00644,8145,155.487,155.522003,155.444,155.479004,0,-0.194265,-0.200657,-0.211551
2025.12.01 20:00,0.00644,0.006442,0.006438,0.006442,3370,155.475006,155.518005,155.429001,155.440994,0,-0.202321,-0.19771,-0.209703
2025.12.01 21:00,0.006442,0.006442,0.006438,0.006439,1157,155.447006,155.507996,155.425003,155.432999,0,-0.192311,-0.193712,-0.129378
2025.12.01 23:00,0.00644,0.006442,0.006435,0.006437,0,155.416,155.572006,155.416,155.548004,0,-0.183924,-0.18471,-0.18407
2025.12.02 00:00,0.006437,0.006441,0.006431,0.006433,7108,155.556,155.679993,155.455002,155.628006,0,-0.195268,-0.199605,-0.191618
2025.12.02 01:00,0.006433,0.006435,0.006427,0.006433,4917,155.628006,155.774994,155.595993,155.626007,0,-0.193506,-0.207911,-0.189619
2025.12.02 02:00,0.006433,0.006435,0.006431,0.006432,2133,155.626007,155.705002,155.584,155.653,0,-0.196103,-0.195918,-0.180365
2025.12.02 03:00,0.006433,0.006437,0.00643,0.006433,2467,155.653,155.718002,155.552994,155.625,0,-0.197009,-0.189059,-0.188612
2025.12.02 04:00,0.006433,0.006437,0.006432,0.006433,0,155.625,155.666,155.544998,155.638,0,-0.193366,-0.181064,-0.201612
2025.12.02 05:00,0.006431,0.006433,0.006429,0.006433,2193,155.632996,155.733002,155.628006,155.651993,0,-0.187812,-0.191618,-0.191446
2025.12.02 06:00,0.006432,0.006434,0.006426,0.006428,4696,155.647995,155.817001,155.632996,155.761002,0,-0.1992,-0.20869,-0.191619
2025.12.02 07:00,0.006429,0.00643,0.006425,0.006428,8548,155.755005,155.835999,155.710007,155.761002,0,-0.206084,-0.189013,-0.191619
2025.12.02 08:00,0.006428,0.006428,0.006418,0.006418,7844,155.761002,156.005005,155.761002,155.990005,0,-0.193225,-0.191619,-0.178226
2025.12.02 09:00,0.006419,0.006421,0.006415,0.006419,7542,155.992004,156.097,155.927002,155.975006,0,-0.200205,-0.188026,-0.199631
2025.12.02 10:00,0.00642,0.006421,0.006415,0.006417,2777,155.960007,156.078003,155.931,156.029999,0,-0.205503,-0.192024,-0.193943
2025.12.02 11:00,0.006417,0.006423,0.006416,0.006421,2914,156.029999,156.061996,155.888,155.925003,0,-0.201646,-0.185396,-0.198145
2025.12.02 12:00,0.006421,0.006422,0.006417,0.006418,2205,155.917999,156.039001,155.906006,156.011002,0,-0.202946,-0.191275,-0.199222
2025.12.02 13:00,0.006417,0.006419,0.006415,0.006419,4502,156.003998,156.084,155.960007,155.970001,0,-0.211499,-0.184632,-0.182501
2025.12.02 14:00,0.006419,0.006421,0.006415,0.006419,6793,155.968994,156.098007,155.927002,155.945007,0,-0.201212,-0.188026,-0.169632
2025.12.02 15:00,0.006421,0.006425,0.006411,0.006423,16845,155.945007,156.188995,155.813004,155.882004,0,-0.194924,-0.183089,-0.191511
2025.12.02 16:00,0.006423,0.006429,0.006419,0.006421,6846,155.867996,155.996994,155.748001,155.914001,0,-0.209493,-0.190721,-0.187144
2025.12.02 17:00,0.006421,0.006422,0.006415,0.006421,4299,155.917007,156.097,155.910995,155.955994,0,-0.212359,-0.196265,-0.204887
2025.12.02 18:00,0.006421,0.006422,0.006417,0.006418,3088,155.938995,156.029007,155.906006,155.988007,0,-0.205084,-0.191275,-0.176227
2025.12.02 19:00,0.006419,0.006425,0.006418,0.006423,5076,155.988007,156.007996,155.839005,155.893005,0,-0.196216,-0.184871,-0.1904
2025.12.02 20:00,0.006423,0.006427,0.006422,0.006425,3712,155.891006,155.910004,155.798004,155.824005,0,-0.195273,-0.192313,-0.194091
2025.12.02 21:00,0.006425,0.006425,0.006422,0.006423,1035,155.828003,155.916,155.820999,155.884995,0,-0.20127,-0.191085,-0.206624
2025.12.02 23:00,0.006424,0.006427,0.006421,0.006427,0,155.854996,155.906998,155.778,155.798004,0,-0.168022,-0.184406,-0.20441
2025.12.03 00:00,0.006427,0.006432,0.006425,0.006427,4545,155.757004,155.811996,155.654007,155.778,0,-0.182082,-0.181372,-0.184406
2025.12.03 01:00,0.006427,0.006434,0.006427,0.006431,4177,155.770996,155.791,155.600006,155.653,0,-0.185309,-0.1757,-0.168275
2025.12.03 02:00,0.006431,0.006432,0.006425,0.006429,2826,155.649994,155.806,155.643997,155.703995,0,-0.176086,-0.171362,-0.170904
2025.12.03 03:00,0.006429,0.006433,0.006429,0.006432,2856,155.703995,155.727005,155.621994,155.654007,0,-0.169725,-0.161447,-0.181372
2025.12.03 04:00,0.006431,0.006432,0.006427,0.006431,1872,155.647995,155.751999,155.645996,155.660004,0,-0.170511,-0.173361,-0.163188
2025.12.03 05:00,0.006433,0.006433,0.006429,0.00643,3106,155.656006,155.705002,155.621002,155.686005,0,-0.171911,-0.160455,-0.165011
2025.12.03 06:00,0.00643,0.006438,0.00643,0.006434,4548,155.686005,155.692001,155.503998,155.602005,0,-0.171008,-0.164192,-0.177699
2025.12.03 07:00,0.006434,0.006438,0.006429,0.006431,3963,155.604996,155.707993,155.507004,155.684998,0,-0.174902,-0.167198,-0.176099
2025.12.03 08:00,0.006431,0.006431,0.006427,0.006431,3570,155.679001,155.757004,155.658997,155.669998,0,-0.175516,-0.174272,-0.1611
2025.12.03 09:00,0.006431,0.006437,0.006431,0.006433,2474,155.677994,155.681,155.522995,155.615005,0,-0.172101,-0.17112,-0.178617
2025.12.03 10:00,0.006433,0.006438,0.006432,0.006437,2871,155.615005,155.643005,155.498993,155.520996,0,-0.170371,-0.171254,-0.157062
2025.12.03 11:00,0.006437,0.006442,0.006437,0.006442,3836,155.520996,155.529007,155.406998,155.417999,0,-0.177132,-0.175707,-0.174656
2025.12.03 12:00,0.006442,0.006444,0.006441,0.006442,2977,155.410004,155.432999,155.354004,155.408997,0,-0.177602,-0.170892,-0.177706
2025.12.03 13:00,0.006442,0.00645,0.006438,0.006438,11739,155.408997,155.528,155.192993,155.488998,0,-0.188194,-0.166248,-0.173314
2025.12.03 14:00,0.006438,0.006448,0.006437,0.006444,7728,155.490005,155.522003,155.272995,155.350998,0,-0.170128,-0.174121,-0.155841
2025.12.03 15:00,0.006443,0.00645,0.00643,0.00645,17317,155.369003,155.598007,155.203995,155.210999,0,-0.077013,-0.17725,-0.160222
2025.12.03 16:00,0.00645,0.006459,0.006448,0.006452,15319,155.212006,155.248001,155.005005,155.162994,0,-0.173174,-0.182278,-0.184301
2025.12.03 17:00,0.006452,0.006456,0.00645,0.006454,3375,155.166,155.214996,155.082001,155.119995,0,-0.188251,-0.175335,-0.177319
2025.12.03 18:00,0.006454,0.006456,0.006452,0.006454,3762,155.125,155.177994,155.070007,155.119995,0,-0.175284,-0.163342,-0.177319
2025.12.03 19:00,0.006454,0.006456,0.006452,0.006453,3104,155.126999,155.167007,155.074005,155.143997,0,-0.176301,-0.16734,-0.177315
2025.12.03 20:00,0.006453,0.006454,0.006448,0.00645,3059,155.143997,155.248993,155.121002,155.229996,0,-0.174166,-0.16633,-0.179219
2025.12.03 21:00,0.00645,0.006452,0.006446,0.006452,1799,155.229996,155.317001,155.197998,155.231003,0,-0.182038,-0.219305,-0.25231
2025.12.03 23:00,0.00645,0.006454,0.006446,0.006452,0,155.169006,155.238007,155.078995,155.110992,0,-0.115068,-0.124322,-0.120286
2025.12.04 00:00,0.006452,0.006456,0.006447,0.006452,5626,155.106003,155.251007,155.014999,155.113998,0,-0.140102,-0.120323,-0.123292
2025.12.04 01:00,0.006452,0.006453,0.006439,0.006446,4644,155.112,155.410995,155.093002,155.253006,0,-0.107375,-0.12632,-0.130067
2025.12.04 02:00,0.006446,0.006446,0.00644,0.00644,2918,155.251007,155.429993,155.25,155.406998,0,-0.138433,-0.127061,-0.115438
2025.12.04 03:00,0.00644,0.006441,0.006434,0.00644,3138,155.414993,155.542007,155.380005,155.384003,0,-0.117701,-0.124608,-0.11655
2025.12.04 04:00,0.006441,0.006444,0.006438,0.006438,1328,155.384995,155.468994,155.319,155.455994,0,-0.129188,-0.123844,-0.116188
2025.12.04 05:00,0.006438,0.00645,0.006436,0.006448,6639,155.457001,155.503006,155.179001,155.216995,0,-0.126999,-0.128224,-0.130152
2025.12.04 06:00,0.006448,0.006448,0.006438,0.006444,5882,155.216995,155.451004,155.205002,155.296005,0,-0.123266,-0.118158,-0.124925
2025.12.04 07:00,0.006445,0.006448,0.006442,0.006446,4703,155.289993,155.352005,155.201004,155.235001,0,-0.120714,-0.11416,-0.112062
2025.12.04 08:00,0.006446,0.006466,0.006446,0.006458,18455,155.235001,155.25,154.766006,154.981995,0,-0.127061,-0.122845,-0.123307
2025.12.04 09:00,0.006457,0.006466,0.006455,0.006464,5072,154.987,155.057007,154.792007,154.807007,0,-0.13834,-0.124934,-0.116002
2025.12.04 10:00,0.006465,0.006467,0.006462,0.006467,5187,154.813995,154.891998,154.735001,154.746994,0,-0.129177,-0.115745,-0.127738
2025.12.04 11:00,0.006467,0.006477,0.006466,0.006477,8719,154.746994,154.794006,154.520004,154.529007,0,-0.138884,-0.139453,-0.124624
2025.12.04 12:00,0.006477,0.006477,0.006466,0.006471,7136,154.524002,154.781006,154.501999,154.662003,0,-0.137845,-0.121447,-0.126386
2025.12.04 13:00,0.006471,0.006471,0.006454,0.006466,10725,154.664001,155.059006,154.653,154.798004,0,-0.128335,-0.117383,-0.13093
2025.12.04 14:00,0.006466,0.006475,0.006463,0.006466,8443,154.798004,154.854996,154.556,154.761002,0,-0.128091,-0.127766,-0.117841
2025.12.04 15:00,0.006467,0.006475,0.006461,0.006472,9946,154.759003,154.899002,154.550995,154.630997,0,-0.124201,-0.122761,-0.119252
2025.12.04 16:00,0.006473,0.006473,0.00646,0.006461,5714,154.634003,154.919998,154.628006,154.901001,0,-0.133216,-0.1282,-0.1262
2025.12.04 17:00,0.00646,0.006462,0.006458,0.00646,12001,154.901001,154.966003,154.884003,154.929993,0,-0.119297,-0.121181,-0.131227
2025.12.04 18:00,0.00646,0.006462,0.006457,0.006458,6617,154.934998,154.992996,154.889999,154.983002,0,-0.122314,-0.127178,-0.124314
2025.12.04 19:00,0.006457,0.006459,0.006455,0.006456,4270,154.981003,155.042999,154.949005,155.014999,0,-0.124332,-0.126278,-0.132321
2025.12.04 20:00,0.006456,0.006457,0.006452,0.006453,3634,155.013,155.132996,154.990997,155.100998,0,-0.130286,-0.120315,-0.134316
2025.12.04 21:00,0.006453,0.006454,0.00645,0.006452,1134,155.102005,155.139008,155.069,155.070999,0,-0.112262,-0.126324,-0.092306
2025.12.04 23:00,0.006453,0.006454,0.00645,0.00645,0,155.029999,155.162003,155.009995,155.143005,0,-0.111226,-0.055322,-0.11626
2025.12.05 00:00,0.006451,0.006458,0.006447,0.006458,5100,155.125,155.231995,154.947006,154.966003,0,-0.121089,-0.112291,-0.107316
2025.12.05 01:00,0.006458,0.00646,0.006452,0.006456,3336,154.962006,155.102005,154.912003,155.009003,0,-0.123312,-0.101263,-0.102337
2025.12.05 02:00,0.006456,0.006456,0.006452,0.006454,2818,155.009003,155.100006,154.998001,155.044006,0,-0.1093,-0.103325,-0.113336
2025.12.05 03:00,0.006454,0.006455,0.00645,0.006452,2098,155.054001,155.156998,155.031998,155.115005,0,-0.118243,-0.113331,-0.112296
2025.12.05 04:00,0.006452,0.006464,0.006451,0.00646,6775,155.115005,155.125,154.791,154.914001,0,-0.110273,-0.099995,-0.103262
2025.12.05 05:00,0.006461,0.006475,0.00646,0.006473,5711,154.914001,154.923004,154.539001,154.593994,0,-0.136222,-0.110768,-0.094188
2025.12.05 06:00,0.006473,0.006479,0.006469,0.006475,4504,154.593994,154.699997,154.453995,154.567993,0,-0.116602,-0.121095,-0.115913
2025.12.05 07:00,0.006475,0.006484,0.006471,0.006472,6765,154.561005,154.651001,154.337997,154.623993,0,-0.115384,-0.112211,-0.112248
2025.12.05 08:00,0.006473,0.006473,0.006461,0.006462,8498,154.625,154.891998,154.600998,154.856995,0,-0.117197,-0.101192,-0.118116
2025.12.05 09:00,0.006462,0.006463,0.006458,0.00646,4702,154.850998,154.966995,154.828003,154.912003,0,-0.108308,-0.101098,-0.101263
2025.12.05 10:00,0.00646,0.006461,0.00645,0.006451,4605,154.910995,155.173004,154.884995,155.130005,0,-0.122227,-0.110194,-0.115278
2025.12.05 11:00,0.00645,0.006452,0.006446,0.00645,9046,155.130005,155.223999,155.110001,155.139999,0,-0.10106,-0.107291,-0.113254
2025.12.05 12:00,0.00645,0.006454,0.006445,0.00645,3468,155.143997,155.261002,155.076004,155.171997,0,-0.101962,-0.121331,-0.12122
2025.12.05 13:00,0.006449,0.006452,0.006446,0.006448,5608,155.166,155.261002,155.100998,155.195999,0,-0.114001,-0.110292,-0.121172
2025.12.05 14:00,0.006448,0.006452,0.006444,0.006448,9046,155.188995,155.281998,155.108994,155.218994,0,-0.098886,-0.106284,-0.120121
2025.12.05 15:00,0.006448,0.006452,0.006442,0.006446,11333,155.218002,155.354996,155.110992,155.253998,0,-0.111653,-0.120286,-0.119035
2025.12.05 16:00,0.006446,0.006448,0.006435,0.006444,16608,155.246994,155.494003,155.201996,155.294998,0,-0.105921,-0.103122,-0.111886
2025.12.05 17:00,0.006444,0.006446,0.006442,0.006444,6659,155.294998,155.348007,155.251999,155.283005,0,-0.116716,-0.104999,-0.111925
2025.12.05 18:00,0.006444,0.006446,0.006443,0.006444,1880,155.279999,155.322006,155.233994,155.285995,0,-0.114803,-0.111055,-0.114915
2025.12.05 19:00,0.006444,0.006446,0.006442,0.006444,2987,155.276001,155.322998,155.259003,155.285995,0,-0.103746,-0.112003,-0.102884
2025.12.05 20:00,0.006444,0.006446,0.006443,0.006444,1560,155.285995,155.326996,155.264008,155.300995,0,-0.119793,-0.117007,-0.117883
2025.12.05 21:00,0.006444,0.006444,0.00644,0.006444,1288,155.300003,155.375,155.283997,155.298996,0,-0.0955,-0.112916,-0.115884
2025.12.08 00:00,0.006443,0.006453,0.006442,0.006453,4412,155.313004,155.324997,155.054001,155.065994,0,-0.105745,-0.087319,-0.099312
2025.12.08 01:00,0.006453,0.00646,0.006449,0.006459,4541,155.065002,155.151001,154.906006,154.919006,0,-0.0882,-0.095266,-0.09628
2025.12.08 02:00,0.00646,0.00646,0.006453,0.006456,2840,154.912003,155.069,154.893997,154.998993,0,-0.102318,-0.095231,-0.092328
2025.12.08 03:00,0.006456,0.006456,0.006451,0.006452,1307,155.001007,155.115997,154.968994,155.095993,0,-0.101271,-0.086316,-0.093283
2025.12.08 04:00,0.006452,0.006454,0.006451,0.006452,1101,155.100006,155.123001,155.050995,155.067993,0,-0.108275,-0.096322,-0.0893
2025.12.08 05:00,0.006452,0.006452,0.006444,0.006448,2051,155.072006,155.268005,155.063995,155.195999,0,-0.096925,-0.085302,-0.097126
2025.12.08 06:00,0.006448,0.006451,0.006444,0.006446,3287,155.201004,155.292999,155.100006,155.223999,0,-0.109887,-0.08528,-0.089036
2025.12.08 07:00,0.006446,0.006448,0.00644,0.006442,2034,155.225006,155.354004,155.162994,155.348007,0,-0.086551,-0.088167,-0.104664
2025.12.08 08:00,0.00644,0.006445,0.006437,0.00644,4281,155.345993,155.462006,155.255997,155.391998,0,-0.098071,-0.096957,-0.100439
2025.12.08 09:00,0.006439,0.00644,0.006433,0.006436,4047,155.384995,155.542999,155.384995,155.470001,0,-0.094527,-0.093435,-0.093994
2025.12.08 10:00,0.006435,0.006438,0.006434,0.006435,2387,155.470993,155.533005,155.404007,155.514008,0,-0.108699,-0.088323,-0.101782
2025.12.08 11:00,0.006435,0.006436,0.006431,0.006431,3186,155.507996,155.589996,155.470001,155.580002,0,-0.105272,-0.093994,-0.095277
2025.12.08 12:00,0.006431,0.006434,0.006429,0.006433,4239,155.580002,155.658005,155.539001,155.554993,0,-0.100725,-0.114695,-0.094446
2025.12.08 13:00,0.006433,0.006437,0.006429,0.00643,5133,155.554001,155.662994,155.468994,155.623993,0,-0.105715,-0.10506,-0.102999
2025.12.08 14:00,0.00643,0.00644,0.006419,0.006421,27918,155.623001,155.880005,155.386002,155.820007,0,-0.10463,-0.094442,-0.093149
2025.12.08 15:00,0.006421,0.006425,0.006415,0.00642,15091,155.820007,155.987,155.751007,155.858994,0,-0.102359,-0.096874,-0.095753
2025.12.08 16:00,0.006421,0.006421,0.006416,0.006419,6751,155.852997,155.957993,155.822998,155.901993,0,-0.097642,-0.09614,-0.102353
2025.12.08 17:00,0.006419,0.006425,0.006417,0.006425,8274,155.899002,155.927002,155.722,155.744003,0,-0.103079,-0.092086,-0.08987
2025.12.08 18:00,0.006425,0.006427,0.006423,0.006425,3810,155.744003,155.783005,155.697998,155.742996,0,-0.092512,-0.104404,-0.088863
2025.12.08 19:00,0.006425,0.006425,0.006417,0.006418,19510,155.742996,155.917007,155.727997,155.904999,0,-0.080952,-0.085969,-0.093219
2025.12.08 20:00,0.006418,0.006421,0.006417,0.006417,4405,155.908997,155.936996,155.845993,155.925995,0,-0.088795,-0.094886,-0.089939
2025.12.08 21:00,0.006417,0.006418,0.006415,0.006417,1721,155.927994,155.960999,155.891998,155.914993,0,-0.088498,-0.080218,-0.066791
2025.12.08 23:00,0.006418,0.00642,0.006415,0.00642,0,155.878006,155.979004,155.841995,155.848999,0,-0.082209,-0.078755,-0.085759
2025.12.09 00:00,0.006419,0.006423,0.006413,0.006413,7769,155.841003,156.022003,155.761993,156.003006,0,-0.088747,-0.071501,-0.081898
2025.12.09 01:00,0.006413,0.006423,0.006411,0.006423,5014,156.005997,156.037003,155.759995,155.789993,0,-0.067256,-0.081624,-0.087388
2025.12.09 02:00,0.006422,0.006425,0.006417,0.006419,2338,155.789993,155.908005,155.735992,155.863998,0,-0.084082,-0.081859,-0.088623
2025.12.09 03:00,0.006419,0.006421,0.006418,0.006421,1361,155.862,155.891998,155.796997,155.817993,0,-0.080218,-0.070139,-0.079017
2025.12.09 04:00,0.006421,0.006421,0.006415,0.006416,0,155.824997,155.988007,155.804001,155.934998,0,-0.091212,-0.077143,-0.074647
2025.12.09 05:00,0.006411,0.006419,0.006411,0.006413,17194,155.927994,156.110001,155.854996,156.003998,0,-0.115929,-0.079621,-0.08289
2025.12.09 06:00,0.006413,0.006415,0.006409,0.006413,6221,156.007004,156.126999,155.955002,156.007004,0,-0.084244,-0.070361,-0.085896
2025.12.09 07:00,0.006413,0.006414,0.006406,0.006406,13924,156.0,156.197998,155.977997,156.190994,0,-0.082166,-0.069046,-0.087339
2025.12.09 08:00,0.006406,0.006406,0.006396,0.0064,8813,156.190994,156.432999,156.177002,156.334,0,-0.073062,-0.073346,-0.083996
2025.12.09 09:00,0.0064,0.006415,0.0064,0.006411,10133,156.328995,156.341995,155.970993,156.085007,0,-0.079792,-0.086352,-0.090935
2025.12.09 10:00,0.00641,0.006411,0.006406,0.006411,4183,156.080002,156.201996,156.039993,156.070007,0,-0.086163,-0.070247,-0.075936
2025.12.09 11:00,0.006411,0.006411,0.006406,0.006406,2014,156.072998,156.199005,156.063995,156.181,0,-0.095349,-0.069924,-0.077344
2025.12.09 12:00,0.006406,0.006406,0.006399,0.0064,4708,156.186005,156.358002,156.179993,156.350006,0,-0.083585,-0.076337,-0.087803
2025.12.09 13:00,0.0064,0.006402,0.006392,0.0064,9259,156.356995,156.514999,156.279007,156.337006,0,-0.081677,-0.077816,-0.087002
2025.12.09 14:00,0.0064,0.0064,0.006392,0.006397,15386,156.337006,156.535004,156.307999,156.406998,0,-0.089441,-0.070204,-0.083722
2025.12.09 15:00,0.006397,0.006398,0.006376,0.006378,25182,156.408997,156.914993,156.384995,156.869003,0,-0.076853,-0.07394,-0.092327
2025.12.09 16:00,0.006378,0.00638,0.006376,0.006378,14587,156.862,156.921005,156.804993,156.860001,0,-0.070562,-0.077459,-0.083324
2025.12.09 17:00,0.006379,0.00638,0.006376,0.006376,3982,156.852997,156.925003,156.826004,156.912003,0,-0.086863,-0.073908,-0.086152
2025.12.09 18:00,0.006376,0.006378,0.006376,0.006377,2466,156.916,156.927994,156.871002,156.889999,0,-0.077551,-0.082043,-0.076448
2025.12.09 19:00,0.006378,0.006381,0.006375,0.00638,4948,156.893005,156.955002,156.802002,156.826996,0,-0.079958,-0.086752,-0.0749
2025.12.09 20:00,0.00638,0.00638,0.006376,0.006377,10527,156.826996,156.921997,156.815002,156.901993,0,-0.083857,-0.087468,-0.088442
2025.12.09 21:00,0.006377,0.006378,0.006375,0.006376,1648,156.897003,156.942993,156.848007,156.848007,0,-0.080245,-0.059048,-0.022157
2025.12.09 23:00,0.006378,0.00638,0.006376,0.00638,0,156.820999,156.917007,156.792007,156.835007,0,-0.066564,-0.064473,-0.095199
2025.12.10 00:00,0.00638,0.006384,0.006375,0.006384,7412,156.798996,156.938995,156.697006,156.714996,0,-0.076247,-0.067666,-0.073397
2025.12.10 01:00,0.006384,0.006386,0.006382,0.006384,6396,156.707001,156.770004,156.664001,156.703003,0,-0.079316,-0.07146,-0.061403
2025.12.10 02:00,0.006384,0.006388,0.006383,0.006386,2783,156.699997,156.723007,156.625,156.649994,0,-0.056861,-0.069229,-0.069704
2025.12.10 03:00,0.006386,0.00639,0.006385,0.006389,4696,156.654999,156.684006,156.552994,156.584,0,-0.066933,-0.070713,-0.064982
2025.12.10 04:00,0.006389,0.006389,0.006386,0.006388,1562,156.584,156.667007,156.574997,156.619995,0,-0.074466,-0.05598,-0.076481
2025.12.10 05:00,0.006388,0.006389,0.006384,0.006384,1675,156.619995,156.720993,156.589996,156.699997,0,-0.067121,-0.070979,-0.070656
2025.12.10 06:00,0.006384,0.006386,0.006382,0.006386,2529,156.701996,156.764999,156.654999,156.664993,0,-0.074311,-0.062457,-0.060187
2025.12.10 07:00,0.006386,0.006388,0.006382,0.006386,2651,156.666,156.735992,156.630005,156.645004,0,-0.057571,-0.074234,-0.064714
2025.12.10 08:00,0.006386,0.00639,0.006384,0.006386,4182,156.645004,156.707001,156.572006,156.666,0,-0.065401,-0.06524,-0.073459
2025.12.10 09:00,0.006386,0.006386,0.006377,0.00638,8325,156.673004,156.889999,156.667007,156.815994,0,-0.076448,-0.062202,-0.063898
2025.12.10 10:00,0.00638,0.006383,0.006378,0.006382,13569,156.813004,156.860001,156.731003,156.764999,0,-0.071042,-0.064857,-0.074311
2025.12.10 11:00,0.006382,0.006385,0.006382,0.006384,4752,156.764999,156.778,156.682007,156.703995,0,-0.075032,-0.064935,-0.062395
2025.12.10 12:00,0.006384,0.006386,0.006382,0.006384,4738,156.703995,156.757996,156.667007,156.709,0,-0.079574,-0.074466,-0.0674
2025.12.10 13:00,0.006384,0.006391,0.006384,0.00639,9862,156.709,156.718002,156.546005,156.546005,0,-0.076403,-0.075969,-0.063724
2025.12.10 14:00,0.006391,0.006396,0.006388,0.006392,18211,156.546005,156.630005,156.434006,156.5,0,-0.074234,-0.074069,-0.066677
2025.12.10 15:00,0.006393,0.006399,0.006392,0.006394,10096,156.494003,156.535995,156.348007,156.473007,0,-0.078203,-0.073591,-0.064158
2025.12.10 16:00,0.006394,0.0064,0.006394,0.0064,9606,156.473007,156.490005,156.320007,156.335999,0,-0.081156,-0.070003,-0.073795
2025.12.10 17:00,0.0064,0.006404,0.006397,0.0064,5054,156.330994,156.399002,156.238998,156.300003,0,-0.075727,-0.074406,-0.062208
2025.12.10 18:00,0.0064,0.006402,0.006394,0.006396,10193,156.300003,156.479004,156.289001,156.417999,0,-0.082377,-0.075619,-0.058062
2025.12.10 19:00,0.006396,0.006409,0.006386,0.006403,47443,156.382004,156.677994,156.095001,156.257996,0,-0.073188,-0.064423,-0.081206
2025.12.10 20:00,0.006403,0.006422,0.006401,0.006417,40626,156.257004,156.311005,155.787003,155.929001,0,-0.085417,-0.072272,-0.080799
2025.12.10 21:00,0.006417,0.006417,0.006409,0.006414,2720,155.932007,156.100006,155.919006,155.998993,0,-0.081591,-0.070804,-0.090042
2025.12.10 23:00,0.006412,0.006427,0.006411,0.006421,0,155.992004,156.029007,155.621994,155.759003,0,-0.047105,-0.016303,-0.032145
2025.12.11 00:00,0.006421,0.006429,0.006416,0.006419,18222,155.748993,155.886002,155.561996,155.804001,0,-0.025651,-0.016806,-0.028626
2025.12.11 01:00,0.00642,0.006429,0.006419,0.006423,3614,155.804993,155.822006,155.565002,155.714005,0,-0.034506,-0.019812,-0.0114
2025.12.11 02:00,0.006423,0.006433,0.006421,0.006421,6222,155.712997,155.776993,155.483002,155.774002,0,-0.038017,-0.034529,-0.035026
2025.12.11 03:00,0.006421,0.006427,0.006421,0.006424,2533,155.766998,155.787994,155.630005,155.688995,0,-0.036887,-0.024314,-0.022744
2025.12.11 04:00,0.006424,0.006427,0.006418,0.006419,2532,155.688995,155.856995,155.610992,155.845001,0,-0.045215,-0.017398,-0.045362
2025.12.11 05:00,0.006417,0.006417,0.006409,0.006409,2374,155.837006,156.070999,155.830002,156.059998,0,-0.028244,0.006054,-0.017242
2025.12.11 06:00,0.006409,0.006413,0.006405,0.006413,4180,156.059998,156.164993,155.938004,155.966003,0,-0.036971,-0.016895,-0.020586
2025.12.11 07:00,0.006413,0.006417,0.006409,0.00641,11727,155.960007,156.054993,155.863998,156.026993,0,-0.024414,-0.027943,-0.02075
2025.12.11 08:00,0.00641,0.00642,0.006409,0.006417,17582,156.024002,156.070007,155.779999,155.878998,0,-0.039429,-0.016759,-0.030796
2025.12.11 09:00,0.006416,0.006417,0.00641,0.006417,6819,155.880005,156.029999,155.841995,155.862,0,-0.023756,-0.018073,-0.025944
2025.12.11 10:00,0.006417,0.006419,0.006413,0.006417,9637,155.858994,155.949997,155.796005,155.860001,0,-0.028889,-0.02063,-0.023945
2025.12.11 11:00,0.006417,0.006421,0.006417,0.006421,5906,155.860001,155.884003,155.751999,155.759003,0,-0.035801,-0.025141,-0.020027
2025.12.11 12:00,0.006421,0.006431,0.006419,0.006429,11086,155.759995,155.820007,155.514008,155.585007,0,-0.032507,-0.029283,-0.027727
2025.12.11 13:00,0.006429,0.006444,0.006427,0.006441,11728,155.584,155.623993,155.223999,155.276001,0,-0.030399,-0.028842,-0.020604
2025.12.11 14:00,0.006441,0.006456,0.006441,0.006454,25354,155.276001,155.298996,154.940002,154.977005,0,-0.043599,-0.033337,-0.034329
2025.12.11 15:00,0.006454,0.006455,0.006446,0.006446,16042,154.979004,155.179001,154.947998,155.164001,0,-0.032001,-0.029331,-0.029039
2025.12.11 16:00,0.006446,0.006448,0.006441,0.006446,8957,155.169998,155.291,155.104004,155.151001,0,-0.035603,-0.029177,-0.028062
2025.12.11 17:00,0.006446,0.00645,0.00644,0.006443,5236,155.145004,155.292999,155.076004,155.233994,0,-0.025546,-0.03725,-0.02679
2025.12.11 18:00,0.006444,0.006444,0.006436,0.006438,3426,155.233002,155.412994,155.207001,155.360001,0,-0.036987,-0.023889,-0.032262
2025.12.11 19:00,0.006438,0.006438,0.006428,0.006429,12226,155.356003,155.598007,155.356003,155.589005,0,-0.028625,-0.016197,-0.031725
2025.12.11 20:00,0.006428,0.006432,0.006425,0.006429,7901,155.589005,155.673004,155.501007,155.589996,0,-0.030976,-0.028372,-0.032717
2025.12.11 21:00,0.006428,0.00643,0.006427,0.006428,2743,155.591995,155.623001,155.531998,155.561005,0,-0.029407,-0.011004,0.008378
2025.12.11 23:00,0.006429,0.006434,0.006427,0.006431,0,155.516998,155.619003,155.440002,155.522003,0,-0.013312,-0.015696,-0.025187
2025.12.12 00:00,0.006431,0.006433,0.006422,0.006423,550,155.498001,155.731995,155.451004,155.688995,0,-0.017264,-0.002532,0.001497
2025.12.12 01:00,0.006424,0.006429,0.00642,0.006424,1092,155.694,155.770004,155.539993,155.660004,0,-0.006764,-0.006902,0.006247
2025.12.12 02:00,0.006425,0.006425,0.006421,0.006423,124,155.669006,155.748001,155.647995,155.669998,0,-0.009025,-0.005967,0.008373
2025.12.12 03:00,0.006424,0.006425,0.006422,0.006422,218,155.667999,155.725998,155.626007,155.712997,0,-0.011267,0.003907,0.001733
2025.12.12 04:00,0.006423,0.006424,0.006421,0.006421,1037,155.703995,155.764008,155.684006,155.742996,0,-0.012901,-0.017755,0.008111
2025.12.12 05:00,0.006421,0.006424,0.00642,0.006423,390,155.737,155.772995,155.667999,155.735992,0,-0.009755,-0.001748,-0.033387
2025.12.12 06:00,0.006421,0.006425,0.006419,0.006425,499,155.735992,155.826996,155.647003,155.649002,0,-0.027357,-0.004975,-0.006974
2025.12.12 07:00,0.006426,0.006429,0.006422,0.006425,2720,155.654999,155.725998,155.535995,155.643997,0,-0.011267,-0.002905,-0.014083
2025.12.12 08:00,0.006425,0.006479,0.006417,0.006417,2029,155.643005,155.843002,155.617996,155.837006,0,-0.006947,-1.26128,-0.013083
2025.12.12 09:00,0.006417,0.006474,0.006415,0.006469,29159,155.832993,155.910995,155.75,155.888,0,-0.014201,-1.285989,-1.292654
2025.12.12 10:00,0.006468,0.00647,0.006413,0.006415,0,155.882996,155.964996,155.843002,155.914001,0,-0.019578,-1.283495,-0.017207
2025.12.12 11:00,0.006468,0.006468,0.006411,0.006467,32273,155.910004,155.992996,155.904999,155.908005,0,-0.011094,-1.297699,-1.288749
2025.12.12 12:00,0.006467,0.006474,0.006406,0.006462,10669,155.908005,156.128998,155.766006,156.029999,0,-0.013165,-1.301995,-1.29112
2025.12.12 13:00,0.006462,0.006469,0.006409,0.006462,6030,156.029999,156.056,155.895004,156.039993,0,-0.025421,-1.299658,-1.289138
2025.12.12 14:00,0.006462,0.006471,0.006407,0.006469,8053,156.039001,156.100006,155.839996,155.904007,0,-0.020721,-1.292435,-1.308661
2025.12.12 15:00,0.006468,0.006472,0.006409,0.006469,12945,155.904999,156.061005,155.806,155.878998,0,-0.018249,-1.294255,-1.295603
2025.12.12 16:00,0.006469,0.006477,0.006415,0.006471,12754,155.878998,155.884003,155.671997,155.809006,0,0.000638,-1.291445,-1.28532
2025.12.12 17:00,0.006472,0.006475,0.006415,0.006473,3904,155.815994,155.906006,155.746994,155.781998,0,-0.009211,-1.294914,-1.294129
2025.12.12 18:00,0.006473,0.006476,0.006419,0.006473,3145,155.774994,155.815994,155.710007,155.776993,0,-0.016355,-1.293699,-1.289124
2025.12.12 19:00,0.006473,0.006473,0.006413,0.006468,3499,155.779999,155.938995,155.776001,155.895004,0,-0.005739,-1.300056,-1.287704
2025.12.12 20:00,0.006469,0.006473,0.006415,0.006469,4837,155.901001,155.908005,155.768997,155.875,0,-0.035505,-1.293052,-1.303544
2025.12.12 21:00,0.006469,0.006473,0.006415,0.006415,3036,155.878998,155.891998,155.768005,155.824997,0,-0.007357,-1.268199,0.059644
2025.12.15 00:00,0.006469,0.006469,0.006411,0.006468,4908,155.858994,155.985992,155.856995,155.891998,0,0.008079,-1.285539,-1.284698
2025.12.15 01:00,0.006468,0.006481,0.006421,0.006479,4516,155.895004,155.897995,155.598999,155.608002,0,-0.159019,-1.28992,-1.275102
2025.12.15 02:00,0.006479,0.006491,0.006429,0.006487,4971,155.604004,155.649994,155.350998,155.427002,0,-0.116903,-1.279667,-1.272534
2025.12.15 03:00,0.006487,0.006493,0.006433,0.006488,3364,155.429001,155.475998,155.296997,155.412994,0,-0.03961,-1.284981,-1.282293
2025.12.15 04:00,0.006488,0.006498,0.006439,0.006495,3667,155.419006,155.423996,155.177002,155.25,0,-0.120375,-1.283499,-1.285409
2025.12.15 05:00,0.006495,0.006504,0.006442,0.006504,4410,155.25,155.257004,155.026001,155.031006,0,-0.013661,-1.286278,-1.267649
2025.12.15 06:00,0.006504,0.006508,0.006447,0.006502,5061,155.026993,155.158005,154.942001,155.089996,0,-0.0471,-1.284968,-1.279338
2025.12.15 07:00,0.006501,0.006502,0.006441,0.006494,6611,155.082993,155.296005,155.065002,155.257996,0,-0.040608,-1.277993,-1.269701
2025.12.15 08:00,0.006495,0.0065,0.00644,0.006497,3420,155.259995,155.287003,155.098007,155.179993,0,-0.01955,-1.263682,-1.274644
2025.12.15 09:00,0.006497,0.006508,0.00645,0.006507,5525,155.184006,155.201004,154.932007,154.960999,0,-0.150227,-1.274974,-1.280346
2025.12.15 10:00,0.006506,0.006507,0.006446,0.006502,2914,154.964996,155.154007,154.953995,155.078003,0,-0.019044,-1.273342,-1.267345
2025.12.15 11:00,0.006502,0.006511,0.006452,0.006508,3811,155.078995,155.102005,154.847,154.917999,0,-0.099295,-1.260761,-1.260966
2025.12.15 12:00,0.006508,0.00651,0.006448,0.006502,3516,154.917007,155.093994,154.882004,155.072006,0,0.004879,-1.260376,-1.273179
2025.12.15 13:00,0.006502,0.006506,0.006448,0.006498,4403,155.070999,155.158005,154.962006,155.151993,0,-0.071161,-1.26954,-1.270322
2025.12.15 14:00,0.006498,0.006512,0.006446,0.006508,8614,155.158005,155.227005,154.845993,154.906006,0,-0.104066,-1.27155,-1.260769
2025.12.15 15:00,0.006508,0.006512,0.006454,0.006498,17746,154.912003,155.158997,154.830002,155.149994,0,-0.204324,-1.267354,-1.268324
2025.12.15 16:00,0.006499,0.006499,0.006491,0.006493,9188,155.156998,155.330002,155.141998,155.283997,0,-1.258671,-1.27217,-1.27198
2025.12.15 17:00,0.006493,0.006495,0.006489,0.006493,3223,155.289993,155.367996,155.251999,155.300995,0,-1.272918,-1.275562,-1.277126
2025.12.15 18:00,0.006493,0.006493,0.006489,0.006491,1493,155.300995,155.389008,155.274002,155.350998,0,-1.270186,-1.261986,-1.279667
2025.12.15 19:00,0.00649,0.006496,0.006488,0.006495,6257,155.356003,155.399002,155.212006,155.238998,0,-1.2683,-1.271121,-1.274407
2025.12.15 20:00,0.006495,0.006496,0.006493,0.006495,1606,155.238007,155.268997,155.214005,155.248001,0,-1.268842,-1.27312,-1.28341
2025.12.15 21:00,0.006494,0.006497,0.006493,0.006495,1390,155.242004,155.259003,155.156998,155.167999,0,-1.258848,-1.239802,-1.215262
2025.12.15 23:00,0.006495,0.006505,0.006495,0.006502,0,155.203003,155.240005,154.973007,155.005005,0,-1.275414,-1.245104,-1.217995
2025.12.16 00:00,0.006502,0.006516,0.0065,0.006504,8983,155.033997,155.102997,154.727997,155.005005,0,-1.256846,-1.247837,-1.253471
2025.12.16 01:00,0.006504,0.00651,0.0065,0.00651,5695,155.0,155.125,154.847,154.858002,0,-1.267011,-1.248963,-1.259965
2025.12.16 02:00,0.00651,0.006514,0.006508,0.006514,3335,154.860992,154.925003,154.753998,154.776001,0,-1.256161,-1.250273,-1.260491
2025.12.16 03:00,0.006514,0.006517,0.006508,0.006508,3647,154.774002,154.908997,154.695999,154.884995,0,-1.251964,-1.251163,-1.239758
2025.12.16 04:00,0.006509,0.006514,0.006508,0.006512,0,154.884995,154.917007,154.763,154.813004,0,-1.259975,-1.235714,-1.238561
2025.12.16 05:00,0.006515,0.006518,0.00651,0.006511,3393,154.813004,154.856003,154.675995,154.839005,0,-1.257966,-1.242934,-1.252765
2025.12.16 06:00,0.006511,0.006512,0.006506,0.00651,4756,154.841003,154.947998,154.813004,154.850998,0,-1.255533,-1.250355,-1.252961
2025.12.16 07:00,0.00651,0.006511,0.006505,0.006509,4407,154.843002,154.981003,154.828003,154.884003,0,-1.2531,-1.241764,-1.250571
2025.12.16 08:00,0.00651,0.006513,0.006506,0.00651,4935,154.878998,154.942993,154.791,154.862,0,-1.250528,-1.251925,-1.252173
2025.12.16 09:00,0.00651,0.006514,0.006509,0.006511,2867,154.856995,154.897995,154.764999,154.832001,0,-1.264564,-1.249489,-1.245762
2025.12.16 10:00,0.006512,0.006514,0.006508,0.00651,3777,154.828995,154.906006,154.768997,154.863998,0,-1.248973,-1.253487,-1.254172
2025.12.16 11:00,0.00651,0.006513,0.006508,0.006512,3816,154.869995,154.901993,154.783005,154.813995,0,-1.256756,-1.243929,-1.251347
2025.12.16 12:00,0.006512,0.006522,0.00651,0.00652,5219,154.815002,154.856995,154.595001,154.604996,0,-1.258957,-1.25605,-1.242522
2025.12.16 13:00,0.006521,0.00653,0.00651,0.006516,21470,154.602997,154.869995,154.386002,154.714996,0,-1.260169,-1.246642,-1.258384
2025.12.16 14:00,0.006516,0.006524,0.006504,0.006521,13265,154.705994,154.998993,154.589005,154.595993,0,-1.247459,-1.308805,-1.245281
2025.12.16 15:00,0.006521,0.006526,0.006514,0.006514,16388,154.591995,154.781998,154.457001,154.772995,0,-1.254711,-1.235519,-1.245708
2025.12.16 16:00,0.006514,0.006514,0.006508,0.006512,11465,154.770004,154.906998,154.744003,154.802994,0,-1.249965,-1.240278,-1.252127
2025.12.16 17:00,0.006512,0.006522,0.006511,0.006518,4803,154.802002,154.839996,154.561996,154.679001,0,-1.253757,-1.234792,-1.24594
2025.12.16 18:00,0.006517,0.006518,0.006512,0.006515,4300,154.673996,154.806,154.667007,154.740005,0,-1.243352,-1.245708,-1.248064
2025.12.16 19:00,0.006514,0.00652,0.006507,0.006518,10308,154.746994,154.931,154.598999,154.666,0,-1.250347,-1.236525,-1.244701
2025.12.16 20:00,0.006518,0.006522,0.006512,0.006513,4975,154.666,154.796997,154.563004,154.796997,0,-1.246131,-1.235799,-1.257921
2025.12.16 21:00,0.006513,0.006516,0.006512,0.006516,1604,154.798996,154.835007,154.688995,154.712997,0,-1.260564,-1.232383,-1.256385
2025.12.16 23:00,0.006516,0.006517,0.006512,0.006513,0,154.705994,154.811996,154.671005,154.781998,0,-1.237554,-1.226169,-1.242922
2025.12.17 00:00,0.006514,0.006522,0.006509,0.006521,6994,154.770996,154.873993,154.557007,154.576996,0,-1.240562,-1.218055,-1.226284
2025.12.17 01:00,0.006521,0.006524,0.006516,0.006518,4290,154.582993,154.707993,154.507996,154.666,0,-1.239602,-1.239545,-1.232939
2025.12.17 02:00,0.006517,0.006517,0.006502,0.006502,8143,154.671997,155.028,154.664993,155.011993,0,-1.229172,-1.220157,-1.224984
2025.12.17 03:00,0.006502,0.00651,0.006502,0.006508,3042,155.009003,155.029007,154.854004,154.884995,0,-1.230179,-1.232376,-1.239758
2025.12.17 04:00,0.006508,0.006509,0.006497,0.006498,3411,154.886002,155.151001,154.867004,155.126999,0,-1.233806,-1.233573,-1.233496
2025.12.17 05:00,0.0065,0.0065,0.006496,0.006497,2595,155.132996,155.171005,155.061996,155.145004,0,-1.230121,-1.227671,-1.227809
2025.12.17 06:00,0.006497,0.006498,0.006485,0.006487,5579,155.151001,155.444,155.121994,155.363998,0,-1.230109,-1.240324,-1.221415
2025.12.17 07:00,0.006488,0.006489,0.006479,0.006483,5712,155.365997,155.569,155.350998,155.498993,0,-1.236101,-1.232176,-1.237523
2025.12.17 08:00,0.006482,0.006485,0.006479,0.006481,6334,155.501007,155.600006,155.421997,155.514008,0,-1.24329,-1.231878,-1.228731
2025.12.17 09:00,0.006482,0.006484,0.00648,0.006481,2650,155.516006,155.559006,155.453995,155.529999,0,-1.238018,-1.228208,-1.232828
2025.12.17 10:00,0.006481,0.006485,0.006481,0.006485,2540,155.531998,155.548004,155.434006,155.453995,0,-1.238925,-1.243887,-1.240103
2025.12.17 11:00,0.006485,0.006485,0.006479,0.006481,2878,155.462006,155.595993,155.447998,155.542007,0,-1.239277,-1.245988,-1.232929
2025.12.17 12:00,0.006481,0.006485,0.006479,0.006483,4623,155.544998,155.574997,155.447006,155.483002,0,-1.242098,-1.233115,-1.245319
2025.12.17 13:00,0.006483,0.006487,0.006477,0.006485,12600,155.481003,155.638,155.380005,155.432007,0,-1.245539,-1.237421,-1.241888
2025.12.17 14:00,0.006486,0.006489,0.006477,0.006483,6509,155.429001,155.632996,155.345993,155.481003,0,-1.240535,-1.239038,-1.231422
2025.12.17 15:00,0.006483,0.006489,0.006481,0.006487,8962,155.481995,155.544006,155.345993,155.397003,0,-1.234928,-1.239038,-1.230661
2025.12.17 16:00,0.006487,0.006488,0.006479,0.006479,7232,155.397995,155.598999,155.378006,155.591003,0,-1.242283,-1.247304,-1.234287
2025.12.17 17:00,0.006479,0.006482,0.006479,0.006481,3313,155.591995,155.613007,155.522995,155.529999,0,-1.25629,-1.249623,-1.232828
2025.12.17 18:00,0.006481,0.006483,0.006475,0.006477,3724,155.528,155.675003,155.490005,155.641006,0,-1.24677,-1.240424,-1.248545
2025.12.17 19:00,0.006477,0.006479,0.006475,0.006477,3840,155.643005,155.690002,155.585007,155.639008,0,-1.249852,-1.240205,-1.246546
2025.12.17 20:00,0.006477,0.006477,0.006472,0.006474,3202,155.639008,155.748993,155.612,155.699005,0,-1.237248,-1.231448,-1.234994
2025.12.17 21:00,0.006474,0.006476,0.006473,0.006473,1421,155.692993,155.746002,155.654999,155.658005,0,-1.246196,-1.238691,-1.18206
2025.12.17 23:00,0.006476,0.006482,0.006475,0.006481,0,155.582001,155.645004,155.470001,155.494003,0,-1.192924,-1.196629,-1.208727
2025.12.18 00:00,0.006481,0.006484,0.006477,0.006482,3538,155.488998,155.584,155.417007,155.473999,0,-1.203448,-1.191221,-1.200627
2025.12.18 01:00,0.006482,0.006483,0.00647,0.00647,4224,155.473999,155.764008,155.451996,155.733002,0,-1.2045,-1.202415,-1.173494
2025.12.18 02:00,0.006469,0.006475,0.006468,0.006469,2762,155.746002,155.807999,155.654007,155.783997,0,-1.200699,-1.201927,-1.212541
2025.12.18 03:00,0.006469,0.006473,0.006469,0.006471,1810,155.783005,155.796005,155.701004,155.757996,0,-1.212611,-1.201198,-1.210434
2025.12.18 04:00,0.00647,0.006473,0.006469,0.006471,1285,155.755005,155.785004,155.692993,155.729004,0,-1.201609,-1.205124,-1.181443
2025.12.18 13:00,0.006469,0.006494,0.006469,0.006477,59037,155.813995,155.837006,155.307999,155.585999,0,-1.241659,-1.319704,-1.193537
2025.12.18 14:00,0.006477,0.00649,0.006477,0.006481,19879,155.593994,155.606995,155.276993,155.485001,0,-1.202611,-1.193789,-1.199724
2025.12.18 15:00,0.006481,0.006483,0.006473,0.006479,10108,155.492004,155.695007,155.436005,155.524994,0,-1.207138,-1.186423,-1.192095
2025.12.18 16:00,0.006479,0.006487,0.006477,0.006479,8561,155.522995,155.576004,155.356003,155.528,0,-1.195452,-1.189661,-1.195101
2025.12.18 17:00,0.006479,0.006479,0.006473,0.006475,4503,155.528,155.686996,155.520996,155.636002,0,-1.187191,-1.188097,-1.183922
2025.12.18 18:00,0.006475,0.006477,0.006472,0.006475,2631,155.638,155.710007,155.572006,155.632004,0,-1.198262,-1.191455,-1.191854
2025.12.18 19:00,0.006475,0.006481,0.006474,0.00648,3732,155.632004,155.662994,155.490997,155.511993,0,-1.198983,-1.193826,-1.191005
2025.12.18 20:00,0.00648,0.006481,0.006475,0.006475,2285,155.514999,155.632996,155.492996,155.608002,0,-1.192845,-1.195825,-1.179768
2025.12.18 21:00,0.006477,0.006479,0.006475,0.006479,858,155.604996,155.634995,155.522003,155.526993,0,-1.206761,-1.177202,-1.182191
2025.12.18 23:00,0.006479,0.006479,0.006475,0.006477,0,155.546997,155.641998,155.505997,155.587006,0,-1.189918,-1.173097,-1.182622
2025.12.19 00:00,0.006477,0.006477,0.006467,0.006469,7574,155.576004,155.776993,155.550995,155.744003,0,-1.145791,-1.170443,-1.172548
2025.12.19 01:00,0.006469,0.006473,0.006468,0.00647,3885,155.744003,155.792007,155.684006,155.742004,0,-1.184707,-1.1842,-1.182497
2025.12.19 02:00,0.00647,0.006473,0.006466,0.006466,2059,155.740005,155.854004,155.677994,155.820999,0,-1.18693,-1.190125,-1.165877
2025.12.19 03:00,0.006466,0.006477,0.00645,0.006464,16902,155.832001,156.171005,155.567001,155.878006,0,-1.132251,-1.162618,-1.175032
2025.12.19 04:00,0.006464,0.006471,0.006455,0.006456,3844,155.873001,156.085999,155.725006,156.059006,0,-1.167331,-1.177445,-1.164329
2025.12.19 05:00,0.006458,0.006464,0.006458,0.00646,2197,156.063004,156.072998,155.876999,155.990997,0,-1.21431,-1.174025,-1.180258
2025.12.19 06:00,0.00646,0.006466,0.006441,0.006458,16704,155.985992,156.442001,155.843994,156.005005,0,-1.186604,-1.188872,-1.170289
2025.12.19 07:00,0.006458,0.006461,0.006429,0.006429,17837,156.011002,156.742004,155.960007,156.731995,0,-1.184725,-1.185206,-1.186805
2025.12.19 08:00,0.006429,0.006429,0.00642,0.006421,21329,156.725998,156.936996,156.714996,156.929001,0,-1.173756,-1.181905,-1.177894
2025.12.19 09:00,0.006421,0.006423,0.006409,0.006409,23293,156.927002,157.212997,156.852005,157.197998,0,-1.182419,-1.173634,-1.179583
2025.12.19 10:00,0.006409,0.006413,0.006401,0.006405,13873,157.199997,157.399994,157.125,157.319,0,-1.174406,-1.179582,-1.190978
2025.12.19 11:00,0.006405,0.006408,0.006402,0.006405,8155,157.322006,157.380997,157.227997,157.311996,0,-1.192007,-1.173063,-1.183974
2025.12.19 12:00,0.006404,0.006411,0.006404,0.006408,7058,157.317993,157.354004,157.175995,157.233994,0,-1.189412,-1.181923,-1.17906
2025.12.19 13:00,0.006408,0.006409,0.006402,0.006404,14612,157.233994,157.382996,157.201004,157.320999,0,-1.181805,-1.182589,-1.180785
2025.12.19 14:00,0.006404,0.006421,0.0064,0.006401,23089,157.317001,157.425995,156.923004,157.419006,0,-1.175991,-1.184028,-1.193419
2025.12.19 15:00,0.006402,0.006404,0.006398,0.006398,16954,157.416,157.498001,157.348999,157.472,0,-1.186946,-1.184407,-1.185369
2025.12.19 16:00,0.006398,0.006401,0.006398,0.0064,7271,157.466995,157.496002,157.399002,157.427002,0,-1.197154,-1.173414,-1.176998
2025.12.19 17:00,0.0064,0.006401,0.00639,0.0064,14689,157.423004,157.677994,157.410004,157.434998,0,-1.195713,-1.184416,-1.184994
2025.12.19 18:00,0.0064,0.006402,0.006396,0.006396,5603,157.429993,157.533005,157.395004,157.518997,0,-1.185283,-1.181622,-1.171275
2025.12.19 19:00,0.006396,0.006398,0.006394,0.006396,7215,157.514999,157.589996,157.494995,157.528,0,-1.181147,-1.18394,-1.192502
2025.12.19 20:00,0.006396,0.006398,0.006389,0.00639,6891,157.524002,157.699997,157.472,157.690002,0,-1.18098,-1.185369,-1.195485
2025.12.19 21:00,0.00639,0.006392,0.006386,0.006388,2632,157.684998,157.778,157.632996,157.733994,0,-1.173194,-1.187433,-1.19048
2025.12.22 00:00,0.006392,0.006397,0.00639,0.006394,10836,157.608994,157.662003,157.5,157.557999,0,-1.167485,-1.176725,-1.173604
2025.12.22 01:00,0.006395,0.006407,0.006394,0.006405,5478,157.548996,157.574005,157.248001,157.294998,0,-1.177378,-1.156532,-1.166976
2025.12.22 02:00,0.006406,0.006408,0.0064,0.0064,3348,157.292007,157.425003,157.223999,157.419006,0,-1.174999,-1.169065,-1.169002
2025.12.22 03:00,0.0064,0.006406,0.006398,0.006404,2366,157.416,157.470001,157.266998,157.328995,0,-1.171154,-1.163343,-1.176587
2025.12.22 04:00,0.006404,0.006407,0.006402,0.006404,1908,157.332001,157.365997,157.25,157.302994,0,-1.177008,-1.158531,-1.16278
2025.12.22 05:00,0.006404,0.006407,0.006402,0.006402,2356,157.307999,157.391006,157.257996,157.354996,0,-1.177624,-1.166526,-1.166006
2025.12.22 06:00,0.006402,0.006407,0.0064,0.006404,4733,157.363007,157.434006,157.261993,157.347,0,-1.171802,-1.170524,-1.182408
2025.12.22 07:00,0.006403,0.006405,0.006394,0.006398,4680,157.335999,157.563995,157.300995,157.488998,0,-1.1796,-1.172973,-1.177944
2025.12.22 08:00,0.006397,0.006402,0.006396,0.006396,5263,157.483994,157.550003,157.363998,157.544998,0,-1.190066,-1.162808,-1.185061
2025.12.22 09:00,0.006395,0.0064,0.006394,0.006398,3302,157.546005,157.572006,157.412994,157.455002,0,-1.175379,-1.175199,-1.168371
2025.12.22 10:00,0.006398,0.006403,0.006398,0.006401,2564,157.457001,157.464005,157.343002,157.393997,0,-1.177373,-1.166212,-1.168409
2025.12.22 11:00,0.006401,0.006404,0.0064,0.0064,3227,157.397995,157.427994,157.328995,157.410004,0,-1.17799,-1.164402,-1.172209
2025.12.22 12:00,0.006401,0.006403,0.0064,0.006402,5777,157.404999,157.432007,157.348999,157.395004,0,-1.182003,-1.172209,-1.181622
2025.12.22 13:00,0.006402,0.006423,0.006402,0.00641,36010,157.395996,157.397003,156.850006,157.184998,0,-1.195812,-1.171635,-1.178755
2025.12.22 14:00,0.00641,0.006421,0.006409,0.006417,9603,157.182007,157.222,156.901001,157.009003,0,-1.179245,-1.162025,-1.172947
2025.12.22 15:00,0.006417,0.006421,0.006412,0.006418,11166,157.016998,157.121002,156.908005,156.970001,0,-1.163421,-1.156898,-1.158221
2025.12.22 16:00,0.006417,0.006423,0.006415,0.006419,8523,156.968994,157.046005,156.848999,156.927002,0,-1.161364,-1.158506,-1.151627
2025.12.22 17:00,0.006419,0.006429,0.006419,0.006423,7700,156.936996,156.938995,156.699997,156.843002,0,-1.151495,-1.154807,-1.164631
2025.12.22 18:00,0.006423,0.006423,0.006416,0.006419,6153,156.837997,157.024994,156.837997,156.947998,0,-1.164644,-1.147505,-1.172623
2025.12.22 19:00,0.006419,0.006422,0.006415,0.006421,11640,156.942001,157.033005,156.878998,156.897995,0,-1.160505,-1.164267,-1.171137
2025.12.22 20:00,0.006421,0.006421,0.006417,0.006417,3145,156.891998,157.005997,156.889999,156.987,0,-1.169941,-1.163142,-1.163077
2025.12.22 21:00,0.006417,0.006418,0.006415,0.006417,2757,156.988998,157.057999,156.973999,157.031006,0,-1.173358,-1.162219,-1.207083
2025.12.22 23:00,0.006416,0.006423,0.006415,0.006419,0,157.018997,157.024994,156.813004,156.876007,0,-1.140353,-1.122511,-1.100632
2025.12.23 00:00,0.006419,0.006433,0.006419,0.006432,7387,156.917007,156.927002,156.595993,156.610001,0,-1.139501,-1.135446,-1.137366
2025.12.23 01:00,0.006432,0.00644,0.00643,0.006438,6057,156.615005,156.656006,156.414993,156.453003,0,-1.135012,-1.123434,-1.125264
2025.12.23 02:00,0.006438,0.006446,0.006437,0.006443,6675,156.453003,156.485001,156.268997,156.348007,0,-1.133126,-1.134034,-1.140804
2025.12.23 03:00,0.006443,0.006449,0.006442,0.006449,3991,156.345001,156.352005,156.182007,156.182007,0,-1.132753,-1.119206,-1.119206
2025.12.23 04:00,0.00645,0.006459,0.00645,0.006457,0,156.188995,156.188995,155.955002,155.985001,0,-1.138219,-1.132275,-1.114319
2025.12.23 05:00,0.006456,0.006462,0.006454,0.006456,7094,155.988998,156.080002,155.904999,156.007996,0,-1.137325,-1.142177,-1.125317
2025.12.23 06:00,0.006457,0.006458,0.00645,0.006452,6366,156.009995,156.188004,155.987,156.108994,0,-1.137227,-1.128312,-1.1303
2025.12.23 07:00,0.006452,0.00646,0.00645,0.006454,5891,156.106995,156.169998,155.945007,156.070007,0,-1.131244,-1.134268,-1.115335
2025.12.23 08:00,0.006454,0.006459,0.006452,0.006458,5191,156.069,156.117004,155.945007,155.951996,0,-1.138311,-1.122281,-1.11728
2025.12.23 09:00,0.006459,0.006472,0.006456,0.006458,9241,155.957001,156.022995,155.641006,155.964996,0,-1.140317,-1.129262,-1.130281
2025.12.23 10:00,0.006458,0.006462,0.006455,0.00646,3635,155.959,156.048996,155.858002,155.919006,0,-1.130329,-1.119123,-1.132224
2025.12.23 11:00,0.00646,0.006462,0.006456,0.006458,1992,155.921005,156.035995,155.863998,155.964005,0,-1.141319,-1.113144,-1.129289
2025.12.23 12:00,0.006458,0.006462,0.006456,0.006456,2797,155.972,156.033997,155.863998,156.018997,0,-1.13932,-1.113144,-1.124321
2025.12.23 13:00,0.006456,0.006459,0.006442,0.006443,12360,156.013,156.363998,155.940994,156.335007,0,-1.132708,-1.118268,-1.127803
2025.12.23 14:00,0.006443,0.006443,0.006434,0.00644,12538,156.335999,156.546005,156.330002,156.399002,0,-1.121699,-1.122799,-1.131549
2025.12.23 15:00,0.006441,0.006448,0.006438,0.006441,9165,156.399002,156.447998,156.199997,156.389999,0,-1.132314,-1.12517,-1.134602
2025.12.23 16:00,0.006441,0.006444,0.00644,0.006444,3754,156.388,156.434998,156.294998,156.332993,0,-1.143438,-1.123918,-1.137836
2025.12.23 17:00,0.006443,0.006446,0.006442,0.006446,2084,156.330994,156.350998,156.242004,156.292007,0,-1.131746,-1.119066,-1.145007
2025.12.23 18:00,0.006444,0.006448,0.006443,0.006448,2249,156.294998,156.343002,156.218994,156.225998,0,-1.135799,-1.13215,-1.127124
2025.12.23 19:00,0.006448,0.00645,0.006446,0.006449,3680,156.227005,156.253006,156.171005,156.192001,0,-1.130067,-1.120228,-1.1292
2025.12.23 20:00,0.00645,0.00645,0.006444,0.006445,2544,156.186005,156.309006,156.171005,156.298004,0,-1.125894,-1.132251,-1.138965
2025.12.23 21:00,0.006444,0.006449,0.006443,0.006443,2696,156.300003,156.315994,156.169998,156.220993,0,-1.108791,-1.107197,-1.01379
2025.12.23 23:00,0.006448,0.006454,0.006446,0.00645,0,156.158997,156.283997,156.082001,156.167007,0,-1.149034,-1.127328,-1.128253
2025.12.24 00:00,0.00645,0.006458,0.006445,0.006458,8445,156.169998,156.283005,155.968994,155.981995,0,-1.123965,-1.122288,-1.123307
2025.12.24 01:00,0.006458,0.006473,0.00645,0.006471,8399,155.988998,156.151993,155.593994,155.645996,0,-1.125248,-1.118049,-1.110379
2025.12.24 02:00,0.006471,0.006475,0.006468,0.006468,4259,155.649994,155.744003,155.550995,155.742004,0,-1.136703,-1.122761,-1.134704
2025.12.24 03:00,0.006468,0.006468,0.006458,0.006458,3934,155.740997,155.990005,155.733002,155.970993,0,-1.131318,-1.125702,-1.124287
2025.12.24 04:00,0.006458,0.006465,0.006454,0.006464,2461,155.975006,156.061996,155.794006,155.826996,0,-1.131326,-1.114968,-1.124022
2025.12.26 05:00,0.006448,0.006451,0.006444,0.006446,2915,156.160995,156.283005,156.084,156.201004,0,-1.087848,-1.069273,-1.066041
2025.12.26 06:00,0.006447,0.006452,0.006442,0.006444,2507,156.195007,156.319,156.072998,156.274002,0,-1.075657,-1.070288,-1.078845
2025.12.26 07:00,0.006444,0.006446,0.006437,0.00644,4032,156.276993,156.444,156.203995,156.363998,0,-1.080066,-1.069032,-1.072439
2025.12.26 08:00,0.00644,0.006443,0.006437,0.006442,2811,156.375,156.445007,156.289001,156.319,0,-1.081073,-1.081798,-1.075657
2025.12.26 09:00,0.006442,0.006442,0.006435,0.006435,2652,156.315002,156.472,156.306,156.449997,0,-1.071842,-1.062657,-1.061915
2025.12.26 10:00,0.006435,0.00644,0.006435,0.006438,1273,156.459,156.468994,156.352005,156.391006,0,-1.068836,-1.072505,-1.075322
2025.12.26 11:00,0.006438,0.006442,0.006438,0.006438,1656,156.391006,156.421005,156.313995,156.389999,0,-1.0812,-1.070652,-1.062261
2025.12.26 12:00,0.006438,0.006438,0.006435,0.006438,2143,156.399002,156.485992,156.382004,156.414001,0,-1.073767,-1.066319,-1.086263
2025.12.26 13:00,0.006438,0.006446,0.006437,0.006442,5444,156.406998,156.444,156.218994,156.322006,0,-1.080066,-1.071994,-1.078663
2025.12.26 14:00,0.006442,0.006444,0.006435,0.006436,3530,156.322998,156.485001,156.268005,156.449005,0,-1.084842,-1.084893,-1.072998
2025.12.26 15:00,0.006436,0.006443,0.006433,0.006438,5098,156.449997,156.539001,156.302002,156.423004,0,-1.090529,-1.094799,-1.083199
2025.12.26 16:00,0.006438,0.00644,0.006427,0.006429,4880,156.425003,156.656998,156.358994,156.632996,0,-1.07551,-1.079494,-1.075716
2025.12.26 17:00,0.006429,0.006432,0.006425,0.006431,4143,156.632004,156.729996,156.544998,156.570999,0,-1.087967,-1.072363,-1.074183
2025.12.26 18:00,0.006431,0.006437,0.006431,0.006432,3143,156.567001,156.589996,156.427002,156.542999,0,-1.081098,-1.063068,-1.070364
2025.12.26 19:00,0.006433,0.006435,0.00643,0.006434,2627,156.537994,156.598007,156.492996,156.492996,0,-1.077013,-1.080771,-1.06869
2025.12.26 20:00,0.006435,0.006437,0.006433,0.006435,2169,156.5,156.529999,156.432999,156.485001,0,-1.081526,-1.069064,-1.072775
2025.12.26 21:00,0.006434,0.006435,0.006428,0.006428,1207,156.494003,156.604004,156.483002,156.557999,0,-1.034621,-1.070776,-0.988616
2025.12.29 00:00,0.006431,0.006448,0.006431,0.006438,12840,156.483994,156.485001,156.044006,156.274994,0,-0.976102,-0.957163,-0.95931
2025.12.29 01:00,0.006439,0.006443,0.006435,0.006438,3917,156.276001,156.373001,156.182999,156.304001,0,-0.972843,-0.975795,-0.976262
2025.12.29 02:00,0.006438,0.006438,0.006429,0.006433,3921,156.311996,156.511002,156.292007,156.427994,0,-0.977911,-0.976323,-0.979521
2025.12.29 03:00,0.006433,0.006438,0.006433,0.006435,2517,156.423996,156.447006,156.313995,156.375,0,-0.986459,-0.97419,-0.974842
2025.12.29 04:00,0.006435,0.00644,0.006431,0.006435,1801,156.369995,156.473007,156.238007,156.363998,0,-0.976191,-0.970554,-0.975916
2025.12.29 05:00,0.006435,0.00644,0.006435,0.006438,1688,156.371994,156.397995,156.233002,156.304001,0,-0.985769,-0.965549,-0.964195
2025.12.29 06:00,0.006438,0.006444,0.006437,0.006443,3317,156.304993,156.324997,156.162994,156.184998,0,-0.973122,-0.967838,-0.977794
2025.12.29 07:00,0.006442,0.006449,0.006441,0.006448,4483,156.177994,156.244995,156.042999,156.074997,0,-0.989598,-0.980198,-0.976123
2025.12.29 08:00,0.006448,0.006448,0.006438,0.00644,4526,156.080002,156.311996,156.070007,156.278,0,-0.996312,-0.983164,-0.986441
2025.12.29 09:00,0.006439,0.006446,0.006435,0.006438,4076,156.270004,156.399002,156.098999,156.326004,0,-0.986776,-0.97606,-0.986198
2025.12.29 10:00,0.006437,0.006442,0.006437,0.006437,2090,156.322006,156.347,156.197998,156.324005,0,-0.983066,-0.978746,-0.97213
2025.12.29 11:00,0.006437,0.006439,0.006433,0.006435,1914,156.320999,156.414001,156.279999,156.401993,0,-0.977613,-0.976378,-0.989767
2025.12.29 12:00,0.006434,0.006438,0.006433,0.006437,2037,156.401001,156.423004,156.302002,156.326004,0,-0.974532,-0.974263,-0.974129
2025.12.29 13:00,0.006437,0.006442,0.006435,0.006441,5665,156.330994,156.367996,156.188004,156.229996,0,-0.967838,-0.968752,-0.974599
2025.12.29 14:00,0.006441,0.00645,0.006441,0.006445,8907,156.220993,156.238007,156.005005,156.136993,0,-0.982609,-0.96625,-0.977954
2025.12.29 15:00,0.006445,0.006454,0.006439,0.006454,9823,156.136993,156.289001,155.910004,155.936005,0,-0.985381,-0.979333,-0.981332
2025.12.29 16:00,0.006453,0.006454,0.006446,0.006446,5921,155.936005,156.119003,155.923004,156.100006,0,-0.98404,-0.980328,-0.977067
2025.12.29 17:00,0.006446,0.006448,0.006442,0.006444,3067,156.106995,156.216995,156.061005,156.184006,0,-0.985704,-0.974161,-0.988849
2025.12.29 18:00,0.006442,0.006446,0.006441,0.006441,2307,156.182999,156.223999,156.115997,156.218002,0,-0.968602,-0.968997,-0.962605
2025.12.29 19:00,0.006441,0.00645,0.00644,0.00645,4849,156.220993,156.25,156.0,156.029999,0,-0.9705,-0.973255,-0.979222
2025.12.29 20:00,0.00645,0.006452,0.006447,0.006448,2825,156.033005,156.084,155.975006,156.065994,0,-0.973094,-0.972296,-0.967121
2025.12.29 21:00,0.006448,0.006451,0.006448,0.00645,1302,156.059006,156.085999,155.988998,156.052994,0,-0.987125,-0.974272,-1.002217
2025.12.29 23:00,0.00645,0.006452,0.006444,0.00645,0,156.022003,156.134003,155.947998,156.011993,0,-0.962922,-0.957292,-0.973239
2025.12.30 00:00,0.00645,0.006453,0.006437,0.00644,7617,155.990997,156.326004,155.914993,156.255997,0,-0.96207,-0.948311,-0.976497
2025.12.30 01:00,0.00644,0.006442,0.006437,0.006441,3436,156.255997,156.330994,156.205002,156.218002,0,-0.967059,-0.961659,-0.962605
2025.12.30 02:00,0.006442,0.006444,0.006436,0.006437,2478,156.214005,156.339996,156.147995,156.307999,0,-0.963989,-0.952838,-0.956124
2025.12.30 03:00,0.006438,0.006441,0.006436,0.006439,1284,156.298996,156.334,156.207993,156.261993,0,-0.957992,-0.952595,-0.958372
2025.12.30 04:00,0.006438,0.006448,0.006438,0.006447,0,156.270996,156.285004,156.044006,156.076996,0,-0.957265,-0.957163,-0.966091
2025.12.30 05:00,0.006448,0.006449,0.006446,0.006448,3324,156.080002,156.104996,156.005997,156.039993,0,-0.970033,-0.943196,-0.965166
2025.12.30 06:00,0.006448,0.006453,0.006446,0.006448,3713,156.035995,156.098007,155.929993,156.039993,0,-0.963044,-0.963311,-0.965166
2025.12.30 07:00,0.006449,0.006454,0.006446,0.006451,3683,156.039001,156.108002,155.912003,155.977005,0,-0.961002,-0.95733,-0.962278
2025.12.30 08:00,0.006451,0.006456,0.006448,0.006451,5192,155.975006,156.024002,155.848007,155.975998,0,-0.949175,-0.953331,-0.961271
2025.12.30 09:00,0.00645,0.006456,0.00645,0.006454,1783,155.979004,156.007996,155.862,155.919006,0,-0.957219,-0.955334,-0.964334
2025.12.30 10:00,0.006453,0.006461,0.006452,0.006456,2955,155.914993,155.929993,155.735992,155.848999,0,-0.9513,-0.961191,-0.966321
2025.12.30 11:00,0.006456,0.006458,0.006452,0.006454,2208,155.852005,155.947006,155.815994,155.884995,0,-0.968313,-0.957307,-0.942318
2025.12.30 12:00,0.006454,0.006455,0.00645,0.006452,2545,155.891998,156.011993,155.876007,155.947998,0,-0.961217,-0.95734,-0.957292
2025.12.30 13:00,0.006452,0.006452,0.006442,0.006442,5514,155.951004,156.212997,155.938004,156.190994,0,-0.969654,-0.947297,-0.959703
2025.12.30 14:00,0.006442,0.006445,0.006437,0.006439,7496,156.186996,156.320999,156.117004,156.266006,0,-0.957065,-0.957965,-0.962386
2025.12.30 15:00,0.006438,0.006438,0.006427,0.006436,10467,156.266006,156.567993,156.264008,156.320007,0,-0.962302,-0.948323,-0.944
2025.12.30 16:00,0.006436,0.006441,0.006435,0.00644,5130,156.326004,156.373001,156.216995,156.257996,0,-0.960775,-0.961598,-0.978496
2025.12.30 17:00,0.00644,0.00644,0.006433,0.006436,3346,156.255997,156.406998,156.238998,156.330002,0,-0.970609,-0.959499,-0.953995
2025.12.30 18:00,0.006436,0.006437,0.006432,0.006433,1998,156.332001,156.432999,156.302994,156.395004,0,-0.960364,-0.951119,-0.958616
2025.12.30 19:00,0.006433,0.006434,0.006428,0.006429,4547,156.393005,156.522995,156.348999,156.492996,0,-0.953612,-0.924693,-0.959905
2025.12.30 20:00,0.006429,0.006432,0.006429,0.006431,2186,156.496002,156.503006,156.419998,156.462006,0,-0.957816,-0.947363,-0.965189
2025.12.30 21:00,0.006431,0.006435,0.006431,0.006431,825,156.459,156.470001,156.335999,156.408997,0,-0.961103,-0.923773,-0.924272
2025.12.30 23:00,0.006435,0.006437,0.006431,0.006433,0,156.330994,156.468002,156.317993,156.404999,0,-0.959104,-0.954059,-0.956526
2025.12.31 00:00,0.006433,0.006437,0.006431,0.006434,1436,156.391006,156.466003,156.322006,156.386002,0,-0.957105,-0.958072,-0.961696
2025.12.31 01:00,0.006434,0.006435,0.006431,0.006432,1808,156.389008,156.451996,156.345993,156.427002,0,-0.967271,-0.957911,-0.954367
2025.12.31 02:00,0.006432,0.006433,0.006429,0.00643,1361,156.421997,156.490997,156.416,156.481003,0,-0.945807,-0.955453,-0.960009
2025.12.31 03:00,0.00643,0.006431,0.006429,0.006429,756,156.475998,156.498001,156.440994,156.490005,0,-0.952811,-0.95627,-0.956915
2025.12.31 04:00,0.006429,0.006429,0.006423,0.006423,1998,156.487,156.636002,156.485001,156.608994,0,-0.945509,-0.95191,-0.918501
2025.12.31 05:00,0.006425,0.006427,0.006423,0.006425,1392,156.610992,156.632004,156.542999,156.585007,0,-0.953633,-0.949405,-0.955093
2025.12.31 06:00,0.006425,0.006426,0.006423,0.006425,1257,156.591995,156.654999,156.574005,156.613998,0,-0.952394,-0.956203,-0.959865
2025.12.31 07:00,0.006425,0.006426,0.006423,0.006426,1892,156.604996,156.647003,156.559998,156.559998,0,-0.956511,-0.942196,-0.942196
2025.12.31 08:00,0.006427,0.006429,0.006425,0.006425,2474,156.567001,156.610992,156.494003,156.591995,0,-0.968964,-0.948813,-0.949967
2025.12.31 09:00,0.006425,0.006427,0.006423,0.006424,1552,156.587006,156.649994,156.548004,156.621994,0,-0.959501,-0.942313,-0.955743
2025.12.31 10:00,0.006424,0.006425,0.006422,0.006423,1422,156.621994,156.675995,156.589996,156.653,0,-0.961264,-0.947968,-0.962507
2025.12.31 11:00,0.006423,0.006425,0.006422,0.006425,1275,156.647995,156.679001,156.600006,156.602997,0,-0.96427,-0.957978,-0.960969
2025.12.31 12:00,0.006425,0.006427,0.006423,0.006425,2055,156.608994,156.643005,156.542999,156.598007,0,-0.952513,-0.949405,-0.968093
2025.12.31 13:00,0.006425,0.006426,0.006415,0.006417,4705,156.593994,156.835007,156.580994,156.809006,0,-0.962507,-0.963192,-0.960804
2025.12.31 14:00,0.006417,0.006417,0.006411,0.006411,4813,156.811005,156.949005,156.792999,156.923004,0,-0.954934,-0.956944,-0.953258
2025.12.31 15:00,0.006412,0.006421,0.006409,0.006419,7404,156.919006,156.994003,156.714005,156.744995,0,-0.963425,-0.962897,-0.96962
2025.12.31 16:00,0.006419,0.006423,0.006415,0.006417,6216,156.738998,156.848999,156.638,156.800995,0,-0.964358,-0.947508,-0.952793
2025.12.31 17:00,0.006417,0.006418,0.006415,0.006416,3542,156.807007,156.854996,156.755997,156.824997,0,-0.958201,-0.944217,-0.964647
2025.12.31 18:00,0.006415,0.006417,0.006412,0.006413,2263,156.820999,156.923004,156.792007,156.882996,0,-0.965423,-0.943806,-0.949739
2025.12.31 19:00,0.006414,0.006422,0.006413,0.006419,2824,156.889999,156.889999,156.667007,156.744995,0,-0.968891,-0.952277,-0.945356
2025.12.31 20:00,0.006419,0.006424,0.006419,0.006423,2109,156.744003,156.753006,156.621002,156.626007,0,-0.953367,-0.954751,-0.935514
2025.12.31 21:00,0.006423,0.006425,0.006419,0.006423,1234,156.626007,156.729996,156.578995,156.656998,0,-0.954621,-0.924862,-0.966505
