time,futOpen,futHigh,futLow,futClose,spotOpen,spotHigh,spotLow,spotClose,hiFP,loFP,fp
2025.07.06 23:00,0.006975,0.006977,0.006971,0.006975,144.483002,144.582993,144.457001,144.487,-1.131556,-1.128919,-1.128099
2025.07.07 00:00,0.006975,0.006985,0.006975,0.006983,144.487,144.505997,144.292007,144.352005,-1.136817,-1.128082,-1.136828
2025.07.07 01:00,0.006982,0.006989,0.006971,0.006973,144.350006,144.578995,144.220001,144.531998,-1.137839,-1.138013,-1.121696
2025.07.07 02:00,0.006973,0.006975,0.006959,0.006959,144.535004,144.839005,144.492004,144.815994,-1.129872,-1.133104,-1.127507
2025.07.07 03:00,0.006959,0.006965,0.006958,0.006959,144.809998,144.850006,144.703995,144.832001,-1.130544,-1.128981,-1.133196
2025.07.07 04:00,0.006959,0.006961,0.006951,0.006952,144.828995,145.001007,144.774994,144.983994,-1.136816,-1.127787,-1.140492
2025.07.07 05:00,0.006952,0.006954,0.006948,0.006952,144.979004,145.078003,144.932999,144.983002,-1.141338,-1.120534,-1.129161
2025.07.07 06:00,0.006952,0.006954,0.006944,0.00695,144.981003,145.158005,144.945007,145.018997,-1.138421,-1.132543,-1.123757
2025.07.07 07:00,0.00695,0.006952,0.006941,0.006941,145.018005,145.201996,144.975006,145.192001,-1.130536,-1.131505,-1.120542
2025.07.07 08:00,0.006941,0.006946,0.006934,0.006935,145.197998,145.345001,145.108002,145.332001,-1.138494,-1.129889,-1.135893
2025.07.07 09:00,0.006935,0.006938,0.006928,0.00693,145.332993,145.488007,145.270004,145.429993,-1.135787,-1.125862,-1.129851
2025.07.07 10:00,0.00693,0.006932,0.006925,0.00693,145.434998,145.533005,145.391006,145.429001,-1.12867,-1.132499,-1.139263
2025.07.07 11:00,0.00693,0.006933,0.006926,0.006927,145.434006,145.513,145.369003,145.492004,-1.139936,-1.131298,-1.129363
2025.07.07 12:00,0.006928,0.006928,0.00692,0.006922,145.492996,145.645996,145.475998,145.589996,-1.137327,-1.123779,-1.123081
2025.07.07 13:00,0.006923,0.006923,0.006913,0.006915,145.585999,145.783005,145.567993,145.733994,-1.138467,-1.132375,-1.131288
2025.07.07 14:00,0.006916,0.006919,0.006911,0.006913,145.735001,145.815002,145.662994,145.794006,-1.128608,-1.133435,-1.128548
2025.07.07 15:00,0.006913,0.006913,0.006908,0.006909,145.796005,145.893005,145.776001,145.865005,-1.133306,-1.131463,-1.13673
2025.07.07 16:00,0.006909,0.006915,0.006897,0.006897,145.865005,146.145996,145.733994,146.117996,-1.144909,-1.131288,-1.137926
2025.07.07 17:00,0.006898,0.006903,0.006892,0.0069,146.115005,146.235001,146.011002,146.061005,-1.139234,-1.135957,-1.133467
2025.07.07 18:00,0.006901,0.006901,0.006892,0.006894,146.059006,146.240997,146.050003,146.171997,-1.134711,-1.132969,-1.128847
2025.07.07 19:00,0.006895,0.006903,0.006894,0.006901,146.169006,146.186996,145.996994,146.050003,-1.143846,-1.12195,-1.132969
2025.07.07 20:00,0.0069,0.006901,0.006896,0.0069,146.052994,146.158997,146.007996,146.007996,-1.147393,-1.111955,-1.080458
2025.07.07 22:00,0.006901,0.00691,0.0069,0.006909,145.992996,146.033005,145.834,145.841003,-1.105467,-1.116199,-1.102261
2025.07.07 23:00,0.006909,0.006909,0.006899,0.006908,145.860001,146.069,145.852005,145.880005,-1.12046,-1.12373,-1.120306
2025.07.08 00:00,0.006909,0.00691,0.006892,0.006895,145.878998,146.212006,145.828003,146.160004,-1.116239,-1.110203,-1.127374
2025.07.08 01:00,0.006895,0.006901,0.006882,0.006891,146.154007,146.442993,146.039001,146.246002,-1.125841,-1.121967,-1.129185
2025.07.08 02:00,0.00689,0.006901,0.00689,0.006899,146.242996,146.285004,146.037994,146.091995,-1.136593,-1.12096,-1.132947
2025.07.08 03:00,0.006898,0.0069,0.006894,0.006899,146.091003,146.167999,146.037003,146.072006,-1.124849,-1.109465,-1.123466
2025.07.08 04:00,0.006903,0.006908,0.0069,0.006903,146.070999,146.104004,145.876999,145.992004,-1.176466,-1.1173,-1.11696
2025.07.08 05:00,0.006902,0.006905,0.006897,0.006897,145.992996,146.108002,145.942993,146.093002,-1.127932,-1.120405,-1.112933
2025.07.08 06:00,0.006897,0.006899,0.00689,0.006891,146.093002,146.248993,146.059006,146.244995,-1.121643,-1.110466,-1.128178
2025.07.08 07:00,0.006891,0.006903,0.006888,0.006901,146.244995,146.279999,145.992004,146.037994,-1.110512,-1.11696,-1.131462
2025.07.08 08:00,0.006901,0.006901,0.006892,0.006894,146.033005,146.242004,146.029999,146.188004,-1.135718,-1.123467,-1.123817
2025.07.08 09:00,0.006893,0.0069,0.00689,0.006892,146.190994,146.266998,146.052994,146.231003,-1.129114,-1.125456,-1.124717
2025.07.08 10:00,0.006892,0.006892,0.006884,0.006884,146.225006,146.408997,146.218994,146.401993,-1.134067,-1.123228,-1.127063
2025.07.08 11:00,0.006884,0.006886,0.006872,0.006875,146.401993,146.651001,146.350006,146.587006,-1.122369,-1.127812,-1.132459
2025.07.08 12:00,0.006874,0.006881,0.00687,0.006872,146.587006,146.688995,146.451996,146.649002,-1.128591,-1.124282,-1.130961
2025.07.08 13:00,0.006872,0.006872,0.00686,0.006866,146.647995,146.899002,146.626007,146.772003,-1.126409,-1.118546,-1.126798
2025.07.08 14:00,0.006866,0.006867,0.006857,0.006859,146.770004,146.960007,146.748001,146.917999,-1.134267,-1.124,-1.134778
2025.07.08 15:00,0.006859,0.006866,0.006857,0.006864,146.912994,146.975998,146.761993,146.813995,-1.128995,-1.116788,-1.126352
2025.07.08 16:00,0.006864,0.006869,0.006862,0.006868,146.813004,146.863998,146.701996,146.744003,-1.133893,-1.120396,-1.130607
2025.07.08 17:00,0.006868,0.006872,0.006865,0.006868,146.744003,146.807007,146.651993,146.716003,-1.129978,-1.133952,-1.123803
2025.07.08 18:00,0.006869,0.006872,0.006866,0.006871,146.710999,146.763,146.649002,146.662003,-1.128393,-1.130961,-1.122778
2025.07.08 19:00,0.006872,0.006874,0.00687,0.006874,146.658005,146.694,146.610992,146.621994,-1.133596,-1.124706,-1.135708
2025.07.08 20:00,0.006874,0.006878,0.006872,0.006876,146.621994,146.641998,146.507996,146.595001,-1.123958,-1.116898,-1.172181
2025.07.08 22:00,0.006876,0.006876,0.006872,0.006874,146.520996,146.613998,146.520996,146.580994,-1.106537,-1.098176,-1.105292
2025.07.08 23:00,0.006874,0.006874,0.006861,0.006861,146.585007,146.876007,146.578995,146.869003,-1.114041,-1.103293,-1.117652
2025.07.09 00:00,0.006861,0.006867,0.006859,0.006865,146.867996,146.910004,146.729996,146.789001,-1.105531,-1.105995,-1.111972
2025.07.09 01:00,0.006865,0.006867,0.006853,0.006861,146.791,147.029999,146.748001,146.863007,-1.1085,-1.124,-1.111655
2025.07.09 02:00,0.006861,0.006864,0.00685,0.006853,146.863998,147.093002,146.787994,147.056,-1.107601,-1.100351,-1.123861
2025.07.09 03:00,0.006852,0.006852,0.006847,0.006851,147.057999,147.182007,147.052994,147.098999,-1.121978,-1.110204,-1.124255
2025.07.09 04:00,0.006851,0.006853,0.006847,0.006853,147.102997,147.147003,147.022995,147.039001,-1.1083,-1.101496,-1.117503
2025.07.09 05:00,0.006853,0.006859,0.006851,0.006855,147.035004,147.067993,146.895996,146.985992,-1.11455,-1.112775,-1.11771
2025.07.09 06:00,0.006855,0.006864,0.006853,0.006864,146.981995,147.033997,146.794998,146.806,-1.112498,-1.107355,-1.118356
2025.07.09 07:00,0.006864,0.00687,0.006861,0.006863,146.800003,146.878998,146.677994,146.841003,-1.127647,-1.106992,-1.121518
2025.07.09 08:00,0.006862,0.006874,0.006861,0.00687,146.841003,146.869995,146.589996,146.677002,-1.118644,-1.114295,-1.116598
2025.07.09 09:00,0.00687,0.006876,0.00687,0.006872,146.677002,146.694,146.535995,146.626999,-1.122999,-1.113176,-1.119538
2025.07.09 10:00,0.006872,0.006876,0.00687,0.006871,146.625,146.688995,146.535995,146.654007,-1.117994,-1.102608,-1.114783
2025.07.09 11:00,0.006871,0.006873,0.006866,0.006866,146.656998,146.779999,146.604004,146.764999,-1.124184,-1.107131,-1.109184
2025.07.09 12:00,0.006866,0.00688,0.006866,0.006879,146.763,146.766006,146.462997,146.481003,-1.110191,-1.114155,-1.111036
2025.07.09 13:00,0.006879,0.006884,0.006876,0.00688,146.485001,146.544006,146.354996,146.460007,-1.110619,-1.101163,-1.111165
2025.07.09 14:00,0.00688,0.006889,0.006878,0.00688,146.460007,146.503006,146.266998,146.462006,-1.111909,-1.108051,-1.102607
2025.07.09 15:00,0.00688,0.00688,0.006875,0.006877,146.462006,146.565994,146.445007,146.531998,-1.111448,-1.10673,-1.119754
2025.07.09 16:00,0.006877,0.006886,0.006876,0.006883,146.531006,146.531006,146.328003,146.408997,-1.108186,-1.116356,-1.123511
2025.07.09 17:00,0.006882,0.006889,0.006882,0.006886,146.412994,146.434006,146.276001,146.332001,-1.116854,-1.117053,-1.099269
2025.07.09 18:00,0.006886,0.00689,0.006884,0.006886,146.330994,146.391006,146.246002,146.328003,-1.116077,-1.118652,-1.105809
2025.07.09 19:00,0.006886,0.00689,0.006884,0.006888,146.330994,146.371002,146.248993,146.313995,-1.106617,-1.100583,-1.123436
2025.07.09 20:00,0.006888,0.006888,0.006878,0.006886,146.315994,146.485992,146.291,146.294998,-1.105456,-1.100441,-1.072804
2025.07.09 22:00,0.006886,0.00689,0.006883,0.006888,146.300995,146.320999,146.207993,146.229996,-1.035514,-1.059582,-1.049969
2025.07.09 23:00,0.006888,0.006896,0.006886,0.006894,146.238007,146.302994,146.067993,146.104996,-1.070262,-1.05639,-1.061845
2025.07.10 00:00,0.006894,0.006911,0.006894,0.006909,146.104996,146.117996,145.75,145.813995,-1.064324,-1.063605,-1.064776
2025.07.10 01:00,0.006908,0.006911,0.006902,0.006905,145.811996,145.953995,145.757996,145.886002,-1.068453,-1.061131,-1.052923
2025.07.10 02:00,0.006905,0.006907,0.006895,0.006895,145.889008,146.095001,145.850006,146.082993,-1.062371,-1.058869,-1.060872
2025.07.10 03:00,0.006895,0.006895,0.006887,0.006888,146.078003,146.257996,146.065002,146.251007,-1.056893,-1.042882,-1.081521
2025.07.10 04:00,0.006887,0.00689,0.00688,0.00689,146.251007,146.410995,146.201996,146.218002,-1.062153,-1.064112,-1.069592
2025.07.10 05:00,0.00689,0.006892,0.006884,0.006888,146.214996,146.343994,146.167999,146.255005,-1.069064,-1.061713,-1.064446
2025.07.10 06:00,0.006887,0.006894,0.006882,0.006892,146.255005,146.360001,146.121994,146.149002,-1.063958,-1.057808,-1.063764
2025.07.10 07:00,0.006892,0.006896,0.006878,0.006886,146.147003,146.464005,146.061996,146.278,-1.062334,-1.050393,-1.055806
2025.07.10 08:00,0.006886,0.006887,0.00688,0.006883,146.281006,146.410004,146.259995,146.354996,-1.071726,-1.058892,-1.06951
2025.07.10 09:00,0.006882,0.006892,0.006882,0.006891,146.352997,146.373993,146.167999,146.179993,-1.067391,-1.061713,-1.063175
2025.07.10 10:00,0.006891,0.006895,0.006888,0.006894,146.173996,146.253006,146.080002,146.117996,-1.062447,-1.057881,-1.064324
2025.07.10 11:00,0.006894,0.006894,0.00688,0.006888,146.121002,146.393005,146.080994,146.25,-1.054728,-1.037843,-1.069973
2025.07.10 12:00,0.006888,0.00689,0.006874,0.006878,146.25,146.544006,146.201996,146.434006,-1.05772,-1.053586,-1.05347
2025.07.10 13:00,0.006878,0.006883,0.00687,0.006872,146.438004,146.613007,146.343994,146.578995,-1.063188,-1.058509,-1.071534
2025.07.10 14:00,0.006872,0.006876,0.006862,0.006876,146.580002,146.787003,146.475006,146.509003,-1.056897,-1.03104,-1.065037
2025.07.10 15:00,0.006875,0.006881,0.006873,0.006878,146.509995,146.565994,146.378006,146.460999,-1.069121,-1.050292,-1.059328
2025.07.10 16:00,0.006878,0.006881,0.006876,0.006877,146.457001,146.509995,146.386002,146.462006,-1.066029,-1.058288,-1.049761
2025.07.10 17:00,0.006878,0.006885,0.006877,0.006884,146.462997,146.479004,146.307007,146.324997,-1.06676,-1.063725,-1.071164
2025.07.10 18:00,0.006884,0.00689,0.006884,0.006888,146.324997,146.332993,146.199005,146.242996,-1.068607,-1.061121,-1.07351
2025.07.10 19:00,0.006888,0.006892,0.006886,0.006888,146.240997,146.287994,146.164001,146.238007,-1.065801,-1.057715,-1.05798
2025.07.10 20:00,0.006888,0.006891,0.006888,0.006888,146.238998,146.255005,146.175995,146.238998,-1.064446,-1.059178,-1.048439
2025.07.10 22:00,0.006888,0.006891,0.006886,0.006888,146.220993,146.266998,146.164001,146.207001,-1.044804,-1.047184,-1.037514
2025.07.10 23:00,0.006888,0.006892,0.006884,0.006886,146.207001,146.296997,146.126007,146.270996,-1.043164,-1.040769,-1.038264
2025.07.11 00:00,0.006886,0.006887,0.006868,0.006872,146.272995,146.641006,146.238998,146.554993,-1.048806,-1.037896,-1.047532
2025.07.11 01:00,0.006872,0.006874,0.006859,0.006863,146.548004,146.837997,146.511002,146.761993,-1.054776,-1.045874,-1.042508
2025.07.11 02:00,0.006862,0.006864,0.00685,0.006851,146.764008,147.039993,146.735992,147.018005,-1.054592,-1.048349,-1.043262
2025.07.11 03:00,0.006851,0.006858,0.006851,0.006854,147.014008,147.033005,146.854004,146.945007,-1.058261,-1.038899,-1.044804
2025.07.11 04:00,0.006854,0.006854,0.006843,0.006849,146.949997,147.184006,146.912003,147.076004,-1.049273,-1.011799,-1.05863
2025.07.11 05:00,0.006848,0.006859,0.006847,0.006858,147.074005,147.110001,146.824005,146.867996,-1.049972,-1.040784,-1.052891
2025.07.11 06:00,0.006858,0.006863,0.006855,0.006855,146.865005,146.942001,146.729996,146.919998,-1.052443,-1.031737,-1.051716
2025.07.11 07:00,0.006856,0.006865,0.006855,0.006859,146.921997,146.921997,146.716003,146.850998,-1.053715,-1.038974,-1.057147
2025.07.11 08:00,0.006859,0.006863,0.006852,0.006853,146.852997,147.001999,146.748001,146.983994,-1.059209,-1.049742,-1.051855
2025.07.11 09:00,0.006853,0.006855,0.006848,0.006851,146.985001,147.084,146.912994,147.009003,-1.055962,-1.03407,-1.044905
2025.07.11 10:00,0.006851,0.006862,0.006851,0.00686,147.009003,147.022995,146.761002,146.815994,-1.058897,-1.030896,-1.043401
2025.07.11 11:00,0.006861,0.006863,0.00685,0.006851,146.813004,147.033997,146.764008,147.024002,-1.048595,-1.055131,-1.049258
2025.07.11 12:00,0.006851,0.006862,0.006847,0.006853,147.018005,147.093994,146.785995,146.970993,-1.055291,-1.05589,-1.049494
2025.07.11 13:00,0.006854,0.006856,0.006839,0.006839,146.972,147.283997,146.901993,147.283997,-1.053099,-1.044351,-1.053099
2025.07.11 14:00,0.006839,0.006839,0.006828,0.006836,147.285004,147.522995,147.268005,147.337997,-1.056503,-1.047801,-1.053618
2025.07.11 15:00,0.006835,0.006839,0.006831,0.006837,147.334,147.431,147.257004,147.292007,-1.039551,-1.047481,-1.039718
2025.07.11 16:00,0.006838,0.006839,0.006832,0.006834,147.291,147.406006,147.25,147.363007,-1.046693,-1.040478,-1.035817
2025.07.11 17:00,0.006835,0.006837,0.006832,0.006833,147.363007,147.419006,147.313004,147.389999,-1.04898,-1.039326,-1.041399
2025.07.11 18:00,0.006834,0.006835,0.00683,0.006831,147.386993,147.449005,147.341003,147.444,-1.046838,-1.035227,-1.052552
2025.07.11 19:00,0.006831,0.006834,0.00683,0.006834,147.445999,147.479004,147.367996,147.373993,-1.055405,-1.040806,-1.046803
2025.07.11 20:00,0.006834,0.006835,0.00683,0.00683,147.375,147.470001,147.339005,147.410995,-1.046402,-1.043923,-1.008828
2025.07.14 04:00,0.006832,0.006841,0.00683,0.006833,147.302002,147.444,147.194,147.375,-1.041833,-1.02722,-1.0264
2025.07.14 05:00,0.006834,0.006837,0.006828,0.006834,147.369995,147.483994,147.279007,147.362,-1.038946,-1.026717,-1.034809
2025.07.14 06:00,0.006834,0.006841,0.006831,0.006839,147.360001,147.425003,147.222,147.255997,-1.033554,-1.033857,-1.035792
2025.07.14 07:00,0.006839,0.00684,0.006834,0.006834,147.261002,147.371002,147.235992,147.365997,-1.043812,-1.037161,-1.038807
2025.07.14 08:00,0.006834,0.006843,0.006833,0.006837,147.371994,147.384003,147.167999,147.317993,-1.035403,-1.033267,-1.044316
2025.07.14 09:00,0.006836,0.006843,0.006835,0.006838,147.317993,147.345993,147.151001,147.279007,-1.040217,-1.026938,-1.037414
2025.07.14 10:00,0.006838,0.006843,0.006838,0.006841,147.281006,147.287994,147.147003,147.201996,-1.046401,-1.02294,-1.035216
2025.07.14 11:00,0.006841,0.006841,0.006829,0.006832,147.199997,147.464005,147.199997,147.406998,-1.029682,-1.033217,-1.036971
2025.07.14 12:00,0.006832,0.006841,0.00683,0.006832,147.408005,147.444,147.216003,147.389008,-1.041833,-1.02786,-1.018981
2025.07.14 13:00,0.006832,0.006837,0.006828,0.006834,147.389999,147.487,147.307007,147.354004,-1.041952,-1.033329,-1.026814
2025.07.14 14:00,0.006834,0.006836,0.006826,0.006829,147.350006,147.522003,147.315994,147.459,-1.034051,-1.031615,-1.024677
2025.07.14 15:00,0.00683,0.006831,0.006818,0.006818,147.462006,147.701996,147.432999,147.690002,-1.031423,-1.04155,-1.030177
2025.07.14 16:00,0.006818,0.00682,0.006815,0.006818,147.690994,147.759003,147.656006,147.709,-1.023859,-1.028435,-1.027667
2025.07.14 17:00,0.006818,0.00682,0.006816,0.006818,147.710007,147.761993,147.667999,147.714996,-1.037617,-1.040428,-1.033664
2025.07.14 18:00,0.006818,0.006818,0.006815,0.006815,147.716003,147.764999,147.703995,147.761993,-1.029856,-1.033422,-1.02685
2025.07.14 19:00,0.006816,0.006818,0.006815,0.006818,147.761002,147.766006,147.701996,147.723007,-1.030863,-1.031423,-1.041675
2025.07.14 20:00,0.006817,0.006818,0.006814,0.006816,147.720993,147.779999,147.681,147.684006,-1.034086,-0.999667,-0.970395
2025.07.14 22:00,0.006816,0.006819,0.006813,0.006814,147.709,147.789001,147.658005,147.766998,-1.010782,-1.008936,-1.021086
2025.07.14 23:00,0.006814,0.006815,0.006808,0.006814,147.759995,147.886993,147.759003,147.783005,-1.01176,-1.023859,-1.015559
2025.07.15 00:00,0.006814,0.006824,0.006813,0.006823,147.779999,147.794006,147.557007,147.582001,-1.015787,-1.026124,-1.018906
2025.07.15 01:00,0.006823,0.006824,0.006812,0.006814,147.585007,147.800003,147.580002,147.770996,-1.011009,-1.027649,-1.025083
2025.07.15 02:00,0.006814,0.006822,0.006812,0.006822,147.776001,147.822998,147.595993,147.610992,-1.023237,-1.022155,-1.026409
2025.07.15 03:00,0.006822,0.006824,0.006818,0.006819,147.610001,147.684998,147.548004,147.667007,-1.025172,-1.017121,-1.017939
2025.07.15 04:00,0.00682,0.006822,0.006818,0.00682,147.671997,147.712997,147.610001,147.662994,-1.031665,-1.01468,-1.02468
2025.07.15 05:00,0.00682,0.006825,0.006819,0.006824,147.660995,147.671005,147.548004,147.567001,-1.021937,-1.027859,-1.025379
2025.07.15 06:00,0.006824,0.006824,0.006816,0.006818,147.569,147.748001,147.569,147.697998,-1.023625,-1.016648,-1.027425
2025.07.15 07:00,0.006818,0.00682,0.006814,0.006816,147.697998,147.787994,147.636002,147.733994,-1.020549,-1.019182,-1.020383
2025.07.15 08:00,0.006816,0.00682,0.006815,0.006819,147.731003,147.766998,147.647003,147.675995,-1.031855,-1.030184,-1.026926
2025.07.15 09:00,0.006818,0.006822,0.006816,0.006818,147.671005,147.746002,147.606003,147.705994,-1.032392,-1.021419,-1.024661
2025.07.15 10:00,0.006818,0.00682,0.006814,0.006816,147.707001,147.774994,147.654007,147.729996,-1.018321,-1.015693,-1.005619
2025.07.15 11:00,0.006816,0.006816,0.006806,0.006808,147.731995,147.949997,147.712006,147.908997,-1.02082,-1.009149,-1.012192
2025.07.15 12:00,0.006808,0.006829,0.006797,0.006809,147.914001,148.147995,147.647003,147.893997,-1.02426,-1.212681,-1.029551
2025.07.15 13:00,0.006809,0.006809,0.006774,0.006777,147.886993,148.656998,147.884003,148.580994,-1.03373,-1.019557,-1.02308
2025.07.15 14:00,0.006777,0.006777,0.006762,0.006766,148.576004,148.899002,148.565994,148.815002,-1.024694,-1.018959,-1.02811
2025.07.15 15:00,0.006767,0.006769,0.006757,0.006769,148.815994,149.022995,148.751999,148.757996,-1.028323,-1.019692,-1.025688
2025.07.15 16:00,0.006769,0.006771,0.006759,0.006763,148.753006,148.981003,148.707993,148.895004,-1.030123,-1.019323,-1.031631
2025.07.15 17:00,0.006764,0.006764,0.006758,0.00676,148.893997,148.996002,148.873001,148.936005,-1.023224,-1.031483,-1.017949
2025.07.15 18:00,0.00676,0.006766,0.00676,0.006764,148.938004,148.962006,148.820007,148.852005,-1.033007,-1.022191,-1.021417
2025.07.15 19:00,0.006764,0.006767,0.006762,0.006766,148.850998,148.921997,148.802994,148.843994,-1.036752,-1.027024,-1.035263
2025.07.15 20:00,0.006766,0.006766,0.006763,0.006764,148.845001,148.888,148.822998,148.878006,-1.024627,-1.025182,-1.036488
2025.07.15 22:00,0.006766,0.006766,0.00676,0.006762,148.841995,148.927002,148.820999,148.884995,-1.008946,-1.023183,-1.010686
2025.07.15 23:00,0.006764,0.00677,0.00676,0.006768,148.878006,148.942001,148.718002,148.774002,-1.013003,-1.007512,-1.008953
2025.07.16 00:00,0.006767,0.00677,0.006756,0.006758,148.781006,149.037994,148.701004,148.977997,-1.010463,-1.001425,-1.016169
2025.07.16 01:00,0.006758,0.00677,0.006756,0.006766,148.975006,149.035995,148.733994,148.822998,-1.019422,-1.012601,-1.014266
2025.07.16 02:00,0.006765,0.006766,0.006759,0.006762,148.820999,148.972,148.820007,148.904007,-1.02112,-1.011276,-1.007833
2025.07.16 03:00,0.006762,0.006764,0.006754,0.006755,148.904999,149.089005,148.858994,149.035004,-1.017636,-1.006554,-0.996513
2025.07.16 04:00,0.006754,0.006762,0.00675,0.00676,149.033005,149.186005,148.908005,148.925995,-1.026883,-1.011831,-1.007939
2025.07.16 05:00,0.00676,0.006768,0.00676,0.006766,148.931,148.949005,148.781998,148.815002,-1.020006,-1.016948,-1.017186
2025.07.16 06:00,0.006766,0.006775,0.006764,0.006773,148.809998,148.871994,148.615997,148.649002,-1.019554,-1.014524,-1.014835
2025.07.16 07:00,0.006774,0.006775,0.006761,0.006763,148.647003,148.927994,148.613998,148.886002,-1.02088,-1.012525,-1.022628
2025.07.16 08:00,0.006762,0.00677,0.006762,0.006765,148.882004,148.899994,148.720001,148.837006,-1.014748,-1.009511,-1.017347
2025.07.16 09:00,0.006765,0.006773,0.006762,0.00677,148.832993,148.889008,148.649002,148.718002,-1.014699,-1.003943,-1.018423
2025.07.16 10:00,0.00677,0.006774,0.00677,0.00677,148.718002,148.737,148.643997,148.710007,-1.015607,-1.020729,-1.010427
2025.07.16 11:00,0.00677,0.006775,0.006768,0.006768,148.714005,148.785004,148.621994,148.764999,-1.019954,-1.020521,-1.010859
2025.07.16 12:00,0.006768,0.006781,0.006765,0.006771,148.764999,148.835007,148.464005,148.701996,-1.015348,-1.003999,-1.013326
2025.07.16 13:00,0.006771,0.006775,0.00676,0.006766,148.705002,148.929001,148.600006,148.807007,-1.010945,-1.009418,-1.009191
2025.07.16 14:00,0.006766,0.006789,0.006764,0.006782,148.807007,148.852005,148.304001,148.470001,-1.021417,-1.017748,-1.02087
2025.07.16 15:00,0.006781,0.006854,0.006779,0.006799,148.468994,148.511993,146.904007,148.100998,-1.008486,-1.003803,-1.009732
2025.07.16 16:00,0.006799,0.006812,0.006786,0.006801,148.106003,148.378006,147.813004,148.044006,-1.015789,-1.002464,-1.017615
2025.07.16 17:00,0.006802,0.006827,0.006801,0.006818,148.044006,148.059006,147.483002,147.681,-1.010999,-1.00578,-1.021175
2025.07.16 18:00,0.006818,0.00682,0.006805,0.006806,147.679001,147.953003,147.639999,147.942993,-1.002229,-1.012429,-1.003018
2025.07.16 19:00,0.006806,0.006811,0.006802,0.00681,147.945007,148.022995,147.819,147.841995,-1.007414,-0.997681,-0.999121
2025.07.16 20:00,0.00681,0.006812,0.006807,0.00681,147.845993,147.914001,147.809998,147.824005,-1.006404,-0.999458,-0.970346
2025.07.16 22:00,0.006809,0.006812,0.006803,0.006806,147.798004,147.929993,147.716995,147.882004,-0.936017,-0.928001,-0.952827
2025.07.16 23:00,0.006806,0.006811,0.006797,0.006801,147.876007,148.070007,147.761993,147.988007,-0.935457,-0.940674,-0.94
2025.07.17 00:00,0.0068,0.006801,0.006781,0.006783,147.990997,148.425995,147.979996,148.378006,-0.944247,-0.931989,-0.939747
2025.07.17 01:00,0.006783,0.006787,0.006777,0.006785,148.378006,148.492996,148.274002,148.339005,-0.945961,-0.933503,-0.944209
2025.07.17 02:00,0.006785,0.006785,0.006777,0.006779,148.343994,148.501007,148.339005,148.449997,-0.943094,-0.944209,-0.94649
2025.07.17 03:00,0.006779,0.006779,0.00677,0.006775,148.451004,148.660995,148.436005,148.544998,-0.939603,-0.932497,-0.943525
2025.07.17 04:00,0.006774,0.006781,0.006772,0.006781,148.548004,148.613007,148.404999,148.416,-0.957045,-0.944994,-0.934252
2025.07.17 05:00,0.006781,0.006783,0.006777,0.006778,148.419006,148.494995,148.363998,148.481995,-0.94796,-0.936611,-0.945847
2025.07.17 06:00,0.006777,0.006779,0.006764,0.006771,148.477997,148.804993,148.447006,148.628006,-0.952553,-0.932627,-0.939336
2025.07.17 07:00,0.006771,0.006773,0.006765,0.006767,148.626999,148.766998,148.585999,148.720993,-0.94734,-0.94094,-0.945023
2025.07.17 08:00,0.006767,0.006773,0.006764,0.006773,148.716003,148.785004,148.580002,148.582993,-0.954416,-0.934943,-0.937934
2025.07.17 09:00,0.006773,0.006776,0.006765,0.006766,148.585999,148.772995,148.518005,148.748001,-0.953336,-0.93831,-0.939269
2025.07.17 10:00,0.006766,0.006772,0.006762,0.00677,148.748993,148.834,148.610001,148.639008,-0.937826,-0.943134,-0.939428
2025.07.17 11:00,0.006771,0.006772,0.006764,0.006765,148.636993,148.800995,148.598999,148.766998,-0.948555,-0.943037,-0.94734
2025.07.17 12:00,0.006766,0.006772,0.00675,0.006768,148.761993,149.087006,148.593994,148.714005,-0.949827,-0.938032,-0.948955
2025.07.17 13:00,0.006768,0.006779,0.006766,0.006773,148.712997,148.753006,148.449997,148.574005,-0.95519,-0.935618,-0.939838
2025.07.17 14:00,0.006773,0.006783,0.00677,0.006778,148.585007,148.658005,148.376999,148.481003,-0.947514,-0.93874,-0.944855
2025.07.17 15:00,0.006778,0.006779,0.006772,0.006775,148.481003,148.610992,148.451004,148.552002,-0.955031,-0.947497,-0.950529
2025.07.17 16:00,0.006775,0.006779,0.006768,0.006772,148.552994,148.703995,148.470993,148.625,-0.949854,-0.94573,-0.958134
2025.07.17 17:00,0.006772,0.006775,0.006769,0.00677,148.619995,148.673004,148.556,148.658997,-0.940697,-0.94363,-0.937604
2025.07.17 18:00,0.00677,0.00677,0.006766,0.006766,148.654999,148.753006,148.639999,148.725006,-0.944274,-0.94042,-0.938114
2025.07.17 19:00,0.006766,0.006775,0.006766,0.006773,148.720993,148.753006,148.546005,148.585999,-0.95519,-0.944532,-0.94094
2025.07.17 20:00,0.006773,0.006775,0.006772,0.006773,148.585007,148.621002,148.533005,148.563995,-0.954136,-0.931532,-0.918937
2025.07.17 22:00,0.006777,0.006786,0.006771,0.006785,148.514999,148.567001,148.292999,148.319,-0.878331,-0.930783,-0.924205
2025.07.17 23:00,0.006785,0.006787,0.006779,0.006779,148.313004,148.453995,148.285004,148.445007,-0.939616,-0.933647,-0.930628
2025.07.18 00:00,0.006779,0.006785,0.006771,0.006773,148.442993,148.626999,148.326996,148.580002,-0.938329,-0.932201,-0.934943
2025.07.18 01:00,0.006773,0.006781,0.006771,0.006777,148.580994,148.621994,148.378006,148.485001,-0.933324,-0.918001,-0.927087
2025.07.18 02:00,0.006777,0.006781,0.006773,0.006775,148.487,148.576004,148.408005,148.518997,-0.930945,-0.926257,-0.928409
2025.07.18 03:00,0.006775,0.006777,0.006768,0.006769,148.516006,148.669998,148.472,148.667999,-0.926775,-0.924965,-0.935692
2025.07.18 04:00,0.006766,0.006771,0.006766,0.006769,148.664993,148.723999,148.613998,148.667007,-0.926183,-0.925328,-0.9347
2025.07.18 05:00,0.006768,0.006768,0.006762,0.006764,148.664001,148.809006,148.664001,148.753998,-0.92376,-0.920778,-0.92341
2025.07.18 06:00,0.006765,0.006768,0.00676,0.006766,148.759995,148.837006,148.688995,148.740005,-0.91895,-0.923946,-0.931274
2025.07.18 07:00,0.006766,0.00677,0.006758,0.006764,148.740997,148.884003,148.647995,148.779999,-0.922174,-0.926602,-0.927559
2025.07.18 08:00,0.006764,0.006777,0.006764,0.006772,148.776993,148.781006,148.496994,148.585007,-0.939488,-0.939081,-0.91814
2025.07.18 09:00,0.006772,0.006775,0.006766,0.006767,148.595001,148.723999,148.509003,148.703995,-0.926183,-0.918414,-0.928025
2025.07.18 10:00,0.006766,0.006777,0.006766,0.006775,148.703995,148.718002,148.494003,148.514008,-0.93111,-0.9252,-0.923419
2025.07.18 11:00,0.006776,0.006779,0.006772,0.006776,148.518997,148.582993,148.447998,148.503006,-0.927031,-0.922735,-0.923311
2025.07.18 12:00,0.006776,0.006785,0.006775,0.006783,148.501007,148.528,148.319,148.356003,-0.937412,-0.924205,-0.917744
2025.07.18 13:00,0.006783,0.006791,0.006777,0.006787,148.358994,148.468002,148.188004,148.257996,-0.920967,-0.923446,-0.917497
2025.07.18 14:00,0.006787,0.006791,0.006775,0.006777,148.259995,148.516998,148.179993,148.475998,-0.92641,-0.92627,-0.928963
2025.07.18 15:00,0.006777,0.006783,0.006773,0.006774,148.479004,148.563004,148.358002,148.548996,-0.928836,-0.919743,-0.925728
2025.07.18 16:00,0.006774,0.006776,0.006766,0.006768,148.554001,148.731995,148.507996,148.686996,-0.934178,-0.928301,-0.921947
2025.07.18 17:00,0.006768,0.00677,0.006763,0.006766,148.684006,148.794006,148.649994,148.714005,-0.930633,-0.928601,-0.927112
2025.07.18 18:00,0.006766,0.006767,0.006764,0.006764,148.714996,148.785004,148.695999,148.764008,-0.932564,-0.920029,-0.911568
2025.07.18 19:00,0.006764,0.006766,0.006762,0.006766,148.770004,148.807999,148.729996,148.744003,-0.922753,-0.932179,-0.935272
2025.07.18 20:00,0.006765,0.006768,0.00676,0.006764,148.744003,148.852997,148.690994,148.748993,-0.913063,-0.925945,-0.907475
2025.07.20 23:00,0.006772,0.006782,0.006769,0.006779,148.587006,148.664993,148.371002,148.453003,-0.932686,-0.921871,-0.92774
2025.07.21 00:00,0.006779,0.006788,0.006777,0.006781,148.449997,148.485992,148.235992,148.384003,-0.938958,-0.917195,-0.913132
2025.07.21 01:00,0.006781,0.006784,0.006775,0.006776,148.384995,148.541,148.328003,148.513,-0.939527,-0.922342,-0.933305
2025.07.21 02:00,0.006775,0.006779,0.006773,0.006776,148.514008,148.576004,148.432999,148.498001,-0.941837,-0.91862,-0.918306
2025.07.21 03:00,0.006776,0.006781,0.006774,0.006778,148.498993,148.559006,148.389008,148.477005,-0.935738,-0.918137,-0.940857
2025.07.21 04:00,0.006778,0.006779,0.006775,0.006779,148.457993,148.539993,148.417007,148.444,-0.949405,-0.9135,-0.929621
2025.07.21 05:00,0.006779,0.006787,0.006779,0.006785,148.440002,148.485001,148.257996,148.296005,-0.959738,-0.917497,-0.922927
2025.07.21 06:00,0.006785,0.00681,0.006785,0.006803,148.296005,148.307999,147.770004,147.932999,-0.924068,-0.92713,-0.928226
2025.07.21 07:00,0.006802,0.006803,0.006788,0.006795,147.934998,148.244995,147.912003,148.104004,-0.926197,-0.918027,-0.926143
2025.07.21 08:00,0.006795,0.006814,0.006793,0.006804,148.102997,148.134995,147.688004,147.895004,-0.924627,-0.920558,-0.93343
2025.07.21 09:00,0.006804,0.006806,0.006801,0.006803,147.895996,147.972,147.843002,147.921005,-0.934797,-0.913825,-0.927029
2025.07.21 10:00,0.006803,0.00681,0.006801,0.00681,147.917007,147.977005,147.751999,147.755005,-0.950613,-0.919898,-0.922904
2025.07.21 11:00,0.006811,0.006822,0.00681,0.00682,147.753006,147.766006,147.503998,147.544998,-0.933905,-0.930159,-0.928179
2025.07.21 12:00,0.00682,0.00683,0.00682,0.006822,147.546005,147.554001,147.328003,147.488998,-0.92643,-0.915115,-0.91516
2025.07.21 13:00,0.006822,0.006823,0.006812,0.00682,147.494003,147.723007,147.490005,147.526993,-0.923246,-0.926911,-0.910174
2025.07.21 14:00,0.00682,0.006832,0.00682,0.006826,147.526001,147.546997,147.281998,147.423996,-0.930178,-0.911971,-0.925311
2025.07.21 15:00,0.006826,0.006834,0.006826,0.006833,147.425003,147.427994,147.251007,147.268997,-0.929308,-0.923817,-0.920397
2025.07.21 16:00,0.006833,0.006841,0.00683,0.006838,147.270004,147.332001,147.078003,147.158005,-0.919113,-0.911223,-0.916412
2025.07.21 17:00,0.006838,0.006841,0.006832,0.006834,147.162994,147.309006,147.110001,147.248993,-0.928274,-0.921858,-0.921803
2025.07.21 18:00,0.006834,0.006835,0.006828,0.00683,147.253998,147.382004,147.214005,147.328003,-0.915512,-0.918923,-0.925836
2025.07.21 19:00,0.00683,0.006832,0.006828,0.006828,147.326004,147.373993,147.268005,147.358002,-0.928946,-0.908693,-0.912954
2025.07.21 20:00,0.006829,0.00683,0.006826,0.006828,147.354996,147.436996,147.324997,147.326004,-0.927587,-0.912109,-0.87023
2025.07.21 22:00,0.006828,0.006831,0.006826,0.006826,147.307007,147.414001,147.289001,147.386002,-0.904592,-0.897553,-0.898049
2025.07.21 23:00,0.006827,0.006827,0.006822,0.006826,147.395004,147.496002,147.386002,147.401001,-0.911418,-0.90878,-0.913048
2025.07.22 00:00,0.006826,0.006827,0.006812,0.006822,147.395996,147.712997,147.388,147.488007,-0.913236,-0.910779,-0.903423
2025.07.22 01:00,0.006822,0.006824,0.006815,0.006818,147.481995,147.641998,147.447998,147.582001,-0.906855,-0.895645,-0.911428
2025.07.22 02:00,0.006818,0.006826,0.006818,0.006823,147.578995,147.585999,147.406998,147.457993,-0.915426,-0.897588,-0.894898
2025.07.22 03:00,0.006823,0.006826,0.006817,0.006818,147.464005,147.612,147.414001,147.574997,-0.919906,-0.904592,-0.904424
2025.07.22 04:00,0.006816,0.00682,0.006814,0.006815,147.574005,147.671997,147.533997,147.639008,-0.904552,-0.906426,-0.903864
2025.07.22 05:00,0.006816,0.006817,0.006807,0.006809,147.638,147.809006,147.598007,147.772995,-0.901409,-0.905914,-0.908549
2025.07.22 06:00,0.00681,0.006811,0.006802,0.006806,147.766998,147.931,147.716995,147.817001,-0.915418,-0.895676,-0.89861
2025.07.22 07:00,0.006806,0.006812,0.006801,0.006812,147.822998,147.947006,147.699997,147.705002,-0.909803,-0.911003,-0.894462
2025.07.22 08:00,0.006812,0.006816,0.006809,0.006816,147.705994,147.763,147.604004,147.613998,-0.898555,-0.901148,-0.900388
2025.07.22 09:00,0.006817,0.006825,0.006816,0.006824,147.615005,147.615005,147.419006,147.432007,-0.912149,-0.898861,-0.890385
2025.07.22 10:00,0.006824,0.006828,0.006819,0.00682,147.436996,147.556,147.358994,147.535004,-0.906931,-0.90322,-0.89669
2025.07.22 11:00,0.00682,0.006837,0.006818,0.006835,147.531006,147.570999,147.153,147.192001,-0.900426,-0.90071,-0.896919
2025.07.22 12:00,0.006835,0.006857,0.006833,0.006854,147.192001,147.253998,146.738007,146.800995,-0.905398,-0.891004,-0.900791
2025.07.22 13:00,0.006855,0.006868,0.00685,0.006865,146.798004,146.889999,146.501999,146.572998,-0.904598,-0.899206,-0.895969
2025.07.22 14:00,0.006865,0.006876,0.006859,0.00687,146.574005,146.673996,146.320007,146.447998,-0.890775,-0.88662,-0.89818
2025.07.22 15:00,0.00687,0.006876,0.006866,0.006874,146.445999,146.529999,146.337997,146.367004,-0.895391,-0.894031,-0.901876
2025.07.22 16:00,0.006874,0.006877,0.00687,0.006872,146.363998,146.475006,146.302002,146.421997,-0.904005,-0.889758,-0.893365
2025.07.22 17:00,0.006872,0.006872,0.006864,0.006866,146.423996,146.585999,146.423004,146.556,-0.898355,-0.894373,-0.900185
2025.07.22 18:00,0.006866,0.006866,0.006864,0.006865,146.550003,146.593002,146.520004,146.565002,-0.905359,-0.885397,-0.887973
2025.07.22 19:00,0.006865,0.006868,0.006863,0.006865,146.565994,146.604004,146.487,146.561005,-0.895128,-0.884207,-0.894578
2025.07.22 20:00,0.006866,0.006866,0.006859,0.006861,146.561996,146.682999,146.548004,146.621994,-0.899777,-0.892189,-0.860028
2025.07.22 22:00,0.006861,0.006863,0.006855,0.006859,146.593002,146.774994,146.567001,146.703003,-0.885436,-0.847516,-0.898531
2025.07.22 23:00,0.006859,0.00688,0.006847,0.006855,146.688004,146.945007,146.242004,146.757004,-0.884979,-0.882606,-0.878079
2025.07.23 00:00,0.006855,0.006882,0.006853,0.00687,146.761993,146.811996,146.194,146.434998,-0.890498,-0.876848,-0.885179
2025.07.23 01:00,0.00687,0.006872,0.006857,0.006862,146.434006,146.725006,146.384995,146.604996,-0.888631,-0.866954,-0.87489
2025.07.23 02:00,0.006862,0.00687,0.006834,0.006847,146.608994,147.203995,146.416,146.927994,-0.876805,-0.866182,-0.878634
2025.07.23 03:00,0.006847,0.006856,0.006843,0.006847,146.934006,147.018005,146.742004,146.925003,-0.883273,-0.884363,-0.875643
2025.07.23 04:00,0.006845,0.006847,0.00684,0.006847,146.925003,147.076996,146.908005,146.944,-0.878164,-0.869302,-0.883972
2025.07.23 05:00,0.006847,0.00685,0.006834,0.006836,146.938004,147.207001,146.852005,147.156006,-0.879811,-0.866604,-0.871627
2025.07.23 06:00,0.006836,0.00686,0.006834,0.00685,147.158997,147.214996,146.647003,146.858002,-0.887806,-0.87441,-0.8726
2025.07.23 07:00,0.00685,0.006863,0.006849,0.006855,146.856995,146.884995,146.593002,146.751999,-0.878283,-0.873517,-0.883716
2025.07.23 08:00,0.006855,0.006861,0.006849,0.006853,146.748001,146.904007,146.636993,146.792999,-0.886633,-0.875027,-0.882149
2025.07.23 09:00,0.006853,0.006869,0.006853,0.006868,146.789001,146.798996,146.462006,146.501007,-0.877497,-0.880405,-0.887611
2025.07.23 10:00,0.006868,0.006877,0.006865,0.006872,146.5,146.548996,146.276001,146.408005,-0.88257,-0.863757,-0.879373
2025.07.23 11:00,0.006871,0.006886,0.006871,0.006881,146.404007,146.419006,146.104004,146.201996,-0.879782,-0.88181,-0.874282
2025.07.23 12:00,0.006882,0.006883,0.006867,0.006871,146.205002,146.498001,146.160004,146.414001,-0.874,-0.874518,-0.874777
2025.07.23 13:00,0.006871,0.006873,0.006857,0.006866,146.414993,146.729004,146.367004,146.539993,-0.882001,-0.870131,-0.884178
2025.07.23 14:00,0.006865,0.006877,0.006863,0.00687,146.544006,146.593002,146.287003,146.416,-0.884126,-0.874758,-0.866182
2025.07.23 15:00,0.006871,0.00688,0.006863,0.006865,146.417007,146.570007,146.231995,146.548004,-0.871748,-0.872596,-0.870975
2025.07.23 16:00,0.006865,0.006871,0.006861,0.006863,146.550003,146.615005,146.406998,146.576004,-0.874278,-0.867773,-0.867128
2025.07.23 17:00,0.006863,0.006868,0.006861,0.006866,146.576996,146.623001,146.470001,146.529007,-0.87165,-0.877801,-0.873192
2025.07.23 18:00,0.006866,0.006874,0.006865,0.006869,146.531998,146.542999,146.367004,146.464996,-0.876573,-0.880718,-0.883396
2025.07.23 19:00,0.006868,0.006871,0.006863,0.006866,146.464996,146.580002,146.421997,146.529007,-0.881743,-0.882773,-0.883801
2025.07.23 20:00,0.006866,0.00687,0.006866,0.006866,146.529999,146.537003,146.447006,146.498993,-0.881187,-0.876005,-0.864386
2025.07.23 22:00,0.006866,0.00687,0.006863,0.006868,146.445007,146.516998,146.378006,146.444,-0.818739,-0.828188,-0.830604
2025.07.23 23:00,0.006868,0.006877,0.006867,0.006872,146.444,146.451004,146.238007,146.347,-0.827003,-0.825762,-0.82896
2025.07.24 00:00,0.006872,0.006876,0.006865,0.006868,146.341995,146.492004,146.261993,146.427002,-0.825578,-0.818027,-0.824209
2025.07.24 01:00,0.006868,0.006895,0.006868,0.006892,146.431,146.436996,145.850006,145.932999,-0.834204,-0.827885,-0.826713
2025.07.24 02:00,0.006892,0.006892,0.006881,0.006886,145.931,146.153,145.931,146.039001,-0.825286,-0.824714,-0.816808
2025.07.24 03:00,0.006886,0.006893,0.006884,0.006888,146.039001,146.108994,145.893997,146.003998,-0.834064,-0.819286,-0.823971
2025.07.24 04:00,0.006885,0.006892,0.006884,0.006887,146.005005,146.082001,145.927002,146.016998,-0.828168,-0.820716,-0.815896
2025.07.24 05:00,0.006888,0.00689,0.006883,0.006888,146.016006,146.113007,145.951996,146.009995,-0.827521,-0.824646,-0.819436
2025.07.24 06:00,0.006888,0.006888,0.006874,0.006875,146.011993,146.304001,145.985992,146.274994,-0.828299,-0.816506,-0.820448
2025.07.24 07:00,0.006875,0.006882,0.006866,0.006868,146.270004,146.460007,146.139999,146.416,-0.825399,-0.822847,-0.8238
2025.07.24 08:00,0.006868,0.006874,0.006862,0.006863,146.419006,146.565994,146.307999,146.544998,-0.835888,-0.821712,-0.825513
2025.07.24 09:00,0.006863,0.006863,0.006857,0.006862,146.546005,146.647003,146.520004,146.554001,-0.821264,-0.821745,-0.823895
2025.07.24 10:00,0.006863,0.006863,0.006857,0.006861,146.554993,146.660004,146.522995,146.572006,-0.823628,-0.824736,-0.820655
2025.07.24 11:00,0.006861,0.006866,0.006859,0.006866,146.567001,146.623993,146.460007,146.479004,-0.830142,-0.825399,-0.823189
2025.07.24 12:00,0.006865,0.006867,0.006849,0.006851,146.483002,146.832001,146.444,146.789993,-0.825289,-0.819999,-0.81525
2025.07.24 13:00,0.006851,0.006866,0.006847,0.006863,146.794998,146.873001,146.477005,146.542007,-0.823641,-0.82119,-0.822522
2025.07.24 14:00,0.006863,0.006872,0.006849,0.006851,146.539001,146.817993,146.352997,146.781006,-0.821933,-0.824365,-0.827563
2025.07.24 15:00,0.006851,0.006853,0.006844,0.006845,146.778,146.945999,146.733994,146.927002,-0.832614,-0.823143,-0.834968
2025.07.24 16:00,0.006845,0.006851,0.006843,0.006846,146.923004,146.953003,146.779999,146.899002,-0.82894,-0.815901,-0.828303
2025.07.24 17:00,0.006847,0.006853,0.006847,0.00685,146.901993,146.901993,146.748001,146.813004,-0.841964,-0.826503,-0.827602
2025.07.24 18:00,0.00685,0.006851,0.006845,0.006845,146.813995,146.929993,146.792007,146.917999,-0.827284,-0.817264,-0.825966
2025.07.24 19:00,0.006845,0.006848,0.006843,0.006845,146.917007,146.968994,146.847,146.936996,-0.823581,-0.818963,-0.834288
2025.07.24 20:00,0.006845,0.006847,0.006841,0.006841,146.932999,147.026001,146.880997,147.0,-0.837858,-0.820968,-0.83322
2025.07.24 22:00,0.006835,0.006839,0.00683,0.006838,147.089996,147.233002,147.020996,147.033005,-0.809402,-0.800792,-0.791412
2025.07.24 23:00,0.006839,0.006843,0.006835,0.006841,147.052994,147.115997,146.957993,147.001007,-0.810221,-0.812579,-0.812864
2025.07.25 00:00,0.006841,0.006841,0.006824,0.00683,147.003006,147.341995,146.979996,147.203995,-0.811112,-0.813216,-0.801827
2025.07.25 01:00,0.00683,0.006834,0.006819,0.006824,147.205002,147.460999,147.156998,147.360001,-0.81193,-0.819108,-0.818379
2025.07.25 02:00,0.006824,0.006824,0.006818,0.006821,147.360992,147.492996,147.343994,147.416,-0.811664,-0.802372,-0.809931
2025.07.25 03:00,0.006821,0.006832,0.00682,0.006832,147.414993,147.438004,147.188004,147.218994,-0.810433,-0.807272,-0.838262
2025.07.25 04:00,0.006832,0.006837,0.006828,0.006835,147.214996,147.272995,147.095993,147.134003,-0.817221,-0.822315,-0.81752
2025.07.25 05:00,0.006834,0.006849,0.006833,0.006843,147.136002,147.162003,146.807999,146.932999,-0.813403,-0.811938,-0.798266
2025.07.25 06:00,0.006844,0.006847,0.006837,0.006838,146.934006,147.095993,146.845001,147.059006,-0.822315,-0.806298,-0.817413
2025.07.25 07:00,0.006838,0.006839,0.006822,0.006823,147.054993,147.414993,147.035995,147.384003,-0.819673,-0.815791,-0.820908
2025.07.25 08:00,0.006823,0.006824,0.006802,0.006806,147.378998,147.832001,147.354004,147.753998,-0.816419,-0.812382,-0.814023
2025.07.25 09:00,0.006806,0.006807,0.006799,0.006801,147.755005,147.893997,147.723007,147.865997,-0.813541,-0.81541,-0.817991
2025.07.25 10:00,0.006801,0.006806,0.006799,0.006805,147.869003,147.901993,147.746994,147.774002,-0.821537,-0.807019,-0.823228
2025.07.25 11:00,0.006804,0.006811,0.006797,0.00681,147.772003,147.940002,147.639999,147.673996,-0.816268,-0.81868,-0.831121
2025.07.25 12:00,0.006809,0.006812,0.006797,0.006801,147.677002,147.936005,147.600006,147.856003,-0.823095,-0.811012,-0.818799
2025.07.25 13:00,0.006801,0.006816,0.006798,0.00681,147.854996,147.919998,147.595993,147.669006,-0.817911,-0.882383,-0.826132
2025.07.25 14:00,0.00681,0.006816,0.006806,0.006807,147.666,147.764008,147.524994,147.729996,-0.824033,-0.811383,-0.822399
2025.07.25 15:00,0.006808,0.00681,0.006804,0.006804,147.727005,147.806,147.656006,147.783005,-0.822829,-0.813131,-0.82143
2025.07.25 16:00,0.006805,0.006807,0.006802,0.006806,147.776993,147.835999,147.725006,147.755997,-0.820417,-0.817409,-0.816022
2025.07.25 17:00,0.006806,0.00681,0.006804,0.00681,147.761002,147.779999,147.651993,147.671997,-0.818424,-0.809118,-0.818338
2025.07.25 18:00,0.006809,0.006816,0.006809,0.006814,147.673004,147.682999,147.544006,147.565002,-0.818553,-0.81963,-0.81909
2025.07.25 19:00,0.006814,0.006816,0.006812,0.006812,147.565994,147.617004,147.524994,147.613998,-0.817243,-0.822138,-0.814237
2025.07.25 20:00,0.006812,0.006812,0.006809,0.00681,147.615997,147.690994,147.612,147.621994,-0.826549,-0.823005,-0.768335
2025.07.28 00:00,0.006809,0.006812,0.006803,0.006812,147.783997,147.813004,147.597,147.615997,-0.808231,-0.797239,-0.805458
2025.07.28 01:00,0.006812,0.006816,0.006799,0.0068,147.613007,147.876999,147.514008,147.865997,-0.807361,-0.811151,-0.807176
2025.07.28 02:00,0.0068,0.006802,0.006793,0.006802,147.865997,148.022003,147.822006,147.835999,-0.811635,-0.806425,-0.820417
2025.07.28 03:00,0.006801,0.006808,0.0068,0.006807,147.837006,147.869995,147.684006,147.710007,-0.811174,-0.797993,-0.80241
2025.07.28 04:00,0.006807,0.006811,0.006804,0.006806,147.712006,147.792999,147.621994,147.744003,-0.809829,-0.800674,-0.804029
2025.07.28 05:00,0.006805,0.006806,0.006799,0.006801,147.744995,147.876007,147.727997,147.854996,-0.806369,-0.79882,-0.806989
2025.07.28 06:00,0.006801,0.006801,0.006784,0.006793,147.858002,148.210007,147.835007,148.018997,-0.804346,-0.808615,-0.797801
2025.07.28 07:00,0.006793,0.006804,0.006778,0.006781,148.014008,148.337997,147.785995,148.292007,-0.801849,-0.802825,-0.81026
2025.07.28 08:00,0.00678,0.006787,0.006777,0.006781,148.292007,148.373993,148.151001,148.270004,-0.80519,-0.799644,-0.799134
2025.07.28 09:00,0.006781,0.006783,0.006775,0.006777,148.268005,148.414001,148.222,148.384995,-0.812528,-0.805471,-0.816191
2025.07.28 10:00,0.006777,0.006781,0.006775,0.006775,148.386993,148.434006,148.287994,148.406006,-0.821636,-0.806247,-0.804533
2025.07.28 11:00,0.006775,0.006791,0.006773,0.006788,148.410995,148.447006,148.074005,148.139008,-0.801948,-0.809447,-0.82021
2025.07.28 12:00,0.006787,0.006793,0.006785,0.006791,148.139999,148.184998,148.026001,148.052002,-0.81192,-0.804804,-0.809123
2025.07.28 13:00,0.006792,0.006797,0.006779,0.006781,148.052002,148.328003,147.934006,148.289001,-0.813624,-0.799455,-0.807254
2025.07.28 14:00,0.00678,0.006789,0.006779,0.006781,148.291,148.322006,148.093994,148.276001,-0.818499,-0.807741,-0.80513
2025.07.28 15:00,0.006781,0.006781,0.006771,0.006772,148.276993,148.494995,148.253998,148.455994,-0.806325,-0.793993,-0.800032
2025.07.28 16:00,0.006772,0.006773,0.00677,0.006771,148.459,148.520004,148.438004,148.485992,-0.809514,-0.803836,-0.797322
2025.07.28 17:00,0.006771,0.006775,0.006769,0.00677,148.483994,148.546005,148.389008,148.520996,-0.813698,-0.798419,-0.799603
2025.07.28 18:00,0.00677,0.006772,0.006767,0.006768,148.520996,148.578995,148.473007,148.557007,-0.803025,-0.806141,-0.802866
2025.07.28 19:00,0.006768,0.00677,0.006768,0.006768,148.554993,148.559998,148.516006,148.548996,-0.805857,-0.805516,-0.805773
2025.07.28 20:00,0.006768,0.006771,0.006768,0.006769,148.544998,148.576996,148.429001,148.496994,-0.811946,-0.740331,-0.764687
2025.07.28 22:00,0.006768,0.00677,0.006766,0.00677,148.548004,148.580002,148.485992,148.518005,-0.782186,-0.786413,-0.807515
2025.07.28 23:00,0.00677,0.006772,0.006764,0.006772,148.5,148.636993,148.451996,148.457001,-0.795475,-0.78513,-0.790134
2025.07.29 00:00,0.006772,0.006773,0.00676,0.006762,148.451996,148.710999,148.436005,148.684006,-0.792943,-0.801837,-0.787832
2025.07.29 01:00,0.006762,0.006772,0.006761,0.006766,148.682007,148.705002,148.462006,148.584,-0.797888,-0.784243,-0.786183
2025.07.29 02:00,0.006766,0.00678,0.006766,0.006777,148.585999,148.615005,148.287003,148.341003,-0.817189,-0.794376,-0.793969
2025.07.29 03:00,0.006777,0.006779,0.006772,0.006777,148.345993,148.453995,148.304001,148.373001,-0.798033,-0.789622,-0.825966
2025.07.29 04:00,0.006775,0.006778,0.00677,0.006777,148.373001,148.498001,148.328003,148.348007,-0.798422,-0.791855,-0.790094
2025.07.29 05:00,0.006777,0.006785,0.006775,0.006782,148.345001,148.406998,148.169998,148.235001,-0.794628,-0.79692,-0.78587
2025.07.29 06:00,0.006782,0.006785,0.006768,0.00677,148.237,148.542007,148.153,148.520004,-0.787867,-0.779922,-0.798611
2025.07.29 07:00,0.00677,0.00677,0.006759,0.006766,148.516998,148.751999,148.483994,148.576996,-0.801119,-0.784414,-0.790103
2025.07.29 08:00,0.006766,0.006775,0.006765,0.006768,148.574005,148.606003,148.350006,148.548996,-0.786344,-0.748533,-0.794856
2025.07.29 09:00,0.006768,0.006772,0.006766,0.006768,148.548996,148.574997,148.444,148.550995,-0.788105,-0.788039,-0.785945
2025.07.29 10:00,0.006768,0.006776,0.006766,0.006768,148.550003,148.613007,148.380997,148.544006,-0.804275,-0.801302,-0.789866
2025.07.29 11:00,0.006768,0.00677,0.006758,0.00676,148.542999,148.755997,148.511993,148.716995,-0.794168,-0.7906,-0.79894
2025.07.29 12:00,0.00676,0.006766,0.006758,0.006761,148.716003,148.772003,148.600006,148.692001,-0.788284,-0.791274,-0.784888
2025.07.29 13:00,0.006761,0.006768,0.006756,0.006767,148.699997,148.807999,148.524002,148.554001,-0.791426,-0.780779,-0.778031
2025.07.29 14:00,0.006768,0.006773,0.006759,0.006772,148.559998,148.748001,148.429993,148.472,-0.797121,-0.784934,-0.794238
2025.07.29 15:00,0.006771,0.006777,0.006764,0.006767,148.468002,148.623001,148.350006,148.570999,-0.792414,-0.792093,-0.795029
2025.07.29 16:00,0.006767,0.006772,0.006766,0.006768,148.574997,148.602997,148.447998,148.561996,-0.794265,-0.792036,-0.796947
2025.07.29 17:00,0.006767,0.006777,0.006766,0.006771,148.561005,148.585007,148.332993,148.488998,-0.798114,-0.785958,-0.800328
2025.07.29 18:00,0.006771,0.006773,0.006768,0.006773,148.485001,148.559006,148.427002,148.429001,-0.804865,-0.792834,-0.783942
2025.07.29 19:00,0.006773,0.006777,0.00677,0.00677,148.427994,148.505005,148.341995,148.501007,-0.794514,-0.79496,-0.801428
2025.07.29 20:00,0.00677,0.006773,0.00677,0.006772,148.5,148.513,148.416,148.417999,-0.80251,-0.770942,-0.751133
2025.07.29 22:00,0.006773,0.006773,0.00677,0.006771,148.445007,148.496002,148.417999,148.466003,-0.774609,-0.772941,-0.777333
2025.07.29 23:00,0.006771,0.006773,0.006768,0.006773,148.466995,148.524994,148.410004,148.417999,-0.781771,-0.764945,-0.772941
2025.07.30 00:00,0.006773,0.006791,0.006772,0.00679,148.423996,148.449005,148.031998,148.056,-0.771243,-0.778275,-0.780595
2025.07.30 01:00,0.00679,0.006795,0.006785,0.006786,148.054993,148.162994,147.940002,148.141998,-0.768199,-0.772964,-0.779782
2025.07.30 02:00,0.006785,0.006791,0.006785,0.00679,148.136002,148.154007,148.026993,148.044006,-0.759212,-0.77327,-0.768602
2025.07.30 03:00,0.006791,0.006799,0.006791,0.006794,148.044006,148.044006,147.843002,147.973999,-0.779448,-0.773364,-0.785304
2025.07.30 04:00,0.006787,0.006789,0.006785,0.006785,147.970001,148.171005,147.960007,148.154007,-0.77621,-0.673754,-0.770076
2025.07.30 05:00,0.006785,0.006799,0.006785,0.006791,148.154999,148.171997,147.852005,148.024002,-0.777202,-0.771549,-0.781123
2025.07.30 06:00,0.006791,0.006799,0.006787,0.006797,148.028,148.134003,147.856995,147.897003,-0.782646,-0.776538,-0.773269
2025.07.30 07:00,0.006797,0.006802,0.006789,0.006789,147.897003,148.082001,147.798004,148.078003,-0.774056,-0.782423,-0.770058
2025.07.30 08:00,0.006788,0.006795,0.006787,0.006794,148.078995,148.117996,147.919006,147.960007,-0.777497,-0.762799,-0.771312
2025.07.30 09:00,0.006794,0.006799,0.006789,0.006791,147.955994,148.070007,147.852005,148.035004,-0.772904,-0.760739,-0.781281
2025.07.30 10:00,0.006791,0.006793,0.006779,0.006784,148.035995,148.294006,147.977005,148.171005,-0.768744,-0.755808,-0.765344
2025.07.30 11:00,0.006784,0.006787,0.006776,0.006778,148.169998,148.358994,148.108994,148.309998,-0.779298,-0.757636,-0.77385
2025.07.30 12:00,0.006778,0.00678,0.006752,0.006753,148.311005,148.886993,148.259995,148.847,-0.771761,-0.767368,-0.764666
2025.07.30 13:00,0.006753,0.006754,0.006741,0.006744,148.850998,149.104996,148.826004,149.050995,-0.75905,-0.7656,-0.760048
2025.07.30 14:00,0.006744,0.006753,0.006744,0.00675,149.048996,149.057007,148.867004,148.921005,-0.777057,-0.78467,-0.772861
2025.07.30 15:00,0.00675,0.006754,0.006741,0.006743,148.921997,149.113998,148.841995,149.076004,-0.779058,-0.770627,-0.774059
2025.07.30 16:00,0.006743,0.00675,0.00674,0.006749,149.072998,149.132004,148.923004,148.934006,-0.764053,-0.77486,-0.763905
2025.07.30 17:00,0.00675,0.006756,0.00675,0.006756,148.929993,148.932999,148.766006,148.789993,-0.773877,-0.749433,-0.77342
2025.07.30 18:00,0.006755,0.006768,0.00673,0.006731,148.766998,149.354004,148.518005,149.347,-0.765594,-0.774782,-0.769632
2025.07.30 19:00,0.006731,0.006736,0.006726,0.006728,149.350006,149.438004,149.220001,149.408005,-0.761227,-0.763946,-0.775425
2025.07.30 20:00,0.006728,0.00673,0.006722,0.006723,149.412003,149.554001,149.358002,149.477005,-0.788752,-0.769592,-0.733889
2025.07.30 22:00,0.006723,0.006731,0.006722,0.00673,149.451004,149.466003,149.291,149.315002,-0.700754,-0.713632,-0.726593
2025.07.30 23:00,0.00673,0.006735,0.006727,0.006734,149.311996,149.393997,149.203003,149.220001,-0.728275,-0.713884,-0.719854
2025.07.31 00:00,0.006734,0.006736,0.006726,0.006731,149.225006,149.393005,149.171997,149.302994,-0.716229,-0.715942,-0.725625
2025.07.31 01:00,0.00673,0.006746,0.006729,0.006745,149.300995,149.339996,148.962006,148.973999,-0.7295,-0.726017,-0.716028
2025.07.31 02:00,0.006746,0.00676,0.006744,0.006752,148.973999,149.0,148.634003,148.832993,-0.731035,-0.715947,-0.71776
2025.07.31 03:00,0.006752,0.006763,0.006748,0.006756,148.835007,148.919998,148.582001,148.744995,-0.727945,-0.718627,-0.728422
2025.07.31 04:00,0.006753,0.006754,0.006746,0.00675,148.746002,148.957993,148.729004,148.886002,-0.722004,-0.657635,-0.72688
2025.07.31 05:00,0.006749,0.006756,0.006748,0.006754,148.886002,148.925995,148.738007,148.785004,-0.722958,-0.710476,-0.713635
2025.07.31 06:00,0.006754,0.006758,0.00674,0.00675,148.785995,149.091995,148.679993,148.878006,-0.724045,-0.718164,-0.729862
2025.07.31 07:00,0.00675,0.00675,0.006712,0.006727,148.875,149.722,148.848007,149.395996,-0.724017,-0.710828,-0.730273
2025.07.31 08:00,0.006727,0.006731,0.006713,0.006715,149.395996,149.699997,149.292999,149.628006,-0.724206,-0.715631,-0.718762
2025.07.31 09:00,0.006715,0.006717,0.006701,0.006701,149.634003,149.959,149.617996,149.947006,-0.727542,-0.730928,-0.715549
2025.07.31 10:00,0.006702,0.006704,0.006698,0.006702,149.949005,150.046997,149.865997,149.944,-0.737556,-0.712443,-0.72368
2025.07.31 11:00,0.006702,0.006708,0.006694,0.006705,149.942001,150.102997,149.807999,149.876007,-0.72664,-0.72116,-0.733578
2025.07.31 12:00,0.006704,0.006708,0.006688,0.00669,149.876999,150.259003,149.807007,150.186996,-0.726293,-0.731273,-0.721333
2025.07.31 13:00,0.00669,0.006691,0.006673,0.006674,150.188995,150.584,150.173004,150.567001,-0.72636,-0.718512,-0.731821
2025.07.31 14:00,0.006674,0.006682,0.006671,0.006677,150.561005,150.634003,150.371994,150.477997,-0.731435,-0.727395,-0.721351
2025.07.31 15:00,0.006678,0.006684,0.006672,0.006673,150.477005,150.602997,150.343002,150.600998,-0.722902,-0.731994,-0.732137
2025.07.31 16:00,0.006672,0.006673,0.006664,0.006669,150.600998,150.789993,150.589005,150.684998,-0.729969,-0.731365,-0.726239
2025.07.31 17:00,0.006669,0.006674,0.006667,0.006669,150.681,150.723999,150.554993,150.660995,-0.731494,-0.719813,-0.724716
2025.07.31 18:00,0.00667,0.00667,0.006665,0.006666,150.662003,150.785995,150.658997,150.757996,-0.737232,-0.73396,-0.742994
2025.07.31 19:00,0.006665,0.006668,0.006663,0.006663,150.757004,150.802002,150.686996,150.796997,-0.730715,-0.716991,-0.72571
2025.07.31 20:00,0.006664,0.006667,0.006661,0.006665,150.794006,150.841995,150.710999,150.729004,-0.725652,-0.707251,-0.68024
2025.07.31 22:00,0.006667,0.006668,0.006663,0.006665,150.697006,150.796997,150.673004,150.712997,-0.70319,-0.702999,-0.664234
2025.07.31 23:00,0.006665,0.006669,0.006659,0.006663,150.738998,150.882004,150.634995,150.807999,-0.709309,-0.698715,-0.714192
2025.08.01 00:00,0.006663,0.006672,0.006658,0.006666,150.807007,150.893997,150.589996,150.737,-0.698742,-0.709901,-0.721998
2025.08.01 01:00,0.006665,0.006671,0.006657,0.006658,150.737,150.919006,150.626999,150.901993,-0.712468,-0.713203,-0.706738
2025.08.01 02:00,0.006658,0.006667,0.006658,0.006665,150.901001,150.912994,150.699005,150.757004,-0.717739,-0.7065,-0.70824
2025.08.01 03:00,0.006665,0.006674,0.006664,0.006672,150.764008,150.778,150.548004,150.587997,-0.717976,-0.712824,-0.707903
2025.08.01 04:00,0.006671,0.006673,0.006669,0.006671,150.589005,150.660004,150.546005,150.606995,-0.712481,-0.677144,-0.715664
2025.08.01 05:00,0.006671,0.006679,0.006669,0.006677,150.602005,150.660004,150.410004,150.475006,-0.723725,-0.698199,-0.707143
2025.08.01 06:00,0.006677,0.006679,0.006669,0.006671,150.475006,150.649002,150.444,150.602005,-0.712723,-0.709783,-0.710675
2025.08.01 07:00,0.006672,0.006678,0.006671,0.006675,150.604996,150.621994,150.449997,150.533005,-0.719426,-0.704566,-0.709052
2025.08.01 08:00,0.006675,0.006676,0.006671,0.006671,150.537003,150.626999,150.503998,150.610001,-0.713203,-0.713706,-0.71867
2025.08.01 09:00,0.006671,0.00668,0.006671,0.006676,150.604996,150.630005,150.414993,150.509003,-0.727437,-0.714397,-0.718711
2025.08.01 10:00,0.006677,0.006684,0.006676,0.006682,150.503006,150.513,150.319,150.358994,-0.722709,-0.719175,-0.714394
2025.08.01 11:00,0.006682,0.006686,0.006675,0.006675,150.354996,150.529007,150.278,150.520004,-0.716269,-0.711745,-0.71849
2025.08.01 12:00,0.006676,0.006764,0.006672,0.00676,150.514008,150.597,148.559998,148.634003,-0.716905,-0.707558,-0.715947
2025.08.01 13:00,0.00676,0.00679,0.006759,0.006782,148.634003,148.660995,147.983002,148.132004,-0.710115,-0.707597,-0.682873
2025.08.01 14:00,0.006783,0.006812,0.006779,0.006785,148.134003,148.225006,147.477997,148.089005,-0.699743,-0.689002,-0.705074
2025.08.01 15:00,0.006785,0.006793,0.006781,0.006787,148.085007,148.184998,147.923004,148.054993,-0.70325,-0.701808,-0.714494
2025.08.01 16:00,0.006787,0.006799,0.006784,0.006797,148.056,148.108994,147.778,147.828003,-0.703332,-0.697544,-0.704268
2025.08.01 17:00,0.006797,0.006801,0.006791,0.006795,147.822006,147.949997,147.723999,147.876007,-0.707118,-0.697607,-0.708969
2025.08.01 18:00,0.006795,0.006804,0.006794,0.006796,147.878006,147.901001,147.677994,147.852005,-0.712306,-0.705627,-0.706627
2025.08.01 19:00,0.006796,0.00682,0.006795,0.006815,147.850006,147.862,147.322006,147.438004,-0.694961,-0.694435,-0.70286
2025.08.01 20:00,0.006814,0.006822,0.006795,0.006795,147.436005,147.459,147.287994,147.380997,-0.302792,-0.703411,-0.224789
2025.08.03 23:00,0.006823,0.00683,0.006817,0.006818,147.242004,147.384995,147.112,147.345001,-0.692901,-0.6884,-0.685176
2025.08.04 00:00,0.006819,0.006822,0.006803,0.006804,147.343002,147.692993,147.266006,147.651993,-0.68822,-0.681423,-0.690418
2025.08.04 01:00,0.006804,0.006806,0.006793,0.006799,147.654999,147.906998,147.617996,147.759995,-0.69663,-0.688819,-0.679538
2025.08.04 02:00,0.006799,0.006806,0.006795,0.006798,147.764999,147.867004,147.621994,147.794006,-0.689144,-0.682019,-0.691919
2025.08.04 03:00,0.006798,0.006808,0.006798,0.006803,147.794998,147.794998,147.584,147.692001,-0.692911,-0.687195,-0.687229
2025.08.04 04:00,0.006803,0.006809,0.006802,0.006803,147.688995,147.710007,147.550003,147.686005,-0.694425,-0.685557,-0.692029
2025.08.04 05:00,0.006803,0.006804,0.006794,0.006799,147.681,147.871994,147.649994,147.779999,-0.683299,-0.677627,-0.688733
2025.08.04 06:00,0.006799,0.00681,0.006795,0.006805,147.781006,147.847,147.528,147.636002,-0.679962,-0.685125,-0.685228
2025.08.04 07:00,0.006805,0.006807,0.006787,0.006793,147.643997,148.044998,147.591995,147.882004,-0.693641,-0.684398,-0.682473
2025.08.04 08:00,0.006793,0.006795,0.006785,0.006793,147.880997,148.087997,147.858002,147.895004,-0.693202,-0.680141,-0.684636
2025.08.04 09:00,0.006793,0.006804,0.006791,0.006797,147.893997,147.945007,147.675003,147.811996,-0.691285,-0.691833,-0.688262
2025.08.04 10:00,0.006797,0.006808,0.006795,0.006808,147.811996,147.854004,147.559998,147.574005,-0.686965,-0.673984,-0.677201
2025.08.04 11:00,0.006808,0.006819,0.006807,0.006818,147.576996,147.598007,147.339005,147.343994,-0.69041,-0.689936,-0.684169
2025.08.04 12:00,0.006819,0.006834,0.006814,0.006826,147.343002,147.438995,147.001999,147.190002,-0.693083,-0.674809,-0.680593
2025.08.04 13:00,0.006826,0.006837,0.00682,0.00683,147.186996,147.319,146.951996,147.087997,-0.691429,-0.689018,-0.68583
2025.08.04 14:00,0.006831,0.006841,0.006822,0.006824,147.085999,147.261993,146.860001,147.229996,-0.688155,-0.682545,-0.677643
2025.08.04 15:00,0.006824,0.006832,0.006818,0.00683,147.229004,147.354996,147.039993,147.093002,-0.684423,-0.680681,-0.680115
2025.08.04 16:00,0.00683,0.006835,0.006824,0.006832,147.097,147.216995,147.0,147.037003,-0.686112,-0.683518,-0.67769
2025.08.04 17:00,0.006832,0.006837,0.00683,0.006836,147.035995,147.097,146.955994,146.968994,-0.684113,-0.682316,-0.684615
2025.08.04 18:00,0.006836,0.006839,0.006835,0.006837,146.968002,147.007004,146.906998,146.945999,-0.690521,-0.686793,-0.683021
2025.08.04 19:00,0.006837,0.006839,0.006832,0.006833,146.945999,147.059006,146.908005,147.028,-0.688979,-0.677107,-0.6794
2025.08.04 20:00,0.006834,0.006837,0.00683,0.00683,147.029007,147.113998,146.949997,147.067993,-0.690399,-0.676319,-0.665826
2025.08.04 22:00,0.00683,0.006839,0.00683,0.006838,147.087997,147.102005,146.873001,146.932999,-0.689118,-0.652797,-0.691406
2025.08.04 23:00,0.006838,0.006847,0.006837,0.006843,146.906998,146.932007,146.692001,146.791,-0.669029,-0.653298,-0.666938
2025.08.05 00:00,0.006843,0.006851,0.006832,0.006837,146.789993,147.035995,146.615997,146.925995,-0.665969,-0.662554,-0.663017
2025.08.05 01:00,0.006837,0.006839,0.006828,0.006832,146.925995,147.113998,146.878006,147.050995,-0.668951,-0.657802,-0.670263
2025.08.05 02:00,0.006831,0.006832,0.006823,0.006825,147.042999,147.229004,147.035004,147.186996,-0.665909,-0.664977,-0.666851
2025.08.05 03:00,0.006825,0.006828,0.006822,0.006824,147.184006,147.261002,147.126999,147.216003,-0.676418,-0.660507,-0.674381
2025.08.05 04:00,0.006824,0.006834,0.006824,0.00683,147.214996,147.261993,147.0,147.084,-0.709641,-0.662111,-0.671112
2025.08.05 05:00,0.00683,0.00683,0.006822,0.006826,147.084,147.240997,147.054001,147.173004,-0.667159,-0.651834,-0.663595
2025.08.05 06:00,0.006826,0.006832,0.006818,0.006818,147.169006,147.341995,147.026993,147.324997,-0.671422,-0.66768,-0.665172
2025.08.05 07:00,0.006818,0.006826,0.006812,0.006816,147.326004,147.487,147.151993,147.382996,-0.67646,-0.66404,-0.669385
2025.08.05 08:00,0.006816,0.006818,0.006804,0.006806,147.388,147.634995,147.330994,147.584,-0.67342,-0.671169,-0.665608
2025.08.05 09:00,0.006807,0.006812,0.006804,0.006804,147.578995,147.639008,147.447006,147.626999,-0.677433,-0.658012,-0.665424
2025.08.05 10:00,0.006804,0.006806,0.006798,0.006805,147.623993,147.779999,147.578003,147.615997,-0.677912,-0.659612,-0.665224
2025.08.05 11:00,0.006804,0.006808,0.006801,0.006804,147.615997,147.695999,147.544006,147.632996,-0.658796,-0.657993,-0.671421
2025.08.05 12:00,0.006805,0.006808,0.006799,0.006803,147.630997,147.757004,147.539993,147.660004,-0.665738,-0.66476,-0.666028
2025.08.05 13:00,0.006803,0.00681,0.006795,0.006799,147.662003,147.835007,147.501999,147.729996,-0.667968,-0.669898,-0.63873
2025.08.05 14:00,0.0068,0.006818,0.006799,0.006813,147.729996,147.731995,147.350006,147.447998,-0.662357,-0.668674,-0.669779
2025.08.05 15:00,0.006812,0.00682,0.006808,0.00681,147.449997,147.570007,147.302994,147.496002,-0.673203,-0.66468,-0.663901
2025.08.05 16:00,0.00681,0.006814,0.006806,0.006808,147.494995,147.591995,147.423996,147.546005,-0.662818,-0.667323,-0.659992
2025.08.05 17:00,0.006808,0.006812,0.006803,0.006804,147.542007,147.656006,147.483002,147.615997,-0.66203,-0.672462,-0.654423
2025.08.05 18:00,0.006805,0.006806,0.006802,0.006806,147.615997,147.681,147.587997,147.604004,-0.665418,-0.65882,-0.664029
2025.08.05 19:00,0.006806,0.006806,0.006801,0.006806,147.608994,147.703995,147.578003,147.608994,-0.666791,-0.659612,-0.669019
2025.08.05 20:00,0.006806,0.00681,0.006805,0.006806,147.608002,147.619995,147.496002,147.600998,-0.669221,-0.653128,-0.671821
2025.08.05 22:00,0.006805,0.006808,0.006804,0.006807,147.563995,147.638,147.542007,147.557999,-0.65483,-0.645203,-0.650402
2025.08.05 23:00,0.006806,0.006809,0.006803,0.006808,147.559006,147.645996,147.514008,147.526993,-0.641223,-0.649562,-0.651759
2025.08.06 00:00,0.006809,0.006812,0.006804,0.006806,147.522003,147.621994,147.445007,147.584,-0.66042,-0.656013,-0.654822
2025.08.06 01:00,0.006806,0.006806,0.006799,0.006801,147.585007,147.729004,147.580002,147.695007,-0.648548,-0.640027,-0.647001
2025.08.06 02:00,0.006801,0.006808,0.006799,0.006807,147.695007,147.748993,147.524002,147.557007,-0.657727,-0.648768,-0.64941
2025.08.06 03:00,0.006808,0.006818,0.006807,0.006814,147.557007,147.557999,147.328003,147.395004,-0.650402,-0.64667,-0.649092
2025.08.06 04:00,0.006812,0.006819,0.006812,0.006817,147.399002,147.447006,147.302002,147.341995,-0.647245,-0.652933,-0.649902
2025.08.06 05:00,0.006817,0.006817,0.006808,0.006812,147.341995,147.544006,147.330994,147.451996,-0.647202,-0.6389,-0.652235
2025.08.06 06:00,0.006812,0.006816,0.006808,0.006808,147.449997,147.550995,147.360001,147.550003,-0.664982,-0.64639,-0.66399
2025.08.06 07:00,0.006808,0.006808,0.006801,0.006806,147.546005,147.692993,147.529999,147.559006,-0.644987,-0.643986,-0.640614
2025.08.06 08:00,0.006807,0.006807,0.006794,0.006795,147.563004,147.845001,147.552002,147.802002,-0.656306,-0.644405,-0.645794
2025.08.06 09:00,0.006795,0.006799,0.006792,0.006795,147.809998,147.886002,147.705002,147.822998,-0.653965,-0.635364,-0.645137
2025.08.06 10:00,0.006795,0.006807,0.006794,0.006806,147.820007,147.841003,147.556,147.580002,-0.652308,-0.648403,-0.66161
2025.08.06 11:00,0.006806,0.006812,0.006803,0.006808,147.580994,147.654999,147.436005,147.535004,-0.661023,-0.64701,-0.65977
2025.08.06 12:00,0.006808,0.006814,0.006805,0.006813,147.537994,147.593994,147.406006,147.442001,-0.64322,-0.649333,-0.663782
2025.08.06 13:00,0.006812,0.006822,0.006812,0.006822,147.438995,147.453003,147.235992,147.240005,-0.653242,-0.651409,-0.655422
2025.08.06 14:00,0.006822,0.006822,0.006813,0.006814,147.246002,147.440994,147.244003,147.389999,-0.662775,-0.648683,-0.644087
2025.08.06 15:00,0.006814,0.006823,0.006803,0.006821,147.389008,147.664993,147.207993,147.255997,-0.660221,-0.644898,-0.649928
2025.08.06 16:00,0.006822,0.006823,0.006814,0.006817,147.261993,147.419998,147.210999,147.341995,-0.652553,-0.647904,-0.649902
2025.08.06 17:00,0.006816,0.006823,0.006814,0.006822,147.348999,147.404999,147.214005,147.242004,-0.659086,-0.65091,-0.657421
2025.08.06 18:00,0.006822,0.006834,0.00682,0.00683,147.235992,147.276001,146.972,147.067001,-0.659182,-0.64481,-0.654114
2025.08.06 19:00,0.00683,0.00683,0.006824,0.006824,147.067993,147.186996,147.061996,147.177994,-0.645375,-0.649109,-0.647111
2025.08.06 20:00,0.006825,0.006825,0.006803,0.006816,147.182007,147.634003,147.160004,147.352997,-0.62923,-0.639858,-0.639386
2025.08.06 22:00,0.006816,0.00682,0.006813,0.00682,147.328995,147.356995,147.194,147.222,-0.578776,-0.577181,-0.594429
2025.08.06 23:00,0.00682,0.006823,0.006818,0.00682,147.214005,147.253006,147.145004,147.188995,-0.593181,-0.58191,-0.572176
2025.08.07 00:00,0.006821,0.006822,0.006802,0.006803,147.195007,147.600006,147.167007,147.582993,-0.584425,-0.593169,-0.589017
2025.08.07 01:00,0.006803,0.006808,0.006798,0.006807,147.582001,147.686005,147.475998,147.492996,-0.583917,-0.579194,-0.585399
2025.08.07 02:00,0.006807,0.006809,0.006803,0.006804,147.490005,147.576996,147.440002,147.559998,-0.58302,-0.575557,-0.576827
2025.08.07 03:00,0.006804,0.006808,0.006797,0.006806,147.561005,147.710999,147.475998,147.509995,-0.587264,-0.579194,-0.580817
2025.08.07 04:00,0.006808,0.006818,0.006808,0.006816,147.509995,147.533997,147.264008,147.300003,-0.637192,-0.582675,-0.597147
2025.08.07 05:00,0.006816,0.00682,0.006814,0.006817,147.300003,147.345993,147.210007,147.278,-0.58932,-0.582436,-0.585906
2025.08.07 06:00,0.006818,0.006839,0.006816,0.006837,147.276993,147.304993,146.796005,146.854996,-0.591382,-0.586483,-0.592018
2025.08.07 07:00,0.006837,0.006845,0.006832,0.006839,146.850006,146.962997,146.688004,146.800003,-0.592971,-0.585295,-0.579799
2025.08.07 08:00,0.006839,0.00684,0.006821,0.006824,146.804001,147.182999,146.776993,147.128006,-0.57693,-0.578161,-0.575653
2025.08.07 09:00,0.006824,0.006824,0.006814,0.006814,147.130997,147.352997,147.110001,147.339996,-0.585551,-0.579118,-0.583323
2025.08.07 10:00,0.006814,0.006817,0.006811,0.006815,147.343994,147.403,147.278,147.326004,-0.58168,-0.585906,-0.59086
2025.08.07 11:00,0.006814,0.006818,0.006806,0.006816,147.324997,147.494003,147.253006,147.309006,-0.575612,-0.582433,-0.584629
2025.08.07 12:00,0.006816,0.006829,0.006812,0.006816,147.311996,147.391998,147.014008,147.281998,-0.581459,-0.579685,-0.579141
2025.08.07 13:00,0.006816,0.006824,0.006816,0.006817,147.285004,147.319,147.104996,147.270996,-0.594624,-0.574113,-0.578903
2025.08.07 14:00,0.006817,0.00682,0.006805,0.006808,147.268997,147.542999,147.192001,147.487,-0.592226,-0.575182,-0.590195
2025.08.07 15:00,0.006807,0.006814,0.006803,0.006813,147.492004,147.585007,147.320007,147.360992,-0.591031,-0.574095,-0.582773
2025.08.07 16:00,0.006814,0.006816,0.00681,0.006812,147.360992,147.436005,147.298996,147.358994,-0.59313,-0.585386,-0.569999
2025.08.07 17:00,0.006813,0.006814,0.006808,0.00681,147.358994,147.470001,147.356003,147.417999,-0.594768,-0.588557,-0.575125
2025.08.07 18:00,0.00681,0.006812,0.006803,0.006804,147.421005,147.567993,147.382004,147.561996,-0.574017,-0.582243,-0.58963
2025.08.07 19:00,0.006804,0.006832,0.006804,0.006826,147.559998,147.567001,146.942001,147.080002,-0.583831,-0.582689,-0.581317
2025.08.07 20:00,0.006826,0.006832,0.006823,0.006825,147.082001,147.156998,146.953995,147.095001,-0.593903,-0.583969,-0.574856
2025.08.07 22:00,0.006828,0.006837,0.006826,0.006831,147.024994,147.059998,146.807007,146.923996,-0.550588,-0.554717,-0.532547
2025.08.07 23:00,0.006832,0.006841,0.006832,0.006839,146.945007,146.957001,146.755005,146.804001,-0.576269,-0.566862,-0.583797
2025.08.08 00:00,0.006839,0.006842,0.00682,0.006822,146.800995,147.194,146.716003,147.147995,-0.566429,-0.559908,-0.563411
2025.08.08 01:00,0.006822,0.006824,0.006812,0.006816,147.143997,147.373993,147.128998,147.285995,-0.563453,-0.576645,-0.572385
2025.08.08 02:00,0.006816,0.006822,0.006815,0.00682,147.281998,147.313004,147.149994,147.195007,-0.57786,-0.554673,-0.567437
2025.08.08 03:00,0.00682,0.006821,0.006815,0.00682,147.197006,147.307999,147.162003,147.186996,-0.572855,-0.555933,-0.548682
2025.08.08 04:00,0.006822,0.006824,0.00682,0.006822,147.186005,147.210999,147.112,147.156998,-0.572685,-0.570378,-0.572414
2025.08.08 05:00,0.006822,0.006822,0.00681,0.00681,147.158997,147.421005,147.143997,147.412003,-0.567346,-0.570159,-0.569128
2025.08.08 06:00,0.00681,0.006818,0.006808,0.006814,147.406998,147.451004,147.244003,147.326996,-0.564991,-0.57343,-0.570323
2025.08.08 07:00,0.006814,0.006822,0.006811,0.006814,147.322998,147.395004,147.132004,147.324005,-0.573685,-0.558165,-0.567332
2025.08.08 08:00,0.006814,0.006822,0.006797,0.006799,147.322006,147.697006,147.156006,147.645996,-0.573272,-0.571422,-0.56554
2025.08.08 09:00,0.006799,0.006804,0.006796,0.006797,147.647003,147.725998,147.539993,147.703995,-0.58062,-0.567627,-0.569444
2025.08.08 10:00,0.006796,0.006799,0.006791,0.006792,147.705994,147.837006,147.638,147.798004,-0.572448,-0.557544,-0.565967
2025.08.08 11:00,0.006791,0.006796,0.00679,0.006791,147.802002,147.850006,147.707001,147.813995,-0.574601,-0.561622,-0.571116
2025.08.08 12:00,0.006791,0.0068,0.006788,0.00679,147.809998,147.891998,147.632996,147.845001,-0.5732,-0.574174,-0.569597
2025.08.08 13:00,0.00679,0.006799,0.006787,0.006789,147.837997,147.901993,147.639999,147.878998,-0.57234,-0.570361,-0.571053
2025.08.08 14:00,0.006788,0.006797,0.006787,0.006791,147.878006,147.904007,147.688004,147.813004,-0.574354,-0.575093,-0.570124
2025.08.08 15:00,0.006791,0.0068,0.006791,0.006797,147.815994,147.832993,147.630005,147.705002,-0.568435,-0.571183,-0.570451
2025.08.08 16:00,0.006797,0.006798,0.006791,0.006795,147.707001,147.835999,147.673996,147.733994,-0.571441,-0.571909,-0.556133
2025.08.08 17:00,0.006795,0.006799,0.006794,0.006795,147.733994,147.751007,147.654007,147.740005,-0.562312,-0.562741,-0.572967
2025.08.08 18:00,0.006795,0.0068,0.006793,0.006799,147.746994,147.776993,147.626999,147.664993,-0.577462,-0.568177,-0.573727
2025.08.08 19:00,0.006799,0.006799,0.006791,0.006795,147.662003,147.819,147.641998,147.753006,-0.576121,-0.561542,-0.575145
2025.08.08 20:00,0.006794,0.006798,0.006792,0.006798,147.753998,147.804993,147.651001,147.716003,-0.572956,-0.548914,-0.613916
2025.08.10 23:00,0.006796,0.006801,0.006793,0.006799,147.725998,147.770996,147.619995,147.651993,-0.571465,-0.571988,-0.571537
2025.08.11 00:00,0.006799,0.006804,0.006795,0.006799,147.649002,147.740005,147.567993,147.662003,-0.562145,-0.584823,-0.570737
2025.08.11 01:00,0.006799,0.006802,0.006797,0.006801,147.658997,147.716003,147.585999,147.615005,-0.581453,-0.570417,-0.577802
2025.08.11 02:00,0.006801,0.006805,0.006801,0.006804,147.612,147.617996,147.516998,147.554993,-0.580793,-0.566225,-0.571822
2025.08.11 03:00,0.006804,0.006809,0.006801,0.006807,147.556,147.602005,147.427002,147.475006,-0.575613,-0.562556,-0.567409
2025.08.11 04:00,0.006808,0.00681,0.006806,0.006807,147.475998,147.494995,147.421997,147.481995,-0.565818,-0.568338,-0.574398
2025.08.11 05:00,0.006806,0.006808,0.006805,0.006805,147.481003,147.533005,147.468002,147.522003,-0.582231,-0.571198,-0.571229
2025.08.11 06:00,0.006805,0.006808,0.006801,0.006801,147.516006,147.608994,147.468994,147.591995,-0.57179,-0.57219,-0.565604
2025.08.11 07:00,0.006802,0.006812,0.006799,0.006812,147.591995,147.662003,147.350006,147.389008,-0.581546,-0.561012,-0.578468
2025.08.11 08:00,0.006811,0.006814,0.006804,0.006806,147.386993,147.548996,147.347,147.505997,-0.576629,-0.579555,-0.566022
2025.08.11 09:00,0.006806,0.006807,0.006797,0.006797,147.501999,147.707001,147.481995,147.684006,-0.57245,-0.574398,-0.571096
2025.08.11 10:00,0.006797,0.006799,0.006795,0.006795,147.684998,147.744003,147.660995,147.735001,-0.566142,-0.56973,-0.567962
2025.08.11 11:00,0.006795,0.006796,0.006785,0.006789,147.735992,147.947006,147.716003,147.860992,-0.573928,-0.570625,-0.563889
2025.08.11 12:00,0.006789,0.006791,0.006785,0.006791,147.865997,147.949997,147.804001,147.806,-0.576919,-0.561122,-0.563121
2025.08.11 13:00,0.006792,0.006793,0.006785,0.006788,147.804001,147.944,147.781998,147.886993,-0.570922,-0.57163,-0.568196
2025.08.11 14:00,0.006788,0.006789,0.006779,0.006781,147.886002,148.072998,147.869003,148.046997,-0.569491,-0.561059,-0.576126
2025.08.11 15:00,0.006781,0.006785,0.006778,0.006783,148.048004,148.113007,147.940002,147.996994,-0.576859,-0.566925,-0.558735
2025.08.11 16:00,0.006783,0.006787,0.006781,0.006783,147.994995,148.029999,147.908005,147.988998,-0.569994,-0.567506,-0.561611
2025.08.11 17:00,0.006784,0.006785,0.00678,0.006783,147.988007,148.067993,147.966995,147.992996,-0.575366,-0.5722,-0.576468
2025.08.11 18:00,0.006783,0.006783,0.006775,0.006777,147.994003,148.166,147.975998,148.136002,-0.564527,-0.559469,-0.578088
2025.08.11 19:00,0.006777,0.006778,0.006772,0.006772,148.130005,148.240005,148.115997,148.229004,-0.573139,-0.579849,-0.573042
2025.08.11 20:00,0.006773,0.006779,0.006772,0.006777,148.227005,148.251999,148.089996,148.139008,-0.574237,-0.564734,-0.570204
2025.08.11 22:00,0.006779,0.006779,0.006771,0.006773,148.098999,148.233994,148.084,148.190002,-0.545323,-0.558737,-0.555835
2025.08.11 23:00,0.006773,0.006777,0.006772,0.006775,148.190002,148.220993,148.113998,148.151993,-0.554127,-0.545195,-0.561404
2025.08.12 00:00,0.006775,0.006777,0.006762,0.006764,148.145996,148.432999,148.128006,148.404999,-0.55869,-0.559203,-0.552559
2025.08.12 01:00,0.006764,0.006772,0.006764,0.006768,148.406006,148.406006,148.203995,148.300003,-0.553566,-0.548033,-0.55678
2025.08.12 02:00,0.006768,0.00677,0.006766,0.006769,148.300995,148.343002,148.253998,148.296005,-0.55611,-0.554418,-0.563698
2025.08.12 03:00,0.006769,0.00677,0.006762,0.006763,148.294998,148.444,148.264008,148.410004,-0.558755,-0.542615,-0.54663
2025.08.12 04:00,0.006764,0.006766,0.006762,0.006766,148.410995,148.445007,148.341003,148.352997,-0.548834,-0.554111,-0.566104
2025.08.12 05:00,0.006766,0.006772,0.006764,0.006766,148.348999,148.401993,148.231995,148.339005,-0.560475,-0.554232,-0.552112
2025.08.12 06:00,0.006766,0.006776,0.006764,0.00677,148.335999,148.403,148.145996,148.266006,-0.55056,-0.566301,-0.555516
2025.08.12 07:00,0.00677,0.006773,0.006766,0.00677,148.272995,148.367996,148.201996,148.264008,-0.559265,-0.556937,-0.564428
2025.08.12 08:00,0.00677,0.00677,0.00676,0.006763,148.259995,148.466003,148.255997,148.423004,-0.547948,-0.545506,-0.559631
2025.08.12 09:00,0.006763,0.006766,0.00676,0.006761,148.423004,148.485001,148.347,148.468002,-0.566945,-0.549184,-0.560889
2025.08.12 10:00,0.00676,0.006765,0.00676,0.006761,148.468002,148.481003,148.363998,148.464996,-0.552004,-0.54434,-0.557883
2025.08.12 11:00,0.006761,0.006762,0.00676,0.006762,148.462997,148.494003,148.438004,148.442993,-0.55407,-0.552758,-0.557748
2025.08.12 12:00,0.006762,0.006789,0.006758,0.006781,148.438004,148.518997,147.841003,148.039001,-0.557169,-0.5439,-0.568131
2025.08.12 13:00,0.00678,0.006787,0.006762,0.006773,148.033005,148.447006,147.904007,148.205002,-0.561761,-0.574354,-0.559943
2025.08.12 14:00,0.006773,0.006779,0.006764,0.006775,148.205002,148.401001,148.070007,148.156998,-0.559483,-0.555628,-0.555525
2025.08.12 15:00,0.006775,0.006802,0.006775,0.006791,148.158997,148.177002,147.574005,147.804993,-0.564632,-0.558424,-0.55127
2025.08.12 16:00,0.006791,0.006798,0.006789,0.006795,147.806,147.862,147.654999,147.712997,-0.564896,-0.552912,-0.55679
2025.08.12 17:00,0.006795,0.006797,0.006791,0.006793,147.710999,147.794006,147.684998,147.759995,-0.551127,-0.561263,-0.549627
2025.08.12 18:00,0.006793,0.006797,0.006791,0.006795,147.764008,147.804993,147.690002,147.737,-0.562114,-0.555452,-0.559139
2025.08.12 19:00,0.006794,0.006797,0.006793,0.006793,147.738007,147.787003,147.694,147.755997,-0.565806,-0.55945,-0.556466
2025.08.12 20:00,0.006793,0.006794,0.006788,0.006789,147.757004,147.876007,147.740997,147.835007,-0.557209,-0.552302,-0.537904
2025.08.12 22:00,0.006789,0.006792,0.006788,0.006791,147.820007,147.843994,147.755005,147.783997,-0.525196,-0.522968,-0.530274
2025.08.12 23:00,0.006791,0.006794,0.006789,0.006792,147.792999,147.820007,147.729996,147.770004,-0.533754,-0.541301,-0.537967
2025.08.13 00:00,0.006793,0.006795,0.006787,0.006791,147.768997,147.893997,147.697998,147.804993,-0.553498,-0.54179,-0.55127
2025.08.13 01:00,0.006791,0.006794,0.006777,0.006779,147.800995,148.087006,147.727997,148.056,-0.539971,-0.539302,-0.530737
2025.08.13 02:00,0.006779,0.00678,0.006773,0.006779,148.054993,148.169006,148.022003,148.044006,-0.534839,-0.529376,-0.540499
2025.08.13 03:00,0.006779,0.006783,0.006777,0.006781,148.046005,148.108002,147.955994,147.996002,-0.539198,-0.528606,-0.525132
2025.08.13 04:00,0.006779,0.006785,0.006777,0.006785,147.998001,148.100998,147.927002,147.931,-0.543085,-0.532207,-0.536205
2025.08.13 05:00,0.006785,0.006786,0.006781,0.006785,147.929993,148.009003,147.891006,147.929993,-0.538132,-0.52879,-0.535198
2025.08.13 06:00,0.006785,0.006795,0.006783,0.006791,147.929001,147.947998,147.716003,147.781006,-0.531469,-0.538143,-0.538127
2025.08.13 07:00,0.006791,0.00681,0.006791,0.006804,147.783005,147.794998,147.397995,147.524002,-0.541275,-0.544336,-0.540832
2025.08.13 08:00,0.006803,0.006818,0.006803,0.006816,147.526993,147.535004,147.195999,147.268005,-0.541028,-0.536174,-0.543629
2025.08.13 09:00,0.006816,0.00682,0.006815,0.006818,147.264008,147.270004,147.173996,147.212006,-0.534861,-0.535682,-0.552181
2025.08.13 10:00,0.006818,0.006818,0.006808,0.006808,147.214005,147.417999,147.188004,147.408997,-0.542766,-0.528178,-0.533763
2025.08.13 11:00,0.006809,0.006814,0.006801,0.006814,147.408005,147.565994,147.268997,147.278,-0.539603,-0.523085,-0.532087
2025.08.13 12:00,0.006814,0.00682,0.006805,0.006809,147.279007,147.490997,147.151993,147.410004,-0.540224,-0.535174,-0.545558
2025.08.13 13:00,0.006808,0.006819,0.006808,0.006818,147.408997,147.434006,147.188004,147.203003,-0.537201,-0.538935,-0.543178
2025.08.13 14:00,0.006818,0.006824,0.006816,0.00682,147.197006,147.25,147.098999,147.145004,-0.547144,-0.546646,-0.528185
2025.08.13 15:00,0.006821,0.006824,0.006814,0.006816,147.143997,147.311996,147.087006,147.248993,-0.544551,-0.545384,-0.546137
2025.08.13 16:00,0.006816,0.006818,0.006811,0.006812,147.246002,147.350998,147.210007,147.341003,-0.529678,-0.528674,-0.541242
2025.08.13 17:00,0.006812,0.006813,0.006808,0.00681,147.345001,147.423996,147.313995,147.388,-0.537983,-0.535776,-0.545126
2025.08.13 18:00,0.00681,0.00681,0.006804,0.006808,147.386002,147.513,147.384003,147.431,-0.540634,-0.530343,-0.534195
2025.08.13 19:00,0.006808,0.00681,0.006806,0.006807,147.434006,147.475006,147.380005,147.442001,-0.535031,-0.526346,-0.534404
2025.08.13 20:00,0.006807,0.006813,0.006806,0.00681,147.445007,147.457001,147.315994,147.354996,-0.538609,-0.537775,-0.501336
2025.08.13 22:00,0.00681,0.006814,0.006808,0.006814,147.274002,147.362,147.242996,147.259003,-0.486766,-0.475551,-0.491557
2025.08.13 23:00,0.006814,0.00682,0.006814,0.00682,147.255997,147.259003,147.108002,147.123001,-0.491557,-0.480431,-0.484687
2025.08.14 00:00,0.00682,0.006843,0.00682,0.00684,147.121994,147.123001,146.615997,146.688004,-0.484687,-0.491935,-0.489172
2025.08.14 01:00,0.006839,0.006855,0.006839,0.006849,146.688004,146.692993,146.369003,146.494995,-0.483471,-0.479445,-0.488284
2025.08.14 02:00,0.006849,0.006849,0.006838,0.006839,146.492996,146.735001,146.492996,146.699997,-0.493408,-0.486285,-0.490475
2025.08.14 03:00,0.006839,0.006847,0.006837,0.006846,146.695999,146.751007,146.537003,146.544006,-0.488029,-0.476974,-0.473308
2025.08.14 04:00,0.006847,0.006857,0.006847,0.006854,146.542007,146.565994,146.332001,146.382996,-0.505966,-0.484998,-0.482792
2025.08.14 05:00,0.006854,0.006854,0.006845,0.006851,146.384003,146.570007,146.380005,146.468002,-0.488637,-0.479801,-0.493259
2025.08.14 06:00,0.006851,0.006862,0.006847,0.006849,146.466995,146.526993,146.210007,146.483994,-0.477633,-0.479901,-0.487933
2025.08.14 07:00,0.006849,0.006857,0.006845,0.006846,146.481003,146.584,146.307999,146.548004,-0.481291,-0.482259,-0.477305
2025.08.14 08:00,0.006846,0.006853,0.006843,0.006847,146.546997,146.632996,146.419998,146.552002,-0.487582,-0.48786,-0.502642
2025.08.14 09:00,0.006847,0.006851,0.006841,0.006843,146.550995,146.653,146.432999,146.630997,-0.48622,-0.479556,-0.496264
2025.08.14 10:00,0.006843,0.006851,0.006841,0.006847,146.630005,146.669998,146.429001,146.526001,-0.481855,-0.475558,-0.487298
2025.08.14 11:00,0.006847,0.006852,0.006843,0.006849,146.524002,146.628998,146.431,146.492996,-0.483584,-0.48821,-0.475622
2025.08.14 12:00,0.006849,0.006852,0.00682,0.006828,146.492004,147.106003,146.421997,146.949997,-0.489184,-0.479207,-0.483505
2025.08.14 13:00,0.006828,0.006828,0.006806,0.006806,146.953995,147.417999,146.945007,147.414993,-0.488822,-0.489233,-0.485816
2025.08.14 14:00,0.006806,0.006808,0.006799,0.006803,147.410995,147.557999,147.360992,147.481995,-0.477542,-0.485759,-0.488019
2025.08.14 15:00,0.006803,0.006804,0.006788,0.006793,147.481995,147.804001,147.470001,147.690994,-0.485203,-0.486831,-0.491464
2025.08.14 16:00,0.006793,0.006793,0.006784,0.006785,147.692001,147.891998,147.684006,147.845001,-0.486337,-0.484475,-0.471923
2025.08.14 17:00,0.006787,0.006791,0.006783,0.006785,147.847,147.908005,147.746994,147.865997,-0.480617,-0.482436,-0.482067
2025.08.14 18:00,0.006785,0.006786,0.006781,0.006785,147.863998,147.962006,147.848007,147.876999,-0.480258,-0.485791,-0.493068
2025.08.14 19:00,0.006785,0.00679,0.006785,0.006789,147.871994,147.880005,147.761993,147.774002,-0.48521,-0.486589,-0.487749
2025.08.14 20:00,0.006789,0.006791,0.006789,0.006789,147.774994,147.783997,147.718002,147.753006,-0.486893,-0.475123,-0.455903
2025.08.14 22:00,0.006788,0.006791,0.006787,0.006789,147.768005,147.809006,147.733994,147.785995,-0.468507,-0.469436,-0.478051
2025.08.14 23:00,0.006789,0.006794,0.006784,0.006793,147.776001,147.867996,147.656998,147.679001,-0.462335,-0.468303,-0.468633
2025.08.15 00:00,0.006793,0.006803,0.006791,0.006802,147.682007,147.727005,147.462006,147.483002,-0.462447,-0.457233,-0.46742
2025.08.15 01:00,0.006803,0.006816,0.006801,0.006812,147.475998,147.514999,147.197998,147.285004,-0.466993,-0.473622,-0.474464
2025.08.15 02:00,0.006811,0.006812,0.006806,0.006812,147.281998,147.393997,147.248001,147.283997,-0.475606,-0.459007,-0.473457
2025.08.15 03:00,0.006812,0.006816,0.00681,0.006814,147.283997,147.296997,147.173996,147.227005,-0.464896,-0.47114,-0.470332
2025.08.15 04:00,0.006816,0.006819,0.006816,0.006818,147.225998,147.233002,147.110001,147.134003,-0.508625,-0.460932,-0.474178
2025.08.15 05:00,0.006818,0.006822,0.006816,0.006818,147.139008,147.173004,147.042007,147.151993,-0.470148,-0.457424,-0.47066
2025.08.15 06:00,0.006818,0.006822,0.006814,0.00682,147.145996,147.223007,147.044998,147.095001,-0.477095,-0.47116,-0.46743
2025.08.15 07:00,0.00682,0.006826,0.006814,0.006824,147.093994,147.223007,146.975998,147.005005,-0.477095,-0.477313,-0.474122
2025.08.15 08:00,0.006824,0.006832,0.006824,0.006832,147.003006,147.014008,146.848007,146.852005,-0.472386,-0.467275,-0.471273
2025.08.15 09:00,0.006832,0.006836,0.006829,0.00683,146.854996,146.912003,146.753998,146.891998,-0.47768,-0.469619,-0.468399
2025.08.15 10:00,0.00683,0.006834,0.006826,0.006827,146.889008,146.970001,146.798004,146.951996,-0.482049,-0.470814,-0.474774
2025.08.15 11:00,0.006827,0.006829,0.006822,0.006825,146.949005,147.054001,146.901993,146.979996,-0.480162,-0.46767,-0.45985
2025.08.15 12:00,0.006825,0.006837,0.006812,0.00683,146.983002,147.279999,146.733994,146.889999,-0.480238,-0.471016,-0.477112
2025.08.15 13:00,0.00683,0.006835,0.00682,0.006826,146.882004,147.098999,146.764008,146.960999,-0.471428,-0.458231,-0.451589
2025.08.15 14:00,0.006826,0.006834,0.006822,0.006832,146.960007,147.048996,146.796005,146.850006,-0.475158,-0.468815,-0.469274
2025.08.15 15:00,0.006831,0.006834,0.006822,0.006824,146.850998,147.046005,146.809998,147.005997,-0.472167,-0.472108,-0.475114
2025.08.15 16:00,0.006824,0.006824,0.006812,0.006816,147.0,147.264008,146.998993,147.201004,-0.464246,-0.46811,-0.476628
2025.08.15 17:00,0.006816,0.006816,0.006809,0.006814,147.195999,147.332001,147.195007,147.238007,-0.467555,-0.470631,-0.481333
2025.08.15 18:00,0.006814,0.006816,0.00681,0.006814,147.233002,147.309006,147.197998,147.210999,-0.466131,-0.473622,-0.465086
2025.08.15 19:00,0.006814,0.006816,0.006813,0.006814,147.210999,147.253006,147.188004,147.238998,-0.474787,-0.463627,-0.471553
2025.08.15 20:00,0.006814,0.006818,0.006812,0.006815,147.235001,147.255997,147.138,147.177002,-0.467002,-0.467427,-0.441858
2025.08.17 23:00,0.006816,0.006816,0.006806,0.006813,147.169998,147.384995,147.160995,147.233002,-0.455817,-0.447385,-0.454783
2025.08.18 00:00,0.006812,0.006813,0.006803,0.006804,147.225998,147.462997,147.220993,147.421005,-0.458225,-0.442774,-0.448639
2025.08.18 01:00,0.006804,0.006808,0.006797,0.006808,147.421005,147.584,147.328003,147.330002,-0.449449,-0.452769,-0.443989
2025.08.18 02:00,0.006808,0.00681,0.006799,0.006802,147.328003,147.524994,147.294006,147.460999,-0.455356,-0.451132,-0.445417
2025.08.18 03:00,0.006802,0.006808,0.006801,0.006806,147.451996,147.483994,147.330002,147.382996,-0.457602,-0.454768,-0.453818
2025.08.18 04:00,0.006806,0.006808,0.006801,0.006806,147.380005,147.507004,147.348007,147.373001,-0.458997,-0.451203,-0.443824
2025.08.18 05:00,0.006806,0.006808,0.006803,0.006806,147.373001,147.455002,147.330002,147.380005,-0.450229,-0.443989,-0.450828
2025.08.18 06:00,0.006806,0.006809,0.006801,0.006806,147.378998,147.498993,147.315002,147.378006,-0.46179,-0.450557,-0.448829
2025.08.18 07:00,0.006806,0.006818,0.006802,0.006803,147.369995,147.470001,147.113007,147.447998,-0.45442,-0.442434,-0.443225
2025.08.18 08:00,0.006803,0.006812,0.006799,0.006808,147.447998,147.520996,147.246002,147.335999,-0.451358,-0.446241,-0.449985
2025.08.18 09:00,0.006808,0.00681,0.006802,0.006804,147.335999,147.473007,147.272995,147.408005,-0.457426,-0.440894,-0.44643
2025.08.18 10:00,0.006805,0.006807,0.006802,0.006804,147.410995,147.468994,147.358002,147.421005,-0.453413,-0.450405,-0.448639
2025.08.18 11:00,0.006804,0.006806,0.006797,0.006798,147.419998,147.574005,147.358994,147.548004,-0.45027,-0.440602,-0.445917
2025.08.18 12:00,0.006799,0.0068,0.006787,0.00679,147.546997,147.794006,147.511993,147.727997,-0.453507,-0.453172,-0.452592
2025.08.18 13:00,0.00679,0.006791,0.006781,0.006786,147.727997,147.919998,147.707993,147.820007,-0.449128,-0.45427,-0.457791
2025.08.18 14:00,0.006785,0.006791,0.006778,0.00678,147.809998,147.979996,147.682007,147.936005,-0.443848,-0.439128,-0.443378
2025.08.18 15:00,0.006781,0.00679,0.006779,0.006789,147.936005,147.985001,147.729996,147.753998,-0.459738,-0.454591,-0.456895
2025.08.18 16:00,0.006789,0.006793,0.006787,0.006787,147.753998,147.807007,147.673996,147.789993,-0.45565,-0.452799,-0.449494
2025.08.18 17:00,0.006787,0.006793,0.006785,0.006787,147.789993,147.824997,147.654007,147.796997,-0.451919,-0.454476,-0.44564
2025.08.18 18:00,0.006787,0.006789,0.006784,0.006784,147.796997,147.863998,147.735001,147.858994,-0.458337,-0.437897,-0.453332
2025.08.18 19:00,0.006784,0.006785,0.006783,0.006785,147.856995,147.886002,147.819,147.819,-0.447743,-0.445922,-0.43507
2025.08.18 20:00,0.006786,0.006787,0.006781,0.006783,147.819,147.925003,147.800995,147.869003,-0.454132,-0.449638,-0.430745
2025.08.18 22:00,0.006784,0.006787,0.006782,0.006783,147.798004,147.884995,147.751999,147.854004,-0.435863,-0.4115,-0.415745
2025.08.18 23:00,0.006783,0.006783,0.006777,0.006781,147.871002,147.981003,147.871002,147.916,-0.433968,-0.443614,-0.434252
2025.08.19 00:00,0.00678,0.006787,0.006778,0.006787,147.916,147.981995,147.766998,147.776001,-0.445847,-0.437346,-0.435502
2025.08.19 01:00,0.006787,0.006794,0.006772,0.006789,147.770996,148.113007,147.615005,147.746002,-0.44614,-0.426311,-0.438058
2025.08.19 02:00,0.006789,0.006793,0.006785,0.006785,147.740005,147.826996,147.656006,147.802994,-0.443065,-0.434809,-0.429916
2025.08.19 03:00,0.006786,0.006789,0.006783,0.006785,147.809998,147.878006,147.718002,147.824005,-0.439747,-0.420899,-0.440075
2025.08.19 04:00,0.006785,0.006789,0.006783,0.006788,147.830002,147.875,147.735992,147.753998,-0.458471,-0.428048,-0.4352
2025.08.19 05:00,0.006788,0.006795,0.006787,0.006793,147.759995,147.778,147.608002,147.639008,-0.448347,-0.440963,-0.42864
2025.08.19 06:00,0.006793,0.006797,0.006791,0.006795,147.641998,147.707001,147.565994,147.595001,-0.442443,-0.44226,-0.427963
2025.08.19 07:00,0.006795,0.006798,0.00679,0.006791,147.598007,147.710007,147.526993,147.699005,-0.434602,-0.424906,-0.445282
2025.08.19 08:00,0.006791,0.006795,0.006789,0.006792,147.703995,147.75,147.617004,147.664001,-0.442055,-0.439144,-0.431964
2025.08.19 09:00,0.006793,0.006794,0.006785,0.006788,147.658997,147.813004,147.617004,147.764008,-0.439926,-0.428309,-0.44521
2025.08.19 10:00,0.006788,0.006795,0.006788,0.00679,147.764008,147.770004,147.595993,147.712997,-0.451206,-0.439785,-0.437593
2025.08.19 11:00,0.00679,0.006793,0.006785,0.00679,147.705002,147.820007,147.641998,147.705994,-0.436077,-0.43163,-0.430589
2025.08.19 12:00,0.006791,0.006791,0.006783,0.006787,147.705994,147.852997,147.688995,147.776001,-0.436468,-0.424437,-0.435502
2025.08.19 13:00,0.006787,0.006794,0.006781,0.006793,147.776001,147.903,147.630997,147.647003,-0.442995,-0.442302,-0.436635
2025.08.19 14:00,0.006793,0.006797,0.006786,0.006789,147.647003,147.807007,147.546997,147.725998,-0.44479,-0.434087,-0.439745
2025.08.19 15:00,0.006789,0.006794,0.006787,0.006789,147.731995,147.791,147.623993,147.725998,-0.439643,-0.435298,-0.439745
2025.08.19 16:00,0.00679,0.006797,0.00679,0.006794,147.725998,147.725998,147.548996,147.619003,-0.450593,-0.425261,-0.430308
2025.08.19 17:00,0.006794,0.006803,0.006793,0.006801,147.619003,147.647003,147.438995,147.472,-0.447473,-0.434223,-0.445609
2025.08.19 18:00,0.006801,0.006803,0.006797,0.006799,147.468994,147.578003,147.445999,147.507004,-0.443452,-0.441226,-0.426548
2025.08.19 19:00,0.006799,0.006802,0.006796,0.006797,147.507004,147.587006,147.453995,147.578003,-0.441627,-0.438413,-0.443452
2025.08.19 20:00,0.006796,0.006796,0.006791,0.006792,147.578003,147.697998,147.578003,147.654999,-0.444275,-0.432625,-0.422962
2025.08.19 22:00,0.006795,0.006795,0.006792,0.006795,147.563004,147.647003,147.546005,147.595993,-0.414966,-0.389798,-0.418132
2025.08.19 23:00,0.006795,0.006795,0.006787,0.006788,147.593994,147.755997,147.589005,147.738998,-0.426344,-0.421966,-0.420201
2025.08.20 00:00,0.006788,0.006799,0.006785,0.006796,147.733002,147.817001,147.498993,147.567993,-0.422206,-0.418537,-0.422615
2025.08.20 01:00,0.006797,0.006803,0.006791,0.006799,147.567993,147.666,147.416,147.496994,-0.423121,-0.411228,-0.427356
2025.08.20 02:00,0.006799,0.006801,0.006793,0.006795,147.492004,147.621994,147.464996,147.578995,-0.422463,-0.41699,-0.422787
2025.08.20 03:00,0.006795,0.006801,0.006795,0.006799,147.572998,147.591003,147.449005,147.526001,-0.423965,-0.422614,-0.434735
2025.08.20 04:00,0.006799,0.006801,0.006795,0.006795,147.522003,147.608002,147.449997,147.574997,-0.430141,-0.412794,-0.418789
2025.08.20 05:00,0.006796,0.006804,0.006796,0.006801,147.574997,147.580994,147.399002,147.455002,-0.435615,-0.426635,-0.417798
2025.08.20 06:00,0.006801,0.006816,0.006801,0.006805,147.455994,147.475998,147.132004,147.371994,-0.427991,-0.418393,-0.42122
2025.08.20 07:00,0.006804,0.006807,0.006791,0.006793,147.378006,147.695999,147.324005,147.621002,-0.431441,-0.416408,-0.410634
2025.08.20 08:00,0.006793,0.006798,0.006793,0.006795,147.621994,147.647003,147.518005,147.582001,-0.425807,-0.415918,-0.425793
2025.08.20 09:00,0.006795,0.006803,0.006795,0.006801,147.580002,147.591003,147.417007,147.473007,-0.423965,-0.412235,-0.425001
2025.08.20 10:00,0.0068,0.006806,0.006799,0.006801,147.473007,147.494003,147.363007,147.451004,-0.424365,-0.423032,-0.424612
2025.08.20 11:00,0.006801,0.006803,0.006797,0.006797,147.445999,147.546997,147.412003,147.533005,-0.423262,-0.418027,-0.420095
2025.08.20 12:00,0.006798,0.006812,0.006797,0.00681,147.533005,147.539001,147.235001,147.270004,-0.426091,-0.424461,-0.42713
2025.08.20 13:00,0.00681,0.006819,0.006802,0.006816,147.270004,147.440002,147.078003,147.145004,-0.424421,-0.428934,-0.420628
2025.08.20 14:00,0.006816,0.006828,0.006811,0.006822,147.151993,147.255005,146.865997,146.994995,-0.433685,-0.42095,-0.421157
2025.08.20 15:00,0.006822,0.006825,0.006813,0.006814,146.990005,147.210999,146.944,147.190002,-0.432779,-0.423855,-0.422557
2025.08.20 16:00,0.006814,0.006818,0.006812,0.006817,147.190002,147.231003,147.091995,147.110992,-0.420463,-0.410663,-0.418899
2025.08.20 17:00,0.006817,0.006822,0.006816,0.006822,147.113007,147.141006,147.007004,147.022995,-0.427396,-0.42242,-0.427674
2025.08.20 18:00,0.006822,0.006822,0.006809,0.00681,147.020004,147.287003,146.992996,147.268997,-0.422557,-0.408412,-0.415338
2025.08.20 19:00,0.00681,0.006811,0.006806,0.006806,147.266006,147.356995,147.231995,147.341995,-0.41702,-0.410675,-0.423604
2025.08.20 20:00,0.006806,0.006808,0.0068,0.006807,147.332993,147.492996,147.281006,147.309006,-0.434175,-0.405772,-0.401409
2025.08.20 22:00,0.006807,0.006808,0.006804,0.006804,147.296005,147.369995,147.248001,147.339005,-0.386825,-0.361988,-0.366638
2025.08.20 23:00,0.006804,0.006806,0.006801,0.006806,147.339005,147.412994,147.292007,147.296997,-0.364988,-0.36283,-0.36782
2025.08.21 00:00,0.006806,0.006808,0.006799,0.006802,147.298004,147.462006,147.248993,147.382996,-0.37074,-0.373759,-0.367414
2025.08.21 01:00,0.006803,0.006806,0.006797,0.0068,147.380997,147.507004,147.307007,147.421005,-0.372453,-0.367032,-0.362184
2025.08.21 02:00,0.006801,0.006808,0.006799,0.006804,147.423996,147.453995,147.25,147.337006,-0.373538,-0.374766,-0.375431
2025.08.21 03:00,0.006804,0.006806,0.006799,0.006801,147.337006,147.447006,147.283005,147.419006,-0.377368,-0.364613,-0.381803
2025.08.21 04:00,0.006801,0.006804,0.006801,0.006802,147.414001,147.429993,147.341003,147.380997,-0.381986,-0.368637,-0.365415
2025.08.21 05:00,0.006803,0.006803,0.006797,0.006801,147.382004,147.5,147.363998,147.421997,-0.376265,-0.370023,-0.37399
2025.08.21 06:00,0.0068,0.006804,0.006793,0.006794,147.423004,147.578995,147.332993,147.559006,-0.368627,-0.371418,-0.370311
2025.08.21 07:00,0.006793,0.006797,0.00679,0.006793,147.559006,147.639008,147.505997,147.589996,-0.363603,-0.371446,-0.3688
2025.08.21 08:00,0.006793,0.006794,0.006791,0.006793,147.589996,147.626007,147.550995,147.582001,-0.372284,-0.3623,-0.371633
2025.08.21 09:00,0.006793,0.006797,0.006787,0.006789,147.585007,147.697006,147.473999,147.664993,-0.367353,-0.361089,-0.36789
2025.08.21 10:00,0.006789,0.006789,0.006779,0.006781,147.669998,147.891006,147.656006,147.848007,-0.365744,-0.369753,-0.366259
2025.08.21 11:00,0.006781,0.006782,0.006777,0.006777,147.835999,147.932999,147.815994,147.923996,-0.375085,-0.366863,-0.376961
2025.08.21 12:00,0.006777,0.006793,0.006777,0.006785,147.919006,147.929993,147.574997,147.75,-0.372079,-0.364629,-0.366069
2025.08.21 13:00,0.006785,0.006793,0.006777,0.006783,147.748993,147.940994,147.578003,147.789001,-0.372191,-0.367635,-0.361614
2025.08.21 14:00,0.006783,0.006783,0.006766,0.006767,147.794006,148.169998,147.789001,148.151993,-0.372182,-0.372473,-0.376023
2025.08.21 15:00,0.006766,0.00677,0.006756,0.006757,148.156006,148.403,148.072998,148.352997,-0.375469,-0.362508,-0.358325
2025.08.21 16:00,0.006758,0.006762,0.006756,0.00676,148.352005,148.395004,148.272003,148.281998,-0.378431,-0.375829,-0.363942
2025.08.21 17:00,0.006761,0.006766,0.00676,0.006762,148.281998,148.306,148.164993,148.272003,-0.377001,-0.378101,-0.375829
2025.08.21 18:00,0.006762,0.006764,0.006758,0.006758,148.266006,148.348007,148.227005,148.341003,-0.375229,-0.374565,-0.379175
2025.08.21 19:00,0.006758,0.006759,0.006756,0.006756,148.347,148.406998,148.339005,148.371002,-0.379467,-0.388124,-0.365375
2025.08.21 20:00,0.006756,0.00676,0.006756,0.006757,148.371002,148.384995,148.315002,148.352005,-0.379368,-0.375069,-0.357333
2025.08.21 22:00,0.006758,0.006759,0.006756,0.006758,148.341995,148.378006,148.311996,148.328003,-0.350475,-0.361116,-0.344284
2025.08.21 23:00,0.006758,0.00676,0.006752,0.006756,148.328003,148.453995,148.287994,148.386002,-0.349734,-0.358996,-0.358471
2025.08.22 00:00,0.006755,0.00676,0.00675,0.006751,148.378998,148.505997,148.274994,148.468994,-0.368818,-0.345995,-0.34279
2025.08.22 01:00,0.006752,0.006754,0.006742,0.006748,148.470001,148.684998,148.404999,148.544006,-0.361061,-0.355547,-0.351953
2025.08.22 02:00,0.006748,0.006752,0.006748,0.006751,148.544006,148.559998,148.451004,148.488007,-0.35696,-0.346743,-0.361802
2025.08.22 03:00,0.006751,0.006752,0.006741,0.006741,148.483994,148.716995,148.477997,148.669998,-0.360053,-0.362765,-0.335058
2025.08.22 04:00,0.006741,0.006742,0.006738,0.006739,148.666,148.763,148.639008,148.744995,-0.351011,-0.326062,-0.355023
2025.08.22 05:00,0.006739,0.006746,0.006737,0.006742,148.738998,148.778,148.593994,148.656998,-0.354994,-0.347015,-0.344052
2025.08.22 06:00,0.006742,0.006754,0.006741,0.00675,148.658997,148.707993,148.416,148.511993,-0.362047,-0.355596,-0.352872
2025.08.22 07:00,0.00675,0.006754,0.006745,0.006746,148.509995,148.621994,148.406006,148.600998,-0.364023,-0.356554,-0.365009
2025.08.22 08:00,0.006746,0.006748,0.006742,0.006744,148.604004,148.675003,148.539993,148.634003,-0.362058,-0.358912,-0.365038
2025.08.22 09:00,0.006744,0.006746,0.006741,0.006741,148.632004,148.710007,148.595001,148.707001,-0.364061,-0.359013,-0.361055
2025.08.22 10:00,0.006741,0.006745,0.00674,0.006744,148.692993,148.733994,148.615005,148.626999,-0.366043,-0.357035,-0.358034
2025.08.22 11:00,0.006744,0.006746,0.006739,0.006741,148.626999,148.740005,148.591995,148.710007,-0.361045,-0.356007,-0.364061
2025.08.22 12:00,0.006741,0.006746,0.006741,0.006741,148.709,148.722,148.597,148.705994,-0.365058,-0.350021,-0.360048
2025.08.22 13:00,0.006741,0.006751,0.00674,0.006746,148.699005,148.720001,148.488007,148.598999,-0.352051,-0.361802,-0.35202
2025.08.22 14:00,0.006746,0.006829,0.006746,0.006826,148.598999,148.602997,146.800995,146.852997,-0.367008,-0.366672,-0.365044
2025.08.22 15:00,0.006826,0.006839,0.006824,0.006828,146.848999,146.895996,146.567993,146.817993,-0.365113,-0.358471,-0.351501
2025.08.22 16:00,0.006828,0.006836,0.006826,0.006833,146.826996,146.850998,146.641998,146.707993,-0.363045,-0.357619,-0.359393
2025.08.22 17:00,0.006834,0.006839,0.006832,0.006836,146.701996,146.738007,146.572006,146.636993,-0.357275,-0.362484,-0.352614
2025.08.22 18:00,0.006836,0.006839,0.006825,0.006826,146.645004,146.875,146.598999,146.858994,-0.354855,-0.368101,-0.360308
2025.08.22 19:00,0.006826,0.006827,0.006819,0.006821,146.865005,147.001007,146.839005,146.962997,-0.351938,-0.361783,-0.356928
2025.08.22 20:00,0.006822,0.006826,0.00682,0.006826,146.964996,146.988007,146.860992,146.914001,-0.360436,-0.362307,-0.415316
2025.08.24 23:00,0.006816,0.006816,0.006804,0.006806,147.063004,147.306,147.039001,147.263,-0.344425,-0.336145,-0.344609
2025.08.25 00:00,0.006806,0.006807,0.006794,0.006801,147.261993,147.526993,147.242996,147.384995,-0.338298,-0.335399,-0.336988
2025.08.25 01:00,0.006801,0.006807,0.006797,0.006801,147.384995,147.460999,147.248001,147.397003,-0.337264,-0.340404,-0.348997
2025.08.25 02:00,0.006801,0.006801,0.006795,0.006799,147.391006,147.514999,147.388,147.432999,-0.347961,-0.339994,-0.341733
2025.08.25 03:00,0.006799,0.006804,0.006799,0.006803,147.432999,147.436996,147.298996,147.337006,-0.345731,-0.337422,-0.332233
2025.08.25 04:00,0.006803,0.006809,0.006802,0.006808,147.335007,147.358002,147.199997,147.227997,-0.34242,-0.335551,-0.341984
2025.08.25 05:00,0.006808,0.006808,0.006801,0.006804,147.229996,147.376007,147.225998,147.296005,-0.349616,-0.329194,-0.334431
2025.08.25 06:00,0.006805,0.006814,0.006804,0.006811,147.294006,147.319,147.091995,147.164993,-0.346634,-0.335322,-0.343674
2025.08.25 07:00,0.006811,0.006812,0.006801,0.006803,147.158005,147.371002,147.134003,147.330994,-0.344611,-0.334241,-0.337018
2025.08.25 08:00,0.006803,0.006806,0.006801,0.006806,147.330994,147.369003,147.25,147.285995,-0.3318,-0.331609,-0.346021
2025.08.25 09:00,0.006806,0.006808,0.006801,0.006803,147.281006,147.382996,147.216003,147.343002,-0.345792,-0.34077,-0.33823
2025.08.25 10:00,0.006803,0.006804,0.006798,0.006798,147.343002,147.447998,147.315994,147.438995,-0.345911,-0.332824,-0.336908
2025.08.25 11:00,0.006798,0.006806,0.006797,0.006804,147.434006,147.445999,147.276993,147.315994,-0.333089,-0.337018,-0.332824
2025.08.25 12:00,0.006804,0.006804,0.006798,0.006801,147.322006,147.451996,147.307007,147.380997,-0.349909,-0.33464,-0.343793
2025.08.25 13:00,0.006801,0.006804,0.006793,0.006804,147.375,147.546005,147.298996,147.298996,-0.335637,-0.337422,-0.326629
2025.08.25 14:00,0.006804,0.006805,0.006795,0.006796,147.313995,147.494995,147.285004,147.488998,-0.338787,-0.33423,-0.34362
2025.08.25 15:00,0.006797,0.006801,0.006787,0.00679,147.481995,147.673004,147.393997,147.606003,-0.343351,-0.345991,-0.330598
2025.08.25 16:00,0.006791,0.006795,0.006789,0.006793,147.606003,147.630997,147.511002,147.533005,-0.333894,-0.343963,-0.333474
2025.08.25 17:00,0.006794,0.006795,0.006791,0.006793,147.531006,147.595993,147.494995,147.561996,-0.34227,-0.338787,-0.3408
2025.08.25 18:00,0.006793,0.006793,0.00678,0.006781,147.554993,147.826004,147.531006,147.807999,-0.333377,-0.331475,-0.347994
2025.08.25 19:00,0.006781,0.006782,0.006775,0.006781,147.804993,147.936996,147.783005,147.822006,-0.346408,-0.333874,-0.351136
2025.08.25 20:00,0.006781,0.006787,0.006781,0.006783,147.813995,147.854996,147.658005,147.763,-0.373248,-0.328352,-0.346472
2025.08.25 22:00,0.006784,0.006789,0.006781,0.006784,147.669998,147.792007,147.645004,147.740005,-0.321137,-0.33706,-0.334344
2025.08.25 23:00,0.006785,0.006785,0.006779,0.006781,147.725006,147.854004,147.688004,147.809006,-0.328741,-0.314926,-0.327258
2025.08.26 00:00,0.006781,0.006818,0.006777,0.006813,147.809998,147.876007,146.981003,147.104996,-0.318094,-0.321178,-0.326777
2025.08.26 01:00,0.006812,0.006813,0.006801,0.006803,147.104996,147.378998,147.102005,147.317993,-0.330991,-0.323786,-0.324017
2025.08.26 02:00,0.006804,0.006806,0.006789,0.006793,147.313004,147.608002,147.248001,147.516006,-0.321749,-0.318824,-0.316476
2025.08.26 03:00,0.006793,0.006793,0.006781,0.006781,147.511993,147.807007,147.509995,147.791,-0.325259,-0.310464,-0.32013
2025.08.26 04:00,0.006781,0.006785,0.006781,0.006782,147.791,147.813995,147.714996,147.768005,-0.332247,-0.320201,-0.318874
2025.08.26 05:00,0.006783,0.006787,0.006777,0.006785,147.770996,147.886993,147.664993,147.710007,-0.32908,-0.313636,-0.326076
2025.08.26 06:00,0.006785,0.006788,0.006779,0.006782,147.705994,147.830994,147.630005,147.776001,-0.327486,-0.311207,-0.32687
2025.08.26 07:00,0.006781,0.006789,0.006776,0.006786,147.770996,147.908005,147.632996,147.690002,-0.32831,-0.325051,-0.327786
2025.08.26 08:00,0.006786,0.006795,0.006785,0.006791,147.690002,147.699997,147.487,147.572006,-0.326919,-0.319961,-0.329127
2025.08.26 09:00,0.006791,0.006795,0.006789,0.006793,147.563995,147.621994,147.481995,147.542999,-0.324891,-0.314956,-0.321803
2025.08.26 10:00,0.006793,0.006797,0.006787,0.006791,147.544006,147.667007,147.468002,147.582993,-0.326508,-0.333452,-0.32927
2025.08.26 11:00,0.006791,0.006799,0.006789,0.006797,147.582001,147.623001,147.393997,147.462006,-0.325898,-0.324359,-0.327455
2025.08.26 12:00,0.006797,0.006803,0.006792,0.006793,147.455994,147.548996,147.320999,147.535995,-0.316959,-0.316226,-0.314799
2025.08.26 13:00,0.006793,0.006793,0.006786,0.006792,147.544006,147.686005,147.529007,147.544998,-0.323788,-0.318639,-0.312961
2025.08.26 14:00,0.006792,0.006795,0.006784,0.006795,147.539001,147.720993,147.483002,147.496002,-0.315332,-0.326794,-0.318141
2025.08.26 15:00,0.006795,0.006804,0.006795,0.006804,147.496002,147.501999,147.289001,147.309998,-0.324138,-0.327427,-0.326827
2025.08.26 16:00,0.006804,0.006813,0.006804,0.006804,147.313004,147.315994,147.093994,147.302002,-0.332824,-0.315775,-0.329635
2025.08.26 17:00,0.006804,0.006806,0.0068,0.0068,147.302002,147.386993,147.264999,147.380997,-0.328172,-0.325025,-0.322175
2025.08.26 18:00,0.0068,0.006802,0.006793,0.0068,147.386993,147.544006,147.330002,147.373993,-0.32281,-0.31442,-0.315171
2025.08.26 19:00,0.0068,0.006804,0.006797,0.006798,147.376007,147.442993,147.298996,147.432007,-0.330083,-0.326629,-0.32992
2025.08.26 20:00,0.006797,0.006799,0.006795,0.006798,147.431,147.488998,147.309006,147.358002,-0.32196,-0.239368,-0.255914
2025.08.26 22:00,0.006801,0.006801,0.006794,0.006797,147.382996,147.481995,147.339005,147.444,-0.2933,-0.312613,-0.320266
2025.08.26 23:00,0.006797,0.0068,0.006794,0.006795,147.425003,147.509003,147.354996,147.470001,-0.320308,-0.296174,-0.302963
2025.08.27 00:00,0.006795,0.006798,0.006791,0.006791,147.466995,147.582993,147.397995,147.582993,-0.318435,-0.295908,-0.318435
2025.08.27 01:00,0.00679,0.006793,0.006787,0.006789,147.574997,147.649002,147.507996,147.595993,-0.319349,-0.297628,-0.30974
2025.08.27 02:00,0.006789,0.006789,0.006783,0.006784,147.600006,147.737,147.593994,147.723999,-0.309612,-0.307741,-0.318338
2025.08.27 03:00,0.006784,0.006784,0.006778,0.006779,147.714996,147.852005,147.705994,147.824997,-0.315857,-0.300333,-0.299734
2025.08.27 04:00,0.006776,0.006778,0.006773,0.006773,147.824997,147.957993,147.820999,147.938004,-0.312934,-0.284851,-0.303836
2025.08.27 05:00,0.006773,0.006779,0.006772,0.006779,147.938004,147.968994,147.796997,147.811996,-0.302128,-0.29349,-0.297617
2025.08.27 06:00,0.006779,0.006787,0.006778,0.006784,147.809006,147.839996,147.649002,147.710007,-0.303848,-0.308503,-0.304346
2025.08.27 07:00,0.006784,0.006785,0.006775,0.006782,147.705002,147.895996,147.705002,147.751007,-0.305408,-0.310207,-0.301876
2025.08.27 08:00,0.006782,0.006783,0.00677,0.006775,147.757996,148.003998,147.738007,147.910004,-0.304418,-0.299748,-0.297634
2025.08.27 09:00,0.006775,0.006777,0.00677,0.00677,147.910004,148.031006,147.858002,148.026993,-0.309613,-0.300088,-0.3056
2025.08.27 10:00,0.006769,0.006772,0.006764,0.006765,148.031998,148.145004,147.959,148.117004,-0.314417,-0.303038,-0.297346
2025.08.27 11:00,0.006765,0.006769,0.006762,0.006764,148.113007,148.182999,148.026001,148.141006,-0.30869,-0.293694,-0.310419
2025.08.27 12:00,0.006764,0.006772,0.006764,0.006768,148.136002,148.145996,147.977997,148.069,-0.304478,-0.311131,-0.303951
2025.08.27 13:00,0.006768,0.006775,0.006765,0.006767,148.063995,148.128006,147.912003,148.084,-0.308347,-0.299633,-0.30803
2025.08.27 14:00,0.006766,0.006779,0.006766,0.006777,148.080002,148.093994,147.819,147.858994,-0.307102,-0.304621,-0.311959
2025.08.27 15:00,0.006777,0.006785,0.006777,0.006783,147.863007,147.865997,147.684998,147.742004,-0.308084,-0.31192,-0.303746
2025.08.27 16:00,0.006783,0.006801,0.006782,0.006801,147.742004,147.753998,147.332993,147.352997,-0.304867,-0.306601,-0.30499
2025.08.27 17:00,0.006801,0.006804,0.006797,0.006801,147.360992,147.427994,147.287003,147.348999,-0.304259,-0.303832,-0.300992
2025.08.27 18:00,0.006801,0.006801,0.006795,0.006799,147.356995,147.488998,147.348999,147.401993,-0.311138,-0.300992,-0.310727
2025.08.27 19:00,0.006798,0.006798,0.006793,0.006795,147.408997,147.520996,147.401993,147.473999,-0.310628,-0.299906,-0.306961
2025.08.27 20:00,0.006795,0.006799,0.006793,0.006799,147.473999,147.516998,147.367996,147.378998,-0.30663,-0.28754,-0.287732
2025.08.27 22:00,0.006798,0.006804,0.006795,0.006801,147.376007,147.412994,147.195007,147.272003,-0.235134,-0.233433,-0.2348
2025.08.27 23:00,0.006801,0.006804,0.006798,0.006799,147.276001,147.343002,147.216003,147.337006,-0.240915,-0.232833,-0.24574
2025.08.28 00:00,0.006799,0.006801,0.006792,0.0068,147.330002,147.488998,147.270004,147.289993,-0.256961,-0.232801,-0.231172
2025.08.28 01:00,0.0068,0.006806,0.006793,0.006797,147.292007,147.447006,147.184998,147.339996,-0.247476,-0.245023,-0.227086
2025.08.28 02:00,0.006798,0.006804,0.006797,0.006803,147.337006,147.367004,147.227005,147.242004,-0.24327,-0.243835,-0.248029
2025.08.28 03:00,0.006803,0.00681,0.006801,0.00681,147.242996,147.291,147.076996,147.089005,-0.253797,-0.244894,-0.24613
2025.08.28 04:00,0.006808,0.006809,0.006804,0.006806,147.089005,147.207993,147.078003,147.156998,-0.246418,-0.213557,-0.238606
2025.08.28 05:00,0.006806,0.00681,0.006804,0.006808,147.154007,147.207993,147.076996,147.156998,-0.235626,-0.244894,-0.270984
2025.08.28 06:00,0.006808,0.006814,0.006798,0.0068,147.065002,147.345993,146.992996,147.302002,-0.243906,-0.236323,-0.24318
2025.08.28 07:00,0.0068,0.006806,0.006795,0.006806,147.302002,147.403,147.149994,147.162003,-0.235961,-0.231603,-0.232825
2025.08.28 08:00,0.006806,0.006808,0.006797,0.006806,147.162003,147.369003,147.125,147.182999,-0.245269,-0.238987,-0.243024
2025.08.28 09:00,0.006806,0.006811,0.006806,0.006808,147.188995,147.188995,147.059998,147.134003,-0.249021,-0.238678,-0.237198
2025.08.28 10:00,0.006808,0.006818,0.006806,0.006818,147.134003,147.164993,146.901993,146.921997,-0.246602,-0.242168,-0.251424
2025.08.28 11:00,0.006818,0.006824,0.006816,0.006817,146.921997,146.966995,146.802002,146.923004,-0.242619,-0.249649,-0.230911
2025.08.28 12:00,0.006818,0.006821,0.006806,0.00681,146.923004,147.169006,146.848999,147.098007,-0.239829,-0.24293,-0.244348
2025.08.28 13:00,0.006809,0.006813,0.006803,0.00681,147.102997,147.231995,147.020996,147.091995,-0.238019,-0.242777,-0.238336
2025.08.28 14:00,0.00681,0.00682,0.006808,0.006815,147.084,147.117004,146.869995,146.968002,-0.241771,-0.231681,-0.232859
2025.08.28 15:00,0.006816,0.006816,0.006811,0.006814,146.966995,147.070007,146.942993,146.990997,-0.248688,-0.229383,-0.245085
2025.08.28 16:00,0.006814,0.006822,0.006814,0.006822,146.988007,146.996994,146.824005,146.841995,-0.240321,-0.239421,-0.246675
2025.08.28 17:00,0.006821,0.00683,0.006821,0.006823,146.850006,146.854004,146.654007,146.800995,-0.247935,-0.241119,-0.2379
2025.08.28 18:00,0.006824,0.006824,0.006819,0.006822,146.802002,146.888,146.796005,146.815994,-0.238932,-0.243653,-0.23141
2025.08.28 19:00,0.006822,0.006822,0.006816,0.006818,146.817001,146.934998,146.802002,146.917007,-0.232141,-0.228163,-0.235675
2025.08.28 20:00,0.006818,0.006818,0.006814,0.006816,146.917999,146.996994,146.895004,146.917999,-0.251081,-0.224431,-0.215143
2025.08.28 22:00,0.006816,0.006818,0.00681,0.006813,146.934006,147.082001,146.908005,147.026993,-0.249899,-0.237432,-0.248774
2025.08.28 23:00,0.006813,0.006824,0.006813,0.006822,147.033997,147.035004,146.789993,146.830002,-0.256785,-0.237641,-0.245418
2025.08.29 00:00,0.006822,0.006825,0.006815,0.006822,146.830002,146.975998,146.753998,146.819,-0.240854,-0.233852,-0.245162
2025.08.29 01:00,0.006822,0.006824,0.006809,0.006814,146.819,147.113998,146.776993,147.005005,-0.249553,-0.235371,-0.248332
2025.08.29 02:00,0.006814,0.006822,0.006814,0.006819,146.992996,147.003998,146.822006,146.889008,-0.236552,-0.248168,-0.239939
2025.08.29 03:00,0.006818,0.006818,0.006814,0.006815,146.888,146.992996,146.886002,146.987,-0.236323,-0.226177,-0.251856
2025.08.29 04:00,0.006814,0.006819,0.006813,0.006818,146.981003,147.039993,146.897995,146.897995,-0.261774,-0.248926,-0.23817
2025.08.29 05:00,0.006818,0.006818,0.006813,0.006814,146.899002,147.026001,146.897003,147.009995,-0.247782,-0.237178,-0.242549
2025.08.29 06:00,0.006814,0.006816,0.006806,0.006808,147.001007,147.173996,146.953995,147.154007,-0.234021,-0.240384,-0.257203
2025.08.29 07:00,0.006806,0.006816,0.006804,0.006814,147.154007,147.197998,146.955002,146.996002,-0.236424,-0.230626,-0.239329
2025.08.29 08:00,0.006814,0.00682,0.006812,0.006816,146.996002,147.029999,146.863007,146.953003,-0.241004,-0.235436,-0.250147
2025.08.29 09:00,0.006816,0.006817,0.006808,0.00681,146.945007,147.113007,146.932007,147.089996,-0.237773,-0.239913,-0.236337
2025.08.29 10:00,0.00681,0.00681,0.006803,0.006804,147.089996,147.248993,147.072006,147.190994,-0.24422,-0.239905,-0.22942
2025.08.29 11:00,0.006804,0.006806,0.006801,0.006802,147.190994,147.264008,147.169006,147.244995,-0.237616,-0.239829,-0.229414
2025.08.29 12:00,0.006802,0.006808,0.006795,0.006799,147.251007,147.410995,147.126007,147.322006,-0.243957,-0.239994,-0.24155
2025.08.29 13:00,0.006799,0.00681,0.006796,0.006808,147.315002,147.389999,147.078003,147.093994,-0.244621,-0.245902,-0.21876
2025.08.29 14:00,0.00681,0.006823,0.00681,0.006822,147.104004,147.104004,146.802002,146.824997,-0.250345,-0.238907,-0.240413
2025.08.29 15:00,0.006822,0.006825,0.006815,0.006818,146.826996,146.972,146.761002,146.899994,-0.236856,-0.240856,-0.229421
2025.08.29 16:00,0.006818,0.00682,0.006816,0.006818,146.906998,146.964005,146.848007,146.908005,-0.239628,-0.231188,-0.237432
2025.08.29 17:00,0.006818,0.00682,0.006814,0.006815,146.910004,147.007004,146.878006,146.975998,-0.239558,-0.239692,-0.240854
2025.08.29 18:00,0.006815,0.006816,0.006812,0.006813,146.975998,147.026993,146.953995,147.014999,-0.237998,-0.229618,-0.23678
2025.08.29 19:00,0.006814,0.006818,0.006812,0.006816,147.009003,147.044998,146.916,146.955002,-0.245237,-0.245427,-0.241391
2025.08.29 20:00,0.006816,0.006817,0.006808,0.006814,146.962006,147.121994,146.919998,146.998001,-0.24676,-0.227905,-0.230556
2025.08.31 23:00,0.006808,0.00681,0.006804,0.006808,147.119995,147.188995,147.076004,147.112,-0.227421,-0.222345,-0.215195
2025.09.01 00:00,0.006807,0.006808,0.006801,0.006803,147.119995,147.257004,147.113007,147.227005,-0.2198,-0.216202,-0.222232
2025.09.01 01:00,0.006802,0.006805,0.006795,0.0068,147.227005,147.382004,147.175995,147.289001,-0.225796,-0.225221,-0.23018
2025.09.01 02:00,0.0068,0.00682,0.006799,0.006818,147.287994,147.296997,146.843994,146.891998,-0.227359,-0.216423,-0.221425
2025.09.01 03:00,0.006818,0.006821,0.006813,0.006818,146.891998,147.003006,146.835007,146.880005,-0.224787,-0.228938,-0.22018
2025.09.02 04:00,0.00678,0.006781,0.006772,0.006779,147.699005,147.860992,147.679001,147.720001,-0.205031,-0.197253,-0.194738
2025.09.02 05:00,0.006779,0.00678,0.00677,0.00677,147.716995,147.923996,147.692993,147.912994,-0.202603,-0.200366,-0.202504
2025.09.02 06:00,0.00677,0.00677,0.006764,0.006768,147.917999,148.050995,147.901001,147.957993,-0.198555,-0.201422,-0.192943
2025.09.02 07:00,0.006768,0.006768,0.006733,0.006737,147.968002,148.742996,147.945999,148.649994,-0.209765,-0.191859,-0.20496
2025.09.02 08:00,0.006736,0.006756,0.006731,0.006746,148.656006,148.792999,148.216995,148.438995,-0.215631,-0.200422,-0.203007
2025.09.02 09:00,0.006746,0.006749,0.006737,0.006741,148.434998,148.645996,148.367004,148.559006,-0.211972,-0.196904,-0.21306
2025.09.02 10:00,0.006741,0.006742,0.006734,0.006739,148.556,148.709,148.529999,148.600998,-0.208852,-0.206062,-0.211026
2025.09.02 11:00,0.006739,0.006742,0.006732,0.006738,148.591995,148.744003,148.507996,148.619995,-0.199738,-0.19505,-0.208005
2025.09.02 12:00,0.006738,0.006742,0.006723,0.006729,148.621994,148.945007,148.526993,148.824005,-0.212945,-0.203056,-0.202473
2025.09.02 13:00,0.006729,0.00675,0.006728,0.006748,148.822998,148.848007,148.341995,148.404999,-0.215427,-0.204816,-0.201961
2025.09.02 14:00,0.006748,0.006769,0.006748,0.006763,148.406998,148.410004,147.929993,148.082001,-0.21795,-0.197686,-0.218627
2025.09.02 15:00,0.006762,0.006764,0.006751,0.006756,148.082993,148.337006,148.063004,148.225006,-0.210801,-0.210564,-0.208433
2025.09.02 16:00,0.006756,0.006757,0.006751,0.006752,148.225006,148.337006,148.195999,148.294998,-0.210801,-0.201327,-0.201696
2025.09.02 17:00,0.006753,0.006756,0.006748,0.006748,148.292007,148.419006,148.240997,148.382004,-0.215969,-0.213466,-0.200922
2025.09.02 18:00,0.006748,0.00675,0.006741,0.006745,148.376999,148.533997,148.363007,148.468002,-0.199056,-0.214862,-0.210031
2025.09.02 19:00,0.006745,0.006752,0.006744,0.00675,148.475006,148.483002,148.311996,148.352005,-0.214037,-0.196764,-0.203861
2025.09.02 20:00,0.00675,0.006752,0.006748,0.00675,148.352005,148.412994,148.302994,148.354996,-0.209957,-0.209692,-0.206851
2025.09.02 22:00,0.00675,0.006752,0.006741,0.006743,148.319,148.559998,148.296005,148.496994,-0.203056,-0.180773,-0.195049
2025.09.02 23:00,0.006744,0.006745,0.006739,0.006739,148.496994,148.587006,148.444,148.576996,-0.186031,-0.186029,-0.198036
2025.09.03 00:00,0.006739,0.006742,0.006731,0.006731,148.580994,148.766006,148.505005,148.751007,-0.188638,-0.181068,-0.184668
2025.09.03 01:00,0.006731,0.006733,0.006725,0.006727,148.753006,148.901993,148.718994,148.865997,-0.192054,-0.185763,-0.200275
2025.09.03 02:00,0.006726,0.006733,0.006725,0.006727,148.858994,148.903,148.703995,148.835007,-0.193061,-0.181787,-0.191377
2025.09.03 03:00,0.006727,0.006729,0.006723,0.006725,148.835007,148.919006,148.804001,148.906006,-0.186944,-0.193504,-0.207126
2025.09.03 04:00,0.006725,0.00674,0.006725,0.006739,148.906006,148.923004,148.548004,148.582001,-0.224124,-0.180054,-0.181026
2025.09.03 05:00,0.006739,0.006744,0.006736,0.006739,148.582001,148.658997,148.483994,148.589005,-0.202941,-0.193047,-0.18803
2025.09.03 06:00,0.006738,0.006742,0.006735,0.006737,148.598007,148.682999,148.505997,148.606003,-0.204895,-0.18206,-0.182996
2025.09.03 07:00,0.006737,0.006737,0.006715,0.006733,148.608994,149.136993,148.606003,148.731003,-0.205577,-0.182996,-0.197772
2025.09.03 08:00,0.006732,0.006739,0.006731,0.006739,148.735001,148.772995,148.557999,148.585999,-0.195626,-0.179038,-0.196027
2025.09.03 09:00,0.006739,0.006746,0.006733,0.006741,148.580994,148.707993,148.427002,148.552002,-0.185784,-0.191013,-0.19506
2025.09.03 10:00,0.00674,0.006744,0.006733,0.006734,148.552002,148.735001,148.470993,148.695007,-0.20177,-0.191043,-0.19486
2025.09.03 11:00,0.006734,0.006739,0.006733,0.006737,148.688004,148.727005,148.593002,148.612,-0.193774,-0.192027,-0.188993
2025.09.03 12:00,0.006738,0.006741,0.006729,0.006733,148.610992,148.798004,148.541,148.720993,-0.187507,-0.195055,-0.187762
2025.09.03 13:00,0.006733,0.006739,0.006729,0.006737,148.720993,148.796997,148.567993,148.632004,-0.1865,-0.189033,-0.18697
2025.09.03 14:00,0.006736,0.006762,0.006736,0.006758,148.626007,148.638,148.065002,148.166,-0.181945,-0.190694,-0.182281
2025.09.03 15:00,0.006758,0.006769,0.006756,0.006767,148.167007,148.201004,147.925003,147.964005,-0.195377,-0.192696,-0.188034
2025.09.03 16:00,0.006767,0.00677,0.006764,0.006768,147.964996,148.031006,147.903,147.934998,-0.200418,-0.192509,-0.191775
2025.09.03 17:00,0.006768,0.006771,0.006763,0.006764,147.934006,148.056,147.875,148.033997,-0.192626,-0.18633,-0.192479
2025.09.03 18:00,0.006764,0.00677,0.006762,0.006767,148.031998,148.069,147.912003,147.966003,-0.183755,-0.19061,-0.190033
2025.09.03 19:00,0.006767,0.006767,0.00676,0.00676,147.968994,148.132996,147.959,148.132004,-0.193062,-0.18303,-0.19207
2025.09.03 20:00,0.00676,0.006762,0.006758,0.00676,148.130005,148.160004,148.072006,148.072006,-0.187226,-0.175833,-0.143007
2025.09.03 22:00,0.00676,0.006762,0.006757,0.006762,148.042999,148.143997,148.028,148.054001,-0.149325,-0.142754,-0.157827
2025.09.03 23:00,0.00676,0.006766,0.00676,0.006764,148.050003,148.061996,147.944,147.972,-0.143941,-0.146184,-0.141413
2025.09.04 00:00,0.006765,0.006768,0.006756,0.006762,147.970993,148.169998,147.899002,148.022995,-0.142467,-0.144862,-0.148686
2025.09.04 01:00,0.006762,0.006773,0.006758,0.006763,148.024002,148.110992,147.783997,148.009003,-0.149164,-0.149829,-0.145629
2025.09.04 02:00,0.006762,0.006763,0.006754,0.006756,148.005997,148.190994,148.005997,148.132004,-0.141543,-0.142623,-0.126377
2025.09.04 03:00,0.006758,0.006758,0.006751,0.006752,148.134995,148.263,148.113998,148.242004,-0.136796,-0.130279,-0.148702
2025.09.04 04:00,0.006752,0.006757,0.00675,0.006752,148.242004,148.283997,148.123001,148.238998,-0.135852,-0.128329,-0.145696
2025.09.04 05:00,0.006752,0.006756,0.00675,0.006753,148.233994,148.281006,148.154999,148.220993,-0.143827,-0.138426,-0.138658
2025.09.04 06:00,0.006753,0.006757,0.006752,0.006754,148.222,148.246002,148.126007,148.190002,-0.141741,-0.131335,-0.129598
2025.09.04 07:00,0.006754,0.006758,0.006744,0.006747,148.190994,148.414001,148.106003,148.360992,-0.145037,-0.144175,-0.14697
2025.09.04 08:00,0.006746,0.006757,0.006744,0.006754,148.358994,148.404999,148.130997,148.210999,-0.136034,-0.136324,-0.13963
2025.09.04 09:00,0.006754,0.006756,0.006746,0.006749,148.210999,148.371994,148.162003,148.313995,-0.146984,-0.134472,-0.143895
2025.09.04 10:00,0.006749,0.006754,0.006748,0.006752,148.313995,148.335999,148.199005,148.257004,-0.143945,-0.138601,-0.141772
2025.09.04 11:00,0.006752,0.006752,0.006746,0.006748,148.257004,148.391006,148.244995,148.337006,-0.155018,-0.129763,-0.133968
2025.09.04 12:00,0.006748,0.006764,0.006739,0.006744,148.337006,148.529999,148.001999,148.421997,-0.140027,-0.149559,-0.13105
2025.09.04 13:00,0.006744,0.006747,0.006739,0.006744,148.421997,148.528,148.345001,148.417007,-0.14904,-0.130978,-0.126061
2025.09.04 14:00,0.006744,0.006746,0.006729,0.006729,148.417007,148.751007,148.380005,148.733994,-0.14051,-0.133026,-0.134541
2025.09.04 15:00,0.006729,0.006735,0.006728,0.006735,148.731995,148.778,148.621002,148.626007,-0.14542,-0.131883,-0.136888
2025.09.04 16:00,0.006735,0.006736,0.006729,0.006735,148.625,148.740005,148.591995,148.621002,-0.140553,-0.13594,-0.153924
2025.09.04 17:00,0.006735,0.006735,0.006733,0.006733,148.615997,148.673004,148.600998,148.638,-0.139773,-0.133919,-0.126824
2025.09.04 18:00,0.006734,0.006739,0.006733,0.006737,148.638,148.651001,148.533005,148.565002,-0.139824,-0.143033,-0.141996
2025.09.04 19:00,0.006738,0.006743,0.006737,0.006741,148.554993,148.565994,148.449005,148.481995,-0.142988,-0.14706,-0.147054
2025.09.04 20:00,0.006741,0.006743,0.006739,0.006741,148.479004,148.552002,148.425995,148.466003,-0.151027,-0.12405,-0.131063
2025.09.04 22:00,0.006742,0.006744,0.006739,0.006741,148.395996,148.514999,148.375,148.440002,-0.125027,-0.09505,-0.094057
2025.09.04 23:00,0.006741,0.006748,0.006739,0.006744,148.472,148.505005,148.294998,148.386993,-0.126045,-0.091961,-0.096047
2025.09.05 00:00,0.006744,0.006756,0.006742,0.006755,148.416,148.438004,148.097,148.167999,-0.125058,-0.091373,-0.129509
2025.09.05 01:00,0.006755,0.006758,0.00675,0.006756,148.164001,148.264008,148.084,148.134995,-0.126829,-0.122171,-0.129368
2025.09.05 02:00,0.006756,0.006759,0.006754,0.006755,148.134995,148.181,148.076004,148.173004,-0.131548,-0.125124,-0.134514
2025.09.05 03:00,0.006754,0.006758,0.006753,0.006755,148.179993,148.207001,148.104996,148.169998,-0.124666,-0.121276,-0.131508
2025.09.05 04:00,0.006754,0.006755,0.006752,0.006752,148.175995,148.237,148.162994,148.212997,-0.132738,-0.124504,-0.108736
2025.09.05 05:00,0.006752,0.006755,0.006752,0.006755,148.214005,148.218002,148.166,148.167007,-0.1247,-0.12751,-0.128517
2025.09.05 06:00,0.006754,0.006756,0.00675,0.006752,148.167007,148.274002,148.143005,148.235001,-0.125858,-0.126432,-0.130739
2025.09.05 07:00,0.006752,0.006754,0.006751,0.006753,148.231995,148.257996,148.186005,148.207993,-0.131791,-0.1256,-0.125658
2025.09.05 08:00,0.006752,0.006757,0.006752,0.006756,148.212006,148.223007,148.108002,148.156006,-0.129705,-0.113329,-0.128475
2025.09.05 09:00,0.006756,0.006759,0.006754,0.006754,148.158005,148.188004,148.082001,148.167007,-0.127599,-0.131121,-0.117556
2025.09.05 10:00,0.006754,0.006759,0.006754,0.006756,148.167007,148.184998,148.076004,148.139999,-0.135546,-0.125124,-0.123426
2025.09.05 11:00,0.006756,0.006756,0.006751,0.006754,148.139999,148.251007,148.128998,148.192001,-0.124802,-0.123371,-0.131597
2025.09.05 12:00,0.006754,0.006801,0.006754,0.006795,148.192001,148.197998,147.166,147.292999,-0.12663,-0.117994,-0.125961
2025.09.05 13:00,0.006795,0.006807,0.006787,0.006806,147.296997,147.466995,147.035995,147.050995,-0.137343,-0.128398,-0.132604
2025.09.05 14:00,0.006806,0.00681,0.006799,0.006806,147.057999,147.209,146.985992,147.072998,-0.128543,-0.132333,-0.133023
2025.09.05 15:00,0.006805,0.006817,0.006805,0.006816,147.072006,147.085007,146.811996,146.837006,-0.134233,-0.119903,-0.123395
2025.09.05 16:00,0.006816,0.006817,0.006801,0.006803,146.839005,147.151001,146.817001,147.141998,-0.124609,-0.124908,-0.137226
2025.09.05 17:00,0.006802,0.006803,0.006795,0.006796,147.139008,147.302994,147.126007,147.270004,-0.135955,-0.121234,-0.124626
2025.09.05 18:00,0.006796,0.006797,0.006787,0.006787,147.270004,147.485001,147.259995,147.460007,-0.133644,-0.125444,-0.119508
2025.09.05 19:00,0.006787,0.006791,0.006785,0.006787,147.459,147.501999,147.369003,147.464996,-0.128921,-0.126124,-0.124497
2025.09.05 20:00,0.006787,0.006793,0.006785,0.006787,147.457993,147.505997,147.324997,147.393997,-0.132919,-0.114629,-0.053498
2025.09.07 23:00,0.006742,0.006752,0.006741,0.006748,148.427994,148.451996,148.203003,148.317001,-0.117055,-0.098742,-0.113964
2025.09.08 00:00,0.006748,0.006748,0.006735,0.006746,148.315002,148.576996,148.287003,148.332993,-0.098893,-0.105921,-0.097004
2025.09.08 01:00,0.006746,0.006756,0.006744,0.006755,148.332993,148.386993,148.117996,148.134995,-0.107044,-0.112369,-0.096504
2025.09.08 02:00,0.006756,0.006762,0.006754,0.006758,148.130997,148.153,148.0,148.076004,-0.103548,-0.114755,-0.103226
2025.09.08 03:00,0.006758,0.006761,0.006752,0.006752,148.074997,148.223007,148.009003,148.197006,-0.107775,-0.101889,-0.092745
2025.09.08 04:00,0.006753,0.006756,0.00675,0.006754,148.195999,148.253006,148.106003,148.169006,-0.104862,-0.100376,-0.119555
2025.09.08 05:00,0.006754,0.006762,0.006754,0.006756,148.158997,148.179993,147.998993,148.134995,-0.119589,-0.113748,-0.107464
2025.09.08 06:00,0.006756,0.006772,0.006754,0.00677,148.136002,148.160995,147.796997,147.826996,-0.111544,-0.119235,-0.116505
2025.09.08 07:00,0.00677,0.006784,0.00677,0.006783,147.820007,147.834,147.509995,147.524994,-0.123509,-0.104333,-0.108465
2025.09.08 08:00,0.006783,0.006787,0.006774,0.006777,147.524994,147.740005,147.460007,147.682007,-0.116738,-0.119508,-0.113203
2025.09.08 09:00,0.006776,0.006777,0.006772,0.006773,147.679993,147.770996,147.656006,147.748001,-0.115034,-0.098093,-0.102942
2025.09.08 10:00,0.006773,0.006773,0.006768,0.006771,147.751007,147.878998,147.740997,147.800995,-0.124857,-0.10683,-0.112325
2025.09.08 11:00,0.006771,0.006777,0.00677,0.006772,147.802994,147.819,147.671997,147.772995,-0.10851,-0.103194,-0.106129
2025.09.08 12:00,0.006772,0.006778,0.006768,0.006776,147.774002,147.880997,147.643005,147.695007,-0.115947,-0.106857,-0.115312
2025.09.08 13:00,0.006775,0.006783,0.006774,0.006777,147.690002,147.744003,147.533005,147.671005,-0.120736,-0.105617,-0.102202
2025.09.08 14:00,0.006777,0.006779,0.006768,0.006773,147.677002,147.873993,147.617996,147.744003,-0.119852,-0.103617,-0.098945
2025.09.08 15:00,0.006773,0.006783,0.006772,0.006781,147.748993,147.764999,147.541,147.582993,-0.109038,-0.113613,-0.101245
2025.09.08 16:00,0.006781,0.006783,0.006772,0.006776,147.582993,147.776993,147.548004,147.686996,-0.121031,-0.109746,-0.107301
2025.09.08 17:00,0.006776,0.006777,0.006773,0.006775,147.679993,147.766006,147.667007,147.729004,-0.120948,-0.098204,-0.116634
2025.09.08 18:00,0.006775,0.006787,0.006774,0.006787,147.725006,147.731003,147.442001,147.459,-0.107735,-0.112349,-0.107643
2025.09.08 19:00,0.006787,0.006793,0.006786,0.006789,147.455002,147.473999,147.330994,147.410995,-0.111782,-0.109797,-0.103051
2025.09.08 20:00,0.006789,0.006791,0.006783,0.006785,147.410995,147.539001,147.373993,147.447998,-0.111614,-0.12027,-0.053203
2025.09.08 22:00,0.006785,0.006789,0.006783,0.006789,147.492996,147.511002,147.378006,147.404007,-0.072743,-0.080903,-0.106904
2025.09.08 23:00,0.006789,0.006797,0.006788,0.00679,147.404999,147.419006,147.205994,147.367996,-0.100208,-0.093084,-0.092592
2025.09.09 00:00,0.006789,0.0068,0.006787,0.006791,147.367996,147.432007,147.145996,147.339005,-0.091508,-0.087175,-0.085282
2025.09.09 01:00,0.006791,0.006798,0.006789,0.006797,147.343002,147.399002,147.194,147.238007,-0.091057,-0.091913,-0.103456
2025.09.09 02:00,0.006797,0.006797,0.006791,0.006792,147.231003,147.341003,147.205994,147.328003,-0.098124,-0.093084,-0.095966
2025.09.09 03:00,0.006791,0.006793,0.006789,0.00679,147.328003,147.401993,147.315994,147.356995,-0.094048,-0.094798,-0.08159
2025.09.09 04:00,0.006793,0.006803,0.006793,0.006801,147.356995,147.376007,147.089005,147.123001,-0.15481,-0.095029,-0.09661
2025.09.09 05:00,0.006801,0.006814,0.006801,0.006814,147.126999,147.132004,146.839996,146.854004,-0.0948,-0.094084,-0.097331
2025.09.09 06:00,0.006814,0.006816,0.006801,0.006805,146.845993,147.134003,146.811996,147.046005,-0.096799,-0.098386,-0.095231
2025.09.09 07:00,0.006805,0.006808,0.006793,0.006797,147.046005,147.315002,146.990997,147.201004,-0.093806,-0.094193,-0.088094
2025.09.09 08:00,0.006797,0.006828,0.006793,0.006825,147.201004,147.332993,146.552994,146.621994,-0.122625,-0.09722,-0.101849
2025.09.09 09:00,0.006825,0.00684,0.006825,0.006837,146.619995,146.621002,146.304001,146.343994,-0.100857,-0.105169,-0.091705
2025.09.09 10:00,0.006838,0.006839,0.00683,0.006832,146.343002,146.520004,146.322998,146.464996,-0.096405,-0.0921,-0.105684
2025.09.09 11:00,0.006832,0.006832,0.006818,0.00682,146.464996,146.764999,146.455994,146.729004,-0.094426,-0.096681,-0.101433
2025.09.09 12:00,0.00682,0.00682,0.006807,0.006811,146.725006,147.007004,146.720993,146.917999,-0.099407,-0.093422,-0.09668
2025.09.09 13:00,0.00681,0.006818,0.006808,0.006814,146.917999,146.966003,146.770996,146.863998,-0.09077,-0.089664,-0.096553
2025.09.09 14:00,0.006814,0.00683,0.006801,0.006803,146.869995,147.132996,146.514008,147.095001,-0.095792,-0.090408,-0.090228
2025.09.09 15:00,0.006803,0.006803,0.006791,0.006797,147.093994,147.348999,147.089996,147.231003,-0.084441,-0.096021,-0.096452
2025.09.09 16:00,0.006796,0.006799,0.006792,0.006795,147.231003,147.335999,147.173996,147.268005,-0.103961,-0.09354,-0.100967
2025.09.09 17:00,0.006795,0.006796,0.00679,0.006791,147.266006,147.360992,147.231003,147.347,-0.085588,-0.085624,-0.082442
2025.09.09 18:00,0.006791,0.006793,0.006787,0.006789,147.352997,147.432007,147.309998,147.395004,-0.091508,-0.088801,-0.08706
2025.09.09 19:00,0.006789,0.006789,0.006785,0.006787,147.397995,147.462006,147.384003,147.442993,-0.088928,-0.0869,-0.102494
2025.09.09 20:00,0.006787,0.006789,0.006785,0.006788,147.445007,147.470001,147.373993,147.395004,-0.086071,-0.066048,-0.076206
2025.09.09 22:00,0.006789,0.006791,0.006787,0.00679,147.365997,147.414993,147.335999,147.343002,-0.074494,-0.071441,-0.067598
2025.09.09 23:00,0.006791,0.006791,0.006785,0.006789,147.348999,147.451004,147.330002,147.389008,-0.077926,-0.076279,-0.081063
2025.09.10 00:00,0.006788,0.006789,0.006785,0.006787,147.389008,147.475998,147.363007,147.417999,-0.081203,-0.076753,-0.0775
2025.09.10 01:00,0.006787,0.006791,0.006779,0.006788,147.417999,147.570999,147.326996,147.389999,-0.067492,-0.073273,-0.071201
2025.09.10 02:00,0.006789,0.006793,0.006787,0.006792,147.389999,147.412003,147.291,147.296005,-0.08235,-0.069804,-0.063968
2025.09.10 03:00,0.006793,0.006793,0.006788,0.006789,147.294998,147.399002,147.264008,147.388,-0.080204,-0.064477,-0.080056
2025.09.10 04:00,0.006786,0.006791,0.006785,0.006791,147.388,147.459,147.317993,147.326004,-0.085922,-0.075114,-0.083125
2025.09.10 05:00,0.006791,0.006794,0.006783,0.006787,147.320999,147.485001,147.274994,147.425995,-0.068472,-0.086299,-0.074638
2025.09.10 06:00,0.006787,0.006791,0.006779,0.00678,147.419006,147.585999,147.328003,147.565002,-0.071619,-0.07428,-0.072376
2025.09.10 07:00,0.006781,0.006789,0.00678,0.006783,147.567993,147.570007,147.388,147.492996,-0.077381,-0.080056,-0.076468
2025.09.10 08:00,0.006783,0.006787,0.006781,0.006783,147.492996,147.557007,147.389999,147.516998,-0.075259,-0.060347,-0.07874
2025.09.10 09:00,0.006782,0.006789,0.006781,0.006787,147.511993,147.541,147.391006,147.417999,-0.080995,-0.083062,-0.0775
2025.09.10 10:00,0.006787,0.006787,0.006784,0.006785,147.423004,147.483002,147.389999,147.470993,-0.077341,-0.060347,-0.076198
2025.09.10 11:00,0.006784,0.006785,0.006781,0.006783,147.475006,147.544006,147.440994,147.507996,-0.084001,-0.067916,-0.080608
2025.09.10 12:00,0.006783,0.006802,0.006774,0.006782,147.507996,147.647003,147.084,147.526993,-0.023735,-0.068418,-0.077862
2025.09.10 13:00,0.006782,0.006794,0.006779,0.006791,147.526993,147.604004,147.268997,147.335999,-0.089625,-0.080302,-0.071441
2025.09.10 14:00,0.006791,0.006794,0.006787,0.006787,147.339996,147.427002,147.257996,147.401001,-0.075645,-0.069301,-0.071348
2025.09.10 15:00,0.006787,0.006792,0.006786,0.006789,147.401993,147.440002,147.307999,147.362,-0.077786,-0.075962,-0.075746
2025.09.10 16:00,0.006789,0.006793,0.006787,0.006789,147.360992,147.412003,147.274994,147.371002,-0.08235,-0.064626,-0.073899
2025.09.10 17:00,0.006789,0.006795,0.006788,0.006791,147.371002,147.391006,147.242004,147.328003,-0.072209,-0.074966,-0.085124
2025.09.10 18:00,0.006791,0.006795,0.006791,0.006791,147.328003,147.352997,147.242004,147.320007,-0.088439,-0.074966,-0.077128
2025.09.10 19:00,0.006791,0.006792,0.006785,0.006787,147.320007,147.466995,147.309006,147.412994,-0.0722,-0.076969,-0.083342
2025.09.10 20:00,0.006787,0.006789,0.006785,0.006785,147.406998,147.462997,147.373993,147.449005,-0.068202,-0.07689,-0.05421
2025.09.10 22:00,0.006785,0.006787,0.006783,0.006787,147.369003,147.421997,147.332993,147.343994,-0.005468,-0.00334,-0.003495
2025.09.10 23:00,0.006788,0.006791,0.006786,0.006787,147.337006,147.376999,147.276993,147.347,-0.014782,-0.012435,-0.017347
2025.09.11 00:00,0.006787,0.006787,0.006782,0.006783,147.348999,147.466995,147.341003,147.455002,-0.017864,-0.011351,-0.016743
2025.09.11 01:00,0.006782,0.006789,0.006781,0.006785,147.453995,147.475998,147.315002,147.384995,-0.015993,-0.017899,-0.001064
2025.09.11 02:00,0.006785,0.006786,0.006781,0.006782,147.386993,147.479004,147.369995,147.460999,-0.018999,-0.007778,-0.011867
2025.09.11 03:00,0.006781,0.006783,0.006781,0.006783,147.457001,147.475998,147.427002,147.440002,-0.015993,-0.010473,-0.001744
2025.09.11 04:00,0.006783,0.006784,0.006783,0.006783,147.440002,147.455002,147.408997,147.432007,-0.016743,-0.003336,-0.015478
2025.09.11 05:00,0.006783,0.006784,0.006776,0.006777,147.429001,147.585999,147.421005,147.578003,-0.006303,-0.015344,-0.0092
2025.09.11 06:00,0.006777,0.006777,0.006767,0.00677,147.578003,147.789993,147.554001,147.718994,-0.014023,-0.006966,-0.008504
2025.09.11 07:00,0.00677,0.006773,0.006765,0.006768,147.718994,147.832001,147.649002,147.772995,-0.012342,-0.003943,-0.007946
2025.09.11 08:00,0.006768,0.006768,0.006764,0.006764,147.772995,147.863007,147.761993,147.845993,-0.021489,-0.007853,-0.004475
2025.09.11 09:00,0.006764,0.006764,0.006758,0.00676,147.843002,147.990005,147.834,147.955994,-0.017227,-0.003412,-0.01606
2025.09.11 10:00,0.00676,0.006762,0.006758,0.006759,147.955994,147.988007,147.891006,147.968994,-0.015229,-0.005761,-0.018114
2025.09.11 11:00,0.006759,0.006762,0.006758,0.006759,147.964996,147.987,147.897003,147.962997,-0.014221,-0.011758,-0.012117
2025.09.11 12:00,0.006759,0.006787,0.006748,0.006779,147.962997,148.179993,147.354996,147.524994,0.012061,-0.014497,-0.010615
2025.09.11 13:00,0.006779,0.006788,0.006775,0.006787,147.522995,147.619995,147.322998,147.354004,-0.018522,-0.0042,-0.013505
2025.09.11 14:00,0.006787,0.006804,0.006786,0.006795,147.354004,147.376999,146.988007,147.182999,-0.014782,-0.01564,-0.005138
2025.09.11 15:00,0.006795,0.006801,0.006789,0.006795,147.186005,147.307999,147.048004,147.167007,-0.021746,2e-06,-0.0108
2025.09.11 16:00,0.006796,0.006804,0.006796,0.006801,147.162003,147.169006,146.979996,147.054001,-0.023628,-0.007629,-0.005994
2025.09.11 17:00,0.006801,0.006801,0.006789,0.00679,147.052002,147.304001,147.044998,147.285995,-0.017748,-0.007795,-0.010591
2025.09.11 18:00,0.00679,0.006797,0.006789,0.006795,147.285995,147.306,147.139999,147.169998,-0.008897,-0.005449,-0.013791
2025.09.11 19:00,0.006795,0.006799,0.006795,0.006796,147.173004,147.192001,147.082001,147.162003,-0.01414,-0.012363,-0.016624
2025.09.11 20:00,0.006796,0.006797,0.006792,0.006793,147.158997,147.242996,147.110001,147.192993,-0.010959,0.00291,0.017375
2025.09.11 22:00,0.006793,0.006796,0.006792,0.006794,147.171997,147.229004,147.110001,147.197006,0.003033,0.035378,-0.008311
2025.09.11 23:00,0.006794,0.006795,0.006791,0.006792,147.179993,147.237,147.143997,147.223007,0.00588,0.01221,0.00903
2025.09.12 00:00,0.006793,0.006795,0.006787,0.006793,147.223007,147.337997,147.158997,147.225006,-0.008345,0.018864,-0.003809
2025.09.12 01:00,0.006793,0.006793,0.006783,0.006783,147.225006,147.447006,147.207001,147.410995,-0.008748,0.014196,0.027263
2025.09.12 02:00,0.006783,0.006784,0.00678,0.006783,147.412994,147.477997,147.393005,147.417007,0.01463,0.012656,-0.000479
2025.09.12 03:00,0.006781,0.006783,0.00678,0.006782,147.417007,147.479004,147.417007,147.440994,0.013623,0.01038,0.008137
2025.09.12 04:00,0.006781,0.006781,0.006777,0.006779,147.440994,147.544998,147.440994,147.501007,0.012915,0.029876,0.013372
2025.09.12 05:00,0.006779,0.006787,0.006777,0.006787,147.501999,147.554001,147.324997,147.347,-0.006966,0.015502,-0.006501
2025.09.12 06:00,0.006787,0.006787,0.00678,0.006783,147.341003,147.505997,147.317993,147.397995,-0.01337,0.022506,0.018534
2025.09.12 07:00,0.006783,0.006791,0.006781,0.006782,147.404007,147.483002,147.235992,147.453995,-0.001254,0.01773,-0.004864
2025.09.12 08:00,0.006781,0.006835,0.00676,0.006824,147.449997,147.925995,147.447006,147.889999,0.003004,-1.130524,-1.348377
2025.09.12 09:00,0.006824,0.006826,0.006757,0.006823,147.895996,147.981995,147.850006,147.921997,0.012678,-1.351321,-1.358902
2025.09.12 10:00,0.006823,0.006832,0.006761,0.006831,147.921005,147.938004,147.735992,147.746002,-0.03089,-1.355261,-1.354553
2025.09.12 11:00,0.00683,0.006834,0.006763,0.006827,147.748001,147.854996,147.679001,147.834,0.008378,-1.351811,-1.356778
2025.09.12 12:00,0.006828,0.006828,0.006753,0.006826,147.835007,148.072006,147.802002,147.843994,0.010328,-1.356955,-1.356042
2025.09.12 13:00,0.006826,0.006834,0.006762,0.006832,147.845001,147.886993,147.690002,147.718002,0.00918,-1.352113,-1.347976
2025.09.12 14:00,0.006832,0.006839,0.006768,0.006835,147.720001,147.761002,147.584,147.666,-0.006861,-1.363795,-1.360224
2025.09.12 15:00,0.006835,0.006836,0.006762,0.006826,147.667007,147.863998,147.645996,147.852005,0.01031,-1.361617,-1.364052
2025.09.12 16:00,0.006826,0.006837,0.006762,0.006835,147.852005,147.875,147.625,147.679001,-0.000691,-1.351322,-1.362518
2025.09.12 17:00,0.006835,0.006843,0.006773,0.00684,147.679001,147.684006,147.507996,147.556,-0.038947,-1.362582,-1.357168
2025.09.12 18:00,0.00684,0.006845,0.006777,0.006844,147.554001,147.561005,147.466003,147.481995,-0.003091,-1.363295,-1.36861
2025.09.12 19:00,0.006843,0.006845,0.006775,0.006839,147.481995,147.608994,147.457993,147.585007,-0.00752,-1.365959,-1.364802
2025.09.12 20:00,0.006839,0.00684,0.006769,0.006836,147.576004,147.722,147.572006,147.645004,0.010307,-1.373174,-1.360625
2025.09.14 23:00,0.006834,0.006837,0.00677,0.006772,147.703995,147.725998,147.621994,147.669998,-0.015507,-1.359016,0.007764
2025.09.15 00:00,0.006835,0.006841,0.006772,0.006841,147.669998,147.688995,147.539993,147.546005,-0.011233,-1.35185,-1.357862
2025.09.15 01:00,0.006841,0.006841,0.006776,0.006839,147.542999,147.585999,147.533997,147.570007,-0.006303,-1.367217,-1.360485
2025.09.15 02:00,0.006839,0.006843,0.006838,0.006843,147.570007,147.610001,147.501007,147.511002,-1.368408,-1.366275,-1.365588
2025.09.15 03:00,0.006843,0.006847,0.006779,0.006847,147.511993,147.516998,147.397995,147.423004,0.008264,-1.359292,-1.362976
2025.09.15 04:00,0.006847,0.006851,0.006783,0.006848,147.423004,147.453003,147.334,147.397995,-0.014744,-1.369902,-1.369957
2025.09.15 05:00,0.006848,0.006848,0.006779,0.006843,147.397995,147.520004,147.386002,147.509003,-0.016497,-1.357964,-1.37427
2025.09.15 06:00,0.006843,0.006843,0.006775,0.006842,147.505997,147.606995,147.492004,147.524994,0.005375,-1.367942,-1.368898
2025.09.15 07:00,0.006842,0.006849,0.006775,0.006845,147.524994,147.593994,147.367996,147.462997,-0.003406,-1.361285,-1.360289
2025.09.15 08:00,0.006845,0.006849,0.006782,0.006847,147.464996,147.483002,147.369995,147.406998,-0.033871,-1.363284,-1.368295
2025.09.15 09:00,0.006847,0.006852,0.006783,0.006785,147.406998,147.429001,147.304993,147.365997,-0.001613,-1.362203,0.007081
2025.09.15 10:00,0.006849,0.006855,0.006786,0.006848,147.362,147.406006,147.238007,147.389999,-0.043789,-1.369724,-1.361962
2025.09.15 11:00,0.006849,0.006851,0.006781,0.006847,147.388,147.477997,147.317001,147.410004,-0.017992,-1.363558,-1.360644
2025.09.15 12:00,0.006847,0.006855,0.006785,0.006855,147.412003,147.417007,147.242996,147.266006,-0.04393,-1.364072,-1.376448
2025.09.15 13:00,0.006854,0.006856,0.006787,0.006849,147.264999,147.352997,147.225998,147.347,-0.00164,-1.368356,-1.35094
2025.09.15 14:00,0.00685,0.00685,0.006781,0.006847,147.345993,147.470001,147.343002,147.414001,-0.009996,-1.357601,-1.364641
2025.09.15 15:00,0.006847,0.006854,0.006847,0.006854,147.417007,147.434998,147.264008,147.268005,-1.374969,-1.363804,-1.367802
2025.09.15 16:00,0.006854,0.006855,0.006847,0.006851,147.268005,147.416,147.238007,147.328995,-1.36664,-1.359082,-1.364897
2025.09.15 17:00,0.006851,0.006855,0.006849,0.006855,147.328995,147.371002,147.238007,147.248001,-1.364291,-1.359082,-1.369077
2025.09.15 18:00,0.006855,0.006855,0.006851,0.006851,147.248001,147.326996,147.235992,147.326004,-1.362898,-1.357068,-1.361907
2025.09.15 19:00,0.006851,0.006852,0.006847,0.006849,147.319,147.412994,147.304993,147.382996,-1.374291,-1.362203,-1.365622
2025.09.15 20:00,0.006848,0.006849,0.006846,0.006846,147.382996,147.429993,147.358002,147.378006,-1.359294,-1.361941,-1.307307
2025.09.15 22:00,0.006849,0.006849,0.006847,0.006847,147.315994,147.401001,147.315994,147.393005,-1.351641,-1.319934,-1.343645
2025.09.15 23:00,0.006847,0.006851,0.006846,0.006847,147.386993,147.425995,147.330002,147.395004,-1.355296,-1.355258,-1.345644
2025.09.16 00:00,0.006847,0.006849,0.006842,0.006845,147.399002,147.501999,147.343994,147.436996,-1.345903,-1.347934,-1.344963
2025.09.16 01:00,0.006845,0.006853,0.00684,0.006849,147.440002,147.537994,147.257996,147.347,-1.339162,-1.347145,-1.35094
2025.09.16 02:00,0.006849,0.00686,0.006849,0.006859,147.347,147.352997,147.112,147.145996,-1.356936,-1.339406,-1.362775
2025.09.16 03:00,0.006857,0.006866,0.006857,0.006861,147.145996,147.197998,147.014008,147.098007,-1.361623,-1.358192,-1.336041
2025.09.16 04:00,0.006862,0.006868,0.006861,0.006866,147.095993,147.128006,146.966995,147.009003,-1.387278,-1.353599,-1.353188
2025.09.16 05:00,0.006866,0.00687,0.006863,0.006866,147.009003,147.070999,146.910004,146.990005,-1.362123,-1.339002,-1.3448
2025.09.16 06:00,0.006866,0.006876,0.006865,0.00687,146.985992,147.026001,146.774002,146.897995,-1.359575,-1.340615,-1.348177
2025.09.16 07:00,0.006871,0.00688,0.00687,0.006871,146.895004,146.899002,146.686005,146.888,-1.349184,-1.347727,-1.348776
2025.09.16 08:00,0.00687,0.006872,0.006861,0.006866,146.889008,147.093002,146.871994,146.994003,-1.352275,-1.343362,-1.348798
2025.09.16 09:00,0.006866,0.006872,0.006866,0.006868,146.992996,147.005005,146.860001,146.957001,-1.34919,-1.34196,-1.343605
2025.09.16 10:00,0.006868,0.006868,0.006861,0.006863,146.957001,147.089996,146.940994,147.054001,-1.349269,-1.338202,-1.345124
2025.09.16 11:00,0.006863,0.006872,0.006861,0.006868,147.050003,147.113998,146.869003,146.949997,-1.352032,-1.340372,-1.336601
2025.09.16 12:00,0.006868,0.00687,0.006853,0.006861,146.947006,147.255997,146.901993,147.098007,-1.345146,-1.341589,-1.336041
2025.09.16 13:00,0.006861,0.006878,0.006859,0.006878,147.100006,147.136993,146.729996,146.753998,-1.343143,-1.338898,-1.352328
2025.09.16 14:00,0.006877,0.006888,0.006875,0.006888,146.753998,146.804001,146.511002,146.520996,-1.349455,-1.330975,-1.340969
2025.09.16 15:00,0.006888,0.006889,0.00688,0.006886,146.520996,146.682007,146.494003,146.552994,-1.34373,-1.335056,-1.3308
2025.09.16 16:00,0.006886,0.006896,0.006886,0.006896,146.552994,146.563004,146.345993,146.350006,-1.34081,-1.33439,-1.338403
2025.09.16 17:00,0.006896,0.006899,0.006894,0.006895,146.356003,146.399994,146.274002,146.371002,-1.346321,-1.335959,-1.338372
2025.09.16 18:00,0.006895,0.006897,0.006894,0.006897,146.373993,146.397003,146.320007,146.337997,-1.332817,-1.339938,-1.33691
2025.09.16 19:00,0.006896,0.006897,0.006889,0.00689,146.343994,146.498993,146.339005,146.483994,-1.340045,-1.337917,-1.335583
2025.09.16 20:00,0.006889,0.006892,0.006889,0.00689,146.485992,146.505997,146.429001,146.477005,-1.347049,-1.322715,-1.349655
2025.09.16 22:00,0.006892,0.006892,0.006888,0.006888,146.438004,146.514008,146.397003,146.509995,-1.323449,-1.290717,-1.340508
2025.09.16 23:00,0.006889,0.006897,0.006888,0.006892,146.483994,146.494995,146.306,146.410995,-1.325509,-1.315427,-1.325757
2025.09.17 00:00,0.006892,0.006902,0.006885,0.006886,146.408005,146.569,146.207001,146.531006,-1.325719,-1.321459,-1.319358
2025.09.17 01:00,0.006886,0.006892,0.006883,0.006888,146.529999,146.604004,146.425995,146.494995,-1.318518,-1.319709,-1.325509
2025.09.17 02:00,0.006888,0.006888,0.006884,0.006887,146.492996,146.589996,146.488998,146.535995,-1.325611,-1.319512,-1.334893
2025.09.17 03:00,0.006887,0.00689,0.006886,0.006886,146.533997,146.563004,146.470993,146.529999,-1.330271,-1.322583,-1.318351
2025.09.17 04:00,0.006886,0.006891,0.006886,0.00689,146.528,146.544006,146.429993,146.453003,-1.332359,-1.313175,-1.325653
2025.09.17 05:00,0.00689,0.006894,0.006886,0.006888,146.451004,146.554001,146.363007,146.511993,-1.321269,-1.309334,-1.321434
2025.09.17 06:00,0.006888,0.00689,0.006886,0.006888,146.509995,146.544006,146.457993,146.494003,-1.332359,-1.320108,-1.324517
2025.09.17 07:00,0.006888,0.006889,0.00688,0.00688,146.494995,146.679993,146.473999,146.662994,-1.320594,-1.315051,-1.324717
2025.09.17 08:00,0.00688,0.006894,0.00688,0.00689,146.662003,146.682007,146.367996,146.451004,-1.322608,-1.314324,-1.323654
2025.09.17 09:00,0.00689,0.006899,0.00689,0.006897,146.445999,146.453995,146.272003,146.313995,-1.31611,-1.312955,-1.323422
2025.09.17 10:00,0.006897,0.006902,0.006894,0.006899,146.317001,146.389008,146.199997,146.268005,-1.324821,-1.314455,-1.329962
2025.09.17 11:00,0.006899,0.006901,0.006895,0.006895,146.270996,146.341995,146.216003,146.332993,-1.319875,-1.309472,-1.310872
2025.09.17 12:00,0.006896,0.006897,0.006889,0.006894,146.332993,146.477997,146.315002,146.376999,-1.319049,-1.313915,-1.312813
2025.09.17 13:00,0.006894,0.0069,0.006893,0.006896,146.373993,146.401001,146.242004,146.337006,-1.32629,-1.314466,-1.325402
2025.09.17 14:00,0.006896,0.006902,0.006894,0.006895,146.337006,146.391998,146.205002,146.337006,-1.327812,-1.31946,-1.314885
2025.09.17 15:00,0.006895,0.006897,0.006894,0.006895,146.337997,146.384995,146.298996,146.360001,-1.320808,-1.318926,-1.327371
2025.09.17 16:00,0.006894,0.0069,0.006894,0.006898,146.356995,146.376007,146.25,146.285995,-1.332857,-1.322462,-1.316437
2025.09.17 17:00,0.006898,0.006899,0.006894,0.006899,146.281998,146.367996,146.238007,146.251007,-1.324846,-1.299963,-1.291959
2025.09.17 18:00,0.0069,0.006936,0.006871,0.006878,146.248993,146.856995,145.475998,146.710999,-1.31777,-1.31107,-1.319901
2025.09.17 19:00,0.006878,0.006891,0.006872,0.006875,146.716003,146.847,146.434998,146.779007,-1.318368,-1.31818,-1.324461
2025.09.17 20:00,0.006876,0.006876,0.006862,0.006865,146.778,147.048004,146.746994,146.938995,-1.317898,-1.313607,-1.272569
2025.09.17 22:00,0.006866,0.006872,0.006863,0.00687,146.919006,146.983002,146.787994,146.837997,-1.263516,-1.269954,-1.277593
2025.09.17 23:00,0.00687,0.006873,0.006866,0.006868,146.832993,146.908997,146.761993,146.876007,-1.274389,-1.26512,-1.262611
2025.09.18 00:00,0.006868,0.00687,0.006861,0.006866,146.876007,147.028,146.848007,146.912003,-1.276649,-1.277006,-1.277395
2025.09.18 01:00,0.006867,0.00687,0.006855,0.006861,146.908997,147.147003,146.841003,147.020004,-1.278721,-1.280599,-1.268653
2025.09.18 02:00,0.006861,0.006867,0.006859,0.006866,147.018997,147.069,146.891006,146.899994,-1.275149,-1.267006,-1.265386
2025.09.18 03:00,0.006866,0.00687,0.006861,0.006861,146.901001,147.052002,146.848007,147.046005,-1.290036,-1.277006,-1.284039
2025.09.18 04:00,0.00686,0.006861,0.006851,0.006853,147.046005,147.220001,147.035004,147.201996,-1.266558,-1.273037,-1.269857
2025.09.18 05:00,0.006853,0.006854,0.006843,0.006846,147.201996,147.404999,147.167999,147.350998,-1.280936,-1.267796,-1.280299
2025.09.18 06:00,0.006846,0.006847,0.006837,0.006843,147.348007,147.531998,147.326996,147.406006,-1.279708,-1.266967,-1.271274
2025.09.18 07:00,0.006843,0.006861,0.006842,0.006857,147.404007,147.425995,147.022003,147.117004,-1.269899,-1.281275,-1.280629
2025.09.18 08:00,0.006857,0.006858,0.00684,0.006842,147.110992,147.488007,147.095993,147.429993,-1.289175,-1.280888,-1.273897
2025.09.18 09:00,0.006842,0.006855,0.006841,0.00685,147.429993,147.453995,147.154999,147.270996,-1.276539,-1.276074,-1.285595
2025.09.18 10:00,0.006851,0.006851,0.006846,0.006851,147.272003,147.371002,147.220001,147.255997,-1.300303,-1.266558,-1.281253
2025.09.18 11:00,0.006851,0.006852,0.006843,0.006845,147.255997,147.423996,147.209,147.378006,-1.278583,-1.26621,-1.275297
2025.09.18 12:00,0.006845,0.006845,0.006825,0.006826,147.376999,147.800995,147.358002,147.783997,-1.280849,-1.265968,-1.285311
2025.09.18 13:00,0.006826,0.006826,0.006804,0.006814,147.787003,148.266998,147.785004,148.057999,-1.283828,-1.286318,-1.290553
2025.09.18 14:00,0.006813,0.006821,0.00681,0.006816,148.052994,148.126999,147.897003,148.011993,-1.284124,-1.290934,-1.287617
2025.09.18 15:00,0.006816,0.00682,0.006812,0.006815,148.007004,148.080002,147.897995,148.018997,-1.280241,-1.281176,-1.283854
2025.09.18 16:00,0.006814,0.006823,0.006814,0.006822,148.018005,148.042007,147.850998,147.860992,-1.285334,-1.287903,-1.276409
2025.09.18 17:00,0.006822,0.006825,0.006821,0.006822,147.860001,147.893005,147.800003,147.869003,-1.286936,-1.279858,-1.273683
2025.09.18 18:00,0.006822,0.006824,0.006819,0.006821,147.869995,147.929001,147.819,147.878998,-1.279932,-1.277378,-1.272929
2025.09.18 19:00,0.006821,0.006823,0.006818,0.006818,147.875,147.960007,147.839005,147.940994,-1.289434,-1.27591,-1.270421
2025.09.18 20:00,0.006818,0.006819,0.006815,0.006816,147.940994,148.016998,147.938004,147.975998,-1.281855,-1.288935,-1.273142
2025.09.18 22:00,0.006815,0.006818,0.006814,0.006817,147.957001,147.979996,147.897003,147.932007,-1.234083,-1.237178,-1.239913
2025.09.18 23:00,0.006816,0.006818,0.006814,0.006816,147.932007,148.007004,147.929993,147.957001,-1.250331,-1.24866,-1.24339
2025.09.19 00:00,0.006816,0.00682,0.00681,0.006814,147.959,148.113007,147.889008,148.007004,-1.259347,-1.250694,-1.261091
2025.09.19 01:00,0.006814,0.006818,0.00681,0.006812,148.001999,148.093994,147.927994,148.059006,-1.25112,-1.246661,-1.248466
2025.09.19 02:00,0.006812,0.006817,0.00681,0.006815,148.054993,148.104004,147.942993,147.990997,-1.261129,-1.2509,-1.255854
2025.09.19 03:00,0.006816,0.006843,0.006815,0.006832,147.977997,147.992004,147.363998,147.623001,-1.256861,-1.239936,-1.263689
2025.09.19 04:00,0.006845,0.006851,0.006835,0.006837,147.619003,147.626007,147.192001,147.516998,-1.320231,-1.238558,-1.243321
2025.09.19 05:00,0.006836,0.006841,0.006834,0.006837,147.516998,147.582001,147.410995,147.507996,-1.244111,-1.244215,-1.234318
2025.09.19 06:00,0.006837,0.006839,0.006815,0.006821,147.505997,147.988007,147.462006,147.845993,-1.252863,-1.231108,-1.239924
2025.09.19 07:00,0.006821,0.00683,0.006816,0.006818,147.845993,147.955994,147.656998,147.925995,-1.253137,-1.233398,-1.244662
2025.09.19 08:00,0.006818,0.006823,0.006812,0.006821,147.929001,148.033005,147.806,147.854004,-1.24401,-1.242905,-1.247935
2025.09.19 09:00,0.006821,0.006826,0.006816,0.006816,147.848999,147.983994,147.748001,147.953003,-1.259617,-1.238591,-1.250147
2025.09.19 10:00,0.006816,0.00682,0.006816,0.006817,147.951996,147.975998,147.850006,147.940002,-1.251622,-1.233187,-1.247909
2025.09.19 11:00,0.006817,0.006818,0.006804,0.006807,147.936996,148.197006,147.927002,148.164001,-1.235432,-1.245669,-1.256404
2025.09.19 12:00,0.006807,0.006814,0.006801,0.006807,148.160995,148.283005,148.011002,148.154007,-1.256613,-1.243556,-1.24641
2025.09.19 13:00,0.006807,0.006824,0.006807,0.006822,148.151993,148.158997,147.800003,147.830002,-1.2514,-1.247651,-1.234681
2025.09.19 14:00,0.006822,0.006824,0.006818,0.00682,147.830002,147.923004,147.785004,147.882004,-1.252431,-1.243382,-1.24369
2025.09.19 15:00,0.006819,0.006822,0.006816,0.006822,147.882004,147.951004,147.822006,147.830994,-1.248148,-1.237422,-1.235673
2025.09.19 16:00,0.006822,0.006824,0.006818,0.006821,147.830002,147.925995,147.789993,147.843994,-1.244662,-1.237641,-1.237925
2025.09.19 17:00,0.006821,0.006822,0.006816,0.006816,147.843994,147.951996,147.839005,147.938004,-1.238385,-1.243684,-1.235147
2025.09.19 18:00,0.006817,0.006818,0.006815,0.006816,147.938004,147.975006,147.912994,147.957993,-1.239862,-1.242421,-1.233616
2025.09.19 19:00,0.006816,0.006818,0.006814,0.006816,147.962997,147.994995,147.914993,147.938995,-1.249082,-1.24442,-1.236139
2025.09.19 20:00,0.006816,0.006817,0.006814,0.006816,147.934006,147.992996,147.891998,147.912003,-1.236323,-1.199905,-1.187626
2025.09.22 04:00,0.006798,0.006801,0.006797,0.0068,148.330994,148.369003,148.268005,148.283005,-1.234453,-1.219999,-1.224183
2025.09.22 05:00,0.0068,0.006804,0.006799,0.006801,148.281006,148.304993,148.218002,148.25,-1.235355,-1.234832,-1.223608
2025.09.22 06:00,0.006801,0.006814,0.006801,0.00681,148.248993,148.259995,147.990997,148.072006,-1.222791,-1.223552,-1.229132
2025.09.22 07:00,0.00681,0.006818,0.006808,0.006808,148.072998,148.132004,147.884003,148.110001,-1.235199,-1.224178,-1.223987
2025.09.22 08:00,0.006808,0.006822,0.006808,0.00682,148.112,148.126999,147.813995,147.843994,-1.230195,-1.229412,-1.216423
2025.09.22 09:00,0.00682,0.006823,0.006816,0.006819,147.852005,147.944,147.792999,147.871002,-1.23039,-1.229905,-1.221933
2025.09.22 10:00,0.006818,0.006822,0.006816,0.00682,147.871002,147.931,147.813995,147.852005,-1.228144,-1.229412,-1.224434
2025.09.22 11:00,0.00682,0.006826,0.006818,0.00682,147.852997,147.906998,147.737,147.837997,-1.236425,-1.22759,-1.221178
2025.09.22 12:00,0.006821,0.006824,0.006816,0.00682,147.837997,147.929993,147.757996,147.835999,-1.216382,-1.227113,-1.219179
2025.09.22 13:00,0.006821,0.006826,0.006815,0.006822,147.835007,147.966003,147.723999,147.815994,-1.23086,-1.225314,-1.23141
2025.09.22 14:00,0.006822,0.006822,0.006814,0.006819,147.817001,147.983002,147.811005,147.871002,-1.226329,-1.226421,-1.221933
2025.09.22 15:00,0.006819,0.006822,0.006818,0.006821,147.876999,147.901993,147.813004,147.830994,-1.23142,-1.217683,-1.224925
2025.09.22 16:00,0.006821,0.006826,0.006819,0.006825,147.830994,147.886993,147.727997,147.740997,-1.237925,-1.218587,-1.220852
2025.09.22 17:00,0.006826,0.00683,0.006824,0.006828,147.735992,147.779999,147.651001,147.679993,-1.227646,-1.227402,-1.224219
2025.09.22 18:00,0.006828,0.006829,0.006824,0.006826,147.682999,147.772995,147.654999,147.723999,-1.231373,-1.220676,-1.225314
2025.09.22 19:00,0.006826,0.006828,0.006825,0.006826,147.723999,147.738998,147.684006,147.735992,-1.218853,-1.217514,-1.226583
2025.09.22 20:00,0.006826,0.006827,0.006824,0.006826,147.735001,147.779007,147.688004,147.701996,-1.237385,-1.210782,-1.203311
2025.09.22 22:00,0.006826,0.006829,0.006826,0.006827,147.690994,147.738998,147.649994,147.707993,-1.229589,-1.215671,-1.230771
2025.09.22 23:00,0.006828,0.006828,0.006824,0.006826,147.692993,147.766998,147.675995,147.727005,-1.225376,-1.230947,-1.22832
2025.09.23 00:00,0.006826,0.00683,0.006824,0.006829,147.727005,147.766006,147.645996,147.664001,-1.224385,-1.222397,-1.229679
2025.09.23 01:00,0.006829,0.006832,0.006828,0.006831,147.662994,147.701004,147.595993,147.612,-1.234512,-1.225967,-1.220551
2025.09.23 02:00,0.006831,0.006832,0.006822,0.006823,147.619995,147.813995,147.600998,147.787994,-1.229412,-1.220266,-1.2249
2025.09.23 03:00,0.006822,0.006825,0.00682,0.006824,147.787994,147.865005,147.744003,147.759003,-1.226692,-1.223858,-1.217381
2025.09.23 04:00,0.006823,0.006824,0.006822,0.006822,147.753006,147.813004,147.725998,147.796005,-1.22842,-1.195115,-1.222167
2025.09.23 05:00,0.006822,0.006826,0.006821,0.006822,147.794006,147.839996,147.733002,147.798004,-1.233927,-1.223592,-1.224166
2025.09.23 06:00,0.006822,0.00683,0.006821,0.006826,147.794006,147.834,147.632004,147.707993,-1.227931,-1.229836,-1.22004
2025.09.23 07:00,0.006826,0.00683,0.006822,0.006826,147.707993,147.822006,147.639999,147.725006,-1.226686,-1.227112,-1.226321
2025.09.23 08:00,0.006826,0.006835,0.006824,0.006834,147.723999,147.776001,147.531006,147.563995,-1.234379,-1.225229,-1.226106
2025.09.23 09:00,0.006834,0.006836,0.006831,0.006832,147.559006,147.623993,147.503006,147.604004,-1.232544,-1.218627,-1.223272
2025.09.23 10:00,0.006832,0.006832,0.006824,0.006826,147.604004,147.768005,147.574005,147.712006,-1.226383,-1.214693,-1.224053
2025.09.23 11:00,0.006826,0.006828,0.006822,0.006824,147.710999,147.794998,147.682999,147.764008,-1.22116,-1.216507,-1.233125
2025.09.23 12:00,0.006824,0.006824,0.006819,0.006824,147.757004,147.884003,147.751007,147.766006,-1.234934,-1.220124,-1.224385
2025.09.23 13:00,0.006824,0.006828,0.006818,0.006828,147.766006,147.886002,147.656006,147.673996,-1.226177,-1.210958,-1.228949
2025.09.23 14:00,0.006828,0.006831,0.006822,0.006824,147.671005,147.800995,147.610992,147.761993,-1.227156,-1.219544,-1.23111
2025.09.23 15:00,0.006824,0.006825,0.006817,0.006821,147.761993,147.925995,147.744003,147.835007,-1.233901,-1.223858,-1.228938
2025.09.23 16:00,0.006821,0.006828,0.006816,0.006824,147.837006,147.927002,147.679993,147.766006,-1.224146,-1.213501,-1.224385
2025.09.23 17:00,0.006824,0.006837,0.006824,0.006833,147.766998,147.774002,147.485001,147.572998,-1.23238,-1.222023,-1.224398
2025.09.23 18:00,0.006832,0.006838,0.00683,0.006833,147.572998,147.623001,147.455994,147.578003,-1.220834,-1.214401,-1.229403
2025.09.23 19:00,0.006833,0.006835,0.00683,0.00683,147.582001,147.632004,147.544006,147.623001,-1.229836,-1.227524,-1.220834
2025.09.23 20:00,0.00683,0.006832,0.006828,0.00683,147.623001,147.673004,147.576996,147.604996,-1.21723,-1.217683,-1.192108
2025.09.23 22:00,0.006831,0.006834,0.00683,0.00683,147.561005,147.628998,147.535004,147.610001,-1.21611,-1.197114,-1.207833
2025.09.23 23:00,0.006831,0.006832,0.006828,0.006831,147.612,147.664001,147.567993,147.600006,-1.208228,-1.197967,-1.208557
2025.09.24 00:00,0.006832,0.006835,0.006821,0.006822,147.595993,147.828003,147.511002,147.776001,-1.221934,-1.205225,-1.202163
2025.09.24 01:00,0.006823,0.006826,0.006821,0.006824,147.770996,147.811996,147.709,147.75,-1.205927,-1.210314,-1.208378
2025.09.24 02:00,0.006824,0.006825,0.006822,0.006824,147.753006,147.789001,147.718002,147.764008,-1.215163,-1.197857,-1.211655
2025.09.24 03:00,0.006823,0.006824,0.006818,0.006818,147.764008,147.876999,147.753998,147.865005,-1.206426,-1.201645,-1.20518
2025.09.24 04:00,0.006818,0.006818,0.006814,0.006817,147.869995,147.960999,147.865005,147.903,-1.204325,-1.194432,-1.210906
2025.09.24 05:00,0.006817,0.006821,0.006816,0.006818,147.895004,147.940002,147.804993,147.871002,-1.215626,-1.198924,-1.200429
2025.09.24 06:00,0.006818,0.006818,0.006808,0.00681,147.876999,148.106003,147.863998,148.052994,-1.21999,-1.204173,-1.210119
2025.09.24 07:00,0.00681,0.006812,0.006808,0.00681,148.052994,148.100006,147.998993,148.039001,-1.213993,-1.199232,-1.2069
2025.09.24 08:00,0.00681,0.006812,0.006799,0.006801,148.037994,148.292007,148.011002,148.264008,-1.211551,-1.21124,-1.216001
2025.09.24 09:00,0.006801,0.006803,0.006797,0.006799,148.259995,148.343994,148.203003,148.272003,-1.209443,-1.19823,-1.202365
2025.09.24 10:00,0.006799,0.006799,0.006793,0.006795,148.278,148.421005,148.272003,148.389999,-1.210637,-1.202365,-1.212139
2025.09.24 11:00,0.006795,0.006795,0.006789,0.006789,148.389999,148.518005,148.369003,148.494995,-1.220902,-1.201965,-1.208742
2025.09.24 12:00,0.006789,0.006793,0.006779,0.006781,148.494995,148.716003,148.425995,148.667007,-1.212496,-1.215627,-1.207002
2025.09.24 13:00,0.006782,0.006784,0.006777,0.00678,148.664993,148.774994,148.610992,148.699997,-1.217081,-1.205331,-1.20737
2025.09.24 14:00,0.006781,0.006785,0.006776,0.006781,148.709,148.779999,148.587006,148.705994,-1.200304,-1.213928,-1.224246
2025.09.24 15:00,0.006781,0.006781,0.006777,0.00678,148.705994,148.774002,148.690002,148.707001,-1.216089,-1.208255,-1.214374
2025.09.24 16:00,0.00678,0.006781,0.006777,0.006777,148.712006,148.792007,148.679993,148.759995,-1.223204,-1.219988,-1.21296
2025.09.24 17:00,0.006777,0.006781,0.006777,0.006779,148.759995,148.766998,148.699997,148.733994,-1.219963,-1.218249,-1.208731
2025.09.24 18:00,0.006779,0.006779,0.006772,0.006774,148.735992,148.871994,148.731995,148.835007,-1.216032,-1.217616,-1.211739
2025.09.24 19:00,0.006775,0.006775,0.006772,0.006773,148.843002,148.888,148.830002,148.854996,-1.221134,-1.217632,-1.220828
2025.09.24 20:00,0.006773,0.006773,0.00677,0.006772,148.858994,148.914993,148.848999,148.889999,-1.215414,-1.214832,-1.212237
2025.09.24 22:00,0.006772,0.006775,0.006772,0.006774,148.753998,148.848999,148.753998,148.794998,-1.171237,-1.152525,-1.17173
2025.09.24 23:00,0.006774,0.006777,0.006772,0.006775,148.798996,148.832993,148.720993,148.778,-1.177031,-1.173958,-1.16563
2025.09.25 00:00,0.006775,0.006785,0.006774,0.006785,148.778,148.792007,148.557007,148.569,-1.16874,-1.173076,-1.174205
2025.09.25 01:00,0.006784,0.006785,0.006771,0.006776,148.569,148.858994,148.554001,148.746994,-1.170323,-1.17007,-1.167299
2025.09.25 02:00,0.006776,0.006782,0.006776,0.006776,148.746994,148.757996,148.608994,148.744003,-1.178301,-1.159862,-1.164308
2025.09.25 03:00,0.006776,0.00678,0.006775,0.006779,148.748001,148.774002,148.654007,148.667999,-1.172529,-1.16138,-1.164492
2025.09.25 04:00,0.006779,0.006783,0.006779,0.006783,148.664001,148.699997,148.595001,148.600006,-1.174734,-1.167613,-1.161747
2025.09.25 05:00,0.006783,0.006783,0.006773,0.006773,148.602005,148.813004,148.593002,148.806,-1.167945,-1.165615,-1.160941
2025.09.25 06:00,0.006773,0.006777,0.006771,0.006775,148.804993,148.860992,148.723999,148.778,-1.172322,-1.155196,-1.16563
2025.09.25 07:00,0.006775,0.006781,0.006772,0.006772,148.781006,148.826996,148.630005,148.822006,-1.171034,-1.159134,-1.166045
2025.09.25 08:00,0.006773,0.00678,0.006772,0.006777,148.815002,148.824005,148.658005,148.737,-1.168043,-1.165378,-1.168196
2025.09.25 09:00,0.006777,0.006779,0.006773,0.006775,148.737,148.811996,148.679993,148.785995,-1.166938,-1.176485,-1.173626
2025.09.25 10:00,0.006774,0.006777,0.006774,0.006774,148.791,148.798996,148.720001,148.798996,-1.175728,-1.162088,-1.175728
2025.09.25 11:00,0.006773,0.006774,0.00677,0.006772,148.794998,148.893005,148.789993,148.830002,-1.171612,-1.166726,-1.163136
2025.09.25 12:00,0.006772,0.006773,0.006748,0.006754,148.835007,149.354996,148.794006,149.242004,-1.173914,-1.159839,-1.170636
2025.09.25 13:00,0.006754,0.006758,0.006743,0.006746,149.237,149.475006,149.132004,149.421997,-1.173061,-1.159226,-1.175018
2025.09.25 14:00,0.006745,0.006749,0.006736,0.006736,149.425003,149.636002,149.335007,149.630005,-1.179946,-1.164906,-1.173949
2025.09.25 15:00,0.006736,0.006737,0.006727,0.006729,149.628998,149.843002,149.619003,149.783005,-1.188332,-1.173969,-1.172508
2025.09.25 16:00,0.006729,0.006733,0.006725,0.006728,149.785004,149.865997,149.703995,149.806,-1.178165,-1.170764,-1.17342
2025.09.25 17:00,0.006727,0.00673,0.006723,0.006728,149.813004,149.919998,149.753006,149.804993,-1.176882,-1.164596,-1.172413
2025.09.25 18:00,0.006729,0.006731,0.006723,0.006725,149.804993,149.927994,149.720001,149.882996,-1.184878,-1.1647,-1.184116
2025.09.25 19:00,0.006725,0.006732,0.006725,0.00673,149.886002,149.897003,149.720993,149.770996,-1.187064,-1.176728,-1.182586
2025.09.25 20:00,0.006729,0.006731,0.006728,0.006728,149.766998,149.811005,149.740997,149.783997,-1.178425,-1.174658,-1.151416
2025.09.25 22:00,0.006728,0.006731,0.006727,0.006731,149.740997,149.804993,149.710007,149.751007,-1.161363,-1.154705,-1.173639
2025.09.25 23:00,0.006731,0.006731,0.006719,0.006725,149.729004,149.955994,149.725006,149.867996,-1.135393,-1.158667,-1.158057
2025.09.26 00:00,0.006725,0.006735,0.006721,0.006733,149.867996,149.945007,149.632004,149.679001,-1.157629,-1.153901,-1.156793
2025.09.26 01:00,0.006733,0.006735,0.006725,0.006727,149.677994,149.848007,149.626999,149.822006,-1.160174,-1.15992,-1.156284
2025.09.26 02:00,0.006727,0.006733,0.006726,0.006731,149.824997,149.832001,149.686005,149.716995,-1.155224,-1.152774,-1.150656
2025.09.26 03:00,0.006731,0.006733,0.00673,0.006732,149.716995,149.744003,149.666,149.699997,-1.155594,-1.154823,-1.155732
2025.09.26 04:00,0.006733,0.006735,0.006731,0.006735,149.699997,149.729996,149.638,149.639008,-1.163656,-1.159897,-1.160904
2025.09.26 05:00,0.006735,0.006736,0.006731,0.006731,149.639008,149.720993,149.610992,149.707993,-1.154654,-1.154937,-1.152691
2025.09.26 06:00,0.006731,0.006733,0.006728,0.006731,149.710007,149.798004,149.690002,149.716995,-1.165424,-1.167794,-1.161694
2025.09.26 07:00,0.006731,0.006732,0.006725,0.006726,149.720001,149.884995,149.718994,149.845993,-1.175055,-1.174729,-1.169216
2025.09.26 08:00,0.006725,0.006735,0.006725,0.00673,149.841995,149.848007,149.645004,149.744003,-1.160174,-1.166901,-1.155594
2025.09.26 09:00,0.00673,0.006731,0.006728,0.006729,149.744995,149.796005,149.705994,149.781006,-1.163425,-1.150692,-1.159473
2025.09.26 10:00,0.006729,0.006729,0.006721,0.006723,149.785004,149.951004,149.774002,149.886002,-1.174686,-1.15247,-1.153939
2025.09.26 11:00,0.006723,0.00673,0.006723,0.006729,149.891998,149.897995,149.75,149.781998,-1.154879,-1.16159,-1.160465
2025.09.26 12:00,0.006728,0.006737,0.006726,0.006735,149.781998,149.839005,149.580994,149.623001,-1.162228,-1.157987,-1.155923
2025.09.26 13:00,0.006736,0.006741,0.006729,0.006731,149.617996,149.783005,149.505005,149.735001,-1.161472,-1.159059,-1.179699
2025.09.26 14:00,0.006731,0.006743,0.006731,0.006741,149.740997,149.740997,149.457001,149.498001,-1.174658,-1.155056,-1.163061
2025.09.26 15:00,0.006741,0.006745,0.006738,0.006741,149.496994,149.574005,149.419998,149.518997,-1.162015,-1.162027,-1.173052
2025.09.26 16:00,0.006741,0.006742,0.006737,0.006739,149.518997,149.595001,149.488007,149.552002,-1.160977,-1.16407,-1.173042
2025.09.26 17:00,0.006739,0.006742,0.006739,0.006741,149.546005,149.559998,149.472,149.514999,-1.159023,-1.159055,-1.158057
2025.09.26 18:00,0.006741,0.006746,0.006739,0.006744,149.516998,149.552994,149.399994,149.434006,-1.163022,-1.153015,-1.165041
2025.09.26 19:00,0.006744,0.006744,0.006739,0.006741,149.440002,149.559006,149.431,149.501999,-1.169034,-1.162035,-1.167058
2025.09.26 20:00,0.006741,0.006744,0.006739,0.006744,149.505997,149.548996,149.438995,149.505005,-1.159024,-1.159046,-1.225055
2025.09.28 23:00,0.006741,0.006748,0.006741,0.006744,149.464005,149.473999,149.332993,149.410004,-1.139059,-1.140939,-1.130054
2025.09.29 00:00,0.006744,0.006758,0.006744,0.006755,149.408005,149.421005,149.106003,149.171997,-1.141056,-1.133225,-1.133507
2025.09.29 01:00,0.006755,0.006762,0.00675,0.006759,149.171005,149.279007,149.011993,149.085999,-1.141828,-1.137685,-1.135118
2025.09.29 02:00,0.006759,0.006768,0.006758,0.006766,149.089005,149.104996,148.895996,148.938004,-1.132218,-1.141856,-1.140187
2025.09.29 03:00,0.006766,0.006769,0.006766,0.006767,148.936996,148.959,148.878998,148.929001,-1.150268,-1.146691,-1.153031
2025.09.29 04:00,0.006766,0.006768,0.006764,0.006766,148.931,148.977997,148.882004,148.942993,-1.147409,-1.138781,-1.145177
2025.09.29 05:00,0.006766,0.006775,0.006764,0.006773,148.942993,148.979004,148.737,148.776993,-1.148416,-1.135526,-1.131934
2025.09.29 06:00,0.006773,0.006777,0.00677,0.006772,148.772995,148.852997,148.705002,148.817001,-1.142506,-1.136198,-1.139239
2025.09.29 07:00,0.006772,0.006785,0.006771,0.006783,148.822006,148.837006,148.516998,148.570007,-1.148336,-1.14392,-1.131749
2025.09.29 08:00,0.006783,0.006787,0.006781,0.006785,148.572998,148.621002,148.466995,148.522003,-1.139254,-1.137343,-1.127208
2025.09.29 09:00,0.006785,0.006787,0.00678,0.006781,148.522995,148.634995,148.466995,148.598007,-1.142368,-1.137343,-1.138002
2025.09.29 10:00,0.006781,0.006783,0.006778,0.006778,148.598007,148.684998,148.565994,148.664993,-1.14885,-1.138606,-1.128845
2025.09.29 11:00,0.006778,0.006781,0.006772,0.00678,148.662003,148.798996,148.615997,148.628998,-1.143034,-1.134249,-1.136371
2025.09.29 12:00,0.00678,0.006783,0.006772,0.006781,148.623993,148.811996,148.570007,148.598007,-1.134234,-1.131749,-1.127137
2025.09.29 13:00,0.006781,0.006787,0.006775,0.006782,148.598007,148.738007,148.475006,148.576996,-1.125637,-1.123649,-1.127865
2025.09.29 14:00,0.006782,0.006785,0.006779,0.006779,148.572998,148.651993,148.524994,148.643997,-1.12673,-1.130199,-1.129618
2025.09.29 15:00,0.006779,0.006786,0.006779,0.006783,148.649994,148.651001,148.494995,148.567993,-1.125738,-1.132778,-1.140605
2025.09.29 16:00,0.006783,0.006783,0.006781,0.006783,148.563004,148.615005,148.552994,148.578003,-1.133258,-1.125606,-1.139744
2025.09.29 17:00,0.006782,0.006784,0.006779,0.006782,148.574997,148.647995,148.544998,148.580994,-1.133616,-1.139337,-1.131863
2025.09.29 18:00,0.006782,0.006784,0.006779,0.006779,148.580002,148.641006,148.539993,148.634003,-1.126627,-1.134332,-1.119624
2025.09.29 19:00,0.006779,0.006783,0.006777,0.00678,148.632004,148.673996,148.552002,148.626999,-1.126961,-1.124614,-1.134372
2025.09.29 20:00,0.00678,0.006781,0.006777,0.006781,148.626007,148.695999,148.559006,148.578003,-1.138086,-1.099001,-1.107132
2025.09.29 22:00,0.006782,0.006782,0.006779,0.006781,148.576004,148.653,148.554993,148.595993,-1.127737,-1.105862,-1.114245
2025.09.29 23:00,0.006781,0.006785,0.006779,0.006779,148.591995,148.630005,148.494995,148.613007,-1.115626,-1.111065,-1.098627
2025.09.30 00:00,0.006779,0.006783,0.00677,0.006772,148.613998,148.845001,148.546005,148.789993,-1.123608,-1.118617,-1.112231
2025.09.30 01:00,0.006772,0.006781,0.006772,0.006773,148.792999,148.792999,148.595993,148.746994,-1.126133,-1.114245,-1.112827
2025.09.30 02:00,0.006773,0.006779,0.006772,0.006775,148.746002,148.802002,148.621994,148.714005,-1.12424,-1.118487,-1.112531
2025.09.30 03:00,0.006775,0.006785,0.006775,0.006784,148.710999,148.720993,148.507996,148.511002,-1.11952,-1.113201,-1.105341
2025.09.30 04:00,0.006783,0.006791,0.006781,0.006789,148.511002,148.591003,148.382996,148.401993,-1.120133,-1.118438,-1.11574
2025.09.30 05:00,0.006789,0.006797,0.006788,0.006795,148.397003,148.444,148.220001,148.285004,-1.125202,-1.107091,-1.107143
2025.09.30 06:00,0.006795,0.006806,0.006792,0.006805,148.281006,148.350998,148.042007,148.072006,-1.118961,-1.102033,-1.121232
2025.09.30 07:00,0.006804,0.00681,0.006799,0.006806,148.061996,148.177994,147.934998,148.046997,-1.108356,-1.102896,-1.107022
2025.09.30 08:00,0.006805,0.006816,0.006804,0.006814,148.044998,148.093994,147.832001,147.852997,-1.110824,-1.107624,-1.107084
2025.09.30 09:00,0.006814,0.006816,0.006809,0.00681,147.850006,147.985992,147.826004,147.968002,-1.121547,-1.101628,-1.114343
2025.09.30 10:00,0.00681,0.006812,0.006806,0.006806,147.968002,148.035995,147.893997,148.024002,-1.117604,-1.105003,-1.105611
2025.09.30 11:00,0.006807,0.00681,0.006803,0.00681,148.020004,148.098007,147.960007,147.964005,-1.104031,-1.106347,-1.110345
2025.09.30 12:00,0.00681,0.006812,0.006806,0.00681,147.966003,148.026001,147.889999,147.951004,-1.10761,-1.101005,-1.097345
2025.09.30 13:00,0.00681,0.006817,0.006805,0.006812,147.955002,148.061996,147.802994,147.908997,-1.111223,-1.1109,-1.120002
2025.09.30 14:00,0.006811,0.006824,0.006808,0.006822,147.897003,148.003998,147.647003,147.681,-1.117985,-1.105381,-1.096416
2025.09.30 15:00,0.006822,0.006823,0.006807,0.006809,147.684006,148.018005,147.654999,147.966995,-1.110408,-1.091904,-1.10255
2025.09.30 16:00,0.00681,0.006821,0.006809,0.00682,147.962006,147.966003,147.699005,147.738007,-1.101558,-1.092936,-1.099693
2025.09.30 17:00,0.00682,0.006824,0.006814,0.006818,147.735992,147.847,147.645004,147.776993,-1.101087,-1.092652,-1.10642
2025.09.30 18:00,0.006818,0.006818,0.006813,0.006814,147.781006,147.882996,147.764008,147.863007,-1.104777,-1.093435,-1.095561
2025.09.30 19:00,0.006814,0.006816,0.006811,0.006814,147.871002,147.923996,147.822998,147.860001,-1.102676,-1.098622,-1.103327
2025.09.30 20:00,0.006814,0.006814,0.006809,0.006812,147.865005,147.979996,147.852997,147.893005,-1.11555,-1.096324,-1.104011
2025.09.30 22:00,0.006814,0.006816,0.006811,0.006812,147.845001,147.923004,147.800003,147.906006,-1.101684,-1.075627,-1.095466
2025.09.30 23:00,0.006812,0.006816,0.006806,0.006806,147.908997,148.028,147.800995,148.020996,-1.088025,-1.087384,-1.091819
2025.10.01 00:00,0.006806,0.006806,0.006797,0.006803,148.016006,148.225998,148.014999,148.100998,-1.102263,-1.085822,-1.096225
2025.10.01 01:00,0.006803,0.00681,0.006799,0.006809,148.102005,148.167007,147.934998,147.949005,-1.097369,-1.081338,-1.084559
2025.10.01 02:00,0.00681,0.006812,0.006807,0.006811,147.949005,148.039001,147.880997,147.910995,-1.131404,-1.092002,-1.089676
2025.10.01 03:00,0.006811,0.006813,0.006807,0.006811,147.908997,147.998993,147.863007,147.925003,-1.091396,-1.084788,-1.103683
2025.10.01 04:00,0.00681,0.006828,0.00681,0.006828,147.921005,147.957001,147.544006,147.550003,-1.103341,-1.077514,-1.083511
2025.10.01 05:00,0.006828,0.006832,0.006824,0.006829,147.552994,147.641998,147.453995,147.522003,-1.089646,-1.083969,-1.087681
2025.10.01 06:00,0.006829,0.006846,0.006829,0.006843,147.526993,147.526993,147.162994,147.225998,-1.09267,-1.092296,-1.091266
2025.10.01 07:00,0.006843,0.006853,0.006839,0.006848,147.229996,147.322006,147.013,147.123001,-1.101802,-1.091502,-1.094964
2025.10.01 08:00,0.006848,0.006859,0.006847,0.006847,147.119003,147.153,146.891998,147.149002,-1.092971,-1.098147,-1.088973
2025.10.01 09:00,0.006847,0.00685,0.006843,0.006845,147.143997,147.227005,147.065002,147.203003,-1.092273,-1.079601,-1.100294
2025.10.01 10:00,0.006844,0.006851,0.006841,0.00685,147.205994,147.266006,147.050995,147.072998,-1.099226,-1.076251,-1.087597
2025.10.01 11:00,0.00685,0.006853,0.006849,0.006853,147.074005,147.108002,146.990005,146.996994,-1.10129,-1.079155,-1.086144
2025.10.01 12:00,0.006853,0.006873,0.006848,0.006863,147.0,147.117004,146.580002,146.794006,-1.088967,-1.083129,-1.074521
2025.10.01 13:00,0.006863,0.006872,0.006859,0.006868,146.789993,146.873001,146.612,146.714996,-1.08978,-1.083368,-1.1016
2025.10.01 14:00,0.006868,0.006868,0.006851,0.00686,146.714005,147.048996,146.682999,146.858002,-1.095553,-1.080206,-1.085409
2025.10.01 15:00,0.00686,0.006861,0.006843,0.006847,146.860001,147.210999,146.837006,147.149994,-1.086936,-1.096278,-1.089965
2025.10.01 16:00,0.006846,0.006849,0.006842,0.006846,147.141006,147.253998,147.089005,147.156006,-1.097902,-1.082293,-1.085307
2025.10.01 17:00,0.006847,0.006848,0.006845,0.006846,147.156998,147.190994,147.108994,147.166,-1.088286,-1.080956,-1.095302
2025.10.01 18:00,0.006845,0.006853,0.006843,0.006849,147.162994,147.229004,147.016998,147.084,-1.083591,-1.08486,-1.077288
2025.10.01 19:00,0.006849,0.006851,0.006847,0.006849,147.087997,147.158997,147.046997,147.091995,-1.098968,-1.0829,-1.085284
2025.10.01 20:00,0.006849,0.006851,0.006845,0.006849,147.091995,147.166,147.029999,147.046005,-1.08463,-1.055255,-1.049945
2025.10.01 22:00,0.00685,0.006851,0.006847,0.006851,147.035995,147.065994,146.992996,147.005005,-1.027291,-1.039553,-1.040907
2025.10.01 23:00,0.006851,0.006851,0.006846,0.006847,147.003998,147.112,146.992996,147.104004,-1.041301,-1.039553,-1.043975
2025.10.02 00:00,0.006847,0.006847,0.006836,0.006842,147.108002,147.322006,147.102005,147.188004,-1.037627,-1.041976,-1.031908
2025.10.02 01:00,0.006842,0.006853,0.006841,0.006852,147.188004,147.225006,146.953003,146.981003,-1.04755,-1.042153,-1.038213
2025.10.02 02:00,0.006852,0.006854,0.006843,0.006843,146.979996,147.184998,146.932007,147.160004,-1.050265,-1.031803,-1.035941
2025.10.02 03:00,0.006844,0.006849,0.006842,0.006849,147.160995,147.195007,147.046005,147.080994,-1.038911,-1.039294,-1.06362
2025.10.02 04:00,0.006847,0.006847,0.006842,0.006843,147.080994,147.199005,147.067993,147.167999,-1.042909,-1.007965,-1.043937
2025.10.02 05:00,0.006843,0.006846,0.006839,0.006844,147.167999,147.266998,147.112,147.160004,-1.046794,-1.041301,-1.046619
2025.10.02 06:00,0.006844,0.006856,0.006834,0.006844,147.158005,147.380005,146.884995,147.156006,-1.042116,-1.027353,-1.042621
2025.10.02 07:00,0.006844,0.006851,0.006841,0.006847,147.156006,147.216003,147.005997,147.076996,-1.049223,-1.031253,-1.038293
2025.10.02 08:00,0.006847,0.006864,0.006847,0.006861,147.076004,147.082001,146.720993,146.789001,-1.032641,-1.03335,-1.03765
2025.10.02 09:00,0.006861,0.00687,0.006861,0.006869,146.787994,146.809006,146.593994,146.615997,-1.047039,-1.03359,-1.034397
2025.10.02 10:00,0.006869,0.006869,0.006862,0.006868,146.617996,146.770004,146.615997,146.639008,-1.039898,-1.034397,-1.036215
2025.10.02 11:00,0.006868,0.006869,0.006857,0.006861,146.636002,146.860992,146.619995,146.792007,-1.035253,-1.038395,-1.040656
2025.10.02 12:00,0.006861,0.006863,0.006841,0.006843,146.791,147.199005,146.738998,147.156998,-1.032225,-1.040739,-1.032935
2025.10.02 13:00,0.006843,0.006849,0.006839,0.006841,147.160004,147.268005,147.052994,147.218002,-1.037108,-1.03562,-1.040547
2025.10.02 14:00,0.006841,0.006844,0.006835,0.006835,147.223007,147.343002,147.147003,147.328995,-1.037226,-1.033618,-1.033913
2025.10.02 15:00,0.006835,0.006836,0.006827,0.006835,147.326004,147.514008,147.322998,147.343994,-1.036786,-1.038619,-1.027512
2025.10.02 16:00,0.006835,0.006843,0.006834,0.006843,147.345993,147.365997,147.156998,147.160995,-1.038807,-1.032935,-1.026263
2025.10.02 17:00,0.006843,0.006845,0.00684,0.006843,147.162994,147.235992,147.136002,147.173996,-1.037161,-1.033293,-1.028583
2025.10.02 18:00,0.006843,0.006843,0.006841,0.006841,147.173996,147.218994,147.158005,147.212997,-1.041538,-1.033942,-1.046217
2025.10.02 19:00,0.006841,0.006845,0.006839,0.00684,147.207993,147.251999,147.125,147.235992,-1.042477,-1.032966,-1.037161
2025.10.02 20:00,0.00684,0.006842,0.006837,0.006839,147.231995,147.292999,147.182007,147.248001,-1.030021,-1.025911,-1.017103
2025.10.02 22:00,0.006839,0.006843,0.006839,0.006841,147.197006,147.223999,147.151993,147.184006,-0.993101,-1.006579,-1.017226
2025.10.02 23:00,0.006841,0.006846,0.006841,0.006843,147.186005,147.203995,147.087997,147.151001,-1.026539,-1.017299,-1.016269
2025.10.03 00:00,0.006843,0.006843,0.006833,0.006834,147.149994,147.380997,147.149002,147.347,-1.032397,-1.024939,-1.01981
2025.10.03 01:00,0.006834,0.006841,0.006819,0.006826,147.347,147.684006,147.173996,147.507996,-1.034937,-1.007216,-1.020043
2025.10.03 02:00,0.006827,0.006827,0.006818,0.00682,147.505005,147.686005,147.492004,147.649994,-1.02618,-1.014783,-1.022423
2025.10.03 03:00,0.00682,0.006822,0.006814,0.006822,147.645004,147.766006,147.608994,147.623001,-1.020094,-1.013673,-1.02768
2025.10.03 04:00,0.006821,0.006822,0.006816,0.006817,147.623001,147.742996,147.587997,147.718994,-1.029386,-0.992677,-1.026901
2025.10.03 05:00,0.006817,0.006824,0.006812,0.006814,147.718994,147.815002,147.567993,147.783005,-1.026008,-1.015641,-1.026332
2025.10.03 06:00,0.006814,0.006827,0.006814,0.006822,147.783005,147.804001,147.492996,147.600006,-1.036556,-1.015775,-1.026168
2025.10.03 07:00,0.006822,0.006832,0.006818,0.006831,147.600006,147.682999,147.403,147.410995,-1.023174,-1.022268,-1.019547
2025.10.03 08:00,0.006832,0.006837,0.00683,0.006835,147.406998,147.440994,147.274002,147.324997,-1.038827,-1.021712,-1.029915
2025.10.03 09:00,0.006835,0.006836,0.00683,0.006834,147.324997,147.434006,147.306,147.369995,-1.031838,-1.021621,-1.032106
2025.10.03 10:00,0.006834,0.006837,0.006832,0.006835,147.365005,147.391006,147.306,147.322998,-1.031694,-1.032322,-1.027916
2025.10.03 11:00,0.006835,0.006841,0.006831,0.006837,147.315002,147.421997,147.214005,147.274002,-1.030548,-1.025861,-1.021712
2025.10.03 12:00,0.006838,0.006839,0.006832,0.006839,147.274002,147.412003,147.225006,147.263,-1.031271,-1.015484,-1.032103
2025.10.03 13:00,0.006839,0.006841,0.006832,0.006833,147.257996,147.382004,147.212006,147.354996,-1.022691,-1.023863,-1.006396
2025.10.03 14:00,0.006834,0.006847,0.006826,0.00683,147.356995,147.518005,147.018005,147.445999,-1.030053,-0.979302,-1.0224
2025.10.03 15:00,0.00683,0.006837,0.006828,0.006835,147.440002,147.490997,147.300003,147.332001,-1.024505,-1.026325,-1.015518
2025.10.03 16:00,0.006835,0.006835,0.006826,0.006828,147.337006,147.535995,147.320999,147.505005,-1.026586,-1.015223,-1.038513
2025.10.03 17:00,0.006827,0.006832,0.006826,0.006827,147.498993,147.514008,147.401993,147.505997,-1.026055,-1.021261,-1.028775
2025.10.03 18:00,0.006827,0.006829,0.006825,0.006828,147.505997,147.544006,147.459,147.496002,-1.023861,-1.024677,-1.02951
2025.10.03 19:00,0.006827,0.00683,0.006826,0.006829,147.496994,147.524994,147.451004,147.457993,-1.026309,-1.027405,-1.02367
2025.10.03 20:00,0.006829,0.006832,0.006827,0.006829,147.451996,147.514999,147.376999,147.399002,-1.037778,-1.017687,-0.96468
2025.10.06 04:00,0.00671,0.006711,0.006698,0.006699,150.057007,150.343002,149.839996,150.311996,-1.033561,-0.830909,-1.035986
2025.10.06 05:00,0.006698,0.006703,0.006694,0.006702,150.309006,150.436005,150.220001,150.251999,-1.037336,-1.033071,-1.031679
2025.10.06 06:00,0.006702,0.006713,0.006698,0.006712,150.255005,150.348999,150.003998,150.031006,-1.039558,-1.028207,-1.033022
2025.10.06 07:00,0.006712,0.006715,0.006703,0.006712,150.026001,150.216995,149.944,150.024994,-1.030065,-1.023676,-1.027011
2025.10.06 08:00,0.006712,0.006713,0.006695,0.006696,150.029007,150.399994,149.992004,150.365005,-1.034796,-1.027312,-1.033262
2025.10.06 09:00,0.006696,0.0067,0.006692,0.006696,150.363007,150.475998,150.294998,150.371994,-1.032676,-1.030131,-1.040251
2025.10.06 10:00,0.006696,0.0067,0.006694,0.0067,150.376999,150.434006,150.272003,150.279007,-1.046499,-1.029407,-1.036411
2025.10.06 11:00,0.0067,0.006703,0.006695,0.006696,150.279007,150.406006,150.214005,150.367996,-1.040808,-1.027074,-1.036253
2025.10.06 12:00,0.006696,0.006725,0.006696,0.006723,150.365997,150.389008,149.746002,149.778,-1.034966,-1.036063,-1.034884
2025.10.06 13:00,0.006723,0.006725,0.00671,0.006716,149.778,150.082993,149.748001,149.929993,-1.040595,-1.038062,-1.031837
2025.10.06 14:00,0.006717,0.006723,0.006708,0.006715,149.927994,150.113007,149.794998,149.955002,-1.048387,-1.040816,-1.034677
2025.10.06 15:00,0.006715,0.006717,0.006708,0.006712,149.960999,150.113998,149.917007,150.020004,-1.049378,-1.041025,-1.033113
2025.10.06 16:00,0.006713,0.006715,0.006706,0.006706,150.024002,150.171997,149.949005,150.156998,-1.051803,-1.039761,-1.036803
2025.10.06 17:00,0.006706,0.00671,0.006703,0.006704,150.156006,150.238007,150.072998,150.201004,-1.051076,-1.041699,-1.036322
2025.10.06 18:00,0.006704,0.006706,0.006699,0.0067,150.205002,150.320999,150.156006,150.292999,-1.044988,-1.046932,-1.039263
2025.10.06 19:00,0.0067,0.006704,0.006698,0.006699,150.294006,150.334,150.220993,150.317001,-1.046844,-1.045193,-1.04099
2025.10.06 20:00,0.0067,0.006701,0.006696,0.006697,150.317001,150.397003,150.281006,150.345001,-1.054117,-1.049549,-1.02441
2025.10.06 22:00,0.006698,0.006702,0.006695,0.006699,150.248001,150.388,150.244003,150.320007,-1.022802,-1.023683,-1.043996
2025.10.06 23:00,0.006699,0.006701,0.006695,0.006696,150.313004,150.395004,150.255997,150.360001,-1.029806,-1.024539,-1.028258
2025.10.07 00:00,0.006696,0.006697,0.006685,0.00669,150.358994,150.617996,150.354004,150.485992,-1.029363,-1.033413,-1.020329
2025.10.07 01:00,0.00669,0.006696,0.006685,0.00669,150.485992,150.612,150.360992,150.501999,-1.023366,-1.018106,-1.025172
2025.10.07 02:00,0.00669,0.006698,0.006688,0.006689,150.503006,150.535995,150.335999,150.531006,-1.025638,-1.026557,-1.031827
2025.10.07 03:00,0.006689,0.006696,0.006688,0.006696,150.526001,150.533997,150.354996,150.360992,-1.023639,-1.023253,-1.018106
2025.10.07 04:00,0.006698,0.006702,0.006693,0.006694,150.356995,150.442993,150.242996,150.408997,-1.033161,-1.022676,-1.02149
2025.10.07 05:00,0.006694,0.006694,0.006688,0.00669,150.410995,150.541,150.397003,150.492004,-1.030643,-1.020647,-1.015177
2025.10.07 06:00,0.00669,0.00669,0.006682,0.006685,150.492996,150.697006,150.490997,150.621994,-1.030015,-1.025333,-1.033361
2025.10.07 07:00,0.006684,0.006688,0.006681,0.006684,150.619995,150.710999,150.531998,150.619003,-1.021609,-1.02164,-1.019178
2025.10.07 08:00,0.006685,0.00669,0.006675,0.006677,150.621994,150.832001,150.520004,150.785995,-1.030487,-1.032002,-1.018132
2025.10.07 09:00,0.006677,0.00668,0.006675,0.006679,150.785995,150.830002,150.720993,150.75,-1.028488,-1.020397,-1.026985
2025.10.07 10:00,0.006679,0.006681,0.006677,0.006678,150.751007,150.794006,150.701996,150.763,-1.026143,-1.012606,-1.01757
2025.10.07 11:00,0.006677,0.006678,0.006669,0.006672,150.772003,150.949997,150.755997,150.891006,-1.013718,-1.010566,-1.010912
2025.10.07 12:00,0.006673,0.006677,0.006666,0.006675,150.897003,151.039001,150.800995,150.826996,-1.024,-1.033132,-1.014258
2025.10.07 13:00,0.006675,0.00668,0.006671,0.006671,150.826996,150.940994,150.729004,150.929001,-1.027198,-1.028408,-1.026433
2025.10.07 14:00,0.006671,0.006672,0.006659,0.00666,150.934006,151.205002,150.904007,151.173996,-1.032307,-1.023912,-1.023845
2025.10.07 15:00,0.006661,0.006669,0.006659,0.006661,151.169998,151.203995,150.975998,151.175003,-1.0313,-1.01724,-1.036126
2025.10.07 16:00,0.006661,0.006663,0.00665,0.006653,151.171997,151.408997,151.095001,151.322998,-1.033054,-1.023714,-1.026157
2025.10.07 17:00,0.006654,0.006657,0.006644,0.006645,151.320007,151.533005,151.246994,151.514999,-1.03259,-1.029182,-1.025912
2025.10.07 18:00,0.006646,0.006646,0.006626,0.006632,151.511993,151.934006,151.490005,151.822998,-1.024773,-1.034878,-1.027554
2025.10.07 19:00,0.006632,0.006635,0.006626,0.006628,151.819,151.953003,151.733994,151.899994,-1.032391,-1.018093,-1.024922
2025.10.07 20:00,0.006628,0.006629,0.006622,0.006628,151.903,152.044006,151.873001,151.891998,-1.03223,-1.020684,-1.0283
2025.10.07 22:00,0.006628,0.006635,0.006627,0.006631,151.841003,151.891006,151.729004,151.841003,-0.993163,-1.013103,-1.034186
2025.10.07 23:00,0.006632,0.006632,0.006619,0.00662,151.809006,152.093002,151.787994,152.054993,-1.012776,-1.015281,-1.008994
2025.10.08 00:00,0.006621,0.006621,0.006607,0.00661,152.052002,152.376999,152.052002,152.304993,-1.02237,-1.017413,-1.019063
2025.10.08 01:00,0.006609,0.006611,0.006597,0.006597,152.304993,152.602005,152.266006,152.595993,-1.017956,-1.014398,-1.011944
2025.10.08 02:00,0.006597,0.00661,0.006595,0.006603,152.602005,152.647003,152.300003,152.483002,-1.016984,-1.014074,-1.025223
2025.10.08 03:00,0.006602,0.006605,0.006599,0.006605,152.479996,152.563995,152.397995,152.406998,-1.025888,-1.008998,-1.006538
2025.10.08 04:00,0.006605,0.006609,0.006602,0.006607,152.406998,152.492996,152.304001,152.363007,-1.023744,-1.006624,-1.019834
2025.10.08 05:00,0.006608,0.006611,0.006605,0.006605,152.360001,152.440994,152.281006,152.404999,-1.029081,-1.017955,-1.016002
2025.10.08 06:00,0.006606,0.006613,0.006601,0.006608,152.404007,152.520996,152.248993,152.339005,-1.017324,-1.020263,-1.007286
2025.10.08 07:00,0.006608,0.006609,0.006599,0.006599,152.339005,152.554001,152.324997,152.539001,-1.015893,-1.004731,-1.012367
2025.10.08 08:00,0.006599,0.006607,0.006589,0.006591,152.539001,152.787003,152.371002,152.748001,-1.018907,-1.016373,-1.025959
2025.10.08 09:00,0.006591,0.006592,0.00658,0.006582,152.742996,152.998001,152.712006,152.972,-1.022313,-1.012974,-1.030957
2025.10.08 10:00,0.006581,0.006595,0.00658,0.006591,152.966995,152.996994,152.645004,152.727005,-1.021306,-1.026472,-1.016464
2025.10.08 11:00,0.006592,0.006595,0.006586,0.006593,152.735001,152.848007,152.639999,152.686996,-1.022303,-1.021467,-1.01098
2025.10.08 12:00,0.006593,0.006605,0.006591,0.006601,152.686996,152.746994,152.432007,152.501999,-1.024952,-1.020093,-1.009805
2025.10.08 13:00,0.006601,0.006607,0.006595,0.006598,152.505005,152.662003,152.369003,152.587997,-1.020484,-1.014374,-1.026917
2025.10.08 14:00,0.006597,0.006605,0.006595,0.006601,152.582001,152.671005,152.425995,152.5,-1.029487,-1.014081,-1.007807
2025.10.08 15:00,0.006601,0.006601,0.006589,0.006592,152.498993,152.792007,152.498001,152.727005,-1.023912,-1.017274,-1.027974
2025.10.08 16:00,0.006592,0.006593,0.006589,0.006591,152.723007,152.796997,152.686996,152.757996,-1.028901,-1.022474,-1.02444
2025.10.08 17:00,0.006591,0.006591,0.006585,0.006586,152.751999,152.886002,152.740997,152.865997,-1.025715,-1.030456,-1.017243
2025.10.08 18:00,0.006586,0.006595,0.006582,0.006592,152.869995,152.945007,152.639008,152.712006,-1.027042,-1.020475,-1.012974
2025.10.08 19:00,0.006593,0.006595,0.006591,0.006593,152.716003,152.751999,152.634995,152.705994,-1.029957,-1.016462,-1.029977
2025.10.08 20:00,0.006593,0.006595,0.006591,0.006593,152.707993,152.733994,152.643997,152.677002,-1.023452,-1.013978,-1.012479
2025.10.08 22:00,0.006593,0.006599,0.006591,0.006597,152.651001,152.669006,152.485992,152.520004,-0.946964,-0.959358,-0.935955
2025.10.08 23:00,0.006598,0.006601,0.006589,0.00659,152.522995,152.720993,152.457993,152.709,-0.964405,-0.954321,-0.963929
2025.10.09 00:00,0.006589,0.006601,0.006588,0.00659,152.707993,152.737,152.449997,152.699005,-0.957383,-0.957803,-0.953934
2025.10.09 01:00,0.006589,0.006603,0.006587,0.006598,152.701996,152.764999,152.404007,152.514999,-0.950822,-0.946228,-0.953919
2025.10.09 02:00,0.006597,0.006603,0.006594,0.006601,152.520996,152.606003,152.399994,152.457993,-0.952983,-0.953687,-0.954321
2025.10.09 03:00,0.0066,0.006601,0.006595,0.006599,152.457993,152.578995,152.447998,152.505005,-0.960463,-0.944326,-0.955412
2025.10.09 04:00,0.006597,0.006601,0.006595,0.0066,152.505005,152.597,152.447998,152.462006,-0.955482,-0.955805,-0.946853
2025.10.09 05:00,0.0066,0.0066,0.006591,0.006593,152.466003,152.656006,152.460999,152.630005,-0.945465,-0.945846,-0.942482
2025.10.09 06:00,0.006593,0.006593,0.006571,0.006578,152.632996,153.136002,152.628006,152.979996,-0.952163,-0.951989,-0.946552
2025.10.09 07:00,0.006578,0.006584,0.006568,0.006574,152.979004,153.216995,152.848999,153.063995,-0.96365,-0.954115,-0.961171
2025.10.09 08:00,0.006574,0.006588,0.006572,0.006586,153.067993,153.136993,152.753006,152.796005,-0.964737,-0.961868,-0.970301
2025.10.09 09:00,0.006586,0.006601,0.006584,0.006597,152.791,152.854996,152.464005,152.548004,-0.971639,-0.960332,-0.952462
2025.10.09 10:00,0.006597,0.006599,0.006588,0.006593,152.552002,152.748001,152.490005,152.660004,-0.968385,-0.963371,-0.972481
2025.10.09 11:00,0.006592,0.006593,0.006584,0.006586,152.654007,152.841003,152.649002,152.794006,-0.957646,-0.961479,-0.968302
2025.10.09 12:00,0.006586,0.006593,0.006584,0.006588,152.791,152.843002,152.649002,152.744995,-0.959645,-0.961479,-0.965379
2025.10.09 13:00,0.006589,0.006617,0.00658,0.006583,152.738998,152.953995,152.095993,152.854996,-0.966765,-0.95869,-0.948572
2025.10.09 14:00,0.006584,0.006584,0.00657,0.006576,152.865997,153.184006,152.854996,153.037003,-0.965422,-0.960111,-0.957316
2025.10.09 15:00,0.006576,0.00658,0.006568,0.006575,153.037003,153.231995,152.940994,153.050995,-0.967055,-0.965306,-0.95974
2025.10.09 16:00,0.006576,0.006578,0.006571,0.006578,153.044998,153.145996,152.988007,153.003006,-0.962157,-0.966111,-0.969562
2025.10.09 17:00,0.006577,0.006582,0.006573,0.006575,152.998993,153.098999,152.903,153.046005,-0.961466,-0.961957,-0.954751
2025.10.09 18:00,0.006576,0.006578,0.006568,0.00657,153.048004,153.212997,152.994995,153.177002,-0.959652,-0.973099,-0.958418
2025.10.09 19:00,0.00657,0.006575,0.00657,0.006575,153.177994,153.179001,153.042999,153.061996,-0.960417,-0.951745,-0.970742
2025.10.09 20:00,0.006575,0.006578,0.006574,0.006575,153.061996,153.100998,152.998993,153.061005,-0.97504,-0.965549,-0.96975
2025.10.09 22:00,0.006574,0.006578,0.006573,0.006576,153.050003,153.084,152.968002,153.026993,-0.946467,-0.934558,-0.958861
2025.10.09 23:00,0.006576,0.006578,0.006565,0.006576,153.024002,153.274994,152.957001,153.020004,-0.952068,-0.946662,-0.940317
2025.10.10 00:00,0.006576,0.006579,0.00657,0.006578,153.022995,153.164993,152.940994,152.951004,-0.957996,-0.942211,-0.940665
2025.10.10 01:00,0.006578,0.006584,0.006574,0.006576,152.949997,153.048996,152.835007,153.016006,-0.946172,-0.951649,-0.93632
2025.10.10 02:00,0.006576,0.006582,0.006575,0.00658,153.016006,153.035004,152.858994,152.914001,-0.943749,-0.941028,-0.949863
2025.10.10 03:00,0.00658,0.006592,0.00658,0.006591,152.908997,152.934998,152.638,152.660004,-0.947768,-0.938969,-0.937961
2025.10.10 04:00,0.006591,0.006592,0.006584,0.006587,152.660004,152.830002,152.632004,152.751007,-0.958181,-0.932972,-0.93683
2025.10.10 05:00,0.006587,0.00659,0.006583,0.006584,152.744995,152.848999,152.681,152.824997,-0.942575,-0.935929,-0.94164
2025.10.10 06:00,0.006584,0.006603,0.00658,0.006597,152.832001,152.916,152.376999,152.526993,-0.951862,-0.942151,-0.942943
2025.10.10 07:00,0.006597,0.006599,0.00658,0.006584,152.531998,152.949997,152.479004,152.843002,-0.962768,-0.940896,-0.948118
2025.10.10 08:00,0.006584,0.006595,0.00658,0.006593,152.847,152.936996,152.589996,152.641006,-0.949767,-0.948478,-0.953483
2025.10.10 09:00,0.006593,0.006593,0.006584,0.006586,152.639999,152.845993,152.606995,152.789993,-0.951109,-0.942472,-0.95276
2025.10.10 10:00,0.006586,0.006593,0.006586,0.006589,152.787003,152.809998,152.625,152.712006,-0.961244,-0.937477,-0.94391
2025.10.10 11:00,0.006589,0.006597,0.006588,0.006593,152.714996,152.757996,152.539001,152.625,-0.955344,-0.954952,-0.948983
2025.10.10 12:00,0.006593,0.006598,0.006593,0.006595,152.625,152.651001,152.511993,152.552002,-0.963478,-0.950913,-0.93347
2025.10.10 13:00,0.006595,0.006597,0.00659,0.006591,152.552994,152.692001,152.524994,152.643997,-0.94693,-0.940945,-0.933456
2025.10.10 14:00,0.006591,0.006603,0.006589,0.006601,152.654007,152.712997,152.412994,152.460007,-0.944902,-0.955216,-0.956335
2025.10.10 15:00,0.006601,0.006642,0.006601,0.006623,152.459,152.462006,151.5,151.942001,-0.969812,-0.942935,-0.953021
2025.10.10 16:00,0.006623,0.006627,0.006613,0.006626,151.936996,152.186996,151.837006,151.889008,-0.958267,-0.939162,-0.957003
2025.10.10 17:00,0.006626,0.006632,0.006623,0.006626,151.884003,151.947006,151.716995,151.862,-0.958026,-0.944282,-0.952767
2025.10.10 18:00,0.006626,0.006636,0.006625,0.006633,151.858994,151.899002,151.628006,151.716995,-0.955604,-0.946168,-0.95565
2025.10.10 19:00,0.006632,0.00664,0.006629,0.006638,151.710007,151.806,151.522995,151.593002,-0.953683,-0.931923,-0.945212
2025.10.10 20:00,0.006638,0.006659,0.006632,0.006657,151.591003,151.727997,151.119003,151.119003,-0.955284,-0.946309,-0.912465
2025.10.12 23:00,0.006624,0.006632,0.006617,0.006617,151.925995,152.085007,151.731995,152.063995,-0.947703,-0.936551,-0.949526
2025.10.13 00:00,0.006617,0.00663,0.006617,0.006628,152.061005,152.074997,151.792007,151.839996,-0.949106,-0.951071,-0.95354
2025.10.13 01:00,0.006628,0.006629,0.006621,0.006622,151.837006,151.977997,151.800003,151.951996,-0.943407,-0.947686,-0.94022
2025.10.13 02:00,0.006622,0.006628,0.006621,0.006623,151.953003,151.985001,151.845001,151.934998,-0.950411,-0.958545,-0.946018
2025.10.13 03:00,0.006624,0.006624,0.006619,0.006624,151.929993,152.014008,151.897003,151.923996,-0.945196,-0.94221,-0.946417
2025.10.13 04:00,0.006623,0.006628,0.006622,0.006624,151.927002,151.968002,151.804993,151.906006,-0.956226,-0.941294,-0.939826
2025.10.13 05:00,0.006624,0.00663,0.006624,0.006626,151.906998,151.914001,151.755997,151.876999,-0.959208,-0.937805,-0.956387
2025.10.13 06:00,0.006626,0.006632,0.006619,0.006623,151.869995,152.026993,151.712006,151.936996,-0.958181,-0.939292,-0.948017
2025.10.13 07:00,0.006623,0.006624,0.006604,0.006607,151.938004,152.376007,151.906998,152.294998,-0.952627,-0.940817,-0.951825
2025.10.13 08:00,0.006607,0.006609,0.0066,0.006605,152.296005,152.447998,152.244003,152.339996,-0.932846,-0.946626,-0.951
2025.10.13 09:00,0.006605,0.006613,0.006605,0.006613,152.334,152.369995,152.156998,152.166,-0.958082,-0.95113,-0.937271
2025.10.13 10:00,0.006613,0.006615,0.00661,0.006613,152.166,152.231003,152.121994,152.166,-0.945073,-0.950411,-0.948697
2025.10.13 11:00,0.006613,0.006622,0.006613,0.006615,152.162994,152.171997,151.973007,152.102005,-0.954694,-0.949825,-0.94185
2025.10.13 12:00,0.006616,0.006619,0.006609,0.006611,152.102005,152.266998,152.046997,152.210999,-0.958172,-0.955365,-0.947948
2025.10.13 13:00,0.006611,0.006615,0.006609,0.006613,152.209,152.264999,152.098999,152.182999,-0.944733,-0.938844,-0.954269
2025.10.13 14:00,0.006612,0.006613,0.006601,0.006604,152.186996,152.447006,152.177994,152.363007,-0.943334,-0.949264,-0.939627
2025.10.13 15:00,0.006605,0.006609,0.006603,0.006609,152.363998,152.391006,152.235001,152.259995,-0.944699,-0.937624,-0.951169
2025.10.13 16:00,0.006609,0.006611,0.006607,0.006608,152.253998,152.302002,152.188995,152.276993,-0.958829,-0.937387,-0.945274
2025.10.13 17:00,0.006609,0.00661,0.006605,0.006609,152.274994,152.347,152.227997,152.259995,-0.958004,-0.942067,-0.939728
2025.10.13 18:00,0.006609,0.006611,0.006605,0.006607,152.259003,152.334,152.212006,152.283005,-0.93354,-0.937522,-0.939832
2025.10.13 19:00,0.006607,0.006609,0.006606,0.006607,152.276993,152.324997,152.246994,152.320999,-0.947462,-0.949617,-0.954923
2025.10.13 20:00,0.006607,0.006608,0.006605,0.006607,152.322006,152.350006,152.259003,152.263,-0.949547,-0.927284,-0.908372
2025.10.13 22:00,0.006609,0.006611,0.006604,0.006605,152.235992,152.345001,152.179001,152.339996,-0.921621,-0.927392,-0.939537
2025.10.13 23:00,0.006605,0.006607,0.006599,0.006599,152.334,152.460007,152.274994,152.451004,-0.933372,-0.931821,-0.92437
2025.10.14 00:00,0.006599,0.006601,0.006593,0.006599,152.451004,152.613007,152.423004,152.466995,-0.93699,-0.930811,-0.940361
2025.10.14 01:00,0.006599,0.006604,0.006598,0.0066,152.462006,152.498993,152.348999,152.457993,-0.937913,-0.925619,-0.94284
2025.10.14 02:00,0.006599,0.006604,0.006599,0.006603,152.451996,152.485992,152.354004,152.376007,-0.936399,-0.930624,-0.9297
2025.10.14 03:00,0.006603,0.006617,0.006603,0.006614,152.376007,152.393997,152.044006,152.143005,-0.936218,-0.929537,-0.948571
2025.10.14 04:00,0.006617,0.006629,0.006617,0.006626,152.145996,152.149994,151.772003,151.854996,-1.024103,-0.919687,-0.934384
2025.10.14 05:00,0.006626,0.006628,0.006622,0.006622,151.852997,151.945999,151.804993,151.917999,-0.934223,-0.929921,-0.917617
2025.10.14 06:00,0.006632,0.006634,0.006621,0.006624,151.848999,151.975006,151.694,151.889999,-0.940417,-0.955386,-0.935206
2025.10.14 07:00,0.006624,0.006634,0.006617,0.006622,151.893005,152.076996,151.667999,151.955994,-0.951105,-0.929385,-0.932812
2025.10.14 08:00,0.006621,0.006623,0.006614,0.00662,151.955994,152.126007,151.925995,151.973999,-0.931573,-0.937015,-0.928
2025.10.14 09:00,0.006621,0.006621,0.006613,0.006615,151.968994,152.153,151.966003,152.106003,-0.935697,-0.931414,-0.93442
2025.10.14 10:00,0.006615,0.006624,0.006615,0.006622,152.110001,152.123001,151.908997,151.942993,-0.939998,-0.931417,-0.931217
2025.10.14 11:00,0.006622,0.006622,0.006614,0.006616,151.944,152.128006,151.932999,152.085999,-0.933572,-0.921223,-0.93727
2025.10.14 12:00,0.006615,0.006626,0.006614,0.006617,152.085999,152.126999,151.856003,152.046005,-0.932564,-0.935391,-0.931536
2025.10.14 13:00,0.006617,0.006628,0.006613,0.00662,152.044998,152.164001,151.815002,151.992004,-0.935272,-0.928546,-0.934605
2025.10.14 14:00,0.00662,0.006628,0.006615,0.006628,151.988007,152.102005,151.826004,151.830994,-0.94185,-0.939547,-0.944537
2025.10.14 15:00,0.006627,0.006631,0.006622,0.00663,151.826004,151.938004,151.735992,151.776001,-0.937621,-0.929175,-0.935064
2025.10.14 16:00,0.00663,0.006634,0.006624,0.006632,151.774002,151.917007,151.662994,151.731003,-0.950827,-0.935733,-0.935559
2025.10.14 17:00,0.006631,0.006634,0.006626,0.006632,151.731003,151.867996,151.669006,151.723999,-0.947384,-0.930392,-0.939927
2025.10.14 18:00,0.006632,0.006633,0.006628,0.00663,151.723007,151.802002,151.692001,151.755005,-0.938303,-0.930656,-0.936813
2025.10.14 19:00,0.00663,0.006637,0.00663,0.006634,151.755005,151.774994,151.598007,151.686005,-0.934057,-0.927524,-0.936026
2025.10.14 20:00,0.006634,0.006634,0.006627,0.006627,151.682999,151.834,151.679001,151.832001,-0.936156,-0.929022,-0.934157
2025.10.14 22:00,0.006629,0.00663,0.006625,0.006628,151.692993,151.869995,151.690002,151.800003,-0.926597,-0.87181,-0.924932
2025.10.14 23:00,0.006628,0.006632,0.006626,0.006632,151.800003,151.852005,151.688995,151.701996,-0.931393,-0.916282,-0.917923
2025.10.15 00:00,0.006632,0.006642,0.006626,0.006638,151.699997,151.832001,151.492004,151.565994,-0.922768,-0.934939,-0.929553
2025.10.15 01:00,0.006638,0.00665,0.006637,0.00665,151.563995,151.604004,151.294998,151.300003,-0.933521,-0.919056,-0.92406
2025.10.15 02:00,0.00665,0.006662,0.00665,0.006661,151.296005,151.315002,151.029999,151.048996,-0.92776,-0.924925,-0.921392
2025.10.15 03:00,0.006661,0.006663,0.006656,0.006657,151.052994,151.167999,150.998001,151.132004,-0.927613,-0.91546,-0.914192
2025.10.15 04:00,0.006659,0.006659,0.006653,0.006653,151.132004,151.248993,151.085007,151.242004,-0.929564,-0.912312,-0.922576
2025.10.15 05:00,0.006652,0.006658,0.006651,0.006654,151.242996,151.270996,151.106003,151.203995,-0.917668,-0.910748,-0.91845
2025.10.15 06:00,0.006653,0.006667,0.006653,0.006661,151.199005,151.201996,150.893997,151.037994,-0.905155,-0.912743,-0.921651
2025.10.15 07:00,0.006661,0.006663,0.00665,0.006653,151.031998,151.296997,150.979996,151.246002,-0.921054,-0.908709,-0.926574
2025.10.15 08:00,0.006652,0.006657,0.006646,0.006653,151.246002,151.395004,151.119995,151.216003,-0.917242,-0.913457,-0.919162
2025.10.15 09:00,0.006653,0.006653,0.006644,0.006648,151.209,151.432999,151.209,151.345001,-0.909935,-0.912159,-0.923819
2025.10.15 10:00,0.006648,0.006648,0.006642,0.006647,151.345001,151.492996,151.328995,151.360992,-0.924604,-0.907812,-0.917185
2025.10.15 11:00,0.006647,0.006649,0.006641,0.006642,151.362,151.511002,151.315994,151.498993,-0.931271,-0.91744,-0.930601
2025.10.15 12:00,0.006642,0.006643,0.006633,0.006636,151.496994,151.686996,151.449997,151.634995,-0.925651,-0.915601,-0.930453
2025.10.15 13:00,0.006635,0.006646,0.006631,0.006646,151.630005,151.737,151.395996,151.401993,-0.930182,-0.929547,-0.92423
2025.10.15 14:00,0.006645,0.00665,0.00664,0.006646,151.360001,151.511993,151.311005,151.395996,-0.920922,-0.923763,-0.929547
2025.10.15 15:00,0.006646,0.006662,0.006642,0.006654,151.395996,151.460007,151.031998,151.212006,-0.914277,-0.926923,-0.926461
2025.10.15 16:00,0.006654,0.006656,0.006649,0.006655,151.216995,151.322006,151.171005,151.190994,-0.923452,-0.930619,-0.928037
2025.10.15 17:00,0.006655,0.006661,0.006648,0.006649,151.192001,151.341003,151.059998,151.324005,-0.919821,-0.921121,-0.925451
2025.10.15 18:00,0.006648,0.006653,0.006646,0.006649,151.324997,151.391006,151.209,151.326996,-0.935879,-0.912159,-0.928442
2025.10.15 19:00,0.006648,0.006653,0.006648,0.006652,151.335007,151.343994,151.227997,151.248001,-0.934127,-0.919868,-0.917271
2025.10.15 20:00,0.006653,0.006661,0.006651,0.00666,151.255005,151.274002,151.026001,151.033005,-0.920674,-0.898397,-0.882854
2025.10.15 22:00,0.006659,0.006672,0.006657,0.006665,151.050995,151.102005,150.742004,150.899994,-0.895467,-0.86191,-0.86249
2025.10.15 23:00,0.006665,0.006666,0.006659,0.006661,150.906998,151.037994,150.876999,150.983002,-0.876567,-0.861997,-0.866658
2025.10.16 00:00,0.006661,0.006683,0.006657,0.006674,150.983002,151.091003,150.507004,150.707001,-0.873191,-0.873603,-0.871821
2025.10.16 01:00,0.006674,0.006683,0.006671,0.006679,150.701996,150.772995,150.507996,150.595993,-0.870427,-0.874595,-0.872978
2025.10.16 02:00,0.006679,0.006681,0.006671,0.006671,150.595001,150.776993,150.563004,150.772995,-0.874425,-0.873614,-0.870427
2025.10.16 03:00,0.006671,0.006673,0.006666,0.006667,150.772003,150.886002,150.723999,150.863998,-0.871,-0.87759,-0.871493
2025.10.16 04:00,0.006667,0.006667,0.006656,0.006659,150.863998,151.113007,150.860001,151.039001,-0.87262,-0.867495,-0.866307
2025.10.16 05:00,0.006659,0.006661,0.006653,0.006659,151.033997,151.192001,151.011993,151.057007,-0.872573,-0.873117,-0.873033
2025.10.16 06:00,0.006659,0.006663,0.006649,0.006653,151.050995,151.270996,150.955002,151.195007,-0.872442,-0.861195,-0.875579
2025.10.16 07:00,0.006653,0.006663,0.006644,0.00665,151.197998,151.382004,150.936005,151.233994,-0.87026,-0.864718,-0.869359
2025.10.16 08:00,0.00665,0.006659,0.006648,0.00665,151.240005,151.287994,151.054001,151.238007,-0.878127,-0.870027,-0.873372
2025.10.16 09:00,0.00665,0.00665,0.006644,0.006648,151.238007,151.397003,151.235992,151.285995,-0.87394,-0.871358,-0.876128
2025.10.16 10:00,0.006648,0.006654,0.006648,0.006653,151.289001,151.300995,151.158005,151.173996,-0.868506,-0.87246,-0.865867
2025.10.16 11:00,0.006653,0.006654,0.006644,0.00665,151.173004,151.373993,151.156998,151.237,-0.873578,-0.871453,-0.872365
2025.10.16 12:00,0.006651,0.006659,0.006649,0.006657,151.237,151.281998,151.022003,151.098007,-0.883444,-0.860576,-0.868909
2025.10.16 13:00,0.006657,0.006661,0.006648,0.006657,151.098999,151.287003,151.011002,151.100998,-0.877135,-0.872125,-0.883186
2025.10.16 14:00,0.006657,0.006672,0.006656,0.006671,151.100006,151.121002,150.748993,150.774002,-0.880616,-0.868898,-0.871434
2025.10.16 15:00,0.006671,0.006673,0.006667,0.006672,150.768997,150.867004,150.714996,150.753998,-0.863257,-0.868588,-0.873903
2025.10.16 16:00,0.006673,0.006695,0.006671,0.006688,150.751007,150.792999,150.229996,150.397995,-0.879203,-0.864798,-0.876468
2025.10.16 17:00,0.006688,0.006694,0.006684,0.006691,150.397995,150.473007,150.244995,150.328995,-0.873182,-0.857489,-0.874503
2025.10.16 18:00,0.00669,0.006696,0.006687,0.00669,150.324997,150.421997,150.218002,150.330002,-0.878104,-0.863961,-0.853175
2025.10.16 19:00,0.00669,0.006696,0.006686,0.006688,150.335999,150.429993,150.203995,150.399002,-0.874915,-0.861109,-0.866293
2025.10.16 20:00,0.006688,0.00669,0.006686,0.006686,150.397003,150.449997,150.339996,150.419006,-0.872554,-0.863169,-0.852752
2025.10.16 22:00,0.006686,0.006694,0.006685,0.006693,150.382004,150.434006,150.238007,150.261002,-0.845373,-0.8505,-0.85117
2025.10.16 23:00,0.006694,0.006702,0.006692,0.006698,150.251999,150.292007,150.046005,150.149002,-0.859854,-0.847943,-0.861846
2025.10.17 00:00,0.006698,0.006703,0.006694,0.006695,150.147995,150.231003,150.037003,150.229004,-0.854646,-0.850072,-0.863806
2025.10.17 01:00,0.006694,0.006698,0.006689,0.006692,150.223999,150.360992,150.167007,150.309998,-0.861813,-0.857566,-0.866676
2025.10.17 02:00,0.006691,0.006702,0.006688,0.006697,150.309006,150.389008,150.054001,150.175995,-0.856298,-0.844805,-0.855404
2025.10.17 03:00,0.006698,0.00671,0.006698,0.006704,150.182007,150.182007,149.884003,150.011993,-0.872566,-0.852703,-0.858439
2025.10.17 04:00,0.006701,0.006708,0.006699,0.006706,150.007004,150.139999,149.934006,149.960007,-0.863988,-0.858272,-0.850933
2025.10.17 05:00,0.006706,0.006717,0.006706,0.006717,149.957993,149.972,149.731995,149.746994,-0.862926,-0.844926,-0.859926
2025.10.17 06:00,0.006717,0.006723,0.006706,0.006722,149.740997,149.977005,149.619995,149.626007,-0.867931,-0.865813,-0.860758
2025.10.17 07:00,0.006721,0.006733,0.006715,0.006719,149.630997,149.783005,149.369995,149.701996,-0.86268,-0.858818,-0.870328
2025.10.17 08:00,0.006719,0.006724,0.006709,0.006715,149.697998,149.916,149.578995,149.779007,-0.862492,-0.857995,-0.858682
2025.10.17 09:00,0.006715,0.006723,0.00671,0.00672,149.776001,149.903,149.598007,149.667007,-0.860602,-0.854891,-0.857482
2025.10.17 10:00,0.006719,0.00672,0.006706,0.006708,149.667999,149.960999,149.664001,149.925003,-0.851924,-0.854476,-0.860383
2025.10.17 11:00,0.006708,0.00671,0.00669,0.006694,149.925003,150.330994,149.863007,150.233994,-0.86533,-0.842814,-0.857637
2025.10.17 12:00,0.006694,0.006694,0.006681,0.006688,150.231995,150.542007,150.225998,150.384003,-0.852618,-0.849641,-0.862475
2025.10.17 13:00,0.006688,0.006698,0.006685,0.006689,150.382996,150.447006,150.156006,150.356995,-0.858373,-0.857703,-0.857816
2025.10.17 14:00,0.006689,0.00669,0.006679,0.006686,150.345993,150.591995,150.341003,150.419998,-0.857778,-0.853001,-0.853744
2025.10.17 15:00,0.006686,0.006696,0.006685,0.00669,150.414001,150.453995,150.199005,150.324997,-0.865362,-0.856119,-0.84817
2025.10.17 16:00,0.00669,0.00669,0.006683,0.006686,150.343994,150.5,150.324005,150.408005,-0.8666,-0.847178,-0.852927
2025.10.17 17:00,0.006687,0.006689,0.006684,0.006684,150.408005,150.492004,150.354004,150.468002,-0.869801,-0.854825,-0.845799
2025.10.17 18:00,0.006684,0.006687,0.006681,0.006683,150.488007,150.533997,150.404007,150.494995,-0.855802,-0.860114,-0.861595
2025.10.17 19:00,0.006682,0.006685,0.006682,0.006684,150.498001,150.520996,150.447006,150.481003,-0.865207,-0.858373,-0.858799
2025.10.17 20:00,0.006684,0.006684,0.006677,0.006683,150.468002,150.639999,150.457001,150.584,-0.860928,-0.845992,-0.950599
2025.10.19 23:00,0.006667,0.006669,0.006661,0.006664,150.822998,150.964996,150.798004,150.917007,-0.848653,-0.839246,-0.856983
2025.10.20 00:00,0.006663,0.006671,0.006661,0.006664,150.912994,150.977005,150.759995,150.908005,-0.838128,-0.846198,-0.84798
2025.10.20 01:00,0.006664,0.006665,0.006651,0.006661,150.901993,151.199997,150.858002,150.951004,-0.846669,-0.831744,-0.83466
2025.10.20 02:00,0.006663,0.006669,0.006661,0.006666,150.951004,150.996994,150.800995,150.865005,-0.858117,-0.842237,-0.850004
2025.10.20 03:00,0.006665,0.006675,0.006665,0.006672,150.865005,150.886993,150.634003,150.722,-0.849489,-0.821265,-0.841905
2025.10.20 04:00,0.006672,0.006681,0.006671,0.006678,150.718994,150.768997,150.501999,150.593994,-0.855201,-0.823804,-0.848563
2025.10.20 05:00,0.006677,0.006682,0.006673,0.006675,150.595993,150.690002,150.487,150.643005,-0.843594,-0.831211,-0.841491
2025.10.20 06:00,0.006676,0.00668,0.006671,0.006674,150.647995,150.744003,150.542999,150.686996,-0.852673,-0.842403,-0.851817
2025.10.20 07:00,0.006673,0.006675,0.006667,0.006671,150.677994,150.830002,150.645004,150.740005,-0.837496,-0.832267,-0.837438
2025.10.20 08:00,0.006671,0.006679,0.006669,0.006678,150.737,150.796005,150.570999,150.578995,-0.837247,-0.836782,-0.833564
2025.10.20 09:00,0.006679,0.006692,0.00667,0.006671,150.578003,150.770996,150.266006,150.720001,-0.845959,-0.833853,-0.828671
2025.10.20 10:00,0.006671,0.006674,0.006667,0.006672,150.729996,150.835007,150.660995,150.712006,-0.831259,-0.825816,-0.831911
2025.10.20 11:00,0.006673,0.006674,0.006665,0.006673,150.699997,150.856003,150.662994,150.695999,-0.829746,-0.827814,-0.827138
2025.10.20 12:00,0.006673,0.006677,0.006669,0.006674,150.697998,150.774994,150.600998,150.667999,-0.838715,-0.833135,-0.832819
2025.10.20 13:00,0.006675,0.006677,0.006667,0.006669,150.671997,150.852005,150.606995,150.761002,-0.848258,-0.827923,-0.824723
2025.10.20 14:00,0.006669,0.006686,0.006668,0.006677,150.761002,150.811005,150.404999,150.587997,-0.840999,-0.827556,-0.831351
2025.10.20 15:00,0.006677,0.006682,0.006677,0.006678,150.591003,150.621994,150.479996,150.589005,-0.842923,-0.835397,-0.843574
2025.10.20 16:00,0.006677,0.006681,0.006673,0.006673,150.584,150.695999,150.522995,150.671005,-0.83836,-0.833606,-0.824597
2025.10.20 17:00,0.006673,0.006675,0.006669,0.006669,150.667999,150.796997,150.658997,150.776001,-0.838239,-0.835044,-0.839722
2025.10.20 18:00,0.006669,0.006675,0.006667,0.006673,150.776993,150.826996,150.656006,150.684998,-0.845741,-0.832053,-0.827358
2025.10.20 19:00,0.006673,0.006676,0.006671,0.006673,150.690002,150.731003,150.621994,150.692993,-0.839672,-0.831702,-0.824132
2025.10.20 20:00,0.006673,0.006673,0.00667,0.006672,150.690994,150.766006,150.677994,150.731003,-0.84097,-0.831585,-0.850908
2025.10.20 22:00,0.006673,0.006673,0.006669,0.006671,150.643997,150.763,150.615997,150.742996,-0.826721,-0.769589,-0.840429
2025.10.20 23:00,0.006671,0.006671,0.006667,0.006667,150.725006,150.822006,150.709,150.817993,-0.818259,-0.806432,-0.814246
2025.10.21 00:00,0.006667,0.006682,0.006665,0.006674,150.807007,150.850006,150.462997,150.654007,-0.823749,-0.807209,-0.818827
2025.10.21 01:00,0.006673,0.00668,0.006659,0.006659,150.651993,150.994003,150.518005,150.975006,-0.821309,-0.817409,-0.813579
2025.10.21 02:00,0.006659,0.006661,0.006652,0.006653,150.973999,151.145004,150.957001,151.110992,-0.814274,-0.818124,-0.802864
2025.10.21 03:00,0.006653,0.006659,0.006651,0.006657,151.117996,151.149002,150.994995,151.042999,-0.806969,-0.811021,-0.813901
2025.10.21 04:00,0.006656,0.006664,0.006648,0.006655,151.041,151.238998,150.876007,151.076004,-0.817816,-0.815983,-0.813047
2025.10.21 05:00,0.006655,0.006665,0.006636,0.006636,151.074997,151.520996,150.856003,151.498993,-0.827802,-0.818499,-0.817155
2025.10.21 06:00,0.006636,0.006649,0.006632,0.006648,151.509003,151.606995,151.212006,151.255997,-0.822922,-0.813452,-0.823508
2025.10.21 07:00,0.006648,0.006656,0.006648,0.006653,151.246994,151.263,151.056,151.151001,-0.830512,-0.815613,-0.831573
2025.10.21 08:00,0.006652,0.006656,0.006629,0.006632,151.149994,151.677002,151.061996,151.608994,-0.824685,-0.82161,-0.824921
2025.10.21 09:00,0.006632,0.006633,0.006623,0.006624,151.604004,151.802002,151.585007,151.789993,-0.813022,-0.823662,-0.812414
2025.10.21 10:00,0.006624,0.006626,0.006613,0.006618,151.792007,152.048004,151.733994,151.917007,-0.819275,-0.813381,-0.813957
2025.10.21 11:00,0.006619,0.006623,0.006615,0.006617,151.925995,152.009003,151.802994,151.944,-0.837419,-0.814014,-0.818109
2025.10.21 12:00,0.006617,0.006619,0.006607,0.006614,151.945007,152.173996,151.886993,152.026993,-0.830823,-0.818181,-0.832558
2025.10.21 13:00,0.006614,0.006633,0.006611,0.006633,152.022995,152.091003,151.580002,151.598007,-0.839395,-0.818657,-0.836662
2025.10.21 14:00,0.006632,0.006638,0.00662,0.006621,151.593002,151.882996,151.449005,151.871002,-0.825596,-0.812564,-0.836413
2025.10.21 15:00,0.00662,0.006629,0.00662,0.006626,151.869003,151.876007,151.675003,151.722,-0.830008,-0.822686,-0.812768
2025.10.21 16:00,0.006628,0.00663,0.006617,0.006621,151.723007,151.949997,151.645996,151.850006,-0.835527,-0.816438,-0.815417
2025.10.21 17:00,0.006622,0.006623,0.006617,0.006618,151.854996,151.972,151.800995,151.919006,-0.834697,-0.812015,-0.815956
2025.10.21 18:00,0.006619,0.00662,0.006618,0.006619,151.919006,151.927002,151.869995,151.908005,-0.823952,-0.823996,-0.816373
2025.10.21 19:00,0.006619,0.006619,0.006617,0.006619,151.910004,151.970001,151.886002,151.912994,-0.832698,-0.81719,-0.821362
2025.10.21 20:00,0.006619,0.00662,0.006617,0.006618,151.908005,151.947006,151.863998,151.921997,-0.832537,-0.818,-0.818947
2025.10.21 22:00,0.006619,0.006621,0.006617,0.006617,151.865997,151.925995,151.848999,151.925003,-0.800104,-0.81441,-0.799112
2025.10.21 23:00,0.006617,0.00662,0.006616,0.00662,151.931,151.959,151.856003,151.873001,-0.810271,-0.810004,-0.815602
2025.10.22 00:00,0.00662,0.006632,0.00662,0.00663,151.873001,151.876999,151.598007,151.628006,-0.8196,-0.802563,-0.809814
2025.10.22 01:00,0.006631,0.006637,0.006626,0.006626,151.626007,151.753006,151.483994,151.744003,-0.821002,-0.81351,-0.823391
2025.10.22 02:00,0.006626,0.006632,0.006625,0.00663,151.742996,151.759995,151.582993,151.628998,-0.816596,-0.810279,-0.810806
2025.10.22 03:00,0.006631,0.006631,0.006624,0.006624,151.626999,151.817993,151.623001,151.794006,-0.851813,-0.816184,-0.827826
2025.10.22 04:00,0.006622,0.006626,0.00662,0.006626,151.794006,151.875,151.75,151.757996,-0.817601,-0.817996,-0.825991
2025.10.22 05:00,0.006626,0.006626,0.00662,0.006621,151.751999,151.873001,151.714005,151.854996,-0.827002,-0.804772,-0.820406
2025.10.22 06:00,0.006621,0.006628,0.006617,0.006626,151.854996,151.949005,151.690002,151.737,-0.823114,-0.814931,-0.816387
2025.10.22 07:00,0.006626,0.006631,0.006621,0.006622,151.738007,151.858994,151.615005,151.822006,-0.824404,-0.808188,-0.821624
2025.10.22 08:00,0.006622,0.00663,0.006619,0.006628,151.822006,151.908997,151.625,151.682999,-0.817365,-0.806808,-0.8193
2025.10.22 09:00,0.006628,0.00663,0.006622,0.006623,151.684006,151.826004,151.641998,151.815002,-0.825622,-0.81244,-0.826023
2025.10.22 10:00,0.006622,0.006626,0.006622,0.006622,151.813004,151.834,151.710999,151.813004,-0.822224,-0.801766,-0.812621
2025.10.22 11:00,0.006622,0.006626,0.006619,0.006624,151.813004,151.893005,151.714005,151.781998,-0.824193,-0.804772,-0.815817
2025.10.22 12:00,0.006624,0.006625,0.006616,0.006617,151.783005,151.968002,151.748001,151.921997,-0.819274,-0.804603,-0.796106
2025.10.22 13:00,0.006617,0.00662,0.006613,0.006616,151.925003,152.044998,151.863998,151.966995,-0.827695,-0.806599,-0.818267
2025.10.22 14:00,0.006616,0.00662,0.006615,0.006619,151.964005,152.009995,151.854004,151.880005,-0.826992,-0.808005,-0.811193
2025.10.22 15:00,0.006619,0.006626,0.006619,0.006624,151.880005,151.910004,151.744995,151.792007,-0.818372,-0.812991,-0.814428
2025.10.22 16:00,0.006624,0.006636,0.006622,0.006624,151.781998,151.843994,151.496994,151.761993,-0.820812,-0.815156,-0.795813
2025.10.22 17:00,0.006624,0.006632,0.006622,0.00663,151.753006,151.811005,151.591995,151.630997,-0.810622,-0.796551,-0.801438
2025.10.22 18:00,0.00663,0.00663,0.006619,0.00662,151.630997,151.891006,151.628006,151.869003,-0.81078,-0.798448,-0.811604
2025.10.22 19:00,0.006619,0.006621,0.006614,0.006615,151.878998,152.007004,151.839996,151.975998,-0.812569,-0.805407,-0.804415
2025.10.22 20:00,0.006615,0.006619,0.006614,0.006617,151.975998,152.011002,151.893997,151.979996,-0.816567,-0.802365,-0.842692
2025.10.22 22:00,0.006616,0.00662,0.006615,0.006617,151.858002,151.927002,151.813004,151.895996,-0.766847,-0.755604,-0.758693
2025.10.22 23:00,0.006617,0.006617,0.006613,0.006613,151.893997,151.996994,151.893997,151.981003,-0.768265,-0.756694,-0.775135
2025.10.23 00:00,0.006613,0.006613,0.006601,0.006605,151.975998,152.261993,151.960999,152.136993,-0.7698,-0.755131,-0.747997
2025.10.23 01:00,0.006606,0.006607,0.006593,0.006595,152.139999,152.455994,152.104996,152.412994,-0.76847,-0.750367,-0.771476
2025.10.23 02:00,0.006594,0.006595,0.006591,0.006592,152.408005,152.501007,152.373001,152.459,-0.767451,-0.754469,-0.759968
2025.10.23 03:00,0.006592,0.006595,0.006591,0.006591,152.455994,152.483994,152.384003,152.470993,-0.761951,-0.765471,-0.760452
2025.10.23 04:00,0.006589,0.006595,0.006588,0.006595,152.464005,152.574997,152.397995,152.406998,-0.795381,-0.756476,-0.765479
2025.10.23 05:00,0.006594,0.006599,0.006594,0.006596,152.408005,152.425995,152.311005,152.373993,-0.772975,-0.761412,-0.766957
2025.10.23 06:00,0.006596,0.006598,0.006584,0.006584,152.369003,152.647995,152.320999,152.636002,-0.776174,-0.759919,-0.764181
2025.10.23 07:00,0.006584,0.006596,0.006584,0.006591,152.636002,152.645996,152.371002,152.496002,-0.774175,-0.763966,-0.77396
2025.10.23 08:00,0.006591,0.006593,0.006584,0.006586,152.492996,152.649994,152.449005,152.606995,-0.766637,-0.772988,-0.769761
2025.10.23 09:00,0.006586,0.00659,0.006584,0.006588,152.602997,152.664993,152.501007,152.569,-0.770109,-0.755936,-0.766349
2025.10.23 10:00,0.006587,0.006588,0.006578,0.006579,152.563004,152.774994,152.559998,152.759003,-0.764655,-0.768859,-0.76022
2025.10.23 11:00,0.006579,0.006584,0.006578,0.006584,152.764999,152.792007,152.656998,152.666,-0.770112,-0.762113,-0.771116
2025.10.23 12:00,0.006584,0.006593,0.006582,0.006589,152.666,152.718994,152.447998,152.533997,-0.777951,-0.771981,-0.777409
2025.10.23 13:00,0.006589,0.006591,0.00658,0.006583,152.529999,152.731995,152.468002,152.677994,-0.767857,-0.757461,-0.77157
2025.10.23 14:00,0.006583,0.006588,0.006582,0.006586,152.684998,152.709,152.570007,152.606995,-0.767957,-0.767356,-0.769761
2025.10.23 15:00,0.006586,0.006588,0.006579,0.006581,152.610992,152.764008,152.576004,152.725998,-0.765224,-0.773353,-0.773408
2025.10.23 16:00,0.006581,0.006583,0.006578,0.006582,152.722,152.796997,152.664001,152.712006,-0.763553,-0.757577,-0.770963
2025.10.23 17:00,0.006582,0.006586,0.006579,0.006586,152.712006,152.768005,152.606003,152.613998,-0.769222,-0.757249,-0.765244
2025.10.23 18:00,0.006586,0.00659,0.006584,0.006589,152.606995,152.647995,152.514999,152.531998,-0.776174,-0.769929,-0.77541
2025.10.23 19:00,0.006589,0.006591,0.006588,0.006588,152.531998,152.567993,152.488007,152.552994,-0.776855,-0.765964,-0.761855
2025.10.23 20:00,0.006588,0.006588,0.006586,0.006586,152.559006,152.608994,152.535995,152.552002,-0.77176,-0.756379,-0.726297
2025.10.23 22:00,0.006588,0.006589,0.006586,0.006586,152.529999,152.593002,152.496994,152.589005,-0.755769,-0.740406,-0.7633
2025.10.23 23:00,0.006587,0.006587,0.006583,0.006586,152.580002,152.673996,152.557007,152.598007,-0.767572,-0.74283,-0.749253
2025.10.24 00:00,0.006586,0.006591,0.006583,0.006584,152.606003,152.664001,152.464996,152.641998,-0.757577,-0.754455,-0.758641
2025.10.24 01:00,0.006584,0.006584,0.006573,0.006573,152.641998,152.899994,152.632004,152.893005,-0.762461,-0.748647,-0.755473
2025.10.24 02:00,0.006572,0.006578,0.006572,0.006573,152.893005,152.914001,152.761002,152.882996,-0.753325,-0.739106,-0.745463
2025.10.24 03:00,0.006574,0.00658,0.006572,0.006579,152.886002,152.914001,152.703995,152.761993,-0.753325,-0.739857,-0.76321
2025.10.24 04:00,0.006575,0.006576,0.006572,0.006573,152.768997,152.912003,152.759995,152.886002,-0.762893,-0.680308,-0.748469
2025.10.24 05:00,0.006573,0.006574,0.006566,0.00657,152.886002,153.035995,152.871994,152.949997,-0.747862,-0.757609,-0.754575
2025.10.24 06:00,0.00657,0.006572,0.006566,0.006572,152.949997,153.061996,152.903,152.914993,-0.750673,-0.730743,-0.742737
2025.10.24 07:00,0.006572,0.006579,0.00657,0.006576,152.903,152.953003,152.746002,152.826996,-0.757581,-0.747219,-0.747309
2025.10.24 08:00,0.006576,0.006576,0.006568,0.00657,152.826996,153.018997,152.804001,152.936005,-0.754058,-0.747434,-0.740582
2025.10.24 09:00,0.00657,0.006572,0.006568,0.00657,152.932007,152.994995,152.897003,152.947998,-0.74165,-0.747894,-0.741001
2025.10.24 10:00,0.00657,0.006572,0.006569,0.006569,152.957001,152.983002,152.897003,152.973999,-0.752829,-0.747894,-0.743826
2025.10.24 11:00,0.00657,0.006572,0.006569,0.006571,152.973007,152.992004,152.893997,152.934998,-0.761831,-0.744888,-0.751159
2025.10.24 12:00,0.006572,0.006605,0.00657,0.006582,152.925003,152.960999,152.216995,152.658997,-0.754002,-0.816536,-0.741031
2025.10.24 13:00,0.006582,0.006586,0.006568,0.006576,152.673004,153.018997,152.585999,152.824997,-0.765652,-0.748765,-0.756865
2025.10.24 14:00,0.006576,0.006582,0.006573,0.006578,152.826996,152.901993,152.690002,152.766998,-0.76446,-0.74896,-0.75666
2025.10.24 15:00,0.006578,0.006581,0.006574,0.006576,152.764008,152.878006,152.701004,152.820999,-0.763621,-0.748414,-0.752868
2025.10.24 16:00,0.006576,0.006578,0.006574,0.006575,152.817001,152.876007,152.776001,152.837006,-0.750049,-0.754105,-0.745751
2025.10.24 17:00,0.006576,0.006579,0.006576,0.006576,152.828995,152.839005,152.744003,152.804993,-0.770873,-0.74522,-0.748425
2025.10.24 18:00,0.006577,0.006577,0.006573,0.006574,152.800003,152.889999,152.789993,152.858002,-0.752467,-0.744988,-0.743617
2025.10.24 19:00,0.006574,0.006577,0.006572,0.006576,152.858002,152.895996,152.796005,152.824997,-0.746887,-0.751,-0.756865
2025.10.24 20:00,0.006576,0.006579,0.006573,0.006574,152.820999,152.889999,152.744003,152.809998,-0.752467,-0.74522,-0.695613
2025.10.27 00:00,0.006564,0.006575,0.006561,0.006572,153.061005,153.153,152.820999,152.891006,-0.737207,-0.729745,-0.741897
2025.10.27 01:00,0.006572,0.006583,0.006568,0.006575,152.886002,152.990005,152.641006,152.834,-0.748242,-0.734582,-0.742745
2025.10.27 02:00,0.006574,0.006576,0.006567,0.006568,152.826996,153.014008,152.817993,152.968002,-0.737472,-0.738306,-0.726239
2025.10.27 03:00,0.006568,0.00657,0.006566,0.006566,152.981003,153.050995,152.944,153.035995,-0.739672,-0.737003,-0.736274
2025.10.27 04:00,0.006566,0.006566,0.00656,0.006562,153.035995,153.164001,153.028,153.130005,-0.73659,-0.728278,-0.737445
2025.10.27 05:00,0.006562,0.006563,0.006557,0.006562,153.130005,153.255005,153.104996,153.123001,-0.73461,-0.73565,-0.730441
2025.10.27 06:00,0.006562,0.006575,0.006562,0.006569,153.125,153.136993,152.826996,152.972,-0.744433,-0.735741,-0.741827
2025.10.27 07:00,0.006568,0.006574,0.006566,0.006567,152.970001,153.029007,152.854996,153.014008,-0.740874,-0.729038,-0.737472
2025.10.27 08:00,0.006567,0.006579,0.006565,0.006576,153.007996,153.076996,152.733994,152.811996,-0.75407,-0.73521,-0.73231
2025.10.27 09:00,0.006576,0.006581,0.006576,0.006579,152.815994,152.820999,152.692001,152.738998,-0.741312,-0.739412,-0.740215
2025.10.27 10:00,0.006578,0.006579,0.006574,0.006578,152.738998,152.848999,152.716995,152.766998,-0.746175,-0.718212,-0.745102
2025.10.27 11:00,0.006578,0.006586,0.006576,0.006584,152.766998,152.807007,152.589996,152.634995,-0.75044,-0.741242,-0.74011
2025.10.27 12:00,0.006584,0.006586,0.006572,0.006575,152.632004,152.897995,152.559006,152.835999,-0.748886,-0.733301,-0.744744
2025.10.27 13:00,0.006574,0.006576,0.006559,0.006563,152.834,153.195999,152.802002,153.108002,-0.733731,-0.73387,-0.738656
2025.10.27 14:00,0.006563,0.006568,0.00656,0.006568,153.104996,153.190002,152.992996,152.996994,-0.750981,-0.739651,-0.732055
2025.10.27 15:00,0.006568,0.006568,0.006563,0.006564,153.001007,153.119995,152.979996,153.084,-0.75065,-0.738232,-0.737873
2025.10.27 16:00,0.006564,0.006568,0.006564,0.006568,153.085007,153.091003,152.970993,152.992004,-0.744877,-0.729229,-0.750241
2025.10.27 17:00,0.006568,0.00657,0.006564,0.006565,152.990005,153.093994,152.936005,153.057007,-0.747867,-0.740582,-0.734081
2025.10.27 18:00,0.006566,0.006578,0.006565,0.006576,153.054993,153.070999,152.753998,152.813995,-0.748073,-0.743659,-0.734309
2025.10.27 19:00,0.006576,0.006576,0.00657,0.006572,152.819,152.953003,152.809998,152.906998,-0.746006,-0.741866,-0.746321
2025.10.27 20:00,0.006572,0.006574,0.006572,0.006574,152.899002,152.910995,152.839005,152.873993,-0.738739,-0.73618,-0.759608
2025.10.27 22:00,0.006576,0.006578,0.006575,0.006578,152.839996,152.839996,152.727005,152.740005,-0.748742,-0.716666,-0.71811
2025.10.27 23:00,0.006578,0.006584,0.006577,0.00658,152.742004,152.776993,152.626007,152.703995,-0.731988,-0.731123,-0.739857
2025.10.28 00:00,0.00658,0.006593,0.006579,0.006588,152.692001,152.735992,152.389008,152.492996,-0.737209,-0.712991,-0.71338
2025.10.28 01:00,0.006589,0.006599,0.006588,0.006593,152.488998,152.511993,152.257996,152.399002,-0.732377,-0.719888,-0.734479
2025.10.28 02:00,0.006593,0.006597,0.006589,0.006591,152.399002,152.472,152.291,152.451996,-0.715412,-0.718431,-0.729954
2025.10.28 03:00,0.006591,0.006603,0.00659,0.006601,152.455002,152.473999,152.160004,152.276993,-0.728928,-0.725156,-0.773321
2025.10.28 04:00,0.006598,0.006617,0.006598,0.006616,152.268997,152.302002,151.847,151.873001,-0.740922,-0.721109,-0.724273
2025.10.28 05:00,0.006615,0.006621,0.006611,0.006615,151.873001,151.970001,151.753006,151.906006,-0.718393,-0.718417,-0.723003
2025.10.28 06:00,0.006614,0.006619,0.006607,0.006609,151.906006,152.059006,151.804993,152.013,-0.715833,-0.713361,-0.715624
2025.10.28 07:00,0.006609,0.006609,0.006595,0.006604,152.018997,152.352997,152.011993,152.141998,-0.722978,-0.714617,-0.718618
2025.10.28 08:00,0.006604,0.006617,0.006603,0.006613,152.138,152.162003,151.837006,151.945999,-0.727155,-0.711115,-0.71727
2025.10.28 09:00,0.006613,0.006615,0.006607,0.006615,151.945999,152.080002,151.867996,151.910004,-0.725373,-0.707841,-0.727001
2025.10.28 10:00,0.006614,0.006617,0.006611,0.006616,151.910004,151.987,151.820007,151.856995,-0.712516,-0.705538,-0.708266
2025.10.28 11:00,0.006616,0.006617,0.006607,0.006609,151.858002,152.082001,151.854004,152.029999,-0.727372,-0.7167,-0.709733
2025.10.28 12:00,0.006609,0.006609,0.006601,0.006605,152.029007,152.218002,152.014008,152.128006,-0.71433,-0.716631,-0.716092
2025.10.28 13:00,0.006605,0.006605,0.006594,0.006603,152.132996,152.371002,152.123993,152.195007,-0.717982,-0.723533,-0.737228
2025.10.28 14:00,0.006601,0.006611,0.006599,0.006611,152.192993,152.261993,151.968002,151.985992,-0.723886,-0.716394,-0.722942
2025.10.28 15:00,0.006611,0.006617,0.006603,0.006604,151.981995,152.177994,151.845993,152.136002,-0.720215,-0.720102,-0.712622
2025.10.28 16:00,0.006604,0.006605,0.006597,0.006605,152.136002,152.306,152.104996,152.106003,-0.72195,-0.715999,-0.717006
2025.10.28 17:00,0.006605,0.006606,0.006602,0.006603,152.108994,152.195007,152.087006,152.171005,-0.725755,-0.70947,-0.724698
2025.10.28 18:00,0.006603,0.006607,0.0066,0.006606,152.175003,152.246002,152.084,152.098007,-0.73085,-0.717924,-0.720472
2025.10.28 19:00,0.006605,0.006613,0.006605,0.006607,152.098999,152.104004,151.940994,152.048996,-0.715007,-0.712265,-0.705823
2025.10.28 20:00,0.006608,0.006608,0.006605,0.006605,152.048004,152.130997,152.037003,152.098999,-0.719083,-0.705284,-0.69854
2025.10.28 22:00,0.006605,0.006605,0.006601,0.006603,152.033997,152.179001,152.020004,152.164001,-0.698274,-0.631008,-0.706223
2025.10.28 23:00,0.006603,0.006622,0.006601,0.006621,152.160995,152.192993,151.781998,151.828003,-0.7008,-0.770222,-0.793414
2025.10.29 00:00,0.00662,0.00663,0.006615,0.006625,151.735992,151.888,151.529999,151.634003,-0.704998,-0.689062,-0.690605
2025.10.29 01:00,0.006626,0.006629,0.006613,0.006614,151.626999,151.916,151.542007,151.889999,-0.698697,-0.689691,-0.695565
2025.10.29 02:00,0.006613,0.006615,0.006603,0.006611,151.888,152.141998,151.884003,151.981003,-0.695691,-0.701,-0.706519
2025.10.29 03:00,0.00661,0.006613,0.006607,0.006608,151.977005,152.054993,151.910004,152.052002,-0.71182,-0.692701,-0.720283
2025.10.29 04:00,0.006607,0.006611,0.006605,0.006606,152.048996,152.113998,151.953995,152.070007,-0.702085,-0.702386,-0.692472
2025.10.29 05:00,0.006607,0.006607,0.006586,0.006593,152.067993,152.542999,152.057007,152.360992,-0.705765,-0.690931,-0.69647
2025.10.29 06:00,0.006594,0.006604,0.00659,0.006603,152.358002,152.451996,152.123001,152.139999,-0.706925,-0.699621,-0.705151
2025.10.29 07:00,0.006603,0.006609,0.006602,0.006607,152.141006,152.179001,151.996002,152.054001,-0.709749,-0.698625,-0.710828
2025.10.29 08:00,0.006607,0.006607,0.006595,0.006595,152.059998,152.332993,152.042007,152.332993,-0.702973,-0.698835,-0.702973
2025.10.29 09:00,0.006595,0.006601,0.006589,0.006599,152.332001,152.468994,152.188995,152.231995,-0.700898,-0.696802,-0.70536
2025.10.29 10:00,0.006599,0.006601,0.006595,0.006599,152.231003,152.343002,152.201004,152.240997,-0.712983,-0.708811,-0.70289
2025.10.29 11:00,0.006599,0.006603,0.006592,0.006599,152.237,152.406006,152.130005,152.240997,-0.706975,-0.683698,-0.70289
2025.10.29 12:00,0.006599,0.006603,0.006597,0.006599,152.238998,152.296997,152.156006,152.238998,-0.712948,-0.698227,-0.712364
2025.10.29 13:00,0.006599,0.006615,0.006599,0.00661,152.242004,152.242996,151.858994,151.992996,-0.704889,-0.698839,-0.707067
2025.10.29 14:00,0.006609,0.006611,0.006603,0.006608,151.996002,152.167999,151.977997,152.029999,-0.71022,-0.714946,-0.69828
2025.10.29 15:00,0.006609,0.006614,0.006607,0.006613,152.029999,152.061005,151.899994,151.912003,-0.717832,-0.705559,-0.706135
2025.10.29 16:00,0.006613,0.006614,0.006602,0.006603,151.906998,152.177994,151.891998,152.147003,-0.708742,-0.697564,-0.712155
2025.10.29 17:00,0.006603,0.006606,0.006594,0.006598,152.145004,152.317001,152.084,152.244003,-0.663982,-0.706464,-0.682923
2025.10.29 18:00,0.006597,0.006603,0.006564,0.006574,152.246994,153.054993,152.173996,152.809998,-0.708866,-0.727689,-0.707173
2025.10.29 19:00,0.006574,0.006577,0.006564,0.006574,152.820999,153.059998,152.744995,152.813995,-0.713871,-0.69999,-0.711171
2025.10.29 20:00,0.006575,0.006584,0.006572,0.006578,152.815994,152.876007,152.582001,152.714005,-0.726898,-0.71018,-0.692109
2025.10.29 22:00,0.006579,0.00658,0.006576,0.006578,152.645996,152.735992,152.602005,152.690002,-0.656306,-0.626317,-0.656558
2025.10.29 23:00,0.006578,0.006582,0.006574,0.006576,152.684006,152.755997,152.580002,152.725006,-0.641612,-0.650493,-0.656875
2025.10.30 00:00,0.006576,0.006586,0.006566,0.00658,152.718994,152.945999,152.498001,152.626999,-0.657866,-0.649247,-0.651311
2025.10.30 01:00,0.00658,0.006588,0.006578,0.006584,152.626999,152.679001,152.445999,152.537994,-0.668662,-0.654861,-0.654637
2025.10.30 02:00,0.006584,0.006593,0.006583,0.006593,152.541,152.561005,152.309998,152.322006,-0.654581,-0.645475,-0.64599
2025.10.30 03:00,0.006593,0.0066,0.006559,0.006566,152.322006,153.138,152.154999,152.957993,-0.664117,-0.639846,-0.646669
2025.10.30 04:00,0.006571,0.006583,0.006566,0.006574,152.957001,153.020996,152.554001,152.766006,-0.732863,-0.647577,-0.663182
2025.10.30 05:00,0.006574,0.006578,0.006562,0.006562,152.755997,153.042007,152.667999,153.037003,-0.649447,-0.646103,-0.644443
2025.10.30 06:00,0.006562,0.006567,0.006542,0.006549,153.035995,153.516998,152.927994,153.332001,-0.658545,-0.651458,-0.636928
2025.10.30 07:00,0.006549,0.006553,0.00654,0.006547,153.337997,153.546005,153.270996,153.401001,-0.640806,-0.657494,-0.659282
2025.10.30 08:00,0.006547,0.006547,0.006526,0.006532,153.397995,153.886993,153.397995,153.742004,-0.653769,-0.644619,-0.649534
2025.10.30 09:00,0.006531,0.006537,0.006529,0.006531,153.740005,153.800995,153.617996,153.779007,-0.649906,-0.654321,-0.651375
2025.10.30 10:00,0.00653,0.006531,0.006523,0.006523,153.774994,153.959,153.766006,153.955994,-0.655307,-0.650101,-0.652301
2025.10.30 11:00,0.006523,0.006527,0.006514,0.006516,153.951996,154.173996,153.858994,154.115005,-0.658486,-0.649252,-0.658393
2025.10.30 12:00,0.006516,0.006518,0.00651,0.00651,154.112,154.287994,154.074005,154.287994,-0.666367,-0.652706,-0.666367
2025.10.30 13:00,0.006509,0.006515,0.006502,0.006512,154.283997,154.444,154.130997,154.192993,-0.656991,-0.639055,-0.642127
2025.10.30 14:00,0.006514,0.006519,0.006512,0.006513,154.197998,154.320999,154.048004,154.285995,-0.746556,-0.650245,-0.74692
2025.10.30 15:00,0.006574,0.006574,0.006507,0.006514,154.283997,154.341995,154.039001,154.169998,-0.661343,-1.924617,-0.654488
2025.10.30 16:00,0.006514,0.006518,0.006512,0.006518,154.167999,154.229004,154.063004,154.093994,-0.654561,-0.653475,-0.660933
2025.10.30 17:00,0.006518,0.006519,0.006514,0.006517,154.093994,154.169998,154.044998,154.098007,-0.666273,-0.647239,-0.653171
2025.10.30 18:00,0.006518,0.00652,0.006516,0.006518,154.097,154.149002,154.044998,154.078003,-0.668843,-0.659006,-0.644942
2025.10.30 19:00,0.006518,0.006521,0.006518,0.006518,154.080002,154.089996,154.014999,154.070007,-0.656935,-0.664288,-0.660479
2025.10.30 20:00,0.006518,0.00652,0.006514,0.006516,154.076996,154.156006,154.035004,154.115005,-0.652281,-0.660766,-0.658393
2025.10.30 22:00,0.00652,0.00652,0.006515,0.006516,154.059006,154.136993,154.024002,154.106995,-0.645052,-0.63801,-0.650382
2025.10.30 23:00,0.006516,0.006528,0.006514,0.006525,154.102005,154.164001,153.830994,153.904999,-0.636715,-0.632991,-0.648296
2025.10.31 00:00,0.006525,0.006528,0.006519,0.006525,153.899994,154.035995,153.815002,153.893005,-0.638236,-0.628725,-0.636303
2025.10.31 01:00,0.006526,0.006535,0.006524,0.006528,153.888,153.921005,153.645004,153.830002,-0.640806,-0.634519,-0.643725
2025.10.31 02:00,0.006528,0.006531,0.006526,0.006526,153.828995,153.884003,153.733994,153.882004,-0.639046,-0.629801,-0.637047
2025.10.31 03:00,0.006526,0.006527,0.006518,0.006518,153.880005,154.067993,153.845993,154.035004,-0.646694,-0.636251,-0.625475
2025.10.31 04:00,0.006524,0.006525,0.00652,0.006523,154.031998,154.057007,153.899994,153.936005,-0.682769,-0.643291,-0.632312
2025.10.31 05:00,0.006524,0.006528,0.006518,0.006524,153.931,154.054993,153.826004,153.910995,-0.645464,-0.639727,-0.642545
2025.10.31 06:00,0.006525,0.006526,0.006511,0.006512,153.906998,154.235001,153.876999,154.220993,-0.648762,-0.632042,-0.64655
2025.10.31 07:00,0.006511,0.006514,0.006504,0.006508,154.218994,154.395004,154.164993,154.304993,-0.655281,-0.637707,-0.64796
2025.10.31 08:00,0.006508,0.006512,0.006503,0.00651,154.304001,154.412994,154.216995,154.242004,-0.637812,-0.642553,-0.643967
2025.10.31 09:00,0.00651,0.006516,0.006508,0.006515,154.242004,154.291,154.095993,154.123001,-0.645764,-0.627603,-0.63106
2025.10.31 10:00,0.006516,0.006517,0.006513,0.006516,154.134003,154.184006,154.078003,154.125,-0.64493,-0.633167,-0.644841
2025.10.31 11:00,0.006516,0.006518,0.006513,0.006516,154.125,154.184006,154.039993,154.089005,-0.64493,-0.630465,-0.632392
2025.10.31 12:00,0.006516,0.006526,0.00651,0.006515,154.098999,154.251999,153.878998,154.128998,-0.642173,-0.634041,-0.637056
2025.10.31 13:00,0.006516,0.006518,0.006511,0.006518,154.132996,154.231003,154.042999,154.070999,-0.644764,-0.633471,-0.637938
2025.10.31 14:00,0.006518,0.006526,0.006517,0.006523,154.076996,154.095993,153.886993,153.942001,-0.651157,-0.642036,-0.638309
2025.10.31 15:00,0.006523,0.006524,0.006517,0.006519,153.940994,154.093994,153.910995,154.039993,-0.649158,-0.642545,-0.642234
2025.10.31 16:00,0.006519,0.006522,0.006514,0.006516,154.035004,154.173004,153.962997,154.110992,-0.645718,-0.64755,-0.642602
2025.10.31 17:00,0.006516,0.006518,0.006513,0.006516,154.112,154.175995,154.076004,154.089996,-0.636919,-0.642943,-0.633384
2025.10.31 18:00,0.006516,0.006519,0.006515,0.006518,154.091003,154.134003,154.029999,154.082001,-0.642061,-0.632239,-0.648939
2025.10.31 19:00,0.006518,0.006518,0.006515,0.006516,154.085999,154.134995,154.056,154.108002,-0.643053,-0.6347,-0.639611
2025.10.31 20:00,0.006516,0.006521,0.006516,0.00652,154.110001,154.119995,153.932999,153.936005,-0.651605,-0.582287,-0.573531
2025.11.03 00:00,0.006516,0.006516,0.006512,0.006514,154.199005,154.216003,154.113998,154.169998,-0.665137,-0.657386,-0.642712
2025.11.03 01:00,0.006514,0.006518,0.006513,0.006516,154.169998,154.188004,154.070999,154.110001,-0.648928,-0.637938,-0.64161
2025.11.03 02:00,0.006516,0.00652,0.006516,0.006518,154.108994,154.126007,154.029999,154.078995,-0.645848,-0.644007,-0.645933
2025.11.03 03:00,0.006517,0.00652,0.006517,0.006518,154.082001,154.095001,154.035004,154.063004,-0.650165,-0.649012,-0.641704
2025.11.03 04:00,0.006518,0.006522,0.006518,0.006518,154.059998,154.085999,153.983994,154.072998,-0.652937,-0.645042,-0.639937
2025.11.03 05:00,0.006518,0.006518,0.006515,0.006516,154.070007,154.134003,154.054001,154.117996,-0.642061,-0.644472,-0.637837
2025.11.03 06:00,0.006515,0.006516,0.00651,0.006512,154.117996,154.242004,154.098007,154.184006,-0.632178,-0.641395,-0.633139
2025.11.03 07:00,0.006512,0.006516,0.006508,0.006516,154.184006,154.283997,154.102005,154.104996,-0.63876,-0.645393,-0.636605
2025.11.03 08:00,0.006516,0.006518,0.006512,0.006516,154.106995,154.205994,154.044998,154.102997,-0.643345,-0.63547,-0.646385
2025.11.03 09:00,0.006516,0.006518,0.006514,0.006514,154.102997,154.169006,154.080994,154.160995,-0.653496,-0.647932,-0.645485
2025.11.03 10:00,0.006514,0.006516,0.006513,0.006514,154.160995,154.190002,154.126007,154.164993,-0.650927,-0.645848,-0.649483
2025.11.03 11:00,0.006514,0.006517,0.006513,0.006514,154.166,154.184998,154.091995,154.147003,-0.645922,-0.647159,-0.643278
2025.11.03 12:00,0.006514,0.006514,0.006512,0.006513,154.147003,154.190994,154.136002,154.177002,-0.640128,-0.632277,-0.637926
2025.11.03 13:00,0.006513,0.006514,0.006508,0.00651,154.175995,154.296005,154.171005,154.246002,-0.650769,-0.643719,-0.636176
2025.11.03 14:00,0.00651,0.006518,0.006509,0.006516,154.242996,154.272995,154.069,154.095001,-0.639564,-0.647701,-0.638389
2025.11.03 15:00,0.006517,0.006524,0.006514,0.006517,154.085999,154.158005,153.884003,154.093994,-0.642494,-0.615552,-0.649158
2025.11.03 16:00,0.006517,0.006518,0.006514,0.006515,154.097,154.166,154.063004,154.126999,-0.65049,-0.641704,-0.635058
2025.11.03 17:00,0.006516,0.006518,0.006513,0.006514,154.126007,154.175003,154.054993,154.149994,-0.635927,-0.645464,-0.634484
2025.11.03 18:00,0.006514,0.006516,0.00651,0.006514,154.149002,154.240005,154.115005,154.167007,-0.641968,-0.646615,-0.639721
2025.11.03 19:00,0.006514,0.006516,0.00651,0.006513,154.162994,154.251999,154.132004,154.184998,-0.642173,-0.651844,-0.645922
2025.11.03 20:00,0.006513,0.006514,0.006512,0.006513,154.190002,154.218994,154.169006,154.188995,-0.644551,-0.64172,-0.64992
2025.11.03 21:00,0.006513,0.006514,0.006512,0.006512,154.188995,154.216003,154.171997,154.199005,-0.641561,-0.64471,-0.636357
2025.11.03 23:00,0.00651,0.006513,0.00651,0.006512,154.190002,154.223999,154.151001,154.195999,-0.625962,-0.611925,-0.621556
2025.11.04 00:00,0.006511,0.006512,0.006503,0.006506,154.203995,154.397003,154.192001,154.332993,-0.621821,-0.629353,-0.628724
2025.11.04 01:00,0.006506,0.006508,0.0065,0.006506,154.332993,154.481995,154.294998,154.322998,-0.624006,-0.626156,-0.630533
2025.11.04 02:00,0.006506,0.006516,0.006505,0.006516,154.322998,154.358002,154.100006,154.102997,-0.630099,-0.631616,-0.622837
2025.11.04 03:00,0.006516,0.006518,0.006514,0.006516,154.102005,154.158005,154.048004,154.082993,-0.642494,-0.626705,-0.62638
2025.11.04 04:00,0.006517,0.006529,0.006516,0.006518,154.078995,154.100998,153.804993,154.056,-0.632607,-0.63045,-0.6347
2025.11.04 05:00,0.00652,0.006533,0.00652,0.006531,154.056,154.080994,153.684006,153.727005,-0.706756,-0.614975,-0.622813
2025.11.04 06:00,0.006531,0.006541,0.006529,0.006537,153.729996,153.789993,153.488998,153.621002,-0.638905,-0.618859,-0.633931
2025.11.04 07:00,0.006537,0.006549,0.006535,0.006538,153.619995,153.630997,153.326996,153.574997,-0.620511,-0.631923,-0.623023
2025.11.04 08:00,0.006537,0.006547,0.006533,0.006535,153.578003,153.697006,153.380997,153.649002,-0.627976,-0.62762,-0.626818
2025.11.04 09:00,0.006535,0.006545,0.006531,0.006542,153.643997,153.755005,153.397003,153.479996,-0.627373,-0.620284,-0.621542
2025.11.04 10:00,0.006542,0.006549,0.006537,0.006538,153.481003,153.600998,153.311996,153.574997,-0.637323,-0.628584,-0.623023
2025.11.04 11:00,0.006539,0.006547,0.006538,0.006539,153.572006,153.591995,153.367996,153.570007,-0.640021,-0.61462,-0.629732
2025.11.04 12:00,0.006539,0.006541,0.006537,0.006541,153.569,153.625,153.498993,153.522995,-0.637929,-0.628853,-0.629488
2025.11.04 13:00,0.006541,0.006549,0.00654,0.006547,153.522003,153.541,153.311005,153.386993,-0.635801,-0.627592,-0.633617
2025.11.04 14:00,0.006546,0.006547,0.006539,0.006543,153.382004,153.541,153.363998,153.475006,-0.624107,-0.62228,-0.628238
2025.11.04 15:00,0.006542,0.006548,0.006537,0.006547,153.468994,153.597,153.332993,153.378998,-0.621633,-0.614606,-0.625621
2025.11.04 16:00,0.006547,0.006548,0.006539,0.006539,153.380997,153.552002,153.334,153.548996,-0.623424,-0.615613,-0.632103
2025.11.04 17:00,0.006539,0.006541,0.006535,0.006538,153.546005,153.639999,153.518005,153.585007,-0.629514,-0.624498,-0.633033
2025.11.04 18:00,0.006537,0.006539,0.006535,0.006539,153.585007,153.660995,153.541,153.563004,-0.6271,-0.624107,-0.634426
2025.11.04 19:00,0.006539,0.006539,0.006535,0.006535,153.557999,153.641006,153.557999,153.626999,-0.630521,-0.629421,-0.616514
2025.11.04 20:00,0.006535,0.006537,0.006533,0.006537,153.626999,153.690994,153.617004,153.621994,-0.621964,-0.629933,-0.634923
2025.11.04 21:00,0.006536,0.006537,0.006533,0.006535,153.626007,153.682999,153.593994,153.654007,-0.625674,-0.618627,-0.643522
2025.11.04 23:00,0.006535,0.00654,0.006533,0.006539,153.630997,153.692993,153.503998,153.580002,-0.612244,-0.598798,-0.651424
2025.11.05 00:00,0.006539,0.006553,0.006531,0.006553,153.544006,153.746994,153.225998,153.235001,-0.619363,-0.612496,-0.621499
2025.11.05 01:00,0.006551,0.006564,0.006549,0.006555,153.229996,153.298004,152.955002,153.162003,-0.614592,-0.597267,-0.606698
2025.11.05 02:00,0.006555,0.00656,0.006548,0.006549,153.156998,153.322998,153.061005,153.311005,-0.604612,-0.610361,-0.604282
2025.11.05 03:00,0.006549,0.006549,0.006538,0.00654,153.311005,153.565994,153.294998,153.505997,-0.61402,-0.611586,-0.600797
2025.11.05 04:00,0.006541,0.006545,0.006539,0.006541,153.505997,153.528,153.384003,153.481003,-0.611107,-0.595609,-0.610863
2025.11.05 05:00,0.00654,0.006545,0.006538,0.006539,153.477997,153.565002,153.401993,153.516998,-0.613028,-0.601935,-0.600105
2025.11.05 06:00,0.00654,0.006543,0.006531,0.006533,153.514999,153.740005,153.447006,153.660995,-0.612374,-0.600238,-0.603671
2025.11.05 07:00,0.006534,0.006543,0.006533,0.006538,153.662003,153.690002,153.442993,153.554001,-0.609253,-0.607908,-0.602027
2025.11.05 08:00,0.006539,0.006544,0.006533,0.006541,153.559006,153.664001,153.412003,153.492004,-0.606677,-0.600267,-0.610187
2025.11.05 09:00,0.006541,0.006541,0.006532,0.006533,153.492004,153.707001,153.481995,153.682999,-0.614531,-0.600177,-0.613968
2025.11.05 10:00,0.006533,0.006535,0.006526,0.006535,153.684006,153.841995,153.613998,153.626007,-0.608771,-0.603513,-0.615522
2025.11.05 11:00,0.006535,0.006537,0.006532,0.006536,153.619995,153.707993,153.570007,153.610001,-0.615523,-0.606332,-0.611223
2025.11.05 12:00,0.006536,0.006538,0.00653,0.006532,153.610001,153.748993,153.559006,153.705002,-0.609634,-0.607032,-0.612532
2025.11.05 13:00,0.006532,0.006533,0.00652,0.00652,153.705002,153.990997,153.684998,153.975998,-0.605005,-0.604248,-0.601761
2025.11.05 14:00,0.00652,0.006524,0.006518,0.006522,153.981003,154.031998,153.891998,153.936005,-0.610698,-0.600058,-0.597053
2025.11.05 15:00,0.006521,0.006521,0.006506,0.006506,153.936996,154.311005,153.927994,154.300003,-0.606736,-0.577282,-0.607538
2025.11.05 16:00,0.006506,0.006515,0.006504,0.006514,154.300995,154.356003,154.102005,154.115005,-0.604469,-0.610064,-0.599495
2025.11.05 17:00,0.006514,0.006517,0.006514,0.006516,154.115005,154.143997,154.050995,154.072006,-0.616711,-0.606159,-0.603616
2025.11.05 18:00,0.006516,0.00652,0.006514,0.006514,154.076004,154.143005,154.001999,154.125,-0.615719,-0.616007,-0.60949
2025.11.05 19:00,0.006514,0.006517,0.006514,0.006515,154.121002,154.130005,154.052994,154.108994,-0.602718,-0.608158,-0.617052
2025.11.05 20:00,0.006515,0.006516,0.006514,0.006514,154.102997,154.134995,154.076996,154.115997,-0.607708,-0.608605,-0.600487
2025.11.05 21:00,0.006514,0.006516,0.006513,0.006514,154.115997,154.141998,154.076004,154.110001,-0.602923,-0.595845,-0.606276
2025.11.05 23:00,0.006514,0.006518,0.006514,0.006514,154.052002,154.087006,153.973007,154.076004,-0.559719,-0.551708,-0.548717
2025.11.06 00:00,0.006514,0.006524,0.006512,0.006522,154.082001,154.139999,153.843994,153.886993,-0.565557,-0.552054,-0.559789
2025.11.06 01:00,0.006522,0.006526,0.00652,0.006523,153.886993,153.940994,153.798004,153.865005,-0.566757,-0.56478,-0.561313
2025.11.06 02:00,0.006523,0.006526,0.006517,0.00652,153.865005,154.001007,153.789993,153.942993,-0.556171,-0.556769,-0.557001
2025.11.06 03:00,0.00652,0.006524,0.006518,0.006523,153.942993,153.994003,153.828003,153.865005,-0.560942,-0.559553,-0.561313
2025.11.06 04:00,0.006523,0.006524,0.006516,0.00652,153.867004,154.024994,153.854996,153.947006,-0.568382,-0.563056,-0.561014
2025.11.06 05:00,0.006522,0.006524,0.00652,0.006522,153.949005,154.005997,153.826004,153.880005,-0.643523,-0.557554,-0.564557
2025.11.06 06:00,0.006522,0.006526,0.006518,0.006518,153.878006,154.005997,153.804001,153.975998,-0.572935,-0.559044,-0.566469
2025.11.06 07:00,0.006518,0.006527,0.006518,0.006523,153.975998,153.992996,153.768997,153.863007,-0.559935,-0.559256,-0.559314
2025.11.06 08:00,0.006523,0.006537,0.006523,0.006536,153.862,153.871002,153.526993,153.557007,-0.567309,-0.563318,-0.558229
2025.11.06 09:00,0.006536,0.006537,0.006527,0.006529,153.561005,153.770996,153.552002,153.718002,-0.561254,-0.564931,-0.555193
2025.11.06 10:00,0.006529,0.00653,0.006527,0.006528,153.714005,153.774002,153.697998,153.742004,-0.56426,-0.558639,-0.555727
2025.11.06 11:00,0.006529,0.006535,0.006528,0.006533,153.742004,153.764008,153.584,153.645004,-0.566004,-0.561815,-0.564255
2025.11.06 12:00,0.006532,0.006535,0.006529,0.006535,153.639008,153.740005,153.580002,153.600998,-0.565463,-0.557818,-0.567102
2025.11.06 13:00,0.006533,0.006544,0.006533,0.006539,153.600998,153.636993,153.401001,153.5,-0.556244,-0.589265,-0.559725
2025.11.06 14:00,0.006538,0.006543,0.006535,0.006542,153.496002,153.585999,153.380005,153.404999,-0.552103,-0.55659,-0.546545
2025.11.06 15:00,0.006543,0.006558,0.006542,0.006557,153.408005,153.410004,153.039001,153.044006,-0.55155,-0.55349,-0.546865
2025.11.06 16:00,0.006558,0.006561,0.006553,0.00656,153.044006,153.167999,152.968994,152.975998,-0.554497,-0.553202,-0.548586
2025.11.06 17:00,0.006561,0.006568,0.006557,0.00656,152.975998,153.061996,152.826004,153.009003,-0.564856,-0.561065,-0.558359
2025.11.06 18:00,0.006559,0.006563,0.006556,0.006558,153.009003,153.087006,152.914001,153.046005,-0.554976,-0.544656,-0.560494
2025.11.06 19:00,0.006558,0.006559,0.006553,0.006553,153.048996,153.158005,153.022995,153.143005,-0.556139,-0.549112,-0.552785
2025.11.06 20:00,0.006553,0.00656,0.006553,0.006559,153.139999,153.143997,152.992996,153.024002,-0.553777,-0.553975,-0.561734
2025.11.06 21:00,0.006558,0.00656,0.006555,0.006558,153.031006,153.102005,152.992004,153.041,-0.558339,-0.552983,-0.555489
2025.11.06 23:00,0.006557,0.006566,0.006556,0.00656,153.042999,153.067001,152.813995,152.962997,-0.534972,-0.514273,-0.535586
2025.11.07 00:00,0.006561,0.006564,0.006548,0.006551,152.949997,153.248993,152.852997,153.179993,-0.530606,-0.518466,-0.531538
2025.11.07 01:00,0.006551,0.006557,0.006545,0.006553,153.181,153.307007,153.044998,153.126007,-0.530288,-0.536226,-0.524142
2025.11.07 02:00,0.006553,0.00656,0.006551,0.006553,153.126999,153.175003,152.955994,153.141006,-0.526548,-0.516972,-0.527504
2025.11.07 03:00,0.006553,0.006558,0.006551,0.006556,153.141998,153.186996,153.011993,153.056,-0.538542,-0.526482,-0.52397
2025.11.07 04:00,0.006556,0.006558,0.006551,0.006555,153.054001,153.182007,153.009995,153.110992,-0.533552,-0.524483,-0.544058
2025.11.07 05:00,0.006549,0.006551,0.006543,0.006543,153.110001,153.367004,153.108002,153.352005,-0.531919,-0.4712,-0.52859
2025.11.07 06:00,0.006543,0.006543,0.006536,0.006537,153.348007,153.526001,153.347,153.505005,-0.527224,-0.523585,-0.529638
2025.11.07 07:00,0.006537,0.006542,0.006535,0.006542,153.505005,153.539001,153.378006,153.388,-0.528516,-0.519553,-0.529547
2025.11.07 08:00,0.006541,0.006544,0.006537,0.006537,153.386993,153.514999,153.345993,153.503006,-0.527928,-0.534257,-0.527639
2025.11.07 09:00,0.006537,0.00654,0.006536,0.006537,153.507996,153.522003,153.438004,153.492004,-0.523226,-0.532804,-0.528329
2025.11.07 10:00,0.006537,0.006545,0.006537,0.006544,153.490997,153.496002,153.317001,153.352005,-0.532327,-0.528608,-0.540269
2025.11.07 11:00,0.006543,0.006559,0.006543,0.006553,153.350998,153.360992,153.005997,153.128998,-0.537577,-0.532113,-0.538778
2025.11.07 12:00,0.006553,0.006557,0.006551,0.006555,153.126007,153.175995,153.033005,153.089996,-0.539193,-0.524232,-0.523062
2025.11.07 13:00,0.006555,0.006559,0.006543,0.006543,153.093002,153.375,153.003998,153.352997,-0.528231,-0.54173,-0.529582
2025.11.07 14:00,0.006543,0.006553,0.006539,0.006544,153.352997,153.475006,153.130997,153.309998,-0.534731,-0.517495,-0.498262
2025.11.07 15:00,0.006545,0.006557,0.006545,0.006553,153.326004,153.343994,153.018997,153.134995,-0.543936,-0.521856,-0.521493
2025.11.07 16:00,0.006553,0.006558,0.006551,0.006556,153.134003,153.175995,153.009003,153.059006,-0.539193,-0.523491,-0.526976
2025.11.07 17:00,0.006555,0.006557,0.006549,0.006555,153.056,153.223999,153.035004,153.093994,-0.528927,-0.526231,-0.52706
2025.11.07 18:00,0.006555,0.006557,0.006547,0.006548,153.089996,153.266998,153.029999,153.251999,-0.52528,-0.532858,-0.533612
2025.11.07 19:00,0.006547,0.006549,0.006533,0.006535,153.257996,153.582993,153.216003,153.557007,-0.525668,-0.520931,-0.523111
2025.11.07 20:00,0.006535,0.006543,0.006533,0.006541,153.552002,153.595001,153.354996,153.429001,-0.537677,-0.51991,-0.535493
2025.11.07 21:00,0.00654,0.006541,0.006535,0.006535,153.425003,153.483994,153.369003,153.378006,-0.450098,-0.498863,-0.34411
2025.11.10 00:00,0.006524,0.006541,0.00652,0.006522,153.824005,153.914001,153.401001,153.847,-0.539764,-0.530861,-0.531553
2025.11.10 01:00,0.006522,0.006526,0.006518,0.006524,153.852997,153.953995,153.774002,153.822006,-0.532695,-0.529045,-0.530066
2025.11.10 02:00,0.006524,0.006525,0.00652,0.00652,153.822998,153.899994,153.796997,153.884995,-0.53752,-0.540294,-0.522521
2025.11.10 03:00,0.00652,0.00652,0.006514,0.006518,153.884995,154.026001,153.884995,153.932007,-0.522276,-0.522521,-0.522478
2025.11.10 04:00,0.006518,0.006525,0.006518,0.006522,153.929993,153.953995,153.781006,153.878998,-0.520933,-0.524303,-0.540046
2025.11.10 05:00,0.006522,0.006522,0.006513,0.006519,153.873993,154.070999,153.862,153.938995,-0.531923,-0.523048,-0.541236
2025.11.10 06:00,0.006519,0.00652,0.006513,0.006514,153.936005,154.082993,153.895996,154.022003,-0.543917,-0.533523,-0.518278
2025.11.10 07:00,0.006514,0.006518,0.00651,0.006514,154.026001,154.151993,153.945999,154.039993,-0.530365,-0.536471,-0.524483
2025.11.10 08:00,0.006514,0.006518,0.006508,0.006508,154.042007,154.179001,153.944,154.166,-0.533764,-0.534472,-0.520764
2025.11.10 09:00,0.006509,0.00651,0.006506,0.00651,154.166,154.231003,154.141006,154.158005,-0.538538,-0.53118,-0.536377
2025.11.10 10:00,0.006509,0.006513,0.006508,0.00651,154.154007,154.177994,154.056,154.156006,-0.532757,-0.516924,-0.534378
2025.11.10 11:00,0.006509,0.006512,0.006506,0.00651,154.162003,154.248993,154.110001,154.123993,-0.532908,-0.535558,-0.525956
2025.11.10 12:00,0.00651,0.006515,0.00651,0.006512,154.126999,154.167007,154.033005,154.108994,-0.54538,-0.541063,-0.534551
2025.11.10 13:00,0.006511,0.006517,0.00651,0.006514,154.115005,154.139008,153.979996,154.057007,-0.54097,-0.53516,-0.52972
2025.11.10 14:00,0.006514,0.006516,0.00651,0.006513,154.054993,154.164993,153.998001,154.078003,-0.543365,-0.541389,-0.538927
2025.11.10 15:00,0.006512,0.006516,0.00651,0.006515,154.082001,154.141998,154.005997,154.024002,-0.532172,-0.525837,-0.532061
2025.11.10 16:00,0.006514,0.006521,0.006513,0.006516,154.026001,154.067993,153.884995,153.990997,-0.528917,-0.534283,-0.522607
2025.11.10 17:00,0.006516,0.006519,0.006514,0.006518,153.992996,154.042999,153.919998,153.955994,-0.539274,-0.522239,-0.534694
2025.11.10 18:00,0.006518,0.00652,0.006515,0.006516,153.955002,154.020004,153.917999,153.987,-0.528063,-0.532007,-0.518609
2025.11.10 19:00,0.006516,0.006518,0.006512,0.006514,153.992004,154.074997,153.947998,154.052002,-0.52413,-0.526699,-0.524715
2025.11.10 20:00,0.006514,0.006516,0.006512,0.006514,154.048996,154.082993,153.992996,154.029999,-0.532126,-0.536384,-0.526274
2025.11.10 21:00,0.006515,0.006515,0.006509,0.00651,154.029999,154.169998,154.018997,154.141006,-0.536567,-0.527056,-0.53118
2025.11.10 23:00,0.006512,0.006514,0.006508,0.006509,154.031998,154.154999,154.024994,154.138,-0.509762,-0.509484,-0.504569
2025.11.11 00:00,0.00651,0.006511,0.006502,0.006502,154.145996,154.311005,154.097,154.309998,-0.523995,-0.510761,-0.522988
2025.11.11 01:00,0.006502,0.006502,0.006495,0.006502,154.309006,154.494995,154.302994,154.320999,-0.518558,-0.515984,-0.510341
2025.11.11 02:00,0.006502,0.006504,0.006498,0.0065,154.317993,154.391006,154.253006,154.362,-0.509336,-0.501472,-0.515849
2025.11.11 03:00,0.0065,0.006506,0.0065,0.006504,154.360001,154.365005,154.216003,154.259995,-0.518855,-0.511735,-0.508461
2025.11.11 04:00,0.006504,0.006506,0.0065,0.006503,154.259003,154.352005,154.218994,154.294006,-0.51768,-0.514725,-0.518824
2025.11.11 05:00,0.006504,0.006512,0.006504,0.00651,154.298996,154.309998,154.082001,154.123001,-0.54664,-0.519352,-0.513175
2025.11.11 06:00,0.00651,0.006512,0.006504,0.006507,154.121002,154.266998,154.082993,154.194,-0.515465,-0.520344,-0.513348
2025.11.11 07:00,0.006507,0.006509,0.006505,0.006508,154.190002,154.251007,154.145996,154.188995,-0.523104,-0.512565,-0.520153
2025.11.11 08:00,0.006508,0.006508,0.006499,0.0065,154.190002,154.389008,154.162994,154.373993,-0.519179,-0.505961,-0.516004
2025.11.11 09:00,0.006499,0.006504,0.006497,0.006502,154.378998,154.440994,154.279999,154.324997,-0.511961,-0.516642,-0.526169
2025.11.11 10:00,0.006501,0.006506,0.0065,0.006505,154.330002,154.360992,154.203003,154.246002,-0.526667,-0.510538,-0.518099
2025.11.11 11:00,0.006506,0.006506,0.006504,0.006504,154.237,154.266006,154.209,154.253006,-0.514473,-0.516534,-0.513283
2025.11.11 12:00,0.006505,0.006508,0.006504,0.006507,154.246002,154.268005,154.164001,154.188995,-0.528282,-0.518765,-0.508343
2025.11.11 13:00,0.006507,0.00653,0.006507,0.006525,154.188995,154.197998,153.660004,153.774994,-0.517345,-0.520644,-0.518291
2025.11.11 14:00,0.006526,0.006528,0.006515,0.006516,153.770004,154.007004,153.695007,153.996994,-0.515062,-0.50873,-0.516835
2025.11.11 15:00,0.006516,0.006519,0.00651,0.006517,153.998001,154.132996,153.917007,153.966995,-0.511368,-0.519248,-0.522159
2025.11.11 16:00,0.006516,0.006518,0.006514,0.006515,153.968994,154.022995,153.940002,154.003006,-0.51927,-0.518703,-0.511065
2025.11.11 17:00,0.006516,0.006516,0.00651,0.006512,153.996002,154.121994,153.994003,154.067001,-0.512168,-0.513844,-0.516135
2025.11.11 18:00,0.006512,0.006513,0.00651,0.00651,154.074997,154.145004,154.044998,154.106003,-0.523376,-0.505922,-0.507966
2025.11.11 19:00,0.00651,0.006513,0.006509,0.00651,154.102005,154.145004,154.057007,154.115005,-0.511573,-0.517931,-0.505179
2025.11.11 20:00,0.00651,0.006512,0.006509,0.00651,154.115005,154.143005,154.076004,154.115997,-0.509574,-0.513356,-0.506171
2025.11.11 21:00,0.00651,0.00651,0.006508,0.006509,154.115997,154.175995,154.110992,154.145996,-0.518962,-0.512955,-0.512565
2025.11.11 23:00,0.00651,0.006513,0.006508,0.006512,154.054001,154.158005,154.026001,154.080002,-0.512768,-0.486925,-0.505559
2025.11.12 00:00,0.006512,0.006512,0.006502,0.006502,154.078003,154.302002,154.042007,154.292999,-0.503174,-0.491141,-0.494172
2025.11.12 01:00,0.006502,0.006504,0.0065,0.006502,154.292999,154.352005,154.255997,154.322998,-0.505854,-0.504463,-0.51234
2025.11.12 02:00,0.006501,0.006502,0.006497,0.0065,154.315994,154.412994,154.307999,154.343994,-0.495799,-0.49734,-0.497843
2025.11.12 03:00,0.0065,0.006504,0.006498,0.0065,154.343994,154.380005,154.233994,154.341995,-0.498335,-0.494271,-0.495845
2025.11.12 04:00,0.0065,0.0065,0.006483,0.006484,154.339996,154.742996,154.335007,154.731995,-0.505313,-0.500681,-0.506208
2025.11.12 05:00,0.006483,0.006491,0.006482,0.006487,154.731003,154.789993,154.561005,154.634995,-0.516621,-0.501534,-0.492411
2025.11.12 06:00,0.006487,0.00649,0.006483,0.006489,154.634995,154.759003,154.578003,154.606003,-0.509421,-0.494799,-0.499048
2025.11.12 07:00,0.006489,0.006494,0.006487,0.006489,154.606003,154.669998,154.488007,154.615005,-0.503656,-0.499712,-0.496184
2025.11.12 08:00,0.006489,0.006489,0.006483,0.006483,154.615997,154.774994,154.612,154.757996,-0.513523,-0.505045,-0.508414
2025.11.12 09:00,0.006483,0.006485,0.006477,0.006479,154.757004,154.906998,154.699005,154.843994,-0.502614,-0.508887,-0.499193
2025.11.12 10:00,0.006479,0.006483,0.006477,0.006479,154.839005,154.897003,154.751999,154.858994,-0.49262,-0.502418,-0.502277
2025.11.12 11:00,0.006479,0.006481,0.006477,0.006481,154.865005,154.886993,154.798004,154.802002,-0.506442,-0.500833,-0.504831
2025.11.12 12:00,0.006481,0.006485,0.00648,0.006481,154.800995,154.834,154.692993,154.807999,-0.513012,-0.502875,-0.510828
2025.11.12 13:00,0.006481,0.006483,0.006473,0.006475,154.800995,154.994995,154.757996,154.942001,-0.507126,-0.508414,-0.501851
2025.11.12 14:00,0.006475,0.006479,0.006471,0.006478,154.942001,155.046005,154.854996,154.865997,-0.510388,-0.510194,-0.497364
2025.11.12 15:00,0.006479,0.006485,0.006475,0.006484,154.863007,154.923004,154.727005,154.733994,-0.494771,-0.513113,-0.508207
2025.11.12 16:00,0.006483,0.006487,0.006483,0.006487,154.737,154.774002,154.639999,154.641998,-0.512532,-0.497416,-0.499415
2025.11.12 17:00,0.006488,0.006494,0.006488,0.00649,154.641998,154.645996,154.490997,154.593994,-0.515294,-0.502703,-0.510791
2025.11.12 18:00,0.006489,0.006491,0.006486,0.006486,154.589996,154.686996,154.574997,154.686005,-0.508767,-0.503666,-0.507775
2025.11.12 19:00,0.006486,0.006489,0.006484,0.006485,154.679001,154.729996,154.602005,154.712006,-0.504209,-0.506927,-0.498114
2025.11.12 20:00,0.006485,0.006486,0.006483,0.006483,154.714005,154.766998,154.686996,154.748993,-0.505528,-0.508767,-0.499412
2025.11.12 21:00,0.006483,0.006483,0.006479,0.006481,154.757996,154.869003,154.748001,154.768005,-0.512287,-0.49842,-0.458927
2025.11.12 23:00,0.006482,0.006485,0.006481,0.006483,154.690002,154.755997,154.682999,154.712997,-0.458826,-0.469107,-0.475315
2025.11.13 00:00,0.006483,0.006484,0.006473,0.006473,154.701004,154.959,154.686996,154.942001,-0.471131,-0.46121,-0.466057
2025.11.13 01:00,0.006473,0.006483,0.00647,0.006482,154.936005,155.014999,154.701004,154.731995,-0.455492,-0.463321,-0.458622
2025.11.13 02:00,0.006483,0.006487,0.006479,0.006485,154.731995,154.789993,154.615997,154.654007,-0.457094,-0.46153,-0.463888
2025.11.13 03:00,0.006485,0.006487,0.006481,0.006482,154.654007,154.759995,154.617996,154.729004,-0.462823,-0.463529,-0.455631
2025.11.13 04:00,0.006482,0.006487,0.006477,0.006478,154.729004,154.854996,154.636993,154.820007,-0.462535,-0.470651,-0.451374
2025.11.13 05:00,0.006476,0.006477,0.006471,0.006473,154.815994,154.998993,154.806,154.945007,-0.463376,-0.425448,-0.457138
2025.11.13 06:00,0.006473,0.006477,0.006471,0.006475,154.947998,155.005997,154.858994,154.884003,-0.458435,-0.466532,-0.455769
2025.11.13 07:00,0.006475,0.006483,0.006473,0.006483,154.888,154.951004,154.697998,154.710007,-0.463135,-0.460315,-0.460425
2025.11.13 08:00,0.006483,0.006491,0.006481,0.006491,154.710007,154.774002,154.507996,154.520004,-0.464923,-0.460394,-0.460533
2025.11.13 09:00,0.006491,0.0065,0.006489,0.006491,154.513,154.585999,154.320007,154.526993,-0.467177,-0.462019,-0.467522
2025.11.13 10:00,0.006491,0.006493,0.006485,0.006485,154.520996,154.677002,154.479004,154.654999,-0.474992,-0.466987,-0.46488
2025.11.13 11:00,0.006485,0.006486,0.006481,0.006482,154.654007,154.764999,154.636002,154.735992,-0.455921,-0.457772,-0.46262
2025.11.13 12:00,0.006482,0.006489,0.006481,0.006487,154.735001,154.755005,154.584,154.602005,-0.469728,-0.465178,-0.459421
2025.11.13 13:00,0.006487,0.006491,0.006481,0.006485,154.595993,154.740005,154.533997,154.645996,-0.454729,-0.462666,-0.455877
2025.11.13 14:00,0.006486,0.006497,0.006485,0.006497,154.643005,154.677002,154.382996,154.393005,-0.474992,-0.4658,-0.463972
2025.11.13 15:00,0.006496,0.006508,0.00649,0.006505,154.389999,154.539001,154.121994,154.194,-0.455798,-0.464961,-0.466097
2025.11.13 16:00,0.006504,0.006506,0.006495,0.006497,154.192993,154.436005,154.154007,154.399002,-0.459568,-0.461542,-0.469969
2025.11.13 17:00,0.006497,0.006503,0.006493,0.0065,154.395004,154.475006,154.235992,154.315002,-0.46299,-0.46081,-0.468852
2025.11.13 18:00,0.0065,0.006502,0.006495,0.006495,154.311996,154.442001,154.268997,154.421997,-0.47741,-0.458339,-0.46926
2025.11.13 19:00,0.006495,0.006498,0.006493,0.006493,154.417007,154.485992,154.348007,154.464996,-0.462123,-0.454504,-0.464842
2025.11.13 20:00,0.006493,0.006493,0.00649,0.00649,154.468002,154.541,154.453995,154.535004,-0.457797,-0.45384,-0.4518
2025.11.13 21:00,0.00649,0.006493,0.006488,0.006491,154.539993,154.585999,154.459,154.550003,-0.455297,-0.446983,-0.478672
2025.11.13 23:00,0.006489,0.006489,0.006483,0.006486,154.514008,154.686005,154.5,154.634995,-0.448322,-0.404922,-0.456765
2025.11.14 00:00,0.006485,0.006489,0.006481,0.006487,154.630005,154.744995,154.559006,154.602997,-0.447824,-0.440184,-0.448529
2025.11.14 01:00,0.006487,0.006494,0.006483,0.006491,154.598999,154.684006,154.434998,154.505005,-0.446323,-0.446703,-0.445534
2025.11.14 02:00,0.006491,0.006494,0.006488,0.006494,154.498001,154.576004,154.429993,154.445007,-0.445302,-0.441698,-0.456713
2025.11.14 03:00,0.006493,0.0065,0.006489,0.00649,154.444,154.574005,154.304001,154.537003,-0.455183,-0.45785,-0.453799
2025.11.14 04:00,0.006489,0.006495,0.006488,0.006493,154.535995,154.574997,154.414993,154.414993,-0.444295,-0.438557,-0.414839
2025.11.14 05:00,0.006494,0.006497,0.006491,0.006493,154.414993,154.503998,154.360992,154.475998,-0.444527,-0.443797,-0.452129
2025.11.14 06:00,0.006492,0.006494,0.006485,0.006487,154.475998,154.660995,154.427002,154.593994,-0.447104,-0.438707,-0.439527
2025.11.14 07:00,0.006487,0.006493,0.006484,0.006484,154.595001,154.682007,154.447998,154.673996,-0.456221,-0.435982,-0.44821
2025.11.14 08:00,0.006484,0.006493,0.006481,0.006489,154.675995,154.735001,154.449997,154.548996,-0.43783,-0.43798,-0.442041
2025.11.14 09:00,0.006489,0.006489,0.006483,0.006483,154.548996,154.701004,154.548996,154.684998,-0.439534,-0.453918,-0.435416
2025.11.14 10:00,0.006483,0.006485,0.006481,0.006481,154.688004,154.763,154.660004,154.742004,-0.453922,-0.446112,-0.432926
2025.11.14 11:00,0.006481,0.006486,0.006481,0.006485,154.740997,154.748001,154.625,154.651993,-0.438922,-0.446771,-0.438101
2025.11.14 12:00,0.006485,0.00652,0.006485,0.00652,154.651001,154.662994,153.802994,153.813004,-0.449103,-0.44052,-0.45053
2025.11.14 13:00,0.00652,0.006529,0.006506,0.006508,153.804001,154.143005,153.610992,154.085999,-0.45054,-0.448183,-0.440762
2025.11.14 14:00,0.006509,0.006514,0.006497,0.006498,154.082993,154.345993,153.979004,154.339005,-0.440645,-0.451717,-0.445502
2025.11.14 15:00,0.006497,0.006502,0.006491,0.006494,154.337997,154.494003,154.229996,154.421997,-0.446401,-0.442986,-0.433702
2025.11.14 16:00,0.006494,0.006497,0.006485,0.006485,154.421997,154.664001,154.345993,154.636002,-0.45011,-0.440645,-0.433992
2025.11.14 17:00,0.006485,0.006487,0.006481,0.006485,154.636002,154.742996,154.612,154.636993,-0.433918,-0.445658,-0.434984
2025.11.14 18:00,0.006485,0.006489,0.006485,0.006487,154.636993,154.660995,154.550995,154.574997,-0.447104,-0.44404,-0.432413
2025.11.14 19:00,0.006488,0.00649,0.006488,0.006489,154.574997,154.582001,154.520996,154.554001,-0.451299,-0.437793,-0.435179
2025.11.14 20:00,0.006489,0.006491,0.006489,0.006491,154.557007,154.567993,154.494995,154.524002,-0.449171,-0.435524,-0.452671
2025.11.14 21:00,0.006491,0.006491,0.006487,0.006489,154.529999,154.598007,154.459,154.492996,-0.455423,-0.399529,-0.386042
2025.11.17 00:00,0.006487,0.006495,0.006483,0.006485,154.591995,154.658997,154.410004,154.636002,-0.421314,-0.433567,-0.433992
2025.11.17 01:00,0.006485,0.00649,0.006484,0.006487,154.632004,154.654007,154.505997,154.569,-0.428221,-0.422793,-0.426417
2025.11.17 02:00,0.006488,0.006488,0.006481,0.006483,154.569,154.710007,154.565994,154.688004,-0.42473,-0.435292,-0.426533
2025.11.17 03:00,0.006483,0.006483,0.006479,0.006481,154.684998,154.785995,154.682007,154.707001,-0.429279,-0.432426,-0.421724
2025.11.17 04:00,0.006481,0.006486,0.006481,0.006485,154.707001,154.731003,154.602997,154.628006,-0.433832,-0.424767,-0.414114
2025.11.17 05:00,0.006485,0.006487,0.006481,0.006483,154.623001,154.716003,154.584,154.686996,-0.430727,-0.417658,-0.437415
2025.11.17 06:00,0.006483,0.006485,0.006477,0.006483,154.682999,154.813004,154.634003,154.677002,-0.432452,-0.420111,-0.439319
2025.11.17 07:00,0.006483,0.006485,0.006479,0.006483,154.673004,154.792999,154.639008,154.688004,-0.436283,-0.425116,-0.426533
2025.11.17 08:00,0.006483,0.006485,0.006476,0.006482,154.692001,154.832001,154.619995,154.710999,-0.415693,-0.429876,-0.437626
2025.11.17 09:00,0.006481,0.006485,0.006479,0.00648,154.705994,154.785995,154.649002,154.748993,-0.429279,-0.435111,-0.428005
2025.11.17 10:00,0.006481,0.006482,0.006476,0.006477,154.75,154.843994,154.690994,154.839005,-0.427687,-0.417622,-0.434621
2025.11.17 11:00,0.006477,0.006479,0.006475,0.006478,154.837006,154.871002,154.763,154.789001,-0.430852,-0.430101,-0.420368
2025.11.17 12:00,0.006478,0.006481,0.006475,0.006476,154.789001,154.871994,154.731995,154.845001,-0.431844,-0.434824,-0.428694
2025.11.17 13:00,0.006476,0.006477,0.006473,0.006475,154.843002,154.916,154.832001,154.888,-0.428132,-0.427617,-0.435921
2025.11.17 14:00,0.006474,0.006475,0.006468,0.006469,154.884995,155.035004,154.860992,155.024994,-0.427704,-0.420842,-0.429647
2025.11.17 15:00,0.006469,0.006469,0.006456,0.006462,155.031998,155.304001,155.0,155.194,-0.409324,-0.428544,-0.431179
2025.11.17 16:00,0.006461,0.006467,0.006461,0.006461,155.192993,155.205002,155.052002,155.197006,-0.430201,-0.432746,-0.422205
2025.11.17 17:00,0.006462,0.006464,0.00646,0.006462,155.199997,155.231995,155.136002,155.158005,-0.433229,-0.421069,-0.419126
2025.11.17 18:00,0.006463,0.006464,0.006461,0.006464,155.151993,155.207001,155.121994,155.136002,-0.4322,-0.430989,-0.433028
2025.11.17 19:00,0.006464,0.006467,0.006458,0.006459,155.134995,155.251007,155.063995,155.240997,-0.416292,-0.44474,-0.418271
2025.11.17 20:00,0.006459,0.006462,0.006458,0.00646,155.242004,155.257004,155.160995,155.223007,-0.422288,-0.422117,-0.424242
2025.11.17 21:00,0.00646,0.006461,0.006458,0.006458,155.222,155.261002,155.205002,155.261002,-0.414295,-0.430201,-0.426286
2025.11.17 23:00,0.00646,0.006462,0.006457,0.006458,155.175995,155.287003,155.167007,155.266006,-0.416321,-0.416153,-0.407319
2025.11.18 00:00,0.006458,0.006462,0.006453,0.006458,155.272995,155.378998,155.173996,155.253998,-0.412316,-0.411175,-0.407292
2025.11.18 01:00,0.006458,0.006463,0.006454,0.00646,155.257996,155.360992,155.139999,155.194,-0.40632,-0.413094,-0.407218
2025.11.18 02:00,0.00646,0.006462,0.006457,0.006461,155.197006,155.283005,155.166,155.182999,-0.412323,-0.415146,-0.408198
2025.11.18 03:00,0.006462,0.006464,0.006461,0.006462,155.188004,155.201004,155.106003,155.169998,-0.426203,-0.414998,-0.419143
2025.11.18 04:00,0.006462,0.006477,0.006461,0.006466,155.169998,155.190994,154.809006,155.050995,-0.416193,-0.416545,-0.407834
2025.11.18 05:00,0.006467,0.006469,0.006464,0.006466,155.052002,155.102005,154.990005,155.076996,-0.411,-0.394659,-0.409922
2025.11.18 06:00,0.006465,0.006475,0.00646,0.006462,155.076996,155.216003,154.862,155.177994,-0.417238,-0.40992,-0.427139
2025.11.18 07:00,0.006462,0.006474,0.00646,0.006469,155.169998,155.216995,154.865997,154.990005,-0.406256,-0.401986,-0.41855
2025.11.18 08:00,0.006469,0.006473,0.00646,0.006464,154.990005,155.218994,154.904999,155.123001,-0.420228,-0.405193,-0.408068
2025.11.18 09:00,0.006464,0.006466,0.006458,0.006459,155.123001,155.264999,155.078003,155.231003,-0.418293,-0.410929,-0.408276
2025.11.18 10:00,0.006459,0.00646,0.006451,0.006452,155.227005,155.423996,155.201004,155.423004,-0.409269,-0.402238,-0.420294
2025.11.18 11:00,0.006452,0.006454,0.00645,0.006451,155.421997,155.440994,155.354004,155.421005,-0.414249,-0.411328,-0.406279
2025.11.18 12:00,0.006451,0.006462,0.00645,0.006462,155.423004,155.438004,155.171005,155.182007,-0.411258,-0.408184,-0.419185
2025.11.18 13:00,0.006461,0.006467,0.006458,0.006462,155.175003,155.261993,155.056,155.167007,-0.415287,-0.424798,-0.404186
2025.11.18 14:00,0.006462,0.006464,0.006452,0.00646,155.164993,155.380997,155.136002,155.222,-0.402304,-0.421069,-0.41126
2025.11.18 15:00,0.00646,0.006467,0.006458,0.006458,155.227997,155.281998,155.046997,155.272995,-0.42331,-0.415795,-0.426289
2025.11.18 16:00,0.006458,0.006458,0.006448,0.00645,155.274002,155.505005,155.253006,155.442001,-0.418161,-0.41829,-0.415256
2025.11.18 17:00,0.00645,0.006451,0.00644,0.00644,155.436996,155.695007,155.423996,155.686005,-0.415508,-0.409269,-0.406505
2025.11.18 18:00,0.00644,0.006446,0.006438,0.006444,155.686996,155.733994,155.554001,155.589996,-0.418309,-0.407001,-0.406884
2025.11.18 19:00,0.006444,0.006448,0.006442,0.006447,155.591995,155.636993,155.494995,155.520004,-0.417742,-0.420168,-0.409099
2025.11.18 20:00,0.006446,0.006449,0.006446,0.006447,155.520996,155.563004,155.472,155.520996,-0.416003,-0.409199,-0.410091
2025.11.18 21:00,0.006446,0.006448,0.006446,0.006448,155.526001,155.548996,155.477997,155.477997,-0.414033,-0.40317,-0.40317
2025.11.18 23:00,0.006448,0.006448,0.006444,0.006446,155.496002,155.591995,155.473999,155.539993,-0.408883,-0.387155,-0.40503
2025.11.19 00:00,0.006446,0.006453,0.006444,0.006449,155.524002,155.578995,155.367004,155.470001,-0.395883,-0.400322,-0.4072
2025.11.19 01:00,0.006448,0.00645,0.006446,0.006448,155.464996,155.537003,155.425995,155.496002,-0.40204,-0.39925,-0.409158
2025.11.19 02:00,0.006448,0.006455,0.006445,0.006454,155.488998,155.552002,155.317993,155.352005,-0.392963,-0.399326,-0.409329
2025.11.19 03:00,0.006454,0.00646,0.006452,0.006456,155.348007,155.384003,155.205994,155.285995,-0.40531,-0.395254,-0.403317
2025.11.19 04:00,0.006456,0.006456,0.006449,0.006455,155.285995,155.468002,155.285995,155.317001,-0.405201,-0.391319,-0.398334
2025.11.19 05:00,0.006454,0.006457,0.006452,0.006453,155.317001,155.378998,155.255005,155.363998,-0.400305,-0.384323,-0.397316
2025.11.19 06:00,0.006453,0.006454,0.006449,0.00645,155.363998,155.459,155.319,155.444,-0.396199,-0.388329,-0.393223
2025.11.19 07:00,0.006449,0.006451,0.006446,0.006446,155.449997,155.529999,155.401993,155.516006,-0.40706,-0.387266,-0.393068
2025.11.19 08:00,0.006447,0.006448,0.00644,0.006442,155.511002,155.677994,155.473999,155.630005,-0.398494,-0.387155,-0.398714
2025.11.19 09:00,0.006442,0.006446,0.006429,0.006429,155.630005,155.964996,155.550003,155.955002,-0.407717,-0.403003,-0.397722
2025.11.19 10:00,0.006429,0.006429,0.006416,0.006417,155.947006,156.255997,155.929993,156.242996,-0.395647,-0.384803,-0.406941
2025.11.19 11:00,0.006417,0.006423,0.006415,0.006423,156.240997,156.300995,156.076996,156.100998,-0.4042,-0.398625,-0.398393
2025.11.19 12:00,0.006423,0.006425,0.006416,0.006417,156.100998,156.264008,156.059998,156.240997,-0.403657,-0.405864,-0.392795
2025.11.19 13:00,0.006417,0.006425,0.006415,0.006415,156.240997,156.296997,156.033997,156.276993,-0.412356,-0.404082,-0.392352
2025.11.19 14:00,0.006415,0.006416,0.006401,0.006401,156.281006,156.630997,156.259995,156.617004,-0.405409,-0.399644,-0.391417
2025.11.19 15:00,0.006401,0.006407,0.006397,0.006406,156.628998,156.718994,156.492004,156.501007,-0.395719,-0.400535,-0.397351
2025.11.19 16:00,0.006406,0.006407,0.006398,0.0064,156.498993,156.707001,156.457993,156.632004,-0.408153,-0.390878,-0.394209
2025.11.19 17:00,0.006401,0.006402,0.006392,0.006396,156.630997,156.873001,156.615997,156.75,-0.415209,-0.402615,-0.390063
2025.11.19 18:00,0.006396,0.006398,0.006392,0.006394,156.748993,156.850006,156.686005,156.781006,-0.392214,-0.399374,-0.384379
2025.11.19 19:00,0.006394,0.006397,0.006384,0.006384,156.779007,157.039993,156.751999,157.024994,-0.398394,-0.428724,-0.395653
2025.11.19 20:00,0.006384,0.006388,0.006384,0.006388,157.020996,157.046005,156.932999,156.962006,-0.404406,-0.401728,-0.406235
2025.11.19 21:00,0.006388,0.006388,0.006378,0.00638,156.959,157.184998,156.953995,157.138,-0.396039,-0.410481,-0.410467
2025.11.19 23:00,0.006381,0.006384,0.006377,0.006383,157.070007,157.158997,156.977997,156.979004,-0.345445,-0.336397,-0.312858
2025.11.20 00:00,0.006384,0.006388,0.006375,0.00638,156.990005,157.209,156.873001,157.072998,-0.346252,-0.341731,-0.33319
2025.11.20 01:00,0.00638,0.006382,0.006365,0.006367,157.069,157.436996,157.031998,157.414993,-0.340144,-0.341309,-0.342823
2025.11.20 02:00,0.006366,0.006371,0.006364,0.006371,157.414993,157.477997,157.283005,157.311996,-0.344119,-0.334091,-0.338451
2025.11.20 03:00,0.00637,0.006372,0.006366,0.006366,157.317993,157.436005,157.272995,157.417999,-0.351494,-0.3364,-0.333489
2025.11.20 04:00,0.006366,0.006373,0.006366,0.006367,157.410995,157.421997,157.255997,157.391998,-0.337487,-0.331718,-0.319828
2025.11.20 05:00,0.006363,0.006366,0.00636,0.006361,157.391998,157.580994,157.389008,157.552002,-0.348289,-0.304497,-0.331661
2025.11.20 06:00,0.006359,0.006363,0.006353,0.006353,157.554001,157.738007,157.485001,157.731995,-0.332061,-0.338774,-0.338428
2025.11.20 07:00,0.006353,0.006368,0.006351,0.006365,157.727997,157.781998,157.371002,157.455002,-0.33887,-0.335828,-0.333472
2025.11.20 08:00,0.006365,0.006378,0.006363,0.006377,157.449997,157.5,157.104004,157.145004,-0.353773,-0.327327,-0.331453
2025.11.20 09:00,0.006377,0.006378,0.006373,0.006376,157.145004,157.278,157.119995,157.175003,-0.353721,-0.331036,-0.336863
2025.11.20 10:00,0.006376,0.006377,0.006367,0.006367,157.175003,157.412994,157.147003,157.376999,-0.340824,-0.333452,-0.329491
2025.11.20 11:00,0.006368,0.006369,0.006362,0.006363,157.376999,157.544998,157.350006,157.509003,-0.361723,-0.327164,-0.350424
2025.11.20 12:00,0.006363,0.006363,0.006353,0.006355,157.503998,157.738998,157.501007,157.695007,-0.333053,-0.330087,-0.3386
2025.11.20 13:00,0.006355,0.006375,0.006345,0.006361,157.695007,157.875,157.210999,157.563004,-0.27059,-0.335955,-0.342662
2025.11.20 14:00,0.006361,0.006363,0.006349,0.006357,157.563995,157.830994,157.488007,157.619995,-0.338273,-0.329428,-0.325458
2025.11.20 15:00,0.006357,0.006358,0.006347,0.006355,157.613998,157.891998,157.612,157.673996,-0.337251,-0.329835,-0.329959
2025.11.20 16:00,0.006355,0.006372,0.006355,0.006366,157.673996,157.690002,157.281006,157.419998,-0.345966,-0.34441,-0.335488
2025.11.20 17:00,0.006367,0.006373,0.006361,0.006362,157.417999,157.544998,157.257004,157.514008,-0.349366,-0.345028,-0.330732
2025.11.20 18:00,0.006363,0.006366,0.006355,0.006365,157.520004,157.697006,157.421005,157.453003,-0.340599,-0.336495,-0.331473
2025.11.20 19:00,0.006365,0.006365,0.006361,0.006361,157.466003,157.563995,157.444,157.533997,-0.343654,-0.334805,-0.326005
2025.11.20 20:00,0.006361,0.006363,0.006357,0.00636,157.535004,157.649002,157.511002,157.569,-0.354465,-0.340082,-0.336296
2025.11.20 21:00,0.006359,0.006366,0.006359,0.006365,157.569,157.595993,157.427002,157.457001,-0.338568,-0.342492,-0.347805
2025.11.20 23:00,0.006365,0.006375,0.006363,0.006367,157.455994,157.481003,157.184006,157.382004,-0.322425,-0.308962,-0.309833
2025.11.21 00:00,0.006367,0.006374,0.006361,0.00637,157.380005,157.541,157.214996,157.309006,-0.320659,-0.327644,-0.323136
2025.11.21 01:00,0.006369,0.006375,0.006362,0.006363,157.313995,157.498993,157.201996,157.481995,-0.315718,-0.326952,-0.323416
2025.11.21 02:00,0.006363,0.006371,0.006363,0.006369,157.479996,157.494003,157.292999,157.343002,-0.323083,-0.319454,-0.32016
2025.11.21 03:00,0.006369,0.006371,0.006365,0.00637,157.341995,157.431,157.289001,157.302994,-0.334148,-0.315456,-0.317124
2025.11.21 04:00,0.00637,0.00638,0.00637,0.006371,157.294006,157.309006,157.076996,157.268997,-0.323136,-0.3249,-0.320083
2025.11.21 05:00,0.006374,0.006376,0.00637,0.006373,157.268005,157.307999,157.160004,157.223007,-0.322129,-0.309561,-0.323344
2025.11.21 06:00,0.006373,0.00638,0.006373,0.006376,157.222,157.259995,157.044998,157.171997,-0.335716,-0.317464,-0.321554
2025.11.21 07:00,0.006376,0.006398,0.006375,0.006394,157.164001,157.195999,156.606995,156.735992,-0.333251,-0.320364,-0.327143
2025.11.21 08:00,0.006394,0.0064,0.006384,0.006386,156.733002,156.949997,156.561996,156.910995,-0.320656,-0.311993,-0.318454
2025.11.21 09:00,0.006386,0.006396,0.006384,0.006392,156.906006,156.953003,156.667999,156.753006,-0.323662,-0.332502,-0.319683
2025.11.21 10:00,0.006392,0.006402,0.00639,0.006392,156.759003,156.826004,156.550995,156.776993,-0.343723,-0.337612,-0.33143
2025.11.21 11:00,0.006392,0.006394,0.006387,0.006389,156.776993,156.899002,156.742004,156.847,-0.330973,-0.333155,-0.327983
2025.11.21 12:00,0.006389,0.006398,0.006387,0.006393,156.847,156.899002,156.602997,156.753998,-0.330973,-0.316366,-0.332913
2025.11.21 13:00,0.006392,0.006396,0.006388,0.00639,156.742004,156.867004,156.673004,156.807999,-0.335734,-0.313067,-0.325717
2025.11.21 14:00,0.00639,0.006397,0.006384,0.006395,156.807999,156.970001,156.649002,156.697998,-0.340661,-0.325727,-0.325833
2025.11.21 15:00,0.006395,0.006416,0.006394,0.006402,156.701996,156.723999,156.192001,156.531006,-0.327372,-0.331651,-0.329815
2025.11.21 16:00,0.006402,0.006405,0.006392,0.0064,156.533005,156.759003,156.457001,156.565994,-0.32568,-0.328978,-0.328199
2025.11.21 17:00,0.0064,0.006404,0.006394,0.006402,156.565994,156.733002,156.492004,156.539001,-0.336375,-0.339596,-0.325619
2025.11.21 18:00,0.006401,0.006404,0.006398,0.0064,156.535995,156.647003,156.455002,156.570007,-0.335948,-0.314788,-0.332212
2025.11.21 19:00,0.0064,0.006413,0.0064,0.00641,156.574005,156.585007,156.257004,156.324005,-0.335003,-0.335896,-0.317763
2025.11.21 20:00,0.006411,0.006411,0.006405,0.006408,156.324997,156.455002,156.311996,156.389999,-0.32698,-0.317925,-0.335066
2025.11.21 21:00,0.006408,0.006411,0.006403,0.006407,156.378998,156.503998,156.294998,156.378006,-0.327208,-0.300927,-0.298721
2025.11.24 00:00,0.006396,0.006397,0.006391,0.006394,156.677994,156.804001,156.651993,156.729004,-0.333965,-0.328717,-0.320155
2025.11.24 01:00,0.006394,0.006398,0.006393,0.006394,156.729996,156.755997,156.630997,156.714996,-0.334912,-0.319942,-0.318369
2025.11.24 02:00,0.006394,0.006399,0.006394,0.006396,156.710999,156.738998,156.600998,156.684006,-0.330149,-0.326582,-0.324069
2025.11.24 03:00,0.006396,0.0064,0.006396,0.006398,156.684006,156.695999,156.582993,156.645004,-0.336062,-0.332989,-0.333949
2025.11.24 04:00,0.006398,0.006403,0.006397,0.006402,156.634995,156.667007,156.503998,156.546005,-0.343732,-0.327208,-0.344815
2025.11.24 05:00,0.006401,0.006404,0.0064,0.0064,156.552994,156.593002,156.494995,156.574997,-0.330799,-0.330403,-0.324993
2025.11.24 06:00,0.0064,0.006402,0.006394,0.006394,156.574997,156.740005,156.537994,156.731003,-0.331156,-0.324612,-0.334376
2025.11.24 07:00,0.006394,0.006396,0.006388,0.00639,156.720001,156.893997,156.671005,156.835007,-0.338226,-0.335508,-0.32824
2025.11.24 08:00,0.00639,0.006398,0.006386,0.006387,156.843002,156.938995,156.643005,156.893997,-0.334189,-0.33195,-0.325968
2025.11.24 09:00,0.006387,0.006396,0.006386,0.006393,156.893997,156.938995,156.673996,156.75,-0.334189,-0.326274,-0.328915
2025.11.24 10:00,0.006393,0.006396,0.006392,0.006394,156.742004,156.781006,156.692001,156.705994,-0.323213,-0.332065,-0.321599
2025.11.24 11:00,0.006394,0.006395,0.006388,0.00639,156.707001,156.865997,156.694,156.832001,-0.334727,-0.321835,-0.325234
2025.11.24 12:00,0.00639,0.006394,0.006388,0.006388,156.830002,156.873993,156.738998,156.850006,-0.330479,-0.330149,-0.318736
2025.11.24 13:00,0.006389,0.006389,0.006384,0.006386,156.847,156.988007,156.843994,156.912994,-0.334135,-0.324977,-0.320453
2025.11.24 14:00,0.006386,0.006388,0.006376,0.006381,156.908997,157.162994,156.880005,157.050003,-0.324854,-0.324234,-0.334753
2025.11.24 15:00,0.006381,0.006394,0.006375,0.006391,157.044006,157.192993,156.733002,156.791,-0.330245,-0.336375,-0.320964
2025.11.24 16:00,0.006391,0.006392,0.006385,0.006386,156.792007,156.947006,156.763,156.938995,-0.329934,-0.317438,-0.334189
2025.11.24 17:00,0.006386,0.006389,0.006384,0.006388,156.934998,156.983994,156.850006,156.880997,-0.330122,-0.330989,-0.325226
2025.11.24 18:00,0.006388,0.006391,0.006387,0.006391,156.880997,156.895996,156.783005,156.789001,-0.327967,-0.312969,-0.318966
2025.11.24 19:00,0.006391,0.006395,0.006388,0.006394,156.783997,156.880997,156.705002,156.733002,-0.337483,-0.332837,-0.324152
2025.11.24 20:00,0.006394,0.006394,0.006389,0.00639,156.729996,156.848999,156.725998,156.832993,-0.329982,-0.329371,-0.338475
2025.11.24 21:00,0.00639,0.00639,0.006386,0.006388,156.822998,156.921997,156.815002,156.876999,-0.329456,-0.332721,-0.345729
2025.11.24 23:00,0.006386,0.006388,0.006384,0.006385,156.854004,156.960999,156.834,156.917999,-0.307127,-0.302729,-0.300927
2025.11.25 00:00,0.006386,0.006394,0.006382,0.006394,156.901001,156.988998,156.667999,156.694,-0.29831,-0.283604,-0.309605
2025.11.25 01:00,0.006394,0.0064,0.006392,0.006396,156.682999,156.751999,156.548004,156.647003,-0.306437,-0.285801,-0.287066
2025.11.25 02:00,0.006396,0.006398,0.006392,0.006394,156.656998,156.731003,156.600998,156.669006,-0.29768,-0.289943,-0.284611
2025.11.25 03:00,0.006395,0.006397,0.00639,0.00639,156.669006,156.785004,156.608002,156.772995,-0.290487,-0.284726,-0.290714
2025.11.25 04:00,0.00639,0.006392,0.006388,0.00639,156.768997,156.854996,156.751999,156.796997,-0.299225,-0.294206,-0.290231
2025.11.25 05:00,0.006388,0.006394,0.006388,0.006392,156.796997,156.850006,156.690002,156.735001,-0.294235,-0.293376,-0.289438
2025.11.25 06:00,0.006392,0.006394,0.00639,0.006394,156.727005,156.802994,156.664001,156.675995,-0.308477,-0.279606,-0.2916
2025.11.25 07:00,0.006394,0.006401,0.006394,0.006397,156.675003,156.699005,156.518005,156.619003,-0.302378,-0.292418,-0.295728
2025.11.25 08:00,0.006397,0.006404,0.006394,0.006402,156.610992,156.701996,156.432999,156.490005,-0.293146,-0.292784,-0.301016
2025.11.25 09:00,0.006402,0.006417,0.006402,0.006411,156.485992,156.501007,156.138,156.292999,-0.299816,-0.301945,-0.298928
2025.11.25 10:00,0.00641,0.006414,0.006406,0.006408,156.294998,156.401993,156.197006,156.348007,-0.298337,-0.288056,-0.293073
2025.11.25 11:00,0.006408,0.006408,0.006401,0.006404,156.341003,156.526001,156.341003,156.438004,-0.300413,-0.28607,-0.297789
2025.11.25 12:00,0.006404,0.006411,0.006402,0.006411,156.436005,156.514008,156.289993,156.294006,-0.300625,-0.295922,-0.299935
2025.11.25 13:00,0.006411,0.006422,0.006409,0.006417,156.294006,156.348999,156.024002,156.139999,-0.306244,-0.309272,-0.291797
2025.11.25 14:00,0.006417,0.006427,0.006411,0.00642,156.139999,156.281998,155.889008,156.065002,-0.300095,-0.295413,-0.301762
2025.11.25 15:00,0.006421,0.006427,0.006415,0.006417,156.048004,156.177994,155.888,156.147995,-0.305494,-0.282309,-0.299793
2025.11.25 16:00,0.006417,0.006421,0.00641,0.00641,156.147995,156.317993,156.054993,156.298996,-0.311751,-0.303886,-0.292754
2025.11.25 17:00,0.006409,0.006431,0.006409,0.006427,156.311996,156.334,155.796997,155.893005,-0.291244,-0.300181,-0.287314
2025.11.25 18:00,0.006427,0.006429,0.006423,0.006426,155.891998,155.977997,155.828995,155.906998,-0.287504,-0.283805,-0.289196
2025.11.25 19:00,0.006426,0.006431,0.006424,0.00643,155.906998,155.959,155.800995,155.822006,-0.292749,-0.292097,-0.301013
2025.11.25 20:00,0.006429,0.00643,0.006415,0.006419,155.822006,156.188004,155.817001,156.097,-0.303363,-0.296008,-0.297361
2025.11.25 21:00,0.006418,0.00643,0.006418,0.00643,156.095001,156.110992,156.022003,156.041,-0.299212,-0.501009,-0.520007
2025.11.25 23:00,0.006422,0.006423,0.006413,0.006414,156.001007,156.235001,155.992004,156.186005,-0.301744,-0.289399,-0.277054
2025.11.26 00:00,0.006414,0.006419,0.006408,0.006412,156.192001,156.354004,156.087997,156.248993,-0.29907,-0.300497,-0.291412
2025.11.26 01:00,0.006412,0.00643,0.006407,0.006425,156.248993,156.373001,155.809006,155.942001,-0.293716,-0.288012,-0.287868
2025.11.26 02:00,0.006425,0.006437,0.006421,0.006429,155.938004,156.022995,155.645004,155.841995,-0.296137,-0.29313,-0.284715
2025.11.26 03:00,0.006429,0.006433,0.006427,0.006427,155.841995,155.910995,155.740997,155.875,-0.305304,-0.28045,-0.281406
2025.11.26 04:00,0.006427,0.006427,0.006417,0.00642,155.875,156.132996,155.871002,156.026993,-0.309073,-0.277408,-0.263753
2025.11.26 05:00,0.006419,0.00642,0.006415,0.006418,156.035004,156.184998,156.024002,156.108002,-0.300357,-0.260762,-0.296222
2025.11.26 06:00,0.006417,0.00642,0.006411,0.006414,156.112,156.287003,156.044006,156.201996,-0.292931,-0.280766,-0.293045
2025.11.26 07:00,0.006413,0.006416,0.006404,0.006407,156.201004,156.462006,156.143997,156.378006,-0.297413,-0.283647,-0.286536
2025.11.26 08:00,0.006407,0.006409,0.006402,0.006404,156.386993,156.494995,156.311996,156.447006,-0.293804,-0.281418,-0.306792
2025.11.26 09:00,0.006404,0.006409,0.006402,0.006404,156.447006,156.503998,156.328995,156.451996,-0.302807,-0.28624,-0.287404
2025.11.26 10:00,0.006404,0.006409,0.006402,0.006403,156.449005,156.513,156.322006,156.472,-0.299618,-0.279251,-0.29521
2025.11.26 11:00,0.006402,0.006407,0.006398,0.006403,156.472,156.578995,156.369995,156.473007,-0.292364,-0.29071,-0.296217
2025.11.26 12:00,0.006402,0.006404,0.006398,0.006402,156.470001,156.591003,156.436005,156.473007,-0.292156,-0.283597,-0.284018
2025.11.26 13:00,0.006403,0.006409,0.006394,0.006396,156.472,156.688004,156.326004,156.658997,-0.291377,-0.283249,-0.29906
2025.11.26 14:00,0.006395,0.006402,0.006392,0.006398,156.656998,156.740997,156.494003,156.606995,-0.295435,-0.292813,-0.29594
2025.11.26 15:00,0.006398,0.006406,0.006396,0.006405,156.610001,156.645996,156.410004,156.412994,-0.298274,-0.294171,-0.284972
2025.11.26 16:00,0.006405,0.006411,0.006404,0.006407,156.410995,156.468002,156.283997,156.384995,-0.30341,-0.302094,-0.293525
2025.11.26 17:00,0.006407,0.006409,0.006403,0.006406,156.378006,156.464005,156.335007,156.399002,-0.287215,-0.292251,-0.28317
2025.11.26 18:00,0.006406,0.006409,0.006402,0.006403,156.399002,156.516006,156.339996,156.466995,-0.302624,-0.297241,-0.290205
2025.11.26 19:00,0.006404,0.006405,0.006402,0.006404,156.460999,156.511002,156.425003,156.455002,-0.297619,-0.296981,-0.29041
2025.11.26 20:00,0.006404,0.006406,0.006402,0.006404,156.449997,156.494995,156.401993,156.444,-0.306006,-0.28616,-0.291592
2025.11.26 21:00,0.006404,0.006406,0.006402,0.006404,156.447006,156.477997,156.401993,156.449997,-0.264614,-0.298337,-0.285405
2025.11.26 23:00,0.006404,0.006411,0.006403,0.006411,156.417007,156.425003,156.212997,156.223007,-0.248213,-0.231095,-0.241105
2025.11.27 00:00,0.006411,0.006427,0.006411,0.006419,156.216003,156.242004,155.854004,156.029999,-0.260102,-0.248313,-0.230359
2025.11.27 01:00,0.006419,0.006432,0.006413,0.006417,156.031006,156.182999,155.716003,156.044998,-0.249742,-0.243369,-0.221076
2025.11.27 02:00,0.006419,0.006423,0.006413,0.006415,156.050995,156.188995,155.923004,156.113998,-0.243577,-0.244633,-0.229358
2025.11.27 03:00,0.006415,0.006419,0.006414,0.006417,156.113998,156.156998,156.026001,156.074005,-0.248047,-0.226362,-0.23795
2025.11.27 04:00,0.006417,0.006423,0.006416,0.00642,156.076004,156.102997,155.932999,156.005997,-0.242647,-0.242506,-0.242757
2025.12.01 00:00,0.006423,0.006433,0.006423,0.006427,155.901001,155.908997,155.669998,155.802002,-0.206392,-0.209451,-0.208408
2025.12.01 01:00,0.006427,0.00644,0.006419,0.006434,155.798996,155.992004,155.475006,155.634003,-0.204504,-0.207553,-0.209697
2025.12.01 02:00,0.006433,0.006443,0.006433,0.00644,155.634003,155.651993,155.423996,155.496994,-0.215605,-0.216793,-0.205435
2025.12.01 03:00,0.00644,0.006444,0.006435,0.006441,155.5,155.598007,155.406998,155.455002,-0.209925,-0.211841,-0.199605
2025.12.01 04:00,0.006441,0.006444,0.006435,0.006438,155.455002,155.604996,155.389008,155.544006,-0.216914,-0.217927,-0.216268
2025.12.01 05:00,0.006438,0.006444,0.006435,0.006435,155.542007,155.619995,155.406006,155.591003,-0.207769,-0.210849,-0.202921
2025.12.01 06:00,0.006435,0.006437,0.006431,0.006437,155.591003,155.692001,155.550003,155.557999,-0.207277,-0.198128,-0.194064
2025.12.01 07:00,0.006437,0.006448,0.006435,0.006446,155.561005,155.628006,155.298996,155.360992,-0.21578,-0.212152,-0.213992
2025.12.01 08:00,0.006446,0.00645,0.006437,0.00644,155.360992,155.561996,155.253998,155.483002,-0.210122,-0.203221,-0.191442
2025.12.01 09:00,0.00644,0.00645,0.006438,0.006448,155.479996,155.533005,155.253998,155.285995,-0.21732,-0.203221,-0.211168
2025.12.01 10:00,0.006449,0.006454,0.006448,0.00645,155.281006,155.307999,155.156006,155.253998,-0.209125,-0.213329,-0.203221
2025.12.01 11:00,0.00645,0.006456,0.006446,0.006456,155.248001,155.343002,155.093994,155.098007,-0.208039,-0.199318,-0.203331
2025.12.01 12:00,0.006456,0.006471,0.006454,0.006469,155.098007,155.149994,154.757004,154.783005,-0.207317,-0.209442,-0.19961
2025.12.01 13:00,0.006469,0.006475,0.006465,0.006467,154.783005,154.897003,154.658997,154.835007,-0.217965,-0.206917,-0.203805
2025.12.01 14:00,0.006467,0.006467,0.006458,0.00646,154.841995,155.063004,154.830002,154.985001,-0.204316,-0.1988,-0.198218
2025.12.01 15:00,0.00646,0.006469,0.006452,0.006456,154.994003,155.197006,154.848999,155.097,-0.2063,-0.265604,-0.202324
2025.12.01 16:00,0.006456,0.006456,0.006447,0.006448,155.091003,155.313995,155.091003,155.287003,-0.20309,-0.196327,-0.212176
2025.12.01 17:00,0.006448,0.006449,0.006444,0.006446,155.281006,155.384995,155.255997,155.350006,-0.213914,-0.193196,-0.215043
2025.12.01 18:00,0.006446,0.006446,0.00644,0.00644,155.343994,155.498001,155.335007,155.488007,-0.206442,-0.200044,-0.208507
2025.12.01 19:00,0.00644,0.006442,0.006438,0.00644,155.487,155.522003,155.444,155.479004,-0.194265,-0.200657,-0.211551
2025.12.01 20:00,0.00644,0.006442,0.006438,0.006442,155.475006,155.518005,155.429001,155.440994,-0.202321,-0.19771,-0.209703
2025.12.01 21:00,0.006442,0.006442,0.006438,0.006439,155.447006,155.507996,155.425003,155.432999,-0.192311,-0.193712,-0.129378
2025.12.01 23:00,0.00644,0.006442,0.006435,0.006437,155.416,155.572006,155.416,155.548004,-0.183924,-0.18471,-0.18407
2025.12.02 00:00,0.006437,0.006441,0.006431,0.006433,155.556,155.679993,155.455002,155.628006,-0.195268,-0.199605,-0.191618
2025.12.02 01:00,0.006433,0.006435,0.006427,0.006433,155.628006,155.774994,155.595993,155.626007,-0.193506,-0.207911,-0.189619
2025.12.02 02:00,0.006433,0.006435,0.006431,0.006432,155.626007,155.705002,155.584,155.653,-0.196103,-0.195918,-0.180365
2025.12.02 03:00,0.006433,0.006437,0.00643,0.006433,155.653,155.718002,155.552994,155.625,-0.197009,-0.189059,-0.188612
2025.12.02 04:00,0.006433,0.006437,0.006432,0.006433,155.625,155.666,155.544998,155.638,-0.193366,-0.181064,-0.201612
2025.12.02 05:00,0.006431,0.006433,0.006429,0.006433,155.632996,155.733002,155.628006,155.651993,-0.187812,-0.191618,-0.191446
2025.12.02 06:00,0.006432,0.006434,0.006426,0.006428,155.647995,155.817001,155.632996,155.761002,-0.1992,-0.20869,-0.191619
2025.12.02 07:00,0.006429,0.00643,0.006425,0.006428,155.755005,155.835999,155.710007,155.761002,-0.206084,-0.189013,-0.191619
2025.12.02 08:00,0.006428,0.006428,0.006418,0.006418,155.761002,156.005005,155.761002,155.990005,-0.193225,-0.191619,-0.178226
2025.12.02 09:00,0.006419,0.006421,0.006415,0.006419,155.992004,156.097,155.927002,155.975006,-0.200205,-0.188026,-0.199631
2025.12.02 10:00,0.00642,0.006421,0.006415,0.006417,155.960007,156.078003,155.931,156.029999,-0.205503,-0.192024,-0.193943
2025.12.02 11:00,0.006417,0.006423,0.006416,0.006421,156.029999,156.061996,155.888,155.925003,-0.201646,-0.185396,-0.198145
2025.12.02 12:00,0.006421,0.006422,0.006417,0.006418,155.917999,156.039001,155.906006,156.011002,-0.202946,-0.191275,-0.199222
2025.12.02 13:00,0.006417,0.006419,0.006415,0.006419,156.003998,156.084,155.960007,155.970001,-0.211499,-0.184632,-0.182501
2025.12.02 14:00,0.006419,0.006421,0.006415,0.006419,155.968994,156.098007,155.927002,155.945007,-0.201212,-0.188026,-0.169632
2025.12.02 15:00,0.006421,0.006425,0.006411,0.006423,155.945007,156.188995,155.813004,155.882004,-0.194924,-0.183089,-0.191511
2025.12.02 16:00,0.006423,0.006429,0.006419,0.006421,155.867996,155.996994,155.748001,155.914001,-0.209493,-0.190721,-0.187144
2025.12.02 17:00,0.006421,0.006422,0.006415,0.006421,155.917007,156.097,155.910995,155.955994,-0.212359,-0.196265,-0.204887
2025.12.02 18:00,0.006421,0.006422,0.006417,0.006418,155.938995,156.029007,155.906006,155.988007,-0.205084,-0.191275,-0.176227
2025.12.02 19:00,0.006419,0.006425,0.006418,0.006423,155.988007,156.007996,155.839005,155.893005,-0.196216,-0.184871,-0.1904
2025.12.02 20:00,0.006423,0.006427,0.006422,0.006425,155.891006,155.910004,155.798004,155.824005,-0.195273,-0.192313,-0.194091
2025.12.02 21:00,0.006425,0.006425,0.006422,0.006423,155.828003,155.916,155.820999,155.884995,-0.20127,-0.191085,-0.206624
2025.12.02 23:00,0.006424,0.006427,0.006421,0.006427,155.854996,155.906998,155.778,155.798004,-0.168022,-0.184406,-0.20441
2025.12.03 00:00,0.006427,0.006432,0.006425,0.006427,155.757004,155.811996,155.654007,155.778,-0.182082,-0.181372,-0.184406
2025.12.03 01:00,0.006427,0.006434,0.006427,0.006431,155.770996,155.791,155.600006,155.653,-0.185309,-0.1757,-0.168275
2025.12.03 02:00,0.006431,0.006432,0.006425,0.006429,155.649994,155.806,155.643997,155.703995,-0.176086,-0.171362,-0.170904
2025.12.03 03:00,0.006429,0.006433,0.006429,0.006432,155.703995,155.727005,155.621994,155.654007,-0.169725,-0.161447,-0.181372
2025.12.03 04:00,0.006431,0.006432,0.006427,0.006431,155.647995,155.751999,155.645996,155.660004,-0.170511,-0.173361,-0.163188
2025.12.03 05:00,0.006433,0.006433,0.006429,0.00643,155.656006,155.705002,155.621002,155.686005,-0.171911,-0.160455,-0.165011
2025.12.03 06:00,0.00643,0.006438,0.00643,0.006434,155.686005,155.692001,155.503998,155.602005,-0.171008,-0.164192,-0.177699
2025.12.03 07:00,0.006434,0.006438,0.006429,0.006431,155.604996,155.707993,155.507004,155.684998,-0.174902,-0.167198,-0.176099
2025.12.03 08:00,0.006431,0.006431,0.006427,0.006431,155.679001,155.757004,155.658997,155.669998,-0.175516,-0.174272,-0.1611
2025.12.03 09:00,0.006431,0.006437,0.006431,0.006433,155.677994,155.681,155.522995,155.615005,-0.172101,-0.17112,-0.178617
2025.12.03 10:00,0.006433,0.006438,0.006432,0.006437,155.615005,155.643005,155.498993,155.520996,-0.170371,-0.171254,-0.157062
2025.12.03 11:00,0.006437,0.006442,0.006437,0.006442,155.520996,155.529007,155.406998,155.417999,-0.177132,-0.175707,-0.174656
2025.12.03 12:00,0.006442,0.006444,0.006441,0.006442,155.410004,155.432999,155.354004,155.408997,-0.177602,-0.170892,-0.177706
2025.12.03 13:00,0.006442,0.00645,0.006438,0.006438,155.408997,155.528,155.192993,155.488998,-0.188194,-0.166248,-0.173314
2025.12.03 14:00,0.006438,0.006448,0.006437,0.006444,155.490005,155.522003,155.272995,155.350998,-0.170128,-0.174121,-0.155841
2025.12.03 15:00,0.006443,0.00645,0.00643,0.00645,155.369003,155.598007,155.203995,155.210999,-0.077013,-0.17725,-0.160222
2025.12.03 16:00,0.00645,0.006459,0.006448,0.006452,155.212006,155.248001,155.005005,155.162994,-0.173174,-0.182278,-0.184301
2025.12.03 17:00,0.006452,0.006456,0.00645,0.006454,155.166,155.214996,155.082001,155.119995,-0.188251,-0.175335,-0.177319
2025.12.03 18:00,0.006454,0.006456,0.006452,0.006454,155.125,155.177994,155.070007,155.119995,-0.175284,-0.163342,-0.177319
2025.12.03 19:00,0.006454,0.006456,0.006452,0.006453,155.126999,155.167007,155.074005,155.143997,-0.176301,-0.16734,-0.177315
2025.12.03 20:00,0.006453,0.006454,0.006448,0.00645,155.143997,155.248993,155.121002,155.229996,-0.174166,-0.16633,-0.179219
2025.12.03 21:00,0.00645,0.006452,0.006446,0.006452,155.229996,155.317001,155.197998,155.231003,-0.182038,-0.219305,-0.25231
2025.12.03 23:00,0.00645,0.006454,0.006446,0.006452,155.169006,155.238007,155.078995,155.110992,-0.115068,-0.124322,-0.120286
2025.12.04 00:00,0.006452,0.006456,0.006447,0.006452,155.106003,155.251007,155.014999,155.113998,-0.140102,-0.120323,-0.123292
2025.12.04 01:00,0.006452,0.006453,0.006439,0.006446,155.112,155.410995,155.093002,155.253006,-0.107375,-0.12632,-0.130067
2025.12.04 02:00,0.006446,0.006446,0.00644,0.00644,155.251007,155.429993,155.25,155.406998,-0.138433,-0.127061,-0.115438
2025.12.04 03:00,0.00644,0.006441,0.006434,0.00644,155.414993,155.542007,155.380005,155.384003,-0.117701,-0.124608,-0.11655
2025.12.04 04:00,0.006441,0.006444,0.006438,0.006438,155.384995,155.468994,155.319,155.455994,-0.129188,-0.123844,-0.116188
2025.12.04 05:00,0.006438,0.00645,0.006436,0.006448,155.457001,155.503006,155.179001,155.216995,-0.126999,-0.128224,-0.130152
2025.12.04 06:00,0.006448,0.006448,0.006438,0.006444,155.216995,155.451004,155.205002,155.296005,-0.123266,-0.118158,-0.124925
2025.12.04 07:00,0.006445,0.006448,0.006442,0.006446,155.289993,155.352005,155.201004,155.235001,-0.120714,-0.11416,-0.112062
2025.12.04 08:00,0.006446,0.006466,0.006446,0.006458,155.235001,155.25,154.766006,154.981995,-0.127061,-0.122845,-0.123307
2025.12.04 09:00,0.006457,0.006466,0.006455,0.006464,154.987,155.057007,154.792007,154.807007,-0.13834,-0.124934,-0.116002
2025.12.04 10:00,0.006465,0.006467,0.006462,0.006467,154.813995,154.891998,154.735001,154.746994,-0.129177,-0.115745,-0.127738
2025.12.04 11:00,0.006467,0.006477,0.006466,0.006477,154.746994,154.794006,154.520004,154.529007,-0.138884,-0.139453,-0.124624
2025.12.04 12:00,0.006477,0.006477,0.006466,0.006471,154.524002,154.781006,154.501999,154.662003,-0.137845,-0.121447,-0.126386
2025.12.04 13:00,0.006471,0.006471,0.006454,0.006466,154.664001,155.059006,154.653,154.798004,-0.128335,-0.117383,-0.13093
2025.12.04 14:00,0.006466,0.006475,0.006463,0.006466,154.798004,154.854996,154.556,154.761002,-0.128091,-0.127766,-0.117841
2025.12.04 15:00,0.006467,0.006475,0.006461,0.006472,154.759003,154.899002,154.550995,154.630997,-0.124201,-0.122761,-0.119252
2025.12.04 16:00,0.006473,0.006473,0.00646,0.006461,154.634003,154.919998,154.628006,154.901001,-0.133216,-0.1282,-0.1262
2025.12.04 17:00,0.00646,0.006462,0.006458,0.00646,154.901001,154.966003,154.884003,154.929993,-0.119297,-0.121181,-0.131227
2025.12.04 18:00,0.00646,0.006462,0.006457,0.006458,154.934998,154.992996,154.889999,154.983002,-0.122314,-0.127178,-0.124314
2025.12.04 19:00,0.006457,0.006459,0.006455,0.006456,154.981003,155.042999,154.949005,155.014999,-0.124332,-0.126278,-0.132321
2025.12.04 20:00,0.006456,0.006457,0.006452,0.006453,155.013,155.132996,154.990997,155.100998,-0.130286,-0.120315,-0.134316
2025.12.04 21:00,0.006453,0.006454,0.00645,0.006452,155.102005,155.139008,155.069,155.070999,-0.112262,-0.126324,-0.092306
2025.12.04 23:00,0.006453,0.006454,0.00645,0.00645,155.029999,155.162003,155.009995,155.143005,-0.111226,-0.055322,-0.11626
2025.12.05 00:00,0.006451,0.006458,0.006447,0.006458,155.125,155.231995,154.947006,154.966003,-0.121089,-0.112291,-0.107316
2025.12.05 01:00,0.006458,0.00646,0.006452,0.006456,154.962006,155.102005,154.912003,155.009003,-0.123312,-0.101263,-0.102337
2025.12.05 02:00,0.006456,0.006456,0.006452,0.006454,155.009003,155.100006,154.998001,155.044006,-0.1093,-0.103325,-0.113336
2025.12.05 03:00,0.006454,0.006455,0.00645,0.006452,155.054001,155.156998,155.031998,155.115005,-0.118243,-0.113331,-0.112296
2025.12.05 04:00,0.006452,0.006464,0.006451,0.00646,155.115005,155.125,154.791,154.914001,-0.110273,-0.099995,-0.103262
2025.12.05 05:00,0.006461,0.006475,0.00646,0.006473,154.914001,154.923004,154.539001,154.593994,-0.136222,-0.110768,-0.094188
2025.12.05 06:00,0.006473,0.006479,0.006469,0.006475,154.593994,154.699997,154.453995,154.567993,-0.116602,-0.121095,-0.115913
2025.12.05 07:00,0.006475,0.006484,0.006471,0.006472,154.561005,154.651001,154.337997,154.623993,-0.115384,-0.112211,-0.112248
2025.12.05 08:00,0.006473,0.006473,0.006461,0.006462,154.625,154.891998,154.600998,154.856995,-0.117197,-0.101192,-0.118116
2025.12.05 09:00,0.006462,0.006463,0.006458,0.00646,154.850998,154.966995,154.828003,154.912003,-0.108308,-0.101098,-0.101263
2025.12.05 10:00,0.00646,0.006461,0.00645,0.006451,154.910995,155.173004,154.884995,155.130005,-0.122227,-0.110194,-0.115278
2025.12.05 11:00,0.00645,0.006452,0.006446,0.00645,155.130005,155.223999,155.110001,155.139999,-0.10106,-0.107291,-0.113254
2025.12.05 12:00,0.00645,0.006454,0.006445,0.00645,155.143997,155.261002,155.076004,155.171997,-0.101962,-0.121331,-0.12122
2025.12.05 13:00,0.006449,0.006452,0.006446,0.006448,155.166,155.261002,155.100998,155.195999,-0.114001,-0.110292,-0.121172
2025.12.05 14:00,0.006448,0.006452,0.006444,0.006448,155.188995,155.281998,155.108994,155.218994,-0.098886,-0.106284,-0.120121
2025.12.05 15:00,0.006448,0.006452,0.006442,0.006446,155.218002,155.354996,155.110992,155.253998,-0.111653,-0.120286,-0.119035
2025.12.05 16:00,0.006446,0.006448,0.006435,0.006444,155.246994,155.494003,155.201996,155.294998,-0.105921,-0.103122,-0.111886
2025.12.05 17:00,0.006444,0.006446,0.006442,0.006444,155.294998,155.348007,155.251999,155.283005,-0.116716,-0.104999,-0.111925
2025.12.05 18:00,0.006444,0.006446,0.006443,0.006444,155.279999,155.322006,155.233994,155.285995,-0.114803,-0.111055,-0.114915
2025.12.05 19:00,0.006444,0.006446,0.006442,0.006444,155.276001,155.322998,155.259003,155.285995,-0.103746,-0.112003,-0.102884
2025.12.05 20:00,0.006444,0.006446,0.006443,0.006444,155.285995,155.326996,155.264008,155.300995,-0.119793,-0.117007,-0.117883
2025.12.05 21:00,0.006444,0.006444,0.00644,0.006444,155.300003,155.375,155.283997,155.298996,-0.0955,-0.112916,-0.115884
2025.12.08 00:00,0.006443,0.006453,0.006442,0.006453,155.313004,155.324997,155.054001,155.065994,-0.105745,-0.087319,-0.099312
2025.12.08 01:00,0.006453,0.00646,0.006449,0.006459,155.065002,155.151001,154.906006,154.919006,-0.0882,-0.095266,-0.09628
2025.12.08 02:00,0.00646,0.00646,0.006453,0.006456,154.912003,155.069,154.893997,154.998993,-0.102318,-0.095231,-0.092328
2025.12.08 03:00,0.006456,0.006456,0.006451,0.006452,155.001007,155.115997,154.968994,155.095993,-0.101271,-0.086316,-0.093283
2025.12.08 04:00,0.006452,0.006454,0.006451,0.006452,155.100006,155.123001,155.050995,155.067993,-0.108275,-0.096322,-0.0893
2025.12.08 05:00,0.006452,0.006452,0.006444,0.006448,155.072006,155.268005,155.063995,155.195999,-0.096925,-0.085302,-0.097126
2025.12.08 06:00,0.006448,0.006451,0.006444,0.006446,155.201004,155.292999,155.100006,155.223999,-0.109887,-0.08528,-0.089036
2025.12.08 07:00,0.006446,0.006448,0.00644,0.006442,155.225006,155.354004,155.162994,155.348007,-0.086551,-0.088167,-0.104664
2025.12.08 08:00,0.00644,0.006445,0.006437,0.00644,155.345993,155.462006,155.255997,155.391998,-0.098071,-0.096957,-0.100439
2025.12.08 09:00,0.006439,0.00644,0.006433,0.006436,155.384995,155.542999,155.384995,155.470001,-0.094527,-0.093435,-0.093994
2025.12.08 10:00,0.006435,0.006438,0.006434,0.006435,155.470993,155.533005,155.404007,155.514008,-0.108699,-0.088323,-0.101782
2025.12.08 11:00,0.006435,0.006436,0.006431,0.006431,155.507996,155.589996,155.470001,155.580002,-0.105272,-0.093994,-0.095277
2025.12.08 12:00,0.006431,0.006434,0.006429,0.006433,155.580002,155.658005,155.539001,155.554993,-0.100725,-0.114695,-0.094446
2025.12.08 13:00,0.006433,0.006437,0.006429,0.00643,155.554001,155.662994,155.468994,155.623993,-0.105715,-0.10506,-0.102999
2025.12.08 14:00,0.00643,0.00644,0.006419,0.006421,155.623001,155.880005,155.386002,155.820007,-0.10463,-0.094442,-0.093149
2025.12.08 15:00,0.006421,0.006425,0.006415,0.00642,155.820007,155.987,155.751007,155.858994,-0.102359,-0.096874,-0.095753
2025.12.08 16:00,0.006421,0.006421,0.006416,0.006419,155.852997,155.957993,155.822998,155.901993,-0.097642,-0.09614,-0.102353
2025.12.08 17:00,0.006419,0.006425,0.006417,0.006425,155.899002,155.927002,155.722,155.744003,-0.103079,-0.092086,-0.08987
2025.12.08 18:00,0.006425,0.006427,0.006423,0.006425,155.744003,155.783005,155.697998,155.742996,-0.092512,-0.104404,-0.088863
2025.12.08 19:00,0.006425,0.006425,0.006417,0.006418,155.742996,155.917007,155.727997,155.904999,-0.080952,-0.085969,-0.093219
2025.12.08 20:00,0.006418,0.006421,0.006417,0.006417,155.908997,155.936996,155.845993,155.925995,-0.088795,-0.094886,-0.089939
2025.12.08 21:00,0.006417,0.006418,0.006415,0.006417,155.927994,155.960999,155.891998,155.914993,-0.088498,-0.080218,-0.066791
2025.12.08 23:00,0.006418,0.00642,0.006415,0.00642,155.878006,155.979004,155.841995,155.848999,-0.082209,-0.078755,-0.085759
2025.12.09 00:00,0.006419,0.006423,0.006413,0.006413,155.841003,156.022003,155.761993,156.003006,-0.088747,-0.071501,-0.081898
2025.12.09 01:00,0.006413,0.006423,0.006411,0.006423,156.005997,156.037003,155.759995,155.789993,-0.067256,-0.081624,-0.087388
2025.12.09 02:00,0.006422,0.006425,0.006417,0.006419,155.789993,155.908005,155.735992,155.863998,-0.084082,-0.081859,-0.088623
2025.12.09 03:00,0.006419,0.006421,0.006418,0.006421,155.862,155.891998,155.796997,155.817993,-0.080218,-0.070139,-0.079017
2025.12.09 04:00,0.006421,0.006421,0.006415,0.006416,155.824997,155.988007,155.804001,155.934998,-0.091212,-0.077143,-0.074647
2025.12.09 05:00,0.006411,0.006419,0.006411,0.006413,155.927994,156.110001,155.854996,156.003998,-0.115929,-0.079621,-0.08289
2025.12.09 06:00,0.006413,0.006415,0.006409,0.006413,156.007004,156.126999,155.955002,156.007004,-0.084244,-0.070361,-0.085896
2025.12.09 07:00,0.006413,0.006414,0.006406,0.006406,156.0,156.197998,155.977997,156.190994,-0.082166,-0.069046,-0.087339
2025.12.09 08:00,0.006406,0.006406,0.006396,0.0064,156.190994,156.432999,156.177002,156.334,-0.073062,-0.073346,-0.083996
2025.12.09 09:00,0.0064,0.006415,0.0064,0.006411,156.328995,156.341995,155.970993,156.085007,-0.079792,-0.086352,-0.090935
2025.12.09 10:00,0.00641,0.006411,0.006406,0.006411,156.080002,156.201996,156.039993,156.070007,-0.086163,-0.070247,-0.075936
2025.12.09 11:00,0.006411,0.006411,0.006406,0.006406,156.072998,156.199005,156.063995,156.181,-0.095349,-0.069924,-0.077344
2025.12.09 12:00,0.006406,0.006406,0.006399,0.0064,156.186005,156.358002,156.179993,156.350006,-0.083585,-0.076337,-0.087803
2025.12.09 13:00,0.0064,0.006402,0.006392,0.0064,156.356995,156.514999,156.279007,156.337006,-0.081677,-0.077816,-0.087002
2025.12.09 14:00,0.0064,0.0064,0.006392,0.006397,156.337006,156.535004,156.307999,156.406998,-0.089441,-0.070204,-0.083722
2025.12.09 15:00,0.006397,0.006398,0.006376,0.006378,156.408997,156.914993,156.384995,156.869003,-0.076853,-0.07394,-0.092327
2025.12.09 16:00,0.006378,0.00638,0.006376,0.006378,156.862,156.921005,156.804993,156.860001,-0.070562,-0.077459,-0.083324
2025.12.09 17:00,0.006379,0.00638,0.006376,0.006376,156.852997,156.925003,156.826004,156.912003,-0.086863,-0.073908,-0.086152
2025.12.09 18:00,0.006376,0.006378,0.006376,0.006377,156.916,156.927994,156.871002,156.889999,-0.077551,-0.082043,-0.076448
2025.12.09 19:00,0.006378,0.006381,0.006375,0.00638,156.893005,156.955002,156.802002,156.826996,-0.079958,-0.086752,-0.0749
2025.12.09 20:00,0.00638,0.00638,0.006376,0.006377,156.826996,156.921997,156.815002,156.901993,-0.083857,-0.087468,-0.088442
2025.12.09 21:00,0.006377,0.006378,0.006375,0.006376,156.897003,156.942993,156.848007,156.848007,-0.080245,-0.059048,-0.022157
2025.12.09 23:00,0.006378,0.00638,0.006376,0.00638,156.820999,156.917007,156.792007,156.835007,-0.066564,-0.064473,-0.095199
2025.12.10 00:00,0.00638,0.006384,0.006375,0.006384,156.798996,156.938995,156.697006,156.714996,-0.076247,-0.067666,-0.073397
2025.12.10 01:00,0.006384,0.006386,0.006382,0.006384,156.707001,156.770004,156.664001,156.703003,-0.079316,-0.07146,-0.061403
2025.12.10 02:00,0.006384,0.006388,0.006383,0.006386,156.699997,156.723007,156.625,156.649994,-0.056861,-0.069229,-0.069704
2025.12.10 03:00,0.006386,0.00639,0.006385,0.006389,156.654999,156.684006,156.552994,156.584,-0.066933,-0.070713,-0.064982
2025.12.10 04:00,0.006389,0.006389,0.006386,0.006388,156.584,156.667007,156.574997,156.619995,-0.074466,-0.05598,-0.076481
2025.12.10 05:00,0.006388,0.006389,0.006384,0.006384,156.619995,156.720993,156.589996,156.699997,-0.067121,-0.070979,-0.070656
2025.12.10 06:00,0.006384,0.006386,0.006382,0.006386,156.701996,156.764999,156.654999,156.664993,-0.074311,-0.062457,-0.060187
2025.12.10 07:00,0.006386,0.006388,0.006382,0.006386,156.666,156.735992,156.630005,156.645004,-0.057571,-0.074234,-0.064714
2025.12.10 08:00,0.006386,0.00639,0.006384,0.006386,156.645004,156.707001,156.572006,156.666,-0.065401,-0.06524,-0.073459
2025.12.10 09:00,0.006386,0.006386,0.006377,0.00638,156.673004,156.889999,156.667007,156.815994,-0.076448,-0.062202,-0.063898
2025.12.10 10:00,0.00638,0.006383,0.006378,0.006382,156.813004,156.860001,156.731003,156.764999,-0.071042,-0.064857,-0.074311
2025.12.10 11:00,0.006382,0.006385,0.006382,0.006384,156.764999,156.778,156.682007,156.703995,-0.075032,-0.064935,-0.062395
2025.12.10 12:00,0.006384,0.006386,0.006382,0.006384,156.703995,156.757996,156.667007,156.709,-0.079574,-0.074466,-0.0674
2025.12.10 13:00,0.006384,0.006391,0.006384,0.00639,156.709,156.718002,156.546005,156.546005,-0.076403,-0.075969,-0.063724
2025.12.10 14:00,0.006391,0.006396,0.006388,0.006392,156.546005,156.630005,156.434006,156.5,-0.074234,-0.074069,-0.066677
2025.12.10 15:00,0.006393,0.006399,0.006392,0.006394,156.494003,156.535995,156.348007,156.473007,-0.078203,-0.073591,-0.064158
2025.12.10 16:00,0.006394,0.0064,0.006394,0.0064,156.473007,156.490005,156.320007,156.335999,-0.081156,-0.070003,-0.073795
2025.12.10 17:00,0.0064,0.006404,0.006397,0.0064,156.330994,156.399002,156.238998,156.300003,-0.075727,-0.074406,-0.062208
2025.12.10 18:00,0.0064,0.006402,0.006394,0.006396,156.300003,156.479004,156.289001,156.417999,-0.082377,-0.075619,-0.058062
2025.12.10 19:00,0.006396,0.006409,0.006386,0.006403,156.382004,156.677994,156.095001,156.257996,-0.073188,-0.064423,-0.081206
2025.12.10 20:00,0.006403,0.006422,0.006401,0.006417,156.257004,156.311005,155.787003,155.929001,-0.085417,-0.072272,-0.080799
2025.12.10 21:00,0.006417,0.006417,0.006409,0.006414,155.932007,156.100006,155.919006,155.998993,-0.081591,-0.070804,-0.090042
2025.12.10 23:00,0.006412,0.006427,0.006411,0.006421,155.992004,156.029007,155.621994,155.759003,-0.047105,-0.016303,-0.032145
2025.12.11 00:00,0.006421,0.006429,0.006416,0.006419,155.748993,155.886002,155.561996,155.804001,-0.025651,-0.016806,-0.028626
2025.12.11 01:00,0.00642,0.006429,0.006419,0.006423,155.804993,155.822006,155.565002,155.714005,-0.034506,-0.019812,-0.0114
2025.12.11 02:00,0.006423,0.006433,0.006421,0.006421,155.712997,155.776993,155.483002,155.774002,-0.038017,-0.034529,-0.035026
2025.12.11 03:00,0.006421,0.006427,0.006421,0.006424,155.766998,155.787994,155.630005,155.688995,-0.036887,-0.024314,-0.022744
2025.12.11 04:00,0.006424,0.006427,0.006418,0.006419,155.688995,155.856995,155.610992,155.845001,-0.045215,-0.017398,-0.045362
2025.12.11 05:00,0.006417,0.006417,0.006409,0.006409,155.837006,156.070999,155.830002,156.059998,-0.028244,0.006054,-0.017242
2025.12.11 06:00,0.006409,0.006413,0.006405,0.006413,156.059998,156.164993,155.938004,155.966003,-0.036971,-0.016895,-0.020586
2025.12.11 07:00,0.006413,0.006417,0.006409,0.00641,155.960007,156.054993,155.863998,156.026993,-0.024414,-0.027943,-0.02075
2025.12.11 08:00,0.00641,0.00642,0.006409,0.006417,156.024002,156.070007,155.779999,155.878998,-0.039429,-0.016759,-0.030796
2025.12.11 09:00,0.006416,0.006417,0.00641,0.006417,155.880005,156.029999,155.841995,155.862,-0.023756,-0.018073,-0.025944
2025.12.11 10:00,0.006417,0.006419,0.006413,0.006417,155.858994,155.949997,155.796005,155.860001,-0.028889,-0.02063,-0.023945
2025.12.11 11:00,0.006417,0.006421,0.006417,0.006421,155.860001,155.884003,155.751999,155.759003,-0.035801,-0.025141,-0.020027
2025.12.11 12:00,0.006421,0.006431,0.006419,0.006429,155.759995,155.820007,155.514008,155.585007,-0.032507,-0.029283,-0.027727
2025.12.11 13:00,0.006429,0.006444,0.006427,0.006441,155.584,155.623993,155.223999,155.276001,-0.030399,-0.028842,-0.020604
2025.12.11 14:00,0.006441,0.006456,0.006441,0.006454,155.276001,155.298996,154.940002,154.977005,-0.043599,-0.033337,-0.034329
2025.12.11 15:00,0.006454,0.006455,0.006446,0.006446,154.979004,155.179001,154.947998,155.164001,-0.032001,-0.029331,-0.029039
2025.12.11 16:00,0.006446,0.006448,0.006441,0.006446,155.169998,155.291,155.104004,155.151001,-0.035603,-0.029177,-0.028062
2025.12.11 17:00,0.006446,0.00645,0.00644,0.006443,155.145004,155.292999,155.076004,155.233994,-0.025546,-0.03725,-0.02679
2025.12.11 18:00,0.006444,0.006444,0.006436,0.006438,155.233002,155.412994,155.207001,155.360001,-0.036987,-0.023889,-0.032262
2025.12.11 19:00,0.006438,0.006438,0.006428,0.006429,155.356003,155.598007,155.356003,155.589005,-0.028625,-0.016197,-0.031725
2025.12.11 20:00,0.006428,0.006432,0.006425,0.006429,155.589005,155.673004,155.501007,155.589996,-0.030976,-0.028372,-0.032717
2025.12.11 21:00,0.006428,0.00643,0.006427,0.006428,155.591995,155.623001,155.531998,155.561005,-0.029407,-0.011004,0.008378
2025.12.11 23:00,0.006429,0.006434,0.006427,0.006431,155.516998,155.619003,155.440002,155.522003,-0.013312,-0.015696,-0.025187
2025.12.12 00:00,0.006431,0.006433,0.006422,0.006423,155.498001,155.731995,155.451004,155.688995,-0.017264,-0.002532,0.001497
2025.12.12 01:00,0.006424,0.006429,0.00642,0.006424,155.694,155.770004,155.539993,155.660004,-0.006764,-0.006902,0.006247
2025.12.12 02:00,0.006425,0.006425,0.006421,0.006423,155.669006,155.748001,155.647995,155.669998,-0.009025,-0.005967,0.008373
2025.12.12 03:00,0.006424,0.006425,0.006422,0.006422,155.667999,155.725998,155.626007,155.712997,-0.011267,0.003907,0.001733
2025.12.12 04:00,0.006423,0.006424,0.006421,0.006421,155.703995,155.764008,155.684006,155.742996,-0.012901,-0.017755,0.008111
2025.12.12 05:00,0.006421,0.006424,0.00642,0.006423,155.737,155.772995,155.667999,155.735992,-0.009755,-0.001748,-0.033387
2025.12.12 06:00,0.006421,0.006425,0.006419,0.006425,155.735992,155.826996,155.647003,155.649002,-0.027357,-0.004975,-0.006974
2025.12.12 07:00,0.006426,0.006429,0.006422,0.006425,155.654999,155.725998,155.535995,155.643997,-0.011267,-0.002905,-0.014083
2025.12.12 08:00,0.006425,0.006479,0.006417,0.006417,155.643005,155.843002,155.617996,155.837006,-0.006947,-1.26128,-0.013083
2025.12.12 09:00,0.006417,0.006474,0.006415,0.006469,155.832993,155.910995,155.75,155.888,-0.014201,-1.285989,-1.292654
2025.12.12 10:00,0.006468,0.00647,0.006413,0.006415,155.882996,155.964996,155.843002,155.914001,-0.019578,-1.283495,-0.017207
2025.12.12 11:00,0.006468,0.006468,0.006411,0.006467,155.910004,155.992996,155.904999,155.908005,-0.011094,-1.297699,-1.288749
2025.12.12 12:00,0.006467,0.006474,0.006406,0.006462,155.908005,156.128998,155.766006,156.029999,-0.013165,-1.301995,-1.29112
2025.12.12 13:00,0.006462,0.006469,0.006409,0.006462,156.029999,156.056,155.895004,156.039993,-0.025421,-1.299658,-1.289138
2025.12.12 14:00,0.006462,0.006471,0.006407,0.006469,156.039001,156.100006,155.839996,155.904007,-0.020721,-1.292435,-1.308661
2025.12.12 15:00,0.006468,0.006472,0.006409,0.006469,155.904999,156.061005,155.806,155.878998,-0.018249,-1.294255,-1.295603
2025.12.12 16:00,0.006469,0.006477,0.006415,0.006471,155.878998,155.884003,155.671997,155.809006,0.000638,-1.291445,-1.28532
2025.12.12 17:00,0.006472,0.006475,0.006415,0.006473,155.815994,155.906006,155.746994,155.781998,-0.009211,-1.294914,-1.294129
2025.12.12 18:00,0.006473,0.006476,0.006419,0.006473,155.774994,155.815994,155.710007,155.776993,-0.016355,-1.293699,-1.289124
2025.12.12 19:00,0.006473,0.006473,0.006413,0.006468,155.779999,155.938995,155.776001,155.895004,-0.005739,-1.300056,-1.287704
2025.12.12 20:00,0.006469,0.006473,0.006415,0.006469,155.901001,155.908005,155.768997,155.875,-0.035505,-1.293052,-1.303544
2025.12.12 21:00,0.006469,0.006473,0.006415,0.006415,155.878998,155.891998,155.768005,155.824997,-0.007357,-1.268199,0.059644
2025.12.15 00:00,0.006469,0.006469,0.006411,0.006468,155.858994,155.985992,155.856995,155.891998,0.008079,-1.285539,-1.284698
2025.12.15 01:00,0.006468,0.006481,0.006421,0.006479,155.895004,155.897995,155.598999,155.608002,-0.159019,-1.28992,-1.275102
2025.12.15 02:00,0.006479,0.006491,0.006429,0.006487,155.604004,155.649994,155.350998,155.427002,-0.116903,-1.279667,-1.272534
2025.12.15 03:00,0.006487,0.006493,0.006433,0.006488,155.429001,155.475998,155.296997,155.412994,-0.03961,-1.284981,-1.282293
2025.12.15 04:00,0.006488,0.006498,0.006439,0.006495,155.419006,155.423996,155.177002,155.25,-0.120375,-1.283499,-1.285409
2025.12.15 05:00,0.006495,0.006504,0.006442,0.006504,155.25,155.257004,155.026001,155.031006,-0.013661,-1.286278,-1.267649
2025.12.15 06:00,0.006504,0.006508,0.006447,0.006502,155.026993,155.158005,154.942001,155.089996,-0.0471,-1.284968,-1.279338
2025.12.15 07:00,0.006501,0.006502,0.006441,0.006494,155.082993,155.296005,155.065002,155.257996,-0.040608,-1.277993,-1.269701
2025.12.15 08:00,0.006495,0.0065,0.00644,0.006497,155.259995,155.287003,155.098007,155.179993,-0.01955,-1.263682,-1.274644
2025.12.15 09:00,0.006497,0.006508,0.00645,0.006507,155.184006,155.201004,154.932007,154.960999,-0.150227,-1.274974,-1.280346
2025.12.15 10:00,0.006506,0.006507,0.006446,0.006502,154.964996,155.154007,154.953995,155.078003,-0.019044,-1.273342,-1.267345
2025.12.15 11:00,0.006502,0.006511,0.006452,0.006508,155.078995,155.102005,154.847,154.917999,-0.099295,-1.260761,-1.260966
2025.12.15 12:00,0.006508,0.00651,0.006448,0.006502,154.917007,155.093994,154.882004,155.072006,0.004879,-1.260376,-1.273179
2025.12.15 13:00,0.006502,0.006506,0.006448,0.006498,155.070999,155.158005,154.962006,155.151993,-0.071161,-1.26954,-1.270322
2025.12.15 14:00,0.006498,0.006512,0.006446,0.006508,155.158005,155.227005,154.845993,154.906006,-0.104066,-1.27155,-1.260769
2025.12.15 15:00,0.006508,0.006512,0.006454,0.006498,154.912003,155.158997,154.830002,155.149994,-0.204324,-1.267354,-1.268324
2025.12.15 16:00,0.006499,0.006499,0.006491,0.006493,155.156998,155.330002,155.141998,155.283997,-1.258671,-1.27217,-1.27198
2025.12.15 17:00,0.006493,0.006495,0.006489,0.006493,155.289993,155.367996,155.251999,155.300995,-1.272918,-1.275562,-1.277126
2025.12.15 18:00,0.006493,0.006493,0.006489,0.006491,155.300995,155.389008,155.274002,155.350998,-1.270186,-1.261986,-1.279667
2025.12.15 19:00,0.00649,0.006496,0.006488,0.006495,155.356003,155.399002,155.212006,155.238998,-1.2683,-1.271121,-1.274407
2025.12.15 20:00,0.006495,0.006496,0.006493,0.006495,155.238007,155.268997,155.214005,155.248001,-1.268842,-1.27312,-1.28341
2025.12.15 21:00,0.006494,0.006497,0.006493,0.006495,155.242004,155.259003,155.156998,155.167999,-1.258848,-1.239802,-1.215262
2025.12.15 23:00,0.006495,0.006505,0.006495,0.006502,155.203003,155.240005,154.973007,155.005005,-1.275414,-1.245104,-1.217995
2025.12.16 00:00,0.006502,0.006516,0.0065,0.006504,155.033997,155.102997,154.727997,155.005005,-1.256846,-1.247837,-1.253471
2025.12.16 01:00,0.006504,0.00651,0.0065,0.00651,155.0,155.125,154.847,154.858002,-1.267011,-1.248963,-1.259965
2025.12.16 02:00,0.00651,0.006514,0.006508,0.006514,154.860992,154.925003,154.753998,154.776001,-1.256161,-1.250273,-1.260491
2025.12.16 03:00,0.006514,0.006517,0.006508,0.006508,154.774002,154.908997,154.695999,154.884995,-1.251964,-1.251163,-1.239758
2025.12.16 04:00,0.006509,0.006514,0.006508,0.006512,154.884995,154.917007,154.763,154.813004,-1.259975,-1.235714,-1.238561
2025.12.16 05:00,0.006515,0.006518,0.00651,0.006511,154.813004,154.856003,154.675995,154.839005,-1.257966,-1.242934,-1.252765
2025.12.16 06:00,0.006511,0.006512,0.006506,0.00651,154.841003,154.947998,154.813004,154.850998,-1.255533,-1.250355,-1.252961
2025.12.16 07:00,0.00651,0.006511,0.006505,0.006509,154.843002,154.981003,154.828003,154.884003,-1.2531,-1.241764,-1.250571
2025.12.16 08:00,0.00651,0.006513,0.006506,0.00651,154.878998,154.942993,154.791,154.862,-1.250528,-1.251925,-1.252173
2025.12.16 09:00,0.00651,0.006514,0.006509,0.006511,154.856995,154.897995,154.764999,154.832001,-1.264564,-1.249489,-1.245762
2025.12.16 10:00,0.006512,0.006514,0.006508,0.00651,154.828995,154.906006,154.768997,154.863998,-1.248973,-1.253487,-1.254172
2025.12.16 11:00,0.00651,0.006513,0.006508,0.006512,154.869995,154.901993,154.783005,154.813995,-1.256756,-1.243929,-1.251347
2025.12.16 12:00,0.006512,0.006522,0.00651,0.00652,154.815002,154.856995,154.595001,154.604996,-1.258957,-1.25605,-1.242522
2025.12.16 13:00,0.006521,0.00653,0.00651,0.006516,154.602997,154.869995,154.386002,154.714996,-1.260169,-1.246642,-1.258384
2025.12.16 14:00,0.006516,0.006524,0.006504,0.006521,154.705994,154.998993,154.589005,154.595993,-1.247459,-1.308805,-1.245281
2025.12.16 15:00,0.006521,0.006526,0.006514,0.006514,154.591995,154.781998,154.457001,154.772995,-1.254711,-1.235519,-1.245708
2025.12.16 16:00,0.006514,0.006514,0.006508,0.006512,154.770004,154.906998,154.744003,154.802994,-1.249965,-1.240278,-1.252127
2025.12.16 17:00,0.006512,0.006522,0.006511,0.006518,154.802002,154.839996,154.561996,154.679001,-1.253757,-1.234792,-1.24594
2025.12.16 18:00,0.006517,0.006518,0.006512,0.006515,154.673996,154.806,154.667007,154.740005,-1.243352,-1.245708,-1.248064
2025.12.16 19:00,0.006514,0.00652,0.006507,0.006518,154.746994,154.931,154.598999,154.666,-1.250347,-1.236525,-1.244701
2025.12.16 20:00,0.006518,0.006522,0.006512,0.006513,154.666,154.796997,154.563004,154.796997,-1.246131,-1.235799,-1.257921
2025.12.16 21:00,0.006513,0.006516,0.006512,0.006516,154.798996,154.835007,154.688995,154.712997,-1.260564,-1.232383,-1.256385
2025.12.16 23:00,0.006516,0.006517,0.006512,0.006513,154.705994,154.811996,154.671005,154.781998,-1.237554,-1.226169,-1.242922
2025.12.17 00:00,0.006514,0.006522,0.006509,0.006521,154.770996,154.873993,154.557007,154.576996,-1.240562,-1.218055,-1.226284
2025.12.17 01:00,0.006521,0.006524,0.006516,0.006518,154.582993,154.707993,154.507996,154.666,-1.239602,-1.239545,-1.232939
2025.12.17 02:00,0.006517,0.006517,0.006502,0.006502,154.671997,155.028,154.664993,155.011993,-1.229172,-1.220157,-1.224984
2025.12.17 03:00,0.006502,0.00651,0.006502,0.006508,155.009003,155.029007,154.854004,154.884995,-1.230179,-1.232376,-1.239758
2025.12.17 04:00,0.006508,0.006509,0.006497,0.006498,154.886002,155.151001,154.867004,155.126999,-1.233806,-1.233573,-1.233496
2025.12.17 05:00,0.0065,0.0065,0.006496,0.006497,155.132996,155.171005,155.061996,155.145004,-1.230121,-1.227671,-1.227809
2025.12.17 06:00,0.006497,0.006498,0.006485,0.006487,155.151001,155.444,155.121994,155.363998,-1.230109,-1.240324,-1.221415
2025.12.17 07:00,0.006488,0.006489,0.006479,0.006483,155.365997,155.569,155.350998,155.498993,-1.236101,-1.232176,-1.237523
2025.12.17 08:00,0.006482,0.006485,0.006479,0.006481,155.501007,155.600006,155.421997,155.514008,-1.24329,-1.231878,-1.228731
2025.12.17 09:00,0.006482,0.006484,0.00648,0.006481,155.516006,155.559006,155.453995,155.529999,-1.238018,-1.228208,-1.232828
2025.12.17 10:00,0.006481,0.006485,0.006481,0.006485,155.531998,155.548004,155.434006,155.453995,-1.238925,-1.243887,-1.240103
2025.12.17 11:00,0.006485,0.006485,0.006479,0.006481,155.462006,155.595993,155.447998,155.542007,-1.239277,-1.245988,-1.232929
2025.12.17 12:00,0.006481,0.006485,0.006479,0.006483,155.544998,155.574997,155.447006,155.483002,-1.242098,-1.233115,-1.245319
2025.12.17 13:00,0.006483,0.006487,0.006477,0.006485,155.481003,155.638,155.380005,155.432007,-1.245539,-1.237421,-1.241888
2025.12.17 14:00,0.006486,0.006489,0.006477,0.006483,155.429001,155.632996,155.345993,155.481003,-1.240535,-1.239038,-1.231422
2025.12.17 15:00,0.006483,0.006489,0.006481,0.006487,155.481995,155.544006,155.345993,155.397003,-1.234928,-1.239038,-1.230661
2025.12.17 16:00,0.006487,0.006488,0.006479,0.006479,155.397995,155.598999,155.378006,155.591003,-1.242283,-1.247304,-1.234287
2025.12.17 17:00,0.006479,0.006482,0.006479,0.006481,155.591995,155.613007,155.522995,155.529999,-1.25629,-1.249623,-1.232828
2025.12.17 18:00,0.006481,0.006483,0.006475,0.006477,155.528,155.675003,155.490005,155.641006,-1.24677,-1.240424,-1.248545
2025.12.17 19:00,0.006477,0.006479,0.006475,0.006477,155.643005,155.690002,155.585007,155.639008,-1.249852,-1.240205,-1.246546
2025.12.17 20:00,0.006477,0.006477,0.006472,0.006474,155.639008,155.748993,155.612,155.699005,-1.237248,-1.231448,-1.234994
2025.12.17 21:00,0.006474,0.006476,0.006473,0.006473,155.692993,155.746002,155.654999,155.658005,-1.246196,-1.238691,-1.18206
2025.12.17 23:00,0.006476,0.006482,0.006475,0.006481,155.582001,155.645004,155.470001,155.494003,-1.192924,-1.196629,-1.208727
2025.12.18 00:00,0.006481,0.006484,0.006477,0.006482,155.488998,155.584,155.417007,155.473999,-1.203448,-1.191221,-1.200627
2025.12.18 01:00,0.006482,0.006483,0.00647,0.00647,155.473999,155.764008,155.451996,155.733002,-1.2045,-1.202415,-1.173494
2025.12.18 02:00,0.006469,0.006475,0.006468,0.006469,155.746002,155.807999,155.654007,155.783997,-1.200699,-1.201927,-1.212541
2025.12.18 03:00,0.006469,0.006473,0.006469,0.006471,155.783005,155.796005,155.701004,155.757996,-1.212611,-1.201198,-1.210434
2025.12.18 04:00,0.00647,0.006473,0.006469,0.006471,155.755005,155.785004,155.692993,155.729004,-1.201609,-1.205124,-1.181443
2025.12.18 13:00,0.006469,0.006494,0.006469,0.006477,155.813995,155.837006,155.307999,155.585999,-1.241659,-1.319704,-1.193537
2025.12.18 14:00,0.006477,0.00649,0.006477,0.006481,155.593994,155.606995,155.276993,155.485001,-1.202611,-1.193789,-1.199724
2025.12.18 15:00,0.006481,0.006483,0.006473,0.006479,155.492004,155.695007,155.436005,155.524994,-1.207138,-1.186423,-1.192095
2025.12.18 16:00,0.006479,0.006487,0.006477,0.006479,155.522995,155.576004,155.356003,155.528,-1.195452,-1.189661,-1.195101
2025.12.18 17:00,0.006479,0.006479,0.006473,0.006475,155.528,155.686996,155.520996,155.636002,-1.187191,-1.188097,-1.183922
2025.12.18 18:00,0.006475,0.006477,0.006472,0.006475,155.638,155.710007,155.572006,155.632004,-1.198262,-1.191455,-1.191854
2025.12.18 19:00,0.006475,0.006481,0.006474,0.00648,155.632004,155.662994,155.490997,155.511993,-1.198983,-1.193826,-1.191005
2025.12.18 20:00,0.00648,0.006481,0.006475,0.006475,155.514999,155.632996,155.492996,155.608002,-1.192845,-1.195825,-1.179768
2025.12.18 21:00,0.006477,0.006479,0.006475,0.006479,155.604996,155.634995,155.522003,155.526993,-1.206761,-1.177202,-1.182191
2025.12.18 23:00,0.006479,0.006479,0.006475,0.006477,155.546997,155.641998,155.505997,155.587006,-1.189918,-1.173097,-1.182622
2025.12.19 00:00,0.006477,0.006477,0.006467,0.006469,155.576004,155.776993,155.550995,155.744003,-1.145791,-1.170443,-1.172548
2025.12.19 01:00,0.006469,0.006473,0.006468,0.00647,155.744003,155.792007,155.684006,155.742004,-1.184707,-1.1842,-1.182497
2025.12.19 02:00,0.00647,0.006473,0.006466,0.006466,155.740005,155.854004,155.677994,155.820999,-1.18693,-1.190125,-1.165877
2025.12.19 03:00,0.006466,0.006477,0.00645,0.006464,155.832001,156.171005,155.567001,155.878006,-1.132251,-1.162618,-1.175032
2025.12.19 04:00,0.006464,0.006471,0.006455,0.006456,155.873001,156.085999,155.725006,156.059006,-1.167331,-1.177445,-1.164329
2025.12.19 05:00,0.006458,0.006464,0.006458,0.00646,156.063004,156.072998,155.876999,155.990997,-1.21431,-1.174025,-1.180258
2025.12.19 06:00,0.00646,0.006466,0.006441,0.006458,155.985992,156.442001,155.843994,156.005005,-1.186604,-1.188872,-1.170289
2025.12.19 07:00,0.006458,0.006461,0.006429,0.006429,156.011002,156.742004,155.960007,156.731995,-1.184725,-1.185206,-1.186805
2025.12.19 08:00,0.006429,0.006429,0.00642,0.006421,156.725998,156.936996,156.714996,156.929001,-1.173756,-1.181905,-1.177894
2025.12.19 09:00,0.006421,0.006423,0.006409,0.006409,156.927002,157.212997,156.852005,157.197998,-1.182419,-1.173634,-1.179583
2025.12.19 10:00,0.006409,0.006413,0.006401,0.006405,157.199997,157.399994,157.125,157.319,-1.174406,-1.179582,-1.190978
2025.12.19 11:00,0.006405,0.006408,0.006402,0.006405,157.322006,157.380997,157.227997,157.311996,-1.192007,-1.173063,-1.183974
2025.12.19 12:00,0.006404,0.006411,0.006404,0.006408,157.317993,157.354004,157.175995,157.233994,-1.189412,-1.181923,-1.17906
2025.12.19 13:00,0.006408,0.006409,0.006402,0.006404,157.233994,157.382996,157.201004,157.320999,-1.181805,-1.182589,-1.180785
2025.12.19 14:00,0.006404,0.006421,0.0064,0.006401,157.317001,157.425995,156.923004,157.419006,-1.175991,-1.184028,-1.193419
2025.12.19 15:00,0.006402,0.006404,0.006398,0.006398,157.416,157.498001,157.348999,157.472,-1.186946,-1.184407,-1.185369
2025.12.19 16:00,0.006398,0.006401,0.006398,0.0064,157.466995,157.496002,157.399002,157.427002,-1.197154,-1.173414,-1.176998
2025.12.19 17:00,0.0064,0.006401,0.00639,0.0064,157.423004,157.677994,157.410004,157.434998,-1.195713,-1.184416,-1.184994
2025.12.19 18:00,0.0064,0.006402,0.006396,0.006396,157.429993,157.533005,157.395004,157.518997,-1.185283,-1.181622,-1.171275
2025.12.19 19:00,0.006396,0.006398,0.006394,0.006396,157.514999,157.589996,157.494995,157.528,-1.181147,-1.18394,-1.192502
2025.12.19 20:00,0.006396,0.006398,0.006389,0.00639,157.524002,157.699997,157.472,157.690002,-1.18098,-1.185369,-1.195485
2025.12.19 21:00,0.00639,0.006392,0.006386,0.006388,157.684998,157.778,157.632996,157.733994,-1.173194,-1.187433,-1.19048
2025.12.22 00:00,0.006392,0.006397,0.00639,0.006394,157.608994,157.662003,157.5,157.557999,-1.167485,-1.176725,-1.173604
2025.12.22 01:00,0.006395,0.006407,0.006394,0.006405,157.548996,157.574005,157.248001,157.294998,-1.177378,-1.156532,-1.166976
2025.12.22 02:00,0.006406,0.006408,0.0064,0.0064,157.292007,157.425003,157.223999,157.419006,-1.174999,-1.169065,-1.169002
2025.12.22 03:00,0.0064,0.006406,0.006398,0.006404,157.416,157.470001,157.266998,157.328995,-1.171154,-1.163343,-1.176587
2025.12.22 04:00,0.006404,0.006407,0.006402,0.006404,157.332001,157.365997,157.25,157.302994,-1.177008,-1.158531,-1.16278
2025.12.22 05:00,0.006404,0.006407,0.006402,0.006402,157.307999,157.391006,157.257996,157.354996,-1.177624,-1.166526,-1.166006
2025.12.22 06:00,0.006402,0.006407,0.0064,0.006404,157.363007,157.434006,157.261993,157.347,-1.171802,-1.170524,-1.182408
2025.12.22 07:00,0.006403,0.006405,0.006394,0.006398,157.335999,157.563995,157.300995,157.488998,-1.1796,-1.172973,-1.177944
2025.12.22 08:00,0.006397,0.006402,0.006396,0.006396,157.483994,157.550003,157.363998,157.544998,-1.190066,-1.162808,-1.185061
2025.12.22 09:00,0.006395,0.0064,0.006394,0.006398,157.546005,157.572006,157.412994,157.455002,-1.175379,-1.175199,-1.168371
2025.12.22 10:00,0.006398,0.006403,0.006398,0.006401,157.457001,157.464005,157.343002,157.393997,-1.177373,-1.166212,-1.168409
2025.12.22 11:00,0.006401,0.006404,0.0064,0.0064,157.397995,157.427994,157.328995,157.410004,-1.17799,-1.164402,-1.172209
2025.12.22 12:00,0.006401,0.006403,0.0064,0.006402,157.404999,157.432007,157.348999,157.395004,-1.182003,-1.172209,-1.181622
2025.12.22 13:00,0.006402,0.006423,0.006402,0.00641,157.395996,157.397003,156.850006,157.184998,-1.195812,-1.171635,-1.178755
2025.12.22 14:00,0.00641,0.006421,0.006409,0.006417,157.182007,157.222,156.901001,157.009003,-1.179245,-1.162025,-1.172947
2025.12.22 15:00,0.006417,0.006421,0.006412,0.006418,157.016998,157.121002,156.908005,156.970001,-1.163421,-1.156898,-1.158221
2025.12.22 16:00,0.006417,0.006423,0.006415,0.006419,156.968994,157.046005,156.848999,156.927002,-1.161364,-1.158506,-1.151627
2025.12.22 17:00,0.006419,0.006429,0.006419,0.006423,156.936996,156.938995,156.699997,156.843002,-1.151495,-1.154807,-1.164631
2025.12.22 18:00,0.006423,0.006423,0.006416,0.006419,156.837997,157.024994,156.837997,156.947998,-1.164644,-1.147505,-1.172623
2025.12.22 19:00,0.006419,0.006422,0.006415,0.006421,156.942001,157.033005,156.878998,156.897995,-1.160505,-1.164267,-1.171137
2025.12.22 20:00,0.006421,0.006421,0.006417,0.006417,156.891998,157.005997,156.889999,156.987,-1.169941,-1.163142,-1.163077
2025.12.22 21:00,0.006417,0.006418,0.006415,0.006417,156.988998,157.057999,156.973999,157.031006,-1.173358,-1.162219,-1.207083
2025.12.22 23:00,0.006416,0.006423,0.006415,0.006419,157.018997,157.024994,156.813004,156.876007,-1.140353,-1.122511,-1.100632
2025.12.23 00:00,0.006419,0.006433,0.006419,0.006432,156.917007,156.927002,156.595993,156.610001,-1.139501,-1.135446,-1.137366
2025.12.23 01:00,0.006432,0.00644,0.00643,0.006438,156.615005,156.656006,156.414993,156.453003,-1.135012,-1.123434,-1.125264
2025.12.23 02:00,0.006438,0.006446,0.006437,0.006443,156.453003,156.485001,156.268997,156.348007,-1.133126,-1.134034,-1.140804
2025.12.23 03:00,0.006443,0.006449,0.006442,0.006449,156.345001,156.352005,156.182007,156.182007,-1.132753,-1.119206,-1.119206
2025.12.23 04:00,0.00645,0.006459,0.00645,0.006457,156.188995,156.188995,155.955002,155.985001,-1.138219,-1.132275,-1.114319
2025.12.23 05:00,0.006456,0.006462,0.006454,0.006456,155.988998,156.080002,155.904999,156.007996,-1.137325,-1.142177,-1.125317
2025.12.23 06:00,0.006457,0.006458,0.00645,0.006452,156.009995,156.188004,155.987,156.108994,-1.137227,-1.128312,-1.1303
2025.12.23 07:00,0.006452,0.00646,0.00645,0.006454,156.106995,156.169998,155.945007,156.070007,-1.131244,-1.134268,-1.115335
2025.12.23 08:00,0.006454,0.006459,0.006452,0.006458,156.069,156.117004,155.945007,155.951996,-1.138311,-1.122281,-1.11728
2025.12.23 09:00,0.006459,0.006472,0.006456,0.006458,155.957001,156.022995,155.641006,155.964996,-1.140317,-1.129262,-1.130281
2025.12.23 10:00,0.006458,0.006462,0.006455,0.00646,155.959,156.048996,155.858002,155.919006,-1.130329,-1.119123,-1.132224
2025.12.23 11:00,0.00646,0.006462,0.006456,0.006458,155.921005,156.035995,155.863998,155.964005,-1.141319,-1.113144,-1.129289
2025.12.23 12:00,0.006458,0.006462,0.006456,0.006456,155.972,156.033997,155.863998,156.018997,-1.13932,-1.113144,-1.124321
2025.12.23 13:00,0.006456,0.006459,0.006442,0.006443,156.013,156.363998,155.940994,156.335007,-1.132708,-1.118268,-1.127803
2025.12.23 14:00,0.006443,0.006443,0.006434,0.00644,156.335999,156.546005,156.330002,156.399002,-1.121699,-1.122799,-1.131549
2025.12.23 15:00,0.006441,0.006448,0.006438,0.006441,156.399002,156.447998,156.199997,156.389999,-1.132314,-1.12517,-1.134602
2025.12.23 16:00,0.006441,0.006444,0.00644,0.006444,156.388,156.434998,156.294998,156.332993,-1.143438,-1.123918,-1.137836
2025.12.23 17:00,0.006443,0.006446,0.006442,0.006446,156.330994,156.350998,156.242004,156.292007,-1.131746,-1.119066,-1.145007
2025.12.23 18:00,0.006444,0.006448,0.006443,0.006448,156.294998,156.343002,156.218994,156.225998,-1.135799,-1.13215,-1.127124
2025.12.23 19:00,0.006448,0.00645,0.006446,0.006449,156.227005,156.253006,156.171005,156.192001,-1.130067,-1.120228,-1.1292
2025.12.23 20:00,0.00645,0.00645,0.006444,0.006445,156.186005,156.309006,156.171005,156.298004,-1.125894,-1.132251,-1.138965
2025.12.23 21:00,0.006444,0.006449,0.006443,0.006443,156.300003,156.315994,156.169998,156.220993,-1.108791,-1.107197,-1.01379
2025.12.23 23:00,0.006448,0.006454,0.006446,0.00645,156.158997,156.283997,156.082001,156.167007,-1.149034,-1.127328,-1.128253
2025.12.24 00:00,0.00645,0.006458,0.006445,0.006458,156.169998,156.283005,155.968994,155.981995,-1.123965,-1.122288,-1.123307
2025.12.24 01:00,0.006458,0.006473,0.00645,0.006471,155.988998,156.151993,155.593994,155.645996,-1.125248,-1.118049,-1.110379
2025.12.24 02:00,0.006471,0.006475,0.006468,0.006468,155.649994,155.744003,155.550995,155.742004,-1.136703,-1.122761,-1.134704
2025.12.24 03:00,0.006468,0.006468,0.006458,0.006458,155.740997,155.990005,155.733002,155.970993,-1.131318,-1.125702,-1.124287
2025.12.24 04:00,0.006458,0.006465,0.006454,0.006464,155.975006,156.061996,155.794006,155.826996,-1.131326,-1.114968,-1.124022
2025.12.26 05:00,0.006448,0.006451,0.006444,0.006446,156.160995,156.283005,156.084,156.201004,-1.087848,-1.069273,-1.066041
2025.12.26 06:00,0.006447,0.006452,0.006442,0.006444,156.195007,156.319,156.072998,156.274002,-1.075657,-1.070288,-1.078845
2025.12.26 07:00,0.006444,0.006446,0.006437,0.00644,156.276993,156.444,156.203995,156.363998,-1.080066,-1.069032,-1.072439
2025.12.26 08:00,0.00644,0.006443,0.006437,0.006442,156.375,156.445007,156.289001,156.319,-1.081073,-1.081798,-1.075657
2025.12.26 09:00,0.006442,0.006442,0.006435,0.006435,156.315002,156.472,156.306,156.449997,-1.071842,-1.062657,-1.061915
2025.12.26 10:00,0.006435,0.00644,0.006435,0.006438,156.459,156.468994,156.352005,156.391006,-1.068836,-1.072505,-1.075322
2025.12.26 11:00,0.006438,0.006442,0.006438,0.006438,156.391006,156.421005,156.313995,156.389999,-1.0812,-1.070652,-1.062261
2025.12.26 12:00,0.006438,0.006438,0.006435,0.006438,156.399002,156.485992,156.382004,156.414001,-1.073767,-1.066319,-1.086263
2025.12.26 13:00,0.006438,0.006446,0.006437,0.006442,156.406998,156.444,156.218994,156.322006,-1.080066,-1.071994,-1.078663
2025.12.26 14:00,0.006442,0.006444,0.006435,0.006436,156.322998,156.485001,156.268005,156.449005,-1.084842,-1.084893,-1.072998
2025.12.26 15:00,0.006436,0.006443,0.006433,0.006438,156.449997,156.539001,156.302002,156.423004,-1.090529,-1.094799,-1.083199
2025.12.26 16:00,0.006438,0.00644,0.006427,0.006429,156.425003,156.656998,156.358994,156.632996,-1.07551,-1.079494,-1.075716
2025.12.26 17:00,0.006429,0.006432,0.006425,0.006431,156.632004,156.729996,156.544998,156.570999,-1.087967,-1.072363,-1.074183
2025.12.26 18:00,0.006431,0.006437,0.006431,0.006432,156.567001,156.589996,156.427002,156.542999,-1.081098,-1.063068,-1.070364
2025.12.26 19:00,0.006433,0.006435,0.00643,0.006434,156.537994,156.598007,156.492996,156.492996,-1.077013,-1.080771,-1.06869
2025.12.26 20:00,0.006435,0.006437,0.006433,0.006435,156.5,156.529999,156.432999,156.485001,-1.081526,-1.069064,-1.072775
2025.12.26 21:00,0.006434,0.006435,0.006428,0.006428,156.494003,156.604004,156.483002,156.557999,-1.034621,-1.070776,-0.988616
2025.12.29 00:00,0.006431,0.006448,0.006431,0.006438,156.483994,156.485001,156.044006,156.274994,-0.976102,-0.957163,-0.95931
2025.12.29 01:00,0.006439,0.006443,0.006435,0.006438,156.276001,156.373001,156.182999,156.304001,-0.972843,-0.975795,-0.976262
2025.12.29 02:00,0.006438,0.006438,0.006429,0.006433,156.311996,156.511002,156.292007,156.427994,-0.977911,-0.976323,-0.979521
2025.12.29 03:00,0.006433,0.006438,0.006433,0.006435,156.423996,156.447006,156.313995,156.375,-0.986459,-0.97419,-0.974842
2025.12.29 04:00,0.006435,0.00644,0.006431,0.006435,156.369995,156.473007,156.238007,156.363998,-0.976191,-0.970554,-0.975916
2025.12.29 05:00,0.006435,0.00644,0.006435,0.006438,156.371994,156.397995,156.233002,156.304001,-0.985769,-0.965549,-0.964195
2025.12.29 06:00,0.006438,0.006444,0.006437,0.006443,156.304993,156.324997,156.162994,156.184998,-0.973122,-0.967838,-0.977794
2025.12.29 07:00,0.006442,0.006449,0.006441,0.006448,156.177994,156.244995,156.042999,156.074997,-0.989598,-0.980198,-0.976123
2025.12.29 08:00,0.006448,0.006448,0.006438,0.00644,156.080002,156.311996,156.070007,156.278,-0.996312,-0.983164,-0.986441
2025.12.29 09:00,0.006439,0.006446,0.006435,0.006438,156.270004,156.399002,156.098999,156.326004,-0.986776,-0.97606,-0.986198
2025.12.29 10:00,0.006437,0.006442,0.006437,0.006437,156.322006,156.347,156.197998,156.324005,-0.983066,-0.978746,-0.97213
2025.12.29 11:00,0.006437,0.006439,0.006433,0.006435,156.320999,156.414001,156.279999,156.401993,-0.977613,-0.976378,-0.989767
2025.12.29 12:00,0.006434,0.006438,0.006433,0.006437,156.401001,156.423004,156.302002,156.326004,-0.974532,-0.974263,-0.974129
2025.12.29 13:00,0.006437,0.006442,0.006435,0.006441,156.330994,156.367996,156.188004,156.229996,-0.967838,-0.968752,-0.974599
2025.12.29 14:00,0.006441,0.00645,0.006441,0.006445,156.220993,156.238007,156.005005,156.136993,-0.982609,-0.96625,-0.977954
2025.12.29 15:00,0.006445,0.006454,0.006439,0.006454,156.136993,156.289001,155.910004,155.936005,-0.985381,-0.979333,-0.981332
2025.12.29 16:00,0.006453,0.006454,0.006446,0.006446,155.936005,156.119003,155.923004,156.100006,-0.98404,-0.980328,-0.977067
2025.12.29 17:00,0.006446,0.006448,0.006442,0.006444,156.106995,156.216995,156.061005,156.184006,-0.985704,-0.974161,-0.988849
2025.12.29 18:00,0.006442,0.006446,0.006441,0.006441,156.182999,156.223999,156.115997,156.218002,-0.968602,-0.968997,-0.962605
2025.12.29 19:00,0.006441,0.00645,0.00644,0.00645,156.220993,156.25,156.0,156.029999,-0.9705,-0.973255,-0.979222
2025.12.29 20:00,0.00645,0.006452,0.006447,0.006448,156.033005,156.084,155.975006,156.065994,-0.973094,-0.972296,-0.967121
2025.12.29 21:00,0.006448,0.006451,0.006448,0.00645,156.059006,156.085999,155.988998,156.052994,-0.987125,-0.974272,-1.002217
2025.12.29 23:00,0.00645,0.006452,0.006444,0.00645,156.022003,156.134003,155.947998,156.011993,-0.962922,-0.957292,-0.973239
2025.12.30 00:00,0.00645,0.006453,0.006437,0.00644,155.990997,156.326004,155.914993,156.255997,-0.96207,-0.948311,-0.976497
2025.12.30 01:00,0.00644,0.006442,0.006437,0.006441,156.255997,156.330994,156.205002,156.218002,-0.967059,-0.961659,-0.962605
2025.12.30 02:00,0.006442,0.006444,0.006436,0.006437,156.214005,156.339996,156.147995,156.307999,-0.963989,-0.952838,-0.956124
2025.12.30 03:00,0.006438,0.006441,0.006436,0.006439,156.298996,156.334,156.207993,156.261993,-0.957992,-0.952595,-0.958372
2025.12.30 04:00,0.006438,0.006448,0.006438,0.006447,156.270996,156.285004,156.044006,156.076996,-0.957265,-0.957163,-0.966091
2025.12.30 05:00,0.006448,0.006449,0.006446,0.006448,156.080002,156.104996,156.005997,156.039993,-0.970033,-0.943196,-0.965166
2025.12.30 06:00,0.006448,0.006453,0.006446,0.006448,156.035995,156.098007,155.929993,156.039993,-0.963044,-0.963311,-0.965166
2025.12.30 07:00,0.006449,0.006454,0.006446,0.006451,156.039001,156.108002,155.912003,155.977005,-0.961002,-0.95733,-0.962278
2025.12.30 08:00,0.006451,0.006456,0.006448,0.006451,155.975006,156.024002,155.848007,155.975998,-0.949175,-0.953331,-0.961271
2025.12.30 09:00,0.00645,0.006456,0.00645,0.006454,155.979004,156.007996,155.862,155.919006,-0.957219,-0.955334,-0.964334
2025.12.30 10:00,0.006453,0.006461,0.006452,0.006456,155.914993,155.929993,155.735992,155.848999,-0.9513,-0.961191,-0.966321
2025.12.30 11:00,0.006456,0.006458,0.006452,0.006454,155.852005,155.947006,155.815994,155.884995,-0.968313,-0.957307,-0.942318
2025.12.30 12:00,0.006454,0.006455,0.00645,0.006452,155.891998,156.011993,155.876007,155.947998,-0.961217,-0.95734,-0.957292
2025.12.30 13:00,0.006452,0.006452,0.006442,0.006442,155.951004,156.212997,155.938004,156.190994,-0.969654,-0.947297,-0.959703
2025.12.30 14:00,0.006442,0.006445,0.006437,0.006439,156.186996,156.320999,156.117004,156.266006,-0.957065,-0.957965,-0.962386
2025.12.30 15:00,0.006438,0.006438,0.006427,0.006436,156.266006,156.567993,156.264008,156.320007,-0.962302,-0.948323,-0.944
2025.12.30 16:00,0.006436,0.006441,0.006435,0.00644,156.326004,156.373001,156.216995,156.257996,-0.960775,-0.961598,-0.978496
2025.12.30 17:00,0.00644,0.00644,0.006433,0.006436,156.255997,156.406998,156.238998,156.330002,-0.970609,-0.959499,-0.953995
2025.12.30 18:00,0.006436,0.006437,0.006432,0.006433,156.332001,156.432999,156.302994,156.395004,-0.960364,-0.951119,-0.958616
2025.12.30 19:00,0.006433,0.006434,0.006428,0.006429,156.393005,156.522995,156.348999,156.492996,-0.953612,-0.924693,-0.959905
2025.12.30 20:00,0.006429,0.006432,0.006429,0.006431,156.496002,156.503006,156.419998,156.462006,-0.957816,-0.947363,-0.965189
2025.12.30 21:00,0.006431,0.006435,0.006431,0.006431,156.459,156.470001,156.335999,156.408997,-0.961103,-0.923773,-0.924272
2025.12.30 23:00,0.006435,0.006437,0.006431,0.006433,156.330994,156.468002,156.317993,156.404999,-0.959104,-0.954059,-0.956526
2025.12.31 00:00,0.006433,0.006437,0.006431,0.006434,156.391006,156.466003,156.322006,156.386002,-0.957105,-0.958072,-0.961696
2025.12.31 01:00,0.006434,0.006435,0.006431,0.006432,156.389008,156.451996,156.345993,156.427002,-0.967271,-0.957911,-0.954367
2025.12.31 02:00,0.006432,0.006433,0.006429,0.00643,156.421997,156.490997,156.416,156.481003,-0.945807,-0.955453,-0.960009
2025.12.31 03:00,0.00643,0.006431,0.006429,0.006429,156.475998,156.498001,156.440994,156.490005,-0.952811,-0.95627,-0.956915
2025.12.31 04:00,0.006429,0.006429,0.006423,0.006423,156.487,156.636002,156.485001,156.608994,-0.945509,-0.95191,-0.918501
2025.12.31 05:00,0.006425,0.006427,0.006423,0.006425,156.610992,156.632004,156.542999,156.585007,-0.953633,-0.949405,-0.955093
2025.12.31 06:00,0.006425,0.006426,0.006423,0.006425,156.591995,156.654999,156.574005,156.613998,-0.952394,-0.956203,-0.959865
2025.12.31 07:00,0.006425,0.006426,0.006423,0.006426,156.604996,156.647003,156.559998,156.559998,-0.956511,-0.942196,-0.942196
2025.12.31 08:00,0.006427,0.006429,0.006425,0.006425,156.567001,156.610992,156.494003,156.591995,-0.968964,-0.948813,-0.949967
2025.12.31 09:00,0.006425,0.006427,0.006423,0.006424,156.587006,156.649994,156.548004,156.621994,-0.959501,-0.942313,-0.955743
2025.12.31 10:00,0.006424,0.006425,0.006422,0.006423,156.621994,156.675995,156.589996,156.653,-0.961264,-0.947968,-0.962507
2025.12.31 11:00,0.006423,0.006425,0.006422,0.006425,156.647995,156.679001,156.600006,156.602997,-0.96427,-0.957978,-0.960969
2025.12.31 12:00,0.006425,0.006427,0.006423,0.006425,156.608994,156.643005,156.542999,156.598007,-0.952513,-0.949405,-0.968093
2025.12.31 13:00,0.006425,0.006426,0.006415,0.006417,156.593994,156.835007,156.580994,156.809006,-0.962507,-0.963192,-0.960804
2025.12.31 14:00,0.006417,0.006417,0.006411,0.006411,156.811005,156.949005,156.792999,156.923004,-0.954934,-0.956944,-0.953258
2025.12.31 15:00,0.006412,0.006421,0.006409,0.006419,156.919006,156.994003,156.714005,156.744995,-0.963425,-0.962897,-0.96962
2025.12.31 16:00,0.006419,0.006423,0.006415,0.006417,156.738998,156.848999,156.638,156.800995,-0.964358,-0.947508,-0.952793
2025.12.31 17:00,0.006417,0.006418,0.006415,0.006416,156.807007,156.854996,156.755997,156.824997,-0.958201,-0.944217,-0.964647
2025.12.31 18:00,0.006415,0.006417,0.006412,0.006413,156.820999,156.923004,156.792007,156.882996,-0.965423,-0.943806,-0.949739
2025.12.31 19:00,0.006414,0.006422,0.006413,0.006419,156.889999,156.889999,156.667007,156.744995,-0.968891,-0.952277,-0.945356
2025.12.31 20:00,0.006419,0.006424,0.006419,0.006423,156.744003,156.753006,156.621002,156.626007,-0.953367,-0.954751,-0.935514
2025.12.31 21:00,0.006423,0.006425,0.006419,0.006423,156.626007,156.729996,156.578995,156.656998,-0.954621,-0.924862,-0.966505
2026.01.02 05:00,0.006415,0.006416,0.006411,0.006411,156.819,156.942993,156.809998,156.908005,-0.961091,-0.949647,-0.938258
2026.01.02 06:00,0.006411,0.006412,0.006409,0.00641,156.908997,156.996994,156.903,156.953003,-0.954239,-0.945419,-0.946761
2026.01.02 07:00,0.00641,0.006415,0.006409,0.006414,156.947998,156.992004,156.824997,156.854004,-0.949249,-0.940356,-0.945053
2026.01.02 08:00,0.006414,0.006415,0.006409,0.006413,156.860992,156.998001,156.813004,156.869995,-0.955246,-0.940503,-0.948887
2026.01.02 09:00,0.006413,0.006418,0.006412,0.006412,156.876999,156.917999,156.764008,156.910995,-0.960418,-0.952228,-0.953414
2026.01.02 10:00,0.006412,0.006417,0.006411,0.006415,156.906006,156.927002,156.794998,156.843002,-0.957255,-0.946796,-0.958361
2026.01.02 11:00,0.006415,0.006415,0.006411,0.006412,156.834,156.949005,156.817001,156.914993,-0.967103,-0.944501,-0.957412
2026.01.02 12:00,0.006413,0.006414,0.006409,0.006411,156.914001,157.001007,156.865997,156.936996,-0.958252,-0.957047,-0.955094
2026.01.02 13:00,0.006411,0.006415,0.00641,0.006412,156.940002,156.959,156.824997,156.903,-0.952757,-0.952497,-0.945419
2026.01.02 14:00,0.006413,0.006417,0.006411,0.006414,156.904999,156.919006,156.800003,156.845001,-0.94926,-0.951801,-0.936051
2026.01.02 15:00,0.006415,0.006427,0.006413,0.006425,156.850998,156.893997,156.556,156.587006,-0.948579,-0.950308,-0.944977
2026.01.02 16:00,0.006425,0.006427,0.006417,0.00642,156.589005,156.772995,156.556,156.718002,-0.949073,-0.950308,-0.954762
2026.01.02 17:00,0.006419,0.006421,0.006417,0.006417,156.723007,156.781998,156.701004,156.766998,-0.945942,-0.949897,-0.943076
2026.01.02 18:00,0.006418,0.006418,0.006411,0.006413,156.764999,156.947998,156.757004,156.886993,-0.953927,-0.945224,-0.941576
2026.01.02 19:00,0.006413,0.006415,0.00641,0.006415,156.886002,156.955002,156.839005,156.852005,-0.948759,-0.954364,-0.95521
2026.01.02 20:00,0.006414,0.006415,0.006412,0.006413,156.852997,156.910004,156.839005,156.871994,-0.952422,-0.954364,-0.950886
2026.01.02 21:00,0.006413,0.006419,0.006413,0.006414,156.873993,156.886993,156.781998,156.830994,-0.953737,-0.994497,-0.922043
2026.01.05 00:00,0.006407,0.006411,0.006398,0.006402,156.988007,157.25,156.912003,157.145004,-0.951152,-0.917931,-0.943814
2026.01.05 01:00,0.006402,0.006411,0.0064,0.006407,157.147995,157.182007,156.934006,157.007996,-0.944212,-0.939934,-0.92871
2026.01.05 02:00,0.006407,0.006409,0.0064,0.006402,157.014008,157.205994,156.942001,157.151001,-0.94379,-0.923586,-0.937618
2026.01.05 03:00,0.006402,0.006402,0.006398,0.006398,157.139999,157.238998,157.121994,157.229996,-0.940151,-0.933005,-0.931148
2026.01.05 04:00,0.006398,0.006398,0.006394,0.006396,157.223999,157.298004,157.212006,157.272995,-0.901377,-0.925375,-0.937497
2026.01.05 05:00,0.006396,0.006403,0.006396,0.0064,157.281006,157.292007,157.108994,157.175995,-0.932071,-0.932204,-0.9382
2026.01.05 06:00,0.0064,0.006407,0.006398,0.006407,157.179001,157.231995,157.005005,157.031998,-0.945364,-0.92572,-0.940528
2026.01.05 07:00,0.006407,0.006409,0.006404,0.006408,157.033997,157.080002,156.968002,156.981995,-0.927594,-0.937424,-0.927061
2026.01.05 08:00,0.006409,0.006421,0.006406,0.006415,156.990997,157.041,156.681,156.828995,-0.937345,-0.942024,-0.9322
2026.01.05 09:00,0.006415,0.006417,0.006408,0.006411,156.830994,157.001007,156.776001,156.927002,-0.946073,-0.939945,-0.932931
2026.01.05 10:00,0.006411,0.006425,0.006411,0.006425,156.925003,156.938995,156.565994,156.595993,-0.944924,-0.93608,-0.94186
2026.01.05 11:00,0.006425,0.006427,0.006421,0.006423,156.595993,156.662003,156.522995,156.621002,-0.935145,-0.941508,-0.942631
2026.01.05 12:00,0.006423,0.006429,0.006421,0.006423,156.619995,156.686005,156.459,156.641998,-0.934898,-0.925909,-0.939393
2026.01.05 13:00,0.006423,0.006423,0.006409,0.006415,156.645996,156.979004,156.639008,156.822998,-0.936249,-0.936403,-0.938357
2026.01.05 14:00,0.006415,0.00642,0.006414,0.006418,156.819,156.854004,156.697998,156.746994,-0.945053,-0.934758,-0.935214
2026.01.05 15:00,0.006419,0.006431,0.006418,0.006425,156.748993,156.757004,156.447998,156.574997,-0.945224,-0.9391,-0.945083
2026.01.05 16:00,0.006425,0.006437,0.006425,0.006435,156.574997,156.587997,156.298996,156.320007,-0.933864,-0.947121,-0.931925
2026.01.05 17:00,0.006435,0.006438,0.006433,0.006435,156.322998,156.386002,156.259003,156.324005,-0.937529,-0.931264,-0.935923
2026.01.05 18:00,0.006435,0.006442,0.006434,0.006442,156.324997,156.358994,156.173996,156.181,-0.934688,-0.942705,-0.937657
2026.01.05 19:00,0.006442,0.006444,0.006438,0.006438,156.186005,156.244995,156.108994,156.233002,-0.929311,-0.937913,-0.917317
2026.01.05 20:00,0.006439,0.006442,0.006435,0.006435,156.231995,156.339005,156.175995,156.332993,-0.938846,-0.932652,-0.932834
2026.01.05 21:00,0.006435,0.006436,0.006431,0.006432,156.337006,156.419006,156.313995,156.317993,-0.934282,-0.937988,-0.845358
2026.01.05 23:00,0.00643,0.00643,0.006417,0.006423,156.487,156.645004,156.459,156.639999,-0.796802,-0.938006,-0.949507
2026.01.06 00:00,0.006423,0.006427,0.006415,0.006427,156.608002,156.796997,156.522995,156.529999,-0.924497,-0.917304,-0.924307
2026.01.06 01:00,0.006427,0.006429,0.006419,0.006429,156.535995,156.710999,156.444,156.445007,-0.935623,-0.910909,-0.911916
2026.01.06 02:00,0.00643,0.006437,0.006427,0.006436,156.453003,156.503998,156.264008,156.307007,-0.92251,-0.912133,-0.931
2026.01.06 03:00,0.006435,0.006437,0.006431,0.006433,156.311005,156.438995,156.287994,156.360001,-0.930097,-0.92406,-0.923612
2026.01.06 04:00,0.006433,0.006438,0.00643,0.006433,156.352005,156.440002,156.233994,156.373993,-0.919009,-0.918309,-0.925521
2026.01.06 05:00,0.006434,0.006437,0.00643,0.006431,156.373993,156.449005,156.281006,156.429001,-0.928011,-0.917071,-0.932185
2026.01.06 06:00,0.006431,0.006435,0.006429,0.006433,156.429001,156.479004,156.322998,156.367004,-0.921724,-0.92284,-0.918532
2026.01.06 07:00,0.006433,0.006439,0.006433,0.006435,156.369995,156.373001,156.225006,156.335007,-0.936613,-0.921385,-0.934848
2026.01.06 08:00,0.006435,0.006442,0.006433,0.006435,156.326996,156.389008,156.156006,156.319,-0.928461,-0.924715,-0.918842
2026.01.06 09:00,0.006435,0.006438,0.006429,0.006433,156.313995,156.483994,156.223999,156.375,-0.926714,-0.908315,-0.926528
2026.01.06 10:00,0.006433,0.006437,0.006429,0.006429,156.369995,156.464005,156.270004,156.436996,-0.918814,-0.91813,-0.903906
2026.01.06 11:00,0.006429,0.006431,0.006426,0.006429,156.445007,156.535995,156.399002,156.445007,-0.918194,-0.914278,-0.911916
2026.01.06 12:00,0.00643,0.006436,0.006427,0.006428,156.449005,156.516998,156.287003,156.494003,-0.923404,-0.910995,-0.924621
2026.01.06 13:00,0.006428,0.006434,0.006425,0.006433,156.488998,156.580994,156.343994,156.362,-0.926861,-0.919688,-0.925611
2026.01.06 14:00,0.006433,0.006436,0.006429,0.006433,156.362,156.479996,156.292007,156.401001,-0.922716,-0.916,-0.940454
2026.01.06 15:00,0.006431,0.006431,0.00642,0.006425,156.404999,156.692001,156.397003,156.574997,-0.928761,-0.912279,-0.920864
2026.01.06 16:00,0.006425,0.006425,0.006418,0.006419,156.576004,156.727005,156.565002,156.701996,-0.915225,-0.910869,-0.914495
2026.01.06 17:00,0.006419,0.006421,0.006417,0.006419,156.699005,156.738998,156.664993,156.688995,-0.915076,-0.913886,-0.91362
2026.01.06 18:00,0.00642,0.006421,0.006417,0.006418,156.686005,156.748993,156.660004,156.733002,-0.912937,-0.921028,-0.921222
2026.01.06 19:00,0.006419,0.006423,0.006417,0.006423,156.737,156.742996,156.602997,156.628998,-0.906941,-0.924626,-0.938505
2026.01.06 20:00,0.006423,0.006425,0.006423,0.006423,156.625,156.630005,156.565002,156.598007,-0.939512,-0.910869,-0.919636
2026.01.06 21:00,0.006421,0.006423,0.006419,0.006421,156.654007,156.684998,156.613007,156.619995,-0.909622,-0.910402,-0.868888
2026.01.06 23:00,0.006421,0.006423,0.006419,0.00642,156.587997,156.705002,156.585999,156.682007,-0.905362,-0.883394,-0.918767
2026.01.07 00:00,0.00642,0.006425,0.006415,0.006421,156.664993,156.806,156.533997,156.636993,-0.909205,-0.904082,-0.910136
2026.01.07 01:00,0.006422,0.006425,0.006417,0.006418,156.628998,156.748001,156.554001,156.712006,-0.911946,-0.899868,-0.900226
2026.01.07 02:00,0.006418,0.006421,0.006417,0.006421,156.712006,156.731003,156.636002,156.638,-0.90708,-0.909144,-0.899025
2026.01.07 03:00,0.006421,0.006427,0.006421,0.006425,156.645004,156.653,156.501999,156.559006,-0.901893,-0.908405,-0.904873
2026.01.07 04:00,0.006425,0.006427,0.006424,0.006426,156.554993,156.585999,156.501999,156.539001,-0.919747,-0.908405,-0.9212
2026.01.07 05:00,0.006428,0.006433,0.006427,0.006432,156.535004,156.539993,156.356995,156.382004,-0.958506,-0.896448,-0.909369
2026.01.07 06:00,0.006432,0.006435,0.006431,0.006433,156.378998,156.391998,156.298004,156.341003,-0.907274,-0.909922,-0.904615
2026.01.07 07:00,0.006434,0.006436,0.006427,0.006427,156.343994,156.514999,156.289001,156.479004,-0.909308,-0.912994,-0.897516
2026.01.07 08:00,0.006428,0.006429,0.006423,0.006426,156.485992,156.587006,156.451996,156.524994,-0.908635,-0.906806,-0.907192
2026.01.07 09:00,0.006426,0.00643,0.006424,0.006429,156.520004,156.574997,156.423996,156.460999,-0.908746,-0.903002,-0.903719
2026.01.07 10:00,0.006429,0.006429,0.006426,0.006426,156.462006,156.535995,156.434006,156.526993,-0.918194,-0.900915,-0.909191
2026.01.07 11:00,0.006426,0.006427,0.006424,0.006427,156.522003,156.582001,156.503006,156.513,-0.91575,-0.897315,-0.907309
2026.01.07 12:00,0.006427,0.006428,0.006425,0.006427,156.514999,156.567001,156.468994,156.509003,-0.912868,-0.899611,-0.903311
2026.01.07 13:00,0.006427,0.006433,0.006421,0.006431,156.511993,156.584,156.356995,156.414001,-0.832893,-0.920606,-0.917185
2026.01.07 14:00,0.006431,0.006431,0.006425,0.006431,156.406998,156.554993,156.382996,156.404007,-0.912964,-0.898271,-0.919282
2026.01.07 15:00,0.006431,0.006431,0.006417,0.00642,156.403,156.725006,156.397995,156.677002,-0.901084,-0.901179,-0.913762
2026.01.07 16:00,0.006419,0.006421,0.006415,0.006417,156.679993,156.800995,156.636002,156.723999,-0.9042,-0.909144,-0.887943
2026.01.07 17:00,0.006418,0.006424,0.006418,0.006422,156.733002,156.733994,156.567993,156.613998,-0.922214,-0.901742,-0.899268
2026.01.07 18:00,0.006422,0.006423,0.006419,0.006419,156.613998,156.703995,156.589005,156.690994,-0.904355,-0.910634,-0.903494
2026.01.07 19:00,0.006419,0.00642,0.006417,0.006417,156.692001,156.761993,156.677002,156.733994,-0.913792,-0.913762,-0.910071
2026.01.07 20:00,0.006417,0.006418,0.006415,0.006417,156.742004,156.789001,156.714996,156.772003,-0.904361,-0.903216,-0.923801
2026.01.07 21:00,0.006415,0.006417,0.006415,0.006415,156.768005,156.800995,156.725998,156.748993,-0.9042,-0.889942,-0.876493
2026.01.07 23:00,0.006418,0.006419,0.006415,0.006417,156.636993,156.755005,156.613998,156.709,-0.85821,-0.814359,-0.860798
2026.01.08 00:00,0.006417,0.006418,0.006413,0.006413,156.697006,156.800995,156.669006,156.776993,-0.855577,-0.857226,-0.855885
2026.01.08 01:00,0.006413,0.006416,0.006407,0.006408,156.785995,156.945007,156.709,156.908997,-0.853538,-0.84865,-0.854063
2026.01.08 02:00,0.006408,0.006412,0.006406,0.006411,156.904007,156.955994,156.817001,156.839005,-0.852338,-0.85942,-0.869258
2026.01.08 03:00,0.006411,0.006419,0.006411,0.006417,156.835007,156.841003,156.621994,156.718002,-0.859101,-0.846619,-0.881947
2026.01.08 04:00,0.006416,0.006419,0.006415,0.006417,156.714996,156.731995,156.656998,156.686996,-0.859494,-0.857358,-0.863074
2026.01.08 05:00,0.006417,0.006419,0.006415,0.006418,156.682007,156.731003,156.634003,156.666,-0.858503,-0.846502,-0.85422
2026.01.08 06:00,0.006418,0.006425,0.006417,0.006421,156.667999,156.690994,156.494003,156.576004,-0.867072,-0.864089,-0.849146
2026.01.08 07:00,0.006422,0.006426,0.006417,0.006426,156.572998,156.695007,156.462006,156.462006,-0.858952,-0.844204,-0.844204
2026.01.08 08:00,0.006427,0.006427,0.006416,0.006417,156.468002,156.714005,156.451004,156.703003,-0.853654,-0.85741,-0.854801
2026.01.08 09:00,0.006416,0.006419,0.006413,0.006415,156.701996,156.783005,156.625,156.740997,-0.849748,-0.849625,-0.856356
2026.01.08 10:00,0.006415,0.006417,0.006413,0.006417,156.738998,156.779999,156.673004,156.679001,-0.846742,-0.849082,-0.855078
2026.01.08 11:00,0.006417,0.006418,0.006413,0.006414,156.675995,156.781006,156.658005,156.764008,-0.859898,-0.846225,-0.855057
2026.01.08 12:00,0.006414,0.006417,0.006413,0.006415,156.761002,156.783997,156.682007,156.720001,-0.85074,-0.845951,-0.847501
2026.01.08 13:00,0.006416,0.006419,0.006406,0.006406,156.723007,156.962997,156.639008,156.955002,-0.847165,-0.839368,-0.851346
2026.01.08 14:00,0.006406,0.006407,0.006401,0.006406,156.966003,157.072006,156.932999,156.968002,-0.846418,-0.853713,-0.864347
2026.01.08 15:00,0.006406,0.006411,0.006402,0.00641,156.975998,157.056,156.843994,156.858994,-0.842617,-0.862092,-0.852751
2026.01.08 16:00,0.00641,0.006411,0.006405,0.006409,156.865005,156.987,156.841995,156.901993,-0.858977,-0.847924,-0.859238
2026.01.08 17:00,0.006409,0.006413,0.006408,0.006412,156.895004,156.906006,156.766998,156.804993,-0.851072,-0.84589,-0.847411
2026.01.08 18:00,0.006412,0.006413,0.006409,0.006409,156.807999,156.893005,156.789001,156.888,-0.85025,-0.855745,-0.845245
2026.01.08 19:00,0.006409,0.006409,0.006404,0.006406,156.891998,156.985992,156.884995,156.964005,-0.845778,-0.842239,-0.860349
2026.01.08 20:00,0.006406,0.006407,0.006404,0.006407,156.960007,156.994003,156.910004,156.947006,-0.853789,-0.842889,-0.855537
2026.01.08 21:00,0.006406,0.006411,0.006404,0.006409,156.953003,156.992004,156.807007,156.865997,-0.85179,-0.83726,-0.847582
2026.01.08 23:00,0.006411,0.006412,0.006407,0.006409,156.828995,156.934006,156.781006,156.880997,-0.842536,-0.823425,-0.862582
2026.01.09 00:00,0.006409,0.006409,0.006402,0.006404,156.863007,157.059998,156.860001,157.001999,-0.846615,-0.841585,-0.849591
2026.01.09 01:00,0.006404,0.006404,0.006396,0.006397,157.001999,157.167999,156.985992,157.154007,-0.832502,-0.833584,-0.830732
2026.01.09 02:00,0.006398,0.006399,0.006393,0.006396,157.153,157.259995,157.115005,157.175995,-0.838909,-0.840589,-0.828273
2026.01.09 03:00,0.006396,0.006397,0.006394,0.006394,157.175995,157.240997,157.149994,157.229004,-0.832148,-0.826719,-0.820155
2026.01.09 04:00,0.006394,0.006396,0.006392,0.006396,157.229996,157.294998,157.186996,157.203003,-0.837206,-0.839274,-0.843066
2026.01.09 05:00,0.006392,0.006392,0.006388,0.006388,157.203003,157.389999,157.203003,157.369003,-0.834229,-0.76968,-0.837733
2026.01.09 06:00,0.006388,0.00639,0.006386,0.006388,157.369003,157.429993,157.334,157.393997,-0.825187,-0.827233,-0.838226
2026.01.09 07:00,0.006388,0.006388,0.00638,0.006384,157.393005,157.572006,157.380005,157.473007,-0.832198,-0.836491,-0.831408
2026.01.09 08:00,0.006384,0.006385,0.006376,0.006378,157.479996,157.669998,157.451004,157.639999,-0.831858,-0.833932,-0.838745
2026.01.09 09:00,0.006378,0.00638,0.006374,0.006375,157.639008,157.738007,157.567993,157.703003,-0.850654,-0.828185,-0.840255
2026.01.09 10:00,0.006375,0.006378,0.006374,0.006378,157.703003,157.725006,157.632004,157.645996,-0.837654,-0.843045,-0.844742
2026.01.09 11:00,0.006378,0.00638,0.006376,0.00638,157.645996,157.684006,157.557999,157.578995,-0.845866,-0.830465,-0.851461
2026.01.09 12:00,0.00638,0.006381,0.006375,0.006378,157.572998,157.707993,157.554001,157.647995,-0.845245,-0.838751,-0.846741
2026.01.09 13:00,0.006377,0.006389,0.00636,0.006384,157.643005,157.828003,157.365997,157.481995,-0.595299,-0.84698,-0.840395
2026.01.09 14:00,0.006384,0.006389,0.006361,0.006367,157.485001,158.050995,157.365005,157.912994,-0.843003,-0.845988,-0.840824
2026.01.09 15:00,0.006366,0.006371,0.006355,0.006369,157.921997,158.186996,157.802994,157.869995,-0.84296,-0.829449,-0.847153
2026.01.09 16:00,0.006369,0.006371,0.006358,0.00636,157.863998,158.132004,157.824005,158.078003,-0.849839,-0.85046,-0.845299
2026.01.09 17:00,0.006361,0.006363,0.006359,0.006361,158.070999,158.104996,157.983002,158.044998,-0.847571,-0.836775,-0.837006
2026.01.09 18:00,0.006361,0.006369,0.006361,0.006367,158.046005,158.067001,157.854996,157.906998,-0.84666,-0.844472,-0.847153
2026.01.09 19:00,0.006367,0.006371,0.006367,0.006369,157.906998,157.923004,157.822998,157.878006,-0.850834,-0.849453,-0.855164
2026.01.09 20:00,0.006368,0.006369,0.006367,0.006368,157.882996,157.910004,157.850006,157.882004,-0.850159,-0.85181,-0.846829
2026.01.09 21:00,0.006369,0.006369,0.006365,0.006368,157.884003,157.957993,157.847,157.919006,-0.848797,-0.848805,-0.883832
2026.01.12 00:00,0.006358,0.006382,0.006355,0.006381,158.136993,158.205002,157.546997,157.567993,-0.860965,-0.844029,-0.852743
2026.01.12 01:00,0.006381,0.006383,0.006373,0.006374,157.574997,157.751007,157.507004,157.742004,-0.851344,-0.840858,-0.854652
2026.01.12 02:00,0.006374,0.006377,0.006361,0.006361,157.746002,158.074997,157.660004,158.046997,-0.854656,-0.846452,-0.851364
2026.01.12 03:00,0.006362,0.006365,0.006359,0.006359,158.048004,158.121002,157.936996,158.119995,-0.851208,-0.840144,-0.86257
2026.01.12 04:00,0.006359,0.006359,0.006356,0.006359,158.121002,158.182999,158.108002,158.117004,-0.851343,-0.850577,-0.847211
2026.01.12 05:00,0.006359,0.006363,0.006357,0.006363,158.119003,158.147995,157.988998,158.001007,-0.853458,-0.842772,-0.85478
2026.01.12 06:00,0.006363,0.006365,0.006361,0.006363,158.005997,158.069,157.957001,158.009995,-0.848659,-0.847805,-0.851416
2026.01.12 07:00,0.006363,0.006371,0.006363,0.00637,158.005997,158.031998,157.794998,157.839996,-0.861078,-0.846084,-0.854127
2026.01.12 08:00,0.006371,0.006376,0.006369,0.006373,157.845993,157.865005,157.667999,157.772003,-0.854482,-0.842149,-0.860027
2026.01.12 09:00,0.006373,0.006375,0.006367,0.006368,157.778,157.901993,157.714996,157.886002,-0.854484,-0.852248,-0.850827
2026.01.12 10:00,0.006368,0.00637,0.006365,0.006369,157.895004,157.962006,157.824005,157.850006,-0.85281,-0.838136,-0.85181
2026.01.12 11:00,0.006369,0.006373,0.006367,0.006368,157.845993,157.925995,157.776993,157.893997,-0.866151,-0.852714,-0.858823
2026.01.12 12:00,0.006367,0.006371,0.006365,0.006369,157.897003,157.955994,157.804001,157.856003,-0.859142,-0.855087,-0.857807
2026.01.12 13:00,0.006369,0.006376,0.006368,0.00637,157.856995,157.897003,157.699997,157.841003,-0.861829,-0.849554,-0.855134
2026.01.12 14:00,0.00637,0.006371,0.006361,0.006366,157.837006,158.048996,157.826996,157.938995,-0.853363,-0.853451,-0.854485
2026.01.12 15:00,0.006366,0.006369,0.006364,0.006365,157.938995,157.979004,157.848007,157.968994,-0.845127,-0.849812,-0.859798
2026.01.12 16:00,0.006365,0.006366,0.006357,0.006357,157.972,158.156006,157.940002,158.151993,-0.849105,-0.855492,-0.845092
2026.01.12 17:00,0.006357,0.006361,0.006357,0.00636,158.145996,158.171005,158.057999,158.078995,-0.851728,-0.850007,-0.84629
2026.01.12 18:00,0.00636,0.006361,0.006357,0.006358,158.082993,158.145996,158.046997,158.132004,-0.851459,-0.851364,-0.849839
2026.01.12 19:00,0.006358,0.006359,0.006357,0.006358,158.126999,158.151001,158.087006,158.138,-0.8441,-0.841936,-0.855836
2026.01.12 20:00,0.006357,0.006359,0.006355,0.006355,158.134003,158.199997,158.108002,158.186996,-0.831205,-0.850577,-0.84296
2026.01.12 21:00,0.006355,0.006359,0.006355,0.006357,158.181,158.194,158.110001,158.117004,-0.837593,-0.840207,-0.797727
2026.01.12 23:00,0.006357,0.006367,0.006355,0.006363,158.098999,158.177994,157.884003,157.957993,-0.833957,-0.824158,-0.811766
2026.01.13 00:00,0.006363,0.006364,0.006351,0.006357,157.977005,158.287003,157.955994,158.158997,-0.843874,-0.822116,-0.839719
2026.01.13 01:00,0.006357,0.006357,0.006342,0.006344,158.162003,158.501007,158.151993,158.477997,-0.834471,-0.832716,-0.836322
2026.01.13 02:00,0.006343,0.006349,0.006335,0.006336,158.481995,158.690002,158.328995,158.667999,-0.836807,-0.836274,-0.827265
2026.01.13 03:00,0.006336,0.006337,0.00633,0.00633,158.671005,158.824997,158.638,158.811005,-0.834637,-0.834625,-0.833116
2026.01.13 04:00,0.00633,0.006338,0.006325,0.006333,158.807007,158.912003,158.623001,158.714996,-0.809235,-0.832078,-0.811949
2026.01.13 05:00,0.00633,0.006334,0.00633,0.006332,158.710007,158.828995,158.697998,158.787003,-0.838635,-0.819875,-0.846549
2026.01.13 06:00,0.006331,0.006332,0.006324,0.006332,158.783997,158.964005,158.735992,158.759003,-0.836242,-0.820475,-0.843485
2026.01.13 07:00,0.006332,0.006334,0.006324,0.006325,158.753998,158.955994,158.727005,158.938004,-0.840724,-0.836427,-0.835236
2026.01.13 08:00,0.006325,0.006328,0.006321,0.006326,158.942001,159.048996,158.863007,158.921997,-0.846178,-0.835199,-0.83173
2026.01.13 09:00,0.006325,0.00633,0.006322,0.006327,158.925003,159.018005,158.809006,158.889008,-0.840218,-0.831117,-0.836217
2026.01.13 10:00,0.006328,0.00633,0.006326,0.00633,158.889999,158.947998,158.796005,158.804001,-0.857731,-0.830597,-0.838593
2026.01.13 11:00,0.00633,0.00633,0.006325,0.006328,158.798004,158.947998,158.798004,158.848999,-0.84523,-0.832596,-0.833668
2026.01.13 12:00,0.006329,0.006329,0.006326,0.006327,158.856003,158.936996,158.834,158.891998,-0.846729,-0.831155,-0.839208
2026.01.13 13:00,0.006327,0.006342,0.006324,0.006328,158.886002,158.957001,158.567993,158.878998,-0.841731,-0.8766,-0.8387
2026.01.13 14:00,0.006328,0.006331,0.006322,0.006326,158.875,158.996994,158.796005,158.908997,-0.831707,-0.843076,-0.831227
2026.01.13 15:00,0.006326,0.006328,0.006319,0.006326,158.912003,159.087997,158.852997,158.925995,-0.835107,-0.837666,-0.848226
2026.01.13 16:00,0.006326,0.006327,0.006315,0.00632,158.921997,159.190994,158.897003,159.065002,-0.837864,-0.844213,-0.837158
2026.01.13 17:00,0.00632,0.006324,0.006317,0.006322,159.070007,159.141006,158.968002,159.024002,-0.838012,-0.84024,-0.833701
2026.01.13 18:00,0.006322,0.006323,0.006319,0.006322,159.020996,159.095001,158.994003,159.041,-0.842111,-0.841226,-0.850699
2026.01.13 19:00,0.006321,0.006321,0.006317,0.006318,159.035995,159.147003,159.033005,159.115005,-0.844009,-0.830187,-0.849589
2026.01.13 20:00,0.006318,0.00632,0.006316,0.006318,159.108002,159.158005,159.082993,159.115997,-0.842477,-0.842626,-0.850581
2026.01.13 21:00,0.006318,0.006318,0.006316,0.006316,159.112,159.177994,159.093994,159.113007,-0.837403,-0.828578,-0.797478
2026.01.13 23:00,0.006318,0.006318,0.006314,0.006314,159.115997,159.201996,159.067993,159.188004,-0.823792,-0.802577,-0.822331
2026.01.14 00:00,0.006314,0.006318,0.006311,0.006315,159.190002,159.289001,159.087006,159.186005,-0.822958,-0.82159,-0.832874
2026.01.14 01:00,0.006314,0.006314,0.006304,0.006309,159.195007,159.455002,159.186005,159.337006,-0.825561,-0.820333,-0.833277
2026.01.14 02:00,0.006309,0.006315,0.006307,0.006314,159.330994,159.393005,159.177994,159.199005,-0.839013,-0.824864,-0.820801
2026.01.14 03:00,0.006314,0.006319,0.006314,0.006316,159.201996,159.207993,159.070007,159.153,-0.829788,-0.817117,-0.81241
2026.01.14 04:00,0.006316,0.006317,0.006313,0.006314,159.153,159.242004,159.121002,159.197006,-0.826168,-0.818008,-0.818802
2026.01.14 05:00,0.006315,0.006315,0.006309,0.006309,159.203995,159.341003,159.156998,159.335007,-0.824721,-0.803867,-0.831278
2026.01.14 06:00,0.006309,0.006317,0.006309,0.006316,159.328995,159.350998,159.126999,159.139999,-0.834715,-0.824005,-0.824471
2026.01.14 07:00,0.006316,0.006318,0.006314,0.006315,159.143005,159.197006,159.102005,159.173996,-0.831334,-0.811543,-0.820866
2026.01.14 08:00,0.006316,0.006328,0.006314,0.006324,159.171005,159.194,158.856995,158.927002,-0.828328,-0.816697,-0.811732
2026.01.14 09:00,0.006326,0.006336,0.006324,0.006332,158.927994,158.949997,158.658005,158.755005,-0.822234,-0.81727,-0.827015
2026.01.14 10:00,0.006332,0.006339,0.00633,0.006335,158.761993,158.813995,158.574997,158.684998,-0.823636,-0.82141,-0.831802
2026.01.14 11:00,0.006334,0.00634,0.006329,0.006334,158.684998,158.822998,158.567001,158.714005,-0.820154,-0.825859,-0.823426
2026.01.14 12:00,0.006334,0.00636,0.006334,0.00634,158.712997,158.718994,158.136993,158.552002,-0.828416,-0.904289,-0.823292
2026.01.14 13:00,0.00634,0.006342,0.006332,0.006338,158.557999,158.742004,158.501007,158.595001,-0.826487,-0.822038,-0.828967
2026.01.14 14:00,0.006338,0.006355,0.006336,0.006354,158.587997,158.673004,158.153,158.207993,-0.832269,-0.808963,-0.826814
2026.01.14 15:00,0.006353,0.006358,0.006345,0.006357,158.212997,158.414993,158.098007,158.119003,-0.822993,-0.815843,-0.824466
2026.01.14 16:00,0.006357,0.006359,0.006351,0.006357,158.123993,158.283997,158.097,158.134003,-0.816082,-0.827206,-0.827102
2026.01.14 17:00,0.006357,0.006357,0.006349,0.006351,158.136993,158.343002,158.115997,158.296997,-0.825479,-0.82146,-0.829082
2026.01.14 18:00,0.00635,0.00635,0.006343,0.006343,158.300995,158.462997,158.294998,158.453995,-0.808893,-0.814681,-0.79989
2026.01.14 19:00,0.006343,0.006345,0.006342,0.006342,158.460007,158.518005,158.414993,158.496002,-0.826613,-0.810583,-0.817033
2026.01.14 20:00,0.006342,0.006344,0.006338,0.006338,158.503998,158.597,158.453003,158.589005,-0.818517,-0.811328,-0.82297
2026.01.14 21:00,0.006338,0.006344,0.006338,0.006342,158.589996,158.598007,158.382004,158.410004,-0.819524,-0.76517,-0.743468
2026.01.14 23:00,0.006348,0.006351,0.006343,0.006344,158.274994,158.432999,158.227005,158.410995,-0.778894,-0.77149,-0.769321
2026.01.15 00:00,0.006343,0.006345,0.006337,0.006344,158.421005,158.576996,158.373001,158.404007,-0.77362,-0.768591,-0.762332
2026.01.15 01:00,0.006344,0.006351,0.006342,0.006346,158.408005,158.436005,158.220993,158.348007,-0.769469,-0.777865,-0.768427
2026.01.15 02:00,0.006345,0.006348,0.006338,0.006339,158.354004,158.544998,158.302002,158.518005,-0.778964,-0.772069,-0.764418
2026.01.15 03:00,0.00634,0.00634,0.006334,0.00634,158.520996,158.643005,158.488007,158.507004,-0.777347,-0.759296,-0.765862
2026.01.15 04:00,0.00634,0.00634,0.006334,0.006336,158.507004,158.647003,158.470993,158.585999,-0.756425,-0.754724,-0.745264
2026.01.15 05:00,0.006339,0.006345,0.006338,0.006342,158.585007,158.613998,158.373993,158.427002,-0.823076,-0.769583,-0.760466
2026.01.15 06:00,0.006343,0.006344,0.006334,0.006335,158.429993,158.651993,158.393005,158.612,-0.761415,-0.776172,-0.758804
2026.01.15 07:00,0.006336,0.006342,0.00633,0.006336,158.608002,158.731995,158.444,158.578995,-0.766586,-0.752607,-0.763164
2026.01.15 08:00,0.006336,0.006338,0.006332,0.006332,158.572998,158.712997,158.533005,158.688004,-0.772544,-0.766971,-0.760013
2026.01.15 09:00,0.006332,0.006349,0.006332,0.006344,158.690002,158.699005,158.296997,158.397003,-0.771015,-0.779474,-0.78017
2026.01.15 10:00,0.006344,0.006346,0.006341,0.006342,158.397995,158.473007,158.339005,158.466995,-0.769177,-0.759424,-0.775602
2026.01.15 11:00,0.006342,0.006342,0.006337,0.006338,158.466003,158.565994,158.427994,158.565002,-0.762619,-0.761458,-0.77408
2026.01.15 12:00,0.006338,0.00634,0.006336,0.006336,158.565994,158.604996,158.483002,158.589996,-0.764261,-0.766732,-0.761709
2026.01.15 13:00,0.006336,0.006338,0.006326,0.006326,158.595001,158.854996,158.526993,158.830002,-0.764728,-0.74851,-0.764717
2026.01.15 14:00,0.006326,0.006334,0.006324,0.00633,158.830002,158.878998,158.639999,158.733994,-0.763728,-0.761876,-0.756105
2026.01.15 15:00,0.00633,0.006341,0.00633,0.006338,158.740005,158.744003,158.468994,158.537994,-0.766114,-0.765164,-0.77196
2026.01.15 16:00,0.006338,0.006343,0.006337,0.00634,158.533005,158.569,158.408005,158.498001,-0.765625,-0.7539,-0.769291
2026.01.15 17:00,0.00634,0.006342,0.006338,0.00634,158.490997,158.539001,158.436996,158.501999,-0.772967,-0.758027,-0.760857
2026.01.15 18:00,0.00634,0.006341,0.006339,0.00634,158.507996,158.522003,158.468994,158.492996,-0.768416,-0.765164,-0.764286
2026.01.15 19:00,0.00634,0.006342,0.006338,0.006339,158.492004,158.561005,158.455994,158.522003,-0.770082,-0.764601,-0.768416
2026.01.15 20:00,0.006338,0.00634,0.006334,0.006334,158.526993,158.643997,158.507004,158.634995,-0.765874,-0.765862,-0.756871
2026.01.15 21:00,0.006334,0.006336,0.006333,0.006336,158.643005,158.673996,158.582993,158.628998,-0.770949,-0.754705,-0.788263
2026.01.15 23:00,0.006335,0.006338,0.006332,0.006336,158.628006,158.671005,158.554001,158.585999,-0.755488,-0.775518,-0.770168
2026.01.16 00:00,0.006336,0.006339,0.006332,0.006334,158.582001,158.703995,158.513,158.654999,-0.763542,-0.759413,-0.776876
2026.01.16 01:00,0.006334,0.006341,0.006332,0.006336,158.649002,158.682007,158.464005,158.597,-0.766489,-0.760174,-0.768713
2026.01.16 02:00,0.006336,0.006363,0.006334,0.006347,158.589005,158.628998,157.957993,158.300003,-0.76334,-0.799414,-0.757658
2026.01.16 03:00,0.006348,0.006355,0.006347,0.006355,158.304001,158.313004,158.100006,158.106003,-0.770659,-0.75597,-0.761966
2026.01.16 04:00,0.006355,0.006357,0.006348,0.006349,158.108002,158.292999,158.091995,158.272003,-0.763066,-0.772718,-0.779282
2026.01.16 05:00,0.006349,0.006351,0.006344,0.006345,158.274002,158.380005,158.220001,158.378998,-0.763171,-0.752086,-0.774588
2026.01.16 06:00,0.006345,0.006347,0.006342,0.006344,158.378006,158.449997,158.328995,158.384995,-0.758604,-0.761832,-0.768161
2026.01.16 07:00,0.006345,0.006357,0.006344,0.006353,158.380005,158.404999,158.091995,158.171997,-0.763324,-0.772718,-0.766052
2026.01.16 08:00,0.006353,0.00636,0.00635,0.006351,158.164993,158.255005,158.003998,158.207993,-0.774688,-0.771293,-0.764864
2026.01.16 09:00,0.006351,0.006357,0.006351,0.006352,158.209,158.214996,158.067001,158.195999,-0.771868,-0.760101,-0.765267
2026.01.16 10:00,0.006352,0.006357,0.006351,0.006355,158.188004,158.220001,158.070007,158.123993,-0.764486,-0.763107,-0.767585
2026.01.16 11:00,0.006355,0.006358,0.006354,0.006357,158.121994,158.154007,158.044006,158.085007,-0.772829,-0.761842,-0.765729
2026.01.16 12:00,0.006356,0.006357,0.006351,0.006354,158.093002,158.223999,158.069,158.149994,-0.768484,-0.7621,-0.768816
2026.01.16 13:00,0.006353,0.006362,0.006353,0.006359,158.153,158.154007,157.936005,158.020996,-0.76044,-0.752729,-0.775927
2026.01.16 14:00,0.006359,0.006367,0.006355,0.006364,158.016006,158.119003,157.835007,157.901993,-0.774967,-0.762836,-0.768115
2026.01.16 15:00,0.006364,0.006367,0.006349,0.006357,157.901993,158.266006,157.815002,158.061996,-0.760891,-0.767494,-0.755096
2026.01.16 16:00,0.006357,0.006362,0.006356,0.006359,158.063004,158.100998,157.929001,158.020996,-0.769342,-0.745726,-0.763571
2026.01.16 17:00,0.006359,0.006359,0.006353,0.006355,158.016006,158.160995,158.013,158.139008,-0.767429,-0.755576,-0.770216
2026.01.16 18:00,0.006354,0.006355,0.00635,0.006353,158.139999,158.242004,158.121002,158.179001,-0.761688,-0.764595,-0.760663
2026.01.16 19:00,0.006353,0.006356,0.006351,0.006355,158.179001,158.210999,158.095001,158.115005,-0.755484,-0.763345,-0.758598
2026.01.16 20:00,0.006355,0.006359,0.006355,0.006357,158.119995,158.121002,158.031998,158.076996,-0.764595,-0.762204,-0.770095
2026.01.16 21:00,0.006357,0.006357,0.006354,0.006357,158.078003,158.139008,158.037994,158.082993,-0.757829,-0.743457,-0.763715
2026.01.19 04:00,0.006355,0.006367,0.006355,0.006366,157.878998,157.916,157.815994,157.822006,-0.559593,-0.743824,-0.737496
2026.01.20 05:00,0.006358,0.006361,0.006354,0.006355,158.022003,158.123993,157.942993,158.102005,-0.742815,-0.735001,-0.745598
2026.01.20 06:00,0.006355,0.006355,0.00634,0.006342,158.098999,158.466995,158.093002,158.410004,-0.725853,-0.736595,-0.731035
2026.01.20 07:00,0.006342,0.006347,0.006334,0.006344,158.404999,158.604004,158.298004,158.369995,-0.738346,-0.730841,-0.753162
2026.01.20 08:00,0.006344,0.006369,0.006343,0.006367,158.371994,158.393997,157.738998,157.815002,-0.739893,-0.740803,-0.742832
2026.01.20 09:00,0.006367,0.006377,0.006367,0.00637,157.809006,157.817001,157.550003,157.731003,-0.757157,-0.736452,-0.745133
2026.01.20 10:00,0.00637,0.006371,0.006361,0.006367,157.731995,157.938995,157.688004,157.809006,-0.731004,-0.73909,-0.749161
2026.01.20 11:00,0.006367,0.006372,0.006363,0.006369,157.813004,157.914001,157.677994,157.748001,-0.743081,-0.741398,-0.749805
2026.01.20 12:00,0.006369,0.006373,0.006363,0.006365,157.748993,157.895004,157.647995,157.860992,-0.748777,-0.736019,-0.739463
2026.01.20 13:00,0.006365,0.006381,0.006359,0.006365,157.862,157.973999,157.449997,157.839996,-0.72893,-0.734747,-0.743144
2026.01.20 14:00,0.006365,0.006371,0.006356,0.006357,157.843002,158.078995,157.727005,158.028,-0.747339,-0.75346,-0.733462
2026.01.20 15:00,0.006357,0.006365,0.006354,0.006362,158.035004,158.112,157.843994,157.925003,-0.730821,-0.734798,-0.741728
2026.01.20 16:00,0.006362,0.006365,0.006356,0.006363,157.923004,158.076004,157.848007,157.893997,-0.744348,-0.738811,-0.74777
2026.01.20 17:00,0.006363,0.006365,0.006359,0.006361,157.888,157.987,157.850006,157.949997,-0.74193,-0.74081,-0.742005
2026.01.20 18:00,0.006361,0.006361,0.006357,0.006357,157.957001,158.059006,157.944,158.052994,-0.739728,-0.736008,-0.746093
2026.01.20 19:00,0.006357,0.006357,0.006347,0.006347,158.052002,158.298004,158.035995,158.283997,-0.730841,-0.729095,-0.741652
2026.01.20 20:00,0.006347,0.006351,0.006347,0.006351,158.281998,158.289993,158.181,158.205994,-0.735246,-0.737872,-0.750479
2026.01.20 21:00,0.006351,0.006353,0.00635,0.006351,158.209,158.231995,158.113007,158.136002,-0.751678,-0.71944,-0.692873
2026.01.20 23:00,0.006352,0.006357,0.00635,0.006353,158.138,158.207001,158.029999,158.171005,-0.726684,-0.723098,-0.752667
2026.01.21 00:00,0.006352,0.006354,0.006347,0.006354,158.145996,158.281998,158.106995,158.115005,-0.739653,-0.725816,-0.733827
2026.01.21 01:00,0.006354,0.006365,0.006351,0.00636,158.115005,158.169998,157.850006,157.960999,-0.72687,-0.728476,-0.728294
2026.01.21 02:00,0.00636,0.006363,0.006355,0.006362,157.959,158.078003,157.880005,157.916,-0.733966,-0.721427,-0.732725
2026.01.21 03:00,0.006362,0.006363,0.006353,0.006355,157.910004,158.149002,157.884003,158.087006,-0.730664,-0.713083,-0.730598
2026.01.21 04:00,0.006355,0.006359,0.006353,0.006356,158.087997,158.132004,157.990005,158.029999,-0.726058,-0.720212,-0.698343
2026.01.21 05:00,0.006353,0.006355,0.006349,0.00635,158.035004,158.240005,158.026001,158.203995,-0.73489,-0.657209,-0.723678
2026.01.21 06:00,0.00635,0.006355,0.006348,0.006353,158.205002,158.257004,158.076996,158.145004,-0.727071,-0.720588,-0.726666
2026.01.21 07:00,0.006352,0.006363,0.006351,0.006361,158.143005,158.167007,157.867996,157.919998,-0.723879,-0.721769,-0.724366
2026.01.21 08:00,0.006362,0.006366,0.006359,0.006363,157.925003,157.987,157.813995,157.867004,-0.729575,-0.729485,-0.720778
2026.01.21 09:00,0.006363,0.006365,0.006357,0.006358,157.871002,158.039001,157.826996,158.005005,-0.732101,-0.7178,-0.72284
2026.01.21 10:00,0.006359,0.006359,0.006355,0.006357,158.003998,158.089005,157.981995,158.016998,-0.720213,-0.72457,-0.722461
2026.01.21 11:00,0.006357,0.006362,0.006355,0.006361,158.024002,158.076996,157.906998,157.912994,-0.720588,-0.723722,-0.717362
2026.01.21 12:00,0.006362,0.006369,0.006361,0.006367,157.912003,157.940994,157.740005,157.787003,-0.733003,-0.729482,-0.727158
2026.01.21 13:00,0.006367,0.006368,0.006361,0.006363,157.791,157.942001,157.757996,157.886002,-0.73401,-0.722821,-0.715082
2026.01.21 14:00,0.006363,0.006363,0.006352,0.006354,157.880005,158.153,157.869003,158.113998,-0.722268,-0.710425,-0.73282
2026.01.21 15:00,0.006353,0.006355,0.006346,0.00635,158.108994,158.311005,158.054001,158.216003,-0.731424,-0.709964,-0.735687
2026.01.21 16:00,0.00635,0.006356,0.006348,0.006351,158.210007,158.259003,158.070999,158.166,-0.72907,-0.739343,-0.722872
2026.01.21 17:00,0.006352,0.006357,0.00635,0.006353,158.167999,158.214996,158.031998,158.141998,-0.734679,-0.725097,-0.723661
2026.01.21 18:00,0.006353,0.006354,0.006349,0.006349,158.141998,158.244003,158.108002,158.218994,-0.72648,-0.726823,-0.726273
2026.01.21 19:00,0.006349,0.006353,0.006337,0.006343,158.216003,158.533997,158.134995,158.376007,-0.730621,-0.729049,-0.721903
2026.01.21 20:00,0.006343,0.006345,0.006338,0.006343,158.386002,158.498993,158.322998,158.365997,-0.72051,-0.718588,-0.711893
2026.01.21 21:00,0.006344,0.006347,0.006342,0.006345,158.375,158.421005,158.259003,158.259003,-0.729612,-0.716658,-0.654593
2026.01.21 23:00,0.006345,0.006346,0.006338,0.006338,158.294006,158.473007,158.251999,158.470001,-0.682085,-0.672419,-0.691518
2026.01.22 00:00,0.006338,0.006349,0.006337,0.006347,158.460007,158.492004,158.171005,158.235001,-0.688629,-0.678284,-0.680254
2026.01.22 01:00,0.006347,0.006348,0.006342,0.006342,158.235001,158.367996,158.210007,158.343002,-0.689027,-0.680074,-0.676467
2026.01.22 02:00,0.006342,0.006343,0.006338,0.006338,158.348999,158.479996,158.334,158.466995,-0.689073,-0.679895,-0.676073
2026.01.22 03:00,0.006338,0.00634,0.006333,0.006334,158.459,158.589005,158.393997,158.557007,-0.685958,-0.677728,-0.678884
2026.01.22 04:00,0.006334,0.006334,0.006328,0.006331,158.554993,158.705002,158.546005,158.641006,-0.689671,-0.667882,-0.688077
2026.01.22 05:00,0.00633,0.006332,0.006327,0.006328,158.641006,158.733994,158.621994,158.710007,-0.681203,-0.681541,-0.682199
2026.01.22 06:00,0.006328,0.006328,0.006323,0.006326,158.723007,158.850998,158.697998,158.772003,-0.698221,-0.682667,-0.681736
2026.01.22 07:00,0.006325,0.006326,0.006321,0.006326,158.778,158.893005,158.753006,158.774994,-0.690188,-0.675237,-0.684727
2026.01.22 08:00,0.006326,0.006327,0.006322,0.006326,158.776001,158.856995,158.725006,158.764008,-0.691708,-0.672216,-0.686238
2026.01.22 09:00,0.006326,0.006332,0.006326,0.006329,158.768997,158.779007,158.602005,158.694,-0.68874,-0.686487,-0.691156
2026.01.22 10:00,0.006329,0.006332,0.006326,0.006332,158.690002,158.764008,158.619003,158.623993,-0.686238,-0.67855,-0.68354
2026.01.22 11:00,0.006332,0.006336,0.006328,0.006334,158.632996,158.703003,158.529999,158.591003,-0.687672,-0.689264,-0.700425
2026.01.22 12:00,0.006333,0.006335,0.006324,0.006324,158.585007,158.828995,158.533005,158.819,-0.688726,-0.679809,-0.691238
2026.01.22 13:00,0.006324,0.006332,0.00631,0.006328,158.819,158.858002,158.615005,158.701004,-0.379398,-0.687015,-0.685673
2026.01.22 14:00,0.006329,0.006336,0.006326,0.006332,158.692993,158.761993,158.529999,158.617996,-0.684224,-0.689264,-0.690006
2026.01.22 15:00,0.006332,0.006343,0.00633,0.00634,158.610992,158.647995,158.345001,158.389999,-0.682587,-0.690897,-0.67373
2026.01.22 16:00,0.00634,0.006347,0.00634,0.006342,158.391998,158.425995,158.251999,158.354004,-0.697284,-0.684836,-0.675035
2026.01.22 17:00,0.006342,0.006348,0.006336,0.006344,158.363998,158.507996,158.229004,158.307007,-0.667261,-0.699071,-0.677748
2026.01.22 18:00,0.006344,0.006346,0.006344,0.006344,158.300995,158.337997,158.270004,158.311005,-0.696323,-0.690424,-0.694171
2026.01.22 19:00,0.006344,0.006345,0.006338,0.00634,158.309006,158.470993,158.289993,158.408997,-0.69251,-0.685583,-0.680286
2026.01.22 20:00,0.00634,0.006344,0.006339,0.00634,158.399002,158.442993,158.330002,158.432999,-0.689406,-0.688327,-0.691857
2026.01.22 21:00,0.00634,0.006342,0.006338,0.00634,158.438995,158.470993,158.371002,158.386002,-0.69251,-0.679609,-0.657291
2026.01.22 23:00,0.00634,0.006342,0.006334,0.006336,158.367996,158.533997,158.324997,158.498001,-0.668338,-0.646028,-0.682171
2026.01.23 00:00,0.006336,0.006338,0.006332,0.006335,158.477997,158.582993,158.429001,158.518005,-0.667475,-0.662967,-0.66481
2026.01.23 01:00,0.006336,0.006337,0.006329,0.00633,158.518005,158.662994,158.473007,158.634995,-0.66015,-0.669632,-0.669586
2026.01.23 02:00,0.00633,0.006336,0.006328,0.006332,158.639999,158.684006,158.490997,158.585007,-0.668675,-0.66271,-0.657017
2026.01.23 03:00,0.006332,0.006336,0.006326,0.006331,158.598007,158.742004,158.473007,158.632004,-0.651737,-0.657177,-0.679074
2026.01.23 04:00,0.006331,0.006334,0.006329,0.006334,158.630997,158.667007,158.526001,158.535995,-0.664163,-0.660343,-0.657872
2026.01.23 05:00,0.006334,0.006337,0.006331,0.006331,158.548004,158.641006,158.464005,158.613998,-0.688077,-0.660629,-0.661069
2026.01.23 06:00,0.006331,0.006334,0.006318,0.006321,158.623993,158.949005,158.537994,158.867004,-0.658543,-0.659871,-0.664187
2026.01.23 07:00,0.006321,0.006389,0.006307,0.00634,158.873993,159.225998,157.274994,158.373001,-0.659444,-0.755977,-0.656732
2026.01.23 08:00,0.00634,0.006353,0.006336,0.006351,158.384995,158.492004,158.097,158.134003,-0.663717,-0.678662,-0.678488
2026.01.23 09:00,0.006351,0.006362,0.00635,0.006356,158.126007,158.149994,157.858002,158.007004,-0.669677,-0.674726,-0.675348
2026.01.23 10:00,0.006356,0.006356,0.006346,0.006349,157.996002,158.248001,157.988007,158.194,-0.668421,-0.656351,-0.676477
2026.01.23 11:00,0.006349,0.006351,0.006343,0.006351,158.194,158.317001,158.126999,158.128006,-0.662897,-0.659084,-0.660091
2026.01.23 12:00,0.006351,0.006352,0.006345,0.006349,158.128006,158.264999,158.084,158.156006,-0.672999,-0.653268,-0.663285
2026.01.23 13:00,0.006349,0.006353,0.006344,0.006345,158.153,158.276993,158.084,158.264999,-0.660159,-0.665662,-0.672999
2026.01.23 14:00,0.006345,0.006347,0.006342,0.006345,158.259003,158.337997,158.195999,158.242996,-0.671462,-0.653654,-0.650996
2026.01.23 15:00,0.006346,0.006353,0.006344,0.006351,158.261002,158.307999,158.089005,158.106995,-0.67874,-0.670667,-0.663866
2026.01.23 16:00,0.006352,0.006382,0.006347,0.006374,158.113007,158.225006,157.358002,157.563004,-0.670259,-0.655033,-0.675651
2026.01.23 17:00,0.006373,0.006433,0.006371,0.006423,157.556,157.619995,156.113998,156.358002,-0.671081,-0.653451,-0.655397
2026.01.23 18:00,0.006423,0.006437,0.006411,0.006431,156.356995,156.636993,156.005997,156.164001,-0.667247,-0.654122,-0.679277
2026.01.23 19:00,0.006431,0.006452,0.006427,0.006442,156.164993,156.261993,155.673996,155.880997,-0.668399,-0.68329,-0.661745
2026.01.23 20:00,0.006442,0.00645,0.006439,0.006446,155.886002,155.962006,155.723999,155.815002,-0.658385,-0.697254,-0.668002
2026.01.23 21:00,0.006445,0.006454,0.006443,0.00645,155.804001,155.871002,155.602997,155.710007,-0.663799,-0.66032,-0.65923
2026.01.26 00:00,0.006473,0.006493,0.006464,0.006485,155.149994,155.345001,154.656998,154.832993,-0.642028,-0.633129,-0.630983
2026.01.26 01:00,0.006485,0.006508,0.006481,0.006502,154.841003,154.932007,154.294006,154.417999,-0.64673,-0.636973,-0.63099
2026.01.26 02:00,0.006502,0.006526,0.0065,0.006521,154.423996,154.483002,153.878006,153.985992,-0.648676,-0.633049,-0.635281
2026.01.26 03:00,0.006522,0.006522,0.006506,0.006512,153.992004,154.341003,153.940994,154.210007,-0.648538,-0.625547,-0.647358
2026.01.26 04:00,0.006512,0.006529,0.006509,0.00652,154.207001,154.276001,153.800995,154.022995,-0.64257,-0.638186,-0.648758
2026.01.26 05:00,0.00652,0.006524,0.006516,0.006516,154.033005,154.115997,153.914993,154.106003,-0.647607,-0.623053,-0.637612
2026.01.26 06:00,0.006516,0.00652,0.006503,0.00651,154.098007,154.417999,154.022003,154.242004,-0.642817,-0.636011,-0.643967
2026.01.26 07:00,0.00651,0.006524,0.006508,0.00651,154.235001,154.324005,153.901993,154.246994,-0.655163,-0.633542,-0.648957
2026.01.26 08:00,0.00651,0.006547,0.006506,0.006524,154.242004,154.348007,153.389008,153.908997,-0.643738,-0.635631,-0.628797
2026.01.26 09:00,0.006524,0.006541,0.006515,0.006535,153.917999,154.138,153.518997,153.667999,-0.646059,-0.62549,-0.645815
2026.01.26 10:00,0.006535,0.006541,0.006526,0.006539,153.662003,153.886993,153.518997,153.561005,-0.653769,-0.63718,-0.644112
2026.01.26 11:00,0.006539,0.006551,0.006528,0.006532,153.559006,153.826996,153.298004,153.738998,-0.640719,-0.637906,-0.646529
2026.01.26 12:00,0.006532,0.006532,0.006513,0.006515,153.738998,154.190994,153.725998,154.130005,-0.651919,-0.633528,-0.638064
2026.01.26 13:00,0.006516,0.006522,0.006506,0.006518,154.123001,154.337997,154.035995,154.061005,-0.645532,-0.720548,-0.651476
2026.01.26 14:00,0.006518,0.006534,0.006515,0.006532,154.052002,154.134003,153.686996,153.731003,-0.642061,-0.641387,-0.638533
2026.01.26 15:00,0.006532,0.006537,0.006526,0.006529,153.742004,153.884995,153.608994,153.806,-0.640037,-0.633627,-0.643191
2026.01.26 16:00,0.006529,0.006533,0.00652,0.006526,153.813004,154.029007,153.709,153.878006,-0.643015,-0.639969,-0.644782
2026.01.26 17:00,0.006526,0.006527,0.006516,0.006522,153.882004,154.112,153.858002,153.970993,-0.643609,-0.64826,-0.643789
2026.01.26 18:00,0.006522,0.006526,0.006512,0.006514,153.972,154.194,153.889999,154.160995,-0.643134,-0.645042,-0.633709
2026.01.26 19:00,0.006514,0.00652,0.006509,0.00652,154.158997,154.274994,154.020004,154.039001,-0.641563,-0.645767,-0.65301
2026.01.26 20:00,0.006519,0.006526,0.006514,0.006518,154.039993,154.147003,153.852005,154.080002,-0.643278,-0.630523,-0.646941
2026.01.26 21:00,0.006517,0.006518,0.00651,0.006514,154.087006,154.261002,154.052002,154.169006,-0.639374,-0.642473,-0.64172
2026.01.26 23:00,0.006514,0.006516,0.006502,0.006504,154.143997,154.427994,154.076996,154.371994,-0.629166,-0.620384,-0.62046
2026.01.27 00:00,0.006504,0.006516,0.006501,0.006508,154.386002,154.449997,154.113998,154.287994,-0.627506,-0.633839,-0.630961
2026.01.27 01:00,0.006508,0.00651,0.006503,0.006506,154.287994,154.408997,154.231003,154.339005,-0.633814,-0.632966,-0.634736
2026.01.27 02:00,0.006506,0.006517,0.006505,0.00651,154.347,154.365005,154.076996,154.259003,-0.637102,-0.63216,-0.637375
2026.01.27 03:00,0.00651,0.00651,0.0065,0.006503,154.255997,154.468994,154.231003,154.417007,-0.634669,-0.621177,-0.641825
2026.01.27 04:00,0.006502,0.006503,0.006493,0.006495,154.416,154.623993,154.404007,154.593994,-0.623838,-0.628824,-0.617557
2026.01.27 05:00,0.006495,0.006502,0.006493,0.006499,154.595001,154.641998,154.423996,154.501999,-0.641844,-0.625168,-0.63217
2026.01.27 06:00,0.0065,0.006505,0.006495,0.006498,154.501999,154.612,154.362,154.533005,-0.647408,-0.634096,-0.639502
2026.01.27 07:00,0.006498,0.0065,0.006487,0.006489,154.531006,154.764999,154.459,154.731003,-0.622416,-0.624674,-0.635925
2026.01.27 08:00,0.00649,0.006493,0.006483,0.006491,154.733002,154.878006,154.630997,154.697006,-0.628425,-0.630842,-0.637535
2026.01.27 09:00,0.006491,0.006557,0.006489,0.006531,154.703003,154.735001,153.160004,153.738007,-0.628046,-0.639609,-0.633814
2026.01.27 10:00,0.006531,0.006539,0.006512,0.006531,153.742004,154.192993,153.544998,153.731003,-0.630345,-0.61642,-0.626811
2026.01.27 11:00,0.006531,0.006539,0.00653,0.006531,153.742996,153.764999,153.554001,153.727005,-0.62564,-0.613726,-0.622813
2026.01.27 12:00,0.006532,0.006552,0.006529,0.00655,153.729004,153.792999,153.251007,153.306,-0.618457,-0.625856,-0.634245
2026.01.27 13:00,0.00655,0.006563,0.006545,0.006552,153.304001,153.423004,152.983002,153.251007,-0.622946,-0.613656,-0.625856
2026.01.27 14:00,0.006552,0.006566,0.006547,0.006553,153.248001,153.375,152.919998,153.209,-0.621624,-0.620276,-0.61878
2026.01.27 15:00,0.006553,0.006568,0.006549,0.006553,153.222,153.339005,152.865997,153.235992,-0.632281,-0.624234,-0.62249
2026.01.27 16:00,0.006553,0.006565,0.006551,0.006562,153.242996,153.266998,152.938004,153.041,-0.630196,-0.615077,-0.636825
2026.01.27 17:00,0.006561,0.00658,0.006557,0.006573,153.039993,153.151001,152.600998,152.766006,-0.630606,-0.62531,-0.628474
2026.01.27 18:00,0.006573,0.006582,0.006568,0.006573,152.764999,152.882996,152.563995,152.763,-0.618056,-0.622952,-0.625468
2026.01.27 19:00,0.006572,0.006576,0.00657,0.006576,152.763,152.839996,152.695999,152.710007,-0.621412,-0.616312,-0.63032
2026.01.27 20:00,0.006574,0.006603,0.00657,0.006589,152.714005,152.841995,152.085007,152.380005,-0.623411,-0.627228,-0.623417
2026.01.27 21:00,0.006589,0.006599,0.006586,0.006597,152.376999,152.483002,152.134003,152.194,-0.634248,-0.595895,-0.621431
2026.01.27 23:00,0.006595,0.006596,0.006578,0.006584,152.294006,152.623001,152.214996,152.432999,-0.612662,-0.60796,-0.549641
2026.01.28 00:00,0.006584,0.006586,0.006574,0.006578,152.496002,152.716995,152.427994,152.628998,-0.602611,-0.602289,-0.607102
2026.01.28 01:00,0.006578,0.00658,0.006562,0.006562,152.636993,152.994995,152.589005,152.987,-0.614038,-0.601775,-0.606042
2026.01.28 02:00,0.006562,0.006571,0.00656,0.00657,152.987,153.067993,152.804993,152.839005,-0.617349,-0.621154,-0.620421
2026.01.28 03:00,0.00657,0.006577,0.00657,0.006574,152.837006,152.841995,152.641998,152.720001,-0.623411,-0.596993,-0.617177
2026.01.28 04:00,0.006574,0.006582,0.006569,0.006582,152.720993,152.837006,152.518997,152.557007,-0.606833,-0.601032,-0.639041
2026.01.28 05:00,0.006577,0.006584,0.006574,0.006578,152.552994,152.735992,152.466995,152.626999,-0.621608,-0.595174,-0.61666
2026.01.28 06:00,0.006578,0.006581,0.006574,0.006578,152.628998,152.727005,152.548996,152.647995,-0.61262,-0.596406,-0.614551
2026.01.28 07:00,0.006578,0.006593,0.006574,0.006578,152.641998,152.733994,152.270996,152.647995,-0.608036,-0.606473,-0.614551
2026.01.28 08:00,0.006578,0.006588,0.00657,0.006578,152.641998,152.806,152.399002,152.634995,-0.610578,-0.607864,-0.613099
2026.01.28 09:00,0.006578,0.006582,0.006572,0.006574,152.636993,152.764999,152.554001,152.710999,-0.61589,-0.612958,-0.608174
2026.01.28 10:00,0.006574,0.006591,0.006574,0.006581,152.712997,152.725006,152.343994,152.561005,-0.622182,-0.610438,-0.608415
2026.01.28 11:00,0.00658,0.006582,0.006574,0.00658,152.561005,152.723999,152.542007,152.602997,-0.609614,-0.600965,-0.615767
2026.01.28 12:00,0.00658,0.006588,0.006578,0.006581,152.604996,152.641998,152.382004,152.570007,-0.620102,-0.602388,-0.617418
2026.01.28 13:00,0.006581,0.006582,0.006566,0.006568,152.565994,152.917007,152.537003,152.847,-0.617286,-0.59596,-0.605237
2026.01.28 14:00,0.006568,0.006577,0.006562,0.00657,152.841003,152.994003,152.647003,152.828003,-0.613046,-0.601998,-0.621006
2026.01.28 15:00,0.00657,0.006572,0.006531,0.006543,152.828003,153.735992,152.761993,153.459,-0.620087,-0.601317,-0.612231
2026.01.28 16:00,0.006542,0.006545,0.006529,0.006537,153.464005,153.787003,153.410995,153.600998,-0.61246,-0.610937,-0.613927
2026.01.28 17:00,0.006537,0.006539,0.006529,0.006539,153.597,153.757004,153.518997,153.522003,-0.605915,-0.602104,-0.60511
2026.01.28 18:00,0.00654,0.00654,0.006522,0.006526,153.524994,153.949005,153.520004,153.820007,-0.610054,-0.614805,-0.57505
2026.01.28 19:00,0.006528,0.006543,0.006518,0.006541,153.820007,154.046997,153.455994,153.488998,-0.613936,-0.609225,-0.607181
2026.01.28 20:00,0.006541,0.006549,0.006538,0.006546,153.490005,153.576004,153.298996,153.380005,-0.62403,-0.615583,-0.614958
2026.01.28 21:00,0.006547,0.00655,0.006543,0.006544,153.380997,153.464996,153.289993,153.401001,-0.618228,-0.618239,-0.589265
2026.01.28 23:00,0.006546,0.00656,0.006543,0.006557,153.417999,153.421997,153.022995,153.106003,-0.575228,-0.572351,-0.597231
2026.01.29 00:00,0.006557,0.006571,0.006551,0.006557,153.082993,153.216003,152.757996,153.087997,-0.579201,-0.574157,-0.579225
2026.01.29 01:00,0.006557,0.006557,0.006545,0.006549,153.093002,153.356003,153.065002,153.253006,-0.579284,-0.567862,-0.569593
2026.01.29 02:00,0.006549,0.00656,0.006544,0.006556,153.259995,153.391998,153.020004,153.106995,-0.580262,-0.56936,-0.574965
2026.01.29 03:00,0.006555,0.006565,0.006553,0.006564,153.113998,153.182999,152.897003,152.919998,-0.581133,-0.574077,-0.573871
2026.01.29 04:00,0.006562,0.006564,0.006551,0.006561,152.919998,153.231995,152.895004,152.975006,-0.571896,-0.548877,-0.559214
2026.01.29 05:00,0.006564,0.006565,0.006557,0.00656,152.968002,153.091995,152.906006,153.020004,-0.571601,-0.58308,-0.56936
2026.01.29 06:00,0.00656,0.006564,0.006554,0.006559,153.016998,153.154007,152.910995,153.048996,-0.575431,-0.564869,-0.586728
2026.01.29 07:00,0.006559,0.006561,0.006543,0.006547,153.050995,153.421997,152.979996,153.307999,-0.575228,-0.564203,-0.577947
2026.01.29 08:00,0.006547,0.006553,0.006541,0.006547,153.315002,153.457993,153.151993,153.315994,-0.576175,-0.561773,-0.574276
2026.01.29 09:00,0.006547,0.006555,0.006545,0.006547,153.313995,153.382996,153.132996,153.311996,-0.582937,-0.566062,-0.581945
2026.01.29 10:00,0.006547,0.006549,0.006541,0.006542,153.309998,153.451004,153.268997,153.432007,-0.580864,-0.573925,-0.573553
2026.01.29 11:00,0.006542,0.006545,0.006538,0.006541,153.436005,153.537003,153.371002,153.462006,-0.585028,-0.570944,-0.568498
2026.01.29 12:00,0.006541,0.006551,0.006541,0.006551,153.457993,153.475998,153.218002,153.225006,-0.58249,-0.569548,-0.576551
2026.01.29 13:00,0.006551,0.006553,0.006543,0.006547,153.220001,153.404999,153.167999,153.326996,-0.569913,-0.554497,-0.573619
2026.01.29 14:00,0.006547,0.00656,0.006544,0.006558,153.328995,153.393997,153.0,153.056,-0.582261,-0.572588,-0.570488
2026.01.29 15:00,0.006557,0.006574,0.006539,0.006569,153.072006,153.514008,152.673004,152.806,-0.573733,-0.57018,-0.575827
2026.01.29 16:00,0.006568,0.006572,0.006559,0.006566,152.802994,153.048996,152.714005,152.889008,-0.575112,-0.553328,-0.589286
2026.01.29 17:00,0.006565,0.006569,0.006562,0.006565,152.891006,152.970993,152.796005,152.901993,-0.566818,-0.565832,-0.579067
2026.01.29 18:00,0.006564,0.006565,0.006554,0.00656,152.901993,153.147003,152.895004,153.009003,-0.568427,-0.572078,-0.569981
2026.01.29 19:00,0.00656,0.00656,0.006553,0.006557,153.014999,153.169998,153.005005,153.069,-0.568133,-0.554361,-0.571859
2026.01.29 20:00,0.006557,0.00656,0.006551,0.006556,153.076004,153.212997,153.011993,153.110001,-0.576195,-0.561349,-0.577971
2026.01.29 21:00,0.006555,0.006558,0.006553,0.006557,153.113007,153.175003,153.048004,153.113007,-0.573138,-0.562493,-0.604234
2026.01.29 23:00,0.006557,0.006566,0.006552,0.006553,152.972,153.188004,152.856003,153.173004,-0.562852,-0.54468,-0.582784
2026.01.30 00:00,0.006553,0.006557,0.006532,0.006539,153.132004,153.649994,153.070999,153.494995,-0.557524,-0.550605,-0.55472
2026.01.30 01:00,0.006539,0.006541,0.006526,0.006528,153.501999,153.792007,153.451004,153.753006,-0.558783,-0.557497,-0.566729
2026.01.30 02:00,0.006528,0.006533,0.006518,0.006525,153.746994,153.979004,153.643997,153.802002,-0.557704,-0.563248,-0.545299
2026.01.30 03:00,0.006525,0.006527,0.006518,0.00652,153.804993,153.970001,153.761002,153.945007,-0.560473,-0.55126,-0.559015
2026.01.30 04:00,0.006519,0.006524,0.006518,0.006521,153.949997,153.972,153.834,153.921005,-0.562472,-0.5538,-0.570294
2026.01.30 05:00,0.00652,0.006527,0.006512,0.00652,153.923004,154.139008,153.764008,153.912003,-0.564565,-0.554266,-0.549529
2026.01.30 06:00,0.006521,0.006529,0.006518,0.006521,153.914001,153.987,153.744995,153.901993,-0.5657,-0.570453,-0.551281
2026.01.30 07:00,0.006521,0.006529,0.006516,0.006526,153.899002,154.056,153.707001,153.800003,-0.57584,-0.555912,-0.566779
2026.01.30 08:00,0.006526,0.00653,0.006519,0.00652,153.794998,153.957993,153.699005,153.940002,-0.560233,-0.559646,-0.565765
2026.01.30 09:00,0.00652,0.00652,0.006506,0.006506,153.942001,154.285004,153.921997,154.266998,-0.568919,-0.54776,-0.550913
2026.01.30 10:00,0.006506,0.006514,0.006501,0.006511,154.279007,154.388,154.078995,154.154999,-0.565509,-0.551708,-0.56876
2026.01.30 11:00,0.00651,0.006524,0.00651,0.006524,154.166,154.173996,153.845993,153.856995,-0.56417,-0.554053,-0.565055
2026.01.30 12:00,0.006523,0.006526,0.006514,0.006516,153.850006,154.072998,153.787994,154.035004,-0.569273,-0.55477,-0.554844
2026.01.30 13:00,0.006516,0.006518,0.006502,0.006502,154.029007,154.375,153.970001,154.365997,-0.564342,-0.548702,-0.555339
2026.01.30 14:00,0.006502,0.006507,0.006495,0.006497,154.358994,154.522003,154.238007,154.455994,-0.557412,-0.557354,-0.550645
2026.01.30 15:00,0.006497,0.006508,0.006485,0.006508,154.464996,154.761002,154.212006,154.220993,-0.558992,-0.554973,-0.552151
2026.01.30 16:00,0.006508,0.00651,0.006501,0.006503,154.220993,154.395004,154.158997,154.335999,-0.572513,-0.549171,-0.560816
2026.01.30 17:00,0.006503,0.006504,0.006495,0.006498,154.335007,154.533005,154.309998,154.444,-0.568413,-0.558464,-0.56233
2026.01.30 18:00,0.006498,0.006557,0.006491,0.0065,154.444,154.641006,154.281006,154.401001,-0.569676,-1.772234,-0.566676
2026.01.30 19:00,0.0065,0.006502,0.006488,0.006495,154.395996,154.688995,154.356995,154.539993,-0.558294,-0.569985,-0.563557
2026.01.30 20:00,0.006495,0.006495,0.006485,0.006485,154.533997,154.776993,154.522995,154.761993,-0.563101,-0.558404,-0.571875
2026.01.30 21:00,0.006485,0.006487,0.006483,0.006485,154.757004,154.794006,154.692993,154.764999,-0.556324,-0.550409,-0.56299
2026.02.02 20:00,0.006449,0.006453,0.006447,0.00645,155.615997,155.619995,155.518005,155.580002,-0.50909,-0.551323,-0.553257
2026.02.02 21:00,0.006451,0.006453,0.006448,0.006449,155.576996,155.621002,155.518005,155.619003,-0.546175,-0.551323,-0.556202
2026.02.02 23:00,0.006452,0.006456,0.006449,0.006454,155.516998,155.598999,155.406998,155.475006,-0.536198,-0.524319,-0.544335
2026.02.03 00:00,0.006454,0.006456,0.00645,0.006455,155.462006,155.597,155.431,155.466995,-0.546223,-0.536323,-0.548328
2026.02.03 01:00,0.006455,0.006457,0.006448,0.006454,155.464005,155.617996,155.403,155.462006,-0.543169,-0.532318,-0.531335
2026.02.03 02:00,0.006454,0.006459,0.006452,0.006452,155.462006,155.544998,155.371002,155.531998,-0.542288,-0.548276,-0.529288
2026.02.03 03:00,0.006452,0.006458,0.00645,0.006454,155.528,155.556,155.393997,155.466003,-0.529255,-0.53531,-0.535333
2026.02.03 04:00,0.006454,0.006464,0.006454,0.006457,155.473007,155.496994,155.294998,155.412994,-0.542321,-0.592025,-0.542312
2026.02.03 05:00,0.006456,0.00646,0.006454,0.006456,155.410004,155.473999,155.328995,155.431,-0.543328,-0.530229,-0.548321
2026.02.03 06:00,0.006456,0.00646,0.006454,0.006457,155.421005,155.477005,155.348007,155.410004,-0.534329,-0.537268,-0.539322
2026.02.03 07:00,0.006457,0.006462,0.006452,0.006458,155.410995,155.526001,155.296005,155.403,-0.547308,-0.533184,-0.544312
2026.02.03 08:00,0.006458,0.006458,0.00645,0.006452,155.399994,155.582001,155.358002,155.533997,-0.531224,-0.523286,-0.54329
2026.02.03 09:00,0.006452,0.006452,0.006438,0.006438,155.533005,155.876999,155.501999,155.865997,-0.537193,-0.523306,-0.538259
2026.02.03 10:00,0.006438,0.006441,0.006435,0.006435,155.865005,155.953003,155.779007,155.921997,-0.540777,-0.52361,-0.533915
2026.02.03 11:00,0.006435,0.006438,0.006433,0.006435,155.917007,155.983994,155.865997,155.951004,-0.523447,-0.526192,-0.538778
2026.02.03 12:00,0.006435,0.006438,0.006435,0.006438,155.942993,155.959,155.845001,155.875,-0.546774,-0.529317,-0.547262
2026.02.03 13:00,0.006438,0.006442,0.006437,0.006438,155.867004,155.893997,155.763,155.882996,-0.542122,-0.53171,-0.54319
2026.02.03 14:00,0.006438,0.006441,0.006429,0.006438,155.882004,156.082993,155.787994,155.856003,-0.537802,-0.532597,-0.528264
2026.02.03 15:00,0.006439,0.006445,0.006435,0.006444,155.863998,155.932999,155.697006,155.707001,-0.53284,-0.537967,-0.523889
2026.02.03 16:00,0.006444,0.006447,0.006442,0.006444,155.707001,155.776993,155.654007,155.709,-0.53365,-0.543102,-0.537919
2026.02.03 17:00,0.006445,0.006452,0.006444,0.006444,155.703995,155.731003,155.518005,155.712997,-0.547891,-0.527299,-0.529886
2026.02.03 18:00,0.006444,0.006449,0.00644,0.006448,155.716995,155.802002,155.595001,155.649002,-0.534549,-0.5322,-0.550129
2026.02.03 19:00,0.006447,0.006448,0.00644,0.006442,155.643997,155.804001,155.639008,155.768005,-0.536548,-0.540134,-0.536715
2026.02.03 20:00,0.006442,0.006446,0.00644,0.006444,155.770004,155.809998,155.688995,155.731003,-0.542544,-0.541995,-0.547891
2026.02.03 21:00,0.006444,0.006445,0.00644,0.006444,155.729996,155.787003,155.686996,155.725006,-0.507503,-0.527957,-0.553926
2026.02.03 23:00,0.006444,0.006445,0.006438,0.00644,155.729996,155.856003,155.677002,155.794998,-0.528264,-0.517963,-0.515499
2026.02.04 00:00,0.00644,0.00644,0.006431,0.006431,155.792999,156.035995,155.792999,156.026001,-0.527097,-0.5135,-0.529185
2026.02.04 01:00,0.006431,0.006431,0.006424,0.006427,156.018997,156.186996,156.009003,156.132996,-0.520745,-0.512187,-0.527304
2026.02.04 02:00,0.006427,0.006427,0.00642,0.006421,156.128006,156.291,156.115005,156.255005,-0.52776,-0.521411,-0.516029
2026.02.04 03:00,0.006421,0.006421,0.006415,0.006419,156.255005,156.391998,156.238998,156.313995,-0.519498,-0.512141,-0.526495
2026.02.04 04:00,0.006419,0.006422,0.006417,0.006421,156.309998,156.362,156.240005,156.270004,-0.525944,-0.525275,-0.518897
2026.02.04 05:00,0.006419,0.006422,0.006417,0.006419,156.270004,156.352997,156.227997,156.298004,-0.516941,-0.513266,-0.522629
2026.02.04 06:00,0.006419,0.006423,0.006416,0.006417,156.292999,156.388,156.225998,156.354004,-0.52765,-0.523393,-0.530081
2026.02.04 07:00,0.006417,0.006419,0.006413,0.006415,156.348007,156.466995,156.311005,156.417999,-0.521577,-0.53563,-0.521205
2026.02.04 08:00,0.006415,0.006416,0.006411,0.006413,156.423996,156.494995,156.386002,156.460007,-0.525249,-0.525651,-0.52675
2026.02.04 09:00,0.006413,0.006415,0.006404,0.006406,156.466003,156.667999,156.388,156.643997,-0.527785,-0.5155,-0.540342
2026.02.04 10:00,0.006406,0.006407,0.006399,0.006402,156.641998,156.807007,156.604004,156.725998,-0.532591,-0.512534,-0.512615
2026.02.04 11:00,0.006402,0.006403,0.006396,0.006399,156.725998,156.854004,156.707001,156.817993,-0.518506,-0.530211,-0.543577
2026.02.04 12:00,0.006398,0.006407,0.006398,0.006406,156.815994,156.824005,156.587997,156.621994,-0.525157,-0.520883,-0.518338
2026.02.04 13:00,0.006407,0.006413,0.006401,0.006413,156.619003,156.763,156.453003,156.470993,-0.537413,-0.519747,-0.525575
2026.02.04 14:00,0.006413,0.006415,0.006408,0.006413,156.477005,156.593002,156.401993,156.447998,-0.538069,-0.517352,-0.514742
2026.02.04 15:00,0.006413,0.006418,0.006403,0.006404,156.440994,156.707001,156.339996,156.647003,-0.530211,-0.528216,-0.506789
2026.02.04 16:00,0.006405,0.006409,0.006402,0.006407,156.651993,156.738007,156.544998,156.612,-0.536816,-0.526583,-0.52053
2026.02.04 17:00,0.006407,0.006413,0.006404,0.006404,156.612,156.694,156.453995,156.664001,-0.529408,-0.532887,-0.511594
2026.02.04 18:00,0.006404,0.006406,0.0064,0.0064,156.667999,156.787003,156.623001,156.781006,-0.536999,-0.519345,-0.531002
2026.02.04 19:00,0.0064,0.006402,0.006396,0.006398,156.770004,156.893005,156.733994,156.819,-0.533069,-0.520611,-0.532369
2026.02.04 20:00,0.006398,0.006399,0.006393,0.006394,156.819,156.940994,156.800995,156.919998,-0.519909,-0.526579,-0.523371
2026.02.04 21:00,0.006394,0.006396,0.006393,0.006396,156.917999,156.947006,156.815994,156.828003,-0.525921,-0.480497,-0.480281
2026.02.04 23:00,0.006396,0.006398,0.006392,0.006393,156.813995,156.940994,156.774994,156.895004,-0.495432,-0.476146,-0.473919
2026.02.05 00:00,0.006394,0.006401,0.00639,0.006398,156.906006,156.985992,156.699997,156.776993,-0.479226,-0.474409,-0.478145
2026.02.05 01:00,0.006398,0.006398,0.006391,0.006394,156.778,156.944,156.774994,156.852997,-0.473964,-0.488363,-0.468602
2026.02.05 02:00,0.006395,0.006398,0.00639,0.006394,156.863007,156.970001,156.776001,156.873993,-0.48772,-0.48937,-0.477366
2026.02.05 03:00,0.006394,0.006402,0.006392,0.006398,156.871994,156.914993,156.675995,156.796005,-0.48167,-0.487006,-0.497158
2026.02.05 04:00,0.006398,0.006398,0.006394,0.006396,156.785995,156.869995,156.785995,156.809998,-0.4856,-0.487148,-0.4745
2026.02.05 05:00,0.006395,0.006396,0.00639,0.00639,156.807999,156.988007,156.806,156.970993,-0.48124,-0.458278,-0.476476
2026.02.05 06:00,0.00639,0.006396,0.006386,0.006389,156.970993,157.063004,156.841995,157.001007,-0.482713,-0.482058,-0.48199
2026.02.05 07:00,0.006389,0.006392,0.006381,0.006385,157.009995,157.199005,156.908997,157.091003,-0.483755,-0.475674,-0.473931
2026.02.05 08:00,0.006384,0.006389,0.006383,0.006388,157.095993,157.158997,156.996994,157.001999,-0.492851,-0.477977,-0.470729
2026.02.05 09:00,0.006389,0.00639,0.006376,0.006376,157.0,157.337006,156.992996,157.322006,-0.486563,-0.48623,-0.471563
2026.02.05 10:00,0.006376,0.006382,0.006376,0.00638,157.320999,157.335999,157.156006,157.238007,-0.485555,-0.477584,-0.485911
2026.02.05 11:00,0.00638,0.006384,0.006378,0.006384,157.238007,157.281006,157.113998,157.139008,-0.479752,-0.484658,-0.485136
2026.02.05 12:00,0.006383,0.006395,0.006378,0.006392,157.139999,157.287994,156.852997,156.951004,-0.499036,-0.480832,-0.493212
2026.02.05 13:00,0.006392,0.006411,0.006392,0.006407,156.951004,156.951996,156.524002,156.593994,-0.494203,-0.529931,-0.502525
2026.02.05 14:00,0.006407,0.006407,0.006392,0.006394,156.593994,156.921005,156.582993,156.875,-0.487682,-0.491523,-0.478373
2026.02.05 15:00,0.006394,0.006408,0.006394,0.006396,156.863998,156.880997,156.537994,156.835007,-0.48437,-0.483061,-0.499509
2026.02.05 16:00,0.006396,0.006398,0.006388,0.006393,156.820007,157.020996,156.785004,156.906998,-0.489726,-0.473949,-0.485913
2026.02.05 17:00,0.006392,0.006398,0.006392,0.006397,156.906998,156.934998,156.794006,156.807007,-0.489435,-0.495159,-0.483731
2026.02.05 18:00,0.006398,0.006399,0.006394,0.006396,156.798996,156.903,156.757996,156.841003,-0.494151,-0.483579,-0.481067
2026.02.05 19:00,0.006396,0.006398,0.006392,0.006394,156.841003,156.910004,156.787994,156.897995,-0.476681,-0.489147,-0.489146
2026.02.05 20:00,0.006394,0.006394,0.006387,0.006388,156.897995,157.050995,156.869995,157.035995,-0.482965,-0.4856,-0.492482
2026.02.05 21:00,0.006388,0.006389,0.006386,0.006388,157.035995,157.095001,156.985992,157.050003,-0.490195,-0.466975,-0.518733
2026.02.05 23:00,0.006389,0.0064,0.006386,0.006398,156.985992,157.052994,156.705002,156.794006,-0.472704,-0.467207,-0.482951
2026.02.06 00:00,0.006397,0.006406,0.006396,0.006403,156.800995,156.835007,156.582993,156.653,-0.47507,-0.46716,-0.47621
2026.02.06 01:00,0.006402,0.006409,0.006397,0.006402,156.649002,156.789993,156.503998,156.651993,-0.466718,-0.473419,-0.463003
2026.02.06 02:00,0.006403,0.006403,0.006396,0.0064,156.651993,156.830002,156.643997,156.725006,-0.470065,-0.467207,-0.462803
2026.02.06 03:00,0.0064,0.006402,0.006398,0.0064,156.733002,156.770996,156.671997,156.729004,-0.472148,-0.470806,-0.4668
2026.02.06 04:00,0.0064,0.006404,0.006398,0.006404,156.733994,156.751007,156.619003,156.636993,-0.464376,-0.466595,-0.472401
2026.02.06 05:00,0.006404,0.006405,0.006398,0.006398,156.647003,156.768997,156.582993,156.751007,-0.470149,-0.45497,-0.464376
2026.02.06 06:00,0.006398,0.006398,0.006392,0.006398,156.755997,156.904007,156.748993,156.779007,-0.470684,-0.462362,-0.467952
2026.02.06 07:00,0.006397,0.006402,0.006393,0.006393,156.778,156.893005,156.664001,156.880997,-0.47192,-0.475012,-0.459912
2026.02.06 08:00,0.006394,0.006398,0.00639,0.00639,156.886993,156.990005,156.787003,156.987,-0.483239,-0.475948,-0.480233
2026.02.06 09:00,0.00639,0.00639,0.006386,0.006387,156.981003,157.074005,156.966003,157.042007,-0.469199,-0.471486,-0.473978
2026.02.06 10:00,0.006386,0.006392,0.006386,0.00639,157.048996,157.080002,156.895996,156.957993,-0.475196,-0.462673,-0.475711
2026.02.06 11:00,0.00639,0.006391,0.006382,0.006387,156.951004,157.156006,156.942993,157.037003,-0.465317,-0.472957,-0.468973
2026.02.06 12:00,0.006388,0.006389,0.006383,0.006386,157.039993,157.132004,156.985001,157.080002,-0.465858,-0.465983,-0.475196
2026.02.06 13:00,0.006386,0.006393,0.006384,0.006392,157.070007,157.126007,156.893997,156.925003,-0.472135,-0.472912,-0.467211
2026.02.06 14:00,0.006392,0.006398,0.006391,0.006394,156.923004,156.953003,156.772003,156.860001,-0.482967,-0.460948,-0.463374
2026.02.06 15:00,0.006394,0.006396,0.006384,0.006396,156.843002,157.113007,156.826996,156.828003,-0.483666,-0.467059,-0.468066
2026.02.06 16:00,0.006395,0.006396,0.006384,0.006385,156.828003,157.121002,156.828003,157.095001,-0.479403,-0.468066,-0.477929
2026.02.06 17:00,0.006384,0.006389,0.006384,0.006386,157.095993,157.132004,156.985001,157.044998,-0.478132,-0.465983,-0.464708
2026.02.06 18:00,0.006387,0.006388,0.006384,0.006385,157.044998,157.110992,156.992004,157.082993,-0.481652,-0.460734,-0.46592
2026.02.06 19:00,0.006385,0.006386,0.006383,0.006384,157.076996,157.136993,157.063995,157.095001,-0.470848,-0.471454,-0.465661
2026.02.06 20:00,0.006384,0.006386,0.006383,0.006384,157.102997,157.141006,157.067001,157.091003,-0.474861,-0.47446,-0.461663
2026.02.06 21:00,0.006384,0.006386,0.006378,0.006384,157.097,157.270996,157.085999,157.184006,-0.482037,-0.481193,-0.554665
2026.02.09 00:00,0.006378,0.006402,0.006376,0.006393,157.246994,157.292007,156.654007,156.880997,-0.453867,-0.452816,-0.459912
2026.02.09 01:00,0.006392,0.006421,0.006391,0.006403,156.876007,156.906006,156.203995,156.630997,-0.43597,-0.452888,-0.454207
2026.02.09 02:00,0.006403,0.006404,0.00639,0.006394,156.630997,156.938004,156.612,156.835007,-0.431237,-0.447407,-0.450612
2026.02.09 03:00,0.006394,0.006398,0.006391,0.006393,156.834,156.914993,156.761002,156.858994,-0.444957,-0.449947,-0.437908
2026.02.09 04:00,0.006392,0.006402,0.006392,0.006402,156.869003,156.884995,156.641006,156.682007,-0.451672,-0.439816,-0.468624
2026.02.09 05:00,0.0064,0.006408,0.0064,0.006404,156.682007,156.710007,156.511993,156.608002,-0.460003,-0.45706,-0.455594
2026.02.09 06:00,0.006404,0.006417,0.006404,0.006407,156.600998,156.613007,156.279999,156.524994,-0.460599,-0.431797,-0.45788
2026.02.09 07:00,0.006408,0.006416,0.006401,0.006404,156.524002,156.684006,156.281998,156.591995,-0.458418,-0.421648,-0.439587
2026.02.09 08:00,0.006404,0.006406,0.006396,0.006404,156.587997,156.781998,156.550003,156.584,-0.4465,-0.446347,-0.443785
2026.02.09 09:00,0.006405,0.006413,0.0064,0.006402,156.589996,156.701004,156.389999,156.634003,-0.463209,-0.444582,-0.445013
2026.02.09 10:00,0.006402,0.006405,0.006398,0.006401,156.639008,156.744995,156.563004,156.673996,-0.446147,-0.434981,-0.448408
2026.02.09 11:00,0.0064,0.006412,0.006398,0.006409,156.673996,156.75,156.401993,156.457993,-0.451152,-0.444412,-0.439577
2026.02.09 12:00,0.00641,0.006415,0.006406,0.006413,156.460999,156.557007,156.326004,156.378998,-0.453351,-0.441363,-0.445741
2026.02.09 13:00,0.006413,0.006433,0.006413,0.006432,156.371994,156.391998,155.903,155.925003,-0.44658,-0.454528,-0.452368
2026.02.09 14:00,0.006432,0.006449,0.006431,0.006444,155.927002,155.942993,155.514008,155.604004,-0.458269,-0.451207,-0.432924
2026.02.09 15:00,0.006446,0.006446,0.006433,0.006435,155.608002,155.889008,155.561996,155.845993,-0.440535,-0.439058,-0.457911
2026.02.09 16:00,0.006435,0.006436,0.006423,0.006425,155.845993,156.143997,155.826004,156.082993,-0.453505,-0.449997,-0.453078
2026.02.09 17:00,0.006425,0.006431,0.006423,0.00643,156.082993,156.136002,155.949005,155.964005,-0.445509,-0.440107,-0.443011
2026.02.09 18:00,0.00643,0.006433,0.006427,0.006433,155.953995,156.031998,155.893997,155.901001,-0.45051,-0.445525,-0.452529
2026.02.09 19:00,0.006433,0.006444,0.006431,0.006441,155.901001,155.944,155.634003,155.709,-0.447184,-0.438846,-0.453603
2026.02.09 20:00,0.00644,0.006441,0.006433,0.006434,155.714996,155.884995,155.701996,155.876007,-0.448606,-0.446599,-0.451701
2026.02.09 21:00,0.006435,0.006435,0.006432,0.006435,155.869995,155.929001,155.841003,155.876999,-0.456366,-0.440845,-0.464773
2026.02.09 23:00,0.006433,0.006437,0.006422,0.006423,155.824997,156.147995,155.804001,156.125,-0.433265,-0.440066,-0.434507
2026.02.10 00:00,0.006423,0.006429,0.006417,0.006429,156.126007,156.294006,155.957993,155.983994,-0.445804,-0.424902,-0.438803
2026.02.10 01:00,0.006429,0.006442,0.006426,0.00644,155.975006,156.059006,155.666,155.722,-0.441204,-0.422657,-0.430441
2026.02.10 02:00,0.006439,0.006454,0.006435,0.006454,155.722,155.835999,155.358002,155.369003,-0.43584,-0.427331,-0.438332
2026.02.10 03:00,0.006454,0.006464,0.006454,0.006456,155.362,155.397995,155.141998,155.319,-0.443322,-0.427065,-0.424324
2026.02.10 04:00,0.006456,0.006466,0.006454,0.006461,155.330994,155.365005,155.128998,155.251007,-0.434335,-0.461924,-0.476206
2026.02.10 05:00,0.00646,0.006466,0.006456,0.006457,155.261993,155.324005,155.078995,155.300003,-0.429329,-0.435834,-0.429321
2026.02.10 06:00,0.006457,0.006458,0.006452,0.006452,155.302002,155.449005,155.270996,155.410995,-0.446295,-0.42429,-0.432302
2026.02.10 07:00,0.006452,0.006458,0.006444,0.006446,155.403,155.610992,155.278,155.554001,-0.427881,-0.443284,-0.431062
2026.02.10 08:00,0.006446,0.00645,0.006443,0.006447,155.561005,155.632996,155.483002,155.548996,-0.425792,-0.432225,-0.438091
2026.02.10 09:00,0.006447,0.00646,0.006446,0.006458,155.544006,155.554001,155.240997,155.276993,-0.431062,-0.430258,-0.430287
2026.02.10 10:00,0.006458,0.006468,0.006458,0.006464,155.276993,155.285995,155.039993,155.128998,-0.427308,-0.432693,-0.426024
2026.02.10 11:00,0.006464,0.006465,0.006457,0.006458,155.139008,155.302994,155.098999,155.270996,-0.432312,-0.41996,-0.436281
2026.02.10 12:00,0.006458,0.006467,0.006456,0.006462,155.261993,155.306,155.054001,155.169006,-0.423321,-0.422799,-0.430127
2026.02.10 13:00,0.006462,0.006481,0.00646,0.00648,155.175003,155.231003,154.720993,154.757996,-0.44422,-0.435717,-0.437008
2026.02.10 14:00,0.006481,0.006503,0.006478,0.006495,154.753998,154.794006,154.205994,154.382996,-0.425373,-0.430811,-0.430259
2026.02.10 15:00,0.006495,0.006509,0.006492,0.006503,154.382996,154.462997,154.061005,154.210999,-0.427263,-0.427573,-0.435816
2026.02.10 16:00,0.006504,0.00651,0.006497,0.0065,154.207993,154.326996,154.046997,154.278,-0.421648,-0.425369,-0.431849
2026.02.10 17:00,0.0065,0.006506,0.006494,0.006495,154.285004,154.419998,154.145996,154.380005,-0.431703,-0.429911,-0.427268
2026.02.10 18:00,0.006496,0.006496,0.006489,0.006491,154.373993,154.546005,154.358994,154.494003,-0.427184,-0.418109,-0.422672
2026.02.10 19:00,0.00649,0.0065,0.006487,0.006498,154.501999,154.587006,154.292999,154.309998,-0.420664,-0.435011,-0.416495
2026.02.10 20:00,0.006498,0.006502,0.006496,0.006497,154.311005,154.369003,154.238007,154.341995,-0.428119,-0.427348,-0.436647
2026.02.10 21:00,0.006497,0.006498,0.006493,0.006496,154.339005,154.432999,154.309006,154.382004,-0.432844,-0.427335,-0.44112
2026.02.10 23:00,0.006493,0.006496,0.00649,0.006491,154.356003,154.507996,154.347,154.485001,-0.424792,-0.406116,-0.42553
2026.02.11 00:00,0.006491,0.006512,0.00649,0.00651,154.496994,154.516998,153.985992,154.048004,-0.433795,-0.423344,-0.426376
2026.02.11 01:00,0.00651,0.006519,0.00651,0.006513,154.042007,154.065002,153.828003,153.968002,-0.443375,-0.430244,-0.428927
2026.02.11 02:00,0.006513,0.006529,0.006512,0.006529,153.968002,153.979996,153.604996,153.608002,-0.429129,-0.430453,-0.433459
2026.02.11 03:00,0.006529,0.006531,0.006523,0.006531,153.608994,153.733002,153.539993,153.552002,-0.429309,-0.435801,-0.436096
2026.02.11 04:00,0.006531,0.006543,0.00653,0.006541,153.554993,153.582993,153.255005,153.315994,-0.443633,-0.43159,-0.434177
2026.02.11 05:00,0.006543,0.006555,0.006542,0.006553,153.306,153.391998,152.987,153.033997,-0.533545,-0.420065,-0.420495
2026.02.11 06:00,0.006553,0.006563,0.006547,0.006549,153.031998,153.182999,152.792007,153.143005,-0.429622,-0.422662,-0.436282
2026.02.11 07:00,0.006549,0.006551,0.006541,0.00655,153.134995,153.324005,153.074997,153.102997,-0.430498,-0.426542,-0.431242
2026.02.11 08:00,0.006549,0.006553,0.006541,0.006548,153.098999,153.313995,153.016006,153.139999,-0.432178,-0.414141,-0.421613
2026.02.11 09:00,0.006548,0.00655,0.006537,0.006546,153.139999,153.404999,153.098999,153.199997,-0.429632,-0.427244,-0.43495
2026.02.11 10:00,0.006545,0.006547,0.00654,0.006541,153.199997,153.330994,153.169006,153.302002,-0.425794,-0.427288,-0.431862
2026.02.11 11:00,0.006541,0.006541,0.006532,0.006533,153.302002,153.522995,153.302002,153.487,-0.430525,-0.408494,-0.417969
2026.02.11 12:00,0.006533,0.006535,0.006526,0.006529,153.485992,153.662003,153.459,153.589996,-0.428778,-0.425104,-0.415454
2026.02.11 13:00,0.006529,0.006564,0.006484,0.006519,153.593002,154.654007,152.822006,153.828003,-0.428221,-0.475879,-0.430244
2026.02.11 14:00,0.006518,0.006539,0.006513,0.006535,153.830994,153.962997,153.332993,153.445999,-0.423922,-0.416099,-0.435514
2026.02.11 15:00,0.006535,0.006547,0.006525,0.006528,153.447998,153.688004,153.164001,153.613007,-0.431301,-0.422283,-0.426729
2026.02.11 16:00,0.006529,0.006557,0.006525,0.006557,153.613007,153.684998,152.921997,152.927002,-0.428295,-0.413225,-0.41823
2026.02.11 17:00,0.006557,0.006574,0.006553,0.006562,152.936996,153.024002,152.542999,152.828003,-0.422137,-0.428615,-0.423828
2026.02.11 18:00,0.006562,0.006573,0.006555,0.006567,152.824997,152.962006,152.556,152.699997,-0.418339,-0.418467,-0.423462
2026.02.11 19:00,0.006567,0.006567,0.006557,0.006557,152.710007,152.945007,152.699997,152.936005,-0.424613,-0.423462,-0.427232
2026.02.11 20:00,0.006557,0.006558,0.006543,0.006546,152.936005,153.253006,152.912994,153.214005,-0.429591,-0.427483,-0.448958
2026.02.11 21:00,0.006545,0.006545,0.006541,0.006543,153.214005,153.311996,153.190994,153.235992,-0.418489,-0.414275,-0.389224
2026.02.11 23:00,0.006547,0.006557,0.006539,0.006541,153.098999,153.283005,153.061996,153.268997,-0.366112,-0.564856,-0.38718
2026.02.12 00:00,0.006541,0.006549,0.006533,0.006547,153.257996,153.447998,153.082001,153.110001,-0.378967,-0.375278,-0.368282
2026.02.12 01:00,0.006547,0.006561,0.006545,0.006559,153.100998,153.160995,152.785004,152.845001,-0.372602,-0.369211,-0.371118
2026.02.12 02:00,0.006558,0.006573,0.006557,0.006572,152.852997,152.895004,152.513,152.541,-0.386232,-0.375468,-0.380324
2026.02.12 03:00,0.006572,0.006584,0.006568,0.006571,152.533997,152.641998,152.259003,152.554993,-0.377059,-0.364118,-0.371154
2026.02.12 04:00,0.006571,0.006577,0.006559,0.00656,152.552002,152.856995,152.421005,152.854996,-0.394726,-0.376,-0.404352
2026.02.12 05:00,0.006554,0.006557,0.006544,0.006547,152.848007,153.190994,152.813004,153.095001,-0.379258,-0.315863,-0.36495
2026.02.12 06:00,0.006547,0.006555,0.006529,0.006539,153.095993,153.548996,152.938004,153.313004,-0.386187,-0.371069,-0.372729
2026.02.12 07:00,0.006539,0.006559,0.006537,0.006551,153.298004,153.354996,152.850998,153.035004,-0.391321,-0.377114,-0.374905
2026.02.12 08:00,0.006551,0.00656,0.006549,0.006556,153.033005,153.067001,152.802994,152.914993,-0.383589,-0.363972,-0.382964
2026.02.12 09:00,0.006555,0.006561,0.006552,0.006555,152.908997,153.014999,152.792999,152.914001,-0.389848,-0.377207,-0.370335
2026.02.12 10:00,0.006556,0.006557,0.006547,0.006547,152.910995,153.117996,152.889999,153.117996,-0.387945,-0.369605,-0.387945
2026.02.12 11:00,0.006547,0.006551,0.006538,0.006539,153.110001,153.332993,153.028,153.311996,-0.381018,-0.367902,-0.371721
2026.02.12 12:00,0.006539,0.00654,0.00652,0.006524,153.307007,153.757996,153.268997,153.660995,-0.372004,-0.363798,-0.369056
2026.02.12 13:00,0.006524,0.006543,0.006522,0.006541,153.667999,153.723999,153.216003,153.266006,-0.385048,-0.369235,-0.372499
2026.02.12 14:00,0.006541,0.006554,0.006535,0.006551,153.257004,153.397995,152.947998,153.020996,-0.375811,-0.369422,-0.372541
2026.02.12 15:00,0.006551,0.006568,0.006549,0.006568,153.020004,153.063004,152.617996,152.645004,-0.367931,-0.364651,-0.380065
2026.02.12 16:00,0.006567,0.006579,0.00656,0.006567,152.639008,152.820007,152.358994,152.649994,-0.380986,-0.36021,-0.373458
2026.02.12 17:00,0.006567,0.006572,0.006557,0.006558,152.654007,152.888,152.539993,152.845001,-0.367606,-0.367737,-0.35949
2026.02.12 18:00,0.006559,0.006563,0.006553,0.006555,152.852997,152.973007,152.740005,152.921997,-0.382787,-0.37066,-0.355063
2026.02.12 19:00,0.006555,0.006557,0.006553,0.006556,152.929001,152.990005,152.865997,152.897003,-0.376503,-0.368856,-0.364974
2026.02.12 20:00,0.006556,0.006566,0.006555,0.006566,152.897003,152.927002,152.677994,152.681,-0.371697,-0.366671,-0.369677
2026.02.12 21:00,0.006565,0.006566,0.006561,0.006563,152.686005,152.787994,152.656998,152.727997,-0.372202,-0.368864,-0.358652
2026.02.12 23:00,0.006564,0.006566,0.006557,0.006561,152.684998,152.875,152.645004,152.772995,-0.366228,-0.333681,-0.357202
2026.02.13 00:00,0.006562,0.006564,0.006553,0.006562,152.794006,152.960999,152.723007,152.757996,-0.370779,-0.365272,-0.365436
2026.02.13 01:00,0.006562,0.006562,0.006537,0.006541,152.761993,153.347,152.751007,153.264008,-0.371633,-0.37005,-0.3705
2026.02.13 02:00,0.006541,0.00655,0.006539,0.006545,153.264008,153.311996,153.041,153.145004,-0.383419,-0.369246,-0.356611
2026.02.13 03:00,0.006545,0.006559,0.006545,0.006554,153.156006,153.160004,152.835999,152.951996,-0.383284,-0.362115,-0.37342
2026.02.13 04:00,0.006555,0.006559,0.006541,0.006541,152.940994,153.255997,152.837006,153.238998,-0.385857,-0.363122,-0.368859
2026.02.13 05:00,0.006541,0.006549,0.006535,0.00654,153.248001,153.395996,153.059006,153.292999,-0.373812,-0.363933,-0.3878
2026.02.13 06:00,0.006539,0.006547,0.006535,0.006535,153.285004,153.412994,153.106003,153.397003,-0.379098,-0.364284,-0.374819
2026.02.13 07:00,0.006535,0.006538,0.006526,0.006535,153.388,153.595993,153.313004,153.395996,-0.374511,-0.361029,-0.3621
2026.02.13 08:00,0.006535,0.006537,0.006524,0.006527,153.389999,153.651993,153.356003,153.580994,-0.371793,-0.368932,-0.371252
2026.02.13 09:00,0.006527,0.006533,0.006524,0.006531,153.572006,153.667007,153.442001,153.507004,-0.375068,-0.361252,-0.379372
2026.02.13 10:00,0.006531,0.006533,0.006526,0.006533,153.5,153.591003,153.429993,153.447006,-0.369521,-0.372668,-0.377976
2026.02.13 11:00,0.006533,0.006543,0.006533,0.006537,153.447998,153.468994,153.223999,153.350998,-0.388245,-0.37723,-0.363927
2026.02.13 12:00,0.006537,0.006542,0.006535,0.006541,153.358994,153.397003,153.229996,153.244003,-0.374819,-0.371542,-0.373863
2026.02.13 13:00,0.006541,0.006557,0.006537,0.006549,153.248001,153.337997,152.901993,153.070007,-0.374323,-0.381598,-0.386595
2026.02.13 14:00,0.006549,0.006562,0.006547,0.006551,153.065994,153.123993,152.776993,153.042999,-0.382274,-0.372817,-0.382901
2026.02.13 15:00,0.006551,0.006557,0.006546,0.006547,153.039993,153.151001,152.897995,153.130997,-0.385954,-0.3776,-0.389278
2026.02.13 16:00,0.006547,0.006564,0.006543,0.006561,153.128006,153.225998,152.731995,152.781006,-0.390912,-0.374259,-0.365213
2026.02.13 17:00,0.006562,0.00657,0.006558,0.00656,152.789993,152.871002,152.585007,152.804001,-0.385491,-0.37801,-0.376589
2026.02.13 18:00,0.00656,0.006562,0.006557,0.00656,152.802002,152.889008,152.75,152.824005,-0.380235,-0.369043,-0.373361
2026.02.13 19:00,0.006559,0.006564,0.006558,0.006562,152.832993,152.858002,152.720001,152.779999,-0.37249,-0.373874,-0.375823
2026.02.13 20:00,0.006562,0.006567,0.006559,0.006562,152.770004,152.839005,152.656006,152.755005,-0.376736,-0.37947,-0.374048
2026.02.13 21:00,0.006562,0.006568,0.006562,0.006566,152.757996,152.766006,152.613007,152.621002,-0.373446,-0.371243,-0.309679
2026.02.16 00:00,0.00656,0.006562,0.006547,0.006547,152.800003,153.112,152.755005,153.098007,-0.370281,-0.350829,-0.367956
2026.02.16 01:00,0.006547,0.006553,0.006545,0.006551,153.093994,153.164001,152.955994,153.013,-0.363943,-0.354128,-0.352902
2026.02.16 02:00,0.006551,0.006553,0.006547,0.006551,153.013,153.113998,152.960999,153.007996,-0.360622,-0.359133,-0.347897
2026.02.16 03:00,0.006551,0.006551,0.006547,0.006549,153.005997,153.104004,152.987,153.059006,-0.362285,-0.350197,-0.352283
2026.02.16 04:00,0.006548,0.006552,0.006541,0.006541,153.065994,153.25,152.977997,153.235992,-0.368183,-0.352846,-0.365853
2026.02.17 05:00,0.006547,0.006555,0.006545,0.006553,153.078995,153.151993,152.889999,152.955994,-0.351935,-0.346333,-0.354128
2026.02.17 06:00,0.006553,0.006557,0.006553,0.006553,152.947006,152.968994,152.832001,152.955002,-0.355492,-0.33486,-0.353136
2026.02.17 07:00,0.006553,0.006559,0.006547,0.006547,152.947006,153.110001,152.820007,153.076004,-0.356624,-0.346124,-0.345952
2026.02.17 08:00,0.006547,0.006562,0.006543,0.006562,153.078003,153.179993,152.714996,152.718002,-0.356577,-0.334039,-0.337045
2026.02.17 09:00,0.006562,0.006564,0.006553,0.006555,152.723007,152.945007,152.690994,152.899002,-0.343142,-0.333259,-0.343697
2026.02.17 10:00,0.006555,0.006557,0.006547,0.006551,152.897995,153.095001,152.841003,152.983002,-0.353283,-0.332231,-0.334547
2026.02.17 11:00,0.006551,0.006553,0.006543,0.006545,152.985001,153.182007,152.945007,153.128006,-0.346921,-0.331505,-0.339613
2026.02.17 12:00,0.006545,0.006548,0.006543,0.006548,153.123001,153.184998,153.052002,153.061996,-0.338229,-0.333615,-0.34361
2026.02.17 13:00,0.006547,0.006549,0.006534,0.006539,153.056,153.391006,153.013,153.266998,-0.345397,-0.329588,-0.338421
2026.02.17 14:00,0.006539,0.006539,0.006528,0.006531,153.266998,153.529007,153.259003,153.453003,-0.34273,-0.330425,-0.348811
2026.02.17 15:00,0.006531,0.006531,0.006511,0.006517,153.445999,153.923996,153.442001,153.798996,-0.337757,-0.337809,-0.35416
2026.02.17 16:00,0.006516,0.00653,0.006515,0.006526,153.796997,153.847,153.485992,153.569,-0.355059,-0.346633,-0.347518
2026.02.17 17:00,0.006527,0.006533,0.006526,0.006531,153.565002,153.582993,153.427002,153.470993,-0.349768,-0.346253,-0.343362
2026.02.17 18:00,0.006531,0.006538,0.006531,0.006535,153.464996,153.479996,153.298004,153.345993,-0.352364,-0.34603,-0.335508
2026.02.17 19:00,0.006536,0.006542,0.006534,0.00654,153.347,153.397995,153.220001,153.251007,-0.352386,-0.361548,-0.345808
2026.02.17 20:00,0.00654,0.006543,0.006538,0.006539,153.246994,153.302002,153.177994,153.274994,-0.350028,-0.342908,-0.334719
2026.02.17 21:00,0.006539,0.006541,0.006537,0.006539,153.281998,153.343002,153.216003,153.343002,-0.379327,-0.345864,-0.426109
2026.02.17 23:00,0.006539,0.006545,0.006537,0.006545,153.25,153.304001,153.095993,153.128998,-0.340326,-0.319274,-0.340605
2026.02.18 00:00,0.006545,0.006547,0.006537,0.006541,153.119995,153.304001,153.059998,153.220993,-0.328634,-0.329946,-0.327486
2026.02.18 01:00,0.006541,0.006541,0.006531,0.006531,153.220993,153.464005,153.218002,153.438004,-0.336373,-0.324495,-0.333811
2026.02.18 02:00,0.006531,0.006531,0.00652,0.006528,153.429993,153.701996,153.429993,153.509003,-0.339522,-0.314087,-0.322725
2026.02.18 03:00,0.006528,0.006531,0.006524,0.006524,153.511002,153.604004,153.457001,153.598007,-0.335554,-0.329369,-0.329557
2026.02.18 04:00,0.006524,0.006528,0.006524,0.006525,153.593994,153.619995,153.503006,153.600998,-0.328055,-0.316729,-0.344295
2026.02.18 05:00,0.006524,0.006531,0.006524,0.006531,153.591003,153.615005,153.445007,153.455994,-0.334806,-0.329102,-0.340088
2026.02.18 06:00,0.006531,0.006533,0.006528,0.006533,153.453995,153.531006,153.384003,153.408997,-0.344729,-0.326678,-0.328247
2026.02.18 07:00,0.006532,0.006533,0.00652,0.006522,153.408997,153.714996,153.406998,153.671005,-0.329004,-0.337967,-0.343801
2026.02.18 08:00,0.006522,0.006526,0.006516,0.00652,153.664993,153.789993,153.567001,153.712006,-0.333381,-0.322044,-0.326014
2026.02.18 09:00,0.00652,0.006523,0.006516,0.00652,153.716995,153.798004,153.634003,153.722,-0.329614,-0.33031,-0.336008
2026.02.18 10:00,0.006519,0.006521,0.006514,0.006516,153.720001,153.856995,153.688004,153.802002,-0.329708,-0.337292,-0.321842
2026.02.18 11:00,0.006516,0.006522,0.006515,0.00652,153.809998,153.815994,153.645004,153.712006,-0.324053,-0.329557,-0.349532
2026.02.18 12:00,0.00652,0.006527,0.006516,0.006522,153.697006,153.802002,153.544998,153.684006,-0.34539,-0.335257,-0.345054
2026.02.18 13:00,0.006522,0.006524,0.00651,0.00651,153.677994,153.947006,153.606995,153.944,-0.33718,-0.326795,-0.334174
2026.02.18 14:00,0.00651,0.006512,0.006489,0.006491,153.936996,154.442993,153.908005,154.378998,-0.336039,-0.333562,-0.331396
2026.02.18 15:00,0.006491,0.006497,0.006489,0.006495,154.378998,154.434998,154.238998,154.279007,-0.339919,-0.33365,-0.32627
2026.02.18 16:00,0.006495,0.006498,0.006487,0.006489,154.283005,154.488998,154.225006,154.445007,-0.334531,-0.331503,-0.326186
2026.02.18 17:00,0.006489,0.006491,0.006482,0.006485,154.447998,154.606003,154.406998,154.522995,-0.33263,-0.335667,-0.320985
2026.02.18 18:00,0.006485,0.006485,0.006475,0.006475,154.531006,154.794998,154.514008,154.738998,-0.342918,-0.323889,-0.310765
2026.02.18 19:00,0.006477,0.006495,0.006471,0.006477,154.697998,154.869995,154.341995,154.714996,-0.334378,-0.365559,-0.334445
2026.02.18 20:00,0.006477,0.006479,0.006473,0.006473,154.716003,154.837006,154.695007,154.807007,-0.3372,-0.338291,-0.331062
2026.02.18 21:00,0.006474,0.006475,0.006472,0.006473,154.804001,154.852997,154.764008,154.781998,-0.341252,-0.323857,-0.282192
2026.02.18 23:00,0.006466,0.006477,0.006466,0.006477,154.716003,154.796005,154.684998,154.694,-0.152844,-0.292536,-0.301539
2026.02.19 00:00,0.006477,0.006479,0.006471,0.006475,154.682999,154.837006,154.606995,154.725006,-0.289444,-0.274095,-0.272926
2026.02.19 01:00,0.006475,0.006478,0.006464,0.006466,154.729004,154.981995,154.647003,154.945999,-0.279021,-0.27837,-0.278925
2026.02.19 02:00,0.006466,0.006473,0.006462,0.006464,154.945007,155.046005,154.748993,154.988007,-0.283184,-0.273048,-0.285033
2026.02.19 03:00,0.006464,0.006466,0.006452,0.006458,154.987,155.261993,154.919006,155.132996,-0.271287,-0.275845,-0.274308
2026.02.19 04:00,0.006458,0.006459,0.006452,0.006458,155.134003,155.294006,155.091995,155.113007,-0.291297,-0.269269,-0.278291
2026.02.19 05:00,0.006457,0.00646,0.00645,0.006451,155.115997,155.330002,155.093994,155.302994,-0.291247,-0.283254,-0.288267
2026.02.19 06:00,0.006451,0.006466,0.006449,0.00646,155.304001,155.343994,154.955002,155.072006,-0.281193,-0.287928,-0.285224
2026.02.19 07:00,0.00646,0.006466,0.006456,0.006464,155.059998,155.192993,154.925003,154.968994,-0.298317,-0.269881,-0.277989
2026.02.19 08:00,0.006464,0.006476,0.006462,0.006471,154.970001,155.026993,154.697998,154.807007,-0.288114,-0.281691,-0.283321
2026.02.19 09:00,0.006471,0.006474,0.006465,0.006472,154.813995,154.977997,154.746002,154.809006,-0.298958,-0.281991,-0.297261
2026.02.19 10:00,0.006471,0.006477,0.00647,0.006476,154.800003,154.854996,154.654007,154.697998,-0.295488,-0.273455,-0.281691
2026.02.19 11:00,0.006476,0.006482,0.006475,0.006479,154.697006,154.723007,154.567001,154.623001,-0.282857,-0.293629,-0.290102
2026.02.19 12:00,0.006479,0.006483,0.006471,0.006472,154.626007,154.813995,154.531998,154.798004,-0.29031,-0.282416,-0.286259
2026.02.19 13:00,0.006472,0.006473,0.006462,0.006467,154.798996,155.042007,154.785004,154.912994,-0.291153,-0.285198,-0.293739
2026.02.19 14:00,0.006467,0.006468,0.006452,0.006455,154.917007,155.283997,154.888,155.212006,-0.281287,-0.2807,-0.293338
2026.02.19 15:00,0.006454,0.006466,0.006453,0.006464,155.207993,155.264999,154.947998,154.990005,-0.298317,-0.280924,-0.275073
2026.02.19 16:00,0.006464,0.006469,0.006463,0.006464,154.990997,155.011993,154.850006,154.960999,-0.285088,-0.27855,-0.269993
2026.02.19 17:00,0.006465,0.006467,0.006462,0.006462,154.962006,155.031998,154.914001,155.014008,-0.293119,-0.2828,-0.275129
2026.02.19 18:00,0.006463,0.006471,0.006462,0.006469,155.011002,155.029007,154.822998,154.875,-0.290128,-0.287381,-0.279654
2026.02.19 19:00,0.006469,0.006471,0.006458,0.00646,154.869995,155.130005,154.822998,155.080002,-0.283299,-0.287381,-0.293219
2026.02.19 20:00,0.00646,0.006463,0.006458,0.00646,155.078995,155.123001,154.996994,155.078003,-0.288286,-0.270089,-0.279237
2026.02.19 21:00,0.00646,0.006466,0.00646,0.006464,155.085999,155.104996,154.938995,155.020004,-0.294256,-0.271922,-0.305071
2026.02.19 23:00,0.006464,0.006466,0.006454,0.006455,154.945007,155.210999,154.889999,155.160004,-0.268322,-0.246838,-0.241337
2026.02.20 00:00,0.006454,0.006467,0.006454,0.00646,155.192993,155.237,154.884995,155.063004,-0.282327,-0.265739,-0.264238
2026.02.20 01:00,0.00646,0.006464,0.00645,0.006458,155.063004,155.315994,154.955994,155.132004,-0.27724,-0.264988,-0.297288
2026.02.20 02:00,0.006458,0.00646,0.006454,0.006454,155.132004,155.237,155.048004,155.194,-0.282327,-0.261222,-0.263329
2026.02.20 03:00,0.006455,0.006459,0.006454,0.006457,155.197998,155.212006,155.085007,155.134995,-0.269329,-0.26228,-0.264312
2026.02.20 04:00,0.006457,0.00646,0.006454,0.006454,155.139008,155.225006,155.063004,155.203995,-0.270333,-0.264238,-0.261318
2026.02.20 05:00,0.006453,0.006455,0.006448,0.00645,155.201004,155.365997,155.166,155.292999,-0.267124,-0.247333,-0.266254
2026.02.20 06:00,0.00645,0.006457,0.006447,0.006456,155.285004,155.375,155.138,155.162003,-0.264095,-0.267318,-0.267326
2026.02.20 07:00,0.006456,0.006465,0.006442,0.006443,155.151001,155.505005,154.938995,155.494995,-0.273714,-0.259957,-0.287792
2026.02.20 08:00,0.006442,0.00645,0.006438,0.00644,155.487,155.598999,155.285004,155.554001,-0.259193,-0.258259,-0.262441
2026.02.20 09:00,0.00644,0.006448,0.006437,0.006446,155.554001,155.643005,155.356003,155.386002,-0.279071,-0.257129,-0.263063
2026.02.20 10:00,0.006446,0.006456,0.006445,0.006456,155.395004,155.436005,155.147003,155.169006,-0.276965,-0.264325,-0.262341
2026.02.20 11:00,0.006456,0.006458,0.006452,0.006454,155.173004,155.274994,155.117996,155.216995,-0.284288,-0.27129,-0.274319
2026.02.20 12:00,0.006454,0.006456,0.00645,0.006453,155.218994,155.317001,155.169006,155.251007,-0.278247,-0.262341,-0.284325
2026.02.20 13:00,0.006452,0.006466,0.006444,0.006446,155.242996,155.447998,155.020996,155.410004,-0.276918,-0.365874,-0.263004
2026.02.20 14:00,0.006446,0.006455,0.006441,0.006446,155.410004,155.537003,155.313004,155.382996,-0.281605,-0.394336,-0.260057
2026.02.20 15:00,0.006448,0.006473,0.00644,0.006469,155.356995,155.531006,154.761002,154.841995,-0.263553,-0.273133,-0.270539
2026.02.20 16:00,0.006469,0.006475,0.006459,0.006464,154.850998,155.095001,154.705994,154.981003,-0.272275,-0.265843,-0.26607
2026.02.20 17:00,0.006464,0.006466,0.006455,0.006463,154.990997,155.205994,154.927994,154.988998,-0.287327,-0.26092,-0.262093
2026.02.20 18:00,0.006463,0.006471,0.00646,0.006462,154.994995,155.078995,154.802994,155.014999,-0.268255,-0.267377,-0.27612
2026.02.20 19:00,0.006462,0.006464,0.006455,0.006458,155.018005,155.186996,154.953995,155.128998,-0.268329,-0.26299,-0.282292
2026.02.20 20:00,0.006458,0.006464,0.006456,0.00646,155.121994,155.164993,154.973007,155.057007,-0.270317,-0.258074,-0.270224
2026.02.20 21:00,0.00646,0.006465,0.006458,0.006458,155.059006,155.078995,154.938995,154.988998,-0.220307,-0.259957,-0.130311
2026.02.23 00:00,0.006491,0.006502,0.006485,0.006502,154.339996,154.473007,154.044998,154.054993,-0.282889,-0.257989,-0.267983
2026.02.23 01:00,0.006503,0.006506,0.006493,0.006496,154.050995,154.283005,153.988007,154.207993,-0.28285,-0.271922,-0.267108
2026.02.23 02:00,0.006497,0.006502,0.006493,0.006497,154.207001,154.274994,154.065002,154.207993,-0.274839,-0.277993,-0.278959
2026.02.23 03:00,0.006495,0.006495,0.006487,0.006495,154.210999,154.432007,154.209,154.261002,-0.277539,-0.256263,-0.284565
2026.02.23 04:00,0.006495,0.006496,0.006486,0.006489,154.259995,154.445007,154.214996,154.389008,-0.266778,-0.274112,-0.270186
2026.02.23 05:00,0.006489,0.006489,0.006485,0.006487,154.384995,154.490005,154.376007,154.429001,-0.276114,-0.269053,-0.262659
2026.02.23 06:00,0.006487,0.006495,0.006484,0.006485,154.427002,154.494003,154.216995,154.468994,-0.268217,-0.264258,-0.278876
2026.02.23 07:00,0.006486,0.006486,0.006479,0.006485,154.457001,154.608994,154.447006,154.473999,-0.276094,-0.268777,-0.271989
2026.02.23 08:00,0.006485,0.006485,0.006473,0.006475,154.477005,154.783005,154.447998,154.710007,-0.283199,-0.257879,-0.257927
2026.02.23 09:00,0.006475,0.006479,0.006469,0.006471,154.710007,154.863998,154.615005,154.806,-0.268652,-0.258289,-0.270383
2026.02.23 10:00,0.006471,0.006473,0.006467,0.006471,154.811005,154.891998,154.746994,154.785004,-0.272743,-0.271049,-0.261318
2026.02.23 11:00,0.006471,0.006473,0.006465,0.006466,154.781006,154.947006,154.746994,154.923004,-0.267968,-0.271049,-0.279843
2026.02.23 12:00,0.006466,0.006469,0.006462,0.006467,154.914993,155.044006,154.841995,154.899994,-0.281185,-0.270539,-0.280738
2026.02.23 13:00,0.006467,0.006481,0.006465,0.006479,154.889999,154.951004,154.557999,154.619995,-0.271965,-0.260828,-0.275194
2026.02.23 14:00,0.006479,0.006482,0.006471,0.006482,154.613007,154.824997,154.535004,154.544998,-0.277436,-0.261631,-0.271626
2026.02.23 15:00,0.006482,0.00649,0.006481,0.006487,154.544998,154.554001,154.345993,154.417007,-0.268724,-0.262789,-0.26254
2026.02.23 16:00,0.006487,0.006493,0.006485,0.006493,154.421997,154.475998,154.264999,154.302994,-0.285879,-0.264845,-0.279125
2026.02.23 17:00,0.006493,0.006496,0.006487,0.006489,154.292999,154.414001,154.214005,154.382996,-0.271418,-0.27312,-0.264174
2026.02.23 18:00,0.006489,0.006489,0.006478,0.006485,154.389008,154.645996,154.380005,154.487,-0.277363,-0.261183,-0.273108
2026.02.23 19:00,0.006484,0.006485,0.006477,0.006479,154.487,154.667007,154.473999,154.617996,-0.274546,-0.271989,-0.273195
2026.02.23 20:00,0.006479,0.006479,0.006475,0.006475,154.610992,154.723007,154.595001,154.705994,-0.270927,-0.262102,-0.27776
2026.02.23 21:00,0.006475,0.006479,0.006473,0.006477,154.703003,154.766006,154.604004,154.628006,-0.278138,-0.247288,-0.247454
2026.02.23 23:00,0.006479,0.006483,0.006475,0.006477,154.572998,154.703003,154.514008,154.671005,-0.262853,-0.252537,-0.266622
2026.02.24 00:00,0.006477,0.006478,0.006468,0.006469,154.662003,154.871994,154.615005,154.860001,-0.264694,-0.246372,-0.264654
2026.02.24 01:00,0.006469,0.006469,0.006457,0.006464,154.858994,155.136993,154.839996,154.972,-0.266311,-0.256602,-0.257067
2026.02.24 02:00,0.006464,0.006468,0.006458,0.006466,154.962006,155.108002,154.863007,154.912003,-0.261295,-0.255707,-0.25688
2026.02.24 03:00,0.006466,0.006469,0.006458,0.006458,154.906006,155.121002,154.854996,155.117004,-0.262315,-0.259649,-0.258317
2026.02.24 04:00,0.006458,0.00646,0.00645,0.006452,155.115997,155.311996,155.061005,155.240005,-0.26122,-0.262239,-0.261312
2026.02.24 05:00,0.006453,0.006456,0.00645,0.006456,155.235992,155.307999,155.156006,155.164001,-0.257222,-0.249341,-0.257336
2026.02.24 06:00,0.006456,0.006464,0.006454,0.006464,155.162994,155.192001,154.962997,154.964996,-0.261331,-0.248065,-0.250064
2026.02.24 07:00,0.006463,0.006465,0.006414,0.006417,154.973007,156.167999,154.936005,156.087997,-0.259049,-0.256966,-0.251942
2026.02.24 08:00,0.006417,0.006425,0.006409,0.006423,156.100006,156.281006,155.899002,155.947998,-0.250427,-0.244869,-0.257505
2026.02.24 09:00,0.006423,0.006432,0.006422,0.006427,155.945007,155.977997,155.723999,155.847,-0.263266,-0.251364,-0.253406
2026.02.24 10:00,0.006427,0.006431,0.006423,0.006425,155.850006,155.932999,155.735992,155.886993,-0.254628,-0.251268,-0.257079
2026.02.24 11:00,0.006425,0.006434,0.006423,0.006426,155.886002,155.949005,155.671005,155.878998,-0.270634,-0.246699,-0.261196
2026.02.24 12:00,0.006426,0.006428,0.00642,0.006426,155.871002,156.020996,155.824997,155.873993,-0.257756,-0.255614,-0.256191
2026.02.24 13:00,0.006425,0.00643,0.006417,0.006419,155.873993,156.093002,155.763,156.048996,-0.256947,-0.242007,-0.249357
2026.02.24 14:00,0.006419,0.006425,0.006414,0.006422,156.056,156.173996,155.910995,155.968002,-0.265045,-0.256862,-0.253272
2026.02.24 15:00,0.006421,0.006429,0.006417,0.006425,155.968994,156.106003,155.804993,155.904999,-0.257801,-0.259803,-0.250866
2026.02.24 16:00,0.006425,0.006438,0.006424,0.006435,155.908005,155.932999,155.576004,155.662994,-0.266748,-0.248266,-0.250769
2026.02.24 17:00,0.006435,0.006437,0.006431,0.006431,155.654999,155.781998,155.617996,155.748001,-0.273099,-0.254062,-0.251185
2026.02.24 18:00,0.006431,0.006435,0.006429,0.00643,155.751007,155.802002,155.684006,155.772995,-0.268911,-0.27178,-0.252001
2026.02.24 19:00,0.00643,0.006433,0.006429,0.00643,155.770996,155.817993,155.697006,155.774994,-0.260713,-0.260618,-0.254
2026.02.24 20:00,0.00643,0.006432,0.006426,0.006426,155.774994,155.882996,155.733002,155.878998,-0.265194,-0.260367,-0.261196
2026.02.24 21:00,0.006426,0.006427,0.006424,0.006425,155.876007,155.925995,155.781006,155.781006,-0.259744,-0.199518,-0.138978
2026.02.24 23:00,0.006426,0.006431,0.006425,0.006425,155.809998,155.904999,155.764999,155.897995,-0.250866,-0.268183,-0.243862
2026.02.25 00:00,0.006425,0.006435,0.006421,0.006434,155.908997,155.992996,155.658005,155.671005,-0.241889,-0.245779,-0.246699
2026.02.25 01:00,0.006434,0.006437,0.006427,0.00643,155.658997,155.839996,155.610992,155.772995,-0.246402,-0.247058,-0.252001
2026.02.25 02:00,0.00643,0.006445,0.006429,0.006442,155.764999,155.806,155.384995,155.466003,-0.24872,-0.225955,-0.246752
2026.02.25 03:00,0.006443,0.006448,0.006419,0.006428,155.455994,156.044006,155.332993,155.811005,-0.244367,-0.246149,-0.241622
2026.02.25 04:00,0.006427,0.006433,0.006419,0.006431,155.811996,156.042999,155.690002,155.727005,-0.24336,-0.24153,-0.230189
2026.02.25 05:00,0.00643,0.006438,0.006429,0.006437,155.729996,155.796997,155.563995,155.584,-0.251807,-0.236257,-0.232125
2026.02.25 06:00,0.006438,0.00644,0.006429,0.006433,155.584,155.796005,155.518997,155.705002,-0.250815,-0.239498,-0.244455
2026.02.25 07:00,0.006432,0.006433,0.006423,0.006424,155.705002,155.925003,155.681,155.912994,-0.246632,-0.244612,-0.246743
2026.02.25 08:00,0.006424,0.006424,0.006408,0.006408,155.921005,156.300995,155.903,156.292007,-0.246061,-0.236749,-0.237074
2026.02.25 09:00,0.006408,0.006408,0.006393,0.006398,156.296997,156.662003,156.296997,156.550003,-0.240917,-0.242063,-0.251155
2026.02.25 10:00,0.006398,0.006398,0.006388,0.006389,156.550995,156.779999,156.535004,156.770004,-0.248728,-0.236156,-0.250987
2026.02.25 11:00,0.006388,0.00639,0.006386,0.006388,156.764008,156.824005,156.720993,156.789001,-0.243715,-0.238712,-0.233231
2026.02.25 12:00,0.006388,0.006394,0.006388,0.006392,156.789001,156.800003,156.647003,156.679993,-0.256489,-0.238154,-0.24667
2026.02.25 13:00,0.006392,0.006396,0.00639,0.006392,156.675995,156.746994,156.580994,156.697006,-0.240228,-0.245496,-0.251444
2026.02.25 14:00,0.006392,0.006402,0.00639,0.006396,156.684998,156.759995,156.436005,156.612,-0.253228,-0.247015,-0.252063
2026.02.25 15:00,0.006396,0.006407,0.006396,0.006406,156.606003,156.613998,156.326004,156.371002,-0.254062,-0.234535,-0.25517
2026.02.25 16:00,0.006405,0.006408,0.006401,0.006408,156.360992,156.473999,156.296997,156.300995,-0.248411,-0.242063,-0.246061
2026.02.25 17:00,0.006407,0.006411,0.006406,0.006407,156.298004,156.373001,156.231003,156.320007,-0.257169,-0.2491,-0.240722
2026.02.25 18:00,0.006407,0.006409,0.006404,0.006404,156.322998,156.410995,156.272995,156.393005,-0.258588,-0.25458,-0.240597
2026.02.25 19:00,0.006404,0.006406,0.006398,0.006402,156.391998,156.539993,156.362,156.438995,-0.253362,-0.246167,-0.237805
2026.02.25 20:00,0.006402,0.006407,0.006402,0.006402,156.438004,156.455994,156.335999,156.442993,-0.242611,-0.244529,-0.241802
2026.02.25 21:00,0.006402,0.006406,0.0064,0.006404,156.432999,156.483994,156.330994,156.343994,-0.246199,-0.227338,-0.179402
2026.02.25 23:00,0.006407,0.006414,0.006404,0.006412,156.298004,156.332001,156.108002,156.179001,-0.179593,-0.199051,-0.22142
2026.02.26 00:00,0.006411,0.006421,0.006409,0.006419,156.166,156.233002,155.953003,155.990005,-0.190246,-0.201896,-0.21463
2026.02.26 01:00,0.006419,0.006427,0.006417,0.006426,155.983994,156.054993,155.802002,155.824997,-0.218937,-0.196311,-0.207195
2026.02.26 02:00,0.006425,0.006429,0.006417,0.006421,155.820007,156.050995,155.744003,155.927994,-0.214939,-0.210912,-0.201136
2026.02.26 03:00,0.006421,0.006427,0.006419,0.006421,155.934998,155.996994,155.792007,155.940994,-0.209493,-0.198413,-0.214136
2026.02.26 04:00,0.006421,0.006423,0.006415,0.006423,155.931,156.100006,155.876999,155.899994,-0.203211,-0.186506,-0.209501
2026.02.26 05:00,0.006425,0.006431,0.00642,0.006421,155.893005,155.970993,155.690002,155.940002,-0.207753,-0.205278,-0.201027
2026.02.26 06:00,0.006421,0.006423,0.006416,0.006419,155.936005,156.072998,155.884995,155.979004,-0.212648,-0.206624,-0.203629
2026.02.26 07:00,0.006419,0.006419,0.006412,0.006417,155.970001,156.173004,155.970001,156.042007,-0.215423,-0.194626,-0.193806
2026.02.26 08:00,0.006417,0.006422,0.006411,0.006419,156.052002,156.175003,155.910004,155.992996,-0.205257,-0.195273,-0.205496
2026.02.26 09:00,0.006419,0.006423,0.006415,0.006416,156.0,156.089005,155.908997,156.061996,-0.216504,-0.206392,-0.201646
2026.02.26 10:00,0.006415,0.006421,0.006415,0.00642,156.063995,156.100006,155.947006,155.951004,-0.215365,-0.195899,-0.187764
2026.02.26 11:00,0.006421,0.006422,0.006415,0.006415,155.951004,156.084,155.916,156.076996,-0.211499,-0.20127,-0.204496
2026.02.26 12:00,0.006415,0.006419,0.006413,0.006416,156.070999,156.151001,155.977005,156.063995,-0.205583,-0.20163,-0.203645
2026.02.26 13:00,0.006416,0.006421,0.006411,0.006412,156.063995,156.175003,155.936996,156.160004,-0.205257,-0.210139,-0.202422
2026.02.26 14:00,0.006412,0.006425,0.006408,0.006422,156.153,156.251007,155.822006,155.925003,-0.196073,-0.192092,-0.210273
2026.02.26 15:00,0.006422,0.006425,0.006413,0.006417,155.919998,156.126007,155.835007,156.031006,-0.204899,-0.192978,-0.19495
2026.02.26 16:00,0.006417,0.006417,0.006407,0.006413,156.035995,156.274994,156.031006,156.123993,-0.195709,-0.207083,-0.202885
2026.02.26 17:00,0.006413,0.006413,0.006402,0.006402,156.123993,156.399994,156.113007,156.389008,-0.198803,-0.191898,-0.200018
2026.02.26 18:00,0.006403,0.006407,0.0064,0.006403,156.382996,156.432007,156.283005,156.378006,-0.194212,-0.20372,-0.201216
2026.02.26 19:00,0.006403,0.006414,0.006403,0.006413,156.380005,156.391006,156.108002,156.125,-0.214217,-0.199051,-0.203892
2026.02.26 20:00,0.006413,0.006417,0.006413,0.006413,156.130005,156.149002,156.057999,156.130005,-0.203584,-0.209797,-0.208897
2026.02.26 21:00,0.006413,0.006417,0.006413,0.006413,156.132004,156.149994,156.046997,156.123993,-0.204576,-0.198795,-0.190736
2026.02.26 23:00,0.006417,0.006425,0.006415,0.006425,156.085007,156.102997,155.817001,155.876999,-0.206202,-0.187087,-0.222866
2026.02.27 00:00,0.006424,0.006432,0.006419,0.006423,155.850998,155.975998,155.651001,155.886993,-0.188497,-0.178366,-0.196501
2026.02.27 01:00,0.006423,0.00643,0.006419,0.006419,155.878006,155.988007,155.695007,155.981995,-0.188367,-0.174014,-0.194494
2026.02.27 02:00,0.006419,0.006429,0.006419,0.006429,155.977005,155.983002,155.727005,155.735992,-0.195501,-0.193914,-0.202901
2026.02.27 03:00,0.006429,0.006431,0.006426,0.006427,155.737,155.817993,155.686996,155.772995,-0.200191,-0.19018,-0.191508
2026.02.27 04:00,0.006428,0.006438,0.006425,0.006435,155.764999,155.835999,155.526993,155.587006,-0.206084,-0.187187,-0.198924
2026.02.27 05:00,0.006431,0.006432,0.006425,0.006425,155.584,155.834,155.570007,155.824005,-0.191971,-0.097372,-0.181977
2026.02.27 06:00,0.006425,0.006427,0.00642,0.006423,155.824005,155.955002,155.768005,155.873001,-0.191762,-0.186518,-0.19463
2026.02.27 07:00,0.006423,0.006423,0.006413,0.006415,155.873001,156.123993,155.873001,156.078003,-0.190736,-0.170396,-0.193362
2026.02.27 08:00,0.006415,0.00642,0.006409,0.006413,156.078003,156.175003,155.953003,156.130997,-0.156588,-0.189763,-0.185579
2026.02.27 09:00,0.006413,0.006416,0.006409,0.006415,156.134995,156.233994,156.048004,156.067993,-0.191238,-0.187654,-0.183352
2026.02.27 10:00,0.006415,0.006421,0.006415,0.006419,156.072006,156.087006,155.917007,155.973007,-0.190211,-0.19015,-0.197632
2026.02.27 11:00,0.006419,0.006424,0.006418,0.006422,155.975998,156.001999,155.856003,155.899994,-0.190219,-0.189752,-0.185263
2026.02.27 12:00,0.006422,0.006425,0.006421,0.006423,155.908997,155.953995,155.824997,155.884995,-0.202888,-0.182969,-0.18239
2026.02.27 13:00,0.006423,0.006423,0.006411,0.006411,155.884995,156.182999,155.880005,156.164993,-0.188927,-0.189512,-0.183091
2026.02.27 14:00,0.006411,0.006421,0.006409,0.006411,156.164001,156.225998,155.919998,156.171997,-0.195419,-0.19314,-0.190095
2026.02.27 15:00,0.006411,0.00642,0.006409,0.006415,156.171005,156.207993,155.945999,156.061005,-0.189577,-0.182759,-0.176364
2026.02.27 16:00,0.006415,0.006419,0.006412,0.006417,156.070007,156.143005,155.957001,156.050995,-0.185424,-0.181626,-0.202793
2026.02.27 17:00,0.006417,0.006421,0.006413,0.006416,156.050995,156.130997,155.908997,156.046005,-0.185579,-0.182139,-0.185655
2026.02.27 18:00,0.006417,0.006419,0.006414,0.006419,156.050995,156.098007,155.983994,156.007004,-0.189057,-0.184354,-0.207364
2026.02.27 19:00,0.006418,0.006423,0.006417,0.006418,156.014008,156.024994,155.878998,156.020004,-0.188938,-0.188505,-0.208224
2026.02.27 20:00,0.006418,0.00642,0.006411,0.006411,156.011002,156.177994,155.953995,156.173004,-0.196091,-0.190755,-0.191102
2026.02.27 21:00,0.006411,0.006417,0.00641,0.006417,156.166,156.192993,156.013,156.016998,-0.186751,-0.176945,-0.180943
2026.03.02 00:00,0.006392,0.006404,0.006385,0.006402,156.621994,156.806,156.317001,156.391998,-0.188927,-0.164593,-0.178616
2026.03.02 01:00,0.006402,0.00641,0.006393,0.006409,156.395004,156.602005,156.203003,156.218994,-0.18092,-0.196761,-0.176239
2026.03.02 02:00,0.006409,0.006411,0.0064,0.006407,156.212006,156.442993,156.162994,156.272995,-0.18079,-0.181092,-0.181525
2026.03.02 03:00,0.006407,0.006411,0.006404,0.006404,156.272995,156.341003,156.147995,156.319,-0.176411,-0.178248,-0.178786
2026.03.02 04:00,0.006404,0.006406,0.006394,0.006396,156.315994,156.585999,156.276001,156.513,-0.177149,-0.172345,-0.153064
2026.03.02 05:00,0.006396,0.006396,0.006382,0.006384,156.518997,156.858994,156.513,156.832993,-0.168305,-0.153064,-0.191393
2026.03.02 06:00,0.006384,0.006384,0.006376,0.006382,156.822998,157.016998,156.809006,156.878006,-0.166555,-0.167406,-0.175038
2026.03.02 07:00,0.006381,0.006382,0.006376,0.006378,156.888,157.037994,156.876999,156.981003,-0.187551,-0.174031,-0.192044
2026.03.02 08:00,0.006378,0.00638,0.006366,0.006378,156.970993,157.251007,156.889008,156.966995,-0.166497,-0.161474,-0.178037
2026.03.02 09:00,0.006378,0.006386,0.006376,0.006377,156.973007,157.022995,156.789993,157.007004,-0.184855,-0.185187,-0.193453
2026.03.02 10:00,0.006376,0.006386,0.006376,0.00638,157.0,157.016006,156.791,156.916,-0.190156,-0.186194,-0.176192
2026.03.02 11:00,0.00638,0.006382,0.006376,0.006378,156.912003,157.007004,156.850998,156.959,-0.181153,-0.172576,-0.182323
2026.03.02 12:00,0.006378,0.006378,0.006361,0.006361,156.953003,157.406006,156.949997,157.376999,-0.185665,-0.17332,-0.181366
2026.03.02 13:00,0.006361,0.006363,0.006352,0.006355,157.373993,157.604996,157.341995,157.507996,-0.174264,-0.171075,-0.163959
2026.03.02 14:00,0.006355,0.00636,0.006354,0.006357,157.516006,157.567993,157.404999,157.485992,-0.186815,-0.172294,-0.179092
2026.03.02 15:00,0.006357,0.006357,0.006346,0.006347,157.436005,157.753006,157.436005,157.727005,-0.173426,-0.116727,-0.18466
2026.03.02 16:00,0.006347,0.006362,0.006346,0.006357,157.725998,157.751999,157.363998,157.487,-0.172419,-0.180723,-0.192462
2026.03.02 17:00,0.006357,0.006363,0.006357,0.006363,157.477997,157.496002,157.330002,157.360001,-0.189102,-0.183775,-0.189081
2026.03.02 18:00,0.006362,0.006363,0.006357,0.006361,157.354004,157.492004,157.324005,157.373993,-0.185104,-0.177778,-0.17836
2026.03.02 19:00,0.006361,0.006372,0.006361,0.006371,157.375,157.378006,157.113007,157.151993,-0.182373,-0.176411,-0.190759
2026.03.02 20:00,0.006371,0.006373,0.006357,0.006363,157.145004,157.494003,157.108002,157.348007,-0.187103,-0.183723,-0.189429
2026.03.02 21:00,0.006363,0.006365,0.006361,0.006361,157.347,157.401993,157.270996,157.362,-0.194001,-0.174144,-0.166367
2026.03.02 23:00,0.006361,0.006369,0.006359,0.006365,157.373001,157.408005,157.164993,157.246002,-0.15058,-0.15447,-0.14915
2026.03.03 00:00,0.006365,0.006369,0.006355,0.006357,157.264008,157.514999,157.184998,157.483002,-0.170963,-0.162155,-0.176101
2026.03.03 01:00,0.006357,0.006365,0.006352,0.006365,157.473007,157.598007,157.274994,157.289993,-0.167275,-0.165798,-0.180798
2026.03.03 02:00,0.006365,0.006369,0.006361,0.006367,157.281006,157.391006,157.167007,157.240997,-0.170665,-0.168812,-0.168827
2026.03.03 03:00,0.006367,0.006368,0.006361,0.006365,157.240997,157.384995,157.190002,157.276993,-0.164653,-0.154828,-0.167797
2026.03.03 04:00,0.006365,0.006369,0.006359,0.006359,157.272995,157.419006,157.188995,157.397995,-0.161581,-0.166153,-0.152926
2026.03.03 05:00,0.006361,0.006366,0.006359,0.006361,157.391006,157.434998,157.259003,157.391998,-0.165204,-0.174492,-0.171657
2026.03.03 06:00,0.00636,0.006367,0.006357,0.006367,157.386002,157.485992,157.201004,157.216003,-0.166715,-0.153496,-0.156159
2026.03.03 07:00,0.006367,0.00637,0.006358,0.00636,157.218994,157.455002,157.141006,157.408997,-0.172837,-0.155137,-0.176292
2026.03.03 08:00,0.006359,0.006364,0.006353,0.006355,157.406006,157.582993,157.294998,157.503998,-0.164655,-0.161121,-0.159961
2026.03.03 09:00,0.006355,0.006357,0.006343,0.006349,157.503998,157.820999,157.453003,157.662003,-0.166895,-0.158466,-0.156887
2026.03.03 10:00,0.006349,0.006351,0.006341,0.006342,157.664001,157.850006,157.593002,157.832001,-0.146176,-0.149874,-0.165465
2026.03.03 11:00,0.006342,0.006349,0.006337,0.006349,157.830994,157.968994,157.662994,157.682007,-0.165619,-0.157879,-0.164484
2026.03.03 12:00,0.006349,0.006356,0.006345,0.006351,157.671005,157.768997,157.490997,157.641006,-0.176997,-0.159341,-0.173092
2026.03.03 13:00,0.006351,0.006352,0.006343,0.006344,157.641006,157.820007,157.606995,157.794998,-0.165903,-0.176263,-0.153323
2026.03.03 14:00,0.006344,0.006347,0.006338,0.006347,157.794998,157.953995,157.707993,157.707993,-0.163072,-0.165648,-0.165648
2026.03.03 15:00,0.006347,0.006353,0.006339,0.006342,157.710007,157.914993,157.587997,157.837997,-0.161406,-0.16966,-0.171462
2026.03.03 16:00,0.006342,0.006352,0.006339,0.006348,157.837997,157.923996,157.600998,157.690002,-0.170409,-0.170266,-0.160069
2026.03.03 17:00,0.006349,0.006349,0.006341,0.006342,157.686996,157.865997,157.667007,157.826996,-0.162167,-0.161892,-0.16046
2026.03.03 18:00,0.006342,0.006357,0.006342,0.006349,157.832993,157.847,157.488998,157.641998,-0.180464,-0.169721,-0.149277
2026.03.03 19:00,0.006351,0.006357,0.006343,0.006349,157.647995,157.820999,157.462997,157.669006,-0.166895,-0.16846,-0.176286
2026.03.03 20:00,0.006349,0.006357,0.006349,0.006349,157.667007,157.675003,157.475006,157.654007,-0.169888,-0.168106,-0.161286
2026.03.03 21:00,0.006349,0.006351,0.006345,0.006345,157.654007,157.755005,157.626999,157.695999,-0.150595,-0.159084,-0.091589
2026.03.03 23:00,0.006351,0.006355,0.006344,0.006345,157.554993,157.792999,157.513,157.789993,-0.151324,-0.156593,-0.185583
2026.03.04 00:00,0.006344,0.006356,0.006341,0.006354,157.763,157.860992,157.473999,157.531998,-0.157162,-0.142343,-0.150819
2026.03.04 01:00,0.006353,0.006354,0.006344,0.006352,157.537994,157.766006,157.528,157.591003,-0.149173,-0.146822,-0.160271
2026.03.04 02:00,0.006353,0.006356,0.006351,0.006351,157.585007,157.615005,157.466995,157.602005,-0.147091,-0.135339,-0.158877
2026.03.04 03:00,0.006351,0.006361,0.006349,0.006359,157.591003,157.643005,157.358002,157.404999,-0.150285,-0.15001,-0.159929
2026.03.04 04:00,0.006359,0.006369,0.006359,0.006361,157.395004,157.423996,157.167007,157.373001,-0.154202,-0.156484,-0.15266
2026.03.04 05:00,0.006361,0.006361,0.00635,0.006353,157.371994,157.630005,157.341995,157.567993,-0.149688,-0.121654,-0.162048
2026.03.04 06:00,0.006353,0.006361,0.006349,0.006359,157.557007,157.654999,157.371002,157.429001,-0.137476,-0.150661,-0.159207
2026.03.04 07:00,0.006358,0.006365,0.006357,0.006357,157.421997,157.481003,157.246994,157.464005,-0.161726,-0.150142,-0.157104
2026.03.04 08:00,0.006357,0.006365,0.006354,0.006359,157.462997,157.537003,157.248001,157.401001,-0.155824,-0.151149,-0.155932
2026.03.04 09:00,0.006359,0.006373,0.006357,0.006368,157.393005,157.464996,157.080994,157.201004,-0.145719,-0.156715,-0.16583
2026.03.04 10:00,0.006368,0.006382,0.006363,0.006365,157.192001,157.328995,156.843002,157.279007,-0.170417,-0.152314,-0.157477
2026.03.04 11:00,0.006364,0.006373,0.006362,0.006367,157.283997,157.348999,157.059006,157.222,-0.165724,-0.14703,-0.14983
2026.03.04 12:00,0.006367,0.006374,0.006362,0.006363,157.216995,157.341995,157.029007,157.304001,-0.15872,-0.141655,-0.145423
2026.03.04 13:00,0.006363,0.006373,0.006363,0.006363,157.311005,157.322006,157.080002,157.287003,-0.163428,-0.155723,-0.140776
2026.03.04 14:00,0.006363,0.006367,0.006359,0.006365,157.292999,157.414993,157.229004,157.233994,-0.157568,-0.156833,-0.137141
2026.03.04 15:00,0.006365,0.006371,0.006356,0.006371,157.253998,157.395004,157.095001,157.110992,-0.063348,-0.146087,-0.149758
2026.03.04 16:00,0.006371,0.00638,0.006371,0.006378,157.119995,157.121002,156.884995,156.938004,-0.147457,-0.145186,-0.161327
2026.03.04 17:00,0.006378,0.00638,0.006375,0.006377,156.936005,157.033997,156.875,156.970001,-0.158953,-0.147466,-0.15645
2026.03.04 18:00,0.006377,0.006377,0.006369,0.006369,156.964996,157.169006,156.964996,157.154999,-0.158483,-0.151445,-0.156803
2026.03.04 19:00,0.006369,0.006378,0.006369,0.006376,157.160995,157.160995,156.962997,157.001999,-0.1628,-0.161743,-0.163859
2026.03.04 20:00,0.006376,0.006377,0.006371,0.006372,156.998001,157.104996,156.960007,157.078995,-0.156082,-0.146455,-0.142399
2026.03.04 21:00,0.006372,0.006376,0.006371,0.006375,157.087006,157.115997,156.994003,157.031998,-0.154763,-0.14356,-0.156954
2026.03.04 23:00,0.006373,0.006376,0.006371,0.006375,157.007004,157.091995,156.947998,156.977005,-0.11845,-0.097555,-0.114257
2026.03.05 00:00,0.006375,0.006393,0.006374,0.006392,156.968994,157.009995,156.531006,156.569,-0.122642,-0.109921,-0.123438
2026.03.05 01:00,0.006392,0.006396,0.006384,0.006384,156.561005,156.768997,156.442001,156.763,-0.115125,-0.106504,-0.109129
2026.03.05 02:00,0.006384,0.006386,0.006376,0.006376,156.764008,156.960999,156.710007,156.944,-0.122858,-0.105201,-0.10586
2026.03.05 03:00,0.006376,0.006378,0.006371,0.006375,156.947998,157.080994,156.884003,156.988998,-0.119759,-0.107326,-0.113955
2026.03.05 04:00,0.006375,0.006375,0.006367,0.006369,156.983002,157.147995,156.981003,157.112,-0.100487,-0.105959,-0.113804
2026.03.05 05:00,0.006367,0.006375,0.006365,0.006367,157.119995,157.214996,156.966003,157.186996,-0.118144,-0.09096,-0.114826
2026.03.05 06:00,0.006367,0.006376,0.006363,0.006373,157.182999,157.251999,156.951996,157.037003,-0.105772,-0.101553,-0.125027
2026.03.05 07:00,0.006373,0.006376,0.006363,0.006363,157.031006,157.287994,156.951996,157.251999,-0.117074,-0.101553,-0.105772
2026.03.05 08:00,0.006363,0.006367,0.006359,0.006363,157.257004,157.375,157.167007,157.272995,-0.117575,-0.119499,-0.114417
2026.03.05 09:00,0.006363,0.006378,0.006361,0.006368,157.270004,157.307999,156.889008,157.153,-0.112366,-0.112331,-0.117825
2026.03.05 10:00,0.006368,0.00637,0.006362,0.006363,157.156006,157.296005,157.100998,157.285004,-0.11273,-0.115129,-0.114084
2026.03.05 11:00,0.006363,0.006364,0.006359,0.00636,157.292007,157.363007,157.233994,157.347,-0.117937,-0.100116,-0.114296
2026.03.05 12:00,0.006359,0.006362,0.006354,0.006356,157.345001,157.498001,157.281998,157.438004,-0.116823,-0.098722,-0.106348
2026.03.05 13:00,0.006356,0.006357,0.006342,0.006343,157.442001,157.779999,157.423996,157.759003,-0.113463,-0.104719,-0.104898
2026.03.05 14:00,0.006343,0.006353,0.006342,0.006351,157.753998,157.772003,157.518005,157.561996,-0.105467,-0.11206,-0.106482
2026.03.05 15:00,0.006351,0.006359,0.006342,0.006349,157.554001,157.779999,157.382004,157.626007,-0.113463,-0.11221,-0.120892
2026.03.05 16:00,0.006349,0.006353,0.006338,0.006351,157.613998,157.798004,157.529007,157.570999,-0.03197,-0.110669,-0.103084
2026.03.05 17:00,0.006351,0.006353,0.00634,0.006346,157.570007,157.845001,157.544006,157.686005,-0.116291,-0.125669,-0.106424
2026.03.05 18:00,0.006346,0.006349,0.00634,0.006344,157.682999,157.848007,157.626999,157.729004,-0.119297,-0.109476,-0.11217
2026.03.05 19:00,0.006344,0.006346,0.00634,0.006342,157.723007,157.852005,157.679993,157.820007,-0.123295,-0.100412,-0.128615
2026.03.05 20:00,0.006341,0.006357,0.00634,0.006351,157.809006,157.852005,157.406006,157.552002,-0.110863,-0.099105,-0.108874
2026.03.05 21:00,0.006351,0.006355,0.006351,0.006351,157.554001,157.608994,157.464996,157.576996,-0.153479,-0.108589,-0.121481
2026.03.05 23:00,0.006353,0.006357,0.006349,0.006351,157.5,157.604004,157.442001,157.544998,-0.086481,-0.122724,-0.077083
2026.03.06 00:00,0.006351,0.006358,0.006351,0.006355,157.563004,157.565994,157.369003,157.453003,-0.098079,-0.086839,-0.096595
2026.03.06 01:00,0.006355,0.006357,0.006349,0.006355,157.462997,157.589005,157.406998,157.472,-0.096284,-0.100097,-0.103208
2026.03.06 02:00,0.006354,0.006355,0.006351,0.006353,157.479996,157.546005,157.438995,157.498001,-0.09049,-0.082588,-0.092056
2026.03.06 03:00,0.006353,0.006355,0.006353,0.006354,157.498993,157.511993,157.457993,157.483002,-0.093656,-0.089201,-0.101823
2026.03.06 04:00,0.006353,0.006354,0.006345,0.006347,157.483002,157.684006,157.481995,157.664001,-0.092006,-0.100816,-0.109254
2026.03.06 05:00,0.006346,0.006348,0.006338,0.00634,157.658997,157.873993,157.630997,157.841003,-0.09551,-0.101064,-0.099861
2026.03.06 06:00,0.00634,0.006344,0.006337,0.006344,157.834,157.899994,157.712006,157.725006,-0.096618,-0.095172,-0.095747
2026.03.06 07:00,0.006344,0.006352,0.006342,0.006352,157.720993,157.768997,157.526001,157.526993,-0.102461,-0.095269,-0.096261
2026.03.06 08:00,0.006352,0.006353,0.006347,0.006347,157.533005,157.662003,157.494003,157.647995,-0.09484,-0.100437,-0.093248
2026.03.06 09:00,0.006347,0.006347,0.006336,0.006338,157.653,157.891006,157.643005,157.848007,-0.075176,-0.088258,-0.081973
2026.03.06 10:00,0.006339,0.006343,0.006338,0.006338,157.848007,157.897995,157.751007,157.875,-0.107072,-0.096903,-0.096517
2026.03.06 11:00,0.006338,0.00634,0.006334,0.006335,157.865997,157.990997,157.822998,157.949005,-0.100419,-0.081856,-0.09581
2026.03.06 12:00,0.006335,0.006339,0.00633,0.006334,157.942001,158.085007,157.839005,157.990997,-0.094647,-0.085417,-0.100419
2026.03.06 13:00,0.006334,0.006359,0.006334,0.006338,158.001007,158.003006,157.352005,157.865005,-0.112428,-0.106936,-0.098971
2026.03.06 14:00,0.006338,0.006347,0.00633,0.006347,157.867996,158.087997,157.632996,157.664993,-0.097638,-0.090651,-0.097831
2026.03.06 15:00,0.006347,0.006352,0.006342,0.00635,157.658005,157.770996,157.533997,157.582993,-0.10446,-0.103265,-0.102676
2026.03.06 16:00,0.006349,0.006353,0.006345,0.006348,157.582993,157.716003,157.503006,157.639008,-0.111593,-0.09706,-0.109075
2026.03.06 17:00,0.006347,0.006349,0.006339,0.006341,157.630005,157.852997,157.587997,157.796005,-0.09941,-0.095277,-0.092175
2026.03.06 18:00,0.006341,0.006349,0.006338,0.00634,157.800003,157.873993,157.602997,157.806,-0.09551,-0.085474,-0.089731
2026.03.06 19:00,0.006341,0.006344,0.006338,0.006338,157.807007,157.876007,157.738007,157.867996,-0.097524,-0.096332,-0.101962
2026.03.06 20:00,0.006338,0.00634,0.006335,0.006336,157.865997,157.960999,157.826996,157.899994,-0.107803,-0.085854,-0.084163
2026.03.06 21:00,0.006337,0.006342,0.006337,0.006342,157.899994,157.910004,157.746994,157.764008,-0.106628,-0.068025,-0.072615
2026.03.09 00:00,0.006316,0.00632,0.006305,0.006307,158.399994,158.694,158.298996,158.645004,-0.089713,-0.071152,-0.091012
2026.03.09 01:00,0.006307,0.00631,0.006302,0.006305,158.639999,158.735001,158.559998,158.692001,-0.055217,-0.081394,-0.087714
2026.03.09 02:00,0.006305,0.006307,0.006303,0.006305,158.684998,158.759995,158.626007,158.703003,-0.092803,-0.072015,-0.086146
2026.03.09 03:00,0.006305,0.006306,0.006297,0.006299,158.699005,158.897995,158.651993,158.860001,-0.079606,-0.072863,-0.092043
2026.03.09 04:00,0.006298,0.006307,0.006297,0.006303,158.854004,158.869003,158.649002,158.720001,-0.075828,-0.09501,-0.077975
2026.03.09 05:00,0.006304,0.00632,0.006301,0.006318,158.710007,158.772003,158.315002,158.369995,-0.079626,-0.074636,-0.104579
2026.03.09 06:00,0.006318,0.006318,0.006307,0.006308,158.363998,158.643005,158.350006,158.619995,-0.089013,-0.072074,-0.091145
2026.03.09 07:00,0.006307,0.006316,0.006306,0.006314,158.610992,158.656006,158.393005,158.451996,-0.076876,-0.077477,-0.073792
2026.03.09 08:00,0.006314,0.006318,0.006305,0.006307,158.459,158.686996,158.348007,158.625,-0.095289,-0.082591,-0.08358
2026.03.09 09:00,0.006307,0.006325,0.006307,0.006316,158.628998,158.647003,158.179001,158.423996,-0.093011,-0.076233,-0.083406
2026.03.09 10:00,0.006316,0.006318,0.00631,0.006314,158.425995,158.574997,158.348007,158.449997,-0.096394,-0.070075,-0.071793
2026.03.09 11:00,0.006314,0.006318,0.006313,0.006314,158.455002,158.507004,158.356003,158.468002,-0.091168,-0.07807,-0.089798
2026.03.09 12:00,0.006313,0.006318,0.006309,0.00631,158.462997,158.598007,158.341995,158.570007,-0.081724,-0.076579,-0.091404
2026.03.09 13:00,0.00631,0.006326,0.006309,0.00632,158.565002,158.582001,158.177994,158.322006,-0.090836,-0.087726,-0.094162
2026.03.09 14:00,0.00632,0.006321,0.006311,0.006318,158.313995,158.544006,158.285004,158.384003,-0.090509,-0.082186,-0.09354
2026.03.09 15:00,0.006318,0.006334,0.006317,0.00633,158.380005,158.395996,157.990005,158.080994,-0.093002,-0.099427,-0.090634
2026.03.09 16:00,0.00633,0.006334,0.006324,0.006327,158.082993,158.223999,157.962006,158.128998,-0.096237,-0.083883,-0.076208
2026.03.09 17:00,0.006327,0.006328,0.006318,0.00632,158.134995,158.347,158.106995,158.337006,-0.081584,-0.079187,-0.09664
2026.03.09 18:00,0.006319,0.006323,0.006316,0.006316,158.337006,158.408997,158.233002,158.395004,-0.093468,-0.080225,-0.079476
2026.03.09 19:00,0.006317,0.006347,0.006316,0.006338,158.397003,158.414993,157.632996,157.856003,-0.086941,-0.090651,-0.089969
2026.03.09 20:00,0.006339,0.006348,0.006336,0.006348,157.856003,157.917999,157.584,157.647995,-0.102169,-0.054067,-0.118062
2026.03.09 22:00,0.006345,0.006348,0.006336,0.00634,157.651001,157.903,157.610992,157.807999,-0.087169,-0.081059,-0.066857
2026.03.09 23:00,0.00634,0.006342,0.006334,0.006338,157.807999,157.953995,157.746002,157.858002,-0.075872,-0.067033,-0.067079
2026.03.10 00:00,0.006337,0.006351,0.006334,0.006349,157.873001,157.947998,157.552002,157.589005,-0.08234,-0.084087,-0.083889
2026.03.10 01:00,0.006349,0.006351,0.006341,0.006347,157.589996,157.772995,157.522003,157.613998,-0.069165,-0.066488,-0.059251
2026.03.10 02:00,0.006347,0.006349,0.006339,0.00634,157.623001,157.822006,157.589005,157.811005,-0.068419,-0.071481,-0.069863
2026.03.10 03:00,0.00634,0.00634,0.006336,0.006336,157.809998,157.917999,157.792007,157.888,-0.077265,-0.063297,-0.07217
2026.03.10 04:00,0.006336,0.006342,0.006336,0.006342,157.878006,157.929993,157.753006,157.772995,-0.101705,-0.074037,-0.081602
2026.03.10 05:00,0.006341,0.006347,0.006341,0.006347,157.768005,157.785995,157.613998,157.628006,-0.082165,-0.071654,-0.060843
2026.03.10 06:00,0.006347,0.006354,0.006347,0.006351,157.634003,157.651001,157.460007,157.544006,-0.083838,-0.078828,-0.076092
2026.03.10 07:00,0.00635,0.006363,0.006347,0.006361,157.542007,157.617996,157.261993,157.296997,-0.075651,-0.091073,-0.076656
2026.03.10 08:00,0.006361,0.006361,0.006344,0.006344,157.298004,157.712997,157.289993,157.695999,-0.083738,-0.082002,-0.079166
2026.03.10 09:00,0.006344,0.006351,0.006344,0.006346,157.692001,157.722,157.537003,157.660004,-0.080325,-0.069088,-0.080423
2026.03.10 10:00,0.006345,0.006345,0.006336,0.006342,157.660004,157.893997,157.653,157.764999,-0.078167,-0.061,-0.073607
2026.03.10 11:00,0.006342,0.006347,0.006338,0.00634,157.757004,157.839005,157.621994,157.794006,-0.07297,-0.079649,-0.077737
2026.03.10 12:00,0.00634,0.006342,0.006333,0.00634,157.794998,157.975998,157.753998,157.800003,-0.072951,-0.062605,-0.071293
2026.03.10 13:00,0.00634,0.006346,0.006338,0.006338,157.804993,157.867004,157.647995,157.832001,-0.076082,-0.068415,-0.065967
2026.03.10 14:00,0.006338,0.006347,0.006336,0.006344,157.834,157.914993,157.634995,157.682999,-0.074259,-0.067832,-0.066165
2026.03.10 15:00,0.006344,0.00635,0.006342,0.006348,157.690994,157.761993,157.541,157.597,-0.070601,-0.060684,-0.067067
2026.03.10 16:00,0.006348,0.006351,0.006344,0.006349,157.595001,157.705994,157.518997,157.563995,-0.064319,-0.063482,-0.071275
2026.03.10 17:00,0.00635,0.006357,0.006347,0.006348,157.569,157.651001,157.389999,157.598007,-0.083838,-0.083099,-0.068074
2026.03.10 18:00,0.006348,0.006349,0.006332,0.006338,157.598999,157.981003,157.585007,157.869995,-0.065485,-0.067484,-0.079073
2026.03.10 19:00,0.006337,0.006338,0.006326,0.00633,157.867996,158.132004,157.839005,158.028,-0.066719,-0.060521,-0.062592
2026.03.10 20:00,0.006331,0.006333,0.006329,0.00633,158.031006,158.087997,157.966003,158.035004,-0.085153,-0.062957,-0.044644
2026.03.10 22:00,0.006326,0.00633,0.006324,0.006325,158.093002,158.179001,158.029007,158.160004,-0.051238,-0.051118,-0.057236
2026.03.10 23:00,0.006325,0.00633,0.006324,0.006328,158.154007,158.184006,158.044006,158.132004,-0.056243,-0.053647,-0.091706
2026.03.11 00:00,0.006328,0.006335,0.006322,0.006324,158.097,158.223007,157.908997,158.186996,-0.05772,-0.055801,-0.059234
2026.03.11 01:00,0.006324,0.006324,0.006318,0.00632,158.190002,158.334,158.169998,158.270004,-0.068584,-0.054728,-0.054669
2026.03.11 02:00,0.006321,0.006323,0.006315,0.00632,158.274002,158.391998,158.214996,158.289993,-0.038868,-0.06222,-0.062149
2026.03.11 03:00,0.00632,0.006325,0.00632,0.006324,158.287994,158.306,158.162003,158.195007,-0.065634,-0.059235,-0.054739
2026.03.11 04:00,0.006322,0.006328,0.006322,0.006328,158.194,158.255005,158.089996,158.098007,-0.064703,-0.062189,-0.0702
2026.03.11 05:00,0.006328,0.006329,0.006324,0.006325,158.102005,158.182007,158.056,158.164993,-0.066737,-0.053156,-0.062226
2026.03.11 06:00,0.006325,0.006337,0.006325,0.006332,158.164993,158.175995,157.850006,157.987,-0.073227,-0.046631,-0.046546
2026.03.11 07:00,0.006332,0.006333,0.006321,0.006322,157.994995,158.274002,157.955002,158.216003,-0.071184,-0.051955,-0.050716
2026.03.11 08:00,0.006322,0.006324,0.006313,0.006316,158.220993,158.444,158.186996,158.389999,-0.05325,-0.059234,-0.049409
2026.03.11 09:00,0.006316,0.006318,0.006311,0.006313,158.397003,158.488998,158.337997,158.464005,-0.048057,-0.047535,-0.060707
2026.03.11 10:00,0.006313,0.006322,0.006312,0.00632,158.473999,158.485992,158.242996,158.279999,-0.057605,-0.052695,-0.052155
2026.03.11 11:00,0.00632,0.006322,0.006311,0.006311,158.283005,158.501999,158.238998,158.498993,-0.061057,-0.048697,-0.058051
2026.03.11 12:00,0.006311,0.006319,0.006307,0.006307,158.498001,158.626999,158.289993,158.608994,-0.060445,-0.037103,-0.055002
2026.03.11 13:00,0.006307,0.006313,0.006305,0.006313,158.606003,158.647995,158.468994,158.472,-0.056288,-0.053158,-0.056164
2026.03.11 14:00,0.006313,0.00632,0.006303,0.006305,158.470993,158.695007,158.298996,158.686996,-0.052981,-0.05863,-0.070139
2026.03.11 15:00,0.006305,0.006305,0.006297,0.006299,158.684006,158.852997,158.667999,158.822998,-0.047222,-0.051142,-0.05504
2026.03.11 16:00,0.006299,0.006301,0.006297,0.006298,158.830002,158.863007,158.759995,158.828003,-0.057232,-0.055022,-0.047437
2026.03.11 17:00,0.006299,0.006299,0.006293,0.006297,158.828003,158.977005,158.807999,158.837997,-0.057658,-0.052635,-0.044822
2026.03.11 18:00,0.006298,0.006298,0.006294,0.006295,158.837997,158.940994,158.830002,158.919006,-0.059519,-0.049436,-0.050155
2026.03.11 19:00,0.006295,0.006295,0.006293,0.006294,158.921997,158.968002,158.901993,158.940002,-0.061285,-0.058371,-0.058527
2026.03.11 20:00,0.006293,0.006295,0.006293,0.006293,158.945999,158.968994,158.903,158.942993,-0.049647,-0.04677,-0.023646
2026.03.11 22:00,0.006293,0.006295,0.006289,0.006291,158.854004,158.994003,158.822006,158.983994,0.001152,0.046845,-0.026757
2026.03.11 23:00,0.006291,0.006292,0.006285,0.006287,158.981995,159.130997,158.932999,159.074005,-0.009348,-0.00102,-0.00298
2026.03.12 00:00,0.006287,0.006293,0.00628,0.006291,159.084,159.235001,158.921005,158.975006,-0.012008,-0.001659,-0.030394
2026.03.12 01:00,0.006291,0.006299,0.006291,0.006295,158.968002,158.981995,158.774994,158.856995,-0.024758,-0.01963,-0.013373
2026.03.12 02:00,0.006296,0.006297,0.006286,0.006288,158.854004,159.110001,158.828995,159.052002,-0.02632,-0.010606,-0.018921
2026.03.12 03:00,0.006288,0.006291,0.006287,0.006289,159.046997,159.067001,158.966995,159.018997,-0.008631,-0.009759,-0.01121
2026.03.12 04:00,0.006289,0.006289,0.006284,0.006285,159.018997,159.154999,159.0,159.123001,-0.020687,-0.004845,-0.014015
2026.03.12 05:00,0.006285,0.006291,0.006285,0.006285,159.123001,159.125,158.964005,159.110992,-0.016014,-0.006768,-0.014654
2026.03.12 06:00,0.006285,0.006295,0.006285,0.006294,159.104996,159.113998,158.875,158.895996,-0.01766,-0.006148,-0.014521
2026.03.12 07:00,0.006295,0.006299,0.006291,0.006299,158.897995,158.996994,158.774994,158.794006,-0.02712,-0.007036,-0.026049
2026.03.12 08:00,0.006299,0.006303,0.006293,0.006295,158.792999,158.940994,158.664001,158.878006,-0.021648,-0.009387,-0.009154
2026.03.12 09:00,0.006295,0.006301,0.006293,0.0063,158.880005,158.934998,158.705994,158.753006,-0.028281,-0.013616,-0.022847
2026.03.12 10:00,0.0063,0.006303,0.006297,0.006301,158.748001,158.822998,158.679001,158.712006,-0.029823,-0.011809,-0.019628
2026.03.12 11:00,0.006301,0.006307,0.006301,0.006302,158.712006,158.742996,158.561996,158.688004,-0.025437,-0.020576,-0.00822
2026.03.12 12:00,0.006303,0.006303,0.006293,0.006295,158.684998,158.932999,158.673004,158.886002,-0.026282,-0.01839,-0.01715
2026.03.12 13:00,0.006295,0.006298,0.006288,0.006291,158.886002,159.059998,158.796005,158.988007,-0.026917,-0.01544,-0.018133
2026.03.12 14:00,0.006291,0.006293,0.006282,0.006283,158.996002,159.197998,158.936005,159.182007,-0.025694,-0.016658,-0.022373
2026.03.12 15:00,0.006283,0.006286,0.006278,0.006282,159.179001,159.287003,159.095001,159.205994,-0.01329,-0.011321,-0.021017
2026.03.12 16:00,0.006282,0.006285,0.006279,0.006282,159.210999,159.287003,159.123001,159.201996,-0.025976,-0.014015,-0.01702
2026.03.12 17:00,0.006282,0.006286,0.006276,0.006278,159.207001,159.345993,159.104004,159.311005,-0.021527,-0.020323,-0.024604
2026.03.12 18:00,0.006278,0.006279,0.006274,0.006274,159.309006,159.412994,159.272003,159.397995,-0.012345,-0.010976,-0.022744
2026.03.12 19:00,0.006274,0.006278,0.006273,0.006276,159.397995,159.429001,159.304001,159.367004,-0.015643,-0.0176,-0.017156
2026.03.12 20:00,0.006276,0.006278,0.006274,0.006276,159.373001,159.416,159.279999,159.330002,-0.015351,-0.006286,0.019846
2026.03.12 22:00,0.006272,0.006279,0.006272,0.006278,159.320999,159.427002,159.240997,159.266006,0.024481,0.020029,0.020395
2026.03.12 23:00,0.006278,0.006282,0.006274,0.00628,159.264999,159.360992,159.175003,159.216003,0.014258,0.022635,0.006989
2026.03.13 00:00,0.00628,0.006289,0.00628,0.006286,159.233002,159.240005,159.001007,159.091995,-0.017013,0.00678,-0.008315
2026.03.13 01:00,0.006286,0.006289,0.006278,0.00628,159.087006,159.281998,159.026001,159.268005,-0.008285,-0.005568,-0.019663
2026.03.13 02:00,0.006279,0.006282,0.006274,0.006278,159.263,159.371002,159.186005,159.279999,0.004249,0.011634,0.006402
2026.03.13 03:00,0.006278,0.006279,0.006273,0.006276,159.274994,159.416,159.244003,159.352997,-0.002642,0.017023,-0.015835
2026.03.13 04:00,0.006274,0.006275,0.006264,0.00627,159.347,159.684006,159.337997,159.501007,-0.04161,0.024551,-0.011368
2026.03.13 05:00,0.00627,0.006277,0.00627,0.006273,159.492996,159.505005,159.304001,159.429001,-0.015366,0.007771,-0.015643
2026.03.13 06:00,0.006273,0.006276,0.006272,0.006273,159.421005,159.464005,159.306,159.419006,-0.025224,0.018466,-0.005648
2026.03.13 07:00,0.006272,0.006325,0.006268,0.006322,159.427994,159.542007,159.337997,159.436996,-0.00149,-1.23523,-1.259209
2026.03.13 08:00,0.006322,0.006326,0.006318,0.006326,159.429993,159.531006,159.320999,159.328995,-1.253073,-1.24323,-1.238727
2026.03.13 09:00,0.006326,0.006328,0.006318,0.00632,159.320999,159.492996,159.238007,159.470993,-1.22758,-1.222676,-1.230627
2026.03.13 10:00,0.00632,0.006326,0.006319,0.006322,159.477005,159.501007,159.322998,159.399994,-1.248117,-1.232731,-1.234707
2026.03.13 11:00,0.006323,0.006327,0.006321,0.006327,159.399002,159.449997,159.279007,159.285004,-1.247179,-1.226217,-1.232214
2026.03.13 12:00,0.006328,0.00633,0.006321,0.006326,159.281006,159.434006,159.197998,159.324997,-1.231188,-1.23259,-1.23473
2026.03.13 13:00,0.006326,0.006338,0.006324,0.006335,159.326004,159.360992,159.001999,159.104004,-1.23323,-1.235965,-1.250808
2026.03.13 14:00,0.006336,0.006336,0.006324,0.006324,159.091995,159.380005,159.084,159.358002,-1.239736,-1.255712,-1.230239
2026.03.13 15:00,0.006324,0.006324,0.006315,0.006317,159.367996,159.598999,159.352997,159.537994,-1.245869,-1.225234,-1.235
2026.03.13 16:00,0.006317,0.006318,0.006313,0.006314,159.539993,159.636002,159.503998,159.608994,-1.245251,-1.238582,-1.230789
2026.03.13 17:00,0.006314,0.006317,0.006311,0.006316,159.606003,159.684998,159.542007,159.570999,-1.2315,-1.239013,-1.230409
2026.03.13 18:00,0.006316,0.006316,0.006311,0.006313,159.565994,159.675995,159.556,159.628006,-1.235053,-1.227947,-1.224708
2026.03.13 19:00,0.006313,0.006315,0.00631,0.006311,159.634003,159.692001,159.593002,159.675995,-1.213398,-1.239872,-1.235053
2026.03.13 20:00,0.006311,0.006313,0.006309,0.006313,159.675995,159.748993,159.641006,159.720993,-1.23271,-1.237709,-1.317695
2026.03.16 00:00,0.006316,0.006328,0.006316,0.006326,159.552002,159.559998,159.244003,159.298004,-1.231945,-1.228673,-1.23272
2026.03.16 01:00,0.006326,0.006327,0.006318,0.006322,159.298004,159.507004,159.279007,159.423004,-1.241588,-1.226217,-1.232703
2026.03.16 02:00,0.006322,0.006322,0.006314,0.006315,159.414993,159.604004,159.401001,159.587006,-1.238332,-1.235714,-1.233875
2026.03.16 03:00,0.006315,0.00632,0.006313,0.006318,159.585007,159.639008,159.464996,159.496002,-1.23571,-1.22463,-1.21807
2026.03.16 04:00,0.006318,0.006319,0.006313,0.006316,159.492004,159.619003,159.485001,159.557999,-1.228253,-1.23211,-1.217408
2026.03.16 05:00,0.006316,0.006326,0.006315,0.006324,159.552994,159.584,159.313004,159.343002,-1.230869,-1.222736,-1.227732
2026.03.16 06:00,0.006324,0.006328,0.006322,0.006326,159.337006,159.408005,159.264008,159.289993,-1.230217,-1.22371,-1.224709
2026.03.16 07:00,0.006326,0.006332,0.006322,0.006326,159.289001,159.382996,159.166,159.287003,-1.217709,-1.225547,-1.221718
2026.03.16 08:00,0.006327,0.006329,0.006323,0.006324,159.279007,159.371994,159.216003,159.348007,-1.219217,-1.213159,-1.220245
2026.03.16 09:00,0.006324,0.006328,0.006322,0.006325,159.341995,159.384003,159.240005,159.313995,-1.218716,-1.212198,-1.211228
2026.03.16 10:00,0.006325,0.00633,0.006324,0.00633,159.317993,159.345001,159.192993,159.222,-1.229731,-1.215104,-1.23164
2026.03.16 11:00,0.006329,0.006334,0.006328,0.006333,159.220993,159.261002,159.091003,159.117004,-1.233194,-1.225345,-1.213958
2026.03.16 12:00,0.006334,0.00634,0.006332,0.006333,159.126007,159.141998,158.953995,159.132004,-1.226481,-1.212853,-1.228957
2026.03.16 13:00,0.006333,0.006342,0.006331,0.006341,159.125,159.175003,158.895004,158.929993,-1.222073,-1.216035,-1.226163
2026.03.16 14:00,0.006341,0.006344,0.00633,0.006333,158.925003,159.188995,158.843002,159.132996,-1.223587,-1.226169,-1.229949
2026.03.16 15:00,0.006332,0.006336,0.006325,0.006327,159.132996,159.326996,159.046997,159.287003,-1.224228,-1.21871,-1.234212
2026.03.16 16:00,0.006327,0.00633,0.006324,0.006328,159.287994,159.354996,159.188004,159.264008,-1.227233,-1.222595,-1.2362
2026.03.16 17:00,0.006328,0.006333,0.006326,0.006328,159.255997,159.302002,159.126999,159.264008,-1.236718,-1.223952,-1.22371
2026.03.16 18:00,0.006328,0.006342,0.006328,0.00634,159.266998,159.268997,158.904999,158.957993,-1.24119,-1.22603,-1.229282
2026.03.16 19:00,0.00634,0.006341,0.00633,0.006332,158.962997,159.182999,158.925003,159.145004,-1.20511,-1.221173,-1.217014
2026.03.16 20:00,0.006332,0.006337,0.006332,0.006334,159.145004,159.154999,159.009003,159.020996,-1.227009,-1.205627,-1.142873
2026.03.16 22:00,0.006334,0.006336,0.006332,0.006332,159.031006,159.143997,158.992004,159.102005,-1.203544,-1.176174,-1.186487
2026.03.16 23:00,0.006332,0.006334,0.006329,0.006332,159.102005,159.220001,159.069,159.117004,-1.217157,-1.190877,-1.189014
2026.03.17 00:00,0.006332,0.006333,0.006324,0.006325,159.123993,159.345001,159.110992,159.315002,-1.204733,-1.207946,-1.212235
2026.03.17 01:00,0.006324,0.006326,0.006319,0.006322,159.315002,159.451996,159.289001,159.375,-1.199106,-1.198734,-1.197213
2026.03.17 02:00,0.006322,0.006325,0.00632,0.006322,159.373993,159.429993,159.309006,159.360001,-1.202149,-1.206238,-1.194714
2026.03.17 03:00,0.006322,0.006326,0.006321,0.006323,159.356003,159.404999,159.266998,159.348007,-1.202181,-1.189229,-1.19523
2026.03.17 04:00,0.006323,0.006329,0.006322,0.006328,159.347,159.393005,159.207993,159.229996,-1.202704,-1.205148,-1.202188
2026.03.17 05:00,0.006328,0.00633,0.00632,0.00632,159.222,159.445007,159.197998,159.440002,-1.204641,-1.207638,-1.199636
2026.03.17 06:00,0.00632,0.006324,0.006318,0.006323,159.434006,159.496002,159.335007,159.339996,-1.20554,-1.194738,-1.18722
2026.03.17 07:00,0.006323,0.00633,0.006321,0.006328,159.339996,159.401001,159.162994,159.227997,-1.198183,-1.197586,-1.200189
2026.03.17 08:00,0.006328,0.006335,0.006328,0.006333,159.231995,159.235001,159.050003,159.104996,-1.207193,-1.196808,-1.201949
2026.03.17 09:00,0.006333,0.006334,0.00633,0.006332,159.095993,159.192993,159.057007,159.128998,-1.202633,-1.191349,-1.201008
2026.03.17 10:00,0.006332,0.006336,0.006329,0.006332,159.119995,159.214005,159.039001,159.119995,-1.21116,-1.198267,-1.204478
2026.03.17 11:00,0.006332,0.006338,0.006332,0.006334,159.108994,159.139999,158.955002,159.100998,-1.212009,-1.188968,-1.21042
2026.03.17 12:00,0.006333,0.006339,0.006332,0.006336,159.098007,159.153,158.955994,159.031006,-1.212547,-1.202407,-1.202718
2026.03.17 13:00,0.006336,0.006349,0.006336,0.006342,159.024994,159.033005,158.714996,158.867996,-1.217174,-1.209881,-1.189027
2026.03.17 14:00,0.006342,0.006345,0.006337,0.00634,158.873001,159.014008,158.807999,158.923004,-1.210632,-1.203589,-1.194294
2026.03.17 15:00,0.00634,0.006347,0.006333,0.006336,158.929001,159.113007,158.839996,159.029999,-1.20996,-1.285249,-1.214168
2026.03.17 16:00,0.006336,0.006342,0.006333,0.00634,159.024994,159.113998,158.873001,158.940002,-1.210952,-1.206465,-1.211292
2026.03.17 17:00,0.00634,0.00634,0.006337,0.006339,158.936005,159.011993,158.912003,158.960999,-1.208618,-1.195733,-1.207411
2026.03.17 18:00,0.006339,0.006342,0.006336,0.006336,158.966003,159.048996,158.886002,159.046005,-1.208261,-1.207033,-1.205271
2026.03.17 19:00,0.006336,0.006338,0.006335,0.006336,159.037003,159.063995,158.973999,159.041,-1.2108,-1.207965,-1.200266
2026.03.17 20:00,0.006336,0.006338,0.006336,0.006338,159.033997,159.057007,158.944,158.979996,-1.216272,-1.165517,-1.189073
2026.03.17 22:00,0.006337,0.006339,0.006336,0.006336,158.977005,158.996994,158.873993,158.964005,-1.156259,-1.120406,-1.148174
2026.03.17 23:00,0.006337,0.00634,0.006336,0.006339,158.964996,158.979996,158.854996,158.901993,-1.151708,-1.138726,-1.148406
2026.03.18 00:00,0.006339,0.006344,0.00633,0.006333,158.908997,159.138,158.792999,159.063995,-1.160112,-1.151324,-1.160948
2026.03.18 01:00,0.006333,0.006336,0.006332,0.006334,159.057007,159.085999,158.962997,159.011002,-1.158008,-1.147167,-1.145343
2026.03.18 02:00,0.006335,0.00634,0.006334,0.006339,159.003006,159.035004,158.873001,158.904007,-1.156881,-1.144291,-1.15042
2026.03.18 03:00,0.006338,0.006339,0.006336,0.006338,158.910995,158.987,158.899002,158.931,-1.146265,-1.145415,-1.152517
2026.03.18 04:00,0.006339,0.006345,0.006338,0.006343,158.925995,158.932999,158.746002,158.807999,-1.166964,-1.154002,-1.153894
2026.03.18 05:00,0.006343,0.006349,0.006343,0.006347,158.807999,158.815994,158.645996,158.692993,-1.16189,-1.140881,-1.150648
2026.03.18 06:00,0.006347,0.006353,0.006344,0.006345,158.695007,158.779007,158.561005,158.744995,-1.149748,-1.142667,-1.152995
2026.03.18 07:00,0.006345,0.006348,0.00634,0.006345,158.737,158.873993,158.673996,158.753998,-1.157724,-1.144063,-1.149588
2026.03.18 08:00,0.006344,0.006344,0.006336,0.006337,158.755005,158.988007,158.751007,158.942993,-1.147272,-1.134174,-1.139618
2026.03.18 09:00,0.006337,0.00634,0.006334,0.006339,158.942993,159.048996,158.888,158.901993,-1.158418,-1.146859,-1.148406
2026.03.18 10:00,0.006338,0.006338,0.006334,0.006335,158.908005,159.026993,158.901993,159.0,-1.14887,-1.135959,-1.146805
2026.03.18 11:00,0.006334,0.00634,0.00633,0.006336,159.001007,159.112,158.889999,158.973999,-1.134111,-1.148857,-1.145712
2026.03.18 12:00,0.006336,0.006336,0.006316,0.006318,158.975006,159.473007,158.949997,159.444,-1.144955,-1.134166,-1.153538
2026.03.18 13:00,0.006318,0.006318,0.006311,0.006316,159.445999,159.584,159.425995,159.487,-1.143058,-1.135533,-1.146409
2026.03.18 14:00,0.006316,0.006318,0.006314,0.006318,159.494995,159.531998,159.412003,159.414001,-1.153793,-1.146586,-1.148585
2026.03.18 15:00,0.006318,0.00632,0.006316,0.006316,159.421005,159.496002,159.362,159.485001,-1.155412,-1.146664,-1.156948
2026.03.18 16:00,0.006316,0.00632,0.006315,0.006316,159.477005,159.514008,159.388,159.464005,-1.160877,-1.147634,-1.148476
2026.03.18 17:00,0.006316,0.00632,0.006313,0.00632,159.460007,159.541,159.356995,159.389999,-1.15025,-1.141659,-1.162155
2026.03.18 18:00,0.00632,0.006325,0.006305,0.006306,159.389999,159.731003,159.242996,159.718002,-1.139295,-1.140229,-1.138873
2026.03.18 19:00,0.006306,0.006308,0.006303,0.006303,159.718994,159.837006,159.679001,159.813995,-1.169814,-1.15015,-1.159381
2026.03.18 20:00,0.006303,0.006304,0.006299,0.0063,159.822998,159.901001,159.794006,159.811005,-1.145637,-1.164566,-1.080846
2026.03.18 22:00,0.006303,0.006306,0.006301,0.006305,159.697998,159.847,159.692001,159.755997,-1.142027,-1.112872,-1.13914
2026.03.18 23:00,0.006305,0.006305,0.006302,0.006303,159.768005,159.839996,159.740005,159.798004,-1.160213,-1.148298,-1.14339
2026.03.19 00:00,0.006303,0.006308,0.006301,0.006304,159.809006,159.847,159.673004,159.774994,-1.142027,-1.144154,-1.145553
2026.03.19 01:00,0.006304,0.006313,0.006303,0.006309,159.770004,159.817001,159.572006,159.651001,-1.149809,-1.15617,-1.147272
2026.03.19 02:00,0.006309,0.006313,0.006307,0.006309,159.651001,159.705002,159.529007,159.645996,-1.15101,-1.138257,-1.142267
2026.03.19 03:00,0.006309,0.006311,0.006307,0.006311,159.651993,159.710999,159.593994,159.613998,-1.144445,-1.127951,-1.147955
2026.03.19 04:00,0.00631,0.006311,0.006308,0.006309,159.623993,159.675003,159.578003,159.641998,-1.146153,-1.137061,-1.13827
2026.03.19 05:00,0.006309,0.006309,0.006305,0.006307,159.643005,159.746002,159.623993,159.707993,-1.141715,-1.132828,-1.154001
2026.03.19 06:00,0.006307,0.006311,0.006303,0.006308,159.701004,159.804001,159.591003,159.675995,-1.149387,-1.137506,-1.147144
2026.03.19 07:00,0.006309,0.006327,0.006307,0.006326,159.662994,159.697006,159.190002,159.223007,-1.155586,-1.137212,-1.13274
2026.03.19 08:00,0.006326,0.006334,0.00632,0.006328,159.233002,159.386993,159.028,159.175995,-1.146627,-1.149877,-1.148188
2026.03.19 09:00,0.006328,0.006332,0.006324,0.00633,159.175995,159.279007,159.057999,159.147995,-1.151244,-1.142481,-1.157635
2026.03.19 10:00,0.006329,0.006331,0.006325,0.00633,159.149994,159.244995,159.100998,159.121002,-1.142227,-1.148068,-1.143113
2026.03.19 11:00,0.00633,0.006334,0.006329,0.006333,159.112,159.160995,159.035004,159.054993,-1.158151,-1.144425,-1.151946
2026.03.19 12:00,0.006332,0.006342,0.006323,0.00634,159.061005,159.292007,158.841995,158.899002,-1.139231,-1.150602,-1.15786
2026.03.19 13:00,0.00634,0.006371,0.006338,0.006367,158.904999,158.938995,158.112,158.220993,-1.160512,-1.150765,-1.148822
2026.03.19 14:00,0.006367,0.006373,0.006358,0.006361,158.218002,158.425003,158.057007,158.365997,-1.142838,-1.157344,-1.158006
2026.03.19 15:00,0.006361,0.00637,0.006353,0.006367,158.365005,158.559998,158.130005,158.192001,-1.154052,-1.144135,-1.144493
2026.03.19 16:00,0.006367,0.006374,0.006367,0.006374,158.190994,158.220001,158.035004,158.039001,-1.147831,-1.147651,-1.151649
2026.03.19 17:00,0.006373,0.006384,0.006371,0.006384,158.042007,158.093994,157.789993,157.811005,-1.14508,-1.148394,-1.157133
2026.03.19 18:00,0.006383,0.006388,0.006379,0.006388,157.811005,157.912003,157.682007,157.695007,-1.147617,-1.150736,-1.151493
2026.03.19 19:00,0.006388,0.006396,0.006388,0.00639,157.690994,157.699005,157.498993,157.649002,-1.143234,-1.151271,-1.154485
2026.03.19 20:00,0.00639,0.006391,0.006386,0.006388,157.636993,157.725998,157.597,157.725998,-1.145708,-1.126964,-1.182484
2026.03.19 22:00,0.006386,0.006388,0.00638,0.00638,157.755997,157.895004,157.681,157.871002,-1.142908,-1.137486,-1.143468
2026.03.19 23:00,0.00638,0.006384,0.006376,0.006378,157.862,157.988998,157.798004,157.923996,-1.150858,-1.144132,-1.147319
2026.03.20 00:00,0.006378,0.006384,0.006376,0.006381,157.921997,157.983002,157.796997,157.856995,-1.144862,-1.143125,-1.141744
2026.03.20 01:00,0.006382,0.006386,0.00637,0.006371,157.856003,158.139008,157.735992,158.098999,-1.153138,-1.155702,-1.137765
2026.03.20 02:00,0.006371,0.006371,0.006361,0.006363,158.102005,158.347,158.098007,158.298996,-1.151368,-1.136773,-1.140418
2026.03.20 03:00,0.006363,0.006364,0.006359,0.006359,158.302994,158.401001,158.270996,158.386002,-1.143576,-1.137119,-1.128577
2026.03.20 04:00,0.006359,0.006361,0.006359,0.00636,158.382996,158.412994,158.335007,158.378006,-1.143201,-1.139374,-1.145302
2026.03.20 05:00,0.00636,0.006361,0.006358,0.006359,158.367996,158.431,158.339996,158.417007,-1.148835,-1.144364,-1.147214
2026.03.20 06:00,0.006359,0.006362,0.006357,0.006359,158.417007,158.434006,158.326996,158.414001,-1.139468,-1.143721,-1.144208
2026.03.20 07:00,0.006359,0.006364,0.006357,0.006363,158.414993,158.451004,158.274002,158.287003,-1.144103,-1.140125,-1.140776
2026.03.20 08:00,0.006363,0.006365,0.006356,0.006356,158.294006,158.490005,158.248001,158.481003,-1.15835,-1.138805,-1.149347
2026.03.20 09:00,0.006356,0.006357,0.006341,0.006342,158.487,158.860992,158.442993,158.828995,-1.157162,-1.136093,-1.150026
2026.03.20 10:00,0.006342,0.006349,0.00634,0.006347,158.830994,158.899002,158.671005,158.703995,-1.15786,-1.153482,-1.149248
2026.03.20 11:00,0.006347,0.006355,0.006347,0.006353,158.716995,158.727005,158.511002,158.578995,-1.159842,-1.14221,-1.160657
2026.03.20 12:00,0.006353,0.006355,0.006347,0.006347,158.572998,158.712997,158.511993,158.692993,-1.15825,-1.155586,-1.150648
2026.03.20 13:00,0.006348,0.006349,0.006334,0.006335,158.695999,159.020996,158.666,159.014008,-1.155338,-1.148477,-1.160812
2026.03.20 14:00,0.006334,0.006336,0.006328,0.00633,159.018997,159.179001,159.001007,159.119003,-1.16367,-1.160272,-1.153595
2026.03.20 15:00,0.006331,0.006337,0.006325,0.006326,159.126999,159.266006,158.955994,159.259003,-1.163239,-1.152618,-1.168735
2026.03.20 16:00,0.006326,0.00633,0.006324,0.006325,159.255997,159.285995,159.141006,159.264999,-1.170726,-1.150647,-1.162232
2026.03.20 17:00,0.006326,0.00633,0.006321,0.006326,159.268005,159.360001,159.134003,159.216003,-1.157183,-1.156114,-1.150719
2026.03.20 18:00,0.006327,0.006328,0.00632,0.006322,159.216003,159.386002,159.177002,159.341995,-1.158158,-1.161671,-1.151694
2026.03.20 19:00,0.006322,0.006326,0.00632,0.006324,159.352997,159.371994,159.222,159.294006,-1.156658,-1.156716,-1.153738
2026.03.20 20:00,0.006324,0.006328,0.006322,0.006322,159.298004,159.332001,159.184998,159.214996,-1.141699,-1.1447,-1.024695
2026.03.23 00:00,0.006329,0.006335,0.006314,0.006316,159.149002,159.522995,159.003006,159.492004,-1.157323,-1.14981,-1.151414
2026.03.23 01:00,0.006315,0.006322,0.006314,0.006316,159.496994,159.528,159.324005,159.473999,-1.149796,-1.133704,-1.145947
2026.03.23 02:00,0.006316,0.006318,0.006311,0.006314,159.473007,159.587006,159.408005,159.514008,-1.146064,-1.142589,-1.135803
2026.03.23 03:00,0.006314,0.006322,0.006311,0.006317,159.524002,159.617004,159.317993,159.453995,-1.150961,-1.127692,-1.151
2026.03.23 04:00,0.006317,0.006321,0.006316,0.006319,159.445999,159.464005,159.335999,159.389999,-1.148476,-1.133181,-1.137109
2026.03.23 05:00,0.006319,0.006321,0.006311,0.006313,159.389999,159.584,159.347,159.561996,-1.143058,-1.144182,-1.14616
2026.03.23 06:00,0.006312,0.006316,0.006309,0.006316,159.567993,159.656998,159.457001,159.472,-1.140715,-1.141472,-1.143948
2026.03.23 07:00,0.006316,0.00632,0.006311,0.006311,159.459,159.626007,159.373001,159.585999,-1.159964,-1.132635,-1.145057
2026.03.23 08:00,0.006311,0.006322,0.006309,0.006318,159.580002,159.651993,159.296997,159.429993,-1.160828,-1.13171,-1.15206
2026.03.23 09:00,0.006318,0.006319,0.006311,0.006313,159.434006,159.602005,159.397995,159.544006,-1.161063,-1.145105,-1.153256
2026.03.23 10:00,0.006313,0.006316,0.006311,0.006311,159.535004,159.630997,159.475006,159.619995,-1.164953,-1.146954,-1.153952
2026.03.23 11:00,0.006311,0.006365,0.006311,0.006338,159.619003,159.630997,158.225998,158.919006,-1.164953,-1.129146,-1.140523
2026.03.23 12:00,0.006338,0.006355,0.006334,0.006355,158.925003,159.039001,158.481995,158.509003,-1.148423,-1.137958,-1.140211
2026.03.23 13:00,0.006355,0.006358,0.006347,0.006357,158.505005,158.720993,158.416,158.457001,-1.15383,-1.133836,-1.1501
2026.03.23 14:00,0.006357,0.006367,0.006355,0.006357,158.453003,158.503006,158.190002,158.429993,-1.146599,-1.130158,-1.135455
2026.03.23 15:00,0.006357,0.006367,0.006344,0.006347,158.423996,158.766998,158.205994,158.701004,-1.125323,-1.133823,-1.146257
2026.03.23 16:00,0.006347,0.006351,0.006341,0.006348,158.692993,158.843994,158.584,158.681,-1.140164,-1.140871,-1.151067
2026.03.23 17:00,0.006348,0.006359,0.006346,0.006357,158.681,158.731003,158.397995,158.445007,-1.151422,-1.128201,-1.15047
2026.03.23 18:00,0.006357,0.006375,0.006354,0.006372,158.440002,158.524994,158.014008,158.072006,-1.143816,-1.138964,-1.135411
2026.03.23 19:00,0.006373,0.006373,0.006358,0.006359,158.069,158.421005,158.059006,158.417999,-1.138841,-1.14703,-1.148206
2026.03.23 20:00,0.006359,0.00636,0.006356,0.00636,158.414001,158.475006,158.365997,158.431,-1.14335,-1.133293,-1.198295
2026.03.23 22:00,0.00636,0.006363,0.006358,0.006361,158.375,158.410004,158.270004,158.330002,-1.127839,-1.099084,-1.12201
2026.03.23 23:00,0.006361,0.006363,0.006354,0.006355,158.319,158.507996,158.261002,158.488998,-1.126817,-1.114775,-1.144962
2026.03.24 00:00,0.006355,0.006357,0.006345,0.006351,158.485001,158.707001,158.425003,158.572006,-1.115001,-1.118102,-1.128878
2026.03.24 01:00,0.006351,0.006357,0.006349,0.006351,158.570999,158.641006,158.438995,158.584,-1.123483,-1.144458,-1.116085
2026.03.24 02:00,0.006351,0.006355,0.006347,0.006347,158.582001,158.673996,158.492004,158.658005,-1.131651,-1.123212,-1.11566
2026.03.24 03:00,0.006348,0.00635,0.006344,0.006345,158.656006,158.742996,158.602005,158.731003,-1.126163,-1.121688,-1.126593
2026.03.24 04:00,0.006344,0.006346,0.006342,0.006344,158.723007,158.794006,158.701996,158.748001,-1.115037,-1.122416,-1.118742
2026.03.24 05:00,0.006344,0.006351,0.006343,0.006349,158.748001,158.781998,158.563004,158.619003,-1.127893,-1.119875,-1.113888
2026.03.24 06:00,0.006349,0.006352,0.006346,0.006351,158.626007,158.714005,158.556,158.600006,-1.134424,-1.125268,-1.132091
2026.03.24 07:00,0.006351,0.006358,0.006349,0.006355,158.593994,158.636993,158.397995,158.494003,-1.131878,-1.11583,-1.125211
2026.03.24 08:00,0.006354,0.006357,0.006347,0.006348,158.492996,158.667007,158.423004,158.645004,-1.11226,-1.116104,-1.115071
2026.03.24 09:00,0.006348,0.006349,0.006343,0.006349,158.651001,158.772995,158.604996,158.623001,-1.118891,-1.112275,-1.105478
2026.03.24 10:00,0.006348,0.006349,0.006342,0.006347,158.623001,158.796997,158.608002,158.684998,-1.118028,-1.115281,-1.117835
2026.03.24 11:00,0.006346,0.006349,0.006342,0.006344,158.688004,158.794006,158.602997,158.768997,-1.115037,-1.097882,-1.127322
2026.03.24 12:00,0.006343,0.006347,0.00634,0.006341,158.766998,158.858002,158.682999,158.811005,-1.11686,-1.115836,-1.107175
2026.03.24 13:00,0.006342,0.006343,0.006336,0.006342,158.815994,158.953995,158.759003,158.802994,-1.11326,-1.104898,-1.124025
2026.03.24 14:00,0.006342,0.006351,0.006342,0.006345,158.804001,158.809006,158.539993,158.723999,-1.117613,-1.096865,-1.119589
2026.03.24 15:00,0.006345,0.006349,0.006338,0.006338,158.731003,158.901001,158.621002,158.899002,-1.122518,-1.115887,-1.120519
2026.03.24 16:00,0.006338,0.006342,0.006336,0.006338,158.897003,158.947998,158.791,158.912994,-1.119711,-1.112031,-1.122072
2026.03.24 17:00,0.006337,0.006338,0.006326,0.00633,158.914993,159.190002,158.912994,159.072998,-1.112233,-1.122072,-1.10759
2026.03.24 18:00,0.006331,0.00634,0.006328,0.006336,159.063995,159.167007,158.843994,158.964996,-1.12671,-1.102852,-1.124262
2026.03.24 19:00,0.006336,0.00634,0.006334,0.006335,158.972,158.996002,158.843994,158.987,-1.117879,-1.115284,-1.133804
2026.03.24 20:00,0.006335,0.006359,0.006333,0.006344,158.981003,159.033997,158.354004,158.686996,-1.13095,-1.096579,-1.057737
2026.03.24 22:00,0.006344,0.00635,0.006342,0.006347,158.617004,158.764008,158.587997,158.684006,-1.097472,-1.107681,-1.116843
2026.03.24 23:00,0.006347,0.006349,0.006344,0.006345,158.669006,158.757004,158.619003,158.699005,-1.115329,-1.10148,-1.107005
2026.03.25 00:00,0.006345,0.006351,0.00634,0.006347,158.699997,158.835007,158.561005,158.643005,-1.093865,-1.09309,-1.100661
2026.03.25 01:00,0.006347,0.006349,0.006343,0.006344,158.639999,158.755005,158.600006,158.712997,-1.100901,-1.082483,-1.083738
2026.03.25 02:00,0.006344,0.006345,0.00634,0.00634,158.707001,158.832993,158.675995,158.802002,-1.104282,-1.083995,-1.085733
2026.03.25 03:00,0.00634,0.006342,0.00634,0.00634,158.796005,158.826004,158.746994,158.796997,-1.084862,-1.080458,-1.080728
2026.03.25 04:00,0.006338,0.006338,0.006335,0.006338,158.796997,158.940002,158.781006,158.878006,-1.086807,-1.014972,-1.087083
2026.03.25 05:00,0.006338,0.006338,0.006332,0.006334,158.871994,159.020004,158.871994,158.985001,-1.092014,-1.081071,-1.094422
2026.03.25 06:00,0.006333,0.006335,0.006331,0.006333,158.985992,159.044998,158.945007,159.003998,-1.092068,-1.091812,-1.100951
2026.03.25 07:00,0.006333,0.006336,0.006327,0.006327,158.996994,159.147003,158.936005,159.134995,-1.094213,-1.09527,-1.082204
2026.03.25 08:00,0.006328,0.006344,0.006326,0.006342,159.130005,159.201004,158.714996,158.757996,-1.110737,-1.098163,-1.09146
2026.03.25 09:00,0.006342,0.006344,0.006335,0.006338,158.768005,158.960999,158.718002,158.880005,-1.107803,-1.088743,-1.089082
2026.03.25 10:00,0.006338,0.006339,0.006334,0.006338,158.886002,158.972,158.839996,158.884995,-1.093877,-1.086409,-1.094072
2026.03.25 11:00,0.006338,0.00634,0.006336,0.006339,158.888,158.949997,158.811996,158.848007,-1.109262,-1.095727,-1.09442
2026.03.25 12:00,0.00634,0.006343,0.00633,0.006332,158.848007,159.085007,158.757004,159.014999,-1.094647,-1.102899,-1.099482
2026.03.25 13:00,0.006332,0.006336,0.006327,0.006328,159.020996,159.160995,158.929993,159.139008,-1.108205,-1.101705,-1.09871
2026.03.25 14:00,0.006328,0.006334,0.006325,0.006332,159.143005,159.203003,158.988007,159.050003,-1.100235,-1.097428,-1.10955
2026.03.25 15:00,0.006332,0.006332,0.006324,0.006326,159.042007,159.246002,159.018997,159.205002,-1.105734,-1.10348,-1.127233
2026.03.25 16:00,0.006326,0.006328,0.006321,0.006324,159.199997,159.298004,159.115997,159.238007,-1.095187,-1.08819,-1.097738
2026.03.25 17:00,0.006324,0.006328,0.006322,0.006324,159.244003,159.289993,159.145996,159.255005,-1.099692,-1.105698,-1.114736
2026.03.25 18:00,0.006323,0.006324,0.006316,0.006317,159.246994,159.449005,159.231003,159.412003,-1.108415,-1.10324,-1.109008
2026.03.25 19:00,0.006317,0.006317,0.006313,0.006316,159.414993,159.501007,159.406006,159.451996,-1.110257,-1.103012,-1.111405
2026.03.25 20:00,0.006316,0.006316,0.006313,0.006315,159.455002,159.494003,159.427002,159.464005,-1.103253,-1.098949,-1.110874
2026.03.25 22:00,0.006314,0.006318,0.006313,0.006316,159.380005,159.464005,159.356995,159.406006,-1.060707,-1.066532,-1.065415
2026.03.25 23:00,0.006316,0.006317,0.006314,0.006316,159.403,159.429001,159.362,159.384995,-1.063329,-1.059005,-1.056942
2026.03.26 00:00,0.006316,0.006318,0.006312,0.006313,159.384995,159.501007,159.320007,159.468002,-1.072619,-1.054591,-1.064704
2026.03.26 01:00,0.006313,0.006316,0.006311,0.006313,159.468002,159.513,159.380005,159.470001,-1.059503,-1.051952,-1.054165
2026.03.26 02:00,0.006313,0.006314,0.00631,0.006311,159.468994,159.537003,159.427994,159.514999,-1.058399,-1.062322,-1.061502
2026.03.26 03:00,0.006311,0.006316,0.006311,0.006313,159.518997,159.528,159.397995,159.449005,-1.061956,-1.057405,-1.045707
2026.03.26 04:00,0.006313,0.006317,0.006313,0.006314,159.442993,159.466995,159.360992,159.427002,-1.076245,-1.057998,-1.06133
2026.03.26 05:00,0.006314,0.006317,0.006312,0.006312,159.427002,159.490005,159.367004,159.479004,-1.061618,-1.06401,-1.050616
2026.03.26 06:00,0.006312,0.00632,0.006311,0.00632,159.485001,159.505005,159.274994,159.304001,-1.064063,-1.04715,-1.063635
2026.03.26 07:00,0.00632,0.00632,0.006312,0.006312,159.309998,159.501007,159.289993,159.494003,-1.072619,-1.062149,-1.065615
2026.03.26 08:00,0.006312,0.006314,0.00631,0.006313,159.492004,159.541,159.429993,159.460999,-1.062397,-1.064321,-1.070248
2026.03.26 09:00,0.006313,0.006314,0.006311,0.006312,159.460999,159.535995,159.425995,159.483994,-1.069952,-1.060323,-1.055606
2026.03.26 10:00,0.006312,0.006315,0.006309,0.006313,159.483002,159.548004,159.417007,159.481003,-1.056839,-1.063877,-1.065167
2026.03.26 11:00,0.006313,0.006313,0.006305,0.006305,159.483994,159.669006,159.460999,159.649994,-1.064719,-1.057701,-1.058287
2026.03.26 12:00,0.006305,0.006309,0.006303,0.006307,159.651993,159.695007,159.529007,159.626999,-1.052981,-1.037842,-1.073007
2026.03.26 13:00,0.006307,0.006313,0.006306,0.006311,159.626999,159.656006,159.460999,159.516006,-1.076876,-1.070248,-1.062509
2026.03.26 14:00,0.006311,0.006316,0.006308,0.00631,159.522003,159.602997,159.423004,159.546997,-1.074146,-1.082414,-1.068394
2026.03.26 15:00,0.00631,0.006311,0.006304,0.006306,159.548996,159.694,159.526993,159.653,-1.06456,-1.073495,-1.07387
2026.03.26 16:00,0.006306,0.006307,0.006304,0.006305,159.654007,159.699005,159.608994,159.654999,-1.069564,-1.055002,-1.063291
2026.03.26 17:00,0.006305,0.006307,0.006301,0.006301,159.656006,159.764999,159.623993,159.761002,-1.060026,-1.070001,-1.068624
2026.03.26 18:00,0.006302,0.006303,0.0063,0.006303,159.755005,159.800995,159.709,159.735001,-1.070836,-1.066973,-1.080387
2026.03.26 19:00,0.006303,0.006303,0.006297,0.006299,159.738998,159.832001,159.727005,159.824005,-1.038826,-1.072391,-1.068641
2026.03.26 20:00,0.006299,0.006318,0.006297,0.006301,159.815994,159.845001,159.326996,159.800995,-1.051826,-1.06158,-1.083436
2026.03.26 22:00,0.006303,0.006305,0.006301,0.006305,159.669998,159.742996,159.613998,159.649994,-1.038023,-1.022291,-1.058287
2026.03.26 23:00,0.006305,0.006306,0.006303,0.006303,159.634995,159.727005,159.615997,159.718002,-1.059813,-1.036868,-1.05081
2026.03.27 00:00,0.006303,0.006312,0.006301,0.006309,159.718002,159.764008,159.470993,159.548996,-1.059035,-1.042605,-1.045267
2026.03.27 01:00,0.006309,0.006313,0.006307,0.006312,159.548996,159.595001,159.442993,159.473007,-1.053581,-1.039695,-1.044619
2026.03.27 02:00,0.006313,0.006313,0.006308,0.00631,159.472,159.582993,159.442001,159.526001,-1.054142,-1.051251,-1.047398
2026.03.27 03:00,0.006311,0.006311,0.006307,0.006307,159.524994,159.623993,159.494995,159.613007,-1.057439,-1.041498,-1.046453
2026.03.27 04:00,0.006307,0.006309,0.006306,0.006307,159.608994,159.643005,159.544998,159.613998,-1.063876,-1.041269,-1.047444
2026.03.27 05:00,0.006306,0.006309,0.006305,0.006306,159.613998,159.647995,159.565002,159.621002,-1.056288,-1.04872,-1.041873
2026.03.27 06:00,0.006306,0.006308,0.006301,0.006301,159.615005,159.768997,159.565002,159.746002,-1.064024,-1.036152,-1.053625
2026.03.27 07:00,0.006301,0.006302,0.006293,0.006294,159.742004,159.975998,159.727005,159.940002,-1.056651,-1.047221,-1.058527
2026.03.27 08:00,0.006293,0.006301,0.006293,0.006298,159.938995,159.951996,159.744003,159.828995,-1.045279,-1.051626,-1.048429
2026.03.27 09:00,0.006298,0.006301,0.006293,0.006297,159.832001,159.940994,159.755005,159.858002,-1.046893,-1.050032,-1.052227
2026.03.27 10:00,0.006297,0.0063,0.006293,0.006295,159.858002,159.945007,159.768005,159.910995,-1.050906,-1.037847,-1.042144
2026.03.27 11:00,0.006295,0.006299,0.006294,0.006297,159.910995,159.936005,159.802002,159.850998,-1.054529,-1.046638,-1.045223
2026.03.27 12:00,0.006297,0.0063,0.006295,0.006297,159.856003,159.929001,159.785004,159.873993,-1.060149,-1.054845,-1.055604
2026.03.27 13:00,0.006297,0.006299,0.006293,0.006296,159.867004,159.951996,159.826004,159.891006,-1.057895,-1.058046,-1.060002
2026.03.27 14:00,0.006296,0.006299,0.006295,0.006296,159.865005,159.919998,159.789001,159.886993,-1.051146,-1.046241,-1.055989
2026.03.27 15:00,0.006296,0.006303,0.006285,0.006285,159.889008,160.171997,159.692001,160.162994,-1.063011,-1.049975,-1.066656
2026.03.27 16:00,0.006285,0.006289,0.00628,0.006286,160.164993,160.294998,160.059006,160.132996,-1.059326,-1.051218,-1.049315
2026.03.27 17:00,0.006286,0.006289,0.006276,0.006278,160.143997,160.414001,160.061996,160.330002,-1.064153,-1.041563,-1.043601
2026.03.27 18:00,0.006278,0.006282,0.006276,0.006282,160.330002,160.393997,160.238007,160.240005,-1.056835,-1.065702,-1.042367
2026.03.27 19:00,0.006282,0.006286,0.00628,0.006285,160.240005,160.292007,160.134003,160.139999,-1.069015,-1.050322,-1.043661
2026.03.27 20:00,0.006285,0.006287,0.006278,0.00628,160.143005,160.328003,160.095993,160.266006,-1.05429,-1.050262,-1.043014
2026.03.29 23:00,0.006274,0.006282,0.006273,0.006282,160.406006,160.442001,160.216995,160.229996,-1.028643,-1.019357,-1.032357
2026.03.30 00:00,0.006282,0.006295,0.006281,0.006295,160.223999,160.25,159.871002,159.875,-1.039686,-1.02738,-1.031378
2026.03.30 01:00,0.006295,0.006297,0.006291,0.006293,159.873001,159.996994,159.835999,159.921005,-1.039758,-1.030224,-1.026904
2026.03.30 02:00,0.006293,0.006301,0.006291,0.006297,159.923996,159.987,159.746994,159.841995,-1.042387,-1.029435,-1.04882
2026.03.30 03:00,0.006297,0.006301,0.006297,0.006299,159.839996,159.843994,159.727997,159.783997,-1.050819,-1.03562,-1.041236
2026.03.30 04:00,0.006299,0.006305,0.006299,0.006299,159.781998,159.798004,159.649002,159.783005,-1.04264,-1.032145,-1.040245
2026.03.30 05:00,0.006299,0.006304,0.006299,0.006301,159.789993,159.809006,159.662994,159.718994,-1.041048,-1.033554,-1.026617
2026.03.30 06:00,0.006302,0.006307,0.006297,0.006299,159.727997,159.835999,159.602997,159.798996,-1.030224,-1.036443,-1.031038
2026.03.30 07:00,0.006299,0.006308,0.006297,0.006299,159.800995,159.856995,159.563004,159.774994,-1.038606,-1.034153,-1.032234
2026.03.30 08:00,0.006299,0.006307,0.006299,0.006303,159.770004,159.809006,159.578995,159.684006,-1.041048,-1.025003,-1.029392
2026.03.30 09:00,0.006303,0.006307,0.006301,0.006307,159.684998,159.725998,159.563995,159.595001,-1.033621,-1.022575,-1.028447
2026.03.30 10:00,0.006307,0.006311,0.006305,0.006307,159.597,159.643997,159.477997,159.606003,-1.03971,-1.037055,-1.039449
2026.03.30 11:00,0.006307,0.006314,0.006307,0.00631,159.598007,159.606995,159.399002,159.514008,-1.040441,-1.020798,-1.035404
2026.03.30 12:00,0.00631,0.006318,0.006308,0.006316,159.511002,159.563995,159.326996,159.371002,-1.035145,-1.036533,-1.030412
2026.03.30 13:00,0.006316,0.006318,0.006309,0.006309,159.363998,159.544998,159.317001,159.518997,-1.028715,-1.026539,-1.027832
2026.03.30 14:00,0.006309,0.006311,0.006305,0.006309,159.522995,159.617996,159.487,159.528,-1.026289,-1.020956,-1.024271
2026.03.30 15:00,0.006309,0.006315,0.006305,0.006311,159.531006,159.639008,159.378006,159.483002,-1.022151,-1.024876,-1.04206
2026.03.30 16:00,0.006311,0.006314,0.006309,0.006313,159.473007,159.507996,159.401993,159.442001,-1.016831,-1.023789,-1.038703
2026.03.30 17:00,0.006313,0.006314,0.006307,0.006307,159.436996,159.587997,159.410004,159.559006,-1.034005,-1.031799,-1.017586
2026.03.30 18:00,0.006307,0.006313,0.006304,0.006305,159.563995,159.638,159.442001,159.615997,-1.00856,-1.026165,-1.01171
2026.03.30 19:00,0.006305,0.006305,0.006301,0.006303,159.623993,159.712997,159.604004,159.690994,-1.02062,-1.012297,-1.023802
2026.03.30 20:00,0.006303,0.006305,0.006301,0.006301,159.686005,159.738998,159.628006,159.697998,-1.02144,-1.011149,-0.993025
2026.03.30 22:00,0.0063,0.006301,0.006297,0.006297,159.716003,159.806,159.675995,159.783997,-1.012825,-0.971022,-0.990821
2026.03.30 23:00,0.006297,0.006299,0.006294,0.006296,159.800003,159.865997,159.787994,159.837006,-0.984522,-1.045234,-1.006001
2026.03.31 00:00,0.006297,0.006302,0.006293,0.006295,159.837997,159.938004,159.682999,159.878006,-1.018657,-1.003215,-1.021776
2026.03.31 01:00,0.006295,0.006303,0.006291,0.0063,159.873993,159.970001,159.658997,159.748993,-1.000127,-1.01697,-1.018834
2026.03.31 02:00,0.006301,0.006307,0.006299,0.006305,159.742004,159.779999,159.578995,159.602005,-1.012041,-1.012441,-1.010298
2026.03.31 03:00,0.006305,0.006306,0.0063,0.006301,159.598007,159.744003,159.591003,159.720001,-1.013845,-1.011874,-1.027624
2026.03.31 04:00,0.006301,0.006305,0.006301,0.006305,159.714996,159.729004,159.593002,159.617996,-1.024031,-1.001295,-1.013709
2026.03.31 05:00,0.006305,0.006311,0.006305,0.006305,159.612,159.634003,159.473999,159.608994,-1.017146,-1.007956,-1.004707
2026.03.31 06:00,0.006305,0.006309,0.0063,0.006301,159.602997,159.742004,159.485992,159.725998,-1.011846,-0.994827,-1.008439
2026.03.31 07:00,0.006301,0.006305,0.006298,0.006304,159.718002,159.787003,159.615997,159.634995,-1.006437,-0.99914,-1.005554
2026.03.31 08:00,0.006304,0.006309,0.006303,0.006307,159.639999,159.677994,159.516006,159.570007,-1.010802,-0.999724,-1.003453
2026.03.31 09:00,0.006307,0.006309,0.006303,0.006304,159.563004,159.675003,159.501007,159.647003,-1.020389,-1.009842,-1.017563
2026.03.31 10:00,0.006303,0.006305,0.006299,0.006301,159.639999,159.772003,159.630005,159.727005,-1.016639,-1.013148,-1.009446
2026.03.31 11:00,0.006301,0.006316,0.006299,0.006313,159.727005,159.761993,159.358994,159.416,-1.00663,-1.018403,-1.012702
2026.03.31 12:00,0.006313,0.006316,0.006307,0.006315,159.414993,159.565002,159.337997,159.358994,-1.011011,-1.009945,-1.005863
2026.03.31 13:00,0.006315,0.006326,0.006311,0.006326,159.358994,159.442001,159.044998,159.076004,-1.00106,-0.979714,-0.985737
2026.03.31 14:00,0.006326,0.006338,0.006316,0.006325,159.089005,159.320007,159.039993,159.087997,-1.004479,-1.26151,-0.98523
2026.03.31 15:00,0.006325,0.006334,0.006324,0.006326,159.098007,159.121994,158.889008,159.076004,-1.006724,-0.998429,-0.998235
2026.03.31 16:00,0.006326,0.006336,0.006321,0.006331,159.072998,159.203995,158.811005,158.951004,-1.001177,-0.995174,-0.998074
2026.03.31 17:00,0.006331,0.00634,0.006331,0.006332,158.951004,158.960007,158.740997,158.940994,-1.007077,-0.999855,-1.000541
2026.03.31 18:00,0.006331,0.006338,0.006331,0.006334,158.940002,158.966003,158.781006,158.873993,-1.013074,-0.990083,-1.008335
2026.03.31 19:00,0.006334,0.006342,0.00633,0.00634,158.869995,158.998993,158.673996,158.710007,-1.008633,-0.995027,-0.993737
2026.03.31 20:00,0.00634,0.006344,0.006339,0.006341,158.710007,158.764008,158.647995,158.714996,-1.01042,-1.00632,-1.011166
2026.03.31 22:00,0.00634,0.00634,0.006336,0.00634,158.679001,158.819,158.664993,158.712997,-0.990713,-0.948724,-0.984287
2026.03.31 23:00,0.00634,0.006347,0.006338,0.006345,158.723999,158.778,158.550995,158.585999,-0.999517,-0.983832,-0.993999
2026.04.01 00:00,0.006345,0.006351,0.006335,0.006338,158.587006,158.841995,158.440002,158.778,-0.9888,-0.984488,-0.987077
2026.04.01 01:00,0.006338,0.006339,0.006328,0.006338,158.781998,159.013,158.725998,158.757004,-0.99767,-0.972411,-0.978521
2026.04.01 02:00,0.006338,0.006342,0.006337,0.00634,158.755997,158.787994,158.651001,158.716995,-0.984619,-0.972032,-0.975853
2026.04.01 03:00,0.00634,0.006345,0.006334,0.006334,158.714996,158.862,158.578003,158.856995,-0.983876,-0.973593,-0.991336
2026.04.01 04:00,0.006336,0.006337,0.006331,0.006337,158.858002,158.934998,158.772003,158.781998,-0.982068,-0.968628,-0.978622
2026.04.01 05:00,0.006337,0.006344,0.006332,0.006342,158.779999,158.919998,158.610001,158.669998,-0.992008,-0.968326,-0.978605
2026.04.01 06:00,0.006342,0.006357,0.006342,0.006357,158.675003,158.686996,158.281998,158.307007,-0.995604,-0.98746,-0.98773
2026.04.01 07:00,0.006357,0.006358,0.006338,0.006338,158.300003,158.792007,158.266006,158.772995,-1.001085,-0.983842,-0.982072
2026.04.01 08:00,0.006337,0.006351,0.006334,0.006345,158.766998,158.871002,158.412994,158.572006,-0.992879,-0.969866,-0.980006
2026.04.01 09:00,0.006345,0.006349,0.006338,0.00634,158.572006,158.772995,158.475006,158.705002,-0.994512,-0.969891,-0.976291
2026.04.01 10:00,0.00634,0.006347,0.006339,0.006347,158.703995,158.731003,158.505997,158.511002,-0.977416,-0.963652,-0.968657
2026.04.01 11:00,0.006347,0.006355,0.006347,0.006355,158.509003,158.548004,158.337997,158.339996,-0.980841,-0.98159,-0.983589
2026.04.01 12:00,0.006355,0.006357,0.006345,0.006347,158.343994,158.578995,158.287003,158.520996,-0.986995,-0.980102,-0.978651
2026.04.01 13:00,0.006347,0.00635,0.006342,0.006342,158.528,158.671997,158.449997,158.604996,-0.980604,-0.96968,-0.926027
2026.04.01 14:00,0.006342,0.00635,0.006334,0.006349,158.612,158.757004,158.457993,158.481003,-0.866426,-0.977676,-0.975888
2026.04.01 15:00,0.006349,0.006352,0.00634,0.006343,158.481003,158.695007,158.399002,158.626007,-0.978738,-0.96827,-0.971903
2026.04.01 16:00,0.006344,0.006347,0.00634,0.006347,158.621002,158.727997,158.537994,158.548996,-0.986855,-0.970832,-0.981833
2026.04.01 17:00,0.006347,0.006351,0.00634,0.00634,158.548996,158.720993,158.442993,158.710007,-0.992283,-0.975078,-0.993737
2026.04.01 18:00,0.00634,0.00634,0.006334,0.006334,158.703003,158.862,158.682999,158.848007,-0.983876,-0.966729,-0.969884
2026.04.01 19:00,0.006334,0.006334,0.00633,0.006332,158.850998,158.945007,158.830994,158.901001,-0.979599,-0.965335,-0.985483
2026.04.01 20:00,0.006332,0.006338,0.006332,0.006336,158.895996,158.904999,158.735001,158.783997,-0.977009,-0.956517,-0.943262
2026.04.01 22:00,0.006336,0.006344,0.006336,0.006342,158.690002,158.731995,158.570007,158.608002,-0.903707,-0.928332,-0.941466
2026.04.01 23:00,0.006342,0.006345,0.006338,0.006338,158.604004,158.716003,158.528,158.710007,-0.93752,-0.936,-0.931524
2026.04.02 00:00,0.006338,0.006344,0.006336,0.00634,158.699005,158.763,158.574005,158.664993,-0.934713,-0.93233,-0.948724
2026.04.02 01:00,0.00634,0.006342,0.006316,0.006316,158.656998,159.285995,158.593994,159.274994,-0.945405,-0.927458,-0.934404
2026.04.02 02:00,0.006316,0.00632,0.006307,0.00631,159.281006,159.477005,159.164001,159.419998,-0.935585,-0.936157,-0.941395
2026.04.02 03:00,0.00631,0.006314,0.006309,0.006312,159.412003,159.445007,159.302994,159.367004,-0.941279,-0.937322,-0.938617
2026.04.02 04:00,0.006311,0.006314,0.00631,0.006313,159.358002,159.434006,159.322998,159.339996,-0.955402,-0.944794,-0.949246
2026.04.02 05:00,0.006313,0.006313,0.006309,0.006309,159.332993,159.444,159.324997,159.434006,-0.952835,-0.934247,-0.942841
2026.04.02 06:00,0.00631,0.006315,0.006309,0.006311,159.438004,159.464996,159.294006,159.384003,-0.948714,-0.940876,-0.943061
2026.04.02 07:00,0.006312,0.006312,0.006299,0.006305,159.382996,159.712997,159.365997,159.567993,-0.94504,-0.937609,-0.951136
2026.04.02 08:00,0.006304,0.006305,0.006299,0.006301,159.572006,159.703995,159.541,159.673004,-0.961235,-0.949293,-0.955445
2026.04.02 09:00,0.006301,0.006305,0.006299,0.006305,159.673004,159.727005,159.556,159.557007,-0.959047,-0.939143,-0.94015
2026.04.02 10:00,0.006305,0.006305,0.006299,0.0063,159.563995,159.699997,159.537003,159.681,-0.957237,-0.945295,-0.950841
2026.04.02 11:00,0.0063,0.006301,0.006297,0.006299,159.682999,159.742996,159.666,159.697998,-0.949821,-0.961027,-0.955238
2026.04.02 12:00,0.006299,0.006305,0.006299,0.006302,159.699997,159.709,159.554001,159.625,-0.966239,-0.949714,-0.945216
2026.04.02 13:00,0.006303,0.006309,0.006299,0.006309,159.623993,159.688995,159.447006,159.459,-0.946235,-0.943277,-0.942717
2026.04.02 14:00,0.006309,0.006318,0.006307,0.006313,159.459,159.503006,159.233002,159.358994,-0.949014,-0.955069,-0.955696
2026.04.02 15:00,0.006313,0.006318,0.006312,0.006313,159.360992,159.388,159.223007,159.337006,-0.959613,-0.945075,-0.946255
2026.04.02 16:00,0.006314,0.006315,0.006307,0.006307,159.337006,159.511002,159.304001,159.509003,-0.95701,-0.950871,-0.955011
2026.04.02 17:00,0.006307,0.006307,0.006303,0.006303,159.503998,159.613007,159.488007,159.589996,-0.945815,-0.946586,-0.94797
2026.04.02 18:00,0.006304,0.006305,0.006299,0.006302,159.585999,159.727005,159.570007,159.625,-0.971641,-0.95315,-0.945216
2026.04.02 19:00,0.006303,0.006305,0.006301,0.006301,159.632996,159.679001,159.531998,159.660004,-0.961442,-0.94029,-0.955031
2026.04.02 20:00,0.006301,0.006305,0.006301,0.006303,159.673996,159.675995,159.524002,159.589996,-0.958436,-0.932295,-0.94797
2026.04.02 22:00,0.006303,0.006307,0.006303,0.006305,159.546005,159.600998,159.490997,159.533005,-0.933806,-0.924443,-0.941297
2026.04.02 23:00,0.006306,0.006307,0.006305,0.006307,159.526001,159.529999,159.475006,159.490005,-0.938291,-0.933586,-0.936014
2026.04.03 00:00,0.006307,0.00631,0.006302,0.006303,159.485992,159.626999,159.417999,159.595001,-0.947215,-0.939396,-0.952975
2026.04.03 01:00,0.006303,0.006305,0.006301,0.006301,159.593994,159.651993,159.537003,159.636993,-0.94702,-0.932716,-0.944616
2026.04.03 02:00,0.006302,0.006303,0.006299,0.0063,159.643005,159.712006,159.604996,159.664993,-0.956642,-0.937804,-0.934835
2026.04.03 03:00,0.006301,0.006303,0.006299,0.006303,159.671005,159.694,159.563995,159.570999,-0.938636,-0.921969,-0.928973
2026.04.05 23:00,0.006299,0.006301,0.006293,0.006295,159.675003,159.830002,159.595001,159.768997,-0.923285,-0.902624,-0.925375
2026.04.06 00:00,0.006295,0.0063,0.006294,0.006297,159.779007,159.802002,159.647003,159.744995,-0.920527,-0.916845,-0.926606
2026.04.06 01:00,0.006297,0.006301,0.006297,0.006299,159.740005,159.744003,159.604004,159.682007,-0.925615,-0.911627,-0.914049
2026.04.06 02:00,0.006299,0.006305,0.006299,0.006304,159.682007,159.690002,159.518005,159.548004,-0.934639,-0.926298,-0.918563
2026.04.06 03:00,0.006304,0.006305,0.006301,0.006301,159.548004,159.636993,159.526001,159.623001,-0.93202,-0.921714,-0.918028
2026.04.06 04:00,0.006301,0.006305,0.006301,0.006304,159.623993,159.632004,159.531998,159.569,-0.939627,-0.927711,-0.93956
2026.04.06 05:00,0.006303,0.006305,0.006303,0.006303,159.557999,159.580994,159.541,159.567001,-0.92638,-0.936713,-0.924975
2026.04.06 06:00,0.006304,0.006305,0.006301,0.006303,159.561996,159.653,159.535995,159.602005,-0.935441,-0.931708,-0.934813
2026.04.06 07:00,0.006303,0.006313,0.006299,0.006311,159.608002,159.709,159.334,159.384995,-0.941042,-0.918164,-0.931497
2026.04.06 08:00,0.006311,0.006314,0.006309,0.006311,159.382004,159.438995,159.292999,159.375,-0.935267,-0.927327,-0.934058
2026.04.06 09:00,0.006311,0.006313,0.006308,0.006309,159.386002,159.468002,159.335007,159.427994,-0.939152,-0.919171,-0.936829
2026.04.06 10:00,0.006309,0.00631,0.006304,0.006308,159.425995,159.557999,159.403,159.451996,-0.928558,-0.924397,-0.923145
2026.04.06 11:00,0.006308,0.006309,0.006303,0.006305,159.453995,159.587006,159.447006,159.550003,-0.932392,-0.930723,-0.933146
2026.04.06 12:00,0.006304,0.006312,0.006303,0.00631,159.552994,159.570999,159.350998,159.404007,-0.928973,-0.92261,-0.925404
2026.04.06 13:00,0.006311,0.006311,0.006306,0.006307,159.391998,159.503998,159.382004,159.477005,-0.924868,-0.928506,-0.923013
2026.04.06 14:00,0.006307,0.006311,0.006298,0.006298,159.475998,159.720993,159.389999,159.703003,-0.940428,-0.936502,-0.922437
2026.04.06 15:00,0.006298,0.006298,0.006295,0.006297,159.707993,159.802002,159.697998,159.707001,-0.93315,-0.917433,-0.913826
2026.04.06 16:00,0.006298,0.006301,0.006298,0.006299,159.703995,159.712006,159.610001,159.669006,-0.93144,-0.917623,-0.926246
2026.04.06 17:00,0.006299,0.006299,0.006295,0.006295,159.675003,159.796005,159.671005,159.768005,-0.927154,-0.915641,-0.924383
2026.04.06 18:00,0.006295,0.006303,0.006295,0.006299,159.770996,159.789993,159.582993,159.673996,-0.933763,-0.915801,-0.918632
2026.04.06 19:00,0.006299,0.006301,0.006297,0.006299,159.686996,159.733994,159.645004,159.692001,-0.940818,-0.927445,-0.936637
2026.04.06 20:00,0.006299,0.006299,0.006298,0.006299,159.690994,159.712997,159.634003,159.669998,-0.932432,-0.891243,-0.914634
2026.04.06 22:00,0.0063,0.006303,0.006299,0.006299,159.645996,159.710007,159.626007,159.654007,-0.954643,-0.971393,-0.911247
2026.04.06 23:00,0.006299,0.006299,0.006297,0.006299,159.667999,159.746994,159.645996,159.729004,-0.953819,-0.903236,-0.961046
2026.04.07 00:00,0.006298,0.006299,0.006293,0.006293,159.682999,159.876999,159.664001,159.869003,-0.957652,-0.908638,-0.962286
2026.04.07 01:00,0.006293,0.006295,0.006289,0.00629,159.820007,159.960999,159.774994,159.921005,-0.953211,-0.906142,-0.938492
2026.04.07 02:00,0.006291,0.006293,0.006289,0.006291,159.873001,159.968002,159.839005,159.910004,-0.947569,-0.919658,-0.952768
2026.04.07 03:00,0.006291,0.006293,0.006291,0.006293,159.863007,159.923004,159.809998,159.828003,-0.95313,-0.915896,-0.921286
2026.04.07 04:00,0.006293,0.006297,0.006293,0.006297,159.824005,159.867996,159.720001,159.770996,-0.948649,-0.914226,-0.952607
2026.04.07 05:00,0.006297,0.006297,0.006293,0.006295,159.727997,159.856003,159.716995,159.761002,-0.949286,-0.92382,-0.904772
2026.04.07 06:00,0.006295,0.006297,0.006294,0.006295,159.766998,159.850998,159.727005,159.774002,-0.969523,-0.92123,-0.90515
2026.04.07 07:00,0.006295,0.006295,0.006291,0.006291,159.781998,159.916,159.764008,159.856003,-0.958764,-0.907778,-0.911391
2026.04.07 08:00,0.006292,0.006307,0.006292,0.006307,159.860992,159.901993,159.473999,159.483994,-0.970014,-0.932579,-0.930002
2026.04.07 09:00,0.006307,0.006309,0.006301,0.006301,159.488998,159.636002,159.460999,159.636002,-0.918443,-0.944716,-0.931029
2026.04.07 10:00,0.006301,0.006301,0.006295,0.006295,159.632004,159.791,159.608994,159.776001,-0.93477,-0.916616,-0.919771
2026.04.07 11:00,0.006295,0.006296,0.006292,0.006293,159.783005,159.862,159.759995,159.826996,-0.930021,-0.92899,-0.920279
2026.04.07 12:00,0.006293,0.006297,0.006291,0.006295,159.822998,159.875,159.705002,159.778,-0.917764,-0.911827,-0.92177
2026.04.07 13:00,0.006295,0.006297,0.006291,0.006291,159.770996,159.891006,159.716995,159.882004,-0.921133,-0.92382,-0.91213
2026.04.07 14:00,0.006291,0.006295,0.006288,0.006288,159.882004,159.964996,159.770004,159.949997,-0.931915,-0.913774,-0.916916
2026.04.07 15:00,0.006288,0.006291,0.006285,0.006291,159.951004,160.029007,159.860001,159.891006,-0.920021,-0.915388,-0.921133
2026.04.07 16:00,0.006291,0.006295,0.00629,0.00629,159.895004,159.908997,159.787994,159.903,-0.926483,-0.919143,-0.920486
2026.04.07 17:00,0.006291,0.006299,0.006288,0.006295,159.904007,159.955994,159.694,159.781006,-0.922913,-0.938636,-0.924776
2026.04.07 18:00,0.006295,0.006299,0.006291,0.006293,159.779999,159.865997,159.690002,159.835007,-0.921385,-0.922045,-0.91566
2026.04.07 19:00,0.006293,0.006305,0.006292,0.006303,159.835007,159.867004,159.535004,159.572006,-0.935026,-0.930717,-0.917392
2026.04.07 20:00,0.006303,0.006307,0.006299,0.006301,159.578003,159.686996,159.496002,159.580994,-0.931633,-0.929448,-0.863435
2026.04.07 22:00,0.006306,0.006332,0.006293,0.006329,159.531998,159.738998,158.835999,158.845993,-0.832281,-0.920481,-0.843149
2026.04.07 23:00,0.006329,0.006342,0.006327,0.006336,158.919006,158.964005,158.587997,158.709,-0.911214,-0.921462,-0.893169
2026.04.08 00:00,0.006338,0.006344,0.006334,0.006338,158.714996,158.791,158.529999,158.686996,-0.912877,-0.913165,-0.908513
2026.04.08 01:00,0.006338,0.006352,0.006337,0.006349,158.688004,158.712997,158.335999,158.404999,-0.909622,-0.905267,-0.899884
2026.04.08 02:00,0.006349,0.006353,0.006342,0.006348,158.399994,158.576996,158.281998,158.427994,-0.91046,-0.888431,-0.898061
2026.04.08 03:00,0.006348,0.006351,0.006347,0.006349,158.429993,158.462006,158.341995,158.438995,-0.894843,-0.898867,-0.921472
2026.04.08 04:00,0.006349,0.006351,0.006347,0.006351,158.442001,158.460007,158.332993,158.348007,-0.90526,-0.889864,-0.880092
2026.04.08 05:00,0.006351,0.006364,0.006348,0.006354,158.348007,158.429993,158.138,158.270996,-0.90006,-1.004123,-0.889818
2026.04.08 06:00,0.006354,0.006363,0.006351,0.006357,158.276001,158.375,158.041,158.192993,-0.907085,-0.894774,-0.886093
2026.04.08 07:00,0.006357,0.006361,0.006351,0.006357,158.192993,158.365005,158.102997,158.214005,-0.909491,-0.895005,-0.894727
2026.04.08 08:00,0.006357,0.00636,0.006345,0.00635,158.212006,158.488007,158.117996,158.369003,-0.896007,-0.885292,-0.888686
2026.04.08 09:00,0.006351,0.006354,0.006345,0.006345,158.363998,158.496002,158.266006,158.485992,-0.891592,-0.884828,-0.893992
2026.04.08 10:00,0.006345,0.006349,0.006344,0.006348,158.483994,158.533997,158.376999,158.432007,-0.904738,-0.884278,-0.902074
2026.04.08 11:00,0.006348,0.006357,0.006346,0.006355,158.431,158.485001,158.210999,158.244003,-0.90542,-0.904098,-0.887596
2026.04.08 12:00,0.006355,0.006367,0.006353,0.006365,158.25,158.324005,157.940994,158.013,-0.905667,-0.893486,-0.903805
2026.04.08 13:00,0.006365,0.00637,0.006352,0.006355,158.005005,158.324997,157.880997,158.268005,-0.894265,-0.895127,-0.899213
2026.04.08 14:00,0.006354,0.006357,0.006349,0.006354,158.270996,158.419006,158.175003,158.279007,-0.901483,-0.880466,-0.897829
2026.04.08 15:00,0.006353,0.006355,0.006346,0.006349,158.279007,158.464996,158.246002,158.386002,-0.885416,-0.889595,-0.893281
2026.04.08 16:00,0.006349,0.006351,0.006345,0.006349,158.376999,158.496994,158.347,158.414993,-0.892584,-0.891485,-0.89747
2026.04.08 17:00,0.006349,0.006349,0.006344,0.006347,158.410004,158.522995,158.378998,158.427994,-0.893736,-0.886277,-0.873247
2026.04.08 18:00,0.006347,0.00635,0.006335,0.006336,158.425995,158.744003,158.371994,158.729004,-0.890808,-0.891677,-0.888269
2026.04.08 19:00,0.006336,0.006345,0.006333,0.006344,158.735992,158.794998,158.492004,158.524994,-0.891951,-0.887594,-0.883319
2026.04.08 20:00,0.006344,0.006344,0.00634,0.006342,158.533997,158.628998,158.509003,158.559998,-0.900287,-0.892169,-0.893462
2026.04.08 22:00,0.006342,0.006344,0.00634,0.00634,158.501999,158.582001,158.472,158.556,-0.85329,-0.842741,-0.839731
2026.04.08 23:00,0.006341,0.006341,0.006336,0.006337,158.552002,158.677994,158.546997,158.641998,-0.849706,-0.843167,-0.838623
2026.04.09 00:00,0.006338,0.006338,0.006328,0.006329,158.643005,158.871994,158.610992,158.852997,-0.856663,-0.844958,-0.850153
2026.04.09 01:00,0.00633,0.006332,0.006325,0.00633,158.850006,158.951996,158.781006,158.824005,-0.849228,-0.840553,-0.846116
2026.04.09 02:00,0.00633,0.006335,0.00633,0.006334,158.822998,158.856995,158.695999,158.718002,-0.866635,-0.842804,-0.852344
2026.04.09 03:00,0.006334,0.006336,0.006332,0.006334,158.716003,158.804993,158.684006,158.751999,-0.86454,-0.855718,-0.873876
2026.04.09 04:00,0.006336,0.006338,0.006334,0.006334,158.746994,158.753998,158.634003,158.729996,-0.875875,-0.855519,-0.851873
2026.04.09 05:00,0.006334,0.006334,0.006329,0.00633,158.727005,158.863007,158.707993,158.841995,-0.860162,-0.842334,-0.864106
2026.04.09 06:00,0.00633,0.006332,0.006326,0.006332,158.835999,158.929001,158.761002,158.783997,-0.851232,-0.845484,-0.856006
2026.04.09 07:00,0.006332,0.006333,0.006324,0.006324,158.776993,158.975998,158.761002,158.964005,-0.860728,-0.857955,-0.848735
2026.04.09 08:00,0.006325,0.006327,0.006319,0.006324,158.964005,159.106995,158.901993,158.992004,-0.854105,-0.849203,-0.851736
2026.04.09 09:00,0.006324,0.006326,0.006321,0.006324,159.001007,159.057007,158.931,158.985001,-0.854189,-0.853231,-0.857238
2026.04.09 10:00,0.006324,0.006326,0.00632,0.00632,158.979004,159.082001,158.945999,159.072006,-0.854157,-0.855732,-0.856671
2026.04.09 11:00,0.00632,0.00633,0.00632,0.006328,159.072998,159.087006,158.830994,158.889008,-0.84664,-0.853105,-0.8612
2026.04.09 12:00,0.006328,0.006329,0.006319,0.006324,158.882004,159.115005,158.847,158.996994,-0.862115,-0.844156,-0.856725
2026.04.09 13:00,0.006324,0.006328,0.00632,0.00632,158.992996,159.097,158.880005,159.078003,-0.856634,-0.839707,-0.850159
2026.04.09 14:00,0.00632,0.006324,0.006313,0.006316,159.082993,159.240997,158.983994,159.182007,-0.850247,-0.843725,-0.853954
2026.04.09 15:00,0.006316,0.006329,0.006311,0.006328,159.182999,159.296997,158.856995,158.869995,-0.856055,-0.85415,-0.854665
2026.04.09 16:00,0.006328,0.006338,0.006328,0.006333,158.862,158.899994,158.617004,158.757996,-0.859696,-0.85097,-0.854949
2026.04.09 17:00,0.006334,0.006336,0.006332,0.006332,158.755997,158.792999,158.669998,158.759995,-0.865009,-0.854168,-0.844477
2026.04.09 18:00,0.006333,0.006333,0.006322,0.006322,158.759003,159.024994,158.755997,159.003998,-0.847206,-0.85295,-0.838711
2026.04.09 19:00,0.006322,0.006324,0.00632,0.00632,159.001999,159.095993,158.962997,159.082993,-0.855627,-0.847728,-0.855148
2026.04.09 20:00,0.00632,0.006324,0.006318,0.006324,159.089005,159.132004,158.923996,158.947006,-0.854071,-0.808726,-0.806738
2026.04.09 22:00,0.006325,0.006325,0.006318,0.006319,158.960007,159.098999,158.923004,159.076004,-0.833583,-0.820236,-0.823114
2026.04.09 23:00,0.006319,0.006321,0.006318,0.006319,159.076004,159.123993,159.035995,159.091995,-0.846061,-0.833178,-0.839105
2026.04.10 00:00,0.00632,0.00632,0.006313,0.006315,159.085999,159.242004,159.080002,159.179993,-0.838706,-0.839636,-0.826862
2026.04.10 01:00,0.006316,0.006322,0.006313,0.006322,159.179993,159.229004,159.013,159.028,-0.838254,-0.835213,-0.837698
2026.04.10 02:00,0.006322,0.006322,0.006316,0.006316,159.031998,159.192993,159.011993,159.156006,-0.852403,-0.821692,-0.840478
2026.04.10 03:00,0.006316,0.006318,0.006316,0.006317,159.151001,159.175003,159.108994,159.130997,-0.846951,-0.831061,-0.828002
2026.04.10 04:00,0.006317,0.006318,0.006314,0.006315,159.130997,159.214005,159.113998,159.184998,-0.848332,-0.823536,-0.831867
2026.04.10 05:00,0.006315,0.006315,0.006311,0.006313,159.179001,159.272003,159.177002,159.248001,-0.831062,-0.823872,-0.844703
2026.04.10 06:00,0.006313,0.006314,0.006306,0.006311,159.248001,159.373993,159.199005,159.276993,-0.794863,-0.833333,-0.836051
2026.04.10 07:00,0.006311,0.006315,0.006309,0.006309,159.276001,159.341995,159.186005,159.337006,-0.838266,-0.832874,-0.845841
2026.04.10 08:00,0.006309,0.006313,0.006309,0.006311,159.332993,159.352997,159.235001,159.309998,-0.849268,-0.84425,-0.843954
2026.04.10 09:00,0.006311,0.006316,0.00631,0.006313,159.315002,159.330002,159.169998,159.244003,-0.851399,-0.841946,-0.853253
2026.04.10 10:00,0.006313,0.006316,0.006311,0.006315,159.235992,159.292007,159.171997,159.197006,-0.83851,-0.831407,-0.843876
2026.04.10 11:00,0.006315,0.006316,0.006313,0.006316,159.190002,159.240005,159.153,159.177994,-0.849255,-0.837472,-0.849941
2026.04.10 12:00,0.006316,0.00633,0.006316,0.006316,159.171997,159.190002,158.848007,159.147995,-0.849412,-0.857648,-0.832467
2026.04.10 13:00,0.006316,0.00632,0.006315,0.006316,159.147995,159.203003,159.061005,159.164993,-0.849873,-0.833161,-0.836941
2026.04.10 14:00,0.006316,0.00632,0.006313,0.006318,159.167007,159.242996,159.085007,159.119995,-0.839698,-0.844641,-0.842063
2026.04.10 15:00,0.006318,0.006322,0.006313,0.006314,159.126007,159.233002,159.028,159.225006,-0.842252,-0.837698,-0.846802
2026.04.10 16:00,0.006313,0.006314,0.006309,0.006312,159.222,159.350006,159.210007,159.264999,-0.846277,-0.831802,-0.836612
2026.04.10 17:00,0.006312,0.006313,0.006311,0.006311,159.259003,159.307999,159.235992,159.287994,-0.841955,-0.845242,-0.834497
2026.04.10 18:00,0.006311,0.006313,0.006309,0.006311,159.287994,159.341995,159.233994,159.281998,-0.838266,-0.843243,-0.841056
2026.04.10 19:00,0.006312,0.006312,0.006311,0.006311,159.276001,159.311005,159.257004,159.298004,-0.844961,-0.828616,-0.844507
2026.04.10 20:00,0.006311,0.006313,0.00631,0.00631,159.302994,159.319,159.225006,159.272003,-0.840397,-0.80917,-0.7934
2026.04.12 23:00,0.00629,0.006297,0.006287,0.006295,159.798004,159.850998,159.643005,159.677994,-0.805267,-0.824617,-0.821764
2026.04.13 00:00,0.006295,0.006295,0.006289,0.006295,159.675003,159.845001,159.660004,159.699005,-0.837214,-0.816382,-0.830153
2026.04.13 01:00,0.006295,0.006297,0.006291,0.006295,159.703995,159.783997,159.647995,159.679993,-0.839384,-0.84222,-0.836371
2026.04.13 02:00,0.006295,0.006297,0.006293,0.006295,159.679993,159.755997,159.653,159.705994,-0.83665,-0.834611,-0.837142
2026.04.13 03:00,0.006295,0.006295,0.006293,0.006295,159.714005,159.748993,159.669998,159.681,-0.842276,-0.813768,-0.82477
2026.04.13 04:00,0.006296,0.006296,0.006292,0.006294,159.673004,159.774002,159.660995,159.720001,-0.842024,-0.829991,-0.838526
2026.04.13 05:00,0.006294,0.006296,0.006293,0.006296,159.720993,159.75,159.667007,159.673004,-0.843283,-0.836003,-0.842
2026.04.13 06:00,0.006295,0.006301,0.006293,0.006295,159.675003,159.731995,159.552994,159.669998,-0.837894,-0.835435,-0.826376
2026.04.13 07:00,0.006296,0.006299,0.006294,0.006299,159.671997,159.720993,159.597,159.598007,-0.839518,-0.841636,-0.842643
2026.04.13 08:00,0.006299,0.006301,0.006294,0.006295,159.600006,159.720993,159.559006,159.703995,-0.839518,-0.841447,-0.835143
2026.04.13 09:00,0.006295,0.006297,0.006293,0.006294,159.707993,159.742004,159.662994,159.731003,-0.835287,-0.844606,-0.849527
2026.04.13 10:00,0.006294,0.006297,0.006293,0.006295,159.727005,159.738998,159.660004,159.686996,-0.844897,-0.841615,-0.843374
2026.04.13 11:00,0.006296,0.006297,0.006289,0.006289,159.679993,159.848999,159.636993,159.841995,-0.853844,-0.831218,-0.84684
2026.04.13 12:00,0.006289,0.006296,0.006289,0.006293,159.834,159.860992,159.681,159.733002,-0.840559,-0.849995,-0.838901
2026.04.13 13:00,0.006293,0.006301,0.006291,0.006301,159.742004,159.802002,159.533005,159.542999,-0.844766,-0.840627,-0.838026
2026.04.13 14:00,0.006301,0.006303,0.006297,0.006301,159.533997,159.662003,159.501007,159.567993,-0.843614,-0.833815,-0.850434
2026.04.13 15:00,0.0063,0.0063,0.006293,0.006293,159.567993,159.753998,159.567001,159.740005,-0.847281,-0.836843,-0.845904
2026.04.13 16:00,0.006293,0.006305,0.006291,0.006302,159.740997,159.787003,159.444,159.526993,-0.84239,-0.839713,-0.847209
2026.04.13 17:00,0.006302,0.006309,0.006302,0.006307,159.514999,159.533997,159.356003,159.408005,-0.854213,-0.852274,-0.854013
2026.04.13 18:00,0.006307,0.006311,0.006307,0.006309,159.404999,159.410995,159.287994,159.320999,-0.844442,-0.847053,-0.829834
2026.04.13 19:00,0.00631,0.006311,0.006307,0.006307,159.324997,159.393005,159.283997,159.376007,-0.839013,-0.843055,-0.834587
2026.04.13 20:00,0.006308,0.006308,0.006305,0.006305,159.384995,159.457993,159.358002,159.438995,-0.841136,-0.829151,-0.847288
2026.04.13 22:00,0.006307,0.00631,0.006305,0.006308,159.335007,159.416,159.292999,159.365997,-0.824293,-0.814396,-0.837147
2026.04.13 23:00,0.006307,0.006314,0.006307,0.006313,159.356003,159.376999,159.199005,159.216003,-0.835579,-0.820801,-0.825253
2026.04.14 00:00,0.006314,0.006317,0.006309,0.006316,159.218002,159.335007,159.132996,159.162994,-0.831278,-0.830001,-0.822404
2026.04.14 01:00,0.006316,0.006319,0.006313,0.006314,159.158005,159.227997,159.076004,159.203003,-0.824699,-0.823114,-0.824799
2026.04.14 02:00,0.006314,0.006317,0.006312,0.006316,159.210007,159.263,159.117004,159.141006,-0.834613,-0.81401,-0.825478
2026.04.14 03:00,0.006316,0.00632,0.006316,0.00632,159.136993,159.164993,159.065994,159.091003,-0.836941,-0.825628,-0.850637
2026.04.14 04:00,0.006318,0.006322,0.006318,0.006322,159.087997,159.119003,159.001007,159.022003,-0.841071,-0.83572,-0.831702
2026.04.14 05:00,0.006322,0.006324,0.006316,0.006317,159.022995,159.156998,158.951996,159.123993,-0.841469,-0.836726,-0.820999
2026.04.14 06:00,0.006317,0.006318,0.006311,0.006316,159.128006,159.281998,159.106995,159.158005,-0.8285,-0.829062,-0.829952
2026.04.14 07:00,0.006316,0.006324,0.006316,0.00632,159.156998,159.167007,158.940994,159.059998,-0.826417,-0.825724,-0.832153
2026.04.14 08:00,0.00632,0.006322,0.006316,0.00632,159.059006,159.167999,159.016006,159.063995,-0.827409,-0.825705,-0.823629
2026.04.14 09:00,0.00632,0.006328,0.006319,0.006324,159.061005,159.093002,158.845001,158.968002,-0.840112,-0.829671,-0.827734
2026.04.14 10:00,0.006324,0.00633,0.006324,0.006329,158.968994,158.979996,158.796005,158.817993,-0.839727,-0.818116,-0.815149
2026.04.14 11:00,0.006329,0.006334,0.006329,0.006331,158.824005,158.832993,158.701996,158.770004,-0.830148,-0.823873,-0.817075
2026.04.14 12:00,0.006331,0.006336,0.006328,0.006334,158.764008,158.875,158.669998,158.710007,-0.834702,-0.829264,-0.831884
2026.04.14 13:00,0.006334,0.006335,0.006326,0.006328,158.710007,158.897995,158.669006,158.852997,-0.820226,-0.815811,-0.825189
2026.04.14 14:00,0.006328,0.006338,0.006328,0.006332,158.858002,158.862,158.595001,158.744003,-0.821702,-0.828967,-0.816013
2026.04.14 15:00,0.006332,0.006332,0.006326,0.006326,158.744003,158.919998,158.740997,158.912003,-0.829731,-0.82548,-0.834233
2026.04.14 16:00,0.006326,0.00633,0.006325,0.006329,158.904999,158.936005,158.807007,158.837006,-0.833237,-0.816647,-0.834161
2026.04.14 17:00,0.006328,0.006334,0.006326,0.006333,158.822998,158.893005,158.690994,158.733994,-0.827721,-0.825336,-0.830947
2026.04.14 18:00,0.006333,0.006335,0.006328,0.00633,158.727997,158.835007,158.677002,158.809006,-0.819676,-0.823806,-0.818646
2026.04.14 19:00,0.00633,0.00633,0.006326,0.006328,158.813004,158.910995,158.791,158.865005,-0.833226,-0.825592,-0.837198
2026.04.14 20:00,0.006328,0.006332,0.006326,0.00633,158.863007,158.891006,158.744995,158.768997,-0.825722,-0.804542,-0.803589
2026.04.14 22:00,0.00633,0.006332,0.006328,0.006328,158.794998,158.839996,158.733994,158.835007,-0.824666,-0.79354,-0.819676
2026.04.14 23:00,0.006328,0.006331,0.006326,0.00633,158.824005,158.882996,158.761002,158.792007,-0.817711,-0.808072,-0.814119
2026.04.15 00:00,0.00633,0.006332,0.006326,0.00633,158.796997,158.884003,158.729996,158.815002,-0.806234,-0.802006,-0.824643
2026.04.15 01:00,0.006329,0.006329,0.006322,0.006325,158.807999,158.977997,158.807999,158.904999,-0.81271,-0.805155,-0.802231
2026.04.15 02:00,0.006325,0.006326,0.006319,0.00632,158.903,159.063995,158.878006,159.029999,-0.811105,-0.800237,-0.802155
2026.04.15 03:00,0.00632,0.006324,0.00632,0.006322,159.029007,159.048004,158.949997,158.983002,-0.807638,-0.809728,-0.817715
2026.04.15 04:00,0.006322,0.006324,0.006322,0.006322,158.979996,159.011993,158.945999,158.983994,-0.821692,-0.80573,-0.818707
2026.04.15 05:00,0.006322,0.006326,0.006322,0.006324,158.975998,158.998001,158.904007,158.960007,-0.820214,-0.81374,-0.819738
2026.04.15 06:00,0.006323,0.006328,0.00632,0.00632,158.955002,159.024994,158.856003,159.016998,-0.809658,-0.815705,-0.801663
2026.04.15 07:00,0.006321,0.006326,0.006321,0.006324,159.022003,159.026993,158.876999,158.919998,-0.824175,-0.79923,-0.804728
2026.04.15 08:00,0.006324,0.006336,0.006324,0.006331,158.927002,158.936996,158.636002,158.766998,-0.809234,-0.807714,-0.814069
2026.04.15 09:00,0.006332,0.006333,0.006324,0.006326,158.772003,158.934006,158.705994,158.889008,-0.818736,-0.802947,-0.811238
2026.04.15 10:00,0.006326,0.006329,0.00632,0.006323,158.889008,159.050995,158.817993,158.973007,-0.810629,-0.815149,-0.82023
2026.04.15 11:00,0.006323,0.006326,0.006318,0.006321,158.966995,159.095001,158.919006,159.020004,-0.817069,-0.828739,-0.817187
2026.04.15 12:00,0.00632,0.006321,0.006316,0.006318,159.020004,159.151001,159.018997,159.100006,-0.822949,-0.81618,-0.809544
2026.04.15 13:00,0.006318,0.006323,0.006317,0.00632,159.100006,159.121002,158.973999,159.016006,-0.818008,-0.821222,-0.800671
2026.04.15 14:00,0.006321,0.006325,0.00632,0.006322,159.020996,159.063004,158.916,158.983994,-0.822637,-0.813233,-0.806206
2026.04.15 15:00,0.006322,0.006328,0.00632,0.006321,158.987,159.026993,158.858002,159.024002,-0.811657,-0.817704,-0.821184
2026.04.15 16:00,0.006321,0.006332,0.00632,0.006326,159.016998,159.035004,158.740005,158.873001,-0.819668,-0.824488,-0.807717
2026.04.15 17:00,0.006326,0.006327,0.006318,0.006318,158.873001,159.112,158.865997,159.102997,-0.821537,-0.813207,-0.825064
2026.04.15 18:00,0.006318,0.006322,0.006317,0.006322,159.095993,159.121002,158.994003,159.018997,-0.818008,-0.816216,-0.828696
2026.04.15 19:00,0.006322,0.006324,0.00632,0.006322,159.014008,159.057007,158.944,158.970001,-0.829163,-0.816238,-0.792214
2026.04.15 20:00,0.006322,0.006324,0.006322,0.006324,158.968002,159.033997,158.925003,159.033997,-0.843695,-0.797241,-0.906234
2026.04.15 22:00,0.006324,0.006327,0.006323,0.006325,158.921997,158.936005,158.820999,158.860001,-0.783228,-0.768209,-0.757233
2026.04.15 23:00,0.006326,0.006328,0.006325,0.006328,158.854004,158.884995,158.783005,158.807999,-0.782227,-0.767674,-0.767701
2026.04.16 00:00,0.006328,0.006332,0.006326,0.006331,158.809006,158.850998,158.701996,158.729004,-0.785713,-0.774006,-0.776074
2026.04.16 01:00,0.006332,0.006333,0.006327,0.00633,158.723999,158.824997,158.671997,158.744995,-0.772207,-0.76895,-0.767106
2026.04.16 02:00,0.00633,0.00634,0.006328,0.00634,158.746002,158.813995,158.498993,158.509995,-0.773698,-0.770282,-0.781284
2026.04.16 03:00,0.00634,0.00635,0.006334,0.006334,158.507004,158.673996,158.257996,158.664993,-0.795873,-0.777679,-0.78687
2026.04.16 04:00,0.006333,0.006334,0.00633,0.006332,158.662003,158.740997,158.645996,158.707993,-0.775589,-0.767873,-0.780002
2026.04.16 05:00,0.006332,0.006332,0.006326,0.006326,158.705994,158.854996,158.690994,158.841995,-0.777227,-0.763004,-0.764226
2026.04.16 06:00,0.006326,0.00633,0.006322,0.006328,158.847,158.951996,158.744995,158.791,-0.774208,-0.767106,-0.77567
2026.04.16 07:00,0.006329,0.006332,0.006325,0.006326,158.781998,158.886993,158.718994,158.863007,-0.784226,-0.778541,-0.785237
2026.04.16 08:00,0.006326,0.006326,0.006316,0.00632,158.863998,159.057999,158.843994,158.985001,-0.74247,-0.766225,-0.769665
2026.04.16 09:00,0.00632,0.006322,0.006318,0.006318,158.981995,159.067001,158.951996,159.029999,-0.776539,-0.774208,-0.764583
2026.04.16 10:00,0.006318,0.00632,0.006315,0.006319,159.031998,159.130005,159.003998,159.020004,-0.776875,-0.763632,-0.767114
2026.04.16 11:00,0.00632,0.006325,0.00632,0.006322,159.014008,159.020004,158.871002,158.955002,-0.779638,-0.768235,-0.7647
2026.04.16 12:00,0.006322,0.006323,0.006316,0.006316,158.955994,159.113007,158.921997,159.112,-0.772416,-0.76922,-0.771409
2026.04.16 13:00,0.006316,0.006321,0.006308,0.006311,159.104004,159.304993,158.979004,159.216003,-0.776142,-0.776186,-0.775062
2026.04.16 14:00,0.006311,0.006317,0.006309,0.00631,159.210007,159.272995,159.080002,159.255005,-0.769266,-0.777008,-0.776402
2026.04.16 15:00,0.006309,0.006317,0.006309,0.006317,159.257996,159.283005,159.069,159.076004,-0.779276,-0.766006,-0.77301
2026.04.16 16:00,0.006318,0.00632,0.00631,0.006313,159.069,159.263,159.018005,159.179001,-0.784397,-0.777639,-0.775703
2026.04.16 17:00,0.006313,0.006313,0.006309,0.00631,159.177002,159.289993,159.162003,159.253006,-0.786265,-0.771252,-0.774403
2026.04.16 18:00,0.006311,0.006313,0.006311,0.006311,159.248001,159.257004,159.151993,159.210007,-0.79096,-0.761243,-0.769065
2026.04.16 19:00,0.006312,0.006316,0.006311,0.006313,159.210007,159.216003,159.089005,159.171005,-0.775062,-0.773476,-0.780255
2026.04.16 20:00,0.006313,0.006315,0.006312,0.006313,159.173004,159.197998,159.110001,159.136993,-0.76961,-0.75687,-0.746243
2026.04.16 22:00,0.006314,0.006319,0.006313,0.006315,159.130005,159.139999,158.998993,159.097,-0.749249,-0.746103,-0.74387
2026.04.16 23:00,0.006316,0.006316,0.006311,0.006311,159.106995,159.227005,159.076004,159.195007,-0.773508,-0.747952,-0.754066
2026.04.17 00:00,0.006311,0.006313,0.006304,0.006307,159.205002,159.360992,159.167999,159.324005,-0.731552,-0.752163,-0.770013
2026.04.17 01:00,0.006307,0.006307,0.006303,0.006305,159.324005,159.427002,159.289001,159.358002,-0.75981,-0.747581,-0.753715
2026.04.17 02:00,0.006305,0.006305,0.006302,0.006305,159.354004,159.444,159.352997,159.365997,-0.764217,-0.76129,-0.76171
2026.04.17 03:00,0.006305,0.006305,0.006301,0.006305,159.371994,159.464005,159.358002,159.388,-0.771627,-0.766294,-0.771144
2026.04.17 04:00,0.006305,0.006305,0.006301,0.006301,159.389008,159.481995,159.367004,159.462006,-0.764436,-0.750147,-0.769628
2026.04.17 05:00,0.006301,0.006302,0.006299,0.006301,159.464005,159.529007,159.445999,159.479004,-0.773643,-0.766216,-0.774031
2026.04.17 06:00,0.006301,0.006305,0.006299,0.006303,159.479004,159.516998,159.363007,159.403,-0.774238,-0.75872,-0.760974
2026.04.17 07:00,0.006303,0.006309,0.006303,0.006309,159.404007,159.404007,159.268005,159.270996,-0.761981,-0.751723,-0.754713
2026.04.17 08:00,0.006309,0.006314,0.006307,0.006314,159.272995,159.300003,159.130997,159.134995,-0.758583,-0.765325,-0.769322
2026.04.17 09:00,0.006314,0.00632,0.006312,0.006318,159.134995,159.186996,159.0,159.035995,-0.758609,-0.772156,-0.770579
2026.04.17 10:00,0.006318,0.006319,0.006313,0.006313,159.035995,159.177002,159.020004,159.156006,-0.773704,-0.767114,-0.752708
2026.04.17 11:00,0.006313,0.006314,0.006311,0.006313,159.156006,159.225006,159.130997,159.173996,-0.771509,-0.765325,-0.75816
2026.04.17 12:00,0.006313,0.006345,0.006313,0.006344,159.169006,159.179001,158.399002,158.414001,-0.775703,-0.794592,-0.772327
2026.04.17 13:00,0.006344,0.006357,0.006339,0.006352,158.414001,158.513,158.063995,158.179993,-0.759413,-0.757095,-0.749261
2026.04.17 14:00,0.006352,0.006376,0.00635,0.006365,158.184998,158.231003,157.587006,157.845001,-0.750686,-0.748866,-0.748149
2026.04.17 15:00,0.006365,0.006367,0.006353,0.006355,157.850006,158.175995,157.789993,158.095001,-0.757657,-0.742485,-0.750965
2026.04.17 16:00,0.006355,0.006361,0.006351,0.006358,158.098007,158.199005,157.951996,158.037994,-0.755877,-0.744004,-0.75583
2026.04.17 17:00,0.006357,0.006357,0.006349,0.006353,158.039993,158.276993,158.031006,158.158005,-0.75947,-0.736468,-0.752059
2026.04.17 18:00,0.006353,0.006353,0.00634,0.006342,158.162994,158.464996,158.130997,158.429993,-0.748727,-0.73743,-0.7386
2026.04.17 19:00,0.006342,0.006344,0.006336,0.006336,158.431,158.585007,158.360001,158.556,-0.756719,-0.743167,-0.740169
2026.04.17 20:00,0.006337,0.006342,0.006332,0.006342,158.554993,158.636993,158.524994,158.602005,-0.69654,-0.833601,-0.910612
2026.04.20 09:00,0.006342,0.006342,0.006321,0.006322,158.916,158.951996,158.897995,158.912994,-0.749178,-1.206602,-0.747707
2026.04.20 10:00,0.006322,0.006342,0.006322,0.006322,158.912994,158.972,158.848007,158.904007,-0.781699,-1.156614,-0.73872
2026.04.20 11:00,0.006323,0.006342,0.006321,0.006326,158.904007,158.957001,158.751999,158.830994,-0.754183,-1.060606,-0.753225
2026.04.20 12:00,0.006326,0.006328,0.00632,0.006324,158.830994,158.973007,158.800995,158.869003,-0.757672,-0.760697,-0.753733
2026.04.20 13:00,0.006324,0.006337,0.006322,0.006334,158.876007,158.936005,158.554993,158.628998,-0.758217,-0.751617,-0.750875
2026.04.20 14:00,0.006334,0.006334,0.006324,0.00633,158.623001,158.893005,158.621002,158.720001,-0.765243,-0.742879,-0.754593
2026.04.20 15:00,0.00633,0.006338,0.006328,0.006332,158.710007,158.787003,158.542999,158.669006,-0.746705,-0.752077,-0.753489
2026.04.20 16:00,0.006332,0.006335,0.006331,0.006334,158.669006,158.707993,158.608994,158.651993,-0.755063,-0.755798,-0.761415
2026.04.20 17:00,0.006334,0.006335,0.006328,0.006329,158.647003,158.768005,158.600006,158.746994,-0.752675,-0.746811,-0.74415
2026.04.20 18:00,0.00633,0.006332,0.00632,0.006323,158.746994,158.921005,158.660004,158.899002,-0.693161,-0.744486,-0.746225
2026.04.20 19:00,0.006322,0.006327,0.006322,0.006326,158.899002,158.919006,158.787994,158.834,-0.753719,-0.735204,-0.743732
2026.04.20 20:00,0.006325,0.006327,0.006323,0.006325,158.837997,158.903,158.729004,158.729996,-0.750223,-0.676214,-0.627228
2026.04.20 22:00,0.006328,0.006328,0.006326,0.006328,158.746002,158.813004,158.688995,158.783005,-0.735234,-0.661188,-0.742707
2026.04.20 23:00,0.006328,0.006328,0.006324,0.006324,158.763,158.862,158.748993,158.843994,-0.74673,-0.721186,-0.728724
2026.04.21 00:00,0.006325,0.006325,0.00632,0.006321,158.850006,158.994003,158.828995,158.947006,-0.753637,-0.726227,-0.744189
2026.04.21 01:00,0.00632,0.006322,0.00632,0.006321,158.949005,158.975998,158.899994,158.949005,-0.735632,-0.734707,-0.746187
2026.04.21 02:00,0.00632,0.006322,0.006319,0.006321,158.940002,158.994995,158.912994,158.947998,-0.742105,-0.735207,-0.74518
2026.04.21 03:00,0.006321,0.006322,0.006319,0.00632,158.951004,158.990997,158.923004,158.985001,-0.738107,-0.732703,-0.744635
2026.04.21 04:00,0.00632,0.006321,0.006319,0.00632,158.985001,158.990997,158.938995,158.955994,-0.738107,-0.736178,-0.740658
2026.04.21 05:00,0.00632,0.006324,0.00632,0.006323,158.951004,158.957993,158.837997,158.904007,-0.730148,-0.722728,-0.75123
2026.04.21 06:00,0.006323,0.006327,0.006322,0.006326,158.895996,158.914001,158.785995,158.809998,-0.736214,-0.733205,-0.744713
2026.04.21 07:00,0.006326,0.006326,0.006318,0.006318,158.804001,159.016006,158.789993,159.009995,-0.738074,-0.724709,-0.732062
2026.04.21 08:00,0.006318,0.006318,0.00631,0.006312,159.018997,159.214005,159.009995,159.173996,-0.735401,-0.732062,-0.745608
2026.04.21 09:00,0.006311,0.006315,0.006309,0.006311,159.169998,159.253998,159.097,159.194,-0.737715,-0.74387,-0.740503
2026.04.21 10:00,0.006311,0.006311,0.006309,0.006311,159.192001,159.231003,159.177994,159.184006,-0.739838,-0.737052,-0.730508
2026.04.21 11:00,0.006311,0.006318,0.006309,0.006317,159.182007,159.248001,159.029999,159.046005,-0.744272,-0.739536,-0.743011
2026.04.21 12:00,0.006318,0.006318,0.006309,0.006311,159.046997,159.244995,159.007004,159.171997,-0.75383,-0.741588,-0.731055
2026.04.21 13:00,0.006312,0.006318,0.006311,0.006315,159.169998,159.195999,159.007996,159.082001,-0.742502,-0.742579,-0.72887
2026.04.21 14:00,0.006316,0.006318,0.006303,0.006304,159.087997,159.382996,159.035004,159.373993,-0.740969,-0.744541,-0.744552
2026.04.21 15:00,0.006304,0.006307,0.006301,0.006303,159.371994,159.440994,159.270004,159.395004,-0.736021,-0.728584,-0.74039
2026.04.21 16:00,0.006303,0.006305,0.006299,0.006301,159.388,159.503006,159.337006,159.459,-0.735048,-0.732719,-0.741441
2026.04.21 17:00,0.006301,0.006312,0.006294,0.006306,159.462006,159.613998,159.160995,159.319,-0.732523,-0.732608,-0.739871
2026.04.21 18:00,0.006306,0.006307,0.006299,0.006304,159.315002,159.490997,159.276993,159.363998,-0.748237,-0.735573,-0.734558
2026.04.21 19:00,0.006304,0.006309,0.006293,0.006295,159.371002,159.636993,159.220993,159.600998,-0.730276,-0.729828,-0.732146
2026.04.21 20:00,0.006295,0.006307,0.006293,0.006303,159.604996,159.636993,159.281998,159.311005,-0.742892,-0.728006,-0.656391
2026.04.21 22:00,0.006303,0.006304,0.006301,0.006302,159.410004,159.419006,159.324997,159.406006,-0.726629,-0.695556,-0.726222
2026.04.21 23:00,0.006303,0.006305,0.0063,0.006303,159.412003,159.457001,159.352005,159.375,-0.726842,-0.735148,-0.732974
2026.04.22 00:00,0.006303,0.006313,0.006303,0.006307,159.376999,159.380997,159.164993,159.283005,-0.726383,-0.749157,-0.729013
2026.04.22 01:00,0.006307,0.006309,0.006305,0.006308,159.281998,159.330002,159.218994,159.253998,-0.725715,-0.715265,-0.725147
2026.04.22 02:00,0.006309,0.006309,0.006303,0.006304,159.246994,159.373001,159.242996,159.348999,-0.730975,-0.726713,-0.719558
2026.04.22 03:00,0.006305,0.006305,0.006302,0.006303,159.352005,159.401001,159.324005,159.389999,-0.721217,-0.719718,-0.735385
2026.04.22 04:00,0.006304,0.006307,0.006303,0.006305,159.389999,159.395004,159.289993,159.335999,-0.752978,-0.723439,-0.731712
2026.04.22 05:00,0.006305,0.006314,0.006305,0.006309,159.335999,159.345993,159.093994,159.227005,-0.729136,-0.728322,-0.723276
2026.04.22 06:00,0.006309,0.006313,0.006308,0.006313,159.220993,159.255005,159.123993,159.126007,-0.726154,-0.720695,-0.722709
2026.04.22 07:00,0.006313,0.006314,0.006307,0.006309,159.126007,159.296997,159.102997,159.216003,-0.730443,-0.724793,-0.724838
2026.04.22 08:00,0.006309,0.006311,0.006303,0.006304,159.214005,159.367996,159.192993,159.350998,-0.72597,-0.72695,-0.721557
2026.04.22 09:00,0.006304,0.006306,0.006303,0.006305,159.350998,159.371994,159.307007,159.343002,-0.729968,-0.727877,-0.726145
2026.04.22 10:00,0.006305,0.00631,0.006303,0.006309,159.330994,159.369995,159.201996,159.216003,-0.727969,-0.723393,-0.724838
2026.04.22 11:00,0.006309,0.006311,0.006307,0.006309,159.214005,159.279999,159.181,159.244995,-0.738579,-0.714956,-0.728712
2026.04.22 12:00,0.006309,0.006313,0.006303,0.006304,159.238998,159.362,159.141998,159.360001,-0.719973,-0.726162,-0.73056
2026.04.22 13:00,0.006304,0.006314,0.006303,0.006311,159.354004,159.367004,159.106995,159.169006,-0.724978,-0.741323,-0.728065
2026.04.22 14:00,0.006311,0.006313,0.006303,0.006303,159.175003,159.393997,159.134003,159.389999,-0.726805,-0.730705,-0.735385
2026.04.22 15:00,0.006303,0.006304,0.006298,0.006299,159.389008,159.511993,159.362,159.488007,-0.731428,-0.732559,-0.720049
2026.04.22 16:00,0.006299,0.006301,0.006297,0.006298,159.492004,159.531006,159.440994,159.496002,-0.737831,-0.723435,-0.715437
2026.04.22 17:00,0.006298,0.006301,0.006297,0.006301,159.496994,159.520996,159.416,159.438004,-0.727821,-0.711027,-0.720445
2026.04.22 18:00,0.006301,0.006301,0.006299,0.006299,159.431,159.490997,159.408005,159.475998,-0.72304,-0.715627,-0.733238
2026.04.22 19:00,0.006299,0.0063,0.006296,0.006297,159.475998,159.550995,159.453995,159.546997,-0.71999,-0.723836,-0.728608
2026.04.22 20:00,0.006297,0.0063,0.006295,0.006299,159.542999,159.572998,159.421997,159.423004,-0.729376,-0.691839,-0.655046
2026.04.22 22:00,0.006299,0.0063,0.006297,0.006297,159.429001,159.488007,159.382004,159.475998,-0.669618,-0.651845,-0.682823
2026.04.22 23:00,0.006297,0.006299,0.006297,0.006297,159.464005,159.494995,159.429001,159.488998,-0.68922,-0.673637,-0.683223
2026.04.23 00:00,0.006297,0.006305,0.006289,0.006304,159.488998,159.686996,159.272003,159.324005,-0.679209,-0.680296,-0.694564
2026.04.23 01:00,0.006304,0.006305,0.0063,0.006301,159.324005,159.417999,159.287003,159.373993,-0.687841,-0.682716,-0.681616
2026.04.23 02:00,0.006301,0.006302,0.006294,0.006295,159.378998,159.563995,159.348999,159.535004,-0.68252,-0.669215,-0.678774
2026.04.23 03:00,0.006295,0.006297,0.006295,0.006295,159.535004,159.548004,159.457993,159.537994,-0.679152,-0.664817,-0.681764
2026.04.23 04:00,0.006295,0.006296,0.006293,0.006295,159.542007,159.584,159.507996,159.546005,-0.677283,-0.676991,-0.677154
2026.04.23 05:00,0.006295,0.006297,0.006293,0.006295,159.542007,159.604996,159.507996,159.535004,-0.685649,-0.689607,-0.678774
2026.04.23 06:00,0.006295,0.006296,0.00629,0.00629,159.529007,159.667007,159.514008,159.649994,-0.684494,-0.683003,-0.66748
2026.04.23 07:00,0.00629,0.006293,0.006289,0.006293,159.651001,159.697998,159.587997,159.591995,-0.690211,-0.668651,-0.672649
2026.04.23 08:00,0.006293,0.006293,0.006289,0.006289,159.591003,159.697006,159.578003,159.684006,-0.676573,-0.671286,-0.676218
2026.04.23 09:00,0.006289,0.006291,0.006286,0.006287,159.684006,159.738998,159.645004,159.725006,-0.655318,-0.687768,-0.679275
2026.04.23 10:00,0.006287,0.00629,0.006285,0.006289,159.731003,159.779007,159.656998,159.714005,-0.682669,-0.674484,-0.693571
2026.04.23 11:00,0.006289,0.006297,0.006287,0.006295,159.705994,159.75,159.492004,159.542007,-0.678975,-0.686229,-0.698385
2026.04.23 12:00,0.006295,0.006299,0.006293,0.006297,159.548004,159.600998,159.427994,159.494995,-0.694281,-0.685234,-0.676606
2026.04.23 13:00,0.006297,0.006298,0.006291,0.006293,159.503006,159.628006,159.457993,159.565994,-0.683394,-0.677427,-0.671893
2026.04.23 14:00,0.006294,0.006302,0.006293,0.006301,159.572998,159.617004,159.373001,159.391998,-0.697658,-0.693217,-0.674439
2026.04.23 15:00,0.006301,0.006305,0.006297,0.006299,159.395004,159.488007,159.304993,159.440002,-0.682232,-0.688136,-0.697242
2026.04.23 16:00,0.006299,0.0063,0.006297,0.006299,159.429001,159.485992,159.417999,159.455994,-0.692817,-0.687841,-0.688036
2026.04.23 17:00,0.006299,0.006299,0.006283,0.006294,159.451004,159.841995,159.447998,159.559998,-0.682361,-0.692634,-0.678522
2026.04.23 18:00,0.006295,0.006299,0.006291,0.006292,159.552994,159.636002,159.460007,159.623993,-0.691389,-0.692049,-0.692014
2026.04.23 19:00,0.006291,0.006293,0.006287,0.006289,159.628006,159.755005,159.600998,159.692001,-0.696634,-0.681651,-0.696846
2026.04.23 20:00,0.006289,0.006289,0.006287,0.006288,159.692001,159.751999,159.664993,159.709,-0.680974,-0.669838,-0.675919
2026.04.23 22:00,0.006289,0.00629,0.006286,0.006289,159.641998,159.729996,159.606003,159.690994,-0.646315,-0.623489,-0.670561
2026.04.23 23:00,0.006288,0.006289,0.006285,0.006286,159.690002,159.783997,159.688995,159.753006,-0.67501,-0.668562,-0.669325
2026.04.24 00:00,0.006286,0.006289,0.006284,0.006285,159.746994,159.809006,159.667999,159.785995,-0.674694,-0.660212,-0.677009
2026.04.24 01:00,0.006285,0.006287,0.006284,0.006286,159.791,159.809006,159.746994,159.751007,-0.674694,-0.675969,-0.667327
2026.04.24 02:00,0.006286,0.006287,0.006284,0.006285,159.751007,159.796997,159.744995,159.770004,-0.662685,-0.67397,-0.673666
2026.04.24 03:00,0.006285,0.006285,0.006282,0.006285,159.764008,159.839996,159.757004,159.785995,-0.667692,-0.660665,-0.664347
2026.04.24 04:00,0.006285,0.006287,0.006285,0.006285,159.791,159.798996,159.716003,159.776993,-0.677348,-0.657633,-0.680654
2026.04.24 05:00,0.006285,0.006287,0.006284,0.006285,159.774002,159.815002,159.738998,159.764008,-0.68069,-0.667974,-0.667669
2026.04.24 06:00,0.006286,0.006292,0.006285,0.006289,159.764008,159.791,159.595993,159.688004,-0.669352,-0.664015,-0.680216
2026.04.24 07:00,0.006289,0.006291,0.006288,0.006289,159.677994,159.716995,159.619995,159.660995,-0.683914,-0.662759,-0.66584
2026.04.24 08:00,0.006289,0.00629,0.006283,0.006287,159.664001,159.757004,159.656998,159.718994,-0.597369,-0.674484,-0.673263
2026.04.24 09:00,0.006288,0.006289,0.006286,0.006287,159.707993,159.761002,159.682007,159.744003,-0.677321,-0.674219,-0.672979
2026.04.24 10:00,0.006287,0.006291,0.006285,0.006291,159.735992,159.770004,159.639008,159.649994,-0.673666,-0.669134,-0.68012
2026.04.24 11:00,0.006291,0.006303,0.006289,0.006299,159.645004,159.673004,159.328003,159.421997,-0.677849,-0.685977,-0.679237
2026.04.24 12:00,0.006299,0.006301,0.006291,0.006294,159.421997,159.621002,159.369995,159.548996,-0.663766,-0.665022,-0.667521
2026.04.24 13:00,0.006295,0.006297,0.00629,0.006293,159.542999,159.651993,159.468994,159.569,-0.669479,-0.663219,-0.649654
2026.04.24 14:00,0.006292,0.006301,0.006291,0.006296,159.591003,159.643997,159.378006,159.501999,-0.674123,-0.673033,-0.670995
2026.04.24 15:00,0.006296,0.006303,0.006293,0.006302,159.509995,159.585999,159.322006,159.352005,-0.679282,-0.667392,-0.672221
2026.04.24 16:00,0.006302,0.006304,0.006299,0.006302,159.348999,159.419006,159.307007,159.354996,-0.676246,-0.677566,-0.675212
2026.04.24 17:00,0.006302,0.006304,0.006299,0.0063,159.345001,159.429993,159.304001,159.412994,-0.674629,-0.67456,-0.682836
2026.04.24 18:00,0.006299,0.006301,0.006297,0.006299,159.412003,159.466995,159.393005,159.425995,-0.67382,-0.675447,-0.683235
2026.04.24 19:00,0.006299,0.006301,0.006299,0.006299,159.425995,159.447006,159.367996,159.421997,-0.679048,-0.675619,-0.679237
2026.04.24 20:00,0.0063,0.006303,0.006299,0.006301,159.417007,159.427002,159.292007,159.332993,-0.671638,-0.637393,-0.615434
2026.04.26 23:00,0.006293,0.006295,0.006291,0.006292,159.542007,159.595993,159.501007,159.574997,-0.638757,-0.644777,-0.643019
2026.04.27 00:00,0.006291,0.006297,0.006291,0.006296,159.578995,159.582993,159.440002,159.477005,-0.63838,-0.646827,-0.646001
2026.04.27 01:00,0.006297,0.006305,0.006297,0.006302,159.473007,159.477997,159.246002,159.320007,-0.659608,-0.641715,-0.640224
2026.04.27 02:00,0.006303,0.006305,0.006301,0.006303,159.324997,159.363998,159.259995,159.296005,-0.64644,-0.655707,-0.641391
2026.04.27 03:00,0.006303,0.006307,0.006303,0.006307,159.292007,159.313004,159.186005,159.223007,-0.645812,-0.644584,-0.656453
2026.04.27 04:00,0.006307,0.006309,0.006305,0.006305,159.216003,159.261002,159.139008,159.229996,-0.656715,-0.647843,-0.638288
2026.04.27 05:00,0.006305,0.006306,0.006298,0.006299,159.235992,159.417999,159.225006,159.410995,-0.637434,-0.645876,-0.655632
2026.04.27 06:00,0.006299,0.006305,0.006296,0.006305,159.404999,159.483994,159.251007,159.263,-0.652989,-0.64672,-0.658713
2026.04.27 07:00,0.006305,0.006308,0.006303,0.006307,159.255005,159.302002,159.177994,159.216995,-0.659976,-0.649143,-0.650441
2026.04.27 08:00,0.006306,0.006311,0.006305,0.006309,159.216995,159.266998,159.102005,159.141998,-0.650141,-0.635961,-0.650833
2026.04.27 09:00,0.006309,0.006311,0.006306,0.006306,159.149002,159.231003,159.085007,159.218002,-0.651873,-0.644065,-0.638873
2026.04.27 10:00,0.006307,0.006309,0.006305,0.006309,159.223007,159.272003,159.125,159.149994,-0.655146,-0.633835,-0.646265
2026.04.27 11:00,0.006309,0.006311,0.006307,0.006307,159.141998,159.214005,159.098999,159.192993,-0.660013,-0.645502,-0.651573
2026.04.27 12:00,0.006307,0.006311,0.006305,0.006306,159.186005,159.231003,159.095993,159.222,-0.639295,-0.642496,-0.64287
2026.04.27 13:00,0.006306,0.006309,0.006303,0.006305,159.227005,159.287003,159.136993,159.253006,-0.644976,-0.633265,-0.648719
2026.04.27 14:00,0.006305,0.006311,0.006303,0.006306,159.257004,159.291,159.100998,159.216995,-0.648974,-0.6475,-0.637866
2026.04.27 15:00,0.006306,0.006307,0.006303,0.006303,159.212997,159.313995,159.203003,159.289001,-0.659381,-0.649011,-0.646975
2026.04.27 16:00,0.006303,0.006304,0.006299,0.006299,159.292999,159.386993,159.270996,159.384995,-0.644233,-0.641555,-0.642234
2026.04.27 17:00,0.0063,0.006301,0.006297,0.0063,159.382996,159.462006,159.339005,159.382996,-0.643617,-0.634032,-0.652837
2026.04.27 18:00,0.006299,0.0063,0.006297,0.006297,159.380997,159.453995,159.376999,159.438995,-0.635606,-0.64684,-0.63322
2026.04.27 19:00,0.006297,0.0063,0.006297,0.006298,159.438995,159.447998,159.362,159.421005,-0.642223,-0.631841,-0.64044
2026.04.27 20:00,0.006298,0.0063,0.006298,0.006298,159.421997,159.427002,159.371994,159.408997,-0.646437,-0.641835,-0.628431
2026.04.27 22:00,0.006301,0.006301,0.006297,0.006298,159.371994,159.460999,159.362,159.393997,-0.64261,-0.644441,-0.613432
2026.04.27 23:00,0.006298,0.006301,0.006297,0.006299,159.391006,159.449997,159.345001,159.358002,-0.631608,-0.627442,-0.615242
2026.04.28 00:00,0.006299,0.006303,0.006295,0.006296,159.356995,159.485001,159.302994,159.466003,-0.628771,-0.64838,-0.634999
2026.04.28 01:00,0.006295,0.006296,0.006292,0.006293,159.466003,159.552994,159.453003,159.544998,-0.621015,-0.621999,-0.625651
2026.04.28 02:00,0.006293,0.006295,0.006291,0.006294,159.548996,159.565994,159.479004,159.503998,-0.621382,-0.622774,-0.622522
2026.04.28 03:00,0.006294,0.006316,0.006291,0.006313,159.511993,159.563004,158.975006,159.074005,-0.618391,-0.634416,-0.658169
2026.04.28 04:00,0.006313,0.006316,0.006311,0.006311,159.074997,159.087997,158.947998,159.080002,-0.6345,-0.63247,-0.63906
2026.04.28 05:00,0.006311,0.006313,0.006306,0.006307,159.080002,159.212006,159.044998,159.190994,-0.632876,-0.629162,-0.62444
2026.04.28 06:00,0.006307,0.006313,0.0063,0.006301,159.190994,159.358994,159.022003,159.350998,-0.628835,-0.618705,-0.633439
2026.04.28 07:00,0.006301,0.006303,0.006293,0.006293,159.350998,159.544998,159.257004,159.524002,-0.625651,-0.614977,-0.617285
2026.04.28 08:00,0.006293,0.006296,0.006287,0.006295,159.524002,159.684998,159.447006,159.468994,-0.626627,-0.616002,-0.625372
2026.04.28 09:00,0.006295,0.006298,0.006291,0.006292,159.468994,159.593994,159.408997,159.572006,-0.636758,-0.628431,-0.640028
2026.04.28 10:00,0.006292,0.006293,0.006289,0.006289,159.572006,159.645996,159.526993,159.621994,-0.625563,-0.620276,-0.626839
2026.04.28 11:00,0.006289,0.006291,0.006283,0.006285,159.634003,159.787003,159.593002,159.755005,-0.627368,-0.623128,-0.633357
2026.04.28 12:00,0.006285,0.006299,0.006284,0.006296,159.751999,159.783005,159.408005,159.457001,-0.636038,-0.640047,-0.625996
2026.04.28 13:00,0.006296,0.006297,0.006291,0.006295,159.462006,159.606003,159.414993,159.507996,-0.636129,-0.621818,-0.639144
2026.04.28 14:00,0.006294,0.006294,0.006285,0.006286,159.507004,159.75,159.487,159.718002,-0.628352,-0.605524,-0.634322
2026.04.28 15:00,0.006286,0.006294,0.006286,0.006293,159.720001,159.720993,159.518005,159.542007,-0.637313,-0.63653,-0.63529
2026.04.28 16:00,0.006293,0.006295,0.00629,0.006292,159.529999,159.623993,159.5,159.554993,-0.641479,-0.631148,-0.623014
2026.04.28 17:00,0.006293,0.006295,0.006289,0.006293,159.554993,159.626007,159.503998,159.537994,-0.630852,-0.635146,-0.631277
2026.04.28 18:00,0.006293,0.006294,0.006289,0.006289,159.537994,159.628998,159.520004,159.615997,-0.62121,-0.638529,-0.620842
2026.04.28 19:00,0.006289,0.006292,0.006287,0.006289,159.617996,159.686996,159.570007,159.651001,-0.641266,-0.638029,-0.630568
2026.04.28 20:00,0.006288,0.006291,0.006288,0.006289,159.651993,159.664001,159.580002,159.604004,-0.63092,-0.622766,-0.608849
2026.04.28 22:00,0.006291,0.006292,0.006291,0.006292,159.552994,159.606003,159.528,159.582993,-0.636129,-0.596021,-0.651014
2026.04.28 23:00,0.006291,0.006293,0.006291,0.006293,159.570007,159.597,159.529007,159.557007,-0.639764,-0.62229,-0.63766
2026.04.29 00:00,0.006293,0.006294,0.006291,0.006293,159.552002,159.591003,159.511993,159.544006,-0.633767,-0.630518,-0.637289
2026.04.29 01:00,0.006293,0.006293,0.006288,0.00629,159.546005,159.667999,159.518005,159.604004,-0.634918,-0.623904,-0.62149
2026.04.29 02:00,0.006291,0.006292,0.006289,0.006289,159.602005,159.632004,159.561005,159.617996,-0.636848,-0.629026,-0.622841
2026.04.29 03:00,0.00629,0.006291,0.006289,0.006291,159.617996,159.638,159.580994,159.606003,-0.630213,-0.623758,-0.636129
2026.04.29 04:00,0.00629,0.00629,0.006289,0.006289,159.615997,159.647995,159.604996,159.632996,-0.640208,-0.622482,-0.63784
2026.04.29 05:00,0.006289,0.006289,0.006287,0.006287,159.628998,159.712006,159.626999,159.707993,-0.640981,-0.631843,-0.636968
2026.04.29 06:00,0.006286,0.006291,0.006285,0.006288,159.703003,159.738998,159.597,159.651001,-0.630012,-0.627126,-0.61792
2026.04.29 07:00,0.006289,0.00629,0.006287,0.006288,159.645004,159.703995,159.610992,159.669006,-0.645624,-0.628479,-0.635925
2026.04.29 08:00,0.006289,0.006289,0.006283,0.006284,159.667007,159.787994,159.628006,159.781998,-0.62836,-0.620219,-0.635031
2026.04.29 09:00,0.006284,0.006285,0.006281,0.006282,159.776001,159.841995,159.740997,159.830994,-0.631681,-0.632011,-0.633355
2026.04.29 10:00,0.006282,0.006285,0.006281,0.006285,159.832993,159.841003,159.740005,159.755005,-0.630689,-0.631019,-0.633357
2026.04.29 11:00,0.006285,0.006285,0.00628,0.006281,159.751999,159.850998,159.729004,159.843994,-0.628006,-0.632666,-0.63368
2026.04.29 12:00,0.006281,0.006282,0.006276,0.006276,159.845001,159.977997,159.807007,159.968002,-0.628149,-0.634703,-0.63084
2026.04.29 13:00,0.006276,0.006277,0.006267,0.006268,159.977005,160.188995,159.944,160.184006,-0.623015,-0.632229,-0.630758
2026.04.29 14:00,0.006268,0.006274,0.006266,0.006271,160.182999,160.197998,160.005005,160.102005,-0.619283,-0.629754,-0.637805
2026.04.29 15:00,0.006272,0.006272,0.006262,0.006266,160.102005,160.326004,160.087997,160.227997,-0.645361,-0.636514,-0.636556
2026.04.29 16:00,0.006266,0.006268,0.006262,0.006263,160.233002,160.317993,160.160995,160.307999,-0.63735,-0.633195,-0.640107
2026.04.29 17:00,0.006263,0.006276,0.006261,0.006266,160.302994,160.365997,160.184006,160.184006,-0.647101,-0.834157,-0.60529
2026.04.29 18:00,0.006266,0.006268,0.006258,0.006262,160.210007,160.429001,160.141006,160.348007,-0.633543,-0.613206,-0.641868
2026.04.29 19:00,0.006262,0.006264,0.006258,0.00626,160.341995,160.442001,160.279999,160.375,-0.633772,-0.637603,-0.643345
2026.04.29 20:00,0.00626,0.006261,0.006256,0.006258,160.376999,160.477997,160.343002,160.425003,-0.644219,-0.624106,-0.642303
2026.04.29 22:00,0.006258,0.006259,0.006254,0.006259,160.365005,160.440002,160.309998,160.322998,-0.54234,-0.540064,-0.553065
2026.04.29 23:00,0.006259,0.006266,0.006258,0.006264,160.315002,160.345001,160.141998,160.199005,-0.549543,-0.550558,-0.556609
2026.04.30 00:00,0.006264,0.006269,0.00626,0.00626,160.199997,160.304001,160.063995,160.289993,-0.546833,-0.548921,-0.558338
2026.04.30 01:00,0.00626,0.006264,0.00626,0.006263,160.296005,160.319,160.199997,160.218002,-0.561832,-0.544854,-0.55011
2026.04.30 02:00,0.006263,0.006264,0.006256,0.006258,160.223007,160.401993,160.203995,160.343994,-0.555449,-0.548852,-0.548536
2026.04.30 03:00,0.006258,0.006259,0.006255,0.006256,160.341995,160.427002,160.309998,160.423996,-0.554897,-0.540064,-0.564673
2026.04.30 04:00,0.006257,0.006257,0.006249,0.006251,160.421997,160.580002,160.358994,160.529007,-0.554394,-0.537991,-0.541811
2026.04.30 05:00,0.006251,0.006254,0.006247,0.006247,160.531998,160.654007,160.455994,160.647995,-0.564361,-0.545544,-0.558349
2026.04.30 06:00,0.006246,0.006251,0.006243,0.006247,160.649994,160.723007,160.528,160.604996,-0.543601,-0.553592,-0.540969
2026.04.30 07:00,0.006247,0.00628,0.006247,0.006266,160.606003,160.619003,159.772003,160.134995,-0.554977,-0.536331,-0.556279
2026.04.30 08:00,0.006266,0.006293,0.006264,0.006289,160.128006,160.179001,159.442993,159.582001,-0.549338,-0.548892,-0.561568
2026.04.30 09:00,0.006289,0.006303,0.006288,0.006298,159.576996,159.595001,159.210999,159.339996,-0.56192,-0.543807,-0.559431
2026.04.30 10:00,0.006298,0.006393,0.006297,0.006384,159.339005,159.352997,156.966995,157.156006,-0.547222,-0.54591,-0.526665
2026.04.30 11:00,0.006386,0.006452,0.006373,0.006417,157.156006,157.468002,155.513,156.373993,-0.556027,-0.522294,-0.537937
2026.04.30 12:00,0.006417,0.006419,0.006386,0.0064,156.354996,157.108002,156.332993,156.822006,-0.527712,-0.533353,-0.559803
2026.04.30 13:00,0.006398,0.006425,0.006394,0.006395,156.815994,156.959,156.188004,156.917007,-0.55015,-0.53387,-0.544843
2026.04.30 14:00,0.006395,0.006415,0.006393,0.006405,156.921005,156.962997,156.449005,156.675003,-0.541912,-0.55221,-0.546981
2026.04.30 15:00,0.006405,0.006407,0.006398,0.006405,156.675003,156.832993,156.595001,156.656006,-0.546361,-0.527887,-0.527984
2026.04.30 16:00,0.006405,0.006411,0.006402,0.006409,156.664993,156.740005,156.501999,156.578995,-0.538815,-0.532252,-0.548416
2026.04.30 17:00,0.006409,0.006415,0.006404,0.006413,156.572006,156.697998,156.419006,156.477005,-0.54559,-0.546506,-0.543749
2026.04.30 18:00,0.006413,0.00642,0.006413,0.006416,156.475998,156.483994,156.306,156.412003,-0.550737,-0.54276,-0.551652
2026.04.30 19:00,0.006416,0.006419,0.006409,0.006409,156.414993,156.569,156.296005,156.565994,-0.538422,-0.52063,-0.547579
2026.04.30 20:00,0.006409,0.006411,0.006407,0.006407,156.565002,156.630997,156.5,156.561005,-0.539527,-0.530253,-0.49389
2026.04.30 22:00,0.006407,0.006409,0.006402,0.006405,156.563004,156.748001,156.518005,156.651993,-0.534618,-0.47525,-0.52397
2026.04.30 23:00,0.006405,0.006406,0.00639,0.006392,156.662003,157.020996,156.632004,156.988998,-0.526479,-0.516171,-0.531206
2026.05.01 00:00,0.006392,0.006392,0.006378,0.006388,156.981995,157.306,156.955002,157.076004,-0.529323,-0.521679,-0.520233
2026.05.01 01:00,0.006388,0.006388,0.006381,0.006382,157.078995,157.255005,157.039001,157.194,-0.539755,-0.507731,-0.515578
2026.05.01 02:00,0.006383,0.006386,0.006378,0.006381,157.190994,157.326004,157.119995,157.233994,-0.52475,-0.515189,-0.518743
2026.05.01 03:00,0.006382,0.006391,0.006379,0.006382,157.227997,157.291,156.981995,157.177002,-0.526615,-0.511959,-0.49858
2026.05.01 04:00,0.006385,0.006386,0.00638,0.006381,157.177002,157.279999,157.100006,157.233994,-0.540191,-0.507465,-0.518743
2026.05.01 05:00,0.006381,0.006383,0.006379,0.00638,157.233994,157.298004,157.192001,157.270996,-0.533619,-0.525855,-0.5189
2026.05.01 06:00,0.00638,0.006453,0.006378,0.006433,157.274002,157.294998,155.453003,155.964005,-0.518321,-0.486321,-0.527616
2026.05.01 07:00,0.006433,0.006438,0.006402,0.006407,155.951004,156.723999,155.848007,156.623993,-0.53501,-0.508202,-0.532523
2026.05.01 08:00,0.006407,0.006421,0.006405,0.006413,156.613998,156.656006,156.251999,156.462006,-0.527984,-0.513023,-0.516588
2026.05.01 09:00,0.006413,0.006415,0.006401,0.006409,156.462006,156.761002,156.414993,156.565002,-0.535414,-0.518199,-0.522247
2026.05.01 10:00,0.006408,0.006411,0.006406,0.006407,156.574005,156.626999,156.481003,156.589005,-0.523343,-0.511256,-0.52189
2026.05.01 11:00,0.006407,0.006414,0.006406,0.006408,156.597,156.625,156.429001,156.580994,-0.521344,-0.52005,-0.52606
2026.05.01 12:00,0.006407,0.006416,0.006406,0.006407,156.572006,156.643005,156.378998,156.587006,-0.527173,-0.518648,-0.50772
2026.05.01 13:00,0.006407,0.006418,0.0064,0.006411,156.593002,156.753998,156.324005,156.496002,-0.516203,-0.512225,-0.526256
2026.05.01 14:00,0.006412,0.006417,0.006402,0.006406,156.494995,156.725006,156.358002,156.639008,-0.523815,-0.521946,-0.535352
2026.05.01 15:00,0.006406,0.006406,0.006396,0.0064,156.628998,156.895996,156.613998,156.757996,-0.536059,-0.510343,-0.507992
2026.05.01 16:00,0.0064,0.006404,0.006393,0.006394,156.753998,156.944,156.660004,156.942001,-0.522915,-0.519789,-0.533152
2026.05.01 17:00,0.006393,0.006397,0.00639,0.006394,156.940994,157.028,156.848007,156.929993,-0.533483,-0.524732,-0.521143
2026.05.01 18:00,0.006394,0.006394,0.006386,0.00639,156.923004,157.117996,156.908005,157.007996,-0.525455,-0.511378,-0.525714
2026.05.01 19:00,0.00639,0.006391,0.006387,0.006388,157.007996,157.091003,156.990997,157.061005,-0.522974,-0.520961,-0.529734
2026.05.01 20:00,0.006388,0.006392,0.006386,0.006387,157.057007,157.091003,156.947998,157.039993,-0.498462,-0.502436,-0.471964
2026.05.04 04:00,0.006423,0.006427,0.0064,0.006402,156.664001,156.789993,156.621994,156.727005,-0.52779,-1.016303,-0.513622
2026.05.04 05:00,0.006402,0.00641,0.006396,0.0064,156.722,156.862,156.516998,156.781006,-0.526502,-0.510756,-0.518802
2026.05.04 06:00,0.0064,0.006402,0.006393,0.006394,156.768997,156.940002,156.718002,156.925003,-0.518917,-0.516812,-0.528376
2026.05.04 07:00,0.006394,0.006398,0.006392,0.006396,156.914001,156.979996,156.811005,156.893997,-0.522203,-0.512157,-0.53406
2026.05.04 08:00,0.006395,0.006396,0.006392,0.006392,156.880997,156.979004,156.876007,156.938995,-0.533442,-0.51607,-0.505673
2026.05.04 09:00,0.006393,0.006395,0.00639,0.006392,156.951996,157.013,156.888,156.959,-0.518483,-0.515836,-0.525677
2026.05.04 10:00,0.006392,0.006392,0.006382,0.006386,156.959,157.203995,156.949997,157.108002,-0.525573,-0.504435,-0.527712
2026.05.04 11:00,0.006386,0.006388,0.006384,0.006384,157.108994,157.182999,157.057007,157.169006,-0.529127,-0.513493,-0.515135
2026.05.04 12:00,0.006384,0.00639,0.006384,0.006385,157.167007,157.182007,157.011993,157.139008,-0.528135,-0.517476,-0.521935
2026.05.04 13:00,0.006385,0.006392,0.006384,0.00639,157.139008,157.184006,156.960999,157.007996,-0.530134,-0.527676,-0.513478
2026.05.04 14:00,0.00639,0.006394,0.006384,0.006387,157.011002,157.158005,156.919006,157.091003,-0.528664,-0.522379,-0.522974
2026.05.04 15:00,0.006388,0.006393,0.006378,0.006383,157.095993,157.300003,156.938004,157.192001,-0.523326,-0.516918,-0.525855
2026.05.04 16:00,0.006382,0.006385,0.006378,0.00638,157.195007,157.302994,157.130005,157.266998,-0.526317,-0.512933,-0.52719
2026.05.04 17:00,0.00638,0.006384,0.00638,0.006382,157.266006,157.283997,157.158005,157.218002,-0.531901,-0.528664,-0.515034
2026.05.04 18:00,0.006382,0.006411,0.00638,0.006403,157.220001,157.279007,156.518005,156.709,-0.526911,-0.536103,-0.53221
2026.05.04 19:00,0.006402,0.006402,0.006386,0.006388,156.716003,157.130997,156.716003,157.084,-0.538455,-0.502621,-0.528229
2026.05.04 20:00,0.006388,0.006388,0.006379,0.006382,157.098007,157.287003,157.084,157.216003,-0.522617,-0.528229,-0.513035
2026.05.04 22:00,0.006386,0.006386,0.00638,0.006382,157.113007,157.268997,157.110992,157.227005,-0.516901,-0.530702,-0.524037
2026.05.04 23:00,0.006382,0.006384,0.006381,0.006382,157.216995,157.238007,157.166,157.207993,-0.522756,-0.53666,-0.529571
2026.05.05 00:00,0.006382,0.006384,0.00638,0.006382,157.205994,157.255005,157.156998,157.201004,-0.527471,-0.515398,-0.522582
2026.05.05 01:00,0.006382,0.006383,0.00638,0.006382,157.203003,157.270996,157.173996,157.210999,-0.5189,-0.50785,-0.532577
2026.05.05 02:00,0.006382,0.006383,0.006382,0.006382,157.207001,157.231995,157.173996,157.216995,-0.529026,-0.50785,-0.514027
2026.05.05 03:00,0.006382,0.006382,0.00638,0.00638,157.212997,157.268005,157.199005,157.266006,-0.51591,-0.520583,-0.526198
2026.05.05 04:00,0.00638,0.006381,0.006378,0.006379,157.266998,157.298004,157.223999,157.276001,-0.49675,-0.508749,-0.511616
2026.05.05 05:00,0.006379,0.006382,0.006378,0.00638,157.279999,157.300003,157.207001,157.270996,-0.523326,-0.528579,-0.5189
2026.05.05 06:00,0.00638,0.006383,0.006378,0.006382,157.274994,157.298996,157.184998,157.225998,-0.522319,-0.518852,-0.52303
2026.05.05 07:00,0.006382,0.006388,0.006381,0.006382,157.216003,157.238998,157.076996,157.225998,-0.523748,-0.533482,-0.52303
2026.05.05 08:00,0.006382,0.006382,0.006379,0.00638,157.225998,157.285004,157.195007,157.279007,-0.520618,-0.516585,-0.526911
2026.05.05 09:00,0.006379,0.006387,0.006354,0.00637,157.274002,157.891998,157.098007,157.511993,-0.51082,-0.529978,-0.526124
2026.05.05 10:00,0.006371,0.006371,0.006363,0.006365,157.5,157.669006,157.477997,157.612,-0.52278,-0.516763,-0.515147
2026.05.05 11:00,0.006365,0.006366,0.006359,0.006361,157.602997,157.792007,157.597,157.746002,-0.522214,-0.51249,-0.525661
2026.05.05 12:00,0.006361,0.006365,0.006357,0.006359,157.733002,157.837997,157.628006,157.763,-0.51872,-0.51881,-0.517931
2026.05.05 13:00,0.006359,0.006363,0.006358,0.006359,157.766006,157.798004,157.662994,157.774002,-0.51584,-0.516768,-0.528933
2026.05.05 14:00,0.00636,0.006364,0.006357,0.006363,157.764008,157.828003,157.667007,157.671997,-0.521102,-0.53313,-0.513419
2026.05.05 15:00,0.006363,0.006366,0.006361,0.006363,157.673004,157.729004,157.598999,157.675003,-0.521012,-0.514489,-0.516425
2026.05.05 16:00,0.006363,0.006365,0.006359,0.006359,157.675003,157.802002,157.645004,157.783005,-0.532208,-0.523474,-0.52558
2026.05.05 17:00,0.006359,0.006359,0.006355,0.006356,157.783005,157.886002,157.761993,157.845001,-0.51721,-0.516924,-0.513345
2026.05.05 18:00,0.006356,0.006357,0.006353,0.006355,157.843994,157.917999,157.828995,157.869995,-0.524433,-0.522094,-0.525959
2026.05.05 19:00,0.006355,0.006356,0.006353,0.006355,157.873001,157.916,157.852997,157.873001,-0.522434,-0.521341,-0.516594
2026.05.05 20:00,0.006355,0.006357,0.006354,0.006355,157.876999,157.899002,157.830002,157.862,-0.517824,-0.523101,-0.493208
2026.05.05 22:00,0.006355,0.006367,0.006352,0.006361,157.884003,157.929993,157.576004,157.755005,-0.499261,-0.51616,-0.559372
2026.05.05 23:00,0.006362,0.006369,0.006361,0.006363,157.722,157.733002,157.524994,157.673004,-0.52501,-0.502152,-0.526777
2026.05.06 00:00,0.006363,0.006369,0.006362,0.006367,157.664993,157.709,157.542007,157.591003,-0.525724,-0.519165,-0.531159
2026.05.06 01:00,0.006367,0.006367,0.006362,0.006362,157.585999,157.697006,157.567001,157.690002,-0.513731,-0.519493,-0.506727
2026.05.06 02:00,0.006363,0.006364,0.006357,0.006359,157.695007,157.832993,157.645004,157.804001,-0.526092,-0.511127,-0.534207
2026.05.06 03:00,0.006358,0.006362,0.006355,0.006359,157.811996,157.893005,157.716003,157.776001,-0.536598,-0.532728,-0.530932
2026.05.06 04:00,0.006359,0.006473,0.006357,0.006435,157.770004,157.824005,154.992004,155.932007,-0.529468,-0.492199,-0.531848
2026.05.06 05:00,0.006435,0.006442,0.006416,0.006419,155.908005,156.389999,155.733994,156.317993,-0.529649,-0.502703,-0.518354
2026.05.06 06:00,0.006419,0.006419,0.006413,0.006416,156.330994,156.455002,156.292007,156.376007,-0.521745,-0.516632,-0.515657
2026.05.06 07:00,0.006416,0.006442,0.006409,0.006439,156.380005,156.565002,155.703003,155.811005,-0.522247,-0.483751,-0.507384
2026.05.06 08:00,0.006439,0.006442,0.00642,0.006433,155.804993,156.291,155.738998,155.975998,-0.52776,-0.507708,-0.515451
2026.05.06 09:00,0.006433,0.006435,0.006427,0.006435,155.972,156.108994,155.908005,155.917999,-0.527506,-0.519923,-0.517841
2026.05.06 10:00,0.006435,0.006448,0.006427,0.006442,155.925995,156.123001,155.606003,155.75,-0.51731,-0.507129,-0.518709
2026.05.06 11:00,0.006442,0.006444,0.006427,0.006428,155.75,156.106995,155.695007,156.078995,-0.525507,-0.511895,-0.509612
2026.05.06 12:00,0.006429,0.006429,0.006419,0.00642,156.078995,156.306,156.078995,156.274994,-0.518499,-0.521715,-0.511754
2026.05.06 13:00,0.00642,0.006429,0.006419,0.006427,156.283005,156.317001,156.048996,156.110001,-0.529501,-0.515905,-0.516406
2026.05.06 14:00,0.006427,0.006429,0.006419,0.00642,156.117004,156.296997,156.037994,156.276993,-0.521622,-0.504903,-0.513753
2026.05.06 15:00,0.00642,0.006421,0.006413,0.006414,156.279999,156.457001,156.263,156.438004,-0.523744,-0.511893,-0.529053
2026.05.06 16:00,0.006414,0.006417,0.006411,0.006415,156.431,156.488007,156.356995,156.423996,-0.51826,-0.520939,-0.527201
2026.05.06 17:00,0.006414,0.006417,0.006411,0.006412,156.419998,156.514999,156.343002,156.488998,-0.520928,-0.506947,-0.531417
2026.05.06 18:00,0.006412,0.006417,0.006412,0.006415,156.479996,156.488007,156.348999,156.399002,-0.530425,-0.512943,-0.526502
2026.05.06 19:00,0.006415,0.006417,0.006414,0.006415,156.399002,156.440002,156.343994,156.410004,-0.531052,-0.520072,-0.525363
2026.05.06 20:00,0.006415,0.00642,0.006413,0.006415,156.414993,156.455002,156.289001,156.378006,-0.533894,-0.525761,-0.493365
2026.05.06 22:00,0.006421,0.006421,0.006414,0.006416,156.216003,156.378998,156.210007,156.343002,-0.470047,-0.4589,-0.482652
2026.05.06 23:00,0.006417,0.006419,0.006409,0.006409,156.326004,156.524994,156.264999,156.511002,-0.482239,-0.46536,-0.480423
2026.05.07 00:00,0.006409,0.006421,0.006408,0.006417,156.511993,156.526993,156.210007,156.320999,-0.472059,-0.471031,-0.472797
2026.05.07 01:00,0.006417,0.006429,0.006415,0.006421,156.317001,156.352997,156.011002,156.209,-0.480497,-0.477911,-0.482142
2026.05.07 02:00,0.006421,0.006424,0.006415,0.006416,156.218002,156.350998,156.143005,156.330994,-0.466357,-0.476754,-0.470644
2026.05.07 03:00,0.006416,0.006417,0.006412,0.006413,156.324997,156.438004,156.300003,156.410004,-0.480422,-0.463947,-0.476747
2026.05.07 04:00,0.006414,0.006417,0.006413,0.006415,156.408997,156.421997,156.300003,156.358002,-0.500889,-0.476081,-0.473361
2026.05.07 05:00,0.006415,0.006417,0.006413,0.006415,156.352005,156.397995,156.298004,156.373993,-0.476887,-0.474082,-0.489352
2026.05.07 06:00,0.006415,0.006426,0.006413,0.006418,156.369003,156.410995,156.098007,156.289001,-0.477739,-0.480205,-0.477221
2026.05.07 07:00,0.006418,0.006429,0.006418,0.006419,156.278,156.294006,156.014008,156.255005,-0.482226,-0.468817,-0.47963
2026.05.07 08:00,0.006419,0.006423,0.006416,0.006417,156.261993,156.339996,156.175003,156.320007,-0.479646,-0.48451,-0.471805
2026.05.07 09:00,0.006417,0.006417,0.006413,0.006415,156.317001,156.417007,156.294998,156.371002,-0.483751,-0.471076,-0.474207
2026.05.07 10:00,0.006415,0.006419,0.006413,0.006414,156.373993,156.401993,156.283997,156.397003,-0.480885,-0.484357,-0.488053
2026.05.07 11:00,0.006414,0.006416,0.006411,0.006413,156.397003,156.473007,156.341003,156.395996,-0.478936,-0.480653,-0.474888
2026.05.07 12:00,0.006414,0.006421,0.006413,0.006419,156.404999,156.421005,156.233994,156.285004,-0.487749,-0.482886,-0.485364
2026.05.07 13:00,0.006419,0.006419,0.006413,0.006416,156.276001,156.408005,156.246994,156.339005,-0.474748,-0.471619,-0.478654
2026.05.07 14:00,0.006416,0.006423,0.006413,0.006419,156.339005,156.404007,156.162994,156.253006,-0.482899,-0.484623,-0.477631
2026.05.07 15:00,0.006419,0.00642,0.006409,0.00641,156.253006,156.513,156.240005,156.483994,-0.482422,-0.476765,-0.477751
2026.05.07 16:00,0.00641,0.006411,0.006404,0.006404,156.477997,156.645996,156.462997,156.623993,-0.481404,-0.468926,-0.471585
2026.05.07 17:00,0.006404,0.006404,0.006393,0.006402,156.623993,156.863007,156.613007,156.660995,-0.441921,-0.472792,-0.472006
2026.05.07 18:00,0.006403,0.006406,0.006394,0.0064,156.660995,156.865005,156.600998,156.740997,-0.480611,-0.485166,-0.490993
2026.05.07 19:00,0.0064,0.006402,0.006394,0.006395,156.735001,156.876999,156.677002,156.869995,-0.480372,-0.463619,-0.49783
2026.05.07 20:00,0.006394,0.0064,0.00639,0.006391,156.862,156.955994,156.735992,156.869995,-0.473712,-0.485988,-0.399959
2026.05.07 22:00,0.006392,0.006395,0.00639,0.006393,156.807999,156.953003,156.807999,156.871994,-0.458486,-0.435834,-0.450909
2026.05.07 23:00,0.006393,0.006396,0.006392,0.006394,156.871002,156.916,156.815002,156.837997,-0.470438,-0.46728,-0.453602
2026.05.08 00:00,0.006394,0.006396,0.006389,0.00639,156.845993,156.992004,156.804001,156.964005,-0.472987,-0.456279,-0.469487
2026.05.08 01:00,0.00639,0.006394,0.00639,0.006393,156.964005,156.973999,156.843994,156.897995,-0.467233,-0.459599,-0.47691
2026.05.08 02:00,0.006392,0.006394,0.00639,0.006393,156.895004,156.957001,156.865997,156.891006,-0.474719,-0.46937,-0.469921
2026.05.08 03:00,0.006393,0.006398,0.006393,0.006395,156.882004,156.897995,156.761993,156.830994,-0.47691,-0.463146,-0.458829
2026.05.08 04:00,0.006394,0.006395,0.006392,0.006395,156.832001,156.899994,156.819,156.847,-0.466671,-0.446835,-0.474835
2026.05.08 05:00,0.006395,0.006396,0.006394,0.006396,156.841995,156.884003,156.804993,156.826004,-0.475153,-0.457271,-0.466067
2026.05.08 06:00,0.006396,0.0064,0.006395,0.006396,156.830002,156.847,156.707001,156.824005,-0.474835,-0.469206,-0.464068
2026.05.08 07:00,0.006395,0.006399,0.006394,0.006396,156.824005,156.852005,156.729004,156.832993,-0.46761,-0.454588,-0.473056
2026.05.08 08:00,0.006396,0.006404,0.006394,0.006401,156.826996,156.858002,156.628006,156.699005,-0.473607,-0.463414,-0.473417
2026.05.08 09:00,0.006401,0.006404,0.0064,0.006402,156.703995,156.710007,156.621994,156.673996,-0.460003,-0.469586,-0.460613
2026.05.08 10:00,0.006402,0.006403,0.006397,0.006398,156.673004,156.787003,156.645996,156.774994,-0.463727,-0.469206,-0.476146
2026.05.08 11:00,0.006398,0.0064,0.006397,0.006399,156.774994,156.785995,156.718994,156.75,-0.46272,-0.46899,-0.475584
2026.05.08 12:00,0.006399,0.006409,0.006392,0.006403,156.746994,156.826996,156.514008,156.641998,-0.381433,-0.471252,-0.465208
2026.05.08 13:00,0.006403,0.006412,0.0064,0.006407,156.632996,156.701996,156.425003,156.496994,-0.464201,-0.467422,-0.42988
2026.05.08 14:00,0.006409,0.006409,0.006402,0.006404,156.496002,156.664993,156.477997,156.623001,-0.463803,-0.447418,-0.458409
2026.05.08 15:00,0.006404,0.006407,0.006402,0.006403,156.623993,156.673004,156.546005,156.639008,-0.471813,-0.454536,-0.462218
2026.05.08 16:00,0.006403,0.006405,0.0064,0.0064,156.638,156.705002,156.589996,156.697998,-0.467207,-0.461974,-0.460203
2026.05.08 17:00,0.0064,0.006404,0.0064,0.006401,156.692993,156.716003,156.604996,156.682999,-0.465999,-0.452588,-0.457411
2026.05.08 18:00,0.006401,0.006406,0.006399,0.006401,156.682999,156.746994,156.584,156.692993,-0.472578,-0.468167,-0.467405
2026.05.08 19:00,0.006401,0.006402,0.006397,0.0064,156.688004,156.772995,156.662994,156.722,-0.44972,-0.461804,-0.459797
2026.05.08 20:00,0.0064,0.006403,0.006398,0.006401,156.723999,156.757996,156.621002,156.621002,-0.471365,-0.444212,-0.395414
2026.05.10 23:00,0.006392,0.006395,0.006392,0.006394,156.889999,156.897003,156.824005,156.858002,-0.439211,-0.45184,-0.449152
2026.05.11 00:00,0.006394,0.006394,0.006386,0.006391,156.863007,157.063004,156.824997,156.936005,-0.458198,-0.440602,-0.465969
2026.05.11 01:00,0.006391,0.006392,0.006384,0.006384,156.929993,157.097,156.916,157.095001,-0.455401,-0.458208,-0.465661
2026.05.11 02:00,0.006384,0.006386,0.006382,0.006382,157.089005,157.151001,157.044998,157.136002,-0.460313,-0.452457,-0.445313
2026.05.11 03:00,0.006382,0.006384,0.006381,0.006382,157.136993,157.175003,157.085999,157.156998,-0.459753,-0.444399,-0.466309
2026.05.11 04:00,0.006382,0.006384,0.006382,0.006383,157.156998,157.160995,157.082001,157.125,-0.458027,-0.45266,-0.458854
2026.05.11 05:00,0.006383,0.006385,0.006382,0.006382,157.123993,157.147995,157.061996,157.136002,-0.457307,-0.444924,-0.45758
2026.05.11 06:00,0.006383,0.006388,0.006382,0.006388,157.126999,157.147995,156.983002,156.996994,-0.457307,-0.451731,-0.465724
2026.05.11 07:00,0.006388,0.006388,0.006383,0.006384,156.990997,157.136002,156.983002,157.121002,-0.469856,-0.451731,-0.46713
2026.05.11 08:00,0.006384,0.00639,0.006382,0.006384,157.115997,157.145996,156.940002,157.078995,-0.467574,-0.445485,-0.449654
2026.05.11 09:00,0.006384,0.006386,0.006382,0.006382,157.084,157.147003,157.061996,157.139999,-0.456315,-0.457191,-0.449311
2026.05.11 10:00,0.006382,0.006385,0.006382,0.006382,157.136002,157.160995,157.076004,157.136993,-0.458027,-0.458932,-0.458571
2026.05.11 11:00,0.006382,0.006385,0.006382,0.006384,157.134003,157.147995,157.061996,157.119995,-0.457307,-0.444924,-0.466123
2026.05.11 12:00,0.006384,0.006386,0.006382,0.006384,157.113998,157.139008,157.050995,157.113998,-0.448319,-0.446189,-0.460127
2026.05.11 13:00,0.006384,0.006389,0.006383,0.006387,157.108994,157.126007,156.985001,157.035004,-0.459861,-0.465983,-0.466974
2026.05.11 14:00,0.006387,0.006389,0.006384,0.006388,157.022003,157.095001,156.972,156.988007,-0.465661,-0.452983,-0.444493
2026.05.11 15:00,0.006388,0.006388,0.006386,0.006386,156.992004,157.072006,156.975998,157.046997,-0.4672,-0.444728,-0.466707
2026.05.11 16:00,0.006386,0.006387,0.006382,0.006382,157.042999,157.164993,157.026001,157.151993,-0.462025,-0.457971,-0.449024
2026.05.11 17:00,0.006382,0.006384,0.00638,0.006384,157.151993,157.212006,157.098007,157.113007,-0.45991,-0.456408,-0.459135
2026.05.11 18:00,0.006384,0.006384,0.00638,0.00638,157.104004,157.209,157.087997,157.205002,-0.456904,-0.458657,-0.452906
2026.05.11 19:00,0.00638,0.00638,0.006377,0.006378,157.199997,157.266006,157.194,157.237,-0.452455,-0.454192,-0.460323
2026.05.11 20:00,0.006378,0.006381,0.006377,0.006381,157.242004,157.274002,157.134003,157.182999,-0.460451,-0.418752,-0.467748
2026.05.11 22:00,0.006381,0.006381,0.006379,0.00638,157.123993,157.201004,157.091003,157.177994,-0.436619,-0.375753,-0.425898
2026.05.11 23:00,0.00638,0.00638,0.006378,0.006378,157.177994,157.246994,157.169998,157.240005,-0.44574,-0.43019,-0.438751
2026.05.12 00:00,0.006378,0.006378,0.006369,0.006371,157.231003,157.432999,157.229004,157.419998,-0.422475,-0.440045,-0.458764
2026.05.12 01:00,0.006371,0.006372,0.006363,0.006366,157.414993,157.585999,157.365005,157.533997,-0.439772,-0.42841,-0.449486
2026.05.12 02:00,0.006366,0.006366,0.006361,0.006363,157.528,157.651993,157.520996,157.582993,-0.45636,-0.436486,-0.436766
2026.05.12 03:00,0.006364,0.006365,0.006361,0.006363,157.582001,157.639999,157.539993,157.612,-0.444367,-0.430798,-0.441079
2026.05.12 04:00,0.006363,0.006365,0.006361,0.006364,157.604996,157.639999,157.542007,157.580002,-0.444367,-0.445155,-0.446125
2026.05.12 05:00,0.006363,0.006398,0.006357,0.006375,157.585007,157.748993,156.707001,157.304993,-0.442092,-0.42037,-0.442245
2026.05.12 06:00,0.006376,0.006386,0.006367,0.006367,157.306,157.526001,157.037994,157.505997,-0.45383,-0.433189,-0.433826
2026.05.12 07:00,0.006367,0.006372,0.006365,0.006367,157.507996,157.567993,157.384995,157.5,-0.446463,-0.448399,-0.440156
2026.05.12 08:00,0.006367,0.006368,0.006361,0.006363,157.505997,157.656998,157.481995,157.617004,-0.436656,-0.44682,-0.458426
2026.05.12 09:00,0.006362,0.006366,0.006361,0.006365,157.612,157.664993,157.533005,157.557999,-0.444652,-0.448494,-0.448803
2026.05.12 10:00,0.006365,0.006368,0.006363,0.006365,157.552994,157.615005,157.485001,157.548996,-0.444085,-0.449826,-0.4398
2026.05.12 11:00,0.006365,0.006367,0.006363,0.006365,157.548996,157.606003,157.492996,157.567001,-0.435083,-0.445488,-0.445472
2026.05.12 12:00,0.006365,0.006367,0.006361,0.006365,157.572006,157.643997,157.509995,157.548004,-0.448365,-0.45015,-0.438808
2026.05.12 13:00,0.006365,0.006368,0.006361,0.006361,157.550995,157.669006,157.475998,157.647995,-0.448665,-0.440824,-0.440003
2026.05.12 14:00,0.006361,0.006365,0.006359,0.006362,157.643005,157.701004,157.567993,157.617004,-0.443579,-0.446463,-0.433729
2026.05.12 15:00,0.006362,0.006363,0.006357,0.006359,157.623993,157.751999,157.604996,157.705994,-0.445098,-0.446418,-0.4362
2026.05.12 16:00,0.006359,0.006361,0.006357,0.006357,157.705002,157.764008,157.667999,157.748993,-0.44473,-0.447658,-0.442092
2026.05.12 17:00,0.006357,0.006361,0.006357,0.006359,157.744995,157.755005,157.667999,157.686996,-0.448104,-0.447658,-0.441927
2026.05.12 18:00,0.006359,0.006365,0.006359,0.006363,157.686996,157.723007,157.576004,157.587997,-0.453213,-0.454474,-0.441771
2026.05.12 19:00,0.006364,0.006367,0.006362,0.006363,157.585007,157.638,157.513,157.628006,-0.454725,-0.453156,-0.457086
2026.05.12 20:00,0.006363,0.006364,0.006361,0.006363,157.636993,157.660004,157.557007,157.598007,-0.452012,-0.42313,-0.45178
2026.05.12 22:00,0.006363,0.006365,0.006362,0.006363,157.544998,157.619995,157.542007,157.602005,-0.43672,-0.420478,-0.443427
2026.05.12 23:00,0.006363,0.006365,0.006359,0.00636,157.587006,157.679001,157.554001,157.662003,-0.433931,-0.432471,-0.429298
2026.05.13 00:00,0.006359,0.006361,0.006355,0.006359,157.664001,157.770004,157.625,157.705994,-0.425968,-0.429367,-0.4362
2026.05.13 01:00,0.006359,0.006364,0.006355,0.006361,157.707001,157.781998,157.556,157.645996,-0.437961,-0.422122,-0.438004
2026.05.13 02:00,0.006361,0.006363,0.006358,0.006361,157.645996,157.729004,157.591995,157.653,-0.446839,-0.433417,-0.432659
2026.05.13 03:00,0.006361,0.006361,0.006359,0.00636,157.649994,157.684998,157.617996,157.681,-0.439928,-0.422364,-0.448295
2026.05.13 04:00,0.006359,0.00636,0.006357,0.006358,157.675003,157.751999,157.662003,157.714005,-0.432722,-0.429298,-0.43184
2026.05.13 05:00,0.006357,0.006359,0.006357,0.006359,157.712006,157.735992,157.677994,157.679993,-0.429092,-0.432924,-0.422568
2026.05.13 06:00,0.006359,0.006359,0.006355,0.006356,157.688004,157.787994,157.679001,157.766998,-0.443958,-0.433931,-0.435342
2026.05.13 07:00,0.006355,0.00636,0.006353,0.006353,157.763,157.843994,157.669006,157.826004,-0.425656,-0.436302,-0.432437
2026.05.13 08:00,0.006353,0.006357,0.006353,0.006355,157.826004,157.843002,157.740005,157.804993,-0.424665,-0.433105,-0.436201
2026.05.13 09:00,0.006354,0.006355,0.006351,0.006353,157.800995,157.895996,157.778,157.826996,-0.440481,-0.421592,-0.433429
2026.05.13 10:00,0.006353,0.006356,0.006353,0.006354,157.826996,157.854996,157.776001,157.813995,-0.436658,-0.444345,-0.432817
2026.05.13 11:00,0.006354,0.006357,0.006353,0.006356,157.806,157.837006,157.737,157.759995,-0.443439,-0.430099,-0.428339
2026.05.13 12:00,0.006356,0.006357,0.006346,0.006353,157.766998,157.897995,157.744995,157.839996,-0.318415,-0.425718,-0.434051
2026.05.13 13:00,0.006353,0.006357,0.006352,0.006356,157.847,157.865005,157.751007,157.772003,-0.434273,-0.43173,-0.440347
2026.05.13 14:00,0.006355,0.006356,0.006351,0.006353,157.768005,157.895996,157.751007,157.862,-0.428081,-0.419351,-0.443662
2026.05.13 15:00,0.006353,0.006355,0.006351,0.006353,157.863007,157.876007,157.768005,157.832001,-0.432879,-0.423969,-0.438434
2026.05.13 16:00,0.006353,0.006357,0.006352,0.006353,157.832993,157.862,157.735992,157.848999,-0.431268,-0.416715,-0.430661
2026.05.13 17:00,0.006352,0.006353,0.006349,0.006349,157.848999,157.925003,157.824997,157.916,-0.432282,-0.43143,-0.42328
2026.05.13 18:00,0.006349,0.006353,0.006349,0.006351,157.916,157.923996,157.845993,157.891998,-0.431275,-0.427655,-0.424083
2026.05.13 19:00,0.006351,0.006353,0.006351,0.006352,157.888,157.901001,157.826996,157.865005,-0.433086,-0.433429,-0.434273
2026.05.13 20:00,0.006352,0.006353,0.006351,0.006351,157.865005,157.904007,157.841003,157.843994,-0.436092,-0.422666,-0.400866
2026.05.13 22:00,0.006351,0.006355,0.006349,0.006353,157.802002,157.841995,157.744003,157.776001,-0.349274,-0.375211,-0.357663
2026.05.13 23:00,0.006353,0.006354,0.006351,0.006351,157.796997,157.860992,157.746994,157.826004,-0.393078,-0.365816,-0.358089
2026.05.14 00:00,0.006351,0.006353,0.00635,0.006351,157.845993,157.873001,157.774994,157.848007,-0.392684,-0.369048,-0.392492
2026.05.14 01:00,0.006351,0.006351,0.006348,0.006349,157.848007,157.919998,157.815994,157.904999,-0.390065,-0.36048,-0.387476
2026.05.14 02:00,0.006348,0.006349,0.006347,0.006348,157.908005,157.949997,157.854004,157.919998,-0.39525,-0.361283,-0.390065
2026.05.14 03:00,0.006348,0.006348,0.006345,0.006347,157.916,157.992004,157.888,157.962997,-0.387594,-0.358068,-0.395835
2026.05.14 04:00,0.006351,0.006356,0.006351,0.006351,157.938995,157.973999,157.473999,157.835007,-0.506084,-0.142343,-0.367092
2026.05.14 05:00,0.006351,0.006351,0.006347,0.006349,157.860992,157.947006,157.832001,157.878006,-0.392259,-0.364086,-0.360483
2026.05.14 06:00,0.006349,0.006353,0.006349,0.006351,157.901993,157.917007,157.776001,157.839005,-0.399484,-0.357663,-0.395876
2026.05.14 07:00,0.006351,0.006353,0.006347,0.006349,157.841003,157.934006,157.787003,157.906998,-0.391661,-0.368665,-0.389475
2026.05.14 08:00,0.006348,0.006351,0.006347,0.006349,157.906998,157.947006,157.820999,157.897995,-0.392259,-0.365484,-0.39288
2026.05.14 09:00,0.006349,0.00635,0.006348,0.006349,157.893997,157.931,157.852997,157.880997,-0.401067,-0.37268,-0.363474
2026.05.14 10:00,0.006349,0.00635,0.006347,0.006348,157.880005,157.940002,157.843002,157.925995,-0.385255,-0.362685,-0.396062
2026.05.14 11:00,0.006348,0.006349,0.006346,0.006346,157.925995,157.975006,157.878998,157.966995,-0.395426,-0.373883,-0.387415
2026.05.14 12:00,0.006346,0.006349,0.006345,0.006346,157.940994,157.992996,157.871994,157.962997,-0.400996,-0.366879,-0.383417
2026.05.14 13:00,0.006345,0.006373,0.006338,0.006349,157.942001,158.167007,157.266006,157.873001,-0.388524,-0.341728,-0.355478
2026.05.14 14:00,0.006349,0.006351,0.006338,0.006338,157.908005,158.156006,157.811996,158.145996,-0.389972,-0.368868,-0.379962
2026.05.14 15:00,0.006338,0.006342,0.006337,0.006342,158.156006,158.192001,158.046005,158.087006,-0.388626,-0.367036,-0.395613
2026.05.14 16:00,0.006342,0.006342,0.006336,0.006338,158.080002,158.201004,158.048996,158.162994,-0.385174,-0.357603,-0.384511
2026.05.14 17:00,0.006338,0.00634,0.006337,0.006337,158.162994,158.199005,158.102997,158.188004,-0.39563,-0.361855,-0.384628
2026.05.14 18:00,0.006337,0.006338,0.006336,0.006338,158.188004,158.203003,158.136993,158.182007,-0.387172,-0.35851,-0.391084
2026.05.14 19:00,0.006337,0.006338,0.00633,0.006331,158.182007,158.382004,158.136993,158.345001,-0.391644,-0.35851,-0.392071
2026.05.14 20:00,0.00633,0.006332,0.006328,0.00633,158.352997,158.419006,158.313004,158.341995,-0.391199,-0.37255,-0.351636
2026.05.14 22:00,0.006332,0.006332,0.006328,0.006329,158.315994,158.393997,158.294998,158.363998,-0.378667,-0.354545,-0.361154
2026.05.14 23:00,0.00633,0.006332,0.006326,0.006329,158.362,158.440002,158.313004,158.378998,-0.374718,-0.37255,-0.376154
2026.05.15 00:00,0.006329,0.006331,0.006324,0.006326,158.371994,158.514008,158.315002,158.468994,-0.373739,-0.362073,-0.391225
2026.05.15 01:00,0.006326,0.006328,0.006322,0.006323,158.470001,158.563004,158.417007,158.528,-0.372702,-0.37671,-0.375223
2026.05.15 02:00,0.006323,0.006326,0.00632,0.006324,158.522003,158.587997,158.432999,158.524994,-0.372662,-0.367714,-0.384725
2026.05.15 03:00,0.006324,0.006326,0.006323,0.006324,158.518997,158.533005,158.468002,158.479004,-0.380228,-0.377735,-0.363734
2026.05.15 04:00,0.006324,0.006326,0.006324,0.006324,158.483002,158.524002,158.468994,158.511002,-0.383733,-0.378727,-0.370733
2026.05.15 05:00,0.006324,0.006324,0.006318,0.00632,158.509995,158.645996,158.509995,158.608002,-0.355534,-0.382232,-0.392666
2026.05.15 06:00,0.00632,0.006328,0.006318,0.006327,158.606003,158.673996,158.421005,158.425995,-0.383534,-0.380707,-0.373205
2026.05.15 07:00,0.006327,0.00633,0.006326,0.006327,158.432007,158.483002,158.343994,158.440002,-0.392734,-0.378586,-0.387212
2026.05.15 08:00,0.006326,0.006328,0.006322,0.006322,158.445007,158.576004,158.393997,158.559006,-0.385702,-0.36619,-0.381218
2026.05.15 09:00,0.006322,0.006326,0.00632,0.006324,158.567001,158.602997,158.451004,158.509003,-0.375153,-0.373235,-0.38124
2026.05.15 10:00,0.006324,0.006333,0.006324,0.00633,158.507004,158.535004,158.283997,158.367004,-0.394735,-0.38095,-0.389116
2026.05.15 11:00,0.00633,0.00633,0.00632,0.006322,158.356003,158.585999,158.350006,158.561005,-0.370663,-0.372117,-0.370703
2026.05.15 12:00,0.006322,0.006324,0.006321,0.006322,158.561996,158.585999,158.503998,158.574005,-0.383181,-0.376235,-0.383704
2026.05.15 13:00,0.006322,0.006324,0.006315,0.006317,158.567993,158.740997,158.518005,158.686005,-0.387867,-0.377737,-0.38301
2026.05.15 14:00,0.006317,0.006321,0.006314,0.00632,158.682007,158.744003,158.582993,158.591003,-0.378331,-0.380175,-0.375668
2026.05.15 15:00,0.00632,0.006322,0.006314,0.006316,158.589996,158.744995,158.544998,158.690994,-0.379323,-0.379711,-0.375466
2026.05.15 16:00,0.006316,0.006318,0.006315,0.006316,158.697998,158.733994,158.660004,158.697998,-0.380863,-0.369541,-0.369946
2026.05.15 17:00,0.006316,0.006319,0.006315,0.006315,158.699005,158.727997,158.636993,158.725006,-0.374867,-0.384103,-0.371876
2026.05.15 18:00,0.006315,0.006316,0.006314,0.006316,158.727997,158.751007,158.694,158.703995,-0.385335,-0.378472,-0.388467
2026.05.15 19:00,0.006316,0.006316,0.006313,0.006313,158.697998,158.785995,158.688004,158.766998,-0.382698,-0.372475,-0.376248
2026.05.15 20:00,0.006313,0.006316,0.006311,0.006316,158.766006,158.845001,158.705002,158.731003,-0.378958,-0.376949,-0.40295
2026.05.17 23:00,0.006313,0.006313,0.006309,0.00631,158.772995,158.882004,158.753998,158.847,-0.365721,-0.363248,-0.368397
2026.05.18 00:00,0.00631,0.006312,0.006305,0.006307,158.843994,158.953995,158.796005,158.932999,-0.362287,-0.367617,-0.379007
2026.05.18 01:00,0.006307,0.006309,0.006305,0.006307,158.927994,158.953995,158.856003,158.932999,-0.362287,-0.364838,-0.366445
2026.05.18 02:00,0.006307,0.006309,0.006306,0.006307,158.925003,158.947998,158.882004,158.908005,-0.368868,-0.365721,-0.366585
2026.05.18 03:00,0.006307,0.006307,0.006301,0.006303,158.906998,159.057999,158.897995,159.031006,-0.365621,-0.356575,-0.376392
2026.05.18 04:00,0.006303,0.006311,0.006301,0.006305,159.029999,159.072998,158.796997,158.981995,-0.368025,-0.356055,-0.365138
2026.05.18 05:00,0.006305,0.006308,0.006304,0.006306,158.983002,159.0,158.895004,158.942993,-0.370559,-0.366154,-0.363864
2026.05.18 06:00,0.006307,0.006311,0.006306,0.006309,158.938995,158.953003,158.826004,158.884995,-0.373873,-0.359961,-0.368712
2026.05.18 07:00,0.006309,0.006312,0.006305,0.006307,158.884003,158.983994,158.798996,158.919998,-0.367137,-0.370608,-0.378578
2026.05.18 08:00,0.006307,0.006313,0.006307,0.006311,158.912003,158.932999,158.783997,158.826004,-0.366445,-0.368161,-0.372507
2026.05.18 09:00,0.006311,0.006311,0.006307,0.006307,158.819,158.934006,158.817001,158.932007,-0.380014,-0.363504,-0.378015
2026.05.18 10:00,0.006307,0.006308,0.006306,0.006307,158.927994,158.953003,158.889999,158.923004,-0.373873,-0.361149,-0.369012
2026.05.18 11:00,0.006307,0.006316,0.006305,0.006311,158.921997,158.957993,158.671005,158.830002,-0.366285,-0.355477,-0.363958
2026.05.18 12:00,0.00631,0.00632,0.00631,0.006316,158.826996,158.843994,158.604004,158.684006,-0.365391,-0.37616,-0.355953
2026.05.18 13:00,0.006316,0.006318,0.006313,0.006314,158.682999,158.781998,158.636002,158.740005,-0.366162,-0.358069,-0.361801
2026.05.18 14:00,0.006314,0.006315,0.006307,0.00631,158.738007,158.916,158.725006,158.841995,-0.362008,-0.371876,-0.363392
2026.05.18 15:00,0.006311,0.006312,0.006307,0.006311,158.835007,158.938995,158.792007,158.832001,-0.372441,-0.36362,-0.378503
2026.05.18 16:00,0.006311,0.006313,0.006306,0.006306,158.830994,158.945007,158.764999,158.934006,-0.365878,-0.361701,-0.354876
2026.05.18 17:00,0.006307,0.006309,0.006306,0.006307,158.934006,158.951004,158.882004,158.910995,-0.371874,-0.365721,-0.357004
2026.05.18 18:00,0.006307,0.006307,0.006301,0.006301,158.912003,159.078003,158.908005,159.069,-0.360444,-0.366585,-0.364027
2026.05.18 19:00,0.006301,0.006311,0.006301,0.006308,159.074997,159.082993,158.796997,158.888,-0.365434,-0.356055,-0.35915
2026.05.18 20:00,0.006308,0.006314,0.006308,0.006309,158.880997,158.886993,158.729996,158.779999,-0.358143,-0.351791,-0.288834
2026.05.18 22:00,0.006307,0.006313,0.006307,0.006311,158.731003,158.832001,158.707001,158.815994,-0.290581,-0.316251,-0.349951
2026.05.18 23:00,0.00631,0.006311,0.006309,0.006309,158.815994,158.873001,158.794998,158.860992,-0.356718,-0.354057,-0.34471
2026.05.19 00:00,0.006309,0.006309,0.006303,0.006303,158.860992,159.020004,158.852005,159.011993,-0.352812,-0.348276,-0.344801
2026.05.19 01:00,0.006303,0.006307,0.006302,0.006304,159.013,159.028,158.884995,158.975006,-0.348216,-0.343574,-0.345565
2026.05.19 02:00,0.006304,0.006305,0.006303,0.006305,158.975006,159.005997,158.944,158.960007,-0.351383,-0.352293,-0.35572
2026.05.19 03:00,0.006305,0.006306,0.006303,0.006305,158.957993,158.990997,158.919998,158.957993,-0.348971,-0.340869,-0.353706
2026.05.19 04:00,0.006307,0.006307,0.006303,0.006303,158.951996,159.005997,158.912994,158.983994,-0.36397,-0.359002,-0.341967
2026.05.19 05:00,0.006304,0.006305,0.006303,0.006303,158.983994,159.033005,158.944,158.996994,-0.365813,-0.339713,-0.34238
2026.05.19 06:00,0.006303,0.006303,0.006299,0.006301,158.996994,159.112,158.996994,159.070007,-0.356636,-0.34238,-0.352448
2026.05.19 07:00,0.0063,0.006303,0.006297,0.006301,159.061996,159.143005,158.996002,159.044006,-0.34983,-0.353976,-0.351629
2026.05.19 08:00,0.006302,0.006303,0.006297,0.006298,159.039001,159.145004,158.994995,159.134003,-0.351829,-0.340381,-0.353437
2026.05.19 09:00,0.006298,0.006301,0.006297,0.006299,159.136002,159.171997,159.061005,159.097,-0.353608,-0.343446,-0.35424
2026.05.19 10:00,0.006299,0.006301,0.006296,0.006299,159.093994,159.177994,159.048004,159.093994,-0.346989,-0.355627,-0.351234
2026.05.19 11:00,0.0063,0.006301,0.006297,0.006298,159.091995,159.143005,159.067993,159.132996,-0.34983,-0.350434,-0.35243
2026.05.19 12:00,0.006298,0.006318,0.006297,0.006301,159.126007,159.141006,158.639999,159.065002,-0.347831,-0.349537,-0.36003
2026.05.19 13:00,0.006301,0.006307,0.006295,0.006301,159.065002,159.194,158.916,159.044998,-0.350378,-0.349446,-0.352621
2026.05.19 14:00,0.006301,0.006304,0.006293,0.006301,159.048004,159.251007,158.979004,159.063004,-0.34429,-0.349563,-0.345445
2026.05.19 15:00,0.006301,0.006305,0.006297,0.006299,159.061996,159.173996,158.957993,159.119003,-0.355607,-0.366285,-0.351046
2026.05.19 16:00,0.006299,0.006313,0.006297,0.006311,159.117996,159.177002,158.770996,158.820999,-0.358613,-0.35516,-0.367502
2026.05.19 17:00,0.006311,0.006312,0.006308,0.006309,158.809998,158.889008,158.776993,158.856003,-0.360157,-0.348605,-0.352274
2026.05.19 18:00,0.006309,0.006309,0.0063,0.006301,158.856003,159.091003,158.850998,159.044006,-0.360845,-0.359833,-0.351629
2026.05.19 19:00,0.006301,0.006303,0.006301,0.006301,159.039001,159.078003,158.987,159.050003,-0.360444,-0.344973,-0.34503
2026.05.19 20:00,0.006301,0.006302,0.006299,0.006301,159.050003,159.104996,159.037003,159.046005,-0.349632,-0.357219,-0.328446
2026.05.19 22:00,0.006302,0.006303,0.006299,0.0063,159.033005,159.117004,159.022995,159.067001,-0.361641,-0.368381,-0.336843
2026.05.19 23:00,0.0063,0.006303,0.0063,0.006301,159.056,159.072006,158.979996,159.042999,-0.341848,-0.337969,-0.338026
2026.05.20 00:00,0.006301,0.006305,0.006299,0.006303,159.035004,159.102997,158.947998,158.990997,-0.347633,-0.343711,-0.336383
2026.05.20 01:00,0.006303,0.006305,0.006299,0.006301,158.992004,159.091995,158.968002,159.031998,-0.336631,-0.351145,-0.33962
2026.05.20 02:00,0.006301,0.006309,0.006301,0.006306,159.029999,159.044998,158.830994,158.917999,-0.340025,-0.327265,-0.33887
2026.05.20 03:00,0.006306,0.006309,0.006305,0.006309,158.923996,158.953003,158.848999,158.865005,-0.348716,-0.34527,-0.348723
2026.05.20 04:00,0.006309,0.006309,0.006303,0.006305,158.863998,159.001999,158.809998,158.979996,-0.347385,-0.306269,-0.363139
2026.05.20 05:00,0.006303,0.006307,0.006303,0.006304,158.973999,158.992996,158.910004,158.973007,-0.35097,-0.34345,-0.343567
2026.05.20 06:00,0.006303,0.006308,0.006303,0.006304,158.966995,159.001999,158.865997,158.968994,-0.347385,-0.337147,-0.339553
2026.05.20 07:00,0.006304,0.006306,0.006301,0.006301,158.973007,159.061996,158.923004,159.061005,-0.344438,-0.343875,-0.343446
2026.05.20 08:00,0.006301,0.006303,0.006299,0.006301,159.054993,159.102997,159.009995,159.044006,-0.347633,-0.342803,-0.339033
2026.05.20 09:00,0.006301,0.006303,0.0063,0.0063,159.035995,159.080002,158.985992,159.067993,-0.349843,-0.343966,-0.337835
2026.05.20 10:00,0.0063,0.006305,0.0063,0.006303,159.057999,159.070999,158.949997,158.990005,-0.340841,-0.33314,-0.335391
2026.05.20 11:00,0.006303,0.006304,0.006301,0.006301,158.994995,159.052994,158.957993,159.028,-0.348021,-0.328552,-0.335623
2026.05.20 12:00,0.006301,0.006304,0.006301,0.006303,159.029007,159.041,158.975998,159.011993,-0.336027,-0.346557,-0.344801
2026.05.20 13:00,0.006302,0.006303,0.006298,0.006299,159.013,159.113007,159.0,159.098999,-0.332441,-0.332808,-0.343635
2026.05.20 14:00,0.006299,0.006311,0.006296,0.006309,159.098999,159.169006,158.785995,158.871002,-0.338002,-0.345054,-0.354719
2026.05.20 15:00,0.006308,0.00632,0.006306,0.006309,158.871002,158.923004,158.578995,158.843002,-0.343875,-0.338629,-0.351837
2026.05.20 16:00,0.006309,0.006313,0.006307,0.00631,158.841003,158.914993,158.746994,158.832993,-0.348439,-0.343696,-0.354389
2026.05.20 17:00,0.00631,0.006311,0.006305,0.006306,158.828995,158.934998,158.802994,158.882996,-0.34329,-0.33695,-0.303866
2026.05.20 18:00,0.006305,0.006311,0.006303,0.006309,158.917999,158.964996,158.789001,158.841995,-0.297804,-0.34806,-0.338266
2026.05.20 19:00,0.006309,0.006312,0.006307,0.006309,158.834,158.897003,158.772995,158.858002,-0.330449,-0.344607,-0.341719
2026.05.20 20:00,0.006309,0.006309,0.006305,0.006305,158.852997,158.934006,158.837997,158.899994,-0.329719,-0.346832,-0.295707
2026.05.20 22:00,0.006305,0.006307,0.006305,0.006307,158.835999,158.921997,158.800003,158.826004,-0.30514,-0.258583,-0.284584
2026.05.20 23:00,0.006307,0.006308,0.006304,0.006305,158.837006,158.923996,158.811996,158.889008,-0.294555,-0.283146,-0.284721
2026.05.21 00:00,0.006305,0.006307,0.006303,0.006306,158.880005,158.927994,158.837006,158.856995,-0.285967,-0.270452,-0.277865
2026.05.21 01:00,0.006307,0.006309,0.006305,0.006305,158.865997,158.899994,158.804001,158.886002,-0.295707,-0.300272,-0.281715
2026.05.21 02:00,0.006305,0.006307,0.006301,0.006301,158.886002,158.979996,158.843002,158.973999,-0.287618,-0.28901,-0.281622
2026.05.21 03:00,0.006301,0.006304,0.006301,0.006302,158.975998,158.985992,158.914001,158.960999,-0.28102,-0.284561,-0.281215
2026.05.21 04:00,0.006301,0.006303,0.006301,0.006301,158.962006,159.003006,158.940994,158.998993,-0.298033,-0.273802,-0.29402
2026.05.21 05:00,0.006301,0.006301,0.006299,0.006301,158.992996,159.050003,158.970001,159.009003,-0.282045,-0.277624,-0.291444
2026.05.21 06:00,0.006301,0.006301,0.006297,0.006298,159.009995,159.074005,158.983994,159.057007,-0.28083,-0.291616,-0.276441
2026.05.21 07:00,0.006298,0.006301,0.006297,0.006299,159.057999,159.085007,158.992004,159.026993,-0.279232,-0.274446,-0.284233
2026.05.21 08:00,0.006299,0.006305,0.006299,0.006301,159.026001,159.031006,158.895004,158.973999,-0.275642,-0.290717,-0.281622
2026.05.21 09:00,0.006301,0.006305,0.006301,0.006302,158.979996,158.990997,158.901001,158.973999,-0.286024,-0.284144,-0.294215
2026.05.21 10:00,0.006301,0.006303,0.006295,0.006295,158.968994,159.136993,158.953003,159.125,-0.280763,-0.285811,-0.281378
2026.05.21 11:00,0.006295,0.006299,0.006294,0.006295,159.119003,159.167007,159.035995,159.160004,-0.285532,-0.280632,-0.291152
2026.05.21 12:00,0.006295,0.006297,0.006293,0.006294,159.158997,159.184998,159.082001,159.156006,-0.278281,-0.276226,-0.27453
2026.05.21 13:00,0.006294,0.006296,0.006285,0.006293,159.156006,159.350006,159.113998,159.199997,-0.253668,-0.282994,-0.29328
2026.05.21 14:00,0.006293,0.006296,0.006289,0.006295,159.199005,159.279007,159.115005,159.160004,-0.283852,-0.284001,-0.291152
2026.05.21 15:00,0.006295,0.006295,0.006291,0.006294,159.160004,159.255997,159.139999,159.169006,-0.286123,-0.283769,-0.287531
2026.05.21 16:00,0.006295,0.006296,0.006293,0.006295,159.160995,159.197998,159.110992,159.143005,-0.291281,-0.279988,-0.286775
2026.05.21 17:00,0.006295,0.006308,0.006294,0.006305,159.136993,159.173996,158.811996,158.876007,-0.292521,-0.283146,-0.2843
2026.05.21 18:00,0.006305,0.006307,0.006297,0.006297,158.876007,159.102997,158.828003,159.072998,-0.297222,-0.286583,-0.279823
2026.05.21 19:00,0.006298,0.006305,0.006297,0.006304,159.080002,159.095001,158.865997,158.910004,-0.289226,-0.27429,-0.280563
2026.05.21 20:00,0.006303,0.006305,0.006301,0.006301,158.910004,159.009003,158.878006,158.953995,-0.291444,-0.286299,-0.261617
2026.05.21 22:00,0.006301,0.006305,0.0063,0.006301,158.929993,159.022003,158.929993,158.985992,-0.291845,-0.325706,-0.28102
2026.05.21 23:00,0.006301,0.006301,0.006299,0.0063,158.992004,159.044006,158.977005,159.022003,-0.301246,-0.284628,-0.291845
2026.05.22 00:00,0.006299,0.006299,0.006295,0.006297,159.018005,159.130005,159.016006,159.085999,-0.286383,-0.273246,-0.292823
2026.05.22 01:00,0.006297,0.006299,0.006296,0.006297,159.085999,159.126999,159.048996,159.091995,-0.295995,-0.293632,-0.273607
2026.05.22 02:00,0.006297,0.006301,0.006297,0.006299,159.091995,159.104996,158.996002,159.029007,-0.286607,-0.278443,-0.286247
2026.05.22 03:00,0.0063,0.006301,0.006299,0.006299,159.029007,159.054993,159.001007,159.033005,-0.287035,-0.283448,-0.290245
2026.05.22 04:00,0.0063,0.006301,0.006298,0.006299,159.033005,159.074005,159.003998,159.063004,-0.29344,-0.286439,-0.295046
2026.05.22 05:00,0.006298,0.006299,0.006295,0.006295,159.063995,159.141006,159.050003,159.123993,-0.297384,-0.294639,-0.280371
2026.05.22 06:00,0.006296,0.006299,0.006295,0.006297,159.126007,159.143005,159.057007,159.098999,-0.286775,-0.289049,-0.293224
2026.05.22 07:00,0.006297,0.006297,0.006295,0.006295,159.098999,159.145996,159.098007,159.128998,-0.289766,-0.279619,-0.285376
2026.05.22 08:00,0.006295,0.006299,0.006295,0.006297,159.126007,159.136993,159.048004,159.084,-0.293371,-0.29264,-0.278225
2026.05.22 09:00,0.006297,0.006298,0.006295,0.006297,159.085007,159.145996,159.074005,159.098007,-0.277144,-0.29344,-0.279619
2026.05.22 10:00,0.006297,0.006297,0.006295,0.006296,159.098007,159.134995,159.069,159.117996,-0.278765,-0.275825,-0.286992
2026.05.22 11:00,0.006296,0.006297,0.006295,0.006295,159.119995,159.145004,159.104996,159.134003,-0.288774,-0.286607,-0.290381
2026.05.22 12:00,0.006295,0.006299,0.006295,0.006298,159.132004,159.149994,159.052994,159.076004,-0.293764,-0.285036,-0.295439
2026.05.22 13:00,0.006298,0.006301,0.006295,0.006297,159.076996,159.139999,158.983002,159.087006,-0.296377,-0.290624,-0.281231
2026.05.22 14:00,0.006297,0.006298,0.006293,0.006297,159.100998,159.177994,159.016998,159.100998,-0.283893,-0.236433,-0.295223
2026.05.22 15:00,0.006297,0.006297,0.006291,0.006293,159.097,159.235001,159.078003,159.192993,-0.290388,-0.284828,-0.273646
2026.05.22 16:00,0.006293,0.006295,0.006291,0.006294,159.192993,159.233002,159.147995,159.175003,-0.28839,-0.279143,-0.293528
2026.05.22 17:00,0.006294,0.006298,0.006293,0.006295,159.167999,159.182007,159.052002,159.125,-0.287906,-0.271437,-0.281378
2026.05.22 18:00,0.006295,0.006297,0.006294,0.006295,159.123001,159.171005,159.091995,159.134003,-0.28953,-0.28622,-0.290381
2026.05.22 19:00,0.006295,0.006297,0.006294,0.006295,159.130005,159.171997,159.093994,159.158005,-0.290522,-0.288219,-0.289153
2026.05.22 20:00,0.006295,0.006295,0.006292,0.006295,159.158997,159.214005,159.130997,159.154999,-0.282026,-0.287375,-0.311377
2026.05.26 04:00,0.006303,0.006303,0.006297,0.006299,158.932999,159.022003,158.925003,158.990997,-0.228828,-0.257811,-0.248237
2026.05.26 05:00,0.006299,0.006301,0.006298,0.006299,158.996002,159.035004,158.964005,159.018997,-0.254438,-0.246446,-0.251039
2026.05.26 06:00,0.006299,0.006299,0.006295,0.006295,159.028,159.121002,159.013,159.098007,-0.264772,-0.257637,-0.254385
2026.05.26 07:00,0.006295,0.006295,0.006291,0.006291,159.098999,159.203003,159.087997,159.195999,-0.258391,-0.244375,-0.251387
2026.05.26 08:00,0.006292,0.006292,0.006289,0.006291,159.192001,159.240005,159.188004,159.205994,-0.24485,-0.256025,-0.248758
2026.05.26 09:00,0.006291,0.006293,0.006291,0.006293,159.212997,159.225006,159.151001,159.156006,-0.255132,-0.2569,-0.261905
2026.05.26 10:00,0.006293,0.006295,0.006293,0.006294,159.153,159.181,159.102005,159.139999,-0.261653,-0.258383,-0.258524
2026.05.26 11:00,0.006294,0.006295,0.006291,0.006292,159.139999,159.214996,159.126007,159.186005,-0.25776,-0.257155,-0.254026
2026.05.26 12:00,0.006292,0.006293,0.006291,0.006291,159.186005,159.231003,159.179993,159.229004,-0.261129,-0.260646,-0.271768
2026.05.26 13:00,0.006291,0.006291,0.006287,0.006289,159.223999,159.302994,159.220001,159.274002,-0.257263,-0.262765,-0.253569
2026.05.26 14:00,0.006289,0.006291,0.006287,0.006287,159.276001,159.326996,159.218994,159.319,-0.255971,-0.261758,-0.260629
2026.05.26 15:00,0.006287,0.006288,0.006285,0.006285,159.317001,159.382004,159.294006,159.356995,-0.260355,-0.260925,-0.248008
2026.05.26 16:00,0.006285,0.006289,0.006285,0.006287,159.358002,159.363007,159.276001,159.304001,-0.25402,-0.255568,-0.24563
2026.05.26 17:00,0.006288,0.006289,0.006285,0.006285,159.298996,159.380005,159.276993,159.358002,-0.258357,-0.25656,-0.249015
2026.05.26 18:00,0.006285,0.006288,0.006285,0.006287,159.358994,159.373993,159.296005,159.328003,-0.252345,-0.262924,-0.269632
2026.05.26 19:00,0.006287,0.006288,0.006287,0.006287,159.332993,159.347,159.294998,159.315994,-0.275975,-0.261917,-0.270263
2026.05.26 20:00,0.006287,0.006289,0.006287,0.006288,159.313004,159.334,159.270996,159.285004,-0.262975,-0.250563,-0.251923
2026.05.26 22:00,0.006288,0.006289,0.006285,0.006289,159.242996,159.302002,159.207001,159.266998,-0.193016,-0.186568,-0.246565
2026.05.26 23:00,0.006289,0.006291,0.006289,0.006289,159.248993,159.276001,159.190994,159.251999,-0.255568,-0.246382,-0.256843
2026.05.27 00:00,0.006289,0.006293,0.006287,0.006288,159.242996,159.313004,159.167007,159.276001,-0.241979,-0.247661,-0.24292
2026.05.27 01:00,0.006288,0.006291,0.006287,0.006287,159.276001,159.304993,159.209,159.292007,-0.246622,-0.239126,-0.233637
2026.05.27 02:00,0.006287,0.006291,0.006287,0.00629,159.292007,159.304001,159.216995,159.222,-0.25827,-0.247121,-0.239486
2026.05.27 03:00,0.006291,0.006292,0.00629,0.006291,159.218002,159.233002,159.179993,159.199997,-0.250488,-0.248014,-0.242761
2026.05.27 04:00,0.006291,0.006291,0.006289,0.006289,159.197998,159.246002,159.192001,159.238998,-0.250847,-0.247389,-0.243843
2026.05.27 05:00,0.00629,0.00629,0.006285,0.006285,159.242004,159.350006,159.223999,159.348999,-0.253668,-0.241485,-0.252661
2026.05.27 06:00,0.006285,0.006287,0.006284,0.006285,159.343994,159.378998,159.289993,159.350006,-0.244686,-0.244262,-0.253668
2026.05.27 07:00,0.006285,0.006287,0.006285,0.006285,159.348999,159.365997,159.298004,159.350998,-0.244349,-0.252273,-0.22935
2026.05.27 08:00,0.006285,0.006287,0.006282,0.006284,159.350998,159.445007,159.309998,159.393997,-0.247369,-0.238973,-0.247031
2026.05.27 09:00,0.006284,0.006287,0.006283,0.006285,159.388,159.399994,159.309998,159.358994,-0.24036,-0.251627,-0.250007
2026.05.27 10:00,0.006285,0.006285,0.006284,0.006285,159.350998,159.391998,159.339005,159.382996,-0.245032,-0.242666,-0.261347
2026.05.27 11:00,0.006284,0.006285,0.006282,0.006282,159.376007,159.449005,159.367996,159.429001,-0.251367,-0.246348,-0.244025
2026.05.27 12:00,0.006282,0.006289,0.006282,0.006282,159.427994,159.449005,159.240997,159.414993,-0.251367,-0.245842,-0.242689
2026.05.27 13:00,0.006282,0.006284,0.006282,0.006284,159.417007,159.436996,159.373993,159.384003,-0.25202,-0.239681,-0.24969
2026.05.27 14:00,0.006285,0.006285,0.006279,0.006279,159.373993,159.511002,159.360992,159.507004,-0.249975,-0.239344,-0.245977
2026.05.27 15:00,0.006279,0.006282,0.006278,0.00628,159.507996,159.537003,159.429993,159.466003,-0.250602,-0.245016,-0.243011
2026.05.27 16:00,0.00628,0.006281,0.006278,0.00628,159.468994,159.524994,159.460007,159.494003,-0.251281,-0.249692,-0.245661
2026.05.27 17:00,0.00628,0.00628,0.006276,0.006278,159.485992,159.580002,159.485001,159.518005,-0.255536,-0.236658,-0.244293
2026.05.27 18:00,0.006278,0.00628,0.006278,0.006279,159.518997,159.557007,159.488007,159.507004,-0.257928,-0.252334,-0.245977
2026.05.27 19:00,0.00628,0.00628,0.006278,0.006278,159.505997,159.552002,159.496002,159.541,-0.252923,-0.24766,-0.254599
2026.05.27 20:00,0.006278,0.00628,0.006278,0.006278,159.539993,159.542999,159.488007,159.501007,-0.256598,-0.252334,-0.227294
2026.05.27 22:00,0.00628,0.00628,0.006277,0.006278,159.462006,159.518005,159.432999,159.501999,-0.206234,-0.197326,-0.215598
2026.05.27 23:00,0.006278,0.006278,0.006274,0.006275,159.496994,159.578995,159.485001,159.559998,-0.203744,-0.211288,-0.197449
2026.05.28 00:00,0.006275,0.006276,0.006274,0.006276,159.567993,159.602997,159.537003,159.559006,-0.215042,-0.212537,-0.209157
2026.05.28 01:00,0.006276,0.006276,0.006274,0.006274,159.557999,159.593002,159.529999,159.589005,-0.205047,-0.205533,-0.213754
2026.05.28 02:00,0.006274,0.006277,0.006274,0.006276,159.582993,159.604004,159.516006,159.559006,-0.203354,-0.204235,-0.209157
2026.05.28 03:00,0.006276,0.006276,0.006272,0.006272,159.554001,159.653,159.531006,159.619003,-0.201517,-0.20654,-0.192935
2026.05.28 04:00,0.006275,0.006277,0.006274,0.006275,159.610001,159.619995,159.514999,159.569,-0.23204,-0.203228,-0.206452
2026.05.28 05:00,0.006275,0.006277,0.006274,0.006276,159.569,159.582993,159.522995,159.546005,-0.207742,-0.211224,-0.196157
2026.05.28 06:00,0.006276,0.00628,0.006275,0.006278,159.557999,159.572006,159.460999,159.487,-0.209458,-0.212656,-0.213287
2026.05.28 07:00,0.006278,0.00628,0.006277,0.006279,159.483994,159.524002,159.434998,159.473999,-0.212231,-0.212005,-0.212972
2026.05.28 08:00,0.006279,0.00628,0.006277,0.00628,159.473999,159.526993,159.444,159.457001,-0.215221,-0.208328,-0.221328
2026.05.28 09:00,0.00628,0.006282,0.00628,0.006282,159.447006,159.470993,159.373001,159.410004,-0.22265,-0.200697,-0.212365
2026.05.28 10:00,0.006282,0.006282,0.00628,0.00628,159.408005,159.466995,159.371002,159.460007,-0.218653,-0.198698,-0.211664
2026.05.28 11:00,0.00628,0.006281,0.00628,0.00628,159.466003,159.468994,159.408005,159.462006,-0.220651,-0.19769,-0.213663
2026.05.28 12:00,0.00628,0.006287,0.00628,0.006283,159.457993,159.464005,159.294006,159.363998,-0.215662,-0.248276,-0.204364
2026.05.28 13:00,0.006284,0.006285,0.00628,0.00628,159.365997,159.457993,159.313004,159.442993,-0.20965,-0.204017,-0.19465
2026.05.28 14:00,0.00628,0.006291,0.006278,0.006289,159.449005,159.492996,159.158005,159.227005,-0.206595,-0.188131,-0.206572
2026.05.28 15:00,0.006289,0.006291,0.006286,0.006287,159.225998,159.296997,159.173996,159.285004,-0.213317,-0.204122,-0.213979
2026.05.28 16:00,0.006286,0.006293,0.006285,0.006291,159.292999,159.339005,159.104996,159.158997,-0.217356,-0.210895,-0.214384
2026.05.28 17:00,0.006291,0.006292,0.006289,0.00629,159.164993,159.238998,159.141998,159.194,-0.218565,-0.21002,-0.211487
2026.05.28 18:00,0.006289,0.006291,0.006286,0.006287,159.194,159.287003,159.169998,159.257004,-0.203322,-0.200124,-0.211273
2026.05.28 19:00,0.006287,0.006289,0.006286,0.006288,159.257004,159.289001,159.201996,159.242004,-0.205321,-0.20684,-0.208923
2026.05.28 20:00,0.006288,0.006289,0.006287,0.006289,159.246994,159.276001,159.214996,159.222,-0.21763,-0.194563,-0.201567
2026.05.28 22:00,0.006289,0.006292,0.006285,0.006287,159.212997,159.281006,159.167007,159.259995,-0.184667,-0.235029,-0.201624
2026.05.28 23:00,0.006287,0.006289,0.006285,0.006287,159.259995,159.287994,159.212997,159.266998,-0.166346,-0.192564,-0.195974
2026.05.29 00:00,0.006287,0.006287,0.006285,0.006285,159.261002,159.324997,159.238998,159.285004,-0.203349,-0.193268,-0.188665
2026.05.29 01:00,0.006286,0.006287,0.006284,0.006285,159.287994,159.330994,159.246002,159.315994,-0.196681,-0.187631,-0.194346
2026.05.29 02:00,0.006285,0.006287,0.006285,0.006285,159.317001,159.324005,159.263,159.315002,-0.202357,-0.191976,-0.206016
2026.05.29 03:00,0.006285,0.006285,0.006282,0.006283,159.306,159.369995,159.302994,159.360992,-0.197691,-0.194007,-0.201358
2026.05.29 04:00,0.006283,0.006285,0.006283,0.006285,159.350998,159.378006,159.294006,159.294998,-0.218372,-0.197668,-0.186012
2026.05.29 05:00,0.006285,0.006286,0.006284,0.006285,159.294998,159.332993,159.278,159.313004,-0.19868,-0.194319,-0.191355
2026.05.29 06:00,0.006285,0.006289,0.006284,0.006289,159.304993,159.332993,159.188004,159.207001,-0.19868,-0.192848,-0.199213
2026.05.29 07:00,0.006289,0.006289,0.006285,0.006287,159.210999,159.319,159.194,159.253998,-0.197352,-0.186213,-0.195627
2026.05.29 08:00,0.006287,0.006289,0.006285,0.006285,159.259003,159.319,159.205002,159.289993,-0.197352,-0.197214,-0.193655
2026.05.29 09:00,0.006285,0.006288,0.006285,0.006285,159.289993,159.300995,159.231003,159.292999,-0.192008,-0.197922,-0.196661
2026.05.29 10:00,0.006285,0.006287,0.006285,0.006285,159.292007,159.322006,159.255005,159.279999,-0.200358,-0.18398,-0.18366
2026.05.29 11:00,0.006286,0.006287,0.006285,0.006287,159.279007,159.302002,159.240005,159.25,-0.205664,-0.194275,-0.204269
2026.05.29 12:00,0.006287,0.006287,0.006285,0.006287,159.251999,159.309006,159.238998,159.253998,-0.200019,-0.193268,-0.195627
2026.05.29 13:00,0.006287,0.006287,0.006285,0.006285,159.253006,159.309998,159.233994,159.302002,-0.201011,-0.188263,-0.193016
2026.05.29 14:00,0.006285,0.006291,0.006283,0.00629,159.302994,159.358002,159.156998,159.186996,-0.198367,-0.199762,-0.204483
2026.05.29 15:00,0.00629,0.006293,0.006287,0.006288,159.188995,159.246994,159.089996,159.227005,-0.201263,-0.195895,-0.193924
2026.05.29 16:00,0.006289,0.00629,0.006287,0.006289,159.227005,159.253006,159.175995,159.192993,-0.194635,-0.193481,-0.197838
2026.05.29 17:00,0.006289,0.00629,0.006285,0.006285,159.192993,159.287994,159.177002,159.285004,-0.191656,-0.194488,-0.188665
2026.05.29 18:00,0.006285,0.006289,0.006285,0.006287,159.276993,159.306,159.214005,159.257996,-0.197013,-0.193571,-0.186971
2026.05.29 19:00,0.006287,0.006289,0.006287,0.006287,159.263,159.274994,159.209,159.248993,-0.203969,-0.188566,-0.190622
2026.05.29 20:00,0.006287,0.006287,0.006286,0.006287,159.259995,159.292007,159.210007,159.248993,-0.208327,-0.164276,-0.177968
2026.05.31 23:00,0.006281,0.006285,0.00628,0.006282,159.388,159.399994,159.292007,159.360992,-0.177001,-0.195669,-0.188688
2026.06.01 00:00,0.006282,0.006282,0.006278,0.006278,159.352997,159.470993,159.352997,159.453995,-0.184592,-0.180693,-0.180282
2026.06.01 01:00,0.006278,0.006278,0.006276,0.006277,159.449005,159.498993,159.442001,159.488007,-0.174527,-0.168288,-0.176235
2026.06.01 02:00,0.006277,0.006279,0.006276,0.006278,159.483994,159.498993,159.445007,159.464005,-0.174527,-0.183981,-0.190292
2026.06.01 03:00,0.006278,0.00628,0.006278,0.006278,159.457993,159.487,159.429993,159.472,-0.18792,-0.18165,-0.172921
2026.06.01 04:00,0.006278,0.006278,0.006278,0.006278,159.472,159.483002,159.447006,159.453003,-0.183922,-0.173293,-0.17929
2026.06.01 05:00,0.006278,0.00628,0.006278,0.006278,159.453003,159.481995,159.429001,159.464005,-0.182915,-0.180658,-0.190292
2026.06.01 06:00,0.006279,0.00628,0.006277,0.00628,159.459,159.501007,159.408005,159.425995,-0.189236,-0.172332,-0.177652
2026.06.01 07:00,0.00628,0.00628,0.006278,0.006278,159.419006,159.485992,159.403,159.460007,-0.186913,-0.180007,-0.186294
2026.06.01 08:00,0.006278,0.00628,0.006278,0.006279,159.460999,159.475006,159.434006,159.445999,-0.175927,-0.185663,-0.184972
2026.06.01 09:00,0.006279,0.00628,0.006278,0.006278,159.447998,159.483002,159.436005,159.451004,-0.183922,-0.187662,-0.177291
2026.06.01 10:00,0.006278,0.00628,0.006278,0.006279,159.449997,159.479004,159.436005,159.447998,-0.192603,-0.187662,-0.186971
2026.06.01 11:00,0.006279,0.00628,0.006277,0.006278,159.447998,159.494995,159.436005,159.490997,-0.183224,-0.187662,-0.191918
2026.06.01 12:00,0.006278,0.00628,0.006277,0.006278,159.483002,159.494995,159.427002,159.479996,-0.183224,-0.178659,-0.180916
2026.06.01 13:00,0.006278,0.006278,0.006267,0.006267,159.481995,159.742004,159.479004,159.710007,-0.176024,-0.179925,-0.144026
2026.06.01 14:00,0.006267,0.00627,0.006264,0.006268,159.720993,159.764008,159.651993,159.716003,-0.134345,-0.175075,-0.175486
2026.06.01 15:00,0.006268,0.006274,0.006268,0.00627,159.723999,159.737,159.572006,159.656998,-0.183751,-0.184051,-0.180079
2026.06.01 16:00,0.006271,0.006274,0.006268,0.006273,159.654007,159.712006,159.559006,159.595001,-0.184205,-0.171051,-0.181643
2026.06.01 17:00,0.006273,0.006274,0.00627,0.006272,159.602005,159.684006,159.563995,159.628006,-0.194367,-0.188745,-0.176523
2026.06.01 18:00,0.006272,0.006272,0.006266,0.006266,159.630005,159.764999,159.612,159.764008,-0.16082,-0.185931,-0.172567
2026.06.01 19:00,0.006266,0.006271,0.006266,0.006269,159.759003,159.761002,159.643005,159.692993,-0.169561,-0.178806,-0.177919
2026.06.01 20:00,0.006269,0.006271,0.006268,0.00627,159.686996,159.705002,159.636002,159.641006,-0.177201,-0.171802,-0.138657
2026.06.01 22:00,0.00627,0.006272,0.006268,0.00627,159.602005,159.671005,159.565002,159.654007,-0.130488,-0.126222,-0.177089
2026.06.01 23:00,0.00627,0.006272,0.00627,0.00627,159.660995,159.660995,159.610992,159.634995,-0.171357,-0.172212,-0.158076
2026.06.02 00:00,0.006271,0.006271,0.006268,0.00627,159.634995,159.727005,159.628998,159.660004,-0.173757,-0.164798,-0.170365
2026.06.02 01:00,0.00627,0.006271,0.006268,0.006268,159.656998,159.723999,159.630005,159.707001,-0.170751,-0.165805,-0.166483
2026.06.02 02:00,0.006268,0.00627,0.006268,0.006268,159.707993,159.723007,159.671005,159.707001,-0.169759,-0.168656,-0.166483
2026.06.02 03:00,0.006268,0.006269,0.006268,0.006268,159.714996,159.723999,159.679993,159.720001,-0.170751,-0.164919,-0.179484
2026.06.02 04:00,0.006268,0.006268,0.006267,0.006268,159.712997,159.729996,159.703995,159.720993,-0.164015,-0.163477,-0.167745
2026.06.02 05:00,0.006267,0.006268,0.006266,0.006266,159.720993,159.742996,159.705994,159.740997,-0.164281,-0.165476,-0.162282
2026.06.02 06:00,0.006267,0.006269,0.006266,0.006268,159.733994,159.748001,159.679993,159.697006,-0.169286,-0.164919,-0.169206
2026.06.02 07:00,0.006268,0.006269,0.006268,0.006269,159.697006,159.727997,159.684998,159.688995,-0.174749,-0.169924,-0.173921
2026.06.02 08:00,0.006269,0.00627,0.006267,0.006267,159.692993,159.746002,159.647003,159.742996,-0.180021,-0.170085,-0.177015
2026.06.02 09:00,0.006267,0.006268,0.006266,0.006266,159.744003,159.751007,159.688004,159.735001,-0.159567,-0.160203,-0.156285
2026.06.02 10:00,0.006267,0.006268,0.006266,0.006268,159.731995,159.753998,159.701004,159.727997,-0.162557,-0.160487,-0.174749
2026.06.02 11:00,0.006268,0.006268,0.006266,0.006267,159.727997,159.751999,159.707001,159.746994,-0.160558,-0.166483,-0.181013
2026.06.02 12:00,0.006267,0.006268,0.006265,0.006265,159.738007,159.785995,159.729004,159.778,-0.169075,-0.175756,-0.16108
2026.06.02 13:00,0.006266,0.006266,0.006263,0.006264,159.776001,159.835007,159.759003,159.774002,-0.167115,-0.167562,-0.144339
2026.06.02 14:00,0.006264,0.006264,0.006254,0.006262,159.796997,159.876999,159.766998,159.858994,0.020663,-0.124602,-0.16561
2026.06.02 15:00,0.006262,0.006262,0.00626,0.006262,159.860001,159.901993,159.852005,159.873993,-0.170337,-0.171362,-0.167854
2026.06.02 16:00,0.006262,0.006262,0.006258,0.00626,159.871994,159.949005,159.856003,159.901993,-0.166305,-0.162619,-0.157588
2026.06.02 17:00,0.00626,0.006261,0.006258,0.006258,159.903,159.968994,159.884995,159.959,-0.160765,-0.166098,-0.163542
2026.06.02 18:00,0.006258,0.00626,0.006257,0.00626,159.955002,159.990005,159.895996,159.899994,-0.169003,-0.164341,-0.155589
2026.06.02 19:00,0.00626,0.006261,0.006258,0.00626,159.899002,159.953995,159.884003,159.921997,-0.171294,-0.165107,-0.164829
2026.06.02 20:00,0.00626,0.00626,0.006258,0.00626,159.927002,159.949997,159.863007,159.863998,-0.167297,-0.118602,-0.106831
2026.06.02 22:00,0.006262,0.006262,0.006258,0.006258,159.867004,159.977997,159.845001,159.944,-0.169768,-0.151617,-0.1613
2026.06.02 23:00,0.006258,0.006258,0.006256,0.006257,159.951996,159.998001,159.936996,159.979996,-0.151457,-0.141539,-0.158993
2026.06.03 00:00,0.006257,0.00626,0.006257,0.006258,159.979004,159.987,159.886993,159.934998,-0.165997,-0.155338,-0.152297
2026.06.03 01:00,0.006258,0.006264,0.006258,0.006262,159.934006,159.945007,159.807007,159.854004,-0.162307,-0.151864,-0.16062
2026.06.03 02:00,0.006262,0.006263,0.006261,0.006262,159.854004,159.880005,159.824005,159.865997,-0.161109,-0.156113,-0.159858
2026.06.03 03:00,0.006262,0.006262,0.00626,0.00626,159.865005,159.903,159.862,159.878998,-0.158595,-0.15586,-0.147342
2026.06.03 04:00,0.00626,0.006261,0.00626,0.00626,159.880005,159.897995,159.860992,159.882004,-0.15359,-0.142096,-0.150348
2026.06.03 05:00,0.00626,0.006262,0.006258,0.006258,159.882004,159.932999,159.860992,159.921005,-0.150298,-0.154853,-0.138305
2026.06.03 06:00,0.006258,0.00626,0.006256,0.006257,159.927002,159.987,159.899994,159.972,-0.153221,-0.155589,-0.150997
2026.06.03 07:00,0.006257,0.006274,0.006256,0.006268,159.972,159.996994,159.537994,159.701004,-0.15045,-0.162744,-0.160487
2026.06.03 08:00,0.006268,0.006281,0.006262,0.006266,159.697998,159.817001,159.350998,159.748001,-0.136359,-0.140684,-0.143822
2026.06.03 09:00,0.006266,0.006266,0.00626,0.006264,159.748001,159.884003,159.746002,159.789001,-0.152347,-0.154562,-0.146606
2026.06.03 10:00,0.006264,0.006269,0.006262,0.006264,159.779999,159.854996,159.656998,159.785995,-0.161612,-0.141924,-0.1436
2026.06.03 11:00,0.006264,0.006265,0.006262,0.006262,159.791,159.839996,159.774994,159.837997,-0.146612,-0.158074,-0.157355
2026.06.03 12:00,0.006262,0.006264,0.006259,0.006259,159.834,159.931,159.772995,159.910995,-0.161067,-0.117852,-0.141062
2026.06.03 13:00,0.00626,0.00626,0.006256,0.006257,159.910995,159.985001,159.886993,159.951996,-0.151222,-0.142589,-0.130993
2026.06.03 14:00,0.006257,0.00626,0.006256,0.006258,159.973999,160.001999,159.891006,159.940002,-0.155455,-0.146602,-0.144545
2026.06.03 15:00,0.006258,0.006258,0.006256,0.006257,159.940002,160.005005,159.932007,159.970993,-0.158461,-0.149306,-0.14999
2026.06.03 16:00,0.006257,0.006258,0.006254,0.006256,159.962997,160.048996,159.942993,159.983002,-0.151334,-0.147535,-0.149224
2026.06.03 17:00,0.006257,0.006258,0.006254,0.006254,159.977997,160.050995,159.945999,160.037994,-0.166106,-0.150541,-0.153106
2026.06.03 18:00,0.006254,0.006256,0.006253,0.006254,160.048996,160.059998,160.011002,160.033005,-0.136758,-0.151678,-0.148116
2026.06.03 19:00,0.006254,0.006256,0.006253,0.006254,160.031998,160.080002,159.994003,160.070999,-0.143982,-0.14746,-0.160549
2026.06.03 20:00,0.006253,0.006254,0.006252,0.006254,160.076004,160.093994,160.024002,160.024002,-0.145181,-0.139114,-0.113552
2026.06.03 22:00,0.006254,0.006261,0.006251,0.006258,159.988998,160.082993,159.817001,159.945007,-0.121383,-0.098105,-0.136778
2026.06.03 23:00,0.006258,0.006259,0.006255,0.006256,159.912003,159.981003,159.882004,159.942993,-0.108898,-0.112071,-0.109215
2026.06.04 00:00,0.006256,0.006259,0.006256,0.006258,159.942001,159.968002,159.878006,159.903,-0.121459,-0.108073,-0.107542
2026.06.04 01:00,0.006258,0.00626,0.006257,0.00626,159.901993,159.932007,159.865005,159.876999,-0.111004,-0.107838,-0.119831
2026.06.04 02:00,0.00626,0.00626,0.006258,0.006258,159.884003,159.912994,159.865005,159.897995,-0.117537,-0.107838,-0.115295
2026.06.04 03:00,0.006258,0.006258,0.006255,0.006256,159.891006,159.988998,159.889999,159.966995,-0.116893,-0.107299,-0.120451
2026.06.04 04:00,0.006256,0.006271,0.006255,0.00626,159.970001,159.992004,159.574005,159.865005,-0.119899,-0.109805,-0.120601
2026.06.04 05:00,0.00626,0.00626,0.006258,0.006259,159.865005,159.932999,159.847,159.882996,-0.124769,-0.115345,-0.113062
2026.06.04 06:00,0.006259,0.006262,0.006258,0.006258,159.876999,159.921005,159.817993,159.901001,-0.112776,-0.111854,-0.118301
2026.06.04 07:00,0.006258,0.00626,0.006257,0.006258,159.897995,159.929001,159.858002,159.903,-0.107998,-0.100834,-0.120299
2026.06.04 08:00,0.006258,0.00626,0.006258,0.00626,159.901993,159.919998,159.837997,159.869995,-0.111769,-0.106342,-0.112827
2026.06.04 09:00,0.00626,0.006261,0.006258,0.00626,159.869003,159.897003,159.835007,159.858002,-0.114303,-0.116111,-0.113597
2026.06.04 10:00,0.00626,0.00626,0.006258,0.00626,159.848999,159.897995,159.848999,159.869995,-0.115295,-0.117344,-0.112827
2026.06.04 11:00,0.00626,0.006264,0.00626,0.006264,159.873001,159.878006,159.742004,159.759995,-0.120838,-0.112341,-0.117599
2026.06.04 12:00,0.006264,0.006264,0.00626,0.00626,159.759003,159.878006,159.746002,159.856995,-0.120838,-0.116339,-0.099827
2026.06.04 13:00,0.00626,0.006261,0.006258,0.006258,159.856995,159.921997,159.835999,159.912003,-0.113768,-0.117102,-0.116545
2026.06.04 14:00,0.006258,0.00626,0.006254,0.006256,159.912003,160.003998,159.871002,159.987,-0.119109,-0.113834,-0.127676
2026.06.04 15:00,0.006255,0.006256,0.006254,0.006256,159.979996,160.031006,159.949997,159.966995,-0.120556,-0.116219,-0.120451
2026.06.04 16:00,0.006256,0.006257,0.006254,0.006256,159.966003,159.994003,159.934006,159.968994,-0.109115,-0.113003,-0.12245
2026.06.04 17:00,0.006256,0.006256,0.006254,0.006254,159.966995,160.001007,159.962997,159.988007,-0.116119,-0.116454,-0.103118
2026.06.04 18:00,0.006254,0.006256,0.006253,0.006253,159.988007,160.035004,159.960999,160.022995,-0.111764,-0.114455,-0.099755
2026.06.04 19:00,0.006254,0.006254,0.006253,0.006254,160.024002,160.033997,160.0,160.007996,-0.110757,-0.115111,-0.110333
2026.06.04 20:00,0.006254,0.006254,0.006253,0.006254,160.014999,160.046005,159.988007,160.013,-0.109986,-0.103118,-0.115338
2026.06.04 22:00,0.006256,0.006256,0.006254,0.006254,159.940002,160.024002,159.931,159.998001,-0.113552,-0.084456,-0.100339
2026.06.04 23:00,0.006254,0.006255,0.006254,0.006254,159.990005,160.013,159.964005,159.990005,-0.10255,-0.0919,-0.092343
2026.06.05 00:00,0.006254,0.006256,0.006254,0.006256,159.988007,160.007004,159.936996,159.960999,-0.109341,-0.090453,-0.101675
2026.06.05 01:00,0.006256,0.006258,0.006255,0.006256,159.953003,159.972,159.893005,159.955994,-0.099895,-0.110305,-0.09667
2026.06.05 02:00,0.006256,0.006256,0.006254,0.006255,159.953003,159.977005,159.929993,159.975006,-0.092116,-0.096215,-0.102901
2026.06.05 03:00,0.006255,0.006256,0.006254,0.006256,159.970993,159.994003,159.932999,159.949997,-0.109115,-0.086455,-0.090674
2026.06.05 04:00,0.006256,0.006256,0.006256,0.006256,159.949997,159.970993,159.934998,159.951996,-0.11167,-0.088454,-0.105452
2026.06.05 05:00,0.006256,0.006258,0.006256,0.006256,159.953995,159.970993,159.908997,159.962997,-0.11167,-0.100767,-0.116454
2026.06.05 06:00,0.006256,0.006257,0.006256,0.006256,159.955994,159.973999,159.919998,159.934006,-0.114676,-0.098995,-0.100228
2026.06.05 07:00,0.006256,0.006258,0.006256,0.006256,159.932999,159.953003,159.903,159.951996,-0.106459,-0.107542,-0.105452
2026.06.05 08:00,0.006256,0.006258,0.006256,0.006256,159.945007,159.953995,159.914993,159.942993,-0.107451,-0.106764,-0.096449
2026.06.05 09:00,0.006256,0.006258,0.006256,0.006256,159.942001,159.960007,159.889008,159.934998,-0.100683,-0.09355,-0.088454
2026.06.05 10:00,0.006256,0.006258,0.006256,0.006258,159.934998,159.951004,159.897995,159.904007,-0.10446,-0.102537,-0.095778
2026.06.05 11:00,0.006258,0.006261,0.006256,0.00626,159.903,159.932999,159.820007,159.837997,-0.099221,-0.101111,-0.106342
2026.06.05 12:00,0.00626,0.006261,0.006245,0.006246,159.841003,160.223007,159.822998,160.207993,-0.0949,-0.104102,-0.105529
2026.06.05 13:00,0.006245,0.006265,0.006243,0.006249,160.216995,160.264999,159.705994,160.138,-0.098424,-0.089074,-0.099596
2026.06.05 14:00,0.006249,0.006251,0.006242,0.006243,160.139008,160.281998,160.054001,160.266006,-0.076936,-0.092391,-0.099431
2026.06.05 15:00,0.006244,0.006246,0.006243,0.006243,160.264999,160.300995,160.207993,160.259003,-0.108768,-0.105529,-0.092428
2026.06.05 16:00,0.006243,0.006245,0.006241,0.006243,160.259003,160.343002,160.235001,160.274002,-0.099436,-0.106894,-0.094596
2026.06.05 17:00,0.006243,0.006243,0.006241,0.006241,160.274994,160.341995,160.264008,160.313995,-0.098429,-0.097432,-0.096097
2026.06.05 18:00,0.006241,0.006251,0.006241,0.006248,160.315002,160.341003,160.082993,160.158005,-0.097437,-0.095797,-0.10679
2026.06.05 19:00,0.006247,0.006249,0.006246,0.006247,160.158997,160.207001,160.110992,160.171005,-0.104537,-0.098191,-0.094164
2026.06.05 20:00,0.006247,0.006248,0.006241,0.006248,160.184006,160.334,160.169006,160.292999,-0.103262,-0.117792,-0.241785
2026.06.07 23:00,0.006241,0.006245,0.006241,0.006241,160.328003,160.345001,160.231995,160.328003,-0.101435,-0.091075,-0.084436
2026.06.08 00:00,0.006241,0.006244,0.00624,0.006241,160.328003,160.347,160.231003,160.322998,-0.09059,-0.077256,-0.09226
2026.06.08 01:00,0.006241,0.006243,0.006239,0.006241,160.320007,160.352005,160.257996,160.326996,-0.08275,-0.07859,-0.083429
2026.06.08 02:00,0.006241,0.006241,0.006239,0.006239,160.326004,160.378998,160.320007,160.369995,-0.096896,-0.08927,-0.087893
2026.06.08 03:00,0.006239,0.006241,0.006238,0.00624,160.369003,160.393997,160.332001,160.339005,-0.086206,-0.088434,-0.082595
2026.06.08 04:00,0.00624,0.006243,0.006239,0.00624,160.339996,160.354996,160.281006,160.343002,-0.085741,-0.088779,-0.086592
2026.06.08 05:00,0.006241,0.006246,0.00624,0.006243,160.337997,160.347,160.199005,160.259003,-0.09059,-0.096541,-0.092428
2026.06.08 06:00,0.006243,0.006245,0.006241,0.006243,160.253998,160.341995,160.222,160.257996,-0.098429,-0.093893,-0.07859
2026.06.08 07:00,0.006243,0.006247,0.006243,0.006245,160.264008,160.266006,160.143997,160.229996,-0.086601,-0.07997,-0.101889
2026.06.08 08:00,0.006245,0.00626,0.006244,0.006253,160.222,160.242996,159.839996,160.026001,-0.08925,-0.095592,-0.089981
2026.06.08 09:00,0.006253,0.006254,0.006251,0.006254,160.011002,160.076004,159.975998,160.001999,-0.088808,-0.091109,-0.091549
2026.06.08 10:00,0.006254,0.006256,0.006251,0.006253,160.009995,160.082001,159.917999,159.996002,-0.094805,-0.084221,-0.072762
2026.06.08 11:00,0.006253,0.006258,0.006253,0.006254,159.996994,160.013,159.875,159.962997,-0.089761,-0.079542,-0.078109
2026.06.08 12:00,0.006254,0.006258,0.006254,0.006256,159.962997,159.983994,159.908005,159.953003,-0.086331,-0.099776,-0.09368
2026.06.08 13:00,0.006256,0.006256,0.006252,0.006252,159.960007,160.039001,159.929993,160.026993,-0.090188,-0.083449,-0.078179
2026.06.08 14:00,0.006252,0.006253,0.006245,0.006251,160.026993,160.203995,160.024002,160.074997,-0.08871,-0.087982,-0.087801
2026.06.08 15:00,0.006251,0.006253,0.006248,0.006249,160.070007,160.139999,160.031998,160.119003,-0.088785,-0.095978,-0.080599
2026.06.08 16:00,0.006249,0.006251,0.006247,0.006247,160.113998,160.171005,160.074005,160.156998,-0.094164,-0.08681,-0.092971
2026.06.08 17:00,0.006247,0.006249,0.006245,0.006247,160.158997,160.205002,160.112,160.162003,-0.089717,-0.073595,-0.085162
2026.06.08 18:00,0.006247,0.006248,0.006243,0.006243,160.160004,160.270996,160.134003,160.251007,-0.09159,-0.082788,-0.071601
2026.06.08 19:00,0.006243,0.006245,0.006243,0.006245,160.251007,160.270004,160.197998,160.207001,-0.077778,-0.082714,-0.078894
2026.06.08 20:00,0.006245,0.006247,0.006245,0.006247,160.212997,160.225998,160.117996,160.139008,-0.085078,-0.041155,-0.049362
2026.06.08 22:00,0.006247,0.006248,0.006243,0.006246,160.108002,160.188995,160.085007,160.162994,-0.009589,-0.033792,-0.06053
2026.06.08 23:00,0.006246,0.006247,0.006244,0.006246,160.160995,160.229004,160.145996,160.173996,-0.075258,-0.069155,-0.071532
2026.06.09 00:00,0.006246,0.006248,0.006242,0.006243,160.173996,160.285004,160.126007,160.231995,-0.079942,-0.074793,-0.06542
2026.06.09 01:00,0.006244,0.006247,0.006243,0.006245,160.231003,160.251999,160.167999,160.192993,-0.085424,-0.078354,-0.077709
2026.06.09 02:00,0.006245,0.006246,0.006244,0.006244,160.184006,160.225006,160.179001,160.223007,-0.07126,-0.076537,-0.069261
2026.06.09 03:00,0.006245,0.006245,0.006243,0.006243,160.218994,160.257996,160.197998,160.248993,-0.07859,-0.069891,-0.082418
2026.06.09 04:00,0.006243,0.006246,0.006243,0.006245,160.253006,160.257996,160.179993,160.184998,-0.091421,-0.077529,-0.069713
2026.06.09 05:00,0.006245,0.006249,0.006245,0.006247,160.188995,160.207993,160.104996,160.145004,-0.079886,-0.079388,-0.080978
2026.06.09 06:00,0.006247,0.006251,0.006247,0.006247,160.147995,160.181,160.044998,160.167999,-0.091354,-0.070591,-0.078354
2026.06.09 07:00,0.006247,0.006247,0.006245,0.006245,160.160004,160.218994,160.147995,160.192001,-0.078074,-0.083968,-0.076717
2026.06.09 08:00,0.006245,0.006246,0.006245,0.006246,160.194,160.223999,160.162994,160.173004,-0.083079,-0.06053,-0.07054
2026.06.09 09:00,0.006246,0.006247,0.006245,0.006245,160.171005,160.201996,160.138,160.184006,-0.086711,-0.073974,-0.068721
2026.06.09 10:00,0.006245,0.006247,0.006245,0.006247,160.184998,160.214996,160.139999,160.162003,-0.074077,-0.075973,-0.072357
2026.06.09 11:00,0.006246,0.006247,0.006246,0.006247,160.162003,160.181,160.139008,160.153,-0.078536,-0.074981,-0.063354
2026.06.09 12:00,0.006247,0.006247,0.006245,0.006245,160.153,160.199005,160.141006,160.188995,-0.070898,-0.07698,-0.073711
2026.06.09 13:00,0.006245,0.006247,0.006244,0.006245,160.182999,160.227005,160.143005,160.197006,-0.073259,-0.078979,-0.068899
2026.06.09 14:00,0.006245,0.006247,0.006243,0.006243,160.195007,160.261993,160.143997,160.246994,-0.082588,-0.07997,-0.080419
2026.06.09 15:00,0.006243,0.006245,0.006241,0.006245,160.248001,160.304993,160.210999,160.223007,-0.074255,-0.070079,-0.082087
2026.06.09 16:00,0.006244,0.006245,0.006235,0.006237,160.225006,160.449005,160.207001,160.397003,-0.064087,-0.066081,-0.076359
2026.06.09 17:00,0.006237,0.006242,0.006237,0.006239,160.401993,160.406006,160.278,160.352005,-0.085362,-0.072938,-0.08275
2026.06.09 18:00,0.006239,0.00624,0.006239,0.006239,160.348007,160.376007,160.320007,160.352005,-0.081068,-0.063598,-0.08275
2026.06.09 19:00,0.006239,0.006239,0.006237,0.006237,160.352005,160.421997,160.350006,160.408997,-0.075652,-0.080751,-0.075509
2026.06.09 20:00,0.006237,0.006239,0.006237,0.006239,160.406998,160.423996,160.332993,160.348007,-0.090508,-0.063738,-0.065905
2026.06.09 22:00,0.006237,0.006239,0.006237,0.006237,160.324005,160.406998,160.302002,160.399002,-0.060652,-0.007062,-0.065514
2026.06.09 23:00,0.006237,0.006238,0.006236,0.006237,160.399994,160.421005,160.369003,160.382004,-0.0618,-0.061212,-0.061359
2026.06.10 00:00,0.006237,0.006239,0.006235,0.006237,160.382004,160.438004,160.345001,160.378998,-0.065937,-0.050062,-0.058353
2026.06.10 01:00,0.006237,0.006243,0.006237,0.006237,160.378998,160.395996,160.225006,160.373993,-0.062508,-0.0456,-0.053349
2026.06.10 02:00,0.006237,0.006239,0.006237,0.006239,160.371994,160.384003,160.330994,160.358994,-0.063358,-0.061739,-0.064054
2026.06.10 03:00,0.006238,0.006239,0.006238,0.006239,160.360001,160.373001,160.332001,160.350998,-0.06521,-0.049899,-0.068896
2026.06.10 04:00,0.006239,0.006239,0.006238,0.006238,160.350006,160.371994,160.339005,160.371002,-0.064203,-0.06975,-0.063211
2026.06.10 05:00,0.006238,0.006239,0.006238,0.006239,160.371994,160.378006,160.320999,160.337997,-0.070215,-0.051744,-0.055895
2026.06.10 06:00,0.006239,0.00624,0.006237,0.006237,160.337997,160.389999,160.319,160.378006,-0.069355,-0.06259,-0.057362
2026.06.10 07:00,0.006237,0.006239,0.006237,0.006237,160.378006,160.399002,160.339005,160.386993,-0.065514,-0.06975,-0.066349
2026.06.10 08:00,0.006237,0.006237,0.006235,0.006236,160.386002,160.432999,160.376999,160.419006,-0.060932,-0.056355,-0.059801
2026.06.10 09:00,0.006236,0.006237,0.006233,0.006235,160.423996,160.481003,160.397003,160.444,-0.044621,-0.050658,-0.071934
2026.06.10 10:00,0.006235,0.006235,0.006234,0.006234,160.436996,160.477997,160.434998,160.460999,-0.067345,-0.050079,-0.050347
2026.06.10 11:00,0.006235,0.006235,0.006231,0.006233,160.460007,160.529999,160.451996,160.498993,-0.04212,-0.054212,-0.062611
2026.06.10 12:00,0.006233,0.00624,0.006227,0.006235,160.488998,160.516006,160.304001,160.431,0.074964,-0.047591,-0.058933
2026.06.10 13:00,0.006236,0.006239,0.006235,0.006237,160.434006,160.457993,160.335999,160.386002,-0.073074,-0.066744,-0.065357
2026.06.10 14:00,0.006237,0.006239,0.006233,0.006233,160.378998,160.494995,160.365005,160.488007,-0.071473,-0.070066,-0.064485
2026.06.10 15:00,0.006233,0.006235,0.006231,0.006234,160.477997,160.531006,160.436005,160.470001,-0.055996,-0.063938,-0.059349
2026.06.10 16:00,0.006235,0.006235,0.006233,0.006233,160.466003,160.511002,160.434006,160.481003,-0.07462,-0.049087,-0.057481
2026.06.10 17:00,0.006234,0.006235,0.006231,0.006233,160.481003,160.544006,160.449997,160.498993,-0.056128,-0.052213,-0.062611
2026.06.10 18:00,0.006233,0.006235,0.006233,0.006233,160.5,160.505997,160.447006,160.490997,-0.069615,-0.049222,-0.067475
2026.06.10 19:00,0.006233,0.006233,0.006231,0.006232,160.490997,160.541,160.488007,160.531998,-0.06599,-0.064485,-0.069866
2026.06.10 20:00,0.006231,0.006232,0.006229,0.006231,160.539001,160.576996,160.509003,160.528,-0.050464,-0.046871,-0.040121
2026.06.10 22:00,0.006231,0.006231,0.006229,0.006229,160.477997,160.565002,160.419006,160.539001,-0.025594,0.068872,-0.01247
2026.06.10 23:00,0.00623,0.006231,0.006229,0.006231,160.548996,160.563004,160.505997,160.526993,-0.010705,-0.018118,-0.026232
2026.06.11 00:00,0.006231,0.006232,0.006229,0.006231,160.526993,160.550003,160.488007,160.518997,-0.023471,-0.025875,-0.031119
2026.06.11 01:00,0.006231,0.006235,0.006229,0.006232,160.507996,160.546997,160.419998,160.483002,-0.020465,-0.022214,-0.02087
2026.06.11 02:00,0.006232,0.006233,0.006231,0.006231,160.488998,160.537003,160.466003,160.507996,-0.036242,-0.016747,-0.020117
2026.06.11 03:00,0.006231,0.006231,0.00623,0.006231,160.507004,160.537003,160.501007,160.505005,-0.023357,-0.013129,-0.004244
2026.06.11 04:00,0.006231,0.006232,0.00623,0.006231,160.507004,160.533005,160.487,160.505997,-0.01936,-0.024867,-0.030986
2026.06.11 05:00,0.006231,0.006232,0.006229,0.006229,160.501007,160.550003,160.487,160.546005,-0.023471,-0.024867,-0.019474
2026.06.11 06:00,0.006229,0.00623,0.006228,0.006229,160.537994,160.589996,160.529007,160.552002,-0.024805,-0.015362,-0.02547
2026.06.11 07:00,0.006229,0.006232,0.006229,0.006231,160.552994,160.557999,160.487,160.507004,-0.031467,-0.024867,-0.031994
2026.06.11 08:00,0.006231,0.006232,0.00623,0.006231,160.498001,160.542999,160.490997,160.533997,-0.029354,-0.028865,-0.033236
2026.06.11 09:00,0.00623,0.006231,0.006229,0.006231,160.524002,160.550003,160.507004,160.531998,-0.010595,-0.019125,-0.031237
2026.06.11 10:00,0.006231,0.006231,0.006229,0.006231,160.524002,160.554993,160.513,160.522995,-0.028461,-0.025122,-0.022234
2026.06.11 11:00,0.006231,0.006231,0.00623,0.006231,160.518997,160.537994,160.498993,160.529007,-0.024349,-0.011114,-0.028246
2026.06.11 12:00,0.006231,0.006233,0.006227,0.006231,160.537003,160.602005,160.481003,160.524994,-0.023919,-0.031747,-0.024233
2026.06.11 13:00,0.006231,0.006233,0.006229,0.006233,160.522995,160.559006,160.451004,160.481995,-0.019598,-0.027482,-0.032739
2026.06.11 14:00,0.006233,0.006233,0.006229,0.006231,160.479996,160.552994,160.464996,160.503006,-0.026462,-0.01574,-0.027996
2026.06.11 15:00,0.006231,0.006233,0.006231,0.006231,160.503006,160.520996,160.462006,160.505005,-0.033118,-0.025624,-0.029995
2026.06.11 16:00,0.006231,0.006231,0.006229,0.006231,160.503998,160.557999,160.498993,160.522003,-0.018591,-0.023983,-0.021242
2026.06.11 17:00,0.006231,0.00625,0.00623,0.006247,160.524994,160.548004,160.020996,160.119995,-0.034359,-0.020998,-0.03035
2026.06.11 18:00,0.006247,0.006254,0.006239,0.006248,160.123993,160.285995,159.932007,160.074005,-0.01674,-0.021557,-0.022791
2026.06.11 19:00,0.006248,0.006269,0.006248,0.00626,160.080002,160.082001,159.516006,159.787994,-0.030786,-0.000932,-0.030827
2026.06.11 20:00,0.00626,0.006262,0.006252,0.006253,159.794006,159.975998,159.740005,159.923004,-0.027184,-0.033866,0.013016
2026.06.11 22:00,0.006252,0.006253,0.006247,0.006249,159.932007,160.089005,159.897003,160.009995,0.000641,0.039017,0.015613
2026.06.11 23:00,0.006249,0.006251,0.006245,0.006245,160.007004,160.151001,159.962997,160.138,-0.010081,-0.001388,-0.009893
2026.06.12 00:00,0.006245,0.006245,0.006242,0.006243,160.130005,160.220993,160.113007,160.162003,-0.015931,0.0151,0.004573
2026.06.12 01:00,0.006243,0.006245,0.00624,0.00624,160.162003,160.268997,160.145996,160.259995,-0.012587,-0.005076,-0.003585
2026.06.12 02:00,0.006239,0.006241,0.006239,0.006239,160.255005,160.307007,160.238998,160.291,-0.012067,0.004568,0.003939
2026.06.12 03:00,0.006239,0.006241,0.006239,0.006241,160.283997,160.296997,160.203003,160.227005,-0.002058,0.014896,0.003733
2026.06.12 04:00,0.00624,0.006242,0.00624,0.006241,160.233994,160.270996,160.220001,160.25,-0.014586,-0.01494,-0.006433
2026.06.12 05:00,0.00624,0.006241,0.006237,0.006237,160.251007,160.350998,160.231995,160.341003,-0.01751,0.011572,-0.007516
2026.06.12 06:00,0.006237,0.006241,0.006237,0.006238,160.337997,160.360001,160.25,160.315002,-0.013655,-0.006433,-0.007212
2026.06.12 07:00,0.006237,0.006285,0.006236,0.006285,160.311005,160.376999,160.264008,160.279999,-0.017794,-1.142359,-1.15835
2026.06.12 08:00,0.006285,0.006297,0.006284,0.006292,160.278,160.294998,159.945999,160.087006,-1.160686,-1.140224,-1.155027
2026.06.12 09:00,0.006292,0.006297,0.006291,0.006293,160.085007,160.112,159.947006,160.057999,-1.167387,-1.141231,-1.151282
2026.06.12 10:00,0.006293,0.006294,0.006288,0.006292,160.057007,160.194,160.031006,160.087997,-1.160919,-1.14953,-1.156019
2026.06.12 11:00,0.006291,0.006291,0.006288,0.006289,160.089005,160.184998,160.084,160.166,-1.151917,-1.139387,-1.158213
2026.06.12 12:00,0.006289,0.006289,0.006284,0.006285,160.166,160.307999,160.166,160.248993,-1.161032,-1.145567,-1.152655
2026.06.12 13:00,0.006286,0.006288,0.006282,0.006285,160.25,160.345993,160.186005,160.253006,-1.161017,-1.152924,-1.14402
2026.06.12 14:00,0.006285,0.006289,0.006284,0.006287,160.266998,160.292007,160.153,160.235992,-1.157695,-1.157844,-1.164968
2026.06.12 15:00,0.006287,0.006289,0.006286,0.006287,160.242004,160.25,160.160004,160.246994,-1.166319,-1.164848,-1.175969
2026.06.12 16:00,0.006286,0.006289,0.006285,0.006287,160.242004,160.281006,160.175003,160.225998,-1.159358,-1.15457,-1.167627
2026.06.12 17:00,0.006287,0.006289,0.006287,0.006288,160.227005,160.238007,160.177994,160.195007,-1.166982,-1.157561,-1.161926
2026.06.12 18:00,0.006288,0.006289,0.006286,0.006287,160.194,160.242004,160.186005,160.235001,-1.158324,-1.165571,-1.163976
2026.06.12 19:00,0.006286,0.006288,0.006286,0.006287,160.229004,160.242996,160.192993,160.199005,-1.159316,-1.159912,-1.153274
2026.06.12 20:00,0.006288,0.006289,0.006287,0.006287,160.205994,160.235992,160.153,160.207001,-1.164968,-1.132567,-1.135976
2026.06.14 23:00,0.006298,0.006299,0.006296,0.006297,159.931,159.979996,159.891998,159.953003,-1.148991,-1.149238,-1.147228
2026.06.15 00:00,0.006297,0.006299,0.006289,0.006291,159.955002,160.128998,159.876999,160.104996,-1.133842,-1.134239,-1.14776
2026.06.15 01:00,0.006291,0.006291,0.006286,0.006287,160.104996,160.218002,160.087997,160.207993,-1.134322,-1.143385,-1.136968
2026.06.15 02:00,0.006287,0.00629,0.006285,0.006289,160.207001,160.231003,160.115997,160.138,-1.134664,-1.133484,-1.142845
2026.06.15 03:00,0.006289,0.006293,0.006289,0.006293,160.138,160.145996,160.042999,160.059006,-1.150841,-1.136282,-1.139659
2026.06.15 04:00,0.006293,0.006295,0.006291,0.006293,160.052002,160.095993,160.007996,160.044998,-1.138757,-1.139144,-1.138281
2026.06.15 05:00,0.006293,0.006295,0.006293,0.006293,160.044998,160.057999,159.987,160.046997,-1.138652,-1.143377,-1.14028
2026.06.15 06:00,0.006293,0.006293,0.006289,0.006289,160.046997,160.162994,160.037994,160.125,-1.155207,-1.143893,-1.129845
2026.06.15 07:00,0.00629,0.006293,0.006289,0.00629,160.126007,160.139999,160.035995,160.104996,-1.144844,-1.129278,-1.122482
2026.06.15 08:00,0.00629,0.006291,0.006289,0.006289,160.106995,160.151993,160.069,160.136993,-1.144205,-1.124388,-1.141838
2026.06.15 09:00,0.006289,0.006291,0.006289,0.00629,160.132004,160.147003,160.080994,160.117004,-1.139216,-1.123758,-1.134491
2026.06.15 10:00,0.00629,0.006291,0.006289,0.00629,160.115005,160.147995,160.082993,160.121994,-1.127562,-1.13838,-1.13948
2026.06.15 11:00,0.00629,0.006291,0.006287,0.006287,160.121002,160.207993,160.104996,160.182999,-1.136968,-1.135122,-1.137268
2026.06.15 12:00,0.006287,0.006291,0.006287,0.006289,160.179001,160.194,160.112,160.132996,-1.135629,-1.142126,-1.13784
2026.06.15 13:00,0.006289,0.006293,0.006289,0.006293,160.134995,160.154999,160.061005,160.067993,-1.134566,-1.141658,-1.148646
2026.06.15 14:00,0.006293,0.006294,0.006289,0.006289,160.067993,160.139008,160.022003,160.130005,-1.13122,-1.140528,-1.134849
2026.06.15 15:00,0.006289,0.00629,0.006287,0.006287,160.132004,160.205002,160.121994,160.195999,-1.146631,-1.13948,-1.150268
2026.06.15 16:00,0.006287,0.006289,0.006285,0.006286,160.195999,160.242996,160.139999,160.212006,-1.13401,-1.132212,-1.128325
2026.06.15 17:00,0.006286,0.006287,0.006284,0.006285,160.210999,160.281006,160.207993,160.266006,-1.146694,-1.136968,-1.144358
2026.06.15 18:00,0.006284,0.006285,0.006282,0.006282,160.266998,160.317993,160.248993,160.304993,-1.133017,-1.140006,-1.132688
2026.06.15 19:00,0.006283,0.006284,0.00628,0.00628,160.302002,160.391998,160.274994,160.389999,-1.143656,-1.140682,-1.154327
2026.06.15 20:00,0.00628,0.006282,0.00628,0.006282,160.380005,160.397003,160.304001,160.332001,-1.14866,-1.131697,-1.134362
2026.06.15 22:00,0.006282,0.006284,0.00628,0.006282,160.332993,160.356995,160.270996,160.322998,-1.134002,-1.136684,-1.12536
2026.06.15 23:00,0.006282,0.006286,0.006282,0.006285,160.315994,160.326996,160.214996,160.240005,-1.129357,-1.131316,-1.131019
2026.06.16 00:00,0.006285,0.006289,0.006284,0.006287,160.240005,160.276001,160.151001,160.192993,-1.129035,-1.130568,-1.134622
2026.06.16 01:00,0.006287,0.006291,0.006286,0.006288,160.194,160.216003,160.093002,160.154999,-1.132323,-1.135766,-1.121918
2026.06.16 02:00,0.006289,0.006291,0.006287,0.006289,160.153,160.197998,160.089996,160.139008,-1.126973,-1.120122,-1.13122
2026.06.16 03:00,0.006289,0.006293,0.006285,0.006285,160.128006,160.251007,160.035004,160.203995,-1.129359,-1.128287,-1.107656
2026.06.16 04:00,0.006285,0.006285,0.00628,0.006285,160.201996,160.352005,160.184998,160.248993,-1.129013,-1.088659,-1.127345
2026.06.16 05:00,0.006285,0.006285,0.006282,0.006283,160.246994,160.304001,160.227997,160.289001,-1.131697,-1.131658,-1.129367
2026.06.16 06:00,0.006282,0.006289,0.006282,0.006287,160.296005,160.298004,160.141998,160.205994,-1.1257,-1.121565,-1.134969
2026.06.16 07:00,0.006287,0.006287,0.00628,0.006285,160.201996,160.347,160.188995,160.237,-1.124008,-1.117971,-1.140661
2026.06.16 08:00,0.006285,0.006285,0.006281,0.006282,160.229996,160.332993,160.218002,160.322006,-1.122678,-1.121664,-1.124368
2026.06.16 09:00,0.006282,0.006282,0.00628,0.006281,160.313995,160.360992,160.298996,160.337006,-1.12532,-1.11402,-1.126691
2026.06.16 10:00,0.006281,0.006284,0.006281,0.006283,160.337006,160.347,160.272003,160.285004,-1.136686,-1.125037,-1.125369
2026.06.16 11:00,0.006282,0.006282,0.00628,0.00628,160.285995,160.362,160.285004,160.354996,-1.126327,-1.112699,-1.119323
2026.06.16 12:00,0.00628,0.006282,0.00628,0.006282,160.352005,160.378998,160.311996,160.319,-1.130655,-1.12702,-1.121362
2026.06.16 13:00,0.006282,0.006282,0.006278,0.006278,160.322998,160.410004,160.315994,160.391006,-1.123603,-1.131018,-1.117294
2026.06.16 14:00,0.006279,0.00628,0.006276,0.006278,160.397995,160.466995,160.367004,160.397003,-1.129833,-1.118662,-1.12329
2026.06.16 15:00,0.006278,0.006281,0.006276,0.006279,160.397003,160.462006,160.330002,160.389008,-1.124844,-1.119687,-1.127981
2026.06.16 16:00,0.00628,0.006281,0.006278,0.006278,160.380997,160.408997,160.326996,160.397995,-1.135284,-1.116681,-1.124282
2026.06.16 17:00,0.006278,0.006279,0.006277,0.006278,160.389008,160.445007,160.380005,160.434998,-1.133236,-1.118978,-1.135918
2026.06.16 18:00,0.006278,0.006278,0.006276,0.006277,160.434006,160.462997,160.414001,160.429001,-1.138532,-1.1276,-1.117229
2026.06.16 19:00,0.006278,0.006279,0.006276,0.006276,160.429993,160.479004,160.388,160.468994,-1.129156,-1.126974,-1.131832
2026.06.16 20:00,0.006276,0.006278,0.006276,0.006277,160.462997,160.481995,160.378998,160.393005,-1.132146,-1.079918,-1.081234
2026.06.16 22:00,0.006277,0.006277,0.006274,0.006276,160.376007,160.442001,160.356995,160.408005,-1.066751,-1.045223,-1.070843
2026.06.16 23:00,0.006276,0.006277,0.006274,0.006276,160.399994,160.444,160.384995,160.419006,-1.068749,-1.073223,-1.069158
2026.06.17 00:00,0.006276,0.006279,0.006276,0.006278,160.427002,160.427994,160.339996,160.348007,-1.078146,-1.07897,-1.074294
2026.06.17 01:00,0.006279,0.00628,0.006278,0.006278,160.347,160.373001,160.307007,160.343994,-1.073922,-1.084014,-1.070281
2026.06.17 02:00,0.006278,0.00628,0.006278,0.00628,160.343994,160.354004,160.302002,160.326004,-1.080291,-1.07901,-1.077661
2026.06.17 03:00,0.00628,0.00628,0.006278,0.00628,160.328995,160.354996,160.306,160.311996,-1.081283,-1.083007,-1.089004
2026.06.17 04:00,0.006281,0.006282,0.006281,0.006282,160.311996,160.326004,160.246002,160.259003,-1.11569,-1.073698,-1.086698
2026.06.17 05:00,0.006282,0.006282,0.00628,0.00628,160.259003,160.330002,160.257004,160.320999,-1.081659,-1.0847,-1.085327
2026.06.17 06:00,0.00628,0.006283,0.006279,0.006283,160.320999,160.337006,160.244003,160.248001,-1.075979,-1.084369,-1.088367
2026.06.17 07:00,0.006283,0.006285,0.00628,0.006285,160.248001,160.306,160.177002,160.184006,-1.083007,-1.080664,-1.087667
2026.06.17 08:00,0.006285,0.006289,0.006282,0.006285,160.184998,160.255005,160.112,160.201004,-1.082701,-1.091566,-1.079356
2026.06.17 09:00,0.006284,0.006287,0.006284,0.006285,160.203003,160.225998,160.154999,160.177994,-1.079032,-1.083974,-1.081655
2026.06.17 10:00,0.006285,0.006285,0.006282,0.006283,160.184998,160.244995,160.175003,160.227997,-1.072691,-1.066017,-1.068363
2026.06.17 11:00,0.006283,0.006283,0.006279,0.00628,160.229004,160.335007,160.220993,160.311996,-1.07398,-1.061359,-1.076324
2026.06.17 12:00,0.00628,0.006283,0.00628,0.006283,160.302002,160.324997,160.227005,160.242004,-1.076654,-1.067371,-1.08237
2026.06.17 13:00,0.006283,0.006285,0.00628,0.006285,160.242996,160.300995,160.179993,160.190002,-1.078002,-1.071006,-1.081016
2026.06.17 14:00,0.006285,0.006285,0.006278,0.00628,160.190002,160.352005,160.188004,160.317001,-1.078292,-1.079017,-1.068659
2026.06.17 15:00,0.00628,0.006285,0.006279,0.006284,160.315002,160.337006,160.186005,160.216003,-1.075979,-1.077018,-1.069037
2026.06.17 16:00,0.006284,0.006285,0.006284,0.006285,160.216003,160.237,160.188995,160.190002,-1.090033,-1.080009,-1.081016
2026.06.17 17:00,0.006285,0.006285,0.006282,0.006285,160.192001,160.237,160.169998,160.169998,-1.064695,-1.061012,-1.04835
2026.06.17 18:00,0.006284,0.006284,0.006272,0.006273,160.182007,160.514999,160.182007,160.494995,-1.063516,-1.047695,-1.081637
2026.06.17 19:00,0.006274,0.006274,0.006262,0.006264,160.488007,160.796005,160.462997,160.731003,-1.089866,-1.087747,-1.10134
2026.06.17 20:00,0.006264,0.006268,0.006264,0.006267,160.729996,160.757996,160.600998,160.630005,-1.102853,-1.04775,-1.064024
2026.06.17 22:00,0.00627,0.00627,0.006267,0.006269,160.544006,160.654999,160.511002,160.600006,-1.089018,-1.021363,-1.084932
2026.06.17 23:00,0.00627,0.006272,0.006268,0.00627,160.598999,160.623993,160.529999,160.602005,-1.096192,-1.091218,-1.099656
2026.06.18 00:00,0.00627,0.006272,0.006264,0.006266,160.600006,160.751007,160.526001,160.692993,-1.095864,-1.08722,-1.101553
2026.06.18 01:00,0.006266,0.006268,0.006266,0.006268,160.692993,160.699005,160.617996,160.632004,-1.094826,-1.090196,-1.078756
2026.06.18 02:00,0.006268,0.00627,0.006267,0.00627,160.632004,160.664993,160.554001,160.582001,-1.099012,-1.077083,-1.092362
2026.06.18 03:00,0.00627,0.006271,0.006269,0.00627,160.580994,160.615997,160.557999,160.576004,-1.100923,-1.093799,-1.086365
2026.06.18 04:00,0.00627,0.00627,0.006268,0.00627,160.576004,160.623001,160.569,160.595001,-1.0952,-1.092082,-1.092652
2026.06.18 05:00,0.00627,0.00627,0.006268,0.006268,160.589005,160.651993,160.576004,160.645004,-1.098745,-1.099086,-1.091756
2026.06.18 06:00,0.006268,0.00627,0.006266,0.006268,160.638,160.682999,160.585999,160.626007,-1.091558,-1.09636,-1.08549
2026.06.18 07:00,0.006268,0.00627,0.006266,0.00627,160.630997,160.682999,160.567001,160.589005,-1.104283,-1.077363,-1.086655
2026.06.18 08:00,0.00627,0.00627,0.006262,0.006262,160.589005,160.779007,160.582993,160.770004,-1.098364,-1.080643,-1.089361
2026.06.18 09:00,0.006262,0.006275,0.006262,0.006262,160.768997,160.806,160.464996,160.792007,-1.099861,-1.102448,-1.098623
2026.06.18 10:00,0.006262,0.006264,0.006256,0.006256,160.783997,160.951004,160.746002,160.916,-1.091681,-1.090859,-1.082222
2026.06.18 11:00,0.006257,0.006259,0.006256,0.006256,160.914993,160.951996,160.858994,160.929993,-1.092673,-1.08906,-1.096215
2026.06.18 12:00,0.006256,0.00626,0.006256,0.006259,160.923004,160.945007,160.824005,160.867004,-1.098464,-1.09235,-1.097071
2026.06.18 13:00,0.006259,0.006262,0.006257,0.006258,160.869003,160.929001,160.792999,160.880997,-1.107998,-1.099615,-1.085539
2026.06.18 14:00,0.006258,0.00626,0.006258,0.00626,160.880997,160.914993,160.834,160.852997,-1.106764,-1.089595,-1.095829
2026.06.18 15:00,0.00626,0.00626,0.006239,0.00624,160.858002,161.373993,160.843002,161.367996,-1.104738,-1.098598,-1.111586
2026.06.18 16:00,0.00624,0.006247,0.006237,0.006237,161.365997,161.453995,161.186996,161.425003,-1.107649,-1.097351,-1.091515
2026.06.18 17:00,0.006237,0.006241,0.006236,0.006237,161.419998,161.457993,161.330994,161.445999,-1.098788,-1.087427,-1.099654
2026.06.18 18:00,0.006237,0.006238,0.006227,0.006227,161.438004,161.688004,161.395996,161.671997,-1.097033,-1.088205,-1.093911
2026.06.18 19:00,0.006228,0.006258,0.006223,0.006237,161.675003,161.809006,160.882996,161.432999,-1.101894,-1.087538,-1.112354
2026.06.18 20:00,0.006237,0.006241,0.006236,0.006239,161.432007,161.460999,161.322006,161.360992,-1.101794,-1.104108,-1.07889
2026.06.18 22:00,0.006239,0.006247,0.006237,0.006243,161.317993,161.429001,161.164001,161.253006,-1.082655,-1.074356,-1.0736
2026.06.18 23:00,0.006243,0.006244,0.006239,0.006242,161.264999,161.360001,161.238007,161.289993,-1.090746,-1.08426,-1.084932
2026.06.19 00:00,0.006242,0.006254,0.006242,0.006249,161.292999,161.302994,160.996994,161.100006,-1.097932,-1.086544,-1.087204
2026.06.19 01:00,0.006249,0.006254,0.006245,0.006246,161.093994,161.210999,160.975998,161.192001,-1.095714,-1.078336,-1.089537
2026.06.19 02:00,0.006247,0.006249,0.006244,0.006245,161.190002,161.244003,161.098007,161.229996,-1.090257,-1.085205,-1.089076
2026.06.19 03:00,0.006245,0.006245,0.006241,0.006241,161.223007,161.347,161.197006,161.345993,-1.103433,-1.081722,-1.102426
2026.06.21 23:00,0.006236,0.006241,0.006233,0.006237,161.447006,161.518997,161.408005,161.434006,-1.095475,-1.164438,-1.08766
2026.06.22 00:00,0.006237,0.006241,0.006231,0.006234,161.432999,161.569,161.412003,161.488998,-1.09399,-1.168436,-1.078346
2026.06.22 01:00,0.006234,0.006241,0.006232,0.006232,161.496002,161.548996,161.429993,161.529007,-1.086864,-1.186426,-1.066875
2026.06.22 02:00,0.006232,0.006241,0.00623,0.006232,161.531006,161.600006,161.511993,161.533997,-1.086361,-1.268427,-1.071865
2026.06.22 03:00,0.006232,0.006241,0.006229,0.00623,161.528,161.606995,161.524994,161.587997,-1.080463,-1.281427,-1.074352
2026.06.22 04:00,0.00623,0.006231,0.006226,0.006227,161.578995,161.694,161.576004,161.658997,-1.07723,-1.075243,-1.068026
2026.06.22 05:00,0.006227,0.006229,0.006226,0.006226,161.658997,161.703003,161.632004,161.695007,-1.086232,-1.079705,-1.078237
2026.06.22 06:00,0.006226,0.006229,0.006225,0.006227,161.692993,161.716003,161.606995,161.682007,-1.08633,-1.080463,-1.078137
2026.06.22 07:00,0.006227,0.006228,0.006223,0.006225,161.675995,161.768005,161.641998,161.735001,-1.07381,-1.076807,-1.079527
2026.06.22 08:00,0.006225,0.006225,0.006223,0.006223,161.735001,161.787994,161.699997,161.770996,-1.080883,-1.070323,-1.0768
2026.06.22 09:00,0.006223,0.006225,0.006223,0.006225,161.761993,161.774994,161.701996,161.742996,-1.080798,-1.072322,-1.087522
2026.06.22 10:00,0.006225,0.006227,0.006224,0.006225,161.740005,161.751007,161.649002,161.720001,-1.082624,-1.070916,-1.064527
2026.06.22 11:00,0.006225,0.006227,0.00622,0.006223,161.720001,161.787003,161.669006,161.761002,-1.028221,-1.065137,-1.066806
2026.06.22 12:00,0.006223,0.006225,0.006222,0.006223,161.759995,161.787003,161.718002,161.766998,-1.054066,-1.075436,-1.072802
2026.06.22 13:00,0.006223,0.006225,0.006218,0.006218,161.768005,161.906998,161.729004,161.899002,-1.083578,-1.07353,-1.075582
2026.06.22 14:00,0.006218,0.006251,0.006217,0.006241,161.891998,161.927994,161.050995,161.330994,-1.078711,-1.063799,-1.087427
2026.06.22 15:00,0.00624,0.006247,0.006231,0.006233,161.322006,161.548996,161.156006,161.501007,-1.073986,-1.079165,-1.064625
2026.06.22 16:00,0.006233,0.006235,0.006228,0.006232,161.507996,161.649002,161.470001,161.550995,-1.083811,-1.072217,-1.088863
2026.06.22 17:00,0.006231,0.006234,0.006231,0.006234,161.548996,161.565002,161.479996,161.496994,-1.077124,-1.069344,-1.086342
2026.06.22 18:00,0.006234,0.006239,0.006233,0.006237,161.494003,161.524994,161.391998,161.419998,-1.088612,-1.097059,-1.08651
2026.06.22 19:00,0.006237,0.006237,0.006227,0.00623,161.410995,161.690002,161.410995,161.606995,-1.099032,-1.090351,-1.093349
2026.06.22 20:00,0.00623,0.006231,0.006229,0.006231,161.610001,161.615005,161.537994,161.572006,-1.088474,-1.062984,-1.096996
2026.06.22 22:00,0.006231,0.006231,0.006229,0.00623,161.520004,161.639999,161.513,161.576004,-1.087701,-1.03799,-1.062359
2026.06.22 23:00,0.006231,0.006231,0.00623,0.006231,161.572998,161.589005,161.544998,161.570007,-1.075359,-1.069988,-1.069247
2026.06.23 00:00,0.006231,0.006233,0.006228,0.006229,161.570007,161.634003,161.514999,161.582001,-1.068811,-1.065743,-1.055469
2026.06.23 01:00,0.006231,0.006231,0.006229,0.00623,161.572006,161.608002,161.546997,161.589996,-1.068594,-1.071987,-1.076351
2026.06.23 02:00,0.00623,0.006233,0.006229,0.00623,161.584,161.598007,161.516998,161.576004,-1.071476,-1.067742,-1.062359
2026.06.23 03:00,0.00623,0.006232,0.006229,0.006231,161.576004,161.606995,161.531998,161.548004,-1.067586,-1.069866,-1.072994
2026.06.23 04:00,0.006231,0.006231,0.006229,0.006229,161.548004,161.615005,161.542999,161.610992,-1.062707,-1.055121,-1.071584
2026.06.23 05:00,0.006229,0.00623,0.006226,0.006227,161.604004,161.686996,161.584,161.651993,-1.070226,-1.070354,-1.073907
2026.06.23 06:00,0.006227,0.006228,0.006224,0.006227,161.647995,161.740997,161.632004,161.638,-1.072614,-1.066812,-1.059914
2026.06.23 07:00,0.006227,0.006241,0.006227,0.006235,161.636993,161.660995,161.309006,161.457993,-1.070025,-1.065439,-1.060208
2026.06.23 08:00,0.006235,0.006242,0.006234,0.006235,161.460007,161.485001,161.263,161.436005,-1.074349,-1.057939,-1.063938
2026.06.23 09:00,0.006236,0.006239,0.006235,0.006237,161.429001,161.468994,161.334,161.384995,-1.084076,-1.064745,-1.06435
2026.06.23 10:00,0.006237,0.006239,0.006235,0.006235,161.382996,161.479996,161.345001,161.453995,-1.082212,-1.075746,-1.069076
2026.06.23 11:00,0.006235,0.006237,0.006229,0.00623,161.447006,161.617004,161.423004,161.585007,-1.077596,-1.076659,-1.071362
2026.06.23 12:00,0.00623,0.006235,0.006229,0.006231,161.584,161.608002,161.438004,161.557999,-1.08147,-1.065937,-1.07012
2026.06.23 13:00,0.006231,0.006235,0.00623,0.006232,161.550003,161.580994,161.442001,161.518005,-1.067348,-1.044217,-1.055873
2026.06.23 14:00,0.006233,0.006233,0.00623,0.006231,161.518005,161.585999,161.481003,161.544006,-1.072353,-1.057481,-1.068996
2026.06.23 15:00,0.006231,0.006233,0.00623,0.006231,161.537994,161.587006,161.496994,161.544006,-1.07336,-1.060612,-1.056128
2026.06.23 16:00,0.006231,0.006232,0.006229,0.00623,161.544006,161.600006,161.531998,161.598007,-1.060598,-1.069866,-1.084362
2026.06.23 17:00,0.006229,0.006231,0.006229,0.006231,161.589005,161.621002,161.535004,161.554001,-1.068703,-1.059993,-1.066122
2026.06.23 18:00,0.006231,0.006231,0.006229,0.006231,161.548996,161.595993,161.533997,161.561996,-1.069461,-1.058986,-1.061236
2026.06.23 19:00,0.006231,0.006233,0.006231,0.006231,161.563004,161.574005,161.507004,161.570007,-1.073244,-1.070622,-1.069247
2026.06.23 20:00,0.00623,0.006231,0.006229,0.006231,161.567993,161.610992,161.507996,161.550003,-1.071584,-1.007235,-1.049242
2026.06.23 22:00,0.006231,0.006231,0.006229,0.00623,161.503006,161.606995,161.490997,161.554001,-1.054696,-1.015987,-1.040356
2026.06.23 23:00,0.006231,0.006231,0.006229,0.006229,161.557999,161.608994,161.520996,161.602005,-1.056695,-1.045986,-1.062597
2026.06.24 00:00,0.006229,0.006231,0.006227,0.006229,161.595001,161.636002,161.542007,161.625,-1.057915,-1.054129,-1.072701
2026.06.24 01:00,0.006228,0.006231,0.006228,0.00623,161.619003,161.628006,161.542999,161.563995,-1.062815,-1.055121,-1.05035
2026.06.24 02:00,0.00623,0.006231,0.006229,0.006231,161.563004,161.587997,161.526993,161.541,-1.061466,-1.051983,-1.053122
2026.06.24 03:00,0.006231,0.006231,0.006229,0.006231,161.544998,161.604004,161.537994,161.544006,-1.064596,-1.062984,-1.056128
2026.06.24 04:00,0.006231,0.006231,0.006231,0.006231,161.546005,161.565002,161.522995,161.550003,-1.064242,-1.047985,-1.062125
2026.06.24 05:00,0.006231,0.006231,0.006229,0.006229,161.550003,161.617996,161.535004,161.608002,-1.065697,-1.047125,-1.055703
2026.06.24 06:00,0.006229,0.006231,0.006225,0.006225,161.602005,161.718002,161.572998,161.703995,-1.062528,-1.08512,-1.061428
2026.06.24 07:00,0.006225,0.006227,0.006224,0.006225,161.710007,161.740005,161.656998,161.725006,-1.071622,-1.053128,-1.069532
2026.06.24 08:00,0.006225,0.006226,0.006223,0.006223,161.710007,161.757004,161.675003,161.748993,-1.062808,-1.058232,-1.054797
2026.06.24 09:00,0.006223,0.006225,0.006222,0.006223,161.751007,161.781006,161.703995,161.742996,-1.060977,-1.048521,-1.061702
2026.06.24 10:00,0.006224,0.006226,0.006223,0.006226,161.733002,161.751999,161.673996,161.682999,-1.070704,-1.057225,-1.066228
2026.06.24 11:00,0.006226,0.006229,0.006225,0.006227,161.684006,161.718002,161.617996,161.654999,-1.075436,-1.065697,-1.064028
2026.06.24 12:00,0.006227,0.006228,0.006223,0.006223,161.647003,161.753006,161.628998,161.748001,-1.05881,-1.063806,-1.053805
2026.06.24 13:00,0.006223,0.006225,0.006223,0.006223,161.748001,161.766006,161.695007,161.748001,-1.058895,-1.065334,-1.066707
2026.06.24 14:00,0.006223,0.006225,0.00622,0.006222,161.746002,161.817001,161.697998,161.781998,-1.05822,-1.068324,-1.061969
2026.06.24 15:00,0.006222,0.006224,0.006221,0.006223,161.781998,161.813004,161.727005,161.751007,-1.067145,-1.058622,-1.056811
2026.06.24 16:00,0.006223,0.006226,0.006223,0.006223,161.751007,161.770996,161.684006,161.753006,-1.063885,-1.067235,-1.05881
2026.06.24 17:00,0.006223,0.006224,0.00622,0.006222,161.753006,161.822006,161.727997,161.809998,-1.063224,-1.059614,-1.077061
2026.06.24 18:00,0.006221,0.006223,0.00622,0.006223,161.809998,161.830002,161.755005,161.755997,-1.058294,-1.060809,-1.048885
2026.06.24 19:00,0.006223,0.006223,0.00622,0.006221,161.757004,161.843002,161.744003,161.815002,-1.058379,-1.062709,-1.069144
2026.06.24 20:00,0.00622,0.006222,0.00622,0.006222,161.824005,161.832001,161.748001,161.755005,-1.073219,-1.027972,-1.022068
2026.06.24 22:00,0.006222,0.006223,0.00622,0.006221,161.738998,161.783005,161.688995,161.768997,-1.024223,-0.981884,-1.023139
2026.06.24 23:00,0.006221,0.006222,0.00622,0.006221,161.759995,161.791,161.742996,161.763,-1.032219,-1.01006,-1.017142
2026.06.25 00:00,0.006221,0.006224,0.006221,0.006223,161.763,161.781998,161.690994,161.705994,-1.03614,-1.022611,-1.024699
2026.06.25 01:00,0.006223,0.006229,0.006223,0.006223,161.707001,161.744003,161.550003,161.718994,-1.036892,-1.023471,-1.0377
2026.06.25 02:00,0.006223,0.006225,0.006223,0.006223,161.718002,161.729996,161.656006,161.707001,-1.022884,-1.013439,-1.025706
2026.06.25 03:00,0.006223,0.006224,0.006222,0.006223,161.709,161.753998,161.688004,161.725006,-1.033969,-1.01962,-1.017895
2026.06.25 04:00,0.006223,0.006224,0.006221,0.006222,161.716995,161.776001,161.699997,161.766006,-1.030143,-1.031614,-1.03307
2026.06.25 05:00,0.006222,0.006223,0.006219,0.006219,161.759003,161.828003,161.720001,161.822998,-1.030449,-1.025805,-1.025444
2026.06.25 06:00,0.00622,0.00622,0.006216,0.006217,161.830994,161.891006,161.778,161.880005,-1.028784,-1.019218,-1.030723
2026.06.25 07:00,0.006217,0.006222,0.006216,0.00622,161.878006,161.899994,161.744995,161.804993,-1.024829,-1.012059,-1.020369
2026.06.25 08:00,0.00622,0.006221,0.006218,0.00622,161.807999,161.835999,161.768997,161.792999,-1.025513,-1.023139,-1.021292
2026.06.25 09:00,0.00622,0.00622,0.006218,0.006219,161.792999,161.839996,161.781998,161.809006,-1.029511,-1.01029,-1.011452
2026.06.25 10:00,0.00622,0.00622,0.006216,0.006217,161.815994,161.897003,161.798004,161.878006,-1.021838,-1.026296,-1.028724
2026.06.25 11:00,0.006217,0.006223,0.006214,0.006218,161.869995,161.949997,161.735992,161.858002,-1.023053,-1.028881,-1.021658
2026.06.25 12:00,0.006218,0.006222,0.006216,0.006218,161.858002,161.901993,161.759995,161.832993,-1.026828,-1.027058,-1.022507
2026.06.25 13:00,0.006218,0.006224,0.006218,0.006222,161.832001,161.856995,161.695999,161.738007,-1.033575,-1.027616,-1.017978
2026.06.25 14:00,0.006223,0.006229,0.006222,0.006225,161.737,161.761993,161.556,161.675003,-1.029057,-1.016592,-1.019529
2026.06.25 15:00,0.006225,0.006227,0.006223,0.006225,161.675995,161.723999,161.606995,161.667999,-1.029803,-1.016024,-1.025432
2026.06.25 16:00,0.006225,0.006225,0.006222,0.006222,161.667007,161.764999,161.651993,161.761993,-1.032063,-1.022319,-1.029057
2026.06.25 17:00,0.006221,0.006223,0.00622,0.00622,161.763,161.809998,161.723007,161.770004,-1.025374,-1.028811,-1.011222
2026.06.25 18:00,0.00622,0.006222,0.006218,0.00622,161.770004,161.843994,161.755005,161.794006,-1.033509,-1.022068,-1.022299
2026.06.25 19:00,0.00622,0.006222,0.006219,0.00622,161.789993,161.826004,161.742004,161.783005,-1.02845,-1.021976,-1.024223
2026.06.25 20:00,0.00622,0.00622,0.00622,0.00622,161.789993,161.815002,161.766998,161.774002,-1.030379,-1.008216,-1.002294
2026.06.25 22:00,0.00622,0.00622,0.00622,0.00622,161.759995,161.807999,161.735001,161.783997,-1.023375,-0.976219,-0.999373
2026.06.25 23:00,0.00622,0.006221,0.006218,0.006219,161.778,161.817993,161.753006,161.802002,-1.007508,-1.007148,-1.004448
2026.06.26 00:00,0.00622,0.00622,0.006218,0.006218,161.796997,161.841995,161.783005,161.832001,-1.005651,-1.011297,-1.021515
2026.06.26 01:00,0.006218,0.00622,0.006217,0.006219,161.824005,161.850006,161.787003,161.804993,-1.000724,-1.002379,-1.007439
2026.06.26 02:00,0.00622,0.006221,0.006218,0.00622,161.796997,161.817993,161.763,161.768997,-1.007508,-1.017142,-1.010215
2026.06.26 03:00,0.00622,0.006227,0.00622,0.006225,161.770004,161.779999,161.613998,161.647995,-1.008291,-1.010129,-1.005428
2026.06.26 04:00,0.006225,0.006229,0.006225,0.006226,161.643005,161.684998,161.559006,161.621994,-1.029524,-1.006707,-1.005223
2026.06.26 05:00,0.006226,0.006229,0.006225,0.006229,161.621002,161.643005,161.531006,161.535995,-1.013332,-1.004474,-1.009464
2026.06.26 06:00,0.006229,0.006229,0.006222,0.006223,161.535995,161.75,161.524994,161.710999,-1.017064,-0.998462,-1.016803
2026.06.26 07:00,0.006223,0.006227,0.006223,0.006226,161.710999,161.727005,161.612,161.626999,-1.019894,-1.00813,-1.010228
2026.06.26 08:00,0.006226,0.00623,0.006225,0.006227,161.617996,161.656998,161.531006,161.589005,-1.014431,-1.017361,-1.010918
2026.06.26 09:00,0.006227,0.006229,0.006225,0.006227,161.580002,161.630997,161.526001,161.604996,-1.001323,-0.999469,-1.014025
2026.06.26 10:00,0.006227,0.006228,0.006225,0.006227,161.600006,161.643005,161.563995,161.613007,-1.013332,-0.998804,-1.009137
2026.06.26 11:00,0.006227,0.006227,0.006224,0.006225,161.613007,161.682007,161.600998,161.660995,-1.013624,-0.997128,-1.005522
2026.06.26 12:00,0.006225,0.006226,0.006223,0.006225,161.656998,161.705002,161.630005,161.653,-1.010806,-1.013234,-1.010433
2026.06.26 13:00,0.006225,0.006227,0.006223,0.006226,161.654999,161.723007,161.606003,161.621994,-1.015896,-1.002133,-1.005223
2026.06.26 14:00,0.006227,0.006228,0.006221,0.006223,161.602997,161.740997,161.572998,161.729996,-0.995139,-1.007807,-1.022884
2026.06.26 15:00,0.006222,0.006226,0.006222,0.006224,161.720001,161.746002,161.626999,161.666,-1.013066,-1.010228,-0.997617
2026.06.26 16:00,0.006225,0.006225,0.00622,0.006221,161.664993,161.770996,161.653,161.751007,-1.012214,-1.010433,-1.005149
2026.06.26 17:00,0.006221,0.006223,0.00622,0.00622,161.75,161.776993,161.723007,161.772003,-0.992369,-1.015896,-1.013221
2026.06.26 18:00,0.00622,0.006223,0.00622,0.006222,161.764999,161.776993,161.705002,161.731995,-1.005285,-1.010806,-0.999058
2026.06.26 19:00,0.006222,0.006223,0.00622,0.006221,161.731003,161.766006,161.703003,161.757004,-1.007225,-1.008807,-1.011146
2026.06.26 20:00,0.006222,0.006222,0.00622,0.006222,161.757996,161.781006,161.692993,161.692993,-0.996382,-0.972964,-0.972964
2026.06.28 23:00,0.006219,0.00622,0.006218,0.006218,161.779999,161.809998,161.761993,161.787003,-0.986578,-0.97737,-0.976517
2026.06.29 00:00,0.006218,0.006222,0.006218,0.00622,161.787003,161.796997,161.710999,161.753998,-0.986511,-0.99097,-0.98229
2026.06.29 01:00,0.00622,0.006221,0.006219,0.006219,161.753006,161.794006,161.727005,161.789993,-0.996453,-0.981147,-0.99244
2026.06.29 02:00,0.006219,0.006222,0.006219,0.00622,161.787003,161.792007,161.725006,161.783005,-0.994454,-0.99207,-0.998381
2026.06.29 03:00,0.00622,0.00622,0.006218,0.006219,161.781998,161.798996,161.766998,161.798996,-0.98851,-0.995291,-1.001442
2026.06.29 04:00,0.006219,0.00622,0.006218,0.006218,161.789993,161.815002,161.778,161.807999,-0.991583,-0.993376,-0.984579
2026.06.29 05:00,0.006218,0.00622,0.006218,0.006218,161.807999,161.815994,161.774994,161.802994,-0.992574,-0.99037,-0.992508
2026.06.29 06:00,0.006219,0.00622,0.006216,0.006219,161.796005,161.852005,161.770004,161.791,-0.989782,-0.985381,-0.993447
2026.06.29 07:00,0.006218,0.006219,0.006217,0.006218,161.785004,161.832001,161.781998,161.820007,-0.982718,-0.984444,-0.983663
2026.06.29 08:00,0.006218,0.006218,0.006216,0.006216,161.819,161.860001,161.796005,161.848007,-0.984835,-0.98552,-0.972842
2026.06.29 09:00,0.006216,0.006218,0.006214,0.006216,161.848007,161.899994,161.824997,161.884995,-0.986001,-0.988653,-0.996897
2026.06.29 10:00,0.006215,0.006216,0.006214,0.006216,161.878998,161.901001,161.839996,161.852005,-0.987008,-0.977774,-0.989782
2026.06.29 11:00,0.006216,0.006218,0.006216,0.006217,161.850006,161.863007,161.804993,161.834,-0.987841,-0.981573,-0.984717
2026.06.29 12:00,0.006217,0.006217,0.006214,0.006214,161.832001,161.904999,161.826996,161.888,-0.991006,-0.977714,-0.974007
2026.06.29 13:00,0.006214,0.006216,0.006212,0.006212,161.889008,161.964996,161.876999,161.951996,-0.98624,-0.988901,-0.986199
2026.06.29 14:00,0.006212,0.006218,0.006212,0.006214,161.953003,161.957001,161.802994,161.923996,-0.978245,-0.992508,-0.984111
2026.06.29 15:00,0.006214,0.006214,0.006212,0.006214,161.923996,161.953003,161.914993,161.929001,-0.987206,-0.988049,-0.989116
2026.06.29 16:00,0.006214,0.006214,0.006213,0.006213,161.932999,161.945999,161.910995,161.936996,-0.993159,-0.984052,-0.984157
2026.06.29 17:00,0.006213,0.006214,0.006212,0.006213,161.938004,161.960007,161.912003,161.927002,-0.981251,-0.985059,-0.974162
2026.06.29 18:00,0.006213,0.006214,0.00621,0.006212,161.931,161.983994,161.921005,161.964996,-0.953392,-0.981121,-0.973291
2026.06.29 19:00,0.006212,0.006214,0.006212,0.006213,161.964996,161.972,161.899994,161.942001,-0.980295,-0.986001,-0.989162
2026.06.29 20:00,0.006213,0.006214,0.006212,0.006212,161.942993,161.968994,161.904007,161.925995,-0.990238,-0.977063,-0.960198
2026.06.29 22:00,0.006214,0.006214,0.006212,0.006213,161.889999,161.944,161.828995,161.925003,-0.978204,-0.88911,-0.972163
2026.06.29 23:00,0.006213,0.006214,0.006213,0.006214,161.923996,161.929993,161.899994,161.925995,-0.977153,-0.97305,-0.98611
2026.06.30 00:00,0.006213,0.006214,0.006195,0.006205,161.917999,162.404007,161.916,162.125,-0.983504,-0.976116,-0.964645
2026.06.30 01:00,0.006205,0.006208,0.006198,0.006204,162.132996,162.306,162.044998,162.175995,-0.976641,-0.975494,-0.976674
2026.06.30 02:00,0.006203,0.006206,0.006202,0.006204,162.175995,162.199997,162.102005,162.147995,-0.974681,-0.980597,-0.97465
2026.06.30 03:00,0.006205,0.00621,0.006201,0.006204,162.141998,162.244003,162.039001,162.167007,-0.97969,-0.995443,-0.967687
2026.06.30 04:00,0.006204,0.006204,0.006202,0.006202,162.166,162.203003,162.141998,162.195999,-0.977687,-0.968653,-0.970683
2026.06.30 05:00,0.006202,0.006204,0.006199,0.0062,162.190002,162.292007,162.145004,162.283005,-0.975664,-0.971659,-0.979675
2026.06.30 06:00,0.006199,0.006202,0.006194,0.006202,162.285995,162.412994,162.195999,162.203003,-0.979459,-0.970683,-0.964698
2026.06.30 07:00,0.006202,0.006206,0.0062,0.0062,162.205994,162.268005,162.108002,162.25,-0.977687,-0.973621,-0.972679
2026.06.30 08:00,0.006201,0.006202,0.006194,0.006198,162.259003,162.412003,162.216995,162.306,-0.978467,-0.965687,-0.963635
2026.06.30 09:00,0.006198,0.0062,0.006197,0.006199,162.307999,162.345993,162.261993,162.289001,-0.977587,-0.984673,-0.972658
2026.06.30 10:00,0.006199,0.0062,0.006196,0.006198,162.292999,162.356995,162.283005,162.307007,-0.975564,-0.979675,-0.964643
2026.06.30 11:00,0.006198,0.006198,0.006194,0.006194,162.311996,162.427994,162.307007,162.408005,-0.968399,-0.977648,-0.961447
2026.06.30 12:00,0.006194,0.00621,0.006191,0.006195,162.408005,162.514008,162.011993,162.397995,-0.976173,-0.981392,-0.977492
2026.06.30 13:00,0.006194,0.006198,0.006191,0.006192,162.397995,162.477005,162.309006,162.447998,-0.965255,-0.966641,-0.949293
2026.06.30 14:00,0.006191,0.006196,0.006187,0.006191,162.462006,162.554001,162.348007,162.516006,-0.924774,-0.966577,-1.004256
2026.06.30 15:00,0.006191,0.006192,0.006185,0.006187,162.511002,162.662003,162.464005,162.613998,-0.980511,-0.97833,-0.971718
2026.06.30 16:00,0.006187,0.006187,0.006185,0.006186,162.613998,162.669998,162.595001,162.647995,-0.975444,-0.978839,-0.992646
2026.06.30 17:00,0.006185,0.006189,0.006185,0.006187,162.643005,162.649002,162.550995,162.585007,-0.980583,-0.974,-0.968844
2026.06.30 18:00,0.006188,0.006189,0.006187,0.006187,162.578003,162.621002,162.554001,162.612,-0.978722,-0.977006,-0.982773
2026.06.30 19:00,0.006187,0.006189,0.006187,0.006189,162.612,162.632004,162.570007,162.572998,-0.989723,-0.979967,-0.982957
2026.06.30 20:00,0.006188,0.006189,0.006187,0.006189,162.578003,162.613998,162.473007,162.473007,-0.984772,-0.909068,-0.896012
2026.06.30 22:00,0.006189,0.006189,0.006185,0.006187,162.548004,162.626999,162.539001,162.604996,-0.95858,-0.962006,-0.962715
2026.06.30 23:00,0.006187,0.00619,0.006185,0.006185,162.600006,162.649002,162.520004,162.626999,-0.980583,-0.969118,-0.95858
2026.07.01 00:00,0.006185,0.006186,0.006181,0.006184,162.626999,162.776993,162.626007,162.681,-0.977789,-0.970658,-0.973369
2026.07.01 01:00,0.006183,0.006187,0.006181,0.006183,162.686005,162.735001,162.582001,162.677994,-0.961966,-0.952774,-0.957284
2026.07.01 02:00,0.006184,0.006185,0.006179,0.006181,162.677994,162.792999,162.653,162.744003,-0.967606,-0.971508,-0.957879
2026.07.01 03:00,0.006181,0.006181,0.006177,0.006179,162.742996,162.841003,162.725006,162.794006,-0.963218,-0.951972,-0.968613
2026.07.01 04:00,0.006179,0.006189,0.006179,0.006182,162.792007,162.813004,162.556,162.727997,-0.974513,-0.979005,-0.96805
2026.07.01 05:00,0.006182,0.006184,0.006181,0.006183,162.718002,162.761993,162.677994,162.703003,-0.96279,-0.970363,-0.969212
2026.07.01 06:00,0.006183,0.006185,0.006181,0.006184,162.707001,162.757996,162.649994,162.669006,-0.971872,-0.95544,-0.961375
2026.07.01 07:00,0.006184,0.006187,0.006183,0.006185,162.669006,162.720993,162.604004,162.669006,-0.974131,-0.961723,-0.974452
2026.07.01 08:00,0.006184,0.006186,0.006183,0.006185,162.666,162.703995,162.626007,162.664993,-0.970204,-0.970658,-0.983501
2026.07.01 09:00,0.006185,0.006185,0.006181,0.006181,162.653,162.744003,162.643005,162.735992,-0.970969,-0.974586,-0.962958
2026.07.01 10:00,0.006181,0.006185,0.006181,0.006183,162.729004,162.746994,162.667007,162.684006,-0.96087,-0.972453,-0.963296
2026.07.01 11:00,0.006184,0.006184,0.006181,0.006183,162.682007,162.735992,162.675995,162.690002,-0.962958,-0.968364,-0.969292
2026.07.01 12:00,0.006183,0.006184,0.006179,0.006183,162.688004,162.766998,162.645996,162.695007,-0.928507,-0.938365,-0.961216
2026.07.01 13:00,0.006183,0.006199,0.006181,0.006194,162.697998,162.733994,162.285995,162.397003,-0.960959,-0.969653,-0.963468
2026.07.01 14:00,0.006194,0.006198,0.006192,0.006194,162.393005,162.451996,162.304001,162.391006,-0.966322,-0.961637,-0.957471
2026.07.01 15:00,0.006195,0.006196,0.006192,0.006194,162.389999,162.477005,162.365997,162.408997,-0.9783,-0.958525,-0.975461
2026.07.01 16:00,0.006194,0.006196,0.006192,0.006192,162.408005,162.462997,162.350998,162.451004,-0.977323,-0.956554,-0.96533
2026.07.01 17:00,0.006192,0.006194,0.006189,0.00619,162.453003,162.546997,162.419006,162.529007,-0.970002,-0.959412,-0.978121
2026.07.01 18:00,0.006189,0.006191,0.006187,0.006189,162.533005,162.582993,162.505997,162.518005,-0.96683,-0.968162,-0.954066
2026.07.01 19:00,0.00619,0.006191,0.006187,0.006188,162.522003,162.584,162.503006,162.569,-0.967837,-0.965172,-0.9659
2026.07.01 20:00,0.006187,0.006189,0.006186,0.006187,162.565994,162.619003,162.544006,162.574997,-0.963654,-0.967011,-0.94577
2026.07.01 22:00,0.006189,0.006189,0.006187,0.006187,162.507004,162.572006,162.505005,162.531006,-0.929726,-0.941065,-0.914843
2026.07.01 23:00,0.006188,0.006189,0.006186,0.006187,162.531998,162.587997,162.509003,162.541,-0.932649,-0.932008,-0.924838
2026.07.02 00:00,0.006188,0.00619,0.006185,0.006187,162.541,162.600006,162.475998,162.559006,-0.931587,-0.925112,-0.929779
2026.07.02 01:00,0.006187,0.006189,0.006186,0.006187,162.556,162.585999,162.498001,162.526993,-0.93065,-0.921006,-0.91083
2026.07.02 02:00,0.006188,0.006189,0.006187,0.006188,162.528,162.554001,162.490005,162.516998,-0.937838,-0.926066,-0.913898
2026.07.02 03:00,0.006188,0.006191,0.006187,0.006191,162.520996,162.544998,162.429001,162.457001,-0.928836,-0.917251,-0.932203
2026.07.02 04:00,0.006194,0.006194,0.006191,0.006192,162.453003,162.460999,162.354004,162.425003,-0.936201,-0.894409,-0.926298
2026.07.02 05:00,0.006192,0.006196,0.006191,0.006196,162.425995,162.434006,162.309998,162.328995,-0.922256,-0.928567,-0.921522
2026.07.02 06:00,0.006196,0.006243,0.006196,0.006215,162.326004,162.335999,161.104004,161.811005,-0.928526,-0.911777,-0.90996
2026.07.02 07:00,0.006216,0.006233,0.00621,0.006231,161.811005,161.949997,161.365997,161.423004,-0.932363,-0.916741,-0.935126
2026.07.02 08:00,0.006231,0.006251,0.006229,0.006245,161.432007,161.460999,160.891998,161.020996,-0.92159,-0.930389,-0.905712
2026.07.02 09:00,0.006245,0.006247,0.006234,0.006239,161.018005,161.341995,161.014999,161.192001,-0.931343,-0.925354,-0.922746
2026.07.02 10:00,0.006239,0.006239,0.006228,0.006233,161.188004,161.490005,161.186996,161.352005,-0.924814,-0.917741,-0.915623
2026.07.02 11:00,0.006233,0.006235,0.006227,0.006228,161.360001,161.501999,161.315994,161.473999,-0.923913,-0.91821,-0.908808
2026.07.02 12:00,0.006229,0.006262,0.006222,0.006246,161.470001,161.643997,160.619995,161.016998,-0.923968,-0.913856,-0.914534
2026.07.02 13:00,0.006245,0.006253,0.00624,0.006253,161.016998,161.158997,160.845001,160.858002,-0.902587,-0.908981,-0.921982
2026.07.02 14:00,0.006253,0.006254,0.006242,0.006245,160.850006,161.119995,160.824997,161.037994,-0.914933,-0.914547,-0.909887
2026.07.02 15:00,0.006245,0.006256,0.006243,0.006251,161.035004,161.080994,160.753006,160.903,-0.914419,-0.906462,-0.915804
2026.07.02 16:00,0.006251,0.006251,0.006243,0.006247,160.906998,161.095001,160.886002,160.987,-0.915595,-0.911594,-0.910158
2026.07.02 17:00,0.006247,0.006247,0.006241,0.006244,160.977997,161.126007,160.975998,161.067001,-0.908108,-0.899157,-0.913255
2026.07.02 18:00,0.006243,0.006246,0.006243,0.006245,161.067001,161.104996,161.014008,161.042999,-0.912769,-0.911544,-0.90208
2026.07.02 19:00,0.006245,0.006245,0.00624,0.006242,161.042999,161.173004,161.042007,161.121994,-0.916594,-0.9139,-0.916932
2026.07.02 20:00,0.006242,0.006243,0.006241,0.006243,161.119995,161.141006,161.057007,161.085007,-0.89744,-0.890432,-0.89278
2026.07.02 22:00,0.006242,0.006245,0.006234,0.006235,161.067001,161.304001,160.998993,161.268005,-0.893349,-0.870886,-0.895939
2026.07.02 23:00,0.006236,0.006237,0.006228,0.006228,161.248993,161.468994,161.223007,161.449005,-0.903803,-0.889519,-0.883814
2026.07.03 00:00,0.006228,0.006239,0.006226,0.006238,161.449005,161.524002,161.179993,161.192001,-0.907231,-0.885053,-0.88421
2026.07.03 01:00,0.006239,0.006249,0.006235,0.006236,161.186996,161.274002,160.908997,161.229996,-0.901935,-0.883389,-0.870791
2026.07.03 02:00,0.006237,0.006241,0.006236,0.006239,161.225998,161.248993,161.112,161.164993,-0.889788,-0.881262,-0.882891
2026.07.03 03:00,0.006239,0.00624,0.006237,0.006239,161.166,161.223999,161.134995,161.164993,-0.903355,-0.878585,-0.882891
